ISO-10303-21;
HEADER;
FILE_DESCRIPTION (( 'STEP AP214' ),
    '1' );
FILE_NAME ('Frame-Front.STEP',
    '2026-05-25T14:43:11',
    ( '' ),
    ( '' ),
    'SwSTEP 2.0',
    'SolidWorks 2026',
    '' );
FILE_SCHEMA (( 'AUTOMOTIVE_DESIGN' ));
ENDSEC;

DATA;
#1 = ORIENTED_EDGE ( 'NONE', *, *, #6662, .F. ) ;
#2 = EDGE_CURVE ( 'NONE', #2165, #73, #6256, .T. ) ;
#3 = ADVANCED_FACE ( 'NONE', ( #3315, #2278 ), #6534, .T. ) ;
#4 = PLANE ( 'NONE',  #4899 ) ;
#5 = VERTEX_POINT ( 'NONE', #4428 ) ;
#6 = EDGE_LOOP ( 'NONE', ( #1604, #6019, #4904, #6309, #5630 ) ) ;
#7 = PLANE ( 'NONE',  #4665 ) ;
#8 = ORIENTED_EDGE ( 'NONE', *, *, #476, .T. ) ;
#9 = AXIS2_PLACEMENT_3D ( 'NONE', #2887, #3974, #2437 ) ;
#10 = LINE ( 'NONE', #4674, #3250 ) ;
#11 = DIRECTION ( 'NONE',  ( 0.000000000000000000, 0.000000000000000000, 1.000000000000000000 ) ) ;
#12 = VERTEX_POINT ( 'NONE', #4465 ) ;
#13 = CIRCLE ( 'NONE', #6631, 2.249999999999998668 ) ;
#14 = ORIENTED_EDGE ( 'NONE', *, *, #5838, .T. ) ;
#15 = DIRECTION ( 'NONE',  ( 0.000000000000000000, 0.000000000000000000, 1.000000000000000000 ) ) ;
#16 = CIRCLE ( 'NONE', #2620, 2.249999999999998668 ) ;
#17 = DIRECTION ( 'NONE',  ( 0.000000000000000000, 0.000000000000000000, -1.000000000000000000 ) ) ;
#18 = ADVANCED_FACE ( 'NONE', ( #5922 ), #4395, .F. ) ;
#19 = CARTESIAN_POINT ( 'NONE',  ( -28.00255571982732050, 5.000000000000000000, -23.24999999999998579 ) ) ;
#20 = LINE ( 'NONE', #6118, #2893 ) ;
#21 = CIRCLE ( 'NONE', #3822, 3.500000000000003109 ) ;
#22 = VECTOR ( 'NONE', #4751, 1000.000000000000000 ) ;
#23 = EDGE_CURVE ( 'NONE', #3286, #1142, #1269, .T. ) ;
#24 = CARTESIAN_POINT ( 'NONE',  ( 32.99744428017270081, -4.816681727819437597, 35.00000000000001421 ) ) ;
#25 = DIRECTION ( 'NONE',  ( 0.000000000000000000, 0.000000000000000000, -1.000000000000000000 ) ) ;
#26 = DIRECTION ( 'NONE',  ( -1.387778780781446169E-16, 0.000000000000000000, -1.000000000000000000 ) ) ;
#27 = EDGE_CURVE ( 'NONE', #551, #5791, #3339, .T. ) ;
#28 = DIRECTION ( 'NONE',  ( 0.000000000000000000, 0.000000000000000000, -1.000000000000000000 ) ) ;
#29 = CARTESIAN_POINT ( 'NONE',  ( -48.50255571982733471, 10.00000000000000000, -25.00000000000000000 ) ) ;
#30 = CARTESIAN_POINT ( 'NONE',  ( -34.50255571982732761, 4.999999999999998224, 24.92598183048944449 ) ) ;
#31 = CIRCLE ( 'NONE', #2191, 3.500000000000006661 ) ;
#32 = ORIENTED_EDGE ( 'NONE', *, *, #1723, .F. ) ;
#33 = VECTOR ( 'NONE', #1752, 1000.000000000000000 ) ;
#34 = DIRECTION ( 'NONE',  ( 0.000000000000000000, 0.000000000000000000, -1.000000000000000000 ) ) ;
#35 = LINE ( 'NONE', #2103, #2944 ) ;
#36 = EDGE_CURVE ( 'NONE', #2865, #5676, #1240, .T. ) ;
#37 = ORIENTED_EDGE ( 'NONE', *, *, #6330, .F. ) ;
#38 = DIRECTION ( 'NONE',  ( -0.000000000000000000, 1.000000000000000000, -0.000000000000000000 ) ) ;
#39 = EDGE_LOOP ( 'NONE', ( #2445, #5694 ) ) ;
#40 = EDGE_CURVE ( 'NONE', #2935, #6271, #5445, .T. ) ;
#41 = EDGE_CURVE ( 'NONE', #634, #5690, #2790, .T. ) ;
#42 = CARTESIAN_POINT ( 'NONE',  ( 37.30513658786497899, 10.00000000000000000, 74.28846153846156142 ) ) ;
#43 = EDGE_LOOP ( 'NONE', ( #2890, #679 ) ) ;
#44 = ORIENTED_EDGE ( 'NONE', *, *, #63, .T. ) ;
#45 = ORIENTED_EDGE ( 'NONE', *, *, #2806, .F. ) ;
#46 = CARTESIAN_POINT ( 'NONE',  ( -38.50255571982732761, 0.000000000000000000, 14.50000000000000178 ) ) ;
#47 = DIRECTION ( 'NONE',  ( -1.000000000000000000, -0.000000000000000000, -2.775557561562891351E-16 ) ) ;
#48 = ORIENTED_EDGE ( 'NONE', *, *, #4219, .T. ) ;
#49 = ORIENTED_EDGE ( 'NONE', *, *, #3316, .T. ) ;
#50 = CARTESIAN_POINT ( 'NONE',  ( -47.50255571982733471, 10.00000000000000000, 14.50000000000000178 ) ) ;
#51 = DIRECTION ( 'NONE',  ( 0.000000000000000000, 0.000000000000000000, 1.000000000000000000 ) ) ;
#52 = DIRECTION ( 'NONE',  ( -1.000000000000000000, -0.000000000000000000, -2.775557561562891351E-16 ) ) ;
#53 = ORIENTED_EDGE ( 'NONE', *, *, #4278, .F. ) ;
#54 = DIRECTION ( 'NONE',  ( -1.000000000000000000, -0.000000000000000000, -0.000000000000000000 ) ) ;
#55 = DIRECTION ( 'NONE',  ( 0.000000000000000000, 1.000000000000000000, -0.000000000000000000 ) ) ;
#56 = ORIENTED_EDGE ( 'NONE', *, *, #4355, .T. ) ;
#57 = DIRECTION ( 'NONE',  ( 0.000000000000000000, 0.000000000000000000, -1.000000000000000000 ) ) ;
#58 = DIRECTION ( 'NONE',  ( 0.000000000000000000, 0.000000000000000000, 1.000000000000000000 ) ) ;
#59 = DIRECTION ( 'NONE',  ( 0.000000000000000000, 1.000000000000000000, 0.000000000000000000 ) ) ;
#60 = CARTESIAN_POINT ( 'NONE',  ( -68.50255571982732761, 0.000000000000000000, 13.50000000000000178 ) ) ;
#61 = LINE ( 'NONE', #3056, #3575 ) ;
#62 = ORIENTED_EDGE ( 'NONE', *, *, #270, .F. ) ;
#63 = EDGE_CURVE ( 'NONE', #292, #308, #245, .T. ) ;
#64 = EDGE_CURVE ( 'NONE', #6236, #1733, #788, .T. ) ;
#65 = FACE_OUTER_BOUND ( 'NONE', #2391, .T. ) ;
#66 = DIRECTION ( 'NONE',  ( 0.000000000000000000, 0.000000000000000000, 1.000000000000000000 ) ) ;
#67 = EDGE_LOOP ( 'NONE', ( #6243, #3458, #5097, #2983 ) ) ;
#68 = LINE ( 'NONE', #4663, #133 ) ;
#69 = ORIENTED_EDGE ( 'NONE', *, *, #4225, .T. ) ;
#70 = EDGE_CURVE ( 'NONE', #1799, #6411, #821, .T. ) ;
#71 = LINE ( 'NONE', #3619, #652 ) ;
#72 = ORIENTED_EDGE ( 'NONE', *, *, #3356, .F. ) ;
#73 = VERTEX_POINT ( 'NONE', #208 ) ;
#74 = VECTOR ( 'NONE', #2667, 1000.000000000000000 ) ;
#75 = AXIS2_PLACEMENT_3D ( 'NONE', #1647, #582, #2181 ) ;
#76 = ORIENTED_EDGE ( 'NONE', *, *, #2599, .T. ) ;
#77 = AXIS2_PLACEMENT_3D ( 'NONE', #3214, #3184, #656 ) ;
#78 = VECTOR ( 'NONE', #2052, 1000.000000000000000 ) ;
#79 = CARTESIAN_POINT ( 'NONE',  ( 121.9974442801726866, 10.00000000000000000, -18.00000000000000355 ) ) ;
#80 = DIRECTION ( 'NONE',  ( 0.000000000000000000, 1.000000000000000000, 0.000000000000000000 ) ) ;
#81 = ORIENTED_EDGE ( 'NONE', *, *, #6229, .F. ) ;
#82 = ORIENTED_EDGE ( 'NONE', *, *, #3447, .T. ) ;
#83 = DIRECTION ( 'NONE',  ( 0.000000000000000000, 0.000000000000000000, -1.000000000000000000 ) ) ;
#84 = CARTESIAN_POINT ( 'NONE',  ( -57.50255571982734182, 5.771571661589457421E-16, -27.17157287525380838 ) ) ;
#85 = DIRECTION ( 'NONE',  ( 0.000000000000000000, 1.000000000000000000, 0.000000000000000000 ) ) ;
#86 = VERTEX_POINT ( 'NONE', #6462 ) ;
#87 = VECTOR ( 'NONE', #875, 1000.000000000000000 ) ;
#88 = CARTESIAN_POINT ( 'NONE',  ( -48.50255571982733471, 0.000000000000000000, -13.50000000000000178 ) ) ;
#89 = ORIENTED_EDGE ( 'NONE', *, *, #1541, .F. ) ;
#90 = CARTESIAN_POINT ( 'NONE',  ( -48.50255571982733471, 0.000000000000000000, -25.99999999999999645 ) ) ;
#91 = AXIS2_PLACEMENT_3D ( 'NONE', #828, #3688, #2549 ) ;
#92 = DIRECTION ( 'NONE',  ( 0.000000000000000000, 1.000000000000000000, 0.000000000000000000 ) ) ;
#93 = CARTESIAN_POINT ( 'NONE',  ( 36.99744428017269371, 4.000000000000000000, 35.00000000000002132 ) ) ;
#94 = DIRECTION ( 'NONE',  ( 0.000000000000000000, -0.000000000000000000, 1.000000000000000000 ) ) ;
#95 = DIRECTION ( 'NONE',  ( 1.000000000000000000, -0.000000000000000000, -2.775557561562891351E-16 ) ) ;
#96 = EDGE_LOOP ( 'NONE', ( #5369, #3009, #4266, #4746 ) ) ;
#97 = CONICAL_SURFACE ( 'NONE', #6496, 1.500000000000001332, 0.7853981633974714827 ) ;
#98 = CARTESIAN_POINT ( 'NONE',  ( -33.00255571982732050, 0.000000000000000000, -10.00000000000000178 ) ) ;
#99 = DIRECTION ( 'NONE',  ( -1.000000000000000000, -0.000000000000000000, 2.775557561562891351E-16 ) ) ;
#100 = VECTOR ( 'NONE', #3588, 1000.000000000000000 ) ;
#101 = EDGE_CURVE ( 'NONE', #1171, #1155, #3769, .T. ) ;
#102 = CARTESIAN_POINT ( 'NONE',  ( -73.00255571982731340, 0.000000000000000000, 9.999999999999998224 ) ) ;
#103 = CARTESIAN_POINT ( 'NONE',  ( -50.50255571982733471, 8.000000000000000000, -27.99999999999999289 ) ) ;
#104 = EDGE_LOOP ( 'NONE', ( #4157, #1609, #2027, #3273 ) ) ;
#105 = DIRECTION ( 'NONE',  ( -1.000000000000000000, 0.000000000000000000, 2.775557561562891351E-16 ) ) ;
#106 = EDGE_CURVE ( 'NONE', #2593, #4119, #4638, .T. ) ;
#107 = ORIENTED_EDGE ( 'NONE', *, *, #389, .F. ) ;
#108 = VECTOR ( 'NONE', #3413, 1000.000000000000000 ) ;
#109 = DIRECTION ( 'NONE',  ( 2.775557561562891351E-16, 0.000000000000000000, -1.000000000000000000 ) ) ;
#110 = VERTEX_POINT ( 'NONE', #3953 ) ;
#111 = EDGE_CURVE ( 'NONE', #649, #4347, #271, .T. ) ;
#112 = ORIENTED_EDGE ( 'NONE', *, *, #4087, .T. ) ;
#113 = EDGE_CURVE ( 'NONE', #1580, #2540, #1270, .T. ) ;
#114 = AXIS2_PLACEMENT_3D ( 'NONE', #4499, #1499, #5102 ) ;
#115 = LINE ( 'NONE', #3689, #1703 ) ;
#116 = ORIENTED_EDGE ( 'NONE', *, *, #2309, .F. ) ;
#117 = EDGE_LOOP ( 'NONE', ( #6369, #573, #1563, #3048 ) ) ;
#118 = CYLINDRICAL_SURFACE ( 'NONE', #5066, 2.000000000000001776 ) ;
#119 = DIRECTION ( 'NONE',  ( 0.000000000000000000, 0.000000000000000000, -1.000000000000000000 ) ) ;
#120 = ADVANCED_FACE ( 'NONE', ( #5426 ), #3898, .F. ) ;
#121 = LINE ( 'NONE', #1211, #4769 ) ;
#122 = CIRCLE ( 'NONE', #223, 2.000000000000008882 ) ;
#123 = EDGE_CURVE ( 'NONE', #4535, #2528, #4776, .T. ) ;
#124 = LINE ( 'NONE', #1712, #6154 ) ;
#125 = VECTOR ( 'NONE', #2324, 1000.000000000000000 ) ;
#126 = CIRCLE ( 'NONE', #1110, 3.000000000000002665 ) ;
#127 = ORIENTED_EDGE ( 'NONE', *, *, #1613, .F. ) ;
#128 = DIRECTION ( 'NONE',  ( 0.000000000000000000, -1.000000000000000000, 0.000000000000000000 ) ) ;
#129 = CARTESIAN_POINT ( 'NONE',  ( -73.00255571982731340, 10.00000000000000000, -11.99999999999999822 ) ) ;
#130 = FACE_BOUND ( 'NONE', #5526, .T. ) ;
#131 = DIRECTION ( 'NONE',  ( 8.659560562355173214E-17, -0.7071067811865279218, 0.7071067811865671127 ) ) ;
#132 = VERTEX_POINT ( 'NONE', #548 ) ;
#133 = VECTOR ( 'NONE', #3032, 1000.000000000000000 ) ;
#134 = VECTOR ( 'NONE', #184, 1000.000000000000000 ) ;
#135 = CARTESIAN_POINT ( 'NONE',  ( -68.50255571982732761, 10.00000000000000000, 14.50000000000000178 ) ) ;
#136 = VECTOR ( 'NONE', #1351, 1000.000000000000000 ) ;
#137 = ORIENTED_EDGE ( 'NONE', *, *, #2002, .F. ) ;
#138 = FACE_OUTER_BOUND ( 'NONE', #5723, .T. ) ;
#139 = DIRECTION ( 'NONE',  ( 0.3807498052542630518, -0.000000000000000000, 0.9246780984747290377 ) ) ;
#140 = ORIENTED_EDGE ( 'NONE', *, *, #570, .F. ) ;
#141 = ORIENTED_EDGE ( 'NONE', *, *, #6443, .F. ) ;
#142 = EDGE_CURVE ( 'NONE', #1196, #583, #3451, .T. ) ;
#143 = CARTESIAN_POINT ( 'NONE',  ( -34.50255571982732761, 5.000000000000000000, -18.74999999999999289 ) ) ;
#144 = ORIENTED_EDGE ( 'NONE', *, *, #1929, .F. ) ;
#145 = EDGE_LOOP ( 'NONE', ( #2731, #3002, #4892, #3816 ) ) ;
#146 = ADVANCED_FACE ( 'NONE', ( #1415 ), #3728, .F. ) ;
#147 = EDGE_CURVE ( 'NONE', #2321, #3592, #717, .T. ) ;
#148 = ORIENTED_EDGE ( 'NONE', *, *, #1901, .F. ) ;
#149 = VERTEX_POINT ( 'NONE', #2630 ) ;
#150 = CARTESIAN_POINT ( 'NONE',  ( 86.99744428017270081, 4.000000000000000000, 35.00000000000001421 ) ) ;
#151 = DIRECTION ( 'NONE',  ( 0.000000000000000000, 0.000000000000000000, 1.000000000000000000 ) ) ;
#152 = CARTESIAN_POINT ( 'NONE',  ( 1.797444280172686204, 7.000000000000000000, 33.49999999999999289 ) ) ;
#153 = CARTESIAN_POINT ( 'NONE',  ( -28.00255571982732050, 5.000000000000000000, -20.99999999999998579 ) ) ;
#154 = EDGE_CURVE ( 'NONE', #6654, #3096, #179, .T. ) ;
#155 = ORIENTED_EDGE ( 'NONE', *, *, #5125, .T. ) ;
#156 = DIRECTION ( 'NONE',  ( -0.000000000000000000, 1.000000000000000000, -0.000000000000000000 ) ) ;
#157 = CARTESIAN_POINT ( 'NONE',  ( 1.997444280172694153, 10.00000000000000000, 75.00000000000001421 ) ) ;
#158 = CARTESIAN_POINT ( 'NONE',  ( 121.9974442801726866, 10.00000000000000000, 22.00000000000000000 ) ) ;
#159 = CARTESIAN_POINT ( 'NONE',  ( -73.00255571982731340, 0.5000000000000268674, 11.99999999999999467 ) ) ;
#160 = ORIENTED_EDGE ( 'NONE', *, *, #5977, .T. ) ;
#161 = DIRECTION ( 'NONE',  ( -0.000000000000000000, 1.000000000000000000, -0.000000000000000000 ) ) ;
#162 = SURFACE_SIDE_STYLE ('',( #3234 ) ) ;
#163 = ORIENTED_EDGE ( 'NONE', *, *, #3061, .F. ) ;
#164 = CARTESIAN_POINT ( 'NONE',  ( 37.30513658786497899, 7.000000000000000000, 74.28846153846156142 ) ) ;
#165 = CARTESIAN_POINT ( 'NONE',  ( 30.99744428017270081, -10.00000000000000000, 47.00000000000001421 ) ) ;
#166 = ORIENTED_EDGE ( 'NONE', *, *, #1528, .F. ) ;
#167 = FACE_OUTER_BOUND ( 'NONE', #2346, .T. ) ;
#168 = EDGE_LOOP ( 'NONE', ( #215, #2801 ) ) ;
#169 = LINE ( 'NONE', #4289, #2721 ) ;
#170 = EDGE_LOOP ( 'NONE', ( #3998, #5924, #1038, #2414 ) ) ;
#171 = EDGE_LOOP ( 'NONE', ( #3412, #5684, #3252, #5587 ) ) ;
#172 = CARTESIAN_POINT ( 'NONE',  ( 1.797444280172685982, 7.000000000000000000, 37.00000000000000000 ) ) ;
#173 = ORIENTED_EDGE ( 'NONE', *, *, #1103, .F. ) ;
#174 = CARTESIAN_POINT ( 'NONE',  ( -29.50255571982732761, 5.000000000000000000, -20.99999999999998579 ) ) ;
#175 = EDGE_CURVE ( 'NONE', #2367, #4301, #3233, .T. ) ;
#176 = CARTESIAN_POINT ( 'NONE',  ( -29.50255571982732761, 0.000000000000000000, 0.000000000000000000 ) ) ;
#177 = EDGE_CURVE ( 'NONE', #4730, #606, #4856, .T. ) ;
#178 = VECTOR ( 'NONE', #3824, 1000.000000000000000 ) ;
#179 = CIRCLE ( 'NONE', #2895, 3.000000000000002665 ) ;
#180 = CARTESIAN_POINT ( 'NONE',  ( 79.99744428017268660, 0.000000000000000000, -74.00000000000007105 ) ) ;
#181 = LINE ( 'NONE', #3218, #3000 ) ;
#182 = ORIENTED_EDGE ( 'NONE', *, *, #296, .T. ) ;
#183 = DIRECTION ( 'NONE',  ( -0.000000000000000000, 1.000000000000000000, -0.000000000000000000 ) ) ;
#184 = DIRECTION ( 'NONE',  ( -1.000000000000000000, -0.000000000000000000, -2.775557561562891351E-16 ) ) ;
#185 = AXIS2_PLACEMENT_3D ( 'NONE', #1161, #6690, #5782 ) ;
#186 = CARTESIAN_POINT ( 'NONE',  ( -28.00255571982732050, 5.000000000000000000, 20.99999999999998579 ) ) ;
#187 = AXIS2_PLACEMENT_3D ( 'NONE', #4597, #6658, #1996 ) ;
#188 = DIRECTION ( 'NONE',  ( 0.000000000000000000, 0.000000000000000000, 1.000000000000000000 ) ) ;
#189 = ORIENTED_EDGE ( 'NONE', *, *, #1034, .F. ) ;
#190 = EDGE_CURVE ( 'NONE', #5148, #1949, #4165, .T. ) ;
#191 = VECTOR ( 'NONE', #4072, 999.9999999999998863 ) ;
#192 = VECTOR ( 'NONE', #1578, 1000.000000000000000 ) ;
#193 = CARTESIAN_POINT ( 'NONE',  ( 0.000000000000000000, 0.000000000000000000, -27.99999999999999289 ) ) ;
#194 = ORIENTED_EDGE ( 'NONE', *, *, #4934, .F. ) ;
#195 = DIRECTION ( 'NONE',  ( 0.000000000000000000, 0.000000000000000000, 1.000000000000000000 ) ) ;
#196 = CARTESIAN_POINT ( 'NONE',  ( -67.50255571982732761, 0.000000000000000000, 14.50000000000000178 ) ) ;
#197 = ORIENTED_EDGE ( 'NONE', *, *, #4473, .T. ) ;
#198 = CARTESIAN_POINT ( 'NONE',  ( -57.50255571982734182, 10.00000000000000000, -27.17157287525380838 ) ) ;
#199 = VECTOR ( 'NONE', #4681, 1000.000000000000000 ) ;
#200 = EDGE_CURVE ( 'NONE', #5901, #3266, #1140, .T. ) ;
#201 = ORIENTED_EDGE ( 'NONE', *, *, #4065, .T. ) ;
#202 = CIRCLE ( 'NONE', #2154, 1.000000000000000888 ) ;
#203 = DIRECTION ( 'NONE',  ( 0.000000000000000000, 1.000000000000000000, 0.000000000000000000 ) ) ;
#204 = EDGE_LOOP ( 'NONE', ( #2305, #3171, #1809, #4709 ) ) ;
#205 = ORIENTED_EDGE ( 'NONE', *, *, #3520, .F. ) ;
#206 = ORIENTED_EDGE ( 'NONE', *, *, #651, .T. ) ;
#207 = AXIS2_PLACEMENT_3D ( 'NONE', #5106, #297, #4562 ) ;
#208 = CARTESIAN_POINT ( 'NONE',  ( 1.797444280172685982, 7.000000000000000000, 39.00000000000000711 ) ) ;
#209 = ORIENTED_EDGE ( 'NONE', *, *, #2341, .F. ) ;
#210 = CARTESIAN_POINT ( 'NONE',  ( 33.99744428017270081, -7.000000000000000000, 0.000000000000000000 ) ) ;
#211 = DIRECTION ( 'NONE',  ( 1.000000000000000000, 0.000000000000000000, 0.000000000000000000 ) ) ;
#212 = DIRECTION ( 'NONE',  ( 0.000000000000000000, 0.000000000000000000, 1.000000000000000000 ) ) ;
#213 = VECTOR ( 'NONE', #593, 1000.000000000000000 ) ;
#214 = DIRECTION ( 'NONE',  ( -1.000000000000000000, -0.000000000000000000, 2.775557561562891351E-16 ) ) ;
#215 = ORIENTED_EDGE ( 'NONE', *, *, #2776, .F. ) ;
#216 = CARTESIAN_POINT ( 'NONE',  ( -78.00255571982732761, 5.000000000000000000, -24.50000000000000000 ) ) ;
#217 = VECTOR ( 'NONE', #2965, 1000.000000000000000 ) ;
#218 = CARTESIAN_POINT ( 'NONE',  ( -73.00255571982731340, 0.5000000000000268674, 9.999999999999998224 ) ) ;
#219 = DIRECTION ( 'NONE',  ( 1.000000000000000000, 0.000000000000000000, 0.000000000000000000 ) ) ;
#220 = FACE_BOUND ( 'NONE', #3776, .T. ) ;
#221 = EDGE_LOOP ( 'NONE', ( #197, #2583, #3929, #3371 ) ) ;
#222 = CIRCLE ( 'NONE', #1323, 1.000000000000000888 ) ;
#223 = AXIS2_PLACEMENT_3D ( 'NONE', #6185, #2678, #3166 ) ;
#224 = EDGE_CURVE ( 'NONE', #4997, #1464, #115, .T. ) ;
#225 = EDGE_CURVE ( 'NONE', #73, #2165, #5937, .T. ) ;
#226 = CARTESIAN_POINT ( 'NONE',  ( -47.50255571982733471, 0.000000000000000000, 13.50000000000000178 ) ) ;
#227 = DIRECTION ( 'NONE',  ( -1.000000000000000000, -0.000000000000000000, 2.775557561562891351E-16 ) ) ;
#228 = ORIENTED_EDGE ( 'NONE', *, *, #5252, .F. ) ;
#229 = DIRECTION ( 'NONE',  ( 1.000000000000000000, -0.000000000000000000, 2.775557561562891351E-16 ) ) ;
#230 = LINE ( 'NONE', #1790, #5940 ) ;
#231 = LINE ( 'NONE', #4795, #4971 ) ;
#232 = AXIS2_PLACEMENT_3D ( 'NONE', #498, #2071, #1564 ) ;
#233 = EDGE_LOOP ( 'NONE', ( #1026, #5848, #5383, #1006 ) ) ;
#234 = AXIS2_PLACEMENT_3D ( 'NONE', #5809, #5428, #2777 ) ;
#235 = ORIENTED_EDGE ( 'NONE', *, *, #3802, .F. ) ;
#236 = DIRECTION ( 'NONE',  ( 0.000000000000000000, 0.000000000000000000, -1.000000000000000000 ) ) ;
#237 = AXIS2_PLACEMENT_3D ( 'NONE', #3581, #4598, #1997 ) ;
#238 = EDGE_CURVE ( 'NONE', #1235, #5283, #3001, .T. ) ;
#239 = DIRECTION ( 'NONE',  ( -0.000000000000000000, 1.000000000000000000, -0.000000000000000000 ) ) ;
#240 = ORIENTED_EDGE ( 'NONE', *, *, #1362, .F. ) ;
#241 = DIRECTION ( 'NONE',  ( 1.000000000000000000, -0.000000000000000000, -2.775557561562891351E-16 ) ) ;
#242 = EDGE_LOOP ( 'NONE', ( #4392, #3654, #1138, #2759 ) ) ;
#243 = EDGE_LOOP ( 'NONE', ( #1673, #5296 ) ) ;
#244 = AXIS2_PLACEMENT_3D ( 'NONE', #5521, #6034, #2253 ) ;
#245 = LINE ( 'NONE', #4873, #4747 ) ;
#246 = ORIENTED_EDGE ( 'NONE', *, *, #6695, .F. ) ;
#247 = DIRECTION ( 'NONE',  ( -1.000000000000000000, 0.000000000000000000, 0.000000000000000000 ) ) ;
#248 = FACE_OUTER_BOUND ( 'NONE', #3176, .T. ) ;
#249 = VERTEX_POINT ( 'NONE', #5240 ) ;
#250 = DIRECTION ( 'NONE',  ( -1.000000000000000000, -0.000000000000000000, -2.775557561562891351E-16 ) ) ;
#251 = DIRECTION ( 'NONE',  ( -0.000000000000000000, -1.000000000000000000, -0.000000000000000000 ) ) ;
#252 = PLANE ( 'NONE',  #2795 ) ;
#253 = ORIENTED_EDGE ( 'NONE', *, *, #1977, .F. ) ;
#254 = DIRECTION ( 'NONE',  ( 0.000000000000000000, 0.000000000000000000, -1.000000000000000000 ) ) ;
#255 = CARTESIAN_POINT ( 'NONE',  ( -74.00255571982731340, 5.000000000000000000, -21.00000000000000000 ) ) ;
#256 = VERTEX_POINT ( 'NONE', #6073 ) ;
#257 = FACE_BOUND ( 'NONE', #5872, .T. ) ;
#258 = DIRECTION ( 'NONE',  ( 0.000000000000000000, 1.000000000000000000, 0.000000000000000000 ) ) ;
#259 = FACE_OUTER_BOUND ( 'NONE', #1457, .T. ) ;
#260 = ORIENTED_EDGE ( 'NONE', *, *, #5341, .F. ) ;
#261 = DIRECTION ( 'NONE',  ( 0.000000000000000000, 0.000000000000000000, -1.000000000000000000 ) ) ;
#262 = EDGE_CURVE ( 'NONE', #4919, #4044, #3506, .T. ) ;
#263 = ORIENTED_EDGE ( 'NONE', *, *, #2913, .T. ) ;
#264 = EDGE_CURVE ( 'NONE', #2488, #4742, #946, .T. ) ;
#265 = CARTESIAN_POINT ( 'NONE',  ( -57.50255571982733471, 10.00000000000000000, -25.00000000000000000 ) ) ;
#266 = LINE ( 'NONE', #1736, #5425 ) ;
#267 = EDGE_LOOP ( 'NONE', ( #3868, #1691, #6704, #4735 ) ) ;
#268 = EDGE_LOOP ( 'NONE', ( #3331, #6354, #4800, #4322 ) ) ;
#269 = ORIENTED_EDGE ( 'NONE', *, *, #4002, .T. ) ;
#270 = EDGE_CURVE ( 'NONE', #1913, #4657, #6367, .T. ) ;
#271 = LINE ( 'NONE', #2344, #5501 ) ;
#272 = VERTEX_POINT ( 'NONE', #3656 ) ;
#273 = FACE_OUTER_BOUND ( 'NONE', #6684, .T. ) ;
#274 = DIRECTION ( 'NONE',  ( 0.000000000000000000, 0.000000000000000000, -1.000000000000000000 ) ) ;
#275 = EDGE_CURVE ( 'NONE', #5229, #3133, #5722, .T. ) ;
#276 = ORIENTED_EDGE ( 'NONE', *, *, #1735, .F. ) ;
#277 = CARTESIAN_POINT ( 'NONE',  ( -29.50255571982732761, 4.999999999999999112, 17.07401816951053419 ) ) ;
#278 = DIRECTION ( 'NONE',  ( 0.000000000000000000, -1.000000000000000000, 0.000000000000000000 ) ) ;
#279 = DIRECTION ( 'NONE',  ( -0.000000000000000000, -1.000000000000000000, -0.000000000000000000 ) ) ;
#280 = DIRECTION ( 'NONE',  ( 0.000000000000000000, 0.000000000000000000, 1.000000000000000000 ) ) ;
#281 = CARTESIAN_POINT ( 'NONE',  ( 26.99744428017269016, 0.000000000000000000, -54.99999999999998579 ) ) ;
#282 = EDGE_LOOP ( 'NONE', ( #1462, #1360, #5063, #6146 ) ) ;
#283 = CIRCLE ( 'NONE', #1820, 2.999999999999999112 ) ;
#284 = VECTOR ( 'NONE', #1906, 1000.000000000000000 ) ;
#285 = CYLINDRICAL_SURFACE ( 'NONE', #1950, 2.000000000000001776 ) ;
#286 = AXIS2_PLACEMENT_3D ( 'NONE', #1991, #4071, #2097 ) ;
#287 = DIRECTION ( 'NONE',  ( 0.000000000000000000, 0.000000000000000000, 1.000000000000000000 ) ) ;
#288 = CARTESIAN_POINT ( 'NONE',  ( -34.50255571982732761, 10.00000000000000000, -17.07401816951053419 ) ) ;
#289 = DIRECTION ( 'NONE',  ( -0.000000000000000000, 1.000000000000000000, -0.000000000000000000 ) ) ;
#290 = ORIENTED_EDGE ( 'NONE', *, *, #314, .F. ) ;
#291 = CARTESIAN_POINT ( 'NONE',  ( 79.99744428017268660, 0.000000000000000000, -72.00000000000001421 ) ) ;
#292 = VERTEX_POINT ( 'NONE', #3144 ) ;
#293 = AXIS2_PLACEMENT_3D ( 'NONE', #6128, #4082, #5071 ) ;
#294 = CIRCLE ( 'NONE', #6488, 1.999999999999974021 ) ;
#295 = DIRECTION ( 'NONE',  ( -1.000000000000000000, 0.000000000000000000, -0.000000000000000000 ) ) ;
#296 = EDGE_CURVE ( 'NONE', #3736, #2574, #5819, .T. ) ;
#297 = DIRECTION ( 'NONE',  ( 1.387778780781445922E-16, 0.000000000000000000, 1.000000000000000000 ) ) ;
#298 = CYLINDRICAL_SURFACE ( 'NONE', #3170, 3.000000000000002665 ) ;
#299 = ORIENTED_EDGE ( 'NONE', *, *, #846, .T. ) ;
#300 = ADVANCED_FACE ( 'NONE', ( #6433 ), #5921, .F. ) ;
#301 = ORIENTED_EDGE ( 'NONE', *, *, #6336, .F. ) ;
#302 = ORIENTED_EDGE ( 'NONE', *, *, #3475, .T. ) ;
#303 = VECTOR ( 'NONE', #5562, 1000.000000000000000 ) ;
#304 = LINE ( 'NONE', #4817, #1498 ) ;
#305 = CARTESIAN_POINT ( 'NONE',  ( 1.797444280172685982, 0.000000000000000000, -45.00000000000000000 ) ) ;
#306 = CARTESIAN_POINT ( 'NONE',  ( -47.50255571982733471, 10.00000000000000000, -14.50000000000000178 ) ) ;
#307 = ADVANCED_FACE ( 'NONE', ( #4215 ), #602, .F. ) ;
#308 = VERTEX_POINT ( 'NONE', #4076 ) ;
#309 = DIRECTION ( 'NONE',  ( -0.3807498052542657718, 0.000000000000000000, 0.9246780984747279275 ) ) ;
#310 = DIRECTION ( 'NONE',  ( 0.000000000000000000, 1.000000000000000000, 0.000000000000000000 ) ) ;
#311 = CYLINDRICAL_SURFACE ( 'NONE', #6604, 1.500000000000001332 ) ;
#312 = ORIENTED_EDGE ( 'NONE', *, *, #4045, .T. ) ;
#313 = VECTOR ( 'NONE', #2808, 1000.000000000000000 ) ;
#314 = EDGE_CURVE ( 'NONE', #4459, #1171, #3778, .T. ) ;
#315 = PLANE ( 'NONE',  #1005 ) ;
#316 = LINE ( 'NONE', #1376, #6207 ) ;
#317 = LINE ( 'NONE', #2394, #6696 ) ;
#318 = DIRECTION ( 'NONE',  ( -1.000000000000000000, -0.000000000000000000, -2.775557561562891351E-16 ) ) ;
#319 = DIRECTION ( 'NONE',  ( -0.000000000000000000, 1.000000000000000000, -0.000000000000000000 ) ) ;
#320 = ORIENTED_EDGE ( 'NONE', *, *, #5058, .F. ) ;
#321 = AXIS2_PLACEMENT_3D ( 'NONE', #3116, #6676, #3535 ) ;
#322 = AXIS2_PLACEMENT_3D ( 'NONE', #1598, #4630, #5752 ) ;
#323 = DIRECTION ( 'NONE',  ( -0.000000000000000000, -1.000000000000000000, -0.000000000000000000 ) ) ;
#324 = PLANE ( 'NONE',  #1428 ) ;
#325 = CARTESIAN_POINT ( 'NONE',  ( -34.50255571982732761, 13.52282326805818968, -24.92598183048944449 ) ) ;
#326 = CARTESIAN_POINT ( 'NONE',  ( -73.00255571982731340, 0.000000000000000000, 12.50000000000000000 ) ) ;
#327 = DIRECTION ( 'NONE',  ( -0.000000000000000000, -1.000000000000000000, -0.000000000000000000 ) ) ;
#328 = ORIENTED_EDGE ( 'NONE', *, *, #2796, .F. ) ;
#329 = DIRECTION ( 'NONE',  ( 0.000000000000000000, 0.000000000000000000, 1.000000000000000000 ) ) ;
#330 = AXIS2_PLACEMENT_3D ( 'NONE', #5941, #6415, #2300 ) ;
#331 = CARTESIAN_POINT ( 'NONE',  ( 76.99744428017268660, 0.000000000000000000, 54.99999999999999289 ) ) ;
#332 = VECTOR ( 'NONE', #6213, 1000.000000000000000 ) ;
#333 = VECTOR ( 'NONE', #5702, 1000.000000000000000 ) ;
#334 = DIRECTION ( 'NONE',  ( -0.000000000000000000, 1.000000000000000000, -0.000000000000000000 ) ) ;
#335 = ORIENTED_EDGE ( 'NONE', *, *, #3117, .T. ) ;
#336 = VERTEX_POINT ( 'NONE', #4794 ) ;
#337 = ORIENTED_EDGE ( 'NONE', *, *, #2407, .T. ) ;
#338 = CIRCLE ( 'NONE', #1330, 3.500000000000003109 ) ;
#339 = AXIS2_PLACEMENT_3D ( 'NONE', #6088, #3030, #5542 ) ;
#340 = EDGE_CURVE ( 'NONE', #2714, #2740, #230, .T. ) ;
#341 = CARTESIAN_POINT ( 'NONE',  ( 36.99744428017269371, 0.000000000000000000, -34.99999999999998579 ) ) ;
#342 = ORIENTED_EDGE ( 'NONE', *, *, #908, .T. ) ;
#343 = ORIENTED_EDGE ( 'NONE', *, *, #5646, .T. ) ;
#344 = CARTESIAN_POINT ( 'NONE',  ( -29.50255571982732761, 4.999999999999999112, -17.07401816951053419 ) ) ;
#345 = VECTOR ( 'NONE', #5388, 1000.000000000000114 ) ;
#346 = DIRECTION ( 'NONE',  ( -0.000000000000000000, -1.000000000000000000, -0.000000000000000000 ) ) ;
#347 = EDGE_CURVE ( 'NONE', #1052, #4512, #2169, .T. ) ;
#348 = VERTEX_POINT ( 'NONE', #6320 ) ;
#349 = ADVANCED_FACE ( 'NONE', ( #5361 ), #1668, .F. ) ;
#350 = EDGE_LOOP ( 'NONE', ( #882, #107, #3914, #4184 ) ) ;
#351 = CARTESIAN_POINT ( 'NONE',  ( -35.50255571982732761, 10.00000000000000000, -28.00000000000000000 ) ) ;
#352 = CARTESIAN_POINT ( 'NONE',  ( 1.797444280172685982, 10.00000000000000000, 45.00000000000000000 ) ) ;
#353 = CARTESIAN_POINT ( 'NONE',  ( 82.77629043401884701, 7.000000000000000000, 73.14423076923070255 ) ) ;
#354 = VERTEX_POINT ( 'NONE', #2779 ) ;
#355 = EDGE_CURVE ( 'NONE', #1571, #1675, #3838, .T. ) ;
#356 = EDGE_CURVE ( 'NONE', #4555, #2894, #3745, .T. ) ;
#357 = DIRECTION ( 'NONE',  ( 0.000000000000000000, 0.000000000000000000, 1.000000000000000000 ) ) ;
#358 = LINE ( 'NONE', #5980, #4372 ) ;
#359 = CARTESIAN_POINT ( 'NONE',  ( -74.00255571982731340, 5.000000000000000000, -21.00000000000000000 ) ) ;
#360 = FACE_OUTER_BOUND ( 'NONE', #5576, .T. ) ;
#361 = DIRECTION ( 'NONE',  ( -0.000000000000000000, -0.000000000000000000, 1.000000000000000000 ) ) ;
#362 = DIRECTION ( 'NONE',  ( -1.000000000000000000, -0.000000000000000000, 2.775557561562891351E-16 ) ) ;
#363 = ORIENTED_EDGE ( 'NONE', *, *, #4774, .T. ) ;
#364 = FACE_OUTER_BOUND ( 'NONE', #3175, .T. ) ;
#365 = ADVANCED_FACE ( 'NONE', ( #2265, #138 ), #4348, .T. ) ;
#366 = DIRECTION ( 'NONE',  ( 0.000000000000000000, -1.000000000000000000, -0.000000000000000000 ) ) ;
#367 = FACE_OUTER_BOUND ( 'NONE', #4314, .T. ) ;
#368 = ORIENTED_EDGE ( 'NONE', *, *, #6130, .T. ) ;
#369 = ORIENTED_EDGE ( 'NONE', *, *, #5509, .F. ) ;
#370 = ORIENTED_EDGE ( 'NONE', *, *, #4629, .T. ) ;
#371 = CARTESIAN_POINT ( 'NONE',  ( -28.00255571982732050, 5.000000000000000000, 20.99999999999998579 ) ) ;
#372 = CARTESIAN_POINT ( 'NONE',  ( 79.99744428017268660, 0.5000000000000368594, -70.50000000000000000 ) ) ;
#373 = VERTEX_POINT ( 'NONE', #1294 ) ;
#374 = DIRECTION ( 'NONE',  ( 0.000000000000000000, -1.000000000000000000, 0.000000000000000000 ) ) ;
#375 = DIRECTION ( 'NONE',  ( 0.000000000000000000, 0.000000000000000000, 1.000000000000000000 ) ) ;
#376 = ORIENTED_EDGE ( 'NONE', *, *, #6125, .F. ) ;
#377 = VERTEX_POINT ( 'NONE', #1696 ) ;
#378 = ADVANCED_FACE ( 'NONE', ( #2201 ), #396, .F. ) ;
#379 = ORIENTED_EDGE ( 'NONE', *, *, #2635, .T. ) ;
#380 = DIRECTION ( 'NONE',  ( 0.000000000000000000, 0.000000000000000000, 1.000000000000000000 ) ) ;
#381 = LINE ( 'NONE', #3500, #78 ) ;
#382 = ADVANCED_FACE ( 'NONE', ( #5810, #6417 ), #4761, .T. ) ;
#383 = DIRECTION ( 'NONE',  ( 0.000000000000000000, -1.000000000000000000, 0.000000000000000000 ) ) ;
#384 = ORIENTED_EDGE ( 'NONE', *, *, #6299, .T. ) ;
#385 = CARTESIAN_POINT ( 'NONE',  ( 51.99744428017267950, 3.999999999999996447, -20.00000000000000000 ) ) ;
#386 = DIRECTION ( 'NONE',  ( 0.000000000000000000, 0.000000000000000000, -1.000000000000000000 ) ) ;
#387 = CARTESIAN_POINT ( 'NONE',  ( 86.99744428017270081, -10.00000000000000000, 47.00000000000001421 ) ) ;
#388 = CARTESIAN_POINT ( 'NONE',  ( -57.50255571982733471, 5.000000000000000000, 20.99999999999999289 ) ) ;
#389 = EDGE_CURVE ( 'NONE', #272, #2992, #5291, .T. ) ;
#390 = DIRECTION ( 'NONE',  ( -1.000000000000000000, -0.000000000000000000, -0.000000000000000000 ) ) ;
#391 = LINE ( 'NONE', #880, #954 ) ;
#392 = CARTESIAN_POINT ( 'NONE',  ( 1.797444280172685982, 10.00000000000000000, -37.00000000000000000 ) ) ;
#393 = ORIENTED_EDGE ( 'NONE', *, *, #4259, .F. ) ;
#394 = FACE_BOUND ( 'NONE', #1775, .T. ) ;
#395 = DIRECTION ( 'NONE',  ( 0.000000000000000000, 0.000000000000000000, 1.000000000000000000 ) ) ;
#396 = CONICAL_SURFACE ( 'NONE', #3673, 2.500000000000002220, 0.7853981633974275178 ) ;
#397 = CARTESIAN_POINT ( 'NONE',  ( -73.00255571982731340, 0.000000000000000000, -10.00000000000000178 ) ) ;
#398 = FACE_OUTER_BOUND ( 'NONE', #6205, .T. ) ;
#399 = EDGE_LOOP ( 'NONE', ( #2112, #5402, #4359, #2250 ) ) ;
#400 = EDGE_CURVE ( 'NONE', #823, #928, #5843, .T. ) ;
#401 = DIRECTION ( 'NONE',  ( 0.000000000000000000, -1.000000000000000000, 0.000000000000000000 ) ) ;
#402 = VERTEX_POINT ( 'NONE', #2750 ) ;
#403 = AXIS2_PLACEMENT_3D ( 'NONE', #475, #2546, #4053 ) ;
#404 = AXIS2_PLACEMENT_3D ( 'NONE', #5346, #4269, #3755 ) ;
#405 = VERTEX_POINT ( 'NONE', #4312 ) ;
#406 = EDGE_CURVE ( 'NONE', #2587, #4256, #4382, .T. ) ;
#407 = VECTOR ( 'NONE', #289, 1000.000000000000000 ) ;
#408 = AXIS2_PLACEMENT_3D ( 'NONE', #919, #5798, #395 ) ;
#409 = CARTESIAN_POINT ( 'NONE',  ( 76.99744428017268660, 0.000000000000000000, -54.99999999999999289 ) ) ;
#410 = ORIENTED_EDGE ( 'NONE', *, *, #5958, .T. ) ;
#411 = CARTESIAN_POINT ( 'NONE',  ( -74.00255571982731340, 5.000000000000000000, 21.00000000000000000 ) ) ;
#412 = CARTESIAN_POINT ( 'NONE',  ( -34.50255571982732761, 13.52282326805818968, 24.92598183048944449 ) ) ;
#413 = ORIENTED_EDGE ( 'NONE', *, *, #2217, .T. ) ;
#414 = CARTESIAN_POINT ( 'NONE',  ( -28.00255571982732050, 5.000000000000000000, -20.99999999999998579 ) ) ;
#415 = CIRCLE ( 'NONE', #2048, 2.000000000000001776 ) ;
#416 = ORIENTED_EDGE ( 'NONE', *, *, #4111, .T. ) ;
#417 = ORIENTED_EDGE ( 'NONE', *, *, #264, .F. ) ;
#418 = LINE ( 'NONE', #5173, #1275 ) ;
#419 = LINE ( 'NONE', #3082, #3564 ) ;
#420 = DIRECTION ( 'NONE',  ( 0.000000000000000000, 0.000000000000000000, -1.000000000000000000 ) ) ;
#421 = EDGE_LOOP ( 'NONE', ( #1634, #3344, #969, #2425 ) ) ;
#422 = ADVANCED_FACE ( 'NONE', ( #4284 ), #1276, .F. ) ;
#423 = LINE ( 'NONE', #4586, #213 ) ;
#424 = LINE ( 'NONE', #6651, #2739 ) ;
#425 = CARTESIAN_POINT ( 'NONE',  ( 80.99744428017271503, -7.000000000000000000, 35.00000000000001421 ) ) ;
#426 = AXIS2_PLACEMENT_3D ( 'NONE', #6707, #5595, #2058 ) ;
#427 = DIRECTION ( 'NONE',  ( -0.000000000000000000, 1.000000000000000000, -0.000000000000000000 ) ) ;
#428 = DIRECTION ( 'NONE',  ( 0.000000000000000000, 0.000000000000000000, 1.000000000000000000 ) ) ;
#429 = DIRECTION ( 'NONE',  ( -0.000000000000000000, -1.000000000000000000, -0.000000000000000000 ) ) ;
#430 = ORIENTED_EDGE ( 'NONE', *, *, #4045, .F. ) ;
#431 = CARTESIAN_POINT ( 'NONE',  ( 93.99744428017268660, 7.000000000000000000, -20.99999999999999645 ) ) ;
#432 = EDGE_CURVE ( 'NONE', #2232, #4273, #4829, .T. ) ;
#433 = VECTOR ( 'NONE', #1028, 1000.000000000000000 ) ;
#434 = EDGE_CURVE ( 'NONE', #3415, #4664, #391, .T. ) ;
#435 = CYLINDRICAL_SURFACE ( 'NONE', #1943, 1.499999999999994449 ) ;
#436 = PLANE ( 'NONE',  #2835 ) ;
#437 = ORIENTED_EDGE ( 'NONE', *, *, #5632, .T. ) ;
#438 = CARTESIAN_POINT ( 'NONE',  ( -57.50255571982733471, 10.00000000000000000, 25.99999999999999645 ) ) ;
#439 = AXIS2_PLACEMENT_3D ( 'NONE', #5645, #5156, #4151 ) ;
#440 = ORIENTED_EDGE ( 'NONE', *, *, #2640, .T. ) ;
#441 = EDGE_CURVE ( 'NONE', #1593, #1217, #4207, .T. ) ;
#442 = AXIS2_PLACEMENT_3D ( 'NONE', #186, #632, #1754 ) ;
#443 = EDGE_CURVE ( 'NONE', #2867, #1508, #4537, .T. ) ;
#444 = CARTESIAN_POINT ( 'NONE',  ( -68.50255571982732761, 10.00000000000000000, -13.50000000000000178 ) ) ;
#445 = ORIENTED_EDGE ( 'NONE', *, *, #653, .T. ) ;
#446 = CARTESIAN_POINT ( 'NONE',  ( -28.00255571982732050, 5.000000000000000000, 18.74999999999998934 ) ) ;
#447 = CARTESIAN_POINT ( 'NONE',  ( -67.50255571982732761, 0.000000000000000000, -14.50000000000000178 ) ) ;
#448 = AXIS2_PLACEMENT_3D ( 'NONE', #1389, #3473, #5467 ) ;
#449 = AXIS2_PLACEMENT_3D ( 'NONE', #5931, #5802, #3262 ) ;
#450 = VERTEX_POINT ( 'NONE', #4489 ) ;
#451 = AXIS2_PLACEMENT_3D ( 'NONE', #3086, #3118, #5150 ) ;
#452 = VERTEX_POINT ( 'NONE', #326 ) ;
#453 = ORIENTED_EDGE ( 'NONE', *, *, #2761, .T. ) ;
#454 = CARTESIAN_POINT ( 'NONE',  ( -57.50255571982733471, 10.00000000000000000, -14.50000000000000178 ) ) ;
#455 = CYLINDRICAL_SURFACE ( 'NONE', #3876, 1.000000000000000888 ) ;
#456 = DIRECTION ( 'NONE',  ( 0.000000000000000000, 0.000000000000000000, 1.000000000000000000 ) ) ;
#457 = ORIENTED_EDGE ( 'NONE', *, *, #2943, .T. ) ;
#458 = DIRECTION ( 'NONE',  ( 0.000000000000000000, 0.000000000000000000, -1.000000000000000000 ) ) ;
#459 = DIRECTION ( 'NONE',  ( 0.000000000000000000, 0.000000000000000000, -1.000000000000000000 ) ) ;
#460 = CARTESIAN_POINT ( 'NONE',  ( -68.50255571982732761, 0.000000000000000000, -13.50000000000000178 ) ) ;
#461 = DIRECTION ( 'NONE',  ( 0.000000000000000000, 0.000000000000000000, 1.000000000000000000 ) ) ;
#462 = FACE_OUTER_BOUND ( 'NONE', #1640, .T. ) ;
#463 = EDGE_LOOP ( 'NONE', ( #5792, #1239, #163, #6127 ) ) ;
#464 = DIRECTION ( 'NONE',  ( 0.000000000000000000, 0.000000000000000000, 1.000000000000000000 ) ) ;
#465 = CARTESIAN_POINT ( 'NONE',  ( 34.99744428017269371, 0.000000000000000000, -73.99999999999998579 ) ) ;
#466 = ORIENTED_EDGE ( 'NONE', *, *, #709, .F. ) ;
#467 = EDGE_CURVE ( 'NONE', #1771, #3620, #4035, .T. ) ;
#468 = DIRECTION ( 'NONE',  ( -0.000000000000000000, 1.000000000000000000, -0.000000000000000000 ) ) ;
#469 = ORIENTED_EDGE ( 'NONE', *, *, #5199, .T. ) ;
#470 = ADVANCED_FACE ( 'NONE', ( #6043 ), #6114, .F. ) ;
#471 = ORIENTED_EDGE ( 'NONE', *, *, #3880, .F. ) ;
#472 = DIRECTION ( 'NONE',  ( -0.000000000000000000, 1.000000000000000000, -0.000000000000000000 ) ) ;
#473 = ORIENTED_EDGE ( 'NONE', *, *, #123, .T. ) ;
#474 = VERTEX_POINT ( 'NONE', #5464 ) ;
#475 = CARTESIAN_POINT ( 'NONE',  ( 131.9974442801726866, 10.00000000000000000, -34.74999999999999289 ) ) ;
#476 = EDGE_CURVE ( 'NONE', #6654, #6486, #6017, .T. ) ;
#477 = CARTESIAN_POINT ( 'NONE',  ( 80.99744428017271503, -10.00000000000000000, 35.00000000000001421 ) ) ;
#478 = ORIENTED_EDGE ( 'NONE', *, *, #2725, .T. ) ;
#479 = ORIENTED_EDGE ( 'NONE', *, *, #699, .F. ) ;
#480 = ORIENTED_EDGE ( 'NONE', *, *, #5686, .T. ) ;
#481 = DIRECTION ( 'NONE',  ( 1.000000000000000000, 0.000000000000000000, -0.000000000000000000 ) ) ;
#482 = CARTESIAN_POINT ( 'NONE',  ( -37.50255571982732761, 10.00000000000000000, -14.50000000000000178 ) ) ;
#483 = DIRECTION ( 'NONE',  ( 0.000000000000000000, -1.000000000000000000, 0.000000000000000000 ) ) ;
#484 = ORIENTED_EDGE ( 'NONE', *, *, #5850, .T. ) ;
#485 = DIRECTION ( 'NONE',  ( -0.000000000000000000, 0.000000000000000000, 1.000000000000000000 ) ) ;
#486 = EDGE_CURVE ( 'NONE', #4119, #5658, #5638, .T. ) ;
#487 = CARTESIAN_POINT ( 'NONE',  ( -48.50255571982733471, 10.00000000000000000, 14.50000000000000178 ) ) ;
#488 = DIRECTION ( 'NONE',  ( 0.000000000000000000, 0.000000000000000000, 1.000000000000000000 ) ) ;
#489 = CARTESIAN_POINT ( 'NONE',  ( 93.99744428017268660, 7.000000000000000000, -17.49999999999999289 ) ) ;
#490 =( BOUNDED_CURVE ( )  B_SPLINE_CURVE ( 3, ( #6614, #2492, #4652, #1954 ),
 .UNSPECIFIED., .F., .F. ) 
 B_SPLINE_CURVE_WITH_KNOTS ( ( 4, 4 ),
 ( 1.570796326794896558, 3.141592653589793116 ),
 .UNSPECIFIED. ) 
 CURVE ( )  GEOMETRIC_REPRESENTATION_ITEM ( )  RATIONAL_B_SPLINE_CURVE ( ( 1.000000000000000000, 0.8047378541243649375, 0.8047378541243649375, 1.000000000000000000 ) ) 
 REPRESENTATION_ITEM ( '' )  );
#491 = CARTESIAN_POINT ( 'NONE',  ( -37.50255571982732761, 10.00000000000000000, -28.00000000000000000 ) ) ;
#492 = FACE_BOUND ( 'NONE', #168, .T. ) ;
#493 = ORIENTED_EDGE ( 'NONE', *, *, #1836, .T. ) ;
#494 = EDGE_CURVE ( 'NONE', #4664, #5334, #2126, .T. ) ;
#495 = FACE_OUTER_BOUND ( 'NONE', #3281, .T. ) ;
#496 = FACE_BOUND ( 'NONE', #3162, .T. ) ;
#497 = ORIENTED_EDGE ( 'NONE', *, *, #40, .F. ) ;
#498 = CARTESIAN_POINT ( 'NONE',  ( -35.50255571982732761, 0.000000000000000000, 26.00000000000000355 ) ) ;
#499 = ORIENTED_EDGE ( 'NONE', *, *, #2062, .T. ) ;
#500 = CIRCLE ( 'NONE', #5179, 1.500000000000001332 ) ;
#501 = FACE_OUTER_BOUND ( 'NONE', #3846, .T. ) ;
#502 = VECTOR ( 'NONE', #3919, 1000.000000000000000 ) ;
#503 = EDGE_LOOP ( 'NONE', ( #1772, #4491, #3444, #457 ) ) ;
#504 = VECTOR ( 'NONE', #5910, 1000.000000000000000 ) ;
#505 = EDGE_LOOP ( 'NONE', ( #5495, #5783, #4013, #1371, #1164, #4081 ) ) ;
#506 = DIRECTION ( 'NONE',  ( -0.000000000000000000, 1.000000000000000000, -0.000000000000000000 ) ) ;
#507 = AXIS2_PLACEMENT_3D ( 'NONE', #196, #4410, #1195 ) ;
#508 = EDGE_CURVE ( 'NONE', #5676, #3752, #2902, .T. ) ;
#509 = AXIS2_PLACEMENT_3D ( 'NONE', #6502, #5897, #4977 ) ;
#510 = EDGE_CURVE ( 'NONE', #2956, #5197, #3241, .T. ) ;
#511 = DIRECTION ( 'NONE',  ( -0.000000000000000000, -1.000000000000000000, -0.000000000000000000 ) ) ;
#512 = VERTEX_POINT ( 'NONE', #3019 ) ;
#513 = ORIENTED_EDGE ( 'NONE', *, *, #6168, .T. ) ;
#514 = CARTESIAN_POINT ( 'NONE',  ( 1.797444280172685982, 10.00000000000000000, -43.50000000000000000 ) ) ;
#515 = AXIS2_PLACEMENT_3D ( 'NONE', #3969, #1420, #6518 ) ;
#516 = DIRECTION ( 'NONE',  ( 1.000000000000000000, 0.000000000000000000, 0.000000000000000000 ) ) ;
#517 = DIRECTION ( 'NONE',  ( 0.000000000000000000, 0.000000000000000000, 1.000000000000000000 ) ) ;
#518 = VERTEX_POINT ( 'NONE', #566 ) ;
#519 = DIRECTION ( 'NONE',  ( 1.000000000000000000, -0.000000000000000000, 0.000000000000000000 ) ) ;
#520 = CIRCLE ( 'NONE', #3358, 1.999999999999998224 ) ;
#521 = CARTESIAN_POINT ( 'NONE',  ( -57.50255571982733471, 10.00000000000000000, -14.50000000000000178 ) ) ;
#522 = EDGE_CURVE ( 'NONE', #6519, #3426, #4655, .T. ) ;
#523 = ADVANCED_FACE ( 'NONE', ( #2495 ), #1047, .F. ) ;
#524 = FACE_BOUND ( 'NONE', #1279, .T. ) ;
#525 = LINE ( 'NONE', #6581, #2959 ) ;
#526 = DIRECTION ( 'NONE',  ( 0.000000000000000000, 1.000000000000000000, 0.000000000000000000 ) ) ;
#527 = EDGE_CURVE ( 'NONE', #2541, #3208, #6144, .T. ) ;
#528 = CARTESIAN_POINT ( 'NONE',  ( -35.50255571982732761, 0.000000000000000000, -28.00000000000000000 ) ) ;
#529 = DIRECTION ( 'NONE',  ( 0.000000000000000000, 0.000000000000000000, -1.000000000000000000 ) ) ;
#530 = DIRECTION ( 'NONE',  ( 0.000000000000000000, 0.000000000000000000, 1.000000000000000000 ) ) ;
#531 = ORIENTED_EDGE ( 'NONE', *, *, #6692, .T. ) ;
#532 = VECTOR ( 'NONE', #2518, 1000.000000000000114 ) ;
#533 = AXIS2_PLACEMENT_3D ( 'NONE', #6449, #1787, #3861 ) ;
#534 = CARTESIAN_POINT ( 'NONE',  ( -74.00255571982731340, 5.000000000000000000, -17.50000000000000000 ) ) ;
#535 = CARTESIAN_POINT ( 'NONE',  ( -26.20255571982731624, 10.00000000000000000, -28.00000000000000000 ) ) ;
#536 = ORIENTED_EDGE ( 'NONE', *, *, #5873, .T. ) ;
#537 = ORIENTED_EDGE ( 'NONE', *, *, #2760, .T. ) ;
#538 = LINE ( 'NONE', #2615, #6315 ) ;
#539 = VERTEX_POINT ( 'NONE', #2533 ) ;
#540 = CIRCLE ( 'NONE', #5974, 2.000000000000001776 ) ;
#541 = VECTOR ( 'NONE', #6599, 1000.000000000000000 ) ;
#542 = FACE_OUTER_BOUND ( 'NONE', #1867, .T. ) ;
#543 = ORIENTED_EDGE ( 'NONE', *, *, #2770, .T. ) ;
#544 = ORIENTED_EDGE ( 'NONE', *, *, #2107, .F. ) ;
#545 = VERTEX_POINT ( 'NONE', #2025 ) ;
#546 = AXIS2_PLACEMENT_3D ( 'NONE', #2168, #1128, #6683 ) ;
#547 = DIRECTION ( 'NONE',  ( -0.3807498052542803713, 0.000000000000000000, -0.9246780984747219323 ) ) ;
#548 = CARTESIAN_POINT ( 'NONE',  ( -68.50255571982732761, 5.000000000000000000, 18.75000000000000000 ) ) ;
#549 = VERTEX_POINT ( 'NONE', #4105 ) ;
#550 = AXIS2_PLACEMENT_3D ( 'NONE', #3894, #3462, #4375 ) ;
#551 = VERTEX_POINT ( 'NONE', #6178 ) ;
#552 = CARTESIAN_POINT ( 'NONE',  ( 1.797444280172686204, 10.00000000000000000, 42.24999999999999289 ) ) ;
#553 = VECTOR ( 'NONE', #2980, 1000.000000000000227 ) ;
#554 = CARTESIAN_POINT ( 'NONE',  ( 76.99744428017268660, 0.000000000000000000, 54.99999999999999289 ) ) ;
#555 = EDGE_CURVE ( 'NONE', #1142, #2883, #5184, .T. ) ;
#556 = DIRECTION ( 'NONE',  ( -1.000000000000000000, -0.000000000000000000, -2.775557561562891351E-16 ) ) ;
#557 = ORIENTED_EDGE ( 'NONE', *, *, #2770, .F. ) ;
#558 = EDGE_CURVE ( 'NONE', #3759, #474, #3605, .T. ) ;
#559 = CARTESIAN_POINT ( 'NONE',  ( -33.00255571982732050, 0.5000000000000204281, 9.999999999999998224 ) ) ;
#560 = CIRCLE ( 'NONE', #4028, 2.249999999999998668 ) ;
#561 = VECTOR ( 'NONE', #1904, 1000.000000000000000 ) ;
#562 = VERTEX_POINT ( 'NONE', #2486 ) ;
#563 = CARTESIAN_POINT ( 'NONE',  ( -57.50255571982733471, 5.000000000000000000, 20.99999999999999289 ) ) ;
#564 = CARTESIAN_POINT ( 'NONE',  ( 76.99744428017268660, 10.00000000000000000, -53.50000000000000000 ) ) ;
#565 = DIRECTION ( 'NONE',  ( -0.000000000000000000, -1.000000000000000000, -0.000000000000000000 ) ) ;
#566 = CARTESIAN_POINT ( 'NONE',  ( -33.00255571982732050, 10.00000000000000000, 12.00000000000000000 ) ) ;
#567 = DIRECTION ( 'NONE',  ( 0.000000000000000000, 1.000000000000000000, -0.000000000000000000 ) ) ;
#568 = EDGE_LOOP ( 'NONE', ( #3044, #808, #302, #3854 ) ) ;
#569 = AXIS2_PLACEMENT_3D ( 'NONE', #2505, #3165, #1726 ) ;
#570 = EDGE_CURVE ( 'NONE', #2818, #6627, #419, .T. ) ;
#571 = CARTESIAN_POINT ( 'NONE',  ( 93.99744428017268660, 10.00000000000000000, -20.99999999999999645 ) ) ;
#572 = DIRECTION ( 'NONE',  ( -1.000000000000000000, -0.000000000000000000, 2.775557561562891351E-16 ) ) ;
#573 = ORIENTED_EDGE ( 'NONE', *, *, #4001, .T. ) ;
#574 = ORIENTED_EDGE ( 'NONE', *, *, #6087, .F. ) ;
#575 = ORIENTED_EDGE ( 'NONE', *, *, #555, .F. ) ;
#576 = EDGE_CURVE ( 'NONE', #4909, #4424, #5731, .T. ) ;
#577 = DIRECTION ( 'NONE',  ( -0.000000000000000000, 0.5000000000000006661, 0.8660254037844383745 ) ) ;
#578 = ORIENTED_EDGE ( 'NONE', *, *, #6662, .T. ) ;
#579 = ORIENTED_EDGE ( 'NONE', *, *, #4648, .T. ) ;
#580 = EDGE_LOOP ( 'NONE', ( #182, #853, #2047, #4870 ) ) ;
#581 = DIRECTION ( 'NONE',  ( -0.000000000000000000, -1.000000000000000000, -0.000000000000000000 ) ) ;
#582 = DIRECTION ( 'NONE',  ( -0.000000000000000000, -1.000000000000000000, -0.000000000000000000 ) ) ;
#583 = VERTEX_POINT ( 'NONE', #1008 ) ;
#584 = ORIENTED_EDGE ( 'NONE', *, *, #1724, .F. ) ;
#585 = FACE_OUTER_BOUND ( 'NONE', #3383, .T. ) ;
#586 = CARTESIAN_POINT ( 'NONE',  ( 1.797444280172685982, 7.000000000000000000, 45.00000000000000000 ) ) ;
#587 = LINE ( 'NONE', #1476, #199 ) ;
#588 = ORIENTED_EDGE ( 'NONE', *, *, #951, .F. ) ;
#589 = CARTESIAN_POINT ( 'NONE',  ( -28.00255571982732050, 5.000000000000000000, -18.74999999999998934 ) ) ;
#590 = ADVANCED_FACE ( 'NONE', ( #905 ), #2030, .F. ) ;
#591 = VERTEX_POINT ( 'NONE', #4581 ) ;
#592 = EDGE_CURVE ( 'NONE', #1542, #1596, #615, .T. ) ;
#593 = DIRECTION ( 'NONE',  ( -0.000000000000000000, -1.000000000000000000, 0.000000000000000000 ) ) ;
#594 = CARTESIAN_POINT ( 'NONE',  ( -74.00255571982731340, 5.000000000000000000, -24.50000000000000000 ) ) ;
#595 = DIRECTION ( 'NONE',  ( 0.000000000000000000, 0.000000000000000000, -1.000000000000000000 ) ) ;
#596 = DIRECTION ( 'NONE',  ( -1.000000000000000000, -0.000000000000000000, -0.000000000000000000 ) ) ;
#597 = ORIENTED_EDGE ( 'NONE', *, *, #5105, .F. ) ;
#598 = ADVANCED_FACE ( 'NONE', ( #3594 ), #455, .F. ) ;
#599 = EDGE_CURVE ( 'NONE', #6416, #402, #6595, .T. ) ;
#600 = CARTESIAN_POINT ( 'NONE',  ( 32.97559603688949892, 7.000000000000000000, 74.98265426631233765 ) ) ;
#601 = DIRECTION ( 'NONE',  ( 0.000000000000000000, 0.000000000000000000, 1.000000000000000000 ) ) ;
#602 = CYLINDRICAL_SURFACE ( 'NONE', #187, 1.000000000000000888 ) ;
#603 = CARTESIAN_POINT ( 'NONE',  ( 37.01215016252564283, 7.000000000000000000, 75.00000000000001421 ) ) ;
#604 = ORIENTED_EDGE ( 'NONE', *, *, #1189, .T. ) ;
#605 = DIRECTION ( 'NONE',  ( 0.000000000000000000, 1.000000000000000000, 0.000000000000000000 ) ) ;
#606 = VERTEX_POINT ( 'NONE', #3559 ) ;
#607 = EDGE_CURVE ( 'NONE', #3133, #5351, #381, .T. ) ;
#608 = FACE_OUTER_BOUND ( 'NONE', #3518, .T. ) ;
#609 = VERTEX_POINT ( 'NONE', #482 ) ;
#610 = VERTEX_POINT ( 'NONE', #1911 ) ;
#611 = AXIS2_PLACEMENT_3D ( 'NONE', #3191, #1713, #2159 ) ;
#612 = AXIS2_PLACEMENT_3D ( 'NONE', #4675, #80, #11 ) ;
#613 = ORIENTED_EDGE ( 'NONE', *, *, #3946, .T. ) ;
#614 = CIRCLE ( 'NONE', #3342, 2.249999999999998668 ) ;
#615 = CIRCLE ( 'NONE', #1170, 2.750000000000002665 ) ;
#616 = CARTESIAN_POINT ( 'NONE',  ( -73.00255571982731340, 0.5000000000000268674, 9.999999999999998224 ) ) ;
#617 = ORIENTED_EDGE ( 'NONE', *, *, #4438, .F. ) ;
#618 = ORIENTED_EDGE ( 'NONE', *, *, #6621, .F. ) ;
#619 = FACE_OUTER_BOUND ( 'NONE', #2050, .T. ) ;
#620 = CARTESIAN_POINT ( 'NONE',  ( 32.97559603688942786, 7.000000000000000000, -74.98265426631226660 ) ) ;
#621 = PRODUCT ( 'Frame-Front', 'Frame-Front', '', ( #5707 ) ) ;
#622 = EDGE_CURVE ( 'NONE', #2209, #1659, #4754, .T. ) ;
#623 = LINE ( 'NONE', #2216, #6396 ) ;
#624 = CIRCLE ( 'NONE', #6054, 1.000000000000000888 ) ;
#625 = AXIS2_PLACEMENT_3D ( 'NONE', #586, #5207, #5823 ) ;
#626 = DIRECTION ( 'NONE',  ( -1.000000000000000000, 0.000000000000000000, -0.000000000000000000 ) ) ;
#627 = AXIS2_PLACEMENT_3D ( 'NONE', #5741, #1626, #2098 ) ;
#628 = ORIENTED_EDGE ( 'NONE', *, *, #3610, .F. ) ;
#629 = FACE_BOUND ( 'NONE', #5075, .T. ) ;
#630 = AXIS2_PLACEMENT_3D ( 'NONE', #2600, #4239, #1079 ) ;
#631 = LINE ( 'NONE', #695, #2081 ) ;
#632 = DIRECTION ( 'NONE',  ( -1.000000000000000000, -0.000000000000000000, 2.775557561562891351E-16 ) ) ;
#633 = FACE_BOUND ( 'NONE', #3806, .T. ) ;
#634 = VERTEX_POINT ( 'NONE', #1984 ) ;
#635 = VECTOR ( 'NONE', #1449, 1000.000000000000000 ) ;
#636 = DIRECTION ( 'NONE',  ( 0.000000000000000000, 0.000000000000000000, -1.000000000000000000 ) ) ;
#637 = PLANE ( 'NONE',  #6431 ) ;
#638 = DIRECTION ( 'NONE',  ( 0.000000000000000000, 0.000000000000000000, 1.000000000000000000 ) ) ;
#639 = AXIS2_PLACEMENT_3D ( 'NONE', #397, #5000, #1460 ) ;
#640 = CARTESIAN_POINT ( 'NONE',  ( 121.9974442801726866, -40.00000000000000000, -18.00000000000000355 ) ) ;
#641 = FACE_OUTER_BOUND ( 'NONE', #350, .T. ) ;
#642 = ORIENTED_EDGE ( 'NONE', *, *, #1278, .T. ) ;
#643 = FACE_OUTER_BOUND ( 'NONE', #4818, .T. ) ;
#644 = EDGE_CURVE ( 'NONE', #3840, #5373, #4131, .T. ) ;
#645 = ORIENTED_EDGE ( 'NONE', *, *, #2796, .T. ) ;
#646 = ADVANCED_FACE ( 'NONE', ( #6574 ), #1549, .F. ) ;
#647 = PLANE ( 'NONE',  #2176 ) ;
#648 = ORIENTED_EDGE ( 'NONE', *, *, #1032, .F. ) ;
#649 = VERTEX_POINT ( 'NONE', #4061 ) ;
#650 = AXIS2_PLACEMENT_3D ( 'NONE', #6580, #4031, #2427 ) ;
#651 = EDGE_CURVE ( 'NONE', #752, #1799, #4542, .T. ) ;
#652 = VECTOR ( 'NONE', #4189, 1000.000000000000000 ) ;
#653 = EDGE_CURVE ( 'NONE', #4273, #3706, #4096, .T. ) ;
#654 = ORIENTED_EDGE ( 'NONE', *, *, #6087, .T. ) ;
#655 = ORIENTED_EDGE ( 'NONE', *, *, #5592, .T. ) ;
#656 = DIRECTION ( 'NONE',  ( -1.000000000000000000, 0.000000000000000000, 0.000000000000000000 ) ) ;
#657 = CARTESIAN_POINT ( 'NONE',  ( 37.01215016252564283, 7.000000000000000000, 75.00000000000001421 ) ) ;
#658 = DIRECTION ( 'NONE',  ( -1.000000000000000000, 0.000000000000000000, 0.000000000000000000 ) ) ;
#659 = VECTOR ( 'NONE', #572, 1000.000000000000000 ) ;
#660 = PLANE ( 'NONE',  #2029 ) ;
#661 = AXIS2_PLACEMENT_3D ( 'NONE', #1719, #4304, #2125 ) ;
#662 = COLOUR_RGB ( '',0.7921568627450980005, 0.8196078431372548767, 0.9333333333333333481 ) ;
#663 = ORIENTED_EDGE ( 'NONE', *, *, #6383, .T. ) ;
#664 = CARTESIAN_POINT ( 'NONE',  ( -47.50255571982733471, 10.00000000000000000, -13.50000000000000178 ) ) ;
#665 = DIRECTION ( 'NONE',  ( 0.000000000000000000, 0.000000000000000000, 1.000000000000000000 ) ) ;
#666 = CARTESIAN_POINT ( 'NONE',  ( 1.797444280172685982, 10.00000000000000000, -45.00000000000000000 ) ) ;
#667 = VERTEX_POINT ( 'NONE', #2526 ) ;
#668 = VECTOR ( 'NONE', #5455, 1000.000000000000000 ) ;
#669 = AXIS2_PLACEMENT_3D ( 'NONE', #3452, #2110, #2143 ) ;
#670 = CARTESIAN_POINT ( 'NONE',  ( -68.50255571982732761, 10.00000000000000000, -27.99999999999999289 ) ) ;
#671 =( GEOMETRIC_REPRESENTATION_CONTEXT ( 3 ) GLOBAL_UNCERTAINTY_ASSIGNED_CONTEXT ( ( #1337 ) ) GLOBAL_UNIT_ASSIGNED_CONTEXT ( ( #2498, #6216, #5091 ) ) REPRESENTATION_CONTEXT ( 'NONE', 'WORKASPACE' ) );
#672 = VECTOR ( 'NONE', #5052, 1000.000000000000000 ) ;
#673 = CARTESIAN_POINT ( 'NONE',  ( 129.9974442801726866, 0.000000000000000000, -32.74999999999999289 ) ) ;
#674 = ORIENTED_EDGE ( 'NONE', *, *, #5829, .T. ) ;
#675 = DIRECTION ( 'NONE',  ( 0.000000000000000000, 0.000000000000000000, -1.000000000000000000 ) ) ;
#676 = CARTESIAN_POINT ( 'NONE',  ( -74.00255571982731340, 5.000000000000000000, 24.50000000000000000 ) ) ;
#677 = ORIENTED_EDGE ( 'NONE', *, *, #64, .F. ) ;
#678 = DIRECTION ( 'NONE',  ( -0.000000000000000000, -0.000000000000000000, 1.000000000000000000 ) ) ;
#679 = ORIENTED_EDGE ( 'NONE', *, *, #699, .T. ) ;
#680 = ADVANCED_FACE ( 'NONE', ( #6673, #3046 ), #4025, .F. ) ;
#681 = CYLINDRICAL_SURFACE ( 'NONE', #2489, 2.000000000000001776 ) ;
#682 = ORIENTED_EDGE ( 'NONE', *, *, #5365, .T. ) ;
#683 = EDGE_CURVE ( 'NONE', #2627, #1771, #6106, .T. ) ;
#684 = VERTEX_POINT ( 'NONE', #6644 ) ;
#685 = DIRECTION ( 'NONE',  ( 0.000000000000000000, 0.000000000000000000, 1.000000000000000000 ) ) ;
#686 = ADVANCED_FACE ( 'NONE', ( #6135 ), #1475, .T. ) ;
#687 = ORIENTED_EDGE ( 'NONE', *, *, #2521, .F. ) ;
#688 = CARTESIAN_POINT ( 'NONE',  ( -37.50255571982732761, 5.000000000000000000, -18.74999999999999289 ) ) ;
#689 = CARTESIAN_POINT ( 'NONE',  ( -73.00255571982731340, 0.000000000000000000, -10.00000000000000178 ) ) ;
#690 = CYLINDRICAL_SURFACE ( 'NONE', #5527, 2.000000000000008882 ) ;
#691 = CARTESIAN_POINT ( 'NONE',  ( -68.50255571982732761, 0.000000000000000000, -14.50000000000000178 ) ) ;
#692 = ORIENTED_EDGE ( 'NONE', *, *, #5005, .T. ) ;
#693 = EDGE_CURVE ( 'NONE', #1342, #5468, #3679, .T. ) ;
#694 = CARTESIAN_POINT ( 'NONE',  ( -73.00255571982731340, 0.5000000000000268674, -10.00000000000000178 ) ) ;
#695 = CARTESIAN_POINT ( 'NONE',  ( -74.00255571982731340, 5.000000000000000000, -17.50000000000000000 ) ) ;
#696 = DIRECTION ( 'NONE',  ( 0.000000000000000000, 0.000000000000000000, -1.000000000000000000 ) ) ;
#697 = DIRECTION ( 'NONE',  ( 0.000000000000000000, 0.000000000000000000, 1.000000000000000000 ) ) ;
#698 = ORIENTED_EDGE ( 'NONE', *, *, #6547, .T. ) ;
#699 = EDGE_CURVE ( 'NONE', #1698, #5305, #294, .T. ) ;
#700 = ADVANCED_FACE ( 'NONE', ( #4296 ), #3989, .F. ) ;
#701 = CYLINDRICAL_SURFACE ( 'NONE', #2378, 2.000000000000005329 ) ;
#702 =( LENGTH_UNIT ( ) NAMED_UNIT ( * ) SI_UNIT ( .MILLI., .METRE. ) );
#703 = VERTEX_POINT ( 'NONE', #4198 ) ;
#704 = DIRECTION ( 'NONE',  ( 0.000000000000000000, 0.000000000000000000, -1.000000000000000000 ) ) ;
#705 = CARTESIAN_POINT ( 'NONE',  ( 1.797444280172685982, 7.000000000000000000, 34.99999999999999289 ) ) ;
#706 = ORIENTED_EDGE ( 'NONE', *, *, #4978, .F. ) ;
#707 = CARTESIAN_POINT ( 'NONE',  ( -57.50255571982733471, 10.00000000000000000, -25.99999999999999645 ) ) ;
#708 = ORIENTED_EDGE ( 'NONE', *, *, #1886, .T. ) ;
#709 = EDGE_CURVE ( 'NONE', #2229, #2225, #4427, .T. ) ;
#710 = DIRECTION ( 'NONE',  ( -0.9246780984747290377, 0.000000000000000000, 0.3807498052542630518 ) ) ;
#711 = ORIENTED_EDGE ( 'NONE', *, *, #200, .T. ) ;
#712 = ORIENTED_EDGE ( 'NONE', *, *, #2737, .F. ) ;
#713 = ORIENTED_EDGE ( 'NONE', *, *, #800, .T. ) ;
#714 = EDGE_CURVE ( 'NONE', #5443, #5716, #1678, .T. ) ;
#715 = CARTESIAN_POINT ( 'NONE',  ( -48.50255571982733471, 0.000000000000000000, -25.00000000000000000 ) ) ;
#716 = DIRECTION ( 'NONE',  ( 0.000000000000000000, -0.000000000000000000, 1.000000000000000000 ) ) ;
#717 = CIRCLE ( 'NONE', #4528, 2.000000000000005329 ) ;
#718 = ORIENTED_EDGE ( 'NONE', *, *, #3964, .F. ) ;
#719 = FACE_OUTER_BOUND ( 'NONE', #2383, .T. ) ;
#720 = DIRECTION ( 'NONE',  ( 0.000000000000000000, -1.000000000000000000, 0.000000000000000000 ) ) ;
#721 = CARTESIAN_POINT ( 'NONE',  ( 24.99744428017270081, 0.000000000000000000, 47.00000000000001421 ) ) ;
#722 = EDGE_CURVE ( 'NONE', #2541, #348, #5399, .T. ) ;
#723 = AXIS2_PLACEMENT_3D ( 'NONE', #4060, #4610, #15 ) ;
#724 = EDGE_CURVE ( 'NONE', #5158, #4419, #2155, .T. ) ;
#725 = VECTOR ( 'NONE', #1839, 1000.000000000000000 ) ;
#726 = CARTESIAN_POINT ( 'NONE',  ( 26.75480359305342049, -7.597545151148454722E-16, 33.75735931288073033 ) ) ;
#727 = ORIENTED_EDGE ( 'NONE', *, *, #5829, .F. ) ;
#728 = DIRECTION ( 'NONE',  ( -1.000000000000000000, -0.000000000000000000, 1.387778780781446169E-16 ) ) ;
#729 = DIRECTION ( 'NONE',  ( 0.000000000000000000, -0.7071067811865279218, -0.7071067811865671127 ) ) ;
#730 = CARTESIAN_POINT ( 'NONE',  ( 77.99744428017271503, -10.00000000000000000, 35.00000000000001421 ) ) ;
#731 = AXIS2_PLACEMENT_3D ( 'NONE', #5146, #2973, #3529 ) ;
#732 = DIRECTION ( 'NONE',  ( -0.000000000000000000, -1.000000000000000000, 0.000000000000000000 ) ) ;
#733 = CARTESIAN_POINT ( 'NONE',  ( 86.99744428017268660, 0.000000000000000000, -75.00000000000000000 ) ) ;
#734 = ORIENTED_EDGE ( 'NONE', *, *, #70, .T. ) ;
#735 = ADVANCED_FACE ( 'NONE', ( #5244 ), #6303, .F. ) ;
#736 = VECTOR ( 'NONE', #6018, 999.9999999999998863 ) ;
#737 = AXIS2_PLACEMENT_3D ( 'NONE', #3319, #4398, #5450 ) ;
#738 = LINE ( 'NONE', #135, #313 ) ;
#739 = CARTESIAN_POINT ( 'NONE',  ( 51.99744428017267950, 10.00000000000000000, 17.99999999999999645 ) ) ;
#740 = DIRECTION ( 'NONE',  ( 0.000000000000000000, -1.000000000000000000, 0.000000000000000000 ) ) ;
#741 = EDGE_LOOP ( 'NONE', ( #6600, #4413 ) ) ;
#742 = DIRECTION ( 'NONE',  ( -0.000000000000000000, 1.000000000000000000, -0.000000000000000000 ) ) ;
#743 = CARTESIAN_POINT ( 'NONE',  ( -73.00255571982731340, 0.000000000000000000, 9.999999999999998224 ) ) ;
#744 = ORIENTED_EDGE ( 'NONE', *, *, #1077, .F. ) ;
#745 = DIRECTION ( 'NONE',  ( 0.000000000000000000, 1.000000000000000000, 0.000000000000000000 ) ) ;
#746 = AXIS2_PLACEMENT_3D ( 'NONE', #281, #4026, #5049 ) ;
#747 = ORIENTED_EDGE ( 'NONE', *, *, #2270, .T. ) ;
#748 = DIRECTION ( 'NONE',  ( -0.000000000000000000, 1.000000000000000000, -0.000000000000000000 ) ) ;
#749 = AXIS2_PLACEMENT_3D ( 'NONE', #5583, #5042, #375 ) ;
#750 = DIRECTION ( 'NONE',  ( 0.000000000000000000, 0.000000000000000000, 1.000000000000000000 ) ) ;
#751 = ORIENTED_EDGE ( 'NONE', *, *, #1520, .F. ) ;
#752 = VERTEX_POINT ( 'NONE', #6265 ) ;
#753 = VERTEX_POINT ( 'NONE', #1144 ) ;
#754 = CIRCLE ( 'NONE', #1835, 1.500000000000001332 ) ;
#755 = VECTOR ( 'NONE', #357, 1000.000000000000000 ) ;
#756 = ORIENTED_EDGE ( 'NONE', *, *, #1739, .F. ) ;
#757 = CARTESIAN_POINT ( 'NONE',  ( 0.000000000000000000, 8.000000000000000000, 25.99999999999999645 ) ) ;
#758 = CARTESIAN_POINT ( 'NONE',  ( -57.50255571982733471, 5.000000000000000000, -18.74999999999999645 ) ) ;
#759 = DIRECTION ( 'NONE',  ( 0.000000000000000000, 0.000000000000000000, 1.000000000000000000 ) ) ;
#760 = CARTESIAN_POINT ( 'NONE',  ( 131.9974442801726866, 4.000000000000000000, 34.75000000000000711 ) ) ;
#761 = EDGE_LOOP ( 'NONE', ( #4340, #2472, #144, #2317 ) ) ;
#762 = EDGE_CURVE ( 'NONE', #753, #3759, #4780, .T. ) ;
#763 = CARTESIAN_POINT ( 'NONE',  ( -68.50255571982732761, 5.000000000000000000, 20.99999999999999645 ) ) ;
#764 = CIRCLE ( 'NONE', #4463, 2.249999999999998668 ) ;
#765 = EDGE_CURVE ( 'NONE', #1007, #6192, #1612, .T. ) ;
#766 = DIRECTION ( 'NONE',  ( 0.000000000000000000, 1.000000000000000000, 0.000000000000000000 ) ) ;
#767 = DIRECTION ( 'NONE',  ( 0.000000000000000000, 0.000000000000000000, 1.000000000000000000 ) ) ;
#768 = VERTEX_POINT ( 'NONE', #3732 ) ;
#769 = VECTOR ( 'NONE', #4277, 999.9999999999998863 ) ;
#770 = FACE_OUTER_BOUND ( 'NONE', #5356, .T. ) ;
#771 = CARTESIAN_POINT ( 'NONE',  ( 77.99744428017270081, -10.00000000000000000, 47.00000000000001421 ) ) ;
#772 = ORIENTED_EDGE ( 'NONE', *, *, #4509, .F. ) ;
#773 = ADVANCED_FACE ( 'NONE', ( #5794 ), #3347, .F. ) ;
#774 = PLANE ( 'NONE',  #2517 ) ;
#775 = CARTESIAN_POINT ( 'NONE',  ( 77.99744428017270081, -10.00000000000000000, 47.00000000000001421 ) ) ;
#776 = DIRECTION ( 'NONE',  ( -0.000000000000000000, 1.000000000000000000, -0.000000000000000000 ) ) ;
#777 = ORIENTED_EDGE ( 'NONE', *, *, #4921, .T. ) ;
#778 = CARTESIAN_POINT ( 'NONE',  ( 26.99744428017269016, 10.00000000000000000, 54.99999999999998579 ) ) ;
#779 = EDGE_CURVE ( 'NONE', #5098, #3526, #1174, .T. ) ;
#780 = CIRCLE ( 'NONE', #6101, 1.500000000000001332 ) ;
#781 = ORIENTED_EDGE ( 'NONE', *, *, #4156, .F. ) ;
#782 = CIRCLE ( 'NONE', #1435, 2.249999999999998668 ) ;
#783 = LINE ( 'NONE', #4834, #4024 ) ;
#784 = VERTEX_POINT ( 'NONE', #3149 ) ;
#785 = VERTEX_POINT ( 'NONE', #620 ) ;
#786 = ORIENTED_EDGE ( 'NONE', *, *, #599, .F. ) ;
#787 = AXIS2_PLACEMENT_3D ( 'NONE', #5671, #3636, #1044 ) ;
#788 = LINE ( 'NONE', #2315, #2345 ) ;
#789 = ORIENTED_EDGE ( 'NONE', *, *, #4774, .F. ) ;
#790 = DIRECTION ( 'NONE',  ( -0.000000000000000000, -1.000000000000000000, -0.000000000000000000 ) ) ;
#791 = LINE ( 'NONE', #3351, #4323 ) ;
#792 = CARTESIAN_POINT ( 'NONE',  ( 129.9974442801726866, 10.00000000000000000, -32.74999999999999289 ) ) ;
#793 = VERTEX_POINT ( 'NONE', #2698 ) ;
#794 = PLANE ( 'NONE',  #4258 ) ;
#795 = CARTESIAN_POINT ( 'NONE',  ( -78.00255571982732761, 0.000000000000000000, -24.99999999999999289 ) ) ;
#796 = CARTESIAN_POINT ( 'NONE',  ( 51.99744428017267950, 3.999999999999996447, 20.00000000000000000 ) ) ;
#797 = FACE_OUTER_BOUND ( 'NONE', #2522, .T. ) ;
#798 = ORIENTED_EDGE ( 'NONE', *, *, #3563, .T. ) ;
#799 = EDGE_CURVE ( 'NONE', #5344, #5122, #2188, .T. ) ;
#800 = EDGE_CURVE ( 'NONE', #2989, #4583, #6598, .T. ) ;
#801 = CARTESIAN_POINT ( 'NONE',  ( 1.797444280172685982, 10.00000000000000000, 37.00000000000000000 ) ) ;
#802 = DIRECTION ( 'NONE',  ( 0.000000000000000000, 0.000000000000000000, -1.000000000000000000 ) ) ;
#803 = CARTESIAN_POINT ( 'NONE',  ( -73.00255571982731340, 10.00000000000000000, 9.999999999999998224 ) ) ;
#804 = EDGE_LOOP ( 'NONE', ( #1551, #4444, #2109, #1472 ) ) ;
#805 = CARTESIAN_POINT ( 'NONE',  ( 51.99744428017267950, -40.00000000000000000, -20.00000000000000000 ) ) ;
#806 = CARTESIAN_POINT ( 'NONE',  ( 51.99744428017267950, 10.00000000000000000, -20.00000000000000000 ) ) ;
#807 = DIRECTION ( 'NONE',  ( 0.000000000000000000, 0.000000000000000000, 1.000000000000000000 ) ) ;
#808 = ORIENTED_EDGE ( 'NONE', *, *, #902, .F. ) ;
#809 = DIRECTION ( 'NONE',  ( 0.000000000000000000, 0.000000000000000000, 1.000000000000000000 ) ) ;
#810 = ORIENTED_EDGE ( 'NONE', *, *, #6172, .F. ) ;
#811 = DIRECTION ( 'NONE',  ( -0.000000000000000000, 1.000000000000000000, -0.000000000000000000 ) ) ;
#812 = ADVANCED_FACE ( 'NONE', ( #3255 ), #5309, .F. ) ;
#813 = CARTESIAN_POINT ( 'NONE',  ( 76.99744428017268660, 10.00000000000000000, 56.49999999999998579 ) ) ;
#814 = DIRECTION ( 'NONE',  ( -1.000000000000000000, 0.000000000000000000, 0.000000000000000000 ) ) ;
#815 = EDGE_LOOP ( 'NONE', ( #5973, #166, #6255, #2193 ) ) ;
#816 = ORIENTED_EDGE ( 'NONE', *, *, #3533, .T. ) ;
#817 = EDGE_LOOP ( 'NONE', ( #4411, #205, #751, #5760 ) ) ;
#818 = ADVANCED_FACE ( 'NONE', ( #3920 ), #1745, .T. ) ;
#819 = EDGE_CURVE ( 'NONE', #3069, #2419, #791, .T. ) ;
#820 = CARTESIAN_POINT ( 'NONE',  ( 1.797444280172685982, 7.000000000000000000, 40.50000000000000000 ) ) ;
#821 = LINE ( 'NONE', #6499, #725 ) ;
#822 = ADVANCED_FACE ( 'NONE', ( #4840 ), #5926, .F. ) ;
#823 = VERTEX_POINT ( 'NONE', #4944 ) ;
#824 = DIRECTION ( 'NONE',  ( 0.000000000000000000, 0.000000000000000000, 1.000000000000000000 ) ) ;
#825 = CARTESIAN_POINT ( 'NONE',  ( -58.50255571982733471, 0.000000000000000000, -13.50000000000000178 ) ) ;
#826 = DIRECTION ( 'NONE',  ( -0.000000000000000000, -1.000000000000000000, -0.000000000000000000 ) ) ;
#827 = ORIENTED_EDGE ( 'NONE', *, *, #6670, .T. ) ;
#828 = CARTESIAN_POINT ( 'NONE',  ( 79.99744428017268660, 0.5000000000000368594, 72.00000000000001421 ) ) ;
#829 = ORIENTED_EDGE ( 'NONE', *, *, #5414, .F. ) ;
#830 = CARTESIAN_POINT ( 'NONE',  ( -29.50255571982732761, 5.000000000000000000, -18.74999999999998934 ) ) ;
#831 = DIRECTION ( 'NONE',  ( 0.000000000000000000, 0.000000000000000000, 1.000000000000000000 ) ) ;
#832 = DIRECTION ( 'NONE',  ( 0.000000000000000000, -1.000000000000000000, 0.000000000000000000 ) ) ;
#833 = CARTESIAN_POINT ( 'NONE',  ( 82.01215016252571388, 10.00000000000000000, -75.00000000000000000 ) ) ;
#834 = CARTESIAN_POINT ( 'NONE',  ( -57.50255571982733471, 10.00000000000000000, -25.99999999999999645 ) ) ;
#835 = ORIENTED_EDGE ( 'NONE', *, *, #6172, .T. ) ;
#836 = VECTOR ( 'NONE', #519, 1000.000000000000000 ) ;
#837 = VECTOR ( 'NONE', #3211, 1000.000000000000000 ) ;
#838 = AXIS2_PLACEMENT_3D ( 'NONE', #3292, #4271, #1682 ) ;
#839 = CARTESIAN_POINT ( 'NONE',  ( 51.99744428017267950, -40.00000000000000000, -20.00000000000000000 ) ) ;
#840 = VECTOR ( 'NONE', #5391, 1000.000000000000000 ) ;
#841 = CARTESIAN_POINT ( 'NONE',  ( -57.50255571982733471, 5.000000000000000000, -20.99999999999999289 ) ) ;
#842 = FACE_BOUND ( 'NONE', #43, .T. ) ;
#843 = DIRECTION ( 'NONE',  ( 0.000000000000000000, 0.000000000000000000, 1.000000000000000000 ) ) ;
#844 = ORIENTED_EDGE ( 'NONE', *, *, #3503, .T. ) ;
#845 = DIRECTION ( 'NONE',  ( 0.000000000000000000, 1.000000000000000000, 0.000000000000000000 ) ) ;
#846 = EDGE_CURVE ( 'NONE', #2894, #474, #3424, .T. ) ;
#847 = VECTOR ( 'NONE', #3807, 1000.000000000000000 ) ;
#848 = AXIS2_PLACEMENT_3D ( 'NONE', #3826, #1273, #211 ) ;
#849 = FACE_BOUND ( 'NONE', #6568, .T. ) ;
#850 = DIRECTION ( 'NONE',  ( -0.000000000000000000, 1.000000000000000000, -0.000000000000000000 ) ) ;
#851 = CIRCLE ( 'NONE', #4218, 1.500000000000001332 ) ;
#852 = EDGE_CURVE ( 'NONE', #2313, #2818, #5479, .T. ) ;
#853 = ORIENTED_EDGE ( 'NONE', *, *, #4030, .T. ) ;
#854 = ADVANCED_FACE ( 'NONE', ( #5963, #2898 ), #5375, .F. ) ;
#855 = EDGE_LOOP ( 'NONE', ( #1959, #3130 ) ) ;
#856 = APPLICATION_CONTEXT ( 'automotive_design' ) ;
#857 = CARTESIAN_POINT ( 'NONE',  ( -33.00255571982732050, 10.00000000000000000, -10.00000000000000178 ) ) ;
#858 = CARTESIAN_POINT ( 'NONE',  ( 77.99744428017270081, 0.000000000000000000, 47.00000000000001421 ) ) ;
#859 = ORIENTED_EDGE ( 'NONE', *, *, #6168, .F. ) ;
#860 = LINE ( 'NONE', #3981, #4752 ) ;
#861 = CIRCLE ( 'NONE', #1507, 2.249999999999998668 ) ;
#862 = ADVANCED_FACE ( 'NONE', ( #2385 ), #1606, .F. ) ;
#863 = CARTESIAN_POINT ( 'NONE',  ( 34.99744428017269371, 10.00000000000000000, -72.00000000000001421 ) ) ;
#864 = ORIENTED_EDGE ( 'NONE', *, *, #4546, .T. ) ;
#865 = AXIS2_PLACEMENT_3D ( 'NONE', #3126, #4212, #2571 ) ;
#866 = EDGE_LOOP ( 'NONE', ( #478, #3531, #2870, #2754 ) ) ;
#867 = DIRECTION ( 'NONE',  ( -0.000000000000000000, 1.000000000000000000, -0.000000000000000000 ) ) ;
#868 = CARTESIAN_POINT ( 'NONE',  ( 32.76328181981467225, 7.000000000000000000, -74.81409399262118143 ) ) ;
#869 = DIRECTION ( 'NONE',  ( 0.000000000000000000, 0.000000000000000000, 1.000000000000000000 ) ) ;
#870 = LINE ( 'NONE', #353, #2259 ) ;
#871 = EDGE_LOOP ( 'NONE', ( #3037, #1737, #445, #2719 ) ) ;
#872 = AXIS2_PLACEMENT_3D ( 'NONE', #2491, #3601, #1553 ) ;
#873 = EDGE_CURVE ( 'NONE', #1659, #2209, #3463, .T. ) ;
#874 = EDGE_CURVE ( 'NONE', #2367, #1659, #6539, .T. ) ;
#875 = DIRECTION ( 'NONE',  ( -0.000000000000000000, 1.000000000000000000, -0.000000000000000000 ) ) ;
#876 = CIRCLE ( 'NONE', #6295, 2.249999999999998668 ) ;
#877 = DIRECTION ( 'NONE',  ( 1.000000000000000000, -0.000000000000000000, 0.000000000000000000 ) ) ;
#878 = CARTESIAN_POINT ( 'NONE',  ( -57.50255571982733471, 10.00000000000000000, 25.99999999999999645 ) ) ;
#879 = CARTESIAN_POINT ( 'NONE',  ( 86.99744428017268660, 10.00000000000000000, -75.00000000000000000 ) ) ;
#880 = CARTESIAN_POINT ( 'NONE',  ( -26.20255571982731624, 10.00000000000000000, -28.00000000000000000 ) ) ;
#881 = LINE ( 'NONE', #1923, #736 ) ;
#882 = ORIENTED_EDGE ( 'NONE', *, *, #4058, .F. ) ;
#883 = DIRECTION ( 'NONE',  ( -0.000000000000000000, 1.000000000000000000, -0.000000000000000000 ) ) ;
#884 = VECTOR ( 'NONE', #6149, 1000.000000000000000 ) ;
#885 = DIRECTION ( 'NONE',  ( 1.000000000000000000, -0.000000000000000000, -1.387778780781445922E-16 ) ) ;
#886 = DIRECTION ( 'NONE',  ( -0.000000000000000000, -1.000000000000000000, -0.000000000000000000 ) ) ;
#887 = AXIS2_PLACEMENT_3D ( 'NONE', #2096, #3538, #5598 ) ;
#888 = AXIS2_PLACEMENT_3D ( 'NONE', #4487, #3469, #4447 ) ;
#889 = CARTESIAN_POINT ( 'NONE',  ( 79.99744428017268660, 7.000000000000000000, -72.00000000000001421 ) ) ;
#890 = ORIENTED_EDGE ( 'NONE', *, *, #2426, .T. ) ;
#891 = EDGE_LOOP ( 'NONE', ( #6527, #1868 ) ) ;
#892 = AXIS2_PLACEMENT_3D ( 'NONE', #277, #2354, #4440 ) ;
#893 = EDGE_CURVE ( 'NONE', #1799, #2548, #1885, .T. ) ;
#894 = EDGE_CURVE ( 'NONE', #2811, #4730, #1880, .T. ) ;
#895 = CARTESIAN_POINT ( 'NONE',  ( 37.30513658786512110, 7.000000000000000000, -74.28846153846143352 ) ) ;
#896 = EDGE_LOOP ( 'NONE', ( #4718, #5200, #4871, #1833 ) ) ;
#897 = VECTOR ( 'NONE', #2100, 1000.000000000000000 ) ;
#898 = EDGE_LOOP ( 'NONE', ( #1721, #6530, #4020, #2484 ) ) ;
#899 = CARTESIAN_POINT ( 'NONE',  ( 121.9974442801726866, 3.999999999999996447, 22.00000000000000000 ) ) ;
#900 = VECTOR ( 'NONE', #6016, 1000.000000000000000 ) ;
#901 = DIRECTION ( 'NONE',  ( -0.000000000000000000, -1.000000000000000000, -0.000000000000000000 ) ) ;
#902 = EDGE_CURVE ( 'NONE', #4742, #2488, #5403, .T. ) ;
#903 = ORIENTED_EDGE ( 'NONE', *, *, #2418, .F. ) ;
#904 = DIRECTION ( 'NONE',  ( -0.000000000000000000, -1.000000000000000000, -0.000000000000000000 ) ) ;
#905 = FACE_OUTER_BOUND ( 'NONE', #5115, .T. ) ;
#906 = LINE ( 'NONE', #1912, #1400 ) ;
#907 = CARTESIAN_POINT ( 'NONE',  ( -73.00255571982731340, 0.000000000000000000, 9.999999999999998224 ) ) ;
#908 = EDGE_CURVE ( 'NONE', #6180, #1397, #317, .T. ) ;
#909 = CARTESIAN_POINT ( 'NONE',  ( -28.00255571982732050, 5.000000000000000000, -20.99999999999998579 ) ) ;
#910 = DIRECTION ( 'NONE',  ( 0.000000000000000000, 0.000000000000000000, 1.000000000000000000 ) ) ;
#911 = DIRECTION ( 'NONE',  ( 0.000000000000000000, 0.000000000000000000, -1.000000000000000000 ) ) ;
#912 = CARTESIAN_POINT ( 'NONE',  ( -34.50255571982732761, 4.999999999999999112, -17.07401816951053419 ) ) ;
#913 = EDGE_CURVE ( 'NONE', #1397, #4512, #4211, .T. ) ;
#914 = DIRECTION ( 'NONE',  ( 0.000000000000000000, -1.000000000000000000, 0.000000000000000000 ) ) ;
#915 = CARTESIAN_POINT ( 'NONE',  ( 1.797444280172686204, 10.00000000000000000, -40.50000000000000000 ) ) ;
#916 = ORIENTED_EDGE ( 'NONE', *, *, #1520, .T. ) ;
#917 = DIRECTION ( 'NONE',  ( -0.000000000000000000, 1.000000000000000000, -0.000000000000000000 ) ) ;
#918 = EDGE_CURVE ( 'NONE', #785, #634, #1377, .T. ) ;
#919 = CARTESIAN_POINT ( 'NONE',  ( 26.99744428017269016, 0.000000000000000000, -54.99999999999998579 ) ) ;
#920 = DIRECTION ( 'NONE',  ( 0.000000000000000000, 0.000000000000000000, -1.000000000000000000 ) ) ;
#921 = FACE_OUTER_BOUND ( 'NONE', #4578, .T. ) ;
#922 = ORIENTED_EDGE ( 'NONE', *, *, #1566, .T. ) ;
#923 = EDGE_CURVE ( 'NONE', #5442, #3991, #2421, .T. ) ;
#924 = ORIENTED_EDGE ( 'NONE', *, *, #4719, .F. ) ;
#925 = ORIENTED_EDGE ( 'NONE', *, *, #111, .T. ) ;
#926 = LINE ( 'NONE', #2381, #2388 ) ;
#927 = ORIENTED_EDGE ( 'NONE', *, *, #467, .F. ) ;
#928 = VERTEX_POINT ( 'NONE', #79 ) ;
#929 = LINE ( 'NONE', #6666, #1917 ) ;
#930 = PLANE ( 'NONE',  #1301 ) ;
#931 = EDGE_CURVE ( 'NONE', #3526, #5363, #2149, .T. ) ;
#932 = EDGE_LOOP ( 'NONE', ( #2724, #5942, #1087, #3334 ) ) ;
#933 = ORIENTED_EDGE ( 'NONE', *, *, #2352, .T. ) ;
#934 = VERTEX_POINT ( 'NONE', #5239 ) ;
#935 = FACE_OUTER_BOUND ( 'NONE', #1892, .T. ) ;
#936 = DIRECTION ( 'NONE',  ( -1.000000000000000000, 0.000000000000000000, 0.000000000000000000 ) ) ;
#937 = EDGE_CURVE ( 'NONE', #5283, #5453, #5790, .T. ) ;
#938 = DIRECTION ( 'NONE',  ( -1.000000000000000000, -0.000000000000000000, 2.775557561562891351E-16 ) ) ;
#939 = ORIENTED_EDGE ( 'NONE', *, *, #5326, .T. ) ;
#940 = ADVANCED_FACE ( 'NONE', ( #4739 ), #2142, .F. ) ;
#941 = DIRECTION ( 'NONE',  ( 0.000000000000000000, -1.000000000000000000, 0.000000000000000000 ) ) ;
#942 = DIRECTION ( 'NONE',  ( 0.000000000000000000, 0.000000000000000000, 1.000000000000000000 ) ) ;
#943 = CARTESIAN_POINT ( 'NONE',  ( -37.50255571982732761, 5.000000000000000000, 20.99999999999998934 ) ) ;
#944 = AXIS2_PLACEMENT_3D ( 'NONE', #1683, #3294, #5799 ) ;
#945 = CARTESIAN_POINT ( 'NONE',  ( -48.50255571982733471, 5.000000000000000000, -20.99999999999999289 ) ) ;
#946 = CIRCLE ( 'NONE', #3555, 1.999999999999996669 ) ;
#947 = DIRECTION ( 'NONE',  ( 0.000000000000000000, 0.000000000000000000, 1.000000000000000000 ) ) ;
#948 = DIRECTION ( 'NONE',  ( -0.000000000000000000, 1.000000000000000000, -0.000000000000000000 ) ) ;
#949 = ORIENTED_EDGE ( 'NONE', *, *, #1592, .F. ) ;
#950 = DIRECTION ( 'NONE',  ( -0.000000000000000000, 0.000000000000000000, 1.000000000000000000 ) ) ;
#951 = EDGE_CURVE ( 'NONE', #2397, #3817, #2950, .T. ) ;
#952 = DIRECTION ( 'NONE',  ( 0.000000000000000000, -1.000000000000000000, 0.000000000000000000 ) ) ;
#953 = CIRCLE ( 'NONE', #5280, 1.000000000000000888 ) ;
#954 = VECTOR ( 'NONE', #6555, 1000.000000000000000 ) ;
#955 = LINE ( 'NONE', #265, #5304 ) ;
#956 = CARTESIAN_POINT ( 'NONE',  ( 79.99744428017268660, 10.00000000000000000, -68.75000000000000000 ) ) ;
#957 = DIRECTION ( 'NONE',  ( 0.000000000000000000, 0.000000000000000000, 1.000000000000000000 ) ) ;
#958 = ORIENTED_EDGE ( 'NONE', *, *, #2975, .F. ) ;
#959 = EDGE_LOOP ( 'NONE', ( #628, #544, #2483, #960 ) ) ;
#960 = ORIENTED_EDGE ( 'NONE', *, *, #6348, .F. ) ;
#961 = AXIS2_PLACEMENT_3D ( 'NONE', #6145, #1486, #807 ) ;
#962 = VECTOR ( 'NONE', #1035, 1000.000000000000000 ) ;
#963 = LINE ( 'NONE', #895, #217 ) ;
#964 = ORIENTED_EDGE ( 'NONE', *, *, #1716, .F. ) ;
#965 = CARTESIAN_POINT ( 'NONE',  ( 83.74744428017271503, -4.816681727819437597, 47.00000000000001421 ) ) ;
#966 = DIRECTION ( 'NONE',  ( 0.000000000000000000, 0.000000000000000000, 1.000000000000000000 ) ) ;
#967 = VERTEX_POINT ( 'NONE', #5489 ) ;
#968 = FACE_OUTER_BOUND ( 'NONE', #3908, .T. ) ;
#969 = ORIENTED_EDGE ( 'NONE', *, *, #1268, .T. ) ;
#970 = ORIENTED_EDGE ( 'NONE', *, *, #6412, .T. ) ;
#971 = DIRECTION ( 'NONE',  ( 8.659560562354752899E-17, -0.7071067811865622277, 0.7071067811865328068 ) ) ;
#972 = DIRECTION ( 'NONE',  ( 0.000000000000000000, -1.000000000000000000, 0.000000000000000000 ) ) ;
#973 = CYLINDRICAL_SURFACE ( 'NONE', #2921, 2.249999999999998668 ) ;
#974 = ORIENTED_EDGE ( 'NONE', *, *, #2144, .F. ) ;
#975 = VECTOR ( 'NONE', #161, 1000.000000000000000 ) ;
#976 = ADVANCED_FACE ( 'NONE', ( #6551 ), #5593, .F. ) ;
#977 = EDGE_CURVE ( 'NONE', #1501, #5134, #5528, .T. ) ;
#978 = DIRECTION ( 'NONE',  ( 0.000000000000000000, 1.000000000000000000, 0.000000000000000000 ) ) ;
#979 = FACE_OUTER_BOUND ( 'NONE', #5343, .T. ) ;
#980 = DIRECTION ( 'NONE',  ( 0.000000000000000000, -0.5000000000000006661, 0.8660254037844383745 ) ) ;
#981 = CIRCLE ( 'NONE', #1307, 1.500000000000001332 ) ;
#982 = DIRECTION ( 'NONE',  ( 1.387778780781445922E-16, 0.000000000000000000, 1.000000000000000000 ) ) ;
#983 = CYLINDRICAL_SURFACE ( 'NONE', #6063, 2.249999999999998668 ) ;
#984 = VERTEX_POINT ( 'NONE', #5565 ) ;
#985 = DIRECTION ( 'NONE',  ( 0.000000000000000000, 1.000000000000000000, 0.000000000000000000 ) ) ;
#986 = AXIS2_PLACEMENT_3D ( 'NONE', #1660, #5476, #5830 ) ;
#987 = EDGE_CURVE ( 'NONE', #452, #5177, #3567, .T. ) ;
#988 = CYLINDRICAL_SURFACE ( 'NONE', #1306, 1.999999999999994893 ) ;
#989 = DIRECTION ( 'NONE',  ( 1.000000000000000000, 0.000000000000000000, 0.000000000000000000 ) ) ;
#990 = DIRECTION ( 'NONE',  ( 0.000000000000000000, 1.000000000000000000, 0.000000000000000000 ) ) ;
#991 = ORIENTED_EDGE ( 'NONE', *, *, #3563, .F. ) ;
#992 = ORIENTED_EDGE ( 'NONE', *, *, #6572, .F. ) ;
#993 = DIRECTION ( 'NONE',  ( -1.000000000000000000, -0.000000000000000000, -2.775557561562891351E-16 ) ) ;
#994 = CIRCLE ( 'NONE', #5546, 2.249999999999998668 ) ;
#995 = ORIENTED_EDGE ( 'NONE', *, *, #1406, .T. ) ;
#996 = CIRCLE ( 'NONE', #3504, 1.500000000000001332 ) ;
#997 = VECTOR ( 'NONE', #2328, 1000.000000000000000 ) ;
#998 = CARTESIAN_POINT ( 'NONE',  ( -28.00255571982732050, 5.000000000000000000, -23.24999999999998579 ) ) ;
#999 = ORIENTED_EDGE ( 'NONE', *, *, #5016, .T. ) ;
#1000 = DIRECTION ( 'NONE',  ( -0.000000000000000000, -1.000000000000000000, -0.000000000000000000 ) ) ;
#1001 = CARTESIAN_POINT ( 'NONE',  ( 27.99744428017270081, -3.000000000000000000, 47.00000000000001421 ) ) ;
#1002 = AXIS2_PLACEMENT_3D ( 'NONE', #1055, #5683, #1594 ) ;
#1003 = VECTOR ( 'NONE', #2972, 1000.000000000000000 ) ;
#1004 = ORIENTED_EDGE ( 'NONE', *, *, #5923, .F. ) ;
#1005 = AXIS2_PLACEMENT_3D ( 'NONE', #1249, #4477, #5483 ) ;
#1006 = ORIENTED_EDGE ( 'NONE', *, *, #1889, .F. ) ;
#1007 = VERTEX_POINT ( 'NONE', #5668 ) ;
#1008 = CARTESIAN_POINT ( 'NONE',  ( -68.50255571982732761, 5.000000000000000000, -18.75000000000000000 ) ) ;
#1009 = ADVANCED_FACE ( 'NONE', ( #6648 ), #4066, .F. ) ;
#1010 = CARTESIAN_POINT ( 'NONE',  ( -28.00255571982732050, 5.000000000000000000, -20.99999999999998579 ) ) ;
#1011 = VERTEX_POINT ( 'NONE', #521 ) ;
#1012 = DIRECTION ( 'NONE',  ( 0.000000000000000000, -0.4999999999999999445, -0.8660254037844387076 ) ) ;
#1013 = DIRECTION ( 'NONE',  ( 1.000000000000000000, 0.000000000000000000, 0.000000000000000000 ) ) ;
#1014 = CARTESIAN_POINT ( 'NONE',  ( 27.99744428017270081, -10.00000000000000000, 35.00000000000001421 ) ) ;
#1015 = CARTESIAN_POINT ( 'NONE',  ( -48.50255571982733471, 4.336808689942017736E-16, -27.17157287525380838 ) ) ;
#1016 = FACE_OUTER_BOUND ( 'NONE', #6, .T. ) ;
#1017 = DIRECTION ( 'NONE',  ( -0.000000000000000000, -0.000000000000000000, 1.000000000000000000 ) ) ;
#1018 = CARTESIAN_POINT ( 'NONE',  ( -28.00255571982732050, 5.000000000000000000, -18.74999999999998934 ) ) ;
#1019 = EDGE_LOOP ( 'NONE', ( #2996, #6286, #2786, #543 ) ) ;
#1020 = EDGE_CURVE ( 'NONE', #5429, #3336, #1495, .T. ) ;
#1021 = EDGE_CURVE ( 'NONE', #2740, #2415, #2358, .T. ) ;
#1022 = DIRECTION ( 'NONE',  ( 0.000000000000000000, 0.000000000000000000, 1.000000000000000000 ) ) ;
#1023 = FACE_OUTER_BOUND ( 'NONE', #1792, .T. ) ;
#1024 = ORIENTED_EDGE ( 'NONE', *, *, #1071, .T. ) ;
#1025 = EDGE_CURVE ( 'NONE', #6322, #2099, #283, .T. ) ;
#1026 = ORIENTED_EDGE ( 'NONE', *, *, #262, .T. ) ;
#1027 = EDGE_CURVE ( 'NONE', #3837, #5621, #3870, .T. ) ;
#1028 = DIRECTION ( 'NONE',  ( 8.659560562354761527E-17, -0.7071067811865616726, 0.7071067811865334729 ) ) ;
#1029 = ORIENTED_EDGE ( 'NONE', *, *, #1852, .F. ) ;
#1030 = ORIENTED_EDGE ( 'NONE', *, *, #3979, .F. ) ;
#1031 = LINE ( 'NONE', #6227, #1728 ) ;
#1032 = EDGE_CURVE ( 'NONE', #5193, #5581, #304, .T. ) ;
#1033 = ORIENTED_EDGE ( 'NONE', *, *, #4601, .F. ) ;
#1034 = EDGE_CURVE ( 'NONE', #4301, #2209, #181, .T. ) ;
#1035 = DIRECTION ( 'NONE',  ( -1.000000000000000000, -0.000000000000000000, -0.000000000000000000 ) ) ;
#1036 = DIRECTION ( 'NONE',  ( 0.000000000000000000, 0.000000000000000000, 1.000000000000000000 ) ) ;
#1037 = EDGE_LOOP ( 'NONE', ( #1303, #939, #5857, #4196 ) ) ;
#1038 = ORIENTED_EDGE ( 'NONE', *, *, #1552, .F. ) ;
#1039 = CARTESIAN_POINT ( 'NONE',  ( -73.00255571982731340, 10.00000000000000000, -10.00000000000000178 ) ) ;
#1040 = CARTESIAN_POINT ( 'NONE',  ( 1.797444280172685982, 0.000000000000000000, 37.00000000000000000 ) ) ;
#1041 = DIRECTION ( 'NONE',  ( 0.000000000000000000, 0.000000000000000000, -1.000000000000000000 ) ) ;
#1042 = ORIENTED_EDGE ( 'NONE', *, *, #6055, .T. ) ;
#1043 = FACE_OUTER_BOUND ( 'NONE', #6422, .T. ) ;
#1044 = DIRECTION ( 'NONE',  ( 0.000000000000000000, 0.000000000000000000, -1.000000000000000000 ) ) ;
#1045 = CARTESIAN_POINT ( 'NONE',  ( 1.797444280172685982, 7.000000000000000000, 45.00000000000000000 ) ) ;
#1046 = FACE_BOUND ( 'NONE', #2568, .T. ) ;
#1047 = CYLINDRICAL_SURFACE ( 'NONE', #286, 1.750000000000001554 ) ;
#1048 = CARTESIAN_POINT ( 'NONE',  ( 1.797444280172685982, 0.4999999999999483746, 34.99999999999999289 ) ) ;
#1049 = ORIENTED_EDGE ( 'NONE', *, *, #3143, .T. ) ;
#1050 = LINE ( 'NONE', #4659, #5532 ) ;
#1051 = CARTESIAN_POINT ( 'NONE',  ( -28.00255571982732050, 5.000000000000000000, 20.99999999999998579 ) ) ;
#1052 = VERTEX_POINT ( 'NONE', #5865 ) ;
#1053 = EDGE_CURVE ( 'NONE', #1596, #1542, #5628, .T. ) ;
#1054 = ORIENTED_EDGE ( 'NONE', *, *, #5026, .T. ) ;
#1055 = CARTESIAN_POINT ( 'NONE',  ( 51.99744428017267950, 3.999999999999996447, -20.00000000000000000 ) ) ;
#1056 = ORIENTED_EDGE ( 'NONE', *, *, #558, .T. ) ;
#1057 = AXIS2_PLACEMENT_3D ( 'NONE', #4816, #4300, #759 ) ;
#1058 = AXIS2_PLACEMENT_3D ( 'NONE', #1574, #4194, #1105 ) ;
#1059 = EDGE_CURVE ( 'NONE', #4657, #1108, #3322, .T. ) ;
#1060 = CARTESIAN_POINT ( 'NONE',  ( -29.50255571982732761, 4.999999999999998224, 24.92598183048944449 ) ) ;
#1061 = VECTOR ( 'NONE', #5292, 1000.000000000000000 ) ;
#1062 = VERTEX_POINT ( 'NONE', #2703 ) ;
#1063 = ADVANCED_FACE ( 'NONE', ( #1684, #3758 ), #3259, .F. ) ;
#1064 = AXIS2_PLACEMENT_3D ( 'NONE', #1194, #4895, #3271 ) ;
#1065 = EDGE_LOOP ( 'NONE', ( #2535, #3329, #5231, #1738 ) ) ;
#1066 = DIRECTION ( 'NONE',  ( 0.000000000000000000, 0.000000000000000000, 1.000000000000000000 ) ) ;
#1067 = ORIENTED_EDGE ( 'NONE', *, *, #3003, .F. ) ;
#1068 = CIRCLE ( 'NONE', #5952, 2.000000000000057288 ) ;
#1069 = CARTESIAN_POINT ( 'NONE',  ( 34.99744428017269371, 10.00000000000000000, 70.50000000000000000 ) ) ;
#1070 = EDGE_LOOP ( 'NONE', ( #3912, #2376, #3210, #2966 ) ) ;
#1071 = EDGE_CURVE ( 'NONE', #6564, #1817, #5417, .T. ) ;
#1072 = EDGE_LOOP ( 'NONE', ( #2263, #5586, #3799, #1600 ) ) ;
#1073 = CARTESIAN_POINT ( 'NONE',  ( -29.50255571982732761, 13.52282326805818968, -24.92598183048944449 ) ) ;
#1074 = CONICAL_SURFACE ( 'NONE', #3992, 2.000000000000008882, 0.7853981633974760346 ) ;
#1075 = DIRECTION ( 'NONE',  ( -0.000000000000000000, 1.000000000000000000, -0.000000000000000000 ) ) ;
#1076 = CARTESIAN_POINT ( 'NONE',  ( -58.50255571982733471, 0.000000000000000000, -14.50000000000000178 ) ) ;
#1077 = EDGE_CURVE ( 'NONE', #1608, #1650, #5954, .T. ) ;
#1078 = ORIENTED_EDGE ( 'NONE', *, *, #527, .T. ) ;
#1079 = DIRECTION ( 'NONE',  ( 0.000000000000000000, 0.000000000000000000, -1.000000000000000000 ) ) ;
#1080 = CIRCLE ( 'NONE', #5745, 3.499999999999999556 ) ;
#1081 = DIRECTION ( 'NONE',  ( -0.000000000000000000, -1.000000000000000000, -0.000000000000000000 ) ) ;
#1082 = ORIENTED_EDGE ( 'NONE', *, *, #4628, .F. ) ;
#1083 = DIRECTION ( 'NONE',  ( 2.775557561562891351E-16, 0.000000000000000000, 1.000000000000000000 ) ) ;
#1084 = LINE ( 'NONE', #3087, #4908 ) ;
#1085 = CARTESIAN_POINT ( 'NONE',  ( -73.00255571982731340, 0.000000000000000000, -12.50000000000000355 ) ) ;
#1086 = DIRECTION ( 'NONE',  ( 0.000000000000000000, 0.000000000000000000, 1.000000000000000000 ) ) ;
#1087 = ORIENTED_EDGE ( 'NONE', *, *, #6439, .T. ) ;
#1088 = VECTOR ( 'NONE', #366, 1000.000000000000000 ) ;
#1089 = VECTOR ( 'NONE', #4406, 1000.000000000000000 ) ;
#1090 = LINE ( 'NONE', #2503, #1628 ) ;
#1091 = PLANE ( 'NONE',  #4248 ) ;
#1092 = VERTEX_POINT ( 'NONE', #1315 ) ;
#1093 = CARTESIAN_POINT ( 'NONE',  ( -68.50255571982732761, 10.00000000000000000, -27.99999999999999289 ) ) ;
#1094 = VERTEX_POINT ( 'NONE', #3392 ) ;
#1095 = AXIS2_PLACEMENT_3D ( 'NONE', #4615, #978, #1452 ) ;
#1096 = CARTESIAN_POINT ( 'NONE',  ( -29.50255571982732761, 1.600000000000002087, -22.96299091524471692 ) ) ;
#1097 = EDGE_LOOP ( 'NONE', ( #3557, #6360, #5262, #312, #974, #2292 ) ) ;
#1098 = VERTEX_POINT ( 'NONE', #3928 ) ;
#1099 = ADVANCED_FACE ( 'NONE', ( #5481 ), #2022, .F. ) ;
#1100 = VECTOR ( 'NONE', #6583, 1000.000000000000000 ) ;
#1101 = ORIENTED_EDGE ( 'NONE', *, *, #400, .T. ) ;
#1102 = AXIS2_PLACEMENT_3D ( 'NONE', #6426, #2235, #3844 ) ;
#1103 = EDGE_CURVE ( 'NONE', #6164, #292, #4706, .T. ) ;
#1104 = FACE_OUTER_BOUND ( 'NONE', #5987, .T. ) ;
#1105 = DIRECTION ( 'NONE',  ( 0.000000000000000000, 0.000000000000000000, 1.000000000000000000 ) ) ;
#1106 = ORIENTED_EDGE ( 'NONE', *, *, #1843, .F. ) ;
#1107 = AXIS2_PLACEMENT_3D ( 'NONE', #3971, #5536, #329 ) ;
#1108 = VERTEX_POINT ( 'NONE', #1980 ) ;
#1109 = LINE ( 'NONE', #5243, #1381 ) ;
#1110 = AXIS2_PLACEMENT_3D ( 'NONE', #3702, #6240, #5635 ) ;
#1111 = DIRECTION ( 'NONE',  ( -0.000000000000000000, 1.000000000000000000, -0.000000000000000000 ) ) ;
#1112 = CARTESIAN_POINT ( 'NONE',  ( -73.00255571982731340, 0.000000000000000000, -7.500000000000000000 ) ) ;
#1113 = ORIENTED_EDGE ( 'NONE', *, *, #4065, .F. ) ;
#1114 = EDGE_CURVE ( 'NONE', #5409, #4535, #6198, .T. ) ;
#1115 = CARTESIAN_POINT ( 'NONE',  ( 32.99744428017270081, -4.816681727819437597, 47.00000000000001421 ) ) ;
#1116 = CIRCLE ( 'NONE', #4700, 1.750000000000001554 ) ;
#1117 = VECTOR ( 'NONE', #2162, 1000.000000000000000 ) ;
#1118 = DIRECTION ( 'NONE',  ( 8.659560562355173214E-17, -0.7071067811865279218, 0.7071067811865671127 ) ) ;
#1119 = ORIENTED_EDGE ( 'NONE', *, *, #4426, .T. ) ;
#1120 = CARTESIAN_POINT ( 'NONE',  ( -38.50255571982732761, 0.000000000000000000, -14.50000000000000178 ) ) ;
#1121 = CARTESIAN_POINT ( 'NONE',  ( -34.50255571982732761, 4.999999999999999112, 17.07401816951053419 ) ) ;
#1122 = DIRECTION ( 'NONE',  ( -1.000000000000000000, 0.000000000000000000, -0.000000000000000000 ) ) ;
#1123 = CARTESIAN_POINT ( 'NONE',  ( -74.00255571982731340, 5.000000000000000000, 21.00000000000000000 ) ) ;
#1124 = EDGE_LOOP ( 'NONE', ( #2624, #2332 ) ) ;
#1125 = VECTOR ( 'NONE', #1358, 1000.000000000000000 ) ;
#1126 = EDGE_CURVE ( 'NONE', #6484, #752, #4639, .T. ) ;
#1127 = DIRECTION ( 'NONE',  ( 0.000000000000000000, 0.000000000000000000, 1.000000000000000000 ) ) ;
#1128 = DIRECTION ( 'NONE',  ( -0.000000000000000000, 0.000000000000000000, 1.000000000000000000 ) ) ;
#1129 = VERTEX_POINT ( 'NONE', #4056 ) ;
#1130 = DIRECTION ( 'NONE',  ( -0.000000000000000000, 1.000000000000000000, -0.000000000000000000 ) ) ;
#1131 = ORIENTED_EDGE ( 'NONE', *, *, #873, .T. ) ;
#1132 = CARTESIAN_POINT ( 'NONE',  ( 1.797444280172685982, 7.000000000000000000, -45.00000000000000000 ) ) ;
#1133 = ORIENTED_EDGE ( 'NONE', *, *, #2144, .T. ) ;
#1134 = ADVANCED_FACE ( 'NONE', ( #968 ), #4193, .F. ) ;
#1135 = CARTESIAN_POINT ( 'NONE',  ( -33.00255571982732050, 0.000000000000000000, -10.00000000000000178 ) ) ;
#1136 = ORIENTED_EDGE ( 'NONE', *, *, #340, .T. ) ;
#1137 = ORIENTED_EDGE ( 'NONE', *, *, #4920, .T. ) ;
#1138 = ORIENTED_EDGE ( 'NONE', *, *, #1027, .F. ) ;
#1139 = CARTESIAN_POINT ( 'NONE',  ( 1.797444280172685982, 10.00000000000000000, -46.50000000000000000 ) ) ;
#1140 = LINE ( 'NONE', #3107, #837 ) ;
#1141 = ORIENTED_EDGE ( 'NONE', *, *, #3520, .T. ) ;
#1142 = VERTEX_POINT ( 'NONE', #6697 ) ;
#1143 = CARTESIAN_POINT ( 'NONE',  ( -68.50255571982732761, 10.00000000000000000, -27.99999999999999289 ) ) ;
#1144 = CARTESIAN_POINT ( 'NONE',  ( 86.99744428017270081, 0.000000000000000000, -34.99999999999999289 ) ) ;
#1145 = ADVANCED_FACE ( 'NONE', ( #1573 ), #4090, .F. ) ;
#1146 = CARTESIAN_POINT ( 'NONE',  ( 1.797444280172685982, 0.4999999999999483746, 45.00000000000000000 ) ) ;
#1147 = DIRECTION ( 'NONE',  ( -1.000000000000000000, 0.000000000000000000, 0.000000000000000000 ) ) ;
#1148 = VERTEX_POINT ( 'NONE', #3106 ) ;
#1149 = EDGE_CURVE ( 'NONE', #2452, #1698, #10, .T. ) ;
#1150 = LINE ( 'NONE', #6405, #6402 ) ;
#1151 = LINE ( 'NONE', #1220, #22 ) ;
#1152 = ADVANCED_FACE ( 'NONE', ( #6230 ), #3655, .F. ) ;
#1153 = CARTESIAN_POINT ( 'NONE',  ( -26.20255571982731979, 10.00000000000000000, 27.99999999999999645 ) ) ;
#1154 = CARTESIAN_POINT ( 'NONE',  ( 1.797444280172685982, 0.4999999999999483746, 37.00000000000000000 ) ) ;
#1155 = VERTEX_POINT ( 'NONE', #5758 ) ;
#1156 = CARTESIAN_POINT ( 'NONE',  ( 1.797444280172685982, 7.000000000000000000, -33.49999999999999289 ) ) ;
#1157 = FILL_AREA_STYLE ('',( #2261 ) ) ;
#1158 = ORIENTED_EDGE ( 'NONE', *, *, #2296, .T. ) ;
#1159 = ADVANCED_FACE ( 'NONE', ( #1104 ), #3179, .F. ) ;
#1160 = DIRECTION ( 'NONE',  ( 0.000000000000000000, 1.000000000000000000, 0.000000000000000000 ) ) ;
#1161 = CARTESIAN_POINT ( 'NONE',  ( 79.99744428017268660, 7.000000000000000000, 72.00000000000001421 ) ) ;
#1162 = ORIENTED_EDGE ( 'NONE', *, *, #296, .F. ) ;
#1163 = DIRECTION ( 'NONE',  ( -0.000000000000000000, -0.000000000000000000, 1.000000000000000000 ) ) ;
#1164 = ORIENTED_EDGE ( 'NONE', *, *, #5125, .F. ) ;
#1165 = CARTESIAN_POINT ( 'NONE',  ( 79.99744428017268660, 7.000000000000000000, -72.00000000000001421 ) ) ;
#1166 = ORIENTED_EDGE ( 'NONE', *, *, #6138, .T. ) ;
#1167 = ORIENTED_EDGE ( 'NONE', *, *, #3229, .F. ) ;
#1168 = AXIS2_PLACEMENT_3D ( 'NONE', #414, #3338, #2860 ) ;
#1169 = VECTOR ( 'NONE', #3821, 1000.000000000000000 ) ;
#1170 = AXIS2_PLACEMENT_3D ( 'NONE', #6068, #3630, #2554 ) ;
#1171 = VERTEX_POINT ( 'NONE', #3843 ) ;
#1172 = EDGE_LOOP ( 'NONE', ( #1619, #6025, #1101, #2657 ) ) ;
#1173 = CARTESIAN_POINT ( 'NONE',  ( 34.99744428017269371, 10.00000000000000000, 72.00000000000001421 ) ) ;
#1174 = LINE ( 'NONE', #4744, #5736 ) ;
#1175 = CARTESIAN_POINT ( 'NONE',  ( -73.00255571982731340, 10.00000000000000000, 11.99999999999999467 ) ) ;
#1176 = CIRCLE ( 'NONE', #2905, 1.500000000000001332 ) ;
#1177 = AXIS2_PLACEMENT_3D ( 'NONE', #907, #4098, #3634 ) ;
#1178 = DIRECTION ( 'NONE',  ( 0.000000000000000000, 0.000000000000000000, 1.000000000000000000 ) ) ;
#1179 = CIRCLE ( 'NONE', #961, 2.000000000000001776 ) ;
#1180 = ORIENTED_EDGE ( 'NONE', *, *, #5033, .T. ) ;
#1181 = CYLINDRICAL_SURFACE ( 'NONE', #2711, 2.750000000000002665 ) ;
#1182 = AXIS2_PLACEMENT_3D ( 'NONE', #5276, #1963, #3542 ) ;
#1183 = DIRECTION ( 'NONE',  ( 0.000000000000000000, 0.000000000000000000, -1.000000000000000000 ) ) ;
#1184 = LINE ( 'NONE', #6276, #769 ) ;
#1185 = CYLINDRICAL_SURFACE ( 'NONE', #2249, 2.249999999999998668 ) ;
#1186 = EDGE_LOOP ( 'NONE', ( #3926, #160 ) ) ;
#1187 = CIRCLE ( 'NONE', #5082, 2.000000000000005329 ) ;
#1188 = ADVANCED_FACE ( 'NONE', ( #3869 ), #4958, .F. ) ;
#1189 = EDGE_CURVE ( 'NONE', #1342, #1596, #6021, .T. ) ;
#1190 = PLANE ( 'NONE',  #1408 ) ;
#1191 =( NAMED_UNIT ( * ) SI_UNIT ( $, .STERADIAN. ) SOLID_ANGLE_UNIT ( ) );
#1192 = VECTOR ( 'NONE', #2937, 1000.000000000000000 ) ;
#1193 = ORIENTED_EDGE ( 'NONE', *, *, #5915, .T. ) ;
#1194 = CARTESIAN_POINT ( 'NONE',  ( -33.00255571982732050, 0.000000000000000000, 9.999999999999998224 ) ) ;
#1195 = DIRECTION ( 'NONE',  ( 0.000000000000000000, 0.000000000000000000, -1.000000000000000000 ) ) ;
#1196 = VERTEX_POINT ( 'NONE', #5499 ) ;
#1197 = CONICAL_SURFACE ( 'NONE', #6183, 1.500000000000001332, 0.7853981633974712606 ) ;
#1198 = EDGE_CURVE ( 'NONE', #5238, #1933, #2819, .T. ) ;
#1199 = PRODUCT_DEFINITION_CONTEXT ( 'detailed design', #856, 'design' ) ;
#1200 = DIRECTION ( 'NONE',  ( 0.000000000000000000, 0.000000000000000000, 1.000000000000000000 ) ) ;
#1201 = ORIENTED_EDGE ( 'NONE', *, *, #270, .T. ) ;
#1202 = ORIENTED_EDGE ( 'NONE', *, *, #3631, .T. ) ;
#1203 = CIRCLE ( 'NONE', #5538, 1.000000000000000888 ) ;
#1204 =( BOUNDED_CURVE ( )  B_SPLINE_CURVE ( 3, ( #707, #198, #4832, #5394 ),
 .UNSPECIFIED., .F., .F. ) 
 B_SPLINE_CURVE_WITH_KNOTS ( ( 4, 4 ),
 ( 0.000000000000000000, 1.570796326794896558 ),
 .UNSPECIFIED. ) 
 CURVE ( )  GEOMETRIC_REPRESENTATION_ITEM ( )  RATIONAL_B_SPLINE_CURVE ( ( 1.000000000000000000, 0.8047378541243649375, 0.8047378541243649375, 1.000000000000000000 ) ) 
 REPRESENTATION_ITEM ( '' )  );
#1205 = EDGE_CURVE ( 'NONE', #2948, #2865, #4454, .T. ) ;
#1206 = VECTOR ( 'NONE', #4570, 1000.000000000000000 ) ;
#1207 = ORIENTED_EDGE ( 'NONE', *, *, #5737, .T. ) ;
#1208 = ORIENTED_EDGE ( 'NONE', *, *, #508, .T. ) ;
#1209 = DIRECTION ( 'NONE',  ( -1.000000000000000000, 0.000000000000000000, 0.000000000000000000 ) ) ;
#1210 = DIRECTION ( 'NONE',  ( 0.000000000000000000, 1.000000000000000000, -0.000000000000000000 ) ) ;
#1211 = CARTESIAN_POINT ( 'NONE',  ( -37.50255571982732761, 0.000000000000000000, 28.00000000000000000 ) ) ;
#1212 = CIRCLE ( 'NONE', #1424, 2.750000000000002665 ) ;
#1213 = DIRECTION ( 'NONE',  ( -0.000000000000000000, 1.000000000000000000, -0.000000000000000000 ) ) ;
#1214 = CARTESIAN_POINT ( 'NONE',  ( 30.99744428017270081, -7.000000000000000000, 47.00000000000001421 ) ) ;
#1215 = VECTOR ( 'NONE', #3764, 1000.000000000000114 ) ;
#1216 = CIRCLE ( 'NONE', #5112, 2.500000000000002220 ) ;
#1217 = VERTEX_POINT ( 'NONE', #2308 ) ;
#1218 = DIRECTION ( 'NONE',  ( 0.000000000000000000, 0.000000000000000000, 1.000000000000000000 ) ) ;
#1219 = ADVANCED_FACE ( 'NONE', ( #4933 ), #3945, .F. ) ;
#1220 = CARTESIAN_POINT ( 'NONE',  ( -28.00255571982732050, 5.000000000000000000, -18.74999999999998934 ) ) ;
#1221 = CARTESIAN_POINT ( 'NONE',  ( 131.9974442801726866, 4.000000000000000000, 34.75000000000000711 ) ) ;
#1222 = CARTESIAN_POINT ( 'NONE',  ( -47.50255571982733471, 10.00000000000000000, -13.50000000000000178 ) ) ;
#1223 = ORIENTED_EDGE ( 'NONE', *, *, #1739, .T. ) ;
#1224 = AXIS2_PLACEMENT_3D ( 'NONE', #1422, #5572, #261 ) ;
#1225 = CIRCLE ( 'NONE', #449, 2.000000000000001776 ) ;
#1226 = DIRECTION ( 'NONE',  ( -1.000000000000000000, 0.000000000000000000, 0.000000000000000000 ) ) ;
#1227 = VECTOR ( 'NONE', #5086, 1000.000000000000000 ) ;
#1228 = DIRECTION ( 'NONE',  ( 0.000000000000000000, 0.000000000000000000, 1.000000000000000000 ) ) ;
#1229 = ORIENTED_EDGE ( 'NONE', *, *, #4393, .T. ) ;
#1230 = CARTESIAN_POINT ( 'NONE',  ( -28.00255571982732050, 5.000000000000000000, -20.99999999999998579 ) ) ;
#1231 = VERTEX_POINT ( 'NONE', #6522 ) ;
#1232 = ADVANCED_FACE ( 'NONE', ( #2336 ), #2885, .F. ) ;
#1233 = VERTEX_POINT ( 'NONE', #1864 ) ;
#1234 = CARTESIAN_POINT ( 'NONE',  ( -50.50255571982733471, 0.000000000000000000, 25.99999999999999645 ) ) ;
#1235 = VERTEX_POINT ( 'NONE', #6047 ) ;
#1236 = EDGE_CURVE ( 'NONE', #5148, #2811, #3476, .T. ) ;
#1237 = EDGE_LOOP ( 'NONE', ( #201, #6267, #6641, #5660 ) ) ;
#1238 = EDGE_CURVE ( 'NONE', #4119, #3736, #4521, .T. ) ;
#1239 = ORIENTED_EDGE ( 'NONE', *, *, #2028, .T. ) ;
#1240 = LINE ( 'NONE', #1308, #1169 ) ;
#1241 = EDGE_LOOP ( 'NONE', ( #1004, #3716, #3394, #6332 ) ) ;
#1242 = DIRECTION ( 'NONE',  ( 0.000000000000000000, -1.000000000000000000, 0.000000000000000000 ) ) ;
#1243 = CARTESIAN_POINT ( 'NONE',  ( 1.797444280172685982, 0.000000000000000000, 37.00000000000000000 ) ) ;
#1244 = ADVANCED_FACE ( 'NONE', ( #6587 ), #2638, .T. ) ;
#1245 = LINE ( 'NONE', #152, #6280 ) ;
#1246 = EDGE_CURVE ( 'NONE', #2839, #3129, #6473, .T. ) ;
#1247 = LINE ( 'NONE', #5928, #5833 ) ;
#1248 = VERTEX_POINT ( 'NONE', #4558 ) ;
#1249 = CARTESIAN_POINT ( 'NONE',  ( 86.99744428017268660, 10.00000000000000000, -75.00000000000000000 ) ) ;
#1250 = FACE_OUTER_BOUND ( 'NONE', #2938, .T. ) ;
#1251 = CARTESIAN_POINT ( 'NONE',  ( 1.797444280172685982, 7.000000000000000000, -37.00000000000000000 ) ) ;
#1252 = DIRECTION ( 'NONE',  ( -1.000000000000000000, -0.000000000000000000, 2.775557561562891351E-16 ) ) ;
#1253 = ORIENTED_EDGE ( 'NONE', *, *, #1916, .F. ) ;
#1254 = FACE_OUTER_BOUND ( 'NONE', #1707, .T. ) ;
#1255 = CARTESIAN_POINT ( 'NONE',  ( -29.50255571982732761, 4.999999999999998224, -24.92598183048944449 ) ) ;
#1256 = EDGE_LOOP ( 'NONE', ( #3775, #5473, #2592, #5040 ) ) ;
#1257 = DIRECTION ( 'NONE',  ( 0.000000000000000000, -0.000000000000000000, 1.000000000000000000 ) ) ;
#1258 = DIRECTION ( 'NONE',  ( -0.000000000000000000, -1.000000000000000000, -0.000000000000000000 ) ) ;
#1259 = ORIENTED_EDGE ( 'NONE', *, *, #4426, .F. ) ;
#1260 = DIRECTION ( 'NONE',  ( 0.000000000000000000, 0.000000000000000000, 1.000000000000000000 ) ) ;
#1261 = ORIENTED_EDGE ( 'NONE', *, *, #1829, .F. ) ;
#1262 = PRODUCT_RELATED_PRODUCT_CATEGORY ( 'part', '', ( #621 ) ) ;
#1263 = DIRECTION ( 'NONE',  ( 0.000000000000000000, 0.000000000000000000, -1.000000000000000000 ) ) ;
#1264 = ORIENTED_EDGE ( 'NONE', *, *, #1528, .T. ) ;
#1265 = ORIENTED_EDGE ( 'NONE', *, *, #1769, .T. ) ;
#1266 = EDGE_LOOP ( 'NONE', ( #148, #3741 ) ) ;
#1267 = ADVANCED_FACE ( 'NONE', ( #4202 ), #5247, .F. ) ;
#1268 = EDGE_CURVE ( 'NONE', #4424, #1685, #4040, .T. ) ;
#1269 = LINE ( 'NONE', #6000, #5611 ) ;
#1270 = CIRCLE ( 'NONE', #1915, 2.000000000000001776 ) ;
#1271 = ORIENTED_EDGE ( 'NONE', *, *, #4344, .F. ) ;
#1272 = CARTESIAN_POINT ( 'NONE',  ( 34.99744428017269371, 10.00000000000000000, -73.50000000000001421 ) ) ;
#1273 = DIRECTION ( 'NONE',  ( -0.000000000000000000, 0.000000000000000000, 1.000000000000000000 ) ) ;
#1274 = PLANE ( 'NONE',  #4876 ) ;
#1275 = VECTOR ( 'NONE', #971, 1000.000000000000000 ) ;
#1276 = CONICAL_SURFACE ( 'NONE', #1064, 2.500000000000003109, 0.7853981633974284060 ) ;
#1277 = CARTESIAN_POINT ( 'NONE',  ( -73.00255571982731340, 0.000000000000000000, 9.999999999999998224 ) ) ;
#1278 = EDGE_CURVE ( 'NONE', #2012, #4129, #6152, .T. ) ;
#1279 = EDGE_LOOP ( 'NONE', ( #2141, #1968 ) ) ;
#1280 = LINE ( 'NONE', #1375, #33 ) ;
#1281 = DIRECTION ( 'NONE',  ( 1.000000000000000000, -0.000000000000000000, -0.000000000000000000 ) ) ;
#1282 = CIRCLE ( 'NONE', #6487, 2.000000000000008882 ) ;
#1283 = DIRECTION ( 'NONE',  ( -0.9246780984747264842, -0.000000000000000000, -0.3807498052542694356 ) ) ;
#1284 = VECTOR ( 'NONE', #1646, 1000.000000000000000 ) ;
#1285 = DIRECTION ( 'NONE',  ( -0.000000000000000000, 1.000000000000000000, -0.000000000000000000 ) ) ;
#1286 = DIRECTION ( 'NONE',  ( 0.000000000000000000, 0.000000000000000000, 1.000000000000000000 ) ) ;
#1287 = VERTEX_POINT ( 'NONE', #1425 ) ;
#1288 = VECTOR ( 'NONE', #2462, 1000.000000000000000 ) ;
#1289 = AXIS2_PLACEMENT_3D ( 'NONE', #4019, #1443, #3891 ) ;
#1290 = CYLINDRICAL_SURFACE ( 'NONE', #3042, 2.000000000000005329 ) ;
#1291 = FACE_OUTER_BOUND ( 'NONE', #2360, .T. ) ;
#1292 = ORIENTED_EDGE ( 'NONE', *, *, #4307, .F. ) ;
#1293 = DIRECTION ( 'NONE',  ( 0.000000000000000000, 0.8660254037844382635, 0.5000000000000005551 ) ) ;
#1294 = CARTESIAN_POINT ( 'NONE',  ( -34.50255571982732761, 1.600000000000002087, 22.96299091524471692 ) ) ;
#1295 = DIRECTION ( 'NONE',  ( 0.000000000000000000, 0.000000000000000000, -1.000000000000000000 ) ) ;
#1296 = VERTEX_POINT ( 'NONE', #1581 ) ;
#1297 = DIRECTION ( 'NONE',  ( 8.659560562355131306E-17, -0.7071067811865312525, 0.7071067811865637820 ) ) ;
#1298 = AXIS2_PLACEMENT_3D ( 'NONE', #4133, #1513, #2088 ) ;
#1299 = ORIENTED_EDGE ( 'NONE', *, *, #5094, .T. ) ;
#1300 = DIRECTION ( 'NONE',  ( 0.000000000000000000, 0.000000000000000000, 1.000000000000000000 ) ) ;
#1301 = AXIS2_PLACEMENT_3D ( 'NONE', #5655, #2998, #1503 ) ;
#1302 = CARTESIAN_POINT ( 'NONE',  ( -74.00255571982731340, 5.000000000000000000, -21.00000000000000000 ) ) ;
#1303 = ORIENTED_EDGE ( 'NONE', *, *, #4087, .F. ) ;
#1304 = ORIENTED_EDGE ( 'NONE', *, *, #3419, .F. ) ;
#1305 = ORIENTED_EDGE ( 'NONE', *, *, #2674, .F. ) ;
#1306 = AXIS2_PLACEMENT_3D ( 'NONE', #571, #1590, #5095 ) ;
#1307 = AXIS2_PLACEMENT_3D ( 'NONE', #6239, #2601, #4687 ) ;
#1308 = CARTESIAN_POINT ( 'NONE',  ( -37.50255571982732761, 0.000000000000000000, 14.50000000000000178 ) ) ;
#1309 = ORIENTED_EDGE ( 'NONE', *, *, #3492, .F. ) ;
#1310 = DIRECTION ( 'NONE',  ( 0.000000000000000000, 0.000000000000000000, 1.000000000000000000 ) ) ;
#1311 = EDGE_CURVE ( 'NONE', #3752, #6448, #20, .T. ) ;
#1312 = CARTESIAN_POINT ( 'NONE',  ( 34.99744428017269371, 0.4999999999999466538, 70.50000000000000000 ) ) ;
#1313 = EDGE_CURVE ( 'NONE', #3991, #1834, #1459, .T. ) ;
#1314 = AXIS2_PLACEMENT_3D ( 'NONE', #371, #6663, #6126 ) ;
#1315 = CARTESIAN_POINT ( 'NONE',  ( 1.797444280172685982, 0.4999999999999483746, -43.50000000000000000 ) ) ;
#1316 = ORIENTED_EDGE ( 'NONE', *, *, #4884, .F. ) ;
#1317 = DIRECTION ( 'NONE',  ( 0.000000000000000000, 0.000000000000000000, 1.000000000000000000 ) ) ;
#1318 = CIRCLE ( 'NONE', #2616, 1.999999999999994893 ) ;
#1319 = DIRECTION ( 'NONE',  ( -0.000000000000000000, 1.000000000000000000, -0.000000000000000000 ) ) ;
#1320 = CARTESIAN_POINT ( 'NONE',  ( -29.50255571982732761, 4.999999999999999112, 17.07401816951053419 ) ) ;
#1321 = ORIENTED_EDGE ( 'NONE', *, *, #2218, .T. ) ;
#1322 = EDGE_CURVE ( 'NONE', #5996, #3303, #6273, .T. ) ;
#1323 = AXIS2_PLACEMENT_3D ( 'NONE', #6312, #565, #2772 ) ;
#1324 = CIRCLE ( 'NONE', #6525, 1.000000000000000888 ) ;
#1325 = DIRECTION ( 'NONE',  ( 0.000000000000000000, -0.000000000000000000, -1.000000000000000000 ) ) ;
#1326 = CARTESIAN_POINT ( 'NONE',  ( -29.50255571982732761, 10.00000000000000000, 17.07401816951053419 ) ) ;
#1327 = ORIENTED_EDGE ( 'NONE', *, *, #653, .F. ) ;
#1328 = FACE_BOUND ( 'NONE', #1851, .T. ) ;
#1329 = DIRECTION ( 'NONE',  ( -0.000000000000000000, -1.000000000000000000, -0.000000000000000000 ) ) ;
#1330 = AXIS2_PLACEMENT_3D ( 'NONE', #4479, #5523, #869 ) ;
#1331 = ORIENTED_EDGE ( 'NONE', *, *, #224, .T. ) ;
#1332 = DIRECTION ( 'NONE',  ( 0.000000000000000000, 1.000000000000000000, 0.000000000000000000 ) ) ;
#1333 = VECTOR ( 'NONE', #904, 1000.000000000000000 ) ;
#1334 = EDGE_CURVE ( 'NONE', #2928, #2903, #4981, .T. ) ;
#1335 = ORIENTED_EDGE ( 'NONE', *, *, #2542, .F. ) ;
#1336 = CIRCLE ( 'NONE', #2083, 2.249999999999998668 ) ;
#1337 = UNCERTAINTY_MEASURE_WITH_UNIT (LENGTH_MEASURE( 1.000000000000000082E-05 ), #2498, 'distance_accuracy_value', 'NONE');
#1338 = DIRECTION ( 'NONE',  ( 0.000000000000000000, -0.000000000000000000, 1.000000000000000000 ) ) ;
#1339 = CARTESIAN_POINT ( 'NONE',  ( 1.797444280172685982, 0.4999999999999483746, -45.00000000000000000 ) ) ;
#1340 = ORIENTED_EDGE ( 'NONE', *, *, #1592, .T. ) ;
#1341 = CARTESIAN_POINT ( 'NONE',  ( -38.50255571982732761, 10.00000000000000000, -13.50000000000000178 ) ) ;
#1342 = VERTEX_POINT ( 'NONE', #3025 ) ;
#1343 = EDGE_LOOP ( 'NONE', ( #2106, #3781 ) ) ;
#1344 = CARTESIAN_POINT ( 'NONE',  ( -37.50255571982732761, 0.000000000000000000, -28.00000000000000000 ) ) ;
#1345 = EDGE_LOOP ( 'NONE', ( #1674, #4497, #1331, #4807 ) ) ;
#1346 = CARTESIAN_POINT ( 'NONE',  ( 34.99744428017269371, 0.4999999999999466538, -70.50000000000000000 ) ) ;
#1347 = LINE ( 'NONE', #3425, #2158 ) ;
#1348 = ORIENTED_EDGE ( 'NONE', *, *, #6432, .F. ) ;
#1349 = DIRECTION ( 'NONE',  ( 0.000000000000000000, 1.000000000000000000, 0.000000000000000000 ) ) ;
#1350 = CARTESIAN_POINT ( 'NONE',  ( -68.50255571982732761, 0.000000000000000000, 27.99999999999999289 ) ) ;
#1351 = DIRECTION ( 'NONE',  ( -0.000000000000000000, -0.000000000000000000, 1.000000000000000000 ) ) ;
#1352 = LINE ( 'NONE', #1850, #1611 ) ;
#1353 = EDGE_LOOP ( 'NONE', ( #1131, #2550 ) ) ;
#1354 = EDGE_CURVE ( 'NONE', #2438, #3426, #1616, .T. ) ;
#1355 = EDGE_CURVE ( 'NONE', #5920, #793, #5092, .T. ) ;
#1356 = FACE_OUTER_BOUND ( 'NONE', #2234, .T. ) ;
#1357 = CYLINDRICAL_SURFACE ( 'NONE', #6308, 3.499999999999999556 ) ;
#1358 = DIRECTION ( 'NONE',  ( 0.000000000000000000, 1.000000000000000000, 0.000000000000000000 ) ) ;
#1359 = FACE_OUTER_BOUND ( 'NONE', #2962, .T. ) ;
#1360 = ORIENTED_EDGE ( 'NONE', *, *, #5317, .F. ) ;
#1361 = CARTESIAN_POINT ( 'NONE',  ( 1.797444280172686204, 7.000000000000000000, -47.75000000000000000 ) ) ;
#1362 = EDGE_CURVE ( 'NONE', #3456, #4969, #3576, .T. ) ;
#1363 = CARTESIAN_POINT ( 'NONE',  ( 34.99744428017269371, 0.4999999999999466538, -73.50000000000001421 ) ) ;
#1364 = CARTESIAN_POINT ( 'NONE',  ( 27.99744428017270081, -3.000000000000000000, 32.00000000000001421 ) ) ;
#1365 = ORIENTED_EDGE ( 'NONE', *, *, #5976, .T. ) ;
#1366 = ORIENTED_EDGE ( 'NONE', *, *, #5712, .T. ) ;
#1367 = ORIENTED_EDGE ( 'NONE', *, *, #1236, .F. ) ;
#1368 = DIRECTION ( 'NONE',  ( 0.000000000000000000, 0.000000000000000000, -1.000000000000000000 ) ) ;
#1369 = CARTESIAN_POINT ( 'NONE',  ( 129.9974442801726866, 10.00000000000000000, 32.75000000000000711 ) ) ;
#1370 = FACE_OUTER_BOUND ( 'NONE', #5543, .T. ) ;
#1371 = ORIENTED_EDGE ( 'NONE', *, *, #5124, .F. ) ;
#1372 = CARTESIAN_POINT ( 'NONE',  ( 1.797444280172685982, 0.4999999999999483746, -45.00000000000000000 ) ) ;
#1373 = LINE ( 'NONE', #2968, #1192 ) ;
#1374 = ORIENTED_EDGE ( 'NONE', *, *, #4852, .T. ) ;
#1375 = CARTESIAN_POINT ( 'NONE',  ( -68.50255571982732761, 0.000000000000000000, -25.00000000000000000 ) ) ;
#1376 = CARTESIAN_POINT ( 'NONE',  ( 1.997444280172694153, 10.00000000000000000, 75.00000000000001421 ) ) ;
#1377 = LINE ( 'NONE', #868, #6380 ) ;
#1378 = CARTESIAN_POINT ( 'NONE',  ( -55.50255571982733471, 0.000000000000000000, 25.99999999999999645 ) ) ;
#1379 = FACE_OUTER_BOUND ( 'NONE', #3282, .T. ) ;
#1380 = ORIENTED_EDGE ( 'NONE', *, *, #6590, .T. ) ;
#1381 = VECTOR ( 'NONE', #5859, 1000.000000000000000 ) ;
#1382 = CIRCLE ( 'NONE', #4425, 1.500000000000001332 ) ;
#1383 = LINE ( 'NONE', #1416, #1089 ) ;
#1384 = AXIS2_PLACEMENT_3D ( 'NONE', #1040, #5663, #5561 ) ;
#1385 = CARTESIAN_POINT ( 'NONE',  ( 76.99744428017268660, 0.000000000000000000, -56.49999999999998579 ) ) ;
#1386 = FACE_BOUND ( 'NONE', #4624, .T. ) ;
#1387 = LINE ( 'NONE', #3940, #407 ) ;
#1388 = ORIENTED_EDGE ( 'NONE', *, *, #5124, .T. ) ;
#1389 = CARTESIAN_POINT ( 'NONE',  ( 1.797444280172685982, 7.000000000000000000, 45.00000000000000000 ) ) ;
#1390 = EDGE_CURVE ( 'NONE', #1433, #3313, #1702, .T. ) ;
#1391 = AXIS2_PLACEMENT_3D ( 'NONE', #2814, #3774, #6453 ) ;
#1392 = EDGE_CURVE ( 'NONE', #1650, #1608, #2148, .T. ) ;
#1393 = AXIS2_PLACEMENT_3D ( 'NONE', #2323, #278, #3428 ) ;
#1394 = CARTESIAN_POINT ( 'NONE',  ( 40.27222306796158335, 10.00000000000000000, -16.58268008680628114 ) ) ;
#1395 = CARTESIAN_POINT ( 'NONE',  ( 1.797444280172685982, 10.00000000000000000, 37.00000000000000000 ) ) ;
#1396 = VECTOR ( 'NONE', #3606, 1000.000000000000000 ) ;
#1397 = VERTEX_POINT ( 'NONE', #6237 ) ;
#1398 = ORIENTED_EDGE ( 'NONE', *, *, #5727, .T. ) ;
#1399 = EDGE_CURVE ( 'NONE', #4044, #4897, #2985, .T. ) ;
#1400 = VECTOR ( 'NONE', #383, 1000.000000000000000 ) ;
#1401 = CARTESIAN_POINT ( 'NONE',  ( 79.99744428017268660, 0.5000000000000368594, 73.50000000000001421 ) ) ;
#1402 = EDGE_LOOP ( 'NONE', ( #618, #2342, #6420, #6298 ) ) ;
#1403 = CARTESIAN_POINT ( 'NONE',  ( -29.50255571982732761, 1.600000000000002087, -22.96299091524471692 ) ) ;
#1404 = AXIS2_PLACEMENT_3D ( 'NONE', #1570, #1978, #2007 ) ;
#1405 = CARTESIAN_POINT ( 'NONE',  ( 1.797444280172685982, 10.00000000000000000, -34.99999999999999289 ) ) ;
#1406 = EDGE_CURVE ( 'NONE', #1933, #4176, #1655, .T. ) ;
#1407 = ORIENTED_EDGE ( 'NONE', *, *, #2499, .T. ) ;
#1408 = AXIS2_PLACEMENT_3D ( 'NONE', #3268, #3403, #5979 ) ;
#1409 = ORIENTED_EDGE ( 'NONE', *, *, #101, .F. ) ;
#1410 = CARTESIAN_POINT ( 'NONE',  ( -33.00255571982732050, 10.00000000000000000, 7.999999999999996447 ) ) ;
#1411 = CARTESIAN_POINT ( 'NONE',  ( -47.50255571982733471, 0.000000000000000000, 14.50000000000000178 ) ) ;
#1412 = CARTESIAN_POINT ( 'NONE',  ( 1.797444280172685982, 7.000000000000000000, 40.50000000000000000 ) ) ;
#1413 = VERTEX_POINT ( 'NONE', #3217 ) ;
#1414 = VECTOR ( 'NONE', #1437, 1000.000000000000000 ) ;
#1415 = FACE_OUTER_BOUND ( 'NONE', #4091, .T. ) ;
#1416 = CARTESIAN_POINT ( 'NONE',  ( -28.00255571982732050, 5.000000000000000000, -23.24999999999998579 ) ) ;
#1417 = PLANE ( 'NONE',  #5452 ) ;
#1418 = DIRECTION ( 'NONE',  ( 0.9246780984747317023, 0.000000000000000000, -0.3807498052542567790 ) ) ;
#1419 = FACE_BOUND ( 'NONE', #4591, .T. ) ;
#1420 = DIRECTION ( 'NONE',  ( 0.000000000000000000, 1.000000000000000000, 0.000000000000000000 ) ) ;
#1421 = ORIENTED_EDGE ( 'NONE', *, *, #3275, .T. ) ;
#1422 = CARTESIAN_POINT ( 'NONE',  ( 79.99744428017268660, 10.00000000000000000, 72.00000000000001421 ) ) ;
#1423 = VECTOR ( 'NONE', #1521, 1000.000000000000000 ) ;
#1424 = AXIS2_PLACEMENT_3D ( 'NONE', #1527, #990, #601 ) ;
#1425 = CARTESIAN_POINT ( 'NONE',  ( -38.50255571982732761, 10.00000000000000000, 13.50000000000000178 ) ) ;
#1426 = CARTESIAN_POINT ( 'NONE',  ( -26.20255571982731624, 0.000000000000000000, -28.00000000000000000 ) ) ;
#1427 = AXIS2_PLACEMENT_3D ( 'NONE', #1784, #1283, #1319 ) ;
#1428 = AXIS2_PLACEMENT_3D ( 'NONE', #6041, #980, #2643 ) ;
#1429 = CARTESIAN_POINT ( 'NONE',  ( 121.9974442801726866, 3.999999999999996447, -20.00000000000000000 ) ) ;
#1430 = ADVANCED_FACE ( 'NONE', ( #3515 ), #2434, .F. ) ;
#1431 = LINE ( 'NONE', #2990, #2626 ) ;
#1432 = ORIENTED_EDGE ( 'NONE', *, *, #106, .T. ) ;
#1433 = VERTEX_POINT ( 'NONE', #2701 ) ;
#1434 = AXIS2_PLACEMENT_3D ( 'NONE', #2368, #1332, #5947 ) ;
#1435 = AXIS2_PLACEMENT_3D ( 'NONE', #2742, #1281, #4276 ) ;
#1436 = ADVANCED_FACE ( 'NONE', ( #4844 ), #2219, .F. ) ;
#1437 = DIRECTION ( 'NONE',  ( -1.000000000000000000, 0.000000000000000000, 0.000000000000000000 ) ) ;
#1438 = ADVANCED_FACE ( 'NONE', ( #5900, #4783 ), #660, .F. ) ;
#1439 = EDGE_LOOP ( 'NONE', ( #3247, #1706 ) ) ;
#1440 = LINE ( 'NONE', #1502, #4099 ) ;
#1441 = AXIS2_PLACEMENT_3D ( 'NONE', #4181, #2987, #4563 ) ;
#1442 = CARTESIAN_POINT ( 'NONE',  ( 93.99744428017268660, 10.00000000000000000, -20.99999999999999645 ) ) ;
#1443 = DIRECTION ( 'NONE',  ( 0.000000000000000000, 0.000000000000000000, 1.000000000000000000 ) ) ;
#1444 = ORIENTED_EDGE ( 'NONE', *, *, #5737, .F. ) ;
#1445 = EDGE_CURVE ( 'NONE', #4253, #6053, #5506, .T. ) ;
#1446 = ORIENTED_EDGE ( 'NONE', *, *, #693, .T. ) ;
#1447 = LINE ( 'NONE', #4507, #1333 ) ;
#1448 = DIRECTION ( 'NONE',  ( 0.000000000000000000, 0.000000000000000000, -1.000000000000000000 ) ) ;
#1449 = DIRECTION ( 'NONE',  ( -0.000000000000000000, 1.000000000000000000, -0.000000000000000000 ) ) ;
#1450 = ORIENTED_EDGE ( 'NONE', *, *, #2806, .T. ) ;
#1451 = DIRECTION ( 'NONE',  ( -1.387778780781445922E-16, -0.000000000000000000, -1.000000000000000000 ) ) ;
#1452 = DIRECTION ( 'NONE',  ( 0.000000000000000000, -0.000000000000000000, 1.000000000000000000 ) ) ;
#1453 = DIRECTION ( 'NONE',  ( -1.000000000000000000, -0.000000000000000000, -0.000000000000000000 ) ) ;
#1454 = LINE ( 'NONE', #5531, #5662 ) ;
#1455 = LINE ( 'NONE', #528, #1423 ) ;
#1456 = CARTESIAN_POINT ( 'NONE',  ( 51.99744428017267950, 3.999999999999996447, -17.99999999999999645 ) ) ;
#1457 = EDGE_LOOP ( 'NONE', ( #417, #3519, #903, #2689 ) ) ;
#1458 = CARTESIAN_POINT ( 'NONE',  ( 32.99744428017270081, -4.816681727819437597, 35.00000000000001421 ) ) ;
#1459 = LINE ( 'NONE', #88, #6493 ) ;
#1460 = DIRECTION ( 'NONE',  ( 0.000000000000000000, 0.000000000000000000, 1.000000000000000000 ) ) ;
#1461 = PLANE ( 'NONE',  #1637 ) ;
#1462 = ORIENTED_EDGE ( 'NONE', *, *, #6138, .F. ) ;
#1463 = VERTEX_POINT ( 'NONE', #3357 ) ;
#1464 = VERTEX_POINT ( 'NONE', #180 ) ;
#1465 = CARTESIAN_POINT ( 'NONE',  ( -73.00255571982731340, 0.000000000000000000, -11.99999999999999822 ) ) ;
#1466 = ORIENTED_EDGE ( 'NONE', *, *, #1794, .F. ) ;
#1467 = CARTESIAN_POINT ( 'NONE',  ( 36.99744428017269371, 0.000000000000000000, 35.00000000000002132 ) ) ;
#1468 = DIRECTION ( 'NONE',  ( 1.000000000000000000, 0.000000000000000000, 0.000000000000000000 ) ) ;
#1469 = EDGE_CURVE ( 'NONE', #4763, #402, #1247, .T. ) ;
#1470 = ORIENTED_EDGE ( 'NONE', *, *, #4307, .T. ) ;
#1471 = ADVANCED_FACE ( 'NONE', ( #2738, #3757 ), #5415, .F. ) ;
#1472 = ORIENTED_EDGE ( 'NONE', *, *, #5141, .F. ) ;
#1473 = ORIENTED_EDGE ( 'NONE', *, *, #175, .F. ) ;
#1474 = CARTESIAN_POINT ( 'NONE',  ( 31.24744428017269371, -4.816681727819437597, 47.00000000000001421 ) ) ;
#1475 = PLANE ( 'NONE',  #2577 ) ;
#1476 = CARTESIAN_POINT ( 'NONE',  ( -57.50255571982733471, 0.000000000000000000, -25.99999999999999645 ) ) ;
#1477 = VERTEX_POINT ( 'NONE', #1779 ) ;
#1478 = EDGE_CURVE ( 'NONE', #3840, #6571, #4854, .T. ) ;
#1479 = DIRECTION ( 'NONE',  ( -0.000000000000000000, 1.000000000000000000, -0.000000000000000000 ) ) ;
#1480 = FACE_OUTER_BOUND ( 'NONE', #2239, .T. ) ;
#1481 = DIRECTION ( 'NONE',  ( -1.000000000000000000, 0.000000000000000000, 1.387778780781446169E-16 ) ) ;
#1482 = VECTOR ( 'NONE', #5438, 1000.000000000000000 ) ;
#1483 = CARTESIAN_POINT ( 'NONE',  ( -76.00255571982732761, 0.000000000000000000, -25.99999999999999645 ) ) ;
#1484 = AXIS2_PLACEMENT_3D ( 'NONE', #1801, #2652, #5747 ) ;
#1485 = CARTESIAN_POINT ( 'NONE',  ( -55.50255571982733471, 0.000000000000000000, -27.99999999999999289 ) ) ;
#1486 = DIRECTION ( 'NONE',  ( -0.000000000000000000, -1.000000000000000000, -0.000000000000000000 ) ) ;
#1487 = EDGE_LOOP ( 'NONE', ( #5800, #663, #4154, #648 ) ) ;
#1488 = AXIS2_PLACEMENT_3D ( 'NONE', #210, #83, #1209 ) ;
#1489 = VECTOR ( 'NONE', #5047, 1000.000000000000000 ) ;
#1490 = CARTESIAN_POINT ( 'NONE',  ( -47.50255571982733471, 10.00000000000000000, 13.50000000000000178 ) ) ;
#1491 = CARTESIAN_POINT ( 'NONE',  ( 34.99744428017269371, 0.000000000000000000, 72.00000000000001421 ) ) ;
#1492 = VERTEX_POINT ( 'NONE', #5350 ) ;
#1493 = EDGE_LOOP ( 'NONE', ( #3680, #711, #3615, #6693, #44, #484 ) ) ;
#1494 = VECTOR ( 'NONE', #4604, 1000.000000000000000 ) ;
#1495 = CIRCLE ( 'NONE', #5287, 1.500000000000001332 ) ;
#1496 = VERTEX_POINT ( 'NONE', #2836 ) ;
#1497 = VECTOR ( 'NONE', #596, 1000.000000000000000 ) ;
#1498 = VECTOR ( 'NONE', #3951, 1000.000000000000000 ) ;
#1499 = DIRECTION ( 'NONE',  ( -0.000000000000000000, 1.000000000000000000, -0.000000000000000000 ) ) ;
#1500 = FACE_BOUND ( 'NONE', #4143, .T. ) ;
#1501 = VERTEX_POINT ( 'NONE', #6338 ) ;
#1502 = CARTESIAN_POINT ( 'NONE',  ( -33.00255571982732050, 0.000000000000000000, 12.00000000000000000 ) ) ;
#1503 = DIRECTION ( 'NONE',  ( 0.000000000000000000, 2.209286174613468758E-16, -1.000000000000000000 ) ) ;
#1504 = VECTOR ( 'NONE', #4169, 1000.000000000000114 ) ;
#1505 = ORIENTED_EDGE ( 'NONE', *, *, #2389, .F. ) ;
#1506 = DIRECTION ( 'NONE',  ( 0.000000000000000000, -1.000000000000000000, 0.000000000000000000 ) ) ;
#1507 = AXIS2_PLACEMENT_3D ( 'NONE', #2899, #3455, #6570 ) ;
#1508 = VERTEX_POINT ( 'NONE', #6368 ) ;
#1509 = EDGE_CURVE ( 'NONE', #1142, #1582, #3587, .T. ) ;
#1510 = EDGE_LOOP ( 'NONE', ( #4620, #645, #5917, #5475 ) ) ;
#1511 = FACE_OUTER_BOUND ( 'NONE', #3138, .T. ) ;
#1512 = EDGE_CURVE ( 'NONE', #984, #6345, #124, .T. ) ;
#1513 = DIRECTION ( 'NONE',  ( 1.000000000000000000, -0.000000000000000000, -0.000000000000000000 ) ) ;
#1514 = ORIENTED_EDGE ( 'NONE', *, *, #1334, .T. ) ;
#1515 = CIRCLE ( 'NONE', #2929, 1.500000000000001332 ) ;
#1516 = DIRECTION ( 'NONE',  ( 0.000000000000000000, 0.000000000000000000, -1.000000000000000000 ) ) ;
#1517 = DIRECTION ( 'NONE',  ( 0.000000000000000000, 0.000000000000000000, -1.000000000000000000 ) ) ;
#1518 = CARTESIAN_POINT ( 'NONE',  ( -50.50255571982733471, 2.000000000000000000, -27.99999999999999289 ) ) ;
#1519 = CIRCLE ( 'NONE', #2275, 1.500000000000001332 ) ;
#1520 = EDGE_CURVE ( 'NONE', #4262, #5056, #3792, .T. ) ;
#1521 = DIRECTION ( 'NONE',  ( -0.000000000000000000, 1.000000000000000000, -0.000000000000000000 ) ) ;
#1522 = CARTESIAN_POINT ( 'NONE',  ( 24.99744428017270081, 0.000000000000000000, 47.00000000000001421 ) ) ;
#1523 = FACE_BOUND ( 'NONE', #1343, .T. ) ;
#1524 = ORIENTED_EDGE ( 'NONE', *, *, #4083, .F. ) ;
#1525 = DIRECTION ( 'NONE',  ( -0.000000000000000000, 1.000000000000000000, -0.000000000000000000 ) ) ;
#1526 = FACE_OUTER_BOUND ( 'NONE', #6331, .T. ) ;
#1527 = CARTESIAN_POINT ( 'NONE',  ( 1.797444280172685982, 10.00000000000000000, -45.00000000000000000 ) ) ;
#1528 = EDGE_CURVE ( 'NONE', #6236, #5205, #6440, .T. ) ;
#1529 = ORIENTED_EDGE ( 'NONE', *, *, #2046, .F. ) ;
#1530 = DIRECTION ( 'NONE',  ( -0.000000000000000000, -1.000000000000000000, -0.000000000000000000 ) ) ;
#1531 = CIRCLE ( 'NONE', #330, 2.000000000000001776 ) ;
#1532 = ORIENTED_EDGE ( 'NONE', *, *, #1025, .T. ) ;
#1533 = AXIS2_PLACEMENT_3D ( 'NONE', #5354, #5281, #5870 ) ;
#1534 = VECTOR ( 'NONE', #4173, 1000.000000000000000 ) ;
#1535 = PLANE ( 'NONE',  #5651 ) ;
#1536 = VERTEX_POINT ( 'NONE', #3853 ) ;
#1537 = DIRECTION ( 'NONE',  ( 0.000000000000000000, 0.000000000000000000, 1.000000000000000000 ) ) ;
#1538 = CARTESIAN_POINT ( 'NONE',  ( -35.50255571982732761, 0.000000000000000000, -26.00000000000000355 ) ) ;
#1539 = VECTOR ( 'NONE', #4510, 1000.000000000000000 ) ;
#1540 = VECTOR ( 'NONE', #867, 1000.000000000000000 ) ;
#1541 = EDGE_CURVE ( 'NONE', #3963, #6429, #3667, .T. ) ;
#1542 = VERTEX_POINT ( 'NONE', #552 ) ;
#1543 = AXIS2_PLACEMENT_3D ( 'NONE', #6147, #4621, #5641 ) ;
#1544 = DIRECTION ( 'NONE',  ( -0.000000000000000000, 1.000000000000000000, -0.000000000000000000 ) ) ;
#1545 = VECTOR ( 'NONE', #2459, 1000.000000000000000 ) ;
#1546 = ORIENTED_EDGE ( 'NONE', *, *, #592, .T. ) ;
#1547 = ORIENTED_EDGE ( 'NONE', *, *, #6572, .T. ) ;
#1548 = DIRECTION ( 'NONE',  ( 0.000000000000000000, 0.000000000000000000, 1.000000000000000000 ) ) ;
#1549 = CYLINDRICAL_SURFACE ( 'NONE', #1808, 3.499999999999999556 ) ;
#1550 = CARTESIAN_POINT ( 'NONE',  ( -37.50255571982732761, 10.00000000000000000, 14.50000000000000178 ) ) ;
#1551 = ORIENTED_EDGE ( 'NONE', *, *, #6504, .F. ) ;
#1552 = EDGE_CURVE ( 'NONE', #5716, #3494, #953, .T. ) ;
#1553 = DIRECTION ( 'NONE',  ( 0.000000000000000000, -0.000000000000000000, 1.000000000000000000 ) ) ;
#1554 = DIRECTION ( 'NONE',  ( 0.000000000000000000, 1.000000000000000000, 0.000000000000000000 ) ) ;
#1555 = CARTESIAN_POINT ( 'NONE',  ( 30.99744428017270081, -7.000000000000000000, 35.00000000000001421 ) ) ;
#1556 = CARTESIAN_POINT ( 'NONE',  ( -28.00255571982732050, 5.000000000000000000, -18.74999999999998934 ) ) ;
#1557 = FACE_BOUND ( 'NONE', #6284, .T. ) ;
#1558 = ORIENTED_EDGE ( 'NONE', *, *, #1509, .T. ) ;
#1559 = APPLICATION_PROTOCOL_DEFINITION ( 'draft international standard', 'automotive_design', 1998, #856 ) ;
#1560 = ADVANCED_FACE ( 'NONE', ( #2051 ), #5725, .T. ) ;
#1561 = EDGE_CURVE ( 'NONE', #2488, #452, #418, .T. ) ;
#1562 = DIRECTION ( 'NONE',  ( 0.000000000000000000, 0.000000000000000000, 1.000000000000000000 ) ) ;
#1563 = ORIENTED_EDGE ( 'NONE', *, *, #6455, .F. ) ;
#1564 = DIRECTION ( 'NONE',  ( 0.000000000000000000, 0.000000000000000000, 1.000000000000000000 ) ) ;
#1565 = ORIENTED_EDGE ( 'NONE', *, *, #2675, .F. ) ;
#1566 = EDGE_CURVE ( 'NONE', #1235, #1092, #6672, .T. ) ;
#1567 = DIRECTION ( 'NONE',  ( -1.000000000000000000, -0.000000000000000000, -2.775557561562891351E-16 ) ) ;
#1568 = ORIENTED_EDGE ( 'NONE', *, *, #2651, .F. ) ;
#1569 = EDGE_LOOP ( 'NONE', ( #5255, #1648, #6454, #194 ) ) ;
#1570 = CARTESIAN_POINT ( 'NONE',  ( 26.99744428017269016, 0.000000000000000000, 54.99999999999998579 ) ) ;
#1571 = VERTEX_POINT ( 'NONE', #3005 ) ;
#1572 = ADVANCED_FACE ( 'NONE', ( #6201 ), #3528, .F. ) ;
#1573 = FACE_OUTER_BOUND ( 'NONE', #1670, .T. ) ;
#1574 = CARTESIAN_POINT ( 'NONE',  ( 1.797444280172685982, 0.4999999999999483746, 37.00000000000000000 ) ) ;
#1575 = ORIENTED_EDGE ( 'NONE', *, *, #2793, .T. ) ;
#1576 = ORIENTED_EDGE ( 'NONE', *, *, #2065, .T. ) ;
#1577 = FACE_OUTER_BOUND ( 'NONE', #3178, .T. ) ;
#1578 = DIRECTION ( 'NONE',  ( 0.000000000000000000, 1.000000000000000000, 0.000000000000000000 ) ) ;
#1579 = FACE_OUTER_BOUND ( 'NONE', #5172, .T. ) ;
#1580 = VERTEX_POINT ( 'NONE', #5588 ) ;
#1581 = CARTESIAN_POINT ( 'NONE',  ( -78.00255571982732761, 5.000000000000000000, 24.50000000000000000 ) ) ;
#1582 = VERTEX_POINT ( 'NONE', #5077 ) ;
#1583 = LINE ( 'NONE', #5085, #4673 ) ;
#1584 = CARTESIAN_POINT ( 'NONE',  ( 131.9974442801726866, 10.00000000000000000, -32.74999999999999289 ) ) ;
#1585 = CARTESIAN_POINT ( 'NONE',  ( 79.99744428017268660, 0.5000000000000368594, -72.00000000000001421 ) ) ;
#1586 = DIRECTION ( 'NONE',  ( 0.000000000000000000, 1.000000000000000000, 0.000000000000000000 ) ) ;
#1587 = ORIENTED_EDGE ( 'NONE', *, *, #3600, .T. ) ;
#1588 = CYLINDRICAL_SURFACE ( 'NONE', #4371, 1.999999999999998224 ) ;
#1589 = PRODUCT_DEFINITION ( 'UNKNOWN', '', #2298, #1199 ) ;
#1590 = DIRECTION ( 'NONE',  ( -0.000000000000000000, -1.000000000000000000, -0.000000000000000000 ) ) ;
#1591 = PLANE ( 'NONE',  #3915 ) ;
#1592 = EDGE_CURVE ( 'NONE', #5581, #1786, #3081, .T. ) ;
#1593 = VERTEX_POINT ( 'NONE', #3659 ) ;
#1594 = DIRECTION ( 'NONE',  ( 0.000000000000000000, 0.000000000000000000, 1.000000000000000000 ) ) ;
#1595 = ADVANCED_FACE ( 'NONE', ( #1577 ), #4678, .T. ) ;
#1596 = VERTEX_POINT ( 'NONE', #2633 ) ;
#1597 = CIRCLE ( 'NONE', #2787, 2.750000000000002665 ) ;
#1598 = CARTESIAN_POINT ( 'NONE',  ( 26.99744428017269016, 10.00000000000000000, -54.99999999999998579 ) ) ;
#1599 = VECTOR ( 'NONE', #5328, 1000.000000000000000 ) ;
#1600 = ORIENTED_EDGE ( 'NONE', *, *, #5679, .T. ) ;
#1601 = EDGE_CURVE ( 'NONE', #5690, #3415, #5695, .T. ) ;
#1602 = VECTOR ( 'NONE', #529, 1000.000000000000000 ) ;
#1603 = ADVANCED_FACE ( 'NONE', ( #935 ), #2485, .F. ) ;
#1604 = ORIENTED_EDGE ( 'NONE', *, *, #522, .T. ) ;
#1605 = AXIS2_PLACEMENT_3D ( 'NONE', #6410, #3227, #2257 ) ;
#1606 = CONICAL_SURFACE ( 'NONE', #509, 2.000000000000008882, 0.7853981633974760346 ) ;
#1607 = DIRECTION ( 'NONE',  ( 0.000000000000000000, 0.000000000000000000, -1.000000000000000000 ) ) ;
#1608 = VERTEX_POINT ( 'NONE', #1474 ) ;
#1609 = ORIENTED_EDGE ( 'NONE', *, *, #6329, .T. ) ;
#1610 = CARTESIAN_POINT ( 'NONE',  ( -38.50255571982732761, 10.00000000000000000, 13.50000000000000178 ) ) ;
#1611 = VECTOR ( 'NONE', #938, 1000.000000000000000 ) ;
#1612 = LINE ( 'NONE', #1709, #1927 ) ;
#1613 = EDGE_CURVE ( 'NONE', #784, #6659, #1597, .T. ) ;
#1614 = FACE_OUTER_BOUND ( 'NONE', #3182, .T. ) ;
#1615 = ORIENTED_EDGE ( 'NONE', *, *, #6620, .T. ) ;
#1616 = LINE ( 'NONE', #1928, #3767 ) ;
#1617 = VECTOR ( 'NONE', #6591, 999.9999999999998863 ) ;
#1618 = DIRECTION ( 'NONE',  ( 0.000000000000000000, 0.000000000000000000, -1.000000000000000000 ) ) ;
#1619 = ORIENTED_EDGE ( 'NONE', *, *, #3154, .F. ) ;
#1620 = DIRECTION ( 'NONE',  ( -0.000000000000000000, -1.000000000000000000, -0.000000000000000000 ) ) ;
#1621 = EDGE_CURVE ( 'NONE', #5197, #2956, #3120, .T. ) ;
#1622 = CARTESIAN_POINT ( 'NONE',  ( 79.99744428017268660, 0.000000000000000000, 72.00000000000001421 ) ) ;
#1623 = DIRECTION ( 'NONE',  ( 1.000000000000000000, 0.000000000000000000, 0.000000000000000000 ) ) ;
#1624 = LINE ( 'NONE', #2707, #6419 ) ;
#1625 = CARTESIAN_POINT ( 'NONE',  ( 129.9974442801726866, 10.00000000000000000, 34.75000000000000711 ) ) ;
#1626 = DIRECTION ( 'NONE',  ( 1.000000000000000000, -0.000000000000000000, -0.000000000000000000 ) ) ;
#1627 = ORIENTED_EDGE ( 'NONE', *, *, #5339, .T. ) ;
#1628 = VECTOR ( 'NONE', #34, 1000.000000000000000 ) ;
#1629 = AXIS2_PLACEMENT_3D ( 'NONE', #1686, #1620, #3761 ) ;
#1630 = DIRECTION ( 'NONE',  ( 0.000000000000000000, -0.7071067811865311414, -0.7071067811865638930 ) ) ;
#1631 = CARTESIAN_POINT ( 'NONE',  ( -48.50255571982733471, 5.000000000000000000, -20.99999999999999289 ) ) ;
#1632 = ORIENTED_EDGE ( 'NONE', *, *, #6091, .F. ) ;
#1633 = DIRECTION ( 'NONE',  ( -0.000000000000000000, -0.000000000000000000, 1.000000000000000000 ) ) ;
#1634 = ORIENTED_EDGE ( 'NONE', *, *, #2251, .F. ) ;
#1635 = AXIS2_PLACEMENT_3D ( 'NONE', #2756, #3340, #750 ) ;
#1636 = EDGE_CURVE ( 'NONE', #2055, #5658, #5178, .T. ) ;
#1637 = AXIS2_PLACEMENT_3D ( 'NONE', #4006, #5061, #5540 ) ;
#1638 = CARTESIAN_POINT ( 'NONE',  ( -33.00255571982732050, 0.000000000000000000, -10.00000000000000178 ) ) ;
#1639 = ORIENTED_EDGE ( 'NONE', *, *, #6007, .T. ) ;
#1640 = EDGE_LOOP ( 'NONE', ( #3711, #6358, #5474, #5591, #964, #48 ) ) ;
#1641 = AXIS2_PLACEMENT_3D ( 'NONE', #1251, #2357, #1882 ) ;
#1642 = ORIENTED_EDGE ( 'NONE', *, *, #4637, .T. ) ;
#1643 =( GEOMETRIC_REPRESENTATION_CONTEXT ( 3 ) GLOBAL_UNCERTAINTY_ASSIGNED_CONTEXT ( ( #2206 ) ) GLOBAL_UNIT_ASSIGNED_CONTEXT ( ( #702, #4924, #1191 ) ) REPRESENTATION_CONTEXT ( 'NONE', 'WORKASPACE' ) );
#1644 = EDGE_CURVE ( 'NONE', #1148, #1011, #3558, .T. ) ;
#1645 = ADVANCED_FACE ( 'NONE', ( #6165, #1511 ), #3593, .F. ) ;
#1646 = DIRECTION ( 'NONE',  ( -0.000000000000000000, 1.000000000000000000, -0.000000000000000000 ) ) ;
#1647 = CARTESIAN_POINT ( 'NONE',  ( 1.797444280172685982, 7.000000000000000000, -45.00000000000000000 ) ) ;
#1648 = ORIENTED_EDGE ( 'NONE', *, *, #3366, .T. ) ;
#1649 = AXIS2_PLACEMENT_3D ( 'NONE', #4731, #3169, #6187 ) ;
#1650 = VERTEX_POINT ( 'NONE', #3754 ) ;
#1651 = DIRECTION ( 'NONE',  ( -0.000000000000000000, 0.000000000000000000, 1.000000000000000000 ) ) ;
#1652 = VECTOR ( 'NONE', #2561, 1000.000000000000000 ) ;
#1653 = CARTESIAN_POINT ( 'NONE',  ( 121.9974442801726866, -40.00000000000000000, 20.00000000000000000 ) ) ;
#1654 = DIRECTION ( 'NONE',  ( 0.000000000000000000, 0.000000000000000000, 1.000000000000000000 ) ) ;
#1655 = LINE ( 'NONE', #3735, #6169 ) ;
#1656 = CIRCLE ( 'NONE', #5449, 3.250000000000002665 ) ;
#1657 = DIRECTION ( 'NONE',  ( -1.000000000000000000, 0.000000000000000000, 0.000000000000000000 ) ) ;
#1658 = EDGE_CURVE ( 'NONE', #4997, #5373, #1704, .T. ) ;
#1659 = VERTEX_POINT ( 'NONE', #2696 ) ;
#1660 = CARTESIAN_POINT ( 'NONE',  ( 26.99744428017269016, 0.000000000000000000, -54.99999999999998579 ) ) ;
#1661 = DIRECTION ( 'NONE',  ( 1.000000000000000000, -0.000000000000000000, 0.000000000000000000 ) ) ;
#1662 = FACE_OUTER_BOUND ( 'NONE', #3699, .T. ) ;
#1663 = DIRECTION ( 'NONE',  ( 0.000000000000000000, 2.209286174613468758E-16, 1.000000000000000000 ) ) ;
#1664 = ORIENTED_EDGE ( 'NONE', *, *, #1898, .T. ) ;
#1665 = AXIS2_PLACEMENT_3D ( 'NONE', #805, #4449, #6517 ) ;
#1666 = LINE ( 'NONE', #2227, #4009 ) ;
#1667 = DIRECTION ( 'NONE',  ( -1.000000000000000000, 0.000000000000000000, -2.775557561562891351E-16 ) ) ;
#1668 = CYLINDRICAL_SURFACE ( 'NONE', #4423, 1.999999999999994893 ) ;
#1669 = PLANE ( 'NONE',  #3565 ) ;
#1670 = EDGE_LOOP ( 'NONE', ( #5748, #4937, #3950, #1642 ) ) ;
#1671 = EDGE_LOOP ( 'NONE', ( #5264, #3696, #6220, #2791 ) ) ;
#1672 = CYLINDRICAL_SURFACE ( 'NONE', #5544, 3.000000000000002665 ) ;
#1673 = ORIENTED_EDGE ( 'NONE', *, *, #599, .T. ) ;
#1674 = ORIENTED_EDGE ( 'NONE', *, *, #6620, .F. ) ;
#1675 = VERTEX_POINT ( 'NONE', #2153 ) ;
#1676 = ORIENTED_EDGE ( 'NONE', *, *, #2976, .F. ) ;
#1677 = CARTESIAN_POINT ( 'NONE',  ( 77.98273839781967354, 7.000000000000000000, -75.00000000000000000 ) ) ;
#1678 = LINE ( 'NONE', #4168, #192 ) ;
#1679 = ADVANCED_FACE ( 'NONE', ( #6301 ), #6400, .F. ) ;
#1680 = CARTESIAN_POINT ( 'NONE',  ( 1.797444280172685982, 0.000000000000000000, -39.49999999999997868 ) ) ;
#1681 = EDGE_CURVE ( 'NONE', #4256, #6519, #4295, .T. ) ;
#1682 = DIRECTION ( 'NONE',  ( 1.000000000000000000, 0.000000000000000000, 0.000000000000000000 ) ) ;
#1683 = CARTESIAN_POINT ( 'NONE',  ( 1.797444280172685982, 10.00000000000000000, 45.00000000000000000 ) ) ;
#1684 = FACE_OUTER_BOUND ( 'NONE', #505, .T. ) ;
#1685 = VERTEX_POINT ( 'NONE', #688 ) ;
#1686 = CARTESIAN_POINT ( 'NONE',  ( 79.99744428017268660, 10.00000000000000000, -72.00000000000001421 ) ) ;
#1687 = LINE ( 'NONE', #4243, #4475 ) ;
#1688 = FACE_BOUND ( 'NONE', #3684, .T. ) ;
#1689 = PLANE ( 'NONE',  #2847 ) ;
#1690 = DIRECTION ( 'NONE',  ( -0.000000000000000000, 1.000000000000000000, -0.000000000000000000 ) ) ;
#1691 = ORIENTED_EDGE ( 'NONE', *, *, #923, .F. ) ;
#1692 = EDGE_CURVE ( 'NONE', #1846, #5769, #6259, .T. ) ;
#1693 = PLANE ( 'NONE',  #3152 ) ;
#1694 = DIRECTION ( 'NONE',  ( -9.251858538542970348E-17, -0.000000000000000000, -1.000000000000000000 ) ) ;
#1695 = EDGE_LOOP ( 'NONE', ( #2545, #2778, #3842, #4565 ) ) ;
#1696 = CARTESIAN_POINT ( 'NONE',  ( 86.99744428017270081, 10.00000000000000000, 34.75000000000001421 ) ) ;
#1697 = DIRECTION ( 'NONE',  ( 0.000000000000000000, 0.000000000000000000, 1.000000000000000000 ) ) ;
#1698 = VERTEX_POINT ( 'NONE', #3731 ) ;
#1699 = EDGE_LOOP ( 'NONE', ( #3043, #6577, #49, #2200 ) ) ;
#1700 = FACE_OUTER_BOUND ( 'NONE', #2120, .T. ) ;
#1701 = ORIENTED_EDGE ( 'NONE', *, *, #2175, .T. ) ;
#1702 = CIRCLE ( 'NONE', #4435, 1.500000000000001332 ) ;
#1703 = VECTOR ( 'NONE', #6612, 1000.000000000000114 ) ;
#1704 = CIRCLE ( 'NONE', #5385, 1.500000000000001332 ) ;
#1705 = VECTOR ( 'NONE', #2813, 1000.000000000000000 ) ;
#1706 = ORIENTED_EDGE ( 'NONE', *, *, #6705, .F. ) ;
#1707 = EDGE_LOOP ( 'NONE', ( #2041, #6511, #4741, #6392 ) ) ;
#1708 = DIRECTION ( 'NONE',  ( -1.000000000000000000, 0.000000000000000000, 0.000000000000000000 ) ) ;
#1709 = CARTESIAN_POINT ( 'NONE',  ( -73.00255571982731340, 0.000000000000000000, -12.50000000000000355 ) ) ;
#1710 = CARTESIAN_POINT ( 'NONE',  ( 26.99744428017269016, 0.000000000000000000, -56.49999999999998579 ) ) ;
#1711 = AXIS2_PLACEMENT_3D ( 'NONE', #4383, #2331, #2856 ) ;
#1712 = CARTESIAN_POINT ( 'NONE',  ( -74.00255571982731340, 5.000000000000000000, 17.50000000000000000 ) ) ;
#1713 = DIRECTION ( 'NONE',  ( 1.000000000000000000, -0.000000000000000000, -0.000000000000000000 ) ) ;
#1714 = VECTOR ( 'NONE', #3997, 1000.000000000000000 ) ;
#1715 = ORIENTED_EDGE ( 'NONE', *, *, #4237, .T. ) ;
#1716 = EDGE_CURVE ( 'NONE', #3691, #4664, #5308, .T. ) ;
#1717 = DIRECTION ( 'NONE',  ( 0.000000000000000000, -1.000000000000000000, 0.000000000000000000 ) ) ;
#1718 = CARTESIAN_POINT ( 'NONE',  ( 36.99744428017269371, 0.000000000000000000, 35.00000000000002132 ) ) ;
#1719 = CARTESIAN_POINT ( 'NONE',  ( 76.99744428017268660, 10.00000000000000000, -54.99999999999999289 ) ) ;
#1720 = DIRECTION ( 'NONE',  ( 0.000000000000000000, -1.000000000000000000, 0.000000000000000000 ) ) ;
#1721 = ORIENTED_EDGE ( 'NONE', *, *, #4214, .F. ) ;
#1722 = CIRCLE ( 'NONE', #2585, 3.250000000000002665 ) ;
#1723 = EDGE_CURVE ( 'NONE', #3752, #1287, #4233, .T. ) ;
#1724 = EDGE_CURVE ( 'NONE', #1685, #86, #614, .T. ) ;
#1725 = CARTESIAN_POINT ( 'NONE',  ( -78.00255571982732761, 5.000000000000000000, -21.00000000000000000 ) ) ;
#1726 = DIRECTION ( 'NONE',  ( 0.000000000000000000, 0.000000000000000000, 1.000000000000000000 ) ) ;
#1727 = LINE ( 'NONE', #3016, #5554 ) ;
#1728 = VECTOR ( 'NONE', #5072, 1000.000000000000000 ) ;
#1729 = EDGE_LOOP ( 'NONE', ( #4914, #5390, #6228, #5884 ) ) ;
#1730 = DIRECTION ( 'NONE',  ( -0.000000000000000000, -1.000000000000000000, -0.000000000000000000 ) ) ;
#1731 = DIRECTION ( 'NONE',  ( -1.000000000000000000, -0.000000000000000000, -0.000000000000000000 ) ) ;
#1732 = CYLINDRICAL_SURFACE ( 'NONE', #3512, 2.750000000000002665 ) ;
#1733 = VERTEX_POINT ( 'NONE', #1143 ) ;
#1734 = AXIS2_PLACEMENT_3D ( 'NONE', #5644, #1525, #464 ) ;
#1735 = EDGE_CURVE ( 'NONE', #4192, #5098, #4422, .T. ) ;
#1736 = CARTESIAN_POINT ( 'NONE',  ( -29.50255571982732761, 13.52282326805818968, -24.92598183048944449 ) ) ;
#1737 = ORIENTED_EDGE ( 'NONE', *, *, #432, .T. ) ;
#1738 = ORIENTED_EDGE ( 'NONE', *, *, #5223, .F. ) ;
#1739 = EDGE_CURVE ( 'NONE', #5340, #609, #5762, .T. ) ;
#1740 = AXIS2_PLACEMENT_3D ( 'NONE', #5235, #1567, #2580 ) ;
#1741 = DIRECTION ( 'NONE',  ( 0.000000000000000000, 1.000000000000000000, 0.000000000000000000 ) ) ;
#1742 = CARTESIAN_POINT ( 'NONE',  ( -74.00255571982731340, 5.000000000000000000, 21.00000000000000000 ) ) ;
#1743 = ORIENTED_EDGE ( 'NONE', *, *, #4843, .F. ) ;
#1744 = DIRECTION ( 'NONE',  ( 0.000000000000000000, 0.000000000000000000, 1.000000000000000000 ) ) ;
#1745 = CYLINDRICAL_SURFACE ( 'NONE', #848, 2.999999999999999112 ) ;
#1746 = DIRECTION ( 'NONE',  ( -1.000000000000000000, -0.000000000000000000, -0.000000000000000000 ) ) ;
#1747 = AXIS2_PLACEMENT_3D ( 'NONE', #2338, #3872, #3779 ) ;
#1748 = DIRECTION ( 'NONE',  ( -1.000000000000000000, 0.000000000000000000, -0.000000000000000000 ) ) ;
#1749 = VECTOR ( 'NONE', #2743, 1000.000000000000000 ) ;
#1750 = CIRCLE ( 'NONE', #1854, 2.249999999999998668 ) ;
#1751 = ORIENTED_EDGE ( 'NONE', *, *, #1929, .T. ) ;
#1752 = DIRECTION ( 'NONE',  ( 0.000000000000000000, 0.000000000000000000, -1.000000000000000000 ) ) ;
#1753 = DIRECTION ( 'NONE',  ( -1.000000000000000000, -0.000000000000000000, -2.775557561562891351E-16 ) ) ;
#1754 = DIRECTION ( 'NONE',  ( 0.000000000000000000, 0.000000000000000000, 1.000000000000000000 ) ) ;
#1755 = LINE ( 'NONE', #4376, #5401 ) ;
#1756 = EDGE_LOOP ( 'NONE', ( #5606, #708, #4526, #5044 ) ) ;
#1757 = VECTOR ( 'NONE', #2035, 1000.000000000000000 ) ;
#1758 = CIRCLE ( 'NONE', #6102, 2.000000000000001776 ) ;
#1759 = LINE ( 'NONE', #670, #3902 ) ;
#1760 = CARTESIAN_POINT ( 'NONE',  ( 77.98273839781973038, 7.000000000000000000, 75.00000000000001421 ) ) ;
#1761 = AXIS2_PLACEMENT_3D ( 'NONE', #879, #1890, #3968 ) ;
#1762 = ORIENTED_EDGE ( 'NONE', *, *, #1311, .T. ) ;
#1763 = CARTESIAN_POINT ( 'NONE',  ( 34.99744428017269371, 7.000000000000000000, -72.00000000000001421 ) ) ;
#1764 = CYLINDRICAL_SURFACE ( 'NONE', #1711, 3.500000000000006661 ) ;
#1765 = ORIENTED_EDGE ( 'NONE', *, *, #1059, .F. ) ;
#1766 = LINE ( 'NONE', #4254, #5997 ) ;
#1767 = ADVANCED_FACE ( 'NONE', ( #719 ), #2792, .T. ) ;
#1768 = ORIENTED_EDGE ( 'NONE', *, *, #4982, .T. ) ;
#1769 = EDGE_CURVE ( 'NONE', #4742, #1248, #1109, .T. ) ;
#1770 = FACE_OUTER_BOUND ( 'NONE', #503, .T. ) ;
#1771 = VERTEX_POINT ( 'NONE', #5272 ) ;
#1772 = ORIENTED_EDGE ( 'NONE', *, *, #2610, .F. ) ;
#1773 = ORIENTED_EDGE ( 'NONE', *, *, #913, .F. ) ;
#1774 = ADVANCED_FACE ( 'NONE', ( #585 ), #4813, .T. ) ;
#1775 = EDGE_LOOP ( 'NONE', ( #1299, #4396 ) ) ;
#1776 = ORIENTED_EDGE ( 'NONE', *, *, #5727, .F. ) ;
#1777 = CARTESIAN_POINT ( 'NONE',  ( 27.99744428017270081, -10.00000000000000000, 47.00000000000001421 ) ) ;
#1778 = DIRECTION ( 'NONE',  ( 0.000000000000000000, 0.000000000000000000, 1.000000000000000000 ) ) ;
#1779 = CARTESIAN_POINT ( 'NONE',  ( -26.20255571982731979, 0.000000000000000000, 27.99999999999999645 ) ) ;
#1780 = DIRECTION ( 'NONE',  ( 0.000000000000000000, 0.000000000000000000, 1.000000000000000000 ) ) ;
#1781 = ORIENTED_EDGE ( 'NONE', *, *, #4127, .F. ) ;
#1782 = FACE_OUTER_BOUND ( 'NONE', #5713, .T. ) ;
#1783 = LINE ( 'NONE', #157, #3393 ) ;
#1784 = CARTESIAN_POINT ( 'NONE',  ( 82.01215016252567125, 7.000000000000000000, 75.00000000000001421 ) ) ;
#1785 = LINE ( 'NONE', #733, #2247 ) ;
#1786 = VERTEX_POINT ( 'NONE', #2244 ) ;
#1787 = DIRECTION ( 'NONE',  ( -0.000000000000000000, 1.000000000000000000, -0.000000000000000000 ) ) ;
#1788 = ORIENTED_EDGE ( 'NONE', *, *, #1939, .F. ) ;
#1789 = CYLINDRICAL_SURFACE ( 'NONE', #1665, 2.000000000000005329 ) ;
#1790 = CARTESIAN_POINT ( 'NONE',  ( 82.30513658786500741, 7.000000000000000000, 74.28846153846154721 ) ) ;
#1791 = CARTESIAN_POINT ( 'NONE',  ( 79.99744428017268660, 7.000000000000000000, 73.50000000000001421 ) ) ;
#1792 = EDGE_LOOP ( 'NONE', ( #2301, #1136, #3084, #2145 ) ) ;
#1793 = ORIENTED_EDGE ( 'NONE', *, *, #5669, .F. ) ;
#1794 = EDGE_CURVE ( 'NONE', #1817, #2811, #3288, .T. ) ;
#1795 = DIRECTION ( 'NONE',  ( -1.000000000000000000, 0.000000000000000000, 0.000000000000000000 ) ) ;
#1796 = ORIENTED_EDGE ( 'NONE', *, *, #3143, .F. ) ;
#1797 = ADVANCED_FACE ( 'NONE', ( #619 ), #118, .F. ) ;
#1798 = DIRECTION ( 'NONE',  ( 0.000000000000000000, 0.000000000000000000, 1.000000000000000000 ) ) ;
#1799 = VERTEX_POINT ( 'NONE', #2186 ) ;
#1800 = EDGE_LOOP ( 'NONE', ( #781, #1335, #1340, #6461 ) ) ;
#1801 = CARTESIAN_POINT ( 'NONE',  ( 36.99744428017269371, 4.000000000000000000, -34.99999999999998579 ) ) ;
#1802 = AXIS2_PLACEMENT_3D ( 'NONE', #2628, #2589, #2011 ) ;
#1803 = DIRECTION ( 'NONE',  ( -0.000000000000000000, -1.000000000000000000, -0.000000000000000000 ) ) ;
#1804 = EDGE_CURVE ( 'NONE', #3426, #551, #4268, .T. ) ;
#1805 = ORIENTED_EDGE ( 'NONE', *, *, #2316, .F. ) ;
#1806 = LINE ( 'NONE', #1272, #502 ) ;
#1807 = CARTESIAN_POINT ( 'NONE',  ( -33.00255571982732050, 0.000000000000000000, 9.999999999999998224 ) ) ;
#1808 = AXIS2_PLACEMENT_3D ( 'NONE', #2450, #3006, #3112 ) ;
#1809 = ORIENTED_EDGE ( 'NONE', *, *, #5966, .T. ) ;
#1810 = EDGE_CURVE ( 'NONE', #1913, #6199, #2832, .T. ) ;
#1811 = CARTESIAN_POINT ( 'NONE',  ( 1.797444280172685982, 0.4999999999999483746, 43.50000000000000000 ) ) ;
#1812 = DIRECTION ( 'NONE',  ( 0.000000000000000000, 0.8660254037844385966, 0.4999999999999998890 ) ) ;
#1813 = AXIS2_PLACEMENT_3D ( 'NONE', #2170, #2997, #4762 ) ;
#1814 = CARTESIAN_POINT ( 'NONE',  ( 1.797444280172685982, 10.00000000000000000, 46.50000000000000000 ) ) ;
#1815 = AXIS2_PLACEMENT_3D ( 'NONE', #6072, #6513, #2912 ) ;
#1816 = CARTESIAN_POINT ( 'NONE',  ( 82.30513658786500741, 10.00000000000000000, 74.28846153846154721 ) ) ;
#1817 = VERTEX_POINT ( 'NONE', #5925 ) ;
#1818 = ADVANCED_FACE ( 'NONE', ( #273 ), #4397, .F. ) ;
#1819 = AXIS2_PLACEMENT_3D ( 'NONE', #4656, #2164, #4246 ) ;
#1820 = AXIS2_PLACEMENT_3D ( 'NONE', #1214, #4240, #1657 ) ;
#1821 = FACE_OUTER_BOUND ( 'NONE', #6103, .T. ) ;
#1822 = DIRECTION ( 'NONE',  ( 0.000000000000000000, 0.000000000000000000, 1.000000000000000000 ) ) ;
#1823 = EDGE_LOOP ( 'NONE', ( #2658, #3192 ) ) ;
#1824 = PLANE ( 'NONE',  #1761 ) ;
#1825 = DIRECTION ( 'NONE',  ( -0.000000000000000000, -1.000000000000000000, -0.000000000000000000 ) ) ;
#1826 = CYLINDRICAL_SURFACE ( 'NONE', #2504, 2.750000000000002665 ) ;
#1827 = AXIS2_PLACEMENT_3D ( 'NONE', #176, #2794, #4236 ) ;
#1828 = EDGE_LOOP ( 'NONE', ( #6314, #3410, #5853, #2273 ) ) ;
#1829 = EDGE_CURVE ( 'NONE', #6322, #3209, #3454, .T. ) ;
#1830 = CYLINDRICAL_SURFACE ( 'NONE', #3897, 2.000000000000008882 ) ;
#1831 = DIRECTION ( 'NONE',  ( -0.000000000000000000, 1.000000000000000000, -0.000000000000000000 ) ) ;
#1832 = ORIENTED_EDGE ( 'NONE', *, *, #3600, .F. ) ;
#1833 = ORIENTED_EDGE ( 'NONE', *, *, #3641, .T. ) ;
#1834 = VERTEX_POINT ( 'NONE', #6464 ) ;
#1835 = AXIS2_PLACEMENT_3D ( 'NONE', #3611, #4594, #2130 ) ;
#1836 = EDGE_CURVE ( 'NONE', #4459, #3691, #860, .T. ) ;
#1837 = AXIS2_PLACEMENT_3D ( 'NONE', #563, #1013, #57 ) ;
#1838 = FACE_OUTER_BOUND ( 'NONE', #6026, .T. ) ;
#1839 = DIRECTION ( 'NONE',  ( 0.000000000000000000, 1.000000000000000000, -0.000000000000000000 ) ) ;
#1840 = ORIENTED_EDGE ( 'NONE', *, *, #5636, .T. ) ;
#1841 = CARTESIAN_POINT ( 'NONE',  ( -74.00255571982731340, 5.000000000000000000, 21.00000000000000000 ) ) ;
#1842 = CARTESIAN_POINT ( 'NONE',  ( -57.50255571982733471, 0.000000000000000000, -25.00000000000000000 ) ) ;
#1843 = EDGE_CURVE ( 'NONE', #1231, #823, #5613, .T. ) ;
#1844 = VECTOR ( 'NONE', #3420, 1000.000000000000000 ) ;
#1845 = EDGE_CURVE ( 'NONE', #4430, #5571, #2897, .T. ) ;
#1846 = VERTEX_POINT ( 'NONE', #2443 ) ;
#1847 = CARTESIAN_POINT ( 'NONE',  ( -37.50255571982732761, 10.00000000000000000, -26.00000000000000355 ) ) ;
#1848 = FACE_OUTER_BOUND ( 'NONE', #2151, .T. ) ;
#1849 = CARTESIAN_POINT ( 'NONE',  ( 80.24744428017270081, -4.816681727819437597, -75.00000000000000000 ) ) ;
#1850 = CARTESIAN_POINT ( 'NONE',  ( -28.00255571982732050, 5.000000000000000000, 18.74999999999998934 ) ) ;
#1851 = EDGE_LOOP ( 'NONE', ( #6339, #1897 ) ) ;
#1852 = EDGE_CURVE ( 'NONE', #3336, #3303, #1806, .T. ) ;
#1853 = EDGE_CURVE ( 'NONE', #5453, #1092, #500, .T. ) ;
#1854 = AXIS2_PLACEMENT_3D ( 'NONE', #255, #1667, #638 ) ;
#1855 = EDGE_CURVE ( 'NONE', #3336, #5429, #1382, .T. ) ;
#1856 = CARTESIAN_POINT ( 'NONE',  ( -68.50255571982732761, 5.000000000000000000, 23.24999999999999645 ) ) ;
#1857 = CARTESIAN_POINT ( 'NONE',  ( -68.50255571982732761, 0.000000000000000000, 25.00000000000000000 ) ) ;
#1858 = FACE_BOUND ( 'NONE', #5368, .T. ) ;
#1859 = CARTESIAN_POINT ( 'NONE',  ( 32.98273839781966643, 7.000000000000000000, -75.00000000000000000 ) ) ;
#1860 = AXIS2_PLACEMENT_3D ( 'NONE', #352, #251, #6010 ) ;
#1861 = EDGE_LOOP ( 'NONE', ( #5293, #3115 ) ) ;
#1862 = CARTESIAN_POINT ( 'NONE',  ( 121.9974442801726866, 10.00000000000000000, -22.00000000000000000 ) ) ;
#1863 = CIRCLE ( 'NONE', #4695, 2.000000000000001776 ) ;
#1864 = CARTESIAN_POINT ( 'NONE',  ( 86.99744428017270081, 10.00000000000000000, 75.00000000000001421 ) ) ;
#1865 = CARTESIAN_POINT ( 'NONE',  ( 1.797444280172686204, 7.000000000000000000, 42.24999999999999289 ) ) ;
#1866 = CARTESIAN_POINT ( 'NONE',  ( 1.797444280172685982, 0.000000000000000000, -46.99999999999997158 ) ) ;
#1867 = EDGE_LOOP ( 'NONE', ( #2440, #6456, #1042, #4022 ) ) ;
#1868 = ORIENTED_EDGE ( 'NONE', *, *, #6695, .T. ) ;
#1869 = ORIENTED_EDGE ( 'NONE', *, *, #4967, .T. ) ;
#1870 = FACE_OUTER_BOUND ( 'NONE', #4851, .T. ) ;
#1871 = CARTESIAN_POINT ( 'NONE',  ( 1.797444280172685982, 7.000000000000000000, -37.00000000000000000 ) ) ;
#1872 = VERTEX_POINT ( 'NONE', #6002 ) ;
#1873 = FACE_OUTER_BOUND ( 'NONE', #1070, .T. ) ;
#1874 = FACE_OUTER_BOUND ( 'NONE', #3540, .T. ) ;
#1875 = ORIENTED_EDGE ( 'NONE', *, *, #1205, .T. ) ;
#1876 = DIRECTION ( 'NONE',  ( -1.000000000000000000, -0.000000000000000000, 1.387778780781446169E-16 ) ) ;
#1877 = ORIENTED_EDGE ( 'NONE', *, *, #494, .T. ) ;
#1878 = ADVANCED_FACE ( 'NONE', ( #2347 ), #2936, .T. ) ;
#1879 = DIRECTION ( 'NONE',  ( 1.000000000000000000, 0.000000000000000000, 0.000000000000000000 ) ) ;
#1880 = LINE ( 'NONE', #5485, #2466 ) ;
#1881 = ADVANCED_FACE ( 'NONE', ( #1873 ), #5011, .T. ) ;
#1882 = DIRECTION ( 'NONE',  ( 0.000000000000000000, 0.000000000000000000, 1.000000000000000000 ) ) ;
#1883 = CARTESIAN_POINT ( 'NONE',  ( 86.99744428017268660, 10.00000000000000000, -75.00000000000000000 ) ) ;
#1884 = ORIENTED_EDGE ( 'NONE', *, *, #6497, .F. ) ;
#1885 =( BOUNDED_CURVE ( )  B_SPLINE_CURVE ( 3, ( #2289, #3856, #4883, #2842 ),
 .UNSPECIFIED., .F., .F. ) 
 B_SPLINE_CURVE_WITH_KNOTS ( ( 4, 4 ),
 ( 0.000000000000000000, 1.570796326794896780 ),
 .UNSPECIFIED. ) 
 CURVE ( )  GEOMETRIC_REPRESENTATION_ITEM ( )  RATIONAL_B_SPLINE_CURVE ( ( 1.000000000000000000, 0.8047378541243649375, 0.8047378541243649375, 1.000000000000000000 ) ) 
 REPRESENTATION_ITEM ( '' )  );
#1886 = EDGE_CURVE ( 'NONE', #5996, #591, #6436, .T. ) ;
#1887 = CARTESIAN_POINT ( 'NONE',  ( 76.99744428017268660, 0.000000000000000000, 54.99999999999999289 ) ) ;
#1888 = DIRECTION ( 'NONE',  ( 1.000000000000000000, -0.000000000000000000, -0.000000000000000000 ) ) ;
#1889 = EDGE_CURVE ( 'NONE', #4919, #5935, #3387, .T. ) ;
#1890 = DIRECTION ( 'NONE',  ( -1.000000000000000000, 0.000000000000000000, 9.251858538542971581E-17 ) ) ;
#1891 = CARTESIAN_POINT ( 'NONE',  ( 76.99744428017268660, 0.000000000000000000, 53.50000000000000000 ) ) ;
#1892 = EDGE_LOOP ( 'NONE', ( #5558, #1974, #5090, #5248 ) ) ;
#1893 = LINE ( 'NONE', #2432, #3612 ) ;
#1894 = DIRECTION ( 'NONE',  ( 0.000000000000000000, 0.000000000000000000, 1.000000000000000000 ) ) ;
#1895 = FACE_OUTER_BOUND ( 'NONE', #2614, .T. ) ;
#1896 = CARTESIAN_POINT ( 'NONE',  ( 129.9974442801726866, 10.00000000000000000, -34.74999999999999289 ) ) ;
#1897 = ORIENTED_EDGE ( 'NONE', *, *, #6550, .T. ) ;
#1898 = EDGE_CURVE ( 'NONE', #6164, #6507, #6569, .T. ) ;
#1899 = VERTEX_POINT ( 'NONE', #3491 ) ;
#1900 = ORIENTED_EDGE ( 'NONE', *, *, #3972, .T. ) ;
#1901 = EDGE_CURVE ( 'NONE', #5769, #1846, #3244, .T. ) ;
#1902 = FACE_OUTER_BOUND ( 'NONE', #1237, .T. ) ;
#1903 = VERTEX_POINT ( 'NONE', #4943 ) ;
#1904 = DIRECTION ( 'NONE',  ( -1.000000000000000000, -0.000000000000000000, -0.000000000000000000 ) ) ;
#1905 = VERTEX_POINT ( 'NONE', #2318 ) ;
#1906 = DIRECTION ( 'NONE',  ( -0.000000000000000000, 1.000000000000000000, -0.000000000000000000 ) ) ;
#1907 = CARTESIAN_POINT ( 'NONE',  ( 0.000000000000000000, 8.000000000000000000, 27.99999999999999289 ) ) ;
#1908 = ORIENTED_EDGE ( 'NONE', *, *, #2065, .F. ) ;
#1909 = CARTESIAN_POINT ( 'NONE',  ( -37.50255571982732761, 0.000000000000000000, -25.00000000000000000 ) ) ;
#1910 = PLANE ( 'NONE',  #892 ) ;
#1911 = CARTESIAN_POINT ( 'NONE',  ( -37.50255571982732761, 0.000000000000000000, -14.50000000000000178 ) ) ;
#1912 = CARTESIAN_POINT ( 'NONE',  ( 131.9974442801726866, 4.000000000000000000, 32.75000000000000711 ) ) ;
#1913 = VERTEX_POINT ( 'NONE', #899 ) ;
#1914 = AXIS2_PLACEMENT_3D ( 'NONE', #1173, #4875, #6333 ) ;
#1915 = AXIS2_PLACEMENT_3D ( 'NONE', #1369, #3485, #2441 ) ;
#1916 = EDGE_CURVE ( 'NONE', #1129, #2419, #1282, .T. ) ;
#1917 = VECTOR ( 'NONE', #3076, 1000.000000000000000 ) ;
#1918 = CARTESIAN_POINT ( 'NONE',  ( 26.99744428017269016, 0.000000000000000000, 54.99999999999998579 ) ) ;
#1919 = VECTOR ( 'NONE', #1017, 1000.000000000000000 ) ;
#1920 = CYLINDRICAL_SURFACE ( 'NONE', #4809, 1.500000000000001332 ) ;
#1921 = DIRECTION ( 'NONE',  ( -0.000000000000000000, 1.000000000000000000, -0.000000000000000000 ) ) ;
#1922 = DIRECTION ( 'NONE',  ( 0.000000000000000000, -0.7071067811865311414, -0.7071067811865640040 ) ) ;
#1923 = CARTESIAN_POINT ( 'NONE',  ( 58.05180886677451468, 10.00000000000000000, -23.90368600396491061 ) ) ;
#1924 = ORIENTED_EDGE ( 'NONE', *, *, #5850, .F. ) ;
#1925 = DIRECTION ( 'NONE',  ( -0.3807498052542694356, 0.000000000000000000, 0.9246780984747264842 ) ) ;
#1926 = EDGE_CURVE ( 'NONE', #4044, #5920, #2868, .T. ) ;
#1927 = VECTOR ( 'NONE', #2664, 1000.000000000000000 ) ;
#1928 = CARTESIAN_POINT ( 'NONE',  ( 77.98273839781967354, 10.00000000000000000, -75.00000000000000000 ) ) ;
#1929 = EDGE_CURVE ( 'NONE', #1011, #2313, #624, .T. ) ;
#1930 = DIRECTION ( 'NONE',  ( 0.000000000000000000, 0.000000000000000000, -1.000000000000000000 ) ) ;
#1931 = CARTESIAN_POINT ( 'NONE',  ( -48.50255571982733471, 0.000000000000000000, 25.00000000000000000 ) ) ;
#1932 = CIRCLE ( 'NONE', #3681, 2.999999999999999112 ) ;
#1933 = VERTEX_POINT ( 'NONE', #603 ) ;
#1934 = ORIENTED_EDGE ( 'NONE', *, *, #4265, .T. ) ;
#1935 = ORIENTED_EDGE ( 'NONE', *, *, #6347, .F. ) ;
#1936 = VECTOR ( 'NONE', #6335, 1000.000000000000000 ) ;
#1937 = EDGE_CURVE ( 'NONE', #4293, #649, #3523, .T. ) ;
#1938 = CARTESIAN_POINT ( 'NONE',  ( 34.99744428017269371, 7.000000000000000000, 72.00000000000001421 ) ) ;
#1939 = EDGE_CURVE ( 'NONE', #4129, #2012, #5074, .T. ) ;
#1940 = LINE ( 'NONE', #446, #5285 ) ;
#1941 = VECTOR ( 'NONE', #4693, 1000.000000000000000 ) ;
#1942 = CARTESIAN_POINT ( 'NONE',  ( -58.50255571982733471, 10.00000000000000000, 13.50000000000000178 ) ) ;
#1943 = AXIS2_PLACEMENT_3D ( 'NONE', #3674, #4074, #2612 ) ;
#1944 = ORIENTED_EDGE ( 'NONE', *, *, #5459, .T. ) ;
#1945 = ORIENTED_EDGE ( 'NONE', *, *, #355, .F. ) ;
#1946 = DIRECTION ( 'NONE',  ( 0.000000000000000000, 1.000000000000000000, 0.000000000000000000 ) ) ;
#1947 = DIRECTION ( 'NONE',  ( 0.000000000000000000, 0.000000000000000000, -1.000000000000000000 ) ) ;
#1948 = DIRECTION ( 'NONE',  ( 0.3807498052542694356, 0.000000000000000000, -0.9246780984747264842 ) ) ;
#1949 = VERTEX_POINT ( 'NONE', #1467 ) ;
#1950 = AXIS2_PLACEMENT_3D ( 'NONE', #5530, #877, #254 ) ;
#1951 = VECTOR ( 'NONE', #239, 1000.000000000000000 ) ;
#1952 = DIRECTION ( 'NONE',  ( -1.000000000000000000, -0.000000000000000000, -0.000000000000000000 ) ) ;
#1953 = CARTESIAN_POINT ( 'NONE',  ( 79.99744428017268660, 7.000000000000000000, 72.00000000000001421 ) ) ;
#1954 = CARTESIAN_POINT ( 'NONE',  ( -48.50255571982733471, 0.000000000000000000, 25.99999999999999645 ) ) ;
#1955 = FACE_OUTER_BOUND ( 'NONE', #2768, .T. ) ;
#1956 = DIRECTION ( 'NONE',  ( -0.000000000000000000, -1.000000000000000000, -0.000000000000000000 ) ) ;
#1957 = CARTESIAN_POINT ( 'NONE',  ( -58.50255571982733471, 0.000000000000000000, 14.50000000000000178 ) ) ;
#1958 = CARTESIAN_POINT ( 'NONE',  ( -57.50255571982733471, 10.00000000000000000, 14.50000000000000178 ) ) ;
#1959 = ORIENTED_EDGE ( 'NONE', *, *, #1724, .T. ) ;
#1960 = LINE ( 'NONE', #2957, #5777 ) ;
#1961 = VECTOR ( 'NONE', #5703, 1000.000000000000000 ) ;
#1962 = VECTOR ( 'NONE', #2410, 1000.000000000000000 ) ;
#1963 = DIRECTION ( 'NONE',  ( -0.000000000000000000, 1.000000000000000000, -0.000000000000000000 ) ) ;
#1964 = DIRECTION ( 'NONE',  ( 0.000000000000000000, 0.000000000000000000, 1.000000000000000000 ) ) ;
#1965 = STYLED_ITEM ( 'NONE', ( #5359 ), #4820 ) ;
#1966 = DIRECTION ( 'NONE',  ( 0.000000000000000000, 1.000000000000000000, 0.000000000000000000 ) ) ;
#1967 = EDGE_CURVE ( 'NONE', #2137, #984, #6379, .T. ) ;
#1968 = ORIENTED_EDGE ( 'NONE', *, *, #225, .T. ) ;
#1969 = ADVANCED_FACE ( 'NONE', ( #5654, #3203 ), #1669, .F. ) ;
#1970 = ORIENTED_EDGE ( 'NONE', *, *, #558, .F. ) ;
#1971 = CIRCLE ( 'NONE', #2294, 2.249999999999998668 ) ;
#1972 = DIRECTION ( 'NONE',  ( 0.000000000000000000, 1.000000000000000000, 0.000000000000000000 ) ) ;
#1973 = EDGE_LOOP ( 'NONE', ( #2463, #2203 ) ) ;
#1974 = ORIENTED_EDGE ( 'NONE', *, *, #4179, .T. ) ;
#1975 = CARTESIAN_POINT ( 'NONE',  ( 79.99744428017268660, 7.000000000000000000, -68.75000000000000000 ) ) ;
#1976 = AXIS2_PLACEMENT_3D ( 'NONE', #4926, #229, #3904 ) ;
#1977 = EDGE_CURVE ( 'NONE', #1092, #5453, #3346, .T. ) ;
#1978 = DIRECTION ( 'NONE',  ( -0.000000000000000000, 1.000000000000000000, -0.000000000000000000 ) ) ;
#1979 = ORIENTED_EDGE ( 'NONE', *, *, #4259, .T. ) ;
#1980 = CARTESIAN_POINT ( 'NONE',  ( 121.9974442801726866, 10.00000000000000000, 18.00000000000000355 ) ) ;
#1981 = EDGE_LOOP ( 'NONE', ( #5985, #5482, #4599, #209 ) ) ;
#1982 = ORIENTED_EDGE ( 'NONE', *, *, #6009, .T. ) ;
#1983 = DIRECTION ( 'NONE',  ( 0.000000000000000000, 0.000000000000000000, 1.000000000000000000 ) ) ;
#1984 = CARTESIAN_POINT ( 'NONE',  ( 32.99744428017268660, 7.000000000000000000, -75.00000000000000000 ) ) ;
#1985 = DIRECTION ( 'NONE',  ( 0.000000000000000000, 1.000000000000000000, 0.000000000000000000 ) ) ;
#1986 = ORIENTED_EDGE ( 'NONE', *, *, #6346, .F. ) ;
#1987 = PLANE ( 'NONE',  #5755 ) ;
#1988 = CARTESIAN_POINT ( 'NONE',  ( -74.00255571982731340, 5.000000000000000000, -21.00000000000000000 ) ) ;
#1989 = DIRECTION ( 'NONE',  ( 0.000000000000000000, 0.000000000000000000, -1.000000000000000000 ) ) ;
#1990 = CYLINDRICAL_SURFACE ( 'NONE', #4692, 1.499999999999994449 ) ;
#1991 = CARTESIAN_POINT ( 'NONE',  ( 32.99744428017270081, -4.816681727819437597, -75.00000000000000000 ) ) ;
#1992 = LINE ( 'NONE', #6556, #3886 ) ;
#1993 = ORIENTED_EDGE ( 'NONE', *, *, #4733, .F. ) ;
#1994 = FACE_OUTER_BOUND ( 'NONE', #5814, .T. ) ;
#1995 = LINE ( 'NONE', #4075, #884 ) ;
#1996 = DIRECTION ( 'NONE',  ( 0.000000000000000000, 0.000000000000000000, -1.000000000000000000 ) ) ;
#1997 = DIRECTION ( 'NONE',  ( 0.000000000000000000, 0.000000000000000000, 1.000000000000000000 ) ) ;
#1998 = ORIENTED_EDGE ( 'NONE', *, *, #4473, .F. ) ;
#1999 = CARTESIAN_POINT ( 'NONE',  ( 36.99744428017270081, 0.000000000000000000, 47.00000000000001421 ) ) ;
#2000 = ORIENTED_EDGE ( 'NONE', *, *, #4355, .F. ) ;
#2001 = EDGE_CURVE ( 'NONE', #5791, #5550, #6633, .T. ) ;
#2002 = EDGE_CURVE ( 'NONE', #2839, #518, #1440, .T. ) ;
#2003 = CARTESIAN_POINT ( 'NONE',  ( -78.00255571982732761, 10.00000000000000000, -25.99999999999999645 ) ) ;
#2004 = ORIENTED_EDGE ( 'NONE', *, *, #1025, .F. ) ;
#2005 = ORIENTED_EDGE ( 'NONE', *, *, #1126, .F. ) ;
#2006 = DIRECTION ( 'NONE',  ( 0.000000000000000000, 0.000000000000000000, 1.000000000000000000 ) ) ;
#2007 = DIRECTION ( 'NONE',  ( 0.000000000000000000, 0.000000000000000000, 1.000000000000000000 ) ) ;
#2008 = ORIENTED_EDGE ( 'NONE', *, *, #2618, .T. ) ;
#2009 = ADVANCED_FACE ( 'NONE', ( #5811 ), #3622, .F. ) ;
#2010 = EDGE_CURVE ( 'NONE', #2225, #2307, #2516, .T. ) ;
#2011 = DIRECTION ( 'NONE',  ( 1.156482317317871725E-15, 0.000000000000000000, -1.000000000000000000 ) ) ;
#2012 = VERTEX_POINT ( 'NONE', #965 ) ;
#2013 = VERTEX_POINT ( 'NONE', #4014 ) ;
#2014 = DIRECTION ( 'NONE',  ( 0.000000000000000000, 0.000000000000000000, 1.000000000000000000 ) ) ;
#2015 = DIRECTION ( 'NONE',  ( 0.000000000000000000, 0.000000000000000000, -1.000000000000000000 ) ) ;
#2016 = CARTESIAN_POINT ( 'NONE',  ( 86.99744428017270081, 4.000000000000000000, 35.00000000000001421 ) ) ;
#2017 = ORIENTED_EDGE ( 'NONE', *, *, #4811, .T. ) ;
#2018 = EDGE_CURVE ( 'NONE', #5305, #1698, #4536, .T. ) ;
#2019 = DIRECTION ( 'NONE',  ( 0.000000000000000000, 1.000000000000000000, 0.000000000000000000 ) ) ;
#2020 = DIRECTION ( 'NONE',  ( 0.000000000000000000, -1.000000000000000000, 0.000000000000000000 ) ) ;
#2021 = LINE ( 'NONE', #2531, #2838 ) ;
#2022 = CONICAL_SURFACE ( 'NONE', #91, 1.500000000000001332, 0.7853981633974712606 ) ;
#2023 = CARTESIAN_POINT ( 'NONE',  ( -33.00255571982732050, 0.000000000000000000, 9.999999999999998224 ) ) ;
#2024 = VECTOR ( 'NONE', #2084, 1000.000000000000000 ) ;
#2025 = CARTESIAN_POINT ( 'NONE',  ( 93.99744428017268660, 7.000000000000000000, -24.50000000000000711 ) ) ;
#2026 = FACE_BOUND ( 'NONE', #6430, .T. ) ;
#2027 = ORIENTED_EDGE ( 'NONE', *, *, #1355, .F. ) ;
#2028 = EDGE_CURVE ( 'NONE', #5756, #2339, #1940, .T. ) ;
#2029 = AXIS2_PLACEMENT_3D ( 'NONE', #2766, #1748, #4370 ) ;
#2030 = CONICAL_SURFACE ( 'NONE', #5387, 1.500000000000001332, 0.7853981633974715937 ) ;
#2031 = CARTESIAN_POINT ( 'NONE',  ( 77.98273839781967354, 7.000000000000000000, -75.00000000000000000 ) ) ;
#2032 = DIRECTION ( 'NONE',  ( 0.000000000000000000, 1.000000000000000000, 0.000000000000000000 ) ) ;
#2033 = FACE_OUTER_BOUND ( 'NONE', #4501, .T. ) ;
#2034 = ORIENTED_EDGE ( 'NONE', *, *, #4429, .F. ) ;
#2035 = DIRECTION ( 'NONE',  ( -1.000000000000000000, -0.000000000000000000, -0.000000000000000000 ) ) ;
#2036 = CIRCLE ( 'NONE', #6694, 2.249999999999998668 ) ;
#2037 = VECTOR ( 'NONE', #729, 1000.000000000000000 ) ;
#2038 = ORIENTED_EDGE ( 'NONE', *, *, #4765, .F. ) ;
#2039 = CIRCLE ( 'NONE', #6701, 1.500000000000001332 ) ;
#2040 = CARTESIAN_POINT ( 'NONE',  ( 76.99744428017268660, 0.000000000000000000, -54.99999999999999289 ) ) ;
#2041 = ORIENTED_EDGE ( 'NONE', *, *, #177, .F. ) ;
#2042 = ORIENTED_EDGE ( 'NONE', *, *, #4881, .T. ) ;
#2043 = CARTESIAN_POINT ( 'NONE',  ( 1.797444280172685982, 0.4999999999999483746, -45.00000000000000000 ) ) ;
#2044 = FACE_OUTER_BOUND ( 'NONE', #3381, .T. ) ;
#2045 = CIRCLE ( 'NONE', #4436, 1.499999999999994449 ) ;
#2046 = EDGE_CURVE ( 'NONE', #3721, #3110, #929, .T. ) ;
#2047 = ORIENTED_EDGE ( 'NONE', *, *, #486, .F. ) ;
#2048 = AXIS2_PLACEMENT_3D ( 'NONE', #3922, #346, #2417 ) ;
#2049 = ORIENTED_EDGE ( 'NONE', *, *, #2316, .T. ) ;
#2050 = EDGE_LOOP ( 'NONE', ( #6713, #4458, #6232, #137 ) ) ;
#2051 = FACE_OUTER_BOUND ( 'NONE', #3866, .T. ) ;
#2052 = DIRECTION ( 'NONE',  ( 0.000000000000000000, -0.7071067811865311414, -0.7071067811865638930 ) ) ;
#2053 = EDGE_CURVE ( 'NONE', #2714, #5682, #2355, .T. ) ;
#2054 = CARTESIAN_POINT ( 'NONE',  ( 79.99744428017268660, 10.00000000000000000, -72.00000000000001421 ) ) ;
#2055 = VERTEX_POINT ( 'NONE', #103 ) ;
#2056 = EDGE_CURVE ( 'NONE', #539, #2963, #3672, .T. ) ;
#2057 = CIRCLE ( 'NONE', #3800, 1.500000000000001332 ) ;
#2058 = DIRECTION ( 'NONE',  ( 0.000000000000000000, 0.000000000000000000, 1.000000000000000000 ) ) ;
#2059 = FACE_OUTER_BOUND ( 'NONE', #4936, .T. ) ;
#2060 = DIRECTION ( 'NONE',  ( 0.000000000000000000, 0.000000000000000000, 1.000000000000000000 ) ) ;
#2061 = AXIS2_PLACEMENT_3D ( 'NONE', #801, #323, #3468 ) ;
#2062 = EDGE_CURVE ( 'NONE', #5009, #1608, #6321, .T. ) ;
#2063 = FACE_BOUND ( 'NONE', #4163, .T. ) ;
#2064 = EDGE_LOOP ( 'NONE', ( #1529, #3583, #5364, #3810 ) ) ;
#2065 = EDGE_CURVE ( 'NONE', #4347, #2447, #5259, .T. ) ;
#2066 = ADVANCED_FACE ( 'NONE', ( #641 ), #3272, .T. ) ;
#2067 = FACE_OUTER_BOUND ( 'NONE', #145, .T. ) ;
#2068 = FACE_OUTER_BOUND ( 'NONE', #2064, .T. ) ;
#2069 = CARTESIAN_POINT ( 'NONE',  ( 34.99744428017269371, 10.00000000000000000, -72.00000000000001421 ) ) ;
#2070 = ORIENTED_EDGE ( 'NONE', *, *, #5050, .F. ) ;
#2071 = DIRECTION ( 'NONE',  ( 0.000000000000000000, 1.000000000000000000, -0.000000000000000000 ) ) ;
#2072 = VECTOR ( 'NONE', #850, 1000.000000000000000 ) ;
#2073 = ORIENTED_EDGE ( 'NONE', *, *, #3198, .T. ) ;
#2074 = AXIS2_PLACEMENT_3D ( 'NONE', #3298, #4206, #696 ) ;
#2075 = MECHANICAL_DESIGN_GEOMETRIC_PRESENTATION_REPRESENTATION (  '', ( #1965 ), #1643 ) ;
#2076 = LINE ( 'NONE', #3649, #6628 ) ;
#2077 = EDGE_LOOP ( 'NONE', ( #2622, #5520 ) ) ;
#2078 = VERTEX_POINT ( 'NONE', #1791 ) ;
#2079 = FACE_OUTER_BOUND ( 'NONE', #6593, .T. ) ;
#2080 = CIRCLE ( 'NONE', #2955, 2.750000000000002665 ) ;
#2081 = VECTOR ( 'NONE', #3325, 1000.000000000000000 ) ;
#2082 = VERTEX_POINT ( 'NONE', #6418 ) ;
#2083 = AXIS2_PLACEMENT_3D ( 'NONE', #6175, #1453, #3602 ) ;
#2084 = DIRECTION ( 'NONE',  ( -0.000000000000000000, 1.000000000000000000, 0.000000000000000000 ) ) ;
#2085 = ORIENTED_EDGE ( 'NONE', *, *, #6413, .F. ) ;
#2086 = ORIENTED_EDGE ( 'NONE', *, *, #2882, .T. ) ;
#2087 = CARTESIAN_POINT ( 'NONE',  ( -50.50255571982733471, 8.000000000000000000, -27.99999999999999289 ) ) ;
#2088 = DIRECTION ( 'NONE',  ( 0.000000000000000000, 0.000000000000000000, 1.000000000000000000 ) ) ;
#2089 = EDGE_LOOP ( 'NONE', ( #4874, #3031, #6629, #4602 ) ) ;
#2090 = DIRECTION ( 'NONE',  ( 0.000000000000000000, 0.000000000000000000, 1.000000000000000000 ) ) ;
#2091 = CARTESIAN_POINT ( 'NONE',  ( 34.99744428017269371, 7.000000000000000000, -72.00000000000001421 ) ) ;
#2092 = EDGE_CURVE ( 'NONE', #5193, #2078, #1176, .T. ) ;
#2093 = EDGE_CURVE ( 'NONE', #5100, #6654, #5945, .T. ) ;
#2094 = DIRECTION ( 'NONE',  ( 1.000000000000000000, 0.000000000000000000, 0.000000000000000000 ) ) ;
#2095 = DIRECTION ( 'NONE',  ( 0.000000000000000000, -0.000000000000000000, -1.000000000000000000 ) ) ;
#2096 = CARTESIAN_POINT ( 'NONE',  ( -33.00255571982732050, 0.000000000000000000, -10.00000000000000178 ) ) ;
#2097 = DIRECTION ( 'NONE',  ( 1.000000000000000000, 0.000000000000000000, 0.000000000000000000 ) ) ;
#2098 = DIRECTION ( 'NONE',  ( 0.000000000000000000, 0.000000000000000000, 1.000000000000000000 ) ) ;
#2099 = VERTEX_POINT ( 'NONE', #165 ) ;
#2100 = DIRECTION ( 'NONE',  ( -0.000000000000000000, 1.000000000000000000, -0.000000000000000000 ) ) ;
#2101 = ADVANCED_FACE ( 'NONE', ( #4285 ), #1764, .F. ) ;
#2102 = CARTESIAN_POINT ( 'NONE',  ( 1.997444280172694153, 0.000000000000000000, 75.00000000000001421 ) ) ;
#2103 = CARTESIAN_POINT ( 'NONE',  ( -29.50255571982732761, 4.999999999999999112, 17.07401816951053419 ) ) ;
#2104 = ORIENTED_EDGE ( 'NONE', *, *, #3309, .T. ) ;
#2105 = DIRECTION ( 'NONE',  ( 0.000000000000000000, 1.000000000000000000, 0.000000000000000000 ) ) ;
#2106 = ORIENTED_EDGE ( 'NONE', *, *, #1053, .F. ) ;
#2107 = EDGE_CURVE ( 'NONE', #4498, #5135, #231, .T. ) ;
#2108 = CARTESIAN_POINT ( 'NONE',  ( 80.99744428017275766, -7.000000000000000000, 9.367211205795939506E-14 ) ) ;
#2109 = ORIENTED_EDGE ( 'NONE', *, *, #1636, .F. ) ;
#2110 = DIRECTION ( 'NONE',  ( -0.000000000000000000, 0.000000000000000000, 1.000000000000000000 ) ) ;
#2111 = ORIENTED_EDGE ( 'NONE', *, *, #2828, .F. ) ;
#2112 = ORIENTED_EDGE ( 'NONE', *, *, #4881, .F. ) ;
#2113 = EDGE_CURVE ( 'NONE', #6053, #4253, #2036, .T. ) ;
#2114 = DIRECTION ( 'NONE',  ( 0.000000000000000000, -1.000000000000000000, 0.000000000000000000 ) ) ;
#2115 = DIRECTION ( 'NONE',  ( -0.000000000000000000, -0.000000000000000000, 1.000000000000000000 ) ) ;
#2116 = ORIENTED_EDGE ( 'NONE', *, *, #5797, .T. ) ;
#2117 = EDGE_LOOP ( 'NONE', ( #2274, #6395 ) ) ;
#2118 = CARTESIAN_POINT ( 'NONE',  ( -56.67412859508114309, 0.8284271247461902909, -27.99999999999999289 ) ) ;
#2119 = LINE ( 'NONE', #5114, #3789 ) ;
#2120 = EDGE_LOOP ( 'NONE', ( #5513, #5719, #3213, #6248 ) ) ;
#2121 = DIRECTION ( 'NONE',  ( -1.000000000000000000, -0.000000000000000000, 0.000000000000000000 ) ) ;
#2122 = EDGE_LOOP ( 'NONE', ( #5555, #789, #6607, #1840 ) ) ;
#2123 = CARTESIAN_POINT ( 'NONE',  ( -68.50255571982732761, 0.000000000000000000, -27.99999999999999289 ) ) ;
#2124 = CARTESIAN_POINT ( 'NONE',  ( 36.99744428017269371, 4.000000000000000000, -34.99999999999998579 ) ) ;
#2125 = DIRECTION ( 'NONE',  ( 0.000000000000000000, 0.000000000000000000, 1.000000000000000000 ) ) ;
#2126 = LINE ( 'NONE', #491, #6155 ) ;
#2127 = PLANE ( 'NONE',  #4980 ) ;
#2128 = ORIENTED_EDGE ( 'NONE', *, *, #3142, .F. ) ;
#2129 = ADVANCED_FACE ( 'NONE', ( #5432 ), #3839, .F. ) ;
#2130 = DIRECTION ( 'NONE',  ( 0.000000000000000000, 0.000000000000000000, 1.000000000000000000 ) ) ;
#2131 = AXIS2_PLACEMENT_3D ( 'NONE', #5269, #511, #1036 ) ;
#2132 = CARTESIAN_POINT ( 'NONE',  ( 79.99744428017268660, 0.5000000000000368594, 70.50000000000000000 ) ) ;
#2133 = CARTESIAN_POINT ( 'NONE',  ( 93.99744428017268660, 7.000000000000000000, -20.99999999999999645 ) ) ;
#2134 = ORIENTED_EDGE ( 'NONE', *, *, #5458, .T. ) ;
#2135 = ORIENTED_EDGE ( 'NONE', *, *, #275, .T. ) ;
#2136 = CARTESIAN_POINT ( 'NONE',  ( -28.00255571982732050, 5.000000000000000000, -20.99999999999998579 ) ) ;
#2137 = VERTEX_POINT ( 'NONE', #676 ) ;
#2138 = EDGE_CURVE ( 'NONE', #5283, #1235, #3780, .T. ) ;
#2139 = LINE ( 'NONE', #2543, #4460 ) ;
#2140 = VECTOR ( 'NONE', #3586, 1000.000000000000000 ) ;
#2141 = ORIENTED_EDGE ( 'NONE', *, *, #2, .T. ) ;
#2142 = CONICAL_SURFACE ( 'NONE', #5837, 1.500000000000001332, 0.7853981633974714827 ) ;
#2143 = DIRECTION ( 'NONE',  ( 1.000000000000000000, 0.000000000000000000, 0.000000000000000000 ) ) ;
#2144 = EDGE_CURVE ( 'NONE', #4176, #354, #4928, .T. ) ;
#2145 = ORIENTED_EDGE ( 'NONE', *, *, #5317, .T. ) ;
#2146 = ADVANCED_FACE ( 'NONE', ( #259 ), #2576, .F. ) ;
#2147 = VECTOR ( 'NONE', #3399, 1000.000000000000000 ) ;
#2148 = CIRCLE ( 'NONE', #2562, 1.750000000000001554 ) ;
#2149 = LINE ( 'NONE', #4228, #1284 ) ;
#2150 = DIRECTION ( 'NONE',  ( 0.000000000000000000, 1.000000000000000000, 0.000000000000000000 ) ) ;
#2151 = EDGE_LOOP ( 'NONE', ( #4845, #4608, #4059, #991 ) ) ;
#2152 = ORIENTED_EDGE ( 'NONE', *, *, #6015, .T. ) ;
#2153 = CARTESIAN_POINT ( 'NONE',  ( -67.50255571982732761, 0.000000000000000000, 13.50000000000000178 ) ) ;
#2154 = AXIS2_PLACEMENT_3D ( 'NONE', #1076, #5764, #2555 ) ;
#2155 = LINE ( 'NONE', #5273, #2688 ) ;
#2156 = DIRECTION ( 'NONE',  ( -0.000000000000000000, 1.000000000000000000, -0.000000000000000000 ) ) ;
#2157 = DIRECTION ( 'NONE',  ( 0.000000000000000000, -1.000000000000000000, 0.000000000000000000 ) ) ;
#2158 = VECTOR ( 'NONE', #6158, 1000.000000000000000 ) ;
#2159 = DIRECTION ( 'NONE',  ( 0.000000000000000000, 0.000000000000000000, 1.000000000000000000 ) ) ;
#2160 = ORIENTED_EDGE ( 'NONE', *, *, #3878, .F. ) ;
#2161 = CYLINDRICAL_SURFACE ( 'NONE', #1629, 1.500000000000001332 ) ;
#2162 = DIRECTION ( 'NONE',  ( 0.7831866393703775797, 0.000000000000000000, 0.6217866900406714414 ) ) ;
#2163 = CARTESIAN_POINT ( 'NONE',  ( 1.797444280172685982, 0.4999999999999483746, -43.50000000000000000 ) ) ;
#2164 = DIRECTION ( 'NONE',  ( 0.000000000000000000, 1.000000000000000000, 0.000000000000000000 ) ) ;
#2165 = VERTEX_POINT ( 'NONE', #705 ) ;
#2166 = AXIS2_PLACEMENT_3D ( 'NONE', #6310, #2194, #4242 ) ;
#2167 = FACE_OUTER_BOUND ( 'NONE', #1828, .T. ) ;
#2168 = CARTESIAN_POINT ( 'NONE',  ( 0.000000000000000000, 0.000000000000000000, 28.00000000000000000 ) ) ;
#2169 = LINE ( 'NONE', #4251, #5834 ) ;
#2170 = CARTESIAN_POINT ( 'NONE',  ( 81.99744428017270081, -4.816681727819437597, 47.00000000000001421 ) ) ;
#2171 = ORIENTED_EDGE ( 'NONE', *, *, #893, .T. ) ;
#2172 = CARTESIAN_POINT ( 'NONE',  ( -78.00255571982732761, 5.000000000000000000, -17.50000000000000000 ) ) ;
#2173 = EDGE_LOOP ( 'NONE', ( #6671, #922, #6052, #2825 ) ) ;
#2174 = AXIS2_PLACEMENT_3D ( 'NONE', #4603, #3488, #5547 ) ;
#2175 = EDGE_CURVE ( 'NONE', #703, #6236, #5510, .T. ) ;
#2176 = AXIS2_PLACEMENT_3D ( 'NONE', #5366, #2862, #1795 ) ;
#2177 = DIRECTION ( 'NONE',  ( 0.000000000000000000, -0.8660254037844382635, 0.5000000000000005551 ) ) ;
#2178 = ORIENTED_EDGE ( 'NONE', *, *, #931, .F. ) ;
#2179 = ADVANCED_FACE ( 'NONE', ( #2304 ), #6384, .F. ) ;
#2180 = AXIS2_PLACEMENT_3D ( 'NONE', #1555, #2095, #1623 ) ;
#2181 = DIRECTION ( 'NONE',  ( 0.000000000000000000, 0.000000000000000000, 1.000000000000000000 ) ) ;
#2182 = EDGE_LOOP ( 'NONE', ( #1259, #5877, #1524, #6382, #5563, #829 ) ) ;
#2183 = ADVANCED_FACE ( 'NONE', ( #2266 ), #6268, .F. ) ;
#2184 = VECTOR ( 'NONE', #1530, 1000.000000000000000 ) ;
#2185 = ORIENTED_EDGE ( 'NONE', *, *, #3820, .F. ) ;
#2186 = CARTESIAN_POINT ( 'NONE',  ( -57.50255571982733471, 0.000000000000000000, 25.99999999999999645 ) ) ;
#2187 = AXIS2_PLACEMENT_3D ( 'NONE', #4946, #2420, #380 ) ;
#2188 = LINE ( 'NONE', #5726, #2797 ) ;
#2189 = FACE_BOUND ( 'NONE', #5749, .T. ) ;
#2190 = DIRECTION ( 'NONE',  ( -0.000000000000000000, -1.000000000000000000, 0.000000000000000000 ) ) ;
#2191 = AXIS2_PLACEMENT_3D ( 'NONE', #431, #985, #6714 ) ;
#2192 = AXIS2_PLACEMENT_3D ( 'NONE', #1622, #3701, #5771 ) ;
#2193 = ORIENTED_EDGE ( 'NONE', *, *, #5815, .F. ) ;
#2194 = DIRECTION ( 'NONE',  ( 1.000000000000000000, 0.000000000000000000, -2.775557561562891351E-16 ) ) ;
#2195 = LINE ( 'NONE', #4847, #5998 ) ;
#2196 = PLANE ( 'NONE',  #4145 ) ;
#2197 = CARTESIAN_POINT ( 'NONE',  ( 37.01215016252572099, 10.00000000000000000, -75.00000000000000000 ) ) ;
#2198 = ORIENTED_EDGE ( 'NONE', *, *, #5033, .F. ) ;
#2199 = CARTESIAN_POINT ( 'NONE',  ( 32.97559603688942076, 10.00000000000000000, -74.98265426631226660 ) ) ;
#2200 = ORIENTED_EDGE ( 'NONE', *, *, #4016, .T. ) ;
#2201 = FACE_OUTER_BOUND ( 'NONE', #568, .T. ) ;
#2202 = CARTESIAN_POINT ( 'NONE',  ( 77.99744428017270081, -7.000000000000000000, 47.00000000000001421 ) ) ;
#2203 = ORIENTED_EDGE ( 'NONE', *, *, #3841, .F. ) ;
#2204 = LINE ( 'NONE', #4315, #4694 ) ;
#2205 = ORIENTED_EDGE ( 'NONE', *, *, #5084, .T. ) ;
#2206 = UNCERTAINTY_MEASURE_WITH_UNIT (LENGTH_MEASURE( 1.000000000000000082E-05 ), #702, 'distance_accuracy_value', 'NONE');
#2207 = DIRECTION ( 'NONE',  ( 0.000000000000000000, 0.000000000000000000, -1.000000000000000000 ) ) ;
#2208 = ORIENTED_EDGE ( 'NONE', *, *, #4001, .F. ) ;
#2209 = VERTEX_POINT ( 'NONE', #2751 ) ;
#2210 = EDGE_CURVE ( 'NONE', #3620, #292, #6483, .T. ) ;
#2211 = ADVANCED_FACE ( 'NONE', ( #5984 ), #3023, .F. ) ;
#2212 = ORIENTED_EDGE ( 'NONE', *, *, #2599, .F. ) ;
#2213 = EDGE_LOOP ( 'NONE', ( #6137, #3848, #1193, #3624 ) ) ;
#2214 = DIRECTION ( 'NONE',  ( -0.000000000000000000, 1.000000000000000000, 0.000000000000000000 ) ) ;
#2215 = DIRECTION ( 'NONE',  ( 0.000000000000000000, -1.000000000000000000, 0.000000000000000000 ) ) ;
#2216 = CARTESIAN_POINT ( 'NONE',  ( -48.50255571982733471, 10.00000000000000000, 13.50000000000000178 ) ) ;
#2217 = EDGE_CURVE ( 'NONE', #4192, #2099, #5844, .T. ) ;
#2218 = EDGE_CURVE ( 'NONE', #3209, #1582, #2954, .T. ) ;
#2219 = CYLINDRICAL_SURFACE ( 'NONE', #3777, 1.999999999999996669 ) ;
#2220 = EDGE_LOOP ( 'NONE', ( #81, #4055, #5246, #3527 ) ) ;
#2221 = DIRECTION ( 'NONE',  ( -0.000000000000000000, -1.000000000000000000, -0.000000000000000000 ) ) ;
#2222 = DIRECTION ( 'NONE',  ( 1.000000000000000000, 0.000000000000000000, 0.000000000000000000 ) ) ;
#2223 = FACE_OUTER_BOUND ( 'NONE', #3808, .T. ) ;
#2224 = FACE_OUTER_BOUND ( 'NONE', #4925, .T. ) ;
#2225 = VERTEX_POINT ( 'NONE', #1891 ) ;
#2226 = ADVANCED_FACE ( 'NONE', ( #1359 ), #4554, .T. ) ;
#2227 = CARTESIAN_POINT ( 'NONE',  ( 82.01215016252567125, 10.00000000000000000, 75.00000000000001421 ) ) ;
#2228 = DIRECTION ( 'NONE',  ( 0.000000000000000000, -1.000000000000000000, 0.000000000000000000 ) ) ;
#2229 = VERTEX_POINT ( 'NONE', #4954 ) ;
#2230 = DIRECTION ( 'NONE',  ( -0.000000000000000000, 1.000000000000000000, -0.000000000000000000 ) ) ;
#2231 = CARTESIAN_POINT ( 'NONE',  ( 32.99744428017270081, 10.00000000000000000, 75.00000000000001421 ) ) ;
#2232 = VERTEX_POINT ( 'NONE', #3437 ) ;
#2233 = DIRECTION ( 'NONE',  ( 0.000000000000000000, 0.000000000000000000, 1.000000000000000000 ) ) ;
#2234 = EDGE_LOOP ( 'NONE', ( #189, #1473, #5914, #2557 ) ) ;
#2235 = DIRECTION ( 'NONE',  ( -0.000000000000000000, -1.000000000000000000, -0.000000000000000000 ) ) ;
#2236 = ORIENTED_EDGE ( 'NONE', *, *, #63, .F. ) ;
#2237 = EDGE_LOOP ( 'NONE', ( #1796, #2017, #1162, #269, #4669, #4965, #2497, #3057, #5321, #4797, #1505, #2198, #5784, #228, #2784, #5405, #3295, #141, #1547, #4380, #5196, #4737, #3766, #430, #3108, #933, #56, #1208, #1762, #2573, #864, #206, #76, #4784, #3212, #1158, #5070, #3496, #5163, #301, #1982, #471, #3896, #1421, #140, #537 ) ) ;
#2238 = VECTOR ( 'NONE', #2594, 1000.000000000000000 ) ;
#2239 = EDGE_LOOP ( 'NONE', ( #2788, #5167, #3472, #5828 ) ) ;
#2240 = AXIS2_PLACEMENT_3D ( 'NONE', #2780, #1258, #1697 ) ;
#2241 = AXIS2_PLACEMENT_3D ( 'NONE', #5589, #516, #2015 ) ;
#2242 = CARTESIAN_POINT ( 'NONE',  ( 34.99744428017269371, 10.00000000000000000, 72.00000000000001421 ) ) ;
#2243 = ORIENTED_EDGE ( 'NONE', *, *, #6578, .F. ) ;
#2244 = CARTESIAN_POINT ( 'NONE',  ( 79.99744428017268660, 0.000000000000000000, 69.99999999999995737 ) ) ;
#2245 = ADVANCED_FACE ( 'NONE', ( #6044 ), #5055, .F. ) ;
#2246 = CARTESIAN_POINT ( 'NONE',  ( -74.00255571982731340, 5.000000000000000000, 18.75000000000000355 ) ) ;
#2247 = VECTOR ( 'NONE', #2291, 1000.000000000000000 ) ;
#2248 = AXIS2_PLACEMENT_3D ( 'NONE', #554, #5763, #3215 ) ;
#2249 = AXIS2_PLACEMENT_3D ( 'NONE', #3328, #1252, #697 ) ;
#2250 = ORIENTED_EDGE ( 'NONE', *, *, #4265, .F. ) ;
#2251 = EDGE_CURVE ( 'NONE', #4909, #86, #5494, .T. ) ;
#2252 = CARTESIAN_POINT ( 'NONE',  ( -34.50255571982732761, 10.00000000000000000, 17.07401816951053419 ) ) ;
#2253 = DIRECTION ( 'NONE',  ( 0.000000000000000000, 0.000000000000000000, 1.000000000000000000 ) ) ;
#2254 = DIRECTION ( 'NONE',  ( -0.000000000000000000, 1.000000000000000000, 0.000000000000000000 ) ) ;
#2255 = EDGE_CURVE ( 'NONE', #2013, #4730, #6079, .T. ) ;
#2256 = FACE_BOUND ( 'NONE', #2910, .T. ) ;
#2257 = DIRECTION ( 'NONE',  ( 0.000000000000000000, -0.000000000000000000, 1.000000000000000000 ) ) ;
#2258 = ORIENTED_EDGE ( 'NONE', *, *, #3820, .T. ) ;
#2259 = VECTOR ( 'NONE', #1948, 1000.000000000000114 ) ;
#2260 = PLANE ( 'NONE',  #6505 ) ;
#2261 = FILL_AREA_STYLE_COLOUR ( '', #662 ) ;
#2262 = VECTOR ( 'NONE', #4015, 1000.000000000000000 ) ;
#2263 = ORIENTED_EDGE ( 'NONE', *, *, #3734, .F. ) ;
#2264 = ADVANCED_FACE ( 'NONE', ( #3471 ), #6617, .F. ) ;
#2265 = FACE_BOUND ( 'NONE', #1124, .T. ) ;
#2266 = FACE_OUTER_BOUND ( 'NONE', #6116, .T. ) ;
#2267 = ORIENTED_EDGE ( 'NONE', *, *, #2694, .T. ) ;
#2268 = CARTESIAN_POINT ( 'NONE',  ( 82.01215016252571388, 7.000000000000000000, -75.00000000000000000 ) ) ;
#2269 = ORIENTED_EDGE ( 'NONE', *, *, #2718, .F. ) ;
#2270 = EDGE_CURVE ( 'NONE', #2165, #2367, #6653, .T. ) ;
#2271 = AXIS2_PLACEMENT_3D ( 'NONE', #3936, #1325, #3899 ) ;
#2272 = CARTESIAN_POINT ( 'NONE',  ( 51.99744428017267950, -40.00000000000000000, -22.00000000000000711 ) ) ;
#2273 = ORIENTED_EDGE ( 'NONE', *, *, #5915, .F. ) ;
#2274 = ORIENTED_EDGE ( 'NONE', *, *, #3356, .T. ) ;
#2275 = AXIS2_PLACEMENT_3D ( 'NONE', #2559, #5735, #1516 ) ;
#2276 = ORIENTED_EDGE ( 'NONE', *, *, #3546, .T. ) ;
#2277 = AXIS2_PLACEMENT_3D ( 'NONE', #857, #1972, #5512 ) ;
#2278 = FACE_BOUND ( 'NONE', #5649, .T. ) ;
#2279 = VERTEX_POINT ( 'NONE', #915 ) ;
#2280 = DIRECTION ( 'NONE',  ( 0.000000000000000000, 0.000000000000000000, 1.000000000000000000 ) ) ;
#2281 = CARTESIAN_POINT ( 'NONE',  ( 131.9974442801726866, 10.00000000000000000, 34.75000000000000711 ) ) ;
#2282 = CIRCLE ( 'NONE', #1533, 2.000000000000008882 ) ;
#2283 = VECTOR ( 'NONE', #203, 1000.000000000000000 ) ;
#2284 = CARTESIAN_POINT ( 'NONE',  ( 36.99744428017269371, 4.000000000000000000, -34.99999999999998579 ) ) ;
#2285 = CIRCLE ( 'NONE', #1002, 2.000000000000005329 ) ;
#2286 = AXIS2_PLACEMENT_3D ( 'NONE', #6176, #3569, #3603 ) ;
#2287 = VERTEX_POINT ( 'NONE', #1958 ) ;
#2288 = DIRECTION ( 'NONE',  ( -1.000000000000000000, 0.000000000000000000, -0.000000000000000000 ) ) ;
#2289 = CARTESIAN_POINT ( 'NONE',  ( -57.50255571982733471, 0.000000000000000000, 25.99999999999999645 ) ) ;
#2290 = DIRECTION ( 'NONE',  ( 0.000000000000000000, -1.000000000000000000, 0.000000000000000000 ) ) ;
#2291 = DIRECTION ( 'NONE',  ( -9.251858538542970348E-17, -0.000000000000000000, -1.000000000000000000 ) ) ;
#2292 = ORIENTED_EDGE ( 'NONE', *, *, #5176, .F. ) ;
#2293 = VECTOR ( 'NONE', #2872, 1000.000000000000000 ) ;
#2294 = AXIS2_PLACEMENT_3D ( 'NONE', #2824, #241, #1798 ) ;
#2295 = EDGE_CURVE ( 'NONE', #5158, #4868, #1387, .T. ) ;
#2296 = EDGE_CURVE ( 'NONE', #1675, #3489, #6597, .T. ) ;
#2297 = DIRECTION ( 'NONE',  ( 9.251858538542971581E-17, 0.000000000000000000, 1.000000000000000000 ) ) ;
#2298 = PRODUCT_DEFINITION_FORMATION_WITH_SPECIFIED_SOURCE ( 'ANY', '', #621, .NOT_KNOWN. ) ;
#2299 = CIRCLE ( 'NONE', #4483, 3.500000000000006661 ) ;
#2300 = DIRECTION ( 'NONE',  ( 0.000000000000000000, 0.000000000000000000, 1.000000000000000000 ) ) ;
#2301 = ORIENTED_EDGE ( 'NONE', *, *, #2053, .F. ) ;
#2302 = LINE ( 'NONE', #2330, #900 ) ;
#2303 = DIRECTION ( 'NONE',  ( -0.000000000000000000, -1.000000000000000000, -0.000000000000000000 ) ) ;
#2304 = FACE_OUTER_BOUND ( 'NONE', #4078, .T. ) ;
#2305 = ORIENTED_EDGE ( 'NONE', *, *, #4393, .F. ) ;
#2306 = CYLINDRICAL_SURFACE ( 'NONE', #2625, 1.750000000000001554 ) ;
#2307 = VERTEX_POINT ( 'NONE', #4036 ) ;
#2308 = CARTESIAN_POINT ( 'NONE',  ( 51.99744428017267950, 10.00000000000000000, -22.00000000000000711 ) ) ;
#2309 = EDGE_CURVE ( 'NONE', #2894, #5344, #5625, .T. ) ;
#2310 = DIRECTION ( 'NONE',  ( 1.000000000000000000, -0.000000000000000000, 2.775557561562891351E-16 ) ) ;
#2311 = EDGE_LOOP ( 'NONE', ( #3306, #6605, #4952, #4358 ) ) ;
#2312 = ORIENTED_EDGE ( 'NONE', *, *, #1198, .T. ) ;
#2313 = VERTEX_POINT ( 'NONE', #4518 ) ;
#2314 = EDGE_CURVE ( 'NONE', #3313, #5786, #5600, .T. ) ;
#2315 = CARTESIAN_POINT ( 'NONE',  ( -68.50255571982732761, 10.00000000000000000, -25.00000000000000000 ) ) ;
#2316 = EDGE_CURVE ( 'NONE', #1582, #5363, #2430, .T. ) ;
#2317 = ORIENTED_EDGE ( 'NONE', *, *, #1644, .F. ) ;
#2318 = CARTESIAN_POINT ( 'NONE',  ( -48.50255571982733471, 5.000000000000000000, 23.24999999999999289 ) ) ;
#2319 = DIRECTION ( 'NONE',  ( -0.000000000000000000, -1.000000000000000000, -0.000000000000000000 ) ) ;
#2320 = DIRECTION ( 'NONE',  ( 0.000000000000000000, 0.000000000000000000, 1.000000000000000000 ) ) ;
#2321 = VERTEX_POINT ( 'NONE', #1456 ) ;
#2322 = CARTESIAN_POINT ( 'NONE',  ( 26.99744428017269016, 0.000000000000000000, -56.49999999999998579 ) ) ;
#2323 = CARTESIAN_POINT ( 'NONE',  ( 93.99744428017268660, 4.000000000000000000, -20.99999999999999645 ) ) ;
#2324 = DIRECTION ( 'NONE',  ( 0.000000000000000000, -0.000000000000000000, 1.000000000000000000 ) ) ;
#2325 = CARTESIAN_POINT ( 'NONE',  ( -28.00255571982732050, 5.000000000000000000, 20.99999999999998579 ) ) ;
#2326 = ORIENTED_EDGE ( 'NONE', *, *, #819, .T. ) ;
#2327 = CARTESIAN_POINT ( 'NONE',  ( 36.99744428017269371, 4.000000000000000000, 35.00000000000002132 ) ) ;
#2328 = DIRECTION ( 'NONE',  ( -1.000000000000000000, -0.000000000000000000, -0.000000000000000000 ) ) ;
#2329 = VERTEX_POINT ( 'NONE', #2496 ) ;
#2330 = CARTESIAN_POINT ( 'NONE',  ( -68.50255571982732761, 10.00000000000000000, 27.99999999999999289 ) ) ;
#2331 = DIRECTION ( 'NONE',  ( -0.000000000000000000, 1.000000000000000000, -0.000000000000000000 ) ) ;
#2332 = ORIENTED_EDGE ( 'NONE', *, *, #142, .T. ) ;
#2333 = CARTESIAN_POINT ( 'NONE',  ( 79.99744428017268660, 0.5000000000000368594, -70.50000000000000000 ) ) ;
#2334 = EDGE_CURVE ( 'NONE', #2528, #1155, #881, .T. ) ;
#2335 = ORIENTED_EDGE ( 'NONE', *, *, #2746, .T. ) ;
#2336 = FACE_OUTER_BOUND ( 'NONE', #3657, .T. ) ;
#2337 = DIRECTION ( 'NONE',  ( 0.000000000000000000, 0.000000000000000000, 1.000000000000000000 ) ) ;
#2338 = CARTESIAN_POINT ( 'NONE',  ( -33.00255571982732050, 0.5000000000000204281, -10.00000000000000178 ) ) ;
#2339 = VERTEX_POINT ( 'NONE', #3539 ) ;
#2340 = EDGE_LOOP ( 'NONE', ( #3482, #4365, #6668, #2370 ) ) ;
#2341 = EDGE_CURVE ( 'NONE', #1905, #5270, #1992, .T. ) ;
#2342 = ORIENTED_EDGE ( 'NONE', *, *, #1059, .T. ) ;
#2343 = VECTOR ( 'NONE', #885, 1000.000000000000000 ) ;
#2344 = CARTESIAN_POINT ( 'NONE',  ( -29.50255571982732761, 1.600000000000002087, 22.96299091524471692 ) ) ;
#2345 = VECTOR ( 'NONE', #3450, 1000.000000000000000 ) ;
#2346 = EDGE_LOOP ( 'NONE', ( #2508, #127, #440, #1979 ) ) ;
#2347 = FACE_OUTER_BOUND ( 'NONE', #399, .T. ) ;
#2348 = EDGE_CURVE ( 'NONE', #785, #1094, #4590, .T. ) ;
#2349 = CARTESIAN_POINT ( 'NONE',  ( 51.99744428017267950, 10.00000000000000000, 22.00000000000000711 ) ) ;
#2350 = VECTOR ( 'NONE', #4197, 1000.000000000000227 ) ;
#2351 = AXIS2_PLACEMENT_3D ( 'NONE', #2069, #3373, #195 ) ;
#2352 = EDGE_CURVE ( 'NONE', #256, #2329, #1179, .T. ) ;
#2353 = EDGE_LOOP ( 'NONE', ( #6193, #2863, #299, #3502 ) ) ;
#2354 = DIRECTION ( 'NONE',  ( 0.000000000000000000, 0.000000000000000000, -1.000000000000000000 ) ) ;
#2355 = CIRCLE ( 'NONE', #185, 3.250000000000002665 ) ;
#2356 = DIRECTION ( 'NONE',  ( -0.000000000000000000, -1.000000000000000000, -0.000000000000000000 ) ) ;
#2357 = DIRECTION ( 'NONE',  ( -0.000000000000000000, 1.000000000000000000, -0.000000000000000000 ) ) ;
#2358 = CIRCLE ( 'NONE', #3246, 3.250000000000002665 ) ;
#2359 = CARTESIAN_POINT ( 'NONE',  ( -35.50255571982732761, 10.00000000000000000, 28.00000000000000000 ) ) ;
#2360 = EDGE_LOOP ( 'NONE', ( #116, #6300, #2128, #3892 ) ) ;
#2361 = AXIS2_PLACEMENT_3D ( 'NONE', #1123, #95, #530 ) ;
#2362 = VECTOR ( 'NONE', #6306, 1000.000000000000000 ) ;
#2363 = DIRECTION ( 'NONE',  ( 0.000000000000000000, -1.000000000000000000, 0.000000000000000000 ) ) ;
#2364 = CARTESIAN_POINT ( 'NONE',  ( -38.50255571982732761, 0.000000000000000000, -14.50000000000000178 ) ) ;
#2365 = CARTESIAN_POINT ( 'NONE',  ( 1.797444280172685982, 0.4999999999999483746, 43.50000000000000000 ) ) ;
#2366 = DIRECTION ( 'NONE',  ( 0.000000000000000000, 0.000000000000000000, -1.000000000000000000 ) ) ;
#2367 = VERTEX_POINT ( 'NONE', #1048 ) ;
#2368 = CARTESIAN_POINT ( 'NONE',  ( 121.9974442801726866, 3.999999999999996447, 20.00000000000000000 ) ) ;
#2369 = CIRCLE ( 'NONE', #6706, 1.000000000000000888 ) ;
#2370 = ORIENTED_EDGE ( 'NONE', *, *, #2314, .F. ) ;
#2371 = CARTESIAN_POINT ( 'NONE',  ( 37.01215016252564283, 10.00000000000000000, 75.00000000000001421 ) ) ;
#2372 = AXIS2_PLACEMENT_3D ( 'NONE', #863, #901, #6031 ) ;
#2373 = CARTESIAN_POINT ( 'NONE',  ( 26.99744428017269016, 10.00000000000000000, -54.99999999999998579 ) ) ;
#2374 = DIRECTION ( 'NONE',  ( -1.000000000000000000, 0.000000000000000000, -0.000000000000000000 ) ) ;
#2375 = ORIENTED_EDGE ( 'NONE', *, *, #5132, .F. ) ;
#2376 = ORIENTED_EDGE ( 'NONE', *, *, #5043, .T. ) ;
#2377 = ORIENTED_EDGE ( 'NONE', *, *, #4825, .F. ) ;
#2378 = AXIS2_PLACEMENT_3D ( 'NONE', #3232, #4249, #2747 ) ;
#2379 = ADVANCED_FACE ( 'NONE', ( #5219 ), #983, .F. ) ;
#2380 = EDGE_CURVE ( 'NONE', #5229, #4793, #851, .T. ) ;
#2381 = CARTESIAN_POINT ( 'NONE',  ( 32.97559603688942786, 7.000000000000000000, -74.98265426631226660 ) ) ;
#2382 = DIRECTION ( 'NONE',  ( 0.000000000000000000, 0.000000000000000000, 1.000000000000000000 ) ) ;
#2383 = EDGE_LOOP ( 'NONE', ( #4329, #5842, #4766, #2653 ) ) ;
#2384 = DIRECTION ( 'NONE',  ( 0.000000000000000000, 0.000000000000000000, -1.000000000000000000 ) ) ;
#2385 = FACE_OUTER_BOUND ( 'NONE', #2994, .T. ) ;
#2386 = LINE ( 'NONE', #1842, #3034 ) ;
#2387 = ORIENTED_EDGE ( 'NONE', *, *, #2519, .T. ) ;
#2388 = VECTOR ( 'NONE', #3548, 1000.000000000000000 ) ;
#2389 = EDGE_CURVE ( 'NONE', #4676, #5690, #3196, .T. ) ;
#2390 = ADVANCED_FACE ( 'NONE', ( #3122 ), #2672, .F. ) ;
#2391 = EDGE_LOOP ( 'NONE', ( #1765, #62, #2654, #6565 ) ) ;
#2392 = CARTESIAN_POINT ( 'NONE',  ( -74.00255571982731340, 5.000000000000000000, 21.00000000000000000 ) ) ;
#2393 = CIRCLE ( 'NONE', #4686, 3.499999999999999556 ) ;
#2394 = CARTESIAN_POINT ( 'NONE',  ( 93.99744428017268660, 10.00000000000000000, -19.00000000000000355 ) ) ;
#2395 = CARTESIAN_POINT ( 'NONE',  ( -78.00255571982732761, 5.000000000000000000, 17.50000000000000000 ) ) ;
#2396 = DIRECTION ( 'NONE',  ( -0.000000000000000000, 1.000000000000000000, -0.000000000000000000 ) ) ;
#2397 = VERTEX_POINT ( 'NONE', #2646 ) ;
#2398 = VECTOR ( 'NONE', #4070, 1000.000000000000000 ) ;
#2399 = VECTOR ( 'NONE', #3509, 1000.000000000000000 ) ;
#2400 = CYLINDRICAL_SURFACE ( 'NONE', #2061, 2.000000000000008882 ) ;
#2401 = PLANE ( 'NONE',  #5014 ) ;
#2402 = FACE_BOUND ( 'NONE', #1353, .T. ) ;
#2403 = DIRECTION ( 'NONE',  ( 0.000000000000000000, 0.000000000000000000, 1.000000000000000000 ) ) ;
#2404 = ORIENTED_EDGE ( 'NONE', *, *, #5685, .F. ) ;
#2405 = FACE_OUTER_BOUND ( 'NONE', #4007, .T. ) ;
#2406 = AXIS2_PLACEMENT_3D ( 'NONE', #6291, #4668, #5301 ) ;
#2407 = EDGE_CURVE ( 'NONE', #4949, #1492, #61, .T. ) ;
#2408 = CIRCLE ( 'NONE', #451, 1.999999999999998224 ) ;
#2409 = FACE_OUTER_BOUND ( 'NONE', #761, .T. ) ;
#2410 = DIRECTION ( 'NONE',  ( -0.000000000000000000, -0.000000000000000000, 1.000000000000000000 ) ) ;
#2411 = ORIENTED_EDGE ( 'NONE', *, *, #1512, .F. ) ;
#2412 = ORIENTED_EDGE ( 'NONE', *, *, #5757, .F. ) ;
#2413 = DIRECTION ( 'NONE',  ( 0.000000000000000000, 1.000000000000000000, 0.000000000000000000 ) ) ;
#2414 = ORIENTED_EDGE ( 'NONE', *, *, #714, .F. ) ;
#2415 = VERTEX_POINT ( 'NONE', #2607 ) ;
#2416 = DIRECTION ( 'NONE',  ( 0.000000000000000000, 0.000000000000000000, -1.000000000000000000 ) ) ;
#2417 = DIRECTION ( 'NONE',  ( 0.000000000000000000, 0.000000000000000000, 1.000000000000000000 ) ) ;
#2418 = EDGE_CURVE ( 'NONE', #5177, #452, #5078, .T. ) ;
#2419 = VERTEX_POINT ( 'NONE', #3705 ) ;
#2420 = DIRECTION ( 'NONE',  ( -0.000000000000000000, -1.000000000000000000, -0.000000000000000000 ) ) ;
#2421 = LINE ( 'NONE', #4508, #3782 ) ;
#2422 = LINE ( 'NONE', #795, #2293 ) ;
#2423 = ADVANCED_FACE ( 'NONE', ( #462 ), #2127, .F. ) ;
#2424 = CARTESIAN_POINT ( 'NONE',  ( 34.99744428017269371, 10.00000000000000000, -70.50000000000000000 ) ) ;
#2425 = ORIENTED_EDGE ( 'NONE', *, *, #5201, .F. ) ;
#2426 = EDGE_CURVE ( 'NONE', #5756, #4430, #6387, .T. ) ;
#2427 = DIRECTION ( 'NONE',  ( 0.000000000000000000, 0.000000000000000000, -1.000000000000000000 ) ) ;
#2428 = CARTESIAN_POINT ( 'NONE',  ( 76.99744428017268660, 10.00000000000000000, 54.99999999999999289 ) ) ;
#2429 = FACE_BOUND ( 'NONE', #1186, .T. ) ;
#2430 = LINE ( 'NONE', #4490, #3987 ) ;
#2431 = EDGE_LOOP ( 'NONE', ( #2617, #1265, #2515, #4989 ) ) ;
#2432 = CARTESIAN_POINT ( 'NONE',  ( 1.797444280172686204, 7.000000000000000000, -47.75000000000000000 ) ) ;
#2433 = EDGE_CURVE ( 'NONE', #6053, #5769, #5775, .T. ) ;
#2434 = PLANE ( 'NONE',  #4109 ) ;
#2435 = EDGE_CURVE ( 'NONE', #5277, #2940, #4541, .T. ) ;
#2436 = CARTESIAN_POINT ( 'NONE',  ( 36.99744428017269371, 0.000000000000000000, 32.00000000000001421 ) ) ;
#2437 = DIRECTION ( 'NONE',  ( 0.000000000000000000, 0.000000000000000000, -1.000000000000000000 ) ) ;
#2438 = VERTEX_POINT ( 'NONE', #4208 ) ;
#2439 = ORIENTED_EDGE ( 'NONE', *, *, #1392, .T. ) ;
#2440 = ORIENTED_EDGE ( 'NONE', *, *, #1478, .F. ) ;
#2441 = DIRECTION ( 'NONE',  ( 0.000000000000000000, 0.000000000000000000, 1.000000000000000000 ) ) ;
#2442 = LINE ( 'NONE', #2993, #4017 ) ;
#2443 = CARTESIAN_POINT ( 'NONE',  ( -29.50255571982732761, 5.000000000000000000, -23.24999999999998579 ) ) ;
#2444 = DIRECTION ( 'NONE',  ( 0.000000000000000000, -1.000000000000000000, 0.000000000000000000 ) ) ;
#2445 = ORIENTED_EDGE ( 'NONE', *, *, #4893, .T. ) ;
#2446 = AXIS2_PLACEMENT_3D ( 'NONE', #2242, #5959, #3421 ) ;
#2447 = VERTEX_POINT ( 'NONE', #30 ) ;
#2448 = ORIENTED_EDGE ( 'NONE', *, *, #4116, .T. ) ;
#2449 = CARTESIAN_POINT ( 'NONE',  ( 51.99744428017267950, -40.00000000000000000, 17.99999999999999645 ) ) ;
#2450 = CARTESIAN_POINT ( 'NONE',  ( -74.00255571982731340, 5.000000000000000000, -21.00000000000000000 ) ) ;
#2451 = CARTESIAN_POINT ( 'NONE',  ( -38.50255571982732761, 10.00000000000000000, -14.50000000000000178 ) ) ;
#2452 = VERTEX_POINT ( 'NONE', #6278 ) ;
#2453 = VECTOR ( 'NONE', #2230, 1000.000000000000000 ) ;
#2454 = CARTESIAN_POINT ( 'NONE',  ( 76.99744428017268660, 0.000000000000000000, -53.50000000000000000 ) ) ;
#2455 = EDGE_CURVE ( 'NONE', #12, #5409, #2911, .T. ) ;
#2456 = ADVANCED_FACE ( 'NONE', ( #4142 ), #4175, .T. ) ;
#2457 = DIRECTION ( 'NONE',  ( 1.000000000000000000, 0.000000000000000000, 0.000000000000000000 ) ) ;
#2458 = FACE_OUTER_BOUND ( 'NONE', #4640, .T. ) ;
#2459 = DIRECTION ( 'NONE',  ( -0.000000000000000000, 1.000000000000000000, -0.000000000000000000 ) ) ;
#2460 = DIRECTION ( 'NONE',  ( -1.000000000000000000, 0.000000000000000000, 0.000000000000000000 ) ) ;
#2461 = DIRECTION ( 'NONE',  ( 0.000000000000000000, 1.000000000000000000, 0.000000000000000000 ) ) ;
#2462 = DIRECTION ( 'NONE',  ( 0.000000000000000000, 0.000000000000000000, -1.000000000000000000 ) ) ;
#2463 = ORIENTED_EDGE ( 'NONE', *, *, #2092, .F. ) ;
#2464 = CARTESIAN_POINT ( 'NONE',  ( -47.50255571982733471, 0.000000000000000000, 14.50000000000000178 ) ) ;
#2465 = AXIS2_PLACEMENT_3D ( 'NONE', #666, #5421, #2744 ) ;
#2466 = VECTOR ( 'NONE', #832, 1000.000000000000000 ) ;
#2467 = CARTESIAN_POINT ( 'NONE',  ( -55.50255571982733471, 0.000000000000000000, -25.99999999999999645 ) ) ;
#2468 = ADVANCED_FACE ( 'NONE', ( #5639, #4619, #2026, #4106, #6179, #1523, #492, #6712, #2063, #6214, #1557, #3639, #5705, #4305, #220, #2804, #2773, #4339, #633, #4886 ), #5282, .T. ) ;
#2469 = CARTESIAN_POINT ( 'NONE',  ( 1.797444280172685982, 7.000000000000000000, -45.00000000000000000 ) ) ;
#2470 = DIRECTION ( 'NONE',  ( 0.000000000000000000, 0.000000000000000000, 1.000000000000000000 ) ) ;
#2471 = CIRCLE ( 'NONE', #1298, 2.249999999999998668 ) ;
#2472 = ORIENTED_EDGE ( 'NONE', *, *, #852, .F. ) ;
#2473 = ORIENTED_EDGE ( 'NONE', *, *, #5977, .F. ) ;
#2474 = ORIENTED_EDGE ( 'NONE', *, *, #6091, .T. ) ;
#2475 = CONICAL_SURFACE ( 'NONE', #2591, 1.500000000000001332, 0.7853981633974714827 ) ;
#2476 = CYLINDRICAL_SURFACE ( 'NONE', #114, 1.999999999999996669 ) ;
#2477 = ORIENTED_EDGE ( 'NONE', *, *, #147, .T. ) ;
#2478 = DIRECTION ( 'NONE',  ( -1.000000000000000000, 0.000000000000000000, 2.775557561562891351E-16 ) ) ;
#2479 = VECTOR ( 'NONE', #5708, 1000.000000000000000 ) ;
#2480 = FACE_OUTER_BOUND ( 'NONE', #268, .T. ) ;
#2481 = ORIENTED_EDGE ( 'NONE', *, *, #2761, .F. ) ;
#2482 = CIRCLE ( 'NONE', #6189, 1.999999999999974021 ) ;
#2483 = ORIENTED_EDGE ( 'NONE', *, *, #3367, .F. ) ;
#2484 = ORIENTED_EDGE ( 'NONE', *, *, #510, .T. ) ;
#2485 = CYLINDRICAL_SURFACE ( 'NONE', #723, 2.000000000000001776 ) ;
#2486 = CARTESIAN_POINT ( 'NONE',  ( -50.50255571982733471, 8.000000000000000000, 27.99999999999999289 ) ) ;
#2487 = LINE ( 'NONE', #4582, #2697 ) ;
#2488 = VERTEX_POINT ( 'NONE', #159 ) ;
#2489 = AXIS2_PLACEMENT_3D ( 'NONE', #1234, #5337, #1200 ) ;
#2490 = CIRCLE ( 'NONE', #6305, 1.999999999999998224 ) ;
#2491 = CARTESIAN_POINT ( 'NONE',  ( 1.797444280172685982, 7.000000000000000000, 37.00000000000000000 ) ) ;
#2492 = CARTESIAN_POINT ( 'NONE',  ( -49.33098284457353344, 0.8284271247461902909, 27.99999999999999289 ) ) ;
#2493 = LINE ( 'NONE', #2603, #1652 ) ;
#2494 = DIRECTION ( 'NONE',  ( -0.000000000000000000, 1.000000000000000000, -0.000000000000000000 ) ) ;
#2495 = FACE_OUTER_BOUND ( 'NONE', #4831, .T. ) ;
#2496 = CARTESIAN_POINT ( 'NONE',  ( -37.50255571982732761, 0.000000000000000000, 26.00000000000000355 ) ) ;
#2497 = ORIENTED_EDGE ( 'NONE', *, *, #3785, .F. ) ;
#2498 =( LENGTH_UNIT ( ) NAMED_UNIT ( * ) SI_UNIT ( .MILLI., .METRE. ) );
#2499 = EDGE_CURVE ( 'NONE', #1786, #4938, #1068, .T. ) ;
#2500 = CIRCLE ( 'NONE', #3059, 1.999999999999974021 ) ;
#2501 = CIRCLE ( 'NONE', #3390, 2.249999999999998668 ) ;
#2502 = EDGE_CURVE ( 'NONE', #336, #4227, #1785, .T. ) ;
#2503 = CARTESIAN_POINT ( 'NONE',  ( 30.99744428017270081, -10.00000000000000000, 35.00000000000001421 ) ) ;
#2504 = AXIS2_PLACEMENT_3D ( 'NONE', #4520, #6586, #3999 ) ;
#2505 = CARTESIAN_POINT ( 'NONE',  ( -76.00255571982732761, 10.00000000000000000, -25.99999999999999645 ) ) ;
#2506 = VECTOR ( 'NONE', #5739, 1000.000000000000227 ) ;
#2507 = DIRECTION ( 'NONE',  ( 1.000000000000000000, 0.000000000000000000, 0.000000000000000000 ) ) ;
#2508 = ORIENTED_EDGE ( 'NONE', *, *, #6559, .F. ) ;
#2509 = ORIENTED_EDGE ( 'NONE', *, *, #3113, .F. ) ;
#2510 = CYLINDRICAL_SURFACE ( 'NONE', #232, 2.000000000000001776 ) ;
#2511 = EDGE_LOOP ( 'NONE', ( #3860, #4667, #2267, #5891 ) ) ;
#2512 = EDGE_CURVE ( 'NONE', #551, #3311, #2845, .T. ) ;
#2513 = AXIS2_PLACEMENT_3D ( 'NONE', #4337, #1753, #665 ) ;
#2514 = CARTESIAN_POINT ( 'NONE',  ( 32.99744428017270081, 7.000000000000000000, 75.00000000000001421 ) ) ;
#2515 = ORIENTED_EDGE ( 'NONE', *, *, #5007, .T. ) ;
#2516 = LINE ( 'NONE', #5616, #2140 ) ;
#2517 = AXIS2_PLACEMENT_3D ( 'NONE', #4953, #3372, #6042 ) ;
#2518 = DIRECTION ( 'NONE',  ( 0.3807498052542567235, -0.000000000000000000, 0.9246780984747317023 ) ) ;
#2519 = EDGE_CURVE ( 'NONE', #4868, #1899, #2691, .T. ) ;
#2520 = ORIENTED_EDGE ( 'NONE', *, *, #1032, .T. ) ;
#2521 = EDGE_CURVE ( 'NONE', #1129, #667, #1755, .T. ) ;
#2522 = EDGE_LOOP ( 'NONE', ( #4942, #5237, #4126, #5144 ) ) ;
#2523 = DIRECTION ( 'NONE',  ( -1.000000000000000000, 0.000000000000000000, 0.000000000000000000 ) ) ;
#2524 = EDGE_LOOP ( 'NONE', ( #1030, #2042, #3260, #2171 ) ) ;
#2525 = DIRECTION ( 'NONE',  ( 0.000000000000000000, 1.000000000000000000, 0.000000000000000000 ) ) ;
#2526 = CARTESIAN_POINT ( 'NONE',  ( 1.797444280172685982, 0.000000000000000000, -34.50000000000001421 ) ) ;
#2527 = FACE_OUTER_BOUND ( 'NONE', #1510, .T. ) ;
#2528 = VERTEX_POINT ( 'NONE', #2197 ) ;
#2529 = CARTESIAN_POINT ( 'NONE',  ( -50.50255571982733471, 10.00000000000000000, 27.99999999999999289 ) ) ;
#2530 = DIRECTION ( 'NONE',  ( -0.000000000000000000, -1.000000000000000000, -0.000000000000000000 ) ) ;
#2531 = CARTESIAN_POINT ( 'NONE',  ( -29.50255571982732761, 4.999999999999999112, -17.07401816951053419 ) ) ;
#2532 = LINE ( 'NONE', #3638, #1961 ) ;
#2533 = CARTESIAN_POINT ( 'NONE',  ( 51.99744428017267950, 3.999999999999996447, 17.99999999999999645 ) ) ;
#2534 = DIRECTION ( 'NONE',  ( -1.000000000000000000, -0.000000000000000000, -2.775557561562891351E-16 ) ) ;
#2535 = ORIENTED_EDGE ( 'NONE', *, *, #1681, .F. ) ;
#2536 = DIRECTION ( 'NONE',  ( 1.000000000000000000, 0.000000000000000000, 0.000000000000000000 ) ) ;
#2537 = CYLINDRICAL_SURFACE ( 'NONE', #5416, 1.999999999999998224 ) ;
#2538 = CYLINDRICAL_SURFACE ( 'NONE', #439, 3.250000000000002665 ) ;
#2539 = ORIENTED_EDGE ( 'NONE', *, *, #5885, .T. ) ;
#2540 = VERTEX_POINT ( 'NONE', #4279 ) ;
#2541 = VERTEX_POINT ( 'NONE', #3833 ) ;
#2542 = EDGE_CURVE ( 'NONE', #5581, #934, #6166, .T. ) ;
#2543 = CARTESIAN_POINT ( 'NONE',  ( -29.50255571982732761, 1.600000000000002087, 22.96299091524471692 ) ) ;
#2544 = EDGE_CURVE ( 'NONE', #2928, #768, #6344, .T. ) ;
#2545 = ORIENTED_EDGE ( 'NONE', *, *, #6130, .F. ) ;
#2546 = DIRECTION ( 'NONE',  ( 1.387778780781446169E-16, 0.000000000000000000, 1.000000000000000000 ) ) ;
#2547 = PLANE ( 'NONE',  #207 ) ;
#2548 = VERTEX_POINT ( 'NONE', #5835 ) ;
#2549 = DIRECTION ( 'NONE',  ( 0.000000000000000000, 0.000000000000000000, -1.000000000000000000 ) ) ;
#2550 = ORIENTED_EDGE ( 'NONE', *, *, #622, .T. ) ;
#2551 = ADVANCED_FACE ( 'NONE', ( #2224 ), #1185, .F. ) ;
#2552 = EDGE_LOOP ( 'NONE', ( #6557, #1, #5457, #2854 ) ) ;
#2553 = DIRECTION ( 'NONE',  ( 0.000000000000000000, -1.000000000000000000, 0.000000000000000000 ) ) ;
#2554 = DIRECTION ( 'NONE',  ( 0.000000000000000000, 0.000000000000000000, 1.000000000000000000 ) ) ;
#2555 = DIRECTION ( 'NONE',  ( 0.000000000000000000, 0.000000000000000000, 1.000000000000000000 ) ) ;
#2556 = EDGE_CURVE ( 'NONE', #6571, #3840, #2039, .T. ) ;
#2557 = ORIENTED_EDGE ( 'NONE', *, *, #622, .F. ) ;
#2558 = DIRECTION ( 'NONE',  ( 0.000000000000000000, 0.8660254037844385966, -0.4999999999999998890 ) ) ;
#2559 = CARTESIAN_POINT ( 'NONE',  ( 26.99744428017269016, 0.000000000000000000, 54.99999999999998579 ) ) ;
#2560 = FACE_OUTER_BOUND ( 'NONE', #5817, .T. ) ;
#2561 = DIRECTION ( 'NONE',  ( 0.000000000000000000, -2.209286174613468511E-16, 1.000000000000000000 ) ) ;
#2562 = AXIS2_PLACEMENT_3D ( 'NONE', #1115, #4171, #3698 ) ;
#2563 = CARTESIAN_POINT ( 'NONE',  ( -74.00255571982731340, 5.000000000000000000, -21.00000000000000000 ) ) ;
#2564 = VECTOR ( 'NONE', #2590, 1000.000000000000000 ) ;
#2565 = ADVANCED_FACE ( 'NONE', ( #5871 ), #3363, .F. ) ;
#2566 = DIRECTION ( 'NONE',  ( 0.000000000000000000, 1.000000000000000000, 0.000000000000000000 ) ) ;
#2567 = CARTESIAN_POINT ( 'NONE',  ( 1.997444280172673281, 0.000000000000000000, -75.00000000000000000 ) ) ;
#2568 = EDGE_LOOP ( 'NONE', ( #4077, #3431 ) ) ;
#2569 = VECTOR ( 'NONE', #4976, 1000.000000000000000 ) ;
#2570 = AXIS2_PLACEMENT_3D ( 'NONE', #1763, #1160, #1257 ) ;
#2571 = DIRECTION ( 'NONE',  ( 0.000000000000000000, 0.000000000000000000, -1.000000000000000000 ) ) ;
#2572 = CYLINDRICAL_SURFACE ( 'NONE', #5657, 2.249999999999998668 ) ;
#2573 = ORIENTED_EDGE ( 'NONE', *, *, #6645, .T. ) ;
#2574 = VERTEX_POINT ( 'NONE', #6377 ) ;
#2575 = FACE_OUTER_BOUND ( 'NONE', #2552, .T. ) ;
#2576 = CONICAL_SURFACE ( 'NONE', #3460, 2.500000000000002220, 0.7853981633974275178 ) ;
#2577 = AXIS2_PLACEMENT_3D ( 'NONE', #657, #6334, #6234 ) ;
#2578 = ORIENTED_EDGE ( 'NONE', *, *, #1967, .F. ) ;
#2579 = AXIS2_PLACEMENT_3D ( 'NONE', #4996, #327, #2403 ) ;
#2580 = DIRECTION ( 'NONE',  ( 0.000000000000000000, 0.000000000000000000, 1.000000000000000000 ) ) ;
#2581 = ORIENTED_EDGE ( 'NONE', *, *, #1937, .F. ) ;
#2582 = DIRECTION ( 'NONE',  ( 0.000000000000000000, -0.000000000000000000, 1.000000000000000000 ) ) ;
#2583 = ORIENTED_EDGE ( 'NONE', *, *, #2737, .T. ) ;
#2584 = LINE ( 'NONE', #4084, #532 ) ;
#2585 = AXIS2_PLACEMENT_3D ( 'NONE', #4199, #6170, #3595 ) ;
#2586 = ADVANCED_FACE ( 'NONE', ( #4918 ), #252, .T. ) ;
#2587 = VERTEX_POINT ( 'NONE', #3740 ) ;
#2588 = ADVANCED_FACE ( 'NONE', ( #5804 ), #1074, .F. ) ;
#2589 = DIRECTION ( 'NONE',  ( 1.000000000000000000, 0.000000000000000000, 1.156482317317871725E-15 ) ) ;
#2590 = DIRECTION ( 'NONE',  ( -1.000000000000000000, 0.000000000000000000, 0.000000000000000000 ) ) ;
#2591 = AXIS2_PLACEMENT_3D ( 'NONE', #6503, #2444, #274 ) ;
#2592 = ORIENTED_EDGE ( 'NONE', *, *, #5157, .T. ) ;
#2593 = VERTEX_POINT ( 'NONE', #1222 ) ;
#2594 = DIRECTION ( 'NONE',  ( -0.000000000000000000, -1.000000000000000000, -0.000000000000000000 ) ) ;
#2595 = CARTESIAN_POINT ( 'NONE',  ( -29.50255571982732761, 4.999999999999999112, -17.07401816951053419 ) ) ;
#2596 = DIRECTION ( 'NONE',  ( -1.000000000000000000, -0.000000000000000000, -0.000000000000000000 ) ) ;
#2597 = ORIENTED_EDGE ( 'NONE', *, *, #4765, .T. ) ;
#2598 = VECTOR ( 'NONE', #2297, 1000.000000000000000 ) ;
#2599 = EDGE_CURVE ( 'NONE', #1799, #2867, #3299, .T. ) ;
#2600 = CARTESIAN_POINT ( 'NONE',  ( -74.00255571982731340, 5.000000000000000000, -21.00000000000000000 ) ) ;
#2601 = DIRECTION ( 'NONE',  ( 0.000000000000000000, -1.000000000000000000, 0.000000000000000000 ) ) ;
#2602 = CARTESIAN_POINT ( 'NONE',  ( -37.50255571982732761, 0.000000000000000000, 14.50000000000000178 ) ) ;
#2603 = CARTESIAN_POINT ( 'NONE',  ( -34.50255571982732761, 1.600000000000002975, 19.03700908475525821 ) ) ;
#2604 = VECTOR ( 'NONE', #128, 1000.000000000000000 ) ;
#2605 = LINE ( 'NONE', #2981, #4900 ) ;
#2606 = DIRECTION ( 'NONE',  ( 0.000000000000000000, 1.000000000000000000, 0.000000000000000000 ) ) ;
#2607 = CARTESIAN_POINT ( 'NONE',  ( 77.68975197248040843, 10.00000000000000000, 74.28846153846157563 ) ) ;
#2608 = ORIENTED_EDGE ( 'NONE', *, *, #6455, .T. ) ;
#2609 = CARTESIAN_POINT ( 'NONE',  ( -67.50255571982732761, 10.00000000000000000, 14.50000000000000178 ) ) ;
#2610 = EDGE_CURVE ( 'NONE', #5220, #2279, #5023, .T. ) ;
#2611 = CONICAL_SURFACE ( 'NONE', #6090, 2.000000000000008882, 0.7853981633974760346 ) ;
#2612 = DIRECTION ( 'NONE',  ( 0.000000000000000000, 0.000000000000000000, 1.000000000000000000 ) ) ;
#2613 = CARTESIAN_POINT ( 'NONE',  ( 0.000000000000000000, 0.000000000000000000, -28.00000000000000000 ) ) ;
#2614 = EDGE_LOOP ( 'NONE', ( #3729, #4216, #4500, #949 ) ) ;
#2615 = CARTESIAN_POINT ( 'NONE',  ( 26.99744428017269016, 0.000000000000000000, 56.49999999999998579 ) ) ;
#2616 = AXIS2_PLACEMENT_3D ( 'NONE', #2133, #4660, #4250 ) ;
#2617 = ORIENTED_EDGE ( 'NONE', *, *, #264, .T. ) ;
#2618 = EDGE_CURVE ( 'NONE', #1872, #2714, #870, .T. ) ;
#2619 = AXIS2_PLACEMENT_3D ( 'NONE', #1378, #2290, #3961 ) ;
#2620 = AXIS2_PLACEMENT_3D ( 'NONE', #943, #2876, #3995 ) ;
#2621 = DIRECTION ( 'NONE',  ( 0.000000000000000000, 1.000000000000000000, 0.000000000000000000 ) ) ;
#2622 = ORIENTED_EDGE ( 'NONE', *, *, #4127, .T. ) ;
#2623 = CARTESIAN_POINT ( 'NONE',  ( 37.30513658786512110, 7.000000000000000000, -74.28846153846143352 ) ) ;
#2624 = ORIENTED_EDGE ( 'NONE', *, *, #6217, .T. ) ;
#2625 = AXIS2_PLACEMENT_3D ( 'NONE', #4385, #1163, #3238 ) ;
#2626 = VECTOR ( 'NONE', #401, 1000.000000000000000 ) ;
#2627 = VERTEX_POINT ( 'NONE', #2974 ) ;
#2628 = CARTESIAN_POINT ( 'NONE',  ( 77.99744428017270081, -10.00000000000000000, 47.00000000000001421 ) ) ;
#2629 = AXIS2_PLACEMENT_3D ( 'NONE', #1988, #4068, #3015 ) ;
#2630 = CARTESIAN_POINT ( 'NONE',  ( -50.50255571982733471, 2.000000000000000000, 27.99999999999999289 ) ) ;
#2631 = VERTEX_POINT ( 'NONE', #834 ) ;
#2632 = ORIENTED_EDGE ( 'NONE', *, *, #4083, .T. ) ;
#2633 = CARTESIAN_POINT ( 'NONE',  ( 1.797444280172685982, 10.00000000000000000, 47.75000000000000000 ) ) ;
#2634 = CARTESIAN_POINT ( 'NONE',  ( -55.50255571982733471, 2.000000000000000000, -27.99999999999999289 ) ) ;
#2635 = EDGE_CURVE ( 'NONE', #5429, #5996, #6576, .T. ) ;
#2636 = DIRECTION ( 'NONE',  ( 0.000000000000000000, 0.000000000000000000, 1.000000000000000000 ) ) ;
#2637 = ORIENTED_EDGE ( 'NONE', *, *, #4932, .F. ) ;
#2638 = CYLINDRICAL_SURFACE ( 'NONE', #5847, 2.000000000000001776 ) ;
#2639 = ORIENTED_EDGE ( 'NONE', *, *, #2210, .F. ) ;
#2640 = EDGE_CURVE ( 'NONE', #784, #1536, #6510, .T. ) ;
#2641 = DIRECTION ( 'NONE',  ( -0.000000000000000000, 0.000000000000000000, 1.000000000000000000 ) ) ;
#2642 = CARTESIAN_POINT ( 'NONE',  ( -74.00255571982731340, 5.000000000000000000, -23.25000000000000000 ) ) ;
#2643 = DIRECTION ( 'NONE',  ( 0.000000000000000000, -0.8660254037844382635, -0.5000000000000005551 ) ) ;
#2644 = ADVANCED_FACE ( 'NONE', ( #1379 ), #6107, .F. ) ;
#2645 = DIRECTION ( 'NONE',  ( 0.000000000000000000, 1.000000000000000000, 0.000000000000000000 ) ) ;
#2646 = CARTESIAN_POINT ( 'NONE',  ( 30.99744428017270081, -10.00000000000000000, 35.00000000000001421 ) ) ;
#2647 = ORIENTED_EDGE ( 'NONE', *, *, #2544, .T. ) ;
#2648 = DIRECTION ( 'NONE',  ( -0.000000000000000000, 1.000000000000000000, -0.000000000000000000 ) ) ;
#2649 = CARTESIAN_POINT ( 'NONE',  ( -34.50255571982732761, 0.000000000000000000, 0.000000000000000000 ) ) ;
#2650 = ORIENTED_EDGE ( 'NONE', *, *, #3072, .F. ) ;
#2651 = EDGE_CURVE ( 'NONE', #2540, #6719, #906, .T. ) ;
#2652 = DIRECTION ( 'NONE',  ( -1.387778780781445922E-16, 0.000000000000000000, -1.000000000000000000 ) ) ;
#2653 = ORIENTED_EDGE ( 'NONE', *, *, #3682, .F. ) ;
#2654 = ORIENTED_EDGE ( 'NONE', *, *, #1810, .T. ) ;
#2655 = FACE_OUTER_BOUND ( 'NONE', #67, .T. ) ;
#2656 = ORIENTED_EDGE ( 'NONE', *, *, #1034, .T. ) ;
#2657 = ORIENTED_EDGE ( 'NONE', *, *, #6257, .T. ) ;
#2658 = ORIENTED_EDGE ( 'NONE', *, *, #5710, .F. ) ;
#2659 = CARTESIAN_POINT ( 'NONE',  ( 34.99744428017269371, 0.4999999999999466538, -72.00000000000001421 ) ) ;
#2660 = DIRECTION ( 'NONE',  ( 0.000000000000000000, 0.000000000000000000, 1.000000000000000000 ) ) ;
#2661 = EDGE_LOOP ( 'NONE', ( #6024, #6685, #2520, #6435 ) ) ;
#2662 = VERTEX_POINT ( 'NONE', #2359 ) ;
#2663 = CARTESIAN_POINT ( 'NONE',  ( 27.99744428017270081, -10.00000000000000000, 35.00000000000001421 ) ) ;
#2664 = DIRECTION ( 'NONE',  ( 0.000000000000000000, -0.7071067811865622277, -0.7071067811865328068 ) ) ;
#2665 = CARTESIAN_POINT ( 'NONE',  ( 1.797444280172685982, 7.000000000000000000, 37.00000000000000000 ) ) ;
#2666 = ORIENTED_EDGE ( 'NONE', *, *, #4509, .T. ) ;
#2667 = DIRECTION ( 'NONE',  ( -0.000000000000000000, -1.000000000000000000, 0.000000000000000000 ) ) ;
#2668 = EDGE_LOOP ( 'NONE', ( #1884, #1305 ) ) ;
#2669 = CARTESIAN_POINT ( 'NONE',  ( 1.797444280172685982, 7.000000000000000000, 45.00000000000000000 ) ) ;
#2670 = CARTESIAN_POINT ( 'NONE',  ( -76.00255571982732761, 10.00000000000000000, -27.99999999999999289 ) ) ;
#2671 = CARTESIAN_POINT ( 'NONE',  ( -34.50255571982732761, 10.00000000000000000, 0.000000000000000000 ) ) ;
#2672 = CYLINDRICAL_SURFACE ( 'NONE', #4108, 3.499999999999999556 ) ;
#2673 = ORIENTED_EDGE ( 'NONE', *, *, #4178, .F. ) ;
#2674 = EDGE_CURVE ( 'NONE', #5618, #3105, #1187, .T. ) ;
#2675 = EDGE_CURVE ( 'NONE', #5935, #4293, #5525, .T. ) ;
#2676 = AXIS2_PLACEMENT_3D ( 'NONE', #5314, #2799, #1780 ) ;
#2677 = DIRECTION ( 'NONE',  ( 0.000000000000000000, 0.000000000000000000, -1.000000000000000000 ) ) ;
#2678 = DIRECTION ( 'NONE',  ( -0.000000000000000000, -1.000000000000000000, -0.000000000000000000 ) ) ;
#2679 = CARTESIAN_POINT ( 'NONE',  ( -68.50255571982732761, 0.000000000000000000, -25.00000000000000000 ) ) ;
#2680 = CARTESIAN_POINT ( 'NONE',  ( 27.99744428017270081, -10.00000000000000000, 47.00000000000001421 ) ) ;
#2681 = EDGE_LOOP ( 'NONE', ( #6625, #6089 ) ) ;
#2682 = ORIENTED_EDGE ( 'NONE', *, *, #5043, .F. ) ;
#2683 = AXIS2_PLACEMENT_3D ( 'NONE', #5448, #4502, #824 ) ;
#2684 = AXIS2_PLACEMENT_3D ( 'NONE', #6609, #5174, #1947 ) ;
#2685 = ADVANCED_FACE ( 'NONE', ( #797 ), #97, .F. ) ;
#2686 = CARTESIAN_POINT ( 'NONE',  ( 79.99744428017268660, 10.00000000000000000, -72.00000000000001421 ) ) ;
#2687 = EDGE_LOOP ( 'NONE', ( #5715, #3317, #604, #6225 ) ) ;
#2688 = VECTOR ( 'NONE', #4234, 1000.000000000000000 ) ;
#2689 = ORIENTED_EDGE ( 'NONE', *, *, #3475, .F. ) ;
#2690 = EDGE_LOOP ( 'NONE', ( #2477, #4708 ) ) ;
#2691 = CIRCLE ( 'NONE', #5187, 2.000000000000001776 ) ;
#2692 = DIRECTION ( 'NONE',  ( -0.000000000000000000, -1.000000000000000000, -0.000000000000000000 ) ) ;
#2693 = ORIENTED_EDGE ( 'NONE', *, *, #3075, .F. ) ;
#2694 = EDGE_CURVE ( 'NONE', #4107, #5186, #6069, .T. ) ;
#2695 = VERTEX_POINT ( 'NONE', #2873 ) ;
#2696 = CARTESIAN_POINT ( 'NONE',  ( 1.797444280172685982, 0.000000000000000000, 34.50000000000001421 ) ) ;
#2697 = VECTOR ( 'NONE', #2396, 1000.000000000000000 ) ;
#2698 = CARTESIAN_POINT ( 'NONE',  ( -29.50255571982732761, 10.00000000000000000, 24.92598183048944449 ) ) ;
#2699 = LINE ( 'NONE', #2281, #1936 ) ;
#2700 = EDGE_CURVE ( 'NONE', #609, #5442, #2369, .T. ) ;
#2701 = CARTESIAN_POINT ( 'NONE',  ( 1.797444280172685982, 7.000000000000000000, 46.50000000000000000 ) ) ;
#2702 = CIRCLE ( 'NONE', #639, 2.500000000000002220 ) ;
#2703 = CARTESIAN_POINT ( 'NONE',  ( 1.797444280172685982, 7.000000000000000000, -34.99999999999999289 ) ) ;
#2704 = EDGE_LOOP ( 'NONE', ( #1514, #112 ) ) ;
#2705 = FACE_OUTER_BOUND ( 'NONE', #2687, .T. ) ;
#2706 = CARTESIAN_POINT ( 'NONE',  ( 1.797444280172685982, 10.00000000000000000, 40.50000000000000000 ) ) ;
#2707 = CARTESIAN_POINT ( 'NONE',  ( -26.20255571982731979, 10.00000000000000000, 27.99999999999999645 ) ) ;
#2708 = DIRECTION ( 'NONE',  ( 0.000000000000000000, 1.000000000000000000, 0.000000000000000000 ) ) ;
#2709 = EDGE_LOOP ( 'NONE', ( #4713, #369, #4566, #2509 ) ) ;
#2710 = AXIS2_PLACEMENT_3D ( 'NONE', #3330, #5875, #4855 ) ;
#2711 = AXIS2_PLACEMENT_3D ( 'NONE', #2669, #156, #3916 ) ;
#2712 = CARTESIAN_POINT ( 'NONE',  ( 83.99744428017270081, -10.00000000000000000, 47.00000000000001421 ) ) ;
#2713 = CARTESIAN_POINT ( 'NONE',  ( -50.50255571982733471, 0.000000000000000000, -25.99999999999999645 ) ) ;
#2714 = VERTEX_POINT ( 'NONE', #6548 ) ;
#2715 = EDGE_CURVE ( 'NONE', #6458, #5621, #1352, .T. ) ;
#2716 = CARTESIAN_POINT ( 'NONE',  ( -76.00255571982731340, 10.00000000000000000, 25.99999999999999645 ) ) ;
#2717 = ORIENTED_EDGE ( 'NONE', *, *, #5517, .T. ) ;
#2718 = EDGE_CURVE ( 'NONE', #5038, #4532, #5972, .T. ) ;
#2719 = ORIENTED_EDGE ( 'NONE', *, *, #3367, .T. ) ;
#2720 = AXIS2_PLACEMENT_3D ( 'NONE', #1638, #6326, #3683 ) ;
#2721 = VECTOR ( 'NONE', #4902, 1000.000000000000000 ) ;
#2722 = LINE ( 'NONE', #3280, #2283 ) ;
#2723 = VERTEX_POINT ( 'NONE', #3430 ) ;
#2724 = ORIENTED_EDGE ( 'NONE', *, *, #6475, .F. ) ;
#2725 = EDGE_CURVE ( 'NONE', #6719, #5344, #4544, .T. ) ;
#2726 = AXIS2_PLACEMENT_3D ( 'NONE', #5088, #2461, #4034 ) ;
#2727 = VECTOR ( 'NONE', #1228, 1000.000000000000000 ) ;
#2728 = ORIENTED_EDGE ( 'NONE', *, *, #2435, .T. ) ;
#2729 = CIRCLE ( 'NONE', #5556, 3.500000000000003109 ) ;
#2730 = CARTESIAN_POINT ( 'NONE',  ( -67.50255571982732761, 10.00000000000000000, -13.50000000000000178 ) ) ;
#2731 = ORIENTED_EDGE ( 'NONE', *, *, #4837, .F. ) ;
#2732 = CARTESIAN_POINT ( 'NONE',  ( 0.000000000000000000, 2.000000000000000000, -25.99999999999999645 ) ) ;
#2733 = CIRCLE ( 'NONE', #4039, 3.500000000000003109 ) ;
#2734 = DIRECTION ( 'NONE',  ( -0.000000000000000000, -1.000000000000000000, -0.000000000000000000 ) ) ;
#2735 = EDGE_CURVE ( 'NONE', #3405, #2307, #2045, .T. ) ;
#2736 = CARTESIAN_POINT ( 'NONE',  ( 26.99744428017269016, 0.000000000000000000, -53.49999999999998579 ) ) ;
#2737 = EDGE_CURVE ( 'NONE', #5038, #1899, #2487, .T. ) ;
#2738 = FACE_BOUND ( 'NONE', #4050, .T. ) ;
#2739 = VECTOR ( 'NONE', #6141, 1000.000000000000000 ) ;
#2740 = VERTEX_POINT ( 'NONE', #1816 ) ;
#2741 = PLANE ( 'NONE',  #2166 ) ;
#2742 = CARTESIAN_POINT ( 'NONE',  ( -37.50255571982732761, 5.000000000000000000, -20.99999999999998934 ) ) ;
#2743 = DIRECTION ( 'NONE',  ( 0.000000000000000000, -0.000000000000000000, 1.000000000000000000 ) ) ;
#2744 = DIRECTION ( 'NONE',  ( 0.000000000000000000, 0.000000000000000000, -1.000000000000000000 ) ) ;
#2745 = ORIENTED_EDGE ( 'NONE', *, *, #4085, .F. ) ;
#2746 = EDGE_CURVE ( 'NONE', #1233, #377, #4480, .T. ) ;
#2747 = DIRECTION ( 'NONE',  ( 0.000000000000000000, 0.000000000000000000, 1.000000000000000000 ) ) ;
#2748 = LINE ( 'NONE', #1255, #997 ) ;
#2749 = ORIENTED_EDGE ( 'NONE', *, *, #154, .T. ) ;
#2750 = CARTESIAN_POINT ( 'NONE',  ( 26.99744428017269016, 10.00000000000000000, 53.49999999999998579 ) ) ;
#2751 = CARTESIAN_POINT ( 'NONE',  ( 1.797444280172685982, 0.000000000000000000, 39.49999999999997868 ) ) ;
#2752 = VERTEX_POINT ( 'NONE', #6038 ) ;
#2753 = LINE ( 'NONE', #5331, #6424 ) ;
#2754 = ORIENTED_EDGE ( 'NONE', *, *, #2651, .T. ) ;
#2755 = EDGE_CURVE ( 'NONE', #5453, #4625, #3464, .T. ) ;
#2756 = CARTESIAN_POINT ( 'NONE',  ( 1.797444280172685982, 7.000000000000000000, -37.00000000000000000 ) ) ;
#2757 = ORIENTED_EDGE ( 'NONE', *, *, #5585, .T. ) ;
#2758 = DIRECTION ( 'NONE',  ( 0.000000000000000000, 0.000000000000000000, -1.000000000000000000 ) ) ;
#2759 = ORIENTED_EDGE ( 'NONE', *, *, #3189, .F. ) ;
#2760 = EDGE_CURVE ( 'NONE', #2818, #1148, #202, .T. ) ;
#2761 = EDGE_CURVE ( 'NONE', #4293, #4699, #4712, .T. ) ;
#2762 = DIRECTION ( 'NONE',  ( 0.000000000000000000, 0.8660254037844382635, -0.5000000000000005551 ) ) ;
#2763 = EDGE_LOOP ( 'NONE', ( #5742, #5081 ) ) ;
#2764 = CARTESIAN_POINT ( 'NONE',  ( -37.50255571982732761, 10.00000000000000000, -25.00000000000000000 ) ) ;
#2765 = DIRECTION ( 'NONE',  ( 0.000000000000000000, 0.000000000000000000, -1.000000000000000000 ) ) ;
#2766 = CARTESIAN_POINT ( 'NONE',  ( -48.50255571982733471, 0.000000000000000000, 25.00000000000000000 ) ) ;
#2767 = ADVANCED_FACE ( 'NONE', ( #1579 ), #3150, .F. ) ;
#2768 = EDGE_LOOP ( 'NONE', ( #6131, #4838, #4203, #3168 ) ) ;
#2769 = DIRECTION ( 'NONE',  ( 0.000000000000000000, 1.000000000000000000, 0.000000000000000000 ) ) ;
#2770 = EDGE_CURVE ( 'NONE', #3311, #5550, #6065, .T. ) ;
#2771 = DIRECTION ( 'NONE',  ( 0.000000000000000000, 0.000000000000000000, 1.000000000000000000 ) ) ;
#2772 = DIRECTION ( 'NONE',  ( 0.000000000000000000, 0.000000000000000000, 1.000000000000000000 ) ) ;
#2773 = FACE_BOUND ( 'NONE', #5108, .T. ) ;
#2774 = VERTEX_POINT ( 'NONE', #1112 ) ;
#2775 = DIRECTION ( 'NONE',  ( -1.000000000000000000, 0.000000000000000000, -0.000000000000000000 ) ) ;
#2776 = EDGE_CURVE ( 'NONE', #5186, #6642, #5298, .T. ) ;
#2777 = DIRECTION ( 'NONE',  ( 0.000000000000000000, 0.000000000000000000, 1.000000000000000000 ) ) ;
#2778 = ORIENTED_EDGE ( 'NONE', *, *, #1853, .F. ) ;
#2779 = CARTESIAN_POINT ( 'NONE',  ( 32.99744428017270081, 0.000000000000000000, 75.00000000000001421 ) ) ;
#2780 = CARTESIAN_POINT ( 'NONE',  ( -67.50255571982732761, 10.00000000000000000, -14.50000000000000178 ) ) ;
#2781 = EDGE_LOOP ( 'NONE', ( #6463, #2682, #4161, #6070 ) ) ;
#2782 = ORIENTED_EDGE ( 'NONE', *, *, #2840, .F. ) ;
#2783 = FACE_OUTER_BOUND ( 'NONE', #2340, .T. ) ;
#2784 = ORIENTED_EDGE ( 'NONE', *, *, #23, .T. ) ;
#2785 = DIRECTION ( 'NONE',  ( 1.000000000000000000, 0.000000000000000000, 0.000000000000000000 ) ) ;
#2786 = ORIENTED_EDGE ( 'NONE', *, *, #2512, .T. ) ;
#2787 = AXIS2_PLACEMENT_3D ( 'NONE', #3629, #4642, #1548 ) ;
#2788 = ORIENTED_EDGE ( 'NONE', *, *, #6009, .F. ) ;
#2789 = VECTOR ( 'NONE', #5136, 1000.000000000000000 ) ;
#2790 = LINE ( 'NONE', #6434, #3121 ) ;
#2791 = ORIENTED_EDGE ( 'NONE', *, *, #5435, .F. ) ;
#2792 = CYLINDRICAL_SURFACE ( 'NONE', #4966, 2.000000000000001776 ) ;
#2793 = EDGE_CURVE ( 'NONE', #249, #405, #5519, .T. ) ;
#2794 = DIRECTION ( 'NONE',  ( -1.000000000000000000, 0.000000000000000000, 0.000000000000000000 ) ) ;
#2795 = AXIS2_PLACEMENT_3D ( 'NONE', #2325, #4404, #6471 ) ;
#2796 = EDGE_CURVE ( 'NONE', #4253, #1846, #6674, .T. ) ;
#2797 = VECTOR ( 'NONE', #1210, 1000.000000000000000 ) ;
#2798 = CARTESIAN_POINT ( 'NONE',  ( 27.99744428017270081, -1.242640687119285214, 35.00000000000001421 ) ) ;
#2799 = DIRECTION ( 'NONE',  ( -1.000000000000000000, 0.000000000000000000, 0.000000000000000000 ) ) ;
#2800 = VECTOR ( 'NONE', #3962, 1000.000000000000000 ) ;
#2801 = ORIENTED_EDGE ( 'NONE', *, *, #4560, .F. ) ;
#2802 = CARTESIAN_POINT ( 'NONE',  ( 34.99744428017269371, 7.000000000000000000, 70.50000000000000000 ) ) ;
#2803 = FACE_OUTER_BOUND ( 'NONE', #2524, .T. ) ;
#2804 = FACE_BOUND ( 'NONE', #5165, .T. ) ;
#2805 = EDGE_LOOP ( 'NONE', ( #1316, #260, #5765, #4209 ) ) ;
#2806 = EDGE_CURVE ( 'NONE', #2631, #348, #587, .T. ) ;
#2807 = VECTOR ( 'NONE', #5413, 1000.000000000000000 ) ;
#2808 = DIRECTION ( 'NONE',  ( 0.000000000000000000, 1.000000000000000000, 0.000000000000000000 ) ) ;
#2809 = CARTESIAN_POINT ( 'NONE',  ( -29.50255571982732761, 5.000000000000000000, 18.74999999999998934 ) ) ;
#2810 = CARTESIAN_POINT ( 'NONE',  ( 40.27222306796164020, 10.00000000000000000, 16.58268008680625627 ) ) ;
#2811 = VERTEX_POINT ( 'NONE', #2016 ) ;
#2812 = FACE_OUTER_BOUND ( 'NONE', #2237, .T. ) ;
#2813 = DIRECTION ( 'NONE',  ( 0.000000000000000000, -1.000000000000000000, 0.000000000000000000 ) ) ;
#2814 = CARTESIAN_POINT ( 'NONE',  ( 34.99744428017269371, 0.4999999999999466538, 72.00000000000001421 ) ) ;
#2815 = ORIENTED_EDGE ( 'NONE', *, *, #5333, .F. ) ;
#2816 = CARTESIAN_POINT ( 'NONE',  ( 1.797444280172685982, 7.000000000000000000, -37.00000000000000000 ) ) ;
#2817 = EDGE_CURVE ( 'NONE', #2695, #1571, #4093, .T. ) ;
#2818 = VERTEX_POINT ( 'NONE', #5629 ) ;
#2819 = LINE ( 'NONE', #2371, #1482 ) ;
#2820 = AXIS2_PLACEMENT_3D ( 'NONE', #24, #2641, #2094 ) ;
#2821 = ADVANCED_FACE ( 'NONE', ( #2527 ), #973, .F. ) ;
#2822 = CARTESIAN_POINT ( 'NONE',  ( -34.50255571982732761, 5.000000000000000000, 23.24999999999998934 ) ) ;
#2823 = EDGE_LOOP ( 'NONE', ( #6611, #2152 ) ) ;
#2824 = CARTESIAN_POINT ( 'NONE',  ( -74.00255571982731340, 5.000000000000000000, 21.00000000000000000 ) ) ;
#2825 = ORIENTED_EDGE ( 'NONE', *, *, #937, .F. ) ;
#2826 = AXIS2_PLACEMENT_3D ( 'NONE', #1953, #6650, #458 ) ;
#2827 = ORIENTED_EDGE ( 'NONE', *, *, #4920, .F. ) ;
#2828 = EDGE_CURVE ( 'NONE', #3834, #5277, #2119, .T. ) ;
#2829 = VECTOR ( 'NONE', #1263, 1000.000000000000000 ) ;
#2830 = DIRECTION ( 'NONE',  ( -0.000000000000000000, -1.000000000000000000, -0.000000000000000000 ) ) ;
#2831 = ORIENTED_EDGE ( 'NONE', *, *, #6413, .T. ) ;
#2832 = LINE ( 'NONE', #5478, #3875 ) ;
#2833 = CARTESIAN_POINT ( 'NONE',  ( -33.00255571982732050, 0.5000000000000204281, 7.999999999999996447 ) ) ;
#2834 = VECTOR ( 'NONE', #3362, 1000.000000000000000 ) ;
#2835 = AXIS2_PLACEMENT_3D ( 'NONE', #2961, #2507, #4564 ) ;
#2836 = CARTESIAN_POINT ( 'NONE',  ( 1.797444280172686204, 10.00000000000000000, -47.75000000000000000 ) ) ;
#2837 = CIRCLE ( 'NONE', #1434, 1.999999999999998224 ) ;
#2838 = VECTOR ( 'NONE', #4139, 1000.000000000000000 ) ;
#2839 = VERTEX_POINT ( 'NONE', #5147 ) ;
#2840 = EDGE_CURVE ( 'NONE', #5550, #2587, #1722, .T. ) ;
#2841 = LINE ( 'NONE', #4401, #5116 ) ;
#2842 = CARTESIAN_POINT ( 'NONE',  ( -55.50255571982733471, 2.000000000000000000, 27.99999999999999289 ) ) ;
#2843 = DIRECTION ( 'NONE',  ( 0.000000000000000000, 0.000000000000000000, 1.000000000000000000 ) ) ;
#2844 = DIRECTION ( 'NONE',  ( 0.000000000000000000, 0.000000000000000000, 1.000000000000000000 ) ) ;
#2845 = LINE ( 'NONE', #4789, #5295 ) ;
#2846 = ORIENTED_EDGE ( 'NONE', *, *, #2380, .F. ) ;
#2847 = AXIS2_PLACEMENT_3D ( 'NONE', #3264, #4849, #3704 ) ;
#2848 = EDGE_CURVE ( 'NONE', #4430, #5756, #2471, .T. ) ;
#2849 = ADVANCED_FACE ( 'NONE', ( #5664 ), #6266, .T. ) ;
#2850 = CARTESIAN_POINT ( 'NONE',  ( 93.99744428017268660, 7.000000000000000000, -20.99999999999999645 ) ) ;
#2851 = DIRECTION ( 'NONE',  ( -0.000000000000000000, 1.000000000000000000, -0.000000000000000000 ) ) ;
#2852 = CIRCLE ( 'NONE', #2192, 2.000000000000057288 ) ;
#2853 = LINE ( 'NONE', #3744, #2727 ) ;
#2854 = ORIENTED_EDGE ( 'NONE', *, *, #5459, .F. ) ;
#2855 = DIRECTION ( 'NONE',  ( 0.000000000000000000, 1.000000000000000000, 0.000000000000000000 ) ) ;
#2856 = DIRECTION ( 'NONE',  ( 0.000000000000000000, 0.000000000000000000, 1.000000000000000000 ) ) ;
#2857 = EDGE_LOOP ( 'NONE', ( #3239, #5260, #3418, #5230 ) ) ;
#2858 = DIRECTION ( 'NONE',  ( 0.000000000000000000, 0.000000000000000000, -1.000000000000000000 ) ) ;
#2859 = ORIENTED_EDGE ( 'NONE', *, *, #2426, .F. ) ;
#2860 = DIRECTION ( 'NONE',  ( 0.000000000000000000, 0.000000000000000000, 1.000000000000000000 ) ) ;
#2861 = ADVANCED_FACE ( 'NONE', ( #1614 ), #6703, .T. ) ;
#2862 = DIRECTION ( 'NONE',  ( 0.000000000000000000, 0.000000000000000000, 1.000000000000000000 ) ) ;
#2863 = ORIENTED_EDGE ( 'NONE', *, *, #356, .T. ) ;
#2864 = ORIENTED_EDGE ( 'NONE', *, *, #4278, .T. ) ;
#2865 = VERTEX_POINT ( 'NONE', #1550 ) ;
#2866 = DIRECTION ( 'NONE',  ( 0.000000000000000000, 1.000000000000000000, 0.000000000000000000 ) ) ;
#2867 = VERTEX_POINT ( 'NONE', #3632 ) ;
#2868 = LINE ( 'NONE', #3746, #2789 ) ;
#2869 = CARTESIAN_POINT ( 'NONE',  ( -57.50255571982733471, 5.000000000000000000, 18.74999999999999645 ) ) ;
#2870 = ORIENTED_EDGE ( 'NONE', *, *, #2970, .T. ) ;
#2871 = LINE ( 'NONE', #2322, #1540 ) ;
#2872 = DIRECTION ( 'NONE',  ( 2.775557561562891351E-16, 0.000000000000000000, 1.000000000000000000 ) ) ;
#2873 = CARTESIAN_POINT ( 'NONE',  ( -58.50255571982733471, 10.00000000000000000, 13.50000000000000178 ) ) ;
#2874 = ORIENTED_EDGE ( 'NONE', *, *, #2217, .F. ) ;
#2875 = FACE_OUTER_BOUND ( 'NONE', #3693, .T. ) ;
#2876 = DIRECTION ( 'NONE',  ( 1.000000000000000000, 0.000000000000000000, 0.000000000000000000 ) ) ;
#2877 = ORIENTED_EDGE ( 'NONE', *, *, #113, .T. ) ;
#2878 = PLANE ( 'NONE',  #4701 ) ;
#2879 = DIRECTION ( 'NONE',  ( -0.000000000000000000, -1.000000000000000000, -0.000000000000000000 ) ) ;
#2880 = ORIENTED_EDGE ( 'NONE', *, *, #2817, .F. ) ;
#2881 = CARTESIAN_POINT ( 'NONE',  ( -48.50255571982733471, 5.000000000000000000, -23.24999999999999289 ) ) ;
#2882 = EDGE_CURVE ( 'NONE', #2883, #3209, #1932, .T. ) ;
#2883 = VERTEX_POINT ( 'NONE', #721 ) ;
#2884 = EDGE_CURVE ( 'NONE', #3079, #2013, #3474, .T. ) ;
#2885 = PLANE ( 'NONE',  #3449 ) ;
#2886 = DIRECTION ( 'NONE',  ( 0.000000000000000000, 1.000000000000000000, 0.000000000000000000 ) ) ;
#2887 = CARTESIAN_POINT ( 'NONE',  ( 79.99744428017268660, 0.5000000000000368594, -72.00000000000001421 ) ) ;
#2888 = EDGE_LOOP ( 'NONE', ( #1304, #4778 ) ) ;
#2889 = ORIENTED_EDGE ( 'NONE', *, *, #2056, .T. ) ;
#2890 = ORIENTED_EDGE ( 'NONE', *, *, #2018, .T. ) ;
#2891 = EDGE_CURVE ( 'NONE', #4052, #6642, #1245, .T. ) ;
#2892 = LINE ( 'NONE', #3795, #2604 ) ;
#2893 = VECTOR ( 'NONE', #54, 1000.000000000000000 ) ;
#2894 = VERTEX_POINT ( 'NONE', #6304 ) ;
#2895 = AXIS2_PLACEMENT_3D ( 'NONE', #6231, #2115, #3181 ) ;
#2896 = VERTEX_POINT ( 'NONE', #4745 ) ;
#2897 = LINE ( 'NONE', #3850, #2569 ) ;
#2898 = FACE_OUTER_BOUND ( 'NONE', #6006, .T. ) ;
#2899 = CARTESIAN_POINT ( 'NONE',  ( -37.50255571982732761, 5.000000000000000000, 20.99999999999998934 ) ) ;
#2900 = EDGE_LOOP ( 'NONE', ( #3830, #1781, #3863, #5436 ) ) ;
#2901 = AXIS2_PLACEMENT_3D ( 'NONE', #174, #1708, #4743 ) ;
#2902 = CIRCLE ( 'NONE', #3125, 1.000000000000000888 ) ;
#2903 = VERTEX_POINT ( 'NONE', #1710 ) ;
#2904 = CARTESIAN_POINT ( 'NONE',  ( -57.50255571982733471, 5.000000000000000000, 23.24999999999999289 ) ) ;
#2905 = AXIS2_PLACEMENT_3D ( 'NONE', #5879, #3409, #3865 ) ;
#2906 = LINE ( 'NONE', #6509, #5221 ) ;
#2907 = AXIS2_PLACEMENT_3D ( 'NONE', #1243, #310, #4468 ) ;
#2908 = EDGE_CURVE ( 'NONE', #1108, #6199, #520, .T. ) ;
#2909 = CARTESIAN_POINT ( 'NONE',  ( 76.99744428017268660, 10.00000000000000000, 54.99999999999999289 ) ) ;
#2910 = EDGE_LOOP ( 'NONE', ( #4124, #4985 ) ) ;
#2911 = CIRCLE ( 'NONE', #1819, 3.250000000000002665 ) ;
#2912 = DIRECTION ( 'NONE',  ( 0.000000000000000000, 0.000000000000000000, 1.000000000000000000 ) ) ;
#2913 = EDGE_CURVE ( 'NONE', #256, #1477, #121, .T. ) ;
#2914 = LINE ( 'NONE', #2327, #3803 ) ;
#2915 = CARTESIAN_POINT ( 'NONE',  ( 31.24744428017269371, -4.816681727819437597, 35.00000000000001421 ) ) ;
#2916 = DIRECTION ( 'NONE',  ( 0.000000000000000000, 0.000000000000000000, 1.000000000000000000 ) ) ;
#2917 = DIRECTION ( 'NONE',  ( 0.000000000000000000, 0.000000000000000000, 1.000000000000000000 ) ) ;
#2918 = DIRECTION ( 'NONE',  ( -0.000000000000000000, -1.000000000000000000, -0.000000000000000000 ) ) ;
#2919 = ORIENTED_EDGE ( 'NONE', *, *, #6330, .T. ) ;
#2920 = DIRECTION ( 'NONE',  ( 0.000000000000000000, 0.000000000000000000, 1.000000000000000000 ) ) ;
#2921 = AXIS2_PLACEMENT_3D ( 'NONE', #1010, #556, #3114 ) ;
#2922 = CIRCLE ( 'NONE', #749, 2.000000000000001776 ) ;
#2923 = LINE ( 'NONE', #5502, #4226 ) ;
#2924 = DIRECTION ( 'NONE',  ( 0.000000000000000000, 1.000000000000000000, 0.000000000000000000 ) ) ;
#2925 = VERTEX_POINT ( 'NONE', #1175 ) ;
#2926 = ADVANCED_FACE ( 'NONE', ( #3291, #2189 ), #3791, .T. ) ;
#2927 = ORIENTED_EDGE ( 'NONE', *, *, #1392, .F. ) ;
#2928 = VERTEX_POINT ( 'NONE', #2736 ) ;
#2929 = AXIS2_PLACEMENT_3D ( 'NONE', #6682, #5188, #1562 ) ;
#2930 = ADVANCED_FACE ( 'NONE', ( #6365 ), #3028, .F. ) ;
#2931 = CIRCLE ( 'NONE', #1837, 2.249999999999998668 ) ;
#2932 = LINE ( 'NONE', #1465, #5869 ) ;
#2933 = EDGE_LOOP ( 'NONE', ( #4519, #4224 ) ) ;
#2934 = ADVANCED_FACE ( 'NONE', ( #6401 ), #690, .F. ) ;
#2935 = VERTEX_POINT ( 'NONE', #3852 ) ;
#2936 = CYLINDRICAL_SURFACE ( 'NONE', #3012, 2.000000000000001776 ) ;
#2937 = DIRECTION ( 'NONE',  ( -0.000000000000000000, 1.000000000000000000, -0.000000000000000000 ) ) ;
#2938 = EDGE_LOOP ( 'NONE', ( #5406, #6108, #584, #6351 ) ) ;
#2939 = AXIS2_PLACEMENT_3D ( 'NONE', #1135, #472, #3207 ) ;
#2940 = VERTEX_POINT ( 'NONE', #2246 ) ;
#2941 = EDGE_CURVE ( 'NONE', #1287, #3494, #623, .T. ) ;
#2942 = DIRECTION ( 'NONE',  ( -0.000000000000000000, -1.000000000000000000, -0.000000000000000000 ) ) ;
#2943 = EDGE_CURVE ( 'NONE', #3206, #2279, #5303, .T. ) ;
#2944 = VECTOR ( 'NONE', #6246, 1000.000000000000000 ) ;
#2945 = DIRECTION ( 'NONE',  ( 0.7831866393703775797, 0.000000000000000000, -0.6217866900406714414 ) ) ;
#2946 = LINE ( 'NONE', #5022, #1539 ) ;
#2947 = CARTESIAN_POINT ( 'NONE',  ( 51.99744428017267950, 10.00000000000000000, 20.00000000000000000 ) ) ;
#2948 = VERTEX_POINT ( 'NONE', #3256 ) ;
#2949 = AXIS2_PLACEMENT_3D ( 'NONE', #3369, #227, #4282 ) ;
#2950 = LINE ( 'NONE', #3467, #4651 ) ;
#2951 = CARTESIAN_POINT ( 'NONE',  ( -37.50255571982732761, 0.000000000000000000, -25.00000000000000000 ) ) ;
#2952 = CARTESIAN_POINT ( 'NONE',  ( -34.50255571982732761, 4.999999999999999112, 17.07401816951053419 ) ) ;
#2953 = FACE_BOUND ( 'NONE', #5858, .T. ) ;
#2954 = LINE ( 'NONE', #2982, #1288 ) ;
#2955 = AXIS2_PLACEMENT_3D ( 'NONE', #5986, #6619, #809 ) ;
#2956 = VERTEX_POINT ( 'NONE', #4270 ) ;
#2957 = CARTESIAN_POINT ( 'NONE',  ( 96.52814022772176372, 10.00000000000000000, 39.74688127023527784 ) ) ;
#2958 = AXIS2_PLACEMENT_3D ( 'NONE', #5454, #250, #831 ) ;
#2959 = VECTOR ( 'NONE', #6111, 1000.000000000000000 ) ;
#2960 = DIRECTION ( 'NONE',  ( 0.000000000000000000, -1.000000000000000000, 0.000000000000000000 ) ) ;
#2961 = CARTESIAN_POINT ( 'NONE',  ( 27.99744428017270081, -10.00000000000000000, 47.00000000000001421 ) ) ;
#2962 = EDGE_LOOP ( 'NONE', ( #727, #3941, #5110, #6675 ) ) ;
#2963 = VERTEX_POINT ( 'NONE', #5927 ) ;
#2964 = ORIENTED_EDGE ( 'NONE', *, *, #1238, .F. ) ;
#2965 = DIRECTION ( 'NONE',  ( 0.000000000000000000, -1.000000000000000000, 0.000000000000000000 ) ) ;
#2966 = ORIENTED_EDGE ( 'NONE', *, *, #4225, .F. ) ;
#2967 = CARTESIAN_POINT ( 'NONE',  ( 1.797444280172685982, 0.4999999999999483746, -37.00000000000000000 ) ) ;
#2968 = CARTESIAN_POINT ( 'NONE',  ( 36.99744428017270081, -10.00000000000000000, 47.00000000000001421 ) ) ;
#2969 = ADVANCED_FACE ( 'NONE', ( #4298 ), #1274, .F. ) ;
#2970 = EDGE_CURVE ( 'NONE', #5122, #2540, #2699, .T. ) ;
#2971 = ORIENTED_EDGE ( 'NONE', *, *, #1613, .T. ) ;
#2972 = DIRECTION ( 'NONE',  ( 0.000000000000000000, -1.000000000000000000, 0.000000000000000000 ) ) ;
#2973 = DIRECTION ( 'NONE',  ( -0.000000000000000000, -1.000000000000000000, -0.000000000000000000 ) ) ;
#2974 = CARTESIAN_POINT ( 'NONE',  ( -29.50255571982732761, 4.999999999999999112, -17.07401816951053419 ) ) ;
#2975 = EDGE_CURVE ( 'NONE', #6345, #1296, #1080, .T. ) ;
#2976 = EDGE_CURVE ( 'NONE', #6638, #4583, #5310, .T. ) ;
#2977 = DIRECTION ( 'NONE',  ( 0.000000000000000000, 0.000000000000000000, 1.000000000000000000 ) ) ;
#2978 = FACE_OUTER_BOUND ( 'NONE', #2089, .T. ) ;
#2979 = CARTESIAN_POINT ( 'NONE',  ( -57.50255571982733471, 0.000000000000000000, -25.00000000000000000 ) ) ;
#2980 = DIRECTION ( 'NONE',  ( 0.000000000000000000, -0.8660254037844385966, -0.4999999999999998890 ) ) ;
#2981 = CARTESIAN_POINT ( 'NONE',  ( 58.05180886677411678, 10.00000000000000000, 23.90368600396384480 ) ) ;
#2982 = CARTESIAN_POINT ( 'NONE',  ( 27.99744428017270081, -3.000000000000000000, 35.00000000000001421 ) ) ;
#2983 = ORIENTED_EDGE ( 'NONE', *, *, #406, .T. ) ;
#2984 = DIRECTION ( 'NONE',  ( 0.000000000000000000, 0.000000000000000000, 1.000000000000000000 ) ) ;
#2985 = LINE ( 'NONE', #3190, #2362 ) ;
#2986 = CARTESIAN_POINT ( 'NONE',  ( -78.00255571982732761, 0.000000000000000000, -25.99999999999999645 ) ) ;
#2987 = DIRECTION ( 'NONE',  ( 0.000000000000000000, -1.000000000000000000, 0.000000000000000000 ) ) ;
#2988 = DIRECTION ( 'NONE',  ( 0.000000000000000000, 1.000000000000000000, 0.000000000000000000 ) ) ;
#2989 = VERTEX_POINT ( 'NONE', #758 ) ;
#2990 = CARTESIAN_POINT ( 'NONE',  ( -35.50255571982732761, 0.000000000000000000, 28.00000000000000000 ) ) ;
#2991 = VERTEX_POINT ( 'NONE', #1680 ) ;
#2992 = VERTEX_POINT ( 'NONE', #3216 ) ;
#2993 = CARTESIAN_POINT ( 'NONE',  ( 34.99744428017269371, 0.4999999999999466538, 73.50000000000001421 ) ) ;
#2994 = EDGE_LOOP ( 'NONE', ( #687, #859, #1398, #3341 ) ) ;
#2995 = DIRECTION ( 'NONE',  ( 1.000000000000000000, 0.000000000000000000, 0.000000000000000000 ) ) ;
#2996 = ORIENTED_EDGE ( 'NONE', *, *, #2001, .F. ) ;
#2997 = DIRECTION ( 'NONE',  ( 0.000000000000000000, 0.000000000000000000, 1.000000000000000000 ) ) ;
#2998 = DIRECTION ( 'NONE',  ( 0.000000000000000000, -1.000000000000000000, -2.209286174613468758E-16 ) ) ;
#2999 = EDGE_LOOP ( 'NONE', ( #718, #4677, #6080, #5545 ) ) ;
#3000 = VECTOR ( 'NONE', #1118, 1000.000000000000000 ) ;
#3001 = CIRCLE ( 'NONE', #75, 1.500000000000001332 ) ;
#3002 = ORIENTED_EDGE ( 'NONE', *, *, #2512, .F. ) ;
#3003 = EDGE_CURVE ( 'NONE', #5716, #6484, #5274, .T. ) ;
#3004 = ORIENTED_EDGE ( 'NONE', *, *, #1916, .T. ) ;
#3005 = CARTESIAN_POINT ( 'NONE',  ( -67.50255571982732761, 10.00000000000000000, 13.50000000000000178 ) ) ;
#3006 = DIRECTION ( 'NONE',  ( -1.000000000000000000, -0.000000000000000000, -2.775557561562891351E-16 ) ) ;
#3007 = ADVANCED_FACE ( 'NONE', ( #4912 ), #5552, .F. ) ;
#3008 = DIRECTION ( 'NONE',  ( 0.000000000000000000, -0.7071067811865622277, -0.7071067811865328068 ) ) ;
#3009 = ORIENTED_EDGE ( 'NONE', *, *, #1836, .F. ) ;
#3010 = AXIS2_PLACEMENT_3D ( 'NONE', #1841, #5041, #6537 ) ;
#3011 = AXIS2_PLACEMENT_3D ( 'NONE', #2679, #5944, #3773 ) ;
#3012 = AXIS2_PLACEMENT_3D ( 'NONE', #757, #6030, #2384 ) ;
#3013 = ADVANCED_FACE ( 'NONE', ( #4979 ), #311, .F. ) ;
#3014 = DIRECTION ( 'NONE',  ( -1.000000000000000000, 0.000000000000000000, 0.000000000000000000 ) ) ;
#3015 = DIRECTION ( 'NONE',  ( 0.000000000000000000, 0.000000000000000000, 1.000000000000000000 ) ) ;
#3016 = CARTESIAN_POINT ( 'NONE',  ( -73.00255571982731340, 0.000000000000000000, -7.500000000000000000 ) ) ;
#3017 = ADVANCED_FACE ( 'NONE', ( #248 ), #2475, .F. ) ;
#3018 = CARTESIAN_POINT ( 'NONE',  ( 51.99744428017267950, -40.00000000000000000, -17.99999999999999645 ) ) ;
#3019 = CARTESIAN_POINT ( 'NONE',  ( 79.99744428017268660, 0.000000000000000000, -69.99999999999995737 ) ) ;
#3020 = DIRECTION ( 'NONE',  ( 0.000000000000000000, -0.000000000000000000, 1.000000000000000000 ) ) ;
#3021 = ORIENTED_EDGE ( 'NONE', *, *, #3543, .T. ) ;
#3022 = CARTESIAN_POINT ( 'NONE',  ( 131.9974442801726866, 4.000000000000000000, 32.75000000000000711 ) ) ;
#3023 = CONICAL_SURFACE ( 'NONE', #3354, 2.500000000000003109, 0.7853981633974284060 ) ;
#3024 = VECTOR ( 'NONE', #1876, 1000.000000000000000 ) ;
#3025 = CARTESIAN_POINT ( 'NONE',  ( 1.797444280172685982, 7.000000000000000000, 47.75000000000000000 ) ) ;
#3026 = PLANE ( 'NONE',  #5642 ) ;
#3027 = CARTESIAN_POINT ( 'NONE',  ( 121.9974442801726866, 10.00000000000000000, -20.00000000000000000 ) ) ;
#3028 = CONICAL_SURFACE ( 'NONE', #5631, 1.500000000000001332, 0.7853981633974715937 ) ;
#3029 = ADVANCED_FACE ( 'NONE', ( #1874 ), #4534, .F. ) ;
#3030 = DIRECTION ( 'NONE',  ( 1.000000000000000000, -0.000000000000000000, -0.000000000000000000 ) ) ;
#3031 = ORIENTED_EDGE ( 'NONE', *, *, #5333, .T. ) ;
#3032 = DIRECTION ( 'NONE',  ( 1.000000000000000000, -0.000000000000000000, -0.000000000000000000 ) ) ;
#3033 = EDGE_LOOP ( 'NONE', ( #597, #1805, #3359, #3146 ) ) ;
#3034 = VECTOR ( 'NONE', #6004, 1000.000000000000000 ) ;
#3035 = CARTESIAN_POINT ( 'NONE',  ( 0.000000000000000000, 10.00000000000000000, -17.07401816951053419 ) ) ;
#3036 = ORIENTED_EDGE ( 'NONE', *, *, #2521, .T. ) ;
#3037 = ORIENTED_EDGE ( 'NONE', *, *, #3447, .F. ) ;
#3038 = CARTESIAN_POINT ( 'NONE',  ( 1.797444280172685982, 0.000000000000000000, 45.00000000000000000 ) ) ;
#3039 = CIRCLE ( 'NONE', #6077, 3.499999999999999556 ) ;
#3040 = FACE_OUTER_BOUND ( 'NONE', #5647, .T. ) ;
#3041 = ORIENTED_EDGE ( 'NONE', *, *, #1077, .T. ) ;
#3042 = AXIS2_PLACEMENT_3D ( 'NONE', #839, #3368, #6013 ) ;
#3043 = ORIENTED_EDGE ( 'NONE', *, *, #1071, .F. ) ;
#3044 = ORIENTED_EDGE ( 'NONE', *, *, #1561, .F. ) ;
#3045 = CARTESIAN_POINT ( 'NONE',  ( -48.50255571982733471, 10.00000000000000000, -27.17157287525380838 ) ) ;
#3046 = FACE_OUTER_BOUND ( 'NONE', #4408, .T. ) ;
#3047 = DIRECTION ( 'NONE',  ( 0.000000000000000000, 0.000000000000000000, 1.000000000000000000 ) ) ;
#3048 = ORIENTED_EDGE ( 'NONE', *, *, #923, .T. ) ;
#3049 = AXIS2_PLACEMENT_3D ( 'NONE', #305, #2769, #4846 ) ;
#3050 = CONICAL_SURFACE ( 'NONE', #3599, 1.500000000000001332, 0.7853981633974715937 ) ;
#3051 = CARTESIAN_POINT ( 'NONE',  ( 1.797444280172685982, 7.000000000000000000, -45.00000000000000000 ) ) ;
#3052 = LINE ( 'NONE', #1014, #672 ) ;
#3053 = CARTESIAN_POINT ( 'NONE',  ( 86.99744428017268660, 0.000000000000000000, -75.00000000000000000 ) ) ;
#3054 = DIRECTION ( 'NONE',  ( 0.000000000000000000, 0.000000000000000000, 1.000000000000000000 ) ) ;
#3055 = DIRECTION ( 'NONE',  ( 0.000000000000000000, 1.000000000000000000, 0.000000000000000000 ) ) ;
#3056 = CARTESIAN_POINT ( 'NONE',  ( 76.99744428017268660, 0.000000000000000000, -56.49999999999998579 ) ) ;
#3057 = ORIENTED_EDGE ( 'NONE', *, *, #5130, .T. ) ;
#3058 = SHAPE_DEFINITION_REPRESENTATION ( #3352, #5808 ) ;
#3059 = AXIS2_PLACEMENT_3D ( 'NONE', #5420, #766, #2843 ) ;
#3060 = CIRCLE ( 'NONE', #3819, 2.249999999999998668 ) ;
#3061 = EDGE_CURVE ( 'NONE', #5571, #2339, #861, .T. ) ;
#3062 = EDGE_CURVE ( 'NONE', #5038, #5158, #415, .T. ) ;
#3063 = DIRECTION ( 'NONE',  ( 0.000000000000000000, 0.000000000000000000, 1.000000000000000000 ) ) ;
#3064 = AXIS2_PLACEMENT_3D ( 'NONE', #291, #5434, #2984 ) ;
#3065 = AXIS2_PLACEMENT_3D ( 'NONE', #4882, #1183, #2288 ) ;
#3066 = CARTESIAN_POINT ( 'NONE',  ( -48.50255571982733471, 10.00000000000000000, 25.99999999999999645 ) ) ;
#3067 = ORIENTED_EDGE ( 'NONE', *, *, #4299, .F. ) ;
#3068 = CARTESIAN_POINT ( 'NONE',  ( -78.00255571982732761, 0.000000000000000000, -25.99999999999999645 ) ) ;
#3069 = VERTEX_POINT ( 'NONE', #3957 ) ;
#3070 = CIRCLE ( 'NONE', #6535, 1.000000000000000888 ) ;
#3071 = AXIS2_PLACEMENT_3D ( 'NONE', #1742, #5446, #2916 ) ;
#3072 = EDGE_CURVE ( 'NONE', #5098, #2896, #1373, .T. ) ;
#3073 = CARTESIAN_POINT ( 'NONE',  ( 82.30513658786505005, 7.000000000000000000, -74.28846153846150457 ) ) ;
#3074 = ORIENTED_EDGE ( 'NONE', *, *, #644, .F. ) ;
#3075 = EDGE_CURVE ( 'NONE', #5300, #518, #2922, .T. ) ;
#3076 = DIRECTION ( 'NONE',  ( -1.000000000000000000, -0.000000000000000000, 2.775557561562891351E-16 ) ) ;
#3077 = LINE ( 'NONE', #3104, #5411 ) ;
#3078 = EDGE_LOOP ( 'NONE', ( #2728, #4903 ) ) ;
#3079 = VERTEX_POINT ( 'NONE', #4503 ) ;
#3080 = ORIENTED_EDGE ( 'NONE', *, *, #4884, .T. ) ;
#3081 = LINE ( 'NONE', #4130, #4530 ) ;
#3082 = CARTESIAN_POINT ( 'NONE',  ( -68.50255571982732761, 0.000000000000000000, -13.50000000000000178 ) ) ;
#3083 = CARTESIAN_POINT ( 'NONE',  ( -50.50255571982733471, 0.000000000000000000, -25.99999999999999645 ) ) ;
#3084 = ORIENTED_EDGE ( 'NONE', *, *, #1021, .T. ) ;
#3085 = FACE_OUTER_BOUND ( 'NONE', #2933, .T. ) ;
#3086 = CARTESIAN_POINT ( 'NONE',  ( 121.9974442801726866, 10.00000000000000000, 20.00000000000000000 ) ) ;
#3087 = CARTESIAN_POINT ( 'NONE',  ( 77.99744428017270081, 0.000000000000000000, 47.00000000000001421 ) ) ;
#3088 = DIRECTION ( 'NONE',  ( -1.000000000000000000, 0.000000000000000000, -2.775557561562891351E-16 ) ) ;
#3089 = DIRECTION ( 'NONE',  ( -0.000000000000000000, -0.000000000000000000, 1.000000000000000000 ) ) ;
#3090 = CARTESIAN_POINT ( 'NONE',  ( -74.00255571982731340, 5.000000000000000000, 21.00000000000000000 ) ) ;
#3091 = ORIENTED_EDGE ( 'NONE', *, *, #5083, .T. ) ;
#3092 = LINE ( 'NONE', #6218, #1941 ) ;
#3093 = CARTESIAN_POINT ( 'NONE',  ( 81.99744428017270081, -4.816681727819437597, -75.00000000000000000 ) ) ;
#3094 = CARTESIAN_POINT ( 'NONE',  ( 1.797444280172685982, 0.000000000000000000, -37.00000000000000000 ) ) ;
#3095 = EDGE_CURVE ( 'NONE', #562, #1413, #5012, .T. ) ;
#3096 = VERTEX_POINT ( 'NONE', #5964 ) ;
#3097 = CYLINDRICAL_SURFACE ( 'NONE', #5666, 2.249999999999998668 ) ;
#3098 = EDGE_CURVE ( 'NONE', #1062, #1129, #6062, .T. ) ;
#3099 = ORIENTED_EDGE ( 'NONE', *, *, #918, .F. ) ;
#3100 = DIRECTION ( 'NONE',  ( 1.000000000000000000, 0.000000000000000000, 1.156482317317870344E-15 ) ) ;
#3101 = ORIENTED_EDGE ( 'NONE', *, *, #2389, .T. ) ;
#3102 = ORIENTED_EDGE ( 'NONE', *, *, #4386, .T. ) ;
#3103 = EDGE_CURVE ( 'NONE', #6092, #1477, #6602, .T. ) ;
#3104 = CARTESIAN_POINT ( 'NONE',  ( 34.99744428017269371, 10.00000000000000000, 73.50000000000001421 ) ) ;
#3105 = VERTEX_POINT ( 'NONE', #2349 ) ;
#3106 = CARTESIAN_POINT ( 'NONE',  ( -57.50255571982733471, 0.000000000000000000, -14.50000000000000178 ) ) ;
#3107 = CARTESIAN_POINT ( 'NONE',  ( -34.50255571982732761, 4.999999999999999112, -17.07401816951053419 ) ) ;
#3108 = ORIENTED_EDGE ( 'NONE', *, *, #2913, .F. ) ;
#3109 = DIRECTION ( 'NONE',  ( 0.000000000000000000, 1.000000000000000000, 0.000000000000000000 ) ) ;
#3110 = VERTEX_POINT ( 'NONE', #2869 ) ;
#3111 = DIRECTION ( 'NONE',  ( 0.000000000000000000, 1.000000000000000000, 0.000000000000000000 ) ) ;
#3112 = DIRECTION ( 'NONE',  ( 0.000000000000000000, 0.000000000000000000, 1.000000000000000000 ) ) ;
#3113 = EDGE_CURVE ( 'NONE', #1508, #2695, #3493, .T. ) ;
#3114 = DIRECTION ( 'NONE',  ( 0.000000000000000000, 0.000000000000000000, 1.000000000000000000 ) ) ;
#3115 = ORIENTED_EDGE ( 'NONE', *, *, #6528, .T. ) ;
#3116 = CARTESIAN_POINT ( 'NONE',  ( 76.99744428017268660, 10.00000000000000000, -54.99999999999999289 ) ) ;
#3117 = EDGE_CURVE ( 'NONE', #405, #249, #6715, .T. ) ;
#3118 = DIRECTION ( 'NONE',  ( 0.000000000000000000, 1.000000000000000000, 0.000000000000000000 ) ) ;
#3119 = DIRECTION ( 'NONE',  ( -1.000000000000000000, 0.000000000000000000, -0.000000000000000000 ) ) ;
#3120 = CIRCLE ( 'NONE', #3562, 1.999999999999996669 ) ;
#3121 = VECTOR ( 'NONE', #2830, 1000.000000000000000 ) ;
#3122 = FACE_OUTER_BOUND ( 'NONE', #5746, .T. ) ;
#3123 = ORIENTED_EDGE ( 'NONE', *, *, #894, .T. ) ;
#3124 = AXIS2_PLACEMENT_3D ( 'NONE', #411, #2478, #2006 ) ;
#3125 = AXIS2_PLACEMENT_3D ( 'NONE', #3160, #2566, #428 ) ;
#3126 = CARTESIAN_POINT ( 'NONE',  ( 34.99744428017269371, 7.000000000000000000, 72.00000000000001421 ) ) ;
#3127 = CYLINDRICAL_SURFACE ( 'NONE', #4263, 1.750000000000001554 ) ;
#3128 = DIRECTION ( 'NONE',  ( 0.000000000000000000, 0.000000000000000000, 1.000000000000000000 ) ) ;
#3129 = VERTEX_POINT ( 'NONE', #2833 ) ;
#3130 = ORIENTED_EDGE ( 'NONE', *, *, #5201, .T. ) ;
#3131 = AXIS2_PLACEMENT_3D ( 'NONE', #392, #2879, #2366 ) ;
#3132 = AXIS2_PLACEMENT_3D ( 'NONE', #1653, #1111, #51 ) ;
#3133 = VERTEX_POINT ( 'NONE', #1312 ) ;
#3134 = VECTOR ( 'NONE', #5728, 1000.000000000000000 ) ;
#3135 = EDGE_CURVE ( 'NONE', #110, #1098, #3793, .T. ) ;
#3136 = LINE ( 'NONE', #5195, #2829 ) ;
#3137 = ORIENTED_EDGE ( 'NONE', *, *, #3481, .F. ) ;
#3138 = EDGE_LOOP ( 'NONE', ( #343, #2049, #2178, #3751, #588, #6603 ) ) ;
#3139 = FACE_OUTER_BOUND ( 'NONE', #5191, .T. ) ;
#3140 = AXIS2_PLACEMENT_3D ( 'NONE', #3187, #6646, #456 ) ;
#3141 = ORIENTED_EDGE ( 'NONE', *, *, #154, .F. ) ;
#3142 = EDGE_CURVE ( 'NONE', #5122, #4555, #3258, .T. ) ;
#3143 = EDGE_CURVE ( 'NONE', #348, #1148, #2386, .T. ) ;
#3144 = CARTESIAN_POINT ( 'NONE',  ( -34.50255571982732761, 1.600000000000002087, -22.96299091524471692 ) ) ;
#3145 = AXIS2_PLACEMENT_3D ( 'NONE', #447, #3652, #1066 ) ;
#3146 = ORIENTED_EDGE ( 'NONE', *, *, #23, .F. ) ;
#3147 = ORIENTED_EDGE ( 'NONE', *, *, #4934, .T. ) ;
#3148 = CARTESIAN_POINT ( 'NONE',  ( 79.99744428017268660, 7.000000000000000000, -72.00000000000001421 ) ) ;
#3149 = CARTESIAN_POINT ( 'NONE',  ( 1.797444280172685982, 7.000000000000000000, -42.24999999999999289 ) ) ;
#3150 = CYLINDRICAL_SURFACE ( 'NONE', #5190, 3.500000000000003109 ) ;
#3151 = ORIENTED_EDGE ( 'NONE', *, *, #3397, .T. ) ;
#3152 = AXIS2_PLACEMENT_3D ( 'NONE', #193, #2677, #2775 ) ;
#3153 = CARTESIAN_POINT ( 'NONE',  ( 1.797444280172685982, 7.000000000000000000, 45.00000000000000000 ) ) ;
#3154 = EDGE_CURVE ( 'NONE', #1231, #6567, #1347, .T. ) ;
#3155 = ORIENTED_EDGE ( 'NONE', *, *, #2556, .T. ) ;
#3156 = FACE_BOUND ( 'NONE', #6549, .T. ) ;
#3157 = CARTESIAN_POINT ( 'NONE',  ( -35.50255571982732761, 0.000000000000000000, -26.00000000000000355 ) ) ;
#3158 = CIRCLE ( 'NONE', #321, 1.499999999999994449 ) ;
#3159 = PLANE ( 'NONE',  #5880 ) ;
#3160 = CARTESIAN_POINT ( 'NONE',  ( -38.50255571982732761, 0.000000000000000000, 14.50000000000000178 ) ) ;
#3161 = DIRECTION ( 'NONE',  ( 0.000000000000000000, 0.000000000000000000, 1.000000000000000000 ) ) ;
#3162 = EDGE_LOOP ( 'NONE', ( #2448, #5379 ) ) ;
#3163 = CIRCLE ( 'NONE', #986, 1.500000000000001332 ) ;
#3164 = LINE ( 'NONE', #6281, #6287 ) ;
#3165 = DIRECTION ( 'NONE',  ( 0.000000000000000000, 1.000000000000000000, 0.000000000000000000 ) ) ;
#3166 = DIRECTION ( 'NONE',  ( 0.000000000000000000, 0.000000000000000000, 1.000000000000000000 ) ) ;
#3167 = CIRCLE ( 'NONE', #3818, 1.750000000000001554 ) ;
#3168 = ORIENTED_EDGE ( 'NONE', *, *, #5157, .F. ) ;
#3169 = DIRECTION ( 'NONE',  ( 1.000000000000000000, 0.000000000000000000, 0.000000000000000000 ) ) ;
#3170 = AXIS2_PLACEMENT_3D ( 'NONE', #1364, #2374, #6526 ) ;
#3171 = ORIENTED_EDGE ( 'NONE', *, *, #147, .F. ) ;
#3172 = CIRCLE ( 'NONE', #4474, 3.500000000000003109 ) ;
#3173 = CIRCLE ( 'NONE', #3505, 1.499999999999994449 ) ;
#3174 = CYLINDRICAL_SURFACE ( 'NONE', #2939, 2.000000000000001776 ) ;
#3175 = EDGE_LOOP ( 'NONE', ( #3661, #3151, #1546, #3480 ) ) ;
#3176 = EDGE_LOOP ( 'NONE', ( #5956, #4777, #2276, #2375 ) ) ;
#3177 = AXIS2_PLACEMENT_3D ( 'NONE', #5404, #2785, #2758 ) ;
#3178 = EDGE_LOOP ( 'NONE', ( #4325, #4613, #413, #844 ) ) ;
#3179 = CYLINDRICAL_SURFACE ( 'NONE', #1168, 2.249999999999998668 ) ;
#3180 = AXIS2_PLACEMENT_3D ( 'NONE', #6274, #5831, #25 ) ;
#3181 = DIRECTION ( 'NONE',  ( -1.000000000000000000, 0.000000000000000000, 0.000000000000000000 ) ) ;
#3182 = EDGE_LOOP ( 'NONE', ( #3270, #4481, #6150, #1568 ) ) ;
#3183 = ORIENTED_EDGE ( 'NONE', *, *, #4767, .F. ) ;
#3184 = DIRECTION ( 'NONE',  ( -0.000000000000000000, -0.000000000000000000, 1.000000000000000000 ) ) ;
#3185 = CARTESIAN_POINT ( 'NONE',  ( 1.797444280172685982, 0.4999999999999483746, 45.00000000000000000 ) ) ;
#3186 = ADVANCED_FACE ( 'NONE', ( #2044 ), #930, .F. ) ;
#3187 = CARTESIAN_POINT ( 'NONE',  ( 1.797444280172685982, 10.00000000000000000, 37.00000000000000000 ) ) ;
#3188 = ORIENTED_EDGE ( 'NONE', *, *, #508, .F. ) ;
#3189 = EDGE_CURVE ( 'NONE', #684, #3837, #6691, .T. ) ;
#3190 = CARTESIAN_POINT ( 'NONE',  ( -34.50255571982732761, 4.999999999999999112, 17.07401816951053419 ) ) ;
#3191 = CARTESIAN_POINT ( 'NONE',  ( -29.50255571982732761, 5.000000000000000000, 20.99999999999998579 ) ) ;
#3192 = ORIENTED_EDGE ( 'NONE', *, *, #2908, .F. ) ;
#3193 = FACE_OUTER_BOUND ( 'NONE', #4286, .T. ) ;
#3194 = FACE_OUTER_BOUND ( 'NONE', #1729, .T. ) ;
#3195 = DIRECTION ( 'NONE',  ( -1.000000000000000000, -0.000000000000000000, -0.000000000000000000 ) ) ;
#3196 = LINE ( 'NONE', #2567, #1497 ) ;
#3197 = VERTEX_POINT ( 'NONE', #477 ) ;
#3198 = EDGE_CURVE ( 'NONE', #6271, #2587, #2584, .T. ) ;
#3199 = CARTESIAN_POINT ( 'NONE',  ( -34.50255571982732761, 1.600000000000002975, -19.03700908475525821 ) ) ;
#3200 = CARTESIAN_POINT ( 'NONE',  ( -37.50255571982732761, 5.000000000000000000, 23.24999999999998934 ) ) ;
#3201 = CARTESIAN_POINT ( 'NONE',  ( 26.99744428017269016, 0.000000000000000000, 53.49999999999998579 ) ) ;
#3202 = ORIENTED_EDGE ( 'NONE', *, *, #5524, .F. ) ;
#3203 = FACE_OUTER_BOUND ( 'NONE', #5953, .T. ) ;
#3204 = VERTEX_POINT ( 'NONE', #4123 ) ;
#3205 = CARTESIAN_POINT ( 'NONE',  ( -29.50255571982732761, 4.999999999999998224, -24.92598183048944449 ) ) ;
#3206 = VERTEX_POINT ( 'NONE', #4606 ) ;
#3207 = DIRECTION ( 'NONE',  ( 0.000000000000000000, 0.000000000000000000, 1.000000000000000000 ) ) ;
#3208 = VERTEX_POINT ( 'NONE', #4670 ) ;
#3209 = VERTEX_POINT ( 'NONE', #1001 ) ;
#3210 = ORIENTED_EDGE ( 'NONE', *, *, #200, .F. ) ;
#3211 = DIRECTION ( 'NONE',  ( -0.000000000000000000, -1.000000000000000000, 0.000000000000000000 ) ) ;
#3212 = ORIENTED_EDGE ( 'NONE', *, *, #4344, .T. ) ;
#3213 = ORIENTED_EDGE ( 'NONE', *, *, #3979, .T. ) ;
#3214 = CARTESIAN_POINT ( 'NONE',  ( 33.99744428017270081, -7.000000000000000000, 47.00000000000001421 ) ) ;
#3215 = DIRECTION ( 'NONE',  ( 0.000000000000000000, 0.000000000000000000, -1.000000000000000000 ) ) ;
#3216 = CARTESIAN_POINT ( 'NONE',  ( -76.00255571982731340, 0.000000000000000000, 27.99999999999999289 ) ) ;
#3217 = CARTESIAN_POINT ( 'NONE',  ( -55.50255571982733471, 8.000000000000000000, 27.99999999999999289 ) ) ;
#3218 = CARTESIAN_POINT ( 'NONE',  ( 1.797444280172685982, 0.4999999999999483746, 39.00000000000000711 ) ) ;
#3219 = ADVANCED_FACE ( 'NONE', ( #6667 ), #7, .F. ) ;
#3220 = DIRECTION ( 'NONE',  ( -0.000000000000000000, 1.000000000000000000, -0.000000000000000000 ) ) ;
#3221 = EDGE_LOOP ( 'NONE', ( #1676, #924, #6661, #3585 ) ) ;
#3222 = ADVANCED_FACE ( 'NONE', ( #2079 ), #5689, .T. ) ;
#3223 = CARTESIAN_POINT ( 'NONE',  ( -38.50255571982732761, 0.000000000000000000, -13.50000000000000178 ) ) ;
#3224 = CARTESIAN_POINT ( 'NONE',  ( 34.99744428017269371, 7.000000000000000000, -72.00000000000001421 ) ) ;
#3225 = FACE_BOUND ( 'NONE', #4732, .T. ) ;
#3226 = LINE ( 'NONE', #1625, #4911 ) ;
#3227 = DIRECTION ( 'NONE',  ( 0.000000000000000000, 1.000000000000000000, 0.000000000000000000 ) ) ;
#3228 = ORIENTED_EDGE ( 'NONE', *, *, #5470, .T. ) ;
#3229 = EDGE_CURVE ( 'NONE', #545, #249, #1031, .T. ) ;
#3230 = AXIS2_PLACEMENT_3D ( 'NONE', #559, #6622, #6082 ) ;
#3231 = ADVANCED_FACE ( 'NONE', ( #3139 ), #4633, .F. ) ;
#3232 = CARTESIAN_POINT ( 'NONE',  ( 51.99744428017267950, -40.00000000000000000, 20.00000000000000000 ) ) ;
#3233 = CIRCLE ( 'NONE', #1058, 2.000000000000008882 ) ;
#3234 = SURFACE_STYLE_FILL_AREA ( #1157 ) ;
#3235 = CARTESIAN_POINT ( 'NONE',  ( -67.50255571982732761, 0.000000000000000000, 13.50000000000000178 ) ) ;
#3236 = DIRECTION ( 'NONE',  ( -0.000000000000000000, -0.000000000000000000, 1.000000000000000000 ) ) ;
#3237 = EDGE_LOOP ( 'NONE', ( #3874, #3147 ) ) ;
#3238 = DIRECTION ( 'NONE',  ( 1.000000000000000000, 0.000000000000000000, 0.000000000000000000 ) ) ;
#3239 = ORIENTED_EDGE ( 'NONE', *, *, #1114, .F. ) ;
#3240 = AXIS2_PLACEMENT_3D ( 'NONE', #3148, #5206, #6643 ) ;
#3241 = CIRCLE ( 'NONE', #5507, 1.999999999999996669 ) ;
#3242 = EDGE_CURVE ( 'NONE', #4793, #3906, #3077, .T. ) ;
#3243 = DIRECTION ( 'NONE',  ( 0.000000000000000000, 0.000000000000000000, -1.000000000000000000 ) ) ;
#3244 = CIRCLE ( 'NONE', #4210, 2.249999999999998668 ) ;
#3245 = EDGE_LOOP ( 'NONE', ( #4703, #1470, #3513, #6494 ) ) ;
#3246 = AXIS2_PLACEMENT_3D ( 'NONE', #6238, #55, #1618 ) ;
#3247 = ORIENTED_EDGE ( 'NONE', *, *, #441, .F. ) ;
#3248 = EDGE_CURVE ( 'NONE', #2447, #5920, #5166, .T. ) ;
#3249 = AXIS2_PLACEMENT_3D ( 'NONE', #3859, #5382, #5905 ) ;
#3250 = VECTOR ( 'NONE', #4164, 1000.000000000000114 ) ;
#3251 = EDGE_LOOP ( 'NONE', ( #2745, #3749, #3300, #4334 ) ) ;
#3252 = ORIENTED_EDGE ( 'NONE', *, *, #4691, .T. ) ;
#3253 = CARTESIAN_POINT ( 'NONE',  ( 82.01215016252571388, 7.000000000000000000, -75.00000000000000000 ) ) ;
#3254 = VECTOR ( 'NONE', #52, 1000.000000000000000 ) ;
#3255 = FACE_OUTER_BOUND ( 'NONE', #898, .T. ) ;
#3256 = CARTESIAN_POINT ( 'NONE',  ( -37.50255571982732761, 10.00000000000000000, 26.00000000000000355 ) ) ;
#3257 = DIRECTION ( 'NONE',  ( 0.000000000000000000, 0.000000000000000000, -1.000000000000000000 ) ) ;
#3258 = CIRCLE ( 'NONE', #3365, 2.000000000000001776 ) ;
#3259 = PLANE ( 'NONE',  #2676 ) ;
#3260 = ORIENTED_EDGE ( 'NONE', *, *, #70, .F. ) ;
#3261 = DIRECTION ( 'NONE',  ( 0.000000000000000000, 1.000000000000000000, 0.000000000000000000 ) ) ;
#3262 = DIRECTION ( 'NONE',  ( 0.000000000000000000, 0.000000000000000000, 1.000000000000000000 ) ) ;
#3263 = CARTESIAN_POINT ( 'NONE',  ( 93.99744428017268660, 7.000000000000000000, -19.00000000000000355 ) ) ;
#3264 = CARTESIAN_POINT ( 'NONE',  ( 34.99744428017269371, 7.000000000000000000, 72.00000000000001421 ) ) ;
#3265 = DIRECTION ( 'NONE',  ( 0.000000000000000000, 1.000000000000000000, 0.000000000000000000 ) ) ;
#3266 = VERTEX_POINT ( 'NONE', #4054 ) ;
#3267 = VECTOR ( 'NONE', #6371, 1000.000000000000000 ) ;
#3268 = CARTESIAN_POINT ( 'NONE',  ( -48.50255571982733471, 0.000000000000000000, 13.50000000000000178 ) ) ;
#3269 = DIRECTION ( 'NONE',  ( -1.000000000000000000, -0.000000000000000000, -0.000000000000000000 ) ) ;
#3270 = ORIENTED_EDGE ( 'NONE', *, *, #113, .F. ) ;
#3271 = DIRECTION ( 'NONE',  ( 0.000000000000000000, 0.000000000000000000, -1.000000000000000000 ) ) ;
#3272 = CYLINDRICAL_SURFACE ( 'NONE', #4864, 2.000000000000001776 ) ;
#3273 = ORIENTED_EDGE ( 'NONE', *, *, #1926, .F. ) ;
#3274 = DIRECTION ( 'NONE',  ( 0.000000000000000000, 1.000000000000000000, 0.000000000000000000 ) ) ;
#3275 = EDGE_CURVE ( 'NONE', #5205, #6627, #6071, .T. ) ;
#3276 = EDGE_LOOP ( 'NONE', ( #3650, #5236, #1576, #4190 ) ) ;
#3277 = AXIS2_PLACEMENT_3D ( 'NONE', #409, #2413, #6153 ) ;
#3278 = ADVANCED_FACE ( 'NONE', ( #2480 ), #4574, .T. ) ;
#3279 = CIRCLE ( 'NONE', #4580, 3.500000000000003109 ) ;
#3280 = CARTESIAN_POINT ( 'NONE',  ( -76.00255571982732761, 10.00000000000000000, -27.99999999999999289 ) ) ;
#3281 = EDGE_LOOP ( 'NONE', ( #1993, #342, #4975, #4887 ) ) ;
#3282 = EDGE_LOOP ( 'NONE', ( #5890, #3980, #2647, #3647 ) ) ;
#3283 = ADVANCED_FACE ( 'NONE', ( #5617, #3040 ), #2547, .F. ) ;
#3284 = AXIS2_PLACEMENT_3D ( 'NONE', #4104, #4552, #6177 ) ;
#3285 = VECTOR ( 'NONE', #5461, 1000.000000000000000 ) ;
#3286 = VERTEX_POINT ( 'NONE', #2436 ) ;
#3287 = VERTEX_POINT ( 'NONE', #6489 ) ;
#3288 = LINE ( 'NONE', #150, #6688 ) ;
#3289 = CIRCLE ( 'NONE', #339, 2.249999999999998668 ) ;
#3290 = CARTESIAN_POINT ( 'NONE',  ( -57.50255571982733471, 0.000000000000000000, -25.99999999999999645 ) ) ;
#3291 = FACE_OUTER_BOUND ( 'NONE', #5656, .T. ) ;
#3292 = CARTESIAN_POINT ( 'NONE',  ( 81.99744428017270081, -4.816681727819437597, 35.00000000000001421 ) ) ;
#3293 = AXIS2_PLACEMENT_3D ( 'NONE', #4721, #92, #58 ) ;
#3294 = DIRECTION ( 'NONE',  ( 0.000000000000000000, 1.000000000000000000, 0.000000000000000000 ) ) ;
#3295 = ORIENTED_EDGE ( 'NONE', *, *, #4629, .F. ) ;
#3296 = CYLINDRICAL_SURFACE ( 'NONE', #4889, 1.000000000000000888 ) ;
#3297 = DIRECTION ( 'NONE',  ( 0.000000000000000000, -1.000000000000000000, 0.000000000000000000 ) ) ;
#3298 = CARTESIAN_POINT ( 'NONE',  ( -47.50255571982733471, 0.000000000000000000, -14.50000000000000178 ) ) ;
#3299 = LINE ( 'NONE', #5355, #2147 ) ;
#3300 = ORIENTED_EDGE ( 'NONE', *, *, #494, .F. ) ;
#3301 = CARTESIAN_POINT ( 'NONE',  ( 51.99744428017267950, 3.999999999999996447, -22.00000000000000711 ) ) ;
#3302 = DIRECTION ( 'NONE',  ( 1.000000000000000000, -0.000000000000000000, 0.000000000000000000 ) ) ;
#3303 = VERTEX_POINT ( 'NONE', #1363 ) ;
#3304 = DIRECTION ( 'NONE',  ( -0.000000000000000000, 1.000000000000000000, -0.000000000000000000 ) ) ;
#3305 = DIRECTION ( 'NONE',  ( 0.000000000000000000, 0.000000000000000000, -1.000000000000000000 ) ) ;
#3306 = ORIENTED_EDGE ( 'NONE', *, *, #3003, .T. ) ;
#3307 = DIRECTION ( 'NONE',  ( -0.000000000000000000, 1.000000000000000000, -0.000000000000000000 ) ) ;
#3308 = ORIENTED_EDGE ( 'NONE', *, *, #4601, .T. ) ;
#3309 = EDGE_CURVE ( 'NONE', #4195, #6361, #6523, .T. ) ;
#3310 = LINE ( 'NONE', #2272, #1951 ) ;
#3311 = VERTEX_POINT ( 'NONE', #4522 ) ;
#3312 = EDGE_CURVE ( 'NONE', #6263, #2415, #3442, .T. ) ;
#3313 = VERTEX_POINT ( 'NONE', #6050 ) ;
#3314 = EDGE_LOOP ( 'NONE', ( #5706, #890, #4134, #2827 ) ) ;
#3315 = FACE_OUTER_BOUND ( 'NONE', #2681, .T. ) ;
#3316 = EDGE_CURVE ( 'NONE', #1580, #377, #2923, .T. ) ;
#3317 = ORIENTED_EDGE ( 'NONE', *, *, #693, .F. ) ;
#3318 = DIRECTION ( 'NONE',  ( 0.000000000000000000, 0.000000000000000000, -1.000000000000000000 ) ) ;
#3319 = CARTESIAN_POINT ( 'NONE',  ( -67.50255571982732761, 0.000000000000000000, -14.50000000000000178 ) ) ;
#3320 = DIRECTION ( 'NONE',  ( 0.9246780984747219323, 0.000000000000000000, -0.3807498052542803713 ) ) ;
#3321 = CARTESIAN_POINT ( 'NONE',  ( 77.99744428017270081, -10.00000000000000000, 47.00000000000001421 ) ) ;
#3322 = LINE ( 'NONE', #6441, #3355 ) ;
#3323 = ORIENTED_EDGE ( 'NONE', *, *, #1469, .T. ) ;
#3324 = ADVANCED_FACE ( 'NONE', ( #3517 ), #1830, .F. ) ;
#3325 = DIRECTION ( 'NONE',  ( -1.000000000000000000, -0.000000000000000000, -2.775557561562891351E-16 ) ) ;
#3326 = CARTESIAN_POINT ( 'NONE',  ( 77.98273839781973038, 10.00000000000000000, 75.00000000000001421 ) ) ;
#3327 = FACE_OUTER_BOUND ( 'NONE', #5518, .T. ) ;
#3328 = CARTESIAN_POINT ( 'NONE',  ( -28.00255571982732050, 5.000000000000000000, 20.99999999999998579 ) ) ;
#3329 = ORIENTED_EDGE ( 'NONE', *, *, #406, .F. ) ;
#3330 = CARTESIAN_POINT ( 'NONE',  ( 83.99744428017270081, -7.000000000000000000, -7.771324720793033356E-15 ) ) ;
#3331 = ORIENTED_EDGE ( 'NONE', *, *, #5712, .F. ) ;
#3332 = CARTESIAN_POINT ( 'NONE',  ( -76.00255571982731340, 0.000000000000000000, 27.99999999999999289 ) ) ;
#3333 = CARTESIAN_POINT ( 'NONE',  ( 1.797444280172685982, 7.000000000000000000, -45.00000000000000000 ) ) ;
#3334 = ORIENTED_EDGE ( 'NONE', *, *, #4515, .F. ) ;
#3335 = DIRECTION ( 'NONE',  ( 0.000000000000000000, 0.000000000000000000, 1.000000000000000000 ) ) ;
#3336 = VERTEX_POINT ( 'NONE', #6119 ) ;
#3337 = ADVANCED_FACE ( 'NONE', ( #2409 ), #3478, .F. ) ;
#3338 = DIRECTION ( 'NONE',  ( -1.000000000000000000, -0.000000000000000000, -2.775557561562891351E-16 ) ) ;
#3339 = CIRCLE ( 'NONE', #5168, 3.250000000000002665 ) ;
#3340 = DIRECTION ( 'NONE',  ( -0.000000000000000000, 1.000000000000000000, -0.000000000000000000 ) ) ;
#3341 = ORIENTED_EDGE ( 'NONE', *, *, #6007, .F. ) ;
#3342 = AXIS2_PLACEMENT_3D ( 'NONE', #5793, #5374, #1744 ) ;
#3343 = VECTOR ( 'NONE', #3055, 1000.000000000000000 ) ;
#3344 = ORIENTED_EDGE ( 'NONE', *, *, #4116, .F. ) ;
#3345 = ADVANCED_FACE ( 'NONE', ( #5574, #849 ), #3026, .T. ) ;
#3346 = CIRCLE ( 'NONE', #5619, 1.500000000000001332 ) ;
#3347 = CONICAL_SURFACE ( 'NONE', #6269, 2.500000000000002220, 0.7853981633974275178 ) ;
#3348 = DIRECTION ( 'NONE',  ( 0.000000000000000000, 0.000000000000000000, 1.000000000000000000 ) ) ;
#3349 = VERTEX_POINT ( 'NONE', #3947 ) ;
#3350 = DIRECTION ( 'NONE',  ( 0.000000000000000000, -1.000000000000000000, 0.000000000000000000 ) ) ;
#3351 = CARTESIAN_POINT ( 'NONE',  ( 1.797444280172685982, 10.00000000000000000, -39.00000000000000711 ) ) ;
#3352 = PRODUCT_DEFINITION_SHAPE ( 'NONE', 'NONE',  #1589 ) ;
#3353 = CARTESIAN_POINT ( 'NONE',  ( -28.00255571982732050, 5.000000000000000000, -23.24999999999998579 ) ) ;
#3354 = AXIS2_PLACEMENT_3D ( 'NONE', #4349, #1329, #4830 ) ;
#3355 = VECTOR ( 'NONE', #3220, 1000.000000000000000 ) ;
#3356 = EDGE_CURVE ( 'NONE', #6192, #2774, #2702, .T. ) ;
#3357 = CARTESIAN_POINT ( 'NONE',  ( 32.97559603688951313, 10.00000000000000000, 74.98265426631235187 ) ) ;
#3358 = AXIS2_PLACEMENT_3D ( 'NONE', #4332, #85, #1654 ) ;
#3359 = ORIENTED_EDGE ( 'NONE', *, *, #1509, .F. ) ;
#3360 = CARTESIAN_POINT ( 'NONE',  ( -68.50255571982732761, 0.000000000000000000, -14.50000000000000178 ) ) ;
#3361 = DIRECTION ( 'NONE',  ( 0.000000000000000000, 0.000000000000000000, 1.000000000000000000 ) ) ;
#3362 = DIRECTION ( 'NONE',  ( -1.000000000000000000, 0.000000000000000000, 0.000000000000000000 ) ) ;
#3363 = CYLINDRICAL_SURFACE ( 'NONE', #2465, 1.500000000000001332 ) ;
#3364 = ORIENTED_EDGE ( 'NONE', *, *, #5795, .F. ) ;
#3365 = AXIS2_PLACEMENT_3D ( 'NONE', #792, #5480, #4945 ) ;
#3366 = EDGE_CURVE ( 'NONE', #2225, #2229, #3690, .T. ) ;
#3367 = EDGE_CURVE ( 'NONE', #3706, #4498, #4005, .T. ) ;
#3368 = DIRECTION ( 'NONE',  ( -0.000000000000000000, 1.000000000000000000, -0.000000000000000000 ) ) ;
#3369 = CARTESIAN_POINT ( 'NONE',  ( -28.00255571982732050, 5.000000000000000000, 20.99999999999998579 ) ) ;
#3370 = VECTOR ( 'NONE', #4345, 1000.000000000000000 ) ;
#3371 = ORIENTED_EDGE ( 'NONE', *, *, #2295, .F. ) ;
#3372 = DIRECTION ( 'NONE',  ( -0.000000000000000000, 0.000000000000000000, -1.000000000000000000 ) ) ;
#3373 = DIRECTION ( 'NONE',  ( 0.000000000000000000, 1.000000000000000000, 0.000000000000000000 ) ) ;
#3374 = CARTESIAN_POINT ( 'NONE',  ( -34.50255571982732761, 1.600000000000002975, -19.03700908475525821 ) ) ;
#3375 = VERTEX_POINT ( 'NONE', #6561 ) ;
#3376 = CARTESIAN_POINT ( 'NONE',  ( 79.99744428017268660, 7.000000000000000000, -73.50000000000001421 ) ) ;
#3377 = EDGE_LOOP ( 'NONE', ( #3713, #3553 ) ) ;
#3378 = DIRECTION ( 'NONE',  ( 0.000000000000000000, 0.000000000000000000, -1.000000000000000000 ) ) ;
#3379 = CARTESIAN_POINT ( 'NONE',  ( 32.98273839781971617, 7.000000000000000000, 75.00000000000001421 ) ) ;
#3380 = ORIENTED_EDGE ( 'NONE', *, *, #2138, .T. ) ;
#3381 = EDGE_LOOP ( 'NONE', ( #1388, #53, #2581, #453 ) ) ;
#3382 = AXIS2_PLACEMENT_3D ( 'NONE', #1938, #3584, #5652 ) ;
#3383 = EDGE_LOOP ( 'NONE', ( #3724, #6442, #276, #6233 ) ) ;
#3384 = AXIS2_PLACEMENT_3D ( 'NONE', #4962, #4523, #5096 ) ;
#3385 = CARTESIAN_POINT ( 'NONE',  ( 1.997444280172673281, 10.00000000000000000, -75.00000000000000000 ) ) ;
#3386 = EDGE_LOOP ( 'NONE', ( #3099, #5665, #4575, #4280, #5143, #6247 ) ) ;
#3387 = LINE ( 'NONE', #3423, #4758 ) ;
#3388 = DIRECTION ( 'NONE',  ( 0.000000000000000000, 1.000000000000000000, 0.000000000000000000 ) ) ;
#3389 = VECTOR ( 'NONE', #6343, 1000.000000000000000 ) ;
#3390 = AXIS2_PLACEMENT_3D ( 'NONE', #388, #5028, #6076 ) ;
#3391 = VECTOR ( 'NONE', #1297, 1000.000000000000114 ) ;
#3392 = CARTESIAN_POINT ( 'NONE',  ( 32.68975197248026632, 7.000000000000000000, -74.28846153846143352 ) ) ;
#3393 = VECTOR ( 'NONE', #2222, 1000.000000000000000 ) ;
#3394 = ORIENTED_EDGE ( 'NONE', *, *, #800, .F. ) ;
#3395 = ADVANCED_FACE ( 'NONE', ( #1895 ), #1197, .F. ) ;
#3396 = CARTESIAN_POINT ( 'NONE',  ( 1.797444280172685982, 0.000000000000000000, 43.00000000000002132 ) ) ;
#3397 = EDGE_CURVE ( 'NONE', #5468, #1542, #5990, .T. ) ;
#3398 = FACE_OUTER_BOUND ( 'NONE', #2220, .T. ) ;
#3399 = DIRECTION ( 'NONE',  ( 0.000000000000000000, 0.000000000000000000, -1.000000000000000000 ) ) ;
#3400 = ORIENTED_EDGE ( 'NONE', *, *, #3406, .F. ) ;
#3401 = AXIS2_PLACEMENT_3D ( 'NONE', #4616, #2020, #911 ) ;
#3402 = DIRECTION ( 'NONE',  ( 1.000000000000000000, 0.000000000000000000, 0.000000000000000000 ) ) ;
#3403 = DIRECTION ( 'NONE',  ( 0.000000000000000000, 0.000000000000000000, -1.000000000000000000 ) ) ;
#3404 = FACE_OUTER_BOUND ( 'NONE', #1065, .T. ) ;
#3405 = VERTEX_POINT ( 'NONE', #813 ) ;
#3406 = EDGE_CURVE ( 'NONE', #5786, #2452, #2057, .T. ) ;
#3407 = CYLINDRICAL_SURFACE ( 'NONE', #5109, 3.250000000000002665 ) ;
#3408 = CARTESIAN_POINT ( 'NONE',  ( 32.99744428017270081, -4.816681727819437597, -75.00000000000000000 ) ) ;
#3409 = DIRECTION ( 'NONE',  ( 0.000000000000000000, 1.000000000000000000, -0.000000000000000000 ) ) ;
#3410 = ORIENTED_EDGE ( 'NONE', *, *, #5349, .T. ) ;
#3411 = DIRECTION ( 'NONE',  ( -0.000000000000000000, 1.000000000000000000, -0.000000000000000000 ) ) ;
#3412 = ORIENTED_EDGE ( 'NONE', *, *, #3847, .F. ) ;
#3413 = DIRECTION ( 'NONE',  ( -0.000000000000000000, 1.000000000000000000, -0.000000000000000000 ) ) ;
#3414 = CARTESIAN_POINT ( 'NONE',  ( 82.01215016252567125, 10.00000000000000000, 75.00000000000001421 ) ) ;
#3415 = VERTEX_POINT ( 'NONE', #1426 ) ;
#3416 = CARTESIAN_POINT ( 'NONE',  ( -48.50255571982733471, 0.000000000000000000, 14.50000000000000178 ) ) ;
#3417 = ORIENTED_EDGE ( 'NONE', *, *, #1939, .T. ) ;
#3418 = ORIENTED_EDGE ( 'NONE', *, *, #2334, .F. ) ;
#3419 = EDGE_CURVE ( 'NONE', #768, #3204, #4994, .T. ) ;
#3420 = DIRECTION ( 'NONE',  ( 1.000000000000000000, 0.000000000000000000, 0.000000000000000000 ) ) ;
#3421 = DIRECTION ( 'NONE',  ( 0.000000000000000000, 0.000000000000000000, -1.000000000000000000 ) ) ;
#3422 = ORIENTED_EDGE ( 'NONE', *, *, #36, .F. ) ;
#3423 = CARTESIAN_POINT ( 'NONE',  ( -29.50255571982732761, 4.999999999999999112, 17.07401816951053419 ) ) ;
#3424 = LINE ( 'NONE', #3884, #4543 ) ;
#3425 = CARTESIAN_POINT ( 'NONE',  ( 121.9974442801726866, -40.00000000000000000, -22.00000000000000000 ) ) ;
#3426 = VERTEX_POINT ( 'NONE', #4042 ) ;
#3427 = DIRECTION ( 'NONE',  ( 0.000000000000000000, 0.000000000000000000, 1.000000000000000000 ) ) ;
#3428 = DIRECTION ( 'NONE',  ( 0.000000000000000000, 0.000000000000000000, -1.000000000000000000 ) ) ;
#3429 = LINE ( 'NONE', #730, #4361 ) ;
#3430 = CARTESIAN_POINT ( 'NONE',  ( -78.00255571982731340, 0.000000000000000000, 25.99999999999999645 ) ) ;
#3431 = ORIENTED_EDGE ( 'NONE', *, *, #4852, .F. ) ;
#3432 = EDGE_CURVE ( 'NONE', #2631, #1011, #955, .T. ) ;
#3433 = ADVANCED_FACE ( 'NONE', ( #4961 ), #6184, .F. ) ;
#3434 = DIRECTION ( 'NONE',  ( 0.000000000000000000, 0.000000000000000000, 1.000000000000000000 ) ) ;
#3435 = DIRECTION ( 'NONE',  ( 0.000000000000000000, 1.000000000000000000, 0.000000000000000000 ) ) ;
#3436 = FACE_BOUND ( 'NONE', #2077, .T. ) ;
#3437 = CARTESIAN_POINT ( 'NONE',  ( 37.30513658786497899, 7.000000000000000000, 74.28846153846156142 ) ) ;
#3438 = ORIENTED_EDGE ( 'NONE', *, *, #3098, .F. ) ;
#3439 = LINE ( 'NONE', #5496, #897 ) ;
#3440 = CARTESIAN_POINT ( 'NONE',  ( -28.00255571982732050, 5.000000000000000000, 20.99999999999998579 ) ) ;
#3441 = ADVANCED_FACE ( 'NONE', ( #5155 ), #3577, .F. ) ;
#3442 = LINE ( 'NONE', #1394, #1617 ) ;
#3443 = CARTESIAN_POINT ( 'NONE',  ( -73.00255571982731340, 10.00000000000000000, 9.999999999999998224 ) ) ;
#3444 = ORIENTED_EDGE ( 'NONE', *, *, #4515, .T. ) ;
#3445 = ORIENTED_EDGE ( 'NONE', *, *, #6257, .F. ) ;
#3446 = ADVANCED_FACE ( 'NONE', ( #495 ), #988, .F. ) ;
#3447 = EDGE_CURVE ( 'NONE', #2232, #4498, #5856, .T. ) ;
#3448 = LINE ( 'NONE', #1401, #5210 ) ;
#3449 = AXIS2_PLACEMENT_3D ( 'NONE', #4414, #3378, #295 ) ;
#3450 = DIRECTION ( 'NONE',  ( 0.000000000000000000, 0.000000000000000000, -1.000000000000000000 ) ) ;
#3451 = CIRCLE ( 'NONE', #5064, 2.249999999999998668 ) ;
#3452 = CARTESIAN_POINT ( 'NONE',  ( -29.50255571982732761, 13.52282326805818968, 24.92598183048944449 ) ) ;
#3453 = ORIENTED_EDGE ( 'NONE', *, *, #4506, .T. ) ;
#3454 = LINE ( 'NONE', #1777, #284 ) ;
#3455 = DIRECTION ( 'NONE',  ( 1.000000000000000000, 0.000000000000000000, 0.000000000000000000 ) ) ;
#3456 = VERTEX_POINT ( 'NONE', #534 ) ;
#3457 = VECTOR ( 'NONE', #2525, 1000.000000000000000 ) ;
#3458 = ORIENTED_EDGE ( 'NONE', *, *, #2001, .T. ) ;
#3459 = FACE_BOUND ( 'NONE', #3078, .T. ) ;
#3460 = AXIS2_PLACEMENT_3D ( 'NONE', #743, #1825, #4860 ) ;
#3461 = EDGE_CURVE ( 'NONE', #934, #5581, #754, .T. ) ;
#3462 = DIRECTION ( 'NONE',  ( 0.000000000000000000, 1.000000000000000000, 0.000000000000000000 ) ) ;
#3463 = CIRCLE ( 'NONE', #2907, 2.499999999999981348 ) ;
#3464 = LINE ( 'NONE', #6235, #1504 ) ;
#3465 = ORIENTED_EDGE ( 'NONE', *, *, #2975, .T. ) ;
#3466 = AXIS2_PLACEMENT_3D ( 'NONE', #6242, #6313, #1663 ) ;
#3467 = CARTESIAN_POINT ( 'NONE',  ( 27.99744428017270081, -10.00000000000000000, 35.00000000000001421 ) ) ;
#3468 = DIRECTION ( 'NONE',  ( 0.000000000000000000, 0.000000000000000000, -1.000000000000000000 ) ) ;
#3469 = DIRECTION ( 'NONE',  ( -1.000000000000000000, -0.000000000000000000, -0.000000000000000000 ) ) ;
#3470 = FACE_OUTER_BOUND ( 'NONE', #4092, .T. ) ;
#3471 = FACE_OUTER_BOUND ( 'NONE', #2213, .T. ) ;
#3472 = ORIENTED_EDGE ( 'NONE', *, *, #5559, .F. ) ;
#3473 = DIRECTION ( 'NONE',  ( 0.000000000000000000, 1.000000000000000000, 0.000000000000000000 ) ) ;
#3474 = CIRCLE ( 'NONE', #4547, 3.000000000000002665 ) ;
#3475 = EDGE_CURVE ( 'NONE', #4742, #5177, #4728, .T. ) ;
#3476 = LINE ( 'NONE', #5537, #2343 ) ;
#3477 = AXIS2_PLACEMENT_3D ( 'NONE', #1538, #3623, #5718 ) ;
#3478 = CYLINDRICAL_SURFACE ( 'NONE', #4000, 1.000000000000000888 ) ;
#3479 = DIRECTION ( 'NONE',  ( 0.000000000000000000, 0.000000000000000000, 1.000000000000000000 ) ) ;
#3480 = ORIENTED_EDGE ( 'NONE', *, *, #1189, .F. ) ;
#3481 = EDGE_CURVE ( 'NONE', #1296, #6345, #4888, .T. ) ;
#3482 = ORIENTED_EDGE ( 'NONE', *, *, #1390, .F. ) ;
#3483 = ADVANCED_FACE ( 'NONE', ( #1994 ), #435, .F. ) ;
#3484 = ORIENTED_EDGE ( 'NONE', *, *, #819, .F. ) ;
#3485 = DIRECTION ( 'NONE',  ( 0.000000000000000000, 1.000000000000000000, 0.000000000000000000 ) ) ;
#3486 = VECTOR ( 'NONE', #1226, 1000.000000000000000 ) ;
#3487 = VECTOR ( 'NONE', #4274, 1000.000000000000000 ) ;
#3488 = DIRECTION ( 'NONE',  ( -0.000000000000000000, -1.000000000000000000, -0.000000000000000000 ) ) ;
#3489 = VERTEX_POINT ( 'NONE', #5743 ) ;
#3490 = ORIENTED_EDGE ( 'NONE', *, *, #5685, .T. ) ;
#3491 = CARTESIAN_POINT ( 'NONE',  ( -33.00255571982732050, 10.00000000000000000, -12.00000000000000355 ) ) ;
#3492 = EDGE_CURVE ( 'NONE', #5100, #6657, #1050, .T. ) ;
#3493 = LINE ( 'NONE', #1942, #2262 ) ;
#3494 = VERTEX_POINT ( 'NONE', #1490 ) ;
#3495 = AXIS2_PLACEMENT_3D ( 'NONE', #1165, #6289, #4666 ) ;
#3496 = ORIENTED_EDGE ( 'NONE', *, *, #6223, .T. ) ;
#3497 = AXIS2_PLACEMENT_3D ( 'NONE', #3508, #2530, #5567 ) ;
#3498 = LINE ( 'NONE', #3986, #1003 ) ;
#3499 = CONICAL_SURFACE ( 'NONE', #9, 1.500000000000001332, 0.7853981633974712606 ) ;
#3500 = CARTESIAN_POINT ( 'NONE',  ( 34.99744428017269371, 0.4999999999999466538, 70.50000000000000000 ) ) ;
#3501 = CARTESIAN_POINT ( 'NONE',  ( 1.797444280172686204, 7.000000000000000000, -40.50000000000000000 ) ) ;
#3502 = ORIENTED_EDGE ( 'NONE', *, *, #6460, .T. ) ;
#3503 = EDGE_CURVE ( 'NONE', #2099, #2397, #1090, .T. ) ;
#3504 = AXIS2_PLACEMENT_3D ( 'NONE', #1585, #914, #461 ) ;
#3505 = AXIS2_PLACEMENT_3D ( 'NONE', #2428, #3937, #6615 ) ;
#3506 = LINE ( 'NONE', #4549, #2564 ) ;
#3507 = CARTESIAN_POINT ( 'NONE',  ( -38.50255571982732761, 0.000000000000000000, 13.50000000000000178 ) ) ;
#3508 = CARTESIAN_POINT ( 'NONE',  ( 26.99744428017269016, 0.000000000000000000, 54.99999999999998579 ) ) ;
#3509 = DIRECTION ( 'NONE',  ( -0.000000000000000000, -0.000000000000000000, 1.000000000000000000 ) ) ;
#3510 = FACE_BOUND ( 'NONE', #6160, .T. ) ;
#3511 = DIRECTION ( 'NONE',  ( 1.000000000000000000, -0.000000000000000000, 0.000000000000000000 ) ) ;
#3512 = AXIS2_PLACEMENT_3D ( 'NONE', #1132, #3307, #2233 ) ;
#3513 = ORIENTED_EDGE ( 'NONE', *, *, #3135, .F. ) ;
#3514 = LINE ( 'NONE', #5057, #6635 ) ;
#3515 = FACE_OUTER_BOUND ( 'NONE', #282, .T. ) ;
#3516 = CIRCLE ( 'NONE', #569, 2.000000000000001776 ) ;
#3517 = FACE_OUTER_BOUND ( 'NONE', #4461, .T. ) ;
#3518 = EDGE_LOOP ( 'NONE', ( #4697, #5076 ) ) ;
#3519 = ORIENTED_EDGE ( 'NONE', *, *, #1561, .T. ) ;
#3520 = EDGE_CURVE ( 'NONE', #5056, #3759, #3092, .T. ) ;
#3521 = ADVANCED_FACE ( 'NONE', ( #65 ), #2537, .F. ) ;
#3522 = CARTESIAN_POINT ( 'NONE',  ( 80.24744428017270081, -4.816681727819437597, 47.00000000000001421 ) ) ;
#3523 = LINE ( 'NONE', #4533, #1494 ) ;
#3524 = DIRECTION ( 'NONE',  ( 0.000000000000000000, 1.000000000000000000, 0.000000000000000000 ) ) ;
#3525 = ADVANCED_FACE ( 'NONE', ( #2067 ), #4622, .T. ) ;
#3526 = VERTEX_POINT ( 'NONE', #4110 ) ;
#3527 = ORIENTED_EDGE ( 'NONE', *, *, #3406, .T. ) ;
#3528 = CYLINDRICAL_SURFACE ( 'NONE', #3240, 3.250000000000002665 ) ;
#3529 = DIRECTION ( 'NONE',  ( 0.000000000000000000, 0.000000000000000000, -1.000000000000000000 ) ) ;
#3530 = CARTESIAN_POINT ( 'NONE',  ( 34.99744428017269371, 0.4999999999999466538, 72.00000000000001421 ) ) ;
#3531 = ORIENTED_EDGE ( 'NONE', *, *, #799, .T. ) ;
#3532 = DIRECTION ( 'NONE',  ( 0.000000000000000000, 0.000000000000000000, -1.000000000000000000 ) ) ;
#3533 = EDGE_CURVE ( 'NONE', #3303, #5996, #1515, .T. ) ;
#3534 = CARTESIAN_POINT ( 'NONE',  ( 36.99744428017269371, 4.000000000000000000, 35.00000000000002132 ) ) ;
#3535 = DIRECTION ( 'NONE',  ( 0.000000000000000000, 0.000000000000000000, 1.000000000000000000 ) ) ;
#3536 = LINE ( 'NONE', #5596, #1227 ) ;
#3537 = DIRECTION ( 'NONE',  ( -1.000000000000000000, -0.000000000000000000, -2.775557561562891351E-16 ) ) ;
#3538 = DIRECTION ( 'NONE',  ( 0.000000000000000000, 1.000000000000000000, 0.000000000000000000 ) ) ;
#3539 = CARTESIAN_POINT ( 'NONE',  ( -37.50255571982732761, 5.000000000000000000, 18.74999999999999289 ) ) ;
#3540 = EDGE_LOOP ( 'NONE', ( #4288, #5315, #6254, #816 ) ) ;
#3541 = DIRECTION ( 'NONE',  ( 0.000000000000000000, 0.000000000000000000, 1.000000000000000000 ) ) ;
#3542 = DIRECTION ( 'NONE',  ( 0.000000000000000000, 0.000000000000000000, 1.000000000000000000 ) ) ;
#3543 = EDGE_CURVE ( 'NONE', #354, #336, #3642, .T. ) ;
#3544 = CARTESIAN_POINT ( 'NONE',  ( -58.50255571982733471, 0.000000000000000000, -14.50000000000000178 ) ) ;
#3545 = LINE ( 'NONE', #1931, #1962 ) ;
#3546 = EDGE_CURVE ( 'NONE', #3303, #4672, #3164, .T. ) ;
#3547 = VERTEX_POINT ( 'NONE', #3709 ) ;
#3548 = DIRECTION ( 'NONE',  ( 0.000000000000000000, -1.000000000000000000, -0.000000000000000000 ) ) ;
#3549 = ORIENTED_EDGE ( 'NONE', *, *, #476, .F. ) ;
#3550 = DIRECTION ( 'NONE',  ( -0.000000000000000000, 1.000000000000000000, -0.000000000000000000 ) ) ;
#3551 = DIRECTION ( 'NONE',  ( 0.000000000000000000, 0.000000000000000000, -1.000000000000000000 ) ) ;
#3552 = ADVANCED_FACE ( 'NONE', ( #3743 ), #1693, .T. ) ;
#3553 = ORIENTED_EDGE ( 'NONE', *, *, #1020, .T. ) ;
#3554 = VECTOR ( 'NONE', #4714, 1000.000000000000000 ) ;
#3555 = AXIS2_PLACEMENT_3D ( 'NONE', #616, #2692, #2660 ) ;
#3556 = ORIENTED_EDGE ( 'NONE', *, *, #1020, .F. ) ;
#3557 = ORIENTED_EDGE ( 'NONE', *, *, #3610, .T. ) ;
#3558 = LINE ( 'NONE', #454, #3457 ) ;
#3559 = CARTESIAN_POINT ( 'NONE',  ( 83.99744428017270081, -10.00000000000000000, 35.00000000000001421 ) ) ;
#3560 = CARTESIAN_POINT ( 'NONE',  ( -68.50255571982732761, 10.00000000000000000, 13.50000000000000178 ) ) ;
#3561 = ORIENTED_EDGE ( 'NONE', *, *, #4768, .T. ) ;
#3562 = AXIS2_PLACEMENT_3D ( 'NONE', #1039, #3111, #2014 ) ;
#3563 = EDGE_CURVE ( 'NONE', #4631, #1872, #1666, .T. ) ;
#3564 = VECTOR ( 'NONE', #6167, 1000.000000000000000 ) ;
#3565 = AXIS2_PLACEMENT_3D ( 'NONE', #2680, #4632, #4573 ) ;
#3566 = DIRECTION ( 'NONE',  ( 0.000000000000000000, 0.000000000000000000, -1.000000000000000000 ) ) ;
#3567 = CIRCLE ( 'NONE', #1177, 2.500000000000002220 ) ;
#3568 = CARTESIAN_POINT ( 'NONE',  ( 79.99744428017268660, 0.5000000000000368594, -72.00000000000001421 ) ) ;
#3569 = DIRECTION ( 'NONE',  ( 0.000000000000000000, 1.000000000000000000, 0.000000000000000000 ) ) ;
#3570 = CARTESIAN_POINT ( 'NONE',  ( -29.50255571982732761, 4.999999999999999112, 17.07401816951053419 ) ) ;
#3571 = CARTESIAN_POINT ( 'NONE',  ( 0.000000000000000000, 0.000000000000000000, 27.99999999999999289 ) ) ;
#3572 = ORIENTED_EDGE ( 'NONE', *, *, #5026, .F. ) ;
#3573 = DIRECTION ( 'NONE',  ( 0.000000000000000000, 0.000000000000000000, 1.000000000000000000 ) ) ;
#3574 = EDGE_CURVE ( 'NONE', #5601, #6263, #5807, .T. ) ;
#3575 = VECTOR ( 'NONE', #5121, 1000.000000000000000 ) ;
#3576 = CIRCLE ( 'NONE', #630, 3.499999999999999556 ) ;
#3577 = CYLINDRICAL_SURFACE ( 'NONE', #4230, 2.000000000000001776 ) ;
#3578 = DIRECTION ( 'NONE',  ( 0.000000000000000000, 0.000000000000000000, -1.000000000000000000 ) ) ;
#3579 = VECTOR ( 'NONE', #5456, 1000.000000000000000 ) ;
#3580 = EDGE_LOOP ( 'NONE', ( #1292, #4186, #2757, #2473 ) ) ;
#3581 = CARTESIAN_POINT ( 'NONE',  ( -68.50255571982732761, 5.000000000000000000, 20.99999999999999645 ) ) ;
#3582 = ORIENTED_EDGE ( 'NONE', *, *, #1566, .F. ) ;
#3583 = ORIENTED_EDGE ( 'NONE', *, *, #4921, .F. ) ;
#3584 = DIRECTION ( 'NONE',  ( 0.000000000000000000, 1.000000000000000000, -0.000000000000000000 ) ) ;
#3585 = ORIENTED_EDGE ( 'NONE', *, *, #4982, .F. ) ;
#3586 = DIRECTION ( 'NONE',  ( -0.000000000000000000, 1.000000000000000000, -0.000000000000000000 ) ) ;
#3587 =( BOUNDED_CURVE ( )  B_SPLINE_CURVE ( 3, ( #5377, #726, #2798, #4879 ),
 .UNSPECIFIED., .F., .F. ) 
 B_SPLINE_CURVE_WITH_KNOTS ( ( 4, 4 ),
 ( 1.570796326794896558, 3.141592653589793116 ),
 .UNSPECIFIED. ) 
 CURVE ( )  GEOMETRIC_REPRESENTATION_ITEM ( )  RATIONAL_B_SPLINE_CURVE ( ( 1.000000000000000000, 0.8047378541243649375, 0.8047378541243649375, 1.000000000000000000 ) ) 
 REPRESENTATION_ITEM ( '' )  );
#3588 = DIRECTION ( 'NONE',  ( -1.000000000000000000, -0.000000000000000000, 2.775557561562891351E-16 ) ) ;
#3589 = ORIENTED_EDGE ( 'NONE', *, *, #2848, .F. ) ;
#3590 = VECTOR ( 'NONE', #4785, 1000.000000000000000 ) ;
#3591 = ORIENTED_EDGE ( 'NONE', *, *, #6590, .F. ) ;
#3592 = VERTEX_POINT ( 'NONE', #3301 ) ;
#3593 = PLANE ( 'NONE',  #4646 ) ;
#3594 = FACE_OUTER_BOUND ( 'NONE', #170, .T. ) ;
#3595 = DIRECTION ( 'NONE',  ( 0.000000000000000000, 0.000000000000000000, 1.000000000000000000 ) ) ;
#3596 = EDGE_LOOP ( 'NONE', ( #6162, #1715, #2135, #4213 ) ) ;
#3597 = CIRCLE ( 'NONE', #3277, 1.499999999999994449 ) ;
#3598 = EDGE_CURVE ( 'NONE', #3489, #3287, #738, .T. ) ;
#3599 = AXIS2_PLACEMENT_3D ( 'NONE', #1339, #5888, #4866 ) ;
#3600 = EDGE_CURVE ( 'NONE', #5154, #1733, #1759, .T. ) ;
#3601 = DIRECTION ( 'NONE',  ( 0.000000000000000000, 1.000000000000000000, 0.000000000000000000 ) ) ;
#3602 = DIRECTION ( 'NONE',  ( 0.000000000000000000, 0.000000000000000000, 1.000000000000000000 ) ) ;
#3603 = DIRECTION ( 'NONE',  ( 0.000000000000000000, 0.000000000000000000, 1.000000000000000000 ) ) ;
#3604 = CARTESIAN_POINT ( 'NONE',  ( -34.50255571982732761, 10.00000000000000000, 24.92598183048944449 ) ) ;
#3605 = LINE ( 'NONE', #5674, #4531 ) ;
#3606 = DIRECTION ( 'NONE',  ( -1.000000000000000000, -0.000000000000000000, -2.775557561562891351E-16 ) ) ;
#3607 = EDGE_LOOP ( 'NONE', ( #712, #6196, #4645, #2387 ) ) ;
#3608 = DIRECTION ( 'NONE',  ( 0.000000000000000000, 1.000000000000000000, 0.000000000000000000 ) ) ;
#3609 = VECTOR ( 'NONE', #1922, 1000.000000000000114 ) ;
#3610 = EDGE_CURVE ( 'NONE', #5135, #1463, #4309, .T. ) ;
#3611 = CARTESIAN_POINT ( 'NONE',  ( 79.99744428017268660, 0.5000000000000368594, 72.00000000000001421 ) ) ;
#3612 = VECTOR ( 'NONE', #3411, 1000.000000000000000 ) ;
#3613 = AXIS2_PLACEMENT_3D ( 'NONE', #763, #5046, #5021 ) ;
#3614 = CARTESIAN_POINT ( 'NONE',  ( -34.50255571982732761, 1.600000000000002975, 19.03700908475525821 ) ) ;
#3615 = ORIENTED_EDGE ( 'NONE', *, *, #4990, .T. ) ;
#3616 = CARTESIAN_POINT ( 'NONE',  ( 26.99744428017269016, 10.00000000000000000, 56.49999999999998579 ) ) ;
#3617 = EDGE_LOOP ( 'NONE', ( #1998, #4627, #2070, #2269 ) ) ;
#3618 = CIRCLE ( 'NONE', #3401, 1.999999999999994893 ) ;
#3619 = CARTESIAN_POINT ( 'NONE',  ( 0.000000000000000000, 10.00000000000000000, 25.99999999999999645 ) ) ;
#3620 = VERTEX_POINT ( 'NONE', #3199 ) ;
#3621 = ORIENTED_EDGE ( 'NONE', *, *, #486, .T. ) ;
#3622 = PLANE ( 'NONE',  #403 ) ;
#3623 = DIRECTION ( 'NONE',  ( 0.000000000000000000, -1.000000000000000000, 0.000000000000000000 ) ) ;
#3624 = ORIENTED_EDGE ( 'NONE', *, *, #6497, .T. ) ;
#3625 = ADVANCED_FACE ( 'NONE', ( #3835 ), #5967, .F. ) ;
#3626 = CARTESIAN_POINT ( 'NONE',  ( 37.01215016252572099, 7.000000000000000000, -75.00000000000000000 ) ) ;
#3627 = ORIENTED_EDGE ( 'NONE', *, *, #224, .F. ) ;
#3628 = ORIENTED_EDGE ( 'NONE', *, *, #4825, .T. ) ;
#3629 = CARTESIAN_POINT ( 'NONE',  ( 1.797444280172685982, 7.000000000000000000, -45.00000000000000000 ) ) ;
#3630 = DIRECTION ( 'NONE',  ( 0.000000000000000000, 1.000000000000000000, 0.000000000000000000 ) ) ;
#3631 = EDGE_CURVE ( 'NONE', #3494, #6448, #5357, .T. ) ;
#3632 = CARTESIAN_POINT ( 'NONE',  ( -57.50255571982733471, 0.000000000000000000, 14.50000000000000178 ) ) ;
#3633 = ORIENTED_EDGE ( 'NONE', *, *, #1311, .F. ) ;
#3634 = DIRECTION ( 'NONE',  ( 0.000000000000000000, 0.000000000000000000, 1.000000000000000000 ) ) ;
#3635 = PLANE ( 'NONE',  #5312 ) ;
#3636 = DIRECTION ( 'NONE',  ( -0.000000000000000000, -1.000000000000000000, -0.000000000000000000 ) ) ;
#3637 = LINE ( 'NONE', #6311, #5018 ) ;
#3638 = CARTESIAN_POINT ( 'NONE',  ( 0.000000000000000000, 10.00000000000000000, -24.92598183048944449 ) ) ;
#3639 = FACE_BOUND ( 'NONE', #1823, .T. ) ;
#3640 = ORIENTED_EDGE ( 'NONE', *, *, #6364, .F. ) ;
#3641 = EDGE_CURVE ( 'NONE', #606, #3079, #3804, .T. ) ;
#3642 = LINE ( 'NONE', #2102, #2479 ) ;
#3643 = LINE ( 'NONE', #3675, #659 ) ;
#3644 = ORIENTED_EDGE ( 'NONE', *, *, #4726, .T. ) ;
#3645 = CARTESIAN_POINT ( 'NONE',  ( 80.24744428017270081, -4.816681727819437597, 35.00000000000001421 ) ) ;
#3646 = EDGE_CURVE ( 'NONE', #6529, #5160, #3039, .T. ) ;
#3647 = ORIENTED_EDGE ( 'NONE', *, *, #3419, .T. ) ;
#3648 = ADVANCED_FACE ( 'NONE', ( #1254 ), #4759, .T. ) ;
#3649 = CARTESIAN_POINT ( 'NONE',  ( -68.50255571982732761, 0.000000000000000000, 13.50000000000000178 ) ) ;
#3650 = ORIENTED_EDGE ( 'NONE', *, *, #1355, .T. ) ;
#3651 = ORIENTED_EDGE ( 'NONE', *, *, #846, .F. ) ;
#3652 = DIRECTION ( 'NONE',  ( 0.000000000000000000, 1.000000000000000000, 0.000000000000000000 ) ) ;
#3653 = ADVANCED_FACE ( 'NONE', ( #4791 ), #2260, .T. ) ;
#3654 = ORIENTED_EDGE ( 'NONE', *, *, #2715, .T. ) ;
#3655 = CYLINDRICAL_SURFACE ( 'NONE', #4636, 1.000000000000000888 ) ;
#3656 = CARTESIAN_POINT ( 'NONE',  ( -76.00255571982731340, 10.00000000000000000, 27.99999999999999289 ) ) ;
#3657 = EDGE_LOOP ( 'NONE', ( #995, #1133, #3021, #37, #6039, #798, #2666, #4504, #3882, #2312 ) ) ;
#3658 = ORIENTED_EDGE ( 'NONE', *, *, #5252, .T. ) ;
#3659 = CARTESIAN_POINT ( 'NONE',  ( 51.99744428017267950, 10.00000000000000000, -17.99999999999999645 ) ) ;
#3660 = CARTESIAN_POINT ( 'NONE',  ( -29.50255571982732761, 1.600000000000002975, 19.03700908475525821 ) ) ;
#3661 = ORIENTED_EDGE ( 'NONE', *, *, #6649, .F. ) ;
#3662 = VECTOR ( 'NONE', #4707, 1000.000000000000000 ) ;
#3663 = CARTESIAN_POINT ( 'NONE',  ( 0.000000000000000000, 10.00000000000000000, 24.92598183048944449 ) ) ;
#3664 = ORIENTED_EDGE ( 'NONE', *, *, #3946, .F. ) ;
#3665 = DIRECTION ( 'NONE',  ( 0.000000000000000000, 0.000000000000000000, 1.000000000000000000 ) ) ;
#3666 = LINE ( 'NONE', #3053, #333 ) ;
#3667 = CIRCLE ( 'NONE', #838, 1.750000000000001554 ) ;
#3668 = LINE ( 'NONE', #489, #2398 ) ;
#3669 = AXIS2_PLACEMENT_3D ( 'NONE', #6262, #1451, #2457 ) ;
#3670 = CARTESIAN_POINT ( 'NONE',  ( 32.99744428017268660, 10.00000000000000000, -75.00000000000000000 ) ) ;
#3671 = ORIENTED_EDGE ( 'NONE', *, *, #709, .T. ) ;
#3672 = CIRCLE ( 'NONE', #293, 2.000000000000005329 ) ;
#3673 = AXIS2_PLACEMENT_3D ( 'NONE', #102, #6352, #675 ) ;
#3674 = CARTESIAN_POINT ( 'NONE',  ( 76.99744428017268660, 0.000000000000000000, -54.99999999999999289 ) ) ;
#3675 = CARTESIAN_POINT ( 'NONE',  ( -74.00255571982731340, 5.000000000000000000, 24.50000000000000000 ) ) ;
#3676 = ORIENTED_EDGE ( 'NONE', *, *, #5458, .F. ) ;
#3677 = CARTESIAN_POINT ( 'NONE',  ( 1.797444280172685982, 10.00000000000000000, -37.00000000000000000 ) ) ;
#3678 = VECTOR ( 'NONE', #1731, 1000.000000000000000 ) ;
#3679 = CIRCLE ( 'NONE', #625, 2.750000000000002665 ) ;
#3680 = ORIENTED_EDGE ( 'NONE', *, *, #6124, .T. ) ;
#3681 = AXIS2_PLACEMENT_3D ( 'NONE', #5697, #1041, #5175 ) ;
#3682 = EDGE_CURVE ( 'NONE', #967, #2541, #4378, .T. ) ;
#3683 = DIRECTION ( 'NONE',  ( 0.000000000000000000, 0.000000000000000000, -1.000000000000000000 ) ) ;
#3684 = EDGE_LOOP ( 'NONE', ( #5852, #1773 ) ) ;
#3685 = ADVANCED_FACE ( 'NONE', ( #2167 ), #701, .F. ) ;
#3686 = ORIENTED_EDGE ( 'NONE', *, *, #5958, .F. ) ;
#3687 = VERTEX_POINT ( 'NONE', #1156 ) ;
#3688 = DIRECTION ( 'NONE',  ( 0.000000000000000000, -1.000000000000000000, 0.000000000000000000 ) ) ;
#3689 = CARTESIAN_POINT ( 'NONE',  ( 79.99744428017268660, 0.5000000000000368594, -73.50000000000001421 ) ) ;
#3690 = CIRCLE ( 'NONE', #6716, 1.499999999999994449 ) ;
#3691 = VERTEX_POINT ( 'NONE', #2199 ) ;
#3692 = ADVANCED_FACE ( 'NONE', ( #4281 ), #5256, .F. ) ;
#3693 = EDGE_LOOP ( 'NONE', ( #3640, #1229, #5302, #4833 ) ) ;
#3694 = CARTESIAN_POINT ( 'NONE',  ( 79.99744428017268660, 0.5000000000000368594, -72.00000000000001421 ) ) ;
#3695 = CARTESIAN_POINT ( 'NONE',  ( 129.9974442801726866, 0.000000000000000000, 32.75000000000000711 ) ) ;
#3696 = ORIENTED_EDGE ( 'NONE', *, *, #5339, .F. ) ;
#3697 = VECTOR ( 'NONE', #183, 1000.000000000000000 ) ;
#3698 = DIRECTION ( 'NONE',  ( 1.000000000000000000, 0.000000000000000000, 0.000000000000000000 ) ) ;
#3699 = EDGE_LOOP ( 'NONE', ( #3651, #5615, #6215, #6355, #1024, #4360, #1367, #2185, #1141, #1056 ) ) ;
#3700 = CARTESIAN_POINT ( 'NONE',  ( -76.00255571982731340, 0.000000000000000000, 25.99999999999999645 ) ) ;
#3701 = DIRECTION ( 'NONE',  ( 0.000000000000000000, 1.000000000000000000, 0.000000000000000000 ) ) ;
#3702 = CARTESIAN_POINT ( 'NONE',  ( 36.99744428017270081, -3.000000000000000000, 32.00000000000001421 ) ) ;
#3703 = DIRECTION ( 'NONE',  ( 0.7831866393703775797, 0.000000000000000000, 0.6217866900406714414 ) ) ;
#3704 = DIRECTION ( 'NONE',  ( 0.000000000000000000, -0.000000000000000000, -1.000000000000000000 ) ) ;
#3705 = CARTESIAN_POINT ( 'NONE',  ( 1.797444280172685982, 0.4999999999999483746, -39.00000000000000711 ) ) ;
#3706 = VERTEX_POINT ( 'NONE', #6349 ) ;
#3707 = ADVANCED_FACE ( 'NONE', ( #5839 ), #1190, .F. ) ;
#3708 = CONICAL_SURFACE ( 'NONE', #2720, 2.500000000000002220, 0.7853981633974275178 ) ;
#3709 = CARTESIAN_POINT ( 'NONE',  ( -29.50255571982732761, 10.00000000000000000, -24.92598183048944449 ) ) ;
#3710 = CARTESIAN_POINT ( 'NONE',  ( -73.00255571982731340, 0.5000000000000268674, 8.000000000000001776 ) ) ;
#3711 = ORIENTED_EDGE ( 'NONE', *, *, #918, .T. ) ;
#3712 = AXIS2_PLACEMENT_3D ( 'NONE', #2023, #5637, #6679 ) ;
#3713 = ORIENTED_EDGE ( 'NONE', *, *, #1855, .T. ) ;
#3714 = CARTESIAN_POINT ( 'NONE',  ( -47.50255571982733471, 0.000000000000000000, 13.50000000000000178 ) ) ;
#3715 = AXIS2_PLACEMENT_3D ( 'NONE', #3443, #2924, #5001 ) ;
#3716 = ORIENTED_EDGE ( 'NONE', *, *, #2976, .T. ) ;
#3717 = AXIS2_PLACEMENT_3D ( 'NONE', #3942, #845, #2920 ) ;
#3718 = VECTOR ( 'NONE', #3269, 1000.000000000000000 ) ;
#3719 = DIRECTION ( 'NONE',  ( -0.000000000000000000, -1.000000000000000000, -0.000000000000000000 ) ) ;
#3720 = ORIENTED_EDGE ( 'NONE', *, *, #5646, .F. ) ;
#3721 = VERTEX_POINT ( 'NONE', #4992 ) ;
#3722 = CIRCLE ( 'NONE', #6325, 2.000000000000005329 ) ;
#3723 = ADVANCED_FACE ( 'NONE', ( #4485 ), #3966, .F. ) ;
#3724 = ORIENTED_EDGE ( 'NONE', *, *, #3725, .F. ) ;
#3725 = EDGE_CURVE ( 'NONE', #3526, #3817, #4341, .T. ) ;
#3726 = DIRECTION ( 'NONE',  ( 0.000000000000000000, -1.000000000000000000, 0.000000000000000000 ) ) ;
#3727 = VECTOR ( 'NONE', #4486, 1000.000000000000000 ) ;
#3728 = CYLINDRICAL_SURFACE ( 'NONE', #5721, 2.249999999999998668 ) ;
#3729 = ORIENTED_EDGE ( 'NONE', *, *, #3461, .F. ) ;
#3730 = ORIENTED_EDGE ( 'NONE', *, *, #2519, .F. ) ;
#3731 = CARTESIAN_POINT ( 'NONE',  ( 1.797444280172685982, 0.000000000000000000, 46.99999999999997158 ) ) ;
#3732 = CARTESIAN_POINT ( 'NONE',  ( 26.99744428017269016, 10.00000000000000000, -53.49999999999998579 ) ) ;
#3733 = DIRECTION ( 'NONE',  ( 0.000000000000000000, 0.000000000000000000, -1.000000000000000000 ) ) ;
#3734 = EDGE_CURVE ( 'NONE', #1196, #5753, #1383, .T. ) ;
#3735 = CARTESIAN_POINT ( 'NONE',  ( 1.997444280172694153, 7.000000000000000000, 75.00000000000001421 ) ) ;
#3736 = VERTEX_POINT ( 'NONE', #5460 ) ;
#3737 = CARTESIAN_POINT ( 'NONE',  ( -47.50255571982733471, 0.000000000000000000, -14.50000000000000178 ) ) ;
#3738 = LINE ( 'NONE', #5380, #4150 ) ;
#3739 = CARTESIAN_POINT ( 'NONE',  ( -29.50255571982732761, 4.999999999999999112, -17.07401816951053419 ) ) ;
#3740 = CARTESIAN_POINT ( 'NONE',  ( 82.30513658786505005, 10.00000000000000000, -74.28846153846150457 ) ) ;
#3741 = ORIENTED_EDGE ( 'NONE', *, *, #1692, .F. ) ;
#3742 = ADVANCED_FACE ( 'NONE', ( #770 ), #4999, .F. ) ;
#3743 = FACE_OUTER_BOUND ( 'NONE', #3955, .T. ) ;
#3744 = CARTESIAN_POINT ( 'NONE',  ( 33.99744428017270081, -10.00000000000000000, 47.00000000000001421 ) ) ;
#3745 = LINE ( 'NONE', #4859, #504 ) ;
#3746 = CARTESIAN_POINT ( 'NONE',  ( -34.50255571982732761, 10.00000000000000000, 0.000000000000000000 ) ) ;
#3747 = ORIENTED_EDGE ( 'NONE', *, *, #2296, .F. ) ;
#3748 = CARTESIAN_POINT ( 'NONE',  ( -48.50255571982733471, 10.00000000000000000, -13.50000000000000178 ) ) ;
#3749 = ORIENTED_EDGE ( 'NONE', *, *, #5965, .T. ) ;
#3750 = FACE_OUTER_BOUND ( 'NONE', #5128, .T. ) ;
#3751 = ORIENTED_EDGE ( 'NONE', *, *, #3725, .T. ) ;
#3752 = VERTEX_POINT ( 'NONE', #3507 ) ;
#3753 = ORIENTED_EDGE ( 'NONE', *, *, #5559, .T. ) ;
#3754 = CARTESIAN_POINT ( 'NONE',  ( 34.74744428017270081, -4.816681727819437597, 47.00000000000001421 ) ) ;
#3755 = DIRECTION ( 'NONE',  ( 0.000000000000000000, 0.000000000000000000, 1.000000000000000000 ) ) ;
#3756 = DIRECTION ( 'NONE',  ( -0.000000000000000000, -0.000000000000000000, 1.000000000000000000 ) ) ;
#3757 = FACE_OUTER_BOUND ( 'NONE', #5960, .T. ) ;
#3758 = FACE_BOUND ( 'NONE', #5241, .T. ) ;
#3759 = VERTEX_POINT ( 'NONE', #4513 ) ;
#3760 = ADVANCED_FACE ( 'NONE', ( #1356 ), #6083, .F. ) ;
#3761 = DIRECTION ( 'NONE',  ( 0.000000000000000000, 0.000000000000000000, -1.000000000000000000 ) ) ;
#3762 = FACE_OUTER_BOUND ( 'NONE', #117, .T. ) ;
#3763 = ADVANCED_FACE ( 'NONE', ( #2978 ), #2400, .F. ) ;
#3764 = DIRECTION ( 'NONE',  ( 8.659560562355135004E-17, -0.7071067811865311414, 0.7071067811865640040 ) ) ;
#3765 = DIRECTION ( 'NONE',  ( -0.000000000000000000, 1.000000000000000000, -0.000000000000000000 ) ) ;
#3766 = ORIENTED_EDGE ( 'NONE', *, *, #3543, .F. ) ;
#3767 = VECTOR ( 'NONE', #2157, 1000.000000000000000 ) ;
#3768 = DIRECTION ( 'NONE',  ( -0.000000000000000000, -1.000000000000000000, -0.000000000000000000 ) ) ;
#3769 = CIRCLE ( 'NONE', #3871, 3.250000000000002665 ) ;
#3770 = DIRECTION ( 'NONE',  ( 0.000000000000000000, 0.000000000000000000, -1.000000000000000000 ) ) ;
#3771 = ORIENTED_EDGE ( 'NONE', *, *, #5838, .F. ) ;
#3772 = ADVANCED_FACE ( 'NONE', ( #2875 ), #1290, .F. ) ;
#3773 = DIRECTION ( 'NONE',  ( 0.000000000000000000, 0.000000000000000000, -1.000000000000000000 ) ) ;
#3774 = DIRECTION ( 'NONE',  ( 0.000000000000000000, -1.000000000000000000, 0.000000000000000000 ) ) ;
#3775 = ORIENTED_EDGE ( 'NONE', *, *, #5211, .F. ) ;
#3776 = EDGE_LOOP ( 'NONE', ( #2412, #2693 ) ) ;
#3777 = AXIS2_PLACEMENT_3D ( 'NONE', #1277, #5826, #1178 ) ;
#3778 = CIRCLE ( 'NONE', #2351, 3.250000000000002665 ) ;
#3779 = DIRECTION ( 'NONE',  ( 0.000000000000000000, 0.000000000000000000, 1.000000000000000000 ) ) ;
#3780 = CIRCLE ( 'NONE', #5396, 1.500000000000001332 ) ;
#3781 = ORIENTED_EDGE ( 'NONE', *, *, #592, .F. ) ;
#3782 = VECTOR ( 'NONE', #6296, 1000.000000000000000 ) ;
#3783 = CARTESIAN_POINT ( 'NONE',  ( 1.797444280172685982, 0.4999999999999483746, -46.50000000000000000 ) ) ;
#3784 = ORIENTED_EDGE ( 'NONE', *, *, #3503, .F. ) ;
#3785 = EDGE_CURVE ( 'NONE', #4524, #610, #4446, .T. ) ;
#3786 = ORIENTED_EDGE ( 'NONE', *, *, #6692, .F. ) ;
#3787 = ORIENTED_EDGE ( 'NONE', *, *, #2218, .F. ) ;
#3788 = DIRECTION ( 'NONE',  ( 1.000000000000000000, -0.000000000000000000, 0.000000000000000000 ) ) ;
#3789 = VECTOR ( 'NONE', #4612, 1000.000000000000000 ) ;
#3790 = CARTESIAN_POINT ( 'NONE',  ( -73.00255571982731340, 0.000000000000000000, -10.00000000000000178 ) ) ;
#3791 = PLANE ( 'NONE',  #1827 ) ;
#3792 = LINE ( 'NONE', #2284, #6373 ) ;
#3793 = CIRCLE ( 'NONE', #6181, 2.500000000000002220 ) ;
#3794 = EDGE_LOOP ( 'NONE', ( #5139, #5761, #5821, #6096 ) ) ;
#3795 = CARTESIAN_POINT ( 'NONE',  ( 86.99744428017270081, 10.00000000000000000, 34.75000000000001421 ) ) ;
#3796 = CARTESIAN_POINT ( 'NONE',  ( 1.797444280172685982, 7.000000000000000000, 37.00000000000000000 ) ) ;
#3797 = LINE ( 'NONE', #2671, #1749 ) ;
#3798 = DIRECTION ( 'NONE',  ( 0.000000000000000000, 0.000000000000000000, -1.000000000000000000 ) ) ;
#3799 = ORIENTED_EDGE ( 'NONE', *, *, #5161, .T. ) ;
#3800 = AXIS2_PLACEMENT_3D ( 'NONE', #5034, #5604, #6084 ) ;
#3801 = ADVANCED_FACE ( 'NONE', ( #1821 ), #3993, .F. ) ;
#3802 = EDGE_CURVE ( 'NONE', #4625, #5805, #2482, .T. ) ;
#3803 = VECTOR ( 'NONE', #6477, 1000.000000000000000 ) ;
#3804 = LINE ( 'NONE', #2712, #2598 ) ;
#3805 = CARTESIAN_POINT ( 'NONE',  ( -55.50255571982733471, 8.000000000000000000, 27.99999999999999289 ) ) ;
#3806 = EDGE_LOOP ( 'NONE', ( #654, #4166, #69, #6012 ) ) ;
#3807 = DIRECTION ( 'NONE',  ( -0.000000000000000000, -1.000000000000000000, -0.000000000000000000 ) ) ;
#3808 = EDGE_LOOP ( 'NONE', ( #1271, #6151, #6045, #5393 ) ) ;
#3809 = LINE ( 'NONE', #6323, #4257 ) ;
#3810 = ORIENTED_EDGE ( 'NONE', *, *, #3943, .F. ) ;
#3811 = ADVANCED_FACE ( 'NONE', ( #5051 ), #285, .T. ) ;
#3812 = ADVANCED_FACE ( 'NONE', ( #2458 ), #4550, .F. ) ;
#3813 = AXIS2_PLACEMENT_3D ( 'NONE', #3094, #4729, #3128 ) ;
#3814 = CARTESIAN_POINT ( 'NONE',  ( 32.68975197248026632, 10.00000000000000000, -74.28846153846143352 ) ) ;
#3815 = EDGE_LOOP ( 'NONE', ( #240, #617 ) ) ;
#3816 = ORIENTED_EDGE ( 'NONE', *, *, #1354, .F. ) ;
#3817 = VERTEX_POINT ( 'NONE', #6515 ) ;
#3818 = AXIS2_PLACEMENT_3D ( 'NONE', #4654, #982, #5120 ) ;
#3819 = AXIS2_PLACEMENT_3D ( 'NONE', #841, #1888, #1822 ) ;
#3820 = EDGE_CURVE ( 'NONE', #5056, #5148, #2914, .T. ) ;
#3821 = DIRECTION ( 'NONE',  ( -0.000000000000000000, -1.000000000000000000, 0.000000000000000000 ) ) ;
#3822 = AXIS2_PLACEMENT_3D ( 'NONE', #3677, #2105, #4185 ) ;
#3823 = ORIENTED_EDGE ( 'NONE', *, *, #1354, .T. ) ;
#3824 = DIRECTION ( 'NONE',  ( 0.000000000000000000, 0.000000000000000000, 1.000000000000000000 ) ) ;
#3825 = CIRCLE ( 'NONE', #6318, 2.000000000000057288 ) ;
#3826 = CARTESIAN_POINT ( 'NONE',  ( 30.99744428017270081, -7.000000000000000000, 0.000000000000000000 ) ) ;
#3827 = DIRECTION ( 'NONE',  ( 0.000000000000000000, 1.000000000000000000, 0.000000000000000000 ) ) ;
#3828 = DIRECTION ( 'NONE',  ( -0.9246780984747275944, 0.000000000000000000, 0.3807498052542667155 ) ) ;
#3829 = VECTOR ( 'NONE', #3109, 1000.000000000000000 ) ;
#3830 = ORIENTED_EDGE ( 'NONE', *, *, #2407, .F. ) ;
#3831 = DIRECTION ( 'NONE',  ( 0.000000000000000000, 1.000000000000000000, 0.000000000000000000 ) ) ;
#3832 = LINE ( 'NONE', #4114, #6206 ) ;
#3833 = CARTESIAN_POINT ( 'NONE',  ( -55.50255571982733471, 2.000000000000000000, -27.99999999999999289 ) ) ;
#3834 = VERTEX_POINT ( 'NONE', #1856 ) ;
#3835 = FACE_OUTER_BOUND ( 'NONE', #3617, .T. ) ;
#3836 = CARTESIAN_POINT ( 'NONE',  ( 37.77629043401883990, 7.000000000000000000, 73.14423076923068834 ) ) ;
#3837 = VERTEX_POINT ( 'NONE', #6074 ) ;
#3838 = LINE ( 'NONE', #3235, #6478 ) ;
#3839 = CYLINDRICAL_SURFACE ( 'NONE', #3879, 1.500000000000001332 ) ;
#3840 = VERTEX_POINT ( 'NONE', #6613 ) ;
#3841 = EDGE_CURVE ( 'NONE', #2078, #5193, #4455, .T. ) ;
#3842 = ORIENTED_EDGE ( 'NONE', *, *, #2755, .T. ) ;
#3843 = CARTESIAN_POINT ( 'NONE',  ( 34.99744428017269371, 10.00000000000000000, -68.75000000000000000 ) ) ;
#3844 = DIRECTION ( 'NONE',  ( 0.000000000000000000, 0.000000000000000000, -1.000000000000000000 ) ) ;
#3845 = ORIENTED_EDGE ( 'NONE', *, *, #2694, .F. ) ;
#3846 = EDGE_LOOP ( 'NONE', ( #2236, #173, #1664, #3628 ) ) ;
#3847 = EDGE_CURVE ( 'NONE', #6659, #784, #4343, .T. ) ;
#3848 = ORIENTED_EDGE ( 'NONE', *, *, #5517, .F. ) ;
#3849 = VERTEX_POINT ( 'NONE', #4650 ) ;
#3850 = CARTESIAN_POINT ( 'NONE',  ( -28.00255571982732050, 5.000000000000000000, 23.24999999999998579 ) ) ;
#3851 = EDGE_CURVE ( 'NONE', #6411, #2287, #5149, .T. ) ;
#3852 = CARTESIAN_POINT ( 'NONE',  ( 86.99744428017268660, 10.00000000000000000, -75.00000000000000000 ) ) ;
#3853 = CARTESIAN_POINT ( 'NONE',  ( 1.797444280172685982, 10.00000000000000000, -42.24999999999999289 ) ) ;
#3854 = ORIENTED_EDGE ( 'NONE', *, *, #987, .F. ) ;
#3855 = DIRECTION ( 'NONE',  ( 0.000000000000000000, 0.000000000000000000, 1.000000000000000000 ) ) ;
#3856 = CARTESIAN_POINT ( 'NONE',  ( -57.50255571982734182, 4.336808689942017736E-16, 27.17157287525380838 ) ) ;
#3857 = CARTESIAN_POINT ( 'NONE',  ( -28.00255571982732050, 5.000000000000000000, 20.99999999999998579 ) ) ;
#3858 = CYLINDRICAL_SURFACE ( 'NONE', #5025, 3.250000000000002665 ) ;
#3859 = CARTESIAN_POINT ( 'NONE',  ( 79.99744428017268660, 0.5000000000000368594, 72.00000000000001421 ) ) ;
#3860 = ORIENTED_EDGE ( 'NONE', *, *, #2891, .F. ) ;
#3861 = DIRECTION ( 'NONE',  ( 0.000000000000000000, 0.000000000000000000, 1.000000000000000000 ) ) ;
#3862 = FACE_OUTER_BOUND ( 'NONE', #3314, .T. ) ;
#3863 = ORIENTED_EDGE ( 'NONE', *, *, #977, .T. ) ;
#3864 = LINE ( 'NONE', #6481, #4593 ) ;
#3865 = DIRECTION ( 'NONE',  ( 0.000000000000000000, 0.000000000000000000, -1.000000000000000000 ) ) ;
#3866 = EDGE_LOOP ( 'NONE', ( #1924, #2377, #1119, #574 ) ) ;
#3867 = DIRECTION ( 'NONE',  ( 0.000000000000000000, 0.000000000000000000, 1.000000000000000000 ) ) ;
#3868 = ORIENTED_EDGE ( 'NONE', *, *, #4941, .F. ) ;
#3869 = FACE_OUTER_BOUND ( 'NONE', #1671, .T. ) ;
#3870 = CIRCLE ( 'NONE', #611, 2.249999999999998668 ) ;
#3871 = AXIS2_PLACEMENT_3D ( 'NONE', #4974, #2866, #685 ) ;
#3872 = DIRECTION ( 'NONE',  ( -0.000000000000000000, -1.000000000000000000, -0.000000000000000000 ) ) ;
#3873 = ORIENTED_EDGE ( 'NONE', *, *, #5223, .T. ) ;
#3874 = ORIENTED_EDGE ( 'NONE', *, *, #2735, .T. ) ;
#3875 = VECTOR ( 'NONE', #4467, 1000.000000000000000 ) ;
#3876 = AXIS2_PLACEMENT_3D ( 'NONE', #1411, #5113, #1448 ) ;
#3877 = ORIENTED_EDGE ( 'NONE', *, *, #2455, .F. ) ;
#3878 = EDGE_CURVE ( 'NONE', #149, #562, #5216, .T. ) ;
#3879 = AXIS2_PLACEMENT_3D ( 'NONE', #4896, #776, #6353 ) ;
#3880 = EDGE_CURVE ( 'NONE', #2752, #3911, #6174, .T. ) ;
#3881 = ORIENTED_EDGE ( 'NONE', *, *, #2334, .T. ) ;
#3882 = ORIENTED_EDGE ( 'NONE', *, *, #5249, .F. ) ;
#3883 = CARTESIAN_POINT ( 'NONE',  ( 34.99744428017269371, 7.000000000000000000, -72.00000000000001421 ) ) ;
#3884 = CARTESIAN_POINT ( 'NONE',  ( 131.9974442801726866, 4.000000000000000000, -34.74999999999999289 ) ) ;
#3885 = DIRECTION ( 'NONE',  ( 0.000000000000000000, -1.000000000000000000, 0.000000000000000000 ) ) ;
#3886 = VECTOR ( 'NONE', #362, 1000.000000000000000 ) ;
#3887 = AXIS2_PLACEMENT_3D ( 'NONE', #5469, #811, #1300 ) ;
#3888 = EDGE_CURVE ( 'NONE', #2695, #2287, #4567, .T. ) ;
#3889 = APPLICATION_CONTEXT ( 'automotive_design' ) ;
#3890 = ADVANCED_FACE ( 'NONE', ( #3156, #5700 ), #1987, .F. ) ;
#3891 = DIRECTION ( 'NONE',  ( 1.000000000000000000, 0.000000000000000000, 0.000000000000000000 ) ) ;
#3892 = ORIENTED_EDGE ( 'NONE', *, *, #799, .F. ) ;
#3893 = FACE_OUTER_BOUND ( 'NONE', #2781, .T. ) ;
#3894 = CARTESIAN_POINT ( 'NONE',  ( 121.9974442801726866, 10.00000000000000000, -20.00000000000000000 ) ) ;
#3895 = DIRECTION ( 'NONE',  ( 0.000000000000000000, 1.000000000000000000, 0.000000000000000000 ) ) ;
#3896 = ORIENTED_EDGE ( 'NONE', *, *, #5797, .F. ) ;
#3897 = AXIS2_PLACEMENT_3D ( 'NONE', #5060, #886, #1930 ) ;
#3898 = CYLINDRICAL_SURFACE ( 'NONE', #4201, 1.499999999999994449 ) ;
#3899 = DIRECTION ( 'NONE',  ( 1.000000000000000000, 0.000000000000000000, 0.000000000000000000 ) ) ;
#3900 = LINE ( 'NONE', #5491, #3727 ) ;
#3901 = CARTESIAN_POINT ( 'NONE',  ( -78.00255571982731340, 10.00000000000000000, 25.99999999999999645 ) ) ;
#3902 = VECTOR ( 'NONE', #6414, 1000.000000000000000 ) ;
#3903 = ORIENTED_EDGE ( 'NONE', *, *, #1236, .T. ) ;
#3904 = DIRECTION ( 'NONE',  ( 0.000000000000000000, 0.000000000000000000, -1.000000000000000000 ) ) ;
#3905 = DIRECTION ( 'NONE',  ( 0.000000000000000000, -2.209286174613468511E-16, -1.000000000000000000 ) ) ;
#3906 = VERTEX_POINT ( 'NONE', #5633 ) ;
#3907 = CARTESIAN_POINT ( 'NONE',  ( -33.00255571982732050, 0.000000000000000000, 7.999999999999996447 ) ) ;
#3908 = EDGE_LOOP ( 'NONE', ( #1309, #6394, #8, #2205 ) ) ;
#3909 = DIRECTION ( 'NONE',  ( 0.000000000000000000, -1.000000000000000000, 0.000000000000000000 ) ) ;
#3910 = DIRECTION ( 'NONE',  ( 0.6217866900406715525, 0.000000000000000000, -0.7831866393703776907 ) ) ;
#3911 = VERTEX_POINT ( 'NONE', #6110 ) ;
#3912 = ORIENTED_EDGE ( 'NONE', *, *, #6159, .T. ) ;
#3913 = CIRCLE ( 'NONE', #3382, 1.500000000000001332 ) ;
#3914 = ORIENTED_EDGE ( 'NONE', *, *, #5365, .F. ) ;
#3915 = AXIS2_PLACEMENT_3D ( 'NONE', #2649, #5744, #3578 ) ;
#3916 = DIRECTION ( 'NONE',  ( 0.000000000000000000, 0.000000000000000000, 1.000000000000000000 ) ) ;
#3917 = ORIENTED_EDGE ( 'NONE', *, *, #190, .T. ) ;
#3918 = ORIENTED_EDGE ( 'NONE', *, *, #2941, .T. ) ;
#3919 = DIRECTION ( 'NONE',  ( -0.000000000000000000, -1.000000000000000000, -0.000000000000000000 ) ) ;
#3920 = FACE_OUTER_BOUND ( 'NONE', #4828, .T. ) ;
#3921 = EDGE_CURVE ( 'NONE', #5946, #4763, #1519, .T. ) ;
#3922 = CARTESIAN_POINT ( 'NONE',  ( -33.00255571982732050, 0.5000000000000204281, -10.00000000000000178 ) ) ;
#3923 = AXIS2_PLACEMENT_3D ( 'NONE', #1483, #1956, #3054 ) ;
#3924 = CIRCLE ( 'NONE', #234, 1.999999999999994893 ) ;
#3925 = ADVANCED_FACE ( 'NONE', ( #3085, #524 ), #4720, .T. ) ;
#3926 = ORIENTED_EDGE ( 'NONE', *, *, #3135, .T. ) ;
#3927 = VECTOR ( 'NONE', #1633, 1000.000000000000000 ) ;
#3928 = CARTESIAN_POINT ( 'NONE',  ( -33.00255571982732050, 0.000000000000000000, 12.50000000000000000 ) ) ;
#3929 = ORIENTED_EDGE ( 'NONE', *, *, #4178, .T. ) ;
#3930 = DIRECTION ( 'NONE',  ( -0.000000000000000000, 1.000000000000000000, -0.000000000000000000 ) ) ;
#3931 = CYLINDRICAL_SURFACE ( 'NONE', #5329, 2.249999999999998668 ) ;
#3932 = CARTESIAN_POINT ( 'NONE',  ( -33.00255571982732050, 0.000000000000000000, -12.50000000000000355 ) ) ;
#3933 = EDGE_LOOP ( 'NONE', ( #6032, #4160 ) ) ;
#3934 = ADVANCED_FACE ( 'NONE', ( #5117 ), #3635, .T. ) ;
#3935 = VECTOR ( 'NONE', #4381, 1000.000000000000000 ) ;
#3936 = CARTESIAN_POINT ( 'NONE',  ( 33.99744428017270081, -7.000000000000000000, 35.00000000000001421 ) ) ;
#3937 = DIRECTION ( 'NONE',  ( -0.000000000000000000, -1.000000000000000000, -0.000000000000000000 ) ) ;
#3938 = LINE ( 'NONE', #325, #1125 ) ;
#3939 = DIRECTION ( 'NONE',  ( -1.000000000000000000, -0.000000000000000000, -0.000000000000000000 ) ) ;
#3940 = CARTESIAN_POINT ( 'NONE',  ( -33.00255571982732050, 0.000000000000000000, -8.000000000000000000 ) ) ;
#3941 = ORIENTED_EDGE ( 'NONE', *, *, #389, .T. ) ;
#3942 = CARTESIAN_POINT ( 'NONE',  ( -35.50255571982732761, 10.00000000000000000, -26.00000000000000355 ) ) ;
#3943 = EDGE_CURVE ( 'NONE', #3110, #5270, #2931, .T. ) ;
#3944 = ADVANCED_FACE ( 'NONE', ( #1043, #5180 ), #4067, .T. ) ;
#3945 = CYLINDRICAL_SURFACE ( 'NONE', #3887, 1.999999999999998224 ) ;
#3946 = EDGE_CURVE ( 'NONE', #1492, #5134, #3158, .T. ) ;
#3947 = CARTESIAN_POINT ( 'NONE',  ( -73.00255571982731340, 0.5000000000000268674, -8.000000000000005329 ) ) ;
#3948 = DIRECTION ( 'NONE',  ( 0.000000000000000000, 1.000000000000000000, 0.000000000000000000 ) ) ;
#3949 = ORIENTED_EDGE ( 'NONE', *, *, #2502, .T. ) ;
#3950 = ORIENTED_EDGE ( 'NONE', *, *, #4548, .T. ) ;
#3951 = DIRECTION ( 'NONE',  ( -0.000000000000000000, -1.000000000000000000, -0.000000000000000000 ) ) ;
#3952 = CARTESIAN_POINT ( 'NONE',  ( -34.50255571982732761, 5.000000000000000000, -20.99999999999998934 ) ) ;
#3953 = CARTESIAN_POINT ( 'NONE',  ( -33.00255571982732050, 0.000000000000000000, 7.499999999999995559 ) ) ;
#3954 = PLANE ( 'NONE',  #669 ) ;
#3955 = EDGE_LOOP ( 'NONE', ( #1078, #3985, #1054, #6398 ) ) ;
#3956 = DIRECTION ( 'NONE',  ( 0.000000000000000000, 0.000000000000000000, 1.000000000000000000 ) ) ;
#3957 = CARTESIAN_POINT ( 'NONE',  ( 1.797444280172685982, 7.000000000000000000, -39.00000000000000711 ) ) ;
#3958 = EDGE_LOOP ( 'NONE', ( #246, #499, #3041, #6005 ) ) ;
#3959 = ORIENTED_EDGE ( 'NONE', *, *, #2435, .F. ) ;
#3960 = DIRECTION ( 'NONE',  ( 2.775557561562891351E-16, 0.000000000000000000, 1.000000000000000000 ) ) ;
#3961 = DIRECTION ( 'NONE',  ( 0.000000000000000000, 0.000000000000000000, -1.000000000000000000 ) ) ;
#3962 = DIRECTION ( 'NONE',  ( -9.251858538542970348E-17, -0.000000000000000000, -1.000000000000000000 ) ) ;
#3963 = VERTEX_POINT ( 'NONE', #4172 ) ;
#3964 = EDGE_CURVE ( 'NONE', #2452, #5786, #981, .T. ) ;
#3965 = EDGE_CURVE ( 'NONE', #3849, #5009, #4782, .T. ) ;
#3966 = CYLINDRICAL_SURFACE ( 'NONE', #5198, 3.500000000000006661 ) ;
#3967 = LINE ( 'NONE', #3901, #3285 ) ;
#3968 = DIRECTION ( 'NONE',  ( 9.251858538542971581E-17, 0.000000000000000000, 1.000000000000000000 ) ) ;
#3969 = CARTESIAN_POINT ( 'NONE',  ( -67.50255571982732761, 0.000000000000000000, 14.50000000000000178 ) ) ;
#3970 = ORIENTED_EDGE ( 'NONE', *, *, #3312, .T. ) ;
#3971 = CARTESIAN_POINT ( 'NONE',  ( 1.797444280172685982, 7.000000000000000000, -37.00000000000000000 ) ) ;
#3972 = EDGE_CURVE ( 'NONE', #4195, #5338, #1583, .T. ) ;
#3973 = CARTESIAN_POINT ( 'NONE',  ( 79.99744428017268660, 0.5000000000000368594, 72.00000000000001421 ) ) ;
#3974 = DIRECTION ( 'NONE',  ( 0.000000000000000000, -1.000000000000000000, 0.000000000000000000 ) ) ;
#3975 = ORIENTED_EDGE ( 'NONE', *, *, #4733, .T. ) ;
#3976 = ORIENTED_EDGE ( 'NONE', *, *, #1469, .F. ) ;
#3977 = LINE ( 'NONE', #444, #1206 ) ;
#3978 = VECTOR ( 'NONE', #309, 1000.000000000000000 ) ;
#3979 = EDGE_CURVE ( 'NONE', #1413, #2548, #423, .T. ) ;
#3980 = ORIENTED_EDGE ( 'NONE', *, *, #1334, .F. ) ;
#3981 = CARTESIAN_POINT ( 'NONE',  ( 1.795891707012687188, 10.00000000000000000, 0.7394848205346029602 ) ) ;
#3982 = DIRECTION ( 'NONE',  ( -1.000000000000000000, -0.000000000000000000, 0.000000000000000000 ) ) ;
#3983 = VECTOR ( 'NONE', #4910, 1000.000000000000227 ) ;
#3984 = AXIS2_PLACEMENT_3D ( 'NONE', #806, #4553, #6482 ) ;
#3985 = ORIENTED_EDGE ( 'NONE', *, *, #5141, .T. ) ;
#3986 = CARTESIAN_POINT ( 'NONE',  ( 77.68975197248040843, 7.000000000000000000, 74.28846153846157563 ) ) ;
#3987 = VECTOR ( 'NONE', #3511, 1000.000000000000000 ) ;
#3988 = CARTESIAN_POINT ( 'NONE',  ( 1.797444280172685982, 0.4999999999999483746, -45.00000000000000000 ) ) ;
#3989 = CONICAL_SURFACE ( 'NONE', #6057, 1.500000000000001332, 0.7853981633974715937 ) ;
#3990 = DIRECTION ( 'NONE',  ( 0.000000000000000000, -0.8660254037844385966, 0.4999999999999998890 ) ) ;
#3991 = VERTEX_POINT ( 'NONE', #3223 ) ;
#3992 = AXIS2_PLACEMENT_3D ( 'NONE', #1154, #1720, #3798 ) ;
#3993 = CYLINDRICAL_SURFACE ( 'NONE', #6616, 1.499999999999994449 ) ;
#3994 = DIRECTION ( 'NONE',  ( 0.000000000000000000, -1.000000000000000000, 0.000000000000000000 ) ) ;
#3995 = DIRECTION ( 'NONE',  ( 0.000000000000000000, 0.000000000000000000, -1.000000000000000000 ) ) ;
#3996 = LINE ( 'NONE', #5569, #3935 ) ;
#3997 = DIRECTION ( 'NONE',  ( -1.000000000000000000, -0.000000000000000000, -2.775557561562891351E-16 ) ) ;
#3998 = ORIENTED_EDGE ( 'NONE', *, *, #6645, .F. ) ;
#3999 = DIRECTION ( 'NONE',  ( 0.000000000000000000, 0.000000000000000000, 1.000000000000000000 ) ) ;
#4000 = AXIS2_PLACEMENT_3D ( 'NONE', #3544, #4494, #5471 ) ;
#4001 = EDGE_CURVE ( 'NONE', #1834, #2593, #4336, .T. ) ;
#4002 = EDGE_CURVE ( 'NONE', #3736, #1834, #1203, .T. ) ;
#4003 = DIRECTION ( 'NONE',  ( 0.000000000000000000, 1.000000000000000000, 0.000000000000000000 ) ) ;
#4004 = AXIS2_PLACEMENT_3D ( 'NONE', #6129, #1468, #3551 ) ;
#4005 = LINE ( 'NONE', #5539, #5750 ) ;
#4006 = CARTESIAN_POINT ( 'NONE',  ( 36.99744428017270081, -10.00000000000000000, 47.00000000000001421 ) ) ;
#4007 = EDGE_LOOP ( 'NONE', ( #1446, #4538 ) ) ;
#4008 = ORIENTED_EDGE ( 'NONE', *, *, #3880, .T. ) ;
#4009 = VECTOR ( 'NONE', #6317, 1000.000000000000000 ) ;
#4010 = ADVANCED_FACE ( 'NONE', ( #6340 ), #3296, .F. ) ;
#4011 = CARTESIAN_POINT ( 'NONE',  ( 1.797444280172685982, 10.00000000000000000, -45.00000000000000000 ) ) ;
#4012 = ORIENTED_EDGE ( 'NONE', *, *, #5161, .F. ) ;
#4013 = ORIENTED_EDGE ( 'NONE', *, *, #5885, .F. ) ;
#4014 = CARTESIAN_POINT ( 'NONE',  ( 86.99744428017270081, -7.000000000000000000, 47.00000000000001421 ) ) ;
#4015 = DIRECTION ( 'NONE',  ( -0.000000000000000000, 1.000000000000000000, 0.000000000000000000 ) ) ;
#4016 = EDGE_CURVE ( 'NONE', #377, #1817, #2892, .T. ) ;
#4017 = VECTOR ( 'NONE', #6566, 1000.000000000000000 ) ;
#4018 = ADVANCED_FACE ( 'NONE', ( #6272, #629, #3193 ), #2741, .F. ) ;
#4019 = CARTESIAN_POINT ( 'NONE',  ( 32.99744428017270081, -4.816681727819437597, 47.00000000000001421 ) ) ;
#4020 = ORIENTED_EDGE ( 'NONE', *, *, #6542, .T. ) ;
#4021 = VECTOR ( 'NONE', #4753, 1000.000000000000000 ) ;
#4022 = ORIENTED_EDGE ( 'NONE', *, *, #5284, .F. ) ;
#4023 = DIRECTION ( 'NONE',  ( 0.000000000000000000, 0.4999999999999999445, -0.8660254037844387076 ) ) ;
#4024 = VECTOR ( 'NONE', #4418, 1000.000000000000000 ) ;
#4025 = PLANE ( 'NONE',  #2241 ) ;
#4026 = DIRECTION ( 'NONE',  ( -0.000000000000000000, 1.000000000000000000, -0.000000000000000000 ) ) ;
#4027 = ORIENTED_EDGE ( 'NONE', *, *, #101, .T. ) ;
#4028 = AXIS2_PLACEMENT_3D ( 'NONE', #4351, #105, #6421 ) ;
#4029 = CIRCLE ( 'NONE', #6202, 3.000000000000002665 ) ;
#4030 = EDGE_CURVE ( 'NONE', #2574, #5658, #5801, .T. ) ;
#4031 = DIRECTION ( 'NONE',  ( -0.000000000000000000, -1.000000000000000000, -0.000000000000000000 ) ) ;
#4032 = FACE_OUTER_BOUND ( 'NONE', #1345, .T. ) ;
#4033 = CARTESIAN_POINT ( 'NONE',  ( 79.99744428017268660, 0.000000000000000000, 74.00000000000007105 ) ) ;
#4034 = DIRECTION ( 'NONE',  ( 0.000000000000000000, -0.000000000000000000, 1.000000000000000000 ) ) ;
#4035 = LINE ( 'NONE', #4450, #4319 ) ;
#4036 = CARTESIAN_POINT ( 'NONE',  ( 76.99744428017268660, 10.00000000000000000, 53.50000000000000000 ) ) ;
#4037 = ORIENTED_EDGE ( 'NONE', *, *, #4002, .F. ) ;
#4038 = CARTESIAN_POINT ( 'NONE',  ( 51.99744428017267950, 10.00000000000000000, -20.00000000000000000 ) ) ;
#4039 = AXIS2_PLACEMENT_3D ( 'NONE', #3796, #3831, #3855 ) ;
#4040 = LINE ( 'NONE', #589, #3554 ) ;
#4041 = AXIS2_PLACEMENT_3D ( 'NONE', #1909, #2523, #6163 ) ;
#4042 = CARTESIAN_POINT ( 'NONE',  ( 77.98273839781967354, 7.000000000000000000, -75.00000000000000000 ) ) ;
#4043 = CARTESIAN_POINT ( 'NONE',  ( -28.00255571982732050, 5.000000000000000000, 20.99999999999998579 ) ) ;
#4044 = VERTEX_POINT ( 'NONE', #2252 ) ;
#4045 = EDGE_CURVE ( 'NONE', #1477, #354, #1150, .T. ) ;
#4046 = ORIENTED_EDGE ( 'NONE', *, *, #400, .F. ) ;
#4047 = ORIENTED_EDGE ( 'NONE', *, *, #106, .F. ) ;
#4048 = EDGE_CURVE ( 'NONE', #132, #2940, #5250, .T. ) ;
#4049 = CARTESIAN_POINT ( 'NONE',  ( -48.50255571982733471, 10.00000000000000000, -14.50000000000000178 ) ) ;
#4050 = EDGE_LOOP ( 'NONE', ( #4905, #1788 ) ) ;
#4051 = ADVANCED_FACE ( 'NONE', ( #1838 ), #2161, .F. ) ;
#4052 = VERTEX_POINT ( 'NONE', #5316 ) ;
#4053 = DIRECTION ( 'NONE',  ( 1.000000000000000000, 0.000000000000000000, -1.387778780781446169E-16 ) ) ;
#4054 = CARTESIAN_POINT ( 'NONE',  ( -34.50255571982732761, 4.999999999999999112, -17.07401816951053419 ) ) ;
#4055 = ORIENTED_EDGE ( 'NONE', *, *, #5094, .F. ) ;
#4056 = CARTESIAN_POINT ( 'NONE',  ( 1.797444280172685982, 0.4999999999999483746, -34.99999999999999289 ) ) ;
#4057 = ORIENTED_EDGE ( 'NONE', *, *, #4684, .T. ) ;
#4058 = EDGE_CURVE ( 'NONE', #2992, #2723, #540, .T. ) ;
#4059 = ORIENTED_EDGE ( 'NONE', *, *, #2618, .F. ) ;
#4060 = CARTESIAN_POINT ( 'NONE',  ( -33.00255571982732050, 0.000000000000000000, 9.999999999999998224 ) ) ;
#4061 = CARTESIAN_POINT ( 'NONE',  ( -29.50255571982732761, 1.600000000000002087, 22.96299091524471692 ) ) ;
#4062 = DIRECTION ( 'NONE',  ( -0.000000000000000000, 1.000000000000000000, -0.000000000000000000 ) ) ;
#4063 = ADVANCED_FACE ( 'NONE', ( #2705 ), #1181, .F. ) ;
#4064 = ORIENTED_EDGE ( 'NONE', *, *, #1149, .F. ) ;
#4065 = EDGE_CURVE ( 'NONE', #3349, #1007, #5650, .T. ) ;
#4066 = PLANE ( 'NONE',  #5620 ) ;
#4067 = PLANE ( 'NONE',  #1095 ) ;
#4068 = DIRECTION ( 'NONE',  ( -1.000000000000000000, 0.000000000000000000, -2.775557561562891351E-16 ) ) ;
#4069 = CARTESIAN_POINT ( 'NONE',  ( 36.99744428017270081, -7.000000000000000000, 47.00000000000001421 ) ) ;
#4070 = DIRECTION ( 'NONE',  ( -0.000000000000000000, 1.000000000000000000, -0.000000000000000000 ) ) ;
#4071 = DIRECTION ( 'NONE',  ( -0.000000000000000000, -0.000000000000000000, 1.000000000000000000 ) ) ;
#4072 = DIRECTION ( 'NONE',  ( -0.3807498052542803713, 0.000000000000000000, 0.9246780984747219323 ) ) ;
#4073 = ORIENTED_EDGE ( 'NONE', *, *, #2107, .T. ) ;
#4074 = DIRECTION ( 'NONE',  ( -0.000000000000000000, 1.000000000000000000, -0.000000000000000000 ) ) ;
#4075 = CARTESIAN_POINT ( 'NONE',  ( 27.99744428017270081, 0.000000000000000000, 47.00000000000001421 ) ) ;
#4076 = CARTESIAN_POINT ( 'NONE',  ( -34.50255571982732761, 4.999999999999998224, -24.92598183048944449 ) ) ;
#4077 = ORIENTED_EDGE ( 'NONE', *, *, #5679, .F. ) ;
#4078 = EDGE_LOOP ( 'NONE', ( #3747, #1945, #3786, #5073 ) ) ;
#4079 = CARTESIAN_POINT ( 'NONE',  ( 86.99744428017270081, 0.000000000000000000, 47.00000000000001421 ) ) ;
#4080 = ORIENTED_EDGE ( 'NONE', *, *, #3847, .T. ) ;
#4081 = ORIENTED_EDGE ( 'NONE', *, *, #1399, .F. ) ;
#4082 = DIRECTION ( 'NONE',  ( 0.000000000000000000, 1.000000000000000000, 0.000000000000000000 ) ) ;
#4083 = EDGE_CURVE ( 'NONE', #1771, #6164, #5999, .T. ) ;
#4084 = CARTESIAN_POINT ( 'NONE',  ( 96.52814022772186320, 10.00000000000000000, -39.74688127023376438 ) ) ;
#4085 = EDGE_CURVE ( 'NONE', #4290, #3415, #4750, .T. ) ;
#4086 = EDGE_LOOP ( 'NONE', ( #4231, #4400 ) ) ;
#4087 = EDGE_CURVE ( 'NONE', #2903, #2928, #3163, .T. ) ;
#4088 = AXIS2_PLACEMENT_3D ( 'NONE', #5767, #5732, #4748 ) ;
#4089 = VECTOR ( 'NONE', #5894, 1000.000000000000000 ) ;
#4090 = CYLINDRICAL_SURFACE ( 'NONE', #5610, 1.999999999999996669 ) ;
#4091 = EDGE_LOOP ( 'NONE', ( #5912, #4898, #1374, #4012 ) ) ;
#4092 = EDGE_LOOP ( 'NONE', ( #6029, #6699, #416, #5919 ) ) ;
#4093 = LINE ( 'NONE', #3560, #5957 ) ;
#4094 = ORIENTED_EDGE ( 'NONE', *, *, #4030, .F. ) ;
#4095 = VECTOR ( 'NONE', #2190, 1000.000000000000000 ) ;
#4096 = CIRCLE ( 'NONE', #2684, 3.250000000000002665 ) ;
#4097 = EDGE_CURVE ( 'NONE', #5805, #4625, #5978, .T. ) ;
#4098 = DIRECTION ( 'NONE',  ( 0.000000000000000000, 1.000000000000000000, 0.000000000000000000 ) ) ;
#4099 = VECTOR ( 'NONE', #1130, 1000.000000000000000 ) ;
#4100 = CARTESIAN_POINT ( 'NONE',  ( -57.50255571982733471, 10.00000000000000000, 25.00000000000000000 ) ) ;
#4101 = AXIS2_PLACEMENT_3D ( 'NONE', #689, #4679, #4432 ) ;
#4102 = LINE ( 'NONE', #387, #1545 ) ;
#4103 = PLANE ( 'NONE',  #4585 ) ;
#4104 = CARTESIAN_POINT ( 'NONE',  ( 1.797444280172685982, 0.000000000000000000, -37.00000000000000000 ) ) ;
#4105 = CARTESIAN_POINT ( 'NONE',  ( 86.99744428017268660, 10.00000000000000000, -34.74999999999998579 ) ) ;
#4106 = FACE_BOUND ( 'NONE', #2888, .T. ) ;
#4107 = VERTEX_POINT ( 'NONE', #820 ) ;
#4108 = AXIS2_PLACEMENT_3D ( 'NONE', #3090, #6680, #5675 ) ;
#4109 = AXIS2_PLACEMENT_3D ( 'NONE', #5573, #3828, #6403 ) ;
#4110 = CARTESIAN_POINT ( 'NONE',  ( 36.99744428017270081, -7.000000000000000000, 35.00000000000001421 ) ) ;
#4111 = EDGE_CURVE ( 'NONE', #1094, #4459, #4973, .T. ) ;
#4112 = DIRECTION ( 'NONE',  ( 0.000000000000000000, 0.000000000000000000, 1.000000000000000000 ) ) ;
#4113 = ORIENTED_EDGE ( 'NONE', *, *, #3851, .F. ) ;
#4114 = CARTESIAN_POINT ( 'NONE',  ( 1.795891707014157346, 10.00000000000000000, -0.7394848205351690629 ) ) ;
#4115 = EDGE_LOOP ( 'NONE', ( #45, #5215, #4391, #4577 ) ) ;
#4116 = EDGE_CURVE ( 'NONE', #4424, #4909, #876, .T. ) ;
#4117 = AXIS2_PLACEMENT_3D ( 'NONE', #4469, #2320, #5516 ) ;
#4118 = CARTESIAN_POINT ( 'NONE',  ( 1.797444280172685982, 0.4999999999999483746, 39.00000000000000711 ) ) ;
#4119 = VERTEX_POINT ( 'NONE', #4049 ) ;
#4120 = ORIENTED_EDGE ( 'NONE', *, *, #1406, .F. ) ;
#4121 = DIRECTION ( 'NONE',  ( 0.000000000000000000, -1.000000000000000000, 0.000000000000000000 ) ) ;
#4122 = AXIS2_PLACEMENT_3D ( 'NONE', #98, #3768, #636 ) ;
#4123 = CARTESIAN_POINT ( 'NONE',  ( 26.99744428017269016, 10.00000000000000000, -56.49999999999998579 ) ) ;
#4124 = ORIENTED_EDGE ( 'NONE', *, *, #4525, .T. ) ;
#4125 = CARTESIAN_POINT ( 'NONE',  ( -73.00255571982731340, 0.000000000000000000, 9.999999999999998224 ) ) ;
#4126 = ORIENTED_EDGE ( 'NONE', *, *, #6299, .F. ) ;
#4127 = EDGE_CURVE ( 'NONE', #1501, #4949, #3597, .T. ) ;
#4128 = LINE ( 'NONE', #2730, #3829 ) ;
#4129 = VERTEX_POINT ( 'NONE', #3522 ) ;
#4130 = CARTESIAN_POINT ( 'NONE',  ( 79.99744428017268660, 0.5000000000000368594, 70.50000000000000000 ) ) ;
#4131 = LINE ( 'NONE', #6203, #1489 ) ;
#4132 = ADVANCED_FACE ( 'NONE', ( #1902 ), #2476, .F. ) ;
#4133 = CARTESIAN_POINT ( 'NONE',  ( -34.50255571982732761, 5.000000000000000000, 20.99999999999998934 ) ) ;
#4134 = ORIENTED_EDGE ( 'NONE', *, *, #1845, .T. ) ;
#4135 = CIRCLE ( 'NONE', #4569, 1.499999999999994449 ) ;
#4136 = CIRCLE ( 'NONE', #3813, 2.499999999999981348 ) ;
#4137 = CARTESIAN_POINT ( 'NONE',  ( -68.50255571982732761, 0.000000000000000000, 25.00000000000000000 ) ) ;
#4138 = DIRECTION ( 'NONE',  ( -0.000000000000000000, -1.000000000000000000, -0.000000000000000000 ) ) ;
#4139 = DIRECTION ( 'NONE',  ( -1.000000000000000000, -0.000000000000000000, -0.000000000000000000 ) ) ;
#4140 = EDGE_CURVE ( 'NONE', #2313, #703, #3977, .T. ) ;
#4141 = CARTESIAN_POINT ( 'NONE',  ( 80.99744428017271503, -10.00000000000000000, 35.00000000000002132 ) ) ;
#4142 = FACE_OUTER_BOUND ( 'NONE', #6495, .T. ) ;
#4143 = EDGE_LOOP ( 'NONE', ( #4682, #1137 ) ) ;
#4144 = FACE_OUTER_BOUND ( 'NONE', #1172, .T. ) ;
#4145 = AXIS2_PLACEMENT_3D ( 'NONE', #1221, #2645, #94 ) ;
#4146 = CIRCLE ( 'NONE', #888, 2.249999999999998668 ) ;
#4147 = DIRECTION ( 'NONE',  ( 0.9246780984747280385, 0.000000000000000000, 0.3807498052542658273 ) ) ;
#4148 = CIRCLE ( 'NONE', #5225, 1.500000000000001332 ) ;
#4149 = DIRECTION ( 'NONE',  ( -0.000000000000000000, -0.000000000000000000, 1.000000000000000000 ) ) ;
#4150 = VECTOR ( 'NONE', #1661, 1000.000000000000000 ) ;
#4151 = DIRECTION ( 'NONE',  ( 0.000000000000000000, 0.000000000000000000, 1.000000000000000000 ) ) ;
#4152 = ORIENTED_EDGE ( 'NONE', *, *, #5524, .T. ) ;
#4153 = ADVANCED_FACE ( 'NONE', ( #4529 ), #2611, .F. ) ;
#4154 = ORIENTED_EDGE ( 'NONE', *, *, #3461, .T. ) ;
#4155 = CARTESIAN_POINT ( 'NONE',  ( 79.99744428017268660, 10.00000000000000000, 73.50000000000001421 ) ) ;
#4156 = EDGE_CURVE ( 'NONE', #934, #4938, #3448, .T. ) ;
#4157 = ORIENTED_EDGE ( 'NONE', *, *, #262, .F. ) ;
#4158 = CONICAL_SURFACE ( 'NONE', #5342, 1.500000000000001332, 0.7853981633974712606 ) ;
#4159 = DIRECTION ( 'NONE',  ( -1.000000000000000000, 0.000000000000000000, -2.775557561562891351E-16 ) ) ;
#4160 = ORIENTED_EDGE ( 'NONE', *, *, #5923, .T. ) ;
#4161 = ORIENTED_EDGE ( 'NONE', *, *, #683, .T. ) ;
#4162 = DIRECTION ( 'NONE',  ( 1.000000000000000000, 0.000000000000000000, -0.000000000000000000 ) ) ;
#4163 = EDGE_LOOP ( 'NONE', ( #4390, #5062 ) ) ;
#4164 = DIRECTION ( 'NONE',  ( 8.659560562355135004E-17, -0.7071067811865311414, 0.7071067811865640040 ) ) ;
#4165 = LINE ( 'NONE', #3534, #6474 ) ;
#4166 = ORIENTED_EDGE ( 'NONE', *, *, #5414, .T. ) ;
#4167 = ORIENTED_EDGE ( 'NONE', *, *, #1027, .T. ) ;
#4168 = CARTESIAN_POINT ( 'NONE',  ( -48.50255571982733471, 10.00000000000000000, 14.50000000000000178 ) ) ;
#4169 = DIRECTION ( 'NONE',  ( 0.000000000000000000, -0.7071067811865311414, -0.7071067811865640040 ) ) ;
#4170 = ORIENTED_EDGE ( 'NONE', *, *, #1829, .T. ) ;
#4171 = DIRECTION ( 'NONE',  ( 0.000000000000000000, 0.000000000000000000, 1.000000000000000000 ) ) ;
#4172 = CARTESIAN_POINT ( 'NONE',  ( 83.74744428017271503, -4.816681727819437597, 35.00000000000001421 ) ) ;
#4173 = DIRECTION ( 'NONE',  ( 0.000000000000000000, -1.000000000000000000, 0.000000000000000000 ) ) ;
#4174 = LINE ( 'NONE', #3018, #5991 ) ;
#4175 = PLANE ( 'NONE',  #3466 ) ;
#4176 = VERTEX_POINT ( 'NONE', #2514 ) ;
#4177 = DIRECTION ( 'NONE',  ( -0.000000000000000000, -1.000000000000000000, -0.000000000000000000 ) ) ;
#4178 = EDGE_CURVE ( 'NONE', #1899, #4868, #5766, .T. ) ;
#4179 = EDGE_CURVE ( 'NONE', #3129, #2839, #4353, .T. ) ;
#4180 = CARTESIAN_POINT ( 'NONE',  ( -78.00255571982732761, 5.000000000000000000, 21.00000000000000000 ) ) ;
#4181 = CARTESIAN_POINT ( 'NONE',  ( 34.99744428017269371, 0.4999999999999466538, 72.00000000000001421 ) ) ;
#4182 = FACE_OUTER_BOUND ( 'NONE', #1493, .T. ) ;
#4183 = ORIENTED_EDGE ( 'NONE', *, *, #5965, .F. ) ;
#4184 = ORIENTED_EDGE ( 'NONE', *, *, #5005, .F. ) ;
#4185 = DIRECTION ( 'NONE',  ( 0.000000000000000000, 0.000000000000000000, 1.000000000000000000 ) ) ;
#4186 = ORIENTED_EDGE ( 'NONE', *, *, #4179, .F. ) ;
#4187 = ADVANCED_FACE ( 'NONE', ( #1870 ), #4464, .F. ) ;
#4188 = EDGE_CURVE ( 'NONE', #1155, #5409, #963, .T. ) ;
#4189 = DIRECTION ( 'NONE',  ( 1.000000000000000000, 0.000000000000000000, 0.000000000000000000 ) ) ;
#4190 = ORIENTED_EDGE ( 'NONE', *, *, #3248, .T. ) ;
#4191 = ORIENTED_EDGE ( 'NONE', *, *, #5297, .F. ) ;
#4192 = VERTEX_POINT ( 'NONE', #5039 ) ;
#4193 = PLANE ( 'NONE',  #1802 ) ;
#4194 = DIRECTION ( 'NONE',  ( 0.000000000000000000, -1.000000000000000000, 0.000000000000000000 ) ) ;
#4195 = VERTEX_POINT ( 'NONE', #2003 ) ;
#4196 = ORIENTED_EDGE ( 'NONE', *, *, #2544, .F. ) ;
#4197 = DIRECTION ( 'NONE',  ( -0.7831866393703775797, 0.000000000000000000, 0.6217866900406714414 ) ) ;
#4198 = CARTESIAN_POINT ( 'NONE',  ( -67.50255571982732761, 10.00000000000000000, -13.50000000000000178 ) ) ;
#4199 = CARTESIAN_POINT ( 'NONE',  ( 79.99744428017268660, 10.00000000000000000, -72.00000000000001421 ) ) ;
#4200 = ORIENTED_EDGE ( 'NONE', *, *, #5132, .T. ) ;
#4201 = AXIS2_PLACEMENT_3D ( 'NONE', #5169, #4229, #5203 ) ;
#4202 = FACE_OUTER_BOUND ( 'NONE', #2511, .T. ) ;
#4203 = ORIENTED_EDGE ( 'NONE', *, *, #3646, .F. ) ;
#4204 = CARTESIAN_POINT ( 'NONE',  ( -28.00255571982732050, 5.000000000000000000, 18.74999999999998934 ) ) ;
#4205 = CARTESIAN_POINT ( 'NONE',  ( 77.99744428017271503, -7.000000000000000000, 35.00000000000001421 ) ) ;
#4206 = DIRECTION ( 'NONE',  ( 0.000000000000000000, -1.000000000000000000, 0.000000000000000000 ) ) ;
#4207 = CIRCLE ( 'NONE', #3984, 2.000000000000005329 ) ;
#4208 = CARTESIAN_POINT ( 'NONE',  ( 77.98273839781967354, 10.00000000000000000, -75.00000000000000000 ) ) ;
#4209 = ORIENTED_EDGE ( 'NONE', *, *, #5412, .F. ) ;
#4210 = AXIS2_PLACEMENT_3D ( 'NONE', #5551, #247, #5961 ) ;
#4211 = CIRCLE ( 'NONE', #1393, 1.999999999999994893 ) ;
#4212 = DIRECTION ( 'NONE',  ( 0.000000000000000000, 1.000000000000000000, -0.000000000000000000 ) ) ;
#4213 = ORIENTED_EDGE ( 'NONE', *, *, #5549, .T. ) ;
#4214 = EDGE_CURVE ( 'NONE', #1007, #5197, #2932, .T. ) ;
#4215 = FACE_OUTER_BOUND ( 'NONE', #2709, .T. ) ;
#4216 = ORIENTED_EDGE ( 'NONE', *, *, #4156, .T. ) ;
#4217 = DIRECTION ( 'NONE',  ( 0.000000000000000000, 0.000000000000000000, 1.000000000000000000 ) ) ;
#4218 = AXIS2_PLACEMENT_3D ( 'NONE', #4689, #567, #5254 ) ;
#4219 = EDGE_CURVE ( 'NONE', #3691, #785, #926, .T. ) ;
#4220 = VECTOR ( 'NONE', #236, 1000.000000000000000 ) ;
#4221 = ORIENTED_EDGE ( 'NONE', *, *, #3888, .T. ) ;
#4222 = CARTESIAN_POINT ( 'NONE',  ( -35.50255571982732761, 0.000000000000000000, -28.00000000000000000 ) ) ;
#4223 = ORIENTED_EDGE ( 'NONE', *, *, #6560, .T. ) ;
#4224 = ORIENTED_EDGE ( 'NONE', *, *, #6346, .T. ) ;
#4225 = EDGE_CURVE ( 'NONE', #2082, #5901, #5579, .T. ) ;
#4226 = VECTOR ( 'NONE', #4417, 1000.000000000000000 ) ;
#4227 = VERTEX_POINT ( 'NONE', #4079 ) ;
#4228 = CARTESIAN_POINT ( 'NONE',  ( 36.99744428017270081, -10.00000000000000000, 35.00000000000001421 ) ) ;
#4229 = DIRECTION ( 'NONE',  ( -0.000000000000000000, 1.000000000000000000, -0.000000000000000000 ) ) ;
#4230 = AXIS2_PLACEMENT_3D ( 'NONE', #5224, #6245, #1127 ) ;
#4231 = ORIENTED_EDGE ( 'NONE', *, *, #3802, .T. ) ;
#4232 = ORIENTED_EDGE ( 'NONE', *, *, #6460, .F. ) ;
#4233 = LINE ( 'NONE', #1610, #6588 ) ;
#4234 = DIRECTION ( 'NONE',  ( 8.659560562354752899E-17, -0.7071067811865622277, 0.7071067811865328068 ) ) ;
#4235 = EDGE_CURVE ( 'NONE', #3906, #450, #2442, .T. ) ;
#4236 = DIRECTION ( 'NONE',  ( 0.000000000000000000, 0.000000000000000000, 1.000000000000000000 ) ) ;
#4237 = EDGE_CURVE ( 'NONE', #4793, #5229, #3913, .T. ) ;
#4238 = AXIS2_PLACEMENT_3D ( 'NONE', #1918, #5427, #4922 ) ;
#4239 = DIRECTION ( 'NONE',  ( 1.000000000000000000, -0.000000000000000000, 2.775557561562891351E-16 ) ) ;
#4240 = DIRECTION ( 'NONE',  ( -0.000000000000000000, -0.000000000000000000, 1.000000000000000000 ) ) ;
#4241 = ORIENTED_EDGE ( 'NONE', *, *, #765, .F. ) ;
#4242 = DIRECTION ( 'NONE',  ( -2.775557561562891351E-16, 0.000000000000000000, -1.000000000000000000 ) ) ;
#4243 = CARTESIAN_POINT ( 'NONE',  ( 82.01215016252571388, 10.00000000000000000, -75.00000000000000000 ) ) ;
#4244 = AXIS2_PLACEMENT_3D ( 'NONE', #3379, #710, #1831 ) ;
#4245 = LINE ( 'NONE', #3739, #4021 ) ;
#4246 = DIRECTION ( 'NONE',  ( 0.000000000000000000, 0.000000000000000000, 1.000000000000000000 ) ) ;
#4247 = ORIENTED_EDGE ( 'NONE', *, *, #4978, .T. ) ;
#4248 = AXIS2_PLACEMENT_3D ( 'NONE', #2613, #4696, #5681 ) ;
#4249 = DIRECTION ( 'NONE',  ( -0.000000000000000000, 1.000000000000000000, -0.000000000000000000 ) ) ;
#4250 = DIRECTION ( 'NONE',  ( 0.000000000000000000, 0.000000000000000000, 1.000000000000000000 ) ) ;
#4251 = CARTESIAN_POINT ( 'NONE',  ( 93.99744428017268660, 10.00000000000000000, -22.99999999999999289 ) ) ;
#4252 = DIRECTION ( 'NONE',  ( 0.000000000000000000, 0.000000000000000000, 1.000000000000000000 ) ) ;
#4253 = VERTEX_POINT ( 'NONE', #998 ) ;
#4254 = CARTESIAN_POINT ( 'NONE',  ( 34.99744428017269371, 7.000000000000000000, -68.75000000000000000 ) ) ;
#4255 = AXIS2_PLACEMENT_3D ( 'NONE', #803, #4951, #287 ) ;
#4256 = VERTEX_POINT ( 'NONE', #3073 ) ;
#4257 = VECTOR ( 'NONE', #883, 1000.000000000000000 ) ;
#4258 = AXIS2_PLACEMENT_3D ( 'NONE', #2392, #5419, #3960 ) ;
#4259 = EDGE_CURVE ( 'NONE', #1536, #1496, #5003, .T. ) ;
#4260 = CYLINDRICAL_SURFACE ( 'NONE', #1740, 2.249999999999998668 ) ;
#4261 = ORIENTED_EDGE ( 'NONE', *, *, #2255, .T. ) ;
#4262 = VERTEX_POINT ( 'NONE', #341 ) ;
#4263 = AXIS2_PLACEMENT_3D ( 'NONE', #3093, #4149, #989 ) ;
#4264 = ADVANCED_FACE ( 'NONE', ( #608 ), #1535, .T. ) ;
#4265 = EDGE_CURVE ( 'NONE', #6411, #6484, #71, .T. ) ;
#4266 = ORIENTED_EDGE ( 'NONE', *, *, #4111, .F. ) ;
#4267 = ORIENTED_EDGE ( 'NONE', *, *, #1103, .T. ) ;
#4268 = LINE ( 'NONE', #1677, #3978 ) ;
#4269 = DIRECTION ( 'NONE',  ( 1.000000000000000000, -0.000000000000000000, -0.000000000000000000 ) ) ;
#4270 = CARTESIAN_POINT ( 'NONE',  ( -73.00255571982731340, 10.00000000000000000, -8.000000000000005329 ) ) ;
#4271 = DIRECTION ( 'NONE',  ( 1.387778780781445922E-16, 0.000000000000000000, 1.000000000000000000 ) ) ;
#4272 = ADVANCED_FACE ( 'NONE', ( #6224 ), #3708, .F. ) ;
#4273 = VERTEX_POINT ( 'NONE', #42 ) ;
#4274 = DIRECTION ( 'NONE',  ( -1.000000000000000000, -0.000000000000000000, 2.775557561562891351E-16 ) ) ;
#4275 = ADVANCED_FACE ( 'NONE', ( #542 ), #5687, .F. ) ;
#4276 = DIRECTION ( 'NONE',  ( 0.000000000000000000, 0.000000000000000000, 1.000000000000000000 ) ) ;
#4277 = DIRECTION ( 'NONE',  ( 0.3807498052542667155, -0.000000000000000000, 0.9246780984747275944 ) ) ;
#4278 = EDGE_CURVE ( 'NONE', #649, #373, #2139, .T. ) ;
#4279 = CARTESIAN_POINT ( 'NONE',  ( 131.9974442801726866, 10.00000000000000000, 32.75000000000000711 ) ) ;
#4280 = ORIENTED_EDGE ( 'NONE', *, *, #2455, .T. ) ;
#4281 = FACE_OUTER_BOUND ( 'NONE', #171, .T. ) ;
#4282 = DIRECTION ( 'NONE',  ( 0.000000000000000000, 0.000000000000000000, 1.000000000000000000 ) ) ;
#4283 = ORIENTED_EDGE ( 'NONE', *, *, #1621, .F. ) ;
#4284 = FACE_OUTER_BOUND ( 'NONE', #3245, .T. ) ;
#4285 = FACE_OUTER_BOUND ( 'NONE', #5693, .T. ) ;
#4286 = EDGE_LOOP ( 'NONE', ( #5271, #692, #6480, #2104 ) ) ;
#4287 = CARTESIAN_POINT ( 'NONE',  ( 51.99744428017267950, 10.00000000000000000, 20.00000000000000000 ) ) ;
#4288 = ORIENTED_EDGE ( 'NONE', *, *, #2635, .F. ) ;
#4289 = CARTESIAN_POINT ( 'NONE',  ( 36.99744428017269371, 0.000000000000000000, -34.99999999999998579 ) ) ;
#4290 = VERTEX_POINT ( 'NONE', #4222 ) ;
#4291 = FACE_OUTER_BOUND ( 'NONE', #866, .T. ) ;
#4292 = ORIENTED_EDGE ( 'NONE', *, *, #1205, .F. ) ;
#4293 = VERTEX_POINT ( 'NONE', #6687 ) ;
#4294 = ORIENTED_EDGE ( 'NONE', *, *, #6208, .T. ) ;
#4295 = LINE ( 'NONE', #3253, #5938 ) ;
#4296 = FACE_OUTER_BOUND ( 'NONE', #2999, .T. ) ;
#4297 = EDGE_CURVE ( 'NONE', #3204, #768, #4683, .T. ) ;
#4298 = FACE_OUTER_BOUND ( 'NONE', #2857, .T. ) ;
#4299 = EDGE_CURVE ( 'NONE', #4949, #1501, #4135, .T. ) ;
#4300 = DIRECTION ( 'NONE',  ( -0.000000000000000000, -1.000000000000000000, -0.000000000000000000 ) ) ;
#4301 = VERTEX_POINT ( 'NONE', #4118 ) ;
#4302 = DIRECTION ( 'NONE',  ( 0.000000000000000000, 0.000000000000000000, 1.000000000000000000 ) ) ;
#4303 = LINE ( 'NONE', #1718, #5887 ) ;
#4304 = DIRECTION ( 'NONE',  ( 0.000000000000000000, 1.000000000000000000, 0.000000000000000000 ) ) ;
#4305 = FACE_BOUND ( 'NONE', #2763, .T. ) ;
#4306 = ORIENTED_EDGE ( 'NONE', *, *, #6055, .F. ) ;
#4307 = EDGE_CURVE ( 'NONE', #2839, #1098, #6191, .T. ) ;
#4308 = AXIS2_PLACEMENT_3D ( 'NONE', #6134, #2553, #6700 ) ;
#4309 = LINE ( 'NONE', #600, #975 ) ;
#4310 = CARTESIAN_POINT ( 'NONE',  ( -33.00255571982732050, 10.00000000000000000, -8.000000000000000000 ) ) ;
#4311 = ORIENTED_EDGE ( 'NONE', *, *, #3229, .T. ) ;
#4312 = CARTESIAN_POINT ( 'NONE',  ( 93.99744428017268660, 10.00000000000000000, -17.49999999999999289 ) ) ;
#4313 = CARTESIAN_POINT ( 'NONE',  ( 27.99744428017270081, -10.00000000000000000, 47.00000000000001421 ) ) ;
#4314 = EDGE_LOOP ( 'NONE', ( #4170, #1321, #3720, #14 ) ) ;
#4315 = CARTESIAN_POINT ( 'NONE',  ( 86.99744428017270081, 10.00000000000000000, -34.74999999999998579 ) ) ;
#4316 = ADVANCED_FACE ( 'NONE', ( #3750 ), #1672, .T. ) ;
#4317 = ORIENTED_EDGE ( 'NONE', *, *, #5976, .F. ) ;
#4318 = VECTOR ( 'NONE', #6362, 1000.000000000000227 ) ;
#4319 = VECTOR ( 'NONE', #3939, 1000.000000000000000 ) ;
#4320 = CYLINDRICAL_SURFACE ( 'NONE', #1635, 3.500000000000003109 ) ;
#4321 = VECTOR ( 'NONE', #3905, 1000.000000000000000 ) ;
#4322 = ORIENTED_EDGE ( 'NONE', *, *, #651, .F. ) ;
#4323 = VECTOR ( 'NONE', #2319, 1000.000000000000000 ) ;
#4324 = ADVANCED_FACE ( 'NONE', ( #5785 ), #3174, .F. ) ;
#4325 = ORIENTED_EDGE ( 'NONE', *, *, #951, .T. ) ;
#4326 = EDGE_LOOP ( 'NONE', ( #5330, #4311, #1575, #4317 ) ) ;
#4327 = ADVANCED_FACE ( 'NONE', ( #501 ), #4, .T. ) ;
#4328 = CARTESIAN_POINT ( 'NONE',  ( 79.99744428017268660, 7.000000000000000000, -72.00000000000001421 ) ) ;
#4329 = ORIENTED_EDGE ( 'NONE', *, *, #5016, .F. ) ;
#4330 = CARTESIAN_POINT ( 'NONE',  ( 32.99744428017268660, 10.00000000000000000, -75.00000000000000000 ) ) ;
#4331 = VECTOR ( 'NONE', #3990, 1000.000000000000227 ) ;
#4332 = CARTESIAN_POINT ( 'NONE',  ( 121.9974442801726866, 10.00000000000000000, 20.00000000000000000 ) ) ;
#4333 = DIRECTION ( 'NONE',  ( 0.000000000000000000, 0.000000000000000000, -1.000000000000000000 ) ) ;
#4334 = ORIENTED_EDGE ( 'NONE', *, *, #434, .F. ) ;
#4335 = ADVANCED_FACE ( 'NONE', ( #5263 ), #4260, .F. ) ;
#4336 = LINE ( 'NONE', #664, #3267 ) ;
#4337 = CARTESIAN_POINT ( 'NONE',  ( -28.00255571982732050, 5.000000000000000000, -20.99999999999998579 ) ) ;
#4338 = CARTESIAN_POINT ( 'NONE',  ( -29.50255571982732761, 1.600000000000002087, -22.96299091524471692 ) ) ;
#4339 = FACE_BOUND ( 'NONE', #104, .T. ) ;
#4340 = ORIENTED_EDGE ( 'NONE', *, *, #2760, .F. ) ;
#4341 = CIRCLE ( 'NONE', #2271, 3.000000000000002665 ) ;
#4342 = ADVANCED_FACE ( 'NONE', ( #2655 ), #4734, .F. ) ;
#4343 = CIRCLE ( 'NONE', #6293, 2.750000000000002665 ) ;
#4344 = EDGE_CURVE ( 'NONE', #1508, #1675, #2076, .T. ) ;
#4345 = DIRECTION ( 'NONE',  ( 0.000000000000000000, 1.000000000000000000, 0.000000000000000000 ) ) ;
#4346 = CARTESIAN_POINT ( 'NONE',  ( 86.99744428017268660, 10.00000000000000000, -75.00000000000000000 ) ) ;
#4347 = VERTEX_POINT ( 'NONE', #1060 ) ;
#4348 = PLANE ( 'NONE',  #3011 ) ;
#4349 = CARTESIAN_POINT ( 'NONE',  ( -33.00255571982732050, 0.000000000000000000, 9.999999999999998224 ) ) ;
#4350 = ORIENTED_EDGE ( 'NONE', *, *, #6049, .F. ) ;
#4351 = CARTESIAN_POINT ( 'NONE',  ( -28.00255571982732050, 5.000000000000000000, 20.99999999999998579 ) ) ;
#4352 = ORIENTED_EDGE ( 'NONE', *, *, #3851, .T. ) ;
#4353 = CIRCLE ( 'NONE', #2174, 2.000000000000001776 ) ;
#4354 = DIRECTION ( 'NONE',  ( -1.000000000000000000, -0.000000000000000000, 2.775557561562891351E-16 ) ) ;
#4355 = EDGE_CURVE ( 'NONE', #2329, #5676, #3136, .T. ) ;
#4356 = AXIS2_PLACEMENT_3D ( 'NONE', #1491, #2032, #4112 ) ;
#4357 = CYLINDRICAL_SURFACE ( 'NONE', #1102, 1.500000000000001332 ) ;
#4358 = ORIENTED_EDGE ( 'NONE', *, *, #714, .T. ) ;
#4359 = ORIENTED_EDGE ( 'NONE', *, *, #4738, .F. ) ;
#4360 = ORIENTED_EDGE ( 'NONE', *, *, #1794, .T. ) ;
#4361 = VECTOR ( 'NONE', #219, 1000.000000000000000 ) ;
#4362 = CIRCLE ( 'NONE', #4255, 1.999999999999996669 ) ;
#4363 = DIRECTION ( 'NONE',  ( -0.000000000000000000, -1.000000000000000000, -0.000000000000000000 ) ) ;
#4364 = CIRCLE ( 'NONE', #3717, 2.000000000000001776 ) ;
#4365 = ORIENTED_EDGE ( 'NONE', *, *, #6229, .T. ) ;
#4366 = DIRECTION ( 'NONE',  ( -0.3807498052542567235, 0.000000000000000000, -0.9246780984747317023 ) ) ;
#4367 = CIRCLE ( 'NONE', #5667, 1.999999999999974021 ) ;
#4368 = CARTESIAN_POINT ( 'NONE',  ( 79.99744428017268660, 7.000000000000000000, 72.00000000000001421 ) ) ;
#4369 = CARTESIAN_POINT ( 'NONE',  ( 1.797444280172685982, 10.00000000000000000, -37.00000000000000000 ) ) ;
#4370 = DIRECTION ( 'NONE',  ( -0.000000000000000000, 0.000000000000000000, 1.000000000000000000 ) ) ;
#4371 = AXIS2_PLACEMENT_3D ( 'NONE', #5602, #4658, #3541 ) ;
#4372 = VECTOR ( 'NONE', #2851, 1000.000000000000000 ) ;
#4373 = ORIENTED_EDGE ( 'NONE', *, *, #5105, .T. ) ;
#4374 = FACE_OUTER_BOUND ( 'NONE', #1241, .T. ) ;
#4375 = DIRECTION ( 'NONE',  ( 0.000000000000000000, 0.000000000000000000, 1.000000000000000000 ) ) ;
#4376 = CARTESIAN_POINT ( 'NONE',  ( 1.797444280172685982, 0.4999999999999483746, -34.99999999999999289 ) ) ;
#4377 = ORIENTED_EDGE ( 'NONE', *, *, #5370, .T. ) ;
#4378 = LINE ( 'NONE', #6381, #3486 ) ;
#4379 = CARTESIAN_POINT ( 'NONE',  ( 34.99744428017269371, 7.000000000000000000, 73.50000000000001421 ) ) ;
#4380 = ORIENTED_EDGE ( 'NONE', *, *, #5084, .F. ) ;
#4381 = DIRECTION ( 'NONE',  ( -0.000000000000000000, 0.000000000000000000, 1.000000000000000000 ) ) ;
#4382 = LINE ( 'NONE', #5431, #1705 ) ;
#4383 = CARTESIAN_POINT ( 'NONE',  ( 93.99744428017268660, 7.000000000000000000, -20.99999999999999645 ) ) ;
#4384 = ORIENTED_EDGE ( 'NONE', *, *, #3316, .F. ) ;
#4385 = CARTESIAN_POINT ( 'NONE',  ( 81.99744428017270081, -4.816681727819437597, -75.00000000000000000 ) ) ;
#4386 = EDGE_CURVE ( 'NONE', #3963, #2012, #4935, .T. ) ;
#4387 = EDGE_LOOP ( 'NONE', ( #1632, #5505, #5688, #5477 ) ) ;
#4388 = ADVANCED_FACE ( 'NONE', ( #4804 ), #5440, .F. ) ;
#4389 = CARTESIAN_POINT ( 'NONE',  ( -33.00255571982732050, 0.000000000000000000, -7.500000000000000000 ) ) ;
#4390 = ORIENTED_EDGE ( 'NONE', *, *, #2943, .F. ) ;
#4391 = ORIENTED_EDGE ( 'NONE', *, *, #527, .F. ) ;
#4392 = ORIENTED_EDGE ( 'NONE', *, *, #6528, .F. ) ;
#4393 = EDGE_CURVE ( 'NONE', #3592, #1217, #3310, .T. ) ;
#4394 = DIRECTION ( 'NONE',  ( 0.000000000000000000, 0.000000000000000000, -1.000000000000000000 ) ) ;
#4395 = CYLINDRICAL_SURFACE ( 'NONE', #2446, 1.500000000000001332 ) ;
#4396 = ORIENTED_EDGE ( 'NONE', *, *, #1390, .T. ) ;
#4397 = CYLINDRICAL_SURFACE ( 'NONE', #3010, 3.499999999999999556 ) ;
#4398 = DIRECTION ( 'NONE',  ( 0.000000000000000000, -1.000000000000000000, 0.000000000000000000 ) ) ;
#4399 = DIRECTION ( 'NONE',  ( -0.000000000000000000, -1.000000000000000000, -0.000000000000000000 ) ) ;
#4400 = ORIENTED_EDGE ( 'NONE', *, *, #4097, .T. ) ;
#4401 = CARTESIAN_POINT ( 'NONE',  ( 1.797444280172685982, 10.00000000000000000, 39.00000000000000711 ) ) ;
#4402 = CARTESIAN_POINT ( 'NONE',  ( 1.797444280172685982, 0.4999999999999483746, 34.99999999999999289 ) ) ;
#4403 = LINE ( 'NONE', #6546, #668 ) ;
#4404 = DIRECTION ( 'NONE',  ( -1.000000000000000000, 0.000000000000000000, 2.775557561562891351E-16 ) ) ;
#4405 = EDGE_LOOP ( 'NONE', ( #3364, #2656, #6500, #6385 ) ) ;
#4406 = DIRECTION ( 'NONE',  ( -1.000000000000000000, -0.000000000000000000, -2.775557561562891351E-16 ) ) ;
#4407 = DIRECTION ( 'NONE',  ( -1.387778780781445922E-16, -0.000000000000000000, -1.000000000000000000 ) ) ;
#4408 = EDGE_LOOP ( 'NONE', ( #2212, #734, #4352, #5067 ) ) ;
#4409 = FACE_BOUND ( 'NONE', #2704, .T. ) ;
#4410 = DIRECTION ( 'NONE',  ( 0.000000000000000000, -1.000000000000000000, 0.000000000000000000 ) ) ;
#4411 = ORIENTED_EDGE ( 'NONE', *, *, #762, .T. ) ;
#4412 = CARTESIAN_POINT ( 'NONE',  ( 1.797444280172686204, 10.00000000000000000, 33.49999999999999289 ) ) ;
#4413 = ORIENTED_EDGE ( 'NONE', *, *, #2793, .F. ) ;
#4414 = CARTESIAN_POINT ( 'NONE',  ( 1.997444280172694153, 10.00000000000000000, 75.00000000000001421 ) ) ;
#4415 = VECTOR ( 'NONE', #4394, 1000.000000000000000 ) ;
#4416 = ADVANCED_FACE ( 'NONE', ( #1770 ), #4320, .F. ) ;
#4417 = DIRECTION ( 'NONE',  ( -1.000000000000000000, -0.000000000000000000, 1.387778780781446169E-16 ) ) ;
#4418 = DIRECTION ( 'NONE',  ( -0.000000000000000000, 1.000000000000000000, -0.000000000000000000 ) ) ;
#4419 = VERTEX_POINT ( 'NONE', #4389 ) ;
#4420 = ADVANCED_FACE ( 'NONE', ( #5400 ), #681, .T. ) ;
#4421 = EDGE_LOOP ( 'NONE', ( #6492, #6563, #473, #1935, #3823, #5929, #3873, #497, #1207, #3101 ) ) ;
#4422 = CIRCLE ( 'NONE', #77, 2.999999999999999112 ) ;
#4423 = AXIS2_PLACEMENT_3D ( 'NONE', #5878, #2303, #704 ) ;
#4424 = VERTEX_POINT ( 'NONE', #143 ) ;
#4425 = AXIS2_PLACEMENT_3D ( 'NONE', #3883, #790, #3956 ) ;
#4426 = EDGE_CURVE ( 'NONE', #6507, #3547, #266, .T. ) ;
#4427 = CIRCLE ( 'NONE', #2248, 1.499999999999994449 ) ;
#4428 = CARTESIAN_POINT ( 'NONE',  ( -68.50255571982732761, 10.00000000000000000, 27.99999999999999289 ) ) ;
#4429 = EDGE_CURVE ( 'NONE', #2229, #3405, #783, .T. ) ;
#4430 = VERTEX_POINT ( 'NONE', #2822 ) ;
#4431 = DIRECTION ( 'NONE',  ( -1.000000000000000000, 0.000000000000000000, -0.000000000000000000 ) ) ;
#4432 = DIRECTION ( 'NONE',  ( 0.000000000000000000, 0.000000000000000000, 1.000000000000000000 ) ) ;
#4433 = DIRECTION ( 'NONE',  ( 0.000000000000000000, 0.000000000000000000, 1.000000000000000000 ) ) ;
#4434 = VECTOR ( 'NONE', #2918, 1000.000000000000000 ) ;
#4435 = AXIS2_PLACEMENT_3D ( 'NONE', #3153, #5212, #2090 ) ;
#4436 = AXIS2_PLACEMENT_3D ( 'NONE', #2909, #4988, #420 ) ;
#4437 = EDGE_LOOP ( 'NONE', ( #2927, #744 ) ) ;
#4438 = EDGE_CURVE ( 'NONE', #4969, #3456, #2393, .T. ) ;
#4439 = CARTESIAN_POINT ( 'NONE',  ( 79.99744428017268660, 7.000000000000000000, -68.75000000000000000 ) ) ;
#4440 = DIRECTION ( 'NONE',  ( -1.000000000000000000, 0.000000000000000000, -0.000000000000000000 ) ) ;
#4441 = LINE ( 'NONE', #4987, #125 ) ;
#4442 = LINE ( 'NONE', #1849, #136 ) ;
#4443 = DIRECTION ( 'NONE',  ( 0.000000000000000000, -1.000000000000000000, 0.000000000000000000 ) ) ;
#4444 = ORIENTED_EDGE ( 'NONE', *, *, #6139, .F. ) ;
#4445 = AXIS2_PLACEMENT_3D ( 'NONE', #4369, #3827, #212 ) ;
#4446 = LINE ( 'NONE', #2951, #755 ) ;
#4447 = DIRECTION ( 'NONE',  ( 0.000000000000000000, 0.000000000000000000, 1.000000000000000000 ) ) ;
#4448 = AXIS2_PLACEMENT_3D ( 'NONE', #2373, #2886, #1964 ) ;
#4449 = DIRECTION ( 'NONE',  ( -0.000000000000000000, 1.000000000000000000, -0.000000000000000000 ) ) ;
#4450 = CARTESIAN_POINT ( 'NONE',  ( -29.50255571982732761, 1.600000000000002975, -19.03700908475525821 ) ) ;
#4451 = CARTESIAN_POINT ( 'NONE',  ( 1.797444280172685982, 10.00000000000000000, 34.99999999999999289 ) ) ;
#4452 = LINE ( 'NONE', #2333, #3391 ) ;
#4453 = ORIENTED_EDGE ( 'NONE', *, *, #2700, .T. ) ;
#4454 = LINE ( 'NONE', #5989, #4220 ) ;
#4455 = CIRCLE ( 'NONE', #2826, 1.500000000000001332 ) ;
#4456 = DIRECTION ( 'NONE',  ( -0.000000000000000000, -1.000000000000000000, -0.000000000000000000 ) ) ;
#4457 = LINE ( 'NONE', #6562, #6094 ) ;
#4458 = ORIENTED_EDGE ( 'NONE', *, *, #6639, .T. ) ;
#4459 = VERTEX_POINT ( 'NONE', #3814 ) ;
#4460 = VECTOR ( 'NONE', #6253, 1000.000000000000000 ) ;
#4461 = EDGE_LOOP ( 'NONE', ( #5037, #5367, #3004, #3484 ) ) ;
#4462 = EDGE_CURVE ( 'NONE', #4262, #753, #169, .T. ) ;
#4463 = AXIS2_PLACEMENT_3D ( 'NONE', #4043, #4595, #6656 ) ;
#4464 = CYLINDRICAL_SURFACE ( 'NONE', #1314, 2.249999999999998668 ) ;
#4465 = CARTESIAN_POINT ( 'NONE',  ( 34.99744428017269371, 7.000000000000000000, -68.75000000000000000 ) ) ;
#4466 = ORIENTED_EDGE ( 'NONE', *, *, #1658, .T. ) ;
#4467 = DIRECTION ( 'NONE',  ( -0.000000000000000000, 1.000000000000000000, -0.000000000000000000 ) ) ;
#4468 = DIRECTION ( 'NONE',  ( 0.000000000000000000, 0.000000000000000000, 1.000000000000000000 ) ) ;
#4469 = CARTESIAN_POINT ( 'NONE',  ( 24.99744428017270081, -3.000000000000000000, 47.00000000000001421 ) ) ;
#4470 = CIRCLE ( 'NONE', #3923, 2.000000000000001776 ) ;
#4471 = VECTOR ( 'NONE', #5087, 1000.000000000000000 ) ;
#4472 = ADVANCED_FACE ( 'NONE', ( #1700 ), #647, .T. ) ;
#4473 = EDGE_CURVE ( 'NONE', #5158, #5038, #6197, .T. ) ;
#4474 = AXIS2_PLACEMENT_3D ( 'NONE', #2816, #3274, #3335 ) ;
#4475 = VECTOR ( 'NONE', #2254, 1000.000000000000000 ) ;
#4476 = ORIENTED_EDGE ( 'NONE', *, *, #64, .T. ) ;
#4477 = DIRECTION ( 'NONE',  ( -1.000000000000000000, 0.000000000000000000, 9.251858538542971581E-17 ) ) ;
#4478 = CARTESIAN_POINT ( 'NONE',  ( -74.00255571982731340, 5.000000000000000000, 23.25000000000000000 ) ) ;
#4479 = CARTESIAN_POINT ( 'NONE',  ( 1.797444280172685982, 7.000000000000000000, 37.00000000000000000 ) ) ;
#4480 = LINE ( 'NONE', #1883, #2800 ) ;
#4481 = ORIENTED_EDGE ( 'NONE', *, *, #5497, .F. ) ;
#4482 = AXIS2_PLACEMENT_3D ( 'NONE', #4038, #3608, #6117 ) ;
#4483 = AXIS2_PLACEMENT_3D ( 'NONE', #6211, #1554, #942 ) ;
#4484 = ADVANCED_FACE ( 'NONE', ( #2783 ), #4357, .F. ) ;
#4485 = FACE_OUTER_BOUND ( 'NONE', #4326, .T. ) ;
#4486 = DIRECTION ( 'NONE',  ( 0.000000000000000000, -0.7071067811865616726, -0.7071067811865334729 ) ) ;
#4487 = CARTESIAN_POINT ( 'NONE',  ( -48.50255571982733471, 5.000000000000000000, 20.99999999999999289 ) ) ;
#4488 = CARTESIAN_POINT ( 'NONE',  ( 0.000000000000000000, 0.000000000000000000, 0.000000000000000000 ) ) ;
#4489 = CARTESIAN_POINT ( 'NONE',  ( 34.99744428017269371, 0.000000000000000000, 73.99999999999998579 ) ) ;
#4490 = CARTESIAN_POINT ( 'NONE',  ( 36.99744428017269371, -3.000000000000000000, 35.00000000000001421 ) ) ;
#4491 = ORIENTED_EDGE ( 'NONE', *, *, #6465, .F. ) ;
#4492 = CARTESIAN_POINT ( 'NONE',  ( -67.50255571982732761, 0.000000000000000000, -13.50000000000000178 ) ) ;
#4493 = ADVANCED_FACE ( 'NONE', ( #5916 ), #6490, .F. ) ;
#4494 = DIRECTION ( 'NONE',  ( 0.000000000000000000, -1.000000000000000000, 0.000000000000000000 ) ) ;
#4495 = ADVANCED_FACE ( 'NONE', ( #5993 ), #3050, .F. ) ;
#4496 = CARTESIAN_POINT ( 'NONE',  ( 1.997444280172694153, 7.000000000000000000, 75.00000000000001421 ) ) ;
#4497 = ORIENTED_EDGE ( 'NONE', *, *, #1658, .F. ) ;
#4498 = VERTEX_POINT ( 'NONE', #5299 ) ;
#4499 = CARTESIAN_POINT ( 'NONE',  ( -73.00255571982731340, 0.000000000000000000, -10.00000000000000178 ) ) ;
#4500 = ORIENTED_EDGE ( 'NONE', *, *, #2499, .F. ) ;
#4501 = EDGE_LOOP ( 'NONE', ( #4073, #4505, #4120, #5955, #82 ) ) ;
#4502 = DIRECTION ( 'NONE',  ( 0.000000000000000000, 1.000000000000000000, 0.000000000000000000 ) ) ;
#4503 = CARTESIAN_POINT ( 'NONE',  ( 83.99744428017270081, -10.00000000000000000, 47.00000000000001421 ) ) ;
#4504 = ORIENTED_EDGE ( 'NONE', *, *, #3574, .T. ) ;
#4505 = ORIENTED_EDGE ( 'NONE', *, *, #5176, .T. ) ;
#4506 = EDGE_CURVE ( 'NONE', #3911, #5154, #2722, .T. ) ;
#4507 = CARTESIAN_POINT ( 'NONE',  ( 79.99744428017268660, 10.00000000000000000, -73.50000000000001421 ) ) ;
#4508 = CARTESIAN_POINT ( 'NONE',  ( -38.50255571982732761, 0.000000000000000000, -13.50000000000000178 ) ) ;
#4509 = EDGE_CURVE ( 'NONE', #1872, #5601, #6051, .T. ) ;
#4510 = DIRECTION ( 'NONE',  ( -1.000000000000000000, -0.000000000000000000, -0.000000000000000000 ) ) ;
#4511 = DIRECTION ( 'NONE',  ( 0.000000000000000000, 0.000000000000000000, 1.000000000000000000 ) ) ;
#4512 = VERTEX_POINT ( 'NONE', #5575 ) ;
#4513 = CARTESIAN_POINT ( 'NONE',  ( 86.99744428017270081, 4.000000000000000000, -34.99999999999999289 ) ) ;
#4514 = LINE ( 'NONE', #912, #553 ) ;
#4515 = EDGE_CURVE ( 'NONE', #3687, #3206, #6085, .T. ) ;
#4516 = LINE ( 'NONE', #5533, #1100 ) ;
#4517 = DIRECTION ( 'NONE',  ( 1.000000000000000000, 0.000000000000000000, 0.000000000000000000 ) ) ;
#4518 = CARTESIAN_POINT ( 'NONE',  ( -58.50255571982733471, 10.00000000000000000, -13.50000000000000178 ) ) ;
#4519 = ORIENTED_EDGE ( 'NONE', *, *, #5258, .T. ) ;
#4520 = CARTESIAN_POINT ( 'NONE',  ( 1.797444280172685982, 7.000000000000000000, 45.00000000000000000 ) ) ;
#4521 = LINE ( 'NONE', #5059, #74 ) ;
#4522 = CARTESIAN_POINT ( 'NONE',  ( 77.68975197248032316, 10.00000000000000000, -74.28846153846150457 ) ) ;
#4523 = DIRECTION ( 'NONE',  ( 0.000000000000000000, -1.000000000000000000, 0.000000000000000000 ) ) ;
#4524 = VERTEX_POINT ( 'NONE', #5035 ) ;
#4525 = EDGE_CURVE ( 'NONE', #823, #1231, #4901, .T. ) ;
#4526 = ORIENTED_EDGE ( 'NONE', *, *, #5083, .F. ) ;
#4527 = ORIENTED_EDGE ( 'NONE', *, *, #937, .T. ) ;
#4528 = AXIS2_PLACEMENT_3D ( 'NONE', #385, #2150, #4740 ) ;
#4529 = FACE_OUTER_BOUND ( 'NONE', #6585, .T. ) ;
#4530 = VECTOR ( 'NONE', #5145, 1000.000000000000114 ) ;
#4531 = VECTOR ( 'NONE', #3089, 1000.000000000000000 ) ;
#4532 = VERTEX_POINT ( 'NONE', #5503 ) ;
#4533 = CARTESIAN_POINT ( 'NONE',  ( -29.50255571982732761, 1.600000000000002975, 19.03700908475525821 ) ) ;
#4534 = CYLINDRICAL_SURFACE ( 'NONE', #2372, 1.500000000000001332 ) ;
#4535 = VERTEX_POINT ( 'NONE', #6023 ) ;
#4536 = CIRCLE ( 'NONE', #6161, 1.999999999999974021 ) ;
#4537 = CIRCLE ( 'NONE', #6260, 1.000000000000000888 ) ;
#4538 = ORIENTED_EDGE ( 'NONE', *, *, #6649, .T. ) ;
#4539 = ORIENTED_EDGE ( 'NONE', *, *, #6443, .T. ) ;
#4540 = PLANE ( 'NONE',  #5227 ) ;
#4541 = CIRCLE ( 'NONE', #2361, 2.249999999999998668 ) ;
#4542 = LINE ( 'NONE', #5626, #4968 ) ;
#4543 = VECTOR ( 'NONE', #6437, 1000.000000000000000 ) ;
#4544 = LINE ( 'NONE', #5080, #4984 ) ;
#4545 = ORIENTED_EDGE ( 'NONE', *, *, #724, .F. ) ;
#4546 = EDGE_CURVE ( 'NONE', #5443, #752, #3545, .T. ) ;
#4547 = AXIS2_PLACEMENT_3D ( 'NONE', #5348, #5861, #658 ) ;
#4548 = EDGE_CURVE ( 'NONE', #2488, #2925, #4457, .T. ) ;
#4549 = CARTESIAN_POINT ( 'NONE',  ( 0.000000000000000000, 10.00000000000000000, 17.07401816951053419 ) ) ;
#4550 = CYLINDRICAL_SURFACE ( 'NONE', #4238, 1.500000000000001332 ) ;
#4551 = CARTESIAN_POINT ( 'NONE',  ( 82.01215016252571388, 7.000000000000000000, -75.00000000000000000 ) ) ;
#4552 = DIRECTION ( 'NONE',  ( 0.000000000000000000, 1.000000000000000000, 0.000000000000000000 ) ) ;
#4553 = DIRECTION ( 'NONE',  ( 0.000000000000000000, 1.000000000000000000, 0.000000000000000000 ) ) ;
#4554 = PLANE ( 'NONE',  #6056 ) ;
#4555 = VERTEX_POINT ( 'NONE', #1896 ) ;
#4556 = DIRECTION ( 'NONE',  ( 0.000000000000000000, 1.000000000000000000, 0.000000000000000000 ) ) ;
#4557 = VECTOR ( 'NONE', #4399, 1000.000000000000000 ) ;
#4558 = CARTESIAN_POINT ( 'NONE',  ( -73.00255571982731340, 10.00000000000000000, 8.000000000000001776 ) ) ;
#4559 = ADVANCED_FACE ( 'NONE', ( #398 ), #3499, .F. ) ;
#4560 = EDGE_CURVE ( 'NONE', #6642, #5186, #3279, .T. ) ;
#4561 = AXIS2_PLACEMENT_3D ( 'NONE', #4180, #6655, #1022 ) ;
#4562 = DIRECTION ( 'NONE',  ( 1.000000000000000000, 0.000000000000000000, -1.387778780781445922E-16 ) ) ;
#4563 = DIRECTION ( 'NONE',  ( 0.000000000000000000, 0.000000000000000000, 1.000000000000000000 ) ) ;
#4564 = DIRECTION ( 'NONE',  ( 0.000000000000000000, 0.000000000000000000, -1.000000000000000000 ) ) ;
#4565 = ORIENTED_EDGE ( 'NONE', *, *, #4097, .F. ) ;
#4566 = ORIENTED_EDGE ( 'NONE', *, *, #3888, .F. ) ;
#4567 = CIRCLE ( 'NONE', #426, 1.000000000000000888 ) ;
#4568 = ADVANCED_FACE ( 'NONE', ( #921 ), #1461, .F. ) ;
#4569 = AXIS2_PLACEMENT_3D ( 'NONE', #2040, #2621, #4702 ) ;
#4570 = DIRECTION ( 'NONE',  ( -1.000000000000000000, -0.000000000000000000, 0.000000000000000000 ) ) ;
#4571 = FACE_OUTER_BOUND ( 'NONE', #3276, .T. ) ;
#4572 = EDGE_LOOP ( 'NONE', ( #5548, #4736 ) ) ;
#4573 = DIRECTION ( 'NONE',  ( -1.000000000000000000, 0.000000000000000000, -0.000000000000000000 ) ) ;
#4574 = CYLINDRICAL_SURFACE ( 'NONE', #4004, 2.000000000000001776 ) ;
#4575 = ORIENTED_EDGE ( 'NONE', *, *, #5171, .T. ) ;
#4576 = CIRCLE ( 'NONE', #5322, 3.250000000000002665 ) ;
#4577 = ORIENTED_EDGE ( 'NONE', *, *, #722, .T. ) ;
#4578 = EDGE_LOOP ( 'NONE', ( #2650, #4983, #6066, #4373, #3658, #916, #2258, #3917, #4539 ) ) ;
#4579 = DIRECTION ( 'NONE',  ( 0.000000000000000000, 0.000000000000000000, 1.000000000000000000 ) ) ;
#4580 = AXIS2_PLACEMENT_3D ( 'NONE', #1395, #3948, #3479 ) ;
#4581 = CARTESIAN_POINT ( 'NONE',  ( 34.99744428017269371, 0.000000000000000000, -70.00000000000002842 ) ) ;
#4582 = CARTESIAN_POINT ( 'NONE',  ( -33.00255571982732050, 0.000000000000000000, -12.00000000000000355 ) ) ;
#4583 = VERTEX_POINT ( 'NONE', #5605 ) ;
#4584 = CIRCLE ( 'NONE', #5017, 1.000000000000000888 ) ;
#4585 = AXIS2_PLACEMENT_3D ( 'NONE', #5182, #26, #1481 ) ;
#4586 = CARTESIAN_POINT ( 'NONE',  ( -55.50255571982733471, 0.000000000000000000, 27.99999999999999289 ) ) ;
#4587 = CARTESIAN_POINT ( 'NONE',  ( 34.99744428017269371, 10.00000000000000000, -72.00000000000001421 ) ) ;
#4588 = PLANE ( 'NONE',  #4592 ) ;
#4589 = DIRECTION ( 'NONE',  ( 0.000000000000000000, 0.000000000000000000, 1.000000000000000000 ) ) ;
#4590 = LINE ( 'NONE', #1859, #191 ) ;
#4591 = EDGE_LOOP ( 'NONE', ( #5711, #5131 ) ) ;
#4592 = AXIS2_PLACEMENT_3D ( 'NONE', #460, #1989, #3119 ) ;
#4593 = VECTOR ( 'NONE', #1293, 1000.000000000000227 ) ;
#4594 = DIRECTION ( 'NONE',  ( 0.000000000000000000, -1.000000000000000000, 0.000000000000000000 ) ) ;
#4595 = DIRECTION ( 'NONE',  ( -1.000000000000000000, 0.000000000000000000, 2.775557561562891351E-16 ) ) ;
#4596 = EDGE_CURVE ( 'NONE', #5791, #4256, #4576, .T. ) ;
#4597 = CARTESIAN_POINT ( 'NONE',  ( -58.50255571982733471, 0.000000000000000000, 14.50000000000000178 ) ) ;
#4598 = DIRECTION ( 'NONE',  ( -1.000000000000000000, -0.000000000000000000, -0.000000000000000000 ) ) ;
#4599 = ORIENTED_EDGE ( 'NONE', *, *, #4893, .F. ) ;
#4600 = FACE_BOUND ( 'NONE', #3933, .T. ) ;
#4601 = EDGE_CURVE ( 'NONE', #6567, #928, #2490, .T. ) ;
#4602 = ORIENTED_EDGE ( 'NONE', *, *, #2270, .F. ) ;
#4603 = CARTESIAN_POINT ( 'NONE',  ( -33.00255571982732050, 0.5000000000000204281, 9.999999999999998224 ) ) ;
#4604 = DIRECTION ( 'NONE',  ( 0.000000000000000000, -2.209286174613468511E-16, 1.000000000000000000 ) ) ;
#4605 = EDGE_CURVE ( 'NONE', #3906, #3133, #5874, .T. ) ;
#4606 = CARTESIAN_POINT ( 'NONE',  ( 1.797444280172685982, 10.00000000000000000, -33.49999999999999289 ) ) ;
#4607 = ORIENTED_EDGE ( 'NONE', *, *, #238, .T. ) ;
#4608 = ORIENTED_EDGE ( 'NONE', *, *, #340, .F. ) ;
#4609 = ORIENTED_EDGE ( 'NONE', *, *, #5140, .T. ) ;
#4610 = DIRECTION ( 'NONE',  ( -0.000000000000000000, 1.000000000000000000, -0.000000000000000000 ) ) ;
#4611 = DIRECTION ( 'NONE',  ( -1.000000000000000000, 0.000000000000000000, 0.000000000000000000 ) ) ;
#4612 = DIRECTION ( 'NONE',  ( -1.000000000000000000, -0.000000000000000000, 2.775557561562891351E-16 ) ) ;
#4613 = ORIENTED_EDGE ( 'NONE', *, *, #4806, .T. ) ;
#4614 = ADVANCED_FACE ( 'NONE', ( #367 ), #436, .F. ) ;
#4615 = CARTESIAN_POINT ( 'NONE',  ( 93.99744428017268660, 7.000000000000000000, -20.99999999999999645 ) ) ;
#4616 = CARTESIAN_POINT ( 'NONE',  ( 93.99744428017268660, 4.000000000000000000, -20.99999999999999645 ) ) ;
#4617 = DIRECTION ( 'NONE',  ( 0.000000000000000000, 0.000000000000000000, 1.000000000000000000 ) ) ;
#4618 = FACE_BOUND ( 'NONE', #4861, .T. ) ;
#4619 = FACE_BOUND ( 'NONE', #243, .T. ) ;
#4620 = ORIENTED_EDGE ( 'NONE', *, *, #2113, .T. ) ;
#4621 = DIRECTION ( 'NONE',  ( 0.000000000000000000, 0.000000000000000000, 1.000000000000000000 ) ) ;
#4622 = PLANE ( 'NONE',  #5643 ) ;
#4623 = CARTESIAN_POINT ( 'NONE',  ( -49.33098284457353344, 9.171572875253810153, 27.99999999999999289 ) ) ;
#4624 = EDGE_LOOP ( 'NONE', ( #4929, #5010 ) ) ;
#4625 = VERTEX_POINT ( 'NONE', #1866 ) ;
#4626 = LINE ( 'NONE', #1093, #5444 ) ;
#4627 = ORIENTED_EDGE ( 'NONE', *, *, #724, .T. ) ;
#4628 = EDGE_CURVE ( 'NONE', #684, #6458, #764, .T. ) ;
#4629 = EDGE_CURVE ( 'NONE', #2896, #2883, #1995, .T. ) ;
#4630 = DIRECTION ( 'NONE',  ( 0.000000000000000000, 1.000000000000000000, 0.000000000000000000 ) ) ;
#4631 = VERTEX_POINT ( 'NONE', #3414 ) ;
#4632 = DIRECTION ( 'NONE',  ( 0.000000000000000000, 0.000000000000000000, -1.000000000000000000 ) ) ;
#4633 = CYLINDRICAL_SURFACE ( 'NONE', #1404, 1.500000000000001332 ) ;
#4634 = ORIENTED_EDGE ( 'NONE', *, *, #2718, .T. ) ;
#4635 = ADVANCED_FACE ( 'NONE', ( #5472 ), #298, .F. ) ;
#4636 = AXIS2_PLACEMENT_3D ( 'NONE', #46, #2114, #1607 ) ;
#4637 = EDGE_CURVE ( 'NONE', #2925, #1248, #5988, .T. ) ;
#4638 = CIRCLE ( 'NONE', #4960, 1.000000000000000888 ) ;
#4639 = LINE ( 'NONE', #5142, #6366 ) ;
#4640 = EDGE_LOOP ( 'NONE', ( #3976, #437, #4963, #2243 ) ) ;
#4641 = ORIENTED_EDGE ( 'NONE', *, *, #5669, .T. ) ;
#4642 = DIRECTION ( 'NONE',  ( 0.000000000000000000, 1.000000000000000000, 0.000000000000000000 ) ) ;
#4643 = DIRECTION ( 'NONE',  ( 0.000000000000000000, 0.000000000000000000, -1.000000000000000000 ) ) ;
#4644 = DIRECTION ( 'NONE',  ( 0.000000000000000000, 0.000000000000000000, -1.000000000000000000 ) ) ;
#4645 = ORIENTED_EDGE ( 'NONE', *, *, #2295, .T. ) ;
#4646 = AXIS2_PLACEMENT_3D ( 'NONE', #2663, #1651, #5896 ) ;
#4647 = AXIS2_PLACEMENT_3D ( 'NONE', #3408, #361, #4517 ) ;
#4648 = EDGE_CURVE ( 'NONE', #1062, #3069, #122, .T. ) ;
#4649 = VECTOR ( 'NONE', #3236, 1000.000000000000000 ) ;
#4650 = CARTESIAN_POINT ( 'NONE',  ( 34.74744428017270081, -4.816681727819437597, 35.00000000000001421 ) ) ;
#4651 = VECTOR ( 'NONE', #3402, 1000.000000000000000 ) ;
#4652 = CARTESIAN_POINT ( 'NONE',  ( -48.50255571982733471, 5.771571661589457421E-16, 27.17157287525380838 ) ) ;
#4653 = LINE ( 'NONE', #4688, #1534 ) ;
#4654 = CARTESIAN_POINT ( 'NONE',  ( 81.99744428017270081, -4.816681727819437597, 35.00000000000001421 ) ) ;
#4655 = LINE ( 'NONE', #6277, #6376 ) ;
#4656 = CARTESIAN_POINT ( 'NONE',  ( 34.99744428017269371, 7.000000000000000000, -72.00000000000001421 ) ) ;
#4657 = VERTEX_POINT ( 'NONE', #5228 ) ;
#4658 = DIRECTION ( 'NONE',  ( -0.000000000000000000, 1.000000000000000000, -0.000000000000000000 ) ) ;
#4659 = CARTESIAN_POINT ( 'NONE',  ( 77.99744428017271503, -10.00000000000000000, 35.00000000000001421 ) ) ;
#4660 = DIRECTION ( 'NONE',  ( -0.000000000000000000, -1.000000000000000000, -0.000000000000000000 ) ) ;
#4661 = VECTOR ( 'NONE', #3008, 1000.000000000000000 ) ;
#4662 = ORIENTED_EDGE ( 'NONE', *, *, #3103, .F. ) ;
#4663 = CARTESIAN_POINT ( 'NONE',  ( -50.50255571982733471, 2.000000000000000000, 27.99999999999999289 ) ) ;
#4664 = VERTEX_POINT ( 'NONE', #535 ) ;
#4665 = AXIS2_PLACEMENT_3D ( 'NONE', #6195, #966, #4162 ) ;
#4666 = DIRECTION ( 'NONE',  ( 0.000000000000000000, 0.000000000000000000, 1.000000000000000000 ) ) ;
#4667 = ORIENTED_EDGE ( 'NONE', *, *, #5258, .F. ) ;
#4668 = DIRECTION ( 'NONE',  ( 0.000000000000000000, 1.000000000000000000, 0.000000000000000000 ) ) ;
#4669 = ORIENTED_EDGE ( 'NONE', *, *, #1313, .F. ) ;
#4670 = CARTESIAN_POINT ( 'NONE',  ( -55.50255571982733471, 8.000000000000000000, -27.99999999999999289 ) ) ;
#4671 = EDGE_CURVE ( 'NONE', #2137, #1296, #3643, .T. ) ;
#4672 = VERTEX_POINT ( 'NONE', #465 ) ;
#4673 = VECTOR ( 'NONE', #1083, 1000.000000000000000 ) ;
#4674 = CARTESIAN_POINT ( 'NONE',  ( 1.797444280172685982, 0.4999999999999483746, 46.50000000000000000 ) ) ;
#4675 = CARTESIAN_POINT ( 'NONE',  ( 121.9974442801726866, 3.999999999999996447, 20.00000000000000000 ) ) ;
#4676 = VERTEX_POINT ( 'NONE', #5189 ) ;
#4677 = ORIENTED_EDGE ( 'NONE', *, *, #1149, .T. ) ;
#4678 = PLANE ( 'NONE',  #4308 ) ;
#4679 = DIRECTION ( 'NONE',  ( -0.000000000000000000, 1.000000000000000000, -0.000000000000000000 ) ) ;
#4680 = ADVANCED_FACE ( 'NONE', ( #4760 ), #1091, .T. ) ;
#4681 = DIRECTION ( 'NONE',  ( -0.000000000000000000, -1.000000000000000000, -0.000000000000000000 ) ) ;
#4682 = ORIENTED_EDGE ( 'NONE', *, *, #3061, .T. ) ;
#4683 = CIRCLE ( 'NONE', #322, 1.500000000000001332 ) ;
#4684 = EDGE_CURVE ( 'NONE', #5935, #4897, #35, .T. ) ;
#4685 = DIRECTION ( 'NONE',  ( 0.000000000000000000, 0.000000000000000000, 1.000000000000000000 ) ) ;
#4686 = AXIS2_PLACEMENT_3D ( 'NONE', #1302, #2310, #2207 ) ;
#4687 = DIRECTION ( 'NONE',  ( 0.000000000000000000, 0.000000000000000000, 1.000000000000000000 ) ) ;
#4688 = CARTESIAN_POINT ( 'NONE',  ( -50.50255571982733471, 0.000000000000000000, -27.99999999999999289 ) ) ;
#4689 = CARTESIAN_POINT ( 'NONE',  ( 34.99744428017269371, 7.000000000000000000, 72.00000000000001421 ) ) ;
#4690 = ORIENTED_EDGE ( 'NONE', *, *, #6498, .T. ) ;
#4691 = EDGE_CURVE ( 'NONE', #1496, #1536, #1212, .T. ) ;
#4692 = AXIS2_PLACEMENT_3D ( 'NONE', #6241, #2494, #4589 ) ;
#4693 = DIRECTION ( 'NONE',  ( 1.000000000000000000, -0.000000000000000000, -1.387778780781445922E-16 ) ) ;
#4694 = VECTOR ( 'NONE', #5294, 1000.000000000000000 ) ;
#4695 = AXIS2_PLACEMENT_3D ( 'NONE', #4915, #1349, #3427 ) ;
#4696 = DIRECTION ( 'NONE',  ( 0.000000000000000000, 0.000000000000000000, -1.000000000000000000 ) ) ;
#4697 = ORIENTED_EDGE ( 'NONE', *, *, #2113, .F. ) ;
#4698 = PLANE ( 'NONE',  #1649 ) ;
#4699 = VERTEX_POINT ( 'NONE', #3614 ) ;
#4700 = AXIS2_PLACEMENT_3D ( 'NONE', #1458, #950, #2536 ) ;
#4701 = AXIS2_PLACEMENT_3D ( 'NONE', #4488, #2855, #6452 ) ;
#4702 = DIRECTION ( 'NONE',  ( 0.000000000000000000, 0.000000000000000000, 1.000000000000000000 ) ) ;
#4703 = ORIENTED_EDGE ( 'NONE', *, *, #1246, .F. ) ;
#4704 = EDGE_LOOP ( 'NONE', ( #4545, #5307, #4634, #3686 ) ) ;
#4705 = EDGE_LOOP ( 'NONE', ( #756, #6472, #5045, #1869 ) ) ;
#4706 = LINE ( 'NONE', #6261, #962 ) ;
#4707 = DIRECTION ( 'NONE',  ( -0.000000000000000000, -1.000000000000000000, -0.000000000000000000 ) ) ;
#4708 = ORIENTED_EDGE ( 'NONE', *, *, #6364, .T. ) ;
#4709 = ORIENTED_EDGE ( 'NONE', *, *, #441, .T. ) ;
#4710 = CARTESIAN_POINT ( 'NONE',  ( 32.99744428017268660, 0.000000000000000000, -75.00000000000000000 ) ) ;
#4711 = DIRECTION ( 'NONE',  ( 0.000000000000000000, 1.000000000000000000, 0.000000000000000000 ) ) ;
#4712 = LINE ( 'NONE', #3660, #3134 ) ;
#4713 = ORIENTED_EDGE ( 'NONE', *, *, #443, .F. ) ;
#4715 = ADVANCED_FACE ( 'NONE', ( #1023 ), #2538, .F. ) ;
#4714 = DIRECTION ( 'NONE',  ( -1.000000000000000000, -0.000000000000000000, -2.775557561562891351E-16 ) ) ;
#4716 = DIRECTION ( 'NONE',  ( 0.000000000000000000, 0.000000000000000000, 1.000000000000000000 ) ) ;
#4717 = ADVANCED_FACE ( 'NONE', ( #4182, #496 ), #1591, .F. ) ;
#4718 = ORIENTED_EDGE ( 'NONE', *, *, #4843, .T. ) ;
#4719 = EDGE_CURVE ( 'NONE', #6133, #6638, #994, .T. ) ;
#4720 = PLANE ( 'NONE',  #872 ) ;
#4721 = CARTESIAN_POINT ( 'NONE',  ( -33.00255571982732050, 10.00000000000000000, 9.999999999999998224 ) ) ;
#4722 = FACE_OUTER_BOUND ( 'NONE', #1699, .T. ) ;
#4723 = FACE_OUTER_BOUND ( 'NONE', #6544, .T. ) ;
#4724 = CARTESIAN_POINT ( 'NONE',  ( -28.00255571982732050, 5.000000000000000000, -20.99999999999998579 ) ) ;
#4725 = ORIENTED_EDGE ( 'NONE', *, *, #6348, .T. ) ;
#4726 = EDGE_CURVE ( 'NONE', #2991, #667, #4136, .T. ) ;
#4727 = ADVANCED_FACE ( 'NONE', ( #2068 ), #2572, .F. ) ;
#4728 = LINE ( 'NONE', #6148, #5093 ) ;
#4729 = DIRECTION ( 'NONE',  ( 0.000000000000000000, 1.000000000000000000, 0.000000000000000000 ) ) ;
#4730 = VERTEX_POINT ( 'NONE', #5127 ) ;
#4731 = CARTESIAN_POINT ( 'NONE',  ( -48.50255571982733471, 0.000000000000000000, -25.00000000000000000 ) ) ;
#4732 = EDGE_LOOP ( 'NONE', ( #1201, #5204 ) ) ;
#4733 = EDGE_CURVE ( 'NONE', #6180, #1052, #1318, .T. ) ;
#4734 = CYLINDRICAL_SURFACE ( 'NONE', #3495, 3.250000000000002665 ) ;
#4735 = ORIENTED_EDGE ( 'NONE', *, *, #4967, .F. ) ;
#4736 = ORIENTED_EDGE ( 'NONE', *, *, #5827, .T. ) ;
#4737 = ORIENTED_EDGE ( 'NONE', *, *, #2502, .F. ) ;
#4738 = EDGE_CURVE ( 'NONE', #6484, #562, #4970, .T. ) ;
#4739 = FACE_OUTER_BOUND ( 'NONE', #1756, .T. ) ;
#4740 = DIRECTION ( 'NONE',  ( 0.000000000000000000, 0.000000000000000000, 1.000000000000000000 ) ) ;
#4741 = ORIENTED_EDGE ( 'NONE', *, *, #2884, .F. ) ;
#4742 = VERTEX_POINT ( 'NONE', #3710 ) ;
#4743 = DIRECTION ( 'NONE',  ( 0.000000000000000000, 0.000000000000000000, 1.000000000000000000 ) ) ;
#4744 = CARTESIAN_POINT ( 'NONE',  ( 36.99744428017270081, -7.000000000000000000, 35.00000000000001421 ) ) ;
#4745 = CARTESIAN_POINT ( 'NONE',  ( 36.99744428017270081, 0.000000000000000000, 47.00000000000001421 ) ) ;
#4746 = ORIENTED_EDGE ( 'NONE', *, *, #2348, .F. ) ;
#4747 = VECTOR ( 'NONE', #2762, 1000.000000000000227 ) ;
#4748 = DIRECTION ( 'NONE',  ( 1.000000000000000000, 0.000000000000000000, 0.000000000000000000 ) ) ;
#4749 = ORIENTED_EDGE ( 'NONE', *, *, #2053, .T. ) ;
#4750 = LINE ( 'NONE', #1344, #1844 ) ;
#4751 = DIRECTION ( 'NONE',  ( -1.000000000000000000, -0.000000000000000000, -2.775557561562891351E-16 ) ) ;
#4752 = VECTOR ( 'NONE', #5514, 999.9999999999998863 ) ;
#4753 = DIRECTION ( 'NONE',  ( -0.000000000000000000, -1.000000000000000000, 0.000000000000000000 ) ) ;
#4754 = CIRCLE ( 'NONE', #1384, 2.499999999999981348 ) ;
#4755 = DIRECTION ( 'NONE',  ( 0.6217866900406715525, -0.000000000000000000, 0.7831866393703776907 ) ) ;
#4756 = ORIENTED_EDGE ( 'NONE', *, *, #2884, .T. ) ;
#4757 = ADVANCED_FACE ( 'NONE', ( #5781 ), #6219, .T. ) ;
#4758 = VECTOR ( 'NONE', #6061, 1000.000000000000000 ) ;
#4759 = CYLINDRICAL_SURFACE ( 'NONE', #2710, 3.000000000000002665 ) ;
#4760 = FACE_OUTER_BOUND ( 'NONE', #3251, .T. ) ;
#4761 = PLANE ( 'NONE',  #2570 ) ;
#4762 = DIRECTION ( 'NONE',  ( 1.000000000000000000, 0.000000000000000000, 0.000000000000000000 ) ) ;
#4763 = VERTEX_POINT ( 'NONE', #3201 ) ;
#4764 = AXIS2_PLACEMENT_3D ( 'NONE', #5153, #1586, #1086 ) ;
#4765 = EDGE_CURVE ( 'NONE', #450, #5351, #5107, .T. ) ;
#4766 = ORIENTED_EDGE ( 'NONE', *, *, #722, .F. ) ;
#4767 = EDGE_CURVE ( 'NONE', #549, #2935, #6319, .T. ) ;
#4768 = EDGE_CURVE ( 'NONE', #2948, #2662, #1531, .T. ) ;
#4769 = VECTOR ( 'NONE', #5824, 1000.000000000000000 ) ;
#4770 = CARTESIAN_POINT ( 'NONE',  ( -33.00255571982732050, 0.000000000000000000, 12.50000000000000000 ) ) ;
#4771 = ORIENTED_EDGE ( 'NONE', *, *, #4738, .T. ) ;
#4772 = ORIENTED_EDGE ( 'NONE', *, *, #2556, .F. ) ;
#4773 = VECTOR ( 'NONE', #3756, 1000.000000000000000 ) ;
#4774 = EDGE_CURVE ( 'NONE', #1052, #6180, #3924, .T. ) ;
#4775 = ORIENTED_EDGE ( 'NONE', *, *, #4188, .T. ) ;
#4776 = LINE ( 'NONE', #5759, #2024 ) ;
#4777 = ORIENTED_EDGE ( 'NONE', *, *, #3533, .F. ) ;
#4778 = ORIENTED_EDGE ( 'NONE', *, *, #4297, .F. ) ;
#4779 = DIRECTION ( 'NONE',  ( -0.000000000000000000, -0.000000000000000000, 1.000000000000000000 ) ) ;
#4780 = LINE ( 'NONE', #6363, #4869 ) ;
#4781 = CARTESIAN_POINT ( 'NONE',  ( -48.50255571982733471, 10.00000000000000000, 25.00000000000000000 ) ) ;
#4782 = CIRCLE ( 'NONE', #2820, 1.750000000000001554 ) ;
#4783 = FACE_OUTER_BOUND ( 'NONE', #2311, .T. ) ;
#4784 = ORIENTED_EDGE ( 'NONE', *, *, #443, .T. ) ;
#4785 = DIRECTION ( 'NONE',  ( 0.000000000000000000, -2.209286174613468511E-16, -1.000000000000000000 ) ) ;
#4786 = CARTESIAN_POINT ( 'NONE',  ( 79.99744428017268660, 7.000000000000000000, 70.50000000000000000 ) ) ;
#4787 = AXIS2_PLACEMENT_3D ( 'NONE', #4011, #6095, #5133 ) ;
#4788 = DIRECTION ( 'NONE',  ( -0.3807498052542680478, 0.000000000000000000, 0.9246780984747270393 ) ) ;
#4789 = CARTESIAN_POINT ( 'NONE',  ( 77.68975197248032316, 7.000000000000000000, -74.28846153846150457 ) ) ;
#4790 = ORIENTED_EDGE ( 'NONE', *, *, #3965, .F. ) ;
#4791 = FACE_OUTER_BOUND ( 'NONE', #96, .T. ) ;
#4792 = CARTESIAN_POINT ( 'NONE',  ( -29.50255571982732761, 0.000000000000000000, 0.000000000000000000 ) ) ;
#4793 = VERTEX_POINT ( 'NONE', #4379 ) ;
#4794 = CARTESIAN_POINT ( 'NONE',  ( 86.99744428017270081, 0.000000000000000000, 75.00000000000001421 ) ) ;
#4795 = CARTESIAN_POINT ( 'NONE',  ( 32.21859812632653330, 7.000000000000000000, 73.14423076923067413 ) ) ;
#4796 = CIRCLE ( 'NONE', #5013, 2.249999999999998668 ) ;
#4797 = ORIENTED_EDGE ( 'NONE', *, *, #1601, .F. ) ;
#4798 = CARTESIAN_POINT ( 'NONE',  ( -48.50255571982733471, 10.00000000000000000, 25.99999999999999645 ) ) ;
#4799 = VECTOR ( 'NONE', #4891, 1000.000000000000000 ) ;
#4800 = ORIENTED_EDGE ( 'NONE', *, *, #893, .F. ) ;
#4801 = CIRCLE ( 'NONE', #1107, 2.000000000000008882 ) ;
#4802 = VECTOR ( 'NONE', #3930, 1000.000000000000000 ) ;
#4803 = ADVANCED_FACE ( 'NONE', ( #1291 ), #5841, .T. ) ;
#4804 = FACE_OUTER_BOUND ( 'NONE', #959, .T. ) ;
#4805 = ORIENTED_EDGE ( 'NONE', *, *, #3072, .T. ) ;
#4806 = EDGE_CURVE ( 'NONE', #3817, #4192, #2853, .T. ) ;
#4807 = ORIENTED_EDGE ( 'NONE', *, *, #6550, .F. ) ;
#4808 = CIRCLE ( 'NONE', #4482, 2.000000000000005329 ) ;
#4809 = AXIS2_PLACEMENT_3D ( 'NONE', #4587, #4138, #1517 ) ;
#4810 = ORIENTED_EDGE ( 'NONE', *, *, #2882, .F. ) ;
#4811 = EDGE_CURVE ( 'NONE', #348, #2574, #5908, .T. ) ;
#4812 = ORIENTED_EDGE ( 'NONE', *, *, #1478, .T. ) ;
#4813 = CYLINDRICAL_SURFACE ( 'NONE', #1488, 2.999999999999999112 ) ;
#4814 = CARTESIAN_POINT ( 'NONE',  ( 1.797444280172685982, 0.000000000000000000, 45.00000000000000000 ) ) ;
#4815 = DIRECTION ( 'NONE',  ( 0.000000000000000000, -1.000000000000000000, 0.000000000000000000 ) ) ;
#4816 = CARTESIAN_POINT ( 'NONE',  ( 79.99744428017268660, 7.000000000000000000, -72.00000000000001421 ) ) ;
#4817 = CARTESIAN_POINT ( 'NONE',  ( 79.99744428017268660, 10.00000000000000000, 70.50000000000000000 ) ) ;
#4818 = EDGE_LOOP ( 'NONE', ( #6123, #4152, #3417, #5734 ) ) ;
#4819 = DIRECTION ( 'NONE',  ( -0.000000000000000000, -1.000000000000000000, -0.000000000000000000 ) ) ;
#4820 = MANIFOLD_SOLID_BREP ( 'Mirror12', #5384 ) ;
#4821 = CARTESIAN_POINT ( 'NONE',  ( 1.797444280172686204, 7.000000000000000000, -40.50000000000000000 ) ) ;
#4822 = LINE ( 'NONE', #2163, #1215 ) ;
#4823 = CARTESIAN_POINT ( 'NONE',  ( 79.99744428017268660, 0.000000000000000000, 72.00000000000001421 ) ) ;
#4824 = ORIENTED_EDGE ( 'NONE', *, *, #894, .F. ) ;
#4825 = EDGE_CURVE ( 'NONE', #6507, #308, #2748, .T. ) ;
#4826 = DIRECTION ( 'NONE',  ( 0.000000000000000000, 0.000000000000000000, -1.000000000000000000 ) ) ;
#4827 = CARTESIAN_POINT ( 'NONE',  ( -37.50255571982732761, 0.000000000000000000, -26.00000000000000355 ) ) ;
#4828 = EDGE_LOOP ( 'NONE', ( #2004, #3771, #320, #3784 ) ) ;
#4829 = LINE ( 'NONE', #164, #2453 ) ;
#4830 = DIRECTION ( 'NONE',  ( 0.000000000000000000, 0.000000000000000000, -1.000000000000000000 ) ) ;
#4831 = EDGE_LOOP ( 'NONE', ( #6324, #4790, #4690, #2439 ) ) ;
#4832 = CARTESIAN_POINT ( 'NONE',  ( -56.67412859508114309, 9.171572875253810153, -27.99999999999999289 ) ) ;
#4833 = ORIENTED_EDGE ( 'NONE', *, *, #5966, .F. ) ;
#4834 = CARTESIAN_POINT ( 'NONE',  ( 76.99744428017268660, 0.000000000000000000, 56.49999999999998579 ) ) ;
#4835 = ORIENTED_EDGE ( 'NONE', *, *, #4237, .F. ) ;
#4836 = EDGE_LOOP ( 'NONE', ( #3438, #5968, #2326, #513 ) ) ;
#4837 = EDGE_CURVE ( 'NONE', #3311, #2438, #5389, .T. ) ;
#4838 = ORIENTED_EDGE ( 'NONE', *, *, #5211, .T. ) ;
#4839 = DIRECTION ( 'NONE',  ( -0.000000000000000000, 1.000000000000000000, -0.000000000000000000 ) ) ;
#4840 = FACE_OUTER_BOUND ( 'NONE', #815, .T. ) ;
#4841 = DIRECTION ( 'NONE',  ( -0.000000000000000000, -1.000000000000000000, -0.000000000000000000 ) ) ;
#4842 = ADVANCED_FACE ( 'NONE', ( #3862 ), #5289, .F. ) ;
#4843 = EDGE_CURVE ( 'NONE', #3079, #3096, #6350, .T. ) ;
#4844 = FACE_OUTER_BOUND ( 'NONE', #2431, .T. ) ;
#4845 = ORIENTED_EDGE ( 'NONE', *, *, #6560, .F. ) ;
#4846 = DIRECTION ( 'NONE',  ( 0.000000000000000000, 0.000000000000000000, 1.000000000000000000 ) ) ;
#4847 = CARTESIAN_POINT ( 'NONE',  ( 131.9974442801726866, 10.00000000000000000, -34.74999999999999289 ) ) ;
#4848 = FACE_OUTER_BOUND ( 'NONE', #242, .T. ) ;
#4849 = DIRECTION ( 'NONE',  ( 0.000000000000000000, -1.000000000000000000, 0.000000000000000000 ) ) ;
#4850 = CARTESIAN_POINT ( 'NONE',  ( -33.00255571982732050, 10.00000000000000000, -10.00000000000000178 ) ) ;
#4851 = EDGE_LOOP ( 'NONE', ( #5895, #5031, #3959, #2111 ) ) ;
#4852 = EDGE_CURVE ( 'NONE', #5753, #3375, #1750, .T. ) ;
#4853 = EDGE_CURVE ( 'NONE', #5340, #4524, #5324, .T. ) ;
#4854 = CIRCLE ( 'NONE', #1057, 1.500000000000001332 ) ;
#4855 = DIRECTION ( 'NONE',  ( -1.000000000000000000, 0.000000000000000000, 9.251858538542971581E-17 ) ) ;
#4856 = CIRCLE ( 'NONE', #3669, 3.000000000000002665 ) ;
#4857 = SURFACE_STYLE_USAGE ( .BOTH. , #162 ) ;
#4858 = ORIENTED_EDGE ( 'NONE', *, *, #177, .T. ) ;
#4859 = CARTESIAN_POINT ( 'NONE',  ( 129.9974442801726866, 4.000000000000000000, -34.74999999999999289 ) ) ;
#4860 = DIRECTION ( 'NONE',  ( 0.000000000000000000, 0.000000000000000000, -1.000000000000000000 ) ) ;
#4861 = EDGE_LOOP ( 'NONE', ( #3155, #4812 ) ) ;
#4862 = CARTESIAN_POINT ( 'NONE',  ( 1.797444280172685982, 7.000000000000000000, -37.00000000000000000 ) ) ;
#4863 = ORIENTED_EDGE ( 'NONE', *, *, #1445, .T. ) ;
#4864 = AXIS2_PLACEMENT_3D ( 'NONE', #2716, #5392, #3305 ) ;
#4865 = VECTOR ( 'NONE', #4927, 1000.000000000000000 ) ;
#4866 = DIRECTION ( 'NONE',  ( 0.000000000000000000, 0.000000000000000000, -1.000000000000000000 ) ) ;
#4867 = VECTOR ( 'NONE', #3765, 1000.000000000000000 ) ;
#4868 = VERTEX_POINT ( 'NONE', #4310 ) ;
#4869 = VECTOR ( 'NONE', #1075, 1000.000000000000000 ) ;
#4870 = ORIENTED_EDGE ( 'NONE', *, *, #1238, .T. ) ;
#4871 = ORIENTED_EDGE ( 'NONE', *, *, #6288, .T. ) ;
#4872 = AXIS2_PLACEMENT_3D ( 'NONE', #3695, #6204, #517 ) ;
#4873 = CARTESIAN_POINT ( 'NONE',  ( -34.50255571982732761, 1.600000000000002087, -22.96299091524471692 ) ) ;
#4874 = ORIENTED_EDGE ( 'NONE', *, *, #225, .F. ) ;
#4875 = DIRECTION ( 'NONE',  ( -0.000000000000000000, -1.000000000000000000, -0.000000000000000000 ) ) ;
#4876 = AXIS2_PLACEMENT_3D ( 'NONE', #5898, #3320, #5376 ) ;
#4877 = DIRECTION ( 'NONE',  ( -0.000000000000000000, -1.000000000000000000, -0.000000000000000000 ) ) ;
#4878 = CARTESIAN_POINT ( 'NONE',  ( 1.797444280172685982, 10.00000000000000000, 37.00000000000000000 ) ) ;
#4879 = CARTESIAN_POINT ( 'NONE',  ( 27.99744428017270081, -3.000000000000000000, 35.00000000000001421 ) ) ;
#4880 = ORIENTED_EDGE ( 'NONE', *, *, #3598, .T. ) ;
#4881 = EDGE_CURVE ( 'NONE', #1413, #6411, #5840, .T. ) ;
#4882 = CARTESIAN_POINT ( 'NONE',  ( -48.50255571982733471, 0.000000000000000000, -13.50000000000000178 ) ) ;
#4883 = CARTESIAN_POINT ( 'NONE',  ( -56.67412859508114309, 0.8284271247461908461, 27.99999999999999289 ) ) ;
#4884 = EDGE_CURVE ( 'NONE', #3349, #2774, #1727, .T. ) ;
#4885 = FACE_OUTER_BOUND ( 'NONE', #932, .T. ) ;
#4886 = FACE_OUTER_BOUND ( 'NONE', #6258, .T. ) ;
#4887 = ORIENTED_EDGE ( 'NONE', *, *, #347, .F. ) ;
#4888 = CIRCLE ( 'NONE', #4561, 3.499999999999999556 ) ;
#4889 = AXIS2_PLACEMENT_3D ( 'NONE', #1120, #1717, #5770 ) ;
#4890 = DIRECTION ( 'NONE',  ( -0.000000000000000000, 1.000000000000000000, -0.000000000000000000 ) ) ;
#4891 = DIRECTION ( 'NONE',  ( 0.3807498052542657718, 0.000000000000000000, -0.9246780984747279275 ) ) ;
#4892 = ORIENTED_EDGE ( 'NONE', *, *, #1804, .F. ) ;
#4893 = EDGE_CURVE ( 'NONE', #5270, #3110, #2501, .T. ) ;
#4894 = FACE_OUTER_BOUND ( 'NONE', #204, .T. ) ;
#4895 = DIRECTION ( 'NONE',  ( -0.000000000000000000, -1.000000000000000000, -0.000000000000000000 ) ) ;
#4896 = CARTESIAN_POINT ( 'NONE',  ( 26.99744428017269016, 0.000000000000000000, -54.99999999999998579 ) ) ;
#4897 = VERTEX_POINT ( 'NONE', #2952 ) ;
#4898 = ORIENTED_EDGE ( 'NONE', *, *, #3734, .T. ) ;
#4899 = AXIS2_PLACEMENT_3D ( 'NONE', #1096, #577, #2177 ) ;
#4900 = VECTOR ( 'NONE', #4788, 1000.000000000000114 ) ;
#4901 = CIRCLE ( 'NONE', #5006, 1.999999999999998224 ) ;
#4902 = DIRECTION ( 'NONE',  ( 1.000000000000000000, -0.000000000000000000, -1.387778780781445922E-16 ) ) ;
#4903 = ORIENTED_EDGE ( 'NONE', *, *, #5435, .T. ) ;
#4904 = ORIENTED_EDGE ( 'NONE', *, *, #27, .T. ) ;
#4905 = ORIENTED_EDGE ( 'NONE', *, *, #1278, .F. ) ;
#4906 = ADVANCED_FACE ( 'NONE', ( #3404 ), #2401, .F. ) ;
#4907 = CIRCLE ( 'NONE', #3064, 2.000000000000057288 ) ;
#4908 = VECTOR ( 'NONE', #5672, 1000.000000000000000 ) ;
#4909 = VERTEX_POINT ( 'NONE', #6553 ) ;
#4910 = DIRECTION ( 'NONE',  ( 0.000000000000000000, 0.8660254037844382635, -0.5000000000000005551 ) ) ;
#4911 = VECTOR ( 'NONE', #468, 1000.000000000000000 ) ;
#4912 = FACE_OUTER_BOUND ( 'NONE', #5729, .T. ) ;
#4913 = CIRCLE ( 'NONE', #1976, 3.499999999999999556 ) ;
#4914 = ORIENTED_EDGE ( 'NONE', *, *, #570, .T. ) ;
#4915 = CARTESIAN_POINT ( 'NONE',  ( -76.00255571982731340, 10.00000000000000000, 25.99999999999999645 ) ) ;
#4916 = CYLINDRICAL_SURFACE ( 'NONE', #1860, 1.500000000000001332 ) ;
#4917 = CARTESIAN_POINT ( 'NONE',  ( -57.50255571982733471, 0.000000000000000000, 14.50000000000000178 ) ) ;
#4918 = FACE_OUTER_BOUND ( 'NONE', #1861, .T. ) ;
#4919 = VERTEX_POINT ( 'NONE', #1326 ) ;
#4920 = EDGE_CURVE ( 'NONE', #2339, #5571, #16, .T. ) ;
#4921 = EDGE_CURVE ( 'NONE', #1905, #3721, #4146, .T. ) ;
#4922 = DIRECTION ( 'NONE',  ( 0.000000000000000000, 0.000000000000000000, 1.000000000000000000 ) ) ;
#4923 = LINE ( 'NONE', #3836, #345 ) ;
#4924 =( NAMED_UNIT ( * ) PLANE_ANGLE_UNIT ( ) SI_UNIT ( $, .RADIAN. ) );
#4925 = EDGE_LOOP ( 'NONE', ( #5906, #1082, #6086, #3676 ) ) ;
#4926 = CARTESIAN_POINT ( 'NONE',  ( -78.00255571982732761, 5.000000000000000000, -21.00000000000000000 ) ) ;
#4927 = DIRECTION ( 'NONE',  ( -0.000000000000000000, 1.000000000000000000, -0.000000000000000000 ) ) ;
#4928 = LINE ( 'NONE', #2231, #847 ) ;
#4929 = ORIENTED_EDGE ( 'NONE', *, *, #2418, .T. ) ;
#4930 = CYLINDRICAL_SURFACE ( 'NONE', #1224, 1.500000000000001332 ) ;
#4931 = EDGE_LOOP ( 'NONE', ( #2005, #4771, #2160, #1366 ) ) ;
#4932 = EDGE_CURVE ( 'NONE', #3489, #5325, #6516, .T. ) ;
#4933 = FACE_OUTER_BOUND ( 'NONE', #6327, .T. ) ;
#4934 = EDGE_CURVE ( 'NONE', #2307, #3405, #3173, .T. ) ;
#4935 = LINE ( 'NONE', #6357, #6407 ) ;
#4936 = EDGE_LOOP ( 'NONE', ( #5360, #1450, #1049, #6596 ) ) ;
#4937 = ORIENTED_EDGE ( 'NONE', *, *, #902, .T. ) ;
#4938 = VERTEX_POINT ( 'NONE', #4033 ) ;
#4939 = ADVANCED_FACE ( 'NONE', ( #1955 ), #1357, .F. ) ;
#4940 = DIRECTION ( 'NONE',  ( -1.000000000000000000, 0.000000000000000000, -0.000000000000000000 ) ) ;
#4941 = EDGE_CURVE ( 'NONE', #3991, #610, #1324, .T. ) ;
#4942 = ORIENTED_EDGE ( 'NONE', *, *, #4605, .F. ) ;
#4943 = CARTESIAN_POINT ( 'NONE',  ( 27.99744428017270081, -7.000000000000000000, 35.00000000000001421 ) ) ;
#4944 = CARTESIAN_POINT ( 'NONE',  ( 121.9974442801726866, 3.999999999999996447, -18.00000000000000355 ) ) ;
#4945 = DIRECTION ( 'NONE',  ( 0.000000000000000000, 0.000000000000000000, 1.000000000000000000 ) ) ;
#4946 = CARTESIAN_POINT ( 'NONE',  ( -73.00255571982731340, 0.5000000000000268674, -10.00000000000000178 ) ) ;
#4947 = CYLINDRICAL_SURFACE ( 'NONE', #1641, 3.500000000000003109 ) ;
#4948 = DIRECTION ( 'NONE',  ( 0.000000000000000000, 0.000000000000000000, 1.000000000000000000 ) ) ;
#4949 = VERTEX_POINT ( 'NONE', #1385 ) ;
#4950 = DIRECTION ( 'NONE',  ( 0.000000000000000000, 0.000000000000000000, 1.000000000000000000 ) ) ;
#4951 = DIRECTION ( 'NONE',  ( 0.000000000000000000, 1.000000000000000000, 0.000000000000000000 ) ) ;
#4952 = ORIENTED_EDGE ( 'NONE', *, *, #4546, .F. ) ;
#4953 = CARTESIAN_POINT ( 'NONE',  ( 0.000000000000000000, 0.000000000000000000, -27.99999999999999289 ) ) ;
#4954 = CARTESIAN_POINT ( 'NONE',  ( 76.99744428017268660, 0.000000000000000000, 56.49999999999998579 ) ) ;
#4955 = ORIENTED_EDGE ( 'NONE', *, *, #3481, .T. ) ;
#4956 = LINE ( 'NONE', #3907, #5335 ) ;
#4957 = ORIENTED_EDGE ( 'NONE', *, *, #1889, .T. ) ;
#4958 = CYLINDRICAL_SURFACE ( 'NONE', #4959, 2.249999999999998668 ) ;
#4959 = AXIS2_PLACEMENT_3D ( 'NONE', #3440, #4354, #1894 ) ;
#4960 = AXIS2_PLACEMENT_3D ( 'NONE', #306, #1803, #2382 ) ;
#4961 = FACE_OUTER_BOUND ( 'NONE', #871, .T. ) ;
#4962 = CARTESIAN_POINT ( 'NONE',  ( 34.99744428017269371, 0.4999999999999466538, 72.00000000000001421 ) ) ;
#4963 = ORIENTED_EDGE ( 'NONE', *, *, #6432, .T. ) ;
#4964 = EDGE_CURVE ( 'NONE', #4535, #634, #1454, .T. ) ;
#4965 = ORIENTED_EDGE ( 'NONE', *, *, #4941, .T. ) ;
#4966 = AXIS2_PLACEMENT_3D ( 'NONE', #2732, #3788, #3318 ) ;
#4967 = EDGE_CURVE ( 'NONE', #610, #609, #6014, .T. ) ;
#4968 = VECTOR ( 'NONE', #4611, 1000.000000000000000 ) ;
#4969 = VERTEX_POINT ( 'NONE', #5597 ) ;
#4970 =( BOUNDED_CURVE ( )  B_SPLINE_CURVE ( 3, ( #3066, #6718, #4623, #5257 ),
 .UNSPECIFIED., .F., .F. ) 
 B_SPLINE_CURVE_WITH_KNOTS ( ( 4, 4 ),
 ( 0.000000000000000000, 1.570796326794896558 ),
 .UNSPECIFIED. ) 
 CURVE ( )  GEOMETRIC_REPRESENTATION_ITEM ( )  RATIONAL_B_SPLINE_CURVE ( ( 1.000000000000000000, 0.8047378541243649375, 0.8047378541243649375, 1.000000000000000000 ) ) 
 REPRESENTATION_ITEM ( '' )  );
#4971 = VECTOR ( 'NONE', #139, 1000.000000000000114 ) ;
#4972 = VECTOR ( 'NONE', #4877, 1000.000000000000000 ) ;
#4973 = LINE ( 'NONE', #5065, #541 ) ;
#4974 = CARTESIAN_POINT ( 'NONE',  ( 34.99744428017269371, 10.00000000000000000, -72.00000000000001421 ) ) ;
#4975 = ORIENTED_EDGE ( 'NONE', *, *, #913, .T. ) ;
#4976 = DIRECTION ( 'NONE',  ( -1.000000000000000000, -0.000000000000000000, 2.775557561562891351E-16 ) ) ;
#4977 = DIRECTION ( 'NONE',  ( 0.000000000000000000, 0.000000000000000000, -1.000000000000000000 ) ) ;
#4978 = EDGE_CURVE ( 'NONE', #3197, #5100, #4029, .T. ) ;
#4979 = FACE_OUTER_BOUND ( 'NONE', #1487, .T. ) ;
#4980 = AXIS2_PLACEMENT_3D ( 'NONE', #3670, #4755, #5185 ) ;
#4981 = CIRCLE ( 'NONE', #408, 1.500000000000001332 ) ;
#4982 = EDGE_CURVE ( 'NONE', #4583, #2989, #3060, .T. ) ;
#4983 = ORIENTED_EDGE ( 'NONE', *, *, #779, .T. ) ;
#4984 = VECTOR ( 'NONE', #5487, 1000.000000000000000 ) ;
#4985 = ORIENTED_EDGE ( 'NONE', *, *, #1843, .T. ) ;
#4986 = CARTESIAN_POINT ( 'NONE',  ( -29.50255571982732761, 4.999999999999999112, -17.07401816951053419 ) ) ;
#4987 = CARTESIAN_POINT ( 'NONE',  ( -29.50255571982732761, 10.00000000000000000, 0.000000000000000000 ) ) ;
#4988 = DIRECTION ( 'NONE',  ( -0.000000000000000000, -1.000000000000000000, -0.000000000000000000 ) ) ;
#4989 = ORIENTED_EDGE ( 'NONE', *, *, #4548, .F. ) ;
#4990 = EDGE_CURVE ( 'NONE', #3266, #3620, #4514, .T. ) ;
#4991 = VECTOR ( 'NONE', #3885, 1000.000000000000000 ) ;
#4992 = CARTESIAN_POINT ( 'NONE',  ( -48.50255571982733471, 5.000000000000000000, 18.74999999999999645 ) ) ;
#4993 = FACE_OUTER_BOUND ( 'NONE', #6328, .T. ) ;
#4994 = CIRCLE ( 'NONE', #4448, 1.500000000000001332 ) ;
#4995 = FACE_BOUND ( 'NONE', #4086, .T. ) ;
#4996 = CARTESIAN_POINT ( 'NONE',  ( 129.9974442801726866, 4.000000000000000000, -32.74999999999999289 ) ) ;
#4997 = VERTEX_POINT ( 'NONE', #5053 ) ;
#4998 = CARTESIAN_POINT ( 'NONE',  ( 129.9974442801726866, 4.000000000000000000, 34.75000000000000711 ) ) ;
#4999 = CONICAL_SURFACE ( 'NONE', #650, 2.500000000000002220, 0.7853981633974275178 ) ;
#5000 = DIRECTION ( 'NONE',  ( 0.000000000000000000, 1.000000000000000000, 0.000000000000000000 ) ) ;
#5001 = DIRECTION ( 'NONE',  ( 0.000000000000000000, 0.000000000000000000, 1.000000000000000000 ) ) ;
#5002 = ORIENTED_EDGE ( 'NONE', *, *, #3492, .T. ) ;
#5003 = CIRCLE ( 'NONE', #4787, 2.750000000000002665 ) ;
#5004 = ORIENTED_EDGE ( 'NONE', *, *, #3154, .T. ) ;
#5005 = EDGE_CURVE ( 'NONE', #2723, #5338, #3967, .T. ) ;
#5006 = AXIS2_PLACEMENT_3D ( 'NONE', #1429, #6120, #6592 ) ;
#5007 = EDGE_CURVE ( 'NONE', #1248, #2925, #4362, .T. ) ;
#5008 = DIRECTION ( 'NONE',  ( -1.000000000000000000, 0.000000000000000000, 0.000000000000000000 ) ) ;
#5009 = VERTEX_POINT ( 'NONE', #2915 ) ;
#5010 = ORIENTED_EDGE ( 'NONE', *, *, #987, .T. ) ;
#5011 = PLANE ( 'NONE',  #5730 ) ;
#5012 = LINE ( 'NONE', #1907, #5855 ) ;
#5013 = AXIS2_PLACEMENT_3D ( 'NONE', #945, #390, #28 ) ;
#5014 = AXIS2_PLACEMENT_3D ( 'NONE', #4551, #1418, #1921 ) ;
#5015 = ADVANCED_FACE ( 'NONE', ( #4993 ), #324, .F. ) ;
#5016 = EDGE_CURVE ( 'NONE', #2574, #967, #6356, .T. ) ;
#5017 = AXIS2_PLACEMENT_3D ( 'NONE', #2464, #4556, #6485 ) ;
#5018 = VECTOR ( 'NONE', #3297, 1000.000000000000000 ) ;
#5019 = ORIENTED_EDGE ( 'NONE', *, *, #6412, .F. ) ;
#5020 = PLANE ( 'NONE',  #4041 ) ;
#5021 = DIRECTION ( 'NONE',  ( 0.000000000000000000, 0.000000000000000000, 1.000000000000000000 ) ) ;
#5022 = CARTESIAN_POINT ( 'NONE',  ( 1.997444280172673281, 10.00000000000000000, -75.00000000000000000 ) ) ;
#5023 = LINE ( 'NONE', #3501, #303 ) ;
#5024 = ORIENTED_EDGE ( 'NONE', *, *, #4671, .F. ) ;
#5025 = AXIS2_PLACEMENT_3D ( 'NONE', #5933, #1285, #2844 ) ;
#5026 = EDGE_CURVE ( 'NONE', #2055, #967, #4653, .T. ) ;
#5027 = DIRECTION ( 'NONE',  ( -0.000000000000000000, 1.000000000000000000, -0.000000000000000000 ) ) ;
#5028 = DIRECTION ( 'NONE',  ( 1.000000000000000000, 0.000000000000000000, 0.000000000000000000 ) ) ;
#5029 = DIRECTION ( 'NONE',  ( 0.000000000000000000, 0.000000000000000000, 1.000000000000000000 ) ) ;
#5030 = CARTESIAN_POINT ( 'NONE',  ( 51.99744428017267950, -40.00000000000000000, 20.00000000000000000 ) ) ;
#5031 = ORIENTED_EDGE ( 'NONE', *, *, #4048, .T. ) ;
#5032 = PLANE ( 'NONE',  #448 ) ;
#5033 = EDGE_CURVE ( 'NONE', #753, #4676, #3666, .T. ) ;
#5034 = CARTESIAN_POINT ( 'NONE',  ( 1.797444280172685982, 0.4999999999999483746, 45.00000000000000000 ) ) ;
#5035 = CARTESIAN_POINT ( 'NONE',  ( -37.50255571982732761, 0.000000000000000000, -26.00000000000000355 ) ) ;
#5036 = ORIENTED_EDGE ( 'NONE', *, *, #175, .T. ) ;
#5037 = ORIENTED_EDGE ( 'NONE', *, *, #4648, .F. ) ;
#5038 = VERTEX_POINT ( 'NONE', #5251 ) ;
#5039 = CARTESIAN_POINT ( 'NONE',  ( 33.99744428017270081, -10.00000000000000000, 47.00000000000001421 ) ) ;
#5040 = ORIENTED_EDGE ( 'NONE', *, *, #5873, .F. ) ;
#5041 = DIRECTION ( 'NONE',  ( -1.000000000000000000, -0.000000000000000000, 2.775557561562891351E-16 ) ) ;
#5042 = DIRECTION ( 'NONE',  ( 0.000000000000000000, 1.000000000000000000, 0.000000000000000000 ) ) ;
#5043 = EDGE_CURVE ( 'NONE', #2627, #3266, #2021, .T. ) ;
#5044 = ORIENTED_EDGE ( 'NONE', *, *, #3546, .F. ) ;
#5045 = ORIENTED_EDGE ( 'NONE', *, *, #3785, .T. ) ;
#5046 = DIRECTION ( 'NONE',  ( -1.000000000000000000, -0.000000000000000000, -0.000000000000000000 ) ) ;
#5047 = DIRECTION ( 'NONE',  ( -0.000000000000000000, -1.000000000000000000, -0.000000000000000000 ) ) ;
#5048 = ADVANCED_FACE ( 'NONE', ( #4722 ), #4103, .F. ) ;
#5049 = DIRECTION ( 'NONE',  ( 0.000000000000000000, 0.000000000000000000, 1.000000000000000000 ) ) ;
#5050 = EDGE_CURVE ( 'NONE', #4532, #4419, #1216, .T. ) ;
#5051 = FACE_OUTER_BOUND ( 'NONE', #804, .T. ) ;
#5052 = DIRECTION ( 'NONE',  ( -0.000000000000000000, 1.000000000000000000, -0.000000000000000000 ) ) ;
#5053 = CARTESIAN_POINT ( 'NONE',  ( 79.99744428017268660, 0.5000000000000368594, -73.50000000000001421 ) ) ;
#5054 = FACE_OUTER_BOUND ( 'NONE', #3815, .T. ) ;
#5055 = CYLINDRICAL_SURFACE ( 'NONE', #3131, 2.000000000000008882 ) ;
#5056 = VERTEX_POINT ( 'NONE', #2124 ) ;
#5057 = CARTESIAN_POINT ( 'NONE',  ( 36.99744428017269371, 0.000000000000000000, 35.00000000000002132 ) ) ;
#5058 = EDGE_CURVE ( 'NONE', #2397, #1903, #5222, .T. ) ;
#5059 = CARTESIAN_POINT ( 'NONE',  ( -48.50255571982733471, 0.000000000000000000, -14.50000000000000178 ) ) ;
#5060 = CARTESIAN_POINT ( 'NONE',  ( 1.797444280172685982, 10.00000000000000000, -37.00000000000000000 ) ) ;
#5061 = DIRECTION ( 'NONE',  ( -1.000000000000000000, 0.000000000000000000, -0.000000000000000000 ) ) ;
#5062 = ORIENTED_EDGE ( 'NONE', *, *, #6439, .F. ) ;
#5063 = ORIENTED_EDGE ( 'NONE', *, *, #3312, .F. ) ;
#5064 = AXIS2_PLACEMENT_3D ( 'NONE', #6297, #1952, #6109 ) ;
#5065 = CARTESIAN_POINT ( 'NONE',  ( 32.68975197248026632, 7.000000000000000000, -74.28846153846143352 ) ) ;
#5066 = AXIS2_PLACEMENT_3D ( 'NONE', #5345, #4839, #2280 ) ;
#5067 = ORIENTED_EDGE ( 'NONE', *, *, #5509, .T. ) ;
#5068 = AXIS2_PLACEMENT_3D ( 'NONE', #6702, #936, #5696 ) ;
#5069 = DIRECTION ( 'NONE',  ( 0.000000000000000000, 0.000000000000000000, -1.000000000000000000 ) ) ;
#5070 = ORIENTED_EDGE ( 'NONE', *, *, #4932, .T. ) ;
#5071 = DIRECTION ( 'NONE',  ( 0.000000000000000000, 0.000000000000000000, 1.000000000000000000 ) ) ;
#5072 = DIRECTION ( 'NONE',  ( -0.000000000000000000, 1.000000000000000000, -0.000000000000000000 ) ) ;
#5073 = ORIENTED_EDGE ( 'NONE', *, *, #3598, .F. ) ;
#5074 = CIRCLE ( 'NONE', #1813, 1.750000000000001554 ) ;
#5075 = EDGE_LOOP ( 'NONE', ( #3137, #958 ) ) ;
#5076 = ORIENTED_EDGE ( 'NONE', *, *, #1445, .F. ) ;
#5077 = CARTESIAN_POINT ( 'NONE',  ( 27.99744428017270081, -3.000000000000000000, 35.00000000000001421 ) ) ;
#5078 = CIRCLE ( 'NONE', #4764, 2.500000000000002220 ) ;
#5079 = DIRECTION ( 'NONE',  ( 0.000000000000000000, -0.8660254037844385966, -0.4999999999999998890 ) ) ;
#5080 = CARTESIAN_POINT ( 'NONE',  ( 131.9974442801726866, 4.000000000000000000, 34.75000000000000711 ) ) ;
#5081 = ORIENTED_EDGE ( 'NONE', *, *, #5007, .F. ) ;
#5082 = AXIS2_PLACEMENT_3D ( 'NONE', #2947, #3895, #4511 ) ;
#5083 = EDGE_CURVE ( 'NONE', #4672, #591, #5778, .T. ) ;
#5084 = EDGE_CURVE ( 'NONE', #6486, #6657, #1084, .T. ) ;
#5085 = CARTESIAN_POINT ( 'NONE',  ( -78.00255571982732761, 10.00000000000000000, -24.99999999999999289 ) ) ;
#5086 = DIRECTION ( 'NONE',  ( 0.000000000000000000, -0.7071067811865279218, -0.7071067811865671127 ) ) ;
#5087 = DIRECTION ( 'NONE',  ( 0.000000000000000000, 1.000000000000000000, 0.000000000000000000 ) ) ;
#5088 = CARTESIAN_POINT ( 'NONE',  ( 79.99744428017268660, 7.000000000000000000, -72.00000000000001421 ) ) ;
#5089 = DIRECTION ( 'NONE',  ( -1.000000000000000000, 0.000000000000000000, 0.000000000000000000 ) ) ;
#5090 = ORIENTED_EDGE ( 'NONE', *, *, #2002, .T. ) ;
#5091 =( NAMED_UNIT ( * ) SI_UNIT ( $, .STERADIAN. ) SOLID_ANGLE_UNIT ( ) );
#5092 = LINE ( 'NONE', #3663, #836 ) ;
#5093 = VECTOR ( 'NONE', #5680, 1000.000000000000000 ) ;
#5094 = EDGE_CURVE ( 'NONE', #3313, #1433, #780, .T. ) ;
#5095 = DIRECTION ( 'NONE',  ( 0.000000000000000000, 0.000000000000000000, -1.000000000000000000 ) ) ;
#5096 = DIRECTION ( 'NONE',  ( 0.000000000000000000, 0.000000000000000000, 1.000000000000000000 ) ) ;
#5097 = ORIENTED_EDGE ( 'NONE', *, *, #2840, .T. ) ;
#5098 = VERTEX_POINT ( 'NONE', #4069 ) ;
#5099 = DIRECTION ( 'NONE',  ( -0.3807498052542630518, 0.000000000000000000, -0.9246780984747290377 ) ) ;
#5100 = VERTEX_POINT ( 'NONE', #4205 ) ;
#5101 = VECTOR ( 'NONE', #1479, 1000.000000000000000 ) ;
#5102 = DIRECTION ( 'NONE',  ( 0.000000000000000000, 0.000000000000000000, 1.000000000000000000 ) ) ;
#5103 = ORIENTED_EDGE ( 'NONE', *, *, #3646, .T. ) ;
#5104 = CARTESIAN_POINT ( 'NONE',  ( 31.24744428017269371, -4.816681727819437597, -75.00000000000000000 ) ) ;
#5105 = EDGE_CURVE ( 'NONE', #5363, #3286, #126, .T. ) ;
#5106 = CARTESIAN_POINT ( 'NONE',  ( 36.99744428017269371, 4.000000000000000000, 35.00000000000002132 ) ) ;
#5107 = CIRCLE ( 'NONE', #4356, 1.999999999999974021 ) ;
#5108 = EDGE_LOOP ( 'NONE', ( #6451, #4283 ) ) ;
#5109 = AXIS2_PLACEMENT_3D ( 'NONE', #5983, #5463, #5029 ) ;
#5110 = ORIENTED_EDGE ( 'NONE', *, *, #6223, .F. ) ;
#5111 = CARTESIAN_POINT ( 'NONE',  ( -48.50255571982733471, 10.00000000000000000, -25.99999999999999645 ) ) ;
#5112 = AXIS2_PLACEMENT_3D ( 'NONE', #5217, #526, #4617 ) ;
#5113 = DIRECTION ( 'NONE',  ( 0.000000000000000000, -1.000000000000000000, 0.000000000000000000 ) ) ;
#5114 = CARTESIAN_POINT ( 'NONE',  ( -28.00255571982732050, 5.000000000000000000, 23.24999999999998579 ) ) ;
#5115 = EDGE_LOOP ( 'NONE', ( #253, #368, #235, #5209 ) ) ;
#5116 = VECTOR ( 'NONE', #2942, 1000.000000000000000 ) ;
#5117 = FACE_OUTER_BOUND ( 'NONE', #896, .T. ) ;
#5118 = DIRECTION ( 'NONE',  ( 0.000000000000000000, 0.000000000000000000, 1.000000000000000000 ) ) ;
#5119 = DIRECTION ( 'NONE',  ( 0.000000000000000000, 0.000000000000000000, 1.000000000000000000 ) ) ;
#5120 = DIRECTION ( 'NONE',  ( 1.000000000000000000, 0.000000000000000000, 0.000000000000000000 ) ) ;
#5121 = DIRECTION ( 'NONE',  ( -0.000000000000000000, 1.000000000000000000, -0.000000000000000000 ) ) ;
#5122 = VERTEX_POINT ( 'NONE', #1584 ) ;
#5123 = CIRCLE ( 'NONE', #2629, 2.249999999999998668 ) ;
#5124 = EDGE_CURVE ( 'NONE', #4699, #373, #2493, .T. ) ;
#5125 = EDGE_CURVE ( 'NONE', #4897, #4699, #5772, .T. ) ;
#5126 = DIRECTION ( 'NONE',  ( -0.000000000000000000, 1.000000000000000000, -0.000000000000000000 ) ) ;
#5127 = CARTESIAN_POINT ( 'NONE',  ( 86.99744428017270081, -6.999999999999999112, 35.00000000000001421 ) ) ;
#5128 = EDGE_LOOP ( 'NONE', ( #3141, #5820, #706, #4350 ) ) ;
#5129 = LINE ( 'NONE', #4155, #2184 ) ;
#5130 = EDGE_CURVE ( 'NONE', #4524, #4290, #1758, .T. ) ;
#5131 = ORIENTED_EDGE ( 'NONE', *, *, #5632, .F. ) ;
#5132 = EDGE_CURVE ( 'NONE', #591, #4672, #4367, .T. ) ;
#5133 = DIRECTION ( 'NONE',  ( 0.000000000000000000, 0.000000000000000000, 1.000000000000000000 ) ) ;
#5134 = VERTEX_POINT ( 'NONE', #564 ) ;
#5135 = VERTEX_POINT ( 'NONE', #6212 ) ;
#5136 = DIRECTION ( 'NONE',  ( 0.000000000000000000, -0.000000000000000000, 1.000000000000000000 ) ) ;
#5137 = DIRECTION ( 'NONE',  ( -0.000000000000000000, -1.000000000000000000, -0.000000000000000000 ) ) ;
#5138 = ADVANCED_FACE ( 'NONE', ( #3194 ), #4588, .T. ) ;
#5139 = ORIENTED_EDGE ( 'NONE', *, *, #2380, .T. ) ;
#5140 = EDGE_CURVE ( 'NONE', #5, #5325, #3637, .T. ) ;
#5141 = EDGE_CURVE ( 'NONE', #3208, #2055, #3738, .T. ) ;
#5142 = CARTESIAN_POINT ( 'NONE',  ( -48.50255571982733471, 0.000000000000000000, 25.99999999999999645 ) ) ;
#5143 = ORIENTED_EDGE ( 'NONE', *, *, #1114, .T. ) ;
#5144 = ORIENTED_EDGE ( 'NONE', *, *, #607, .F. ) ;
#5145 = DIRECTION ( 'NONE',  ( 0.000000000000000000, -0.7071067811865312525, -0.7071067811865637820 ) ) ;
#5146 = CARTESIAN_POINT ( 'NONE',  ( 26.99744428017269016, 10.00000000000000000, 54.99999999999998579 ) ) ;
#5147 = CARTESIAN_POINT ( 'NONE',  ( -33.00255571982732050, 0.5000000000000204281, 12.00000000000000000 ) ) ;
#5148 = VERTEX_POINT ( 'NONE', #93 ) ;
#5149 = LINE ( 'NONE', #4100, #5863 ) ;
#5150 = DIRECTION ( 'NONE',  ( 0.000000000000000000, 0.000000000000000000, 1.000000000000000000 ) ) ;
#5151 = DIRECTION ( 'NONE',  ( -0.000000000000000000, -1.000000000000000000, -0.000000000000000000 ) ) ;
#5152 = PLANE ( 'NONE',  #2726 ) ;
#5153 = CARTESIAN_POINT ( 'NONE',  ( -73.00255571982731340, 0.000000000000000000, 9.999999999999998224 ) ) ;
#5154 = VERTEX_POINT ( 'NONE', #2670 ) ;
#5155 = FACE_OUTER_BOUND ( 'NONE', #221, .T. ) ;
#5156 = DIRECTION ( 'NONE',  ( -0.000000000000000000, 1.000000000000000000, -0.000000000000000000 ) ) ;
#5157 = EDGE_CURVE ( 'NONE', #3456, #6529, #631, .T. ) ;
#5158 = VERTEX_POINT ( 'NONE', #6406 ) ;
#5159 = CARTESIAN_POINT ( 'NONE',  ( -37.50255571982732761, 10.00000000000000000, 28.00000000000000000 ) ) ;
#5160 = VERTEX_POINT ( 'NONE', #216 ) ;
#5161 = EDGE_CURVE ( 'NONE', #583, #3375, #1151, .T. ) ;
#5162 = CARTESIAN_POINT ( 'NONE',  ( -28.00255571982732050, 5.000000000000000000, -20.99999999999998579 ) ) ;
#5163 = ORIENTED_EDGE ( 'NONE', *, *, #4058, .T. ) ;
#5164 = EDGE_CURVE ( 'NONE', #6719, #6564, #1225, .T. ) ;
#5165 = EDGE_LOOP ( 'NONE', ( #3730, #2673 ) ) ;
#5166 = LINE ( 'NONE', #412, #5194 ) ;
#5167 = ORIENTED_EDGE ( 'NONE', *, *, #3309, .F. ) ;
#5168 = AXIS2_PLACEMENT_3D ( 'NONE', #4328, #1741, #5408 ) ;
#5169 = CARTESIAN_POINT ( 'NONE',  ( 76.99744428017268660, 0.000000000000000000, 54.99999999999999289 ) ) ;
#5170 = EDGE_LOOP ( 'NONE', ( #393, #5866 ) ) ;
#5171 = EDGE_CURVE ( 'NONE', #1094, #12, #1656, .T. ) ;
#5172 = EDGE_LOOP ( 'NONE', ( #1986, #5776, #5488, #3845 ) ) ;
#5173 = CARTESIAN_POINT ( 'NONE',  ( -73.00255571982731340, 0.000000000000000000, 12.50000000000000000 ) ) ;
#5174 = DIRECTION ( 'NONE',  ( 0.000000000000000000, 1.000000000000000000, -0.000000000000000000 ) ) ;
#5175 = DIRECTION ( 'NONE',  ( -1.000000000000000000, 0.000000000000000000, 0.000000000000000000 ) ) ;
#5176 = EDGE_CURVE ( 'NONE', #5135, #4176, #6372, .T. ) ;
#5177 = VERTEX_POINT ( 'NONE', #5279 ) ;
#5178 =( BOUNDED_CURVE ( )  B_SPLINE_CURVE ( 3, ( #2087, #5624, #3045, #5111 ),
 .UNSPECIFIED., .F., .F. ) 
 B_SPLINE_CURVE_WITH_KNOTS ( ( 4, 4 ),
 ( 1.570796326794896558, 3.141592653589793116 ),
 .UNSPECIFIED. ) 
 CURVE ( )  GEOMETRIC_REPRESENTATION_ITEM ( )  RATIONAL_B_SPLINE_CURVE ( ( 1.000000000000000000, 0.8047378541243649375, 0.8047378541243649375, 1.000000000000000000 ) ) 
 REPRESENTATION_ITEM ( '' )  );
#5179 = AXIS2_PLACEMENT_3D ( 'NONE', #1372, #3350, #5410 ) ;
#5180 = FACE_BOUND ( 'NONE', #6669, .T. ) ;
#5181 = VECTOR ( 'NONE', #5079, 1000.000000000000227 ) ;
#5182 = CARTESIAN_POINT ( 'NONE',  ( 131.9974442801726866, 10.00000000000000000, 34.75000000000000711 ) ) ;
#5183 = PLANE ( 'NONE',  #5659 ) ;
#5184 = LINE ( 'NONE', #1522, #1919 ) ;
#5185 = DIRECTION ( 'NONE',  ( 0.7831866393703775797, 0.000000000000000000, -0.6217866900406714414 ) ) ;
#5186 = VERTEX_POINT ( 'NONE', #2706 ) ;
#5187 = AXIS2_PLACEMENT_3D ( 'NONE', #4850, #3265, #188 ) ;
#5188 = DIRECTION ( 'NONE',  ( 0.000000000000000000, -1.000000000000000000, 0.000000000000000000 ) ) ;
#5189 = CARTESIAN_POINT ( 'NONE',  ( 86.99744428017268660, 0.000000000000000000, -75.00000000000000000 ) ) ;
#5190 = AXIS2_PLACEMENT_3D ( 'NONE', #2665, #4062, #2636 ) ;
#5191 = EDGE_LOOP ( 'NONE', ( #6427, #3323, #786, #1348 ) ) ;
#5192 = FACE_OUTER_BOUND ( 'NONE', #580, .T. ) ;
#5193 = VERTEX_POINT ( 'NONE', #4786 ) ;
#5194 = VECTOR ( 'NONE', #506, 1000.000000000000000 ) ;
#5195 = CARTESIAN_POINT ( 'NONE',  ( -37.50255571982732761, 0.000000000000000000, 25.00000000000000000 ) ) ;
#5196 = ORIENTED_EDGE ( 'NONE', *, *, #5370, .F. ) ;
#5197 = VERTEX_POINT ( 'NONE', #129 ) ;
#5198 = AXIS2_PLACEMENT_3D ( 'NONE', #2850, #6552, #910 ) ;
#5199 = EDGE_CURVE ( 'NONE', #4555, #549, #2195, .T. ) ;
#5200 = ORIENTED_EDGE ( 'NONE', *, *, #6049, .T. ) ;
#5201 = EDGE_CURVE ( 'NONE', #86, #1685, #782, .T. ) ;
#5202 = VECTOR ( 'NONE', #3014, 1000.000000000000000 ) ;
#5203 = DIRECTION ( 'NONE',  ( 0.000000000000000000, 0.000000000000000000, 1.000000000000000000 ) ) ;
#5204 = ORIENTED_EDGE ( 'NONE', *, *, #6621, .T. ) ;
#5205 = VERTEX_POINT ( 'NONE', #3360 ) ;
#5206 = DIRECTION ( 'NONE',  ( -0.000000000000000000, 1.000000000000000000, -0.000000000000000000 ) ) ;
#5207 = DIRECTION ( 'NONE',  ( 0.000000000000000000, 1.000000000000000000, 0.000000000000000000 ) ) ;
#5208 = CARTESIAN_POINT ( 'NONE',  ( 93.99744428017268660, 10.00000000000000000, -20.99999999999999645 ) ) ;
#5209 = ORIENTED_EDGE ( 'NONE', *, *, #2755, .F. ) ;
#5210 = VECTOR ( 'NONE', #6058, 1000.000000000000114 ) ;
#5211 = EDGE_CURVE ( 'NONE', #4969, #5160, #6342, .T. ) ;
#5212 = DIRECTION ( 'NONE',  ( -0.000000000000000000, -1.000000000000000000, -0.000000000000000000 ) ) ;
#5213 = CIRCLE ( 'NONE', #3284, 2.499999999999981348 ) ;
#5214 = VECTOR ( 'NONE', #1694, 1000.000000000000000 ) ;
#5215 = ORIENTED_EDGE ( 'NONE', *, *, #6504, .T. ) ;
#5216 = LINE ( 'NONE', #2529, #5101 ) ;
#5217 = CARTESIAN_POINT ( 'NONE',  ( -33.00255571982732050, 0.000000000000000000, -10.00000000000000178 ) ) ;
#5218 = LINE ( 'NONE', #5253, #3389 ) ;
#5219 = FACE_OUTER_BOUND ( 'NONE', #3221, .T. ) ;
#5220 = VERTEX_POINT ( 'NONE', #4821 ) ;
#5221 = VECTOR ( 'NONE', #318, 1000.000000000000000 ) ;
#5222 = CIRCLE ( 'NONE', #2180, 2.999999999999999112 ) ;
#5223 = EDGE_CURVE ( 'NONE', #6519, #6271, #1687, .T. ) ;
#5224 = CARTESIAN_POINT ( 'NONE',  ( -33.00255571982732050, 0.000000000000000000, -10.00000000000000178 ) ) ;
#5225 = AXIS2_PLACEMENT_3D ( 'NONE', #778, #6046, #2858 ) ;
#5226 = FACE_OUTER_BOUND ( 'NONE', #2182, .T. ) ;
#5227 = AXIS2_PLACEMENT_3D ( 'NONE', #4986, #4023, #1812 ) ;
#5228 = CARTESIAN_POINT ( 'NONE',  ( 121.9974442801726866, 3.999999999999996447, 18.00000000000000355 ) ) ;
#5229 = VERTEX_POINT ( 'NONE', #2802 ) ;
#5230 = ORIENTED_EDGE ( 'NONE', *, *, #123, .F. ) ;
#5231 = ORIENTED_EDGE ( 'NONE', *, *, #3198, .F. ) ;
#5232 = ADVANCED_FACE ( 'NONE', ( #3762 ), #5832, .T. ) ;
#5233 = CIRCLE ( 'NONE', #3497, 1.500000000000001332 ) ;
#5234 = ADVANCED_FACE ( 'NONE', ( #4374 ), #5318, .F. ) ;
#5235 = CARTESIAN_POINT ( 'NONE',  ( -28.00255571982732050, 5.000000000000000000, -20.99999999999998579 ) ) ;
#5236 = ORIENTED_EDGE ( 'NONE', *, *, #5592, .F. ) ;
#5237 = ORIENTED_EDGE ( 'NONE', *, *, #4235, .T. ) ;
#5238 = VERTEX_POINT ( 'NONE', #5868 ) ;
#5239 = CARTESIAN_POINT ( 'NONE',  ( 79.99744428017268660, 0.5000000000000368594, 73.50000000000001421 ) ) ;
#5240 = CARTESIAN_POINT ( 'NONE',  ( 93.99744428017268660, 10.00000000000000000, -24.50000000000000711 ) ) ;
#5241 = EDGE_LOOP ( 'NONE', ( #3589, #2859 ) ) ;
#5242 = ORIENTED_EDGE ( 'NONE', *, *, #1636, .T. ) ;
#5243 = CARTESIAN_POINT ( 'NONE',  ( -73.00255571982731340, 0.000000000000000000, 8.000000000000001776 ) ) ;
#5244 = FACE_OUTER_BOUND ( 'NONE', #1402, .T. ) ;
#5245 = DIRECTION ( 'NONE',  ( 0.000000000000000000, 1.000000000000000000, 0.000000000000000000 ) ) ;
#5246 = ORIENTED_EDGE ( 'NONE', *, *, #2314, .T. ) ;
#5247 = CYLINDRICAL_SURFACE ( 'NONE', #1182, 3.500000000000003109 ) ;
#5248 = ORIENTED_EDGE ( 'NONE', *, *, #5757, .T. ) ;
#5249 = EDGE_CURVE ( 'NONE', #5238, #6263, #1783, .T. ) ;
#5250 = LINE ( 'NONE', #4204, #3487 ) ;
#5251 = CARTESIAN_POINT ( 'NONE',  ( -33.00255571982732050, 0.5000000000000204281, -12.00000000000000355 ) ) ;
#5252 = EDGE_CURVE ( 'NONE', #3286, #4262, #4303, .T. ) ;
#5253 = CARTESIAN_POINT ( 'NONE',  ( 0.000000000000000000, 10.00000000000000000, -25.99999999999999645 ) ) ;
#5254 = DIRECTION ( 'NONE',  ( 0.000000000000000000, 0.000000000000000000, -1.000000000000000000 ) ) ;
#5255 = ORIENTED_EDGE ( 'NONE', *, *, #2010, .F. ) ;
#5256 = CYLINDRICAL_SURFACE ( 'NONE', #533, 2.750000000000002665 ) ;
#5257 = CARTESIAN_POINT ( 'NONE',  ( -50.50255571982733471, 8.000000000000000000, 27.99999999999999289 ) ) ;
#5258 = EDGE_CURVE ( 'NONE', #4107, #4052, #2733, .T. ) ;
#5259 = LINE ( 'NONE', #6157, #1061 ) ;
#5260 = ORIENTED_EDGE ( 'NONE', *, *, #4188, .F. ) ;
#5261 = CARTESIAN_POINT ( 'NONE',  ( 77.99744428017270081, 0.000000000000000000, 47.00000000000001421 ) ) ;
#5262 = ORIENTED_EDGE ( 'NONE', *, *, #3103, .T. ) ;
#5263 = FACE_OUTER_BOUND ( 'NONE', #421, .T. ) ;
#5264 = ORIENTED_EDGE ( 'NONE', *, *, #4048, .F. ) ;
#5265 = CARTESIAN_POINT ( 'NONE',  ( -29.50255571982732761, 10.00000000000000000, 0.000000000000000000 ) ) ;
#5266 = ORIENTED_EDGE ( 'NONE', *, *, #4837, .T. ) ;
#5267 = ADVANCED_FACE ( 'NONE', ( #1250 ), #5522, .F. ) ;
#5268 = EDGE_LOOP ( 'NONE', ( #155, #2481, #1565, #4057 ) ) ;
#5269 = CARTESIAN_POINT ( 'NONE',  ( 1.797444280172685982, 7.000000000000000000, 37.00000000000000000 ) ) ;
#5270 = VERTEX_POINT ( 'NONE', #2904 ) ;
#5271 = ORIENTED_EDGE ( 'NONE', *, *, #6336, .T. ) ;
#5272 = CARTESIAN_POINT ( 'NONE',  ( -29.50255571982732761, 1.600000000000002975, -19.03700908475525821 ) ) ;
#5273 = CARTESIAN_POINT ( 'NONE',  ( -33.00255571982732050, 0.000000000000000000, -7.500000000000000000 ) ) ;
#5274 = LINE ( 'NONE', #4781, #4773 ) ;
#5275 = AXIS2_PLACEMENT_3D ( 'NONE', #1871, #5372, #716 ) ;
#5276 = CARTESIAN_POINT ( 'NONE',  ( 1.797444280172685982, 7.000000000000000000, 37.00000000000000000 ) ) ;
#5277 = VERTEX_POINT ( 'NONE', #4478 ) ;
#5278 = DIRECTION ( 'NONE',  ( 0.000000000000000000, 0.000000000000000000, 1.000000000000000000 ) ) ;
#5279 = CARTESIAN_POINT ( 'NONE',  ( -73.00255571982731340, 0.000000000000000000, 7.499999999999996447 ) ) ;
#5280 = AXIS2_PLACEMENT_3D ( 'NONE', #50, #5661, #1983 ) ;
#5281 = DIRECTION ( 'NONE',  ( 0.000000000000000000, -1.000000000000000000, 0.000000000000000000 ) ) ;
#5282 = PLANE ( 'NONE',  #1605 ) ;
#5283 = VERTEX_POINT ( 'NONE', #6508 ) ;
#5284 = EDGE_CURVE ( 'NONE', #6571, #4997, #1447, .T. ) ;
#5285 = VECTOR ( 'NONE', #5582, 1000.000000000000000 ) ;
#5286 = ADVANCED_FACE ( 'NONE', ( #3893 ), #4540, .T. ) ;
#5287 = AXIS2_PLACEMENT_3D ( 'NONE', #2091, #1081, #4716 ) ;
#5288 = CARTESIAN_POINT ( 'NONE',  ( 77.98273839781973038, 10.00000000000000000, 75.00000000000001421 ) ) ;
#5289 = CYLINDRICAL_SURFACE ( 'NONE', #2949, 2.249999999999998668 ) ;
#5290 = VERTEX_POINT ( 'NONE', #6545 ) ;
#5291 = LINE ( 'NONE', #3332, #840 ) ;
#5292 = DIRECTION ( 'NONE',  ( -1.000000000000000000, -0.000000000000000000, -0.000000000000000000 ) ) ;
#5293 = ORIENTED_EDGE ( 'NONE', *, *, #4628, .T. ) ;
#5294 = DIRECTION ( 'NONE',  ( -0.000000000000000000, 1.000000000000000000, -0.000000000000000000 ) ) ;
#5295 = VECTOR ( 'NONE', #1690, 1000.000000000000000 ) ;
#5296 = ORIENTED_EDGE ( 'NONE', *, *, #6578, .T. ) ;
#5297 = EDGE_CURVE ( 'NONE', #1464, #512, #3825, .T. ) ;
#5298 = CIRCLE ( 'NONE', #3140, 3.500000000000003109 ) ;
#5299 = CARTESIAN_POINT ( 'NONE',  ( 32.68975197248038000, 7.000000000000000000, 74.28846153846153300 ) ) ;
#5300 = VERTEX_POINT ( 'NONE', #1410 ) ;
#5301 = DIRECTION ( 'NONE',  ( 0.000000000000000000, 0.000000000000000000, 1.000000000000000000 ) ) ;
#5302 = ORIENTED_EDGE ( 'NONE', *, *, #6705, .T. ) ;
#5303 = CIRCLE ( 'NONE', #4445, 3.500000000000003109 ) ;
#5304 = VECTOR ( 'NONE', #2337, 1000.000000000000000 ) ;
#5305 = VERTEX_POINT ( 'NONE', #3396 ) ;
#5306 = EDGE_CURVE ( 'NONE', #4631, #1233, #316, .T. ) ;
#5307 = ORIENTED_EDGE ( 'NONE', *, *, #3062, .F. ) ;
#5308 = LINE ( 'NONE', #4330, #4318 ) ;
#5309 = CYLINDRICAL_SURFACE ( 'NONE', #4101, 1.999999999999996669 ) ;
#5310 = LINE ( 'NONE', #3353, #2807 ) ;
#5311 = ADVANCED_FACE ( 'NONE', ( #6469, #3459 ), #794, .T. ) ;
#5312 = AXIS2_PLACEMENT_3D ( 'NONE', #6140, #941, #5670 ) ;
#5313 = DIRECTION ( 'NONE',  ( 1.000000000000000000, -0.000000000000000000, 2.775557561562891351E-16 ) ) ;
#5314 = CARTESIAN_POINT ( 'NONE',  ( -34.50255571982732761, 0.000000000000000000, 0.000000000000000000 ) ) ;
#5315 = ORIENTED_EDGE ( 'NONE', *, *, #1855, .F. ) ;
#5316 = CARTESIAN_POINT ( 'NONE',  ( 1.797444280172686204, 7.000000000000000000, 33.49999999999999289 ) ) ;
#5317 = EDGE_CURVE ( 'NONE', #2415, #5682, #3498, .T. ) ;
#5318 = CYLINDRICAL_SURFACE ( 'NONE', #2513, 2.249999999999998668 ) ;
#5319 = CYLINDRICAL_SURFACE ( 'NONE', #442, 2.249999999999998668 ) ;
#5320 = CARTESIAN_POINT ( 'NONE',  ( 79.99744428017268660, 7.000000000000000000, -72.00000000000001421 ) ) ;
#5321 = ORIENTED_EDGE ( 'NONE', *, *, #4085, .T. ) ;
#5322 = AXIS2_PLACEMENT_3D ( 'NONE', #889, #1966, #957 ) ;
#5323 = DIRECTION ( 'NONE',  ( 0.000000000000000000, -1.000000000000000000, -0.000000000000000000 ) ) ;
#5324 = LINE ( 'NONE', #4827, #5992 ) ;
#5325 = VERTEX_POINT ( 'NONE', #6035 ) ;
#5326 = EDGE_CURVE ( 'NONE', #2903, #3204, #2871, .T. ) ;
#5327 = DIRECTION ( 'NONE',  ( 0.000000000000000000, -1.000000000000000000, -0.000000000000000000 ) ) ;
#5328 = DIRECTION ( 'NONE',  ( -1.156482317317871725E-15, 0.000000000000000000, 1.000000000000000000 ) ) ;
#5329 = AXIS2_PLACEMENT_3D ( 'NONE', #3857, #5381, #5970 ) ;
#5330 = ORIENTED_EDGE ( 'NONE', *, *, #6670, .F. ) ;
#5331 = CARTESIAN_POINT ( 'NONE',  ( 34.74744428017270081, -4.816681727819437597, -75.00000000000000000 ) ) ;
#5332 = VECTOR ( 'NONE', #3302, 1000.000000000000000 ) ;
#5333 = EDGE_CURVE ( 'NONE', #73, #4301, #2841, .T. ) ;
#5334 = VERTEX_POINT ( 'NONE', #351 ) ;
#5335 = VECTOR ( 'NONE', #917, 1000.000000000000000 ) ;
#5336 = CIRCLE ( 'NONE', #2406, 2.500000000000002220 ) ;
#5337 = DIRECTION ( 'NONE',  ( 0.000000000000000000, 1.000000000000000000, 0.000000000000000000 ) ) ;
#5338 = VERTEX_POINT ( 'NONE', #6105 ) ;
#5339 = EDGE_CURVE ( 'NONE', #3834, #132, #5780, .T. ) ;
#5340 = VERTEX_POINT ( 'NONE', #1847 ) ;
#5341 = EDGE_CURVE ( 'NONE', #1007, #3349, #5557, .T. ) ;
#5342 = AXIS2_PLACEMENT_3D ( 'NONE', #3568, #3994, #459 ) ;
#5343 = EDGE_LOOP ( 'NONE', ( #3582, #6186, #4527, #5995 ) ) ;
#5344 = VERTEX_POINT ( 'NONE', #5560 ) ;
#5345 = CARTESIAN_POINT ( 'NONE',  ( -33.00255571982732050, 0.000000000000000000, 9.999999999999998224 ) ) ;
#5346 = CARTESIAN_POINT ( 'NONE',  ( -57.50255571982733471, 5.000000000000000000, -20.99999999999999289 ) ) ;
#5347 = ADVANCED_FACE ( 'NONE', ( #6573 ), #1910, .F. ) ;
#5348 = CARTESIAN_POINT ( 'NONE',  ( 83.99744428017270081, -7.000000000000000000, 47.00000000000001421 ) ) ;
#5349 = EDGE_CURVE ( 'NONE', #539, #5618, #6067, .T. ) ;
#5350 = CARTESIAN_POINT ( 'NONE',  ( 76.99744428017268660, 10.00000000000000000, -56.49999999999998579 ) ) ;
#5351 = VERTEX_POINT ( 'NONE', #6008 ) ;
#5352 = CARTESIAN_POINT ( 'NONE',  ( -29.50255571982732761, 1.600000000000002975, -19.03700908475525821 ) ) ;
#5353 = DIRECTION ( 'NONE',  ( 0.000000000000000000, 1.000000000000000000, 0.000000000000000000 ) ) ;
#5354 = CARTESIAN_POINT ( 'NONE',  ( 1.797444280172685982, 0.4999999999999483746, -37.00000000000000000 ) ) ;
#5355 = CARTESIAN_POINT ( 'NONE',  ( -57.50255571982733471, 0.000000000000000000, 25.00000000000000000 ) ) ;
#5356 = EDGE_LOOP ( 'NONE', ( #1113, #3080, #72, #4241 ) ) ;
#5357 = LINE ( 'NONE', #226, #6397 ) ;
#5358 = FACE_BOUND ( 'NONE', #1266, .T. ) ;
#5359 = PRESENTATION_STYLE_ASSIGNMENT (( #4857 ) ) ;
#5360 = ORIENTED_EDGE ( 'NONE', *, *, #3432, .F. ) ;
#5361 = FACE_OUTER_BOUND ( 'NONE', #2122, .T. ) ;
#5362 = DIRECTION ( 'NONE',  ( 0.000000000000000000, 0.000000000000000000, 1.000000000000000000 ) ) ;
#5363 = VERTEX_POINT ( 'NONE', #6608 ) ;
#5364 = ORIENTED_EDGE ( 'NONE', *, *, #2341, .T. ) ;
#5365 = EDGE_CURVE ( 'NONE', #5338, #272, #1863, .T. ) ;
#5366 = CARTESIAN_POINT ( 'NONE',  ( 0.000000000000000000, 0.000000000000000000, 27.99999999999999289 ) ) ;
#5367 = ORIENTED_EDGE ( 'NONE', *, *, #3098, .T. ) ;
#5368 = EDGE_LOOP ( 'NONE', ( #384, #2597 ) ) ;
#5369 = ORIENTED_EDGE ( 'NONE', *, *, #4219, .F. ) ;
#5370 = EDGE_CURVE ( 'NONE', #4227, #6486, #5484, .T. ) ;
#5371 = ADVANCED_FACE ( 'NONE', ( #1500, #1370 ), #6059, .F. ) ;
#5372 = DIRECTION ( 'NONE',  ( 0.000000000000000000, 1.000000000000000000, 0.000000000000000000 ) ) ;
#5373 = VERTEX_POINT ( 'NONE', #372 ) ;
#5374 = DIRECTION ( 'NONE',  ( 1.000000000000000000, -0.000000000000000000, -0.000000000000000000 ) ) ;
#5375 = PLANE ( 'NONE',  #5950 ) ;
#5376 = DIRECTION ( 'NONE',  ( -0.000000000000000000, 1.000000000000000000, -0.000000000000000000 ) ) ;
#5377 = CARTESIAN_POINT ( 'NONE',  ( 24.99744428017270081, 0.000000000000000000, 32.00000000000001421 ) ) ;
#5378 = ADVANCED_FACE ( 'NONE', ( #4571 ), #3954, .F. ) ;
#5379 = ORIENTED_EDGE ( 'NONE', *, *, #576, .T. ) ;
#5380 = CARTESIAN_POINT ( 'NONE',  ( 0.000000000000000000, 8.000000000000000000, -27.99999999999999289 ) ) ;
#5381 = DIRECTION ( 'NONE',  ( -1.000000000000000000, -0.000000000000000000, 2.775557561562891351E-16 ) ) ;
#5382 = DIRECTION ( 'NONE',  ( 0.000000000000000000, -1.000000000000000000, 0.000000000000000000 ) ) ;
#5383 = ORIENTED_EDGE ( 'NONE', *, *, #4684, .F. ) ;
#5384 = CLOSED_SHELL ( 'NONE', ( #3801, #3231, #3483, #2129, #3723, #6252, #2767, #3692, #6630, #2588, #2685, #700, #3625, #422, #2146, #3742, #4153, #590, #940, #4559, #3395, #470, #6467, #4342, #5529, #3013, #1679, #2821, #4939, #5267, #5234, #6190, #2390, #6244, #976, #3685, #1219, #735, #3772, #1436, #1797, #3441, #4132, #4187, #146, #5627, #4275, #4484, #2565, #3763, #3324, #3446, #5854, #2468, #3219, #349, #2245, #2934, #5691, #6302, #4051, #3029, #6389, #1188, #5862, #5774, #4018, #1232, #812, #4324, #1603, #1145, #5048, #6098, #2009, #5424, #3283, #300, #5883, #3521, #6664, #2264, #4803, #2861, #1438, #3707, #5371, #3890, #6209, #680, #4727, #4842, #5311, #1818, #2926, #1063, #1009, #5347, #5378, #5015, #3186, #2586, #2551, #6370, #5806, #5232, #365, #5622, #5138, #2379, #4335, #646, #5930, #5286, #2456, #4327, #1560, #1881, #5584, #4717, #4264, #1159, #307, #598, #1152, #2179, #822, #3337, #6182, #4010, #18, #6637, #5899, #382, #1572, #5936, #4715, #854, #3433, #5498, #4906, #3525, #2969, #3653, #6290, #1430, #686, #4388, #4757, #4680, #4614, #1645, #4568, #1969, #1595, #1134, #1471, #3934, #5541, #523, #4635, #3007, #1774, #818, #4316, #3648, #1099, #5678, #3017, #4495, #862, #773, #378, #2211, #4272, #2930, #2183, #3760, #6579, #4063, #3345, #6506, #3925, #1267, #3, #4416, #3944, #2101, #3552, #5893, #2226, #4472, #6423, #4420, #6250, #2849, #1244, #3222, #2066, #5751, #4493, #2423, #3811, #1767, #1878, #3278, #2644, #5975, #3812, #120 ) ) ;
#5385 = AXIS2_PLACEMENT_3D ( 'NONE', #3694, #1242, #5822 ) ;
#5386 = DIRECTION ( 'NONE',  ( 0.9246780984747219323, 0.000000000000000000, 0.3807498052542803713 ) ) ;
#5387 = AXIS2_PLACEMENT_3D ( 'NONE', #3988, #972, #4643 ) ;
#5388 = DIRECTION ( 'NONE',  ( 0.3807498052542680478, 0.000000000000000000, -0.9246780984747270393 ) ) ;
#5389 = LINE ( 'NONE', #2810, #4799 ) ;
#5390 = ORIENTED_EDGE ( 'NONE', *, *, #5815, .T. ) ;
#5391 = DIRECTION ( 'NONE',  ( -0.000000000000000000, -1.000000000000000000, -0.000000000000000000 ) ) ;
#5392 = DIRECTION ( 'NONE',  ( 0.000000000000000000, -1.000000000000000000, 0.000000000000000000 ) ) ;
#5393 = ORIENTED_EDGE ( 'NONE', *, *, #355, .T. ) ;
#5394 = CARTESIAN_POINT ( 'NONE',  ( -55.50255571982733471, 8.000000000000000000, -27.99999999999999289 ) ) ;
#5395 = ORIENTED_EDGE ( 'NONE', *, *, #1735, .T. ) ;
#5396 = AXIS2_PLACEMENT_3D ( 'NONE', #3333, #5911, #5362 ) ;
#5397 = AXIS2_PLACEMENT_3D ( 'NONE', #218, #2356, #3361 ) ;
#5398 = CARTESIAN_POINT ( 'NONE',  ( 1.797444280172685982, 7.000000000000000000, 47.75000000000000000 ) ) ;
#5399 =( BOUNDED_CURVE ( )  B_SPLINE_CURVE ( 3, ( #2634, #2118, #84, #3290 ),
 .UNSPECIFIED., .F., .F. ) 
 B_SPLINE_CURVE_WITH_KNOTS ( ( 4, 4 ),
 ( 1.570796326794896558, 3.141592653589793116 ),
 .UNSPECIFIED. ) 
 CURVE ( )  GEOMETRIC_REPRESENTATION_ITEM ( )  RATIONAL_B_SPLINE_CURVE ( ( 1.000000000000000000, 0.8047378541243649375, 0.8047378541243649375, 1.000000000000000000 ) ) 
 REPRESENTATION_ITEM ( '' )  );
#5400 = FACE_OUTER_BOUND ( 'NONE', #4931, .T. ) ;
#5401 = VECTOR ( 'NONE', #131, 1000.000000000000000 ) ;
#5402 = ORIENTED_EDGE ( 'NONE', *, *, #3095, .F. ) ;
#5403 = CIRCLE ( 'NONE', #5397, 1.999999999999996669 ) ;
#5404 = CARTESIAN_POINT ( 'NONE',  ( 131.9974442801726866, 0.000000000000000000, -6.245004513516506329E-15 ) ) ;
#5405 = ORIENTED_EDGE ( 'NONE', *, *, #555, .T. ) ;
#5406 = ORIENTED_EDGE ( 'NONE', *, *, #576, .F. ) ;
#5407 = AXIS2_PLACEMENT_3D ( 'NONE', #5208, #1985, #6136 ) ;
#5408 = DIRECTION ( 'NONE',  ( 0.000000000000000000, 0.000000000000000000, 1.000000000000000000 ) ) ;
#5409 = VERTEX_POINT ( 'NONE', #2623 ) ;
#5410 = DIRECTION ( 'NONE',  ( 0.000000000000000000, 0.000000000000000000, 1.000000000000000000 ) ) ;
#5411 = VECTOR ( 'NONE', #5137, 1000.000000000000000 ) ;
#5412 = EDGE_CURVE ( 'NONE', #2774, #6192, #5336, .T. ) ;
#5413 = DIRECTION ( 'NONE',  ( -1.000000000000000000, -0.000000000000000000, -2.775557561562891351E-16 ) ) ;
#5414 = EDGE_CURVE ( 'NONE', #3547, #2082, #5787, .T. ) ;
#5415 = PLANE ( 'NONE',  #6476 ) ;
#5416 = AXIS2_PLACEMENT_3D ( 'NONE', #6717, #5126, #3063 ) ;
#5417 = LINE ( 'NONE', #760, #3024 ) ;
#5418 = ORIENTED_EDGE ( 'NONE', *, *, #2010, .T. ) ;
#5419 = DIRECTION ( 'NONE',  ( -1.000000000000000000, 0.000000000000000000, 2.775557561562891351E-16 ) ) ;
#5420 = CARTESIAN_POINT ( 'NONE',  ( 34.99744428017269371, 0.000000000000000000, 72.00000000000001421 ) ) ;
#5421 = DIRECTION ( 'NONE',  ( -0.000000000000000000, -1.000000000000000000, -0.000000000000000000 ) ) ;
#5422 = ORIENTED_EDGE ( 'NONE', *, *, #1322, .T. ) ;
#5423 = AXIS2_PLACEMENT_3D ( 'NONE', #5566, #2363, #386 ) ;
#5424 = ADVANCED_FACE ( 'NONE', ( #4291 ), #6428, .T. ) ;
#5425 = VECTOR ( 'NONE', #6457, 1000.000000000000000 ) ;
#5426 = FACE_OUTER_BOUND ( 'NONE', #1569, .T. ) ;
#5427 = DIRECTION ( 'NONE',  ( -0.000000000000000000, 1.000000000000000000, -0.000000000000000000 ) ) ;
#5428 = DIRECTION ( 'NONE',  ( -0.000000000000000000, -1.000000000000000000, -0.000000000000000000 ) ) ;
#5429 = VERTEX_POINT ( 'NONE', #6393 ) ;
#5430 = LINE ( 'NONE', #2365, #3609 ) ;
#5431 = CARTESIAN_POINT ( 'NONE',  ( 82.30513658786505005, 7.000000000000000000, -74.28846153846150457 ) ) ;
#5432 = FACE_OUTER_BOUND ( 'NONE', #1037, .T. ) ;
#5433 = ORIENTED_EDGE ( 'NONE', *, *, #2735, .F. ) ;
#5434 = DIRECTION ( 'NONE',  ( 0.000000000000000000, 1.000000000000000000, 0.000000000000000000 ) ) ;
#5435 = EDGE_CURVE ( 'NONE', #2940, #5277, #1971, .T. ) ;
#5436 = ORIENTED_EDGE ( 'NONE', *, *, #6125, .T. ) ;
#5437 = VECTOR ( 'NONE', #814, 1000.000000000000000 ) ;
#5438 = DIRECTION ( 'NONE',  ( 0.000000000000000000, -1.000000000000000000, 0.000000000000000000 ) ) ;
#5439 = CIRCLE ( 'NONE', #550, 1.999999999999998224 ) ;
#5440 = PLANE ( 'NONE',  #4244 ) ;
#5441 = ORIENTED_EDGE ( 'NONE', *, *, #2675, .T. ) ;
#5442 = VERTEX_POINT ( 'NONE', #1341 ) ;
#5443 = VERTEX_POINT ( 'NONE', #3416 ) ;
#5444 = VECTOR ( 'NONE', #6285, 1000.000000000000000 ) ;
#5445 = LINE ( 'NONE', #3385, #4089 ) ;
#5446 = DIRECTION ( 'NONE',  ( -1.000000000000000000, 0.000000000000000000, 2.775557561562891351E-16 ) ) ;
#5447 = ORIENTED_EDGE ( 'NONE', *, *, #5549, .F. ) ;
#5448 = CARTESIAN_POINT ( 'NONE',  ( 121.9974442801726866, 3.999999999999996447, -20.00000000000000000 ) ) ;
#5449 = AXIS2_PLACEMENT_3D ( 'NONE', #3224, #5353, #2771 ) ;
#5450 = DIRECTION ( 'NONE',  ( 0.000000000000000000, 0.000000000000000000, -1.000000000000000000 ) ) ;
#5451 = DIRECTION ( 'NONE',  ( 0.000000000000000000, 0.000000000000000000, 1.000000000000000000 ) ) ;
#5452 = AXIS2_PLACEMENT_3D ( 'NONE', #2979, #6708, #5118 ) ;
#5453 = VERTEX_POINT ( 'NONE', #3783 ) ;
#5454 = CARTESIAN_POINT ( 'NONE',  ( -28.00255571982732050, 5.000000000000000000, -20.99999999999998579 ) ) ;
#5455 = DIRECTION ( 'NONE',  ( -0.000000000000000000, -1.000000000000000000, -0.000000000000000000 ) ) ;
#5456 = DIRECTION ( 'NONE',  ( -0.000000000000000000, -1.000000000000000000, -0.000000000000000000 ) ) ;
#5457 = ORIENTED_EDGE ( 'NONE', *, *, #2352, .F. ) ;
#5458 = EDGE_CURVE ( 'NONE', #5621, #3837, #3289, .T. ) ;
#5459 = EDGE_CURVE ( 'NONE', #2662, #256, #1431, .T. ) ;
#5460 = CARTESIAN_POINT ( 'NONE',  ( -48.50255571982733471, 0.000000000000000000, -14.50000000000000178 ) ) ;
#5461 = DIRECTION ( 'NONE',  ( -0.000000000000000000, 1.000000000000000000, 0.000000000000000000 ) ) ;
#5462 = EDGE_LOOP ( 'NONE', ( #466, #6618 ) ) ;
#5463 = DIRECTION ( 'NONE',  ( -0.000000000000000000, 1.000000000000000000, -0.000000000000000000 ) ) ;
#5464 = CARTESIAN_POINT ( 'NONE',  ( 86.99744428017270081, 4.000000000000000000, -34.74999999999998579 ) ) ;
#5465 = DIRECTION ( 'NONE',  ( 1.000000000000000000, -0.000000000000000000, 2.775557561562891351E-16 ) ) ;
#5466 = ORIENTED_EDGE ( 'NONE', *, *, #2941, .F. ) ;
#5467 = DIRECTION ( 'NONE',  ( 0.000000000000000000, -0.000000000000000000, 1.000000000000000000 ) ) ;
#5468 = VERTEX_POINT ( 'NONE', #6626 ) ;
#5469 = CARTESIAN_POINT ( 'NONE',  ( 121.9974442801726866, -40.00000000000000000, -20.00000000000000000 ) ) ;
#5470 = EDGE_CURVE ( 'NONE', #132, #3834, #6425, .T. ) ;
#5471 = DIRECTION ( 'NONE',  ( 0.000000000000000000, 0.000000000000000000, -1.000000000000000000 ) ) ;
#5472 = FACE_OUTER_BOUND ( 'NONE', #3033, .T. ) ;
#5473 = ORIENTED_EDGE ( 'NONE', *, *, #4438, .T. ) ;
#5474 = ORIENTED_EDGE ( 'NONE', *, *, #1601, .T. ) ;
#5475 = ORIENTED_EDGE ( 'NONE', *, *, #2433, .F. ) ;
#5476 = DIRECTION ( 'NONE',  ( 0.000000000000000000, 1.000000000000000000, 0.000000000000000000 ) ) ;
#5477 = ORIENTED_EDGE ( 'NONE', *, *, #1198, .F. ) ;
#5478 = CARTESIAN_POINT ( 'NONE',  ( 121.9974442801726866, -40.00000000000000000, 22.00000000000000000 ) ) ;
#5479 = LINE ( 'NONE', #825, #4972 ) ;
#5480 = DIRECTION ( 'NONE',  ( 0.000000000000000000, 1.000000000000000000, 0.000000000000000000 ) ) ;
#5481 = FACE_OUTER_BOUND ( 'NONE', #1800, .T. ) ;
#5482 = ORIENTED_EDGE ( 'NONE', *, *, #2046, .T. ) ;
#5483 = DIRECTION ( 'NONE',  ( 9.251858538542971581E-17, 0.000000000000000000, 1.000000000000000000 ) ) ;
#5484 = LINE ( 'NONE', #858, #561 ) ;
#5485 = CARTESIAN_POINT ( 'NONE',  ( 86.99744428017270081, 4.000000000000000000, 35.00000000000001421 ) ) ;
#5486 = FACE_OUTER_BOUND ( 'NONE', #463, .T. ) ;
#5487 = DIRECTION ( 'NONE',  ( 0.000000000000000000, 0.000000000000000000, -1.000000000000000000 ) ) ;
#5488 = ORIENTED_EDGE ( 'NONE', *, *, #4560, .T. ) ;
#5489 = CARTESIAN_POINT ( 'NONE',  ( -50.50255571982733471, 2.000000000000000000, -27.99999999999999289 ) ) ;
#5490 = CARTESIAN_POINT ( 'NONE',  ( 1.797444280172685982, 0.000000000000000000, -45.00000000000000000 ) ) ;
#5491 = CARTESIAN_POINT ( 'NONE',  ( -33.00255571982732050, 0.000000000000000000, 7.499999999999995559 ) ) ;
#5492 = CARTESIAN_POINT ( 'NONE',  ( -37.50255571982732761, 10.00000000000000000, -14.50000000000000178 ) ) ;
#5493 = FACE_BOUND ( 'NONE', #2117, .T. ) ;
#5494 = LINE ( 'NONE', #5534, #1714 ) ;
#5495 = ORIENTED_EDGE ( 'NONE', *, *, #1926, .T. ) ;
#5496 = CARTESIAN_POINT ( 'NONE',  ( -37.50255571982732761, 10.00000000000000000, 26.00000000000000355 ) ) ;
#5497 = EDGE_CURVE ( 'NONE', #6564, #1580, #3226, .T. ) ;
#5498 = ADVANCED_FACE ( 'NONE', ( #6409, #2033 ), #1689, .F. ) ;
#5499 = CARTESIAN_POINT ( 'NONE',  ( -68.50255571982732761, 5.000000000000000000, -23.24999999999999645 ) ) ;
#5500 = VECTOR ( 'NONE', #547, 999.9999999999998863 ) ;
#5501 = VECTOR ( 'NONE', #6028, 1000.000000000000227 ) ;
#5502 = CARTESIAN_POINT ( 'NONE',  ( 131.9974442801726866, 10.00000000000000000, 34.75000000000000711 ) ) ;
#5503 = CARTESIAN_POINT ( 'NONE',  ( -33.00255571982732050, 0.000000000000000000, -12.50000000000000355 ) ) ;
#5504 = ORIENTED_EDGE ( 'NONE', *, *, #2, .F. ) ;
#5505 = ORIENTED_EDGE ( 'NONE', *, *, #432, .F. ) ;
#5506 = CIRCLE ( 'NONE', #5720, 2.249999999999998668 ) ;
#5507 = AXIS2_PLACEMENT_3D ( 'NONE', #5704, #2606, #947 ) ;
#5508 = ORIENTED_EDGE ( 'NONE', *, *, #5130, .F. ) ;
#5509 = EDGE_CURVE ( 'NONE', #2287, #2867, #6446, .T. ) ;
#5510 = CIRCLE ( 'NONE', #2240, 1.000000000000000888 ) ;
#5511 = VECTOR ( 'NONE', #581, 1000.000000000000000 ) ;
#5512 = DIRECTION ( 'NONE',  ( 0.000000000000000000, 0.000000000000000000, 1.000000000000000000 ) ) ;
#5513 = ORIENTED_EDGE ( 'NONE', *, *, #3878, .T. ) ;
#5514 = DIRECTION ( 'NONE',  ( 0.3807498052542803713, 0.000000000000000000, -0.9246780984747219323 ) ) ;
#5515 = DIRECTION ( 'NONE',  ( 0.000000000000000000, -0.000000000000000000, -1.000000000000000000 ) ) ;
#5516 = DIRECTION ( 'NONE',  ( 1.000000000000000000, 0.000000000000000000, 0.000000000000000000 ) ) ;
#5517 = EDGE_CURVE ( 'NONE', #2963, #539, #3722, .T. ) ;
#5518 = EDGE_LOOP ( 'NONE', ( #3877, #5812, #4027, #4775 ) ) ;
#5519 = CIRCLE ( 'NONE', #5407, 3.500000000000006661 ) ;
#5520 = ORIENTED_EDGE ( 'NONE', *, *, #4299, .T. ) ;
#5521 = CARTESIAN_POINT ( 'NONE',  ( 1.797444280172685982, 0.4999999999999483746, 37.00000000000000000 ) ) ;
#5522 = CYLINDRICAL_SURFACE ( 'NONE', #2958, 2.249999999999998668 ) ;
#5523 = DIRECTION ( 'NONE',  ( 0.000000000000000000, 1.000000000000000000, 0.000000000000000000 ) ) ;
#5524 = EDGE_CURVE ( 'NONE', #6429, #4129, #4442, .T. ) ;
#5525 = LINE ( 'NONE', #1320, #4331 ) ;
#5526 = EDGE_LOOP ( 'NONE', ( #2717, #2889 ) ) ;
#5527 = AXIS2_PLACEMENT_3D ( 'NONE', #4878, #4841, #3733 ) ;
#5528 = LINE ( 'NONE', #2454, #87 ) ;
#5529 = ADVANCED_FACE ( 'NONE', ( #3327 ), #3858, .F. ) ;
#5530 = CARTESIAN_POINT ( 'NONE',  ( 0.000000000000000000, 8.000000000000000000, -25.99999999999999645 ) ) ;
#5531 = CARTESIAN_POINT ( 'NONE',  ( 1.997444280172673281, 7.000000000000000000, -75.00000000000000000 ) ) ;
#5532 = VECTOR ( 'NONE', #5779, 1000.000000000000000 ) ;
#5533 = CARTESIAN_POINT ( 'NONE',  ( 51.99744428017267950, -40.00000000000000000, 22.00000000000000711 ) ) ;
#5534 = CARTESIAN_POINT ( 'NONE',  ( -28.00255571982732050, 5.000000000000000000, -23.24999999999998579 ) ) ;
#5535 = EDGE_LOOP ( 'NONE', ( #3091, #4200 ) ) ;
#5536 = DIRECTION ( 'NONE',  ( -0.000000000000000000, -1.000000000000000000, -0.000000000000000000 ) ) ;
#5537 = CARTESIAN_POINT ( 'NONE',  ( 36.99744428017269371, 4.000000000000000000, 35.00000000000002132 ) ) ;
#5538 = AXIS2_PLACEMENT_3D ( 'NONE', #3737, #3261, #4302 ) ;
#5539 = CARTESIAN_POINT ( 'NONE',  ( 32.68975197248038000, 7.000000000000000000, 74.28846153846153300 ) ) ;
#5540 = DIRECTION ( 'NONE',  ( -0.000000000000000000, 0.000000000000000000, 1.000000000000000000 ) ) ;
#5541 = ADVANCED_FACE ( 'NONE', ( #1526 ), #3127, .F. ) ;
#5542 = DIRECTION ( 'NONE',  ( 0.000000000000000000, 0.000000000000000000, 1.000000000000000000 ) ) ;
#5543 = EDGE_LOOP ( 'NONE', ( #2000, #578, #1875, #5818 ) ) ;
#5544 = AXIS2_PLACEMENT_3D ( 'NONE', #2108, #5816, #3100 ) ;
#5545 = ORIENTED_EDGE ( 'NONE', *, *, #5918, .F. ) ;
#5546 = AXIS2_PLACEMENT_3D ( 'NONE', #1631, #6283, #5709 ) ;
#5547 = DIRECTION ( 'NONE',  ( 0.000000000000000000, 0.000000000000000000, 1.000000000000000000 ) ) ;
#5548 = ORIENTED_EDGE ( 'NONE', *, *, #1967, .T. ) ;
#5549 = EDGE_CURVE ( 'NONE', #3133, #3906, #6538, .T. ) ;
#5550 = VERTEX_POINT ( 'NONE', #956 ) ;
#5551 = CARTESIAN_POINT ( 'NONE',  ( -29.50255571982732761, 5.000000000000000000, -20.99999999999998579 ) ) ;
#5552 = CYLINDRICAL_SURFACE ( 'NONE', #4117, 2.999999999999999112 ) ;
#5553 = VECTOR ( 'NONE', #279, 1000.000000000000000 ) ;
#5554 = VECTOR ( 'NONE', #6582, 1000.000000000000000 ) ;
#5555 = ORIENTED_EDGE ( 'NONE', *, *, #908, .F. ) ;
#5556 = AXIS2_PLACEMENT_3D ( 'NONE', #4862, #745, #1260 ) ;
#5557 = CIRCLE ( 'NONE', #2187, 1.999999999999996669 ) ;
#5558 = ORIENTED_EDGE ( 'NONE', *, *, #6639, .F. ) ;
#5559 = EDGE_CURVE ( 'NONE', #5154, #4195, #3516, .T. ) ;
#5560 = CARTESIAN_POINT ( 'NONE',  ( 131.9974442801726866, 4.000000000000000000, -32.74999999999999289 ) ) ;
#5561 = DIRECTION ( 'NONE',  ( 0.000000000000000000, 0.000000000000000000, 1.000000000000000000 ) ) ;
#5562 = DIRECTION ( 'NONE',  ( -0.000000000000000000, 1.000000000000000000, -0.000000000000000000 ) ) ;
#5563 = ORIENTED_EDGE ( 'NONE', *, *, #6159, .F. ) ;
#5564 = CIRCLE ( 'NONE', #3293, 2.000000000000001776 ) ;
#5565 = CARTESIAN_POINT ( 'NONE',  ( -74.00255571982731340, 5.000000000000000000, 17.50000000000000000 ) ) ;
#5566 = CARTESIAN_POINT ( 'NONE',  ( 1.797444280172685982, 0.4999999999999483746, 37.00000000000000000 ) ) ;
#5567 = DIRECTION ( 'NONE',  ( 0.000000000000000000, 0.000000000000000000, -1.000000000000000000 ) ) ;
#5568 = DIRECTION ( 'NONE',  ( 0.000000000000000000, 0.000000000000000000, 1.000000000000000000 ) ) ;
#5569 = CARTESIAN_POINT ( 'NONE',  ( 27.99744428017270081, -7.000000000000000000, 47.00000000000001421 ) ) ;
#5570 = DIRECTION ( 'NONE',  ( -9.251858538542971581E-17, 0.000000000000000000, -1.000000000000000000 ) ) ;
#5571 = VERTEX_POINT ( 'NONE', #3200 ) ;
#5572 = DIRECTION ( 'NONE',  ( -0.000000000000000000, -1.000000000000000000, -0.000000000000000000 ) ) ;
#5573 = CARTESIAN_POINT ( 'NONE',  ( 77.98273839781973038, 7.000000000000000000, 75.00000000000001421 ) ) ;
#5574 = FACE_OUTER_BOUND ( 'NONE', #5881, .T. ) ;
#5575 = CARTESIAN_POINT ( 'NONE',  ( 93.99744428017268660, 4.000000000000000000, -22.99999999999999289 ) ) ;
#5576 = EDGE_LOOP ( 'NONE', ( #4008, #3453, #1587, #970 ) ) ;
#5577 = ORIENTED_EDGE ( 'NONE', *, *, #5717, .F. ) ;
#5578 = ORIENTED_EDGE ( 'NONE', *, *, #607, .T. ) ;
#5579 = LINE ( 'NONE', #3035, #1414 ) ;
#5580 = ORIENTED_EDGE ( 'NONE', *, *, #5249, .T. ) ;
#5581 = VERTEX_POINT ( 'NONE', #2132 ) ;
#5582 = DIRECTION ( 'NONE',  ( -1.000000000000000000, -0.000000000000000000, 2.775557561562891351E-16 ) ) ;
#5583 = CARTESIAN_POINT ( 'NONE',  ( -33.00255571982732050, 10.00000000000000000, 9.999999999999998224 ) ) ;
#5584 = ADVANCED_FACE ( 'NONE', ( #5358, #5226 ), #637, .T. ) ;
#5585 = EDGE_CURVE ( 'NONE', #3129, #110, #3900, .T. ) ;
#5586 = ORIENTED_EDGE ( 'NONE', *, *, #6217, .F. ) ;
#5587 = ORIENTED_EDGE ( 'NONE', *, *, #2640, .F. ) ;
#5588 = CARTESIAN_POINT ( 'NONE',  ( 129.9974442801726866, 10.00000000000000000, 34.75000000000000711 ) ) ;
#5589 = CARTESIAN_POINT ( 'NONE',  ( -57.50255571982733471, 0.000000000000000000, 25.00000000000000000 ) ) ;
#5590 = DIRECTION ( 'NONE',  ( 0.000000000000000000, 0.000000000000000000, -1.000000000000000000 ) ) ;
#5591 = ORIENTED_EDGE ( 'NONE', *, *, #434, .T. ) ;
#5592 = EDGE_CURVE ( 'NONE', #4347, #793, #358, .T. ) ;
#5593 = CYLINDRICAL_SURFACE ( 'NONE', #1815, 2.249999999999998668 ) ;
#5594 = DIRECTION ( 'NONE',  ( 0.000000000000000000, -1.000000000000000000, 0.000000000000000000 ) ) ;
#5595 = DIRECTION ( 'NONE',  ( -0.000000000000000000, -1.000000000000000000, -0.000000000000000000 ) ) ;
#5596 = CARTESIAN_POINT ( 'NONE',  ( 1.797444280172685982, 0.4999999999999483746, -39.00000000000000711 ) ) ;
#5597 = CARTESIAN_POINT ( 'NONE',  ( -74.00255571982731340, 5.000000000000000000, -24.50000000000000000 ) ) ;
#5598 = DIRECTION ( 'NONE',  ( 0.000000000000000000, 0.000000000000000000, 1.000000000000000000 ) ) ;
#5599 = DIRECTION ( 'NONE',  ( -1.000000000000000000, -0.000000000000000000, 0.000000000000000000 ) ) ;
#5600 = LINE ( 'NONE', #6115, #5733 ) ;
#5601 = VERTEX_POINT ( 'NONE', #1760 ) ;
#5602 = CARTESIAN_POINT ( 'NONE',  ( 121.9974442801726866, -40.00000000000000000, -20.00000000000000000 ) ) ;
#5603 = CARTESIAN_POINT ( 'NONE',  ( 34.99744428017269371, 0.4999999999999466538, -72.00000000000001421 ) ) ;
#5604 = DIRECTION ( 'NONE',  ( 0.000000000000000000, -1.000000000000000000, 0.000000000000000000 ) ) ;
#5605 = CARTESIAN_POINT ( 'NONE',  ( -57.50255571982733471, 5.000000000000000000, -23.24999999999999289 ) ) ;
#5606 = ORIENTED_EDGE ( 'NONE', *, *, #1322, .F. ) ;
#5607 = EDGE_LOOP ( 'NONE', ( #3188, #3422, #810, #32 ) ) ;
#5608 = ORIENTED_EDGE ( 'NONE', *, *, #4235, .F. ) ;
#5609 = EDGE_CURVE ( 'NONE', #1933, #2232, #4923, .T. ) ;
#5610 = AXIS2_PLACEMENT_3D ( 'NONE', #4125, #1544, #5692 ) ;
#5611 = VECTOR ( 'NONE', #4940, 1000.000000000000000 ) ;
#5612 = DIRECTION ( 'NONE',  ( -0.000000000000000000, 1.000000000000000000, -0.000000000000000000 ) ) ;
#5613 = CIRCLE ( 'NONE', #2683, 1.999999999999998224 ) ;
#5614 = VECTOR ( 'NONE', #742, 1000.000000000000000 ) ;
#5615 = ORIENTED_EDGE ( 'NONE', *, *, #2309, .T. ) ;
#5616 = CARTESIAN_POINT ( 'NONE',  ( 76.99744428017268660, 0.000000000000000000, 53.50000000000000000 ) ) ;
#5617 = FACE_BOUND ( 'NONE', #2823, .T. ) ;
#5618 = VERTEX_POINT ( 'NONE', #739 ) ;
#5619 = AXIS2_PLACEMENT_3D ( 'NONE', #2043, #4121, #6601 ) ;
#5620 = AXIS2_PLACEMENT_3D ( 'NONE', #5699, #1012, #2558 ) ;
#5621 = VERTEX_POINT ( 'NONE', #2809 ) ;
#5622 = ADVANCED_FACE ( 'NONE', ( #6450, #2059 ), #1417, .T. ) ;
#5623 = EDGE_LOOP ( 'NONE', ( #2831, #1944, #263, #4662 ) ) ;
#5624 = CARTESIAN_POINT ( 'NONE',  ( -49.33098284457353344, 9.171572875253810153, -27.99999999999999289 ) ) ;
#5625 = CIRCLE ( 'NONE', #2579, 2.000000000000001776 ) ;
#5626 = CARTESIAN_POINT ( 'NONE',  ( -55.50255571982733471, 0.000000000000000000, 25.99999999999999645 ) ) ;
#5627 = ADVANCED_FACE ( 'NONE', ( #2560 ), #1920, .F. ) ;
#5628 = CIRCLE ( 'NONE', #944, 2.750000000000002665 ) ;
#5629 = CARTESIAN_POINT ( 'NONE',  ( -58.50255571982733471, 0.000000000000000000, -13.50000000000000178 ) ) ;
#5630 = ORIENTED_EDGE ( 'NONE', *, *, #1681, .T. ) ;
#5631 = AXIS2_PLACEMENT_3D ( 'NONE', #1146, #4815, #2765 ) ;
#5632 = EDGE_CURVE ( 'NONE', #4763, #5946, #5233, .T. ) ;
#5633 = CARTESIAN_POINT ( 'NONE',  ( 34.99744428017269371, 0.4999999999999466538, 73.50000000000001421 ) ) ;
#5634 = CYLINDRICAL_SURFACE ( 'NONE', #787, 1.500000000000001332 ) ;
#5635 = DIRECTION ( 'NONE',  ( 0.000000000000000000, 0.000000000000000000, 1.000000000000000000 ) ) ;
#5636 = EDGE_CURVE ( 'NONE', #4512, #1397, #3618, .T. ) ;
#5637 = DIRECTION ( 'NONE',  ( 0.000000000000000000, 1.000000000000000000, 0.000000000000000000 ) ) ;
#5638 = LINE ( 'NONE', #29, #1602 ) ;
#5639 = FACE_BOUND ( 'NONE', #3237, .T. ) ;
#5640 = ORIENTED_EDGE ( 'NONE', *, *, #762, .F. ) ;
#5641 = DIRECTION ( 'NONE',  ( 1.000000000000000000, 0.000000000000000000, 0.000000000000000000 ) ) ;
#5642 = AXIS2_PLACEMENT_3D ( 'NONE', #2469, #6623, #1338 ) ;
#5643 = AXIS2_PLACEMENT_3D ( 'NONE', #2031, #4147, #2648 ) ;
#5644 = CARTESIAN_POINT ( 'NONE',  ( 34.99744428017269371, 7.000000000000000000, 72.00000000000001421 ) ) ;
#5645 = CARTESIAN_POINT ( 'NONE',  ( 79.99744428017268660, 7.000000000000000000, 72.00000000000001421 ) ) ;
#5646 = EDGE_CURVE ( 'NONE', #1903, #1582, #3052, .T. ) ;
#5647 = EDGE_LOOP ( 'NONE', ( #6033, #4247, #5002, #992, #6294, #3903, #3123, #4858 ) ) ;
#5648 = FACE_OUTER_BOUND ( 'NONE', #1072, .T. ) ;
#5649 = EDGE_LOOP ( 'NONE', ( #698, #579 ) ) ;
#5650 = CIRCLE ( 'NONE', #6512, 1.999999999999996669 ) ;
#5651 = AXIS2_PLACEMENT_3D ( 'NONE', #5162, #4159, #109 ) ;
#5652 = DIRECTION ( 'NONE',  ( 0.000000000000000000, 0.000000000000000000, -1.000000000000000000 ) ) ;
#5653 = CARTESIAN_POINT ( 'NONE',  ( -37.50255571982732761, 0.000000000000000000, 25.00000000000000000 ) ) ;
#5654 = FACE_BOUND ( 'NONE', #4437, .T. ) ;
#5655 = CARTESIAN_POINT ( 'NONE',  ( -29.50255571982732761, 1.600000000000002975, 19.03700908475525821 ) ) ;
#5656 = EDGE_LOOP ( 'NONE', ( #4957, #5441, #6122, #925, #655, #5836 ) ) ;
#5657 = AXIS2_PLACEMENT_3D ( 'NONE', #1051, #99, #66 ) ;
#5658 = VERTEX_POINT ( 'NONE', #6677 ) ;
#5659 = AXIS2_PLACEMENT_3D ( 'NONE', #2563, #3088, #5673 ) ;
#5660 = ORIENTED_EDGE ( 'NONE', *, *, #6542, .F. ) ;
#5661 = DIRECTION ( 'NONE',  ( -0.000000000000000000, -1.000000000000000000, -0.000000000000000000 ) ) ;
#5662 = VECTOR ( 'NONE', #2460, 1000.000000000000000 ) ;
#5663 = DIRECTION ( 'NONE',  ( 0.000000000000000000, 1.000000000000000000, 0.000000000000000000 ) ) ;
#5664 = FACE_OUTER_BOUND ( 'NONE', #5948, .T. ) ;
#5665 = ORIENTED_EDGE ( 'NONE', *, *, #2348, .T. ) ;
#5666 = AXIS2_PLACEMENT_3D ( 'NONE', #2136, #993, #4217 ) ;
#5667 = AXIS2_PLACEMENT_3D ( 'NONE', #6275, #59, #2060 ) ;
#5668 = CARTESIAN_POINT ( 'NONE',  ( -73.00255571982731340, 0.5000000000000268674, -11.99999999999999822 ) ) ;
#5669 = EDGE_CURVE ( 'NONE', #5290, #545, #2299, .T. ) ;
#5670 = DIRECTION ( 'NONE',  ( 0.000000000000000000, -0.000000000000000000, -1.000000000000000000 ) ) ;
#5671 = CARTESIAN_POINT ( 'NONE',  ( 1.797444280172685982, 10.00000000000000000, -45.00000000000000000 ) ) ;
#5672 = DIRECTION ( 'NONE',  ( 1.156482317317871725E-15, 0.000000000000000000, -1.000000000000000000 ) ) ;
#5673 = DIRECTION ( 'NONE',  ( 2.775557561562891351E-16, 0.000000000000000000, -1.000000000000000000 ) ) ;
#5674 = CARTESIAN_POINT ( 'NONE',  ( 86.99744428017270081, 4.000000000000000000, 35.00000000000001421 ) ) ;
#5675 = DIRECTION ( 'NONE',  ( 0.000000000000000000, 0.000000000000000000, 1.000000000000000000 ) ) ;
#5676 = VERTEX_POINT ( 'NONE', #2602 ) ;
#5677 = APPLICATION_PROTOCOL_DEFINITION ( 'draft international standard', 'automotive_design', 1998, #3889 ) ;
#5678 = ADVANCED_FACE ( 'NONE', ( #4032 ), #4158, .F. ) ;
#5679 = EDGE_CURVE ( 'NONE', #3375, #5753, #5123, .T. ) ;
#5680 = DIRECTION ( 'NONE',  ( 0.000000000000000000, -0.7071067811865622277, -0.7071067811865328068 ) ) ;
#5681 = DIRECTION ( 'NONE',  ( 1.000000000000000000, 0.000000000000000000, 0.000000000000000000 ) ) ;
#5682 = VERTEX_POINT ( 'NONE', #5701 ) ;
#5683 = DIRECTION ( 'NONE',  ( 0.000000000000000000, 1.000000000000000000, 0.000000000000000000 ) ) ;
#5684 = ORIENTED_EDGE ( 'NONE', *, *, #6559, .T. ) ;
#5685 = EDGE_CURVE ( 'NONE', #2013, #4227, #4102, .T. ) ;
#5686 = EDGE_CURVE ( 'NONE', #3721, #1905, #1336, .T. ) ;
#5687 = CYLINDRICAL_SURFACE ( 'NONE', #6514, 1.500000000000001332 ) ;
#5688 = ORIENTED_EDGE ( 'NONE', *, *, #5609, .F. ) ;
#5689 = CYLINDRICAL_SURFACE ( 'NONE', #3477, 2.000000000000001776 ) ;
#5690 = VERTEX_POINT ( 'NONE', #6075 ) ;
#5691 = ADVANCED_FACE ( 'NONE', ( #979 ), #5634, .F. ) ;
#5692 = DIRECTION ( 'NONE',  ( 0.000000000000000000, 0.000000000000000000, 1.000000000000000000 ) ) ;
#5693 = EDGE_LOOP ( 'NONE', ( #1167, #1793, #1365, #335 ) ) ;
#5694 = ORIENTED_EDGE ( 'NONE', *, *, #3943, .T. ) ;
#5695 = LINE ( 'NONE', #4710, #2350 ) ;
#5696 = DIRECTION ( 'NONE',  ( 0.000000000000000000, 0.000000000000000000, 1.000000000000000000 ) ) ;
#5697 = CARTESIAN_POINT ( 'NONE',  ( 24.99744428017270081, -3.000000000000000000, 47.00000000000001421 ) ) ;
#5698 = ORIENTED_EDGE ( 'NONE', *, *, #4767, .T. ) ;
#5699 = CARTESIAN_POINT ( 'NONE',  ( -29.50255571982732761, 4.999999999999999112, 17.07401816951053419 ) ) ;
#5700 = FACE_OUTER_BOUND ( 'NONE', #6665, .T. ) ;
#5701 = CARTESIAN_POINT ( 'NONE',  ( 77.68975197248040843, 7.000000000000000000, 74.28846153846157563 ) ) ;
#5702 = DIRECTION ( 'NONE',  ( -9.251858538542970348E-17, -0.000000000000000000, -1.000000000000000000 ) ) ;
#5703 = DIRECTION ( 'NONE',  ( 1.000000000000000000, 0.000000000000000000, 0.000000000000000000 ) ) ;
#5704 = CARTESIAN_POINT ( 'NONE',  ( -73.00255571982731340, 10.00000000000000000, -10.00000000000000178 ) ) ;
#5705 = FACE_BOUND ( 'NONE', #1439, .T. ) ;
#5706 = ORIENTED_EDGE ( 'NONE', *, *, #2028, .F. ) ;
#5707 = PRODUCT_CONTEXT ( 'NONE', #3889, 'mechanical' ) ;
#5708 = DIRECTION ( 'NONE',  ( 1.000000000000000000, 0.000000000000000000, 0.000000000000000000 ) ) ;
#5709 = DIRECTION ( 'NONE',  ( 0.000000000000000000, 0.000000000000000000, -1.000000000000000000 ) ) ;
#5710 = EDGE_CURVE ( 'NONE', #6199, #1108, #2408, .T. ) ;
#5711 = ORIENTED_EDGE ( 'NONE', *, *, #3921, .F. ) ;
#5712 = EDGE_CURVE ( 'NONE', #149, #752, #490, .T. ) ;
#5713 = EDGE_LOOP ( 'NONE', ( #2404, #4261, #4824, #1466, #6222, #6200, #2919, #3949 ) ) ;
#5714 = DIRECTION ( 'NONE',  ( -1.000000000000000000, -0.000000000000000000, -0.000000000000000000 ) ) ;
#5715 = ORIENTED_EDGE ( 'NONE', *, *, #3397, .F. ) ;
#5716 = VERTEX_POINT ( 'NONE', #487 ) ;
#5717 = EDGE_CURVE ( 'NONE', #3287, #5, #525, .T. ) ;
#5718 = DIRECTION ( 'NONE',  ( 0.000000000000000000, 0.000000000000000000, -1.000000000000000000 ) ) ;
#5719 = ORIENTED_EDGE ( 'NONE', *, *, #3095, .T. ) ;
#5720 = AXIS2_PLACEMENT_3D ( 'NONE', #153, #5313, #4333 ) ;
#5721 = AXIS2_PLACEMENT_3D ( 'NONE', #909, #47, #2977 ) ;
#5722 = LINE ( 'NONE', #1069, #3662 ) ;
#5723 = EDGE_LOOP ( 'NONE', ( #677, #1264, #2116, #5019 ) ) ;
#5724 = ORIENTED_EDGE ( 'NONE', *, *, #111, .F. ) ;
#5725 = PLANE ( 'NONE',  #6048 ) ;
#5726 = CARTESIAN_POINT ( 'NONE',  ( 131.9974442801726866, 10.00000000000000000, -32.74999999999999289 ) ) ;
#5727 = EDGE_CURVE ( 'NONE', #2419, #2991, #3536, .T. ) ;
#5728 = DIRECTION ( 'NONE',  ( -1.000000000000000000, -0.000000000000000000, -0.000000000000000000 ) ) ;
#5729 = EDGE_LOOP ( 'NONE', ( #4810, #575, #1558, #3787 ) ) ;
#5730 = AXIS2_PLACEMENT_3D ( 'NONE', #344, #2416, #4431 ) ;
#5731 = CIRCLE ( 'NONE', #5068, 2.249999999999998668 ) ;
#5732 = DIRECTION ( 'NONE',  ( 0.000000000000000000, 0.000000000000000000, 1.000000000000000000 ) ) ;
#5733 = VECTOR ( 'NONE', #429, 1000.000000000000000 ) ;
#5734 = ORIENTED_EDGE ( 'NONE', *, *, #4386, .F. ) ;
#5735 = DIRECTION ( 'NONE',  ( -0.000000000000000000, -1.000000000000000000, -0.000000000000000000 ) ) ;
#5736 = VECTOR ( 'NONE', #5860, 1000.000000000000000 ) ;
#5737 = EDGE_CURVE ( 'NONE', #2935, #4676, #424, .T. ) ;
#5738 = CARTESIAN_POINT ( 'NONE',  ( -34.50255571982732761, 5.000000000000000000, 18.74999999999999289 ) ) ;
#5739 = DIRECTION ( 'NONE',  ( 0.000000000000000000, -0.8660254037844385966, 0.4999999999999998890 ) ) ;
#5740 = FACE_BOUND ( 'NONE', #2690, .T. ) ;
#5741 = CARTESIAN_POINT ( 'NONE',  ( -34.50255571982732761, 5.000000000000000000, 20.99999999999998934 ) ) ;
#5742 = ORIENTED_EDGE ( 'NONE', *, *, #4637, .F. ) ;
#5743 = CARTESIAN_POINT ( 'NONE',  ( -68.50255571982732761, 0.000000000000000000, 14.50000000000000178 ) ) ;
#5744 = DIRECTION ( 'NONE',  ( -1.000000000000000000, 0.000000000000000000, 0.000000000000000000 ) ) ;
#5745 = AXIS2_PLACEMENT_3D ( 'NONE', #5796, #6438, #1778 ) ;
#5746 = EDGE_LOOP ( 'NONE', ( #5889, #6647, #3465, #5024 ) ) ;
#5747 = DIRECTION ( 'NONE',  ( -1.000000000000000000, 0.000000000000000000, 1.387778780781445922E-16 ) ) ;
#5748 = ORIENTED_EDGE ( 'NONE', *, *, #1769, .F. ) ;
#5749 = EDGE_LOOP ( 'NONE', ( #4167, #2134 ) ) ;
#5750 = VECTOR ( 'NONE', #3909, 1000.000000000000000 ) ;
#5751 = ADVANCED_FACE ( 'NONE', ( #1480 ), #6341, .T. ) ;
#5752 = DIRECTION ( 'NONE',  ( 0.000000000000000000, 0.000000000000000000, 1.000000000000000000 ) ) ;
#5753 = VERTEX_POINT ( 'NONE', #2642 ) ;
#5754 = ORIENTED_EDGE ( 'NONE', *, *, #5768, .T. ) ;
#5755 = AXIS2_PLACEMENT_3D ( 'NONE', #4137, #6210, #485 ) ;
#5756 = VERTEX_POINT ( 'NONE', #5738 ) ;
#5757 = EDGE_CURVE ( 'NONE', #518, #5300, #5564, .T. ) ;
#5758 = CARTESIAN_POINT ( 'NONE',  ( 37.30513658786512110, 10.00000000000000000, -74.28846153846143352 ) ) ;
#5759 = CARTESIAN_POINT ( 'NONE',  ( 37.01215016252572099, 10.00000000000000000, -75.00000000000000000 ) ) ;
#5760 = ORIENTED_EDGE ( 'NONE', *, *, #4462, .T. ) ;
#5761 = ORIENTED_EDGE ( 'NONE', *, *, #3242, .T. ) ;
#5762 = LINE ( 'NONE', #2764, #178 ) ;
#5763 = DIRECTION ( 'NONE',  ( -0.000000000000000000, -1.000000000000000000, -0.000000000000000000 ) ) ;
#5764 = DIRECTION ( 'NONE',  ( 0.000000000000000000, 1.000000000000000000, 0.000000000000000000 ) ) ;
#5765 = ORIENTED_EDGE ( 'NONE', *, *, #765, .T. ) ;
#5766 = CIRCLE ( 'NONE', #2277, 2.000000000000001776 ) ;
#5767 = CARTESIAN_POINT ( 'NONE',  ( 81.99744428017270081, -4.816681727819437597, 47.00000000000001421 ) ) ;
#5768 = EDGE_CURVE ( 'NONE', #4938, #1786, #2852, .T. ) ;
#5769 = VERTEX_POINT ( 'NONE', #830 ) ;
#5770 = DIRECTION ( 'NONE',  ( 0.000000000000000000, 0.000000000000000000, -1.000000000000000000 ) ) ;
#5771 = DIRECTION ( 'NONE',  ( 0.000000000000000000, 0.000000000000000000, 1.000000000000000000 ) ) ;
#5772 = LINE ( 'NONE', #1121, #2506 ) ;
#5773 = DIRECTION ( 'NONE',  ( 0.000000000000000000, 0.000000000000000000, -1.000000000000000000 ) ) ;
#5774 = ADVANCED_FACE ( 'NONE', ( #1782 ), #315, .F. ) ;
#5775 = LINE ( 'NONE', #1018, #1396 ) ;
#5776 = ORIENTED_EDGE ( 'NONE', *, *, #2891, .T. ) ;
#5777 = VECTOR ( 'NONE', #1925, 1000.000000000000114 ) ;
#5778 = CIRCLE ( 'NONE', #2286, 1.999999999999974021 ) ;
#5779 = DIRECTION ( 'NONE',  ( -0.000000000000000000, 1.000000000000000000, -0.000000000000000000 ) ) ;
#5780 = CIRCLE ( 'NONE', #3613, 2.249999999999998668 ) ;
#5781 = FACE_OUTER_BOUND ( 'NONE', #5623, .T. ) ;
#5782 = DIRECTION ( 'NONE',  ( 0.000000000000000000, 0.000000000000000000, -1.000000000000000000 ) ) ;
#5783 = ORIENTED_EDGE ( 'NONE', *, *, #3248, .F. ) ;
#5784 = ORIENTED_EDGE ( 'NONE', *, *, #4462, .F. ) ;
#5785 = FACE_OUTER_BOUND ( 'NONE', #3607, .T. ) ;
#5786 = VERTEX_POINT ( 'NONE', #1811 ) ;
#5787 = LINE ( 'NONE', #5265, #6316 ) ;
#5788 = ORIENTED_EDGE ( 'NONE', *, *, #977, .F. ) ;
#5789 = ORIENTED_EDGE ( 'NONE', *, *, #1552, .T. ) ;
#5790 = LINE ( 'NONE', #1139, #5511 ) ;
#5791 = VERTEX_POINT ( 'NONE', #4439 ) ;
#5792 = ORIENTED_EDGE ( 'NONE', *, *, #2848, .T. ) ;
#5793 = CARTESIAN_POINT ( 'NONE',  ( -37.50255571982732761, 5.000000000000000000, -20.99999999999998934 ) ) ;
#5794 = FACE_OUTER_BOUND ( 'NONE', #2805, .T. ) ;
#5795 = EDGE_CURVE ( 'NONE', #4301, #2367, #5892, .T. ) ;
#5796 = CARTESIAN_POINT ( 'NONE',  ( -78.00255571982732761, 5.000000000000000000, 21.00000000000000000 ) ) ;
#5797 = EDGE_CURVE ( 'NONE', #5205, #2752, #1280, .T. ) ;
#5798 = DIRECTION ( 'NONE',  ( 0.000000000000000000, 1.000000000000000000, 0.000000000000000000 ) ) ;
#5799 = DIRECTION ( 'NONE',  ( 0.000000000000000000, 0.000000000000000000, 1.000000000000000000 ) ) ;
#5800 = ORIENTED_EDGE ( 'NONE', *, *, #2092, .T. ) ;
#5801 = LINE ( 'NONE', #90, #3697 ) ;
#5802 = DIRECTION ( 'NONE',  ( -0.000000000000000000, -1.000000000000000000, -0.000000000000000000 ) ) ;
#5803 = CYLINDRICAL_SURFACE ( 'NONE', #2074, 1.000000000000000888 ) ;
#5804 = FACE_OUTER_BOUND ( 'NONE', #4405, .T. ) ;
#5805 = VERTEX_POINT ( 'NONE', #5902 ) ;
#5806 = ADVANCED_FACE ( 'NONE', ( #6606, #6132 ), #5020, .T. ) ;
#5807 = LINE ( 'NONE', #5288, #3370 ) ;
#5808 = ADVANCED_BREP_SHAPE_REPRESENTATION ( 'Frame-Front', ( #4820, #1543 ), #671 ) ;
#5809 = CARTESIAN_POINT ( 'NONE',  ( 93.99744428017268660, 7.000000000000000000, -20.99999999999999645 ) ) ;
#5810 = FACE_OUTER_BOUND ( 'NONE', #3386, .T. ) ;
#5811 = FACE_OUTER_BOUND ( 'NONE', #2353, .T. ) ;
#5812 = ORIENTED_EDGE ( 'NONE', *, *, #6540, .T. ) ;
#5813 = CARTESIAN_POINT ( 'NONE',  ( -28.00255571982732050, 5.000000000000000000, 18.74999999999998934 ) ) ;
#5814 = EDGE_LOOP ( 'NONE', ( #3067, #337, #613, #5788 ) ) ;
#5815 = EDGE_CURVE ( 'NONE', #6627, #703, #4128, .T. ) ;
#5816 = DIRECTION ( 'NONE',  ( -1.156482317317871725E-15, 0.000000000000000000, 1.000000000000000000 ) ) ;
#5817 = EDGE_LOOP ( 'NONE', ( #3556, #379, #5422, #1029 ) ) ;
#5818 = ORIENTED_EDGE ( 'NONE', *, *, #36, .T. ) ;
#5819 = LINE ( 'NONE', #715, #4415 ) ;
#5820 = ORIENTED_EDGE ( 'NONE', *, *, #2093, .F. ) ;
#5821 = ORIENTED_EDGE ( 'NONE', *, *, #4605, .T. ) ;
#5822 = DIRECTION ( 'NONE',  ( 0.000000000000000000, 0.000000000000000000, 1.000000000000000000 ) ) ;
#5823 = DIRECTION ( 'NONE',  ( 0.000000000000000000, 0.000000000000000000, 1.000000000000000000 ) ) ;
#5824 = DIRECTION ( 'NONE',  ( 1.000000000000000000, 0.000000000000000000, 0.000000000000000000 ) ) ;
#5825 = VECTOR ( 'NONE', #748, 1000.000000000000000 ) ;
#5826 = DIRECTION ( 'NONE',  ( -0.000000000000000000, 1.000000000000000000, -0.000000000000000000 ) ) ;
#5827 = EDGE_CURVE ( 'NONE', #984, #2137, #6003, .T. ) ;
#5828 = ORIENTED_EDGE ( 'NONE', *, *, #4506, .F. ) ;
#5829 = EDGE_CURVE ( 'NONE', #272, #5, #2302, .T. ) ;
#5830 = DIRECTION ( 'NONE',  ( 0.000000000000000000, 0.000000000000000000, 1.000000000000000000 ) ) ;
#5831 = DIRECTION ( 'NONE',  ( 0.000000000000000000, -1.000000000000000000, 0.000000000000000000 ) ) ;
#5832 = PLANE ( 'NONE',  #3065 ) ;
#5833 = VECTOR ( 'NONE', #1213, 1000.000000000000000 ) ;
#5834 = VECTOR ( 'NONE', #1730, 1000.000000000000000 ) ;
#5835 = CARTESIAN_POINT ( 'NONE',  ( -55.50255571982733471, 2.000000000000000000, 27.99999999999999289 ) ) ;
#5836 = ORIENTED_EDGE ( 'NONE', *, *, #6329, .F. ) ;
#5837 = AXIS2_PLACEMENT_3D ( 'NONE', #2659, #3726, #3532 ) ;
#5838 = EDGE_CURVE ( 'NONE', #1903, #6322, #3996, .T. ) ;
#5839 = FACE_OUTER_BOUND ( 'NONE', #6251, .T. ) ;
#5840 =( BOUNDED_CURVE ( )  B_SPLINE_CURVE ( 3, ( #3805, #5876, #5981, #878 ),
 .UNSPECIFIED., .F., .F. ) 
 B_SPLINE_CURVE_WITH_KNOTS ( ( 4, 4 ),
 ( 1.570796326794896558, 3.141592653589793116 ),
 .UNSPECIFIED. ) 
 CURVE ( )  GEOMETRIC_REPRESENTATION_ITEM ( )  RATIONAL_B_SPLINE_CURVE ( ( 1.000000000000000000, 0.8047378541243649375, 0.8047378541243649375, 1.000000000000000000 ) ) 
 REPRESENTATION_ITEM ( '' )  );
#5841 = CYLINDRICAL_SURFACE ( 'NONE', #6636, 2.000000000000001776 ) ;
#5842 = ORIENTED_EDGE ( 'NONE', *, *, #4811, .F. ) ;
#5843 = LINE ( 'NONE', #640, #5614 ) ;
#5844 = LINE ( 'NONE', #4313, #3678 ) ;
#5845 = ORIENTED_EDGE ( 'NONE', *, *, #4140, .T. ) ;
#5846 = AXIS2_PLACEMENT_3D ( 'NONE', #5030, #948, #843 ) ;
#5847 = AXIS2_PLACEMENT_3D ( 'NONE', #2467, #4003, #4685 ) ;
#5848 = ORIENTED_EDGE ( 'NONE', *, *, #1399, .T. ) ;
#5849 = AXIS2_PLACEMENT_3D ( 'NONE', #2054, #5245, #3047 ) ;
#5850 = EDGE_CURVE ( 'NONE', #308, #6404, #3938, .T. ) ;
#5851 = DIRECTION ( 'NONE',  ( -0.7831866393703775797, 0.000000000000000000, -0.6217866900406714414 ) ) ;
#5852 = ORIENTED_EDGE ( 'NONE', *, *, #5636, .F. ) ;
#5853 = ORIENTED_EDGE ( 'NONE', *, *, #2674, .T. ) ;
#5854 = ADVANCED_FACE ( 'NONE', ( #6078, #1419, #3436, #4409, #2953, #1328, #5943, #4995, #257, #5493, #1386, #2429, #3510, #842, #1858, #2402, #2812 ), #2878, .F. ) ;
#5855 = VECTOR ( 'NONE', #3982, 1000.000000000000000 ) ;
#5856 = CIRCLE ( 'NONE', #865, 3.250000000000002665 ) ;
#5857 = ORIENTED_EDGE ( 'NONE', *, *, #4297, .T. ) ;
#5858 = EDGE_LOOP ( 'NONE', ( #1407, #5754 ) ) ;
#5859 = DIRECTION ( 'NONE',  ( -0.000000000000000000, 1.000000000000000000, -0.000000000000000000 ) ) ;
#5860 = DIRECTION ( 'NONE',  ( -0.000000000000000000, -0.000000000000000000, -1.000000000000000000 ) ) ;
#5861 = DIRECTION ( 'NONE',  ( -0.000000000000000000, -0.000000000000000000, 1.000000000000000000 ) ) ;
#5862 = ADVANCED_FACE ( 'NONE', ( #6554 ), #1824, .F. ) ;
#5863 = VECTOR ( 'NONE', #3566, 1000.000000000000000 ) ;
#5864 = DIRECTION ( 'NONE',  ( -0.000000000000000000, 1.000000000000000000, -0.000000000000000000 ) ) ;
#5865 = CARTESIAN_POINT ( 'NONE',  ( 93.99744428017268660, 7.000000000000000000, -22.99999999999999289 ) ) ;
#5866 = ORIENTED_EDGE ( 'NONE', *, *, #4691, .F. ) ;
#5867 = DIRECTION ( 'NONE',  ( 0.7831866393703775797, 0.000000000000000000, 0.6217866900406714414 ) ) ;
#5868 = CARTESIAN_POINT ( 'NONE',  ( 37.01215016252564283, 10.00000000000000000, 75.00000000000001421 ) ) ;
#5869 = VECTOR ( 'NONE', #5612, 1000.000000000000000 ) ;
#5870 = DIRECTION ( 'NONE',  ( 0.000000000000000000, 0.000000000000000000, 1.000000000000000000 ) ) ;
#5871 = FACE_OUTER_BOUND ( 'NONE', #2173, .T. ) ;
#5872 = EDGE_LOOP ( 'NONE', ( #3644, #1639 ) ) ;
#5873 = EDGE_CURVE ( 'NONE', #5160, #6529, #4913, .T. ) ;
#5874 = CIRCLE ( 'NONE', #3384, 1.500000000000001332 ) ;
#5875 = DIRECTION ( 'NONE',  ( -9.251858538542971581E-17, 0.000000000000000000, -1.000000000000000000 ) ) ;
#5876 = CARTESIAN_POINT ( 'NONE',  ( -56.67412859508114309, 9.171572875253810153, 27.99999999999999289 ) ) ;
#5877 = ORIENTED_EDGE ( 'NONE', *, *, #1898, .F. ) ;
#5878 = CARTESIAN_POINT ( 'NONE',  ( 93.99744428017268660, 10.00000000000000000, -20.99999999999999645 ) ) ;
#5879 = CARTESIAN_POINT ( 'NONE',  ( 79.99744428017268660, 7.000000000000000000, 72.00000000000001421 ) ) ;
#5880 = AXIS2_PLACEMENT_3D ( 'NONE', #60, #5773, #1122 ) ;
#5881 = EDGE_LOOP ( 'NONE', ( #2971, #4080 ) ) ;
#5882 = PRESENTATION_LAYER_ASSIGNMENT (  '', '', ( #1965 ) ) ;
#5883 = ADVANCED_FACE ( 'NONE', ( #4894 ), #1789, .F. ) ;
#5884 = ORIENTED_EDGE ( 'NONE', *, *, #852, .T. ) ;
#5885 = EDGE_CURVE ( 'NONE', #373, #2447, #3864, .T. ) ;
#5886 = AXIS2_PLACEMENT_3D ( 'NONE', #4287, #605, #3867 ) ;
#5887 = VECTOR ( 'NONE', #6444, 1000.000000000000000 ) ;
#5888 = DIRECTION ( 'NONE',  ( 0.000000000000000000, -1.000000000000000000, 0.000000000000000000 ) ) ;
#5889 = ORIENTED_EDGE ( 'NONE', *, *, #5827, .F. ) ;
#5890 = ORIENTED_EDGE ( 'NONE', *, *, #5326, .F. ) ;
#5891 = ORIENTED_EDGE ( 'NONE', *, *, #2776, .T. ) ;
#5892 = CIRCLE ( 'NONE', #244, 2.000000000000008882 ) ;
#5893 = ADVANCED_FACE ( 'NONE', ( #360 ), #774, .T. ) ;
#5894 = DIRECTION ( 'NONE',  ( -1.000000000000000000, -0.000000000000000000, -0.000000000000000000 ) ) ;
#5895 = ORIENTED_EDGE ( 'NONE', *, *, #5470, .F. ) ;
#5896 = DIRECTION ( 'NONE',  ( 1.000000000000000000, 0.000000000000000000, 0.000000000000000000 ) ) ;
#5897 = DIRECTION ( 'NONE',  ( 0.000000000000000000, -1.000000000000000000, 0.000000000000000000 ) ) ;
#5898 = CARTESIAN_POINT ( 'NONE',  ( 37.01215016252572099, 7.000000000000000000, -75.00000000000000000 ) ) ;
#5899 = ADVANCED_FACE ( 'NONE', ( #3470 ), #3407, .F. ) ;
#5900 = FACE_BOUND ( 'NONE', #5982, .T. ) ;
#5901 = VERTEX_POINT ( 'NONE', #288 ) ;
#5902 = CARTESIAN_POINT ( 'NONE',  ( 1.797444280172685982, 0.000000000000000000, -43.00000000000002132 ) ) ;
#5903 = CARTESIAN_POINT ( 'NONE',  ( 32.76328181981467225, 7.000000000000000000, 74.81409399262118143 ) ) ;
#5904 = CARTESIAN_POINT ( 'NONE',  ( -68.50255571982732761, 10.00000000000000000, -14.50000000000000178 ) ) ;
#5905 = DIRECTION ( 'NONE',  ( 0.000000000000000000, 0.000000000000000000, 1.000000000000000000 ) ) ;
#5906 = ORIENTED_EDGE ( 'NONE', *, *, #2715, .F. ) ;
#5907 = DIRECTION ( 'NONE',  ( 1.000000000000000000, -0.000000000000000000, 2.775557561562891351E-16 ) ) ;
#5908 = LINE ( 'NONE', #2713, #5332 ) ;
#5909 = ORIENTED_EDGE ( 'NONE', *, *, #6139, .T. ) ;
#5910 = DIRECTION ( 'NONE',  ( -0.000000000000000000, -1.000000000000000000, 0.000000000000000000 ) ) ;
#5911 = DIRECTION ( 'NONE',  ( -0.000000000000000000, -1.000000000000000000, -0.000000000000000000 ) ) ;
#5912 = ORIENTED_EDGE ( 'NONE', *, *, #142, .F. ) ;
#5913 = DIRECTION ( 'NONE',  ( -1.000000000000000000, -0.000000000000000000, 0.000000000000000000 ) ) ;
#5914 = ORIENTED_EDGE ( 'NONE', *, *, #874, .T. ) ;
#5915 = EDGE_CURVE ( 'NONE', #2963, #3105, #4516, .T. ) ;
#5916 = FACE_OUTER_BOUND ( 'NONE', #1097, .T. ) ;
#5917 = ORIENTED_EDGE ( 'NONE', *, *, #1692, .T. ) ;
#5918 = EDGE_CURVE ( 'NONE', #5786, #5305, #5430, .T. ) ;
#5919 = ORIENTED_EDGE ( 'NONE', *, *, #314, .T. ) ;
#5920 = VERTEX_POINT ( 'NONE', #3604 ) ;
#5921 = PLANE ( 'NONE',  #1484 ) ;
#5922 = FACE_OUTER_BOUND ( 'NONE', #3596, .T. ) ;
#5923 = EDGE_CURVE ( 'NONE', #6638, #6133, #4796, .T. ) ;
#5924 = ORIENTED_EDGE ( 'NONE', *, *, #3631, .F. ) ;
#5925 = CARTESIAN_POINT ( 'NONE',  ( 86.99744428017270081, 4.000000000000000000, 34.75000000000001421 ) ) ;
#5926 = CYLINDRICAL_SURFACE ( 'NONE', #737, 1.000000000000000888 ) ;
#5927 = CARTESIAN_POINT ( 'NONE',  ( 51.99744428017267950, 3.999999999999996447, 22.00000000000000711 ) ) ;
#5928 = CARTESIAN_POINT ( 'NONE',  ( 26.99744428017269016, 0.000000000000000000, 53.49999999999998579 ) ) ;
#5929 = ORIENTED_EDGE ( 'NONE', *, *, #522, .F. ) ;
#5930 = ADVANCED_FACE ( 'NONE', ( #1046, #5054 ), #5183, .T. ) ;
#5931 = CARTESIAN_POINT ( 'NONE',  ( 129.9974442801726866, 4.000000000000000000, 32.75000000000000711 ) ) ;
#5932 = PLANE ( 'NONE',  #1427 ) ;
#5933 = CARTESIAN_POINT ( 'NONE',  ( 34.99744428017269371, 7.000000000000000000, -72.00000000000001421 ) ) ;
#5934 = DIRECTION ( 'NONE',  ( -0.000000000000000000, -1.000000000000000000, -0.000000000000000000 ) ) ;
#5935 = VERTEX_POINT ( 'NONE', #3570 ) ;
#5936 = ADVANCED_FACE ( 'NONE', ( #4618, #1016 ), #5152, .T. ) ;
#5937 = CIRCLE ( 'NONE', #2131, 2.000000000000008882 ) ;
#5938 = VECTOR ( 'NONE', #4366, 1000.000000000000114 ) ;
#5939 = CARTESIAN_POINT ( 'NONE',  ( 32.98273839781966643, 7.000000000000000000, -75.00000000000000000 ) ) ;
#5940 = VECTOR ( 'NONE', #3304, 1000.000000000000000 ) ;
#5941 = CARTESIAN_POINT ( 'NONE',  ( -35.50255571982732761, 10.00000000000000000, 26.00000000000000355 ) ) ;
#5942 = ORIENTED_EDGE ( 'NONE', *, *, #2610, .T. ) ;
#5943 = FACE_BOUND ( 'NONE', #5535, .T. ) ;
#5944 = DIRECTION ( 'NONE',  ( 1.000000000000000000, 0.000000000000000000, 0.000000000000000000 ) ) ;
#5945 = LINE ( 'NONE', #2202, #1599 ) ;
#5946 = VERTEX_POINT ( 'NONE', #6113 ) ;
#5947 = DIRECTION ( 'NONE',  ( 0.000000000000000000, 0.000000000000000000, 1.000000000000000000 ) ) ;
#5948 = EDGE_LOOP ( 'NONE', ( #3572, #5242, #4094, #999 ) ) ;
#5949 = VECTOR ( 'NONE', #6501, 1000.000000000000000 ) ;
#5950 = AXIS2_PLACEMENT_3D ( 'NONE', #4368, #720, #5515 ) ;
#5951 = CARTESIAN_POINT ( 'NONE',  ( -26.20255571982731979, 10.00000000000000000, 27.99999999999999645 ) ) ;
#5952 = AXIS2_PLACEMENT_3D ( 'NONE', #4823, #2708, #767 ) ;
#5953 = EDGE_LOOP ( 'NONE', ( #2874, #5395, #4805, #370, #2086, #1261, #1532 ) ) ;
#5954 = CIRCLE ( 'NONE', #1289, 1.750000000000001554 ) ;
#5955 = ORIENTED_EDGE ( 'NONE', *, *, #5609, .T. ) ;
#5956 = ORIENTED_EDGE ( 'NONE', *, *, #1886, .F. ) ;
#5957 = VECTOR ( 'NONE', #2596, 1000.000000000000000 ) ;
#5958 = EDGE_CURVE ( 'NONE', #4419, #4532, #6307, .T. ) ;
#5959 = DIRECTION ( 'NONE',  ( -0.000000000000000000, -1.000000000000000000, -0.000000000000000000 ) ) ;
#5960 = EDGE_LOOP ( 'NONE', ( #3549, #2749, #1743, #4756, #3490, #4377 ) ) ;
#5961 = DIRECTION ( 'NONE',  ( 0.000000000000000000, 0.000000000000000000, 1.000000000000000000 ) ) ;
#5962 = AXIS2_PLACEMENT_3D ( 'NONE', #1442, #3524, #4433 ) ;
#5963 = FACE_BOUND ( 'NONE', #1973, .T. ) ;
#5964 = CARTESIAN_POINT ( 'NONE',  ( 80.99744428017270081, -10.00000000000000000, 47.00000000000001421 ) ) ;
#5965 = EDGE_CURVE ( 'NONE', #4290, #5334, #1455, .T. ) ;
#5966 = EDGE_CURVE ( 'NONE', #2321, #1593, #4174, .T. ) ;
#5967 = CONICAL_SURFACE ( 'NONE', #4122, 2.500000000000002220, 0.7853981633974275178 ) ;
#5968 = ORIENTED_EDGE ( 'NONE', *, *, #6547, .F. ) ;
#5969 = CARTESIAN_POINT ( 'NONE',  ( 79.99744428017268660, 0.000000000000000000, -72.00000000000001421 ) ) ;
#5970 = DIRECTION ( 'NONE',  ( 0.000000000000000000, 0.000000000000000000, 1.000000000000000000 ) ) ;
#5971 = DIRECTION ( 'NONE',  ( 0.000000000000000000, 1.000000000000000000, 0.000000000000000000 ) ) ;
#5972 = LINE ( 'NONE', #3932, #4661 ) ;
#5973 = ORIENTED_EDGE ( 'NONE', *, *, #3275, .F. ) ;
#5974 = AXIS2_PLACEMENT_3D ( 'NONE', #3700, #4819, #5278 ) ;
#5975 = ADVANCED_FACE ( 'NONE', ( #6652 ), #1990, .F. ) ;
#5976 = EDGE_CURVE ( 'NONE', #5290, #405, #3668, .T. ) ;
#5977 = EDGE_CURVE ( 'NONE', #1098, #110, #6524, .T. ) ;
#5978 = CIRCLE ( 'NONE', #3049, 1.999999999999974021 ) ;
#5979 = DIRECTION ( 'NONE',  ( -1.000000000000000000, 0.000000000000000000, -0.000000000000000000 ) ) ;
#5980 = CARTESIAN_POINT ( 'NONE',  ( -29.50255571982732761, 13.52282326805818968, 24.92598183048944449 ) ) ;
#5981 = CARTESIAN_POINT ( 'NONE',  ( -57.50255571982734182, 10.00000000000000000, 27.17157287525380838 ) ) ;
#5982 = EDGE_LOOP ( 'NONE', ( #777, #480 ) ) ;
#5983 = CARTESIAN_POINT ( 'NONE',  ( 34.99744428017269371, 7.000000000000000000, -72.00000000000001421 ) ) ;
#5984 = FACE_OUTER_BOUND ( 'NONE', #3580, .T. ) ;
#5985 = ORIENTED_EDGE ( 'NONE', *, *, #5686, .F. ) ;
#5986 = CARTESIAN_POINT ( 'NONE',  ( 1.797444280172685982, 7.000000000000000000, 45.00000000000000000 ) ) ;
#5987 = EDGE_LOOP ( 'NONE', ( #328, #4863, #6121, #6543 ) ) ;
#5988 = CIRCLE ( 'NONE', #3715, 1.999999999999996669 ) ;
#5989 = CARTESIAN_POINT ( 'NONE',  ( -37.50255571982732761, 10.00000000000000000, 25.00000000000000000 ) ) ;
#5990 = LINE ( 'NONE', #1865, #108 ) ;
#5991 = VECTOR ( 'NONE', #427, 1000.000000000000000 ) ;
#5992 = VECTOR ( 'NONE', #2228, 1000.000000000000000 ) ;
#5993 = FACE_OUTER_BOUND ( 'NONE', #1695, .T. ) ;
#5994 = EDGE_LOOP ( 'NONE', ( #2846, #4835 ) ) ;
#5995 = ORIENTED_EDGE ( 'NONE', *, *, #1853, .T. ) ;
#5996 = VERTEX_POINT ( 'NONE', #6143 ) ;
#5997 = VECTOR ( 'NONE', #6386, 1000.000000000000000 ) ;
#5998 = VECTOR ( 'NONE', #728, 1000.000000000000000 ) ;
#5999 = LINE ( 'NONE', #5352, #3590 ) ;
#6000 = CARTESIAN_POINT ( 'NONE',  ( 27.99744428017270081, 0.000000000000000000, 32.00000000000001421 ) ) ;
#6001 = ORIENTED_EDGE ( 'NONE', *, *, #1723, .T. ) ;
#6002 = CARTESIAN_POINT ( 'NONE',  ( 82.01215016252567125, 7.000000000000000000, 75.00000000000001421 ) ) ;
#6003 = CIRCLE ( 'NONE', #3071, 3.499999999999999556 ) ;
#6004 = DIRECTION ( 'NONE',  ( 0.000000000000000000, 0.000000000000000000, 1.000000000000000000 ) ) ;
#6005 = ORIENTED_EDGE ( 'NONE', *, *, #6498, .F. ) ;
#6006 = EDGE_LOOP ( 'NONE', ( #772, #2008, #4749, #1166 ) ) ;
#6007 = EDGE_CURVE ( 'NONE', #667, #2991, #5213, .T. ) ;
#6008 = CARTESIAN_POINT ( 'NONE',  ( 34.99744428017269371, 0.000000000000000000, 70.00000000000002842 ) ) ;
#6009 = EDGE_CURVE ( 'NONE', #6361, #3911, #4470, .T. ) ;
#6010 = DIRECTION ( 'NONE',  ( 0.000000000000000000, 0.000000000000000000, -1.000000000000000000 ) ) ;
#6011 = DIRECTION ( 'NONE',  ( -0.000000000000000000, -1.000000000000000000, -0.000000000000000000 ) ) ;
#6012 = ORIENTED_EDGE ( 'NONE', *, *, #6124, .F. ) ;
#6013 = DIRECTION ( 'NONE',  ( 0.000000000000000000, 0.000000000000000000, 1.000000000000000000 ) ) ;
#6014 = LINE ( 'NONE', #5492, #4471 ) ;
#6015 = EDGE_CURVE ( 'NONE', #6429, #3963, #3167, .T. ) ;
#6016 = DIRECTION ( 'NONE',  ( 1.000000000000000000, 0.000000000000000000, 0.000000000000000000 ) ) ;
#6017 = LINE ( 'NONE', #775, #4865 ) ;
#6018 = DIRECTION ( 'NONE',  ( 0.3807498052542803713, -0.000000000000000000, 0.9246780984747219323 ) ) ;
#6019 = ORIENTED_EDGE ( 'NONE', *, *, #1804, .T. ) ;
#6020 = CARTESIAN_POINT ( 'NONE',  ( 77.99744428017271503, 0.000000000000000000, 35.00000000000001421 ) ) ;
#6021 = LINE ( 'NONE', #5398, #5825 ) ;
#6022 = DIRECTION ( 'NONE',  ( 0.000000000000000000, 0.000000000000000000, -1.000000000000000000 ) ) ;
#6023 = CARTESIAN_POINT ( 'NONE',  ( 37.01215016252572099, 7.000000000000000000, -75.00000000000000000 ) ) ;
#6024 = ORIENTED_EDGE ( 'NONE', *, *, #6383, .F. ) ;
#6025 = ORIENTED_EDGE ( 'NONE', *, *, #4525, .F. ) ;
#6026 = EDGE_LOOP ( 'NONE', ( #3074, #4772, #6536, #4466 ) ) ;
#6027 = CARTESIAN_POINT ( 'NONE',  ( 1.797444280172685982, 0.4999999999999483746, -37.00000000000000000 ) ) ;
#6028 = DIRECTION ( 'NONE',  ( 0.000000000000000000, 0.8660254037844382635, 0.5000000000000005551 ) ) ;
#6029 = ORIENTED_EDGE ( 'NONE', *, *, #6540, .F. ) ;
#6030 = DIRECTION ( 'NONE',  ( 1.000000000000000000, 0.000000000000000000, 0.000000000000000000 ) ) ;
#6031 = DIRECTION ( 'NONE',  ( 0.000000000000000000, 0.000000000000000000, -1.000000000000000000 ) ) ;
#6032 = ORIENTED_EDGE ( 'NONE', *, *, #4719, .T. ) ;
#6033 = ORIENTED_EDGE ( 'NONE', *, *, #6288, .F. ) ;
#6034 = DIRECTION ( 'NONE',  ( 0.000000000000000000, -1.000000000000000000, 0.000000000000000000 ) ) ;
#6035 = CARTESIAN_POINT ( 'NONE',  ( -68.50255571982732761, 0.000000000000000000, 27.99999999999999289 ) ) ;
#6036 = DIRECTION ( 'NONE',  ( -0.000000000000000000, -1.000000000000000000, -0.000000000000000000 ) ) ;
#6037 = LINE ( 'NONE', #1350, #2834 ) ;
#6038 = CARTESIAN_POINT ( 'NONE',  ( -68.50255571982732761, 0.000000000000000000, -27.99999999999999289 ) ) ;
#6039 = ORIENTED_EDGE ( 'NONE', *, *, #5306, .F. ) ;
#6040 = DIRECTION ( 'NONE',  ( 0.000000000000000000, 1.000000000000000000, 0.000000000000000000 ) ) ;
#6041 = CARTESIAN_POINT ( 'NONE',  ( -29.50255571982732761, 1.600000000000002087, 22.96299091524471692 ) ) ;
#6042 = DIRECTION ( 'NONE',  ( -1.000000000000000000, 0.000000000000000000, 0.000000000000000000 ) ) ;
#6043 = FACE_OUTER_BOUND ( 'NONE', #3958, .T. ) ;
#6044 = FACE_OUTER_BOUND ( 'NONE', #4836, .T. ) ;
#6045 = ORIENTED_EDGE ( 'NONE', *, *, #2817, .T. ) ;
#6046 = DIRECTION ( 'NONE',  ( -0.000000000000000000, -1.000000000000000000, -0.000000000000000000 ) ) ;
#6047 = CARTESIAN_POINT ( 'NONE',  ( 1.797444280172685982, 7.000000000000000000, -43.50000000000000000 ) ) ;
#6048 = AXIS2_PLACEMENT_3D ( 'NONE', #1073, #4579, #481 ) ;
#6049 = EDGE_CURVE ( 'NONE', #3096, #3197, #6710, .T. ) ;
#6050 = CARTESIAN_POINT ( 'NONE',  ( 1.797444280172685982, 7.000000000000000000, 43.50000000000000000 ) ) ;
#6051 = LINE ( 'NONE', #4496, #5437 ) ;
#6052 = ORIENTED_EDGE ( 'NONE', *, *, #1977, .T. ) ;
#6053 = VERTEX_POINT ( 'NONE', #1556 ) ;
#6054 = AXIS2_PLACEMENT_3D ( 'NONE', #6097, #1000, #4252 ) ;
#6055 = EDGE_CURVE ( 'NONE', #5373, #4997, #996, .T. ) ;
#6056 = AXIS2_PLACEMENT_3D ( 'NONE', #3571, #3020, #5089 ) ;
#6057 = AXIS2_PLACEMENT_3D ( 'NONE', #3185, #2215, #17 ) ;
#6058 = DIRECTION ( 'NONE',  ( 8.659560562355131306E-17, -0.7071067811865312525, 0.7071067811865637820 ) ) ;
#6059 = PLANE ( 'NONE',  #6532 ) ;
#6060 = ORIENTED_EDGE ( 'NONE', *, *, #5050, .T. ) ;
#6061 = DIRECTION ( 'NONE',  ( -0.000000000000000000, -1.000000000000000000, -0.000000000000000000 ) ) ;
#6062 = LINE ( 'NONE', #1405, #4557 ) ;
#6063 = AXIS2_PLACEMENT_3D ( 'NONE', #4724, #2534, #3161 ) ;
#6064 = ORIENTED_EDGE ( 'NONE', *, *, #5918, .T. ) ;
#6065 = CIRCLE ( 'NONE', #5849, 3.250000000000002665 ) ;
#6066 = ORIENTED_EDGE ( 'NONE', *, *, #931, .T. ) ;
#6067 = LINE ( 'NONE', #2449, #4802 ) ;
#6068 = CARTESIAN_POINT ( 'NONE',  ( 1.797444280172685982, 10.00000000000000000, 45.00000000000000000 ) ) ;
#6069 = LINE ( 'NONE', #1412, #6173 ) ;
#6070 = ORIENTED_EDGE ( 'NONE', *, *, #467, .T. ) ;
#6071 = CIRCLE ( 'NONE', #3145, 1.000000000000000888 ) ;
#6072 = CARTESIAN_POINT ( 'NONE',  ( -28.00255571982732050, 5.000000000000000000, 20.99999999999998579 ) ) ;
#6073 = CARTESIAN_POINT ( 'NONE',  ( -35.50255571982732761, 0.000000000000000000, 28.00000000000000000 ) ) ;
#6074 = CARTESIAN_POINT ( 'NONE',  ( -29.50255571982732761, 5.000000000000000000, 23.24999999999998579 ) ) ;
#6075 = CARTESIAN_POINT ( 'NONE',  ( 32.99744428017268660, 0.000000000000000000, -75.00000000000000000 ) ) ;
#6076 = DIRECTION ( 'NONE',  ( 0.000000000000000000, 0.000000000000000000, -1.000000000000000000 ) ) ;
#6077 = AXIS2_PLACEMENT_3D ( 'NONE', #1725, #5907, #4826 ) ;
#6078 = FACE_BOUND ( 'NONE', #5462, .T. ) ;
#6079 = LINE ( 'NONE', #6584, #6491 ) ;
#6080 = ORIENTED_EDGE ( 'NONE', *, *, #2018, .F. ) ;
#6081 = FACE_OUTER_BOUND ( 'NONE', #2661, .T. ) ;
#6082 = DIRECTION ( 'NONE',  ( 0.000000000000000000, 0.000000000000000000, 1.000000000000000000 ) ) ;
#6083 = CONICAL_SURFACE ( 'NONE', #5423, 2.000000000000008882, 0.7853981633974760346 ) ;
#6084 = DIRECTION ( 'NONE',  ( 0.000000000000000000, 0.000000000000000000, 1.000000000000000000 ) ) ;
#6085 = LINE ( 'NONE', #6624, #2072 ) ;
#6086 = ORIENTED_EDGE ( 'NONE', *, *, #3189, .T. ) ;
#6087 = EDGE_CURVE ( 'NONE', #6404, #3547, #2532, .T. ) ;
#6088 = CARTESIAN_POINT ( 'NONE',  ( -29.50255571982732761, 5.000000000000000000, 20.99999999999998579 ) ) ;
#6089 = ORIENTED_EDGE ( 'NONE', *, *, #6475, .T. ) ;
#6090 = AXIS2_PLACEMENT_3D ( 'NONE', #6027, #6632, #1368 ) ;
#6091 = EDGE_CURVE ( 'NONE', #4273, #5238, #2605, .T. ) ;
#6092 = VERTEX_POINT ( 'NONE', #1153 ) ;
#6093 = CIRCLE ( 'NONE', #661, 1.499999999999994449 ) ;
#6094 = VECTOR ( 'NONE', #334, 1000.000000000000000 ) ;
#6095 = DIRECTION ( 'NONE',  ( 0.000000000000000000, 1.000000000000000000, 0.000000000000000000 ) ) ;
#6096 = ORIENTED_EDGE ( 'NONE', *, *, #275, .F. ) ;
#6097 = CARTESIAN_POINT ( 'NONE',  ( -58.50255571982733471, 10.00000000000000000, -14.50000000000000178 ) ) ;
#6098 = ADVANCED_FACE ( 'NONE', ( #1688, #130, #2256, #3225, #5740, #1662 ), #2196, .F. ) ;
#6099 = CARTESIAN_POINT ( 'NONE',  ( 79.99744428017268660, 10.00000000000000000, 72.00000000000001421 ) ) ;
#6100 = VECTOR ( 'NONE', #5913, 1000.000000000000000 ) ;
#6101 = AXIS2_PLACEMENT_3D ( 'NONE', #1045, #5151, #488 ) ;
#6102 = AXIS2_PLACEMENT_3D ( 'NONE', #3157, #6709, #5119 ) ;
#6103 = EDGE_LOOP ( 'NONE', ( #3671, #5418, #5433, #2034 ) ) ;
#6104 = ORIENTED_EDGE ( 'NONE', *, *, #1021, .F. ) ;
#6105 = CARTESIAN_POINT ( 'NONE',  ( -78.00255571982731340, 10.00000000000000000, 25.99999999999999645 ) ) ;
#6106 = LINE ( 'NONE', #2595, #5181 ) ;
#6107 = CYLINDRICAL_SURFACE ( 'NONE', #746, 1.500000000000001332 ) ;
#6108 = ORIENTED_EDGE ( 'NONE', *, *, #2251, .T. ) ;
#6109 = DIRECTION ( 'NONE',  ( 0.000000000000000000, 0.000000000000000000, -1.000000000000000000 ) ) ;
#6110 = CARTESIAN_POINT ( 'NONE',  ( -76.00255571982732761, 0.000000000000000000, -27.99999999999999289 ) ) ;
#6111 = DIRECTION ( 'NONE',  ( -0.000000000000000000, -0.000000000000000000, 1.000000000000000000 ) ) ;
#6112 = DIRECTION ( 'NONE',  ( 0.000000000000000000, 0.000000000000000000, 1.000000000000000000 ) ) ;
#6113 = CARTESIAN_POINT ( 'NONE',  ( 26.99744428017269016, 0.000000000000000000, 56.49999999999998579 ) ) ;
#6114 = CYLINDRICAL_SURFACE ( 'NONE', #4647, 1.750000000000001554 ) ;
#6115 = CARTESIAN_POINT ( 'NONE',  ( 1.797444280172685982, 10.00000000000000000, 43.50000000000000000 ) ) ;
#6116 = EDGE_LOOP ( 'NONE', ( #5608, #5447, #5578, #2038 ) ) ;
#6117 = DIRECTION ( 'NONE',  ( 0.000000000000000000, 0.000000000000000000, 1.000000000000000000 ) ) ;
#6118 = CARTESIAN_POINT ( 'NONE',  ( -48.50255571982733471, 0.000000000000000000, 13.50000000000000178 ) ) ;
#6119 = CARTESIAN_POINT ( 'NONE',  ( 34.99744428017269371, 7.000000000000000000, -73.50000000000001421 ) ) ;
#6120 = DIRECTION ( 'NONE',  ( 0.000000000000000000, 1.000000000000000000, 0.000000000000000000 ) ) ;
#6121 = ORIENTED_EDGE ( 'NONE', *, *, #2433, .T. ) ;
#6122 = ORIENTED_EDGE ( 'NONE', *, *, #1937, .T. ) ;
#6123 = ORIENTED_EDGE ( 'NONE', *, *, #6015, .F. ) ;
#6124 = EDGE_CURVE ( 'NONE', #6404, #5901, #3797, .T. ) ;
#6125 = EDGE_CURVE ( 'NONE', #5134, #1492, #6093, .T. ) ;
#6126 = DIRECTION ( 'NONE',  ( 0.000000000000000000, 0.000000000000000000, 1.000000000000000000 ) ) ;
#6127 = ORIENTED_EDGE ( 'NONE', *, *, #1845, .F. ) ;
#6128 = CARTESIAN_POINT ( 'NONE',  ( 51.99744428017267950, 3.999999999999996447, 20.00000000000000000 ) ) ;
#6129 = CARTESIAN_POINT ( 'NONE',  ( 0.000000000000000000, 2.000000000000000000, 25.99999999999999645 ) ) ;
#6130 = EDGE_CURVE ( 'NONE', #1092, #5805, #4822, .T. ) ;
#6131 = ORIENTED_EDGE ( 'NONE', *, *, #1362, .T. ) ;
#6132 = FACE_OUTER_BOUND ( 'NONE', #4705, .T. ) ;
#6133 = VERTEX_POINT ( 'NONE', #6408 ) ;
#6134 = CARTESIAN_POINT ( 'NONE',  ( 0.000000000000000000, -10.00000000000000000, 0.000000000000000000 ) ) ;
#6135 = FACE_OUTER_BOUND ( 'NONE', #4387, .T. ) ;
#6136 = DIRECTION ( 'NONE',  ( 0.000000000000000000, 0.000000000000000000, 1.000000000000000000 ) ) ;
#6137 = ORIENTED_EDGE ( 'NONE', *, *, #5349, .F. ) ;
#6138 = EDGE_CURVE ( 'NONE', #5682, #5601, #1184, .T. ) ;
#6139 = EDGE_CURVE ( 'NONE', #5658, #2631, #5218, .T. ) ;
#6140 = CARTESIAN_POINT ( 'NONE',  ( 0.000000000000000000, -10.00000000000000000, 0.000000000000000000 ) ) ;
#6141 = DIRECTION ( 'NONE',  ( -0.000000000000000000, -1.000000000000000000, -0.000000000000000000 ) ) ;
#6142 = CARTESIAN_POINT ( 'NONE',  ( -48.50255571982733471, 0.000000000000000000, -25.99999999999999645 ) ) ;
#6143 = CARTESIAN_POINT ( 'NONE',  ( 34.99744428017269371, 0.4999999999999466538, -70.50000000000000000 ) ) ;
#6144 = LINE ( 'NONE', #1485, #3343 ) ;
#6145 = CARTESIAN_POINT ( 'NONE',  ( -35.50255571982732761, 0.000000000000000000, 26.00000000000000355 ) ) ;
#6146 = ORIENTED_EDGE ( 'NONE', *, *, #3574, .F. ) ;
#6147 = CARTESIAN_POINT ( 'NONE',  ( 0.000000000000000000, 0.000000000000000000, 0.000000000000000000 ) ) ;
#6148 = CARTESIAN_POINT ( 'NONE',  ( -73.00255571982731340, 0.000000000000000000, 7.499999999999996447 ) ) ;
#6149 = DIRECTION ( 'NONE',  ( -1.000000000000000000, -0.000000000000000000, -0.000000000000000000 ) ) ;
#6150 = ORIENTED_EDGE ( 'NONE', *, *, #5164, .F. ) ;
#6151 = ORIENTED_EDGE ( 'NONE', *, *, #3113, .T. ) ;
#6152 = CIRCLE ( 'NONE', #4088, 1.750000000000001554 ) ;
#6153 = DIRECTION ( 'NONE',  ( 0.000000000000000000, 0.000000000000000000, 1.000000000000000000 ) ) ;
#6154 = VECTOR ( 'NONE', #214, 1000.000000000000000 ) ;
#6155 = VECTOR ( 'NONE', #5599, 1000.000000000000000 ) ;
#6156 = EDGE_LOOP ( 'NONE', ( #2815, #5504, #747, #5036 ) ) ;
#6157 = CARTESIAN_POINT ( 'NONE',  ( -29.50255571982732761, 4.999999999999998224, 24.92598183048944449 ) ) ;
#6158 = DIRECTION ( 'NONE',  ( -0.000000000000000000, 1.000000000000000000, -0.000000000000000000 ) ) ;
#6159 = EDGE_CURVE ( 'NONE', #2082, #2627, #4245, .T. ) ;
#6160 = EDGE_LOOP ( 'NONE', ( #6060, #410 ) ) ;
#6161 = AXIS2_PLACEMENT_3D ( 'NONE', #3038, #6194, #1537 ) ;
#6162 = ORIENTED_EDGE ( 'NONE', *, *, #3242, .F. ) ;
#6163 = DIRECTION ( 'NONE',  ( 0.000000000000000000, 0.000000000000000000, 1.000000000000000000 ) ) ;
#6164 = VERTEX_POINT ( 'NONE', #4338 ) ;
#6165 = FACE_BOUND ( 'NONE', #891, .T. ) ;
#6166 = CIRCLE ( 'NONE', #3249, 1.500000000000001332 ) ;
#6167 = DIRECTION ( 'NONE',  ( -1.000000000000000000, -0.000000000000000000, 0.000000000000000000 ) ) ;
#6168 = EDGE_CURVE ( 'NONE', #2419, #1129, #2282, .T. ) ;
#6169 = VECTOR ( 'NONE', #1147, 1000.000000000000000 ) ;
#6170 = DIRECTION ( 'NONE',  ( 0.000000000000000000, 1.000000000000000000, 0.000000000000000000 ) ) ;
#6171 = ORIENTED_EDGE ( 'NONE', *, *, #6347, .T. ) ;
#6172 = EDGE_CURVE ( 'NONE', #1287, #2865, #222, .T. ) ;
#6173 = VECTOR ( 'NONE', #319, 1000.000000000000000 ) ;
#6174 = LINE ( 'NONE', #2123, #5202 ) ;
#6175 = CARTESIAN_POINT ( 'NONE',  ( -48.50255571982733471, 5.000000000000000000, 20.99999999999999289 ) ) ;
#6176 = CARTESIAN_POINT ( 'NONE',  ( 34.99744428017269371, 0.000000000000000000, -72.00000000000001421 ) ) ;
#6177 = DIRECTION ( 'NONE',  ( 0.000000000000000000, 0.000000000000000000, 1.000000000000000000 ) ) ;
#6178 = CARTESIAN_POINT ( 'NONE',  ( 77.68975197248032316, 7.000000000000000000, -74.28846153846150457 ) ) ;
#6179 = FACE_BOUND ( 'NONE', #5170, .T. ) ;
#6180 = VERTEX_POINT ( 'NONE', #3263 ) ;
#6181 = AXIS2_PLACEMENT_3D ( 'NONE', #1807, #3388, #5451 ) ;
#6182 = ADVANCED_FACE ( 'NONE', ( #4723 ), #5803, .F. ) ;
#6183 = AXIS2_PLACEMENT_3D ( 'NONE', #3973, #2960, #920 ) ;
#6184 = CYLINDRICAL_SURFACE ( 'NONE', #1734, 3.250000000000002665 ) ;
#6185 = CARTESIAN_POINT ( 'NONE',  ( 1.797444280172685982, 7.000000000000000000, -37.00000000000000000 ) ) ;
#6186 = ORIENTED_EDGE ( 'NONE', *, *, #2138, .F. ) ;
#6187 = DIRECTION ( 'NONE',  ( 0.000000000000000000, 0.000000000000000000, -1.000000000000000000 ) ) ;
#6188 = EDGE_LOOP ( 'NONE', ( #4064, #3400, #6064, #479 ) ) ;
#6189 = AXIS2_PLACEMENT_3D ( 'NONE', #5490, #6040, #4950 ) ;
#6190 = ADVANCED_FACE ( 'NONE', ( #4848 ), #5319, .F. ) ;
#6191 = LINE ( 'NONE', #4770, #433 ) ;
#6192 = VERTEX_POINT ( 'NONE', #1085 ) ;
#6193 = ORIENTED_EDGE ( 'NONE', *, *, #5199, .F. ) ;
#6194 = DIRECTION ( 'NONE',  ( 0.000000000000000000, 1.000000000000000000, 0.000000000000000000 ) ) ;
#6195 = CARTESIAN_POINT ( 'NONE',  ( 1.997444280172673281, 10.00000000000000000, -75.00000000000000000 ) ) ;
#6196 = ORIENTED_EDGE ( 'NONE', *, *, #3062, .T. ) ;
#6197 = CIRCLE ( 'NONE', #1747, 2.000000000000001776 ) ;
#6198 = LINE ( 'NONE', #3626, #5500 ) ;
#6199 = VERTEX_POINT ( 'NONE', #158 ) ;
#6200 = ORIENTED_EDGE ( 'NONE', *, *, #2746, .F. ) ;
#6201 = FACE_OUTER_BOUND ( 'NONE', #1019, .T. ) ;
#6202 = AXIS2_PLACEMENT_3D ( 'NONE', #425, #4407, #6479 ) ;
#6203 = CARTESIAN_POINT ( 'NONE',  ( 79.99744428017268660, 10.00000000000000000, -70.50000000000000000 ) ) ;
#6204 = DIRECTION ( 'NONE',  ( 0.000000000000000000, 1.000000000000000000, 0.000000000000000000 ) ) ;
#6205 = EDGE_LOOP ( 'NONE', ( #4306, #1615, #4191, #3627 ) ) ;
#6206 = VECTOR ( 'NONE', #5099, 1000.000000000000114 ) ;
#6207 = VECTOR ( 'NONE', #1879, 1000.000000000000000 ) ;
#6208 = EDGE_CURVE ( 'NONE', #6092, #1463, #1624, .T. ) ;
#6209 = ADVANCED_FACE ( 'NONE', ( #2223 ), #3159, .F. ) ;
#6210 = DIRECTION ( 'NONE',  ( -1.000000000000000000, 0.000000000000000000, -0.000000000000000000 ) ) ;
#6211 = CARTESIAN_POINT ( 'NONE',  ( 93.99744428017268660, 7.000000000000000000, -20.99999999999999645 ) ) ;
#6212 = CARTESIAN_POINT ( 'NONE',  ( 32.97559603688949892, 7.000000000000000000, 74.98265426631233765 ) ) ;
#6213 = DIRECTION ( 'NONE',  ( 1.156482317317871725E-15, 0.000000000000000000, -1.000000000000000000 ) ) ;
#6214 = FACE_BOUND ( 'NONE', #2668, .T. ) ;
#6215 = ORIENTED_EDGE ( 'NONE', *, *, #2725, .F. ) ;
#6216 =( NAMED_UNIT ( * ) PLANE_ANGLE_UNIT ( ) SI_UNIT ( $, .RADIAN. ) );
#6217 = EDGE_CURVE ( 'NONE', #583, #1196, #13, .T. ) ;
#6218 = CARTESIAN_POINT ( 'NONE',  ( 36.99744428017269371, 4.000000000000000000, -34.99999999999998579 ) ) ;
#6219 = PLANE ( 'NONE',  #546 ) ;
#6220 = ORIENTED_EDGE ( 'NONE', *, *, #2828, .T. ) ;
#6221 = CARTESIAN_POINT ( 'NONE',  ( -34.50255571982732761, 10.00000000000000000, -24.92598183048944449 ) ) ;
#6222 = ORIENTED_EDGE ( 'NONE', *, *, #4016, .F. ) ;
#6223 = EDGE_CURVE ( 'NONE', #5325, #2992, #6037, .T. ) ;
#6224 = FACE_OUTER_BOUND ( 'NONE', #4704, .T. ) ;
#6225 = ORIENTED_EDGE ( 'NONE', *, *, #1053, .T. ) ;
#6226 = ORIENTED_EDGE ( 'NONE', *, *, #2970, .F. ) ;
#6227 = CARTESIAN_POINT ( 'NONE',  ( 93.99744428017268660, 7.000000000000000000, -24.50000000000000355 ) ) ;
#6228 = ORIENTED_EDGE ( 'NONE', *, *, #4140, .F. ) ;
#6229 = EDGE_CURVE ( 'NONE', #1433, #2452, #6445, .T. ) ;
#6230 = FACE_OUTER_BOUND ( 'NONE', #5607, .T. ) ;
#6231 = CARTESIAN_POINT ( 'NONE',  ( 80.99744428017270081, -7.000000000000000000, 47.00000000000001421 ) ) ;
#6232 = ORIENTED_EDGE ( 'NONE', *, *, #3075, .T. ) ;
#6233 = ORIENTED_EDGE ( 'NONE', *, *, #4806, .F. ) ;
#6234 = DIRECTION ( 'NONE',  ( -0.000000000000000000, 1.000000000000000000, -0.000000000000000000 ) ) ;
#6235 = CARTESIAN_POINT ( 'NONE',  ( 1.797444280172685982, 0.4999999999999483746, -46.50000000000000000 ) ) ;
#6236 = VERTEX_POINT ( 'NONE', #5904 ) ;
#6237 = CARTESIAN_POINT ( 'NONE',  ( 93.99744428017268660, 4.000000000000000000, -19.00000000000000355 ) ) ;
#6238 = CARTESIAN_POINT ( 'NONE',  ( 79.99744428017268660, 10.00000000000000000, 72.00000000000001421 ) ) ;
#6239 = CARTESIAN_POINT ( 'NONE',  ( 1.797444280172685982, 0.4999999999999483746, 45.00000000000000000 ) ) ;
#6240 = DIRECTION ( 'NONE',  ( -1.000000000000000000, -0.000000000000000000, -0.000000000000000000 ) ) ;
#6241 = CARTESIAN_POINT ( 'NONE',  ( 76.99744428017268660, 0.000000000000000000, -54.99999999999999289 ) ) ;
#6242 = CARTESIAN_POINT ( 'NONE',  ( -29.50255571982732761, 1.600000000000002975, -19.03700908475525821 ) ) ;
#6243 = ORIENTED_EDGE ( 'NONE', *, *, #4596, .F. ) ;
#6244 = ADVANCED_FACE ( 'NONE', ( #5486 ), #3931, .F. ) ;
#6245 = DIRECTION ( 'NONE',  ( -0.000000000000000000, 1.000000000000000000, -0.000000000000000000 ) ) ;
#6246 = DIRECTION ( 'NONE',  ( -1.000000000000000000, -0.000000000000000000, -0.000000000000000000 ) ) ;
#6247 = ORIENTED_EDGE ( 'NONE', *, *, #4964, .T. ) ;
#6248 = ORIENTED_EDGE ( 'NONE', *, *, #6374, .T. ) ;
#6249 = LINE ( 'NONE', #3748, #6100 ) ;
#6250 = ADVANCED_FACE ( 'NONE', ( #2803 ), #6470, .T. ) ;
#6251 = EDGE_LOOP ( 'NONE', ( #3918, #1202, #3633, #6001 ) ) ;
#6252 = ADVANCED_FACE ( 'NONE', ( #4885 ), #4947, .F. ) ;
#6253 = DIRECTION ( 'NONE',  ( -1.000000000000000000, -0.000000000000000000, -0.000000000000000000 ) ) ;
#6254 = ORIENTED_EDGE ( 'NONE', *, *, #1852, .T. ) ;
#6255 = ORIENTED_EDGE ( 'NONE', *, *, #2175, .F. ) ;
#6256 = CIRCLE ( 'NONE', #6589, 2.000000000000008882 ) ;
#6257 = EDGE_CURVE ( 'NONE', #928, #6567, #5439, .T. ) ;
#6258 = EDGE_LOOP ( 'NONE', ( #3621, #5909, #6689, #1751, #5845, #1701, #4476, #1832, #3753, #1900, #682, #674, #5577, #531, #2880, #4221, #4113, #1934, #1067, #5789, #5466, #835, #4292, #3561, #2085, #4294, #4725, #1327, #2474, #5580, #3970, #6104, #4223, #6359, #2335, #4384, #2877, #6226, #6388, #469, #5698, #6698, #2073, #2782, #557, #5266, #6171, #3881, #1409, #290, #493, #6378, #1877, #1380, #1223, #4453, #2608, #1432 ) ) ;
#6259 = CIRCLE ( 'NONE', #2901, 2.249999999999998668 ) ;
#6260 = AXIS2_PLACEMENT_3D ( 'NONE', #1957, #258, #2917 ) ;
#6261 = CARTESIAN_POINT ( 'NONE',  ( -29.50255571982732761, 1.600000000000002087, -22.96299091524471692 ) ) ;
#6262 = CARTESIAN_POINT ( 'NONE',  ( 83.99744428017270081, -7.000000000000000000, 35.00000000000001421 ) ) ;
#6263 = VERTEX_POINT ( 'NONE', #3326 ) ;
#6264 = EDGE_LOOP ( 'NONE', ( #5103, #536 ) ) ;
#6265 = CARTESIAN_POINT ( 'NONE',  ( -48.50255571982733471, 0.000000000000000000, 25.99999999999999645 ) ) ;
#6266 = CYLINDRICAL_SURFACE ( 'NONE', #6390, 2.000000000000001776 ) ;
#6267 = ORIENTED_EDGE ( 'NONE', *, *, #4214, .T. ) ;
#6268 = CONICAL_SURFACE ( 'NONE', #1391, 1.500000000000001332, 0.7853981633974714827 ) ;
#6269 = AXIS2_PLACEMENT_3D ( 'NONE', #3790, #2734, #119 ) ;
#6270 = DIRECTION ( 'NONE',  ( 0.000000000000000000, 0.000000000000000000, 1.000000000000000000 ) ) ;
#6271 = VERTEX_POINT ( 'NONE', #833 ) ;
#6272 = FACE_BOUND ( 'NONE', #6264, .T. ) ;
#6273 = CIRCLE ( 'NONE', #6686, 1.500000000000001332 ) ;
#6274 = CARTESIAN_POINT ( 'NONE',  ( -76.00255571982732761, 0.000000000000000000, -25.99999999999999645 ) ) ;
#6275 = CARTESIAN_POINT ( 'NONE',  ( 34.99744428017269371, 0.000000000000000000, -72.00000000000001421 ) ) ;
#6276 = CARTESIAN_POINT ( 'NONE',  ( 77.21859812632654041, 7.000000000000000000, 73.14423076923068834 ) ) ;
#6277 = CARTESIAN_POINT ( 'NONE',  ( 1.997444280172673281, 7.000000000000000000, -75.00000000000000000 ) ) ;
#6278 = CARTESIAN_POINT ( 'NONE',  ( 1.797444280172685982, 0.4999999999999483746, 46.50000000000000000 ) ) ;
#6279 = EDGE_LOOP ( 'NONE', ( #713, #1768 ) ) ;
#6280 = VECTOR ( 'NONE', #2156, 1000.000000000000000 ) ;
#6281 = CARTESIAN_POINT ( 'NONE',  ( 34.99744428017269371, 0.4999999999999466538, -73.50000000000001421 ) ) ;
#6282 = DIRECTION ( 'NONE',  ( -1.000000000000000000, 0.000000000000000000, 0.000000000000000000 ) ) ;
#6283 = DIRECTION ( 'NONE',  ( -1.000000000000000000, -0.000000000000000000, -0.000000000000000000 ) ) ;
#6284 = EDGE_LOOP ( 'NONE', ( #3445, #1033 ) ) ;
#6285 = DIRECTION ( 'NONE',  ( 0.000000000000000000, -1.000000000000000000, 0.000000000000000000 ) ) ;
#6286 = ORIENTED_EDGE ( 'NONE', *, *, #27, .F. ) ;
#6287 = VECTOR ( 'NONE', #1630, 1000.000000000000000 ) ;
#6288 = EDGE_CURVE ( 'NONE', #3197, #606, #3429, .T. ) ;
#6289 = DIRECTION ( 'NONE',  ( -0.000000000000000000, 1.000000000000000000, -0.000000000000000000 ) ) ;
#6290 = ADVANCED_FACE ( 'NONE', ( #1848 ), #5932, .T. ) ;
#6291 = CARTESIAN_POINT ( 'NONE',  ( -73.00255571982731340, 0.000000000000000000, -10.00000000000000178 ) ) ;
#6292 = ORIENTED_EDGE ( 'NONE', *, *, #5717, .T. ) ;
#6293 = AXIS2_PLACEMENT_3D ( 'NONE', #3051, #2019, #3665 ) ;
#6294 = ORIENTED_EDGE ( 'NONE', *, *, #190, .F. ) ;
#6295 = AXIS2_PLACEMENT_3D ( 'NONE', #3952, #5008, #6533 ) ;
#6296 = DIRECTION ( 'NONE',  ( -0.000000000000000000, -1.000000000000000000, -0.000000000000000000 ) ) ;
#6297 = CARTESIAN_POINT ( 'NONE',  ( -68.50255571982732761, 5.000000000000000000, -20.99999999999999645 ) ) ;
#6298 = ORIENTED_EDGE ( 'NONE', *, *, #1810, .F. ) ;
#6299 = EDGE_CURVE ( 'NONE', #5351, #450, #2500, .T. ) ;
#6300 = ORIENTED_EDGE ( 'NONE', *, *, #356, .F. ) ;
#6301 = FACE_OUTER_BOUND ( 'NONE', #3794, .T. ) ;
#6302 = ADVANCED_FACE ( 'NONE', ( #3398 ), #4916, .F. ) ;
#6303 = CYLINDRICAL_SURFACE ( 'NONE', #3132, 1.999999999999998224 ) ;
#6304 = CARTESIAN_POINT ( 'NONE',  ( 129.9974442801726866, 4.000000000000000000, -34.74999999999999289 ) ) ;
#6305 = AXIS2_PLACEMENT_3D ( 'NONE', #3027, #2988, #2470 ) ;
#6306 = DIRECTION ( 'NONE',  ( -0.000000000000000000, -1.000000000000000000, -0.000000000000000000 ) ) ;
#6307 = CIRCLE ( 'NONE', #887, 2.500000000000002220 ) ;
#6308 = AXIS2_PLACEMENT_3D ( 'NONE', #359, #3537, #5568 ) ;
#6309 = ORIENTED_EDGE ( 'NONE', *, *, #4596, .T. ) ;
#6310 = CARTESIAN_POINT ( 'NONE',  ( -78.00255571982732761, 10.00000000000000000, -24.99999999999999289 ) ) ;
#6311 = CARTESIAN_POINT ( 'NONE',  ( -68.50255571982732761, 10.00000000000000000, 27.99999999999999289 ) ) ;
#6312 = CARTESIAN_POINT ( 'NONE',  ( -38.50255571982732761, 10.00000000000000000, 14.50000000000000178 ) ) ;
#6313 = DIRECTION ( 'NONE',  ( 0.000000000000000000, 1.000000000000000000, -2.209286174613468758E-16 ) ) ;
#6314 = ORIENTED_EDGE ( 'NONE', *, *, #2056, .F. ) ;
#6315 = VECTOR ( 'NONE', #38, 1000.000000000000000 ) ;
#6316 = VECTOR ( 'NONE', #2582, 1000.000000000000000 ) ;
#6317 = DIRECTION ( 'NONE',  ( 0.000000000000000000, -1.000000000000000000, 0.000000000000000000 ) ) ;
#6318 = AXIS2_PLACEMENT_3D ( 'NONE', #5969, #1946, #1317 ) ;
#6319 = LINE ( 'NONE', #4346, #5214 ) ;
#6320 = CARTESIAN_POINT ( 'NONE',  ( -57.50255571982733471, 0.000000000000000000, -25.99999999999999645 ) ) ;
#6321 = LINE ( 'NONE', #5104, #4649 ) ;
#6322 = VERTEX_POINT ( 'NONE', #6575 ) ;
#6323 = CARTESIAN_POINT ( 'NONE',  ( -73.00255571982731340, 0.000000000000000000, -8.000000000000005329 ) ) ;
#6324 = ORIENTED_EDGE ( 'NONE', *, *, #2062, .F. ) ;
#6325 = AXIS2_PLACEMENT_3D ( 'NONE', #796, #5971, #280 ) ;
#6326 = DIRECTION ( 'NONE',  ( -0.000000000000000000, -1.000000000000000000, -0.000000000000000000 ) ) ;
#6327 = EDGE_LOOP ( 'NONE', ( #1106, #5004, #3308, #4046 ) ) ;
#6328 = EDGE_LOOP ( 'NONE', ( #2539, #1908, #5724, #2864 ) ) ;
#6329 = EDGE_CURVE ( 'NONE', #4919, #793, #4441, .T. ) ;
#6330 = EDGE_CURVE ( 'NONE', #1233, #336, #4403, .T. ) ;
#6331 = EDGE_LOOP ( 'NONE', ( #3202, #89, #3102, #642 ) ) ;
#6332 = ORIENTED_EDGE ( 'NONE', *, *, #6337, .F. ) ;
#6333 = DIRECTION ( 'NONE',  ( 0.000000000000000000, 0.000000000000000000, -1.000000000000000000 ) ) ;
#6334 = DIRECTION ( 'NONE',  ( -0.9246780984747270393, -0.000000000000000000, -0.3807498052542680478 ) ) ;
#6335 = DIRECTION ( 'NONE',  ( -0.000000000000000000, -0.000000000000000000, 1.000000000000000000 ) ) ;
#6336 = EDGE_CURVE ( 'NONE', #6361, #2723, #2422, .T. ) ;
#6337 = EDGE_CURVE ( 'NONE', #6133, #2989, #2906, .T. ) ;
#6338 = CARTESIAN_POINT ( 'NONE',  ( 76.99744428017268660, 0.000000000000000000, -53.50000000000000000 ) ) ;
#6339 = ORIENTED_EDGE ( 'NONE', *, *, #5297, .T. ) ;
#6340 = FACE_OUTER_BOUND ( 'NONE', #267, .T. ) ;
#6341 = CYLINDRICAL_SURFACE ( 'NONE', #3180, 2.000000000000001776 ) ;
#6342 = LINE ( 'NONE', #594, #134 ) ;
#6343 = DIRECTION ( 'NONE',  ( -1.000000000000000000, 0.000000000000000000, -0.000000000000000000 ) ) ;
#6344 = LINE ( 'NONE', #6447, #4867 ) ;
#6345 = VERTEX_POINT ( 'NONE', #2395 ) ;
#6346 = EDGE_CURVE ( 'NONE', #4052, #4107, #338, .T. ) ;
#6347 = EDGE_CURVE ( 'NONE', #2438, #2528, #2946, .T. ) ;
#6348 = EDGE_CURVE ( 'NONE', #1463, #3706, #3832, .T. ) ;
#6349 = CARTESIAN_POINT ( 'NONE',  ( 32.68975197248038000, 10.00000000000000000, 74.28846153846153300 ) ) ;
#6350 = LINE ( 'NONE', #771, #3718 ) ;
#6351 = ORIENTED_EDGE ( 'NONE', *, *, #1268, .F. ) ;
#6352 = DIRECTION ( 'NONE',  ( -0.000000000000000000, -1.000000000000000000, -0.000000000000000000 ) ) ;
#6353 = DIRECTION ( 'NONE',  ( 0.000000000000000000, 0.000000000000000000, 1.000000000000000000 ) ) ;
#6354 = ORIENTED_EDGE ( 'NONE', *, *, #6374, .F. ) ;
#6355 = ORIENTED_EDGE ( 'NONE', *, *, #5164, .T. ) ;
#6356 =( BOUNDED_CURVE ( )  B_SPLINE_CURVE ( 3, ( #6142, #1015, #6678, #1518 ),
 .UNSPECIFIED., .F., .F. ) 
 B_SPLINE_CURVE_WITH_KNOTS ( ( 4, 4 ),
 ( 0.000000000000000000, 1.570796326794896780 ),
 .UNSPECIFIED. ) 
 CURVE ( )  GEOMETRIC_REPRESENTATION_ITEM ( )  RATIONAL_B_SPLINE_CURVE ( ( 1.000000000000000000, 0.8047378541243649375, 0.8047378541243649375, 1.000000000000000000 ) ) 
 REPRESENTATION_ITEM ( '' )  );
#6357 = CARTESIAN_POINT ( 'NONE',  ( 83.74744428017271503, -4.816681727819437597, -75.00000000000000000 ) ) ;
#6358 = ORIENTED_EDGE ( 'NONE', *, *, #41, .T. ) ;
#6359 = ORIENTED_EDGE ( 'NONE', *, *, #5306, .T. ) ;
#6360 = ORIENTED_EDGE ( 'NONE', *, *, #6208, .F. ) ;
#6361 = VERTEX_POINT ( 'NONE', #3068 ) ;
#6362 = DIRECTION ( 'NONE',  ( -0.7831866393703775797, 0.000000000000000000, 0.6217866900406714414 ) ) ;
#6363 = CARTESIAN_POINT ( 'NONE',  ( 86.99744428017270081, 4.000000000000000000, -34.99999999999999289 ) ) ;
#6364 = EDGE_CURVE ( 'NONE', #3592, #2321, #2285, .T. ) ;
#6365 = FACE_OUTER_BOUND ( 'NONE', #6188, .T. ) ;
#6366 = VECTOR ( 'NONE', #1506, 1000.000000000000000 ) ;
#6367 = CIRCLE ( 'NONE', #612, 1.999999999999998224 ) ;
#6368 = CARTESIAN_POINT ( 'NONE',  ( -58.50255571982733471, 0.000000000000000000, 13.50000000000000178 ) ) ;
#6369 = ORIENTED_EDGE ( 'NONE', *, *, #1313, .T. ) ;
#6370 = ADVANCED_FACE ( 'NONE', ( #4600, #5192 ), #4698, .T. ) ;
#6371 = DIRECTION ( 'NONE',  ( 0.000000000000000000, 1.000000000000000000, 0.000000000000000000 ) ) ;
#6372 = LINE ( 'NONE', #5903, #1117 ) ;
#6373 = VECTOR ( 'NONE', #5864, 1000.000000000000000 ) ;
#6374 = EDGE_CURVE ( 'NONE', #2548, #149, #68, .T. ) ;
#6375 = CARTESIAN_POINT ( 'NONE',  ( -68.50255571982732761, 5.000000000000000000, -20.99999999999999645 ) ) ;
#6376 = VECTOR ( 'NONE', #6711, 1000.000000000000000 ) ;
#6377 = CARTESIAN_POINT ( 'NONE',  ( -48.50255571982733471, 0.000000000000000000, -25.99999999999999645 ) ) ;
#6378 = ORIENTED_EDGE ( 'NONE', *, *, #1716, .T. ) ;
#6379 = CIRCLE ( 'NONE', #3124, 3.499999999999999556 ) ;
#6380 = VECTOR ( 'NONE', #2945, 1000.000000000000000 ) ;
#6381 = CARTESIAN_POINT ( 'NONE',  ( -55.50255571982733471, 2.000000000000000000, -27.99999999999999289 ) ) ;
#6382 = ORIENTED_EDGE ( 'NONE', *, *, #683, .F. ) ;
#6383 = EDGE_CURVE ( 'NONE', #2078, #934, #5129, .T. ) ;
#6384 = CYLINDRICAL_SURFACE ( 'NONE', #507, 1.000000000000000888 ) ;
#6385 = ORIENTED_EDGE ( 'NONE', *, *, #874, .F. ) ;
#6386 = DIRECTION ( 'NONE',  ( -0.000000000000000000, 1.000000000000000000, -0.000000000000000000 ) ) ;
#6387 = CIRCLE ( 'NONE', #627, 2.249999999999998668 ) ;
#6388 = ORIENTED_EDGE ( 'NONE', *, *, #3142, .T. ) ;
#6389 = ADVANCED_FACE ( 'NONE', ( #5648 ), #3097, .F. ) ;
#6390 = AXIS2_PLACEMENT_3D ( 'NONE', #3083, #483, #4644 ) ;
#6391 = DIRECTION ( 'NONE',  ( -0.000000000000000000, -0.000000000000000000, 1.000000000000000000 ) ) ;
#6392 = ORIENTED_EDGE ( 'NONE', *, *, #3641, .F. ) ;
#6393 = CARTESIAN_POINT ( 'NONE',  ( 34.99744428017269371, 7.000000000000000000, -70.50000000000000000 ) ) ;
#6394 = ORIENTED_EDGE ( 'NONE', *, *, #2093, .T. ) ;
#6395 = ORIENTED_EDGE ( 'NONE', *, *, #5412, .T. ) ;
#6396 = VECTOR ( 'NONE', #1746, 1000.000000000000000 ) ;
#6397 = VECTOR ( 'NONE', #5323, 1000.000000000000000 ) ;
#6398 = ORIENTED_EDGE ( 'NONE', *, *, #3682, .T. ) ;
#6399 = ORIENTED_EDGE ( 'NONE', *, *, #4853, .F. ) ;
#6400 = CYLINDRICAL_SURFACE ( 'NONE', #1914, 1.500000000000001332 ) ;
#6401 = FACE_OUTER_BOUND ( 'NONE', #6156, .T. ) ;
#6402 = VECTOR ( 'NONE', #5867, 1000.000000000000227 ) ;
#6403 = DIRECTION ( 'NONE',  ( -0.000000000000000000, 1.000000000000000000, -0.000000000000000000 ) ) ;
#6404 = VERTEX_POINT ( 'NONE', #6221 ) ;
#6405 = CARTESIAN_POINT ( 'NONE',  ( -26.20255571982731979, 0.000000000000000000, 27.99999999999999645 ) ) ;
#6406 = CARTESIAN_POINT ( 'NONE',  ( -33.00255571982732050, 0.5000000000000204281, -8.000000000000000000 ) ) ;
#6407 = VECTOR ( 'NONE', #6391, 1000.000000000000000 ) ;
#6408 = CARTESIAN_POINT ( 'NONE',  ( -48.50255571982733471, 5.000000000000000000, -18.74999999999999645 ) ) ;
#6409 = FACE_BOUND ( 'NONE', #5994, .T. ) ;
#6410 = CARTESIAN_POINT ( 'NONE',  ( 0.000000000000000000, 10.00000000000000000, 0.000000000000000000 ) ) ;
#6411 = VERTEX_POINT ( 'NONE', #438 ) ;
#6412 = EDGE_CURVE ( 'NONE', #1733, #2752, #4626, .T. ) ;
#6413 = EDGE_CURVE ( 'NONE', #6092, #2662, #6720, .T. ) ;
#6414 = DIRECTION ( 'NONE',  ( 1.000000000000000000, -0.000000000000000000, -0.000000000000000000 ) ) ;
#6415 = DIRECTION ( 'NONE',  ( 0.000000000000000000, 1.000000000000000000, 0.000000000000000000 ) ) ;
#6416 = VERTEX_POINT ( 'NONE', #3616 ) ;
#6417 = FACE_BOUND ( 'NONE', #3377, .T. ) ;
#6418 = CARTESIAN_POINT ( 'NONE',  ( -29.50255571982732761, 10.00000000000000000, -17.07401816951053419 ) ) ;
#6419 = VECTOR ( 'NONE', #3703, 1000.000000000000227 ) ;
#6420 = ORIENTED_EDGE ( 'NONE', *, *, #2908, .T. ) ;
#6421 = DIRECTION ( 'NONE',  ( 0.000000000000000000, 0.000000000000000000, 1.000000000000000000 ) ) ;
#6422 = EDGE_LOOP ( 'NONE', ( #4641, #827 ) ) ;
#6423 = ADVANCED_FACE ( 'NONE', ( #2575 ), #2510, .T. ) ;
#6424 = VECTOR ( 'NONE', #678, 1000.000000000000000 ) ;
#6425 = CIRCLE ( 'NONE', #237, 2.249999999999998668 ) ;
#6426 = CARTESIAN_POINT ( 'NONE',  ( 1.797444280172685982, 10.00000000000000000, 45.00000000000000000 ) ) ;
#6427 = ORIENTED_EDGE ( 'NONE', *, *, #3921, .T. ) ;
#6428 = PLANE ( 'NONE',  #3177 ) ;
#6429 = VERTEX_POINT ( 'NONE', #3645 ) ;
#6430 = EDGE_LOOP ( 'NONE', ( #376, #3664 ) ) ;
#6431 = AXIS2_PLACEMENT_3D ( 'NONE', #4792, #6282, #802 ) ;
#6432 = EDGE_CURVE ( 'NONE', #5946, #6416, #538, .T. ) ;
#6433 = FACE_OUTER_BOUND ( 'NONE', #817, .T. ) ;
#6434 = CARTESIAN_POINT ( 'NONE',  ( 32.99744428017268660, 10.00000000000000000, -75.00000000000000000 ) ) ;
#6435 = ORIENTED_EDGE ( 'NONE', *, *, #2542, .T. ) ;
#6436 = LINE ( 'NONE', #1346, #5949 ) ;
#6437 = DIRECTION ( 'NONE',  ( -1.000000000000000000, -0.000000000000000000, 1.387778780781446169E-16 ) ) ;
#6438 = DIRECTION ( 'NONE',  ( -1.000000000000000000, 0.000000000000000000, 2.775557561562891351E-16 ) ) ;
#6439 = EDGE_CURVE ( 'NONE', #2279, #3206, #21, .T. ) ;
#6440 = LINE ( 'NONE', #691, #4095 ) ;
#6441 = CARTESIAN_POINT ( 'NONE',  ( 121.9974442801726866, -40.00000000000000000, 18.00000000000000355 ) ) ;
#6442 = ORIENTED_EDGE ( 'NONE', *, *, #779, .F. ) ;
#6443 = EDGE_CURVE ( 'NONE', #1949, #2896, #6660, .T. ) ;
#6444 = DIRECTION ( 'NONE',  ( 0.000000000000000000, 0.000000000000000000, -1.000000000000000000 ) ) ;
#6445 = LINE ( 'NONE', #1814, #5553 ) ;
#6446 = LINE ( 'NONE', #4917, #6640 ) ;
#6447 = CARTESIAN_POINT ( 'NONE',  ( 26.99744428017269016, 0.000000000000000000, -53.49999999999998579 ) ) ;
#6448 = VERTEX_POINT ( 'NONE', #3714 ) ;
#6449 = CARTESIAN_POINT ( 'NONE',  ( 1.797444280172685982, 7.000000000000000000, -45.00000000000000000 ) ) ;
#6450 = FACE_BOUND ( 'NONE', #6279, .T. ) ;
#6451 = ORIENTED_EDGE ( 'NONE', *, *, #510, .F. ) ;
#6452 = DIRECTION ( 'NONE',  ( 0.000000000000000000, -0.000000000000000000, 1.000000000000000000 ) ) ;
#6453 = DIRECTION ( 'NONE',  ( 0.000000000000000000, 0.000000000000000000, -1.000000000000000000 ) ) ;
#6454 = ORIENTED_EDGE ( 'NONE', *, *, #4429, .T. ) ;
#6455 = EDGE_CURVE ( 'NONE', #5442, #2593, #6249, .T. ) ;
#6456 = ORIENTED_EDGE ( 'NONE', *, *, #644, .T. ) ;
#6457 = DIRECTION ( 'NONE',  ( 0.000000000000000000, 1.000000000000000000, 0.000000000000000000 ) ) ;
#6458 = VERTEX_POINT ( 'NONE', #5813 ) ;
#6459 = EDGE_LOOP ( 'NONE', ( #5640, #1180, #1444, #3183, #4232, #1970 ) ) ;
#6460 = EDGE_CURVE ( 'NONE', #474, #549, #2204, .T. ) ;
#6461 = ORIENTED_EDGE ( 'NONE', *, *, #5768, .F. ) ;
#6462 = CARTESIAN_POINT ( 'NONE',  ( -37.50255571982732761, 5.000000000000000000, -23.24999999999998934 ) ) ;
#6463 = ORIENTED_EDGE ( 'NONE', *, *, #4990, .F. ) ;
#6464 = CARTESIAN_POINT ( 'NONE',  ( -47.50255571982733471, 0.000000000000000000, -13.50000000000000178 ) ) ;
#6465 = EDGE_CURVE ( 'NONE', #3687, #5220, #2729, .T. ) ;
#6466 = CARTESIAN_POINT ( 'NONE',  ( -26.20255571982731269, 10.00000000000000000, 27.99999999999999645 ) ) ;
#6467 = ADVANCED_FACE ( 'NONE', ( #643 ), #2306, .F. ) ;
#6468 = ORIENTED_EDGE ( 'NONE', *, *, #4671, .T. ) ;
#6469 = FACE_OUTER_BOUND ( 'NONE', #4572, .T. ) ;
#6470 = CYLINDRICAL_SURFACE ( 'NONE', #2619, 2.000000000000001776 ) ;
#6471 = DIRECTION ( 'NONE',  ( 2.775557561562891351E-16, 0.000000000000000000, 1.000000000000000000 ) ) ;
#6472 = ORIENTED_EDGE ( 'NONE', *, *, #4853, .T. ) ;
#6473 = CIRCLE ( 'NONE', #3230, 2.000000000000001776 ) ;
#6474 = VECTOR ( 'NONE', #5594, 1000.000000000000000 ) ;
#6475 = EDGE_CURVE ( 'NONE', #5220, #3687, #3172, .T. ) ;
#6476 = AXIS2_PLACEMENT_3D ( 'NONE', #3321, #3257, #626 ) ;
#6477 = DIRECTION ( 'NONE',  ( -0.000000000000000000, -0.000000000000000000, 1.000000000000000000 ) ) ;
#6478 = VECTOR ( 'NONE', #5327, 1000.000000000000000 ) ;
#6479 = DIRECTION ( 'NONE',  ( 1.000000000000000000, 0.000000000000000000, 0.000000000000000000 ) ) ;
#6480 = ORIENTED_EDGE ( 'NONE', *, *, #3972, .F. ) ;
#6481 = CARTESIAN_POINT ( 'NONE',  ( -34.50255571982732761, 1.600000000000002087, 22.96299091524471692 ) ) ;
#6482 = DIRECTION ( 'NONE',  ( 0.000000000000000000, 0.000000000000000000, 1.000000000000000000 ) ) ;
#6483 = LINE ( 'NONE', #3374, #4321 ) ;
#6484 = VERTEX_POINT ( 'NONE', #4798 ) ;
#6485 = DIRECTION ( 'NONE',  ( 0.000000000000000000, 0.000000000000000000, 1.000000000000000000 ) ) ;
#6486 = VERTEX_POINT ( 'NONE', #5261 ) ;
#6487 = AXIS2_PLACEMENT_3D ( 'NONE', #2967, #374, #1310 ) ;
#6488 = AXIS2_PLACEMENT_3D ( 'NONE', #4814, #4711, #151 ) ;
#6489 = CARTESIAN_POINT ( 'NONE',  ( -68.50255571982732761, 10.00000000000000000, 14.50000000000000178 ) ) ;
#6490 = PLANE ( 'NONE',  #6521 ) ;
#6491 = VECTOR ( 'NONE', #5570, 1000.000000000000000 ) ;
#6492 = ORIENTED_EDGE ( 'NONE', *, *, #41, .F. ) ;
#6493 = VECTOR ( 'NONE', #2121, 1000.000000000000000 ) ;
#6494 = ORIENTED_EDGE ( 'NONE', *, *, #5585, .F. ) ;
#6495 = EDGE_LOOP ( 'NONE', ( #2639, #927, #2632, #4267 ) ) ;
#6496 = AXIS2_PLACEMENT_3D ( 'NONE', #3530, #4443, #5590 ) ;
#6497 = EDGE_CURVE ( 'NONE', #3105, #5618, #6531, .T. ) ;
#6498 = EDGE_CURVE ( 'NONE', #3849, #1650, #2753, .T. ) ;
#6499 = CARTESIAN_POINT ( 'NONE',  ( -57.50255571982733471, 10.00000000000000178, 25.99999999999999645 ) ) ;
#6500 = ORIENTED_EDGE ( 'NONE', *, *, #873, .F. ) ;
#6501 = DIRECTION ( 'NONE',  ( 8.659560562355133771E-17, -0.7071067811865311414, 0.7071067811865638930 ) ) ;
#6502 = CARTESIAN_POINT ( 'NONE',  ( 1.797444280172685982, 0.4999999999999483746, -37.00000000000000000 ) ) ;
#6503 = CARTESIAN_POINT ( 'NONE',  ( 34.99744428017269371, 0.4999999999999466538, -72.00000000000001421 ) ) ;
#6504 = EDGE_CURVE ( 'NONE', #2631, #3208, #1204, .T. ) ;
#6505 = AXIS2_PLACEMENT_3D ( 'NONE', #5939, #5386, #4890 ) ;
#6506 = ADVANCED_FACE ( 'NONE', ( #167 ), #1732, .F. ) ;
#6507 = VERTEX_POINT ( 'NONE', #3205 ) ;
#6508 = CARTESIAN_POINT ( 'NONE',  ( 1.797444280172685982, 7.000000000000000000, -46.50000000000000000 ) ) ;
#6509 = CARTESIAN_POINT ( 'NONE',  ( -28.00255571982732050, 5.000000000000000000, -18.74999999999998934 ) ) ;
#6510 = LINE ( 'NONE', #6610, #635 ) ;
#6511 = ORIENTED_EDGE ( 'NONE', *, *, #2255, .F. ) ;
#6512 = AXIS2_PLACEMENT_3D ( 'NONE', #694, #2221, #1218 ) ;
#6513 = DIRECTION ( 'NONE',  ( -1.000000000000000000, -0.000000000000000000, 2.775557561562891351E-16 ) ) ;
#6514 = AXIS2_PLACEMENT_3D ( 'NONE', #2686, #3719, #3243 ) ;
#6515 = CARTESIAN_POINT ( 'NONE',  ( 33.99744428017270081, -10.00000000000000000, 35.00000000000001421 ) ) ;
#6516 = LINE ( 'NONE', #1857, #2399 ) ;
#6517 = DIRECTION ( 'NONE',  ( 0.000000000000000000, 0.000000000000000000, 1.000000000000000000 ) ) ;
#6518 = DIRECTION ( 'NONE',  ( 0.000000000000000000, 0.000000000000000000, 1.000000000000000000 ) ) ;
#6519 = VERTEX_POINT ( 'NONE', #2268 ) ;
#6520 = CARTESIAN_POINT ( 'NONE',  ( 77.99744428017270081, -7.000000000000000000, 47.00000000000001421 ) ) ;
#6521 = AXIS2_PLACEMENT_3D ( 'NONE', #5951, #3910, #5851 ) ;
#6522 = CARTESIAN_POINT ( 'NONE',  ( 121.9974442801726866, 3.999999999999996447, -22.00000000000000000 ) ) ;
#6523 = LINE ( 'NONE', #2986, #1088 ) ;
#6524 = CIRCLE ( 'NONE', #3712, 2.500000000000002220 ) ;
#6525 = AXIS2_PLACEMENT_3D ( 'NONE', #2364, #3435, #6112 ) ;
#6526 = DIRECTION ( 'NONE',  ( 0.000000000000000000, 0.000000000000000000, 1.000000000000000000 ) ) ;
#6527 = ORIENTED_EDGE ( 'NONE', *, *, #3965, .T. ) ;
#6528 = EDGE_CURVE ( 'NONE', #6458, #684, #560, .T. ) ;
#6529 = VERTEX_POINT ( 'NONE', #2172 ) ;
#6530 = ORIENTED_EDGE ( 'NONE', *, *, #5341, .T. ) ;
#6531 = CIRCLE ( 'NONE', #5886, 2.000000000000005329 ) ;
#6532 = AXIS2_PLACEMENT_3D ( 'NONE', #5653, #2995, #5069 ) ;
#6533 = DIRECTION ( 'NONE',  ( 0.000000000000000000, 0.000000000000000000, 1.000000000000000000 ) ) ;
#6534 = PLANE ( 'NONE',  #5275 ) ;
#6535 = AXIS2_PLACEMENT_3D ( 'NONE', #2609, #4177, #3573 ) ;
#6536 = ORIENTED_EDGE ( 'NONE', *, *, #5284, .T. ) ;
#6537 = DIRECTION ( 'NONE',  ( 0.000000000000000000, 0.000000000000000000, 1.000000000000000000 ) ) ;
#6538 = CIRCLE ( 'NONE', #1441, 1.500000000000001332 ) ;
#6539 = LINE ( 'NONE', #4402, #2037 ) ;
#6540 = EDGE_CURVE ( 'NONE', #12, #1171, #1766, .T. ) ;
#6541 = DIRECTION ( 'NONE',  ( 0.000000000000000000, 0.000000000000000000, -1.000000000000000000 ) ) ;
#6542 = EDGE_CURVE ( 'NONE', #3349, #2956, #3809, .T. ) ;
#6543 = ORIENTED_EDGE ( 'NONE', *, *, #1901, .T. ) ;
#6544 = EDGE_LOOP ( 'NONE', ( #4037, #2964, #4047, #2208 ) ) ;
#6545 = CARTESIAN_POINT ( 'NONE',  ( 93.99744428017268660, 7.000000000000000000, -17.49999999999999289 ) ) ;
#6546 = CARTESIAN_POINT ( 'NONE',  ( 86.99744428017270081, 10.00000000000000000, 75.00000000000001421 ) ) ;
#6547 = EDGE_CURVE ( 'NONE', #3069, #1062, #4801, .T. ) ;
#6548 = CARTESIAN_POINT ( 'NONE',  ( 82.30513658786500741, 7.000000000000000000, 74.28846153846154721 ) ) ;
#6549 = EDGE_LOOP ( 'NONE', ( #1627, #3228 ) ) ;
#6550 = EDGE_CURVE ( 'NONE', #512, #1464, #4907, .T. ) ;
#6551 = FACE_OUTER_BOUND ( 'NONE', #1981, .T. ) ;
#6552 = DIRECTION ( 'NONE',  ( -0.000000000000000000, 1.000000000000000000, -0.000000000000000000 ) ) ;
#6553 = CARTESIAN_POINT ( 'NONE',  ( -34.50255571982732761, 5.000000000000000000, -23.24999999999998934 ) ) ;
#6554 = FACE_OUTER_BOUND ( 'NONE', #6459, .T. ) ;
#6555 = DIRECTION ( 'NONE',  ( 0.000000000000000000, 1.000000000000000000, 0.000000000000000000 ) ) ;
#6556 = CARTESIAN_POINT ( 'NONE',  ( -28.00255571982732050, 5.000000000000000000, 23.24999999999998579 ) ) ;
#6557 = ORIENTED_EDGE ( 'NONE', *, *, #4768, .F. ) ;
#6558 = DIRECTION ( 'NONE',  ( 1.000000000000000000, -0.000000000000000000, -1.387778780781445922E-16 ) ) ;
#6559 = EDGE_CURVE ( 'NONE', #6659, #1496, #1893, .T. ) ;
#6560 = EDGE_CURVE ( 'NONE', #2740, #4631, #1960, .T. ) ;
#6561 = CARTESIAN_POINT ( 'NONE',  ( -74.00255571982731340, 5.000000000000000000, -18.75000000000000355 ) ) ;
#6562 = CARTESIAN_POINT ( 'NONE',  ( -73.00255571982731340, 0.000000000000000000, 11.99999999999999467 ) ) ;
#6563 = ORIENTED_EDGE ( 'NONE', *, *, #4964, .F. ) ;
#6564 = VERTEX_POINT ( 'NONE', #4998 ) ;
#6565 = ORIENTED_EDGE ( 'NONE', *, *, #5710, .T. ) ;
#6566 = DIRECTION ( 'NONE',  ( 8.659560562355133771E-17, -0.7071067811865311414, 0.7071067811865638930 ) ) ;
#6567 = VERTEX_POINT ( 'NONE', #1862 ) ;
#6568 = EDGE_LOOP ( 'NONE', ( #3380, #4607 ) ) ;
#6569 = LINE ( 'NONE', #1403, #3983 ) ;
#6570 = DIRECTION ( 'NONE',  ( 0.000000000000000000, 0.000000000000000000, -1.000000000000000000 ) ) ;
#6571 = VERTEX_POINT ( 'NONE', #3376 ) ;
#6572 = EDGE_CURVE ( 'NONE', #1949, #6657, #3514, .T. ) ;
#6573 = FACE_OUTER_BOUND ( 'NONE', #233, .T. ) ;
#6574 = FACE_OUTER_BOUND ( 'NONE', #1256, .T. ) ;
#6575 = CARTESIAN_POINT ( 'NONE',  ( 27.99744428017270081, -7.000000000000000000, 47.00000000000001421 ) ) ;
#6576 = LINE ( 'NONE', #2424, #3579 ) ;
#6577 = ORIENTED_EDGE ( 'NONE', *, *, #5497, .T. ) ;
#6578 = EDGE_CURVE ( 'NONE', #402, #6416, #4148, .T. ) ;
#6579 = ADVANCED_FACE ( 'NONE', ( #2405, #394 ), #5032, .T. ) ;
#6580 = CARTESIAN_POINT ( 'NONE',  ( -73.00255571982731340, 0.000000000000000000, -10.00000000000000178 ) ) ;
#6581 = CARTESIAN_POINT ( 'NONE',  ( -68.50255571982732761, 10.00000000000000000, 25.00000000000000000 ) ) ;
#6582 = DIRECTION ( 'NONE',  ( 8.659560562354752899E-17, -0.7071067811865622277, 0.7071067811865328068 ) ) ;
#6583 = DIRECTION ( 'NONE',  ( -0.000000000000000000, 1.000000000000000000, -0.000000000000000000 ) ) ;
#6584 = CARTESIAN_POINT ( 'NONE',  ( 86.99744428017270081, -7.000000000000000000, 35.00000000000001421 ) ) ;
#6585 = EDGE_LOOP ( 'NONE', ( #1253, #3036, #6681, #1776 ) ) ;
#6586 = DIRECTION ( 'NONE',  ( -0.000000000000000000, 1.000000000000000000, -0.000000000000000000 ) ) ;
#6587 = FACE_OUTER_BOUND ( 'NONE', #4115, .T. ) ;
#6588 = VECTOR ( 'NONE', #2214, 1000.000000000000000 ) ;
#6589 = AXIS2_PLACEMENT_3D ( 'NONE', #172, #4363, #3348 ) ;
#6590 = EDGE_CURVE ( 'NONE', #5334, #5340, #4364, .T. ) ;
#6591 = DIRECTION ( 'NONE',  ( -0.3807498052542667155, 0.000000000000000000, -0.9246780984747275944 ) ) ;
#6592 = DIRECTION ( 'NONE',  ( 0.000000000000000000, 0.000000000000000000, 1.000000000000000000 ) ) ;
#6593 = EDGE_LOOP ( 'NONE', ( #3591, #4183, #5508, #6399 ) ) ;
#6594 = VECTOR ( 'NONE', #3550, 1000.000000000000000 ) ;
#6595 = CIRCLE ( 'NONE', #731, 1.500000000000001332 ) ;
#6596 = ORIENTED_EDGE ( 'NONE', *, *, #1644, .T. ) ;
#6597 = CIRCLE ( 'NONE', #515, 1.000000000000000888 ) ;
#6598 = CIRCLE ( 'NONE', #404, 2.249999999999998668 ) ;
#6599 = DIRECTION ( 'NONE',  ( -0.000000000000000000, 1.000000000000000000, -0.000000000000000000 ) ) ;
#6600 = ORIENTED_EDGE ( 'NONE', *, *, #3117, .F. ) ;
#6601 = DIRECTION ( 'NONE',  ( 0.000000000000000000, 0.000000000000000000, 1.000000000000000000 ) ) ;
#6602 = LINE ( 'NONE', #6466, #4991 ) ;
#6603 = ORIENTED_EDGE ( 'NONE', *, *, #5058, .T. ) ;
#6604 = AXIS2_PLACEMENT_3D ( 'NONE', #6099, #826, #6541 ) ;
#6605 = ORIENTED_EDGE ( 'NONE', *, *, #1126, .T. ) ;
#6606 = FACE_BOUND ( 'NONE', #855, .T. ) ;
#6607 = ORIENTED_EDGE ( 'NONE', *, *, #347, .T. ) ;
#6608 = CARTESIAN_POINT ( 'NONE',  ( 36.99744428017270081, -3.000000000000000000, 35.00000000000001421 ) ) ;
#6609 = CARTESIAN_POINT ( 'NONE',  ( 34.99744428017269371, 10.00000000000000000, 72.00000000000001421 ) ) ;
#6610 = CARTESIAN_POINT ( 'NONE',  ( 1.797444280172685982, 7.000000000000000000, -42.24999999999999289 ) ) ;
#6611 = ORIENTED_EDGE ( 'NONE', *, *, #1541, .T. ) ;
#6612 = DIRECTION ( 'NONE',  ( 0.000000000000000000, -0.7071067811865312525, -0.7071067811865637820 ) ) ;
#6613 = CARTESIAN_POINT ( 'NONE',  ( 79.99744428017268660, 7.000000000000000000, -70.50000000000000000 ) ) ;
#6614 = CARTESIAN_POINT ( 'NONE',  ( -50.50255571982733471, 2.000000000000000000, 27.99999999999999289 ) ) ;
#6615 = DIRECTION ( 'NONE',  ( 0.000000000000000000, 0.000000000000000000, -1.000000000000000000 ) ) ;
#6616 = AXIS2_PLACEMENT_3D ( 'NONE', #1887, #5027, #3434 ) ;
#6617 = CYLINDRICAL_SURFACE ( 'NONE', #5846, 2.000000000000005329 ) ;
#6618 = ORIENTED_EDGE ( 'NONE', *, *, #3366, .F. ) ;
#6619 = DIRECTION ( 'NONE',  ( 0.000000000000000000, 1.000000000000000000, 0.000000000000000000 ) ) ;
#6620 = EDGE_CURVE ( 'NONE', #5373, #512, #4452, .T. ) ;
#6621 = EDGE_CURVE ( 'NONE', #4657, #1913, #2837, .T. ) ;
#6622 = DIRECTION ( 'NONE',  ( -0.000000000000000000, -1.000000000000000000, -0.000000000000000000 ) ) ;
#6623 = DIRECTION ( 'NONE',  ( 0.000000000000000000, 1.000000000000000000, 0.000000000000000000 ) ) ;
#6624 = CARTESIAN_POINT ( 'NONE',  ( 1.797444280172685982, 7.000000000000000000, -33.49999999999999289 ) ) ;
#6625 = ORIENTED_EDGE ( 'NONE', *, *, #6465, .T. ) ;
#6626 = CARTESIAN_POINT ( 'NONE',  ( 1.797444280172686204, 7.000000000000000000, 42.24999999999999289 ) ) ;
#6627 = VERTEX_POINT ( 'NONE', #4492 ) ;
#6628 = VECTOR ( 'NONE', #5714, 1000.000000000000000 ) ;
#6629 = ORIENTED_EDGE ( 'NONE', *, *, #5795, .T. ) ;
#6630 = ADVANCED_FACE ( 'NONE', ( #364 ), #1826, .F. ) ;
#6631 = AXIS2_PLACEMENT_3D ( 'NONE', #6375, #3195, #595 ) ;
#6632 = DIRECTION ( 'NONE',  ( 0.000000000000000000, -1.000000000000000000, 0.000000000000000000 ) ) ;
#6633 = LINE ( 'NONE', #1975, #6594 ) ;
#6634 = CARTESIAN_POINT ( 'NONE',  ( -28.00255571982732050, 5.000000000000000000, 23.24999999999998579 ) ) ;
#6635 = VECTOR ( 'NONE', #6558, 1000.000000000000000 ) ;
#6636 = AXIS2_PLACEMENT_3D ( 'NONE', #673, #740, #3770 ) ;
#6637 = ADVANCED_FACE ( 'NONE', ( #6081 ), #4930, .F. ) ;
#6638 = VERTEX_POINT ( 'NONE', #2881 ) ;
#6639 = EDGE_CURVE ( 'NONE', #3129, #5300, #4956, .T. ) ;
#6640 = VECTOR ( 'NONE', #732, 1000.000000000000000 ) ;
#6641 = ORIENTED_EDGE ( 'NONE', *, *, #1621, .T. ) ;
#6642 = VERTEX_POINT ( 'NONE', #4412 ) ;
#6643 = DIRECTION ( 'NONE',  ( 0.000000000000000000, 0.000000000000000000, 1.000000000000000000 ) ) ;
#6644 = CARTESIAN_POINT ( 'NONE',  ( -28.00255571982732050, 5.000000000000000000, 23.24999999999998579 ) ) ;
#6645 = EDGE_CURVE ( 'NONE', #6448, #5443, #4584, .T. ) ;
#6646 = DIRECTION ( 'NONE',  ( 0.000000000000000000, 1.000000000000000000, 0.000000000000000000 ) ) ;
#6647 = ORIENTED_EDGE ( 'NONE', *, *, #1512, .T. ) ;
#6648 = FACE_OUTER_BOUND ( 'NONE', #5268, .T. ) ;
#6649 = EDGE_CURVE ( 'NONE', #5468, #1342, #2080, .T. ) ;
#6650 = DIRECTION ( 'NONE',  ( 0.000000000000000000, 1.000000000000000000, -0.000000000000000000 ) ) ;
#6651 = CARTESIAN_POINT ( 'NONE',  ( 86.99744428017268660, 10.00000000000000000, -75.00000000000000000 ) ) ;
#6652 = FACE_OUTER_BOUND ( 'NONE', #2900, .T. ) ;
#6653 = LINE ( 'NONE', #4451, #4434 ) ;
#6654 = VERTEX_POINT ( 'NONE', #6520 ) ;
#6655 = DIRECTION ( 'NONE',  ( -1.000000000000000000, 0.000000000000000000, 2.775557561562891351E-16 ) ) ;
#6656 = DIRECTION ( 'NONE',  ( 0.000000000000000000, 0.000000000000000000, 1.000000000000000000 ) ) ;
#6657 = VERTEX_POINT ( 'NONE', #6020 ) ;
#6658 = DIRECTION ( 'NONE',  ( 0.000000000000000000, -1.000000000000000000, 0.000000000000000000 ) ) ;
#6659 = VERTEX_POINT ( 'NONE', #1361 ) ;
#6660 = LINE ( 'NONE', #1999, #3927 ) ;
#6661 = ORIENTED_EDGE ( 'NONE', *, *, #6337, .T. ) ;
#6662 = EDGE_CURVE ( 'NONE', #2329, #2948, #3439, .T. ) ;
#6663 = DIRECTION ( 'NONE',  ( -1.000000000000000000, -0.000000000000000000, 2.775557561562891351E-16 ) ) ;
#6664 = ADVANCED_FACE ( 'NONE', ( #4144 ), #1588, .F. ) ;
#6665 = EDGE_LOOP ( 'NONE', ( #2637, #4880, #6292, #4609 ) ) ;
#6666 = CARTESIAN_POINT ( 'NONE',  ( -28.00255571982732050, 5.000000000000000000, 18.74999999999998934 ) ) ;
#6667 = FACE_OUTER_BOUND ( 'NONE', #4421, .T. ) ;
#6668 = ORIENTED_EDGE ( 'NONE', *, *, #3964, .T. ) ;
#6669 = EDGE_LOOP ( 'NONE', ( #363, #3975 ) ) ;
#6670 = EDGE_CURVE ( 'NONE', #545, #5290, #31, .T. ) ;
#6671 = ORIENTED_EDGE ( 'NONE', *, *, #238, .F. ) ;
#6672 = LINE ( 'NONE', #514, #2238 ) ;
#6673 = FACE_BOUND ( 'NONE', #39, .T. ) ;
#6674 = LINE ( 'NONE', #19, #3254 ) ;
#6675 = ORIENTED_EDGE ( 'NONE', *, *, #5140, .F. ) ;
#6676 = DIRECTION ( 'NONE',  ( 0.000000000000000000, 1.000000000000000000, 0.000000000000000000 ) ) ;
#6677 = CARTESIAN_POINT ( 'NONE',  ( -48.50255571982733471, 10.00000000000000000, -25.99999999999999645 ) ) ;
#6678 = CARTESIAN_POINT ( 'NONE',  ( -49.33098284457353344, 0.8284271247461908461, -27.99999999999999289 ) ) ;
#6679 = DIRECTION ( 'NONE',  ( 0.000000000000000000, 0.000000000000000000, 1.000000000000000000 ) ) ;
#6680 = DIRECTION ( 'NONE',  ( -1.000000000000000000, -0.000000000000000000, 2.775557561562891351E-16 ) ) ;
#6681 = ORIENTED_EDGE ( 'NONE', *, *, #4726, .F. ) ;
#6682 = CARTESIAN_POINT ( 'NONE',  ( 34.99744428017269371, 0.4999999999999466538, -72.00000000000001421 ) ) ;
#6683 = DIRECTION ( 'NONE',  ( 1.000000000000000000, 0.000000000000000000, 0.000000000000000000 ) ) ;
#6684 = EDGE_LOOP ( 'NONE', ( #2411, #2578, #6468, #4955 ) ) ;
#6685 = ORIENTED_EDGE ( 'NONE', *, *, #3841, .T. ) ;
#6686 = AXIS2_PLACEMENT_3D ( 'NONE', #5603, #952, #6270 ) ;
#6687 = CARTESIAN_POINT ( 'NONE',  ( -29.50255571982732761, 1.600000000000002975, 19.03700908475525821 ) ) ;
#6688 = VECTOR ( 'NONE', #4779, 1000.000000000000000 ) ;
#6689 = ORIENTED_EDGE ( 'NONE', *, *, #3432, .T. ) ;
#6690 = DIRECTION ( 'NONE',  ( 0.000000000000000000, 1.000000000000000000, -0.000000000000000000 ) ) ;
#6691 = LINE ( 'NONE', #6634, #100 ) ;
#6692 = EDGE_CURVE ( 'NONE', #3287, #1571, #3070, .T. ) ;
#6693 = ORIENTED_EDGE ( 'NONE', *, *, #2210, .T. ) ;
#6694 = AXIS2_PLACEMENT_3D ( 'NONE', #1230, #5465, #1295 ) ;
#6695 = EDGE_CURVE ( 'NONE', #5009, #3849, #1116, .T. ) ;
#6696 = VECTOR ( 'NONE', #6036, 1000.000000000000000 ) ;
#6697 = CARTESIAN_POINT ( 'NONE',  ( 24.99744428017270081, 0.000000000000000000, 32.00000000000001421 ) ) ;
#6698 = ORIENTED_EDGE ( 'NONE', *, *, #40, .T. ) ;
#6699 = ORIENTED_EDGE ( 'NONE', *, *, #5171, .F. ) ;
#6700 = DIRECTION ( 'NONE',  ( 0.000000000000000000, -0.000000000000000000, -1.000000000000000000 ) ) ;
#6701 = AXIS2_PLACEMENT_3D ( 'NONE', #5320, #5934, #1286 ) ;
#6702 = CARTESIAN_POINT ( 'NONE',  ( -34.50255571982732761, 5.000000000000000000, -20.99999999999998934 ) ) ;
#6703 = CYLINDRICAL_SURFACE ( 'NONE', #4872, 2.000000000000001776 ) ;
#6704 = ORIENTED_EDGE ( 'NONE', *, *, #2700, .F. ) ;
#6705 = EDGE_CURVE ( 'NONE', #1217, #1593, #4808, .T. ) ;
#6706 = AXIS2_PLACEMENT_3D ( 'NONE', #2451, #6011, #4948 ) ;
#6707 = CARTESIAN_POINT ( 'NONE',  ( -58.50255571982733471, 10.00000000000000000, 14.50000000000000178 ) ) ;
#6708 = DIRECTION ( 'NONE',  ( -1.000000000000000000, 0.000000000000000000, 0.000000000000000000 ) ) ;
#6709 = DIRECTION ( 'NONE',  ( -0.000000000000000000, -1.000000000000000000, -0.000000000000000000 ) ) ;
#6710 = LINE ( 'NONE', #4141, #332 ) ;
#6711 = DIRECTION ( 'NONE',  ( -1.000000000000000000, 0.000000000000000000, 0.000000000000000000 ) ) ;
#6712 = FACE_BOUND ( 'NONE', #741, .T. ) ;
#6713 = ORIENTED_EDGE ( 'NONE', *, *, #1246, .T. ) ;
#6714 = DIRECTION ( 'NONE',  ( 0.000000000000000000, 0.000000000000000000, 1.000000000000000000 ) ) ;
#6715 = CIRCLE ( 'NONE', #5962, 3.500000000000006661 ) ;
#6716 = AXIS2_PLACEMENT_3D ( 'NONE', #331, #4456, #6022 ) ;
#6717 = CARTESIAN_POINT ( 'NONE',  ( 121.9974442801726866, -40.00000000000000000, 20.00000000000000000 ) ) ;
#6718 = CARTESIAN_POINT ( 'NONE',  ( -48.50255571982733471, 10.00000000000000000, 27.17157287525380838 ) ) ;
#6719 = VERTEX_POINT ( 'NONE', #3022 ) ;
#6720 = LINE ( 'NONE', #5159, #1757 ) ;
ENDSEC;
END-ISO-10303-21;
