ISO-10303-21;
HEADER;
FILE_DESCRIPTION (( 'STEP AP214' ),
    '1' );
FILE_NAME ('Frame-Strengthener.STEP',
    '2026-05-08T01:11:47',
    ( '' ),
    ( '' ),
    'SwSTEP 2.0',
    'SolidWorks 2026',
    '' );
FILE_SCHEMA (( 'AUTOMOTIVE_DESIGN' ));
ENDSEC;

DATA;
#1 = VECTOR ( 'NONE', #775, 1000.000000000000000 ) ;
#2 = LINE ( 'NONE', #156, #1834 ) ;
#3 = VECTOR ( 'NONE', #1724, 1000.000000000000114 ) ;
#4 = CIRCLE ( 'NONE', #1187, 1.499999999999997780 ) ;
#5 = FACE_OUTER_BOUND ( 'NONE', #250, .T. ) ;
#6 = VERTEX_POINT ( 'NONE', #389 ) ;
#7 = VECTOR ( 'NONE', #1611, 1000.000000000000000 ) ;
#8 = DIRECTION ( 'NONE',  ( -0.7071067811865328068, -0.7071067811865622277, -6.542051911182260244E-16 ) ) ;
#9 = CARTESIAN_POINT ( 'NONE',  ( 112.7458684417885451, 10.00000000000000000, -13.99999999999995026 ) ) ;
#10 = ORIENTED_EDGE ( 'NONE', *, *, #285, .F. ) ;
#11 = B_SPLINE_CURVE_WITH_KNOTS ( 'NONE', 3,
 ( #449, #314, #1106, #2093 ),
 .UNSPECIFIED., .F., .F.,
 ( 4, 4 ),
 ( 0.000000000000000000, 0.001706370815459444350 ),
 .UNSPECIFIED. ) ;
#12 = LINE ( 'NONE', #165, #1120 ) ;
#13 = DIRECTION ( 'NONE',  ( 0.000000000000000000, -1.000000000000000000, 0.000000000000000000 ) ) ;
#14 = VERTEX_POINT ( 'NONE', #2020 ) ;
#15 = ADVANCED_FACE ( 'NONE', ( #565 ), #1847, .T. ) ;
#16 = DIRECTION ( 'NONE',  ( 0.7071067811865511255, 0.000000000000000000, -0.7071067811865440200 ) ) ;
#17 = VECTOR ( 'NONE', #401, 1000.000000000000000 ) ;
#18 = DIRECTION ( 'NONE',  ( -0.000000000000000000, 1.000000000000000000, -0.000000000000000000 ) ) ;
#19 = AXIS2_PLACEMENT_3D ( 'NONE', #1906, #1113, #1598 ) ;
#20 = CARTESIAN_POINT ( 'NONE',  ( -132.0000000000000284, 0.9999999999999731326, 12.00000000000004441 ) ) ;
#21 = FACE_BOUND ( 'NONE', #1494, .T. ) ;
#22 = ORIENTED_EDGE ( 'NONE', *, *, #556, .F. ) ;
#23 = ADVANCED_BREP_SHAPE_REPRESENTATION ( 'Frame-Strengthener', ( #590, #671 ), #1956 ) ;
#24 = EDGE_CURVE ( 'NONE', #1677, #1793, #1858, .T. ) ;
#25 = LINE ( 'NONE', #676, #722 ) ;
#26 = ORIENTED_EDGE ( 'NONE', *, *, #670, .F. ) ;
#27 = CARTESIAN_POINT ( 'NONE',  ( -132.0000000000000000, 0.9999999999999731326, -14.99999999999995204 ) ) ;
#28 = LINE ( 'NONE', #192, #1593 ) ;
#29 = DIRECTION ( 'NONE',  ( 0.000000000000000000, 0.000000000000000000, -1.000000000000000000 ) ) ;
#30 = FACE_OUTER_BOUND ( 'NONE', #1256, .T. ) ;
#31 = ORIENTED_EDGE ( 'NONE', *, *, #1064, .T. ) ;
#32 = CIRCLE ( 'NONE', #1217, 1.499999999999997780 ) ;
#33 = EDGE_CURVE ( 'NONE', #312, #1745, #742, .T. ) ;
#34 = VECTOR ( 'NONE', #1254, 1000.000000000000000 ) ;
#35 = CARTESIAN_POINT ( 'NONE',  ( -127.0000000000000000, 0.000000000000000000, -8.402453777899069109 ) ) ;
#36 = ORIENTED_EDGE ( 'NONE', *, *, #1079, .T. ) ;
#37 = VECTOR ( 'NONE', #1368, 1000.000000000000000 ) ;
#38 = CARTESIAN_POINT ( 'NONE',  ( 112.0000000000000000, 9.000000000000026645, -14.99999999999995026 ) ) ;
#39 = CONICAL_SURFACE ( 'NONE', #1836, 2.000000000000029310, 0.7853981633974331800 ) ;
#40 = CIRCLE ( 'NONE', #1225, 10.99999999999994493 ) ;
#41 = DIRECTION ( 'NONE',  ( 0.000000000000000000, 0.000000000000000000, 1.000000000000000000 ) ) ;
#42 = ADVANCED_FACE ( 'NONE', ( #1727 ), #39, .T. ) ;
#43 = LINE ( 'NONE', #1663, #1679 ) ;
#44 = FACE_OUTER_BOUND ( 'NONE', #1665, .T. ) ;
#45 = EDGE_LOOP ( 'NONE', ( #662, #81, #203, #370 ) ) ;
#46 = CARTESIAN_POINT ( 'NONE',  ( -117.0000000000000000, 10.00000000000000000, -9.902453777899063780 ) ) ;
#47 = ORIENTED_EDGE ( 'NONE', *, *, #1743, .F. ) ;
#48 = CARTESIAN_POINT ( 'NONE',  ( 117.0000000000000000, 0.000000000000000000, 10.09754622210093444 ) ) ;
#49 = ORIENTED_EDGE ( 'NONE', *, *, #2044, .T. ) ;
#50 = CYLINDRICAL_SURFACE ( 'NONE', #167, 2.999999999999999112 ) ;
#51 = DIRECTION ( 'NONE',  ( -0.000000000000000000, -1.000000000000000000, -0.000000000000000000 ) ) ;
#52 = CARTESIAN_POINT ( 'NONE',  ( 132.0000000000000000, 1.000000000000000888, 12.00000000000004619 ) ) ;
#53 = DIRECTION ( 'NONE',  ( 1.000000000000000000, 0.000000000000000000, -1.239088197126290817E-16 ) ) ;
#54 = EDGE_LOOP ( 'NONE', ( #66, #804, #787, #1706 ) ) ;
#55 = CIRCLE ( 'NONE', #1474, 2.999999999999999112 ) ;
#56 = CYLINDRICAL_SURFACE ( 'NONE', #982, 1.499999999999997780 ) ;
#57 = EDGE_LOOP ( 'NONE', ( #1463, #1715, #397, #976 ) ) ;
#58 = DIRECTION ( 'NONE',  ( 0.000000000000000000, 1.000000000000000000, -0.000000000000000000 ) ) ;
#59 = ORIENTED_EDGE ( 'NONE', *, *, #992, .T. ) ;
#60 = EDGE_LOOP ( 'NONE', ( #1896, #706, #496, #524 ) ) ;
#61 = LINE ( 'NONE', #579, #448 ) ;
#62 = DIRECTION ( 'NONE',  ( 0.000000000000000000, 0.000000000000000000, -1.000000000000000000 ) ) ;
#63 = CARTESIAN_POINT ( 'NONE',  ( 112.0000000000000000, 1.000000000000000888, -14.99999999999995026 ) ) ;
#64 = VERTEX_POINT ( 'NONE', #1048 ) ;
#65 = CYLINDRICAL_SURFACE ( 'NONE', #788, 2.999999999999999112 ) ;
#66 = ORIENTED_EDGE ( 'NONE', *, *, #1807, .F. ) ;
#67 = CARTESIAN_POINT ( 'NONE',  ( 129.0000000000000000, 0.000000000000000000, 14.00000000000007461 ) ) ;
#68 = CARTESIAN_POINT ( 'NONE',  ( 127.0000000000000000, 0.000000000000000000, 8.597546222100936220 ) ) ;
#69 = VERTEX_POINT ( 'NONE', #913 ) ;
#70 = AXIS2_PLACEMENT_3D ( 'NONE', #1812, #18, #1328 ) ;
#71 = DIRECTION ( 'NONE',  ( 0.000000000000000000, 0.7071067811865374697, -0.7071067811865576758 ) ) ;
#72 = VECTOR ( 'NONE', #1029, 1000.000000000000000 ) ;
#73 = AXIS2_PLACEMENT_3D ( 'NONE', #353, #1293, #526 ) ;
#74 = DIRECTION ( 'NONE',  ( 0.000000000000000000, 0.000000000000000000, -1.000000000000000000 ) ) ;
#75 = CARTESIAN_POINT ( 'NONE',  ( -2.428612866367517310E-15, 10.00000000000000000, -13.99999999999993072 ) ) ;
#76 = EDGE_LOOP ( 'NONE', ( #281, #623, #316, #1213 ) ) ;
#77 = DIRECTION ( 'NONE',  ( 0.000000000000000000, 0.000000000000000000, 1.000000000000000000 ) ) ;
#78 = ORIENTED_EDGE ( 'NONE', *, *, #309, .F. ) ;
#79 = CARTESIAN_POINT ( 'NONE',  ( -132.0000000000000284, 9.000000000000000000, 12.00000000000004441 ) ) ;
#80 = VERTEX_POINT ( 'NONE', #1881 ) ;
#81 = ORIENTED_EDGE ( 'NONE', *, *, #1531, .T. ) ;
#82 = EDGE_CURVE ( 'NONE', #1829, #1965, #240, .T. ) ;
#83 = PLANE ( 'NONE',  #517 ) ;
#84 = CARTESIAN_POINT ( 'NONE',  ( 129.0000000000000000, 10.00000000000000000, -11.99999999999995559 ) ) ;
#85 = DIRECTION ( 'NONE',  ( 0.000000000000000000, 1.000000000000000000, 0.000000000000000000 ) ) ;
#86 = ORIENTED_EDGE ( 'NONE', *, *, #1975, .F. ) ;
#87 = CIRCLE ( 'NONE', #737, 2.999999999999999112 ) ;
#88 = FACE_OUTER_BOUND ( 'NONE', #491, .T. ) ;
#89 = EDGE_CURVE ( 'NONE', #1506, #972, #1717, .T. ) ;
#90 = CARTESIAN_POINT ( 'NONE',  ( 102.3175416344814721, 10.00000000000000000, -17.49999999999995381 ) ) ;
#91 = DIRECTION ( 'NONE',  ( 0.7071067811865378028, 0.7071067811865573427, 0.000000000000000000 ) ) ;
#92 = ORIENTED_EDGE ( 'NONE', *, *, #1762, .F. ) ;
#93 = FACE_OUTER_BOUND ( 'NONE', #57, .T. ) ;
#94 = DIRECTION ( 'NONE',  ( 1.000000000000000000, 0.000000000000000000, -1.734723475976806848E-16 ) ) ;
#95 = ORIENTED_EDGE ( 'NONE', *, *, #642, .T. ) ;
#96 = EDGE_CURVE ( 'NONE', #598, #893, #101, .T. ) ;
#97 = CARTESIAN_POINT ( 'NONE',  ( -131.0000000000000568, 10.00000000000000000, 12.00000000000004619 ) ) ;
#98 = ORIENTED_EDGE ( 'NONE', *, *, #1150, .F. ) ;
#99 = ADVANCED_FACE ( 'NONE', ( #1238 ), #473, .F. ) ;
#100 = FACE_BOUND ( 'NONE', #1044, .T. ) ;
#101 = LINE ( 'NONE', #2055, #2083 ) ;
#102 = EDGE_LOOP ( 'NONE', ( #582, #1561, #1028 ) ) ;
#103 = EDGE_CURVE ( 'NONE', #402, #1326, #1733, .T. ) ;
#104 = LINE ( 'NONE', #1511, #1626 ) ;
#105 = AXIS2_PLACEMENT_3D ( 'NONE', #782, #1591, #265 ) ;
#106 = CIRCLE ( 'NONE', #1353, 1.499999999999997780 ) ;
#107 = CARTESIAN_POINT ( 'NONE',  ( 102.3175416344814579, 9.000000000000055067, 7.500000000000018652 ) ) ;
#108 = EDGE_CURVE ( 'NONE', #1601, #807, #550, .T. ) ;
#109 = ORIENTED_EDGE ( 'NONE', *, *, #525, .F. ) ;
#110 = VERTEX_POINT ( 'NONE', #131 ) ;
#111 = DIRECTION ( 'NONE',  ( 0.000000000000000000, -0.000000000000000000, -1.000000000000000000 ) ) ;
#112 = LINE ( 'NONE', #2096, #1528 ) ;
#113 = ORIENTED_EDGE ( 'NONE', *, *, #659, .F. ) ;
#114 = CARTESIAN_POINT ( 'NONE',  ( 129.0000000000000000, 10.00000000000000000, 12.00000000000004619 ) ) ;
#115 = ADVANCED_FACE ( 'NONE', ( #945 ), #1428, .F. ) ;
#116 = CYLINDRICAL_SURFACE ( 'NONE', #430, 10.00000000000000178 ) ;
#117 = ORIENTED_EDGE ( 'NONE', *, *, #125, .F. ) ;
#118 = DIRECTION ( 'NONE',  ( 0.000000000000000000, 1.000000000000000000, 0.000000000000000000 ) ) ;
#119 = EDGE_LOOP ( 'NONE', ( #1166, #825, #1651, #1760 ) ) ;
#120 = AXIS2_PLACEMENT_3D ( 'NONE', #866, #58, #1657 ) ;
#121 = CARTESIAN_POINT ( 'NONE',  ( -127.0000000000000000, 0.000000000000000000, 11.59754622210093089 ) ) ;
#122 = AXIS2_PLACEMENT_3D ( 'NONE', #84, #907, #242 ) ;
#123 = DIRECTION ( 'NONE',  ( 0.000000000000000000, 1.000000000000000000, 0.000000000000000000 ) ) ;
#124 = ORIENTED_EDGE ( 'NONE', *, *, #1067, .F. ) ;
#125 = EDGE_CURVE ( 'NONE', #545, #1115, #112, .T. ) ;
#126 = DIRECTION ( 'NONE',  ( 0.000000000000000000, -0.7071067811865573427, -0.7071067811865378028 ) ) ;
#127 = CARTESIAN_POINT ( 'NONE',  ( -1.214306433183761613E-15, -0.000000000000000000, -13.99999999999996447 ) ) ;
#128 = EDGE_LOOP ( 'NONE', ( #1789, #1299, #1757, #1947 ) ) ;
#129 = PLANE ( 'NONE',  #1487 ) ;
#130 = FACE_OUTER_BOUND ( 'NONE', #1100, .T. ) ;
#131 = CARTESIAN_POINT ( 'NONE',  ( -102.3175416344814721, 0.000000000000000000, -6.499999999999926281 ) ) ;
#132 = ORIENTED_EDGE ( 'NONE', *, *, #2080, .T. ) ;
#133 = EDGE_CURVE ( 'NONE', #1046, #1949, #341, .T. ) ;
#134 = FACE_OUTER_BOUND ( 'NONE', #45, .T. ) ;
#135 = AXIS2_PLACEMENT_3D ( 'NONE', #1419, #2079, #1431 ) ;
#136 = FACE_OUTER_BOUND ( 'NONE', #1277, .T. ) ;
#137 = AXIS2_PLACEMENT_3D ( 'NONE', #1456, #536, #188 ) ;
#138 = CARTESIAN_POINT ( 'NONE',  ( 102.3175416344814721, 0.000000000000000000, -17.49999999999995381 ) ) ;
#139 = VERTEX_POINT ( 'NONE', #777 ) ;
#140 = DIRECTION ( 'NONE',  ( 0.000000000000000000, 0.000000000000000000, -1.000000000000000000 ) ) ;
#141 = DIRECTION ( 'NONE',  ( 6.133173666733412736E-17, 0.7071067811865571207, 0.7071067811865380248 ) ) ;
#142 = ORIENTED_EDGE ( 'NONE', *, *, #89, .T. ) ;
#143 = DIRECTION ( 'NONE',  ( 0.000000000000000000, 0.000000000000000000, -1.000000000000000000 ) ) ;
#144 = EDGE_CURVE ( 'NONE', #1132, #2042, #638, .T. ) ;
#145 = CARTESIAN_POINT ( 'NONE',  ( -117.0000000000000000, 0.000000000000000000, 8.597546222100936220 ) ) ;
#146 = CARTESIAN_POINT ( 'NONE',  ( -117.0000000000000000, 0.000000000000000000, 11.59754622210093089 ) ) ;
#147 = EDGE_LOOP ( 'NONE', ( #2068, #1347, #709 ) ) ;
#148 = EDGE_CURVE ( 'NONE', #545, #354, #1224, .T. ) ;
#149 = CARTESIAN_POINT ( 'NONE',  ( -1.214306433183761613E-15, 0.000000000000000000, -13.99999999999996447 ) ) ;
#150 = ORIENTED_EDGE ( 'NONE', *, *, #1236, .F. ) ;
#151 = EDGE_CURVE ( 'NONE', #1089, #1503, #1702, .T. ) ;
#152 = DIRECTION ( 'NONE',  ( 9.251858538542971828E-16, 0.000000000000000000, -1.000000000000000000 ) ) ;
#153 = AXIS2_PLACEMENT_3D ( 'NONE', #395, #1560, #580 ) ;
#154 = DIRECTION ( 'NONE',  ( 0.4157144836881080940, 0.6431102036400733191, 0.6431102036400551114 ) ) ;
#155 = EDGE_LOOP ( 'NONE', ( #595, #1081, #187, #819 ) ) ;
#156 = CARTESIAN_POINT ( 'NONE',  ( -102.3175416344814721, 0.000000000000000000, 7.500000000000043521 ) ) ;
#157 = DIRECTION ( 'NONE',  ( 0.000000000000000000, 0.000000000000000000, -1.000000000000000000 ) ) ;
#158 = ORIENTED_EDGE ( 'NONE', *, *, #833, .F. ) ;
#159 = CYLINDRICAL_SURFACE ( 'NONE', #1090, 1.499999999999997780 ) ;
#160 = EDGE_CURVE ( 'NONE', #1923, #69, #1023, .T. ) ;
#161 = DIRECTION ( 'NONE',  ( 0.000000000000000000, 0.000000000000000000, -1.000000000000000000 ) ) ;
#162 = CARTESIAN_POINT ( 'NONE',  ( 102.3175416344814579, 0.9999999999999731326, 7.500000000000018652 ) ) ;
#163 = ORIENTED_EDGE ( 'NONE', *, *, #2063, .T. ) ;
#164 = UNCERTAINTY_MEASURE_WITH_UNIT (LENGTH_MEASURE( 1.000000000000000082E-05 ), #633, 'distance_accuracy_value', 'NONE');
#165 = CARTESIAN_POINT ( 'NONE',  ( 102.3175416344814579, 10.00000000000000000, 6.500000000000045297 ) ) ;
#166 = EDGE_CURVE ( 'NONE', #326, #1417, #1739, .T. ) ;
#167 = AXIS2_PLACEMENT_3D ( 'NONE', #689, #660, #1462 ) ;
#168 = DIRECTION ( 'NONE',  ( 0.000000000000000000, 1.000000000000000000, 0.000000000000000000 ) ) ;
#169 = ORIENTED_EDGE ( 'NONE', *, *, #593, .T. ) ;
#170 = CIRCLE ( 'NONE', #1358, 2.000000000000029310 ) ;
#171 = CARTESIAN_POINT ( 'NONE',  ( -112.7636838733296401, 0.07010318461238881915, 14.07010318461243692 ) ) ;
#172 = DIRECTION ( 'NONE',  ( 0.000000000000000000, 1.000000000000000000, 0.000000000000000000 ) ) ;
#173 = EDGE_CURVE ( 'NONE', #952, #6, #447, .T. ) ;
#174 = DIRECTION ( 'NONE',  ( 0.000000000000000000, 0.000000000000000000, -1.000000000000000000 ) ) ;
#175 = CARTESIAN_POINT ( 'NONE',  ( 102.3175416344814721, 10.00000000000000000, -17.49999999999995381 ) ) ;
#176 = ORIENTED_EDGE ( 'NONE', *, *, #997, .F. ) ;
#177 = CARTESIAN_POINT ( 'NONE',  ( 127.0000000000000000, 0.000000000000000000, 8.597546222100936220 ) ) ;
#178 = EDGE_LOOP ( 'NONE', ( #458, #1933, #651, #840 ) ) ;
#179 = DIRECTION ( 'NONE',  ( 0.000000000000000000, 0.7071067811865573427, -0.7071067811865378028 ) ) ;
#180 = EDGE_CURVE ( 'NONE', #770, #1928, #374, .T. ) ;
#181 = DIRECTION ( 'NONE',  ( 0.000000000000000000, 0.000000000000000000, 1.000000000000000000 ) ) ;
#182 = LINE ( 'NONE', #501, #1642 ) ;
#183 = VECTOR ( 'NONE', #513, 1000.000000000000000 ) ;
#184 = EDGE_CURVE ( 'NONE', #354, #515, #765, .T. ) ;
#185 = CARTESIAN_POINT ( 'NONE',  ( -129.0000000000000000, 10.00000000000000000, -14.99999999999995204 ) ) ;
#186 = DIRECTION ( 'NONE',  ( 0.000000000000000000, -1.000000000000000000, 0.000000000000000000 ) ) ;
#187 = ORIENTED_EDGE ( 'NONE', *, *, #688, .T. ) ;
#188 = DIRECTION ( 'NONE',  ( 0.000000000000000000, 0.000000000000000000, -1.000000000000000000 ) ) ;
#189 = ORIENTED_EDGE ( 'NONE', *, *, #1464, .T. ) ;
#190 = PLANE ( 'NONE',  #1659 ) ;
#191 = ADVANCED_FACE ( 'NONE', ( #1416 ), #1932, .F. ) ;
#192 = CARTESIAN_POINT ( 'NONE',  ( 131.0000000000000284, 0.000000000000000000, 0.000000000000000000 ) ) ;
#193 = DIRECTION ( 'NONE',  ( 0.000000000000000000, 0.000000000000000000, 1.000000000000000000 ) ) ;
#194 = CARTESIAN_POINT ( 'NONE',  ( -102.3175416344814721, 9.000000000000000000, -7.499999999999926281 ) ) ;
#195 = CIRCLE ( 'NONE', #476, 1.499999999999997780 ) ;
#196 = PLANE ( 'NONE',  #2048 ) ;
#197 = EDGE_LOOP ( 'NONE', ( #1537, #969, #222 ) ) ;
#198 = VECTOR ( 'NONE', #2027, 1000.000000000000000 ) ;
#199 = DIRECTION ( 'NONE',  ( 0.000000000000000000, -1.000000000000000000, 0.000000000000000000 ) ) ;
#200 = ORIENTED_EDGE ( 'NONE', *, *, #1067, .T. ) ;
#201 = VECTOR ( 'NONE', #1776, 1000.000000000000000 ) ;
#202 = DIRECTION ( 'NONE',  ( 0.000000000000000000, 0.7071067811865584529, 0.7071067811865364705 ) ) ;
#203 = ORIENTED_EDGE ( 'NONE', *, *, #1570, .F. ) ;
#204 = CYLINDRICAL_SURFACE ( 'NONE', #1696, 1.499999999999997780 ) ;
#205 = DIRECTION ( 'NONE',  ( 0.000000000000000000, 0.000000000000000000, 1.000000000000000000 ) ) ;
#206 = ADVANCED_FACE ( 'NONE', ( #1404 ), #963, .F. ) ;
#207 = CARTESIAN_POINT ( 'NONE',  ( -112.7458684417886303, 10.00000000000000000, -13.99999999999998046 ) ) ;
#208 = CARTESIAN_POINT ( 'NONE',  ( 112.5042564117959358, 0.3359478945786857906, -14.33594789457867869 ) ) ;
#209 = VERTEX_POINT ( 'NONE', #614 ) ;
#210 = DIRECTION ( 'NONE',  ( 0.000000000000000000, 0.000000000000000000, 1.000000000000000000 ) ) ;
#211 = ORIENTED_EDGE ( 'NONE', *, *, #1098, .F. ) ;
#212 = EDGE_CURVE ( 'NONE', #900, #400, #1059, .T. ) ;
#213 = CARTESIAN_POINT ( 'NONE',  ( 129.0000000000000000, 9.000000000000026645, 15.00000000000004441 ) ) ;
#214 = ORIENTED_EDGE ( 'NONE', *, *, #180, .F. ) ;
#215 = CYLINDRICAL_SURFACE ( 'NONE', #1656, 1.499999999999997780 ) ;
#216 = AXIS2_PLACEMENT_3D ( 'NONE', #741, #552, #1047 ) ;
#217 = VECTOR ( 'NONE', #1242, 1000.000000000000000 ) ;
#218 = DIRECTION ( 'NONE',  ( -1.000000000000000000, 0.000000000000000000, 8.673617379884034239E-17 ) ) ;
#219 = DIRECTION ( 'NONE',  ( 9.251858538542971828E-16, 0.000000000000000000, -1.000000000000000000 ) ) ;
#220 = EDGE_LOOP ( 'NONE', ( #539, #408, #442, #36 ) ) ;
#221 = CARTESIAN_POINT ( 'NONE',  ( -102.3175416344814721, 10.00000000000000000, 6.500000000000070166 ) ) ;
#222 = ORIENTED_EDGE ( 'NONE', *, *, #1137, .F. ) ;
#223 = DIRECTION ( 'NONE',  ( -0.000000000000000000, 1.000000000000000000, -0.000000000000000000 ) ) ;
#224 = DIRECTION ( 'NONE',  ( 0.000000000000000000, 0.000000000000000000, -1.000000000000000000 ) ) ;
#225 = ORIENTED_EDGE ( 'NONE', *, *, #1453, .T. ) ;
#226 = DIRECTION ( 'NONE',  ( 1.734723475976806848E-16, -0.000000000000000000, 1.000000000000000000 ) ) ;
#227 = DIRECTION ( 'NONE',  ( 0.000000000000000000, 0.000000000000000000, -1.000000000000000000 ) ) ;
#228 = CARTESIAN_POINT ( 'NONE',  ( -132.0000000000000000, 9.000000000000000000, -14.99999999999995204 ) ) ;
#229 = ORIENTED_EDGE ( 'NONE', *, *, #305, .F. ) ;
#230 = EDGE_CURVE ( 'NONE', #598, #437, #1747, .T. ) ;
#231 = DIRECTION ( 'NONE',  ( -1.000000000000000000, 0.000000000000000000, 0.000000000000000000 ) ) ;
#232 = ORIENTED_EDGE ( 'NONE', *, *, #1216, .T. ) ;
#233 = AXIS2_PLACEMENT_3D ( 'NONE', #114, #1278, #1442 ) ;
#234 = CYLINDRICAL_SURFACE ( 'NONE', #2064, 1.499999999999997780 ) ;
#235 = EDGE_LOOP ( 'NONE', ( #778, #1401 ) ) ;
#236 = ORIENTED_EDGE ( 'NONE', *, *, #781, .F. ) ;
#237 = AXIS2_PLACEMENT_3D ( 'NONE', #814, #1327, #16 ) ;
#238 = VECTOR ( 'NONE', #691, 1000.000000000000000 ) ;
#239 = DIRECTION ( 'NONE',  ( 1.000000000000000000, 0.000000000000000000, -8.673617379884034239E-17 ) ) ;
#240 = CIRCLE ( 'NONE', #1154, 2.999999999999999112 ) ;
#241 = VECTOR ( 'NONE', #1063, 1000.000000000000000 ) ;
#242 = DIRECTION ( 'NONE',  ( 0.000000000000000000, 0.000000000000000000, -1.000000000000000000 ) ) ;
#243 = DIRECTION ( 'NONE',  ( 1.000000000000000000, 0.000000000000000000, -1.734723475976806848E-16 ) ) ;
#244 = ORIENTED_EDGE ( 'NONE', *, *, #1441, .T. ) ;
#245 = EDGE_CURVE ( 'NONE', #139, #1784, #1123, .T. ) ;
#246 = DIRECTION ( 'NONE',  ( -0.000000000000000000, 1.000000000000000000, -0.000000000000000000 ) ) ;
#247 = ORIENTED_EDGE ( 'NONE', *, *, #1031, .F. ) ;
#248 = FACE_OUTER_BOUND ( 'NONE', #894, .T. ) ;
#249 = ORIENTED_EDGE ( 'NONE', *, *, #556, .T. ) ;
#250 = EDGE_LOOP ( 'NONE', ( #249, #1467, #1634, #229 ) ) ;
#251 = DIRECTION ( 'NONE',  ( -0.000000000000000000, 1.000000000000000000, -0.000000000000000000 ) ) ;
#252 = EDGE_CURVE ( 'NONE', #259, #1793, #1320, .T. ) ;
#253 = FACE_OUTER_BOUND ( 'NONE', #1266, .T. ) ;
#254 = VERTEX_POINT ( 'NONE', #685 ) ;
#255 = VECTOR ( 'NONE', #349, 1000.000000000000000 ) ;
#256 = DIRECTION ( 'NONE',  ( 0.000000000000000000, 0.000000000000000000, -1.000000000000000000 ) ) ;
#257 = ORIENTED_EDGE ( 'NONE', *, *, #1279, .T. ) ;
#258 = DIRECTION ( 'NONE',  ( 0.000000000000000000, 0.000000000000000000, -1.000000000000000000 ) ) ;
#259 = VERTEX_POINT ( 'NONE', #831 ) ;
#260 = ORIENTED_EDGE ( 'NONE', *, *, #1723, .F. ) ;
#261 = DIRECTION ( 'NONE',  ( -0.000000000000000000, 1.000000000000000000, -0.000000000000000000 ) ) ;
#262 = ADVANCED_FACE ( 'NONE', ( #1159 ), #812, .F. ) ;
#263 = PLANE ( 'NONE',  #463 ) ;
#264 = VERTEX_POINT ( 'NONE', #343 ) ;
#265 = DIRECTION ( 'NONE',  ( 0.000000000000000000, 0.000000000000000000, 1.000000000000000000 ) ) ;
#266 = ORIENTED_EDGE ( 'NONE', *, *, #1339, .T. ) ;
#267 = PLANE ( 'NONE',  #288 ) ;
#268 = ORIENTED_EDGE ( 'NONE', *, *, #1232, .F. ) ;
#269 = ORIENTED_EDGE ( 'NONE', *, *, #1365, .F. ) ;
#270 = CONICAL_SURFACE ( 'NONE', #2002, 11.00000000000000355, 0.7853981633974630450 ) ;
#271 = ADVANCED_FACE ( 'NONE', ( #1475 ), #1461, .T. ) ;
#272 = DIRECTION ( 'NONE',  ( -0.000000000000000000, 1.000000000000000000, -0.000000000000000000 ) ) ;
#273 = CARTESIAN_POINT ( 'NONE',  ( 129.0000000000000000, 0.000000000000000000, -13.99999999999998401 ) ) ;
#274 = VECTOR ( 'NONE', #2017, 1000.000000000000000 ) ;
#275 = ORIENTED_EDGE ( 'NONE', *, *, #1263, .F. ) ;
#276 = ADVANCED_FACE ( 'NONE', ( #5 ), #1737, .T. ) ;
#277 = CARTESIAN_POINT ( 'NONE',  ( -111.4691805228039811, 10.00000000000000000, 13.46918052280400957 ) ) ;
#278 = ORIENTED_EDGE ( 'NONE', *, *, #1512, .T. ) ;
#279 = DIRECTION ( 'NONE',  ( 0.000000000000000000, 1.000000000000000000, 0.000000000000000000 ) ) ;
#280 = DIRECTION ( 'NONE',  ( 0.000000000000000000, 0.000000000000000000, 1.000000000000000000 ) ) ;
#281 = ORIENTED_EDGE ( 'NONE', *, *, #166, .F. ) ;
#282 = DIRECTION ( 'NONE',  ( 0.000000000000000000, 1.000000000000000000, -0.000000000000000000 ) ) ;
#283 = CARTESIAN_POINT ( 'NONE',  ( -132.0000000000000284, 0.9999999999999731326, 12.00000000000004441 ) ) ;
#284 = ORIENTED_EDGE ( 'NONE', *, *, #912, .T. ) ;
#285 = EDGE_CURVE ( 'NONE', #1132, #900, #978, .T. ) ;
#286 = CARTESIAN_POINT ( 'NONE',  ( -127.0000000000000000, 10.00000000000000000, -9.902453777899067333 ) ) ;
#287 = ORIENTED_EDGE ( 'NONE', *, *, #173, .F. ) ;
#288 = AXIS2_PLACEMENT_3D ( 'NONE', #289, #1716, #1920 ) ;
#289 = CARTESIAN_POINT ( 'NONE',  ( -132.0000000000000000, 10.00000000000000000, -14.99999999999995204 ) ) ;
#290 = CONICAL_SURFACE ( 'NONE', #153, 10.99999999999994671, 0.7853981633974354004 ) ;
#291 = CARTESIAN_POINT ( 'NONE',  ( -117.0000000000000000, 10.00000000000000000, 10.09754622210093444 ) ) ;
#292 = ORIENTED_EDGE ( 'NONE', *, *, #1450, .F. ) ;
#293 = DIRECTION ( 'NONE',  ( 0.000000000000000000, 0.000000000000000000, -1.000000000000000000 ) ) ;
#294 = FACE_OUTER_BOUND ( 'NONE', #1143, .T. ) ;
#295 = SURFACE_STYLE_FILL_AREA ( #451 ) ;
#296 = VERTEX_POINT ( 'NONE', #35 ) ;
#297 = DIRECTION ( 'NONE',  ( 0.000000000000000000, 0.000000000000000000, 1.000000000000000000 ) ) ;
#298 = ADVANCED_FACE ( 'NONE', ( #656 ), #1783, .T. ) ;
#299 = CARTESIAN_POINT ( 'NONE',  ( 102.3175416344814579, 0.000000000000000000, 6.500000000000073719 ) ) ;
#300 = ORIENTED_EDGE ( 'NONE', *, *, #1398, .F. ) ;
#301 = CARTESIAN_POINT ( 'NONE',  ( -8.054073281320847539E-16, 10.00000000000000000, -6.499999999999966249 ) ) ;
#302 = VECTOR ( 'NONE', #789, 1000.000000000000000 ) ;
#303 = AXIS2_PLACEMENT_3D ( 'NONE', #286, #460, #773 ) ;
#304 = LINE ( 'NONE', #961, #906 ) ;
#305 = EDGE_CURVE ( 'NONE', #474, #2072, #1839, .T. ) ;
#306 = AXIS2_PLACEMENT_3D ( 'NONE', #1810, #1786, #1004 ) ;
#307 = VECTOR ( 'NONE', #243, 1000.000000000000000 ) ;
#308 = AXIS2_PLACEMENT_3D ( 'NONE', #895, #226, #881 ) ;
#309 = EDGE_CURVE ( 'NONE', #1882, #484, #170, .T. ) ;
#310 = ORIENTED_EDGE ( 'NONE', *, *, #1602, .T. ) ;
#311 = CARTESIAN_POINT ( 'NONE',  ( -127.0000000000000000, 0.000000000000000000, -9.902453777899067333 ) ) ;
#312 = VERTEX_POINT ( 'NONE', #177 ) ;
#313 = CARTESIAN_POINT ( 'NONE',  ( -129.0000000000000284, 9.000000000000000000, 15.00000000000004619 ) ) ;
#314 = CARTESIAN_POINT ( 'NONE',  ( -112.3250496445942446, 0.3475277307398306759, 13.83839116981101114 ) ) ;
#315 = CARTESIAN_POINT ( 'NONE',  ( 127.0000000000000000, 0.000000000000000000, 11.59754622210093089 ) ) ;
#316 = ORIENTED_EDGE ( 'NONE', *, *, #1585, .F. ) ;
#317 = EDGE_CURVE ( 'NONE', #2026, #1740, #1969, .T. ) ;
#318 = DIRECTION ( 'NONE',  ( 0.000000000000000000, 0.000000000000000000, -1.000000000000000000 ) ) ;
#319 = ORIENTED_EDGE ( 'NONE', *, *, #1921, .T. ) ;
#320 = DIRECTION ( 'NONE',  ( 0.000000000000000000, 0.000000000000000000, 1.000000000000000000 ) ) ;
#321 = AXIS2_PLACEMENT_3D ( 'NONE', #1777, #2071, #794 ) ;
#322 = EDGE_CURVE ( 'NONE', #807, #1601, #1096, .T. ) ;
#323 = CARTESIAN_POINT ( 'NONE',  ( -117.0000000000000000, 0.000000000000000000, 8.597546222100936220 ) ) ;
#324 = DIRECTION ( 'NONE',  ( -0.7071067811865503483, -2.793586819385332324E-14, 0.7071067811865445751 ) ) ;
#325 = EDGE_CURVE ( 'NONE', #14, #1949, #25, .T. ) ;
#326 = VERTEX_POINT ( 'NONE', #518 ) ;
#327 = CARTESIAN_POINT ( 'NONE',  ( -132.0000000000000284, 10.00000000000000000, 15.00000000000004619 ) ) ;
#328 = DIRECTION ( 'NONE',  ( 0.000000000000000000, 0.000000000000000000, 1.000000000000000000 ) ) ;
#329 = ORIENTED_EDGE ( 'NONE', *, *, #629, .F. ) ;
#330 = PLANE ( 'NONE',  #1904 ) ;
#331 = ADVANCED_FACE ( 'NONE', ( #1990 ), #1819, .T. ) ;
#332 = EDGE_CURVE ( 'NONE', #1949, #1765, #666, .T. ) ;
#333 = LINE ( 'NONE', #672, #1798 ) ;
#334 = VERTEX_POINT ( 'NONE', #495 ) ;
#335 = AXIS2_PLACEMENT_3D ( 'NONE', #1129, #1960, #508 ) ;
#336 =( GEOMETRIC_REPRESENTATION_CONTEXT ( 3 ) GLOBAL_UNCERTAINTY_ASSIGNED_CONTEXT ( ( #164 ) ) GLOBAL_UNIT_ASSIGNED_CONTEXT ( ( #633, #919, #762 ) ) REPRESENTATION_CONTEXT ( 'NONE', 'WORKASPACE' ) );
#337 = FACE_OUTER_BOUND ( 'NONE', #592, .T. ) ;
#338 = DIRECTION ( 'NONE',  ( -0.000000000000000000, 1.000000000000000000, -0.000000000000000000 ) ) ;
#339 = ORIENTED_EDGE ( 'NONE', *, *, #363, .F. ) ;
#340 = ADVANCED_FACE ( 'NONE', ( #993 ), #1011, .F. ) ;
#341 = CIRCLE ( 'NONE', #621, 2.999999999999999112 ) ;
#342 = CONICAL_SURFACE ( 'NONE', #2043, 10.99999999999997158, 0.7853981633974335130 ) ;
#343 = CARTESIAN_POINT ( 'NONE',  ( 111.6818966571957361, 9.000000000000055067, 13.99160221631502665 ) ) ;
#344 = EDGE_LOOP ( 'NONE', ( #236, #675, #1209, #1736 ) ) ;
#345 = VECTOR ( 'NONE', #1543, 1000.000000000000000 ) ;
#346 = CARTESIAN_POINT ( 'NONE',  ( 132.0000000000000000, 9.000000000000026645, -11.99999999999995559 ) ) ;
#347 = CARTESIAN_POINT ( 'NONE',  ( -117.0000000000000000, 0.000000000000000000, -9.902453777899063780 ) ) ;
#348 = EDGE_CURVE ( 'NONE', #1695, #1072, #542, .T. ) ;
#349 = DIRECTION ( 'NONE',  ( -0.000000000000000000, 1.000000000000000000, -0.000000000000000000 ) ) ;
#350 = FACE_BOUND ( 'NONE', #1405, .T. ) ;
#351 = VERTEX_POINT ( 'NONE', #693 ) ;
#352 = EDGE_CURVE ( 'NONE', #1200, #729, #1057, .T. ) ;
#353 = CARTESIAN_POINT ( 'NONE',  ( 132.0000000000000000, 9.000000000000026645, 15.00000000000004441 ) ) ;
#354 = VERTEX_POINT ( 'NONE', #864 ) ;
#355 = DIRECTION ( 'NONE',  ( 1.000000000000000000, 0.000000000000000000, -8.673617379884034239E-17 ) ) ;
#356 = CARTESIAN_POINT ( 'NONE',  ( -129.0000000000000284, 0.9999999999999731326, 15.00000000000004619 ) ) ;
#357 = VECTOR ( 'NONE', #641, 1000.000000000000000 ) ;
#358 = DIRECTION ( 'NONE',  ( -0.000000000000000000, 1.000000000000000000, -0.000000000000000000 ) ) ;
#359 = DIRECTION ( 'NONE',  ( 0.000000000000000000, 0.000000000000000000, 1.000000000000000000 ) ) ;
#360 = ORIENTED_EDGE ( 'NONE', *, *, #937, .T. ) ;
#361 = DIRECTION ( 'NONE',  ( 0.000000000000000000, 1.000000000000000000, 0.000000000000000000 ) ) ;
#362 = ORIENTED_EDGE ( 'NONE', *, *, #1982, .F. ) ;
#363 = EDGE_CURVE ( 'NONE', #1193, #334, #1370, .T. ) ;
#364 = FACE_OUTER_BOUND ( 'NONE', #102, .T. ) ;
#365 = CARTESIAN_POINT ( 'NONE',  ( 111.6818966571957361, 9.000000000000056843, 13.99160221631502488 ) ) ;
#366 = LINE ( 'NONE', #1630, #1359 ) ;
#367 = EDGE_CURVE ( 'NONE', #2072, #1193, #1199, .T. ) ;
#368 = AXIS2_PLACEMENT_3D ( 'NONE', #797, #2065, #1237 ) ;
#369 = CARTESIAN_POINT ( 'NONE',  ( 127.0000000000000000, 0.000000000000000000, -11.40245377789906378 ) ) ;
#370 = ORIENTED_EDGE ( 'NONE', *, *, #659, .T. ) ;
#371 = VECTOR ( 'NONE', #126, 1000.000000000000000 ) ;
#372 = DIRECTION ( 'NONE',  ( -0.000000000000000000, 1.000000000000000000, -0.000000000000000000 ) ) ;
#373 = ORIENTED_EDGE ( 'NONE', *, *, #1478, .T. ) ;
#374 = CIRCLE ( 'NONE', #1874, 1.499999999999997780 ) ;
#375 = AXIS2_PLACEMENT_3D ( 'NONE', #1323, #1165, #359 ) ;
#376 = CARTESIAN_POINT ( 'NONE',  ( -117.0000000000000000, 0.000000000000000000, -8.402453777899065557 ) ) ;
#377 = EDGE_LOOP ( 'NONE', ( #1285, #2031, #1103, #1713 ) ) ;
#378 = CARTESIAN_POINT ( 'NONE',  ( -102.3175416344814721, 0.9999999999999731326, -7.499999999999926281 ) ) ;
#379 =( LENGTH_UNIT ( ) NAMED_UNIT ( * ) SI_UNIT ( .MILLI., .METRE. ) );
#380 = LINE ( 'NONE', #1480, #1751 ) ;
#381 = CARTESIAN_POINT ( 'NONE',  ( -132.0000000000000284, 10.00000000000000000, 12.00000000000004441 ) ) ;
#382 = ORIENTED_EDGE ( 'NONE', *, *, #525, .T. ) ;
#383 = APPLICATION_CONTEXT ( 'automotive_design' ) ;
#384 = B_SPLINE_CURVE_WITH_KNOTS ( 'NONE', 3,
 ( #1997, #1020, #728, #702 ),
 .UNSPECIFIED., .F., .F.,
 ( 4, 4 ),
 ( 0.000000000000000000, 0.001598849502753823225 ),
 .UNSPECIFIED. ) ;
#385 = PLANE ( 'NONE',  #585 ) ;
#386 = ORIENTED_EDGE ( 'NONE', *, *, #637, .T. ) ;
#387 = CARTESIAN_POINT ( 'NONE',  ( 127.0000000000000000, 0.000000000000000000, -9.902453777899067333 ) ) ;
#388 = EDGE_CURVE ( 'NONE', #1949, #1612, #548, .T. ) ;
#389 = CARTESIAN_POINT ( 'NONE',  ( 127.0000000000000000, 10.00000000000000000, -11.40245377789906378 ) ) ;
#390 = VERTEX_POINT ( 'NONE', #2052 ) ;
#391 = DIRECTION ( 'NONE',  ( 0.000000000000000000, 0.000000000000000000, -1.000000000000000000 ) ) ;
#392 = CIRCLE ( 'NONE', #668, 10.00000000000000000 ) ;
#393 = ADVANCED_FACE ( 'NONE', ( #88 ), #1505, .F. ) ;
#394 = CIRCLE ( 'NONE', #1170, 10.99999999999997513 ) ;
#395 = CARTESIAN_POINT ( 'NONE',  ( -102.3175416344814721, 0.000000000000000000, 17.50000000000004619 ) ) ;
#396 = CARTESIAN_POINT ( 'NONE',  ( -127.0000000000000000, 0.000000000000000000, 10.09754622210093444 ) ) ;
#397 = ORIENTED_EDGE ( 'NONE', *, *, #1652, .T. ) ;
#398 = AXIS2_PLACEMENT_3D ( 'NONE', #1017, #51, #1995 ) ;
#399 = CARTESIAN_POINT ( 'NONE',  ( -117.0000000000000000, 0.000000000000000000, -11.40245377789906023 ) ) ;
#400 = VERTEX_POINT ( 'NONE', #1843 ) ;
#401 = DIRECTION ( 'NONE',  ( 0.000000000000000000, 1.000000000000000000, 0.000000000000000000 ) ) ;
#402 = VERTEX_POINT ( 'NONE', #1190 ) ;
#403 = ORIENTED_EDGE ( 'NONE', *, *, #653, .T. ) ;
#404 = CARTESIAN_POINT ( 'NONE',  ( 0.000000000000000000, 10.00000000000000000, 14.00000000000007283 ) ) ;
#405 = ADVANCED_FACE ( 'NONE', ( #1210 ), #385, .T. ) ;
#406 = DIRECTION ( 'NONE',  ( -0.7071067811865573427, 0.7071067811865378028, 0.000000000000000000 ) ) ;
#407 = LINE ( 'NONE', #1664, #1837 ) ;
#408 = ORIENTED_EDGE ( 'NONE', *, *, #1723, .T. ) ;
#409 = CIRCLE ( 'NONE', #418, 2.999999999999999112 ) ;
#410 = CARTESIAN_POINT ( 'NONE',  ( -132.0000000000000000, 0.9999999999999731326, -11.99999999999995559 ) ) ;
#411 = VERTEX_POINT ( 'NONE', #221 ) ;
#412 = DIRECTION ( 'NONE',  ( 0.000000000000000000, -1.000000000000000000, 0.000000000000000000 ) ) ;
#413 = ORIENTED_EDGE ( 'NONE', *, *, #1453, .F. ) ;
#414 = ORIENTED_EDGE ( 'NONE', *, *, #1206, .T. ) ;
#415 = EDGE_CURVE ( 'NONE', #1608, #527, #547, .T. ) ;
#416 = DIRECTION ( 'NONE',  ( 0.000000000000000000, 0.000000000000000000, -1.000000000000000000 ) ) ;
#417 = AXIS2_PLACEMENT_3D ( 'NONE', #955, #485, #2067 ) ;
#418 = AXIS2_PLACEMENT_3D ( 'NONE', #540, #1849, #391 ) ;
#419 = DIRECTION ( 'NONE',  ( -0.000000000000000000, 1.000000000000000000, -0.000000000000000000 ) ) ;
#420 = ORIENTED_EDGE ( 'NONE', *, *, #1752, .F. ) ;
#421 = LINE ( 'NONE', #2000, #198 ) ;
#422 = ORIENTED_EDGE ( 'NONE', *, *, #2092, .T. ) ;
#423 = EDGE_CURVE ( 'NONE', #639, #1193, #1855, .T. ) ;
#424 = FACE_OUTER_BOUND ( 'NONE', #1577, .T. ) ;
#425 = CARTESIAN_POINT ( 'NONE',  ( 129.0000000000000000, 1.000000000000000888, -11.99999999999995559 ) ) ;
#426 = ORIENTED_EDGE ( 'NONE', *, *, #1167, .T. ) ;
#427 = DIRECTION ( 'NONE',  ( -1.000000000000000000, 0.000000000000000000, 8.673617379884034239E-17 ) ) ;
#428 = CARTESIAN_POINT ( 'NONE',  ( 111.6818966571957361, 10.00000000000000000, 13.99160221631502665 ) ) ;
#429 = ORIENTED_EDGE ( 'NONE', *, *, #909, .F. ) ;
#430 = AXIS2_PLACEMENT_3D ( 'NONE', #746, #1387, #74 ) ;
#431 = LINE ( 'NONE', #1573, #752 ) ;
#432 = ORIENTED_EDGE ( 'NONE', *, *, #1098, .T. ) ;
#433 = FACE_BOUND ( 'NONE', #1979, .T. ) ;
#434 = ORIENTED_EDGE ( 'NONE', *, *, #1441, .F. ) ;
#435 = VERTEX_POINT ( 'NONE', #399 ) ;
#436 = CARTESIAN_POINT ( 'NONE',  ( 117.0000000000000000, 0.000000000000000000, 10.09754622210093444 ) ) ;
#437 = VERTEX_POINT ( 'NONE', #1045 ) ;
#438 = CARTESIAN_POINT ( 'NONE',  ( 132.0000000000000000, 1.000000000000000888, 15.00000000000004441 ) ) ;
#439 = ORIENTED_EDGE ( 'NONE', *, *, #96, .F. ) ;
#440 = DIRECTION ( 'NONE',  ( 0.000000000000000000, 1.000000000000000000, 0.000000000000000000 ) ) ;
#441 = DIRECTION ( 'NONE',  ( 0.000000000000000000, 0.7071067811865378028, 0.7071067811865573427 ) ) ;
#442 = ORIENTED_EDGE ( 'NONE', *, *, #1807, .T. ) ;
#443 = AXIS2_PLACEMENT_3D ( 'NONE', #138, #932, #610 ) ;
#444 = LINE ( 'NONE', #1588, #371 ) ;
#445 = VECTOR ( 'NONE', #1226, 1000.000000000000000 ) ;
#446 = CIRCLE ( 'NONE', #1624, 10.00000000000000000 ) ;
#447 = CIRCLE ( 'NONE', #2050, 1.499999999999997780 ) ;
#448 = VECTOR ( 'NONE', #1559, 1000.000000000000000 ) ;
#449 = CARTESIAN_POINT ( 'NONE',  ( -112.7458684417885166, 0.000000000000000000, 14.00000000000006928 ) ) ;
#450 = AXIS2_PLACEMENT_3D ( 'NONE', #2054, #681, #1008 ) ;
#451 = FILL_AREA_STYLE ('',( #1919 ) ) ;
#452 = ORIENTED_EDGE ( 'NONE', *, *, #1975, .T. ) ;
#453 = CARTESIAN_POINT ( 'NONE',  ( -113.0000000000000284, 9.000000000000000000, 15.00000000000004619 ) ) ;
#454 = DIRECTION ( 'NONE',  ( 0.000000000000000000, 0.000000000000000000, -1.000000000000000000 ) ) ;
#455 = EDGE_LOOP ( 'NONE', ( #2062, #507, #1774, #572 ) ) ;
#456 = LINE ( 'NONE', #779, #1182 ) ;
#457 = DIRECTION ( 'NONE',  ( -0.000000000000000000, 1.000000000000000000, -0.000000000000000000 ) ) ;
#458 = ORIENTED_EDGE ( 'NONE', *, *, #317, .F. ) ;
#459 = ADVANCED_FACE ( 'NONE', ( #1690 ), #56, .F. ) ;
#460 = DIRECTION ( 'NONE',  ( 0.000000000000000000, 1.000000000000000000, 0.000000000000000000 ) ) ;
#461 = ORIENTED_EDGE ( 'NONE', *, *, #1832, .T. ) ;
#462 = CARTESIAN_POINT ( 'NONE',  ( 131.0000000000000284, 0.000000000000000000, 12.00000000000004619 ) ) ;
#463 = AXIS2_PLACEMENT_3D ( 'NONE', #1712, #1552, #94 ) ;
#464 = CARTESIAN_POINT ( 'NONE',  ( 117.0000000000000000, 0.000000000000000000, -8.402453777899065557 ) ) ;
#465 = ORIENTED_EDGE ( 'NONE', *, *, #909, .T. ) ;
#466 = VECTOR ( 'NONE', #1771, 1000.000000000000000 ) ;
#467 = DIRECTION ( 'NONE',  ( 0.000000000000000000, 0.000000000000000000, 1.000000000000000000 ) ) ;
#468 = EDGE_CURVE ( 'NONE', #1396, #639, #421, .T. ) ;
#469 = PLANE ( 'NONE',  #19 ) ;
#470 = EDGE_LOOP ( 'NONE', ( #158, #319, #339, #1499 ) ) ;
#471 = CARTESIAN_POINT ( 'NONE',  ( 117.0000000000000000, 0.000000000000000000, -11.40245377789906023 ) ) ;
#472 = ORIENTED_EDGE ( 'NONE', *, *, #1916, .F. ) ;
#473 = PLANE ( 'NONE',  #1459 ) ;
#474 = VERTEX_POINT ( 'NONE', #97 ) ;
#475 = PLANE ( 'NONE',  #1937 ) ;
#476 = AXIS2_PLACEMENT_3D ( 'NONE', #2095, #279, #1594 ) ;
#477 = VECTOR ( 'NONE', #2022, 1000.000000000000000 ) ;
#478 = EDGE_CURVE ( 'NONE', #400, #1448, #583, .T. ) ;
#479 = VECTOR ( 'NONE', #1140, 1000.000000000000000 ) ;
#480 = DIRECTION ( 'NONE',  ( 1.000000000000000000, 0.000000000000000000, -8.673617379884034239E-17 ) ) ;
#481 = ORIENTED_EDGE ( 'NONE', *, *, #103, .F. ) ;
#482 = ADVANCED_FACE ( 'NONE', ( #1024 ), #899, .F. ) ;
#483 = FACE_BOUND ( 'NONE', #1865, .T. ) ;
#484 = VERTEX_POINT ( 'NONE', #888 ) ;
#485 = DIRECTION ( 'NONE',  ( -0.000000000000000000, 1.000000000000000000, -0.000000000000000000 ) ) ;
#486 = ORIENTED_EDGE ( 'NONE', *, *, #1669, .T. ) ;
#487 = EDGE_CURVE ( 'NONE', #657, #893, #886, .T. ) ;
#488 = FACE_OUTER_BOUND ( 'NONE', #220, .T. ) ;
#489 = DIRECTION ( 'NONE',  ( 0.000000000000000000, 1.000000000000000000, -0.000000000000000000 ) ) ;
#490 = DIRECTION ( 'NONE',  ( 0.000000000000000000, 1.000000000000000000, 0.000000000000000000 ) ) ;
#491 = EDGE_LOOP ( 'NONE', ( #47, #1496, #756, #1111 ) ) ;
#492 = CARTESIAN_POINT ( 'NONE',  ( -113.0000000000000284, 9.000000000000000000, 15.00000000000004619 ) ) ;
#493 = ORIENTED_EDGE ( 'NONE', *, *, #144, .T. ) ;
#494 = EDGE_CURVE ( 'NONE', #1745, #885, #1525, .T. ) ;
#495 = CARTESIAN_POINT ( 'NONE',  ( -129.0000000000000284, 0.9999999999999731326, 15.00000000000004619 ) ) ;
#496 = ORIENTED_EDGE ( 'NONE', *, *, #24, .F. ) ;
#497 = CIRCLE ( 'NONE', #120, 1.499999999999997780 ) ;
#498 = AXIS2_PLACEMENT_3D ( 'NONE', #631, #650, #1763 ) ;
#499 = DIRECTION ( 'NONE',  ( 0.000000000000000000, -0.7071067811865573427, -0.7071067811865378028 ) ) ;
#500 = DIRECTION ( 'NONE',  ( 0.000000000000000000, 0.000000000000000000, -1.000000000000000000 ) ) ;
#501 = CARTESIAN_POINT ( 'NONE',  ( -117.0000000000000000, 0.000000000000000000, -11.40245377789906023 ) ) ;
#502 = ORIENTED_EDGE ( 'NONE', *, *, #852, .T. ) ;
#503 = ADVANCED_FACE ( 'NONE', ( #1517 ), #65, .T. ) ;
#504 = CARTESIAN_POINT ( 'NONE',  ( -127.0000000000000000, 0.000000000000000000, 8.597546222100936220 ) ) ;
#505 = DIRECTION ( 'NONE',  ( -0.000000000000000000, -1.000000000000000000, -0.000000000000000000 ) ) ;
#506 = DIRECTION ( 'NONE',  ( 0.000000000000000000, -1.000000000000000000, 0.000000000000000000 ) ) ;
#507 = ORIENTED_EDGE ( 'NONE', *, *, #1150, .T. ) ;
#508 = DIRECTION ( 'NONE',  ( 0.000000000000000000, 0.000000000000000000, -1.000000000000000000 ) ) ;
#509 = CARTESIAN_POINT ( 'NONE',  ( 132.0000000000000000, 1.000000000000000888, -14.99999999999995381 ) ) ;
#510 = CIRCLE ( 'NONE', #1155, 1.999999999999998224 ) ;
#511 = EDGE_CURVE ( 'NONE', #751, #80, #431, .T. ) ;
#512 = STYLED_ITEM ( 'NONE', ( #1077 ), #590 ) ;
#513 = DIRECTION ( 'NONE',  ( -0.000000000000000000, 1.000000000000000000, -0.000000000000000000 ) ) ;
#514 = DIRECTION ( 'NONE',  ( 0.000000000000000000, -0.7071067811865380248, 0.7071067811865570096 ) ) ;
#515 = VERTEX_POINT ( 'NONE', #1583 ) ;
#516 = AXIS2_PLACEMENT_3D ( 'NONE', #1940, #1110, #280 ) ;
#517 = AXIS2_PLACEMENT_3D ( 'NONE', #1549, #589, #427 ) ;
#518 = CARTESIAN_POINT ( 'NONE',  ( 129.0000000000000000, 9.000000000000026645, -14.99999999999995381 ) ) ;
#519 = ORIENTED_EDGE ( 'NONE', *, *, #1079, .F. ) ;
#520 = CARTESIAN_POINT ( 'NONE',  ( 129.0000000000000000, 10.00000000000000000, -13.99999999999995381 ) ) ;
#521 = LINE ( 'NONE', #365, #882 ) ;
#522 = CARTESIAN_POINT ( 'NONE',  ( 7.802383491279714959E-16, 0.000000000000000000, 6.500000000000085265 ) ) ;
#523 = LINE ( 'NONE', #1126, #617 ) ;
#524 = ORIENTED_EDGE ( 'NONE', *, *, #970, .F. ) ;
#525 = EDGE_CURVE ( 'NONE', #80, #1574, #1621, .T. ) ;
#526 = DIRECTION ( 'NONE',  ( 1.000000000000000000, 0.000000000000000000, -8.673617379884034239E-17 ) ) ;
#527 = VERTEX_POINT ( 'NONE', #1445 ) ;
#528 = LINE ( 'NONE', #658, #1183 ) ;
#529 = EDGE_CURVE ( 'NONE', #1046, #209, #1423, .T. ) ;
#530 = LINE ( 'NONE', #1647, #790 ) ;
#531 = AXIS2_PLACEMENT_3D ( 'NONE', #838, #1986, #1648 ) ;
#532 = EDGE_CURVE ( 'NONE', #1965, #1332, #1600, .T. ) ;
#533 = CARTESIAN_POINT ( 'NONE',  ( -112.0000000000000000, 0.9999999999999731326, -14.99999999999995381 ) ) ;
#534 = DIRECTION ( 'NONE',  ( -8.761676666762017490E-17, -0.7071067811865573427, -0.7071067811865378028 ) ) ;
#535 = ORIENTED_EDGE ( 'NONE', *, *, #1317, .F. ) ;
#536 = DIRECTION ( 'NONE',  ( 0.000000000000000000, -1.000000000000000000, 0.000000000000000000 ) ) ;
#537 = ORIENTED_EDGE ( 'NONE', *, *, #1632, .F. ) ;
#538 = CARTESIAN_POINT ( 'NONE',  ( 112.2560526160279295, 9.330562505876377699, -14.66943749412359210 ) ) ;
#539 = ORIENTED_EDGE ( 'NONE', *, *, #1382, .T. ) ;
#540 = CARTESIAN_POINT ( 'NONE',  ( -129.0000000000000000, 9.000000000000000000, -11.99999999999995204 ) ) ;
#541 = CARTESIAN_POINT ( 'NONE',  ( -132.0000000000000284, 0.9999999999999731326, 15.00000000000004619 ) ) ;
#542 = B_SPLINE_CURVE_WITH_KNOTS ( 'NONE', 3,
 ( #1334, #1878, #1068, #910 ),
 .UNSPECIFIED., .F., .F.,
 ( 4, 4 ),
 ( 0.000000000000000000, 0.001598849502753823008 ),
 .UNSPECIFIED. ) ;
#543 = CARTESIAN_POINT ( 'NONE',  ( -127.0000000000000000, 0.000000000000000000, 11.59754622210093089 ) ) ;
#544 = DIRECTION ( 'NONE',  ( 0.000000000000000000, 0.000000000000000000, 1.000000000000000000 ) ) ;
#545 = VERTEX_POINT ( 'NONE', #471 ) ;
#546 = EDGE_CURVE ( 'NONE', #1503, #1089, #1220, .T. ) ;
#547 = CIRCLE ( 'NONE', #958, 10.00000000000000000 ) ;
#548 = LINE ( 'NONE', #410, #2012 ) ;
#549 = ORIENTED_EDGE ( 'NONE', *, *, #1142, .F. ) ;
#550 = CIRCLE ( 'NONE', #1287, 1.499999999999997780 ) ;
#551 = CIRCLE ( 'NONE', #70, 2.000000000000029310 ) ;
#552 = DIRECTION ( 'NONE',  ( 8.761676666762259079E-17, -0.7071067811865378028, 0.7071067811865573427 ) ) ;
#553 = AXIS2_PLACEMENT_3D ( 'NONE', #824, #842, #328 ) ;
#554 = ORIENTED_EDGE ( 'NONE', *, *, #1743, .T. ) ;
#555 = ORIENTED_EDGE ( 'NONE', *, *, #776, .T. ) ;
#556 = EDGE_CURVE ( 'NONE', #474, #1564, #1735, .T. ) ;
#557 = PLANE ( 'NONE',  #1523 ) ;
#558 = CARTESIAN_POINT ( 'NONE',  ( 132.0000000000000000, 1.000000000000000888, -11.99999999999995559 ) ) ;
#559 = LINE ( 'NONE', #381, #238 ) ;
#560 = ORIENTED_EDGE ( 'NONE', *, *, #801, .T. ) ;
#561 = DIRECTION ( 'NONE',  ( -0.000000000000000000, 1.000000000000000000, -0.000000000000000000 ) ) ;
#562 = ORIENTED_EDGE ( 'NONE', *, *, #1785, .F. ) ;
#563 = ADVANCED_FACE ( 'NONE', ( #1744 ), #129, .F. ) ;
#564 = LINE ( 'NONE', #67, #1352 ) ;
#565 = FACE_OUTER_BOUND ( 'NONE', #632, .T. ) ;
#566 = ORIENTED_EDGE ( 'NONE', *, *, #1649, .F. ) ;
#567 = DIRECTION ( 'NONE',  ( -0.000000000000000000, 1.000000000000000000, -0.000000000000000000 ) ) ;
#568 = AXIS2_PLACEMENT_3D ( 'NONE', #953, #933, #1931 ) ;
#569 = AXIS2_PLACEMENT_3D ( 'NONE', #1687, #1850, #227 ) ;
#570 = EDGE_CURVE ( 'NONE', #1530, #435, #1732, .T. ) ;
#571 = CARTESIAN_POINT ( 'NONE',  ( 112.7458684417885877, 0.000000000000000000, -13.99999999999997691 ) ) ;
#572 = ORIENTED_EDGE ( 'NONE', *, *, #670, .T. ) ;
#573 = DIRECTION ( 'NONE',  ( 0.000000000000000000, 0.000000000000000000, 1.000000000000000000 ) ) ;
#574 = VERTEX_POINT ( 'NONE', #1108 ) ;
#575 = EDGE_CURVE ( 'NONE', #574, #2021, #943, .T. ) ;
#576 = LINE ( 'NONE', #1846, #445 ) ;
#577 = VERTEX_POINT ( 'NONE', #1265 ) ;
#578 = ORIENTED_EDGE ( 'NONE', *, *, #230, .F. ) ;
#579 = CARTESIAN_POINT ( 'NONE',  ( 132.0000000000000000, 10.00000000000000000, 12.00000000000004619 ) ) ;
#580 = DIRECTION ( 'NONE',  ( 0.000000000000000000, 0.000000000000000000, -1.000000000000000000 ) ) ;
#581 = ADVANCED_FACE ( 'NONE', ( #1930 ), #715, .T. ) ;
#582 = ORIENTED_EDGE ( 'NONE', *, *, #1317, .T. ) ;
#583 = LINE ( 'NONE', #1222, #1699 ) ;
#584 = VERTEX_POINT ( 'NONE', #146 ) ;
#585 = AXIS2_PLACEMENT_3D ( 'NONE', #1034, #740, #718 ) ;
#586 = CARTESIAN_POINT ( 'NONE',  ( 112.7458684417885451, 10.00000000000000000, -13.99999999999995026 ) ) ;
#587 = EDGE_LOOP ( 'NONE', ( #1038, #1369, #284, #1889 ) ) ;
#588 = ORIENTED_EDGE ( 'NONE', *, *, #1388, .F. ) ;
#589 = DIRECTION ( 'NONE',  ( -6.133173666733582834E-17, 0.7071067811865374697, -0.7071067811865575647 ) ) ;
#590 = MANIFOLD_SOLID_BREP ( 'Chamfer1', #1289 ) ;
#591 = LINE ( 'NONE', #428, #217 ) ;
#592 = EDGE_LOOP ( 'NONE', ( #493, #292, #1619, #10 ) ) ;
#593 = EDGE_CURVE ( 'NONE', #437, #259, #1245, .T. ) ;
#594 = DIRECTION ( 'NONE',  ( 0.000000000000000000, 0.000000000000000000, -1.000000000000000000 ) ) ;
#595 = ORIENTED_EDGE ( 'NONE', *, *, #2016, .T. ) ;
#596 = CARTESIAN_POINT ( 'NONE',  ( -131.0000000000000000, 0.000000000000000000, -11.99999999999995381 ) ) ;
#597 = DIRECTION ( 'NONE',  ( -0.4157144836881521699, 0.6431102036400412336, -0.6431102036400586641 ) ) ;
#598 = VERTEX_POINT ( 'NONE', #1234 ) ;
#599 = B_SPLINE_CURVE_WITH_KNOTS ( 'NONE', 3,
 ( #1060, #892, #1708, #1027 ),
 .UNSPECIFIED., .F., .F.,
 ( 4, 4 ),
 ( 0.000000000000000000, 0.001706370815459468636 ),
 .UNSPECIFIED. ) ;
#600 = CARTESIAN_POINT ( 'NONE',  ( 102.3175416344814721, 10.00000000000000000, -7.499999999999952038 ) ) ;
#601 = ADVANCED_FACE ( 'NONE', ( #1610 ), #196, .T. ) ;
#602 = CARTESIAN_POINT ( 'NONE',  ( -129.0000000000000284, 9.000000000000000000, 12.00000000000004619 ) ) ;
#603 = ORIENTED_EDGE ( 'NONE', *, *, #2073, .F. ) ;
#604 = ORIENTED_EDGE ( 'NONE', *, *, #1692, .F. ) ;
#605 = FACE_BOUND ( 'NONE', #644, .T. ) ;
#606 = CARTESIAN_POINT ( 'NONE',  ( 117.0000000000000000, 0.000000000000000000, -9.902453777899063780 ) ) ;
#607 = ORIENTED_EDGE ( 'NONE', *, *, #1669, .F. ) ;
#608 = DIRECTION ( 'NONE',  ( 0.000000000000000000, -0.7071067811865378028, -0.7071067811865573427 ) ) ;
#609 = LINE ( 'NONE', #283, #357 ) ;
#610 = DIRECTION ( 'NONE',  ( -1.261617073437677457E-15, 0.000000000000000000, -1.000000000000000000 ) ) ;
#611 = ORIENTED_EDGE ( 'NONE', *, *, #1064, .F. ) ;
#612 = DIRECTION ( 'NONE',  ( 0.000000000000000000, 1.000000000000000000, -0.000000000000000000 ) ) ;
#613 = AXIS2_PLACEMENT_3D ( 'NONE', #1761, #1749, #293 ) ;
#614 = CARTESIAN_POINT ( 'NONE',  ( -129.0000000000000000, 0.000000000000000000, -13.99999999999995381 ) ) ;
#615 = ORIENTED_EDGE ( 'NONE', *, *, #529, .F. ) ;
#616 = VECTOR ( 'NONE', #1821, 1000.000000000000000 ) ;
#617 = VECTOR ( 'NONE', #968, 1000.000000000000000 ) ;
#618 = CARTESIAN_POINT ( 'NONE',  ( 113.3922809560592668, 1.000000000000000666, 15.00000000000004619 ) ) ;
#619 = CIRCLE ( 'NONE', #1021, 1.499999999999997780 ) ;
#620 = EDGE_CURVE ( 'NONE', #2026, #110, #1618, .T. ) ;
#621 = AXIS2_PLACEMENT_3D ( 'NONE', #1127, #1259, #1914 ) ;
#622 = DIRECTION ( 'NONE',  ( 0.000000000000000000, 1.000000000000000000, 0.000000000000000000 ) ) ;
#623 = ORIENTED_EDGE ( 'NONE', *, *, #736, .F. ) ;
#624 = CIRCLE ( 'NONE', #1801, 2.999999999999999112 ) ;
#625 = DIRECTION ( 'NONE',  ( 0.000000000000000000, 1.000000000000000000, 0.000000000000000000 ) ) ;
#626 = DIRECTION ( 'NONE',  ( 0.6254497363745635807, 0.4665032202867934186, 0.6254497363745870064 ) ) ;
#627 = DIRECTION ( 'NONE',  ( -0.000000000000000000, 0.000000000000000000, 1.000000000000000000 ) ) ;
#628 = ORIENTED_EDGE ( 'NONE', *, *, #2034, .F. ) ;
#629 = EDGE_CURVE ( 'NONE', #411, #657, #12, .T. ) ;
#630 = DIRECTION ( 'NONE',  ( -0.000000000000000000, 1.000000000000000000, -0.000000000000000000 ) ) ;
#631 = CARTESIAN_POINT ( 'NONE',  ( -127.0000000000000000, 10.00000000000000000, 10.09754622210093444 ) ) ;
#632 = EDGE_LOOP ( 'NONE', ( #611, #1473, #1848, #1283 ) ) ;
#633 =( LENGTH_UNIT ( ) NAMED_UNIT ( * ) SI_UNIT ( .MILLI., .METRE. ) );
#634 = ORIENTED_EDGE ( 'NONE', *, *, #593, .F. ) ;
#635 = FACE_BOUND ( 'NONE', #1269, .T. ) ;
#636 = VECTOR ( 'NONE', #324, 1000.000000000000114 ) ;
#637 = EDGE_CURVE ( 'NONE', #851, #527, #2, .T. ) ;
#638 = LINE ( 'NONE', #299, #820 ) ;
#639 = VERTEX_POINT ( 'NONE', #492 ) ;
#640 = CARTESIAN_POINT ( 'NONE',  ( 132.0000000000000000, 9.000000000000026645, -11.99999999999995559 ) ) ;
#641 = DIRECTION ( 'NONE',  ( 0.7071067811865573427, -0.7071067811865378028, 1.226634733346715285E-15 ) ) ;
#642 = EDGE_CURVE ( 'NONE', #139, #1740, #523, .T. ) ;
#643 = DIRECTION ( 'NONE',  ( 1.000000000000000000, 0.000000000000000000, -1.200366690966094160E-16 ) ) ;
#644 = EDGE_LOOP ( 'NONE', ( #713, #2007 ) ) ;
#645 = DIRECTION ( 'NONE',  ( 0.000000000000000000, 1.000000000000000000, -0.000000000000000000 ) ) ;
#646 = ORIENTED_EDGE ( 'NONE', *, *, #637, .F. ) ;
#647 = CARTESIAN_POINT ( 'NONE',  ( 112.0000000000000000, 1.000000000000000888, -14.99999999999995026 ) ) ;
#648 = AXIS2_PLACEMENT_3D ( 'NONE', #1566, #1913, #258 ) ;
#649 = VECTOR ( 'NONE', #514, 1000.000000000000114 ) ;
#650 = DIRECTION ( 'NONE',  ( 0.000000000000000000, 1.000000000000000000, 0.000000000000000000 ) ) ;
#651 = ORIENTED_EDGE ( 'NONE', *, *, #1382, .F. ) ;
#652 = AXIS2_PLACEMENT_3D ( 'NONE', #175, #338, #1631 ) ;
#653 = EDGE_CURVE ( 'NONE', #893, #972, #1157, .T. ) ;
#654 = AXIS2_PLACEMENT_3D ( 'NONE', #854, #506, #1001 ) ;
#655 = FACE_OUTER_BOUND ( 'NONE', #889, .T. ) ;
#656 = FACE_OUTER_BOUND ( 'NONE', #1457, .T. ) ;
#657 = VERTEX_POINT ( 'NONE', #1292 ) ;
#658 = CARTESIAN_POINT ( 'NONE',  ( -111.4691805228039811, 10.00000000000000000, 13.46918052280401312 ) ) ;
#659 = EDGE_CURVE ( 'NONE', #2042, #1910, #446, .T. ) ;
#660 = DIRECTION ( 'NONE',  ( -0.000000000000000000, 1.000000000000000000, 0.000000000000000000 ) ) ;
#661 = CARTESIAN_POINT ( 'NONE',  ( 112.7458684417885451, 10.00000000000000000, 14.00000000000006928 ) ) ;
#662 = ORIENTED_EDGE ( 'NONE', *, *, #1845, .T. ) ;
#663 = PRODUCT_DEFINITION_CONTEXT ( 'detailed design', #1504, 'design' ) ;
#664 = CARTESIAN_POINT ( 'NONE',  ( -102.3175416344814721, 0.9999999999999731326, -7.499999999999926281 ) ) ;
#665 = EDGE_CURVE ( 'NONE', #254, #1612, #990, .T. ) ;
#666 = LINE ( 'NONE', #1314, #7 ) ;
#667 = EDGE_LOOP ( 'NONE', ( #747, #1086, #560, #1691 ) ) ;
#668 = AXIS2_PLACEMENT_3D ( 'NONE', #707, #223, #1348 ) ;
#669 = DIRECTION ( 'NONE',  ( 0.1768652212688415493, -0.6959592996380955521, -0.6959592996381147589 ) ) ;
#670 = EDGE_CURVE ( 'NONE', #1740, #402, #1300, .T. ) ;
#671 = AXIS2_PLACEMENT_3D ( 'NONE', #1637, #205, #1661 ) ;
#672 = CARTESIAN_POINT ( 'NONE',  ( -117.0000000000000000, 0.000000000000000000, -8.402453777899065557 ) ) ;
#673 = LINE ( 'NONE', #861, #1893 ) ;
#674 = FACE_BOUND ( 'NONE', #991, .T. ) ;
#675 = ORIENTED_EDGE ( 'NONE', *, *, #1232, .T. ) ;
#676 = CARTESIAN_POINT ( 'NONE',  ( -132.0000000000000000, 0.000000000000000000, -11.99999999999995559 ) ) ;
#677 = ORIENTED_EDGE ( 'NONE', *, *, #173, .T. ) ;
#678 = FACE_OUTER_BOUND ( 'NONE', #898, .T. ) ;
#679 = DIRECTION ( 'NONE',  ( -0.000000000000000000, 1.000000000000000000, -0.000000000000000000 ) ) ;
#680 = ADVANCED_FACE ( 'NONE', ( #850 ), #1257, .F. ) ;
#681 = DIRECTION ( 'NONE',  ( 0.000000000000000000, -1.000000000000000000, 0.000000000000000000 ) ) ;
#682 = CYLINDRICAL_SURFACE ( 'NONE', #375, 1.499999999999997780 ) ;
#683 = ORIENTED_EDGE ( 'NONE', *, *, #1107, .F. ) ;
#684 = VECTOR ( 'NONE', #1395, 1000.000000000000000 ) ;
#685 = CARTESIAN_POINT ( 'NONE',  ( -131.0000000000000284, 0.000000000000000000, 12.00000000000004619 ) ) ;
#686 = ORIENTED_EDGE ( 'NONE', *, *, #511, .F. ) ;
#687 = FACE_OUTER_BOUND ( 'NONE', #147, .T. ) ;
#688 = EDGE_CURVE ( 'NONE', #1396, #1608, #1493, .T. ) ;
#689 = CARTESIAN_POINT ( 'NONE',  ( 129.0000000000000000, 10.00000000000000000, -11.99999999999995559 ) ) ;
#690 = DIRECTION ( 'NONE',  ( -6.133173666733582834E-17, 0.7071067811865374697, -0.7071067811865575647 ) ) ;
#691 = DIRECTION ( 'NONE',  ( -0.000000000000000000, 1.000000000000000000, -0.000000000000000000 ) ) ;
#692 = ORIENTED_EDGE ( 'NONE', *, *, #423, .T. ) ;
#693 = CARTESIAN_POINT ( 'NONE',  ( 102.3175416344814721, 10.00000000000000000, -6.499999999999978684 ) ) ;
#694 = ORIENTED_EDGE ( 'NONE', *, *, #1673, .T. ) ;
#695 = DIRECTION ( 'NONE',  ( -0.000000000000000000, 1.000000000000000000, -0.000000000000000000 ) ) ;
#696 = ORIENTED_EDGE ( 'NONE', *, *, #180, .T. ) ;
#697 = CARTESIAN_POINT ( 'NONE',  ( 127.0000000000000000, 10.00000000000000000, -9.902453777899067333 ) ) ;
#698 = CARTESIAN_POINT ( 'NONE',  ( 112.3924484201133822, 9.665345790311603125, 13.99874766294242256 ) ) ;
#699 = AXIS2_PLACEMENT_3D ( 'NONE', #1185, #1513, #29 ) ;
#700 = ADVANCED_FACE ( 'NONE', ( #1454, #1472, #1282, #21, #674, #1639, #1805, #483, #350 ), #1816, .T. ) ;
#701 = CYLINDRICAL_SURFACE ( 'NONE', #1273, 10.00000000000000000 ) ;
#702 = CARTESIAN_POINT ( 'NONE',  ( -112.0000000000000000, 9.000000000000000000, -14.99999999999995381 ) ) ;
#703 = ORIENTED_EDGE ( 'NONE', *, *, #1251, .T. ) ;
#704 = ADVANCED_FACE ( 'NONE', ( #30 ), #682, .F. ) ;
#705 = DIRECTION ( 'NONE',  ( 0.000000000000000000, 1.000000000000000000, -0.000000000000000000 ) ) ;
#706 = ORIENTED_EDGE ( 'NONE', *, *, #949, .F. ) ;
#707 = CARTESIAN_POINT ( 'NONE',  ( 102.3175416344814579, 9.000000000000055067, 17.50000000000001776 ) ) ;
#708 = ORIENTED_EDGE ( 'NONE', *, *, #252, .F. ) ;
#709 = ORIENTED_EDGE ( 'NONE', *, *, #2092, .F. ) ;
#710 = DIRECTION ( 'NONE',  ( -0.000000000000000000, 1.000000000000000000, -0.000000000000000000 ) ) ;
#711 = DIRECTION ( 'NONE',  ( 0.000000000000000000, -1.000000000000000000, 0.000000000000000000 ) ) ;
#712 = CARTESIAN_POINT ( 'NONE',  ( 112.0000000000000000, 0.9999999999999731326, -7.499999999999952927 ) ) ;
#713 = ORIENTED_EDGE ( 'NONE', *, *, #160, .F. ) ;
#714 = ADVANCED_FACE ( 'NONE', ( #1009 ), #1781, .F. ) ;
#715 = CONICAL_SURFACE ( 'NONE', #1905, 2.000000000000000000, 0.7853981633974619347 ) ;
#716 = VECTOR ( 'NONE', #2019, 1000.000000000000000 ) ;
#717 = VECTOR ( 'NONE', #977, 1000.000000000000000 ) ;
#718 = DIRECTION ( 'NONE',  ( 0.000000000000000000, 0.000000000000000000, -1.000000000000000000 ) ) ;
#719 = EDGE_LOOP ( 'NONE', ( #1169, #1596, #1203, #247 ) ) ;
#720 = AXIS2_PLACEMENT_3D ( 'NONE', #1205, #1215, #416 ) ;
#721 = LINE ( 'NONE', #1373, #17 ) ;
#722 = VECTOR ( 'NONE', #13, 1000.000000000000000 ) ;
#723 = DIRECTION ( 'NONE',  ( 0.000000000000000000, 0.000000000000000000, -1.000000000000000000 ) ) ;
#724 = VERTEX_POINT ( 'NONE', #315 ) ;
#725 = ADVANCED_FACE ( 'NONE', ( #655 ), #1907, .F. ) ;
#726 = CARTESIAN_POINT ( 'NONE',  ( 129.0000000000000000, 0.000000000000000000, -13.99999999999998046 ) ) ;
#727 = DIRECTION ( 'NONE',  ( 1.000000000000000000, 0.000000000000000000, -1.200366690966094160E-16 ) ) ;
#728 = CARTESIAN_POINT ( 'NONE',  ( -112.2560526160279437, 9.330562505876367041, -14.66943749412359743 ) ) ;
#729 = VERTEX_POINT ( 'NONE', #1502 ) ;
#730 = CARTESIAN_POINT ( 'NONE',  ( 102.3175416344814579, 10.00000000000000000, 17.50000000000001776 ) ) ;
#731 = ORIENTED_EDGE ( 'NONE', *, *, #212, .F. ) ;
#732 = CYLINDRICAL_SURFACE ( 'NONE', #568, 1.499999999999997780 ) ;
#733 = ORIENTED_EDGE ( 'NONE', *, *, #1697, .F. ) ;
#734 = ORIENTED_EDGE ( 'NONE', *, *, #665, .T. ) ;
#735 = FACE_OUTER_BOUND ( 'NONE', #1555, .T. ) ;
#736 = EDGE_CURVE ( 'NONE', #1326, #326, #1174, .T. ) ;
#737 = AXIS2_PLACEMENT_3D ( 'NONE', #602, #1571, #768 ) ;
#738 = FACE_OUTER_BOUND ( 'NONE', #930, .T. ) ;
#739 = ORIENTED_EDGE ( 'NONE', *, *, #1464, .F. ) ;
#740 = DIRECTION ( 'NONE',  ( 0.7071067811865378028, 0.7071067811865573427, 0.000000000000000000 ) ) ;
#741 = CARTESIAN_POINT ( 'NONE',  ( -8.054073281320847539E-16, 10.00000000000000000, -6.499999999999966249 ) ) ;
#742 = LINE ( 'NONE', #68, #1942 ) ;
#743 = VERTEX_POINT ( 'NONE', #2014 ) ;
#744 = CARTESIAN_POINT ( 'NONE',  ( 131.0000000000000284, 0.000000000000000000, -11.99999999999995559 ) ) ;
#745 = EDGE_CURVE ( 'NONE', #1332, #1574, #1522, .T. ) ;
#746 = CARTESIAN_POINT ( 'NONE',  ( 102.3175416344814721, 10.00000000000000000, -17.49999999999995381 ) ) ;
#747 = ORIENTED_EDGE ( 'NONE', *, *, #148, .F. ) ;
#748 = PRODUCT_DEFINITION_SHAPE ( 'NONE', 'NONE',  #2088 ) ;
#749 = CIRCLE ( 'NONE', #368, 10.00000000000000178 ) ;
#750 = CARTESIAN_POINT ( 'NONE',  ( 127.0000000000000000, 10.00000000000000000, 10.09754622210093444 ) ) ;
#751 = VERTEX_POINT ( 'NONE', #862 ) ;
#752 = VECTOR ( 'NONE', #962, 1000.000000000000000 ) ;
#753 = CARTESIAN_POINT ( 'NONE',  ( 127.0000000000000000, 10.00000000000000000, 10.09754622210093444 ) ) ;
#754 = EDGE_CURVE ( 'NONE', #1350, #474, #1825, .T. ) ;
#755 = CARTESIAN_POINT ( 'NONE',  ( 129.0000000000000000, 10.00000000000000000, 12.00000000000004619 ) ) ;
#756 = ORIENTED_EDGE ( 'NONE', *, *, #494, .T. ) ;
#757 = VECTOR ( 'NONE', #1145, 1000.000000000000000 ) ;
#758 = DIRECTION ( 'NONE',  ( 0.000000000000000000, 1.000000000000000000, -0.000000000000000000 ) ) ;
#759 = AXIS2_PLACEMENT_3D ( 'NONE', #1980, #1653, #1643 ) ;
#760 = CARTESIAN_POINT ( 'NONE',  ( 112.0000000000000000, 9.000000000000055067, 7.500000000000017764 ) ) ;
#761 = EDGE_LOOP ( 'NONE', ( #1160, #113, #1010, #868 ) ) ;
#762 =( NAMED_UNIT ( * ) SI_UNIT ( $, .STERADIAN. ) SOLID_ANGLE_UNIT ( ) );
#763 = EDGE_LOOP ( 'NONE', ( #1681, #628 ) ) ;
#764 = CARTESIAN_POINT ( 'NONE',  ( -117.0000000000000000, 10.00000000000000000, 10.09754622210093444 ) ) ;
#765 = LINE ( 'NONE', #464, #1563 ) ;
#766 = ORIENTED_EDGE ( 'NONE', *, *, #970, .T. ) ;
#767 = DIRECTION ( 'NONE',  ( -0.000000000000000000, 1.000000000000000000, -0.000000000000000000 ) ) ;
#768 = DIRECTION ( 'NONE',  ( 0.000000000000000000, 0.000000000000000000, -1.000000000000000000 ) ) ;
#769 = ADVANCED_FACE ( 'NONE', ( #44 ), #897, .T. ) ;
#770 = VERTEX_POINT ( 'NONE', #369 ) ;
#771 = AXIS2_PLACEMENT_3D ( 'NONE', #1682, #1867, #1545 ) ;
#772 = VECTOR ( 'NONE', #975, 1000.000000000000000 ) ;
#773 = DIRECTION ( 'NONE',  ( 0.000000000000000000, 0.000000000000000000, 1.000000000000000000 ) ) ;
#774 = EDGE_LOOP ( 'NONE', ( #211, #1076, #2094, #1371 ) ) ;
#775 = DIRECTION ( 'NONE',  ( -0.000000000000000000, 1.000000000000000000, -0.000000000000000000 ) ) ;
#776 = EDGE_CURVE ( 'NONE', #1784, #1558, #384, .T. ) ;
#777 = CARTESIAN_POINT ( 'NONE',  ( -102.3175416344814721, 10.00000000000000000, -6.499999999999952927 ) ) ;
#778 = ORIENTED_EDGE ( 'NONE', *, *, #1814, .T. ) ;
#779 = CARTESIAN_POINT ( 'NONE',  ( 113.3922809560592668, 1.000000000000000666, 15.00000000000004619 ) ) ;
#780 = LINE ( 'NONE', #1124, #466 ) ;
#781 = EDGE_CURVE ( 'NONE', #326, #1965, #407, .T. ) ;
#782 = CARTESIAN_POINT ( 'NONE',  ( -117.0000000000000000, 0.000000000000000000, -9.902453777899063780 ) ) ;
#783 = ORIENTED_EDGE ( 'NONE', *, *, #781, .T. ) ;
#784 = LINE ( 'NONE', #1247, #918 ) ;
#785 = VECTOR ( 'NONE', #1741, 1000.000000000000000 ) ;
#786 = CARTESIAN_POINT ( 'NONE',  ( 113.3922809560592668, 0.000000000000000000, 15.00000000000004619 ) ) ;
#787 = ORIENTED_EDGE ( 'NONE', *, *, #325, .F. ) ;
#788 = AXIS2_PLACEMENT_3D ( 'NONE', #1888, #625, #951 ) ;
#789 = DIRECTION ( 'NONE',  ( 0.000000000000000000, -1.000000000000000000, -0.000000000000000000 ) ) ;
#790 = VECTOR ( 'NONE', #1297, 1000.000000000000000 ) ;
#791 = B_SPLINE_CURVE_WITH_KNOTS ( 'NONE', 3,
 ( #1340, #1994, #1180, #1835 ),
 .UNSPECIFIED., .F., .F.,
 ( 4, 4 ),
 ( 0.000000000000000000, 0.001460173442156899575 ),
 .UNSPECIFIED. ) ;
#792 = AXIS2_PLACEMENT_3D ( 'NONE', #1759, #1118, #806 ) ;
#793 = VECTOR ( 'NONE', #800, 1000.000000000000000 ) ;
#794 = DIRECTION ( 'NONE',  ( 1.000000000000000000, 0.000000000000000000, -1.239088197126290817E-16 ) ) ;
#795 = EDGE_CURVE ( 'NONE', #1809, #577, #619, .T. ) ;
#796 = CARTESIAN_POINT ( 'NONE',  ( -129.0000000000000284, 0.000000000000000000, 12.00000000000004619 ) ) ;
#797 = CARTESIAN_POINT ( 'NONE',  ( -102.3175416344814579, 0.9999999999999731326, -17.49999999999992539 ) ) ;
#798 = CARTESIAN_POINT ( 'NONE',  ( -117.0000000000000000, 10.00000000000000000, -9.902453777899063780 ) ) ;
#799 = ORIENTED_EDGE ( 'NONE', *, *, #108, .F. ) ;
#800 = DIRECTION ( 'NONE',  ( -0.000000000000000000, -1.000000000000000000, -0.000000000000000000 ) ) ;
#801 = EDGE_CURVE ( 'NONE', #1115, #515, #106, .T. ) ;
#802 = CARTESIAN_POINT ( 'NONE',  ( -131.0000000000000284, 10.00000000000000000, -11.99999999999995381 ) ) ;
#803 = SURFACE_STYLE_USAGE ( .BOTH. , #1435 ) ;
#804 = ORIENTED_EDGE ( 'NONE', *, *, #133, .T. ) ;
#805 = VECTOR ( 'NONE', #406, 1000.000000000000000 ) ;
#806 = DIRECTION ( 'NONE',  ( 0.000000000000000000, 0.000000000000000000, 1.000000000000000000 ) ) ;
#807 = VERTEX_POINT ( 'NONE', #1541 ) ;
#808 = CARTESIAN_POINT ( 'NONE',  ( -131.0000000000000000, 10.00000000000000000, -11.99999999999995381 ) ) ;
#809 = CARTESIAN_POINT ( 'NONE',  ( 1.214306433183772066E-15, 0.000000000000000000, 14.00000000000008349 ) ) ;
#810 = ORIENTED_EDGE ( 'NONE', *, *, #348, .T. ) ;
#811 = DIRECTION ( 'NONE',  ( 9.251858538542971828E-16, 0.000000000000000000, -1.000000000000000000 ) ) ;
#812 = PLANE ( 'NONE',  #759 ) ;
#813 = ORIENTED_EDGE ( 'NONE', *, *, #1832, .F. ) ;
#814 = CARTESIAN_POINT ( 'NONE',  ( -111.4691805228039811, 0.9999999999999731326, 13.46918052280401312 ) ) ;
#815 = AXIS2_PLACEMENT_3D ( 'NONE', #764, #440, #297 ) ;
#816 = CIRCLE ( 'NONE', #1871, 1.499999999999997780 ) ;
#817 = CARTESIAN_POINT ( 'NONE',  ( -111.4691805228039811, 9.000000000000055067, 13.46918052280401312 ) ) ;
#818 = PLANE ( 'NONE',  #1753 ) ;
#819 = ORIENTED_EDGE ( 'NONE', *, *, #1438, .F. ) ;
#820 = VECTOR ( 'NONE', #934, 1000.000000000000114 ) ;
#821 = VECTOR ( 'NONE', #1032, 1000.000000000000000 ) ;
#822 = AXIS2_PLACEMENT_3D ( 'NONE', #1138, #1495, #1633 ) ;
#823 = CARTESIAN_POINT ( 'NONE',  ( 112.0000000000000000, 10.00000000000000000, 7.500000000000017764 ) ) ;
#824 = CARTESIAN_POINT ( 'NONE',  ( 129.0000000000000000, 0.000000000000000000, -11.99999999999995559 ) ) ;
#825 = ORIENTED_EDGE ( 'NONE', *, *, #1811, .T. ) ;
#826 = CARTESIAN_POINT ( 'NONE',  ( -129.0000000000000000, 10.00000000000000000, -13.99999999999997868 ) ) ;
#827 = LINE ( 'NONE', #1500, #2011 ) ;
#828 = DIRECTION ( 'NONE',  ( 0.000000000000000000, 0.000000000000000000, -1.000000000000000000 ) ) ;
#829 = CARTESIAN_POINT ( 'NONE',  ( -111.4691805228039811, 0.9999999999999685807, 13.46918052280401135 ) ) ;
#830 = ORIENTED_EDGE ( 'NONE', *, *, #468, .T. ) ;
#831 = CARTESIAN_POINT ( 'NONE',  ( 129.0000000000000000, 1.000000000000000888, 15.00000000000004441 ) ) ;
#832 = EDGE_LOOP ( 'NONE', ( #1179, #1710, #1797, #78 ) ) ;
#833 = EDGE_CURVE ( 'NONE', #1765, #1564, #559, .T. ) ;
#834 = CIRCLE ( 'NONE', #1507, 1.499999999999997780 ) ;
#835 = FACE_OUTER_BOUND ( 'NONE', #377, .T. ) ;
#836 = DIRECTION ( 'NONE',  ( 0.000000000000000000, 0.000000000000000000, -1.000000000000000000 ) ) ;
#837 = FACE_OUTER_BOUND ( 'NONE', #761, .T. ) ;
#838 = CARTESIAN_POINT ( 'NONE',  ( -117.0000000000000000, 0.000000000000000000, 10.09754622210093444 ) ) ;
#839 = DIRECTION ( 'NONE',  ( 1.000000000000000000, 0.000000000000000000, -1.200366690966094160E-16 ) ) ;
#840 = ORIENTED_EDGE ( 'NONE', *, *, #1887, .T. ) ;
#841 = EDGE_CURVE ( 'NONE', #584, #1923, #1197, .T. ) ;
#842 = DIRECTION ( 'NONE',  ( 0.000000000000000000, 1.000000000000000000, 0.000000000000000000 ) ) ;
#843 = ORIENTED_EDGE ( 'NONE', *, *, #494, .F. ) ;
#844 = CARTESIAN_POINT ( 'NONE',  ( -127.0000000000000000, 0.000000000000000000, 10.09754622210093444 ) ) ;
#845 = DIRECTION ( 'NONE',  ( 0.000000000000000000, 0.7071067811865570096, 0.7071067811865379138 ) ) ;
#846 = DIRECTION ( 'NONE',  ( 0.000000000000000000, -0.7071067811865573427, 0.7071067811865378028 ) ) ;
#847 = CIRCLE ( 'NONE', #848, 1.499999999999997780 ) ;
#848 = AXIS2_PLACEMENT_3D ( 'NONE', #436, #282, #1083 ) ;
#849 = CARTESIAN_POINT ( 'NONE',  ( 129.0000000000000000, 9.000000000000026645, 12.00000000000004619 ) ) ;
#850 = FACE_OUTER_BOUND ( 'NONE', #1385, .T. ) ;
#851 = VERTEX_POINT ( 'NONE', #1676 ) ;
#852 = EDGE_CURVE ( 'NONE', #1564, #14, #1688, .T. ) ;
#853 = VECTOR ( 'NONE', #1922, 1000.000000000000000 ) ;
#854 = CARTESIAN_POINT ( 'NONE',  ( -129.0000000000000284, 10.00000000000000000, 12.00000000000004619 ) ) ;
#855 = ORIENTED_EDGE ( 'NONE', *, *, #352, .T. ) ;
#856 = DIRECTION ( 'NONE',  ( 0.7071067811865524577, -0.7071067811865425767, 6.542051911182442668E-16 ) ) ;
#857 = ADVANCED_FACE ( 'NONE', ( #884 ), #1055, .T. ) ;
#858 = ORIENTED_EDGE ( 'NONE', *, *, #629, .T. ) ;
#859 = DIRECTION ( 'NONE',  ( -0.000000000000000000, 1.000000000000000000, -0.000000000000000000 ) ) ;
#860 = EDGE_CURVE ( 'NONE', #1417, #939, #1987, .T. ) ;
#861 = CARTESIAN_POINT ( 'NONE',  ( 127.0000000000000000, 0.000000000000000000, -11.40245377789906378 ) ) ;
#862 = CARTESIAN_POINT ( 'NONE',  ( 102.3175416344814721, 0.9999999999999731326, -7.499999999999952038 ) ) ;
#863 = ORIENTED_EDGE ( 'NONE', *, *, #745, .F. ) ;
#864 = CARTESIAN_POINT ( 'NONE',  ( 117.0000000000000000, 0.000000000000000000, -8.402453777899065557 ) ) ;
#865 = ORIENTED_EDGE ( 'NONE', *, *, #891, .T. ) ;
#866 = CARTESIAN_POINT ( 'NONE',  ( 117.0000000000000000, 10.00000000000000000, 10.09754622210093444 ) ) ;
#867 = AXIS2_PLACEMENT_3D ( 'NONE', #1535, #856, #901 ) ;
#868 = ORIENTED_EDGE ( 'NONE', *, *, #1167, .F. ) ;
#869 = CARTESIAN_POINT ( 'NONE',  ( 117.0000000000000000, 10.00000000000000000, 8.597546222100936220 ) ) ;
#870 = EDGE_CURVE ( 'NONE', #577, #1809, #4, .T. ) ;
#871 = AXIS2_PLACEMENT_3D ( 'NONE', #1131, #1411, #1589 ) ;
#872 = LINE ( 'NONE', #185, #183 ) ;
#873 = CARTESIAN_POINT ( 'NONE',  ( -129.0000000000000000, 0.000000000000000000, -11.99999999999995204 ) ) ;
#874 = EDGE_LOOP ( 'NONE', ( #1959, #1357, #1915, #2109 ) ) ;
#875 = CARTESIAN_POINT ( 'NONE',  ( -102.3175416344814721, 0.9999999999999731326, 17.50000000000004619 ) ) ;
#876 = ORIENTED_EDGE ( 'NONE', *, *, #801, .F. ) ;
#877 = EDGE_CURVE ( 'NONE', #900, #527, #827, .T. ) ;
#878 = PLANE ( 'NONE',  #216 ) ;
#879 = ORIENTED_EDGE ( 'NONE', *, *, #478, .T. ) ;
#880 = EDGE_LOOP ( 'NONE', ( #566, #865, #310, #1853 ) ) ;
#881 = DIRECTION ( 'NONE',  ( 1.000000000000000000, 0.000000000000000000, -1.734723475976806848E-16 ) ) ;
#882 = VECTOR ( 'NONE', #1141, 1000.000000000000000 ) ;
#883 = LINE ( 'NONE', #107, #1135 ) ;
#884 = FACE_OUTER_BOUND ( 'NONE', #874, .T. ) ;
#885 = VERTEX_POINT ( 'NONE', #1615 ) ;
#886 = CIRCLE ( 'NONE', #1872, 10.99999999999997868 ) ;
#887 = AXIS2_PLACEMENT_3D ( 'NONE', #873, #1529, #1514 ) ;
#888 = CARTESIAN_POINT ( 'NONE',  ( 131.0000000000000284, 0.000000000000000000, -11.99999999999995559 ) ) ;
#889 = EDGE_LOOP ( 'NONE', ( #200, #1955, #1211, #683 ) ) ;
#890 = AXIS2_PLACEMENT_3D ( 'NONE', #606, #1773, #1276 ) ;
#891 = EDGE_CURVE ( 'NONE', #2036, #69, #1470, .T. ) ;
#892 = CARTESIAN_POINT ( 'NONE',  ( -111.9005769240801271, 9.315877709268191253, 13.66497370927257649 ) ) ;
#893 = VERTEX_POINT ( 'NONE', #1952 ) ;
#894 = EDGE_LOOP ( 'NONE', ( #1093, #26, #1033, #1806 ) ) ;
#895 = CARTESIAN_POINT ( 'NONE',  ( 132.0000000000000000, 10.00000000000000000, -14.99999999999995381 ) ) ;
#896 = FACE_OUTER_BOUND ( 'NONE', #1082, .T. ) ;
#897 = PLANE ( 'NONE',  #1221 ) ;
#898 = EDGE_LOOP ( 'NONE', ( #414, #1429, #1728, #169 ) ) ;
#899 = CYLINDRICAL_SURFACE ( 'NONE', #1184, 1.499999999999997780 ) ;
#900 = VERTEX_POINT ( 'NONE', #1488 ) ;
#901 = DIRECTION ( 'NONE',  ( -9.251858538542971828E-16, 0.000000000000000000, 1.000000000000000000 ) ) ;
#902 = EDGE_LOOP ( 'NONE', ( #1175, #554 ) ) ;
#903 = VERTEX_POINT ( 'NONE', #1016 ) ;
#904 = ADVANCED_FACE ( 'NONE', ( #1636 ), #50, .T. ) ;
#905 = LINE ( 'NONE', #1685, #1875 ) ;
#906 = VECTOR ( 'NONE', #938, 1000.000000000000000 ) ;
#907 = DIRECTION ( 'NONE',  ( 0.000000000000000000, -1.000000000000000000, 0.000000000000000000 ) ) ;
#908 = ORIENTED_EDGE ( 'NONE', *, *, #1697, .T. ) ;
#909 = EDGE_CURVE ( 'NONE', #6, #952, #984, .T. ) ;
#910 = CARTESIAN_POINT ( 'NONE',  ( -112.7458684417886445, 0.000000000000000000, -13.99999999999995381 ) ) ;
#911 = DIRECTION ( 'NONE',  ( 0.000000000000000000, 0.000000000000000000, -1.000000000000000000 ) ) ;
#912 = EDGE_CURVE ( 'NONE', #1530, #807, #333, .T. ) ;
#913 = CARTESIAN_POINT ( 'NONE',  ( -117.0000000000000000, 10.00000000000000000, 8.597546222100936220 ) ) ;
#914 = ORIENTED_EDGE ( 'NONE', *, *, #1026, .F. ) ;
#915 = CARTESIAN_POINT ( 'NONE',  ( -129.0000000000000000, 0.9999999999999731326, -14.99999999999995204 ) ) ;
#916 = DIRECTION ( 'NONE',  ( 0.000000000000000000, 0.000000000000000000, -1.000000000000000000 ) ) ;
#917 = ORIENTED_EDGE ( 'NONE', *, *, #1921, .F. ) ;
#918 = VECTOR ( 'NONE', #1091, 1000.000000000000000 ) ;
#919 =( NAMED_UNIT ( * ) PLANE_ANGLE_UNIT ( ) SI_UNIT ( $, .RADIAN. ) );
#920 = EDGE_LOOP ( 'NONE', ( #86, #2038, #1658, #1755 ) ) ;
#921 = AXIS2_PLACEMENT_3D ( 'NONE', #1533, #561, #77 ) ;
#922 = LINE ( 'NONE', #121, #1 ) ;
#923 = CARTESIAN_POINT ( 'NONE',  ( 127.0000000000000000, 0.000000000000000000, -9.902453777899067333 ) ) ;
#924 = ORIENTED_EDGE ( 'NONE', *, *, #363, .T. ) ;
#925 = AXIS2_PLACEMENT_3D ( 'NONE', #327, #1772, #1650 ) ;
#926 = EDGE_CURVE ( 'NONE', #334, #1448, #1163, .T. ) ;
#927 = CARTESIAN_POINT ( 'NONE',  ( -127.0000000000000000, 10.00000000000000000, 11.59754622210093089 ) ) ;
#928 = VECTOR ( 'NONE', #1948, 1000.000000000000000 ) ;
#929 = DIRECTION ( 'NONE',  ( 0.000000000000000000, 0.000000000000000000, -1.000000000000000000 ) ) ;
#930 = EDGE_LOOP ( 'NONE', ( #1119, #1510, #1069, #731 ) ) ;
#931 = EDGE_CURVE ( 'NONE', #1654, #1503, #974, .T. ) ;
#932 = DIRECTION ( 'NONE',  ( -0.000000000000000000, 1.000000000000000000, -0.000000000000000000 ) ) ;
#933 = DIRECTION ( 'NONE',  ( -0.000000000000000000, 1.000000000000000000, -0.000000000000000000 ) ) ;
#934 = DIRECTION ( 'NONE',  ( 0.000000000000000000, 0.7071067811865572317, 0.7071067811865378028 ) ) ;
#935 = EDGE_LOOP ( 'NONE', ( #1718, #1782, #979, #1592 ) ) ;
#936 = DIRECTION ( 'NONE',  ( 0.000000000000000000, 1.000000000000000000, 0.000000000000000000 ) ) ;
#937 = EDGE_CURVE ( 'NONE', #64, #1350, #551, .T. ) ;
#938 = DIRECTION ( 'NONE',  ( -1.000000000000000000, 0.000000000000000000, 8.673617379884034239E-17 ) ) ;
#939 = VERTEX_POINT ( 'NONE', #9 ) ;
#940 = AXIS2_PLACEMENT_3D ( 'NONE', #90, #1498, #1036 ) ;
#941 = CIRCLE ( 'NONE', #1548, 10.00000000000000178 ) ;
#942 = CIRCLE ( 'NONE', #1005, 1.499999999999997780 ) ;
#943 = LINE ( 'NONE', #1099, #2008 ) ;
#944 = DIRECTION ( 'NONE',  ( -0.000000000000000000, -1.000000000000000000, -0.000000000000000000 ) ) ;
#945 = FACE_OUTER_BOUND ( 'NONE', #774, .T. ) ;
#946 = ORIENTED_EDGE ( 'NONE', *, *, #2066, .F. ) ;
#947 = ADVANCED_FACE ( 'NONE', ( #1944 ), #1006, .F. ) ;
#948 = LINE ( 'NONE', #1729, #793 ) ;
#949 = EDGE_CURVE ( 'NONE', #1793, #1829, #1961, .T. ) ;
#950 = DIRECTION ( 'NONE',  ( -0.7071067811865378028, -0.7071067811865573427, -1.226634733346715285E-15 ) ) ;
#951 = DIRECTION ( 'NONE',  ( 0.000000000000000000, 0.000000000000000000, 1.000000000000000000 ) ) ;
#952 = VERTEX_POINT ( 'NONE', #983 ) ;
#953 = CARTESIAN_POINT ( 'NONE',  ( 127.0000000000000000, 0.000000000000000000, 10.09754622210093444 ) ) ;
#954 = CIRCLE ( 'NONE', #1966, 10.00000000000000000 ) ;
#955 = CARTESIAN_POINT ( 'NONE',  ( 102.3175416344814721, 9.000000000000000000, -17.49999999999995381 ) ) ;
#956 = VERTEX_POINT ( 'NONE', #817 ) ;
#957 = EDGE_CURVE ( 'NONE', #1829, #1200, #530, .T. ) ;
#958 = AXIS2_PLACEMENT_3D ( 'NONE', #875, #2037, #594 ) ;
#959 = CARTESIAN_POINT ( 'NONE',  ( 117.0000000000000000, 0.000000000000000000, 10.09754622210093444 ) ) ;
#960 = AXIS2_PLACEMENT_3D ( 'NONE', #999, #186, #1481 ) ;
#961 = CARTESIAN_POINT ( 'NONE',  ( -129.0000000000000000, 10.00000000000000000, -13.99999999999997868 ) ) ;
#962 = DIRECTION ( 'NONE',  ( 0.000000000000000000, -0.7071067811865378028, 0.7071067811865573427 ) ) ;
#963 = PLANE ( 'NONE',  #1662 ) ;
#964 = ORIENTED_EDGE ( 'NONE', *, *, #332, .T. ) ;
#965 = CARTESIAN_POINT ( 'NONE',  ( 129.0000000000000000, 9.000000000000026645, -11.99999999999995559 ) ) ;
#966 = EDGE_CURVE ( 'NONE', #724, #312, #1426, .T. ) ;
#967 = LINE ( 'NONE', #1927, #2069 ) ;
#968 = DIRECTION ( 'NONE',  ( 0.000000000000000000, -0.7071067811865573427, -0.7071067811865378028 ) ) ;
#969 = ORIENTED_EDGE ( 'NONE', *, *, #1309, .T. ) ;
#970 = EDGE_CURVE ( 'NONE', #484, #1677, #28, .T. ) ;
#971 = DIRECTION ( 'NONE',  ( -0.000000000000000000, 1.000000000000000000, -0.000000000000000000 ) ) ;
#972 = VERTEX_POINT ( 'NONE', #1151 ) ;
#973 = DIRECTION ( 'NONE',  ( 0.000000000000000000, -0.8503243200572634386, 0.5262590148578479843 ) ) ;
#974 = LINE ( 'NONE', #1319, #201 ) ;
#975 = DIRECTION ( 'NONE',  ( -1.000000000000000000, 0.000000000000000000, 8.673617379884034239E-17 ) ) ;
#976 = ORIENTED_EDGE ( 'NONE', *, *, #2108, .T. ) ;
#977 = DIRECTION ( 'NONE',  ( 0.7071067811865502373, -2.379882873997616738E-15, -0.7071067811865447972 ) ) ;
#978 = LINE ( 'NONE', #1325, #1565 ) ;
#979 = ORIENTED_EDGE ( 'NONE', *, *, #1342, .T. ) ;
#980 = CARTESIAN_POINT ( 'NONE',  ( 132.0000000000000000, 10.00000000000000000, 15.00000000000004441 ) ) ;
#981 = AXIS2_PLACEMENT_3D ( 'NONE', #1149, #1013, #320 ) ;
#982 = AXIS2_PLACEMENT_3D ( 'NONE', #1828, #246, #1866 ) ;
#983 = CARTESIAN_POINT ( 'NONE',  ( 127.0000000000000000, 10.00000000000000000, -8.402453777899069109 ) ) ;
#984 = CIRCLE ( 'NONE', #1460, 1.499999999999997780 ) ;
#985 = ORIENTED_EDGE ( 'NONE', *, *, #478, .F. ) ;
#986 = VECTOR ( 'NONE', #91, 999.9999999999998863 ) ;
#987 = CIRCLE ( 'NONE', #1485, 11.00000000000000000 ) ;
#988 = DIRECTION ( 'NONE',  ( -1.000000000000000000, 0.000000000000000000, 8.673617379884034239E-17 ) ) ;
#989 = AXIS2_PLACEMENT_3D ( 'NONE', #46, #168, #1146 ) ;
#990 = LINE ( 'NONE', #1792, #1734 ) ;
#991 = EDGE_LOOP ( 'NONE', ( #1683, #1078 ) ) ;
#992 = EDGE_CURVE ( 'NONE', #1072, #110, #987, .T. ) ;
#993 = FACE_OUTER_BOUND ( 'NONE', #128, .T. ) ;
#994 = ORIENTED_EDGE ( 'NONE', *, *, #1236, .T. ) ;
#995 = DIRECTION ( 'NONE',  ( -0.4481637544375698390, 0.4704500253763106432, 0.7601486846873118930 ) ) ;
#996 = CARTESIAN_POINT ( 'NONE',  ( 127.0000000000000000, 0.000000000000000000, 10.09754622210093444 ) ) ;
#997 = EDGE_CURVE ( 'NONE', #264, #598, #521, .T. ) ;
#998 = DIRECTION ( 'NONE',  ( 0.000000000000000000, -1.000000000000000000, 0.000000000000000000 ) ) ;
#999 = CARTESIAN_POINT ( 'NONE',  ( 0.000000000000000000, 0.000000000000000000, 0.000000000000000000 ) ) ;
#1000 = ORIENTED_EDGE ( 'NONE', *, *, #949, .T. ) ;
#1001 = DIRECTION ( 'NONE',  ( 0.000000000000000000, 0.000000000000000000, -1.000000000000000000 ) ) ;
#1002 = ORIENTED_EDGE ( 'NONE', *, *, #33, .F. ) ;
#1003 = CIRCLE ( 'NONE', #1925, 2.000000000000001776 ) ;
#1004 = DIRECTION ( 'NONE',  ( -1.000000000000000000, 0.000000000000000000, 8.673617379884034239E-17 ) ) ;
#1005 = AXIS2_PLACEMENT_3D ( 'NONE', #1813, #1153, #193 ) ;
#1006 = CYLINDRICAL_SURFACE ( 'NONE', #1152, 1.499999999999997780 ) ;
#1007 = ADVANCED_FACE ( 'NONE', ( #1787 ), #204, .F. ) ;
#1008 = DIRECTION ( 'NONE',  ( 0.000000000000000000, 0.000000000000000000, -1.000000000000000000 ) ) ;
#1009 = FACE_OUTER_BOUND ( 'NONE', #1604, .T. ) ;
#1010 = ORIENTED_EDGE ( 'NONE', *, *, #144, .F. ) ;
#1011 = CYLINDRICAL_SURFACE ( 'NONE', #822, 1.499999999999997780 ) ;
#1012 = ORIENTED_EDGE ( 'NONE', *, *, #736, .T. ) ;
#1013 = DIRECTION ( 'NONE',  ( 0.000000000000000000, 1.000000000000000000, 0.000000000000000000 ) ) ;
#1014 = ADVANCED_FACE ( 'NONE', ( #1366 ), #2033, .F. ) ;
#1015 = AXIS2_PLACEMENT_3D ( 'NONE', #753, #612, #140 ) ;
#1016 = CARTESIAN_POINT ( 'NONE',  ( -129.0000000000000000, 9.000000000000000000, -14.99999999999995204 ) ) ;
#1017 = CARTESIAN_POINT ( 'NONE',  ( 102.3175416344814579, 0.000000000000000000, 17.50000000000001776 ) ) ;
#1018 = VECTOR ( 'NONE', #1114, 1000.000000000000000 ) ;
#1019 = CARTESIAN_POINT ( 'NONE',  ( 129.0000000000000000, 0.000000000000000000, 14.00000000000007105 ) ) ;
#1020 = CARTESIAN_POINT ( 'NONE',  ( -112.5042564117959074, 9.664052105421326644, -14.33594789457864493 ) ) ;
#1021 = AXIS2_PLACEMENT_3D ( 'NONE', #396, #85, #544 ) ;
#1022 = EDGE_LOOP ( 'NONE', ( #603, #132, #1520, #1062 ) ) ;
#1023 = CIRCLE ( 'NONE', #1355, 1.499999999999997780 ) ;
#1024 = FACE_OUTER_BOUND ( 'NONE', #920, .T. ) ;
#1025 = EDGE_LOOP ( 'NONE', ( #150, #1012, #783, #1534 ) ) ;
#1026 = EDGE_CURVE ( 'NONE', #1574, #1882, #1870, .T. ) ;
#1027 = CARTESIAN_POINT ( 'NONE',  ( -112.7458684417885593, 10.00000000000000000, 14.00000000000009770 ) ) ;
#1028 = ORIENTED_EDGE ( 'NONE', *, *, #688, .F. ) ;
#1029 = DIRECTION ( 'NONE',  ( -1.000000000000000000, 0.000000000000000000, 1.239088197126290817E-16 ) ) ;
#1030 = DIRECTION ( 'NONE',  ( 0.000000000000000000, 1.000000000000000000, -0.000000000000000000 ) ) ;
#1031 = EDGE_CURVE ( 'NONE', #2072, #743, #1230, .T. ) ;
#1032 = DIRECTION ( 'NONE',  ( -0.000000000000000000, 1.000000000000000000, -0.000000000000000000 ) ) ;
#1033 = ORIENTED_EDGE ( 'NONE', *, *, #642, .F. ) ;
#1034 = CARTESIAN_POINT ( 'NONE',  ( 132.0000000000000000, 9.000000000000026645, -14.99999999999995381 ) ) ;
#1035 = EDGE_LOOP ( 'NONE', ( #2018, #2015, #1414, #917 ) ) ;
#1036 = DIRECTION ( 'NONE',  ( 0.000000000000000000, 0.000000000000000000, -1.000000000000000000 ) ) ;
#1037 = DIRECTION ( 'NONE',  ( 0.000000000000000000, -1.000000000000000000, -0.000000000000000000 ) ) ;
#1038 = ORIENTED_EDGE ( 'NONE', *, *, #2080, .F. ) ;
#1039 = AXIS2_PLACEMENT_3D ( 'NONE', #522, #1638, #1330 ) ;
#1040 = CARTESIAN_POINT ( 'NONE',  ( 0.000000000000000000, 10.00000000000000000, 14.00000000000007283 ) ) ;
#1041 = DIRECTION ( 'NONE',  ( -0.000000000000000000, 1.000000000000000000, -0.000000000000000000 ) ) ;
#1042 = ADVANCED_FACE ( 'NONE', ( #93 ), #215, .F. ) ;
#1043 = CARTESIAN_POINT ( 'NONE',  ( 112.2560526160279437, 0.6694374941236403975, -14.66943749412359921 ) ) ;
#1044 = EDGE_LOOP ( 'NONE', ( #1260, #1544 ) ) ;
#1045 = CARTESIAN_POINT ( 'NONE',  ( 113.3922809560592668, 1.000000000000000666, 15.00000000000004619 ) ) ;
#1046 = VERTEX_POINT ( 'NONE', #915 ) ;
#1047 = DIRECTION ( 'NONE',  ( -1.000000000000000000, 0.000000000000000000, 1.239088197126290817E-16 ) ) ;
#1048 = CARTESIAN_POINT ( 'NONE',  ( -129.0000000000000000, 10.00000000000000000, -13.99999999999998046 ) ) ;
#1049 = VERTEX_POINT ( 'NONE', #869 ) ;
#1050 = CARTESIAN_POINT ( 'NONE',  ( -127.0000000000000000, 10.00000000000000000, -8.402453777899069109 ) ) ;
#1051 = CARTESIAN_POINT ( 'NONE',  ( 129.0000000000000000, 1.000000000000000888, -14.99999999999995381 ) ) ;
#1052 = DIRECTION ( 'NONE',  ( 0.000000000000000000, 0.000000000000000000, 1.000000000000000000 ) ) ;
#1053 = ORIENTED_EDGE ( 'NONE', *, *, #1117, .F. ) ;
#1054 = VECTOR ( 'NONE', #179, 1000.000000000000000 ) ;
#1055 = CONICAL_SURFACE ( 'NONE', #887, 2.000000000000001776, 0.7853981633974609355 ) ;
#1056 = EDGE_CURVE ( 'NONE', #484, #1829, #1698, .T. ) ;
#1057 = LINE ( 'NONE', #1380, #1189 ) ;
#1058 = ORIENTED_EDGE ( 'NONE', *, *, #745, .T. ) ;
#1059 = CIRCLE ( 'NONE', #1768, 10.99999999999994493 ) ;
#1060 = CARTESIAN_POINT ( 'NONE',  ( -111.4691805228039811, 9.000000000000055067, 13.46918052280401312 ) ) ;
#1061 = ORIENTED_EDGE ( 'NONE', *, *, #833, .T. ) ;
#1062 = ORIENTED_EDGE ( 'NONE', *, *, #912, .F. ) ;
#1063 = DIRECTION ( 'NONE',  ( 1.000000000000000000, 0.000000000000000000, -1.734723475976806848E-16 ) ) ;
#1064 = EDGE_CURVE ( 'NONE', #729, #1793, #61, .T. ) ;
#1065 = DIRECTION ( 'NONE',  ( 0.000000000000000000, 0.000000000000000000, 1.000000000000000000 ) ) ;
#1066 = EDGE_LOOP ( 'NONE', ( #214, #1440, #465, #2053 ) ) ;
#1067 = EDGE_CURVE ( 'NONE', #851, #411, #905, .T. ) ;
#1068 = CARTESIAN_POINT ( 'NONE',  ( -112.5042564117959927, 0.3359478945786882331, -14.33594789457865026 ) ) ;
#1069 = ORIENTED_EDGE ( 'NONE', *, *, #2023, .F. ) ;
#1070 = FACE_OUTER_BOUND ( 'NONE', #2061, .T. ) ;
#1071 = DIRECTION ( 'NONE',  ( 0.000000000000000000, 1.000000000000000000, 0.000000000000000000 ) ) ;
#1072 = VERTEX_POINT ( 'NONE', #1883 ) ;
#1073 = CARTESIAN_POINT ( 'NONE',  ( 117.0000000000000000, 10.00000000000000000, -11.40245377789906023 ) ) ;
#1074 = AXIS2_PLACEMENT_3D ( 'NONE', #1675, #690, #988 ) ;
#1075 = CYLINDRICAL_SURFACE ( 'NONE', #1376, 1.499999999999997780 ) ;
#1076 = ORIENTED_EDGE ( 'NONE', *, *, #1279, .F. ) ;
#1077 = PRESENTATION_STYLE_ASSIGNMENT (( #803 ) ) ;
#1078 = ORIENTED_EDGE ( 'NONE', *, *, #2073, .T. ) ;
#1079 = EDGE_CURVE ( 'NONE', #903, #1558, #104, .T. ) ;
#1080 = PLANE ( 'NONE',  #1655 ) ;
#1081 = ORIENTED_EDGE ( 'NONE', *, *, #468, .F. ) ;
#1082 = EDGE_LOOP ( 'NONE', ( #1509, #1053, #588, #268 ) ) ;
#1083 = DIRECTION ( 'NONE',  ( 0.000000000000000000, 0.000000000000000000, -1.000000000000000000 ) ) ;
#1084 = EDGE_CURVE ( 'NONE', #1928, #770, #1316, .T. ) ;
#1085 = CARTESIAN_POINT ( 'NONE',  ( -117.0000000000000000, 10.00000000000000000, 11.59754622210093089 ) ) ;
#1086 = ORIENTED_EDGE ( 'NONE', *, *, #125, .T. ) ;
#1087 = VECTOR ( 'NONE', #669, 1000.000000000000000 ) ;
#1088 = DIRECTION ( 'NONE',  ( 1.000000000000000000, 0.000000000000000000, -8.673617379884034239E-17 ) ) ;
#1089 = VERTEX_POINT ( 'NONE', #1050 ) ;
#1090 = AXIS2_PLACEMENT_3D ( 'NONE', #844, #1458, #1486 ) ;
#1091 = DIRECTION ( 'NONE',  ( -0.000000000000000000, 1.000000000000000000, -0.000000000000000000 ) ) ;
#1092 = DIRECTION ( 'NONE',  ( -0.000000000000000000, 1.000000000000000000, -0.000000000000000000 ) ) ;
#1093 = ORIENTED_EDGE ( 'NONE', *, *, #1303, .T. ) ;
#1094 = ADVANCED_FACE ( 'NONE', ( #735 ), #83, .T. ) ;
#1095 = DIRECTION ( 'NONE',  ( -1.261617073437684162E-15, 0.000000000000000000, -1.000000000000000000 ) ) ;
#1096 = CIRCLE ( 'NONE', #989, 1.499999999999997780 ) ;
#1097 = LINE ( 'NONE', #1290, #636 ) ;
#1098 = EDGE_CURVE ( 'NONE', #1667, #1049, #1377, .T. ) ;
#1099 = CARTESIAN_POINT ( 'NONE',  ( 131.0000000000000000, 10.00000000000000000, -11.99999999999995559 ) ) ;
#1100 = EDGE_LOOP ( 'NONE', ( #373, #694, #1361 ) ) ;
#1101 = CARTESIAN_POINT ( 'NONE',  ( -111.4691805228039811, 0.9999999999999731326, 13.46918052280401312 ) ) ;
#1102 = DIRECTION ( 'NONE',  ( 0.000000000000000000, 0.000000000000000000, 1.000000000000000000 ) ) ;
#1103 = ORIENTED_EDGE ( 'NONE', *, *, #1999, .F. ) ;
#1104 = LINE ( 'NONE', #171, #1087 ) ;
#1105 = PRODUCT_RELATED_PRODUCT_CATEGORY ( 'part', '', ( #1403 ) ) ;
#1106 = CARTESIAN_POINT ( 'NONE',  ( -111.9005769240801129, 0.6841222907318605939, 13.66497370927261201 ) ) ;
#1107 = EDGE_CURVE ( 'NONE', #851, #956, #954, .T. ) ;
#1108 = CARTESIAN_POINT ( 'NONE',  ( 131.0000000000000000, 10.00000000000000000, 12.00000000000004619 ) ) ;
#1109 = CARTESIAN_POINT ( 'NONE',  ( 0.000000000000000000, 10.00000000000000000, 0.000000000000000000 ) ) ;
#1110 = DIRECTION ( 'NONE',  ( -0.000000000000000000, 1.000000000000000000, -0.000000000000000000 ) ) ;
#1111 = ORIENTED_EDGE ( 'NONE', *, *, #1614, .F. ) ;
#1112 = CARTESIAN_POINT ( 'NONE',  ( -127.0000000000000000, 0.000000000000000000, -9.902453777899067333 ) ) ;
#1113 = DIRECTION ( 'NONE',  ( 1.226634733346682301E-16, -0.7071067811865572317, 0.7071067811865379138 ) ) ;
#1114 = DIRECTION ( 'NONE',  ( 0.000000000000000000, -0.7071067811865378028, 0.7071067811865573427 ) ) ;
#1115 = VERTEX_POINT ( 'NONE', #1073 ) ;
#1116 = CIRCLE ( 'NONE', #648, 1.499999999999997780 ) ;
#1117 = EDGE_CURVE ( 'NONE', #2021, #1417, #510, .T. ) ;
#1118 = DIRECTION ( 'NONE',  ( 0.000000000000000000, 1.000000000000000000, 0.000000000000000000 ) ) ;
#1119 = ORIENTED_EDGE ( 'NONE', *, *, #877, .T. ) ;
#1120 = VECTOR ( 'NONE', #839, 1000.000000000000000 ) ;
#1121 = DIRECTION ( 'NONE',  ( -0.8614298921780957352, -1.377775902471195636E-14, -0.5078765015848186737 ) ) ;
#1122 = VECTOR ( 'NONE', #1802, 1000.000000000000114 ) ;
#1123 = CIRCLE ( 'NONE', #137, 10.99999999999997868 ) ;
#1124 = CARTESIAN_POINT ( 'NONE',  ( 112.0000000000000000, 9.000000000000026645, 15.00000000000004619 ) ) ;
#1125 = EDGE_LOOP ( 'NONE', ( #1349, #708, #434, #739 ) ) ;
#1126 = CARTESIAN_POINT ( 'NONE',  ( -102.3175416344814721, 10.00000000000000000, -6.499999999999952927 ) ) ;
#1127 = CARTESIAN_POINT ( 'NONE',  ( -129.0000000000000000, 0.9999999999999731326, -11.99999999999995204 ) ) ;
#1128 = ORIENTED_EDGE ( 'NONE', *, *, #1707, .T. ) ;
#1129 = CARTESIAN_POINT ( 'NONE',  ( 102.3175416344814721, 0.9999999999999731326, -17.49999999999995381 ) ) ;
#1130 = DIRECTION ( 'NONE',  ( 0.000000000000000000, 0.000000000000000000, 1.000000000000000000 ) ) ;
#1131 = CARTESIAN_POINT ( 'NONE',  ( 102.3175416344814579, 10.00000000000000000, 17.50000000000001776 ) ) ;
#1132 = VERTEX_POINT ( 'NONE', #1195 ) ;
#1133 = CIRCLE ( 'NONE', #940, 10.99999999999997513 ) ;
#1134 = DIRECTION ( 'NONE',  ( 0.000000000000000000, 0.000000000000000000, -1.000000000000000000 ) ) ;
#1135 = VECTOR ( 'NONE', #1527, 1000.000000000000114 ) ;
#1136 = VECTOR ( 'NONE', #950, 1000.000000000000000 ) ;
#1137 = EDGE_CURVE ( 'NONE', #1670, #1910, #791, .T. ) ;
#1138 = CARTESIAN_POINT ( 'NONE',  ( -117.0000000000000000, 0.000000000000000000, 10.09754622210093444 ) ) ;
#1139 = ORIENTED_EDGE ( 'NONE', *, *, #1614, .T. ) ;
#1140 = DIRECTION ( 'NONE',  ( -0.000000000000000000, 1.000000000000000000, -0.000000000000000000 ) ) ;
#1141 = DIRECTION ( 'NONE',  ( 0.8614298921780957352, -1.510346896446100867E-14, 0.5078765015848186737 ) ) ;
#1142 = EDGE_CURVE ( 'NONE', #14, #903, #409, .T. ) ;
#1143 = EDGE_LOOP ( 'NONE', ( #1312, #1515, #1826, #537 ) ) ;
#1144 = CARTESIAN_POINT ( 'NONE',  ( 127.0000000000000000, 0.000000000000000000, 10.09754622210093444 ) ) ;
#1145 = DIRECTION ( 'NONE',  ( 1.000000000000000000, 0.000000000000000000, -1.239088197126290817E-16 ) ) ;
#1146 = DIRECTION ( 'NONE',  ( 0.000000000000000000, 0.000000000000000000, 1.000000000000000000 ) ) ;
#1147 = ORIENTED_EDGE ( 'NONE', *, *, #1084, .T. ) ;
#1148 = VECTOR ( 'NONE', #1250, 1000.000000000000000 ) ;
#1149 = CARTESIAN_POINT ( 'NONE',  ( 129.0000000000000000, 0.000000000000000000, 12.00000000000004619 ) ) ;
#1150 = EDGE_CURVE ( 'NONE', #751, #2026, #2010, .T. ) ;
#1151 = CARTESIAN_POINT ( 'NONE',  ( 129.0000000000000000, 10.00000000000000000, 14.00000000000004619 ) ) ;
#1152 = AXIS2_PLACEMENT_3D ( 'NONE', #347, #1307, #1172 ) ;
#1153 = DIRECTION ( 'NONE',  ( 0.000000000000000000, 1.000000000000000000, 0.000000000000000000 ) ) ;
#1154 = AXIS2_PLACEMENT_3D ( 'NONE', #425, #1071, #723 ) ;
#1155 = AXIS2_PLACEMENT_3D ( 'NONE', #1720, #261, #1351 ) ;
#1156 = PLANE ( 'NONE',  #1039 ) ;
#1157 = LINE ( 'NONE', #1957, #1390 ) ;
#1158 = EDGE_LOOP ( 'NONE', ( #646, #1315, #1897, #1518 ) ) ;
#1159 = FACE_OUTER_BOUND ( 'NONE', #1970, .T. ) ;
#1160 = ORIENTED_EDGE ( 'NONE', *, *, #1137, .T. ) ;
#1161 = ADVANCED_FACE ( 'NONE', ( #1671 ), #557, .F. ) ;
#1162 = LINE ( 'NONE', #1625, #616 ) ;
#1163 = LINE ( 'NONE', #356, #1122 ) ;
#1164 = CARTESIAN_POINT ( 'NONE',  ( 129.0000000000000000, 10.00000000000000000, 12.00000000000004619 ) ) ;
#1165 = DIRECTION ( 'NONE',  ( -0.000000000000000000, 1.000000000000000000, -0.000000000000000000 ) ) ;
#1166 = ORIENTED_EDGE ( 'NONE', *, *, #870, .F. ) ;
#1167 = EDGE_CURVE ( 'NONE', #1670, #1132, #40, .T. ) ;
#1168 = CARTESIAN_POINT ( 'NONE',  ( -129.0000000000000284, 10.00000000000000000, 12.00000000000004619 ) ) ;
#1169 = ORIENTED_EDGE ( 'NONE', *, *, #367, .T. ) ;
#1170 = AXIS2_PLACEMENT_3D ( 'NONE', #1173, #711, #174 ) ;
#1171 = CARTESIAN_POINT ( 'NONE',  ( 129.0000000000000000, 0.000000000000000000, -13.99999999999998046 ) ) ;
#1172 = DIRECTION ( 'NONE',  ( 0.000000000000000000, 0.000000000000000000, 1.000000000000000000 ) ) ;
#1173 = CARTESIAN_POINT ( 'NONE',  ( -102.3175416344814721, 10.00000000000000000, 17.50000000000004619 ) ) ;
#1174 = LINE ( 'NONE', #1864, #307 ) ;
#1175 = ORIENTED_EDGE ( 'NONE', *, *, #966, .T. ) ;
#1176 = DIRECTION ( 'NONE',  ( 0.000000000000000000, 0.000000000000000000, -1.000000000000000000 ) ) ;
#1177 = ORIENTED_EDGE ( 'NONE', *, *, #870, .T. ) ;
#1178 = CARTESIAN_POINT ( 'NONE',  ( 112.0000000000000000, 9.000000000000026645, -14.99999999999995026 ) ) ;
#1179 = ORIENTED_EDGE ( 'NONE', *, *, #1398, .T. ) ;
#1180 = CARTESIAN_POINT ( 'NONE',  ( 112.0379501151741977, 0.6681779358640930200, 13.99615995098556631 ) ) ;
#1181 =( NAMED_UNIT ( * ) PLANE_ANGLE_UNIT ( ) SI_UNIT ( $, .RADIAN. ) );
#1182 = VECTOR ( 'NONE', #1121, 1000.000000000000000 ) ;
#1183 = VECTOR ( 'NONE', #1296, 1000.000000000000000 ) ;
#1184 = AXIS2_PLACEMENT_3D ( 'NONE', #1714, #372, #573 ) ;
#1185 = CARTESIAN_POINT ( 'NONE',  ( 117.0000000000000000, 0.000000000000000000, -9.902453777899063780 ) ) ;
#1186 = DIRECTION ( 'NONE',  ( 0.000000000000000000, 1.000000000000000000, -0.000000000000000000 ) ) ;
#1187 = AXIS2_PLACEMENT_3D ( 'NONE', #2025, #172, #41 ) ;
#1188 = ORIENTED_EDGE ( 'NONE', *, *, #322, .F. ) ;
#1189 = VECTOR ( 'NONE', #210, 1000.000000000000000 ) ;
#1190 = CARTESIAN_POINT ( 'NONE',  ( 102.3175416344814721, 9.000000000000000000, -7.499999999999952038 ) ) ;
#1191 = ORIENTED_EDGE ( 'NONE', *, *, #2057, .T. ) ;
#1192 = CARTESIAN_POINT ( 'NONE',  ( 129.0000000000000000, 0.000000000000000000, 12.00000000000004619 ) ) ;
#1193 = VERTEX_POINT ( 'NONE', #313 ) ;
#1194 = ORIENTED_EDGE ( 'NONE', *, *, #1769, .F. ) ;
#1195 = CARTESIAN_POINT ( 'NONE',  ( 102.3175416344814579, 0.000000000000000000, 6.500000000000073719 ) ) ;
#1196 = CARTESIAN_POINT ( 'NONE',  ( -129.0000000000000284, 0.9999999999999731326, 12.00000000000004619 ) ) ;
#1197 = LINE ( 'NONE', #1852, #821 ) ;
#1198 = ORIENTED_EDGE ( 'NONE', *, *, #1084, .F. ) ;
#1199 = LINE ( 'NONE', #1680, #345 ) ;
#1200 = VERTEX_POINT ( 'NONE', #640 ) ;
#1201 = CARTESIAN_POINT ( 'NONE',  ( -102.3175416344814721, 9.000000000000055067, 7.500000000000043521 ) ) ;
#1202 = DIRECTION ( 'NONE',  ( 0.000000000000000000, 0.000000000000000000, -1.000000000000000000 ) ) ;
#1203 = ORIENTED_EDGE ( 'NONE', *, *, #1673, .F. ) ;
#1204 = AXIS2_PLACEMENT_3D ( 'NONE', #1581, #457, #1443 ) ;
#1205 = CARTESIAN_POINT ( 'NONE',  ( 127.0000000000000000, 0.000000000000000000, -9.902453777899067333 ) ) ;
#1206 = EDGE_CURVE ( 'NONE', #259, #1506, #1578, .T. ) ;
#1207 = FACE_OUTER_BOUND ( 'NONE', #2056, .T. ) ;
#1208 = CARTESIAN_POINT ( 'NONE',  ( -131.0000000000000284, 10.00000000000000000, -1.211993468549129560E-13 ) ) ;
#1209 = ORIENTED_EDGE ( 'NONE', *, *, #957, .F. ) ;
#1210 = FACE_OUTER_BOUND ( 'NONE', #1345, .T. ) ;
#1211 = ORIENTED_EDGE ( 'NONE', *, *, #1478, .F. ) ;
#1212 = FACE_OUTER_BOUND ( 'NONE', #1305, .T. ) ;
#1213 = ORIENTED_EDGE ( 'NONE', *, *, #860, .F. ) ;
#1214 = EDGE_LOOP ( 'NONE', ( #163, #59, #908, #382, #2078, #1876, #766, #189, #49, #426, #1709, #1941, #879, #232, #734, #1886 ) ) ;
#1215 = DIRECTION ( 'NONE',  ( 0.000000000000000000, 1.000000000000000000, -0.000000000000000000 ) ) ;
#1216 = EDGE_CURVE ( 'NONE', #1448, #254, #1430, .T. ) ;
#1217 = AXIS2_PLACEMENT_3D ( 'NONE', #959, #758, #143 ) ;
#1218 = DIRECTION ( 'NONE',  ( 8.487874270925700591E-17, 0.7071067811865575647, 0.7071067811865375807 ) ) ;
#1219 = VERTEX_POINT ( 'NONE', #927 ) ;
#1220 = CIRCLE ( 'NONE', #303, 1.499999999999997780 ) ;
#1221 = AXIS2_PLACEMENT_3D ( 'NONE', #712, #534, #53 ) ;
#1222 = CARTESIAN_POINT ( 'NONE',  ( -129.0000000000000284, 0.000000000000000000, 14.00000000000004619 ) ) ;
#1223 = ORIENTED_EDGE ( 'NONE', *, *, #1251, .F. ) ;
#1224 = CIRCLE ( 'NONE', #890, 1.499999999999997780 ) ;
#1225 = AXIS2_PLACEMENT_3D ( 'NONE', #2091, #630, #1095 ) ;
#1226 = DIRECTION ( 'NONE',  ( 1.000000000000000000, 0.000000000000000000, -1.200366690966094160E-16 ) ) ;
#1227 = EDGE_LOOP ( 'NONE', ( #1844, #1640, #22, #2086 ) ) ;
#1228 = ORIENTED_EDGE ( 'NONE', *, *, #966, .F. ) ;
#1229 = EDGE_CURVE ( 'NONE', #1928, #952, #1597, .T. ) ;
#1230 = LINE ( 'NONE', #404, #477 ) ;
#1231 = CARTESIAN_POINT ( 'NONE',  ( 132.0000000000000000, 10.00000000000000000, -14.99999999999995381 ) ) ;
#1232 = EDGE_CURVE ( 'NONE', #326, #1200, #1422, .T. ) ;
#1233 = ORIENTED_EDGE ( 'NONE', *, *, #245, .F. ) ;
#1234 = CARTESIAN_POINT ( 'NONE',  ( 113.3922809560592668, 9.000000000000026645, 15.00000000000004619 ) ) ;
#1235 = VERTEX_POINT ( 'NONE', #1240 ) ;
#1236 = EDGE_CURVE ( 'NONE', #1326, #1332, #948, .T. ) ;
#1237 = DIRECTION ( 'NONE',  ( 0.000000000000000000, 0.000000000000000000, -1.000000000000000000 ) ) ;
#1238 = FACE_OUTER_BOUND ( 'NONE', #1421, .T. ) ;
#1239 = ORIENTED_EDGE ( 'NONE', *, *, #245, .T. ) ;
#1240 = CARTESIAN_POINT ( 'NONE',  ( -127.0000000000000000, 10.00000000000000000, 8.597546222100936220 ) ) ;
#1241 = CIRCLE ( 'NONE', #1409, 1.499999999999997780 ) ;
#1242 = DIRECTION ( 'NONE',  ( -0.000000000000000000, 1.000000000000000000, 0.000000000000000000 ) ) ;
#1243 = ORIENTED_EDGE ( 'NONE', *, *, #1516, .F. ) ;
#1244 = EDGE_CURVE ( 'NONE', #351, #139, #1270, .T. ) ;
#1245 = LINE ( 'NONE', #438, #1562 ) ;
#1246 = EDGE_LOOP ( 'NONE', ( #95, #2090, #1363, #1233 ) ) ;
#1247 = CARTESIAN_POINT ( 'NONE',  ( 127.0000000000000000, 0.000000000000000000, 11.59754622210093089 ) ) ;
#1248 = CARTESIAN_POINT ( 'NONE',  ( -102.3175416344814721, 0.000000000000000000, 17.50000000000004619 ) ) ;
#1249 = ORIENTED_EDGE ( 'NONE', *, *, #1229, .T. ) ;
#1250 = DIRECTION ( 'NONE',  ( -0.000000000000000000, 1.000000000000000000, 0.000000000000000000 ) ) ;
#1251 = EDGE_CURVE ( 'NONE', #1667, #1338, #32, .T. ) ;
#1252 = LINE ( 'NONE', #802, #1136 ) ;
#1253 = CIRCLE ( 'NONE', #335, 10.00000000000000178 ) ;
#1254 = DIRECTION ( 'NONE',  ( -1.000000000000000000, 0.000000000000000000, 1.734723475976806848E-16 ) ) ;
#1255 = AXIS2_PLACEMENT_3D ( 'NONE', #750, #705, #1346 ) ;
#1256 = EDGE_LOOP ( 'NONE', ( #117, #1704, #1901, #2001 ) ) ;
#1257 = CONICAL_SURFACE ( 'NONE', #652, 10.99999999999997513, 0.7853981633974354004 ) ;
#1258 = CARTESIAN_POINT ( 'NONE',  ( 112.7458684417885166, 0.000000000000000000, 14.00000000000009592 ) ) ;
#1259 = DIRECTION ( 'NONE',  ( 0.000000000000000000, 1.000000000000000000, 0.000000000000000000 ) ) ;
#1260 = ORIENTED_EDGE ( 'NONE', *, *, #151, .F. ) ;
#1261 = CARTESIAN_POINT ( 'NONE',  ( 129.0000000000000000, 10.00000000000000000, 15.00000000000004441 ) ) ;
#1262 = CIRCLE ( 'NONE', #531, 1.499999999999997780 ) ;
#1263 = EDGE_CURVE ( 'NONE', #402, #751, #1397, .T. ) ;
#1264 = DIRECTION ( 'NONE',  ( 0.000000000000000000, 0.000000000000000000, 1.000000000000000000 ) ) ;
#1265 = CARTESIAN_POINT ( 'NONE',  ( -127.0000000000000000, 0.000000000000000000, 8.597546222100936220 ) ) ;
#1266 = EDGE_LOOP ( 'NONE', ( #461, #329, #124, #413 ) ) ;
#1267 = DIRECTION ( 'NONE',  ( 0.7071067811865607844, 0.000000000000000000, -0.7071067811865343611 ) ) ;
#1268 = DIRECTION ( 'NONE',  ( -0.000000000000000000, 1.000000000000000000, -0.000000000000000000 ) ) ;
#1269 = EDGE_LOOP ( 'NONE', ( #1991, #1446 ) ) ;
#1270 = LINE ( 'NONE', #301, #785 ) ;
#1271 = DIRECTION ( 'NONE',  ( 0.000000000000000000, 0.000000000000000000, 1.000000000000000000 ) ) ;
#1272 = ADVANCED_FACE ( 'NONE', ( #1917 ), #342, .F. ) ;
#1273 = AXIS2_PLACEMENT_3D ( 'NONE', #1804, #998, #1501 ) ;
#1274 = CARTESIAN_POINT ( 'NONE',  ( -131.0000000000000284, 10.00000000000000000, 12.00000000000004619 ) ) ;
#1275 = PLANE ( 'NONE',  #1532 ) ;
#1276 = DIRECTION ( 'NONE',  ( 0.000000000000000000, 0.000000000000000000, -1.000000000000000000 ) ) ;
#1277 = EDGE_LOOP ( 'NONE', ( #422, #1375, #813, #1301 ) ) ;
#1278 = DIRECTION ( 'NONE',  ( 0.000000000000000000, -1.000000000000000000, 0.000000000000000000 ) ) ;
#1279 = EDGE_CURVE ( 'NONE', #1338, #1667, #847, .T. ) ;
#1280 = EDGE_CURVE ( 'NONE', #296, #1654, #816, .T. ) ;
#1281 = DIRECTION ( 'NONE',  ( -0.000000000000000000, -1.000000000000000000, -0.000000000000000000 ) ) ;
#1282 = FACE_BOUND ( 'NONE', #1542, .T. ) ;
#1283 = ORIENTED_EDGE ( 'NONE', *, *, #252, .T. ) ;
#1284 = DIRECTION ( 'NONE',  ( 0.000000000000000000, 0.000000000000000000, -1.000000000000000000 ) ) ;
#1285 = ORIENTED_EDGE ( 'NONE', *, *, #388, .T. ) ;
#1286 = LINE ( 'NONE', #1449, #479 ) ;
#1287 = AXIS2_PLACEMENT_3D ( 'NONE', #798, #123, #1102 ) ;
#1288 = VECTOR ( 'NONE', #219, 1000.000000000000000 ) ;
#1289 = CLOSED_SHELL ( 'NONE', ( #393, #1436, #1884, #947, #1550, #2060, #459, #482, #1989, #1433, #1599, #714, #601, #1372, #1903, #1014, #1645, #700, #191, #1490, #704, #115, #1007, #340, #1042, #1590, #1851, #1313, #1790, #1686, #904, #15, #503, #331, #2046, #1898, #680, #1860, #271, #1620, #1539, #405, #206, #769, #1272, #1291, #1321, #2040, #1094, #298, #262, #1779, #99, #42, #1333, #1295, #857, #1497, #1985, #2106, #1418, #276, #1877, #1827, #581, #1161, #725, #1863, #2101, #1674, #1406, #563 ) ) ;
#1290 = CARTESIAN_POINT ( 'NONE',  ( -113.0000000000000284, 9.000000000000000000, 15.00000000000004619 ) ) ;
#1291 = ADVANCED_FACE ( 'NONE', ( #1569 ), #2003, .T. ) ;
#1292 = CARTESIAN_POINT ( 'NONE',  ( 102.3175416344814579, 10.00000000000000000, 6.500000000000045297 ) ) ;
#1293 = DIRECTION ( 'NONE',  ( 6.133173666733412736E-17, 0.7071067811865571207, 0.7071067811865380248 ) ) ;
#1294 = ORIENTED_EDGE ( 'NONE', *, *, #1388, .T. ) ;
#1295 = ADVANCED_FACE ( 'NONE', ( #1934 ), #475, .T. ) ;
#1296 = DIRECTION ( 'NONE',  ( 0.000000000000000000, -1.000000000000000000, 0.000000000000000000 ) ) ;
#1297 = DIRECTION ( 'NONE',  ( -0.000000000000000000, 1.000000000000000000, -0.000000000000000000 ) ) ;
#1298 = CARTESIAN_POINT ( 'NONE',  ( 112.0379501151742971, 9.331822064135836925, 13.99615995098568000 ) ) ;
#1299 = ORIENTED_EDGE ( 'NONE', *, *, #1707, .F. ) ;
#1300 = LINE ( 'NONE', #1964, #757 ) ;
#1301 = ORIENTED_EDGE ( 'NONE', *, *, #1531, .F. ) ;
#1302 = AXIS2_PLACEMENT_3D ( 'NONE', #2107, #1281, #1945 ) ;
#1303 = EDGE_CURVE ( 'NONE', #351, #402, #444, .T. ) ;
#1304 = DIRECTION ( 'NONE',  ( -1.000000000000000000, 0.000000000000000000, 1.200366690966094160E-16 ) ) ;
#1305 = EDGE_LOOP ( 'NONE', ( #1223, #432, #278, #92 ) ) ;
#1306 = CARTESIAN_POINT ( 'NONE',  ( 111.6818966571957361, 9.000000000000055067, 13.99160221631502665 ) ) ;
#1307 = DIRECTION ( 'NONE',  ( -0.000000000000000000, 1.000000000000000000, -0.000000000000000000 ) ) ;
#1308 =( NAMED_UNIT ( * ) SI_UNIT ( $, .STERADIAN. ) SOLID_ANGLE_UNIT ( ) );
#1309 = EDGE_CURVE ( 'NONE', #437, #1910, #456, .T. ) ;
#1310 = FACE_OUTER_BOUND ( 'NONE', #1158, .T. ) ;
#1311 = DIRECTION ( 'NONE',  ( 1.000000000000000000, 0.000000000000000000, -8.673617379884034239E-17 ) ) ;
#1312 = ORIENTED_EDGE ( 'NONE', *, *, #620, .T. ) ;
#1313 = ADVANCED_FACE ( 'NONE', ( #134 ), #1770, .F. ) ;
#1314 = CARTESIAN_POINT ( 'NONE',  ( -132.0000000000000284, 0.9999999999999731326, 12.00000000000004263 ) ) ;
#1315 = ORIENTED_EDGE ( 'NONE', *, *, #1107, .T. ) ;
#1316 = CIRCLE ( 'NONE', #720, 1.499999999999997780 ) ;
#1317 = EDGE_CURVE ( 'NONE', #1396, #400, #1104, .T. ) ;
#1318 = LINE ( 'NONE', #826, #1967 ) ;
#1319 = CARTESIAN_POINT ( 'NONE',  ( -127.0000000000000000, 0.000000000000000000, -11.40245377789906378 ) ) ;
#1320 = CIRCLE ( 'NONE', #1393, 2.999999999999999112 ) ;
#1321 = ADVANCED_FACE ( 'NONE', ( #1950 ), #2047, .T. ) ;
#1322 = DIRECTION ( 'NONE',  ( 1.000000000000000000, 0.000000000000000000, 0.000000000000000000 ) ) ;
#1323 = CARTESIAN_POINT ( 'NONE',  ( 117.0000000000000000, 0.000000000000000000, -9.902453777899063780 ) ) ;
#1324 = EDGE_LOOP ( 'NONE', ( #1424, #225, #386, #2028 ) ) ;
#1325 = CARTESIAN_POINT ( 'NONE',  ( 7.802383491279714959E-16, 0.000000000000000000, 6.500000000000085265 ) ) ;
#1326 = VERTEX_POINT ( 'NONE', #38 ) ;
#1327 = DIRECTION ( 'NONE',  ( 0.6254497363745911143, -0.4665032202867427369, 0.6254497363745973315 ) ) ;
#1328 = DIRECTION ( 'NONE',  ( 0.000000000000000000, 0.000000000000000000, -1.000000000000000000 ) ) ;
#1329 = CARTESIAN_POINT ( 'NONE',  ( 111.6818966571957361, 9.000000000000055067, 13.99160221631502665 ) ) ;
#1330 = DIRECTION ( 'NONE',  ( -1.000000000000000000, 0.000000000000000000, 1.200366690966094160E-16 ) ) ;
#1331 = DIRECTION ( 'NONE',  ( -9.251858538542971828E-16, 0.000000000000000000, 1.000000000000000000 ) ) ;
#1332 = VERTEX_POINT ( 'NONE', #647 ) ;
#1333 = ADVANCED_FACE ( 'NONE', ( #687 ), #330, .T. ) ;
#1334 = CARTESIAN_POINT ( 'NONE',  ( -112.0000000000000000, 0.9999999999999731326, -14.99999999999995381 ) ) ;
#1335 = VERTEX_POINT ( 'NONE', #2105 ) ;
#1336 = CIRCLE ( 'NONE', #569, 1.499999999999997780 ) ;
#1337 = CARTESIAN_POINT ( 'NONE',  ( 112.7458684417885877, 0.000000000000000000, -13.99999999999997691 ) ) ;
#1338 = VERTEX_POINT ( 'NONE', #1983 ) ;
#1339 = EDGE_CURVE ( 'NONE', #64, #903, #1318, .T. ) ;
#1340 = CARTESIAN_POINT ( 'NONE',  ( 112.7458684417885166, 0.000000000000000000, 14.00000000000009592 ) ) ;
#1341 = DIRECTION ( 'NONE',  ( -0.000000000000000000, 1.000000000000000000, -0.000000000000000000 ) ) ;
#1342 = EDGE_CURVE ( 'NONE', #296, #1089, #1286, .T. ) ;
#1343 = CARTESIAN_POINT ( 'NONE',  ( 117.0000000000000000, 0.000000000000000000, 11.59754622210093089 ) ) ;
#1344 = DIRECTION ( 'NONE',  ( 0.000000000000000000, -1.000000000000000000, 0.000000000000000000 ) ) ;
#1345 = EDGE_LOOP ( 'NONE', ( #1294, #1617, #472, #1582 ) ) ;
#1346 = DIRECTION ( 'NONE',  ( 0.000000000000000000, 0.000000000000000000, -1.000000000000000000 ) ) ;
#1347 = ORIENTED_EDGE ( 'NONE', *, *, #96, .T. ) ;
#1348 = DIRECTION ( 'NONE',  ( -1.387778780781445676E-15, 0.000000000000000000, -1.000000000000000000 ) ) ;
#1349 = ORIENTED_EDGE ( 'NONE', *, *, #24, .T. ) ;
#1350 = VERTEX_POINT ( 'NONE', #808 ) ;
#1351 = DIRECTION ( 'NONE',  ( 0.000000000000000000, 0.000000000000000000, -1.000000000000000000 ) ) ;
#1352 = VECTOR ( 'NONE', #202, 1000.000000000000114 ) ;
#1353 = AXIS2_PLACEMENT_3D ( 'NONE', #1356, #1186, #1841 ) ;
#1354 = CARTESIAN_POINT ( 'NONE',  ( 127.0000000000000000, 10.00000000000000000, 8.597546222100936220 ) ) ;
#1355 = AXIS2_PLACEMENT_3D ( 'NONE', #291, #1447, #1900 ) ;
#1356 = CARTESIAN_POINT ( 'NONE',  ( 117.0000000000000000, 10.00000000000000000, -9.902453777899063780 ) ) ;
#1357 = ORIENTED_EDGE ( 'NONE', *, *, #1469, .F. ) ;
#1358 = AXIS2_PLACEMENT_3D ( 'NONE', #1466, #1958, #1176 ) ;
#1359 = VECTOR ( 'NONE', #1840, 1000.000000000000000 ) ;
#1360 = CARTESIAN_POINT ( 'NONE',  ( -129.0000000000000284, 10.00000000000000000, 15.00000000000004619 ) ) ;
#1361 = ORIENTED_EDGE ( 'NONE', *, *, #2016, .F. ) ;
#1362 = LINE ( 'NONE', #1201, #716 ) ;
#1363 = ORIENTED_EDGE ( 'NONE', *, *, #776, .F. ) ;
#1364 = EDGE_LOOP ( 'NONE', ( #1188, #799 ) ) ;
#1365 = EDGE_CURVE ( 'NONE', #1332, #751, #1253, .T. ) ;
#1366 = FACE_OUTER_BOUND ( 'NONE', #1025, .T. ) ;
#1367 = LINE ( 'NONE', #1399, #805 ) ;
#1368 = DIRECTION ( 'NONE',  ( -1.000000000000000000, 0.000000000000000000, 1.734723475976806848E-16 ) ) ;
#1369 = ORIENTED_EDGE ( 'NONE', *, *, #570, .F. ) ;
#1370 = LINE ( 'NONE', #1360, #274 ) ;
#1371 = ORIENTED_EDGE ( 'NONE', *, *, #1962, .T. ) ;
#1372 = ADVANCED_FACE ( 'NONE', ( #678 ), #190, .T. ) ;
#1373 = CARTESIAN_POINT ( 'NONE',  ( 102.3175416344814579, 10.00000000000000000, 7.500000000000018652 ) ) ;
#1374 = ORIENTED_EDGE ( 'NONE', *, *, #305, .T. ) ;
#1375 = ORIENTED_EDGE ( 'NONE', *, *, #487, .F. ) ;
#1376 = AXIS2_PLACEMENT_3D ( 'NONE', #1873, #419, #1065 ) ;
#1377 = LINE ( 'NONE', #1711, #2084 ) ;
#1378 = PLANE ( 'NONE',  #1609 ) ;
#1379 = EDGE_LOOP ( 'NONE', ( #1988, #876 ) ) ;
#1380 = CARTESIAN_POINT ( 'NONE',  ( 132.0000000000000000, 9.000000000000026645, 12.00000000000004619 ) ) ;
#1381 = ORIENTED_EDGE ( 'NONE', *, *, #1365, .T. ) ;
#1382 = EDGE_CURVE ( 'NONE', #1558, #1695, #1162, .T. ) ;
#1383 = DIRECTION ( 'NONE',  ( 0.000000000000000000, 0.000000000000000000, 1.000000000000000000 ) ) ;
#1384 = CARTESIAN_POINT ( 'NONE',  ( -129.0000000000000000, 10.00000000000000000, -11.99999999999995204 ) ) ;
#1385 = EDGE_LOOP ( 'NONE', ( #1587, #481, #1623, #1243 ) ) ;
#1386 = CARTESIAN_POINT ( 'NONE',  ( -102.3175416344814721, 9.000000000000055067, 17.50000000000004619 ) ) ;
#1387 = DIRECTION ( 'NONE',  ( 0.000000000000000000, -1.000000000000000000, -0.000000000000000000 ) ) ;
#1388 = EDGE_CURVE ( 'NONE', #1200, #2021, #1799, .T. ) ;
#1389 = ORIENTED_EDGE ( 'NONE', *, *, #1117, .T. ) ;
#1390 = VECTOR ( 'NONE', #1311, 1000.000000000000000 ) ;
#1391 = DIRECTION ( 'NONE',  ( 0.7071067811865573427, -0.7071067811865378028, 1.226634733346715285E-15 ) ) ;
#1392 = ORIENTED_EDGE ( 'NONE', *, *, #754, .T. ) ;
#1393 = AXIS2_PLACEMENT_3D ( 'NONE', #1796, #361, #318 ) ;
#1394 = FACE_OUTER_BOUND ( 'NONE', #178, .T. ) ;
#1395 = DIRECTION ( 'NONE',  ( 0.000000000000000000, 0.7071067811865389130, -0.7071067811865561215 ) ) ;
#1396 = VERTEX_POINT ( 'NONE', #1972 ) ;
#1397 = LINE ( 'NONE', #600, #302 ) ;
#1398 = EDGE_CURVE ( 'NONE', #1882, #1965, #1613, .T. ) ;
#1399 = CARTESIAN_POINT ( 'NONE',  ( 132.0000000000000000, 9.000000000000026645, 12.00000000000004619 ) ) ;
#1400 = ORIENTED_EDGE ( 'NONE', *, *, #937, .F. ) ;
#1401 = ORIENTED_EDGE ( 'NONE', *, *, #148, .T. ) ;
#1402 = CARTESIAN_POINT ( 'NONE',  ( -117.0000000000000000, 10.00000000000000000, -11.40245377789906023 ) ) ;
#1403 = PRODUCT ( 'Frame-Strengthener', 'Frame-Strengthener', '', ( #1803 ) ) ;
#1404 = FACE_OUTER_BOUND ( 'NONE', #60, .T. ) ;
#1405 = EDGE_LOOP ( 'NONE', ( #1842, #452 ) ) ;
#1406 = ADVANCED_FACE ( 'NONE', ( #364 ), #1468, .T. ) ;
#1407 = DIRECTION ( 'NONE',  ( 0.000000000000000000, 0.000000000000000000, -1.000000000000000000 ) ) ;
#1408 = CIRCLE ( 'NONE', #1579, 2.000000000000029310 ) ;
#1409 = AXIS2_PLACEMENT_3D ( 'NONE', #1701, #490, #1271 ) ;
#1410 = PRODUCT_DEFINITION_FORMATION_WITH_SPECIFIED_SOURCE ( 'ANY', '', #1403, .NOT_KNOWN. ) ;
#1411 = DIRECTION ( 'NONE',  ( -0.000000000000000000, 1.000000000000000000, -0.000000000000000000 ) ) ;
#1412 = ORIENTED_EDGE ( 'NONE', *, *, #1031, .T. ) ;
#1413 = CARTESIAN_POINT ( 'NONE',  ( 112.0000000000000000, 1.000000000000000888, -14.99999999999995026 ) ) ;
#1414 = ORIENTED_EDGE ( 'NONE', *, *, #926, .F. ) ;
#1415 = CARTESIAN_POINT ( 'NONE',  ( -127.0000000000000000, 0.000000000000000000, -11.40245377789906378 ) ) ;
#1416 = FACE_OUTER_BOUND ( 'NONE', #935, .T. ) ;
#1417 = VERTEX_POINT ( 'NONE', #520 ) ;
#1418 = ADVANCED_FACE ( 'NONE', ( #835 ), #1477, .T. ) ;
#1419 = CARTESIAN_POINT ( 'NONE',  ( 102.3175416344814579, 10.00000000000000000, 17.50000000000001776 ) ) ;
#1420 = FACE_OUTER_BOUND ( 'NONE', #455, .T. ) ;
#1421 = EDGE_LOOP ( 'NONE', ( #810, #1778, #615, #260 ) ) ;
#1422 = CIRCLE ( 'NONE', #1974, 2.999999999999999112 ) ;
#1423 = LINE ( 'NONE', #1756, #1018 ) ;
#1424 = ORIENTED_EDGE ( 'NONE', *, *, #1570, .T. ) ;
#1425 = AXIS2_PLACEMENT_3D ( 'NONE', #27, #8, #152 ) ;
#1426 = CIRCLE ( 'NONE', #1700, 1.499999999999997780 ) ;
#1427 = CARTESIAN_POINT ( 'NONE',  ( -113.0000000000000284, 9.000000000000000000, 15.00000000000004619 ) ) ;
#1428 = CYLINDRICAL_SURFACE ( 'NONE', #516, 1.499999999999997780 ) ;
#1429 = ORIENTED_EDGE ( 'NONE', *, *, #2066, .T. ) ;
#1430 = CIRCLE ( 'NONE', #613, 2.000000000000001776 ) ;
#1431 = DIRECTION ( 'NONE',  ( 0.000000000000000000, 0.000000000000000000, -1.000000000000000000 ) ) ;
#1432 = B_SPLINE_CURVE_WITH_KNOTS ( 'NONE', 3,
 ( #1329, #1298, #698, #661 ),
 .UNSPECIFIED., .F., .F.,
 ( 4, 4 ),
 ( 0.000000000000000000, 0.001460173442156899792 ),
 .UNSPECIFIED. ) ;
#1433 = ADVANCED_FACE ( 'NONE', ( #488 ), #1775, .T. ) ;
#1434 = CARTESIAN_POINT ( 'NONE',  ( 131.0000000000000000, 10.00000000000000000, -11.99999999999995559 ) ) ;
#1435 = SURFACE_SIDE_STYLE ('',( #295 ) ) ;
#1436 = ADVANCED_FACE ( 'NONE', ( #1646 ), #159, .F. ) ;
#1437 = CARTESIAN_POINT ( 'NONE',  ( 102.3175416344814721, 0.000000000000000000, -17.49999999999995381 ) ) ;
#1438 = EDGE_CURVE ( 'NONE', #956, #1608, #528, .T. ) ;
#1439 = DIRECTION ( 'NONE',  ( 1.000000000000000000, 0.000000000000000000, -8.673617379884034239E-17 ) ) ;
#1440 = ORIENTED_EDGE ( 'NONE', *, *, #1785, .T. ) ;
#1441 = EDGE_CURVE ( 'NONE', #1731, #259, #564, .T. ) ;
#1442 = DIRECTION ( 'NONE',  ( 0.000000000000000000, 0.000000000000000000, -1.000000000000000000 ) ) ;
#1443 = DIRECTION ( 'NONE',  ( 0.000000000000000000, 0.000000000000000000, 1.000000000000000000 ) ) ;
#1444 = AXIS2_PLACEMENT_3D ( 'NONE', #760, #1218, #727 ) ;
#1445 = CARTESIAN_POINT ( 'NONE',  ( -102.3175416344814721, 0.9999999999999731326, 7.500000000000043521 ) ) ;
#1446 = ORIENTED_EDGE ( 'NONE', *, *, #1512, .F. ) ;
#1447 = DIRECTION ( 'NONE',  ( 0.000000000000000000, 1.000000000000000000, 0.000000000000000000 ) ) ;
#1448 = VERTEX_POINT ( 'NONE', #1880 ) ;
#1449 = CARTESIAN_POINT ( 'NONE',  ( -127.0000000000000000, 0.000000000000000000, -8.402453777899069109 ) ) ;
#1450 = EDGE_CURVE ( 'NONE', #527, #2042, #576, .T. ) ;
#1451 = PLANE ( 'NONE',  #321 ) ;
#1452 = EDGE_LOOP ( 'NONE', ( #2006, #985, #535, #420 ) ) ;
#1453 = EDGE_CURVE ( 'NONE', #390, #851, #1362, .T. ) ;
#1454 = FACE_OUTER_BOUND ( 'NONE', #1214, .T. ) ;
#1455 = ORIENTED_EDGE ( 'NONE', *, *, #1916, .T. ) ;
#1456 = CARTESIAN_POINT ( 'NONE',  ( -102.3175416344814579, 10.00000000000000000, -17.49999999999992539 ) ) ;
#1457 = EDGE_LOOP ( 'NONE', ( #142, #2075, #439, #946 ) ) ;
#1458 = DIRECTION ( 'NONE',  ( -0.000000000000000000, 1.000000000000000000, -0.000000000000000000 ) ) ;
#1459 = AXIS2_PLACEMENT_3D ( 'NONE', #149, #141, #1439 ) ;
#1460 = AXIS2_PLACEMENT_3D ( 'NONE', #697, #1660, #836 ) ;
#1461 = CONICAL_SURFACE ( 'NONE', #553, 2.000000000000026201, 0.7853981633974348453 ) ;
#1462 = DIRECTION ( 'NONE',  ( 0.000000000000000000, 0.000000000000000000, 1.000000000000000000 ) ) ;
#1463 = ORIENTED_EDGE ( 'NONE', *, *, #1811, .F. ) ;
#1464 = EDGE_CURVE ( 'NONE', #1677, #1731, #1408, .T. ) ;
#1465 = CARTESIAN_POINT ( 'NONE',  ( 102.3175416344814579, 0.9999999999999731326, 17.50000000000001776 ) ) ;
#1466 = CARTESIAN_POINT ( 'NONE',  ( 129.0000000000000000, 0.000000000000000000, -11.99999999999995559 ) ) ;
#1467 = ORIENTED_EDGE ( 'NONE', *, *, #1929, .F. ) ;
#1468 = PLANE ( 'NONE',  #237 ) ;
#1469 = EDGE_CURVE ( 'NONE', #1612, #209, #1951, .T. ) ;
#1470 = LINE ( 'NONE', #323, #1489 ) ;
#1471 = LINE ( 'NONE', #1343, #255 ) ;
#1472 = FACE_BOUND ( 'NONE', #902, .T. ) ;
#1473 = ORIENTED_EDGE ( 'NONE', *, *, #1692, .T. ) ;
#1474 = AXIS2_PLACEMENT_3D ( 'NONE', #1196, #2024, #929 ) ;
#1475 = FACE_OUTER_BOUND ( 'NONE', #832, .T. ) ;
#1476 = EDGE_LOOP ( 'NONE', ( #266, #549, #1484, #1400 ) ) ;
#1477 = PLANE ( 'NONE',  #1425 ) ;
#1478 = EDGE_CURVE ( 'NONE', #956, #743, #599, .T. ) ;
#1479 = CARTESIAN_POINT ( 'NONE',  ( -102.3175416344814579, 0.000000000000000000, -17.49999999999992539 ) ) ;
#1480 = CARTESIAN_POINT ( 'NONE',  ( -132.0000000000000000, 0.9999999999999731326, -14.99999999999995204 ) ) ;
#1481 = DIRECTION ( 'NONE',  ( 0.000000000000000000, -0.000000000000000000, -1.000000000000000000 ) ) ;
#1482 = ORIENTED_EDGE ( 'NONE', *, *, #1309, .F. ) ;
#1483 = CARTESIAN_POINT ( 'NONE',  ( -102.3175416344814721, 10.00000000000000000, -7.499999999999926281 ) ) ;
#1484 = ORIENTED_EDGE ( 'NONE', *, *, #2009, .F. ) ;
#1485 = AXIS2_PLACEMENT_3D ( 'NONE', #1479, #679, #1976 ) ;
#1486 = DIRECTION ( 'NONE',  ( 0.000000000000000000, 0.000000000000000000, 1.000000000000000000 ) ) ;
#1487 = AXIS2_PLACEMENT_3D ( 'NONE', #277, #2074, #2102 ) ;
#1488 = CARTESIAN_POINT ( 'NONE',  ( -102.3175416344814721, 0.000000000000000000, 6.500000000000097700 ) ) ;
#1489 = VECTOR ( 'NONE', #1822, 1000.000000000000000 ) ;
#1490 = ADVANCED_FACE ( 'NONE', ( #424 ), #1508, .F. ) ;
#1491 = AXIS2_PLACEMENT_3D ( 'NONE', #755, #1037, #224 ) ;
#1492 = DIRECTION ( 'NONE',  ( -0.000000000000000000, 1.000000000000000000, -0.000000000000000000 ) ) ;
#1493 = LINE ( 'NONE', #829, #717 ) ;
#1494 = EDGE_LOOP ( 'NONE', ( #1128, #1572 ) ) ;
#1495 = DIRECTION ( 'NONE',  ( -0.000000000000000000, 1.000000000000000000, -0.000000000000000000 ) ) ;
#1496 = ORIENTED_EDGE ( 'NONE', *, *, #33, .T. ) ;
#1497 = ADVANCED_FACE ( 'NONE', ( #1992 ), #2039, .F. ) ;
#1498 = DIRECTION ( 'NONE',  ( 0.000000000000000000, -1.000000000000000000, 0.000000000000000000 ) ) ;
#1499 = ORIENTED_EDGE ( 'NONE', *, *, #1929, .T. ) ;
#1500 = CARTESIAN_POINT ( 'NONE',  ( -102.3175416344814721, 0.000000000000000000, 6.500000000000097700 ) ) ;
#1501 = DIRECTION ( 'NONE',  ( 0.000000000000000000, 0.000000000000000000, -1.000000000000000000 ) ) ;
#1502 = CARTESIAN_POINT ( 'NONE',  ( 132.0000000000000000, 9.000000000000026645, 12.00000000000004619 ) ) ;
#1503 = VERTEX_POINT ( 'NONE', #2005 ) ;
#1504 = APPLICATION_CONTEXT ( 'automotive_design' ) ;
#1505 = CYLINDRICAL_SURFACE ( 'NONE', #921, 1.499999999999997780 ) ;
#1506 = VERTEX_POINT ( 'NONE', #213 ) ;
#1507 = AXIS2_PLACEMENT_3D ( 'NONE', #1144, #1030, #828 ) ;
#1508 = CYLINDRICAL_SURFACE ( 'NONE', #1678, 1.499999999999997780 ) ;
#1509 = ORIENTED_EDGE ( 'NONE', *, *, #166, .T. ) ;
#1510 = ORIENTED_EDGE ( 'NONE', *, *, #415, .F. ) ;
#1511 = CARTESIAN_POINT ( 'NONE',  ( -112.0000000000000000, 9.000000000000000000, -14.99999999999995381 ) ) ;
#1512 = EDGE_CURVE ( 'NONE', #1049, #1335, #497, .T. ) ;
#1513 = DIRECTION ( 'NONE',  ( 0.000000000000000000, 1.000000000000000000, -0.000000000000000000 ) ) ;
#1514 = DIRECTION ( 'NONE',  ( 0.000000000000000000, 0.000000000000000000, 1.000000000000000000 ) ) ;
#1515 = ORIENTED_EDGE ( 'NONE', *, *, #992, .F. ) ;
#1516 = EDGE_CURVE ( 'NONE', #939, #351, #1133, .T. ) ;
#1517 = FACE_OUTER_BOUND ( 'NONE', #54, .T. ) ;
#1518 = ORIENTED_EDGE ( 'NONE', *, *, #415, .T. ) ;
#1519 = CARTESIAN_POINT ( 'NONE',  ( -112.0000000000000000, 9.000000000000000000, -14.99999999999995381 ) ) ;
#1520 = ORIENTED_EDGE ( 'NONE', *, *, #108, .T. ) ;
#1521 = EDGE_LOOP ( 'NONE', ( #257, #703 ) ) ;
#1522 = B_SPLINE_CURVE_WITH_KNOTS ( 'NONE', 3,
 ( #63, #1043, #208, #571 ),
 .UNSPECIFIED., .F., .F.,
 ( 4, 4 ),
 ( 0.000000000000000000, 0.001598849502753786796 ),
 .UNSPECIFIED. ) ;
#1523 = AXIS2_PLACEMENT_3D ( 'NONE', #1040, #608, #1605 ) ;
#1524 = DIRECTION ( 'NONE',  ( 0.7071067811865378028, 0.7071067811865573427, 0.000000000000000000 ) ) ;
#1525 = CIRCLE ( 'NONE', #1255, 1.499999999999997780 ) ;
#1526 = VECTOR ( 'NONE', #161, 1000.000000000000000 ) ;
#1527 = DIRECTION ( 'NONE',  ( 0.000000000000000000, 0.7071067811865359154, -0.7071067811865592301 ) ) ;
#1528 = VECTOR ( 'NONE', #1268, 1000.000000000000000 ) ;
#1529 = DIRECTION ( 'NONE',  ( 0.000000000000000000, 1.000000000000000000, 0.000000000000000000 ) ) ;
#1530 = VERTEX_POINT ( 'NONE', #376 ) ;
#1531 = EDGE_CURVE ( 'NONE', #264, #390, #392, .T. ) ;
#1532 = AXIS2_PLACEMENT_3D ( 'NONE', #1427, #626, #1267 ) ;
#1533 = CARTESIAN_POINT ( 'NONE',  ( 127.0000000000000000, 0.000000000000000000, 10.09754622210093444 ) ) ;
#1534 = ORIENTED_EDGE ( 'NONE', *, *, #532, .T. ) ;
#1535 = CARTESIAN_POINT ( 'NONE',  ( -131.0000000000000284, 10.00000000000000000, -1.211993468549129560E-13 ) ) ;
#1536 = ORIENTED_EDGE ( 'NONE', *, *, #1244, .T. ) ;
#1537 = ORIENTED_EDGE ( 'NONE', *, *, #1982, .T. ) ;
#1538 = CARTESIAN_POINT ( 'NONE',  ( -127.0000000000000000, 0.000000000000000000, 10.09754622210093444 ) ) ;
#1539 = ADVANCED_FACE ( 'NONE', ( #248 ), #878, .F. ) ;
#1540 = DIRECTION ( 'NONE',  ( 1.000000000000000000, 0.000000000000000000, 0.000000000000000000 ) ) ;
#1541 = CARTESIAN_POINT ( 'NONE',  ( -117.0000000000000000, 10.00000000000000000, -8.402453777899065557 ) ) ;
#1542 = EDGE_LOOP ( 'NONE', ( #1817, #1177 ) ) ;
#1543 = DIRECTION ( 'NONE',  ( 0.000000000000000000, -0.7071067811865573427, 0.7071067811865378028 ) ) ;
#1544 = ORIENTED_EDGE ( 'NONE', *, *, #546, .F. ) ;
#1545 = DIRECTION ( 'NONE',  ( 0.000000000000000000, 0.000000000000000000, -1.000000000000000000 ) ) ;
#1546 = CARTESIAN_POINT ( 'NONE',  ( 131.0000000000000284, 0.000000000000000000, 12.00000000000004619 ) ) ;
#1547 = ORIENTED_EDGE ( 'NONE', *, *, #1845, .F. ) ;
#1548 = AXIS2_PLACEMENT_3D ( 'NONE', #1721, #1041, #1862 ) ;
#1549 = CARTESIAN_POINT ( 'NONE',  ( -132.0000000000000000, 9.000000000000000000, -14.99999999999995204 ) ) ;
#1550 = ADVANCED_FACE ( 'NONE', ( #1212 ), #234, .F. ) ;
#1551 = AXIS2_PLACEMENT_3D ( 'NONE', #1607, #622, #1264 ) ;
#1552 = DIRECTION ( 'NONE',  ( -1.226634733346716320E-16, -0.7071067811865375807, -0.7071067811865574537 ) ) ;
#1553 = ORIENTED_EDGE ( 'NONE', *, *, #860, .T. ) ;
#1554 = CARTESIAN_POINT ( 'NONE',  ( -132.0000000000000284, 9.000000000000000000, 15.00000000000004619 ) ) ;
#1555 = EDGE_LOOP ( 'NONE', ( #555, #519, #1689, #1856 ) ) ;
#1556 = FACE_BOUND ( 'NONE', #1820, .T. ) ;
#1557 = CARTESIAN_POINT ( 'NONE',  ( 129.0000000000000000, 9.000000000000026645, 15.00000000000004441 ) ) ;
#1558 = VERTEX_POINT ( 'NONE', #1519 ) ;
#1559 = DIRECTION ( 'NONE',  ( 0.000000000000000000, -1.000000000000000000, -0.000000000000000000 ) ) ;
#1560 = DIRECTION ( 'NONE',  ( -0.000000000000000000, -1.000000000000000000, -0.000000000000000000 ) ) ;
#1561 = ORIENTED_EDGE ( 'NONE', *, *, #2023, .T. ) ;
#1562 = VECTOR ( 'NONE', #1088, 1000.000000000000000 ) ;
#1563 = VECTOR ( 'NONE', #1595, 1000.000000000000000 ) ;
#1564 = VERTEX_POINT ( 'NONE', #79 ) ;
#1565 = VECTOR ( 'NONE', #1304, 1000.000000000000000 ) ;
#1566 = CARTESIAN_POINT ( 'NONE',  ( 117.0000000000000000, 10.00000000000000000, -9.902453777899063780 ) ) ;
#1567 = DIRECTION ( 'NONE',  ( 0.000000000000000000, 1.000000000000000000, -0.000000000000000000 ) ) ;
#1568 = ORIENTED_EDGE ( 'NONE', *, *, #620, .F. ) ;
#1569 = FACE_OUTER_BOUND ( 'NONE', #1722, .T. ) ;
#1570 = EDGE_CURVE ( 'NONE', #2042, #390, #721, .T. ) ;
#1571 = DIRECTION ( 'NONE',  ( 0.000000000000000000, -1.000000000000000000, 0.000000000000000000 ) ) ;
#1572 = ORIENTED_EDGE ( 'NONE', *, *, #1649, .T. ) ;
#1573 = CARTESIAN_POINT ( 'NONE',  ( 102.3175416344814721, 0.9999999999999731326, -7.499999999999952038 ) ) ;
#1574 = VERTEX_POINT ( 'NONE', #1337 ) ;
#1575 = FACE_BOUND ( 'NONE', #763, .T. ) ;
#1576 = DIRECTION ( 'NONE',  ( 0.000000000000000000, 0.000000000000000000, -1.000000000000000000 ) ) ;
#1577 = EDGE_LOOP ( 'NONE', ( #562, #1198, #1249, #677 ) ) ;
#1578 = LINE ( 'NONE', #1261, #1148 ) ;
#1579 = AXIS2_PLACEMENT_3D ( 'NONE', #1192, #412, #1857 ) ;
#1580 = CONICAL_SURFACE ( 'NONE', #1302, 11.00000000000000000, 0.7853981633974613796 ) ;
#1581 = CARTESIAN_POINT ( 'NONE',  ( 117.0000000000000000, 0.000000000000000000, -9.902453777899063780 ) ) ;
#1582 = ORIENTED_EDGE ( 'NONE', *, *, #352, .F. ) ;
#1583 = CARTESIAN_POINT ( 'NONE',  ( 117.0000000000000000, 10.00000000000000000, -8.402453777899065557 ) ) ;
#1584 = LINE ( 'NONE', #453, #1912 ) ;
#1585 = EDGE_CURVE ( 'NONE', #939, #1326, #1830, .T. ) ;
#1586 = DIRECTION ( 'NONE',  ( -0.000000000000000000, 1.000000000000000000, -0.000000000000000000 ) ) ;
#1587 = ORIENTED_EDGE ( 'NONE', *, *, #1585, .T. ) ;
#1588 = CARTESIAN_POINT ( 'NONE',  ( 102.3175416344814721, 10.00000000000000000, -6.499999999999978684 ) ) ;
#1589 = DIRECTION ( 'NONE',  ( 0.000000000000000000, 0.000000000000000000, 1.000000000000000000 ) ) ;
#1590 = ADVANCED_FACE ( 'NONE', ( #1831 ), #732, .F. ) ;
#1591 = DIRECTION ( 'NONE',  ( 0.000000000000000000, 1.000000000000000000, 0.000000000000000000 ) ) ;
#1592 = ORIENTED_EDGE ( 'NONE', *, *, #151, .T. ) ;
#1593 = VECTOR ( 'NONE', #181, 1000.000000000000000 ) ;
#1594 = DIRECTION ( 'NONE',  ( 0.000000000000000000, 0.000000000000000000, 1.000000000000000000 ) ) ;
#1595 = DIRECTION ( 'NONE',  ( -0.000000000000000000, 1.000000000000000000, -0.000000000000000000 ) ) ;
#1596 = ORIENTED_EDGE ( 'NONE', *, *, #423, .F. ) ;
#1597 = LINE ( 'NONE', #1894, #1794 ) ;
#1598 = DIRECTION ( 'NONE',  ( -1.000000000000000000, 0.000000000000000000, 1.734723475976806848E-16 ) ) ;
#1599 = ADVANCED_FACE ( 'NONE', ( #1070 ), #267, .F. ) ;
#1600 = LINE ( 'NONE', #1413, #34 ) ;
#1601 = VERTEX_POINT ( 'NONE', #1402 ) ;
#1602 = EDGE_CURVE ( 'NONE', #69, #1923, #1750, .T. ) ;
#1603 = DIRECTION ( 'NONE',  ( -0.7071067811865573427, 0.7071067811865378028, -0.000000000000000000 ) ) ;
#1604 = EDGE_LOOP ( 'NONE', ( #924, #1868, #830, #692 ) ) ;
#1605 = DIRECTION ( 'NONE',  ( 1.000000000000000000, 0.000000000000000000, 0.000000000000000000 ) ) ;
#1606 = EDGE_CURVE ( 'NONE', #515, #1115, #1116, .T. ) ;
#1607 = CARTESIAN_POINT ( 'NONE',  ( -117.0000000000000000, 0.000000000000000000, -9.902453777899063780 ) ) ;
#1608 = VERTEX_POINT ( 'NONE', #1101 ) ;
#1609 = AXIS2_PLACEMENT_3D ( 'NONE', #1231, #1540, #916 ) ;
#1610 = FACE_OUTER_BOUND ( 'NONE', #1324, .T. ) ;
#1611 = DIRECTION ( 'NONE',  ( -9.251858538542971828E-16, 0.000000000000000000, 1.000000000000000000 ) ) ;
#1612 = VERTEX_POINT ( 'NONE', #596 ) ;
#1613 = LINE ( 'NONE', #1171, #1054 ) ;
#1614 = EDGE_CURVE ( 'NONE', #724, #885, #784, .T. ) ;
#1615 = CARTESIAN_POINT ( 'NONE',  ( 127.0000000000000000, 10.00000000000000000, 11.59754622210093089 ) ) ;
#1616 = CARTESIAN_POINT ( 'NONE',  ( -102.3175416344814721, 0.9999999999999731326, -7.499999999999926281 ) ) ;
#1617 = ORIENTED_EDGE ( 'NONE', *, *, #575, .F. ) ;
#1618 = LINE ( 'NONE', #664, #649 ) ;
#1619 = ORIENTED_EDGE ( 'NONE', *, *, #877, .F. ) ;
#1620 = ADVANCED_FACE ( 'NONE', ( #1899 ), #270, .F. ) ;
#1621 = CIRCLE ( 'NONE', #443, 11.00000000000000355 ) ;
#1622 = CARTESIAN_POINT ( 'NONE',  ( -129.0000000000000284, 10.00000000000000000, 12.00000000000004619 ) ) ;
#1623 = ORIENTED_EDGE ( 'NONE', *, *, #1303, .F. ) ;
#1624 = AXIS2_PLACEMENT_3D ( 'NONE', #1465, #505, #1134 ) ;
#1625 = CARTESIAN_POINT ( 'NONE',  ( -112.0000000000000000, 10.00000000000000000, -14.99999999999995381 ) ) ;
#1626 = VECTOR ( 'NONE', #239, 1000.000000000000000 ) ;
#1627 = AXIS2_PLACEMENT_3D ( 'NONE', #1622, #971, #1808 ) ;
#1628 = CARTESIAN_POINT ( 'NONE',  ( -117.0000000000000000, 0.000000000000000000, -9.902453777899063780 ) ) ;
#1629 = UNCERTAINTY_MEASURE_WITH_UNIT (LENGTH_MEASURE( 1.000000000000000082E-05 ), #379, 'distance_accuracy_value', 'NONE');
#1630 = CARTESIAN_POINT ( 'NONE',  ( 102.3175416344814721, 0.000000000000000000, -6.499999999999951150 ) ) ;
#1631 = DIRECTION ( 'NONE',  ( 0.000000000000000000, 0.000000000000000000, 1.000000000000000000 ) ) ;
#1632 = EDGE_CURVE ( 'NONE', #2026, #1695, #749, .T. ) ;
#1633 = DIRECTION ( 'NONE',  ( 0.000000000000000000, 0.000000000000000000, 1.000000000000000000 ) ) ;
#1634 = ORIENTED_EDGE ( 'NONE', *, *, #367, .F. ) ;
#1635 = DIRECTION ( 'NONE',  ( -0.7071067811865573427, 0.7071067811865378028, 0.000000000000000000 ) ) ;
#1636 = FACE_OUTER_BOUND ( 'NONE', #344, .T. ) ;
#1637 = CARTESIAN_POINT ( 'NONE',  ( 0.000000000000000000, 0.000000000000000000, 0.000000000000000000 ) ) ;
#1638 = DIRECTION ( 'NONE',  ( -8.487874270925937250E-17, 0.7071067811865379138, -0.7071067811865572317 ) ) ;
#1639 = FACE_BOUND ( 'NONE', #1521, .T. ) ;
#1640 = ORIENTED_EDGE ( 'NONE', *, *, #852, .F. ) ;
#1641 = CONICAL_SURFACE ( 'NONE', #122, 1.999999999999998224, 0.7853981633974626009 ) ;
#1642 = VECTOR ( 'NONE', #1341, 1000.000000000000000 ) ;
#1643 = DIRECTION ( 'NONE',  ( 0.000000000000000000, -1.000000000000000000, -0.000000000000000000 ) ) ;
#1644 = EDGE_LOOP ( 'NONE', ( #1058, #109, #686, #269 ) ) ;
#1645 = ADVANCED_FACE ( 'NONE', ( #1726, #1556, #1575, #605, #2087, #635, #1890, #433, #100 ), #1080, .F. ) ;
#1646 = FACE_OUTER_BOUND ( 'NONE', #119, .T. ) ;
#1647 = CARTESIAN_POINT ( 'NONE',  ( 132.0000000000000000, 10.00000000000000000, -11.99999999999995559 ) ) ;
#1648 = DIRECTION ( 'NONE',  ( 0.000000000000000000, 0.000000000000000000, 1.000000000000000000 ) ) ;
#1649 = EDGE_CURVE ( 'NONE', #2036, #584, #195, .T. ) ;
#1650 = DIRECTION ( 'NONE',  ( -1.000000000000000000, 0.000000000000000000, -0.000000000000000000 ) ) ;
#1651 = ORIENTED_EDGE ( 'NONE', *, *, #2034, .T. ) ;
#1652 = EDGE_CURVE ( 'NONE', #1809, #1219, #922, .T. ) ;
#1653 = DIRECTION ( 'NONE',  ( 0.5078765015848186737, 0.000000000000000000, -0.8614298921780957352 ) ) ;
#1654 = VERTEX_POINT ( 'NONE', #1415 ) ;
#1655 = AXIS2_PLACEMENT_3D ( 'NONE', #1109, #1738, #111 ) ;
#1656 = AXIS2_PLACEMENT_3D ( 'NONE', #1538, #567, #1861 ) ;
#1657 = DIRECTION ( 'NONE',  ( 0.000000000000000000, 0.000000000000000000, -1.000000000000000000 ) ) ;
#1658 = ORIENTED_EDGE ( 'NONE', *, *, #546, .T. ) ;
#1659 = AXIS2_PLACEMENT_3D ( 'NONE', #980, #1943, #355 ) ;
#1660 = DIRECTION ( 'NONE',  ( 0.000000000000000000, 1.000000000000000000, -0.000000000000000000 ) ) ;
#1661 = DIRECTION ( 'NONE',  ( 1.000000000000000000, 0.000000000000000000, 0.000000000000000000 ) ) ;
#1662 = AXIS2_PLACEMENT_3D ( 'NONE', #2089, #1603, #627 ) ;
#1663 = CARTESIAN_POINT ( 'NONE',  ( -112.0000000000000000, 0.9999999999999731326, 15.00000000000004619 ) ) ;
#1664 = CARTESIAN_POINT ( 'NONE',  ( 129.0000000000000000, 0.000000000000000000, -14.99999999999995381 ) ) ;
#1665 = EDGE_LOOP ( 'NONE', ( #2097, #733, #1568, #98 ) ) ;
#1666 = DIRECTION ( 'NONE',  ( 0.000000000000000000, -1.000000000000000000, 0.000000000000000000 ) ) ;
#1667 = VERTEX_POINT ( 'NONE', #2076 ) ;
#1668 = DIRECTION ( 'NONE',  ( -0.000000000000000000, 1.000000000000000000, -0.000000000000000000 ) ) ;
#1669 = EDGE_CURVE ( 'NONE', #885, #1745, #1936, .T. ) ;
#1670 = VERTEX_POINT ( 'NONE', #1258 ) ;
#1671 = FACE_OUTER_BOUND ( 'NONE', #719, .T. ) ;
#1672 = SHAPE_DEFINITION_REPRESENTATION ( #748, #23 ) ;
#1673 = EDGE_CURVE ( 'NONE', #743, #639, #1584, .T. ) ;
#1674 = ADVANCED_FACE ( 'NONE', ( #130 ), #1275, .T. ) ;
#1675 = CARTESIAN_POINT ( 'NONE',  ( 1.214306433183772066E-15, 0.000000000000000000, 14.00000000000008349 ) ) ;
#1676 = CARTESIAN_POINT ( 'NONE',  ( -102.3175416344814721, 9.000000000000055067, 7.500000000000043521 ) ) ;
#1677 = VERTEX_POINT ( 'NONE', #462 ) ;
#1678 = AXIS2_PLACEMENT_3D ( 'NONE', #387, #1668, #1693 ) ;
#1679 = VECTOR ( 'NONE', #1322, 1000.000000000000000 ) ;
#1680 = CARTESIAN_POINT ( 'NONE',  ( -129.0000000000000284, 10.00000000000000000, 14.00000000000007283 ) ) ;
#1681 = ORIENTED_EDGE ( 'NONE', *, *, #2108, .F. ) ;
#1682 = CARTESIAN_POINT ( 'NONE',  ( -129.0000000000000000, 0.000000000000000000, -11.99999999999995204 ) ) ;
#1683 = ORIENTED_EDGE ( 'NONE', *, *, #570, .T. ) ;
#1684 = ORIENTED_EDGE ( 'NONE', *, *, #1719, .T. ) ;
#1685 = CARTESIAN_POINT ( 'NONE',  ( -102.3175416344814721, 9.000000000000055067, 7.500000000000043521 ) ) ;
#1686 = ADVANCED_FACE ( 'NONE', ( #1394 ), #1758, .F. ) ;
#1687 = CARTESIAN_POINT ( 'NONE',  ( 117.0000000000000000, 10.00000000000000000, 10.09754622210093444 ) ) ;
#1688 = LINE ( 'NONE', #228, #1288 ) ;
#1689 = ORIENTED_EDGE ( 'NONE', *, *, #1339, .F. ) ;
#1690 = FACE_OUTER_BOUND ( 'NONE', #1066, .T. ) ;
#1691 = ORIENTED_EDGE ( 'NONE', *, *, #184, .F. ) ;
#1692 = EDGE_CURVE ( 'NONE', #729, #1506, #624, .T. ) ;
#1693 = DIRECTION ( 'NONE',  ( 0.000000000000000000, 0.000000000000000000, 1.000000000000000000 ) ) ;
#1694 = DIRECTION ( 'NONE',  ( -0.000000000000000000, 1.000000000000000000, -0.000000000000000000 ) ) ;
#1695 = VERTEX_POINT ( 'NONE', #533 ) ;
#1696 = AXIS2_PLACEMENT_3D ( 'NONE', #1628, #859, #1130 ) ;
#1697 = EDGE_CURVE ( 'NONE', #110, #80, #366, .T. ) ;
#1698 = LINE ( 'NONE', #744, #1800 ) ;
#1699 = VECTOR ( 'NONE', #231, 1000.000000000000000 ) ;
#1700 = AXIS2_PLACEMENT_3D ( 'NONE', #996, #489, #500 ) ;
#1701 = CARTESIAN_POINT ( 'NONE',  ( -127.0000000000000000, 0.000000000000000000, -9.902453777899067333 ) ) ;
#1702 = CIRCLE ( 'NONE', #792, 1.499999999999997780 ) ;
#1703 = DIRECTION ( 'NONE',  ( -0.000000000000000000, 1.000000000000000000, -0.000000000000000000 ) ) ;
#1704 = ORIENTED_EDGE ( 'NONE', *, *, #1814, .F. ) ;
#1705 = DIRECTION ( 'NONE',  ( -1.000000000000000000, 0.000000000000000000, 0.000000000000000000 ) ) ;
#1706 = ORIENTED_EDGE ( 'NONE', *, *, #1142, .T. ) ;
#1707 = EDGE_CURVE ( 'NONE', #584, #2036, #1262, .T. ) ;
#1708 = CARTESIAN_POINT ( 'NONE',  ( -112.3250496445942872, 9.652472269260220727, 13.83839116981095074 ) ) ;
#1709 = ORIENTED_EDGE ( 'NONE', *, *, #285, .T. ) ;
#1710 = ORIENTED_EDGE ( 'NONE', *, *, #82, .F. ) ;
#1711 = CARTESIAN_POINT ( 'NONE',  ( 117.0000000000000000, 0.000000000000000000, 8.597546222100936220 ) ) ;
#1712 = CARTESIAN_POINT ( 'NONE',  ( 132.0000000000000000, 1.000000000000000888, -14.99999999999995381 ) ) ;
#1713 = ORIENTED_EDGE ( 'NONE', *, *, #332, .F. ) ;
#1714 = CARTESIAN_POINT ( 'NONE',  ( -127.0000000000000000, 0.000000000000000000, -9.902453777899067333 ) ) ;
#1715 = ORIENTED_EDGE ( 'NONE', *, *, #795, .F. ) ;
#1716 = DIRECTION ( 'NONE',  ( 1.000000000000000000, -0.000000000000000000, 9.251858538542971828E-16 ) ) ;
#1717 = LINE ( 'NONE', #1557, #684 ) ;
#1718 = ORIENTED_EDGE ( 'NONE', *, *, #931, .F. ) ;
#1719 = EDGE_CURVE ( 'NONE', #743, #411, #394, .T. ) ;
#1720 = CARTESIAN_POINT ( 'NONE',  ( 129.0000000000000000, 10.00000000000000000, -11.99999999999995559 ) ) ;
#1721 = CARTESIAN_POINT ( 'NONE',  ( -102.3175416344814579, 9.000000000000000000, -17.49999999999992539 ) ) ;
#1722 = EDGE_LOOP ( 'NONE', ( #1455, #1194, #1993, #604 ) ) ;
#1723 = EDGE_CURVE ( 'NONE', #1695, #1046, #380, .T. ) ;
#1724 = DIRECTION ( 'NONE',  ( -0.7071067811865474617, -0.7071067811865474617, -1.226634733346698324E-15 ) ) ;
#1725 = ORIENTED_EDGE ( 'NONE', *, *, #532, .F. ) ;
#1726 = FACE_OUTER_BOUND ( 'NONE', #1767, .T. ) ;
#1727 = FACE_OUTER_BOUND ( 'NONE', #1476, .T. ) ;
#1728 = ORIENTED_EDGE ( 'NONE', *, *, #230, .T. ) ;
#1729 = CARTESIAN_POINT ( 'NONE',  ( 112.0000000000000000, 10.00000000000000000, -14.99999999999995026 ) ) ;
#1730 = CARTESIAN_POINT ( 'NONE',  ( 127.0000000000000000, 0.000000000000000000, -8.402453777899069109 ) ) ;
#1731 = VERTEX_POINT ( 'NONE', #1019 ) ;
#1732 = CIRCLE ( 'NONE', #105, 1.499999999999997780 ) ;
#1733 = CIRCLE ( 'NONE', #417, 10.00000000000000178 ) ;
#1734 = VECTOR ( 'NONE', #811, 1000.000000000000000 ) ;
#1735 = LINE ( 'NONE', #1274, #3 ) ;
#1736 = ORIENTED_EDGE ( 'NONE', *, *, #82, .T. ) ;
#1737 = CONICAL_SURFACE ( 'NONE', #1911, 2.000000000000027978, 0.7853981633974340681 ) ;
#1738 = DIRECTION ( 'NONE',  ( 0.000000000000000000, -1.000000000000000000, 0.000000000000000000 ) ) ;
#1739 = LINE ( 'NONE', #2103, #1973 ) ;
#1740 = VERTEX_POINT ( 'NONE', #194 ) ;
#1741 = DIRECTION ( 'NONE',  ( -1.000000000000000000, 0.000000000000000000, 1.239088197126290817E-16 ) ) ;
#1742 = CYLINDRICAL_SURFACE ( 'NONE', #1204, 1.499999999999997780 ) ;
#1743 = EDGE_CURVE ( 'NONE', #312, #724, #834, .T. ) ;
#1744 = FACE_OUTER_BOUND ( 'NONE', #155, .T. ) ;
#1745 = VERTEX_POINT ( 'NONE', #1354 ) ;
#1746 = DIRECTION ( 'NONE',  ( -0.1768652212687505942, -0.6959592996381264163, 0.6959592996381070984 ) ) ;
#1747 = LINE ( 'NONE', #786, #853 ) ;
#1748 = ORIENTED_EDGE ( 'NONE', *, *, #2044, .F. ) ;
#1749 = DIRECTION ( 'NONE',  ( 0.000000000000000000, -1.000000000000000000, 0.000000000000000000 ) ) ;
#1750 = CIRCLE ( 'NONE', #815, 1.499999999999997780 ) ;
#1751 = VECTOR ( 'NONE', #218, 1000.000000000000000 ) ;
#1752 = EDGE_CURVE ( 'NONE', #334, #1396, #43, .T. ) ;
#1753 = AXIS2_PLACEMENT_3D ( 'NONE', #541, #846, #1953 ) ;
#1754 = LINE ( 'NONE', #809, #772 ) ;
#1755 = ORIENTED_EDGE ( 'NONE', *, *, #1342, .F. ) ;
#1756 = CARTESIAN_POINT ( 'NONE',  ( -129.0000000000000000, 0.9999999999999731326, -14.99999999999995204 ) ) ;
#1757 = ORIENTED_EDGE ( 'NONE', *, *, #841, .T. ) ;
#1758 = CYLINDRICAL_SURFACE ( 'NONE', #450, 10.00000000000000178 ) ;
#1759 = CARTESIAN_POINT ( 'NONE',  ( -127.0000000000000000, 10.00000000000000000, -9.902453777899067333 ) ) ;
#1760 = ORIENTED_EDGE ( 'NONE', *, *, #1652, .F. ) ;
#1761 = CARTESIAN_POINT ( 'NONE',  ( -129.0000000000000284, 0.000000000000000000, 12.00000000000004619 ) ) ;
#1762 = EDGE_CURVE ( 'NONE', #1338, #1335, #1471, .T. ) ;
#1763 = DIRECTION ( 'NONE',  ( 0.000000000000000000, 0.000000000000000000, 1.000000000000000000 ) ) ;
#1764 = PRESENTATION_LAYER_ASSIGNMENT (  '', '', ( #512 ) ) ;
#1765 = VERTEX_POINT ( 'NONE', #20 ) ;
#1766 = CARTESIAN_POINT ( 'NONE',  ( 127.0000000000000000, 10.00000000000000000, -9.902453777899067333 ) ) ;
#1767 = EDGE_LOOP ( 'NONE', ( #1536, #1239, #1191, #360, #1392, #1374, #1412, #1684, #858, #1981, #403, #1879, #1892, #1389, #1553, #2032 ) ) ;
#1768 = AXIS2_PLACEMENT_3D ( 'NONE', #1248, #1092, #454 ) ;
#1769 = EDGE_CURVE ( 'NONE', #972, #574, #1003, .T. ) ;
#1770 = CYLINDRICAL_SURFACE ( 'NONE', #135, 10.00000000000000000 ) ;
#1771 = DIRECTION ( 'NONE',  ( -1.000000000000000000, 0.000000000000000000, 8.673617379884034239E-17 ) ) ;
#1772 = DIRECTION ( 'NONE',  ( 0.000000000000000000, 0.000000000000000000, -1.000000000000000000 ) ) ;
#1773 = DIRECTION ( 'NONE',  ( 0.000000000000000000, 1.000000000000000000, -0.000000000000000000 ) ) ;
#1774 = ORIENTED_EDGE ( 'NONE', *, *, #317, .T. ) ;
#1775 = PLANE ( 'NONE',  #306 ) ;
#1776 = DIRECTION ( 'NONE',  ( -0.000000000000000000, 1.000000000000000000, -0.000000000000000000 ) ) ;
#1777 = CARTESIAN_POINT ( 'NONE',  ( 112.0000000000000000, 10.00000000000000000, -7.499999999999952927 ) ) ;
#1778 = ORIENTED_EDGE ( 'NONE', *, *, #2063, .F. ) ;
#1779 = ADVANCED_FACE ( 'NONE', ( #1963 ), #1977, .F. ) ;
#1780 = CONICAL_SURFACE ( 'NONE', #871, 10.99999999999997158, 0.7853981633974621568 ) ;
#1781 = PLANE ( 'NONE',  #925 ) ;
#1782 = ORIENTED_EDGE ( 'NONE', *, *, #1280, .F. ) ;
#1783 = PLANE ( 'NONE',  #73 ) ;
#1784 = VERTEX_POINT ( 'NONE', #207 ) ;
#1785 = EDGE_CURVE ( 'NONE', #770, #6, #673, .T. ) ;
#1786 = DIRECTION ( 'NONE',  ( -8.673617379884034239E-17, 0.000000000000000000, -1.000000000000000000 ) ) ;
#1787 = FACE_OUTER_BOUND ( 'NONE', #587, .T. ) ;
#1788 = APPLICATION_PROTOCOL_DEFINITION ( 'draft international standard', 'automotive_design', 1998, #383 ) ;
#1789 = ORIENTED_EDGE ( 'NONE', *, *, #891, .F. ) ;
#1790 = ADVANCED_FACE ( 'NONE', ( #1310 ), #701, .F. ) ;
#1791 = DIRECTION ( 'NONE',  ( 0.000000000000000000, 0.000000000000000000, -1.000000000000000000 ) ) ;
#1792 = CARTESIAN_POINT ( 'NONE',  ( -131.0000000000000000, 0.000000000000000000, -11.99999999999995559 ) ) ;
#1793 = VERTEX_POINT ( 'NONE', #52 ) ;
#1794 = VECTOR ( 'NONE', #272, 1000.000000000000000 ) ;
#1795 = VECTOR ( 'NONE', #1635, 1000.000000000000000 ) ;
#1796 = CARTESIAN_POINT ( 'NONE',  ( 129.0000000000000000, 1.000000000000000888, 12.00000000000004619 ) ) ;
#1797 = ORIENTED_EDGE ( 'NONE', *, *, #1056, .F. ) ;
#1798 = VECTOR ( 'NONE', #1984, 1000.000000000000000 ) ;
#1799 = LINE ( 'NONE', #346, #1795 ) ;
#1800 = VECTOR ( 'NONE', #1524, 1000.000000000000000 ) ;
#1801 = AXIS2_PLACEMENT_3D ( 'NONE', #849, #1996, #62 ) ;
#1802 = DIRECTION ( 'NONE',  ( 0.000000000000000000, -0.7071067811865383579, -0.7071067811865566766 ) ) ;
#1803 = PRODUCT_CONTEXT ( 'NONE', #383, 'mechanical' ) ;
#1804 = CARTESIAN_POINT ( 'NONE',  ( -102.3175416344814721, 10.00000000000000000, 17.50000000000004619 ) ) ;
#1805 = FACE_BOUND ( 'NONE', #235, .T. ) ;
#1806 = ORIENTED_EDGE ( 'NONE', *, *, #1244, .F. ) ;
#1807 = EDGE_CURVE ( 'NONE', #1046, #903, #872, .T. ) ;
#1808 = DIRECTION ( 'NONE',  ( 0.000000000000000000, 0.000000000000000000, -1.000000000000000000 ) ) ;
#1809 = VERTEX_POINT ( 'NONE', #543 ) ;
#1810 = CARTESIAN_POINT ( 'NONE',  ( -132.0000000000000000, 10.00000000000000000, -14.99999999999995204 ) ) ;
#1811 = EDGE_CURVE ( 'NONE', #577, #1235, #1815, .T. ) ;
#1812 = CARTESIAN_POINT ( 'NONE',  ( -129.0000000000000000, 10.00000000000000000, -11.99999999999995204 ) ) ;
#1813 = CARTESIAN_POINT ( 'NONE',  ( -127.0000000000000000, 10.00000000000000000, 10.09754622210093444 ) ) ;
#1814 = EDGE_CURVE ( 'NONE', #354, #545, #2099, .T. ) ;
#1815 = LINE ( 'NONE', #504, #1954 ) ;
#1816 = PLANE ( 'NONE',  #960 ) ;
#1817 = ORIENTED_EDGE ( 'NONE', *, *, #795, .T. ) ;
#1818 = CIRCLE ( 'NONE', #498, 1.499999999999997780 ) ;
#1819 = CYLINDRICAL_SURFACE ( 'NONE', #654, 2.999999999999999112 ) ;
#1820 = EDGE_LOOP ( 'NONE', ( #607, #843 ) ) ;
#1821 = DIRECTION ( 'NONE',  ( -0.000000000000000000, -1.000000000000000000, -0.000000000000000000 ) ) ;
#1822 = DIRECTION ( 'NONE',  ( -0.000000000000000000, 1.000000000000000000, -0.000000000000000000 ) ) ;
#1823 = APPLICATION_PROTOCOL_DEFINITION ( 'draft international standard', 'automotive_design', 1998, #1504 ) ;
#1824 = DIRECTION ( 'NONE',  ( -0.000000000000000000, 1.000000000000000000, -0.000000000000000000 ) ) ;
#1825 = LINE ( 'NONE', #1208, #1939 ) ;
#1826 = ORIENTED_EDGE ( 'NONE', *, *, #348, .F. ) ;
#1827 = ADVANCED_FACE ( 'NONE', ( #337 ), #1156, .F. ) ;
#1828 = CARTESIAN_POINT ( 'NONE',  ( 127.0000000000000000, 0.000000000000000000, -9.902453777899067333 ) ) ;
#1829 = VERTEX_POINT ( 'NONE', #558 ) ;
#1830 = B_SPLINE_CURVE_WITH_KNOTS ( 'NONE', 3,
 ( #586, #2030, #538, #1178 ),
 .UNSPECIFIED., .F., .F.,
 ( 4, 4 ),
 ( 0.000000000000000000, 0.001598849502753768147 ),
 .UNSPECIFIED. ) ;
#1831 = FACE_OUTER_BOUND ( 'NONE', #1869, .T. ) ;
#1832 = EDGE_CURVE ( 'NONE', #390, #657, #883, .T. ) ;
#1833 = EDGE_LOOP ( 'NONE', ( #1859, #855, #31, #1000 ) ) ;
#1834 = VECTOR ( 'NONE', #1978, 1000.000000000000000 ) ;
#1835 = CARTESIAN_POINT ( 'NONE',  ( 111.6818966571957361, 0.9999999999999729106, 13.99160221631502488 ) ) ;
#1836 = AXIS2_PLACEMENT_3D ( 'NONE', #1384, #2041, #1202 ) ;
#1837 = VECTOR ( 'NONE', #1344, 1000.000000000000000 ) ;
#1838 = FACE_OUTER_BOUND ( 'NONE', #1452, .T. ) ;
#1839 = CIRCLE ( 'NONE', #1627, 2.000000000000027978 ) ;
#1840 = DIRECTION ( 'NONE',  ( 1.000000000000000000, 0.000000000000000000, -1.239088197126290817E-16 ) ) ;
#1841 = DIRECTION ( 'NONE',  ( 0.000000000000000000, 0.000000000000000000, -1.000000000000000000 ) ) ;
#1842 = ORIENTED_EDGE ( 'NONE', *, *, #1280, .T. ) ;
#1843 = CARTESIAN_POINT ( 'NONE',  ( -112.7458684417885166, 0.000000000000000000, 14.00000000000006928 ) ) ;
#1844 = ORIENTED_EDGE ( 'NONE', *, *, #2009, .T. ) ;
#1845 = EDGE_CURVE ( 'NONE', #1910, #264, #591, .T. ) ;
#1846 = CARTESIAN_POINT ( 'NONE',  ( 112.0000000000000000, 0.9999999999999731326, 7.500000000000017764 ) ) ;
#1847 = CYLINDRICAL_SURFACE ( 'NONE', #1491, 2.999999999999999112 ) ;
#1848 = ORIENTED_EDGE ( 'NONE', *, *, #1206, .F. ) ;
#1849 = DIRECTION ( 'NONE',  ( 0.000000000000000000, -1.000000000000000000, 0.000000000000000000 ) ) ;
#1850 = DIRECTION ( 'NONE',  ( 0.000000000000000000, 1.000000000000000000, -0.000000000000000000 ) ) ;
#1851 = ADVANCED_FACE ( 'NONE', ( #1207 ), #116, .F. ) ;
#1852 = CARTESIAN_POINT ( 'NONE',  ( -117.0000000000000000, 0.000000000000000000, 11.59754622210093089 ) ) ;
#1853 = ORIENTED_EDGE ( 'NONE', *, *, #841, .F. ) ;
#1854 = VECTOR ( 'NONE', #480, 1000.000000000000000 ) ;
#1855 = LINE ( 'NONE', #1554, #1968 ) ;
#1856 = ORIENTED_EDGE ( 'NONE', *, *, #2057, .F. ) ;
#1857 = DIRECTION ( 'NONE',  ( 0.000000000000000000, 0.000000000000000000, -1.000000000000000000 ) ) ;
#1858 = LINE ( 'NONE', #1546, #986 ) ;
#1859 = ORIENTED_EDGE ( 'NONE', *, *, #957, .T. ) ;
#1860 = ADVANCED_FACE ( 'NONE', ( #896 ), #1641, .T. ) ;
#1861 = DIRECTION ( 'NONE',  ( 0.000000000000000000, 0.000000000000000000, 1.000000000000000000 ) ) ;
#1862 = DIRECTION ( 'NONE',  ( 1.387778780781445478E-15, 0.000000000000000000, -1.000000000000000000 ) ) ;
#1863 = ADVANCED_FACE ( 'NONE', ( #738 ), #290, .F. ) ;
#1864 = CARTESIAN_POINT ( 'NONE',  ( 132.0000000000000000, 9.000000000000026645, -14.99999999999995381 ) ) ;
#1865 = EDGE_LOOP ( 'NONE', ( #1147, #696 ) ) ;
#1866 = DIRECTION ( 'NONE',  ( 0.000000000000000000, 0.000000000000000000, 1.000000000000000000 ) ) ;
#1867 = DIRECTION ( 'NONE',  ( 0.000000000000000000, -1.000000000000000000, 0.000000000000000000 ) ) ;
#1868 = ORIENTED_EDGE ( 'NONE', *, *, #1752, .T. ) ;
#1869 = EDGE_LOOP ( 'NONE', ( #1002, #1228, #1139, #486 ) ) ;
#1870 = LINE ( 'NONE', #726, #241 ) ;
#1871 = AXIS2_PLACEMENT_3D ( 'NONE', #1112, #936, #1924 ) ;
#1872 = AXIS2_PLACEMENT_3D ( 'NONE', #730, #1666, #256 ) ;
#1873 = CARTESIAN_POINT ( 'NONE',  ( -117.0000000000000000, 0.000000000000000000, 10.09754622210093444 ) ) ;
#1874 = AXIS2_PLACEMENT_3D ( 'NONE', #923, #1567, #1576 ) ;
#1875 = VECTOR ( 'NONE', #71, 1000.000000000000000 ) ;
#1876 = ORIENTED_EDGE ( 'NONE', *, *, #309, .T. ) ;
#1877 = ADVANCED_FACE ( 'NONE', ( #253 ), #2035, .T. ) ;
#1878 = CARTESIAN_POINT ( 'NONE',  ( -112.2560526160279579, 0.6694374941236120868, -14.66943749412358500 ) ) ;
#1879 = ORIENTED_EDGE ( 'NONE', *, *, #1769, .T. ) ;
#1880 = CARTESIAN_POINT ( 'NONE',  ( -129.0000000000000284, 0.000000000000000000, 14.00000000000004619 ) ) ;
#1881 = CARTESIAN_POINT ( 'NONE',  ( 102.3175416344814721, 0.000000000000000000, -6.499999999999951150 ) ) ;
#1882 = VERTEX_POINT ( 'NONE', #273 ) ;
#1883 = CARTESIAN_POINT ( 'NONE',  ( -112.7458684417886445, 0.000000000000000000, -13.99999999999995381 ) ) ;
#1884 = ADVANCED_FACE ( 'NONE', ( #1885 ), #1075, .F. ) ;
#1885 = FACE_OUTER_BOUND ( 'NONE', #880, .T. ) ;
#1886 = ORIENTED_EDGE ( 'NONE', *, *, #1469, .T. ) ;
#1887 = EDGE_CURVE ( 'NONE', #1558, #1740, #941, .T. ) ;
#1888 = CARTESIAN_POINT ( 'NONE',  ( -129.0000000000000000, 10.00000000000000000, -11.99999999999995204 ) ) ;
#1889 = ORIENTED_EDGE ( 'NONE', *, *, #322, .T. ) ;
#1890 = FACE_BOUND ( 'NONE', #1379, .T. ) ;
#1891 = EDGE_LOOP ( 'NONE', ( #244, #634, #362, #1748 ) ) ;
#1892 = ORIENTED_EDGE ( 'NONE', *, *, #575, .T. ) ;
#1893 = VECTOR ( 'NONE', #358, 1000.000000000000000 ) ;
#1894 = CARTESIAN_POINT ( 'NONE',  ( 127.0000000000000000, 0.000000000000000000, -8.402453777899069109 ) ) ;
#1895 = FACE_OUTER_BOUND ( 'NONE', #2104, .T. ) ;
#1896 = ORIENTED_EDGE ( 'NONE', *, *, #1056, .T. ) ;
#1897 = ORIENTED_EDGE ( 'NONE', *, *, #1438, .T. ) ;
#1898 = ADVANCED_FACE ( 'NONE', ( #1895 ), #263, .T. ) ;
#1899 = FACE_OUTER_BOUND ( 'NONE', #1644, .T. ) ;
#1900 = DIRECTION ( 'NONE',  ( 0.000000000000000000, 0.000000000000000000, 1.000000000000000000 ) ) ;
#1901 = ORIENTED_EDGE ( 'NONE', *, *, #184, .T. ) ;
#1902 = DIRECTION ( 'NONE',  ( -0.4481637544375697835, -0.4704500253763125306, 0.7601486846873107828 ) ) ;
#1903 = ADVANCED_FACE ( 'NONE', ( #2049 ), #1378, .T. ) ;
#1904 = AXIS2_PLACEMENT_3D ( 'NONE', #1306, #995, #973 ) ;
#1905 = AXIS2_PLACEMENT_3D ( 'NONE', #796, #118, #1909 ) ;
#1906 = CARTESIAN_POINT ( 'NONE',  ( -2.428612866367517310E-15, 10.00000000000000000, -13.99999999999993072 ) ) ;
#1907 = CONICAL_SURFACE ( 'NONE', #1971, 10.99999999999997513, 0.7853981633974630450 ) ;
#1908 = AXIS2_PLACEMENT_3D ( 'NONE', #311, #1586, #2077 ) ;
#1909 = DIRECTION ( 'NONE',  ( 0.000000000000000000, 0.000000000000000000, 1.000000000000000000 ) ) ;
#1910 = VERTEX_POINT ( 'NONE', #2059 ) ;
#1911 = AXIS2_PLACEMENT_3D ( 'NONE', #1168, #199, #157 ) ;
#1912 = VECTOR ( 'NONE', #1746, 1000.000000000000114 ) ;
#1913 = DIRECTION ( 'NONE',  ( 0.000000000000000000, 1.000000000000000000, -0.000000000000000000 ) ) ;
#1914 = DIRECTION ( 'NONE',  ( 0.000000000000000000, 0.000000000000000000, -1.000000000000000000 ) ) ;
#1915 = ORIENTED_EDGE ( 'NONE', *, *, #388, .F. ) ;
#1916 = EDGE_CURVE ( 'NONE', #729, #574, #1367, .T. ) ;
#1917 = FACE_OUTER_BOUND ( 'NONE', #1246, .T. ) ;
#1918 = FACE_OUTER_BOUND ( 'NONE', #667, .T. ) ;
#1919 = FILL_AREA_STYLE_COLOUR ( '', #2004 ) ;
#1920 = DIRECTION ( 'NONE',  ( 9.251858538542971828E-16, 0.000000000000000000, -1.000000000000000000 ) ) ;
#1921 = EDGE_CURVE ( 'NONE', #1765, #334, #55, .T. ) ;
#1922 = DIRECTION ( 'NONE',  ( -0.000000000000000000, -1.000000000000000000, 0.000000000000000000 ) ) ;
#1923 = VERTEX_POINT ( 'NONE', #1085 ) ;
#1924 = DIRECTION ( 'NONE',  ( 0.000000000000000000, 0.000000000000000000, 1.000000000000000000 ) ) ;
#1925 = AXIS2_PLACEMENT_3D ( 'NONE', #1164, #1824, #1791 ) ;
#1926 = CIRCLE ( 'NONE', #1551, 1.499999999999997780 ) ;
#1927 = CARTESIAN_POINT ( 'NONE',  ( 113.3922809560592668, 1.000000000000000888, 15.00000000000004619 ) ) ;
#1928 = VERTEX_POINT ( 'NONE', #1730 ) ;
#1929 = EDGE_CURVE ( 'NONE', #1193, #1564, #87, .T. ) ;
#1930 = FACE_OUTER_BOUND ( 'NONE', #1035, .T. ) ;
#1931 = DIRECTION ( 'NONE',  ( 0.000000000000000000, 0.000000000000000000, 1.000000000000000000 ) ) ;
#1932 = CYLINDRICAL_SURFACE ( 'NONE', #1908, 1.499999999999997780 ) ;
#1933 = ORIENTED_EDGE ( 'NONE', *, *, #1632, .T. ) ;
#1934 = FACE_OUTER_BOUND ( 'NONE', #197, .T. ) ;
#1935 = FACE_OUTER_BOUND ( 'NONE', #76, .T. ) ;
#1936 = CIRCLE ( 'NONE', #1015, 1.499999999999997780 ) ;
#1937 = AXIS2_PLACEMENT_3D ( 'NONE', #618, #1902, #2098 ) ;
#1938 = DIRECTION ( 'NONE',  ( 1.200366690966094160E-16, -0.000000000000000000, 1.000000000000000000 ) ) ;
#1939 = VECTOR ( 'NONE', #1331, 1000.000000000000000 ) ;
#1940 = CARTESIAN_POINT ( 'NONE',  ( 117.0000000000000000, 0.000000000000000000, 10.09754622210093444 ) ) ;
#1941 = ORIENTED_EDGE ( 'NONE', *, *, #212, .T. ) ;
#1942 = VECTOR ( 'NONE', #1694, 1000.000000000000000 ) ;
#1943 = DIRECTION ( 'NONE',  ( 8.673617379884034239E-17, -0.000000000000000000, 1.000000000000000000 ) ) ;
#1944 = FACE_OUTER_BOUND ( 'NONE', #1022, .T. ) ;
#1945 = DIRECTION ( 'NONE',  ( 0.000000000000000000, 0.000000000000000000, -1.000000000000000000 ) ) ;
#1946 = CARTESIAN_POINT ( 'NONE',  ( -102.3175416344814721, 10.00000000000000000, 17.50000000000004619 ) ) ;
#1947 = ORIENTED_EDGE ( 'NONE', *, *, #160, .T. ) ;
#1948 = DIRECTION ( 'NONE',  ( -0.000000000000000000, 1.000000000000000000, -0.000000000000000000 ) ) ;
#1949 = VERTEX_POINT ( 'NONE', #2013 ) ;
#1950 = FACE_OUTER_BOUND ( 'NONE', #1125, .T. ) ;
#1951 = CIRCLE ( 'NONE', #771, 2.000000000000001776 ) ;
#1952 = CARTESIAN_POINT ( 'NONE',  ( 112.7458684417885451, 10.00000000000000000, 14.00000000000006928 ) ) ;
#1953 = DIRECTION ( 'NONE',  ( -1.000000000000000000, 0.000000000000000000, 0.000000000000000000 ) ) ;
#1954 = VECTOR ( 'NONE', #1492, 1000.000000000000000 ) ;
#1955 = ORIENTED_EDGE ( 'NONE', *, *, #1719, .F. ) ;
#1956 =( GEOMETRIC_REPRESENTATION_CONTEXT ( 3 ) GLOBAL_UNCERTAINTY_ASSIGNED_CONTEXT ( ( #1629 ) ) GLOBAL_UNIT_ASSIGNED_CONTEXT ( ( #379, #1181, #1308 ) ) REPRESENTATION_CONTEXT ( 'NONE', 'WORKASPACE' ) );
#1957 = CARTESIAN_POINT ( 'NONE',  ( 129.0000000000000000, 10.00000000000000000, 14.00000000000004619 ) ) ;
#1958 = DIRECTION ( 'NONE',  ( 0.000000000000000000, -1.000000000000000000, 0.000000000000000000 ) ) ;
#1959 = ORIENTED_EDGE ( 'NONE', *, *, #529, .T. ) ;
#1960 = DIRECTION ( 'NONE',  ( -0.000000000000000000, -1.000000000000000000, -0.000000000000000000 ) ) ;
#1961 = LINE ( 'NONE', #509, #1526 ) ;
#1962 = EDGE_CURVE ( 'NONE', #1335, #1049, #1336, .T. ) ;
#1963 = FACE_OUTER_BOUND ( 'NONE', #1891, .T. ) ;
#1964 = CARTESIAN_POINT ( 'NONE',  ( 112.0000000000000000, 9.000000000000000000, -7.499999999999952927 ) ) ;
#1965 = VERTEX_POINT ( 'NONE', #1051 ) ;
#1966 = AXIS2_PLACEMENT_3D ( 'NONE', #1386, #710, #2045 ) ;
#1967 = VECTOR ( 'NONE', #499, 1000.000000000000000 ) ;
#1968 = VECTOR ( 'NONE', #1705, 1000.000000000000000 ) ;
#1969 = LINE ( 'NONE', #1483, #928 ) ;
#1970 = EDGE_LOOP ( 'NONE', ( #1482, #578, #176, #1547 ) ) ;
#1971 = AXIS2_PLACEMENT_3D ( 'NONE', #1946, #1703, #1052 ) ;
#1972 = CARTESIAN_POINT ( 'NONE',  ( -113.0000000000000284, 0.9999999999999731326, 15.00000000000004619 ) ) ;
#1973 = VECTOR ( 'NONE', #441, 1000.000000000000000 ) ;
#1974 = AXIS2_PLACEMENT_3D ( 'NONE', #965, #2058, #1407 ) ;
#1975 = EDGE_CURVE ( 'NONE', #1654, #296, #1241, .T. ) ;
#1976 = DIRECTION ( 'NONE',  ( 0.000000000000000000, 0.000000000000000000, -1.000000000000000000 ) ) ;
#1977 = PLANE ( 'NONE',  #1074 ) ;
#1978 = DIRECTION ( 'NONE',  ( -0.000000000000000000, -1.000000000000000000, -0.000000000000000000 ) ) ;
#1979 = EDGE_LOOP ( 'NONE', ( #287, #429 ) ) ;
#1980 = CARTESIAN_POINT ( 'NONE',  ( 113.3922809560592668, 10.00000000000000000, 15.00000000000004619 ) ) ;
#1981 = ORIENTED_EDGE ( 'NONE', *, *, #487, .T. ) ;
#1982 = EDGE_CURVE ( 'NONE', #1670, #437, #967, .T. ) ;
#1983 = CARTESIAN_POINT ( 'NONE',  ( 117.0000000000000000, 0.000000000000000000, 11.59754622210093089 ) ) ;
#1984 = DIRECTION ( 'NONE',  ( -0.000000000000000000, 1.000000000000000000, -0.000000000000000000 ) ) ;
#1985 = ADVANCED_FACE ( 'NONE', ( #136 ), #1780, .F. ) ;
#1986 = DIRECTION ( 'NONE',  ( 0.000000000000000000, 1.000000000000000000, 0.000000000000000000 ) ) ;
#1987 = LINE ( 'NONE', #75, #37 ) ;
#1988 = ORIENTED_EDGE ( 'NONE', *, *, #1606, .F. ) ;
#1989 = ADVANCED_FACE ( 'NONE', ( #1420 ), #1451, .F. ) ;
#1990 = FACE_OUTER_BOUND ( 'NONE', #470, .T. ) ;
#1991 = ORIENTED_EDGE ( 'NONE', *, *, #1962, .F. ) ;
#1992 = FACE_OUTER_BOUND ( 'NONE', #1227, .T. ) ;
#1993 = ORIENTED_EDGE ( 'NONE', *, *, #89, .F. ) ;
#1994 = CARTESIAN_POINT ( 'NONE',  ( 112.3924484201134391, 0.3346542096884857487, 13.99874766294248829 ) ) ;
#1995 = DIRECTION ( 'NONE',  ( 0.000000000000000000, 0.000000000000000000, -1.000000000000000000 ) ) ;
#1996 = DIRECTION ( 'NONE',  ( 0.000000000000000000, -1.000000000000000000, 0.000000000000000000 ) ) ;
#1997 = CARTESIAN_POINT ( 'NONE',  ( -112.7458684417886303, 10.00000000000000000, -13.99999999999998046 ) ) ;
#1998 = ORIENTED_EDGE ( 'NONE', *, *, #325, .T. ) ;
#1999 = EDGE_CURVE ( 'NONE', #1765, #254, #609, .T. ) ;
#2000 = CARTESIAN_POINT ( 'NONE',  ( -113.0000000000000284, 10.00000000000000000, 15.00000000000004619 ) ) ;
#2001 = ORIENTED_EDGE ( 'NONE', *, *, #1606, .T. ) ;
#2002 = AXIS2_PLACEMENT_3D ( 'NONE', #1437, #944, #911 ) ;
#2003 = CONICAL_SURFACE ( 'NONE', #233, 2.000000000000001776, 0.7853981633974609355 ) ;
#2004 = COLOUR_RGB ( '',0.7921568627450980005, 0.8196078431372548767, 0.9333333333333333481 ) ;
#2005 = CARTESIAN_POINT ( 'NONE',  ( -127.0000000000000000, 10.00000000000000000, -11.40245377789906378 ) ) ;
#2006 = ORIENTED_EDGE ( 'NONE', *, *, #926, .T. ) ;
#2007 = ORIENTED_EDGE ( 'NONE', *, *, #1602, .F. ) ;
#2008 = VECTOR ( 'NONE', #2085, 1000.000000000000000 ) ;
#2009 = EDGE_CURVE ( 'NONE', #1350, #14, #1252, .T. ) ;
#2010 = LINE ( 'NONE', #378, #72 ) ;
#2011 = VECTOR ( 'NONE', #845, 1000.000000000000114 ) ;
#2012 = VECTOR ( 'NONE', #1391, 1000.000000000000000 ) ;
#2013 = CARTESIAN_POINT ( 'NONE',  ( -132.0000000000000000, 0.9999999999999731326, -11.99999999999995559 ) ) ;
#2014 = CARTESIAN_POINT ( 'NONE',  ( -112.7458684417885593, 10.00000000000000000, 14.00000000000009770 ) ) ;
#2015 = ORIENTED_EDGE ( 'NONE', *, *, #1216, .F. ) ;
#2016 = EDGE_CURVE ( 'NONE', #956, #639, #1097, .T. ) ;
#2017 = DIRECTION ( 'NONE',  ( 0.000000000000000000, -1.000000000000000000, 0.000000000000000000 ) ) ;
#2018 = ORIENTED_EDGE ( 'NONE', *, *, #1999, .T. ) ;
#2019 = DIRECTION ( 'NONE',  ( -1.000000000000000000, 0.000000000000000000, 1.200366690966094160E-16 ) ) ;
#2020 = CARTESIAN_POINT ( 'NONE',  ( -132.0000000000000000, 9.000000000000000000, -11.99999999999995559 ) ) ;
#2021 = VERTEX_POINT ( 'NONE', #1434 ) ;
#2022 = DIRECTION ( 'NONE',  ( 1.000000000000000000, 0.000000000000000000, 0.000000000000000000 ) ) ;
#2023 = EDGE_CURVE ( 'NONE', #400, #1608, #11, .T. ) ;
#2024 = DIRECTION ( 'NONE',  ( 0.000000000000000000, 1.000000000000000000, 0.000000000000000000 ) ) ;
#2025 = CARTESIAN_POINT ( 'NONE',  ( -127.0000000000000000, 0.000000000000000000, 10.09754622210093444 ) ) ;
#2026 = VERTEX_POINT ( 'NONE', #1616 ) ;
#2027 = DIRECTION ( 'NONE',  ( 0.000000000000000000, 1.000000000000000000, 0.000000000000000000 ) ) ;
#2028 = ORIENTED_EDGE ( 'NONE', *, *, #1450, .T. ) ;
#2029 = CONICAL_SURFACE ( 'NONE', #398, 10.99999999999994493, 0.7853981633974346233 ) ;
#2030 = CARTESIAN_POINT ( 'NONE',  ( 112.5042564117959074, 9.664052105421312433, -14.33594789457865026 ) ) ;
#2031 = ORIENTED_EDGE ( 'NONE', *, *, #665, .F. ) ;
#2032 = ORIENTED_EDGE ( 'NONE', *, *, #1516, .T. ) ;
#2033 = PLANE ( 'NONE',  #308 ) ;
#2034 = EDGE_CURVE ( 'NONE', #1235, #1219, #1818, .T. ) ;
#2035 = PLANE ( 'NONE',  #1444 ) ;
#2036 = VERTEX_POINT ( 'NONE', #145 ) ;
#2037 = DIRECTION ( 'NONE',  ( -0.000000000000000000, -1.000000000000000000, -0.000000000000000000 ) ) ;
#2038 = ORIENTED_EDGE ( 'NONE', *, *, #931, .T. ) ;
#2039 = PLANE ( 'NONE',  #867 ) ;
#2040 = ADVANCED_FACE ( 'NONE', ( #294 ), #1580, .F. ) ;
#2041 = DIRECTION ( 'NONE',  ( 0.000000000000000000, -1.000000000000000000, 0.000000000000000000 ) ) ;
#2042 = VERTEX_POINT ( 'NONE', #162 ) ;
#2043 = AXIS2_PLACEMENT_3D ( 'NONE', #2070, #767, #467 ) ;
#2044 = EDGE_CURVE ( 'NONE', #1731, #1670, #1754, .T. ) ;
#2045 = DIRECTION ( 'NONE',  ( 0.000000000000000000, 0.000000000000000000, -1.000000000000000000 ) ) ;
#2046 = ADVANCED_FACE ( 'NONE', ( #1935 ), #469, .F. ) ;
#2047 = CONICAL_SURFACE ( 'NONE', #981, 2.000000000000029310, 0.7853981633974331800 ) ;
#2048 = AXIS2_PLACEMENT_3D ( 'NONE', #823, #1938, #643 ) ;
#2049 = FACE_OUTER_BOUND ( 'NONE', #1833, .T. ) ;
#2050 = AXIS2_PLACEMENT_3D ( 'NONE', #1766, #645, #1284 ) ;
#2051 = ORIENTED_EDGE ( 'NONE', *, *, #103, .T. ) ;
#2052 = CARTESIAN_POINT ( 'NONE',  ( 102.3175416344814579, 9.000000000000055067, 7.500000000000018652 ) ) ;
#2053 = ORIENTED_EDGE ( 'NONE', *, *, #1229, .F. ) ;
#2054 = CARTESIAN_POINT ( 'NONE',  ( -102.3175416344814579, 10.00000000000000000, -17.49999999999992539 ) ) ;
#2055 = CARTESIAN_POINT ( 'NONE',  ( 112.8270994768334958, 9.874335608838553213, 14.12566439116149475 ) ) ;
#2056 = EDGE_LOOP ( 'NONE', ( #994, #1381, #275, #2051 ) ) ;
#2057 = EDGE_CURVE ( 'NONE', #1784, #64, #304, .T. ) ;
#2058 = DIRECTION ( 'NONE',  ( 0.000000000000000000, -1.000000000000000000, 0.000000000000000000 ) ) ;
#2059 = CARTESIAN_POINT ( 'NONE',  ( 111.6818966571957361, 0.9999999999999729106, 13.99160221631502488 ) ) ;
#2060 = ADVANCED_FACE ( 'NONE', ( #1918 ), #1742, .F. ) ;
#2061 = EDGE_LOOP ( 'NONE', ( #1998, #964, #1061, #502 ) ) ;
#2062 = ORIENTED_EDGE ( 'NONE', *, *, #1263, .T. ) ;
#2063 = EDGE_CURVE ( 'NONE', #209, #1072, #2100, .T. ) ;
#2064 = AXIS2_PLACEMENT_3D ( 'NONE', #48, #695, #1383 ) ;
#2065 = DIRECTION ( 'NONE',  ( -0.000000000000000000, -1.000000000000000000, -0.000000000000000000 ) ) ;
#2066 = EDGE_CURVE ( 'NONE', #1506, #598, #780, .T. ) ;
#2067 = DIRECTION ( 'NONE',  ( 1.387778780781445478E-15, 0.000000000000000000, -1.000000000000000000 ) ) ;
#2068 = ORIENTED_EDGE ( 'NONE', *, *, #997, .T. ) ;
#2069 = VECTOR ( 'NONE', #154, 1000.000000000000114 ) ;
#2070 = CARTESIAN_POINT ( 'NONE',  ( -102.3175416344814579, 10.00000000000000000, -17.49999999999992539 ) ) ;
#2071 = DIRECTION ( 'NONE',  ( 1.239088197126290817E-16, -0.000000000000000000, 1.000000000000000000 ) ) ;
#2072 = VERTEX_POINT ( 'NONE', #2082 ) ;
#2073 = EDGE_CURVE ( 'NONE', #435, #1530, #1926, .T. ) ;
#2074 = DIRECTION ( 'NONE',  ( -0.7071067811865447972, -0.000000000000000000, -0.7071067811865503483 ) ) ;
#2075 = ORIENTED_EDGE ( 'NONE', *, *, #653, .F. ) ;
#2076 = CARTESIAN_POINT ( 'NONE',  ( 117.0000000000000000, 0.000000000000000000, 8.597546222100936220 ) ) ;
#2077 = DIRECTION ( 'NONE',  ( 0.000000000000000000, 0.000000000000000000, 1.000000000000000000 ) ) ;
#2078 = ORIENTED_EDGE ( 'NONE', *, *, #1026, .T. ) ;
#2079 = DIRECTION ( 'NONE',  ( 0.000000000000000000, -1.000000000000000000, -0.000000000000000000 ) ) ;
#2080 = EDGE_CURVE ( 'NONE', #435, #1601, #182, .T. ) ;
#2081 = MECHANICAL_DESIGN_GEOMETRIC_PRESENTATION_REPRESENTATION (  '', ( #512 ), #336 ) ;
#2082 = CARTESIAN_POINT ( 'NONE',  ( -129.0000000000000284, 10.00000000000000000, 14.00000000000007283 ) ) ;
#2083 = VECTOR ( 'NONE', #597, 1000.000000000000000 ) ;
#2084 = VECTOR ( 'NONE', #251, 1000.000000000000000 ) ;
#2085 = DIRECTION ( 'NONE',  ( 0.000000000000000000, 0.000000000000000000, -1.000000000000000000 ) ) ;
#2086 = ORIENTED_EDGE ( 'NONE', *, *, #754, .F. ) ;
#2087 = FACE_BOUND ( 'NONE', #1364, .T. ) ;
#2088 = PRODUCT_DEFINITION ( 'UNKNOWN', '', #1410, #663 ) ;
#2089 = CARTESIAN_POINT ( 'NONE',  ( 131.0000000000000284, 0.000000000000000000, 0.000000000000000000 ) ) ;
#2090 = ORIENTED_EDGE ( 'NONE', *, *, #1887, .F. ) ;
#2091 = CARTESIAN_POINT ( 'NONE',  ( 102.3175416344814579, 0.000000000000000000, 17.50000000000001776 ) ) ;
#2092 = EDGE_CURVE ( 'NONE', #264, #893, #1432, .T. ) ;
#2093 = CARTESIAN_POINT ( 'NONE',  ( -111.4691805228039811, 0.9999999999999731326, 13.46918052280401312 ) ) ;
#2094 = ORIENTED_EDGE ( 'NONE', *, *, #1762, .T. ) ;
#2095 = CARTESIAN_POINT ( 'NONE',  ( -117.0000000000000000, 0.000000000000000000, 10.09754622210093444 ) ) ;
#2096 = CARTESIAN_POINT ( 'NONE',  ( 117.0000000000000000, 0.000000000000000000, -11.40245377789906023 ) ) ;
#2097 = ORIENTED_EDGE ( 'NONE', *, *, #511, .T. ) ;
#2098 = DIRECTION ( 'NONE',  ( 0.000000000000000000, -0.8503243200572621063, -0.5262590148578500937 ) ) ;
#2099 = CIRCLE ( 'NONE', #699, 1.499999999999997780 ) ;
#2100 = LINE ( 'NONE', #127, #1854 ) ;
#2101 = ADVANCED_FACE ( 'NONE', ( #1838 ), #818, .T. ) ;
#2102 = DIRECTION ( 'NONE',  ( 0.000000000000000000, -1.000000000000000000, 0.000000000000000000 ) ) ;
#2103 = CARTESIAN_POINT ( 'NONE',  ( 129.0000000000000000, 9.000000000000026645, -14.99999999999995381 ) ) ;
#2104 = EDGE_LOOP ( 'NONE', ( #863, #1725, #300, #914 ) ) ;
#2105 = CARTESIAN_POINT ( 'NONE',  ( 117.0000000000000000, 10.00000000000000000, 11.59754622210093089 ) ) ;
#2106 = ADVANCED_FACE ( 'NONE', ( #837 ), #2029, .F. ) ;
#2107 = CARTESIAN_POINT ( 'NONE',  ( -102.3175416344814579, 0.000000000000000000, -17.49999999999992539 ) ) ;
#2108 = EDGE_CURVE ( 'NONE', #1219, #1235, #942, .T. ) ;
#2109 = ORIENTED_EDGE ( 'NONE', *, *, #133, .F. ) ;
ENDSEC;
END-ISO-10303-21;
