ISO-10303-21;
HEADER;
FILE_DESCRIPTION (( 'STEP AP214' ),
    '1' );
FILE_NAME ('Front-Bottom-Suspension-Arm.STEP',
    '2026-05-25T05:00:21',
    ( '' ),
    ( '' ),
    'SwSTEP 2.0',
    'SolidWorks 2026',
    '' );
FILE_SCHEMA (( 'AUTOMOTIVE_DESIGN' ));
ENDSEC;

DATA;
#1 = LINE ( 'NONE', #1517, #1722 ) ;
#2 = CIRCLE ( 'NONE', #432, 1.500000000000001332 ) ;
#3 = CARTESIAN_POINT ( 'NONE',  ( 7.965922759756259630, 8.000000000000000000, 1.158310915181073764 ) ) ;
#4 = CYLINDRICAL_SURFACE ( 'NONE', #44, 1.500000000000000000 ) ;
#5 = DIRECTION ( 'NONE',  ( 1.734723475976805517E-15, 0.000000000000000000, 1.000000000000000000 ) ) ;
#6 = CARTESIAN_POINT ( 'NONE',  ( 7.439339828220152384, 8.000000000000000000, 28.93933982822018791 ) ) ;
#7 = VERTEX_POINT ( 'NONE', #1754 ) ;
#8 = LINE ( 'NONE', #2496, #319 ) ;
#9 = DIRECTION ( 'NONE',  ( 0.2524218971470013617, -0.000000000000000000, -0.9676172723968442524 ) ) ;
#10 =( NAMED_UNIT ( * ) PLANE_ANGLE_UNIT ( ) SI_UNIT ( $, .RADIAN. ) );
#11 = ORIENTED_EDGE ( 'NONE', *, *, #2082, .F. ) ;
#12 = EDGE_CURVE ( 'NONE', #214, #331, #1767, .T. ) ;
#13 = CYLINDRICAL_SURFACE ( 'NONE', #2662, 1.499999999999999556 ) ;
#14 = VERTEX_POINT ( 'NONE', #2255 ) ;
#15 = CARTESIAN_POINT ( 'NONE',  ( 0.000000000000000000, 1.000000000000000000, -42.50000000000000000 ) ) ;
#16 = EDGE_CURVE ( 'NONE', #2343, #1027, #2485, .T. ) ;
#17 = EDGE_CURVE ( 'NONE', #2862, #1044, #1230, .T. ) ;
#18 = CARTESIAN_POINT ( 'NONE',  ( 6.805350892692696701E-16, 8.000000000000000000, -48.05699071555231683 ) ) ;
#19 = FACE_OUTER_BOUND ( 'NONE', #1676, .T. ) ;
#20 = FACE_OUTER_BOUND ( 'NONE', #1524, .T. ) ;
#21 = DIRECTION ( 'NONE',  ( 0.000000000000000000, -1.000000000000000000, 0.000000000000000000 ) ) ;
#22 = ORIENTED_EDGE ( 'NONE', *, *, #125, .T. ) ;
#23 = ORIENTED_EDGE ( 'NONE', *, *, #778, .T. ) ;
#24 = DIRECTION ( 'NONE',  ( -0.000000000000000000, 1.000000000000000000, -0.000000000000000000 ) ) ;
#25 = VERTEX_POINT ( 'NONE', #753 ) ;
#26 = ORIENTED_EDGE ( 'NONE', *, *, #56, .T. ) ;
#27 = FACE_OUTER_BOUND ( 'NONE', #310, .T. ) ;
#28 = EDGE_CURVE ( 'NONE', #2276, #477, #2666, .T. ) ;
#29 = EDGE_LOOP ( 'NONE', ( #2803, #2423 ) ) ;
#30 = CARTESIAN_POINT ( 'NONE',  ( 19.00000000000001776, 0.000000000000000000, -5.499999999999990230 ) ) ;
#31 = CARTESIAN_POINT ( 'NONE',  ( -15.00000000000000711, 2.000000000000000000, -50.49999999999999289 ) ) ;
#32 = ADVANCED_FACE ( 'NONE', ( #19 ), #489, .F. ) ;
#33 = CARTESIAN_POINT ( 'NONE',  ( -15.00000000000000711, 0.000000000000000000, -19.27901520597429652 ) ) ;
#34 = ORIENTED_EDGE ( 'NONE', *, *, #202, .T. ) ;
#35 = ORIENTED_EDGE ( 'NONE', *, *, #66, .F. ) ;
#36 = DIRECTION ( 'NONE',  ( 0.000000000000000000, 0.000000000000000000, -1.000000000000000000 ) ) ;
#37 = PLANE ( 'NONE',  #1311 ) ;
#38 = CYLINDRICAL_SURFACE ( 'NONE', #1638, 1.000000000000000888 ) ;
#39 = ORIENTED_EDGE ( 'NONE', *, *, #2149, .F. ) ;
#40 = EDGE_CURVE ( 'NONE', #2356, #210, #989, .T. ) ;
#41 = VECTOR ( 'NONE', #679, 1000.000000000000114 ) ;
#42 = ORIENTED_EDGE ( 'NONE', *, *, #2838, .T. ) ;
#43 = CARTESIAN_POINT ( 'NONE',  ( 10.00000000000000533, 0.000000000000000000, 31.50000000000001421 ) ) ;
#44 = AXIS2_PLACEMENT_3D ( 'NONE', #1519, #1839, #548 ) ;
#45 = ORIENTED_EDGE ( 'NONE', *, *, #2815, .T. ) ;
#46 = ORIENTED_EDGE ( 'NONE', *, *, #1715, .T. ) ;
#47 = DIRECTION ( 'NONE',  ( 0.000000000000000000, 0.000000000000000000, -1.000000000000000000 ) ) ;
#48 = MECHANICAL_DESIGN_GEOMETRIC_PRESENTATION_REPRESENTATION (  '', ( #1470 ), #2706 ) ;
#49 = VERTEX_POINT ( 'NONE', #1247 ) ;
#50 = DIRECTION ( 'NONE',  ( 0.000000000000000000, 1.000000000000000000, 0.000000000000000000 ) ) ;
#51 = LINE ( 'NONE', #1053, #1236 ) ;
#52 = VECTOR ( 'NONE', #1322, 1000.000000000000000 ) ;
#53 = EDGE_CURVE ( 'NONE', #1750, #1106, #2240, .T. ) ;
#54 = CARTESIAN_POINT ( 'NONE',  ( 7.048574091404735675, 8.000000000000000000, -14.68620068371834186 ) ) ;
#55 = VECTOR ( 'NONE', #406, 1000.000000000000000 ) ;
#56 = EDGE_CURVE ( 'NONE', #1856, #1959, #1259, .T. ) ;
#57 = ORIENTED_EDGE ( 'NONE', *, *, #1213, .T. ) ;
#58 = LINE ( 'NONE', #1057, #739 ) ;
#59 = DIRECTION ( 'NONE',  ( 0.7071067811865515695, 0.000000000000000000, 0.7071067811865435759 ) ) ;
#60 = CARTESIAN_POINT ( 'NONE',  ( -7.406295228540258790, 7.324850119528480974, -50.00391407087962392 ) ) ;
#61 = VECTOR ( 'NONE', #1744, 1000.000000000000000 ) ;
#62 = CARTESIAN_POINT ( 'NONE',  ( -7.048574091404733899, 0.000000000000000000, 20.18620068371831877 ) ) ;
#63 = ORIENTED_EDGE ( 'NONE', *, *, #1055, .F. ) ;
#64 = CARTESIAN_POINT ( 'NONE',  ( 0.000000000000000000, 1.000000000000000000, -36.94300928444768317 ) ) ;
#65 = DIRECTION ( 'NONE',  ( 0.000000000000000000, 0.000000000000000000, 1.000000000000000000 ) ) ;
#66 = EDGE_CURVE ( 'NONE', #2276, #2653, #2077, .T. ) ;
#67 = ORIENTED_EDGE ( 'NONE', *, *, #690, .T. ) ;
#68 = ORIENTED_EDGE ( 'NONE', *, *, #2176, .F. ) ;
#69 = ADVANCED_FACE ( 'NONE', ( #2308, #1334 ), #1838, .T. ) ;
#70 = LINE ( 'NONE', #2233, #1094 ) ;
#71 = ORIENTED_EDGE ( 'NONE', *, *, #2370, .F. ) ;
#72 = DIRECTION ( 'NONE',  ( 0.000000000000000000, 1.000000000000000000, 0.000000000000000000 ) ) ;
#73 = CARTESIAN_POINT ( 'NONE',  ( 5.000000000000006217, 8.000000000000000000, 50.50000000000000711 ) ) ;
#74 = LINE ( 'NONE', #2076, #1730 ) ;
#75 = EDGE_LOOP ( 'NONE', ( #146, #2376, #2963, #1009 ) ) ;
#76 = CARTESIAN_POINT ( 'NONE',  ( -6.250324449002715888, 0.000000000000000000, 8.178607739132031540 ) ) ;
#77 = CARTESIAN_POINT ( 'NONE',  ( -4.999999999999993783, 0.000000000000000000, 50.50000000000000711 ) ) ;
#78 = CARTESIAN_POINT ( 'NONE',  ( 7.477541933972237764, 1.734849967854127151, -50.50000000000001421 ) ) ;
#79 = ADVANCED_FACE ( 'NONE', ( #92 ), #2044, .T. ) ;
#80 = DIRECTION ( 'NONE',  ( -0.7071067811865505703, -0.000000000000000000, 0.7071067811865444641 ) ) ;
#81 = ORIENTED_EDGE ( 'NONE', *, *, #161, .T. ) ;
#82 = CARTESIAN_POINT ( 'NONE',  ( 9.465922759756258742, 0.000000000000000000, 20.27353460433121768 ) ) ;
#83 = SHAPE_DEFINITION_REPRESENTATION ( #2411, #1120 ) ;
#84 = ADVANCED_FACE ( 'NONE', ( #3034 ), #1569, .F. ) ;
#85 = ORIENTED_EDGE ( 'NONE', *, *, #2284, .T. ) ;
#86 = ORIENTED_EDGE ( 'NONE', *, *, #225, .F. ) ;
#87 = DIRECTION ( 'NONE',  ( -0.000000000000000000, -1.000000000000000000, -0.000000000000000000 ) ) ;
#88 = EDGE_CURVE ( 'NONE', #702, #2326, #2596, .T. ) ;
#89 = ORIENTED_EDGE ( 'NONE', *, *, #1614, .F. ) ;
#90 = DIRECTION ( 'NONE',  ( 0.000000000000000000, 1.000000000000000000, -0.000000000000000000 ) ) ;
#91 = ORIENTED_EDGE ( 'NONE', *, *, #56, .F. ) ;
#92 = FACE_OUTER_BOUND ( 'NONE', #2581, .T. ) ;
#93 = EDGE_CURVE ( 'NONE', #2239, #1968, #2715, .T. ) ;
#94 = CARTESIAN_POINT ( 'NONE',  ( -7.340184488198731039, 0.2517104656515331551, -49.50546158117593620 ) ) ;
#95 = CARTESIAN_POINT ( 'NONE',  ( -7.477541933972236876, 6.000000000000000000, -50.49999999999999289 ) ) ;
#96 = FACE_BOUND ( 'NONE', #2115, .T. ) ;
#97 = VERTEX_POINT ( 'NONE', #76 ) ;
#98 = AXIS2_PLACEMENT_3D ( 'NONE', #1632, #2610, #411 ) ;
#99 = DIRECTION ( 'NONE',  ( 0.2524218971470015282, -0.000000000000000000, -0.9676172723968441414 ) ) ;
#100 = AXIS2_PLACEMENT_3D ( 'NONE', #2646, #1903, #1655 ) ;
#101 = FACE_OUTER_BOUND ( 'NONE', #517, .T. ) ;
#102 = CARTESIAN_POINT ( 'NONE',  ( 20.00001200000000523, 2.686937259385166143, -0.7568020369794875579 ) ) ;
#103 = AXIS2_PLACEMENT_3D ( 'NONE', #1692, #2402, #235 ) ;
#104 = ORIENTED_EDGE ( 'NONE', *, *, #1862, .T. ) ;
#105 = DIRECTION ( 'NONE',  ( 0.000000000000000000, -1.000000000000000000, 0.000000000000000000 ) ) ;
#106 = EDGE_CURVE ( 'NONE', #3147, #2982, #2153, .T. ) ;
#107 = VECTOR ( 'NONE', #311, 1000.000000000000000 ) ;
#108 = CARTESIAN_POINT ( 'NONE',  ( 7.965922759756259630, 0.000000000000000000, 1.158310915181073764 ) ) ;
#109 = AXIS2_PLACEMENT_3D ( 'NONE', #275, #1494, #977 ) ;
#110 = SPHERICAL_SURFACE ( 'NONE', #3062, 5.122499389946279180 ) ;
#111 = EDGE_CURVE ( 'NONE', #3064, #951, #138, .T. ) ;
#112 = LINE ( 'NONE', #354, #785 ) ;
#113 = AXIS2_PLACEMENT_3D ( 'NONE', #1204, #1414, #1936 ) ;
#114 = PLANE ( 'NONE',  #2397 ) ;
#115 = AXIS2_PLACEMENT_3D ( 'NONE', #715, #2977, #2215 ) ;
#116 = ORIENTED_EDGE ( 'NONE', *, *, #2731, .T. ) ;
#117 = CARTESIAN_POINT ( 'NONE',  ( -10.00000000000000000, 0.000000000000000000, 4.428932188134785619 ) ) ;
#118 = AXIS2_PLACEMENT_3D ( 'NONE', #3178, #2142, #701 ) ;
#119 = ORIENTED_EDGE ( 'NONE', *, *, #2954, .T. ) ;
#120 = ORIENTED_EDGE ( 'NONE', *, *, #1596, .F. ) ;
#121 = DIRECTION ( 'NONE',  ( 0.000000000000000000, 1.000000000000000000, 0.000000000000000000 ) ) ;
#122 = DIRECTION ( 'NONE',  ( 0.000000000000000000, -1.000000000000000000, 0.000000000000000000 ) ) ;
#123 = ORIENTED_EDGE ( 'NONE', *, *, #1456, .T. ) ;
#124 = DIRECTION ( 'NONE',  ( 0.000000000000000000, 0.000000000000000000, 1.000000000000000000 ) ) ;
#125 = EDGE_CURVE ( 'NONE', #2684, #2552, #58, .T. ) ;
#126 = EDGE_LOOP ( 'NONE', ( #2501, #416 ) ) ;
#127 = DIRECTION ( 'NONE',  ( 0.000000000000000000, 1.000000000000000000, 0.000000000000000000 ) ) ;
#128 = CARTESIAN_POINT ( 'NONE',  ( -7.253536069230899663, 1.016439536705158250E-17, -48.76370448715204020 ) ) ;
#129 = CARTESIAN_POINT ( 'NONE',  ( 6.469771381095092089, 8.000000000000000000, -9.530228618905130844 ) ) ;
#130 = CARTESIAN_POINT ( 'NONE',  ( 5.000000000000006217, 0.000000000000000000, 38.50000000000000711 ) ) ;
#131 = ORIENTED_EDGE ( 'NONE', *, *, #1899, .T. ) ;
#132 = CARTESIAN_POINT ( 'NONE',  ( 8.500000000000001776, 0.000000000000000000, -14.30756783799784060 ) ) ;
#133 = ORIENTED_EDGE ( 'NONE', *, *, #111, .T. ) ;
#134 = DIRECTION ( 'NONE',  ( 0.000000000000000000, 0.000000000000000000, 1.000000000000000000 ) ) ;
#135 = FACE_OUTER_BOUND ( 'NONE', #3192, .T. ) ;
#136 = CARTESIAN_POINT ( 'NONE',  ( -0.4335721768554595679, 0.000000000000000000, 13.99536001127922269 ) ) ;
#137 = DIRECTION ( 'NONE',  ( -0.7071067811865521247, 0.000000000000000000, -0.7071067811865429098 ) ) ;
#138 = B_SPLINE_CURVE_WITH_KNOTS ( 'NONE', 3,
 ( #1082, #806, #299, #2525, #790, #599, #3068, #843, #1297, #1351, #2286, #1100, #2109, #370 ),
 .UNSPECIFIED., .F., .F.,
 ( 4, 2, 2, 2, 2, 2, 4 ),
 ( 0.000000000000000000, 0.0003919967293783147228, 0.0007839934587566294456, 0.001175990188134944060, 0.001567986917513258891, 0.002351980376269885951, 0.003135973835026513445 ),
 .UNSPECIFIED. ) ;
#139 = ORIENTED_EDGE ( 'NONE', *, *, #3205, .F. ) ;
#140 = LINE ( 'NONE', #1424, #2861 ) ;
#141 = ORIENTED_EDGE ( 'NONE', *, *, #232, .F. ) ;
#142 = CARTESIAN_POINT ( 'NONE',  ( -4.999999999999993783, 6.000000000000000000, 50.50000000000000711 ) ) ;
#143 = DIRECTION ( 'NONE',  ( -0.000000000000000000, 1.000000000000000000, -0.000000000000000000 ) ) ;
#144 = PLANE ( 'NONE',  #1618 ) ;
#145 = ORIENTED_EDGE ( 'NONE', *, *, #1818, .T. ) ;
#146 = ORIENTED_EDGE ( 'NONE', *, *, #1249, .F. ) ;
#147 = FACE_OUTER_BOUND ( 'NONE', #842, .T. ) ;
#148 = EDGE_CURVE ( 'NONE', #1675, #242, #1090, .T. ) ;
#149 = ORIENTED_EDGE ( 'NONE', *, *, #1472, .T. ) ;
#150 = ORIENTED_EDGE ( 'NONE', *, *, #1386, .F. ) ;
#151 = AXIS2_PLACEMENT_3D ( 'NONE', #2919, #942, #1951 ) ;
#152 = DIRECTION ( 'NONE',  ( 0.9676172723968442524, 0.000000000000000000, 0.2524218971470016393 ) ) ;
#153 = DIRECTION ( 'NONE',  ( 1.000000000000000000, -0.000000000000000000, -1.084202172485504557E-16 ) ) ;
#154 = DIRECTION ( 'NONE',  ( 1.374038396813312538E-16, 0.000000000000000000, 1.000000000000000000 ) ) ;
#155 = AXIS2_PLACEMENT_3D ( 'NONE', #855, #350, #1836 ) ;
#156 = AXIS2_PLACEMENT_3D ( 'NONE', #935, #1941, #2927 ) ;
#157 = DIRECTION ( 'NONE',  ( 0.000000000000000000, 0.000000000000000000, -1.000000000000000000 ) ) ;
#158 = ORIENTED_EDGE ( 'NONE', *, *, #2692, .F. ) ;
#159 = CARTESIAN_POINT ( 'NONE',  ( 9.051848202099447960, 8.000011999999999901, -30.86645981433100516 ) ) ;
#160 = LINE ( 'NONE', #858, #3221 ) ;
#161 = EDGE_CURVE ( 'NONE', #2862, #2840, #2558, .T. ) ;
#162 = CARTESIAN_POINT ( 'NONE',  ( -5.862068965517246433, 0.000000000000000000, 15.63793103448293031 ) ) ;
#163 = ADVANCED_FACE ( 'NONE', ( #1069 ), #3051, .F. ) ;
#164 = ORIENTED_EDGE ( 'NONE', *, *, #1065, .T. ) ;
#165 = CIRCLE ( 'NONE', #2395, 1.500000000000000000 ) ;
#166 = VERTEX_POINT ( 'NONE', #1857 ) ;
#167 = DIRECTION ( 'NONE',  ( 0.7071067811865430208, 0.000000000000000000, -0.7071067811865521247 ) ) ;
#168 = CIRCLE ( 'NONE', #2928, 3.000000000000002665 ) ;
#169 = ORIENTED_EDGE ( 'NONE', *, *, #1273, .F. ) ;
#170 = VERTEX_POINT ( 'NONE', #2322 ) ;
#171 = VECTOR ( 'NONE', #2002, 1000.000000000000000 ) ;
#172 = EDGE_CURVE ( 'NONE', #1743, #214, #2, .T. ) ;
#173 = CARTESIAN_POINT ( 'NONE',  ( 0.000000000000000000, 8.000000000000000000, -42.50000000000000000 ) ) ;
#174 = CARTESIAN_POINT ( 'NONE',  ( 6.079005644279640741, 0.000000000000000000, -10.96952163640546019 ) ) ;
#175 = DIRECTION ( 'NONE',  ( 0.000000000000000000, 1.000000000000000000, 0.000000000000000000 ) ) ;
#176 = VECTOR ( 'NONE', #480, 1000.000000000000000 ) ;
#177 = EDGE_CURVE ( 'NONE', #49, #959, #2094, .T. ) ;
#178 = DIRECTION ( 'NONE',  ( 0.000000000000000000, 1.000000000000000000, 0.000000000000000000 ) ) ;
#179 = ORIENTED_EDGE ( 'NONE', *, *, #668, .T. ) ;
#180 = DIRECTION ( 'NONE',  ( 8.673617379884035472E-17, 0.000000000000000000, 1.000000000000000000 ) ) ;
#181 = CARTESIAN_POINT ( 'NONE',  ( -1.105976865149805866, 0.000000000000000000, 22.51534347840994599 ) ) ;
#182 = DIRECTION ( 'NONE',  ( 0.000000000000000000, 0.000000000000000000, -1.000000000000000000 ) ) ;
#183 = ORIENTED_EDGE ( 'NONE', *, *, #1249, .T. ) ;
#184 = CARTESIAN_POINT ( 'NONE',  ( 0.000000000000000000, 1.000000000000000000, -42.50000000000000000 ) ) ;
#185 = ORIENTED_EDGE ( 'NONE', *, *, #303, .F. ) ;
#186 = DIRECTION ( 'NONE',  ( 0.000000000000000000, 0.000000000000000000, 1.000000000000000000 ) ) ;
#187 = DIRECTION ( 'NONE',  ( -1.000000000000000000, 0.000000000000000000, 0.000000000000000000 ) ) ;
#188 = DIRECTION ( 'NONE',  ( 0.000000000000000000, 1.000000000000000000, -0.000000000000000000 ) ) ;
#189 = EDGE_CURVE ( 'NONE', #784, #1326, #2091, .T. ) ;
#190 = CARTESIAN_POINT ( 'NONE',  ( 14.81746113994019964, 8.000006000000000839, -19.53606070408787332 ) ) ;
#191 = EDGE_CURVE ( 'NONE', #408, #798, #2886, .T. ) ;
#192 = ORIENTED_EDGE ( 'NONE', *, *, #2988, .T. ) ;
#193 = CYLINDRICAL_SURFACE ( 'NONE', #1147, 1.500000000000001332 ) ;
#194 = DIRECTION ( 'NONE',  ( 0.000000000000000000, -1.000000000000000000, 0.000000000000000000 ) ) ;
#195 = ORIENTED_EDGE ( 'NONE', *, *, #757, .F. ) ;
#196 = VERTEX_POINT ( 'NONE', #142 ) ;
#197 = LINE ( 'NONE', #3161, #1947 ) ;
#198 = ORIENTED_EDGE ( 'NONE', *, *, #1180, .F. ) ;
#199 = DIRECTION ( 'NONE',  ( 0.000000000000000000, 1.000000000000000000, 0.000000000000000000 ) ) ;
#200 = FACE_OUTER_BOUND ( 'NONE', #2294, .T. ) ;
#201 = DIRECTION ( 'NONE',  ( 1.000000000000000000, 0.000000000000000000, 0.000000000000000000 ) ) ;
#202 = EDGE_CURVE ( 'NONE', #1392, #1689, #2171, .T. ) ;
#203 = EDGE_CURVE ( 'NONE', #170, #1160, #2899, .T. ) ;
#204 = AXIS2_PLACEMENT_3D ( 'NONE', #1929, #906, #1639 ) ;
#205 = ORIENTED_EDGE ( 'NONE', *, *, #2375, .F. ) ;
#206 = DIRECTION ( 'NONE',  ( 0.000000000000000000, -1.000000000000000000, 0.000000000000000000 ) ) ;
#207 = AXIS2_PLACEMENT_3D ( 'NONE', #2182, #3172, #941 ) ;
#208 = CARTESIAN_POINT ( 'NONE',  ( 13.99999999999999467, 0.000000000000000000, -18.96008581238607960 ) ) ;
#209 = EDGE_CURVE ( 'NONE', #221, #404, #631, .T. ) ;
#210 = VERTEX_POINT ( 'NONE', #3102 ) ;
#211 = EDGE_LOOP ( 'NONE', ( #2108, #265, #2923, #2170 ) ) ;
#212 = DIRECTION ( 'NONE',  ( 1.000000000000000000, -0.000000000000000000, -1.374038396813312538E-16 ) ) ;
#213 = VECTOR ( 'NONE', #2609, 1000.000000000000114 ) ;
#214 = VERTEX_POINT ( 'NONE', #1225 ) ;
#215 = PLANE ( 'NONE',  #374 ) ;
#216 = CARTESIAN_POINT ( 'NONE',  ( -1.105976865149805866, 0.000000000000000000, 21.01534347840994599 ) ) ;
#217 = CARTESIAN_POINT ( 'NONE',  ( -4.999999999999988454, 8.000000000000000000, 31.50000000000000711 ) ) ;
#218 = AXIS2_PLACEMENT_3D ( 'NONE', #2773, #2474, #1789 ) ;
#219 = VECTOR ( 'NONE', #3053, 1000.000000000000000 ) ;
#220 = EDGE_CURVE ( 'NONE', #1575, #1708, #1578, .T. ) ;
#221 = VERTEX_POINT ( 'NONE', #1749 ) ;
#222 = DIRECTION ( 'NONE',  ( 1.000000000000000000, 0.000000000000000000, 0.000000000000000000 ) ) ;
#223 = EDGE_CURVE ( 'NONE', #907, #994, #168, .T. ) ;
#224 = CARTESIAN_POINT ( 'NONE',  ( 19.00000000000001776, 8.000000000000000000, -5.499999999999990230 ) ) ;
#225 = EDGE_CURVE ( 'NONE', #2840, #798, #871, .T. ) ;
#226 = CARTESIAN_POINT ( 'NONE',  ( 7.226639307642702903, 8.000000000000000000, -48.49999999999999289 ) ) ;
#227 = DIRECTION ( 'NONE',  ( 0.000000000000000000, 1.000000000000000000, 0.000000000000000000 ) ) ;
#228 = EDGE_LOOP ( 'NONE', ( #641, #1912, #1891, #685 ) ) ;
#229 = CARTESIAN_POINT ( 'NONE',  ( 15.00000000000000711, 8.000000000000000000, -9.499999999999980460 ) ) ;
#230 = LINE ( 'NONE', #1223, #2045 ) ;
#231 =( LENGTH_UNIT ( ) NAMED_UNIT ( * ) SI_UNIT ( .MILLI., .METRE. ) );
#232 = EDGE_CURVE ( 'NONE', #2844, #49, #3232, .T. ) ;
#233 = DIRECTION ( 'NONE',  ( 0.000000000000000000, 0.000000000000000000, -1.000000000000000000 ) ) ;
#234 = ORIENTED_EDGE ( 'NONE', *, *, #2778, .T. ) ;
#235 = DIRECTION ( 'NONE',  ( -0.2524218971470014172, 0.000000000000000000, 0.9676172723968442524 ) ) ;
#236 = DIRECTION ( 'NONE',  ( 0.000000000000000000, 0.000000000000000000, 1.000000000000000000 ) ) ;
#237 = ORIENTED_EDGE ( 'NONE', *, *, #886, .T. ) ;
#238 = DIRECTION ( 'NONE',  ( 0.000000000000000000, 1.000000000000000000, -0.000000000000000000 ) ) ;
#239 = CARTESIAN_POINT ( 'NONE',  ( -1.234790410502191182, 0.000000000000000000, -8.042402255077250928 ) ) ;
#240 = DIRECTION ( 'NONE',  ( -0.000000000000000000, -1.000000000000000000, -0.000000000000000000 ) ) ;
#241 = ORIENTED_EDGE ( 'NONE', *, *, #3179, .F. ) ;
#242 = VERTEX_POINT ( 'NONE', #1407 ) ;
#243 = SURFACE_STYLE_FILL_AREA ( #2462 ) ;
#244 = EDGE_CURVE ( 'NONE', #951, #2507, #1216, .T. ) ;
#245 = EDGE_CURVE ( 'NONE', #2574, #1954, #1943, .T. ) ;
#246 = CARTESIAN_POINT ( 'NONE',  ( 0.000000000000000000, 0.000000000000000000, 35.50000000000000711 ) ) ;
#247 = ORIENTED_EDGE ( 'NONE', *, *, #544, .F. ) ;
#248 = LINE ( 'NONE', #1031, #2811 ) ;
#249 = AXIS2_PLACEMENT_3D ( 'NONE', #1761, #1191, #830 ) ;
#250 = VECTOR ( 'NONE', #1551, 1000.000000000000000 ) ;
#251 = DIRECTION ( 'NONE',  ( -1.000000000000000000, 0.000000000000000000, 2.312964634635742957E-16 ) ) ;
#252 = ORIENTED_EDGE ( 'NONE', *, *, #2879, .T. ) ;
#253 = CARTESIAN_POINT ( 'NONE',  ( -15.00000000000000888, 4.000000000000000000, 45.50000000000001421 ) ) ;
#254 = CARTESIAN_POINT ( 'NONE',  ( -15.00000000000000711, 8.000006000000000839, -19.27901520597429652 ) ) ;
#255 = LINE ( 'NONE', #730, #61 ) ;
#256 = VECTOR ( 'NONE', #137, 1000.000000000000114 ) ;
#257 = ORIENTED_EDGE ( 'NONE', *, *, #3205, .T. ) ;
#258 = LINE ( 'NONE', #1303, #2196 ) ;
#259 = ORIENTED_EDGE ( 'NONE', *, *, #93, .T. ) ;
#260 = ADVANCED_FACE ( 'NONE', ( #2759 ), #747, .F. ) ;
#261 = VECTOR ( 'NONE', #2545, 1000.000000000000000 ) ;
#262 = CIRCLE ( 'NONE', #1043, 1.500000000000000000 ) ;
#263 = FACE_OUTER_BOUND ( 'NONE', #1412, .T. ) ;
#264 = VECTOR ( 'NONE', #569, 1000.000000000000000 ) ;
#265 = ORIENTED_EDGE ( 'NONE', *, *, #1022, .T. ) ;
#266 = CARTESIAN_POINT ( 'NONE',  ( 1.234790410502196289, 0.000000000000000000, 13.54240225507722784 ) ) ;
#267 = DIRECTION ( 'NONE',  ( -0.000000000000000000, -1.000000000000000000, -0.000000000000000000 ) ) ;
#268 = AXIS2_PLACEMENT_3D ( 'NONE', #507, #1518, #1620 ) ;
#269 = VERTEX_POINT ( 'NONE', #2809 ) ;
#270 = ORIENTED_EDGE ( 'NONE', *, *, #177, .T. ) ;
#271 = LINE ( 'NONE', #3020, #1194 ) ;
#272 = DIRECTION ( 'NONE',  ( 0.000000000000000000, 1.000000000000000000, 0.000000000000000000 ) ) ;
#273 = CARTESIAN_POINT ( 'NONE',  ( -3.738238368627632813, 0.000000000000000000, 7.496580413072710947 ) ) ;
#274 = ORIENTED_EDGE ( 'NONE', *, *, #537, .T. ) ;
#275 = CARTESIAN_POINT ( 'NONE',  ( 0.000000000000000000, 7.000000000000000000, -42.50000000000000000 ) ) ;
#276 = EDGE_LOOP ( 'NONE', ( #2904, #2404, #1081, #1580 ) ) ;
#277 = ORIENTED_EDGE ( 'NONE', *, *, #1851, .T. ) ;
#278 = DIRECTION ( 'NONE',  ( 0.2524218971470015282, -0.000000000000000000, -0.9676172723968441414 ) ) ;
#279 = EDGE_LOOP ( 'NONE', ( #334, #2430, #2158, #1042 ) ) ;
#280 = DIRECTION ( 'NONE',  ( 1.000000000000000000, 0.000000000000000000, -1.084202172485504434E-16 ) ) ;
#281 = CARTESIAN_POINT ( 'NONE',  ( 7.530431552874907730, 8.000000000000000000, -10.59088879068495892 ) ) ;
#282 = ADVANCED_FACE ( 'NONE', ( #27 ), #3044, .F. ) ;
#283 = LINE ( 'NONE', #839, #981 ) ;
#284 = CARTESIAN_POINT ( 'NONE',  ( -5.862068965517246433, 8.000000000000000000, 15.63793103448293031 ) ) ;
#285 = FACE_BOUND ( 'NONE', #902, .T. ) ;
#286 = DIRECTION ( 'NONE',  ( -0.000000000000000000, -1.000000000000000000, -0.000000000000000000 ) ) ;
#287 = DIRECTION ( 'NONE',  ( -0.000000000000000000, 1.000000000000000000, 0.000000000000000000 ) ) ;
#288 = ORIENTED_EDGE ( 'NONE', *, *, #1180, .T. ) ;
#289 = DIRECTION ( 'NONE',  ( 1.000000000000000000, 0.000000000000000000, 0.000000000000000000 ) ) ;
#290 = ORIENTED_EDGE ( 'NONE', *, *, #2538, .T. ) ;
#291 = ORIENTED_EDGE ( 'NONE', *, *, #209, .T. ) ;
#292 = DIRECTION ( 'NONE',  ( -0.000000000000000000, -1.000000000000000000, 0.000000000000000000 ) ) ;
#293 = ADVANCED_FACE ( 'NONE', ( #1511 ), #2738, .F. ) ;
#294 = ORIENTED_EDGE ( 'NONE', *, *, #12, .T. ) ;
#295 = LINE ( 'NONE', #528, #684 ) ;
#296 = DIRECTION ( 'NONE',  ( 0.000000000000000000, 0.000000000000000000, 1.000000000000000000 ) ) ;
#297 = DIRECTION ( 'NONE',  ( -0.000000000000000000, -1.000000000000000000, -0.000000000000000000 ) ) ;
#298 = EDGE_CURVE ( 'NONE', #405, #1708, #70, .T. ) ;
#299 = CARTESIAN_POINT ( 'NONE',  ( 7.475586808358412050, 6.262861647823490863, -50.48695192495579676 ) ) ;
#300 = DIRECTION ( 'NONE',  ( -1.000000000000000000, 0.000000000000000000, 0.000000000000000000 ) ) ;
#301 = DIRECTION ( 'NONE',  ( 0.000000000000000000, 0.000000000000000000, -1.000000000000000000 ) ) ;
#302 = CIRCLE ( 'NONE', #1508, 5.315072906367325878 ) ;
#303 = EDGE_CURVE ( 'NONE', #2340, #3162, #2993, .T. ) ;
#304 = CARTESIAN_POINT ( 'NONE',  ( -15.00000000000000888, 4.000000000000000000, 45.50000000000001421 ) ) ;
#305 = ORIENTED_EDGE ( 'NONE', *, *, #3040, .T. ) ;
#306 = TOROIDAL_SURFACE ( 'NONE', #459, 5.556990715552314164, 1.000000000000000000 ) ;
#307 = LINE ( 'NONE', #43, #1092 ) ;
#308 = AXIS2_PLACEMENT_3D ( 'NONE', #1444, #1429, #708 ) ;
#309 = ORIENTED_EDGE ( 'NONE', *, *, #743, .F. ) ;
#310 = EDGE_LOOP ( 'NONE', ( #2533, #257, #2832, #450 ) ) ;
#311 = DIRECTION ( 'NONE',  ( 1.000000000000000000, -0.000000000000000000, -0.000000000000000000 ) ) ;
#312 = CIRCLE ( 'NONE', #1304, 2.000000000000001776 ) ;
#313 = ORIENTED_EDGE ( 'NONE', *, *, #40, .F. ) ;
#314 = CARTESIAN_POINT ( 'NONE',  ( -14.99999999999999467, 8.000000000000000000, 50.50000000000000711 ) ) ;
#315 = DIRECTION ( 'NONE',  ( -1.000000000000000000, 0.000000000000000000, 0.000000000000000000 ) ) ;
#316 = AXIS2_PLACEMENT_3D ( 'NONE', #1401, #903, #2328 ) ;
#317 = VECTOR ( 'NONE', #809, 1000.000000000000000 ) ;
#318 = LINE ( 'NONE', #33, #2228 ) ;
#319 = VECTOR ( 'NONE', #3081, 1000.000000000000000 ) ;
#320 = ORIENTED_EDGE ( 'NONE', *, *, #2532, .T. ) ;
#321 = DIRECTION ( 'NONE',  ( 0.000000000000000000, 0.000000000000000000, 1.000000000000000000 ) ) ;
#322 = ADVANCED_FACE ( 'NONE', ( #1274 ), #1547, .F. ) ;
#323 = DIRECTION ( 'NONE',  ( 0.7071067811865500152, -0.000000000000000000, 0.7071067811865450192 ) ) ;
#324 = CARTESIAN_POINT ( 'NONE',  ( -7.438499158103975439, 7.006362564087129208, -50.23334706669268712 ) ) ;
#325 = CARTESIAN_POINT ( 'NONE',  ( 0.000000000000000000, 7.000000000000000000, -37.94300928444769028 ) ) ;
#326 = ORIENTED_EDGE ( 'NONE', *, *, #943, .F. ) ;
#327 = LINE ( 'NONE', #117, #2050 ) ;
#328 = APPLICATION_PROTOCOL_DEFINITION ( 'draft international standard', 'automotive_design', 1998, #710 ) ;
#329 = EDGE_CURVE ( 'NONE', #961, #2258, #2763, .T. ) ;
#330 = VERTEX_POINT ( 'NONE', #1777 ) ;
#331 = VERTEX_POINT ( 'NONE', #1831 ) ;
#332 = CARTESIAN_POINT ( 'NONE',  ( 8.500000000000001776, 0.000000000000000000, -9.621320343559874644 ) ) ;
#333 = CARTESIAN_POINT ( 'NONE',  ( 5.189664277222909128, 0.000000000000000000, -1.617947567352241434 ) ) ;
#334 = ORIENTED_EDGE ( 'NONE', *, *, #1602, .F. ) ;
#335 = LINE ( 'NONE', #2575, #2137 ) ;
#336 = ORIENTED_EDGE ( 'NONE', *, *, #3233, .F. ) ;
#337 = CARTESIAN_POINT ( 'NONE',  ( 20.00000000000000000, 0.000000000000000000, -1.879283765641541282E-15 ) ) ;
#338 = FACE_OUTER_BOUND ( 'NONE', #532, .T. ) ;
#339 = DIRECTION ( 'NONE',  ( 0.7071067811865515695, 0.000000000000000000, 0.7071067811865435759 ) ) ;
#340 = DIRECTION ( 'NONE',  ( -0.000000000000000000, -1.000000000000000000, -0.000000000000000000 ) ) ;
#341 = ORIENTED_EDGE ( 'NONE', *, *, #3156, .T. ) ;
#342 = CARTESIAN_POINT ( 'NONE',  ( -1.105976865149805866, 0.000000000000000000, 21.01534347840994599 ) ) ;
#343 = DIRECTION ( 'NONE',  ( 1.000000000000000000, 0.000000000000000000, 0.000000000000000000 ) ) ;
#344 = VERTEX_POINT ( 'NONE', #1000 ) ;
#345 = CARTESIAN_POINT ( 'NONE',  ( 14.99999999999999822, 0.000000000000000000, -9.499999999999980460 ) ) ;
#346 = EDGE_CURVE ( 'NONE', #1964, #368, #3028, .T. ) ;
#347 = EDGE_CURVE ( 'NONE', #1649, #1531, #1152, .T. ) ;
#348 = ORIENTED_EDGE ( 'NONE', *, *, #1592, .F. ) ;
#349 = B_SPLINE_CURVE_WITH_KNOTS ( 'NONE', 3,
 ( #1059, #2819, #873, #2066, #3036, #1572, #549, #2579, #1336, #808, #1084, #2548, #2111, #2310, #78, #1071 ),
 .UNSPECIFIED., .F., .F.,
 ( 4, 2, 2, 2, 2, 2, 2, 4 ),
 ( 1.249088232216808780E-19, 0.0003919969267253718215, 0.0007839938534507435346, 0.001175990780176115356, 0.001567987706901487069, 0.001959984633626858565, 0.002351981560352230712, 0.003135975413802974572 ),
 .UNSPECIFIED. ) ;
#350 = DIRECTION ( 'NONE',  ( 1.000000000000000000, 0.000000000000000000, 0.000000000000000000 ) ) ;
#351 = ORIENTED_EDGE ( 'NONE', *, *, #3016, .T. ) ;
#352 = DIRECTION ( 'NONE',  ( -0.7071067811865523467, 0.000000000000000000, -0.7071067811865426878 ) ) ;
#353 = CARTESIAN_POINT ( 'NONE',  ( -7.462277470251742706, 1.353504219759926075, -50.39717426393820432 ) ) ;
#354 = CARTESIAN_POINT ( 'NONE',  ( 14.99999999999999289, 6.000000000000000000, -50.49999999999999289 ) ) ;
#355 = DIRECTION ( 'NONE',  ( -0.9676172723968442524, 0.000000000000000000, -0.2524218971470014172 ) ) ;
#356 = ORIENTED_EDGE ( 'NONE', *, *, #148, .F. ) ;
#357 = AXIS2_PLACEMENT_3D ( 'NONE', #1146, #1915, #1666 ) ;
#358 = AXIS2_PLACEMENT_3D ( 'NONE', #875, #2651, #1117 ) ;
#359 = CARTESIAN_POINT ( 'NONE',  ( 9.465922759756258742, 8.000000000000000000, 20.27353460433121768 ) ) ;
#360 = ORIENTED_EDGE ( 'NONE', *, *, #3140, .T. ) ;
#361 = AXIS2_PLACEMENT_3D ( 'NONE', #2958, #2727, #766 ) ;
#362 = ORIENTED_EDGE ( 'NONE', *, *, #1970, .F. ) ;
#363 = CARTESIAN_POINT ( 'NONE',  ( -8.500000000000005329, 0.000000000000000000, -15.30761184457497137 ) ) ;
#364 = DIRECTION ( 'NONE',  ( 1.000000000000000000, 0.000000000000000000, 4.625929269271487886E-16 ) ) ;
#365 = ADVANCED_FACE ( 'NONE', ( #2793 ), #13, .F. ) ;
#366 = ORIENTED_EDGE ( 'NONE', *, *, #1899, .F. ) ;
#367 = CARTESIAN_POINT ( 'NONE',  ( -4.999999999999988454, 0.000000000000000000, 31.50000000000000711 ) ) ;
#368 = VERTEX_POINT ( 'NONE', #2981 ) ;
#369 = AXIS2_PLACEMENT_3D ( 'NONE', #2145, #834, #3096 ) ;
#370 = CARTESIAN_POINT ( 'NONE',  ( 7.226639307642702903, 8.000000000000000000, -48.49999999999999289 ) ) ;
#371 = AXIS2_PLACEMENT_3D ( 'NONE', #3228, #289, #2721 ) ;
#372 = CARTESIAN_POINT ( 'NONE',  ( -15.00000000000000888, 4.000000000000000000, 45.50000000000001421 ) ) ;
#373 = LINE ( 'NONE', #1622, #1904 ) ;
#374 = AXIS2_PLACEMENT_3D ( 'NONE', #1188, #1681, #2656 ) ;
#375 = DIRECTION ( 'NONE',  ( 0.000000000000000000, -1.000000000000000000, 0.000000000000000000 ) ) ;
#376 = ORIENTED_EDGE ( 'NONE', *, *, #3110, .F. ) ;
#377 = DIRECTION ( 'NONE',  ( -1.000000000000000000, 0.000000000000000000, 0.000000000000000000 ) ) ;
#378 = VECTOR ( 'NONE', #3114, 1000.000000000000000 ) ;
#379 = ORIENTED_EDGE ( 'NONE', *, *, #392, .T. ) ;
#380 = CARTESIAN_POINT ( 'NONE',  ( 20.00001199999999812, 2.798318731382595459, 0.9234961898250260148 ) ) ;
#381 = LINE ( 'NONE', #786, #1687 ) ;
#382 = DIRECTION ( 'NONE',  ( 0.000000000000000000, 0.000000000000000000, -1.000000000000000000 ) ) ;
#383 = EDGE_LOOP ( 'NONE', ( #969, #290, #3176, #2846 ) ) ;
#384 = CARTESIAN_POINT ( 'NONE',  ( 15.29289321881345742, 0.000000000000000000, 18.20710678118656034 ) ) ;
#385 = ORIENTED_EDGE ( 'NONE', *, *, #979, .F. ) ;
#386 = CARTESIAN_POINT ( 'NONE',  ( 20.00001199999999812, 4.923496189825013580, -1.201681268617394993 ) ) ;
#387 = DIRECTION ( 'NONE',  ( 1.000000000000000000, -0.000000000000000000, 1.224646799147353207E-16 ) ) ;
#388 = LINE ( 'NONE', #2867, #952 ) ;
#389 = EDGE_CURVE ( 'NONE', #1181, #907, #499, .T. ) ;
#390 = DIRECTION ( 'NONE',  ( -0.2524218971470014172, -0.000000000000000000, 0.9676172723968442524 ) ) ;
#391 = ORIENTED_EDGE ( 'NONE', *, *, #3156, .F. ) ;
#392 = EDGE_CURVE ( 'NONE', #994, #2673, #2302, .T. ) ;
#393 = ORIENTED_EDGE ( 'NONE', *, *, #2628, .T. ) ;
#394 = DIRECTION ( 'NONE',  ( -0.2524218971470015838, 0.000000000000000000, 0.9676172723968441414 ) ) ;
#395 = ORIENTED_EDGE ( 'NONE', *, *, #1325, .T. ) ;
#396 = DIRECTION ( 'NONE',  ( -4.625929269271488872E-16, 0.000000000000000000, 1.000000000000000000 ) ) ;
#397 = DIRECTION ( 'NONE',  ( 1.000000000000000000, -0.000000000000000000, 1.224646799147353207E-16 ) ) ;
#398 = PLANE ( 'NONE',  #820 ) ;
#399 = VERTEX_POINT ( 'NONE', #1014 ) ;
#400 = DIRECTION ( 'NONE',  ( 0.000000000000000000, 1.000000000000000000, 0.000000000000000000 ) ) ;
#401 = CARTESIAN_POINT ( 'NONE',  ( -7.282712307081419922, 0.05287506558929862960, -49.02552238480328128 ) ) ;
#402 = FACE_OUTER_BOUND ( 'NONE', #2512, .T. ) ;
#403 = ADVANCED_FACE ( 'NONE', ( #263 ), #2020, .F. ) ;
#404 = VERTEX_POINT ( 'NONE', #2035 ) ;
#405 = VERTEX_POINT ( 'NONE', #3009 ) ;
#406 = DIRECTION ( 'NONE',  ( -1.374038396813312538E-16, -0.000000000000000000, -1.000000000000000000 ) ) ;
#407 = ADVANCED_FACE ( 'NONE', ( #781 ), #1797, .F. ) ;
#408 = VERTEX_POINT ( 'NONE', #593 ) ;
#409 = DIRECTION ( 'NONE',  ( -0.000000000000000000, 1.000000000000000000, 0.000000000000000000 ) ) ;
#410 = DIRECTION ( 'NONE',  ( 2.970688497941986867E-16, 0.000000000000000000, 1.000000000000000000 ) ) ;
#411 = DIRECTION ( 'NONE',  ( 0.000000000000000000, 0.000000000000000000, -1.000000000000000000 ) ) ;
#412 = AXIS2_PLACEMENT_3D ( 'NONE', #2506, #2798, #788 ) ;
#413 = VECTOR ( 'NONE', #2123, 1000.000000000000000 ) ;
#414 = AXIS2_PLACEMENT_3D ( 'NONE', #867, #2131, #695 ) ;
#415 = CARTESIAN_POINT ( 'NONE',  ( 8.500000000000001776, 0.000000000000000000, -9.621320343559874644 ) ) ;
#416 = ORIENTED_EDGE ( 'NONE', *, *, #1466, .T. ) ;
#417 = CARTESIAN_POINT ( 'NONE',  ( 20.00001200000000168, 4.923496189825012692, 1.201681268617416531 ) ) ;
#418 = CARTESIAN_POINT ( 'NONE',  ( 0.000000000000000000, 0.9999999999999997780, -37.94300928444769028 ) ) ;
#419 = FACE_OUTER_BOUND ( 'NONE', #1003, .T. ) ;
#420 = AXIS2_PLACEMENT_3D ( 'NONE', #2455, #238, #1281 ) ;
#421 = AXIS2_PLACEMENT_3D ( 'NONE', #1835, #280, #2060 ) ;
#422 = ORIENTED_EDGE ( 'NONE', *, *, #1634, .T. ) ;
#423 = FACE_OUTER_BOUND ( 'NONE', #1493, .T. ) ;
#424 = CIRCLE ( 'NONE', #316, 1.500000000000001332 ) ;
#425 = AXIS2_PLACEMENT_3D ( 'NONE', #1890, #2888, #2868 ) ;
#426 = EDGE_CURVE ( 'NONE', #1564, #1063, #3183, .T. ) ;
#427 = VERTEX_POINT ( 'NONE', #345 ) ;
#428 = AXIS2_PLACEMENT_3D ( 'NONE', #1008, #286, #5 ) ;
#429 = DIRECTION ( 'NONE',  ( 0.000000000000000000, 0.000000000000000000, 1.000000000000000000 ) ) ;
#430 = CARTESIAN_POINT ( 'NONE',  ( -13.50115647611315062, 8.000012000000001677, -21.37332332476188768 ) ) ;
#431 = DIRECTION ( 'NONE',  ( 0.000000000000000000, 0.000000000000000000, -1.000000000000000000 ) ) ;
#432 = AXIS2_PLACEMENT_3D ( 'NONE', #1589, #127, #2564 ) ;
#433 = CYLINDRICAL_SURFACE ( 'NONE', #3060, 1.499999999999999556 ) ;
#434 = ORIENTED_EDGE ( 'NONE', *, *, #232, .T. ) ;
#435 = DIRECTION ( 'NONE',  ( -0.000000000000000000, 1.000000000000000000, 0.000000000000000000 ) ) ;
#436 = EDGE_CURVE ( 'NONE', #2653, #1425, #1895, .T. ) ;
#437 = EDGE_CURVE ( 'NONE', #1425, #2636, #2396, .T. ) ;
#438 = CARTESIAN_POINT ( 'NONE',  ( -4.999999999999988454, 0.000000000000000000, 31.50000000000000711 ) ) ;
#439 = ORIENTED_EDGE ( 'NONE', *, *, #2590, .T. ) ;
#440 = DIRECTION ( 'NONE',  ( 1.374038396813312538E-16, 0.000000000000000000, 1.000000000000000000 ) ) ;
#441 = ORIENTED_EDGE ( 'NONE', *, *, #1756, .F. ) ;
#442 = CARTESIAN_POINT ( 'NONE',  ( 15.00000000000000711, 2.000000000000000000, 50.50000000000000711 ) ) ;
#443 = DIRECTION ( 'NONE',  ( 0.000000000000000000, 1.000000000000000000, 0.000000000000000000 ) ) ;
#444 = DIRECTION ( 'NONE',  ( -0.7071067811865511255, 0.000000000000000000, -0.7071067811865440200 ) ) ;
#445 = ADVANCED_FACE ( 'NONE', ( #1076 ), #2894, .F. ) ;
#446 = EDGE_CURVE ( 'NONE', #1646, #170, #424, .T. ) ;
#447 = ORIENTED_EDGE ( 'NONE', *, *, #437, .T. ) ;
#448 = PLANE ( 'NONE',  #103 ) ;
#449 = LINE ( 'NONE', #1183, #3167 ) ;
#450 = ORIENTED_EDGE ( 'NONE', *, *, #598, .F. ) ;
#451 = ORIENTED_EDGE ( 'NONE', *, *, #1404, .T. ) ;
#452 = DIRECTION ( 'NONE',  ( -0.000000000000000000, -1.000000000000000000, -0.000000000000000000 ) ) ;
#453 = ORIENTED_EDGE ( 'NONE', *, *, #203, .F. ) ;
#454 = CYLINDRICAL_SURFACE ( 'NONE', #2826, 1.500000000000001332 ) ;
#455 = CARTESIAN_POINT ( 'NONE',  ( 0.04531669336999694098, 8.000000000000000000, -15.95468330663014278 ) ) ;
#456 = CARTESIAN_POINT ( 'NONE',  ( 3.738238368627641695, 0.000000000000000000, -1.996580413072744031 ) ) ;
#457 =( NAMED_UNIT ( * ) PLANE_ANGLE_UNIT ( ) SI_UNIT ( $, .RADIAN. ) );
#458 = ADVANCED_FACE ( 'NONE', ( #2317 ), #2377, .F. ) ;
#459 = AXIS2_PLACEMENT_3D ( 'NONE', #661, #2380, #869 ) ;
#460 = VERTEX_POINT ( 'NONE', #1144 ) ;
#461 = PRODUCT_DEFINITION ( 'UNKNOWN', '', #1240, #1813 ) ;
#462 = CARTESIAN_POINT ( 'NONE',  ( 13.99999999999999467, 0.000000000000000000, -18.96008581238607960 ) ) ;
#463 = CARTESIAN_POINT ( 'NONE',  ( 0.04531669336999625403, 0.000000000000000000, -15.95468330663014278 ) ) ;
#464 = ORIENTED_EDGE ( 'NONE', *, *, #595, .T. ) ;
#465 = DIRECTION ( 'NONE',  ( -1.000000000000000000, -0.000000000000000000, -0.000000000000000000 ) ) ;
#466 = CARTESIAN_POINT ( 'NONE',  ( 2.557402773745077074, 7.999999999999996447, -16.63671063268947137 ) ) ;
#467 = EDGE_CURVE ( 'NONE', #2258, #2751, #996, .T. ) ;
#468 = EDGE_LOOP ( 'NONE', ( #241, #1758, #2583, #1560, #2349, #2906, #313, #1588, #1350 ) ) ;
#469 = DIRECTION ( 'NONE',  ( -1.000000000000000000, 0.000000000000000000, -0.000000000000000000 ) ) ;
#470 = CARTESIAN_POINT ( 'NONE',  ( -6.938479534831574647, 8.000012000000001677, -43.35203352377760666 ) ) ;
#471 = VECTOR ( 'NONE', #287, 1000.000000000000000 ) ;
#472 = EDGE_CURVE ( 'NONE', #344, #988, #657, .T. ) ;
#473 = AXIS2_PLACEMENT_3D ( 'NONE', #1489, #465, #1542 ) ;
#474 = CARTESIAN_POINT ( 'NONE',  ( 20.00001200000000523, 5.313062740614836521, 0.7568020369795088742 ) ) ;
#475 = CIRCLE ( 'NONE', #1208, 1.502727392089428182 ) ;
#476 = VECTOR ( 'NONE', #712, 1000.000000000000000 ) ;
#477 = VERTEX_POINT ( 'NONE', #1330 ) ;
#478 = CARTESIAN_POINT ( 'NONE',  ( 7.477541933972236876, 2.000000000000000000, -50.49999999999999289 ) ) ;
#479 = DIRECTION ( 'NONE',  ( 0.000000000000000000, 0.000000000000000000, 1.000000000000000000 ) ) ;
#480 = DIRECTION ( 'NONE',  ( 0.7071067811865524577, 0.000000000000000000, 0.7071067811865426878 ) ) ;
#481 = FACE_OUTER_BOUND ( 'NONE', #2259, .T. ) ;
#482 = EDGE_CURVE ( 'NONE', #399, #2213, #607, .T. ) ;
#483 = ORIENTED_EDGE ( 'NONE', *, *, #605, .T. ) ;
#484 = PLANE ( 'NONE',  #1995 ) ;
#485 = VERTEX_POINT ( 'NONE', #3061 ) ;
#486 = CARTESIAN_POINT ( 'NONE',  ( 0.2166354980930755014, 0.000000000000000000, -7.663769409356748774 ) ) ;
#487 = DIRECTION ( 'NONE',  ( -0.000000000000000000, -1.000000000000000000, -0.000000000000000000 ) ) ;
#488 = ORIENTED_EDGE ( 'NONE', *, *, #1179, .T. ) ;
#489 = CYLINDRICAL_SURFACE ( 'NONE', #1314, 2.250000000000001776 ) ;
#490 = FACE_OUTER_BOUND ( 'NONE', #2777, .T. ) ;
#491 = DIRECTION ( 'NONE',  ( 0.7071067811865524577, 0.000000000000000000, 0.7071067811865426878 ) ) ;
#492 = EDGE_CURVE ( 'NONE', #1326, #784, #524, .T. ) ;
#493 = DIRECTION ( 'NONE',  ( 0.000000000000000000, 0.000000000000000000, 1.000000000000000000 ) ) ;
#494 = ORIENTED_EDGE ( 'NONE', *, *, #172, .F. ) ;
#495 = EDGE_LOOP ( 'NONE', ( #1157, #3150, #2092, #610 ) ) ;
#496 = DIRECTION ( 'NONE',  ( -1.202283597211648440E-16, 0.000000000000000000, -1.000000000000000000 ) ) ;
#497 = DIRECTION ( 'NONE',  ( -0.000000000000000000, -1.000000000000000000, -0.000000000000000000 ) ) ;
#498 = DIRECTION ( 'NONE',  ( 0.000000000000000000, 1.000000000000000000, 0.000000000000000000 ) ) ;
#499 = LINE ( 'NONE', #246, #1848 ) ;
#500 = VECTOR ( 'NONE', #315, 1000.000000000000000 ) ;
#501 = ORIENTED_EDGE ( 'NONE', *, *, #1651, .T. ) ;
#502 = DIRECTION ( 'NONE',  ( 0.000000000000000000, 0.000000000000000000, 1.000000000000000000 ) ) ;
#503 =( GEOMETRIC_REPRESENTATION_CONTEXT ( 3 ) GLOBAL_UNCERTAINTY_ASSIGNED_CONTEXT ( ( #3029 ) ) GLOBAL_UNIT_ASSIGNED_CONTEXT ( ( #1577, #1270, #1809 ) ) REPRESENTATION_CONTEXT ( 'NONE', 'WORKASPACE' ) );
#504 = AXIS2_PLACEMENT_3D ( 'NONE', #3141, #300, #807 ) ;
#505 = DIRECTION ( 'NONE',  ( -1.000000000000000000, -0.000000000000000000, -1.224646799147353207E-16 ) ) ;
#506 = ORIENTED_EDGE ( 'NONE', *, *, #191, .F. ) ;
#507 = CARTESIAN_POINT ( 'NONE',  ( 0.000000000000000000, 7.000000000000000000, -36.94300928444768317 ) ) ;
#508 = CYLINDRICAL_SURFACE ( 'NONE', #2140, 2.000000000000001776 ) ;
#509 = AXIS2_PLACEMENT_3D ( 'NONE', #1182, #435, #1919 ) ;
#510 = LINE ( 'NONE', #2241, #2664 ) ;
#511 = AXIS2_PLACEMENT_3D ( 'NONE', #1714, #2478, #1973 ) ;
#512 = ORIENTED_EDGE ( 'NONE', *, *, #1122, .T. ) ;
#513 = ORIENTED_EDGE ( 'NONE', *, *, #2348, .F. ) ;
#514 = EDGE_CURVE ( 'NONE', #959, #724, #2608, .T. ) ;
#515 = CARTESIAN_POINT ( 'NONE',  ( -6.378679656440334078, 0.000000000000000000, -26.00000000000001421 ) ) ;
#516 =( NAMED_UNIT ( * ) SI_UNIT ( $, .STERADIAN. ) SOLID_ANGLE_UNIT ( ) );
#517 = EDGE_LOOP ( 'NONE', ( #2479, #22, #1980, #2074 ) ) ;
#518 = EDGE_LOOP ( 'NONE', ( #2126, #1485, #3005, #513 ) ) ;
#519 = VECTOR ( 'NONE', #292, 1000.000000000000000 ) ;
#520 = AXIS2_PLACEMENT_3D ( 'NONE', #1127, #397, #2146 ) ;
#521 = CARTESIAN_POINT ( 'NONE',  ( 6.805350892692700645E-16, 1.000000000000000000, -48.05699071555231683 ) ) ;
#522 = CIRCLE ( 'NONE', #2344, 1.000000000000000888 ) ;
#523 = VECTOR ( 'NONE', #99, 1000.000000000000114 ) ;
#524 = B_SPLINE_CURVE_WITH_KNOTS ( 'NONE', 3,
 ( #1850, #1613, #2829, #866, #1879, #380, #1599, #2360, #1342, #2586, #2129, #102, #3082, #2856, #1866, #622, #853, #2842 ),
 .UNSPECIFIED., .F., .F.,
 ( 4, 2, 2, 2, 2, 2, 2, 2, 4 ),
 ( 0.5000000000000000000, 0.5625000000000000000, 0.6250000000000000000, 0.6874999999999998890, 0.7499999999999998890, 0.8124999999999998890, 0.8749999999999998890, 0.9374999999999998890, 1.000000000000000000 ),
 .UNSPECIFIED. ) ;
#525 = ADVANCED_FACE ( 'NONE', ( #135 ), #1363, .F. ) ;
#526 = VERTEX_POINT ( 'NONE', #3113 ) ;
#527 = VECTOR ( 'NONE', #339, 1000.000000000000000 ) ;
#528 = CARTESIAN_POINT ( 'NONE',  ( -15.00000000000000888, 4.000000000000000000, 47.75000000000001421 ) ) ;
#529 = CARTESIAN_POINT ( 'NONE',  ( 10.00000000000000178, 0.000000000000000000, -14.30756783799784060 ) ) ;
#530 = EDGE_CURVE ( 'NONE', #2213, #2970, #882, .T. ) ;
#531 = LINE ( 'NONE', #463, #2476 ) ;
#532 = EDGE_LOOP ( 'NONE', ( #1331, #1272, #366, #2985 ) ) ;
#533 = PLANE ( 'NONE',  #2957 ) ;
#534 = CARTESIAN_POINT ( 'NONE',  ( -7.226763070224663466, 0.000000000000000000, -48.49999999999999289 ) ) ;
#535 = LINE ( 'NONE', #6, #471 ) ;
#536 = ORIENTED_EDGE ( 'NONE', *, *, #886, .F. ) ;
#537 = EDGE_CURVE ( 'NONE', #1968, #1425, #2163, .T. ) ;
#538 = CARTESIAN_POINT ( 'NONE',  ( 6.250324449002722105, 0.000000000000000000, -2.678607739132068399 ) ) ;
#539 = ITEM_DEFINED_TRANSFORMATION ( 'NONE', 'NONE', #1677,  #3056 ) ;
#540 = ORIENTED_EDGE ( 'NONE', *, *, #1295, .T. ) ;
#541 = CARTESIAN_POINT ( 'NONE',  ( 20.00001200000000168, 4.000000000000000000, 1.040833981502675645E-14 ) ) ;
#542 = ORIENTED_EDGE ( 'NONE', *, *, #3108, .F. ) ;
#543 = DIRECTION ( 'NONE',  ( -0.000000000000000000, 1.000000000000000000, 0.000000000000000000 ) ) ;
#544 = EDGE_CURVE ( 'NONE', #740, #1603, #837, .T. ) ;
#545 = DIRECTION ( 'NONE',  ( -3.469446951953611033E-15, 0.000000000000000000, 1.000000000000000000 ) ) ;
#546 = VERTEX_POINT ( 'NONE', #1712 ) ;
#547 = DIRECTION ( 'NONE',  ( 0.000000000000000000, 0.000000000000000000, -1.000000000000000000 ) ) ;
#548 = DIRECTION ( 'NONE',  ( 0.000000000000000000, 0.000000000000000000, -1.000000000000000000 ) ) ;
#549 = CARTESIAN_POINT ( 'NONE',  ( 7.339964269525177443, 0.2626753241425069385, -49.49934361599032684 ) ) ;
#550 = LINE ( 'NONE', #2933, #998 ) ;
#551 = ORIENTED_EDGE ( 'NONE', *, *, #2692, .T. ) ;
#552 = ORIENTED_EDGE ( 'NONE', *, *, #1453, .F. ) ;
#553 = APPLICATION_PROTOCOL_DEFINITION ( 'draft international standard', 'automotive_design', 1998, #3100 ) ;
#554 = ORIENTED_EDGE ( 'NONE', *, *, #303, .T. ) ;
#555 = ORIENTED_EDGE ( 'NONE', *, *, #472, .F. ) ;
#556 = DIRECTION ( 'NONE',  ( 0.000000000000000000, 0.000000000000000000, -1.000000000000000000 ) ) ;
#557 = ORIENTED_EDGE ( 'NONE', *, *, #3083, .T. ) ;
#558 = CARTESIAN_POINT ( 'NONE',  ( 16.00000000000000355, 0.000000000000000000, 18.91421356237311358 ) ) ;
#559 = CARTESIAN_POINT ( 'NONE',  ( 0.000000000000000000, 7.000000000000000000, -42.50000000000000000 ) ) ;
#560 = EDGE_CURVE ( 'NONE', #1399, #606, #962, .T. ) ;
#561 = CARTESIAN_POINT ( 'NONE',  ( 6.378679656440335854, 8.000000000000000000, 30.00000000000001421 ) ) ;
#562 = EDGE_LOOP ( 'NONE', ( #940, #1820, #970, #81, #626 ) ) ;
#563 = CARTESIAN_POINT ( 'NONE',  ( 8.500000000000001776, 0.000000000000000000, -14.30756783799784060 ) ) ;
#564 = CARTESIAN_POINT ( 'NONE',  ( 2.143131898507868297E-16, -4.000000000000000000, -1.750000000000000000 ) ) ;
#565 = CARTESIAN_POINT ( 'NONE',  ( -7.296786785746015802, 7.898322383997803620, -49.14301610474120707 ) ) ;
#566 = AXIS2_PLACEMENT_3D ( 'NONE', #3218, #987, #742 ) ;
#567 = DIRECTION ( 'NONE',  ( 1.000000000000000000, -0.000000000000000000, -1.084202172485504557E-16 ) ) ;
#568 = ORIENTED_EDGE ( 'NONE', *, *, #3138, .T. ) ;
#569 = DIRECTION ( 'NONE',  ( 0.000000000000000000, -1.000000000000000000, 0.000000000000000000 ) ) ;
#570 = AXIS2_PLACEMENT_3D ( 'NONE', #2179, #3154, #431 ) ;
#571 = EDGE_CURVE ( 'NONE', #2390, #1959, #630, .T. ) ;
#572 = VERTEX_POINT ( 'NONE', #1450 ) ;
#573 = ORIENTED_EDGE ( 'NONE', *, *, #1091, .F. ) ;
#574 = LINE ( 'NONE', #1830, #2242 ) ;
#575 = CARTESIAN_POINT ( 'NONE',  ( -15.00000000000000888, 4.000000000000000000, 45.50000000000001421 ) ) ;
#576 = AXIS2_PLACEMENT_3D ( 'NONE', #1210, #672, #705 ) ;
#577 = ORIENTED_EDGE ( 'NONE', *, *, #916, .T. ) ;
#578 = DIRECTION ( 'NONE',  ( 0.000000000000000000, 1.000000000000000000, 0.000000000000000000 ) ) ;
#579 = AXIS2_PLACEMENT_3D ( 'NONE', #2346, #122, #1126 ) ;
#580 = CIRCLE ( 'NONE', #632, 4.556990715552315940 ) ;
#581 = CYLINDRICAL_SURFACE ( 'NONE', #825, 1.500000000000001332 ) ;
#582 = EDGE_CURVE ( 'NONE', #2190, #1856, #2821, .T. ) ;
#583 = ORIENTED_EDGE ( 'NONE', *, *, #964, .F. ) ;
#584 = CARTESIAN_POINT ( 'NONE',  ( -8.500000000000000000, 0.000000000000000000, 19.80756783799781573 ) ) ;
#585 = CARTESIAN_POINT ( 'NONE',  ( 0.000000000000000000, -4.000000000000000000, 0.000000000000000000 ) ) ;
#586 = CARTESIAN_POINT ( 'NONE',  ( 5.862068965517251762, 8.000000000000000000, -10.13793103448296407 ) ) ;
#587 = CARTESIAN_POINT ( 'NONE',  ( 15.00000000000000711, 8.000000000000000000, -18.96008581238607960 ) ) ;
#588 = ORIENTED_EDGE ( 'NONE', *, *, #1166, .F. ) ;
#589 = DIRECTION ( 'NONE',  ( -8.673617379884035472E-17, 0.000000000000000000, -1.000000000000000000 ) ) ;
#590 = CONTEXT_DEPENDENT_SHAPE_REPRESENTATION ( #2670, #3169 ) ;
#591 = EDGE_CURVE ( 'NONE', #97, #1759, #1308, .T. ) ;
#592 = EDGE_LOOP ( 'NONE', ( #2635, #557, #1138, #2332, #2419, #35, #2760, #1418, #1406 ) ) ;
#593 = CARTESIAN_POINT ( 'NONE',  ( -10.00000000000000000, 0.000000000000000000, 11.50000000000022204 ) ) ;
#594 = EDGE_LOOP ( 'NONE', ( #1500, #1075, #2710, #1211 ) ) ;
#595 = EDGE_CURVE ( 'NONE', #25, #2837, #2908, .T. ) ;
#596 = CARTESIAN_POINT ( 'NONE',  ( -15.00000000000000711, 0.000000000000000000, -19.27901520597429652 ) ) ;
#597 = ORIENTED_EDGE ( 'NONE', *, *, #2434, .T. ) ;
#598 = EDGE_CURVE ( 'NONE', #1649, #1603, #1682, .T. ) ;
#599 = CARTESIAN_POINT ( 'NONE',  ( 7.447597079217179505, 6.888890414029678055, -50.29641331921801140 ) ) ;
#600 = CARTESIAN_POINT ( 'NONE',  ( -5.189664277222899358, 8.000000000000000000, 7.117947567352204352 ) ) ;
#601 = DIRECTION ( 'NONE',  ( -0.000000000000000000, -1.000000000000000000, -0.000000000000000000 ) ) ;
#602 = CARTESIAN_POINT ( 'NONE',  ( -4.999999999999988454, 0.000000000000000000, 31.50000000000000711 ) ) ;
#603 = ORIENTED_EDGE ( 'NONE', *, *, #1667, .T. ) ;
#604 = DIRECTION ( 'NONE',  ( -1.000000000000000000, 0.000000000000000000, 0.000000000000000000 ) ) ;
#605 = EDGE_CURVE ( 'NONE', #3094, #645, #1438, .T. ) ;
#606 = VERTEX_POINT ( 'NONE', #455 ) ;
#607 = LINE ( 'NONE', #2560, #2195 ) ;
#608 = VERTEX_POINT ( 'NONE', #2702 ) ;
#609 = CARTESIAN_POINT ( 'NONE',  ( 3.058495957738505133, 0.000000000000000000, -24.50000000000001421 ) ) ;
#610 = ORIENTED_EDGE ( 'NONE', *, *, #3001, .T. ) ;
#611 = DIRECTION ( 'NONE',  ( 0.000000000000000000, 1.000000000000000000, 0.000000000000000000 ) ) ;
#612 = CYLINDRICAL_SURFACE ( 'NONE', #3007, 2.250000000000001776 ) ;
#613 = DIRECTION ( 'NONE',  ( 0.000000000000000000, 0.000000000000000000, -1.000000000000000000 ) ) ;
#614 = ADVANCED_FACE ( 'NONE', ( #2217 ), #2432, .F. ) ;
#615 = LINE ( 'NONE', #2097, #1369 ) ;
#616 = ORIENTED_EDGE ( 'NONE', *, *, #778, .F. ) ;
#617 = DIRECTION ( 'NONE',  ( 0.000000000000000000, 1.000000000000000000, 0.000000000000000000 ) ) ;
#618 = EDGE_CURVE ( 'NONE', #1959, #619, #1693, .T. ) ;
#619 = VERTEX_POINT ( 'NONE', #1209 ) ;
#620 = AXIS2_PLACEMENT_3D ( 'NONE', #2441, #2454, #2024 ) ;
#621 = ORIENTED_EDGE ( 'NONE', *, *, #3233, .T. ) ;
#622 = CARTESIAN_POINT ( 'NONE',  ( 20.00001200000000168, 3.606664284351854821, -1.463615420376127796 ) ) ;
#623 = CARTESIAN_POINT ( 'NONE',  ( 19.00000000000001776, 0.000000000000000000, -5.499999999999990230 ) ) ;
#624 = VECTOR ( 'NONE', #2236, 1000.000000000000000 ) ;
#625 = ADVANCED_FACE ( 'NONE', ( #693 ), #3181, .F. ) ;
#626 = ORIENTED_EDGE ( 'NONE', *, *, #2532, .F. ) ;
#627 = VECTOR ( 'NONE', #694, 1000.000000000000000 ) ;
#628 = LINE ( 'NONE', #2884, #722 ) ;
#629 = ORIENTED_EDGE ( 'NONE', *, *, #1917, .F. ) ;
#630 = CIRCLE ( 'NONE', #2872, 4.556990715552315940 ) ;
#631 = LINE ( 'NONE', #980, #2966 ) ;
#632 = AXIS2_PLACEMENT_3D ( 'NONE', #1893, #617, #1628 ) ;
#633 = CARTESIAN_POINT ( 'NONE',  ( 49.79166604315376787, 0.000000000000000000, -44.17853350808720592 ) ) ;
#634 = DIRECTION ( 'NONE',  ( 0.000000000000000000, 0.000000000000000000, 1.000000000000000000 ) ) ;
#635 = CIRCLE ( 'NONE', #2875, 3.000000000000002665 ) ;
#636 = DIRECTION ( 'NONE',  ( 2.970688497941986867E-16, 0.000000000000000000, 1.000000000000000000 ) ) ;
#637 = VERTEX_POINT ( 'NONE', #216 ) ;
#638 = VERTEX_POINT ( 'NONE', #229 ) ;
#639 = CARTESIAN_POINT ( 'NONE',  ( 10.00000000000000000, 4.000000000000000000, 1.127570259384924611E-14 ) ) ;
#640 = CIRCLE ( 'NONE', #2880, 1.499999999999999556 ) ;
#641 = ORIENTED_EDGE ( 'NONE', *, *, #1221, .F. ) ;
#642 = DIRECTION ( 'NONE',  ( 0.000000000000000000, 1.000000000000000000, 0.000000000000000000 ) ) ;
#643 = DIRECTION ( 'NONE',  ( 0.000000000000000000, 1.000000000000000000, 0.000000000000000000 ) ) ;
#644 = LINE ( 'NONE', #73, #1685 ) ;
#645 = VERTEX_POINT ( 'NONE', #442 ) ;
#646 = LINE ( 'NONE', #367, #721 ) ;
#647 = VERTEX_POINT ( 'NONE', #2949 ) ;
#648 = EDGE_CURVE ( 'NONE', #3094, #756, #704, .T. ) ;
#649 = CARTESIAN_POINT ( 'NONE',  ( 20.00001199999999812, 5.201681268617402765, -0.9234961898250063639 ) ) ;
#650 = CARTESIAN_POINT ( 'NONE',  ( 5.000000000000006217, 3.000000000000000000, 38.50000000000000711 ) ) ;
#651 = ADVANCED_FACE ( 'NONE', ( #1986, #2964 ), #1664, .F. ) ;
#652 = CARTESIAN_POINT ( 'NONE',  ( -7.477541933972236876, 6.000000000000000000, -50.49999999999999289 ) ) ;
#653 = ORIENTED_EDGE ( 'NONE', *, *, #1453, .T. ) ;
#654 = ORIENTED_EDGE ( 'NONE', *, *, #203, .T. ) ;
#655 = CARTESIAN_POINT ( 'NONE',  ( -7.439339828220191464, 0.000000000000000000, -16.36827201635479767 ) ) ;
#656 = ORIENTED_EDGE ( 'NONE', *, *, #1917, .T. ) ;
#657 = LINE ( 'NONE', #3133, #1200 ) ;
#658 = CARTESIAN_POINT ( 'NONE',  ( -15.00000000000000711, 8.000006000000000839, -19.27901520597429652 ) ) ;
#659 = CARTESIAN_POINT ( 'NONE',  ( 0.4335721768554647859, 8.000000000000000000, -8.495360011279245782 ) ) ;
#660 = EDGE_CURVE ( 'NONE', #1699, #1743, #8, .T. ) ;
#661 = CARTESIAN_POINT ( 'NONE',  ( 0.000000000000000000, 1.000000000000000000, -42.50000000000000000 ) ) ;
#662 = EDGE_LOOP ( 'NONE', ( #2869, #914, #2221, #1396 ) ) ;
#663 = DIRECTION ( 'NONE',  ( -0.000000000000000000, -1.000000000000000000, -0.000000000000000000 ) ) ;
#664 = FACE_OUTER_BOUND ( 'NONE', #662, .T. ) ;
#665 = DIRECTION ( 'NONE',  ( 0.000000000000000000, 1.000000000000000000, 0.000000000000000000 ) ) ;
#666 = ORIENTED_EDGE ( 'NONE', *, *, #2412, .T. ) ;
#667 = ORIENTED_EDGE ( 'NONE', *, *, #1343, .T. ) ;
#668 = EDGE_CURVE ( 'NONE', #242, #2321, #574, .T. ) ;
#669 = DIRECTION ( 'NONE',  ( 0.000000000000000000, 0.000000000000000000, -1.000000000000000000 ) ) ;
#670 = ORIENTED_EDGE ( 'NONE', *, *, #88, .F. ) ;
#671 = DIRECTION ( 'NONE',  ( 0.000000000000000000, 1.000000000000000000, 0.000000000000000000 ) ) ;
#672 = DIRECTION ( 'NONE',  ( -0.000000000000000000, 1.000000000000000000, -0.000000000000000000 ) ) ;
#673 = DIRECTION ( 'NONE',  ( 0.000000000000000000, 0.000000000000000000, 1.000000000000000000 ) ) ;
#674 = PRODUCT ( 'Front-Suspension-Arm-Ball', 'Front-Suspension-Arm-Ball', '', ( #1826 ) ) ;
#675 = AXIS2_PLACEMENT_3D ( 'NONE', #609, #3119, #1882 ) ;
#676 = CIRCLE ( 'NONE', #1087, 2.000000000000001776 ) ;
#677 = ADVANCED_FACE ( 'NONE', ( #2624 ), #833, .T. ) ;
#678 = VECTOR ( 'NONE', #719, 1000.000000000000000 ) ;
#679 = DIRECTION ( 'NONE',  ( -0.7071067811865521247, 0.000000000000000000, -0.7071067811865429098 ) ) ;
#680 = ORIENTED_EDGE ( 'NONE', *, *, #392, .F. ) ;
#681 = CARTESIAN_POINT ( 'NONE',  ( -4.509921866333773899, 0.000000000000000000, 29.62136715427950406 ) ) ;
#682 = CARTESIAN_POINT ( 'NONE',  ( 5.000000000000006217, 2.000000000000000000, 50.50000000000000711 ) ) ;
#683 = AXIS2_PLACEMENT_3D ( 'NONE', #3019, #2577, #2833 ) ;
#684 = VECTOR ( 'NONE', #153, 1000.000000000000000 ) ;
#685 = ORIENTED_EDGE ( 'NONE', *, *, #1715, .F. ) ;
#686 = FACE_OUTER_BOUND ( 'NONE', #594, .T. ) ;
#687 = AXIS2_PLACEMENT_3D ( 'NONE', #521, #2481, #2500 ) ;
#688 = AXIS2_PLACEMENT_3D ( 'NONE', #64, #1074, #2553 ) ;
#689 = ORIENTED_EDGE ( 'NONE', *, *, #2843, .T. ) ;
#690 = EDGE_CURVE ( 'NONE', #988, #221, #1257, .T. ) ;
#691 = AXIS2_PLACEMENT_3D ( 'NONE', #1710, #2188, #669 ) ;
#692 = ADVANCED_FACE ( 'NONE', ( #852 ), #1329, .F. ) ;
#693 = FACE_OUTER_BOUND ( 'NONE', #2755, .T. ) ;
#694 = DIRECTION ( 'NONE',  ( 0.000000000000000000, 0.000000000000000000, -1.000000000000000000 ) ) ;
#695 = DIRECTION ( 'NONE',  ( 0.000000000000000000, 0.000000000000000000, 1.000000000000000000 ) ) ;
#696 = ADVANCED_FACE ( 'NONE', ( #101 ), #2585, .F. ) ;
#697 = EDGE_LOOP ( 'NONE', ( #2990, #453, #2874, #542 ) ) ;
#698 = CARTESIAN_POINT ( 'NONE',  ( -7.439339828220147943, 8.000000000000000000, -23.43933982822018436 ) ) ;
#699 = CYLINDRICAL_SURFACE ( 'NONE', #425, 2.000000000000001776 ) ;
#700 = EDGE_LOOP ( 'NONE', ( #1124, #1543, #3177, #3158, #68, #1695 ) ) ;
#701 = DIRECTION ( 'NONE',  ( -0.7071067811865523467, 0.000000000000000000, -0.7071067811865426878 ) ) ;
#702 = VERTEX_POINT ( 'NONE', #1436 ) ;
#703 = EDGE_CURVE ( 'NONE', #2673, #1181, #635, .T. ) ;
#704 = LINE ( 'NONE', #1727, #1048 ) ;
#705 = DIRECTION ( 'NONE',  ( 0.000000000000000000, 0.000000000000000000, 1.000000000000000000 ) ) ;
#706 = DIRECTION ( 'NONE',  ( 1.000000000000000000, -0.000000000000000000, 0.000000000000000000 ) ) ;
#707 = EDGE_LOOP ( 'NONE', ( #2010, #149, #3131, #270 ) ) ;
#708 = DIRECTION ( 'NONE',  ( 0.000000000000000000, 0.000000000000000000, -1.000000000000000000 ) ) ;
#709 = DIRECTION ( 'NONE',  ( -1.000000000000000000, 0.000000000000000000, 8.673617379884036705E-17 ) ) ;
#710 = APPLICATION_CONTEXT ( 'automotive_design' ) ;
#711 = ORIENTED_EDGE ( 'NONE', *, *, #2988, .F. ) ;
#712 = DIRECTION ( 'NONE',  ( 2.970688497941986867E-16, 0.000000000000000000, 1.000000000000000000 ) ) ;
#713 = CARTESIAN_POINT ( 'NONE',  ( -8.500000000000000000, 0.000000000000000000, 3.807611844575137461 ) ) ;
#714 = ADVANCED_FACE ( 'NONE', ( #933 ), #454, .F. ) ;
#715 = CARTESIAN_POINT ( 'NONE',  ( 1.105976865149810529, 8.000000000000000000, -17.01534347840997441 ) ) ;
#716 = ORIENTED_EDGE ( 'NONE', *, *, #618, .F. ) ;
#717 = CARTESIAN_POINT ( 'NONE',  ( -10.00000000000001243, 8.000000000000000000, -26.00000000000001421 ) ) ;
#718 = DIRECTION ( 'NONE',  ( -0.2524218971470014172, -0.000000000000000000, 0.9676172723968442524 ) ) ;
#719 = DIRECTION ( 'NONE',  ( 1.000000000000000000, -0.000000000000000000, -1.084202172485504557E-16 ) ) ;
#720 = CARTESIAN_POINT ( 'NONE',  ( 20.00000599999999906, 4.000000000000000000, -1.502727392089417746 ) ) ;
#721 = VECTOR ( 'NONE', #3157, 1000.000000000000000 ) ;
#722 = VECTOR ( 'NONE', #178, 1000.000000000000000 ) ;
#723 = UNCERTAINTY_MEASURE_WITH_UNIT (LENGTH_MEASURE( 1.000000000000000082E-05 ), #774, 'distance_accuracy_value', 'NONE');
#724 = VERTEX_POINT ( 'NONE', #1925 ) ;
#725 = CARTESIAN_POINT ( 'NONE',  ( -7.048574091404733899, 8.000000000000000000, 20.18620068371831877 ) ) ;
#726 = AXIS2_PLACEMENT_3D ( 'NONE', #3103, #387, #1394 ) ;
#727 = CARTESIAN_POINT ( 'NONE',  ( 8.500000000000001776, 8.000000000000000000, -9.621320343559874644 ) ) ;
#728 = VERTEX_POINT ( 'NONE', #1700 ) ;
#729 = CARTESIAN_POINT ( 'NONE',  ( -10.00000000000001243, 0.000000000000000000, -26.00000000000001421 ) ) ;
#730 = CARTESIAN_POINT ( 'NONE',  ( -6.469771381095086760, 8.000000000000000000, 15.03022861890509709 ) ) ;
#731 = VECTOR ( 'NONE', #180, 1000.000000000000000 ) ;
#732 = CARTESIAN_POINT ( 'NONE',  ( 0.000000000000000000, 8.000000000000000000, -42.50000000000000000 ) ) ;
#733 = CIRCLE ( 'NONE', #2486, 1.000000000000000888 ) ;
#734 = ORIENTED_EDGE ( 'NONE', *, *, #582, .T. ) ;
#735 =( NAMED_UNIT ( * ) SI_UNIT ( $, .STERADIAN. ) SOLID_ANGLE_UNIT ( ) );
#736 = CIRCLE ( 'NONE', #688, 1.000000000000000888 ) ;
#737 = VECTOR ( 'NONE', #2159, 1000.000000000000000 ) ;
#738 = CARTESIAN_POINT ( 'NONE',  ( -1.234790410502191182, 8.000000000000000000, -8.042402255077250928 ) ) ;
#739 = VECTOR ( 'NONE', #2064, 1000.000000000000000 ) ;
#740 = VERTEX_POINT ( 'NONE', #2907 ) ;
#741 = ADVANCED_FACE ( 'NONE', ( #2407 ), #215, .F. ) ;
#742 = DIRECTION ( 'NONE',  ( 0.000000000000000000, 0.000000000000000000, 1.000000000000000000 ) ) ;
#743 = EDGE_CURVE ( 'NONE', #1029, #485, #3078, .T. ) ;
#744 = DIRECTION ( 'NONE',  ( 0.000000000000000000, 0.000000000000000000, 1.000000000000000000 ) ) ;
#745 = LINE ( 'NONE', #466, #1582 ) ;
#746 = ORIENTED_EDGE ( 'NONE', *, *, #2584, .T. ) ;
#747 = PLANE ( 'NONE',  #1690 ) ;
#748 = PRODUCT_DEFINITION_CONTEXT ( 'detailed design', #2425, 'design' ) ;
#749 = ORIENTED_EDGE ( 'NONE', *, *, #3123, .T. ) ;
#750 = DIRECTION ( 'NONE',  ( 0.000000000000000000, 0.000000000000000000, -1.000000000000000000 ) ) ;
#751 = DIRECTION ( 'NONE',  ( -0.000000000000000000, -1.000000000000000000, -0.000000000000000000 ) ) ;
#752 = VERTEX_POINT ( 'NONE', #2698 ) ;
#753 = CARTESIAN_POINT ( 'NONE',  ( 0.1741302387223811476, 0.000000000000000000, 14.60306242685705591 ) ) ;
#754 = DIRECTION ( 'NONE',  ( -0.7071067811865435759, 0.000000000000000000, 0.7071067811865515695 ) ) ;
#755 = DIRECTION ( 'NONE',  ( 0.000000000000000000, 1.000000000000000000, 0.000000000000000000 ) ) ;
#756 = VERTEX_POINT ( 'NONE', #913 ) ;
#757 = EDGE_CURVE ( 'NONE', #427, #966, #929, .T. ) ;
#758 = LINE ( 'NONE', #1988, #678 ) ;
#759 = EDGE_LOOP ( 'NONE', ( #861, #2261, #930, #1934, #1226, #2740, #2769 ) ) ;
#760 = CARTESIAN_POINT ( 'NONE',  ( 5.000000000000006217, 3.000000000000000000, 38.50000000000000711 ) ) ;
#761 = CIRCLE ( 'NONE', #156, 1.750000000000000000 ) ;
#762 = VECTOR ( 'NONE', #1645, 1000.000000000000000 ) ;
#763 = ORIENTED_EDGE ( 'NONE', *, *, #863, .F. ) ;
#764 = CARTESIAN_POINT ( 'NONE',  ( 20.00000000000000000, 8.000000000000000000, -4.499999999999990230 ) ) ;
#765 = VECTOR ( 'NONE', #1719, 1000.000000000000000 ) ;
#766 = DIRECTION ( 'NONE',  ( 0.000000000000000000, 0.000000000000000000, 1.000000000000000000 ) ) ;
#767 = ORIENTED_EDGE ( 'NONE', *, *, #582, .F. ) ;
#768 = DIRECTION ( 'NONE',  ( -0.000000000000000000, -1.000000000000000000, -0.000000000000000000 ) ) ;
#769 = CARTESIAN_POINT ( 'NONE',  ( 19.00000000000000000, 8.000000000000000000, -4.499999999999990230 ) ) ;
#770 = TOROIDAL_SURFACE ( 'NONE', #1037, 5.556990715552314164, 1.000000000000000000 ) ;
#771 = DIRECTION ( 'NONE',  ( -0.7071067811865426878, 0.000000000000000000, 0.7071067811865524577 ) ) ;
#772 = DIRECTION ( 'NONE',  ( 0.000000000000000000, 1.000000000000000000, -0.000000000000000000 ) ) ;
#773 = EDGE_LOOP ( 'NONE', ( #2595, #2274 ) ) ;
#774 =( LENGTH_UNIT ( ) NAMED_UNIT ( * ) SI_UNIT ( .MILLI., .METRE. ) );
#775 = SHAPE_DEFINITION_REPRESENTATION ( #936, #3227 ) ;
#776 = ORIENTED_EDGE ( 'NONE', *, *, #690, .F. ) ;
#777 = EDGE_LOOP ( 'NONE', ( #1867, #2277, #1796, #63 ) ) ;
#778 = EDGE_CURVE ( 'NONE', #645, #647, #2554, .T. ) ;
#779 = VECTOR ( 'NONE', #409, 1000.000000000000000 ) ;
#780 = VECTOR ( 'NONE', #9, 1000.000000000000000 ) ;
#781 = FACE_OUTER_BOUND ( 'NONE', #1669, .T. ) ;
#782 = TOROIDAL_SURFACE ( 'NONE', #2930, 5.556990715552314164, 1.000000000000000000 ) ;
#783 = VECTOR ( 'NONE', #1863, 1000.000000000000000 ) ;
#784 = VERTEX_POINT ( 'NONE', #2373 ) ;
#785 = VECTOR ( 'NONE', #2787, 1000.000000000000000 ) ;
#786 = CARTESIAN_POINT ( 'NONE',  ( -0.4335721768554595679, 8.000000000000000000, 13.99536001127922269 ) ) ;
#787 = CARTESIAN_POINT ( 'NONE',  ( 6.805350892692700645E-16, 7.000000000000000000, -48.05699071555231683 ) ) ;
#788 = DIRECTION ( 'NONE',  ( 0.000000000000000000, -0.000000000000000000, 1.000000000000000000 ) ) ;
#789 = ORIENTED_EDGE ( 'NONE', *, *, #161, .F. ) ;
#790 = CARTESIAN_POINT ( 'NONE',  ( 7.462277470251744482, 6.646495780240076812, -50.39717426393821853 ) ) ;
#791 =( LENGTH_UNIT ( ) NAMED_UNIT ( * ) SI_UNIT ( .MILLI., .METRE. ) );
#792 = DIRECTION ( 'NONE',  ( 0.000000000000000000, 0.000000000000000000, 1.000000000000000000 ) ) ;
#793 = CARTESIAN_POINT ( 'NONE',  ( 4.509921866333772122, 8.000000000000000000, -24.12136715427951472 ) ) ;
#794 = ORIENTED_EDGE ( 'NONE', *, *, #1374, .F. ) ;
#795 = DIRECTION ( 'NONE',  ( -0.000000000000000000, -1.000000000000000000, -0.000000000000000000 ) ) ;
#796 = ADVANCED_FACE ( 'NONE', ( #147 ), #1140, .F. ) ;
#797 = ADVANCED_FACE ( 'NONE', ( #1433 ), #1460, .F. ) ;
#798 = VERTEX_POINT ( 'NONE', #947 ) ;
#799 = ORIENTED_EDGE ( 'NONE', *, *, #2757, .T. ) ;
#800 = ADVANCED_FACE ( 'NONE', ( #2935 ), #3128, .F. ) ;
#801 = DIRECTION ( 'NONE',  ( 1.000000000000000000, -0.000000000000000000, -1.084202172485504557E-16 ) ) ;
#802 = VERTEX_POINT ( 'NONE', #2891 ) ;
#803 = DIRECTION ( 'NONE',  ( -0.2524218971470015282, -0.000000000000000000, 0.9676172723968441414 ) ) ;
#804 = LINE ( 'NONE', #1539, #3166 ) ;
#805 = FACE_BOUND ( 'NONE', #2225, .T. ) ;
#806 = CARTESIAN_POINT ( 'NONE',  ( 7.477541933972235988, 6.132557465803154528, -50.49999999999998579 ) ) ;
#807 = DIRECTION ( 'NONE',  ( 0.000000000000000000, 0.000000000000000000, 1.000000000000000000 ) ) ;
#808 = CARTESIAN_POINT ( 'NONE',  ( 7.406295228540258790, 0.6751498804715208024, -50.00391407087960971 ) ) ;
#809 = DIRECTION ( 'NONE',  ( 1.000000000000000000, -0.000000000000000000, 0.000000000000000000 ) ) ;
#810 = ORIENTED_EDGE ( 'NONE', *, *, #2167, .T. ) ;
#811 = DIRECTION ( 'NONE',  ( -0.000000000000000000, -1.000000000000000000, -0.000000000000000000 ) ) ;
#812 = CARTESIAN_POINT ( 'NONE',  ( 678.1814109285293171, 884.3965678435096152, 1267.017811819461031 ) ) ;
#813 = VERTEX_POINT ( 'NONE', #1721 ) ;
#814 = ORIENTED_EDGE ( 'NONE', *, *, #1419, .T. ) ;
#815 = CARTESIAN_POINT ( 'NONE',  ( -10.00000000000000000, 0.000000000000000000, 4.428932188134785619 ) ) ;
#816 = EDGE_LOOP ( 'NONE', ( #320, #2828, #506, #3066 ) ) ;
#817 = CARTESIAN_POINT ( 'NONE',  ( -10.00000000000000000, 0.000000000000000000, 11.50000000000022204 ) ) ;
#818 = ADVANCED_FACE ( 'NONE', ( #2405 ), #1697, .F. ) ;
#819 = CARTESIAN_POINT ( 'NONE',  ( -14.99999999999999467, 2.000000000000000000, 48.50000000000000711 ) ) ;
#820 = AXIS2_PLACEMENT_3D ( 'NONE', #1403, #2379, #154 ) ;
#821 = ADVANCED_FACE ( 'NONE', ( #1965 ), #1679, .F. ) ;
#822 = CARTESIAN_POINT ( 'NONE',  ( -7.530431552874902401, 0.000000000000000000, 16.09088879068492517 ) ) ;
#823 = FACE_OUTER_BOUND ( 'NONE', #1824, .T. ) ;
#824 = CARTESIAN_POINT ( 'NONE',  ( 8.500000000000001776, 8.000000000000000000, -14.30756783799784060 ) ) ;
#825 = AXIS2_PLACEMENT_3D ( 'NONE', #1332, #105, #3085 ) ;
#826 = FACE_OUTER_BOUND ( 'NONE', #2960, .T. ) ;
#827 = ORIENTED_EDGE ( 'NONE', *, *, #571, .T. ) ;
#828 = VECTOR ( 'NONE', #2900, 1000.000000000000000 ) ;
#829 = CARTESIAN_POINT ( 'NONE',  ( -0.1741302387223774006, 8.000000000000000000, -9.103062426857079004 ) ) ;
#830 = DIRECTION ( 'NONE',  ( 1.000000000000000000, 0.000000000000000000, 0.000000000000000000 ) ) ;
#831 = CIRCLE ( 'NONE', #1422, 1.499999999999999556 ) ;
#832 = ORIENTED_EDGE ( 'NONE', *, *, #1021, .F. ) ;
#833 = CYLINDRICAL_SURFACE ( 'NONE', #2104, 2.000000000000001776 ) ;
#834 = DIRECTION ( 'NONE',  ( 0.000000000000000000, 1.000000000000000000, 0.000000000000000000 ) ) ;
#835 = CIRCLE ( 'NONE', #520, 1.000000000000000888 ) ;
#836 = EDGE_LOOP ( 'NONE', ( #234, #597, #3011, #927, #1992, #1497, #956 ) ) ;
#837 = CIRCLE ( 'NONE', #2048, 2.250000000000001776 ) ;
#838 = AXIS2_PLACEMENT_3D ( 'NONE', #132, #1121, #2296 ) ;
#839 = CARTESIAN_POINT ( 'NONE',  ( 9.026582931536074383, 8.000000000000000000, 0.09765074340124528518 ) ) ;
#840 = AXIS2_PLACEMENT_3D ( 'NONE', #1923, #2905, #1174 ) ;
#841 = EDGE_CURVE ( 'NONE', #961, #813, #2003, .T. ) ;
#842 = EDGE_LOOP ( 'NONE', ( #2175, #1637, #2529, #1525 ) ) ;
#843 = CARTESIAN_POINT ( 'NONE',  ( 7.418154021810889454, 7.221187582964267548, -50.08927928409719499 ) ) ;
#844 = CARTESIAN_POINT ( 'NONE',  ( -7.418154021810896559, 0.7788124170357338949, -50.08927928409719499 ) ) ;
#845 = CARTESIAN_POINT ( 'NONE',  ( 5.000000000000006217, 0.000000000000000000, 50.50000000000000711 ) ) ;
#846 = AXIS2_PLACEMENT_3D ( 'NONE', #3, #768, #1035 ) ;
#847 = FACE_OUTER_BOUND ( 'NONE', #75, .T. ) ;
#848 = ORIENTED_EDGE ( 'NONE', *, *, #1141, .T. ) ;
#849 = CARTESIAN_POINT ( 'NONE',  ( 3.200000000000000178, -4.000000000000000000, 3.918869757271530953E-16 ) ) ;
#850 = ORIENTED_EDGE ( 'NONE', *, *, #660, .T. ) ;
#851 = ORIENTED_EDGE ( 'NONE', *, *, #347, .T. ) ;
#852 = FACE_OUTER_BOUND ( 'NONE', #2181, .T. ) ;
#853 = CARTESIAN_POINT ( 'NONE',  ( 20.00001200000000523, 3.803293444360988484, -1.502727392089418412 ) ) ;
#854 = ORIENTED_EDGE ( 'NONE', *, *, #2284, .F. ) ;
#855 = CARTESIAN_POINT ( 'NONE',  ( -4.999999999999993783, 6.000000000000000000, 48.50000000000000711 ) ) ;
#856 = ORIENTED_EDGE ( 'NONE', *, *, #436, .F. ) ;
#857 = CARTESIAN_POINT ( 'NONE',  ( 19.00000000000003553, -2.449293598294702963E-15, 14.50000000000001066 ) ) ;
#858 = CARTESIAN_POINT ( 'NONE',  ( 14.99999999999999289, 0.000000000000000000, -50.49999999999999289 ) ) ;
#859 = CARTESIAN_POINT ( 'NONE',  ( 7.226763070224663466, 0.000000000000000000, -48.49999999999999289 ) ) ;
#860 = FACE_BOUND ( 'NONE', #2382, .T. ) ;
#861 = ORIENTED_EDGE ( 'NONE', *, *, #3138, .F. ) ;
#862 = DIRECTION ( 'NONE',  ( 1.000000000000000000, -0.000000000000000000, 0.000000000000000000 ) ) ;
#863 = EDGE_CURVE ( 'NONE', #959, #1611, #1532, .T. ) ;
#864 = ORIENTED_EDGE ( 'NONE', *, *, #2273, .F. ) ;
#865 = CARTESIAN_POINT ( 'NONE',  ( 5.000000000000006217, 0.000000000000000000, 38.50000000000000711 ) ) ;
#866 = CARTESIAN_POINT ( 'NONE',  ( 20.00001199999999457, 3.243197963020501007, 1.313062740614844515 ) ) ;
#867 = CARTESIAN_POINT ( 'NONE',  ( 0.000000000000000000, 0.9999999999999997780, -42.50000000000000000 ) ) ;
#868 = EDGE_LOOP ( 'NONE', ( #1078, #3171, #1806, #2038 ) ) ;
#869 = DIRECTION ( 'NONE',  ( 0.000000000000000000, 0.000000000000000000, 1.000000000000000000 ) ) ;
#870 = EDGE_LOOP ( 'NONE', ( #716, #2600, #1916, #2774 ) ) ;
#871 = LINE ( 'NONE', #1670, #1045 ) ;
#872 = DIRECTION ( 'NONE',  ( -0.000000000000000000, -1.000000000000000000, -0.000000000000000000 ) ) ;
#873 = CARTESIAN_POINT ( 'NONE',  ( 7.253929916646153053, 0.01291452564971357249, -48.76148990558684915 ) ) ;
#874 = EDGE_CURVE ( 'NONE', #546, #608, #2418, .T. ) ;
#875 = CARTESIAN_POINT ( 'NONE',  ( 19.00000000000000000, 0.000000000000000000, 13.50000000000001243 ) ) ;
#876 = ADVANCED_FACE ( 'NONE', ( #423 ), #782, .T. ) ;
#877 = ORIENTED_EDGE ( 'NONE', *, *, #1472, .F. ) ;
#878 = CIRCLE ( 'NONE', #1776, 1.499999999999999556 ) ;
#879 = CARTESIAN_POINT ( 'NONE',  ( 15.00000000000000178, 0.000000000000000000, 18.91421356237311358 ) ) ;
#880 = APPLICATION_CONTEXT ( 'automotive_design' ) ;
#881 = ORIENTED_EDGE ( 'NONE', *, *, #2713, .F. ) ;
#882 = LINE ( 'NONE', #3197, #779 ) ;
#883 = CARTESIAN_POINT ( 'NONE',  ( 7.965922759756259630, 0.000000000000000000, 20.27353460433121768 ) ) ;
#884 = FACE_BOUND ( 'NONE', #1345, .T. ) ;
#885 = AXIS2_PLACEMENT_3D ( 'NONE', #909, #2597, #2617 ) ;
#886 = EDGE_CURVE ( 'NONE', #3162, #2025, #2493, .T. ) ;
#887 = ORIENTED_EDGE ( 'NONE', *, *, #1265, .T. ) ;
#888 = CIRCLE ( 'NONE', #421, 2.250000000000001776 ) ;
#889 = CARTESIAN_POINT ( 'NONE',  ( 5.000000000000006217, 4.000000000000000000, 45.50000000000001421 ) ) ;
#890 = VERTEX_POINT ( 'NONE', #1662 ) ;
#891 = VECTOR ( 'NONE', #2278, 1000.000000000000000 ) ;
#892 = DIRECTION ( 'NONE',  ( 0.000000000000000000, 0.000000000000000000, 1.000000000000000000 ) ) ;
#893 = AXIS2_PLACEMENT_3D ( 'NONE', #2852, #811, #1825 ) ;
#894 = DIRECTION ( 'NONE',  ( 0.000000000000000000, 0.000000000000000000, 1.000000000000000000 ) ) ;
#895 = AXIS2_PLACEMENT_3D ( 'NONE', #239, #1982, #2214 ) ;
#896 = DIRECTION ( 'NONE',  ( 0.000000000000000000, 0.000000000000000000, 1.000000000000000000 ) ) ;
#897 = ORIENTED_EDGE ( 'NONE', *, *, #1536, .F. ) ;
#898 = ORIENTED_EDGE ( 'NONE', *, *, #1038, .T. ) ;
#899 = DIRECTION ( 'NONE',  ( -0.000000000000000000, -1.000000000000000000, -0.000000000000000000 ) ) ;
#900 = AXIS2_PLACEMENT_3D ( 'NONE', #584, #1821, #547 ) ;
#901 = EDGE_CURVE ( 'NONE', #961, #269, #1901, .T. ) ;
#902 = EDGE_LOOP ( 'NONE', ( #1843, #1275 ) ) ;
#903 = DIRECTION ( 'NONE',  ( -0.000000000000000000, -1.000000000000000000, -0.000000000000000000 ) ) ;
#904 = CARTESIAN_POINT ( 'NONE',  ( -7.226634688368153370, 8.000000000000000000, -48.49999999999999289 ) ) ;
#905 = CARTESIAN_POINT ( 'NONE',  ( 5.000000000000006217, 8.000000000000000000, 38.50000000000000711 ) ) ;
#906 = DIRECTION ( 'NONE',  ( -0.000000000000000000, -1.000000000000000000, -0.000000000000000000 ) ) ;
#907 = VERTEX_POINT ( 'NONE', #2174 ) ;
#908 = CARTESIAN_POINT ( 'NONE',  ( 9.919036526270414100, 8.000012000000001677, -28.45856279692983293 ) ) ;
#909 = CARTESIAN_POINT ( 'NONE',  ( 0.000000000000000000, 1.475053897948696680, -42.50000000000000000 ) ) ;
#910 = DIRECTION ( 'NONE',  ( -0.000000000000000000, -1.000000000000000000, -0.000000000000000000 ) ) ;
#911 = ORIENTED_EDGE ( 'NONE', *, *, #2504, .T. ) ;
#912 = ORIENTED_EDGE ( 'NONE', *, *, #172, .T. ) ;
#913 = CARTESIAN_POINT ( 'NONE',  ( 5.000000000000006217, 6.000000000000000000, 50.50000000000000711 ) ) ;
#914 = ORIENTED_EDGE ( 'NONE', *, *, #2185, .F. ) ;
#915 = EDGE_LOOP ( 'NONE', ( #1619, #3189, #3216, #2056 ) ) ;
#916 = EDGE_CURVE ( 'NONE', #2837, #170, #197, .T. ) ;
#917 = DIRECTION ( 'NONE',  ( 0.000000000000000000, 0.000000000000000000, -1.000000000000000000 ) ) ;
#918 = DIRECTION ( 'NONE',  ( 0.000000000000000000, 1.000000000000000000, 0.000000000000000000 ) ) ;
#919 = LINE ( 'NONE', #2938, #1579 ) ;
#920 = DIRECTION ( 'NONE',  ( -0.000000000000000000, -1.000000000000000000, -0.000000000000000000 ) ) ;
#921 = CARTESIAN_POINT ( 'NONE',  ( -10.00000000000000000, 8.000000000000000000, 11.50000000000022204 ) ) ;
#922 = EDGE_LOOP ( 'NONE', ( #2882, #1709, #1847, #57, #881, #603, #974, #2300, #2540, #1963, #2072, #2768, #2366, #288, #689, #195, #1680, #898 ) ) ;
#923 = LINE ( 'NONE', #2439, #828 ) ;
#924 = ADVANCED_FACE ( 'NONE', ( #686 ), #1185, .T. ) ;
#925 = CARTESIAN_POINT ( 'NONE',  ( -14.99999999999999467, 6.000000000000000000, 50.50000000000000711 ) ) ;
#926 = EDGE_CURVE ( 'NONE', #1881, #2507, #522, .T. ) ;
#927 = ORIENTED_EDGE ( 'NONE', *, *, #2776, .T. ) ;
#928 = VERTEX_POINT ( 'NONE', #2445 ) ;
#929 = LINE ( 'NONE', #1159, #55 ) ;
#930 = ORIENTED_EDGE ( 'NONE', *, *, #514, .F. ) ;
#931 = AXIS2_PLACEMENT_3D ( 'NONE', #1550, #1928, #1109 ) ;
#932 = CIRCLE ( 'NONE', #1349, 1.500000000000001332 ) ;
#933 = FACE_OUTER_BOUND ( 'NONE', #2470, .T. ) ;
#934 = FACE_OUTER_BOUND ( 'NONE', #1123, .T. ) ;
#935 = CARTESIAN_POINT ( 'NONE',  ( 0.000000000000000000, -4.000000000000000000, 0.000000000000000000 ) ) ;
#936 = PRODUCT_DEFINITION_SHAPE ( 'NONE', 'NONE',  #2295 ) ;
#937 = CIRCLE ( 'NONE', #2752, 1.499999999999999556 ) ;
#938 = AXIS2_PLACEMENT_3D ( 'NONE', #462, #2956, #1227 ) ;
#939 = DIRECTION ( 'NONE',  ( 1.000000000000000000, 0.000000000000000000, 0.000000000000000000 ) ) ;
#940 = ORIENTED_EDGE ( 'NONE', *, *, #2453, .F. ) ;
#941 = DIRECTION ( 'NONE',  ( 0.000000000000000000, 0.000000000000000000, 1.000000000000000000 ) ) ;
#942 = DIRECTION ( 'NONE',  ( 1.000000000000000000, 0.000000000000000000, -1.084202172485504434E-16 ) ) ;
#943 = EDGE_CURVE ( 'NONE', #928, #702, #949, .T. ) ;
#944 = AXIS2_PLACEMENT_3D ( 'NONE', #815, #1258, #2517 ) ;
#945 = AXIS2_PLACEMENT_3D ( 'NONE', #1683, #2690, #187 ) ;
#946 = ORIENTED_EDGE ( 'NONE', *, *, #1077, .T. ) ;
#947 = CARTESIAN_POINT ( 'NONE',  ( -10.00000000000000000, 0.000000000000000000, 19.80756783799781573 ) ) ;
#948 = EDGE_CURVE ( 'NONE', #1603, #740, #3132, .T. ) ;
#949 = CIRCLE ( 'NONE', #428, 1.500000000000001332 ) ;
#950 = AXIS2_PLACEMENT_3D ( 'NONE', #2358, #1359, #2070 ) ;
#951 = VERTEX_POINT ( 'NONE', #226 ) ;
#952 = VECTOR ( 'NONE', #1644, 1000.000000000000114 ) ;
#953 = DIRECTION ( 'NONE',  ( -0.000000000000000000, -1.000000000000000000, -0.000000000000000000 ) ) ;
#954 = DIRECTION ( 'NONE',  ( 0.000000000000000000, -1.000000000000000000, 0.000000000000000000 ) ) ;
#955 = ADVANCED_FACE ( 'NONE', ( #1477 ), #1769, .F. ) ;
#956 = ORIENTED_EDGE ( 'NONE', *, *, #1704, .T. ) ;
#957 = PLANE ( 'NONE',  #1779 ) ;
#958 = DIRECTION ( 'NONE',  ( 0.000000000000000000, 0.000000000000000000, 1.000000000000000000 ) ) ;
#959 = VERTEX_POINT ( 'NONE', #1231 ) ;
#960 = CARTESIAN_POINT ( 'NONE',  ( 14.99999999999999289, 8.000000000000000000, -50.49999999999999289 ) ) ;
#961 = VERTEX_POINT ( 'NONE', #1283 ) ;
#962 = LINE ( 'NONE', #717, #1527 ) ;
#963 = CARTESIAN_POINT ( 'NONE',  ( 3.738238368627641695, 8.000000000000000000, -1.996580413072744031 ) ) ;
#964 = EDGE_CURVE ( 'NONE', #1312, #2443, #2398, .T. ) ;
#965 = CARTESIAN_POINT ( 'NONE',  ( -3.058495957738506910, 8.000000000000000000, 31.50000000000000711 ) ) ;
#966 = VERTEX_POINT ( 'NONE', #2015 ) ;
#967 = CARTESIAN_POINT ( 'NONE',  ( 15.00000000000000711, 8.000000000000000000, 0.000000000000000000 ) ) ;
#968 = CARTESIAN_POINT ( 'NONE',  ( 5.000000000000006217, 8.000000000000000000, 48.50000000000000711 ) ) ;
#969 = ORIENTED_EDGE ( 'NONE', *, *, #426, .F. ) ;
#970 = ORIENTED_EDGE ( 'NONE', *, *, #17, .F. ) ;
#971 = CARTESIAN_POINT ( 'NONE',  ( 19.00000000000000000, 0.000000000000000000, -4.499999999999990230 ) ) ;
#972 = ADVANCED_FACE ( 'NONE', ( #20 ), #2987, .F. ) ;
#973 = LINE ( 'NONE', #3090, #219 ) ;
#974 = ORIENTED_EDGE ( 'NONE', *, *, #2093, .T. ) ;
#975 = ORIENTED_EDGE ( 'NONE', *, *, #202, .F. ) ;
#976 = CARTESIAN_POINT ( 'NONE',  ( -4.999999999999993783, 4.000000000000000000, 45.50000000000001421 ) ) ;
#977 = DIRECTION ( 'NONE',  ( 0.000000000000000000, 0.000000000000000000, 1.000000000000000000 ) ) ;
#978 = CYLINDRICAL_SURFACE ( 'NONE', #1942, 1.500000000000001332 ) ;
#979 = EDGE_CURVE ( 'NONE', #3193, #2636, #1020, .T. ) ;
#980 = CARTESIAN_POINT ( 'NONE',  ( 10.00000000000000178, 0.000000000000000000, -6.000000000000261124 ) ) ;
#981 = VECTOR ( 'NONE', #1097, 1000.000000000000000 ) ;
#982 = EDGE_CURVE ( 'NONE', #2105, #2614, #2711, .T. ) ;
#983 = AXIS2_PLACEMENT_3D ( 'NONE', #600, #872, #894 ) ;
#984 = ORIENTED_EDGE ( 'NONE', *, *, #1195, .F. ) ;
#985 = DIRECTION ( 'NONE',  ( 0.000000000000000000, 1.000000000000000000, 0.000000000000000000 ) ) ;
#986 = CIRCLE ( 'NONE', #2183, 1.499999999999999556 ) ;
#987 = DIRECTION ( 'NONE',  ( 0.000000000000000000, 1.000000000000000000, 0.000000000000000000 ) ) ;
#988 = VERTEX_POINT ( 'NONE', #990 ) ;
#989 = LINE ( 'NONE', #2944, #476 ) ;
#990 = CARTESIAN_POINT ( 'NONE',  ( 7.439339828220187023, 0.000000000000000000, -8.560660171780046568 ) ) ;
#991 = CARTESIAN_POINT ( 'NONE',  ( 6.469771381095092089, 0.000000000000000000, -9.530228618905130844 ) ) ;
#992 = CIRCLE ( 'NONE', #893, 1.499999999999999556 ) ;
#993 = ORIENTED_EDGE ( 'NONE', *, *, #209, .F. ) ;
#994 = VERTEX_POINT ( 'NONE', #2256 ) ;
#995 = SURFACE_STYLE_USAGE ( .BOTH. , #2031 ) ;
#996 = CIRCLE ( 'NONE', #369, 4.556990715552315940 ) ;
#997 = DIRECTION ( 'NONE',  ( 0.000000000000000000, 0.000000000000000000, 1.000000000000000000 ) ) ;
#998 = VECTOR ( 'NONE', #2634, 1000.000000000000000 ) ;
#999 = AXIS2_PLACEMENT_3D ( 'NONE', #2641, #2229, #496 ) ;
#1000 = CARTESIAN_POINT ( 'NONE',  ( 7.439339828220187023, 8.000000000000000000, -8.560660171780046568 ) ) ;
#1001 = VECTOR ( 'NONE', #3220, 1000.000000000000114 ) ;
#1002 = ADVANCED_FACE ( 'NONE', ( #1502 ), #37, .F. ) ;
#1003 = EDGE_LOOP ( 'NONE', ( #536, #2830, #2017, #1585 ) ) ;
#1004 = LINE ( 'NONE', #2503, #1348 ) ;
#1005 = CARTESIAN_POINT ( 'NONE',  ( -14.99999999999999467, 2.000000000000000000, 50.50000000000000711 ) ) ;
#1006 = ORIENTED_EDGE ( 'NONE', *, *, #926, .T. ) ;
#1007 = PLANE ( 'NONE',  #1513 ) ;
#1008 = CARTESIAN_POINT ( 'NONE',  ( -1.105976865149805866, 8.000000000000000000, 22.51534347840994599 ) ) ;
#1009 = ORIENTED_EDGE ( 'NONE', *, *, #2149, .T. ) ;
#1010 = ORIENTED_EDGE ( 'NONE', *, *, #2412, .F. ) ;
#1011 =( NAMED_UNIT ( * ) SI_UNIT ( $, .STERADIAN. ) SOLID_ANGLE_UNIT ( ) );
#1012 = VERTEX_POINT ( 'NONE', #1217 ) ;
#1013 = EDGE_CURVE ( 'NONE', #966, #1881, #2747, .T. ) ;
#1014 = CARTESIAN_POINT ( 'NONE',  ( 20.00000000000000000, -2.326828918379968209E-15, 13.50000000000001243 ) ) ;
#1015 = ORIENTED_EDGE ( 'NONE', *, *, #2726, .T. ) ;
#1016 = LINE ( 'NONE', #2266, #1627 ) ;
#1017 = FACE_OUTER_BOUND ( 'NONE', #2576, .T. ) ;
#1018 = EDGE_LOOP ( 'NONE', ( #1151, #864, #1883, #1143 ) ) ;
#1019 =( NAMED_UNIT ( * ) PLANE_ANGLE_UNIT ( ) SI_UNIT ( $, .RADIAN. ) );
#1020 = LINE ( 'NONE', #2730, #2297 ) ;
#1021 = EDGE_CURVE ( 'NONE', #1027, #1136, #2999, .T. ) ;
#1022 = EDGE_CURVE ( 'NONE', #1024, #14, #510, .T. ) ;
#1023 = CARTESIAN_POINT ( 'NONE',  ( 0.000000000000000000, 0.000000000000000000, 48.50000000000000711 ) ) ;
#1024 = VERTEX_POINT ( 'NONE', #2771 ) ;
#1025 = FACE_OUTER_BOUND ( 'NONE', #3043, .T. ) ;
#1026 = APPLICATION_PROTOCOL_DEFINITION ( 'draft international standard', 'automotive_design', 1998, #2267 ) ;
#1027 = VERTEX_POINT ( 'NONE', #534 ) ;
#1028 = DIRECTION ( 'NONE',  ( 0.000000000000000000, 0.000000000000000000, 1.000000000000000000 ) ) ;
#1029 = VERTEX_POINT ( 'NONE', #1755 ) ;
#1030 = DIRECTION ( 'NONE',  ( 0.000000000000000000, 0.000000000000000000, -1.000000000000000000 ) ) ;
#1031 = CARTESIAN_POINT ( 'NONE',  ( -14.99999999999999467, 6.000000000000000000, 50.50000000000000711 ) ) ;
#1032 = AXIS2_PLACEMENT_3D ( 'NONE', #561, #297, #1054 ) ;
#1033 = CARTESIAN_POINT ( 'NONE',  ( -10.00000000000000533, 8.000000000000000000, -15.30761184457497137 ) ) ;
#1034 = ORIENTED_EDGE ( 'NONE', *, *, #841, .F. ) ;
#1035 = DIRECTION ( 'NONE',  ( 0.000000000000000000, 0.000000000000000000, 1.000000000000000000 ) ) ;
#1036 =( NAMED_UNIT ( * ) SI_UNIT ( $, .STERADIAN. ) SOLID_ANGLE_UNIT ( ) );
#1037 = AXIS2_PLACEMENT_3D ( 'NONE', #15, #2983, #502 ) ;
#1038 = EDGE_CURVE ( 'NONE', #1175, #2213, #1795, .T. ) ;
#1039 = DIRECTION ( 'NONE',  ( 0.000000000000000000, 1.000000000000000000, 0.000000000000000000 ) ) ;
#1040 = EDGE_CURVE ( 'NONE', #2572, #2162, #255, .T. ) ;
#1041 = DIRECTION ( 'NONE',  ( 0.000000000000000000, 1.000000000000000000, 0.000000000000000000 ) ) ;
#1042 = ORIENTED_EDGE ( 'NONE', *, *, #1889, .T. ) ;
#1043 = AXIS2_PLACEMENT_3D ( 'NONE', #3012, #1800, #2782 ) ;
#1044 = VERTEX_POINT ( 'NONE', #2719 ) ;
#1045 = VECTOR ( 'NONE', #1885, 1000.000000000000000 ) ;
#1046 = VECTOR ( 'NONE', #2732, 1000.000000000000000 ) ;
#1047 = DIRECTION ( 'NONE',  ( -1.000000000000000000, 0.000000000000000000, 2.312964634635743450E-16 ) ) ;
#1048 = VECTOR ( 'NONE', #3212, 1000.000000000000000 ) ;
#1049 = ADVANCED_FACE ( 'NONE', ( #481 ), #2527, .F. ) ;
#1050 = ORIENTED_EDGE ( 'NONE', *, *, #1193, .F. ) ;
#1051 = AXIS2_PLACEMENT_3D ( 'NONE', #1248, #2491, #792 ) ;
#1052 = DIRECTION ( 'NONE',  ( 0.000000000000000000, 0.000000000000000000, 1.000000000000000000 ) ) ;
#1053 = CARTESIAN_POINT ( 'NONE',  ( 5.862068965517251762, 0.000000000000000000, -10.13793103448296407 ) ) ;
#1054 = DIRECTION ( 'NONE',  ( 5.204170427930416550E-15, 0.000000000000000000, 1.000000000000000000 ) ) ;
#1055 = EDGE_CURVE ( 'NONE', #2105, #2443, #1822, .T. ) ;
#1056 = ORIENTED_EDGE ( 'NONE', *, *, #53, .T. ) ;
#1057 = CARTESIAN_POINT ( 'NONE',  ( -8.500000000000005329, 0.000000000000000000, -16.80761184457497137 ) ) ;
#1058 = DIRECTION ( 'NONE',  ( -0.000000000000000000, 0.000000000000000000, 1.000000000000000000 ) ) ;
#1059 = CARTESIAN_POINT ( 'NONE',  ( 7.226763070224663466, 0.000000000000000000, -48.49999999999999289 ) ) ;
#1060 = FACE_OUTER_BOUND ( 'NONE', #3059, .T. ) ;
#1061 = ORIENTED_EDGE ( 'NONE', *, *, #148, .T. ) ;
#1062 = CARTESIAN_POINT ( 'NONE',  ( 8.500000000000001776, 0.000000000000000000, -15.80756783799784237 ) ) ;
#1063 = VERTEX_POINT ( 'NONE', #1606 ) ;
#1064 = DIRECTION ( 'NONE',  ( 1.000000000000000000, 0.000000000000000000, -1.084202172485504434E-16 ) ) ;
#1065 = EDGE_CURVE ( 'NONE', #1558, #2239, #373, .T. ) ;
#1066 = ORIENTED_EDGE ( 'NONE', *, *, #3001, .F. ) ;
#1067 = PLANE ( 'NONE',  #1201 ) ;
#1068 = CARTESIAN_POINT ( 'NONE',  ( -15.00000000000000711, 8.000000000000000000, -48.49999999999999289 ) ) ;
#1069 = FACE_OUTER_BOUND ( 'NONE', #1018, .T. ) ;
#1070 = DIRECTION ( 'NONE',  ( 0.000000000000000000, 0.000000000000000000, 1.000000000000000000 ) ) ;
#1071 = CARTESIAN_POINT ( 'NONE',  ( 7.477541933972236876, 2.000000000000000000, -50.49999999999999289 ) ) ;
#1072 = PLANE ( 'NONE',  #2709 ) ;
#1073 = ORIENTED_EDGE ( 'NONE', *, *, #3209, .F. ) ;
#1074 = DIRECTION ( 'NONE',  ( -1.000000000000000000, 0.000000000000000000, 0.000000000000000000 ) ) ;
#1075 = ORIENTED_EDGE ( 'NONE', *, *, #2348, .T. ) ;
#1076 = FACE_OUTER_BOUND ( 'NONE', #707, .T. ) ;
#1077 = EDGE_CURVE ( 'NONE', #2022, #3064, #112, .T. ) ;
#1078 = ORIENTED_EDGE ( 'NONE', *, *, #93, .F. ) ;
#1079 = DIRECTION ( 'NONE',  ( 1.000000000000000000, -0.000000000000000000, 0.000000000000000000 ) ) ;
#1080 = AXIS2_PLACEMENT_3D ( 'NONE', #2979, #498, #1235 ) ;
#1081 = ORIENTED_EDGE ( 'NONE', *, *, #2176, .T. ) ;
#1082 = CARTESIAN_POINT ( 'NONE',  ( 7.477541933972236876, 6.000000000000000000, -50.49999999999999289 ) ) ;
#1083 = CARTESIAN_POINT ( 'NONE',  ( 15.00000000000000711, 8.000000000000000000, 0.000000000000000000 ) ) ;
#1084 = CARTESIAN_POINT ( 'NONE',  ( 7.417809903554490880, 0.7755549876112151075, -50.08681822388211913 ) ) ;
#1085 = CARTESIAN_POINT ( 'NONE',  ( -0.1741302387223774006, 0.000000000000000000, -9.103062426857079004 ) ) ;
#1086 = ORIENTED_EDGE ( 'NONE', *, *, #40, .T. ) ;
#1087 = AXIS2_PLACEMENT_3D ( 'NONE', #1212, #222, #1197 ) ;
#1088 = CARTESIAN_POINT ( 'NONE',  ( -4.999999999999993783, 4.000000000000000000, 43.25000000000001421 ) ) ;
#1089 = CARTESIAN_POINT ( 'NONE',  ( 0.000000000000000000, 0.000000000000000000, 0.000000000000000000 ) ) ;
#1090 = CIRCLE ( 'NONE', #1434, 1.499999999999999556 ) ;
#1091 = EDGE_CURVE ( 'NONE', #1763, #2733, #475, .T. ) ;
#1092 = VECTOR ( 'NONE', #2736, 999.9999999999998863 ) ;
#1093 = ORIENTED_EDGE ( 'NONE', *, *, #245, .F. ) ;
#1094 = VECTOR ( 'NONE', #278, 1000.000000000000114 ) ;
#1095 = AXIS2_PLACEMENT_3D ( 'NONE', #2327, #604, #1610 ) ;
#1096 = EDGE_CURVE ( 'NONE', #1302, #2022, #1284, .T. ) ;
#1097 = DIRECTION ( 'NONE',  ( -0.000000000000000000, 1.000000000000000000, 0.000000000000000000 ) ) ;
#1098 = AXIS2_PLACEMENT_3D ( 'NONE', #1398, #212, #2203 ) ;
#1099 = ORIENTED_EDGE ( 'NONE', *, *, #106, .T. ) ;
#1100 = CARTESIAN_POINT ( 'NONE',  ( 7.282712307081428804, 7.947124934410701336, -49.02552238480326707 ) ) ;
#1101 = CARTESIAN_POINT ( 'NONE',  ( 15.29289321881345565, 0.000000000000000000, 18.20710678118655679 ) ) ;
#1102 = CARTESIAN_POINT ( 'NONE',  ( 10.00000000000000000, 4.000000000000000000, 1.127570259384924611E-14 ) ) ;
#1103 = DIRECTION ( 'NONE',  ( -0.000000000000000000, -1.000000000000000000, -0.000000000000000000 ) ) ;
#1104 = ORIENTED_EDGE ( 'NONE', *, *, #1456, .F. ) ;
#1105 = DIRECTION ( 'NONE',  ( 0.000000000000000000, 0.000000000000000000, -1.000000000000000000 ) ) ;
#1106 = VERTEX_POINT ( 'NONE', #129 ) ;
#1107 = DIRECTION ( 'NONE',  ( 0.000000000000000000, -1.000000000000000000, 0.000000000000000000 ) ) ;
#1108 = CARTESIAN_POINT ( 'NONE',  ( -4.999999999999988454, 8.000000000000000000, 31.50000000000000711 ) ) ;
#1109 = DIRECTION ( 'NONE',  ( 0.000000000000000000, 0.000000000000000000, 1.000000000000000000 ) ) ;
#1110 = ORIENTED_EDGE ( 'NONE', *, *, #926, .F. ) ;
#1111 = ADVANCED_BREP_SHAPE_REPRESENTATION ( '', ( #1476, #3056 ), #2194 ) ;
#1112 = DIRECTION ( 'NONE',  ( 1.000000000000000000, -0.000000000000000000, 0.000000000000000000 ) ) ;
#1113 = ORIENTED_EDGE ( 'NONE', *, *, #1387, .T. ) ;
#1114 = CARTESIAN_POINT ( 'NONE',  ( 20.00001200000000168, 5.502727392089428626, -0.1967065556390014402 ) ) ;
#1115 = CARTESIAN_POINT ( 'NONE',  ( 14.99999999999999822, 0.000000000000000000, -9.499999999999980460 ) ) ;
#1116 = CARTESIAN_POINT ( 'NONE',  ( -7.339964269525178331, 7.737324675857493617, -49.49934361599034816 ) ) ;
#1117 = DIRECTION ( 'NONE',  ( 0.000000000000000000, 0.000000000000000000, 1.000000000000000000 ) ) ;
#1118 = ORIENTED_EDGE ( 'NONE', *, *, #1137, .F. ) ;
#1119 = EDGE_CURVE ( 'NONE', #2321, #890, #640, .T. ) ;
#1120 = SHAPE_REPRESENTATION ( 'Front-Bottom-Suspension-Arm', ( #3056 ), #2194 ) ;
#1121 = DIRECTION ( 'NONE',  ( 0.000000000000000000, 1.000000000000000000, 0.000000000000000000 ) ) ;
#1122 = EDGE_CURVE ( 'NONE', #1136, #2794, #349, .T. ) ;
#1123 = EDGE_LOOP ( 'NONE', ( #2216, #897, #2042, #2936 ) ) ;
#1124 = ORIENTED_EDGE ( 'NONE', *, *, #2057, .F. ) ;
#1125 = DIRECTION ( 'NONE',  ( -0.000000000000000000, 0.000000000000000000, -1.000000000000000000 ) ) ;
#1126 = DIRECTION ( 'NONE',  ( 0.000000000000000000, 0.000000000000000000, -1.000000000000000000 ) ) ;
#1127 = CARTESIAN_POINT ( 'NONE',  ( 6.805350892692700645E-16, 7.000000000000000000, -48.05699071555231683 ) ) ;
#1128 = CARTESIAN_POINT ( 'NONE',  ( 19.00000000000003553, 8.000000000000000000, 14.50000000000001066 ) ) ;
#1129 = EDGE_LOOP ( 'NONE', ( #2186, #1158, #1264, #26 ) ) ;
#1130 = CARTESIAN_POINT ( 'NONE',  ( 0.000000000000000000, -4.000000000000000000, 0.000000000000000000 ) ) ;
#1131 = ORIENTED_EDGE ( 'NONE', *, *, #1166, .T. ) ;
#1132 = CARTESIAN_POINT ( 'NONE',  ( 7.226639307642702903, 8.000000000000000000, -48.49999999999999289 ) ) ;
#1133 = DIRECTION ( 'NONE',  ( 0.000000000000000000, -0.000000000000000000, -1.000000000000000000 ) ) ;
#1134 = VECTOR ( 'NONE', #2184, 1000.000000000000000 ) ;
#1135 = DIRECTION ( 'NONE',  ( -1.040834085586083373E-13, 0.000000000000000000, 1.000000000000000000 ) ) ;
#1136 = VERTEX_POINT ( 'NONE', #859 ) ;
#1137 = EDGE_CURVE ( 'NONE', #2507, #526, #1872, .T. ) ;
#1138 = ORIENTED_EDGE ( 'NONE', *, *, #1265, .F. ) ;
#1139 = AXIS2_PLACEMENT_3D ( 'NONE', #2413, #1405, #157 ) ;
#1140 = PLANE ( 'NONE',  #118 ) ;
#1141 = EDGE_CURVE ( 'NONE', #1106, #344, #3052, .T. ) ;
#1142 = AXIS2_PLACEMENT_3D ( 'NONE', #633, #3070, #3088 ) ;
#1143 = ORIENTED_EDGE ( 'NONE', *, *, #1040, .F. ) ;
#1144 = CARTESIAN_POINT ( 'NONE',  ( -6.250324449002715888, 8.000000000000000000, 8.178607739132031540 ) ) ;
#1145 = DIRECTION ( 'NONE',  ( -0.000000000000000000, -1.000000000000000000, -0.000000000000000000 ) ) ;
#1146 = CARTESIAN_POINT ( 'NONE',  ( 5.189664277222909128, 8.000000000000000000, -1.617947567352241434 ) ) ;
#1147 = AXIS2_PLACEMENT_3D ( 'NONE', #2682, #206, #1469 ) ;
#1148 = VECTOR ( 'NONE', #663, 1000.000000000000000 ) ;
#1149 = AXIS2_PLACEMENT_3D ( 'NONE', #1190, #2950, #1483 ) ;
#1150 = FACE_OUTER_BOUND ( 'NONE', #1861, .T. ) ;
#1151 = ORIENTED_EDGE ( 'NONE', *, *, #2289, .F. ) ;
#1152 = CIRCLE ( 'NONE', #2150, 2.250000000000001776 ) ;
#1153 = CARTESIAN_POINT ( 'NONE',  ( 7.334115945524604996, 8.000011999999998125, -38.32187034058356545 ) ) ;
#1154 = DIRECTION ( 'NONE',  ( -1.374038396813312538E-16, -0.000000000000000000, -1.000000000000000000 ) ) ;
#1155 = AXIS2_PLACEMENT_3D ( 'NONE', #2510, #272, #2047 ) ;
#1156 = CARTESIAN_POINT ( 'NONE',  ( 20.00000000000000000, 8.000000000000000000, 13.50000000000001243 ) ) ;
#1157 = ORIENTED_EDGE ( 'NONE', *, *, #3179, .T. ) ;
#1158 = ORIENTED_EDGE ( 'NONE', *, *, #3045, .F. ) ;
#1159 = CARTESIAN_POINT ( 'NONE',  ( 14.99999999999999289, 0.000000000000000000, -50.49999999999999289 ) ) ;
#1160 = VERTEX_POINT ( 'NONE', #2096 ) ;
#1161 = DIRECTION ( 'NONE',  ( -0.000000000000000000, -1.000000000000000000, -0.000000000000000000 ) ) ;
#1162 = CARTESIAN_POINT ( 'NONE',  ( -9.107925991476173877, 8.000012000000001677, -30.69105814949487154 ) ) ;
#1163 = DIRECTION ( 'NONE',  ( 0.000000000000000000, 0.000000000000000000, 1.000000000000000000 ) ) ;
#1164 = EDGE_CURVE ( 'NONE', #2071, #756, #3071, .T. ) ;
#1165 = EDGE_CURVE ( 'NONE', #2326, #637, #2347, .T. ) ;
#1166 = EDGE_CURVE ( 'NONE', #25, #1160, #388, .T. ) ;
#1167 = DIRECTION ( 'NONE',  ( 0.000000000000000000, 0.000000000000000000, -1.000000000000000000 ) ) ;
#1168 = PRODUCT_DEFINITION_SHAPE ( 'NONE', 'NONE',  #461 ) ;
#1169 = ORIENTED_EDGE ( 'NONE', *, *, #1213, .F. ) ;
#1170 = DIRECTION ( 'NONE',  ( -1.000000000000000000, -0.000000000000000000, -0.000000000000000000 ) ) ;
#1171 = LINE ( 'NONE', #967, #2539 ) ;
#1172 = FACE_OUTER_BOUND ( 'NONE', #2389, .T. ) ;
#1173 = ORIENTED_EDGE ( 'NONE', *, *, #618, .T. ) ;
#1174 = DIRECTION ( 'NONE',  ( 0.000000000000000000, 0.000000000000000000, -1.000000000000000000 ) ) ;
#1175 = VERTEX_POINT ( 'NONE', #30 ) ;
#1176 = DIRECTION ( 'NONE',  ( 0.000000000000000000, 0.000000000000000000, -1.000000000000000000 ) ) ;
#1177 = CARTESIAN_POINT ( 'NONE',  ( 9.465922759756258742, 8.000000000000000000, 23.89485494789083120 ) ) ;
#1178 = CARTESIAN_POINT ( 'NONE',  ( 7.477541933972236876, 6.000000000000000000, -50.49999999999999289 ) ) ;
#1179 = EDGE_CURVE ( 'NONE', #166, #196, #2877, .T. ) ;
#1180 = EDGE_CURVE ( 'NONE', #1136, #526, #2772, .T. ) ;
#1181 = VERTEX_POINT ( 'NONE', #1538 ) ;
#1182 = CARTESIAN_POINT ( 'NONE',  ( 0.000000000000000000, 4.000000000000000000, 0.000000000000000000 ) ) ;
#1183 = CARTESIAN_POINT ( 'NONE',  ( 5.862068965517251762, 8.000000000000000000, -10.13793103448296407 ) ) ;
#1184 = ORIENTED_EDGE ( 'NONE', *, *, #3137, .T. ) ;
#1185 = CYLINDRICAL_SURFACE ( 'NONE', #2053, 1.000000000000000000 ) ;
#1186 = ORIENTED_EDGE ( 'NONE', *, *, #3139, .T. ) ;
#1187 = AXIS2_PLACEMENT_3D ( 'NONE', #1773, #3184, #2951 ) ;
#1188 = CARTESIAN_POINT ( 'NONE',  ( 4.999999999999986677, 0.000000000000000000, -26.00000000000001776 ) ) ;
#1189 = DIRECTION ( 'NONE',  ( 0.7071067811865524577, 0.000000000000000000, 0.7071067811865426878 ) ) ;
#1190 = CARTESIAN_POINT ( 'NONE',  ( -8.500000000000005329, 0.000000000000000000, -15.30761184457497137 ) ) ;
#1191 = DIRECTION ( 'NONE',  ( 0.000000000000000000, 0.000000000000000000, 1.000000000000000000 ) ) ;
#1192 = AXIS2_PLACEMENT_3D ( 'NONE', #819, #1079, #2543 ) ;
#1193 = EDGE_CURVE ( 'NONE', #408, #2499, #1313, .T. ) ;
#1194 = VECTOR ( 'NONE', #1768, 1000.000000000000000 ) ;
#1195 = EDGE_CURVE ( 'NONE', #1689, #25, #3022, .T. ) ;
#1196 = ORIENTED_EDGE ( 'NONE', *, *, #1239, .T. ) ;
#1197 = DIRECTION ( 'NONE',  ( 0.000000000000000000, 0.000000000000000000, 1.000000000000000000 ) ) ;
#1198 = AXIS2_PLACEMENT_3D ( 'NONE', #1384, #1145, #3134 ) ;
#1199 = CARTESIAN_POINT ( 'NONE',  ( 7.439339828220153272, 8.000000000000000000, 28.93933982822018791 ) ) ;
#1200 = VECTOR ( 'NONE', #87, 1000.000000000000000 ) ;
#1201 = AXIS2_PLACEMENT_3D ( 'NONE', #314, #2659, #2433 ) ;
#1202 = EDGE_LOOP ( 'NONE', ( #11, #2744, #2469, #1066 ) ) ;
#1203 = ORIENTED_EDGE ( 'NONE', *, *, #1137, .T. ) ;
#1204 = CARTESIAN_POINT ( 'NONE',  ( 19.00000000000000000, 8.000000000000000000, 13.50000000000001243 ) ) ;
#1205 = AXIS2_PLACEMENT_3D ( 'NONE', #713, #2674, #1953 ) ;
#1206 = CIRCLE ( 'NONE', #2823, 1.750000000000000000 ) ;
#1207 = ORIENTED_EDGE ( 'NONE', *, *, #1614, .T. ) ;
#1208 = AXIS2_PLACEMENT_3D ( 'NONE', #1102, #1300, #613 ) ;
#1209 = CARTESIAN_POINT ( 'NONE',  ( -5.727714736531933242E-16, 6.524946102051303320, -37.82296598454364300 ) ) ;
#1210 = CARTESIAN_POINT ( 'NONE',  ( 0.000000000000000000, -4.000000000000000000, 0.000000000000000000 ) ) ;
#1211 = ORIENTED_EDGE ( 'NONE', *, *, #530, .F. ) ;
#1212 = CARTESIAN_POINT ( 'NONE',  ( -4.999999999999993783, 2.000000000000000000, 48.50000000000000711 ) ) ;
#1213 = EDGE_CURVE ( 'NONE', #2520, #1597, #1251, .T. ) ;
#1214 = CARTESIAN_POINT ( 'NONE',  ( -1.105976865149805866, 8.000000000000000000, 22.51534347840994599 ) ) ;
#1215 = EDGE_LOOP ( 'NONE', ( #2335, #277, #1086, #2303 ) ) ;
#1216 = B_SPLINE_CURVE_WITH_KNOTS ( 'NONE', 3,
 ( #1132, #2135, #3121, #1153, #1907, #159, #908, #1918, #2649, #3201 ),
 .UNSPECIFIED., .F., .F.,
 ( 4, 2, 2, 2, 4 ),
 ( 0.06123400644456556546, 0.2935313581179210818, 0.5258287097912766050, 0.7581260614646321283, 0.9904234131379876516 ),
 .UNSPECIFIED. ) ;
#1217 = CARTESIAN_POINT ( 'NONE',  ( 2.557402773745077074, 0.000000000000000000, -16.63671063268946781 ) ) ;
#1218 = EDGE_CURVE ( 'NONE', #1160, #1558, #2603, .T. ) ;
#1219 = DIRECTION ( 'NONE',  ( 0.000000000000000000, 1.000000000000000000, 0.000000000000000000 ) ) ;
#1220 = ORIENTED_EDGE ( 'NONE', *, *, #1419, .F. ) ;
#1221 = EDGE_CURVE ( 'NONE', #2001, #3219, #2661, .T. ) ;
#1222 = DIRECTION ( 'NONE',  ( 0.000000000000000000, 0.000000000000000000, -1.000000000000000000 ) ) ;
#1223 = CARTESIAN_POINT ( 'NONE',  ( 5.862068965517251762, 0.000000000000000000, -10.13793103448296407 ) ) ;
#1224 = SHAPE_REPRESENTATION_RELATIONSHIP ( 'NONE' , 'NONE' ,  #1120, #1111 ) ;
#1225 = CARTESIAN_POINT ( 'NONE',  ( -7.439339828220147055, 0.000000000000000000, -23.43933982822018436 ) ) ;
#1226 = ORIENTED_EDGE ( 'NONE', *, *, #1328, .F. ) ;
#1227 = DIRECTION ( 'NONE',  ( -6.938893903907222067E-15, 0.000000000000000000, 1.000000000000000000 ) ) ;
#1228 = CARTESIAN_POINT ( 'NONE',  ( -7.477541933972236876, 0.000000000000000000, -50.49999999999999289 ) ) ;
#1229 = ADVANCED_FACE ( 'NONE', ( #3031 ), #1423, .T. ) ;
#1230 = LINE ( 'NONE', #284, #1001 ) ;
#1231 = CARTESIAN_POINT ( 'NONE',  ( -3.058495957738507354, 8.000000000000000000, 31.50000000000000711 ) ) ;
#1232 = ADVANCED_FACE ( 'NONE', ( #1631 ), #2378, .F. ) ;
#1233 = ORIENTED_EDGE ( 'NONE', *, *, #2093, .F. ) ;
#1234 =( NAMED_UNIT ( * ) PLANE_ANGLE_UNIT ( ) SI_UNIT ( $, .RADIAN. ) );
#1235 = DIRECTION ( 'NONE',  ( 0.000000000000000000, 0.000000000000000000, -1.000000000000000000 ) ) ;
#1236 = VECTOR ( 'NONE', #2023, 1000.000000000000000 ) ;
#1237 = PRODUCT_RELATED_PRODUCT_CATEGORY ( 'part', '', ( #1442 ) ) ;
#1238 = DIRECTION ( 'NONE',  ( -0.000000000000000000, 1.000000000000000000, -0.000000000000000000 ) ) ;
#1239 = EDGE_CURVE ( 'NONE', #1531, #1649, #888, .T. ) ;
#1240 = PRODUCT_DEFINITION_FORMATION_WITH_SPECIFIED_SOURCE ( 'ANY', '', #1442, .NOT_KNOWN. ) ;
#1241 = VECTOR ( 'NONE', #2665, 1000.000000000000000 ) ;
#1242 = CIRCLE ( 'NONE', #726, 1.000000000000000888 ) ;
#1243 = ORIENTED_EDGE ( 'NONE', *, *, #2952, .T. ) ;
#1244 = FACE_OUTER_BOUND ( 'NONE', #2069, .T. ) ;
#1245 = AXIS2_PLACEMENT_3D ( 'NONE', #623, #3097, #2117 ) ;
#1246 = CARTESIAN_POINT ( 'NONE',  ( 5.580704093545347192E-16, 0.9999999999999997780, -47.05699071555231683 ) ) ;
#1247 = CARTESIAN_POINT ( 'NONE',  ( -3.058495957738507354, 0.000000000000000000, 31.50000000000000711 ) ) ;
#1248 = CARTESIAN_POINT ( 'NONE',  ( 19.00000000000000000, 0.000000000000000000, -4.499999999999990230 ) ) ;
#1249 = EDGE_CURVE ( 'NONE', #2248, #2460, #295, .T. ) ;
#1250 = CARTESIAN_POINT ( 'NONE',  ( -10.00000000000000533, 8.000000000000000000, -15.30761184457497137 ) ) ;
#1251 = CIRCLE ( 'NONE', #2817, 1.000000000000000888 ) ;
#1252 = ORIENTED_EDGE ( 'NONE', *, *, #1573, .F. ) ;
#1253 = AXIS2_PLACEMENT_3D ( 'NONE', #2263, #1238, #1028 ) ;
#1254 = PLANE ( 'NONE',  #511 ) ;
#1255 = VECTOR ( 'NONE', #377, 1000.000000000000000 ) ;
#1256 = ORIENTED_EDGE ( 'NONE', *, *, #1141, .F. ) ;
#1257 = CIRCLE ( 'NONE', #2606, 1.499999999999999556 ) ;
#1258 = DIRECTION ( 'NONE',  ( -0.7071067811865439090, 0.000000000000000000, 0.7071067811865512365 ) ) ;
#1259 = CIRCLE ( 'NONE', #268, 1.000000000000000888 ) ;
#1260 = ORIENTED_EDGE ( 'NONE', *, *, #1055, .T. ) ;
#1261 = DIRECTION ( 'NONE',  ( 0.000000000000000000, 1.000000000000000000, 0.000000000000000000 ) ) ;
#1262 = EDGE_CURVE ( 'NONE', #1910, #330, #2626, .T. ) ;
#1263 = CARTESIAN_POINT ( 'NONE',  ( 0.000000000000000000, 0.000000000000000000, 0.000000000000000000 ) ) ;
#1264 = ORIENTED_EDGE ( 'NONE', *, *, #1788, .F. ) ;
#1265 = EDGE_CURVE ( 'NONE', #1357, #2921, #381, .T. ) ;
#1266 = DIRECTION ( 'NONE',  ( 1.000000000000000000, 0.000000000000000000, 0.000000000000000000 ) ) ;
#1267 = DIRECTION ( 'NONE',  ( 0.000000000000000000, 0.000000000000000000, -1.000000000000000000 ) ) ;
#1268 = ORIENTED_EDGE ( 'NONE', *, *, #2687, .F. ) ;
#1269 = CARTESIAN_POINT ( 'NONE',  ( 5.000000000000006217, 6.000000000000000000, 48.50000000000000711 ) ) ;
#1270 =( NAMED_UNIT ( * ) PLANE_ANGLE_UNIT ( ) SI_UNIT ( $, .RADIAN. ) );
#1271 = VERTEX_POINT ( 'NONE', #2039 ) ;
#1272 = ORIENTED_EDGE ( 'NONE', *, *, #426, .T. ) ;
#1273 = EDGE_CURVE ( 'NONE', #1357, #3193, #2967, .T. ) ;
#1274 = FACE_OUTER_BOUND ( 'NONE', #279, .T. ) ;
#1275 = ORIENTED_EDGE ( 'NONE', *, *, #544, .T. ) ;
#1276 = DIRECTION ( 'NONE',  ( -1.000000000000000000, -0.000000000000000000, -0.000000000000000000 ) ) ;
#1277 = DIRECTION ( 'NONE',  ( -0.000000000000000000, -1.000000000000000000, 0.000000000000000000 ) ) ;
#1278 = EDGE_CURVE ( 'NONE', #2390, #269, #835, .T. ) ;
#1279 = FACE_BOUND ( 'NONE', #2121, .T. ) ;
#1280 = PRODUCT_DEFINITION ( 'UNKNOWN', '', #1354, #2739 ) ;
#1281 = DIRECTION ( 'NONE',  ( 0.000000000000000000, 0.000000000000000000, -1.000000000000000000 ) ) ;
#1282 = PRESENTATION_STYLE_ASSIGNMENT (( #2078 ) ) ;
#1283 = CARTESIAN_POINT ( 'NONE',  ( 0.000000000000000000, 1.475053897948696680, -47.17703401545636410 ) ) ;
#1284 = B_SPLINE_CURVE_WITH_KNOTS ( 'NONE', 3,
 ( #2598, #2324, #1555, #2801, #565, #2290, #1116, #1321, #1378, #60, #3089, #324, #2354, #2835, #2566, #95 ),
 .UNSPECIFIED., .F., .F.,
 ( 4, 2, 2, 2, 2, 2, 2, 4 ),
 ( 0.000000000000000000, 0.0003919969267253715505, 0.0007839938534507431009, 0.001175990780176114706, 0.001567987706901486202, 0.001959984633626857698, 0.002351981560352229411, 0.003135975413802974572 ),
 .UNSPECIFIED. ) ;
#1285 = FACE_OUTER_BOUND ( 'NONE', #1720, .T. ) ;
#1286 = ORIENTED_EDGE ( 'NONE', *, *, #2482, .F. ) ;
#1287 = CARTESIAN_POINT ( 'NONE',  ( -8.500000000000000000, 8.000000000000000000, 3.807611844575137461 ) ) ;
#1288 = DIRECTION ( 'NONE',  ( 1.000000000000000000, 0.000000000000000000, 0.000000000000000000 ) ) ;
#1289 = ORIENTED_EDGE ( 'NONE', *, *, #2815, .F. ) ;
#1290 = DIRECTION ( 'NONE',  ( 0.000000000000000000, -1.000000000000000000, 0.000000000000000000 ) ) ;
#1291 = CIRCLE ( 'NONE', #1726, 1.500000000000001332 ) ;
#1292 = ORIENTED_EDGE ( 'NONE', *, *, #2838, .F. ) ;
#1293 = CARTESIAN_POINT ( 'NONE',  ( -4.999999999999993783, 0.000000000000000000, 50.50000000000000711 ) ) ;
#1294 = CARTESIAN_POINT ( 'NONE',  ( 19.00000000000003553, -2.449293598294702963E-15, 14.50000000000001066 ) ) ;
#1295 = EDGE_CURVE ( 'NONE', #1271, #2071, #1633, .T. ) ;
#1296 = CARTESIAN_POINT ( 'NONE',  ( -0.04531669336999000208, 0.000000000000000000, 21.45468330663011969 ) ) ;
#1297 = CARTESIAN_POINT ( 'NONE',  ( 7.406413243825658022, 7.323869627920617909, -50.00477082138893081 ) ) ;
#1298 = SURFACE_STYLE_FILL_AREA ( #2014 ) ;
#1299 = VECTOR ( 'NONE', #1408, 1000.000000000000000 ) ;
#1300 = DIRECTION ( 'NONE',  ( 1.000000000000000000, 0.000000000000000000, -8.673617379884035472E-17 ) ) ;
#1301 = LINE ( 'NONE', #3023, #1309 ) ;
#1302 = VERTEX_POINT ( 'NONE', #1815 ) ;
#1303 = CARTESIAN_POINT ( 'NONE',  ( 6.378679656440334966, 0.000000000000000000, 31.50000000000001421 ) ) ;
#1304 = AXIS2_PLACEMENT_3D ( 'NONE', #1269, #1792, #1772 ) ;
#1305 = ORIENTED_EDGE ( 'NONE', *, *, #901, .F. ) ;
#1306 = ORIENTED_EDGE ( 'NONE', *, *, #2723, .T. ) ;
#1307 = EDGE_CURVE ( 'NONE', #2636, #1392, #262, .T. ) ;
#1308 = CIRCLE ( 'NONE', #3129, 1.499999999999999556 ) ;
#1309 = VECTOR ( 'NONE', #80, 1000.000000000000000 ) ;
#1310 = DIRECTION ( 'NONE',  ( 0.000000000000000000, 0.000000000000000000, -1.000000000000000000 ) ) ;
#1311 = AXIS2_PLACEMENT_3D ( 'NONE', #2027, #771, #491 ) ;
#1312 = VERTEX_POINT ( 'NONE', #2795 ) ;
#1313 = LINE ( 'NONE', #817, #378 ) ;
#1314 = AXIS2_PLACEMENT_3D ( 'NONE', #253, #2013, #1784 ) ;
#1315 = DIRECTION ( 'NONE',  ( 0.000000000000000000, 1.000000000000000000, 0.000000000000000000 ) ) ;
#1316 = ADVANCED_FACE ( 'NONE', ( #2541 ), #1067, .F. ) ;
#1317 = CARTESIAN_POINT ( 'NONE',  ( 5.580704093545347192E-16, 7.000000000000000000, -47.05699071555231683 ) ) ;
#1318 = VERTEX_POINT ( 'NONE', #1439 ) ;
#1319 = CARTESIAN_POINT ( 'NONE',  ( -8.500000000000000000, 8.000000000000000000, 19.80756783799781573 ) ) ;
#1320 = CARTESIAN_POINT ( 'NONE',  ( 6.805350892692696701E-16, 0.000000000000000000, -48.05699071555231683 ) ) ;
#1321 = CARTESIAN_POINT ( 'NONE',  ( -7.367727504130644256, 7.592943990280095257, -49.71635280079202346 ) ) ;
#1322 = DIRECTION ( 'NONE',  ( -0.000000000000000000, -1.000000000000000000, -0.000000000000000000 ) ) ;
#1323 = VERTEX_POINT ( 'NONE', #174 ) ;
#1324 = CARTESIAN_POINT ( 'NONE',  ( 3.058495957738504689, 0.000000000000000000, -26.00000000000001776 ) ) ;
#1325 = EDGE_CURVE ( 'NONE', #2569, #1302, #3155, .T. ) ;
#1326 = VERTEX_POINT ( 'NONE', #1665 ) ;
#1327 = ORIENTED_EDGE ( 'NONE', *, *, #2980, .T. ) ;
#1328 = EDGE_CURVE ( 'NONE', #14, #1611, #1728, .T. ) ;
#1329 = PLANE ( 'NONE',  #2438 ) ;
#1330 = CARTESIAN_POINT ( 'NONE',  ( 9.465922759756258742, 8.000000000000000000, 1.158310915181072431 ) ) ;
#1331 = ORIENTED_EDGE ( 'NONE', *, *, #2645, .T. ) ;
#1332 = CARTESIAN_POINT ( 'NONE',  ( 3.058495957738505133, 0.000000000000000000, -24.50000000000001421 ) ) ;
#1333 = ORIENTED_EDGE ( 'NONE', *, *, #3107, .T. ) ;
#1334 = FACE_OUTER_BOUND ( 'NONE', #2688, .T. ) ;
#1335 = DIRECTION ( 'NONE',  ( 0.000000000000000000, 0.000000000000000000, 1.000000000000000000 ) ) ;
#1336 = CARTESIAN_POINT ( 'NONE',  ( 7.381326359193763231, 0.4911805911146476245, -49.81926091550353419 ) ) ;
#1337 = SHAPE_REPRESENTATION ( 'Front-Bottom-Suspension-Arm', ( #1725, #249, #1677 ), #503 ) ;
#1338 = DIRECTION ( 'NONE',  ( 0.000000000000000000, 0.000000000000000000, 1.000000000000000000 ) ) ;
#1339 = ORIENTED_EDGE ( 'NONE', *, *, #177, .F. ) ;
#1340 = LINE ( 'NONE', #2341, #783 ) ;
#1341 = DIRECTION ( 'NONE',  ( 0.000000000000000000, 0.000000000000000000, 1.000000000000000000 ) ) ;
#1342 = CARTESIAN_POINT ( 'NONE',  ( 20.00001200000000168, 2.497272607910572262, 0.1967065556390223402 ) ) ;
#1343 = EDGE_CURVE ( 'NONE', #1326, #1763, #2392, .T. ) ;
#1344 = EDGE_CURVE ( 'NONE', #3039, #3147, #3153, .T. ) ;
#1345 = EDGE_LOOP ( 'NONE', ( #39, #2371 ) ) ;
#1346 = ADVANCED_FACE ( 'NONE', ( #2207 ), #2703, .F. ) ;
#1347 = CARTESIAN_POINT ( 'NONE',  ( 0.000000000000000000, 4.000000000000000000, 1.750000000000000000 ) ) ;
#1348 = VECTOR ( 'NONE', #543, 1000.000000000000000 ) ;
#1349 = AXIS2_PLACEMENT_3D ( 'NONE', #1214, #751, #958 ) ;
#1350 = ORIENTED_EDGE ( 'NONE', *, *, #2519, .T. ) ;
#1351 = CARTESIAN_POINT ( 'NONE',  ( 7.369000439596359087, 7.599856300111524021, -49.72813838207667914 ) ) ;
#1352 = DIRECTION ( 'NONE',  ( 0.000000000000000000, -1.000000000000000000, 0.000000000000000000 ) ) ;
#1353 = DIRECTION ( 'NONE',  ( 0.000000000000000000, -1.000000000000000000, 0.000000000000000000 ) ) ;
#1354 = PRODUCT_DEFINITION_FORMATION_WITH_SPECIFIED_SOURCE ( 'ANY', '', #2914, .NOT_KNOWN. ) ;
#1355 = COLOUR_RGB ( '',0.7921568627450980005, 0.8196078431372548767, 0.9333333333333333481 ) ;
#1356 = FACE_OUTER_BOUND ( 'NONE', #922, .T. ) ;
#1357 = VERTEX_POINT ( 'NONE', #963 ) ;
#1358 = CIRCLE ( 'NONE', #938, 1.000000000000000888 ) ;
#1359 = DIRECTION ( 'NONE',  ( 1.000000000000000000, 0.000000000000000000, -8.673617379884035472E-17 ) ) ;
#1360 = CIRCLE ( 'NONE', #357, 1.500000000000000000 ) ;
#1361 = EDGE_LOOP ( 'NONE', ( #1382, #1306, #3127, #621 ) ) ;
#1362 = ORIENTED_EDGE ( 'NONE', *, *, #743, .T. ) ;
#1363 = CYLINDRICAL_SURFACE ( 'NONE', #579, 1.500000000000000000 ) ;
#1364 = ADVANCED_FACE ( 'NONE', ( #2164 ), #1957, .T. ) ;
#1365 = AXIS2_PLACEMENT_3D ( 'NONE', #2073, #1290, #47 ) ;
#1366 = VECTOR ( 'NONE', #497, 1000.000000000000000 ) ;
#1367 = ORIENTED_EDGE ( 'NONE', *, *, #467, .F. ) ;
#1368 = AXIS2_PLACEMENT_3D ( 'NONE', #960, #2388, #440 ) ;
#1369 = VECTOR ( 'NONE', #1103, 1000.000000000000000 ) ;
#1370 = EDGE_CURVE ( 'NONE', #1646, #477, #1972, .T. ) ;
#1371 = CARTESIAN_POINT ( 'NONE',  ( -14.99999999999999467, 2.000000000000000000, 50.50000000000000711 ) ) ;
#1372 = AXIS2_PLACEMENT_3D ( 'NONE', #2130, #578, #1896 ) ;
#1373 = ORIENTED_EDGE ( 'NONE', *, *, #2160, .F. ) ;
#1374 = EDGE_CURVE ( 'NONE', #1699, #2851, #919, .T. ) ;
#1375 = DIRECTION ( 'NONE',  ( 0.000000000000000000, 0.000000000000000000, 1.000000000000000000 ) ) ;
#1376 = CARTESIAN_POINT ( 'NONE',  ( -7.468001554397728725, 1.480844849875138092, -50.43585953211507444 ) ) ;
#1377 = ADVANCED_FACE ( 'NONE', ( #934 ), #2420, .F. ) ;
#1378 = CARTESIAN_POINT ( 'NONE',  ( -7.381326359193763231, 7.508819408885353930, -49.81926091550354130 ) ) ;
#1379 = CYLINDRICAL_SURFACE ( 'NONE', #1474, 2.250000000000001776 ) ;
#1380 = VERTEX_POINT ( 'NONE', #2448 ) ;
#1381 = CARTESIAN_POINT ( 'NONE',  ( -15.00000000000000888, 4.000000000000000000, 43.25000000000001421 ) ) ;
#1382 = ORIENTED_EDGE ( 'NONE', *, *, #2167, .F. ) ;
#1383 = CARTESIAN_POINT ( 'NONE',  ( 0.4335721768554647859, 0.000000000000000000, -8.495360011279245782 ) ) ;
#1384 = CARTESIAN_POINT ( 'NONE',  ( 5.189664277222909128, 8.000000000000000000, -1.617947567352241434 ) ) ;
#1385 = DIRECTION ( 'NONE',  ( 0.000000000000000000, 0.000000000000000000, 1.000000000000000000 ) ) ;
#1386 = EDGE_CURVE ( 'NONE', #728, #2340, #733, .T. ) ;
#1387 = EDGE_CURVE ( 'NONE', #242, #1323, #230, .T. ) ;
#1388 = ORIENTED_EDGE ( 'NONE', *, *, #2883, .F. ) ;
#1389 = EDGE_CURVE ( 'NONE', #1392, #1357, #2678, .T. ) ;
#1390 = LINE ( 'NONE', #2913, #41 ) ;
#1391 = ADVANCED_FACE ( 'NONE', ( #200 ), #2192, .F. ) ;
#1392 = VERTEX_POINT ( 'NONE', #456 ) ;
#1393 = CARTESIAN_POINT ( 'NONE',  ( 20.00001200000000168, 5.463615420376136456, 0.3933357156481563366 ) ) ;
#1394 = DIRECTION ( 'NONE',  ( 1.224646799147352468E-16, 0.000000000000000000, -1.000000000000000000 ) ) ;
#1395 = FACE_OUTER_BOUND ( 'NONE', #868, .T. ) ;
#1396 = ORIENTED_EDGE ( 'NONE', *, *, #3139, .F. ) ;
#1397 = ORIENTED_EDGE ( 'NONE', *, *, #1096, .T. ) ;
#1398 = CARTESIAN_POINT ( 'NONE',  ( 15.00000000000000533, 2.000000000000000000, 48.50000000000000711 ) ) ;
#1399 = VERTEX_POINT ( 'NONE', #1464 ) ;
#1400 = ORIENTED_EDGE ( 'NONE', *, *, #3142, .F. ) ;
#1401 = CARTESIAN_POINT ( 'NONE',  ( 7.965922759756259630, 8.000000000000000000, 20.27353460433121768 ) ) ;
#1402 = DIRECTION ( 'NONE',  ( 0.000000000000000000, 0.000000000000000000, 1.000000000000000000 ) ) ;
#1403 = CARTESIAN_POINT ( 'NONE',  ( 14.99999999999999289, 8.000000000000000000, -50.49999999999999289 ) ) ;
#1404 = EDGE_CURVE ( 'NONE', #1012, #368, #3025, .T. ) ;
#1405 = DIRECTION ( 'NONE',  ( -1.000000000000000000, 0.000000000000000000, -0.000000000000000000 ) ) ;
#1406 = ORIENTED_EDGE ( 'NONE', *, *, #446, .T. ) ;
#1407 = CARTESIAN_POINT ( 'NONE',  ( 7.048574091404735675, 0.000000000000000000, -14.68620068371834186 ) ) ;
#1408 = DIRECTION ( 'NONE',  ( -0.000000000000000000, -1.000000000000000000, -0.000000000000000000 ) ) ;
#1409 = AXIS2_PLACEMENT_3D ( 'NONE', #2996, #709, #236 ) ;
#1410 = CARTESIAN_POINT ( 'NONE',  ( 19.00000000000000000, 0.000000000000000000, 13.50000000000001243 ) ) ;
#1411 = EDGE_LOOP ( 'NONE', ( #3180, #2931 ) ) ;
#1412 = EDGE_LOOP ( 'NONE', ( #1397, #1443, #1488, #2451, #2561, #395 ) ) ;
#1413 = CIRCLE ( 'NONE', #1985, 1.499999999999999556 ) ;
#1414 = DIRECTION ( 'NONE',  ( 0.000000000000000000, 1.000000000000000000, 0.000000000000000000 ) ) ;
#1415 = EDGE_CURVE ( 'NONE', #485, #2326, #307, .T. ) ;
#1416 = ORIENTED_EDGE ( 'NONE', *, *, #598, .T. ) ;
#1417 = AXIS2_PLACEMENT_3D ( 'NONE', #585, #1352, #1133 ) ;
#1418 = ORIENTED_EDGE ( 'NONE', *, *, #1370, .F. ) ;
#1419 = EDGE_CURVE ( 'NONE', #2785, #1323, #2477, .T. ) ;
#1420 = CARTESIAN_POINT ( 'NONE',  ( 0.1741302387223811199, 8.000000000000000000, 14.60306242685705591 ) ) ;
#1421 = LINE ( 'NONE', #2737, #2095 ) ;
#1422 = AXIS2_PLACEMENT_3D ( 'NONE', #281, #2725, #2796 ) ;
#1423 = TOROIDAL_SURFACE ( 'NONE', #3230, 5.556990715552314164, 1.000000000000000000 ) ;
#1424 = CARTESIAN_POINT ( 'NONE',  ( -15.00000000000000888, 4.000000000000000000, 43.25000000000001421 ) ) ;
#1425 = VERTEX_POINT ( 'NONE', #538 ) ;
#1426 = AXIS2_PLACEMENT_3D ( 'NONE', #738, #2865, #2632 ) ;
#1427 = CARTESIAN_POINT ( 'NONE',  ( 0.000000000000000000, 0.000000000000000000, -42.50000000000000000 ) ) ;
#1428 = CIRCLE ( 'NONE', #2767, 3.200000000000001066 ) ;
#1429 = DIRECTION ( 'NONE',  ( -1.000000000000000000, -0.000000000000000000, 1.202283597211648440E-16 ) ) ;
#1430 = AXIS2_PLACEMENT_3D ( 'NONE', #2391, #2177, #3163 ) ;
#1431 = CARTESIAN_POINT ( 'NONE',  ( 5.000000000000006217, 0.000000000000000000, 50.50000000000000711 ) ) ;
#1432 = ORIENTED_EDGE ( 'NONE', *, *, #2901, .F. ) ;
#1433 = FACE_OUTER_BOUND ( 'NONE', #2631, .T. ) ;
#1434 = AXIS2_PLACEMENT_3D ( 'NONE', #563, #611, #321 ) ;
#1435 = ORIENTED_EDGE ( 'NONE', *, *, #2713, .T. ) ;
#1436 = CARTESIAN_POINT ( 'NONE',  ( -0.04531669336999000208, 8.000000000000000000, 21.45468330663011969 ) ) ;
#1437 = ADVANCED_FACE ( 'NONE', ( #1025 ), #2764, .T. ) ;
#1438 = LINE ( 'NONE', #2408, #2926 ) ;
#1439 = CARTESIAN_POINT ( 'NONE',  ( -14.99999999999999467, 0.000000000000000000, 48.50000000000000711 ) ) ;
#1440 = FACE_OUTER_BOUND ( 'NONE', #518, .T. ) ;
#1441 = PRODUCT_RELATED_PRODUCT_CATEGORY ( 'part', '', ( #674 ) ) ;
#1442 = PRODUCT ( 'Front-Bottom-Suspension-Arm', 'Front-Bottom-Suspension-Arm', '', ( #2032 ) ) ;
#1443 = ORIENTED_EDGE ( 'NONE', *, *, #2287, .F. ) ;
#1444 = CARTESIAN_POINT ( 'NONE',  ( -14.99999999999999467, 2.000000000000000000, 48.50000000000000711 ) ) ;
#1445 = CARTESIAN_POINT ( 'NONE',  ( -3.200000000000000178, -4.000000000000000000, 0.000000000000000000 ) ) ;
#1446 = EDGE_LOOP ( 'NONE', ( #2729, #2827, #2210, #2612 ) ) ;
#1447 = CARTESIAN_POINT ( 'NONE',  ( -3.058495957738506021, 8.000000000000000000, 30.00000000000000711 ) ) ;
#1448 = VERTEX_POINT ( 'NONE', #2965 ) ;
#1449 = DIRECTION ( 'NONE',  ( 0.000000000000000000, 0.000000000000000000, 1.000000000000000000 ) ) ;
#1450 = CARTESIAN_POINT ( 'NONE',  ( 2.557402773745077074, 8.000000000000000000, -16.63671063268946781 ) ) ;
#1451 = CARTESIAN_POINT ( 'NONE',  ( 3.738238368627642139, 8.000000000000000000, -1.996580413072744475 ) ) ;
#1452 = CARTESIAN_POINT ( 'NONE',  ( 20.00000000000000000, 8.000000000000000000, -5.499999999999990230 ) ) ;
#1453 = EDGE_CURVE ( 'NONE', #2921, #1689, #2790, .T. ) ;
#1454 = ORIENTED_EDGE ( 'NONE', *, *, #979, .T. ) ;
#1455 = LINE ( 'NONE', #1960, #2429 ) ;
#1456 = EDGE_CURVE ( 'NONE', #890, #1675, #1505, .T. ) ;
#1457 = DIRECTION ( 'NONE',  ( 1.000000000000000000, -0.000000000000000000, -1.374038396813312538E-16 ) ) ;
#1458 = ORIENTED_EDGE ( 'NONE', *, *, #1937, .F. ) ;
#1459 = ORIENTED_EDGE ( 'NONE', *, *, #605, .F. ) ;
#1460 = CYLINDRICAL_SURFACE ( 'NONE', #1205, 1.500000000000000000 ) ;
#1461 = VERTEX_POINT ( 'NONE', #2052 ) ;
#1462 = CARTESIAN_POINT ( 'NONE',  ( 8.500000000000001776, 0.000000000000000000, -14.30756783799784060 ) ) ;
#1463 = CARTESIAN_POINT ( 'NONE',  ( -15.00000000000000888, 4.000000000000000000, 43.25000000000001421 ) ) ;
#1464 = CARTESIAN_POINT ( 'NONE',  ( -7.439339828220147055, 8.000000000000000000, -23.43933982822018436 ) ) ;
#1465 = AXIS2_PLACEMENT_3D ( 'NONE', #889, #939, #1167 ) ;
#1466 = EDGE_CURVE ( 'NONE', #2248, #2672, #1845, .T. ) ;
#1467 = CIRCLE ( 'NONE', #1567, 1.000000000000000000 ) ;
#1468 = ORIENTED_EDGE ( 'NONE', *, *, #1389, .T. ) ;
#1469 = DIRECTION ( 'NONE',  ( 0.000000000000000000, 0.000000000000000000, -1.000000000000000000 ) ) ;
#1470 = STYLED_ITEM ( 'NONE', ( #2246 ), #1476 ) ;
#1471 = LINE ( 'NONE', #2765, #2427 ) ;
#1472 = EDGE_CURVE ( 'NONE', #724, #1029, #258, .T. ) ;
#1473 = VECTOR ( 'NONE', #671, 1000.000000000000000 ) ;
#1474 = AXIS2_PLACEMENT_3D ( 'NONE', #304, #567, #2599 ) ;
#1475 = ORIENTED_EDGE ( 'NONE', *, *, #1218, .T. ) ;
#1476 = MANIFOLD_SOLID_BREP ( 'Fillet5', #2393 ) ;
#1477 = FACE_OUTER_BOUND ( 'NONE', #1202, .T. ) ;
#1478 = AXIS2_PLACEMENT_3D ( 'NONE', #2431, #2677, #1449 ) ;
#1479 = CARTESIAN_POINT ( 'NONE',  ( -4.999999999999993783, 0.000000000000000000, 48.50000000000000711 ) ) ;
#1480 = EDGE_LOOP ( 'NONE', ( #3079, #86, #789, #441 ) ) ;
#1481 = VECTOR ( 'NONE', #2338, 1000.000000000000000 ) ;
#1482 = CARTESIAN_POINT ( 'NONE',  ( 0.000000000000000000, 7.000000000000000000, -42.50000000000000000 ) ) ;
#1483 = DIRECTION ( 'NONE',  ( 0.000000000000000000, 0.000000000000000000, -1.000000000000000000 ) ) ;
#1484 = CARTESIAN_POINT ( 'NONE',  ( 20.00000599999999906, 4.000000000000000000, 1.502727392089438618 ) ) ;
#1485 = ORIENTED_EDGE ( 'NONE', *, *, #2726, .F. ) ;
#1486 = LINE ( 'NONE', #698, #2593 ) ;
#1487 = LINE ( 'NONE', #1228, #1833 ) ;
#1488 = ORIENTED_EDGE ( 'NONE', *, *, #2657, .T. ) ;
#1489 = CARTESIAN_POINT ( 'NONE',  ( -4.999999999999993783, 4.000000000000000000, 45.50000000000001421 ) ) ;
#1490 = CARTESIAN_POINT ( 'NONE',  ( 7.477541933972236876, 0.000000000000000000, -50.49999999999999289 ) ) ;
#1491 = EDGE_LOOP ( 'NONE', ( #975, #1468, #887, #653 ) ) ;
#1492 = EDGE_CURVE ( 'NONE', #756, #2281, #312, .T. ) ;
#1493 = EDGE_LOOP ( 'NONE', ( #1367, #2685, #2385, #252 ) ) ;
#1494 = DIRECTION ( 'NONE',  ( 0.000000000000000000, 1.000000000000000000, 0.000000000000000000 ) ) ;
#1495 = DIRECTION ( 'NONE',  ( 0.000000000000000000, 0.000000000000000000, 1.000000000000000000 ) ) ;
#1496 = CARTESIAN_POINT ( 'NONE',  ( 20.00001200000000168, 4.756802036979498105, -1.313062740614822976 ) ) ;
#1497 = ORIENTED_EDGE ( 'NONE', *, *, #223, .T. ) ;
#1498 = DIRECTION ( 'NONE',  ( 1.224646799147352468E-16, 0.000000000000000000, -1.000000000000000000 ) ) ;
#1499 = CARTESIAN_POINT ( 'NONE',  ( 20.00000000000000000, -1.224646799147351482E-16, -4.499999999999990230 ) ) ;
#1500 = ORIENTED_EDGE ( 'NONE', *, *, #1038, .F. ) ;
#1501 = SURFACE_SIDE_STYLE ('',( #1298 ) ) ;
#1502 = FACE_OUTER_BOUND ( 'NONE', #2319, .T. ) ;
#1503 = LINE ( 'NONE', #1023, #1529 ) ;
#1504 = ORIENTED_EDGE ( 'NONE', *, *, #3083, .F. ) ;
#1505 = LINE ( 'NONE', #1760, #1790 ) ;
#1506 = FACE_OUTER_BOUND ( 'NONE', #2019, .T. ) ;
#1507 = AXIS2_PLACEMENT_3D ( 'NONE', #3013, #985, #1816 ) ;
#1508 = AXIS2_PLACEMENT_3D ( 'NONE', #1961, #505, #1979 ) ;
#1509 = EDGE_CURVE ( 'NONE', #2515, #1743, #2753, .T. ) ;
#1510 = EDGE_CURVE ( 'NONE', #1597, #728, #2260, .T. ) ;
#1511 = FACE_OUTER_BOUND ( 'NONE', #2088, .T. ) ;
#1512 = CIRCLE ( 'NONE', #1465, 2.250000000000001776 ) ;
#1513 = AXIS2_PLACEMENT_3D ( 'NONE', #2986, #754, #59 ) ;
#1514 = ORIENTED_EDGE ( 'NONE', *, *, #1757, .T. ) ;
#1515 = DIRECTION ( 'NONE',  ( 0.000000000000000000, 1.000000000000000000, -0.000000000000000000 ) ) ;
#1516 = VECTOR ( 'NONE', #1277, 1000.000000000000000 ) ;
#1517 = CARTESIAN_POINT ( 'NONE',  ( 4.999999999999986677, 8.000000000000000000, -26.00000000000001776 ) ) ;
#1518 = DIRECTION ( 'NONE',  ( -1.000000000000000000, 0.000000000000000000, 0.000000000000000000 ) ) ;
#1519 = CARTESIAN_POINT ( 'NONE',  ( 5.189664277222909128, 0.000000000000000000, -1.617947567352241434 ) ) ;
#1520 = CARTESIAN_POINT ( 'NONE',  ( 10.00000000000000178, 0.000000000000000000, -6.000000000000261124 ) ) ;
#1521 = AXIS2_PLACEMENT_3D ( 'NONE', #1811, #801, #556 ) ;
#1522 = DIRECTION ( 'NONE',  ( 0.000000000000000000, 0.000000000000000000, 1.000000000000000000 ) ) ;
#1523 = VECTOR ( 'NONE', #2230, 1000.000000000000000 ) ;
#1524 = EDGE_LOOP ( 'NONE', ( #993, #3042, #1327, #192 ) ) ;
#1525 = ORIENTED_EDGE ( 'NONE', *, *, #2364, .T. ) ;
#1526 = CARTESIAN_POINT ( 'NONE',  ( 15.00000000000000178, 8.000000000000000000, 18.91421356237311358 ) ) ;
#1527 = VECTOR ( 'NONE', #1189, 1000.000000000000000 ) ;
#1528 = DIRECTION ( 'NONE',  ( 0.000000000000000000, 0.000000000000000000, 1.000000000000000000 ) ) ;
#1529 = VECTOR ( 'NONE', #2028, 1000.000000000000000 ) ;
#1530 = EDGE_CURVE ( 'NONE', #7, #210, #165, .T. ) ;
#1531 = VERTEX_POINT ( 'NONE', #1559 ) ;
#1532 = CIRCLE ( 'NONE', #2151, 1.500000000000001332 ) ;
#1533 = VERTEX_POINT ( 'NONE', #1808 ) ;
#1534 = ADVANCED_FACE ( 'NONE', ( #2531 ), #484, .F. ) ;
#1535 = DIRECTION ( 'NONE',  ( 0.000000000000000000, 0.000000000000000000, 1.000000000000000000 ) ) ;
#1536 = EDGE_CURVE ( 'NONE', #2356, #2684, #992, .T. ) ;
#1537 = ORIENTED_EDGE ( 'NONE', *, *, #2318, .F. ) ;
#1538 = CARTESIAN_POINT ( 'NONE',  ( 5.000000000000006217, 0.000000000000000000, 35.50000000000000711 ) ) ;
#1539 = CARTESIAN_POINT ( 'NONE',  ( 10.00000000000000178, 8.000000000000000000, -6.000000000000261124 ) ) ;
#1540 = FACE_OUTER_BOUND ( 'NONE', #3210, .T. ) ;
#1541 = CARTESIAN_POINT ( 'NONE',  ( 0.000000000000000000, 6.000000000000000000, -48.49999999999999289 ) ) ;
#1542 = DIRECTION ( 'NONE',  ( 0.000000000000000000, 0.000000000000000000, 1.000000000000000000 ) ) ;
#1543 = ORIENTED_EDGE ( 'NONE', *, *, #1817, .T. ) ;
#1544 = DIRECTION ( 'NONE',  ( 0.000000000000000000, -1.000000000000000000, 0.000000000000000000 ) ) ;
#1545 = CONTEXT_DEPENDENT_SHAPE_REPRESENTATION ( #1556, #2680 ) ;
#1546 = ORIENTED_EDGE ( 'NONE', *, *, #12, .F. ) ;
#1547 = PLANE ( 'NONE',  #944 ) ;
#1548 = ORIENTED_EDGE ( 'NONE', *, *, #757, .T. ) ;
#1549 = CARTESIAN_POINT ( 'NONE',  ( 1.234790410502196289, 0.000000000000000000, 13.54240225507722784 ) ) ;
#1550 = CARTESIAN_POINT ( 'NONE',  ( 7.530431552874907730, 0.000000000000000000, -10.59088879068495892 ) ) ;
#1551 = DIRECTION ( 'NONE',  ( -1.000000000000000000, 0.000000000000000000, 0.000000000000000000 ) ) ;
#1552 = ORIENTED_EDGE ( 'NONE', *, *, #244, .T. ) ;
#1553 = CARTESIAN_POINT ( 'NONE',  ( -0.04531669336999083475, 0.000000000000000000, 21.45468330663011969 ) ) ;
#1554 = FACE_OUTER_BOUND ( 'NONE', #2701, .T. ) ;
#1555 = CARTESIAN_POINT ( 'NONE',  ( -7.253929916646156606, 7.987085474350287484, -48.76148990558685625 ) ) ;
#1556 =( REPRESENTATION_RELATIONSHIP ('NONE','NONE', #1337, #3227 ) REPRESENTATION_RELATIONSHIP_WITH_TRANSFORMATION ( #539 )SHAPE_REPRESENTATION_RELATIONSHIP( ) );
#1557 = LINE ( 'NONE', #1873, #1948 ) ;
#1558 = VERTEX_POINT ( 'NONE', #82 ) ;
#1559 = CARTESIAN_POINT ( 'NONE',  ( -15.00000000000000888, 4.000000000000000000, 47.75000000000001421 ) ) ;
#1560 = ORIENTED_EDGE ( 'NONE', *, *, #2671, .T. ) ;
#1561 = ORIENTED_EDGE ( 'NONE', *, *, #1325, .F. ) ;
#1562 = CARTESIAN_POINT ( 'NONE',  ( -5.189664277222899358, 0.000000000000000000, 7.117947567352204352 ) ) ;
#1563 = AXIS2_PLACEMENT_3D ( 'NONE', #3105, #3124, #636 ) ;
#1564 = VERTEX_POINT ( 'NONE', #849 ) ;
#1565 = DIRECTION ( 'NONE',  ( -0.000000000000000000, 1.000000000000000000, -0.000000000000000000 ) ) ;
#1566 = FACE_OUTER_BOUND ( 'NONE', #1629, .T. ) ;
#1567 = AXIS2_PLACEMENT_3D ( 'NONE', #769, #1570, #2490 ) ;
#1568 = FACE_OUTER_BOUND ( 'NONE', #1446, .T. ) ;
#1569 = CYLINDRICAL_SURFACE ( 'NONE', #900, 1.500000000000001332 ) ;
#1570 = DIRECTION ( 'NONE',  ( 0.000000000000000000, 1.000000000000000000, 0.000000000000000000 ) ) ;
#1571 = CIRCLE ( 'NONE', #3225, 1.499999999999999556 ) ;
#1572 = CARTESIAN_POINT ( 'NONE',  ( 7.325719509977656863, 0.2015583774445679766, -49.38470634382479574 ) ) ;
#1573 = EDGE_CURVE ( 'NONE', #2733, #1763, #3074, .T. ) ;
#1574 = CARTESIAN_POINT ( 'NONE',  ( 8.500000000000001776, 0.000000000000000000, -14.30756783799784060 ) ) ;
#1575 = VERTEX_POINT ( 'NONE', #829 ) ;
#1576 = PLANE ( 'NONE',  #2345 ) ;
#1577 =( LENGTH_UNIT ( ) NAMED_UNIT ( * ) SI_UNIT ( .MILLI., .METRE. ) );
#1578 = CIRCLE ( 'NONE', #1426, 1.499999999999999556 ) ;
#1579 = VECTOR ( 'NONE', #3164, 1000.000000000000000 ) ;
#1580 = ORIENTED_EDGE ( 'NONE', *, *, #1509, .T. ) ;
#1581 = ORIENTED_EDGE ( 'NONE', *, *, #2030, .F. ) ;
#1582 = VECTOR ( 'NONE', #772, 1000.000000000000000 ) ;
#1583 = DIRECTION ( 'NONE',  ( 0.000000000000000000, 0.000000000000000000, -1.000000000000000000 ) ) ;
#1584 = AXIS2_PLACEMENT_3D ( 'NONE', #1520, #2270, #1267 ) ;
#1585 = ORIENTED_EDGE ( 'NONE', *, *, #1807, .F. ) ;
#1586 = CLOSED_SHELL ( 'NONE', ( #1346, #2691, #2853, #1364, #2675, #2516 ) ) ;
#1587 = FACE_BOUND ( 'NONE', #468, .T. ) ;
#1588 = ORIENTED_EDGE ( 'NONE', *, *, #1536, .T. ) ;
#1589 = CARTESIAN_POINT ( 'NONE',  ( -6.378679656440334078, 0.000000000000000000, -24.50000000000001066 ) ) ;
#1590 = CARTESIAN_POINT ( 'NONE',  ( 19.00000000000003553, -2.449293598294702963E-15, 14.50000000000001066 ) ) ;
#1591 = DIRECTION ( 'NONE',  ( 0.000000000000000000, 0.000000000000000000, -1.000000000000000000 ) ) ;
#1592 = EDGE_CURVE ( 'NONE', #1959, #2390, #580, .T. ) ;
#1593 = LINE ( 'NONE', #2325, #317 ) ;
#1594 = EDGE_LOOP ( 'NONE', ( #131, #2005 ) ) ;
#1595 = DIRECTION ( 'NONE',  ( -0.000000000000000000, 1.000000000000000000, -0.000000000000000000 ) ) ;
#1596 = EDGE_CURVE ( 'NONE', #2751, #1954, #736, .T. ) ;
#1597 = VERTEX_POINT ( 'NONE', #879 ) ;
#1598 = DIRECTION ( 'NONE',  ( 0.000000000000000000, 1.000000000000000000, 0.000000000000000000 ) ) ;
#1599 = CARTESIAN_POINT ( 'NONE',  ( 20.00001199999999812, 2.686937259385165699, 0.7568020369795078750 ) ) ;
#1600 = ORIENTED_EDGE ( 'NONE', *, *, #3110, .T. ) ;
#1601 = FACE_BOUND ( 'NONE', #592, .T. ) ;
#1602 = EDGE_CURVE ( 'NONE', #2982, #97, #327, .T. ) ;
#1603 = VERTEX_POINT ( 'NONE', #1088 ) ;
#1604 = DIRECTION ( 'NONE',  ( -8.673617379884035472E-17, 0.000000000000000000, -1.000000000000000000 ) ) ;
#1605 = CARTESIAN_POINT ( 'NONE',  ( -7.477541933972235988, 1.867442534196844361, -50.49999999999998579 ) ) ;
#1606 = CARTESIAN_POINT ( 'NONE',  ( 3.200000000000001510, 4.000000000000000000, 3.918869757271531939E-16 ) ) ;
#1607 = EDGE_CURVE ( 'NONE', #619, #269, #1793, .T. ) ;
#1608 = CARTESIAN_POINT ( 'NONE',  ( 0.000000000000000000, 0.000000000000000000, -42.50000000000000000 ) ) ;
#1609 = EDGE_LOOP ( 'NONE', ( #1660, #583 ) ) ;
#1610 = DIRECTION ( 'NONE',  ( 0.000000000000000000, 0.000000000000000000, 1.000000000000000000 ) ) ;
#1611 = VERTEX_POINT ( 'NONE', #2804 ) ;
#1612 = DIRECTION ( 'NONE',  ( -1.000000000000000000, 0.000000000000000000, 0.000000000000000000 ) ) ;
#1613 = CARTESIAN_POINT ( 'NONE',  ( 20.00001200000000168, 3.803293444360988040, 1.502727392089438174 ) ) ;
#1614 = EDGE_CURVE ( 'NONE', #3117, #2264, #2099, .T. ) ;
#1615 = ORIENTED_EDGE ( 'NONE', *, *, #1262, .T. ) ;
#1616 = CYLINDRICAL_SURFACE ( 'NONE', #2591, 1.750000000000000000 ) ;
#1617 = CIRCLE ( 'NONE', #1774, 1.500000000000001332 ) ;
#1618 = AXIS2_PLACEMENT_3D ( 'NONE', #162, #2138, #2156 ) ;
#1619 = ORIENTED_EDGE ( 'NONE', *, *, #2584, .F. ) ;
#1620 = DIRECTION ( 'NONE',  ( 0.000000000000000000, 0.000000000000000000, 1.000000000000000000 ) ) ;
#1621 = DIRECTION ( 'NONE',  ( 1.000000000000000000, -0.000000000000000000, -1.084202172485504557E-16 ) ) ;
#1622 = CARTESIAN_POINT ( 'NONE',  ( 9.465922759756258742, 0.000000000000000000, 23.89485494789083120 ) ) ;
#1623 = DIRECTION ( 'NONE',  ( 0.000000000000000000, 1.000000000000000000, 0.000000000000000000 ) ) ;
#1624 = CIRCLE ( 'NONE', #675, 1.500000000000001332 ) ;
#1625 = DIRECTION ( 'NONE',  ( 0.000000000000000000, 0.000000000000000000, -1.000000000000000000 ) ) ;
#1626 = EDGE_LOOP ( 'NONE', ( #3125, #2459, #1976, #832 ) ) ;
#1627 = VECTOR ( 'NONE', #1515, 1000.000000000000000 ) ;
#1628 = DIRECTION ( 'NONE',  ( 0.000000000000000000, 0.000000000000000000, 1.000000000000000000 ) ) ;
#1629 = EDGE_LOOP ( 'NONE', ( #2316, #2855, #1878, #1093 ) ) ;
#1630 = DIRECTION ( 'NONE',  ( 0.2524218971470015838, 0.000000000000000000, -0.9676172723968441414 ) ) ;
#1631 = FACE_OUTER_BOUND ( 'NONE', #2724, .T. ) ;
#1632 = CARTESIAN_POINT ( 'NONE',  ( 15.00000000000000533, 4.000000000000000000, 45.50000000000001421 ) ) ;
#1633 = CIRCLE ( 'NONE', #3185, 2.000000000000001776 ) ;
#1634 = EDGE_CURVE ( 'NONE', #1759, #2447, #1875, .T. ) ;
#1635 = VECTOR ( 'NONE', #364, 1000.000000000000000 ) ;
#1636 = VECTOR ( 'NONE', #21, 1000.000000000000000 ) ;
#1637 = ORIENTED_EDGE ( 'NONE', *, *, #436, .T. ) ;
#1638 = AXIS2_PLACEMENT_3D ( 'NONE', #1966, #1219, #3208 ) ;
#1639 = DIRECTION ( 'NONE',  ( 0.000000000000000000, 0.000000000000000000, 1.000000000000000000 ) ) ;
#1640 = AXIS2_PLACEMENT_3D ( 'NONE', #1549, #50, #2265 ) ;
#1641 = ORIENTED_EDGE ( 'NONE', *, *, #1389, .F. ) ;
#1642 = CARTESIAN_POINT ( 'NONE',  ( -0.4335721768554595679, 0.000000000000000000, 13.99536001127922269 ) ) ;
#1643 = DIRECTION ( 'NONE',  ( 0.000000000000000000, 0.000000000000000000, -1.000000000000000000 ) ) ;
#1644 = DIRECTION ( 'NONE',  ( 0.7071067811865513475, 0.000000000000000000, 0.7071067811865435759 ) ) ;
#1645 = DIRECTION ( 'NONE',  ( 0.000000000000000000, 0.000000000000000000, -1.000000000000000000 ) ) ;
#1646 = VERTEX_POINT ( 'NONE', #359 ) ;
#1647 = ORIENTED_EDGE ( 'NONE', *, *, #2952, .F. ) ;
#1648 = CARTESIAN_POINT ( 'NONE',  ( -0.2166354980930702556, 0.000000000000000000, 13.16376940935672657 ) ) ;
#1649 = VERTEX_POINT ( 'NONE', #1381 ) ;
#1650 = ORIENTED_EDGE ( 'NONE', *, *, #1387, .F. ) ;
#1651 = EDGE_CURVE ( 'NONE', #404, #1675, #2488, .T. ) ;
#1652 = CARTESIAN_POINT ( 'NONE',  ( 6.250324449002722105, 0.000000000000000000, -2.678607739132068843 ) ) ;
#1653 = DIRECTION ( 'NONE',  ( 0.7071067811865514585, 0.000000000000000000, 0.7071067811865435759 ) ) ;
#1654 = LINE ( 'NONE', #1897, #2748 ) ;
#1655 = DIRECTION ( 'NONE',  ( 0.000000000000000000, 0.000000000000000000, 1.000000000000000000 ) ) ;
#1656 = ORIENTED_EDGE ( 'NONE', *, *, #2946, .T. ) ;
#1657 = CARTESIAN_POINT ( 'NONE',  ( 20.00001200000000523, 5.502727392089427738, 0.1967065556390230896 ) ) ;
#1658 = CARTESIAN_POINT ( 'NONE',  ( 0.000000000000000000, 0.000000000000000000, 0.000000000000000000 ) ) ;
#1659 = DIRECTION ( 'NONE',  ( -0.2524218971470014172, -0.000000000000000000, 0.9676172723968442524 ) ) ;
#1660 = ORIENTED_EDGE ( 'NONE', *, *, #1798, .F. ) ;
#1661 = ORIENTED_EDGE ( 'NONE', *, *, #595, .F. ) ;
#1662 = CARTESIAN_POINT ( 'NONE',  ( 8.500000000000001776, 8.000000000000000000, -15.80756783799784237 ) ) ;
#1663 = ORIENTED_EDGE ( 'NONE', *, *, #189, .T. ) ;
#1664 = PLANE ( 'NONE',  #999 ) ;
#1665 = CARTESIAN_POINT ( 'NONE',  ( 20.00000599999999906, 4.000000000000000000, 1.502727392089438618 ) ) ;
#1666 = DIRECTION ( 'NONE',  ( -1.734723475976807094E-15, 0.000000000000000000, 1.000000000000000000 ) ) ;
#1667 = EDGE_CURVE ( 'NONE', #647, #1271, #1340, .T. ) ;
#1668 = LINE ( 'NONE', #2365, #1888 ) ;
#1669 = EDGE_LOOP ( 'NONE', ( #141, #3026, #763, #1339 ) ) ;
#1670 = CARTESIAN_POINT ( 'NONE',  ( -10.00000000000000000, 0.000000000000000000, 19.80756783799781573 ) ) ;
#1671 = DIRECTION ( 'NONE',  ( 0.000000000000000000, -1.000000000000000000, 0.000000000000000000 ) ) ;
#1672 = CIRCLE ( 'NONE', #931, 1.499999999999999556 ) ;
#1673 = DIRECTION ( 'NONE',  ( 0.000000000000000000, 0.000000000000000000, 1.000000000000000000 ) ) ;
#1674 = EDGE_CURVE ( 'NONE', #928, #637, #2127, .T. ) ;
#1675 = VERTEX_POINT ( 'NONE', #1062 ) ;
#1676 = EDGE_LOOP ( 'NONE', ( #139, #2854, #1416, #247 ) ) ;
#1677 = AXIS2_PLACEMENT_3D ( 'NONE', #812, #1528, #343 ) ;
#1678 = VECTOR ( 'NONE', #1112, 1000.000000000000000 ) ;
#1679 = PLANE ( 'NONE',  #1950 ) ;
#1680 = ORIENTED_EDGE ( 'NONE', *, *, #2568, .T. ) ;
#1681 = DIRECTION ( 'NONE',  ( 0.9676172723968442524, 0.000000000000000000, 0.2524218971470013617 ) ) ;
#1682 = LINE ( 'NONE', #1463, #2549 ) ;
#1683 = CARTESIAN_POINT ( 'NONE',  ( 0.000000000000000000, 0.000000000000000000, 0.000000000000000000 ) ) ;
#1684 = PLANE ( 'NONE',  #1245 ) ;
#1685 = VECTOR ( 'NONE', #382, 1000.000000000000000 ) ;
#1686 = AXIS2_PLACEMENT_3D ( 'NONE', #857, #2847, #2336 ) ;
#1687 = VECTOR ( 'NONE', #803, 1000.000000000000114 ) ;
#1688 = SPHERICAL_SURFACE ( 'NONE', #1139, 5.315072906367322325 ) ;
#1689 = VERTEX_POINT ( 'NONE', #1648 ) ;
#1690 = AXIS2_PLACEMENT_3D ( 'NONE', #1762, #2779, #1047 ) ;
#1691 = AXIS2_PLACEMENT_3D ( 'NONE', #1844, #2582, #1105 ) ;
#1692 = CARTESIAN_POINT ( 'NONE',  ( 5.862068965517251762, 0.000000000000000000, -10.13793103448296407 ) ) ;
#1693 = CIRCLE ( 'NONE', #1430, 1.000000000000000888 ) ;
#1694 = LINE ( 'NONE', #1707, #1134 ) ;
#1695 = ORIENTED_EDGE ( 'NONE', *, *, #3209, .T. ) ;
#1696 = ORIENTED_EDGE ( 'NONE', *, *, #3199, .F. ) ;
#1697 = PLANE ( 'NONE',  #1368 ) ;
#1698 = ADVANCED_FACE ( 'NONE', ( #3041 ), #1576, .T. ) ;
#1699 = VERTEX_POINT ( 'NONE', #1324 ) ;
#1700 = CARTESIAN_POINT ( 'NONE',  ( 15.00000000000000711, 8.000000000000000000, 18.91421356237311358 ) ) ;
#1701 = DIRECTION ( 'NONE',  ( 0.000000000000000000, 0.000000000000000000, 1.000000000000000000 ) ) ;
#1702 = DIRECTION ( 'NONE',  ( -0.2524218971470014172, -0.000000000000000000, 0.9676172723968442524 ) ) ;
#1703 = LINE ( 'NONE', #2679, #2329 ) ;
#1704 = EDGE_CURVE ( 'NONE', #994, #2264, #2313, .T. ) ;
#1705 = ORIENTED_EDGE ( 'NONE', *, *, #2118, .T. ) ;
#1706 = DIRECTION ( 'NONE',  ( 0.000000000000000000, 0.000000000000000000, -1.000000000000000000 ) ) ;
#1707 = CARTESIAN_POINT ( 'NONE',  ( 4.999999999999986677, 8.000000000000000000, -26.00000000000001776 ) ) ;
#1708 = VERTEX_POINT ( 'NONE', #2083 ) ;
#1709 = ORIENTED_EDGE ( 'NONE', *, *, #1996, .T. ) ;
#1710 = CARTESIAN_POINT ( 'NONE',  ( 7.530431552874907730, 0.000000000000000000, -10.59088879068495892 ) ) ;
#1711 = EDGE_LOOP ( 'NONE', ( #2251, #1118, #1110, #3226 ) ) ;
#1712 = CARTESIAN_POINT ( 'NONE',  ( -7.439339828220193240, 8.000000000000000000, -16.36827201635480122 ) ) ;
#1713 = DIRECTION ( 'NONE',  ( 0.7071067811865440200, 0.000000000000000000, -0.7071067811865511255 ) ) ;
#1714 = CARTESIAN_POINT ( 'NONE',  ( -5.862068965517246433, 0.000000000000000000, 15.63793103448293031 ) ) ;
#1715 = EDGE_CURVE ( 'NONE', #3219, #1834, #3057, .T. ) ;
#1716 = UNCERTAINTY_MEASURE_WITH_UNIT (LENGTH_MEASURE( 1.000000000000000082E-05 ), #791, 'distance_accuracy_value', 'NONE');
#1717 = EDGE_LOOP ( 'NONE', ( #120, #1184, #116, #362 ) ) ;
#1718 = CARTESIAN_POINT ( 'NONE',  ( -15.00000000000000711, 0.000000000000000000, -50.49999999999999289 ) ) ;
#1719 = DIRECTION ( 'NONE',  ( -0.7071067811865513475, 0.000000000000000000, -0.7071067811865437980 ) ) ;
#1720 = EDGE_LOOP ( 'NONE', ( #1169, #158, #150, #2084 ) ) ;
#1721 = CARTESIAN_POINT ( 'NONE',  ( -5.727714736531933242E-16, 1.475053897948696680, -37.82296598454364300 ) ) ;
#1722 = VECTOR ( 'NONE', #251, 1000.000000000000000 ) ;
#1723 = PLANE ( 'NONE',  #2969 ) ;
#1724 = ORIENTED_EDGE ( 'NONE', *, *, #17, .T. ) ;
#1725 = AXIS2_PLACEMENT_3D ( 'NONE', #1729, #65, #1288 ) ;
#1726 = AXIS2_PLACEMENT_3D ( 'NONE', #2200, #267, #3191 ) ;
#1727 = CARTESIAN_POINT ( 'NONE',  ( 5.000000000000006217, 6.000000000000000000, 50.50000000000000711 ) ) ;
#1728 = LINE ( 'NONE', #217, #2342 ) ;
#1729 = CARTESIAN_POINT ( 'NONE',  ( 0.000000000000000000, 0.000000000000000000, 0.000000000000000000 ) ) ;
#1730 = VECTOR ( 'NONE', #3049, 1000.000000000000000 ) ;
#1731 = AXIS2_PLACEMENT_3D ( 'NONE', #181, #1671, #1706 ) ;
#1732 = DIRECTION ( 'NONE',  ( 0.000000000000000000, 0.000000000000000000, 1.000000000000000000 ) ) ;
#1733 = ADVANCED_FACE ( 'NONE', ( #2825 ), #2570, .T. ) ;
#1734 = ADVANCED_FACE ( 'NONE', ( #1770 ), #1723, .F. ) ;
#1735 = ORIENTED_EDGE ( 'NONE', *, *, #648, .T. ) ;
#1736 = PRODUCT_RELATED_PRODUCT_CATEGORY ( 'part', '', ( #2914 ) ) ;
#1737 = LINE ( 'NONE', #1718, #2918 ) ;
#1738 = VECTOR ( 'NONE', #24, 1000.000000000000000 ) ;
#1739 = CARTESIAN_POINT ( 'NONE',  ( 9.026582931536074383, 8.000000000000000000, 0.09765074340124531294 ) ) ;
#1740 = AXIS2_PLACEMENT_3D ( 'NONE', #2968, #2367, #892 ) ;
#1741 = AXIS2_PLACEMENT_3D ( 'NONE', #1608, #2822, #3038 ) ;
#1742 = ORIENTED_EDGE ( 'NONE', *, *, #3048, .T. ) ;
#1743 = VERTEX_POINT ( 'NONE', #2494 ) ;
#1744 = DIRECTION ( 'NONE',  ( -0.000000000000000000, 1.000000000000000000, 0.000000000000000000 ) ) ;
#1745 = AXIS2_PLACEMENT_3D ( 'NONE', #1956, #469, #1222 ) ;
#1746 = LINE ( 'NONE', #2947, #2929 ) ;
#1747 = ORIENTED_EDGE ( 'NONE', *, *, #2628, .F. ) ;
#1748 = CARTESIAN_POINT ( 'NONE',  ( -0.2166354980930702556, 0.000000000000000000, 13.16376940935672657 ) ) ;
#1749 = CARTESIAN_POINT ( 'NONE',  ( 10.00000000000000178, 0.000000000000000000, -9.621320343559874644 ) ) ;
#1750 = VERTEX_POINT ( 'NONE', #991 ) ;
#1751 = CARTESIAN_POINT ( 'NONE',  ( -9.560660171779815641, 0.000000000000000000, 4.868272016354964649 ) ) ;
#1752 = CARTESIAN_POINT ( 'NONE',  ( -5.862068965517246433, 0.000000000000000000, 15.63793103448293031 ) ) ;
#1753 = ORIENTED_EDGE ( 'NONE', *, *, #2234, .T. ) ;
#1754 = CARTESIAN_POINT ( 'NONE',  ( -9.560660171779815641, 8.000000000000000000, 4.868272016354964649 ) ) ;
#1755 = CARTESIAN_POINT ( 'NONE',  ( 6.378679656440332302, 0.000000000000000000, 31.50000000000001421 ) ) ;
#1756 = EDGE_CURVE ( 'NONE', #1910, #2862, #1746, .T. ) ;
#1757 = EDGE_CURVE ( 'NONE', #2794, #3064, #3002, .T. ) ;
#1758 = ORIENTED_EDGE ( 'NONE', *, *, #220, .T. ) ;
#1759 = VERTEX_POINT ( 'NONE', #273 ) ;
#1760 = CARTESIAN_POINT ( 'NONE',  ( 8.500000000000001776, 0.000000000000000000, -15.80756783799784237 ) ) ;
#1761 = CARTESIAN_POINT ( 'NONE',  ( 678.1814109285293171, 880.3965678435096152, 1309.517811819461031 ) ) ;
#1762 = CARTESIAN_POINT ( 'NONE',  ( 4.999999999999986677, 0.000000000000000000, -26.00000000000001776 ) ) ;
#1763 = VERTEX_POINT ( 'NONE', #2458 ) ;
#1764 = CARTESIAN_POINT ( 'NONE',  ( -0.2166354980930702556, 8.000000000000000000, 13.16376940935672657 ) ) ;
#1765 = DIRECTION ( 'NONE',  ( 0.000000000000000000, 0.000000000000000000, 1.000000000000000000 ) ) ;
#1766 = ORIENTED_EDGE ( 'NONE', *, *, #982, .F. ) ;
#1767 = LINE ( 'NONE', #729, #176 ) ;
#1768 = DIRECTION ( 'NONE',  ( -1.000000000000000000, 0.000000000000000000, 8.673617379884036705E-17 ) ) ;
#1769 = CYLINDRICAL_SURFACE ( 'NONE', #895, 1.499999999999999556 ) ;
#1770 = FACE_OUTER_BOUND ( 'NONE', #1791, .T. ) ;
#1771 = ORIENTED_EDGE ( 'NONE', *, *, #560, .T. ) ;
#1772 = DIRECTION ( 'NONE',  ( 0.000000000000000000, 0.000000000000000000, -1.000000000000000000 ) ) ;
#1773 = CARTESIAN_POINT ( 'NONE',  ( 3.058495957738505133, 8.000000000000000000, -24.50000000000001421 ) ) ;
#1774 = AXIS2_PLACEMENT_3D ( 'NONE', #2147, #175, #1385 ) ;
#1775 = ORIENTED_EDGE ( 'NONE', *, *, #1040, .T. ) ;
#1776 = AXIS2_PLACEMENT_3D ( 'NONE', #2173, #665, #1673 ) ;
#1777 = CARTESIAN_POINT ( 'NONE',  ( -6.079005644279637188, 0.000000000000000000, 16.46952163640542821 ) ) ;
#1778 = VECTOR ( 'NONE', #3033, 1000.000000000000000 ) ;
#1779 = AXIS2_PLACEMENT_3D ( 'NONE', #2452, #2712, #3217 ) ;
#1780 = ORIENTED_EDGE ( 'NONE', *, *, #648, .F. ) ;
#1781 = CARTESIAN_POINT ( 'NONE',  ( 5.000000000000006217, 2.000000000000000000, 48.50000000000000711 ) ) ;
#1782 = AXIS2_PLACEMENT_3D ( 'NONE', #787, #1801, #1498 ) ;
#1783 = DIRECTION ( 'NONE',  ( -1.000000000000000000, 0.000000000000000000, 0.000000000000000000 ) ) ;
#1784 = DIRECTION ( 'NONE',  ( 0.000000000000000000, 0.000000000000000000, -1.000000000000000000 ) ) ;
#1785 = DIRECTION ( 'NONE',  ( 0.000000000000000000, 0.000000000000000000, -1.000000000000000000 ) ) ;
#1786 = CARTESIAN_POINT ( 'NONE',  ( 0.000000000000000000, -4.000000000000000000, 0.000000000000000000 ) ) ;
#1787 = AXIS2_PLACEMENT_3D ( 'NONE', #333, #642, #2625 ) ;
#1788 = EDGE_CURVE ( 'NONE', #1856, #2190, #1999, .T. ) ;
#1789 = DIRECTION ( 'NONE',  ( 0.000000000000000000, 0.000000000000000000, 1.000000000000000000 ) ) ;
#1790 = VECTOR ( 'NONE', #1544, 1000.000000000000000 ) ;
#1791 = EDGE_LOOP ( 'NONE', ( #1656, #1984, #946, #3091 ) ) ;
#1792 = DIRECTION ( 'NONE',  ( -1.000000000000000000, -0.000000000000000000, -0.000000000000000000 ) ) ;
#1793 = CIRCLE ( 'NONE', #1691, 4.677034015456362326 ) ;
#1794 = ORIENTED_EDGE ( 'NONE', *, *, #1343, .F. ) ;
#1795 = CIRCLE ( 'NONE', #1051, 1.000000000000000000 ) ;
#1796 = ORIENTED_EDGE ( 'NONE', *, *, #964, .T. ) ;
#1797 = CYLINDRICAL_SURFACE ( 'NONE', #1365, 1.500000000000001332 ) ;
#1798 = EDGE_CURVE ( 'NONE', #2443, #1312, #1206, .T. ) ;
#1799 = ORIENTED_EDGE ( 'NONE', *, *, #3016, .F. ) ;
#1800 = DIRECTION ( 'NONE',  ( 0.000000000000000000, 1.000000000000000000, 0.000000000000000000 ) ) ;
#1801 = DIRECTION ( 'NONE',  ( 1.000000000000000000, -0.000000000000000000, 1.224646799147353207E-16 ) ) ;
#1802 = DIRECTION ( 'NONE',  ( -0.000000000000000000, 1.000000000000000000, -0.000000000000000000 ) ) ;
#1803 = CARTESIAN_POINT ( 'NONE',  ( 9.465922759756258742, 8.000000000000000000, 0.5369905716214249392 ) ) ;
#1804 = CARTESIAN_POINT ( 'NONE',  ( 13.99999999999999467, 8.000000000000000000, -18.96008581238607960 ) ) ;
#1805 = DIRECTION ( 'NONE',  ( 0.000000000000000000, 0.000000000000000000, -1.000000000000000000 ) ) ;
#1806 = ORIENTED_EDGE ( 'NONE', *, *, #28, .F. ) ;
#1807 = EDGE_CURVE ( 'NONE', #2025, #399, #2004, .T. ) ;
#1808 = CARTESIAN_POINT ( 'NONE',  ( -3.200000000000001510, 4.000000000000000000, 0.000000000000000000 ) ) ;
#1809 =( NAMED_UNIT ( * ) SI_UNIT ( $, .STERADIAN. ) SOLID_ANGLE_UNIT ( ) );
#1810 = VERTEX_POINT ( 'NONE', #1479 ) ;
#1811 = CARTESIAN_POINT ( 'NONE',  ( -15.00000000000000888, 4.000000000000000000, 45.50000000000001421 ) ) ;
#1812 = EDGE_CURVE ( 'NONE', #1810, #1318, #1503, .T. ) ;
#1813 = PRODUCT_DEFINITION_CONTEXT ( 'detailed design', #3037, 'design' ) ;
#1814 = ORIENTED_EDGE ( 'NONE', *, *, #2504, .F. ) ;
#1815 = CARTESIAN_POINT ( 'NONE',  ( -7.226634688368153370, 8.000000000000000000, -48.49999999999999289 ) ) ;
#1816 = DIRECTION ( 'NONE',  ( 0.000000000000000000, 0.000000000000000000, 1.000000000000000000 ) ) ;
#1817 = EDGE_CURVE ( 'NONE', #572, #606, #2551, .T. ) ;
#1818 = EDGE_CURVE ( 'NONE', #608, #2552, #2873, .T. ) ;
#1819 = FACE_BOUND ( 'NONE', #562, .T. ) ;
#1820 = ORIENTED_EDGE ( 'NONE', *, *, #2387, .T. ) ;
#1821 = DIRECTION ( 'NONE',  ( 0.000000000000000000, -1.000000000000000000, 0.000000000000000000 ) ) ;
#1822 = LINE ( 'NONE', #1841, #1481 ) ;
#1823 = FACE_BOUND ( 'NONE', #773, .T. ) ;
#1824 = EDGE_LOOP ( 'NONE', ( #1696, #1454, #2620, #856 ) ) ;
#1825 = DIRECTION ( 'NONE',  ( 0.000000000000000000, 0.000000000000000000, 1.000000000000000000 ) ) ;
#1826 = PRODUCT_CONTEXT ( 'NONE', #3100, 'mechanical' ) ;
#1827 = ORIENTED_EDGE ( 'NONE', *, *, #982, .T. ) ;
#1828 = EDGE_LOOP ( 'NONE', ( #2227, #1766, #1260, #3050 ) ) ;
#1829 = EDGE_CURVE ( 'NONE', #1012, #572, #745, .T. ) ;
#1830 = CARTESIAN_POINT ( 'NONE',  ( 7.048574091404735675, 8.000000000000000000, -14.68620068371834364 ) ) ;
#1831 = CARTESIAN_POINT ( 'NONE',  ( 0.04531669336999694098, 0.000000000000000000, -15.95468330663014278 ) ) ;
#1832 = AXIS2_PLACEMENT_3D ( 'NONE', #208, #2212, #1765 ) ;
#1833 = VECTOR ( 'NONE', #2224, 1000.000000000000000 ) ;
#1834 = VERTEX_POINT ( 'NONE', #1983 ) ;
#1835 = CARTESIAN_POINT ( 'NONE',  ( -15.00000000000000888, 4.000000000000000000, 45.50000000000001421 ) ) ;
#1836 = DIRECTION ( 'NONE',  ( 0.000000000000000000, 0.000000000000000000, 1.000000000000000000 ) ) ;
#1837 = ORIENTED_EDGE ( 'NONE', *, *, #591, .T. ) ;
#1838 = PLANE ( 'NONE',  #3067 ) ;
#1839 = DIRECTION ( 'NONE',  ( 0.000000000000000000, -1.000000000000000000, 0.000000000000000000 ) ) ;
#1840 = TOROIDAL_SURFACE ( 'NONE', #3175, 5.556990715552314164, 1.000000000000000000 ) ;
#1841 = CARTESIAN_POINT ( 'NONE',  ( 0.000000000000000000, -4.000000000000000000, 1.750000000000000000 ) ) ;
#1842 = CARTESIAN_POINT ( 'NONE',  ( 5.000000000000006217, 0.000000000000000000, 50.50000000000000711 ) ) ;
#1843 = ORIENTED_EDGE ( 'NONE', *, *, #948, .T. ) ;
#1844 = CARTESIAN_POINT ( 'NONE',  ( 0.000000000000000000, 6.524946102051303320, -42.50000000000000000 ) ) ;
#1845 = CIRCLE ( 'NONE', #371, 2.250000000000001776 ) ;
#1846 = ORIENTED_EDGE ( 'NONE', *, *, #2370, .T. ) ;
#1847 = ORIENTED_EDGE ( 'NONE', *, *, #1937, .T. ) ;
#1848 = VECTOR ( 'NONE', #2536, 1000.000000000000000 ) ;
#1849 = CIRCLE ( 'NONE', #2663, 1.000000000000000888 ) ;
#1850 = CARTESIAN_POINT ( 'NONE',  ( 20.00000599999999906, 4.000000000000000000, 1.502727392089438618 ) ) ;
#1851 = EDGE_CURVE ( 'NONE', #3039, #2356, #2446, .T. ) ;
#1852 = VECTOR ( 'NONE', #2976, 1000.000000000000000 ) ;
#1853 = ORIENTED_EDGE ( 'NONE', *, *, #1415, .T. ) ;
#1854 = AXIS2_PLACEMENT_3D ( 'NONE', #822, #2352, #2816 ) ;
#1855 = FACE_BOUND ( 'NONE', #759, .T. ) ;
#1856 = VERTEX_POINT ( 'NONE', #2243 ) ;
#1857 = CARTESIAN_POINT ( 'NONE',  ( -4.999999999999993783, 2.000000000000000000, 50.50000000000000711 ) ) ;
#1858 = LINE ( 'NONE', #1083, #2700 ) ;
#1859 = DIRECTION ( 'NONE',  ( -0.000000000000000000, 1.000000000000000000, -0.000000000000000000 ) ) ;
#1860 = LINE ( 'NONE', #2068, #52 ) ;
#1861 = EDGE_LOOP ( 'NONE', ( #2639, #1780, #2621, #2197 ) ) ;
#1862 = EDGE_CURVE ( 'NONE', #485, #2262, #535, .T. ) ;
#1863 = DIRECTION ( 'NONE',  ( -1.000000000000000000, 0.000000000000000000, -0.000000000000000000 ) ) ;
#1864 = ADVANCED_FACE ( 'NONE', ( #1285 ), #38, .F. ) ;
#1865 = ORIENTED_EDGE ( 'NONE', *, *, #298, .T. ) ;
#1866 = CARTESIAN_POINT ( 'NONE',  ( 20.00001199999999812, 3.243197963020502339, -1.313062740614824309 ) ) ;
#1867 = ORIENTED_EDGE ( 'NONE', *, *, #3123, .F. ) ;
#1868 = CARTESIAN_POINT ( 'NONE',  ( 0.2166354980930755014, 0.000000000000000000, -7.663769409356748774 ) ) ;
#1869 = ORIENTED_EDGE ( 'NONE', *, *, #2505, .F. ) ;
#1870 = DIRECTION ( 'NONE',  ( 0.000000000000000000, 0.000000000000000000, 1.000000000000000000 ) ) ;
#1871 = CARTESIAN_POINT ( 'NONE',  ( -7.477541933972236876, 2.000000000000000000, -50.49999999999999289 ) ) ;
#1872 = LINE ( 'NONE', #2849, #2440 ) ;
#1873 = CARTESIAN_POINT ( 'NONE',  ( -6.250324449002715888, 0.000000000000000000, 8.178607739132031540 ) ) ;
#1874 = ORIENTED_EDGE ( 'NONE', *, *, #530, .T. ) ;
#1875 = LINE ( 'NONE', #2601, #523 ) ;
#1876 = ORIENTED_EDGE ( 'NONE', *, *, #1974, .F. ) ;
#1877 = EDGE_CURVE ( 'NONE', #477, #2239, #973, .T. ) ;
#1878 = ORIENTED_EDGE ( 'NONE', *, *, #1596, .T. ) ;
#1879 = CARTESIAN_POINT ( 'NONE',  ( 20.00001199999999812, 3.076503810174982867, 1.201681268617414977 ) ) ;
#1880 = DIRECTION ( 'NONE',  ( 8.673617379884035472E-17, 0.000000000000000000, 1.000000000000000000 ) ) ;
#1881 = VERTEX_POINT ( 'NONE', #587 ) ;
#1882 = DIRECTION ( 'NONE',  ( 0.000000000000000000, 0.000000000000000000, 1.000000000000000000 ) ) ;
#1883 = ORIENTED_EDGE ( 'NONE', *, *, #2387, .F. ) ;
#1884 = EDGE_LOOP ( 'NONE', ( #851, #1196 ) ) ;
#1885 = DIRECTION ( 'NONE',  ( -0.000000000000000000, -1.000000000000000000, -0.000000000000000000 ) ) ;
#1886 = FACE_BOUND ( 'NONE', #3101, .T. ) ;
#1887 = DIRECTION ( 'NONE',  ( 0.000000000000000000, 1.000000000000000000, 0.000000000000000000 ) ) ;
#1888 = VECTOR ( 'NONE', #2594, 1000.000000000000000 ) ;
#1889 = EDGE_CURVE ( 'NONE', #460, #97, #1557, .T. ) ;
#1890 = CARTESIAN_POINT ( 'NONE',  ( -14.99999999999999467, 2.000000000000000000, 48.50000000000000711 ) ) ;
#1891 = ORIENTED_EDGE ( 'NONE', *, *, #2434, .F. ) ;
#1892 = MECHANICAL_DESIGN_GEOMETRIC_PRESENTATION_REPRESENTATION (  '', ( #3170 ), #2280 ) ;
#1893 = CARTESIAN_POINT ( 'NONE',  ( 0.000000000000000000, 7.000000000000000000, -42.50000000000000000 ) ) ;
#1894 = ORIENTED_EDGE ( 'NONE', *, *, #1974, .T. ) ;
#1895 = LINE ( 'NONE', #1652, #2101 ) ;
#1896 = DIRECTION ( 'NONE',  ( 0.000000000000000000, 0.000000000000000000, 1.000000000000000000 ) ) ;
#1897 = CARTESIAN_POINT ( 'NONE',  ( -15.00000000000000711, 8.000000000000000000, 0.000000000000000000 ) ) ;
#1898 = AXIS2_PLACEMENT_3D ( 'NONE', #1842, #3073, #1625 ) ;
#1899 = EDGE_CURVE ( 'NONE', #1533, #1063, #1428, .T. ) ;
#1900 = EDGE_LOOP ( 'NONE', ( #2033, #1837, #422, #3202, #2807, #145, #3086, #2667, #1099 ) ) ;
#1901 = CIRCLE ( 'NONE', #840, 5.315072906367325878 ) ;
#1902 = ADVANCED_FACE ( 'NONE', ( #2080 ), #1072, .F. ) ;
#1903 = DIRECTION ( 'NONE',  ( -0.000000000000000000, 1.000000000000000000, -0.000000000000000000 ) ) ;
#1904 = VECTOR ( 'NONE', #1591, 1000.000000000000000 ) ;
#1905 = VECTOR ( 'NONE', #352, 1000.000000000000000 ) ;
#1906 = EDGE_LOOP ( 'NONE', ( #984, #552, #1504, #1661 ) ) ;
#1907 = CARTESIAN_POINT ( 'NONE',  ( 7.759376933987677027, 8.000012000000001677, -35.79815547402685638 ) ) ;
#1908 = FACE_OUTER_BOUND ( 'NONE', #2681, .T. ) ;
#1909 = CYLINDRICAL_SURFACE ( 'NONE', #2034, 2.000000000000001776 ) ;
#1910 = VERTEX_POINT ( 'NONE', #62 ) ;
#1911 = DIRECTION ( 'NONE',  ( -8.673617379884027583E-16, 0.000000000000000000, 1.000000000000000000 ) ) ;
#1912 = ORIENTED_EDGE ( 'NONE', *, *, #2954, .F. ) ;
#1913 = DIRECTION ( 'NONE',  ( -1.224646799147353207E-16, 0.000000000000000000, 1.000000000000000000 ) ) ;
#1914 = CARTESIAN_POINT ( 'NONE',  ( -12.19195417979243423, 8.000012000000001677, -23.60329684035197317 ) ) ;
#1915 = DIRECTION ( 'NONE',  ( -0.000000000000000000, -1.000000000000000000, -0.000000000000000000 ) ) ;
#1916 = ORIENTED_EDGE ( 'NONE', *, *, #1278, .T. ) ;
#1917 = EDGE_CURVE ( 'NONE', #2001, #2161, #615, .T. ) ;
#1918 = CARTESIAN_POINT ( 'NONE',  ( 12.06774427791310877, 8.000012000000001677, -23.83523509312298216 ) ) ;
#1919 = DIRECTION ( 'NONE',  ( 0.000000000000000000, 0.000000000000000000, 1.000000000000000000 ) ) ;
#1920 = FACE_OUTER_BOUND ( 'NONE', #1215, .T. ) ;
#1921 = VERTEX_POINT ( 'NONE', #1085 ) ;
#1922 = ORIENTED_EDGE ( 'NONE', *, *, #3142, .T. ) ;
#1923 = CARTESIAN_POINT ( 'NONE',  ( 0.000000000000000000, 4.000000000000000000, -42.50000000000000000 ) ) ;
#1924 = ORIENTED_EDGE ( 'NONE', *, *, #1119, .T. ) ;
#1925 = CARTESIAN_POINT ( 'NONE',  ( 6.378679656440332302, 8.000000000000000000, 31.50000000000001421 ) ) ;
#1926 = CARTESIAN_POINT ( 'NONE',  ( -5.189664277222899358, 0.000000000000000000, 7.117947567352204352 ) ) ;
#1927 = CARTESIAN_POINT ( 'NONE',  ( 20.00001200000000168, 4.000000000000000000, 1.502727392089438618 ) ) ;
#1928 = DIRECTION ( 'NONE',  ( 0.000000000000000000, 1.000000000000000000, 0.000000000000000000 ) ) ;
#1929 = CARTESIAN_POINT ( 'NONE',  ( -8.500000000000005329, 8.000000000000000000, -15.30761184457497137 ) ) ;
#1930 = ORIENTED_EDGE ( 'NONE', *, *, #1096, .F. ) ;
#1931 = FACE_BOUND ( 'NONE', #1609, .T. ) ;
#1932 = CIRCLE ( 'NONE', #414, 4.556990715552315940 ) ;
#1933 = CARTESIAN_POINT ( 'NONE',  ( 15.00000000000000711, 6.000000000000000000, 48.50000000000000711 ) ) ;
#1934 = ORIENTED_EDGE ( 'NONE', *, *, #863, .T. ) ;
#1935 = ADVANCED_FACE ( 'NONE', ( #847 ), #1379, .F. ) ;
#1936 = DIRECTION ( 'NONE',  ( 0.000000000000000000, 0.000000000000000000, 1.000000000000000000 ) ) ;
#1937 = EDGE_CURVE ( 'NONE', #2676, #2520, #1301, .T. ) ;
#1938 = ORIENTED_EDGE ( 'NONE', *, *, #1674, .T. ) ;
#1939 = DIRECTION ( 'NONE',  ( 1.000000000000000000, -0.000000000000000000, -1.084202172485504557E-16 ) ) ;
#1940 = CARTESIAN_POINT ( 'NONE',  ( 16.00000000000000355, 8.000000000000000000, 18.91421356237311358 ) ) ;
#1941 = DIRECTION ( 'NONE',  ( 0.000000000000000000, 1.000000000000000000, 0.000000000000000000 ) ) ;
#1942 = AXIS2_PLACEMENT_3D ( 'NONE', #2208, #954, #2018 ) ;
#1943 = CIRCLE ( 'NONE', #2291, 5.556990715552316829 ) ;
#1944 = AXIS2_PLACEMENT_3D ( 'NONE', #883, #72, #1052 ) ;
#1945 = FACE_OUTER_BOUND ( 'NONE', #1361, .T. ) ;
#1946 = ORIENTED_EDGE ( 'NONE', *, *, #2106, .T. ) ;
#1947 = VECTOR ( 'NONE', #2922, 1000.000000000000114 ) ;
#1948 = VECTOR ( 'NONE', #340, 1000.000000000000000 ) ;
#1949 = FACE_OUTER_BOUND ( 'NONE', #2892, .T. ) ;
#1950 = AXIS2_PLACEMENT_3D ( 'NONE', #2428, #167, #2654 ) ;
#1951 = DIRECTION ( 'NONE',  ( 0.000000000000000000, 0.000000000000000000, -1.000000000000000000 ) ) ;
#1952 = ORIENTED_EDGE ( 'NONE', *, *, #1667, .F. ) ;
#1953 = DIRECTION ( 'NONE',  ( 0.000000000000000000, 0.000000000000000000, -1.000000000000000000 ) ) ;
#1954 = VERTEX_POINT ( 'NONE', #2550 ) ;
#1955 = ADVANCED_FACE ( 'NONE', ( #1060 ), #2049, .F. ) ;
#1956 = CARTESIAN_POINT ( 'NONE',  ( 0.000000000000000000, 4.000000000000000000, -42.50000000000000000 ) ) ;
#1957 = SPHERICAL_SURFACE ( 'NONE', #945, 5.122499389946279180 ) ;
#1958 = DIRECTION ( 'NONE',  ( 0.7071067811865512365, 0.000000000000000000, 0.7071067811865439090 ) ) ;
#1959 = VERTEX_POINT ( 'NONE', #325 ) ;
#1960 = CARTESIAN_POINT ( 'NONE',  ( -4.999999999999993783, 8.000000000000000000, 50.50000000000000711 ) ) ;
#1961 = CARTESIAN_POINT ( 'NONE',  ( 0.000000000000000000, 4.000000000000000000, -42.50000000000000000 ) ) ;
#1962 = EDGE_CURVE ( 'NONE', #210, #3147, #1860, .T. ) ;
#1963 = ORIENTED_EDGE ( 'NONE', *, *, #1812, .T. ) ;
#1964 = VERTEX_POINT ( 'NONE', #793 ) ;
#1965 = FACE_OUTER_BOUND ( 'NONE', #495, .T. ) ;
#1966 = CARTESIAN_POINT ( 'NONE',  ( 16.00000000000000355, 8.000000000000000000, 18.91421356237311358 ) ) ;
#1967 = ADVANCED_FACE ( 'NONE', ( #2311, #826 ), #2836, .F. ) ;
#1968 = VERTEX_POINT ( 'NONE', #2112 ) ;
#1969 = CARTESIAN_POINT ( 'NONE',  ( 5.000000000000006217, 3.000000000000000000, 35.50000000000000711 ) ) ;
#1970 = EDGE_CURVE ( 'NONE', #1954, #2574, #3130, .T. ) ;
#1971 = DIRECTION ( 'NONE',  ( 0.000000000000000000, -1.000000000000000000, 0.000000000000000000 ) ) ;
#1972 = LINE ( 'NONE', #1177, #627 ) ;
#1973 = DIRECTION ( 'NONE',  ( -0.7071067811865513475, 0.000000000000000000, -0.7071067811865436870 ) ) ;
#1974 = EDGE_CURVE ( 'NONE', #2071, #645, #1593, .T. ) ;
#1975 = CARTESIAN_POINT ( 'NONE',  ( 20.00001200000000523, 4.196706555639014624, -1.502727392089417524 ) ) ;
#1976 = ORIENTED_EDGE ( 'NONE', *, *, #1122, .F. ) ;
#1977 = CARTESIAN_POINT ( 'NONE',  ( 3.058495957738504689, 8.000000000000000000, -26.00000000000001776 ) ) ;
#1978 = ADVANCED_FACE ( 'NONE', ( #1823, #2567, #96, #2850, #2802, #860, #2580, #1356 ), #114, .F. ) ;
#1979 = DIRECTION ( 'NONE',  ( -1.224646799147352221E-16, 0.000000000000000000, 1.000000000000000000 ) ) ;
#1980 = ORIENTED_EDGE ( 'NONE', *, *, #1818, .F. ) ;
#1981 = ORIENTED_EDGE ( 'NONE', *, *, #244, .F. ) ;
#1982 = DIRECTION ( 'NONE',  ( 0.000000000000000000, -1.000000000000000000, 0.000000000000000000 ) ) ;
#1983 = CARTESIAN_POINT ( 'NONE',  ( -4.999999999999993783, 8.000000000000000000, 48.50000000000000711 ) ) ;
#1984 = ORIENTED_EDGE ( 'NONE', *, *, #2287, .T. ) ;
#1985 = AXIS2_PLACEMENT_3D ( 'NONE', #727, #2714, #479 ) ;
#1986 = FACE_BOUND ( 'NONE', #1884, .T. ) ;
#1987 = CARTESIAN_POINT ( 'NONE',  ( 4.999999999999986677, 0.000000000000000000, -26.00000000000001776 ) ) ;
#1988 = CARTESIAN_POINT ( 'NONE',  ( -15.00000000000000888, 4.000000000000000000, 47.75000000000001421 ) ) ;
#1989 = AXIS2_PLACEMENT_3D ( 'NONE', #266, #2061, #750 ) ;
#1990 = CARTESIAN_POINT ( 'NONE',  ( 20.00001200000000168, 4.196706555639011960, 1.502727392089439062 ) ) ;
#1991 = EDGE_CURVE ( 'NONE', #1611, #2844, #550, .T. ) ;
#1992 = ORIENTED_EDGE ( 'NONE', *, *, #2422, .F. ) ;
#1993 = LINE ( 'NONE', #31, #500 ) ;
#1994 = ADVANCED_FACE ( 'NONE', ( #402 ), #699, .T. ) ;
#1995 = AXIS2_PLACEMENT_3D ( 'NONE', #2871, #3109, #394 ) ;
#1996 = EDGE_CURVE ( 'NONE', #399, #2676, #1849, .T. ) ;
#1997 = CARTESIAN_POINT ( 'NONE',  ( 5.000000000000006217, 4.000000000000000000, 47.75000000000001421 ) ) ;
#1998 = AXIS2_PLACEMENT_3D ( 'NONE', #541, #2058, #1535 ) ;
#1999 = CIRCLE ( 'NONE', #2102, 5.556990715552316829 ) ;
#2000 = ORIENTED_EDGE ( 'NONE', *, *, #1807, .T. ) ;
#2001 = VERTEX_POINT ( 'NONE', #925 ) ;
#2002 = DIRECTION ( 'NONE',  ( 0.000000000000000000, 1.000000000000000000, -0.000000000000000000 ) ) ;
#2003 = CIRCLE ( 'NONE', #3186, 4.677034015456362326 ) ;
#2004 = LINE ( 'NONE', #2750, #1636 ) ;
#2005 = ORIENTED_EDGE ( 'NONE', *, *, #2223, .T. ) ;
#2006 = ORIENTED_EDGE ( 'NONE', *, *, #2273, .T. ) ;
#2007 = DIRECTION ( 'NONE',  ( -0.000000000000000000, -1.000000000000000000, -0.000000000000000000 ) ) ;
#2008 = FACE_OUTER_BOUND ( 'NONE', #2312, .T. ) ;
#2009 = DIRECTION ( 'NONE',  ( 0.000000000000000000, -1.000000000000000000, 0.000000000000000000 ) ) ;
#2010 = ORIENTED_EDGE ( 'NONE', *, *, #514, .T. ) ;
#2011 = ADVANCED_FACE ( 'NONE', ( #2669 ), #1909, .T. ) ;
#2012 = CARTESIAN_POINT ( 'NONE',  ( -4.999999999999993783, 8.000000000000000000, 38.50000000000000711 ) ) ;
#2013 = DIRECTION ( 'NONE',  ( 1.000000000000000000, -0.000000000000000000, -1.084202172485504557E-16 ) ) ;
#2014 = FILL_AREA_STYLE ('',( #2309 ) ) ;
#2015 = CARTESIAN_POINT ( 'NONE',  ( 14.99999999999999645, 0.000000000000000000, -18.96008581238608315 ) ) ;
#2016 = DIRECTION ( 'NONE',  ( 0.000000000000000000, 0.000000000000000000, 1.000000000000000000 ) ) ;
#2017 = ORIENTED_EDGE ( 'NONE', *, *, #1996, .F. ) ;
#2018 = DIRECTION ( 'NONE',  ( 0.000000000000000000, 0.000000000000000000, -1.000000000000000000 ) ) ;
#2019 = EDGE_LOOP ( 'NONE', ( #2718, #1775, #2824, #1050 ) ) ;
#2020 = CYLINDRICAL_SURFACE ( 'NONE', #1253, 42.78371229493291850 ) ;
#2021 = ADVANCED_FACE ( 'NONE', ( #1395 ), #2384, .F. ) ;
#2022 = VERTEX_POINT ( 'NONE', #652 ) ;
#2023 = DIRECTION ( 'NONE',  ( 0.7071067811865515695, 0.000000000000000000, 0.7071067811865435759 ) ) ;
#2024 = DIRECTION ( 'NONE',  ( 0.000000000000000000, 0.000000000000000000, 1.000000000000000000 ) ) ;
#2025 = VERTEX_POINT ( 'NONE', #1156 ) ;
#2026 = LINE ( 'NONE', #2746, #2331 ) ;
#2027 = CARTESIAN_POINT ( 'NONE',  ( -10.00000000000001243, 0.000000000000000000, -26.00000000000001421 ) ) ;
#2028 = DIRECTION ( 'NONE',  ( -1.000000000000000000, 0.000000000000000000, -0.000000000000000000 ) ) ;
#2029 = ORIENTED_EDGE ( 'NONE', *, *, #1119, .F. ) ;
#2030 = EDGE_CURVE ( 'NONE', #2321, #2785, #449, .T. ) ;
#2031 = SURFACE_SIDE_STYLE ('',( #243 ) ) ;
#2032 = PRODUCT_CONTEXT ( 'NONE', #2267, 'mechanical' ) ;
#2033 = ORIENTED_EDGE ( 'NONE', *, *, #1602, .T. ) ;
#2034 = AXIS2_PLACEMENT_3D ( 'NONE', #3146, #2125, #2369 ) ;
#2035 = CARTESIAN_POINT ( 'NONE',  ( 10.00000000000000178, 0.000000000000000000, -14.30756783799784060 ) ) ;
#2036 = CIRCLE ( 'NONE', #3004, 5.122499389946279180 ) ;
#2037 = AXIS2_PLACEMENT_3D ( 'NONE', #2484, #1315, #2741 ) ;
#2038 = ORIENTED_EDGE ( 'NONE', *, *, #2364, .F. ) ;
#2039 = CARTESIAN_POINT ( 'NONE',  ( 5.000000000000006217, 0.000000000000000000, 48.50000000000000711 ) ) ;
#2040 = LINE ( 'NONE', #529, #2652 ) ;
#2041 = CYLINDRICAL_SURFACE ( 'NONE', #1192, 2.000000000000001776 ) ;
#2042 = ORIENTED_EDGE ( 'NONE', *, *, #1851, .F. ) ;
#2043 = ADVANCED_FACE ( 'NONE', ( #1172 ), #144, .F. ) ;
#2044 = PLANE ( 'NONE',  #1686 ) ;
#2045 = VECTOR ( 'NONE', #1702, 1000.000000000000114 ) ;
#2046 = CARTESIAN_POINT ( 'NONE',  ( 0.000000000000000000, -4.000000000000000000, 0.000000000000000000 ) ) ;
#2047 = DIRECTION ( 'NONE',  ( 0.000000000000000000, 0.000000000000000000, 1.000000000000000000 ) ) ;
#2048 = AXIS2_PLACEMENT_3D ( 'NONE', #976, #2937, #2206 ) ;
#2049 = CYLINDRICAL_SURFACE ( 'NONE', #3187, 1.500000000000001332 ) ;
#2050 = VECTOR ( 'NONE', #2622, 1000.000000000000000 ) ;
#2051 = VERTEX_POINT ( 'NONE', #1445 ) ;
#2052 = CARTESIAN_POINT ( 'NONE',  ( 15.00000000000000533, 4.000000000000000000, 43.25000000000001421 ) ) ;
#2053 = AXIS2_PLACEMENT_3D ( 'NONE', #971, #2226, #3021 ) ;
#2054 = ORIENTED_EDGE ( 'NONE', *, *, #492, .T. ) ;
#2055 = VECTOR ( 'NONE', #1859, 1000.000000000000000 ) ;
#2056 = ORIENTED_EDGE ( 'NONE', *, *, #1829, .F. ) ;
#2057 = EDGE_CURVE ( 'NONE', #572, #1964, #1694, .T. ) ;
#2058 = DIRECTION ( 'NONE',  ( -1.000000000000000000, 0.000000000000000000, 8.673617379884036705E-17 ) ) ;
#2059 = ORIENTED_EDGE ( 'NONE', *, *, #2778, .F. ) ;
#2060 = DIRECTION ( 'NONE',  ( 0.000000000000000000, 0.000000000000000000, -1.000000000000000000 ) ) ;
#2061 = DIRECTION ( 'NONE',  ( 0.000000000000000000, -1.000000000000000000, 0.000000000000000000 ) ) ;
#2062 = CARTESIAN_POINT ( 'NONE',  ( 15.29289321881345565, 8.000000000000000000, 18.20710678118655679 ) ) ;
#2063 = EDGE_LOOP ( 'NONE', ( #1548, #2495, #1268, #1015 ) ) ;
#2064 = DIRECTION ( 'NONE',  ( 0.000000000000000000, -1.000000000000000000, 0.000000000000000000 ) ) ;
#2065 = DIRECTION ( 'NONE',  ( -1.000000000000000000, 0.000000000000000000, -0.000000000000000000 ) ) ;
#2066 = CARTESIAN_POINT ( 'NONE',  ( 7.282168718313720035, 0.06345703836014038313, -49.01641747726121423 ) ) ;
#2067 = ADVANCED_FACE ( 'NONE', ( #1920 ), #2902, .F. ) ;
#2068 = CARTESIAN_POINT ( 'NONE',  ( -10.00000000000000000, 0.000000000000000000, 3.807611844575137905 ) ) ;
#2069 = EDGE_LOOP ( 'NONE', ( #2235, #827, #1173, #336 ) ) ;
#2070 = DIRECTION ( 'NONE',  ( 0.000000000000000000, 0.000000000000000000, -1.000000000000000000 ) ) ;
#2071 = VERTEX_POINT ( 'NONE', #682 ) ;
#2072 = ORIENTED_EDGE ( 'NONE', *, *, #2797, .F. ) ;
#2073 = CARTESIAN_POINT ( 'NONE',  ( -3.058495957738506021, 0.000000000000000000, 30.00000000000000711 ) ) ;
#2074 = ORIENTED_EDGE ( 'NONE', *, *, #874, .F. ) ;
#2075 = DIRECTION ( 'NONE',  ( 0.000000000000000000, 0.000000000000000000, 1.000000000000000000 ) ) ;
#2076 = CARTESIAN_POINT ( 'NONE',  ( -4.999999999999993783, 0.000000000000000000, 50.50000000000000711 ) ) ;
#2077 = LINE ( 'NONE', #1803, #1905 ) ;
#2078 = SURFACE_STYLE_USAGE ( .BOTH. , #1501 ) ;
#2079 = DIRECTION ( 'NONE',  ( 0.000000000000000000, -1.000000000000000000, 0.000000000000000000 ) ) ;
#2080 = FACE_OUTER_BOUND ( 'NONE', #211, .T. ) ;
#2081 = ORIENTED_EDGE ( 'NONE', *, *, #1386, .T. ) ;
#2082 = EDGE_CURVE ( 'NONE', #2447, #1921, #878, .T. ) ;
#2083 = CARTESIAN_POINT ( 'NONE',  ( 0.2166354980930755014, 8.000000000000000000, -7.663769409356748774 ) ) ;
#2084 = ORIENTED_EDGE ( 'NONE', *, *, #1510, .F. ) ;
#2085 = DIRECTION ( 'NONE',  ( -8.673617379884035472E-17, 1.224646799147351482E-16, -1.000000000000000000 ) ) ;
#2086 = ADVANCED_FACE ( 'NONE', ( #419 ), #3160, .T. ) ;
#2087 = AXIS2_PLACEMENT_3D ( 'NONE', #3229, #997, #201 ) ;
#2088 = EDGE_LOOP ( 'NONE', ( #2054, #393, #573, #1794 ) ) ;
#2089 = CIRCLE ( 'NONE', #308, 2.000000000000001776 ) ;
#2090 = CARTESIAN_POINT ( 'NONE',  ( -7.530431552874902401, 8.000000000000000000, 16.09088879068492517 ) ) ;
#2091 = B_SPLINE_CURVE_WITH_KNOTS ( 'NONE', 3,
 ( #720, #1975, #2154, #1496, #386, #649, #2722, #2953, #1114, #1657, #1393, #474, #2707, #417, #2122, #3214, #1990, #1484 ),
 .UNSPECIFIED., .F., .F.,
 ( 4, 2, 2, 2, 2, 2, 2, 2, 4 ),
 ( 0.000000000000000000, 0.06250000000000001388, 0.1250000000000000278, 0.1875000000000000000, 0.2500000000000000000, 0.3125000000000000000, 0.3749999999999999445, 0.4375000000000000000, 0.5000000000000000000 ),
 .UNSPECIFIED. ) ;
#2092 = ORIENTED_EDGE ( 'NONE', *, *, #2523, .F. ) ;
#2093 = EDGE_CURVE ( 'NONE', #1271, #1181, #2416, .T. ) ;
#2094 = LINE ( 'NONE', #965, #2245 ) ;
#2095 = VECTOR ( 'NONE', #1958, 1000.000000000000000 ) ;
#2096 = CARTESIAN_POINT ( 'NONE',  ( 6.905262587976442212, 0.000000000000000000, 21.33419477611104398 ) ) ;
#2097 = CARTESIAN_POINT ( 'NONE',  ( -14.99999999999999467, 8.000000000000000000, 50.50000000000000711 ) ) ;
#2098 = ORIENTED_EDGE ( 'NONE', *, *, #2166, .F. ) ;
#2099 = LINE ( 'NONE', #2114, #1255 ) ;
#2100 = VECTOR ( 'NONE', #2409, 1000.000000000000000 ) ;
#2101 = VECTOR ( 'NONE', #2116, 1000.000000000000000 ) ;
#2102 = AXIS2_PLACEMENT_3D ( 'NONE', #732, #240, #493 ) ;
#2103 = CARTESIAN_POINT ( 'NONE',  ( -4.999999999999988454, 0.000000000000000000, 31.50000000000000711 ) ) ;
#2104 = AXIS2_PLACEMENT_3D ( 'NONE', #2808, #2559, #1341 ) ;
#2105 = VERTEX_POINT ( 'NONE', #2619 ) ;
#2106 = EDGE_CURVE ( 'NONE', #1024, #2844, #3174, .T. ) ;
#2107 = LINE ( 'NONE', #1068, #250 ) ;
#2108 = ORIENTED_EDGE ( 'NONE', *, *, #2106, .F. ) ;
#2109 = CARTESIAN_POINT ( 'NONE',  ( 7.253536069230901440, 8.000000000000000000, -48.76370448715203310 ) ) ;
#2110 = CYLINDRICAL_SURFACE ( 'NONE', #1142, 42.78371229493291850 ) ;
#2111 = CARTESIAN_POINT ( 'NONE',  ( 7.447529258946835817, 1.110275622764352654, -50.29594220115447456 ) ) ;
#2112 = CARTESIAN_POINT ( 'NONE',  ( 9.026582931536074383, 0.000000000000000000, 0.09765074340124531294 ) ) ;
#2113 = ORIENTED_EDGE ( 'NONE', *, *, #2250, .T. ) ;
#2114 = CARTESIAN_POINT ( 'NONE',  ( 5.000000000000006217, 8.000000000000000000, 38.50000000000000711 ) ) ;
#2115 = EDGE_LOOP ( 'NONE', ( #1946, #434, #2202, #1362, #1853, #2157, #1186 ) ) ;
#2116 = DIRECTION ( 'NONE',  ( 0.000000000000000000, -1.000000000000000000, -0.000000000000000000 ) ) ;
#2117 = DIRECTION ( 'NONE',  ( 0.000000000000000000, -1.000000000000000000, 0.000000000000000000 ) ) ;
#2118 = EDGE_CURVE ( 'NONE', #752, #3094, #2589, .T. ) ;
#2119 = ORIENTED_EDGE ( 'NONE', *, *, #3137, .F. ) ;
#2120 = LINE ( 'NONE', #1371, #1678 ) ;
#2121 = EDGE_LOOP ( 'NONE', ( #1256, #351, #1581, #1924, #1333, #2244, #85 ) ) ;
#2122 = CARTESIAN_POINT ( 'NONE',  ( 20.00001199999999812, 4.756802036979498105, 1.313062740614844959 ) ) ;
#2123 = DIRECTION ( 'NONE',  ( 0.000000000000000000, -1.000000000000000000, 0.000000000000000000 ) ) ;
#2124 = DIRECTION ( 'NONE',  ( 0.000000000000000000, 0.000000000000000000, 1.000000000000000000 ) ) ;
#2125 = DIRECTION ( 'NONE',  ( -1.000000000000000000, 0.000000000000000000, 0.000000000000000000 ) ) ;
#2126 = ORIENTED_EDGE ( 'NONE', *, *, #2568, .F. ) ;
#2127 = LINE ( 'NONE', #342, #264 ) ;
#2128 = ORIENTED_EDGE ( 'NONE', *, *, #1651, .F. ) ;
#2129 = CARTESIAN_POINT ( 'NONE',  ( 20.00001200000000168, 2.536384579623862656, -0.3933357156481355754 ) ) ;
#2130 = CARTESIAN_POINT ( 'NONE',  ( 49.79166604315376787, 0.000000000000000000, -44.17853350808720592 ) ) ;
#2131 = DIRECTION ( 'NONE',  ( 0.000000000000000000, 1.000000000000000000, 0.000000000000000000 ) ) ;
#2132 = ORIENTED_EDGE ( 'NONE', *, *, #1195, .T. ) ;
#2133 = CARTESIAN_POINT ( 'NONE',  ( -6.378679656440334078, 8.000000000000000000, -26.00000000000001421 ) ) ;
#2134 = ORIENTED_EDGE ( 'NONE', *, *, #1788, .T. ) ;
#2135 = CARTESIAN_POINT ( 'NONE',  ( 6.969282604828562100, 8.000012000000001677, -45.96390193262445223 ) ) ;
#2136 = CARTESIAN_POINT ( 'NONE',  ( -8.500000000000005329, 8.000000000000000000, -16.80761184457497137 ) ) ;
#2137 = VECTOR ( 'NONE', #90, 1000.000000000000000 ) ;
#2138 = DIRECTION ( 'NONE',  ( 0.9676172723968441414, 0.000000000000000000, 0.2524218971470016393 ) ) ;
#2139 = ORIENTED_EDGE ( 'NONE', *, *, #346, .T. ) ;
#2140 = AXIS2_PLACEMENT_3D ( 'NONE', #1541, #1266, #1785 ) ;
#2141 = EDGE_LOOP ( 'NONE', ( #205, #2315, #799, #629, #2805, #376 ) ) ;
#2142 = DIRECTION ( 'NONE',  ( 0.7071067811865426878, 0.000000000000000000, -0.7071067811865523467 ) ) ;
#2143 = ORIENTED_EDGE ( 'NONE', *, *, #1704, .F. ) ;
#2144 = DIRECTION ( 'NONE',  ( 0.000000000000000000, -1.000000000000000000, 0.000000000000000000 ) ) ;
#2145 = CARTESIAN_POINT ( 'NONE',  ( 0.000000000000000000, 0.9999999999999997780, -42.50000000000000000 ) ) ;
#2146 = DIRECTION ( 'NONE',  ( 1.224646799147352468E-16, 0.000000000000000000, -1.000000000000000000 ) ) ;
#2147 = CARTESIAN_POINT ( 'NONE',  ( -1.105976865149805866, 0.000000000000000000, 22.51534347840994599 ) ) ;
#2148 = VECTOR ( 'NONE', #410, 1000.000000000000000 ) ;
#2149 = EDGE_CURVE ( 'NONE', #1461, #2460, #2912, .T. ) ;
#2150 = AXIS2_PLACEMENT_3D ( 'NONE', #575, #1064, #1583 ) ;
#2151 = AXIS2_PLACEMENT_3D ( 'NONE', #1447, #452, #1911 ) ;
#2152 = CYLINDRICAL_SURFACE ( 'NONE', #504, 2.000000000000001776 ) ;
#2153 = CIRCLE ( 'NONE', #683, 1.500000000000000000 ) ;
#2154 = CARTESIAN_POINT ( 'NONE',  ( 20.00001200000000168, 4.393335715648148287, -1.463615420376126686 ) ) ;
#2155 = FACE_OUTER_BOUND ( 'NONE', #3075, .T. ) ;
#2156 = DIRECTION ( 'NONE',  ( 0.2524218971470016393, 0.000000000000000000, -0.9676172723968441414 ) ) ;
#2157 = ORIENTED_EDGE ( 'NONE', *, *, #1165, .T. ) ;
#2158 = ORIENTED_EDGE ( 'NONE', *, *, #3200, .T. ) ;
#2159 = DIRECTION ( 'NONE',  ( 0.000000000000000000, -1.000000000000000000, -0.000000000000000000 ) ) ;
#2160 = EDGE_CURVE ( 'NONE', #2673, #3117, #2683, .T. ) ;
#2161 = VERTEX_POINT ( 'NONE', #1005 ) ;
#2162 = VERTEX_POINT ( 'NONE', #2253 ) ;
#2163 = LINE ( 'NONE', #2658, #2602 ) ;
#2164 = FACE_OUTER_BOUND ( 'NONE', #383, .T. ) ;
#2165 = CYLINDRICAL_SURFACE ( 'NONE', #570, 1.500000000000001332 ) ;
#2166 = EDGE_CURVE ( 'NONE', #1399, #2515, #1291, .T. ) ;
#2167 = EDGE_CURVE ( 'NONE', #813, #619, #302, .T. ) ;
#2168 = DIRECTION ( 'NONE',  ( 0.000000000000000000, 0.000000000000000000, -1.000000000000000000 ) ) ;
#2169 = EDGE_CURVE ( 'NONE', #1448, #638, #2237, .T. ) ;
#2170 = ORIENTED_EDGE ( 'NONE', *, *, #1991, .T. ) ;
#2171 = LINE ( 'NONE', #1642, #2544 ) ;
#2172 = DIRECTION ( 'NONE',  ( -0.000000000000000000, 0.000000000000000000, -1.000000000000000000 ) ) ;
#2173 = CARTESIAN_POINT ( 'NONE',  ( -1.234790410502191182, 0.000000000000000000, -8.042402255077250928 ) ) ;
#2174 = CARTESIAN_POINT ( 'NONE',  ( -4.999999999999993783, 0.000000000000000000, 35.50000000000000711 ) ) ;
#2175 = ORIENTED_EDGE ( 'NONE', *, *, #66, .T. ) ;
#2176 = EDGE_CURVE ( 'NONE', #2851, #2515, #1, .T. ) ;
#2177 = DIRECTION ( 'NONE',  ( -1.000000000000000000, 0.000000000000000000, 0.000000000000000000 ) ) ;
#2178 = CARTESIAN_POINT ( 'NONE',  ( -6.966628908970880829, 8.000012000000001677, -45.93776362292953053 ) ) ;
#2179 = CARTESIAN_POINT ( 'NONE',  ( 7.965922759756259630, 0.000000000000000000, 20.27353460433121768 ) ) ;
#2180 = DIRECTION ( 'NONE',  ( 0.000000000000000000, -1.000000000000000000, 0.000000000000000000 ) ) ;
#2181 = EDGE_LOOP ( 'NONE', ( #2143, #379, #3195, #1207 ) ) ;
#2182 = CARTESIAN_POINT ( 'NONE',  ( 0.000000000000000000, 1.000000000000000000, -36.94300928444768317 ) ) ;
#2183 = AXIS2_PLACEMENT_3D ( 'NONE', #2896, #2643, #1163 ) ;
#2184 = DIRECTION ( 'NONE',  ( 0.2524218971470013617, -0.000000000000000000, -0.9676172723968442524 ) ) ;
#2185 = EDGE_CURVE ( 'NONE', #14, #928, #932, .T. ) ;
#2186 = ORIENTED_EDGE ( 'NONE', *, *, #571, .F. ) ;
#2187 = CIRCLE ( 'NONE', #3116, 1.500000000000001332 ) ;
#2188 = DIRECTION ( 'NONE',  ( 0.000000000000000000, -1.000000000000000000, 0.000000000000000000 ) ) ;
#2189 = CIRCLE ( 'NONE', #207, 1.000000000000000888 ) ;
#2190 = VERTEX_POINT ( 'NONE', #18 ) ;
#2191 = CARTESIAN_POINT ( 'NONE',  ( 1.105976865149810529, 0.000000000000000000, -17.01534347840997441 ) ) ;
#2192 = PLANE ( 'NONE',  #2435 ) ;
#2193 = LINE ( 'NONE', #2939, #2920 ) ;
#2194 =( GEOMETRIC_REPRESENTATION_CONTEXT ( 3 ) GLOBAL_UNCERTAINTY_ASSIGNED_CONTEXT ( ( #2465 ) ) GLOBAL_UNIT_ASSIGNED_CONTEXT ( ( #2247, #457, #516 ) ) REPRESENTATION_CONTEXT ( 'NONE', 'WORKASPACE' ) );
#2195 = VECTOR ( 'NONE', #2085, 1000.000000000000000 ) ;
#2196 = VECTOR ( 'NONE', #2007, 1000.000000000000000 ) ;
#2197 = ORIENTED_EDGE ( 'NONE', *, *, #3223, .F. ) ;
#2198 = CYLINDRICAL_SURFACE ( 'NONE', #1731, 1.500000000000001332 ) ;
#2199 = AXIS2_PLACEMENT_3D ( 'NONE', #3104, #1353, #301 ) ;
#2200 = CARTESIAN_POINT ( 'NONE',  ( -6.378679656440334078, 8.000000000000000000, -24.50000000000001066 ) ) ;
#2201 = ORIENTED_EDGE ( 'NONE', *, *, #223, .F. ) ;
#2202 = ORIENTED_EDGE ( 'NONE', *, *, #2461, .T. ) ;
#2203 = DIRECTION ( 'NONE',  ( 0.000000000000000000, 0.000000000000000000, 1.000000000000000000 ) ) ;
#2204 = ADVANCED_FACE ( 'NONE', ( #1017 ), #2974, .F. ) ;
#2205 = ORIENTED_EDGE ( 'NONE', *, *, #2776, .F. ) ;
#2206 = DIRECTION ( 'NONE',  ( 0.000000000000000000, 0.000000000000000000, 1.000000000000000000 ) ) ;
#2207 = FACE_OUTER_BOUND ( 'NONE', #777, .T. ) ;
#2208 = CARTESIAN_POINT ( 'NONE',  ( 6.378679656440335854, 0.000000000000000000, 30.00000000000001421 ) ) ;
#2209 = ADVANCED_BREP_SHAPE_REPRESENTATION ( '', ( #2587, #3056 ), #2911 ) ;
#2210 = ORIENTED_EDGE ( 'NONE', *, *, #1065, .F. ) ;
#2211 = DIRECTION ( 'NONE',  ( -0.000000000000000000, -0.000000000000000000, 1.000000000000000000 ) ) ;
#2212 = DIRECTION ( 'NONE',  ( -0.000000000000000000, 1.000000000000000000, -0.000000000000000000 ) ) ;
#2213 = VERTEX_POINT ( 'NONE', #1499 ) ;
#2214 = DIRECTION ( 'NONE',  ( 0.000000000000000000, 0.000000000000000000, -1.000000000000000000 ) ) ;
#2215 = DIRECTION ( 'NONE',  ( -3.614007241618349165E-15, 0.000000000000000000, 1.000000000000000000 ) ) ;
#2216 = ORIENTED_EDGE ( 'NONE', *, *, #125, .F. ) ;
#2217 = FACE_OUTER_BOUND ( 'NONE', #915, .T. ) ;
#2218 = DIRECTION ( 'NONE',  ( -0.7071067811865511255, 0.000000000000000000, -0.7071067811865440200 ) ) ;
#2219 = ADVANCED_FACE ( 'NONE', ( #2468 ), #2487, .T. ) ;
#2220 = CARTESIAN_POINT ( 'NONE',  ( -4.999999999999993783, 3.000000000000000000, 35.50000000000000711 ) ) ;
#2221 = ORIENTED_EDGE ( 'NONE', *, *, #1022, .F. ) ;
#2222 = FACE_OUTER_BOUND ( 'NONE', #1594, .T. ) ;
#2223 = EDGE_CURVE ( 'NONE', #1063, #1533, #3215, .T. ) ;
#2224 = DIRECTION ( 'NONE',  ( -0.000000000000000000, 1.000000000000000000, -0.000000000000000000 ) ) ;
#2225 = EDGE_LOOP ( 'NONE', ( #2134, #734 ) ) ;
#2226 = DIRECTION ( 'NONE',  ( 0.000000000000000000, -1.000000000000000000, 0.000000000000000000 ) ) ;
#2227 = ORIENTED_EDGE ( 'NONE', *, *, #2742, .F. ) ;
#2228 = VECTOR ( 'NONE', #1802, 1000.000000000000000 ) ;
#2229 = DIRECTION ( 'NONE',  ( 1.000000000000000000, 0.000000000000000000, -1.202283597211648440E-16 ) ) ;
#2230 = DIRECTION ( 'NONE',  ( -0.000000000000000000, -1.000000000000000000, -0.000000000000000000 ) ) ;
#2231 = EDGE_CURVE ( 'NONE', #2572, #408, #3204, .T. ) ;
#2232 = CIRCLE ( 'NONE', #98, 2.250000000000001776 ) ;
#2233 = CARTESIAN_POINT ( 'NONE',  ( 0.4335721768554647859, 8.000000000000000000, -8.495360011279245782 ) ) ;
#2234 = EDGE_CURVE ( 'NONE', #606, #331, #531, .T. ) ;
#2235 = ORIENTED_EDGE ( 'NONE', *, *, #1278, .F. ) ;
#2236 = DIRECTION ( 'NONE',  ( 0.000000000000000000, -1.000000000000000000, 0.000000000000000000 ) ) ;
#2237 = LINE ( 'NONE', #224, #2330 ) ;
#2238 = AXIS2_PLACEMENT_3D ( 'NONE', #173, #1161, #186 ) ;
#2239 = VERTEX_POINT ( 'NONE', #2696 ) ;
#2240 = LINE ( 'NONE', #2998, #2301 ) ;
#2241 = CARTESIAN_POINT ( 'NONE',  ( -2.557402773745073521, 8.000000000000000000, 22.13671063268944650 ) ) ;
#2242 = VECTOR ( 'NONE', #1598, 1000.000000000000000 ) ;
#2243 = CARTESIAN_POINT ( 'NONE',  ( 0.000000000000000000, 8.000000000000000000, -36.94300928444768317 ) ) ;
#2244 = ORIENTED_EDGE ( 'NONE', *, *, #2980, .F. ) ;
#2245 = VECTOR ( 'NONE', #400, 1000.000000000000000 ) ;
#2246 = PRESENTATION_STYLE_ASSIGNMENT (( #995 ) ) ;
#2247 =( LENGTH_UNIT ( ) NAMED_UNIT ( * ) SI_UNIT ( .MILLI., .METRE. ) );
#2248 = VERTEX_POINT ( 'NONE', #1997 ) ;
#2249 = CARTESIAN_POINT ( 'NONE',  ( 4.509921866333772122, 0.000000000000000000, -24.12136715427951472 ) ) ;
#2250 = EDGE_CURVE ( 'NONE', #798, #1910, #2279, .T. ) ;
#2251 = ORIENTED_EDGE ( 'NONE', *, *, #2843, .F. ) ;
#2252 = FACE_OUTER_BOUND ( 'NONE', #1906, .T. ) ;
#2253 = CARTESIAN_POINT ( 'NONE',  ( -6.469771381095086760, 8.000000000000000000, 15.03022861890509709 ) ) ;
#2254 = ORIENTED_EDGE ( 'NONE', *, *, #2231, .T. ) ;
#2255 = CARTESIAN_POINT ( 'NONE',  ( -2.557402773745073521, 8.000000000000000000, 22.13671063268944650 ) ) ;
#2256 = CARTESIAN_POINT ( 'NONE',  ( -4.999999999999993783, 3.000000000000000000, 38.50000000000000711 ) ) ;
#2257 = CARTESIAN_POINT ( 'NONE',  ( 0.000000000000000000, 4.000000000000000000, 0.000000000000000000 ) ) ;
#2258 = VERTEX_POINT ( 'NONE', #1246 ) ;
#2259 = EDGE_LOOP ( 'NONE', ( #494, #3112, #2098, #1289 ) ) ;
#2260 = LINE ( 'NONE', #1526, #1738 ) ;
#2261 = ORIENTED_EDGE ( 'NONE', *, *, #2318, .T. ) ;
#2262 = VERTEX_POINT ( 'NONE', #1199 ) ;
#2263 = CARTESIAN_POINT ( 'NONE',  ( -49.79166604315376787, 0.000000000000000000, -44.17853350808720592 ) ) ;
#2264 = VERTEX_POINT ( 'NONE', #2012 ) ;
#2265 = DIRECTION ( 'NONE',  ( 0.000000000000000000, 0.000000000000000000, 1.000000000000000000 ) ) ;
#2266 = CARTESIAN_POINT ( 'NONE',  ( 10.00000000000000178, 8.000000000000000000, -9.621320343559874644 ) ) ;
#2267 = APPLICATION_CONTEXT ( 'automotive_design' ) ;
#2268 = FACE_OUTER_BOUND ( 'NONE', #2934, .T. ) ;
#2269 = CARTESIAN_POINT ( 'NONE',  ( -14.99999999999999467, 8.000000000000000000, 50.50000000000000711 ) ) ;
#2270 = DIRECTION ( 'NONE',  ( 1.000000000000000000, 0.000000000000000000, 0.000000000000000000 ) ) ;
#2271 = EDGE_CURVE ( 'NONE', #2051, #1533, #2036, .T. ) ;
#2272 = CARTESIAN_POINT ( 'NONE',  ( -15.00000000000000711, 8.000000000000000000, -50.49999999999999289 ) ) ;
#2273 = EDGE_CURVE ( 'NONE', #1044, #330, #1471, .T. ) ;
#2274 = ORIENTED_EDGE ( 'NONE', *, *, #245, .T. ) ;
#2275 = DIRECTION ( 'NONE',  ( 0.000000000000000000, 0.000000000000000000, 1.000000000000000000 ) ) ;
#2276 = VERTEX_POINT ( 'NONE', #1739 ) ;
#2277 = ORIENTED_EDGE ( 'NONE', *, *, #2742, .T. ) ;
#2278 = DIRECTION ( 'NONE',  ( 0.7071067811865505703, -0.000000000000000000, -0.7071067811865444641 ) ) ;
#2279 = CIRCLE ( 'NONE', #361, 1.500000000000001332 ) ;
#2280 =( GEOMETRIC_REPRESENTATION_CONTEXT ( 3 ) GLOBAL_UNCERTAINTY_ASSIGNED_CONTEXT ( ( #1716 ) ) GLOBAL_UNIT_ASSIGNED_CONTEXT ( ( #791, #1019, #1036 ) ) REPRESENTATION_CONTEXT ( 'NONE', 'WORKASPACE' ) );
#2281 = VERTEX_POINT ( 'NONE', #968 ) ;
#2282 = DIRECTION ( 'NONE',  ( -1.000000000000000000, -0.000000000000000000, 1.202283597211648440E-16 ) ) ;
#2283 = CYLINDRICAL_SURFACE ( 'NONE', #1989, 1.499999999999999556 ) ;
#2284 = EDGE_CURVE ( 'NONE', #2372, #344, #1413, .T. ) ;
#2285 = CARTESIAN_POINT ( 'NONE',  ( 19.00000000000001776, 8.000000000000000000, -5.499999999999990230 ) ) ;
#2286 = CARTESIAN_POINT ( 'NONE',  ( 7.340184488198739921, 7.748289534348468344, -49.50546158117595041 ) ) ;
#2287 = EDGE_CURVE ( 'NONE', #802, #2022, #1487, .T. ) ;
#2288 = DIRECTION ( 'NONE',  ( -1.000000000000000000, 0.000000000000000000, -0.000000000000000000 ) ) ;
#2289 = EDGE_CURVE ( 'NONE', #330, #2572, #2697, .T. ) ;
#2290 = CARTESIAN_POINT ( 'NONE',  ( -7.325719509977656863, 7.798441622555431607, -49.38470634382479574 ) ) ;
#2291 = AXIS2_PLACEMENT_3D ( 'NONE', #1427, #2401, #1732 ) ;
#2292 = CARTESIAN_POINT ( 'NONE',  ( 0.000000000000000000, 4.000000000000000000, 0.000000000000000000 ) ) ;
#2293 = VECTOR ( 'NONE', #862, 1000.000000000000000 ) ;
#2294 = EDGE_LOOP ( 'NONE', ( #568, #2489, #2508, #104 ) ) ;
#2295 = PRODUCT_DEFINITION ( 'UNKNOWN', '', #2858, #748 ) ;
#2296 = DIRECTION ( 'NONE',  ( 0.000000000000000000, 0.000000000000000000, 1.000000000000000000 ) ) ;
#2297 = VECTOR ( 'NONE', #3222, 1000.000000000000000 ) ;
#2298 = ITEM_DEFINED_TRANSFORMATION ( 'NONE', 'NONE', #249,  #3056 ) ;
#2299 = ORIENTED_EDGE ( 'NONE', *, *, #1962, .F. ) ;
#2300 = ORIENTED_EDGE ( 'NONE', *, *, #389, .T. ) ;
#2301 = VECTOR ( 'NONE', #2745, 1000.000000000000000 ) ;
#2302 = LINE ( 'NONE', #760, #107 ) ;
#2303 = ORIENTED_EDGE ( 'NONE', *, *, #1962, .T. ) ;
#2304 = DIRECTION ( 'NONE',  ( 0.000000000000000000, 1.000000000000000000, 0.000000000000000000 ) ) ;
#2305 = DIRECTION ( 'NONE',  ( 0.000000000000000000, 0.000000000000000000, -1.000000000000000000 ) ) ;
#2306 = PLANE ( 'NONE',  #2381 ) ;
#2307 = ADVANCED_FACE ( 'NONE', ( #1568 ), #2306, .F. ) ;
#2308 = FACE_BOUND ( 'NONE', #29, .T. ) ;
#2309 = FILL_AREA_STYLE_COLOUR ( '', #1355 ) ;
#2310 = CARTESIAN_POINT ( 'NONE',  ( 7.469459400541873073, 1.471522364893804502, -50.44647959622812294 ) ) ;
#2311 = FACE_BOUND ( 'NONE', #126, .T. ) ;
#2312 = EDGE_LOOP ( 'NONE', ( #309, #877, #1537, #2948 ) ) ;
#2313 = LINE ( 'NONE', #3092, #2607 ) ;
#2314 = APPLICATION_PROTOCOL_DEFINITION ( 'draft international standard', 'automotive_design', 1998, #2425 ) ;
#2315 = ORIENTED_EDGE ( 'NONE', *, *, #2797, .T. ) ;
#2316 = ORIENTED_EDGE ( 'NONE', *, *, #2731, .F. ) ;
#2317 = FACE_OUTER_BOUND ( 'NONE', #2498, .T. ) ;
#2318 = EDGE_CURVE ( 'NONE', #2262, #724, #2806, .T. ) ;
#2319 = EDGE_LOOP ( 'NONE', ( #1546, #45, #1771, #1753 ) ) ;
#2320 = PLANE ( 'NONE',  #412 ) ;
#2321 = VERTEX_POINT ( 'NONE', #54 ) ;
#2322 = CARTESIAN_POINT ( 'NONE',  ( 6.905262587976442212, 8.000000000000000000, 21.33419477611104398 ) ) ;
#2323 = CARTESIAN_POINT ( 'NONE',  ( -7.447597079217179505, 1.111109585970321501, -50.29641331921800429 ) ) ;
#2324 = CARTESIAN_POINT ( 'NONE',  ( -7.240151605783164079, 8.000000000000001776, -48.63187229799505928 ) ) ;
#2325 = CARTESIAN_POINT ( 'NONE',  ( -14.99999999999999467, 2.000000000000000000, 50.50000000000000711 ) ) ;
#2326 = VERTEX_POINT ( 'NONE', #1296 ) ;
#2327 = CARTESIAN_POINT ( 'NONE',  ( 0.000000000000000000, 3.000000000000000000, 35.50000000000000711 ) ) ;
#2328 = DIRECTION ( 'NONE',  ( -2.312964634635740689E-15, 0.000000000000000000, 1.000000000000000000 ) ) ;
#2329 = VECTOR ( 'NONE', #444, 999.9999999999998863 ) ;
#2330 = VECTOR ( 'NONE', #2743, 1000.000000000000000 ) ;
#2331 = VECTOR ( 'NONE', #323, 1000.000000000000000 ) ;
#2332 = ORIENTED_EDGE ( 'NONE', *, *, #1273, .T. ) ;
#2333 = CIRCLE ( 'NONE', #983, 1.499999999999999556 ) ;
#2334 = FACE_OUTER_BOUND ( 'NONE', #2975, .T. ) ;
#2335 = ORIENTED_EDGE ( 'NONE', *, *, #1344, .F. ) ;
#2336 = DIRECTION ( 'NONE',  ( 0.000000000000000000, 1.000000000000000000, 0.000000000000000000 ) ) ;
#2337 = CARTESIAN_POINT ( 'NONE',  ( -7.475586808358413826, 1.737138352176508693, -50.48695192495580386 ) ) ;
#2338 = DIRECTION ( 'NONE',  ( -0.000000000000000000, 1.000000000000000000, -0.000000000000000000 ) ) ;
#2339 = DIRECTION ( 'NONE',  ( -0.000000000000000000, 1.000000000000000000, -0.000000000000000000 ) ) ;
#2340 = VERTEX_POINT ( 'NONE', #2062 ) ;
#2341 = CARTESIAN_POINT ( 'NONE',  ( 0.000000000000000000, 0.000000000000000000, 48.50000000000000711 ) ) ;
#2342 = VECTOR ( 'NONE', #718, 1000.000000000000114 ) ;
#2343 = VERTEX_POINT ( 'NONE', #596 ) ;
#2344 = AXIS2_PLACEMENT_3D ( 'NONE', #1804, #2456, #744 ) ;
#2345 = AXIS2_PLACEMENT_3D ( 'NONE', #639, #2839, #589 ) ;
#2346 = CARTESIAN_POINT ( 'NONE',  ( 5.189664277222909128, 0.000000000000000000, -1.617947567352241434 ) ) ;
#2347 = CIRCLE ( 'NONE', #2611, 1.500000000000001332 ) ;
#2348 = EDGE_CURVE ( 'NONE', #1175, #1448, #3015, .T. ) ;
#2349 = ORIENTED_EDGE ( 'NONE', *, *, #3200, .F. ) ;
#2350 = FACE_OUTER_BOUND ( 'NONE', #3206, .T. ) ;
#2351 = ORIENTED_EDGE ( 'NONE', *, *, #668, .F. ) ;
#2352 = DIRECTION ( 'NONE',  ( 0.000000000000000000, -1.000000000000000000, 0.000000000000000000 ) ) ;
#2353 = LINE ( 'NONE', #1115, #413 ) ;
#2354 = CARTESIAN_POINT ( 'NONE',  ( -7.447529258946837594, 6.889724377235648234, -50.29594220115448167 ) ) ;
#2355 = CARTESIAN_POINT ( 'NONE',  ( 0.000000000000000000, 0.000000000000000000, 0.000000000000000000 ) ) ;
#2356 = VERTEX_POINT ( 'NONE', #1033 ) ;
#2357 = ADVANCED_FACE ( 'NONE', ( #805, #1540, #1587, #1855, #1279, #1819, #1601, #2562 ), #2320, .T. ) ;
#2358 = CARTESIAN_POINT ( 'NONE',  ( 10.00000000000000000, 4.000000000000000000, 1.127570259384924611E-14 ) ) ;
#2359 = ORIENTED_EDGE ( 'NONE', *, *, #2757, .F. ) ;
#2360 = CARTESIAN_POINT ( 'NONE',  ( 20.00001199999999812, 2.536384579623860880, 0.3933357156481557260 ) ) ;
#2361 = DIRECTION ( 'NONE',  ( -0.7071067811865435759, 0.000000000000000000, 0.7071067811865514585 ) ) ;
#2362 = LINE ( 'NONE', #659, #256 ) ;
#2363 = ORIENTED_EDGE ( 'NONE', *, *, #1091, .T. ) ;
#2364 = EDGE_CURVE ( 'NONE', #1968, #2276, #283, .T. ) ;
#2365 = CARTESIAN_POINT ( 'NONE',  ( -10.00000000000000000, 8.000000000000000000, 11.50000000000022204 ) ) ;
#2366 = ORIENTED_EDGE ( 'NONE', *, *, #1021, .T. ) ;
#2367 = DIRECTION ( 'NONE',  ( 0.000000000000000000, 1.000000000000000000, 0.000000000000000000 ) ) ;
#2368 = CARTESIAN_POINT ( 'NONE',  ( 5.000000000000006217, 4.000000000000000000, 43.25000000000001421 ) ) ;
#2369 = DIRECTION ( 'NONE',  ( 0.000000000000000000, 0.000000000000000000, 1.000000000000000000 ) ) ;
#2370 = EDGE_CURVE ( 'NONE', #1759, #405, #335, .T. ) ;
#2371 = ORIENTED_EDGE ( 'NONE', *, *, #3140, .F. ) ;
#2372 = VERTEX_POINT ( 'NONE', #3065 ) ;
#2373 = CARTESIAN_POINT ( 'NONE',  ( 20.00000599999999906, 4.000000000000000000, -1.502727392089417746 ) ) ;
#2374 = ADVANCED_FACE ( 'NONE', ( #2268 ), #2041, .T. ) ;
#2375 = EDGE_CURVE ( 'NONE', #2343, #2569, #318, .T. ) ;
#2376 = ORIENTED_EDGE ( 'NONE', *, *, #2522, .F. ) ;
#2377 = PLANE ( 'NONE',  #2708 ) ;
#2378 = PLANE ( 'NONE',  #3010 ) ;
#2379 = DIRECTION ( 'NONE',  ( -1.000000000000000000, 0.000000000000000000, 1.374038396813312538E-16 ) ) ;
#2380 = DIRECTION ( 'NONE',  ( 0.000000000000000000, 1.000000000000000000, 0.000000000000000000 ) ) ;
#2381 = AXIS2_PLACEMENT_3D ( 'NONE', #2524, #2814, #2831 ) ;
#2382 = EDGE_LOOP ( 'NONE', ( #274, #447, #2693, #34, #2132, #1131, #1475, #164, #259 ) ) ;
#2383 = CARTESIAN_POINT ( 'NONE',  ( -7.438706309825317220, 0.9962009067717775279, -50.23478965182549416 ) ) ;
#2384 = CYLINDRICAL_SURFACE ( 'NONE', #2749, 1.500000000000000000 ) ;
#2385 = ORIENTED_EDGE ( 'NONE', *, *, #2723, .F. ) ;
#2386 = TOROIDAL_SURFACE ( 'NONE', #2473, 5.556990715552314164, 1.000000000000000000 ) ;
#2387 = EDGE_CURVE ( 'NONE', #2162, #1044, #2187, .T. ) ;
#2388 = DIRECTION ( 'NONE',  ( -1.000000000000000000, 0.000000000000000000, 1.374038396813312538E-16 ) ) ;
#2389 = EDGE_LOOP ( 'NONE', ( #1724, #2006, #2557, #2417 ) ) ;
#2390 = VERTEX_POINT ( 'NONE', #1317 ) ;
#2391 = CARTESIAN_POINT ( 'NONE',  ( 0.000000000000000000, 7.000000000000000000, -36.94300928444768317 ) ) ;
#2392 = LINE ( 'NONE', #1927, #2100 ) ;
#2393 = CLOSED_SHELL ( 'NONE', ( #2973, #2942, #2492, #1229, #293, #2860, #2604, #696, #714, #1437, #2881, #625, #2716, #282, #818, #3196, #1734, #651, #2637, #1316, #2357, #1978, #1967, #2571, #692, #32, #1935, #2629, #2011, #677, #1994, #2374, #2556, #741, #1002, #260, #1232, #1534, #796, #2307, #3234, #2043, #2734, #2615, #2820, #972, #1391, #445, #1902, #821, #458, #322, #2067, #1733, #2705, #403, #2555, #876, #2893, #2444, #1049, #614, #2457, #800, #1955, #1377, #797, #365, #955, #525, #2021, #2903, #3093, #163, #2756, #3211, #407, #84, #69, #2204, #1698, #79, #3076, #2086, #1864, #2219, #924 ) ) ;
#2394 = CARTESIAN_POINT ( 'NONE',  ( -10.00000000000000000, 0.000000000000000000, 3.807611844575137905 ) ) ;
#2395 = AXIS2_PLACEMENT_3D ( 'NONE', #1287, #2513, #2275 ) ;
#2396 = CIRCLE ( 'NONE', #1787, 1.500000000000000000 ) ;
#2397 = AXIS2_PLACEMENT_3D ( 'NONE', #2355, #1041, #2788 ) ;
#2398 = CIRCLE ( 'NONE', #1155, 1.750000000000000000 ) ;
#2399 = FACE_OUTER_BOUND ( 'NONE', #1717, .T. ) ;
#2400 = ORIENTED_EDGE ( 'NONE', *, *, #1466, .F. ) ;
#2401 = DIRECTION ( 'NONE',  ( 0.000000000000000000, 1.000000000000000000, 0.000000000000000000 ) ) ;
#2402 = DIRECTION ( 'NONE',  ( -0.9676172723968442524, 0.000000000000000000, -0.2524218971470014172 ) ) ;
#2403 = CARTESIAN_POINT ( 'NONE',  ( 7.965922759756259630, 0.000000000000000000, 1.158310915181073764 ) ) ;
#2404 = ORIENTED_EDGE ( 'NONE', *, *, #1374, .T. ) ;
#2405 = FACE_OUTER_BOUND ( 'NONE', #2063, .T. ) ;
#2406 = ORIENTED_EDGE ( 'NONE', *, *, #1492, .T. ) ;
#2407 = FACE_OUTER_BOUND ( 'NONE', #2781, .T. ) ;
#2408 = CARTESIAN_POINT ( 'NONE',  ( 15.00000000000000711, 8.000000000000000000, 50.50000000000000711 ) ) ;
#2409 = DIRECTION ( 'NONE',  ( -1.000000000000000000, 0.000000000000000000, 8.673617379884036705E-17 ) ) ;
#2410 = FACE_OUTER_BOUND ( 'NONE', #697, .T. ) ;
#2411 = PRODUCT_DEFINITION_SHAPE ( 'NONE', 'NONE',  #1280 ) ;
#2412 = EDGE_CURVE ( 'NONE', #951, #1302, #2107, .T. ) ;
#2413 = CARTESIAN_POINT ( 'NONE',  ( 0.000000000000000000, 4.000000000000000000, -42.50000000000000000 ) ) ;
#2414 = ORIENTED_EDGE ( 'NONE', *, *, #2169, .T. ) ;
#2415 = FACE_OUTER_BOUND ( 'NONE', #3080, .T. ) ;
#2416 = LINE ( 'NONE', #1431, #762 ) ;
#2417 = ORIENTED_EDGE ( 'NONE', *, *, #1756, .T. ) ;
#2418 = LINE ( 'NONE', #655, #737 ) ;
#2419 = ORIENTED_EDGE ( 'NONE', *, *, #3199, .T. ) ;
#2420 = CYLINDRICAL_SURFACE ( 'NONE', #1149, 1.500000000000001332 ) ;
#2421 = DIRECTION ( 'NONE',  ( 1.000000000000000000, 0.000000000000000000, 0.000000000000000000 ) ) ;
#2422 = EDGE_CURVE ( 'NONE', #907, #1810, #74, .T. ) ;
#2423 = ORIENTED_EDGE ( 'NONE', *, *, #189, .F. ) ;
#2424 = DIRECTION ( 'NONE',  ( -0.000000000000000000, -1.000000000000000000, 0.000000000000000000 ) ) ;
#2425 = APPLICATION_CONTEXT ( 'automotive_design' ) ;
#2426 = ORIENTED_EDGE ( 'NONE', *, *, #1307, .F. ) ;
#2427 = VECTOR ( 'NONE', #2424, 1000.000000000000000 ) ;
#2428 = CARTESIAN_POINT ( 'NONE',  ( 0.4335721768554647859, 0.000000000000000000, -8.495360011279245782 ) ) ;
#2429 = VECTOR ( 'NONE', #2211, 1000.000000000000000 ) ;
#2430 = ORIENTED_EDGE ( 'NONE', *, *, #2505, .T. ) ;
#2431 = CARTESIAN_POINT ( 'NONE',  ( 6.378679656440335854, 0.000000000000000000, 30.00000000000001421 ) ) ;
#2432 = CYLINDRICAL_SURFACE ( 'NONE', #3017, 1.500000000000001332 ) ;
#2433 = DIRECTION ( 'NONE',  ( -1.000000000000000000, 0.000000000000000000, -0.000000000000000000 ) ) ;
#2434 = EDGE_CURVE ( 'NONE', #1834, #196, #2647, .T. ) ;
#2435 = AXIS2_PLACEMENT_3D ( 'NONE', #3182, #1713, #2218 ) ;
#2436 = AXIS2_PLACEMENT_3D ( 'NONE', #2103, #396, #2573 ) ;
#2437 = EDGE_LOOP ( 'NONE', ( #488, #119, #656, #911 ) ) ;
#2438 = AXIS2_PLACEMENT_3D ( 'NONE', #865, #1125, #1612 ) ;
#2439 = CARTESIAN_POINT ( 'NONE',  ( 2.143131898507868297E-16, -4.000000000000000000, -1.750000000000000000 ) ) ;
#2440 = VECTOR ( 'NONE', #2079, 1000.000000000000000 ) ;
#2441 = CARTESIAN_POINT ( 'NONE',  ( 0.000000000000000000, 4.000000000000000000, 0.000000000000000000 ) ) ;
#2442 = AXIS2_PLACEMENT_3D ( 'NONE', #1319, #3087, #1375 ) ;
#2443 = VERTEX_POINT ( 'NONE', #1347 ) ;
#2444 = ADVANCED_FACE ( 'NONE', ( #2334 ), #581, .F. ) ;
#2445 = CARTESIAN_POINT ( 'NONE',  ( -1.105976865149805866, 8.000000000000000000, 21.01534347840994599 ) ) ;
#2446 = LINE ( 'NONE', #1250, #3018 ) ;
#2447 = VERTEX_POINT ( 'NONE', #1868 ) ;
#2448 = CARTESIAN_POINT ( 'NONE',  ( 10.00000000000000178, 8.000000000000000000, -14.30756783799784060 ) ) ;
#2449 = CARTESIAN_POINT ( 'NONE',  ( -15.00000000000000000, 8.000000000000000000, 48.50000000000000711 ) ) ;
#2450 = CARTESIAN_POINT ( 'NONE',  ( -10.00000000000000000, 0.000000000000000000, 11.50000000000022204 ) ) ;
#2451 = ORIENTED_EDGE ( 'NONE', *, *, #16, .F. ) ;
#2452 = CARTESIAN_POINT ( 'NONE',  ( -10.00000000000000000, 0.000000000000000000, 11.50000000000022204 ) ) ;
#2453 = EDGE_CURVE ( 'NONE', #2162, #2499, #2845, .T. ) ;
#2454 = DIRECTION ( 'NONE',  ( -0.000000000000000000, 1.000000000000000000, -0.000000000000000000 ) ) ;
#2455 = CARTESIAN_POINT ( 'NONE',  ( -49.79166604315376787, 0.000000000000000000, -44.17853350808720592 ) ) ;
#2456 = DIRECTION ( 'NONE',  ( 0.000000000000000000, 1.000000000000000000, 0.000000000000000000 ) ) ;
#2457 = ADVANCED_FACE ( 'NONE', ( #2350 ), #433, .F. ) ;
#2458 = CARTESIAN_POINT ( 'NONE',  ( 10.00000000000000000, 4.000000000000000000, 1.502727392089439507 ) ) ;
#2459 = ORIENTED_EDGE ( 'NONE', *, *, #2946, .F. ) ;
#2460 = VERTEX_POINT ( 'NONE', #2897 ) ;
#2461 = EDGE_CURVE ( 'NONE', #49, #1029, #646, .T. ) ;
#2462 = FILL_AREA_STYLE ('',( #2991 ) ) ;
#2463 = SHAPE_REPRESENTATION_RELATIONSHIP ( 'NONE' , 'NONE' ,  #3227, #2209 ) ;
#2464 = DIRECTION ( 'NONE',  ( -0.2524218971470015282, -0.000000000000000000, 0.9676172723968441414 ) ) ;
#2465 = UNCERTAINTY_MEASURE_WITH_UNIT (LENGTH_MEASURE( 1.000000000000000082E-05 ), #2247, 'distance_accuracy_value', 'NONE');
#2466 = ORIENTED_EDGE ( 'NONE', *, *, #1165, .F. ) ;
#2467 = LINE ( 'NONE', #486, #1516 ) ;
#2468 = FACE_OUTER_BOUND ( 'NONE', #1711, .T. ) ;
#2469 = ORIENTED_EDGE ( 'NONE', *, *, #220, .F. ) ;
#2470 = EDGE_LOOP ( 'NONE', ( #3111, #123, #2128, #711 ) ) ;
#2471 = CARTESIAN_POINT ( 'NONE',  ( 1.105976865149810529, 0.000000000000000000, -17.01534347840997441 ) ) ;
#2472 = CARTESIAN_POINT ( 'NONE',  ( 0.000000000000000000, 0.000000000000000000, -48.49999999999999289 ) ) ;
#2473 = AXIS2_PLACEMENT_3D ( 'NONE', #559, #1623, #3032 ) ;
#2474 = DIRECTION ( 'NONE',  ( 0.000000000000000000, 1.000000000000000000, 0.000000000000000000 ) ) ;
#2475 = ORIENTED_EDGE ( 'NONE', *, *, #329, .T. ) ;
#2476 = VECTOR ( 'NONE', #487, 1000.000000000000000 ) ;
#2477 = LINE ( 'NONE', #3213, #1523 ) ;
#2478 = DIRECTION ( 'NONE',  ( 0.7071067811865436870, 0.000000000000000000, -0.7071067811865513475 ) ) ;
#2479 = ORIENTED_EDGE ( 'NONE', *, *, #2519, .F. ) ;
#2480 = CIRCLE ( 'NONE', #1187, 1.500000000000001332 ) ;
#2481 = DIRECTION ( 'NONE',  ( 1.000000000000000000, -0.000000000000000000, 1.224646799147353207E-16 ) ) ;
#2482 = EDGE_CURVE ( 'NONE', #2672, #1461, #140, .T. ) ;
#2483 = ORIENTED_EDGE ( 'NONE', *, *, #1164, .F. ) ;
#2484 = CARTESIAN_POINT ( 'NONE',  ( 0.000000000000000000, 7.000000000000000000, -42.50000000000000000 ) ) ;
#2485 = CIRCLE ( 'NONE', #420, 42.78371229493291139 ) ;
#2486 = AXIS2_PLACEMENT_3D ( 'NONE', #1940, #953, #2925 ) ;
#2487 = CYLINDRICAL_SURFACE ( 'NONE', #1832, 1.000000000000000888 ) ;
#2488 = CIRCLE ( 'NONE', #838, 1.499999999999999556 ) ;
#2489 = ORIENTED_EDGE ( 'NONE', *, *, #88, .T. ) ;
#2490 = DIRECTION ( 'NONE',  ( 0.000000000000000000, 0.000000000000000000, 1.000000000000000000 ) ) ;
#2491 = DIRECTION ( 'NONE',  ( -0.000000000000000000, -1.000000000000000000, -0.000000000000000000 ) ) ;
#2492 = ADVANCED_FACE ( 'NONE', ( #2399 ), #306, .T. ) ;
#2493 = CIRCLE ( 'NONE', #113, 1.000000000000000888 ) ;
#2494 = CARTESIAN_POINT ( 'NONE',  ( -6.378679656440334078, 0.000000000000000000, -26.00000000000001421 ) ) ;
#2495 = ORIENTED_EDGE ( 'NONE', *, *, #1013, .T. ) ;
#2496 = CARTESIAN_POINT ( 'NONE',  ( 4.999999999999986677, 0.000000000000000000, -26.00000000000001776 ) ) ;
#2497 = APPLICATION_PROTOCOL_DEFINITION ( 'draft international standard', 'automotive_design', 1998, #3037 ) ;
#2498 = EDGE_LOOP ( 'NONE', ( #3106, #1846, #1865, #305 ) ) ;
#2499 = VERTEX_POINT ( 'NONE', #921 ) ;
#2500 = DIRECTION ( 'NONE',  ( 1.224646799147352468E-16, 0.000000000000000000, -1.000000000000000000 ) ) ;
#2501 = ORIENTED_EDGE ( 'NONE', *, *, #2522, .T. ) ;
#2502 = CARTESIAN_POINT ( 'NONE',  ( -14.99999999999999467, 6.000000000000000000, 48.50000000000000711 ) ) ;
#2503 = CARTESIAN_POINT ( 'NONE',  ( -0.1741302387223772896, 7.999999999999996447, -9.103062426857079004 ) ) ;
#2504 = EDGE_CURVE ( 'NONE', #2161, #166, #2120, .T. ) ;
#2505 = EDGE_CURVE ( 'NONE', #2982, #7, #628, .T. ) ;
#2506 = CARTESIAN_POINT ( 'NONE',  ( 0.000000000000000000, 8.000000000000000000, 0.000000000000000000 ) ) ;
#2507 = VERTEX_POINT ( 'NONE', #190 ) ;
#2508 = ORIENTED_EDGE ( 'NONE', *, *, #1415, .F. ) ;
#2509 = PLANE ( 'NONE',  #2810 ) ;
#2510 = CARTESIAN_POINT ( 'NONE',  ( 0.000000000000000000, 4.000000000000000000, 0.000000000000000000 ) ) ;
#2511 = DIRECTION ( 'NONE',  ( 0.000000000000000000, 1.000000000000000000, -0.000000000000000000 ) ) ;
#2512 = EDGE_LOOP ( 'NONE', ( #2359, #2605, #2205, #1814 ) ) ;
#2513 = DIRECTION ( 'NONE',  ( -0.000000000000000000, -1.000000000000000000, -0.000000000000000000 ) ) ;
#2514 = ORIENTED_EDGE ( 'NONE', *, *, #346, .F. ) ;
#2515 = VERTEX_POINT ( 'NONE', #2133 ) ;
#2516 = ADVANCED_FACE ( 'NONE', ( #3099 ), #1616, .F. ) ;
#2517 = DIRECTION ( 'NONE',  ( 0.7071067811865512365, 0.000000000000000000, 0.7071067811865439090 ) ) ;
#2518 = EDGE_CURVE ( 'NONE', #368, #1699, #1624, .T. ) ;
#2519 = EDGE_CURVE ( 'NONE', #2684, #546, #2915, .T. ) ;
#2520 = VERTEX_POINT ( 'NONE', #384 ) ;
#2521 = FACE_OUTER_BOUND ( 'NONE', #1129, .T. ) ;
#2522 = EDGE_CURVE ( 'NONE', #2672, #2248, #1512, .T. ) ;
#2523 = EDGE_CURVE ( 'NONE', #1921, #608, #1390, .T. ) ;
#2524 = CARTESIAN_POINT ( 'NONE',  ( 9.465922759756258742, 0.000000000000000000, 23.89485494789083120 ) ) ;
#2525 = CARTESIAN_POINT ( 'NONE',  ( 7.468001554397731390, 6.519155150124862352, -50.43585953211508865 ) ) ;
#2526 = FACE_OUTER_BOUND ( 'NONE', #2864, .T. ) ;
#2527 = CYLINDRICAL_SURFACE ( 'NONE', #2199, 1.500000000000001332 ) ;
#2528 = DIRECTION ( 'NONE',  ( -0.2524218971470014172, 0.000000000000000000, 0.9676172723968442524 ) ) ;
#2529 = ORIENTED_EDGE ( 'NONE', *, *, #537, .F. ) ;
#2530 = VECTOR ( 'NONE', #390, 1000.000000000000114 ) ;
#2531 = FACE_OUTER_BOUND ( 'NONE', #1491, .T. ) ;
#2532 = EDGE_CURVE ( 'NONE', #2499, #2840, #1668, .T. ) ;
#2533 = ORIENTED_EDGE ( 'NONE', *, *, #1239, .F. ) ;
#2534 = CIRCLE ( 'NONE', #100, 3.200000000000000178 ) ;
#2535 = ORIENTED_EDGE ( 'NONE', *, *, #2879, .F. ) ;
#2536 = DIRECTION ( 'NONE',  ( -1.000000000000000000, 0.000000000000000000, 0.000000000000000000 ) ) ;
#2537 = CIRCLE ( 'NONE', #2754, 3.200000000000000178 ) ;
#2538 = EDGE_CURVE ( 'NONE', #1564, #2051, #2534, .T. ) ;
#2539 = VECTOR ( 'NONE', #2172, 1000.000000000000000 ) ;
#2540 = ORIENTED_EDGE ( 'NONE', *, *, #2422, .T. ) ;
#2541 = FACE_OUTER_BOUND ( 'NONE', #2437, .T. ) ;
#2542 = DIRECTION ( 'NONE',  ( -1.000000000000000000, -0.000000000000000000, -0.000000000000000000 ) ) ;
#2543 = DIRECTION ( 'NONE',  ( 0.000000000000000000, 0.000000000000000000, -1.000000000000000000 ) ) ;
#2544 = VECTOR ( 'NONE', #2464, 1000.000000000000114 ) ;
#2545 = DIRECTION ( 'NONE',  ( 0.000000000000000000, -1.000000000000000000, -0.000000000000000000 ) ) ;
#2546 = VECTOR ( 'NONE', #443, 1000.000000000000000 ) ;
#2547 = FACE_OUTER_BOUND ( 'NONE', #836, .T. ) ;
#2548 = CARTESIAN_POINT ( 'NONE',  ( 7.438499158103975439, 0.9936374359128746780, -50.23334706669268712 ) ) ;
#2549 = VECTOR ( 'NONE', #1939, 1000.000000000000000 ) ;
#2550 = CARTESIAN_POINT ( 'NONE',  ( 0.000000000000000000, 0.000000000000000000, -36.94300928444768317 ) ) ;
#2551 = CIRCLE ( 'NONE', #115, 1.499999999999999556 ) ;
#2552 = VERTEX_POINT ( 'NONE', #2630 ) ;
#2553 = DIRECTION ( 'NONE',  ( 0.000000000000000000, 0.000000000000000000, 1.000000000000000000 ) ) ;
#2554 = CIRCLE ( 'NONE', #1098, 2.000000000000001776 ) ;
#2555 = ADVANCED_FACE ( 'NONE', ( #1945 ), #1688, .F. ) ;
#2556 = ADVANCED_FACE ( 'NONE', ( #1150 ), #2152, .T. ) ;
#2557 = ORIENTED_EDGE ( 'NONE', *, *, #1262, .F. ) ;
#2558 = CIRCLE ( 'NONE', #2442, 1.500000000000001332 ) ;
#2559 = DIRECTION ( 'NONE',  ( -1.000000000000000000, 0.000000000000000000, 0.000000000000000000 ) ) ;
#2560 = CARTESIAN_POINT ( 'NONE',  ( 20.00000000000000000, 0.000000000000000000, -5.499999999999990230 ) ) ;
#2561 = ORIENTED_EDGE ( 'NONE', *, *, #2375, .T. ) ;
#2562 = FACE_BOUND ( 'NONE', #700, .T. ) ;
#2563 = ORIENTED_EDGE ( 'NONE', *, *, #53, .F. ) ;
#2564 = DIRECTION ( 'NONE',  ( 0.000000000000000000, 0.000000000000000000, 1.000000000000000000 ) ) ;
#2565 = DIRECTION ( 'NONE',  ( -0.000000000000000000, 0.000000000000000000, -1.000000000000000000 ) ) ;
#2566 = CARTESIAN_POINT ( 'NONE',  ( -7.477541933972235988, 6.265150032145875514, -50.49999999999999289 ) ) ;
#2567 = FACE_BOUND ( 'NONE', #1900, .T. ) ;
#2568 = EDGE_CURVE ( 'NONE', #427, #1175, #2026, .T. ) ;
#2569 = VERTEX_POINT ( 'NONE', #254 ) ;
#2570 = CYLINDRICAL_SURFACE ( 'NONE', #1095, 3.000000000000002665 ) ;
#2571 = ADVANCED_FACE ( 'NONE', ( #285, #2547 ), #533, .F. ) ;
#2572 = VERTEX_POINT ( 'NONE', #3035 ) ;
#2573 = DIRECTION ( 'NONE',  ( 1.000000000000000000, 0.000000000000000000, 4.625929269271488872E-16 ) ) ;
#2574 = VERTEX_POINT ( 'NONE', #1320 ) ;
#2575 = CARTESIAN_POINT ( 'NONE',  ( -3.738238368627633257, 7.999999999999996447, 7.496580413072707394 ) ) ;
#2576 = EDGE_LOOP ( 'NONE', ( #1747, #1663, #667, #1252 ) ) ;
#2577 = DIRECTION ( 'NONE',  ( 0.000000000000000000, 1.000000000000000000, 0.000000000000000000 ) ) ;
#2578 = CARTESIAN_POINT ( 'NONE',  ( 6.250324449002722105, 8.000000000000000000, -2.678607739132068399 ) ) ;
#2579 = CARTESIAN_POINT ( 'NONE',  ( 7.367727504130643368, 0.4070560097199076854, -49.71635280079200925 ) ) ;
#2580 = FACE_BOUND ( 'NONE', #3008, .T. ) ;
#2581 = EDGE_LOOP ( 'NONE', ( #185, #551, #1458, #1432 ) ) ;
#2582 = DIRECTION ( 'NONE',  ( 0.000000000000000000, 1.000000000000000000, 0.000000000000000000 ) ) ;
#2583 = ORIENTED_EDGE ( 'NONE', *, *, #298, .F. ) ;
#2584 = EDGE_CURVE ( 'NONE', #331, #1012, #937, .T. ) ;
#2585 = CYLINDRICAL_SURFACE ( 'NONE', #2766, 1.500000000000001332 ) ;
#2586 = CARTESIAN_POINT ( 'NONE',  ( 20.00001200000000168, 2.497272607910572706, -0.1967065556390021897 ) ) ;
#2587 = MANIFOLD_SOLID_BREP ( 'Cut-Extrude1', #1586 ) ;
#2588 = CIRCLE ( 'NONE', #1782, 1.000000000000000888 ) ;
#2589 = CIRCLE ( 'NONE', #2859, 2.000000000000001776 ) ;
#2590 = EDGE_CURVE ( 'NONE', #2970, #1448, #1467, .T. ) ;
#2591 = AXIS2_PLACEMENT_3D ( 'NONE', #1130, #3168, #124 ) ;
#2592 = ORIENTED_EDGE ( 'NONE', *, *, #389, .F. ) ;
#2593 = VECTOR ( 'NONE', #2917, 1000.000000000000000 ) ;
#2594 = DIRECTION ( 'NONE',  ( 8.673617379884035472E-17, 0.000000000000000000, 1.000000000000000000 ) ) ;
#2595 = ORIENTED_EDGE ( 'NONE', *, *, #1970, .T. ) ;
#2596 = LINE ( 'NONE', #1553, #261 ) ;
#2597 = DIRECTION ( 'NONE',  ( -0.000000000000000000, -1.000000000000000000, -0.000000000000000000 ) ) ;
#2598 = CARTESIAN_POINT ( 'NONE',  ( -7.226634688368153370, 8.000000000000000000, -48.49999999999999289 ) ) ;
#2599 = DIRECTION ( 'NONE',  ( 0.000000000000000000, 0.000000000000000000, -1.000000000000000000 ) ) ;
#2600 = ORIENTED_EDGE ( 'NONE', *, *, #1592, .T. ) ;
#2601 = CARTESIAN_POINT ( 'NONE',  ( 0.4335721768554647859, 0.000000000000000000, -8.495360011279245782 ) ) ;
#2602 = VECTOR ( 'NONE', #3152, 1000.000000000000000 ) ;
#2603 = CIRCLE ( 'NONE', #1944, 1.500000000000001332 ) ;
#2604 = ADVANCED_FACE ( 'NONE', ( #823 ), #4, .F. ) ;
#2605 = ORIENTED_EDGE ( 'NONE', *, *, #1812, .F. ) ;
#2606 = AXIS2_PLACEMENT_3D ( 'NONE', #332, #121, #134 ) ;
#2607 = VECTOR ( 'NONE', #1595, 1000.000000000000000 ) ;
#2608 = LINE ( 'NONE', #1108, #1635 ) ;
#2609 = DIRECTION ( 'NONE',  ( 0.2524218971470015838, -0.000000000000000000, -0.9676172723968441414 ) ) ;
#2610 = DIRECTION ( 'NONE',  ( 1.000000000000000000, 0.000000000000000000, -1.084202172485504434E-16 ) ) ;
#2611 = AXIS2_PLACEMENT_3D ( 'NONE', #2618, #1887, #634 ) ;
#2612 = ORIENTED_EDGE ( 'NONE', *, *, #3108, .T. ) ;
#2613 = DIRECTION ( 'NONE',  ( 1.000000000000000000, -0.000000000000000000, -1.084202172485504557E-16 ) ) ;
#2614 = VERTEX_POINT ( 'NONE', #564 ) ;
#2615 = ADVANCED_FACE ( 'NONE', ( #1554 ), #1007, .F. ) ;
#2616 = DIRECTION ( 'NONE',  ( 0.000000000000000000, 0.000000000000000000, 1.000000000000000000 ) ) ;
#2617 = DIRECTION ( 'NONE',  ( 0.000000000000000000, 0.000000000000000000, 1.000000000000000000 ) ) ;
#2618 = CARTESIAN_POINT ( 'NONE',  ( -1.105976865149805866, 0.000000000000000000, 22.51534347840994599 ) ) ;
#2619 = CARTESIAN_POINT ( 'NONE',  ( 0.000000000000000000, -4.000000000000000000, 1.750000000000000000 ) ) ;
#2620 = ORIENTED_EDGE ( 'NONE', *, *, #437, .F. ) ;
#2621 = ORIENTED_EDGE ( 'NONE', *, *, #2118, .F. ) ;
#2622 = DIRECTION ( 'NONE',  ( 0.7071067811865512365, 0.000000000000000000, 0.7071067811865439090 ) ) ;
#2623 = ORIENTED_EDGE ( 'NONE', *, *, #2289, .T. ) ;
#2624 = FACE_OUTER_BOUND ( 'NONE', #228, .T. ) ;
#2625 = DIRECTION ( 'NONE',  ( 0.000000000000000000, 0.000000000000000000, 1.000000000000000000 ) ) ;
#2626 = LINE ( 'NONE', #2813, #213 ) ;
#2627 = FACE_OUTER_BOUND ( 'NONE', #2978, .T. ) ;
#2628 = EDGE_CURVE ( 'NONE', #784, #2733, #271, .T. ) ;
#2629 = ADVANCED_FACE ( 'NONE', ( #490 ), #508, .T. ) ;
#2630 = CARTESIAN_POINT ( 'NONE',  ( -8.500000000000005329, 0.000000000000000000, -16.80761184457497137 ) ) ;
#2631 = EDGE_LOOP ( 'NONE', ( #2898, #2299, #2959, #1869 ) ) ;
#2632 = DIRECTION ( 'NONE',  ( 3.614007241618349165E-15, 0.000000000000000000, 1.000000000000000000 ) ) ;
#2633 = CARTESIAN_POINT ( 'NONE',  ( -7.226763070224663466, 0.000000000000000000, -48.49999999999999289 ) ) ;
#2634 = DIRECTION ( 'NONE',  ( -0.000000000000000000, -1.000000000000000000, -0.000000000000000000 ) ) ;
#2635 = ORIENTED_EDGE ( 'NONE', *, *, #916, .F. ) ;
#2636 = VERTEX_POINT ( 'NONE', #2770 ) ;
#2637 = ADVANCED_FACE ( 'NONE', ( #2526 ), #2509, .F. ) ;
#2638 = DIRECTION ( 'NONE',  ( 0.000000000000000000, 0.000000000000000000, 1.000000000000000000 ) ) ;
#2639 = ORIENTED_EDGE ( 'NONE', *, *, #1492, .F. ) ;
#2640 = EDGE_LOOP ( 'NONE', ( #3046, #1220, #1799, #2563 ) ) ;
#2641 = CARTESIAN_POINT ( 'NONE',  ( -15.00000000000000711, 8.000000000000000000, -50.49999999999999289 ) ) ;
#2642 = CARTESIAN_POINT ( 'NONE',  ( -10.00000000000000711, 0.000000000000000000, -18.92893218813458134 ) ) ;
#2643 = DIRECTION ( 'NONE',  ( -0.000000000000000000, -1.000000000000000000, -0.000000000000000000 ) ) ;
#2644 = VECTOR ( 'NONE', #188, 1000.000000000000000 ) ;
#2645 = EDGE_CURVE ( 'NONE', #2051, #1564, #2537, .T. ) ;
#2646 = CARTESIAN_POINT ( 'NONE',  ( 0.000000000000000000, -4.000000000000000000, 0.000000000000000000 ) ) ;
#2647 = CIRCLE ( 'NONE', #155, 2.000000000000001776 ) ;
#2648 = ORIENTED_EDGE ( 'NONE', *, *, #1889, .F. ) ;
#2649 = CARTESIAN_POINT ( 'NONE',  ( 13.34922720484018477, 8.000012000000001677, -21.61988294414483747 ) ) ;
#2650 = CARTESIAN_POINT ( 'NONE',  ( 0.1741302387223811476, 8.000000000000000000, 14.60306242685705591 ) ) ;
#2651 = DIRECTION ( 'NONE',  ( 0.000000000000000000, 1.000000000000000000, 0.000000000000000000 ) ) ;
#2652 = VECTOR ( 'NONE', #2972, 1000.000000000000000 ) ;
#2653 = VERTEX_POINT ( 'NONE', #2578 ) ;
#2654 = DIRECTION ( 'NONE',  ( -0.7071067811865521247, 0.000000000000000000, -0.7071067811865430208 ) ) ;
#2655 = ORIENTED_EDGE ( 'NONE', *, *, #2030, .T. ) ;
#2656 = DIRECTION ( 'NONE',  ( 0.2524218971470013617, 0.000000000000000000, -0.9676172723968442524 ) ) ;
#2657 = EDGE_CURVE ( 'NONE', #802, #1027, #3054, .T. ) ;
#2658 = CARTESIAN_POINT ( 'NONE',  ( 9.465922759756258742, 0.000000000000000000, 0.5369905716214249392 ) ) ;
#2659 = DIRECTION ( 'NONE',  ( 0.000000000000000000, 0.000000000000000000, -1.000000000000000000 ) ) ;
#2660 = CARTESIAN_POINT ( 'NONE',  ( 9.465922759756258742, 8.000000000000000000, 20.27353460433121768 ) ) ;
#2661 = CIRCLE ( 'NONE', #3069, 2.000000000000001776 ) ;
#2662 = AXIS2_PLACEMENT_3D ( 'NONE', #1562, #2009, #1310 ) ;
#2663 = AXIS2_PLACEMENT_3D ( 'NONE', #1410, #910, #1135 ) ;
#2664 = VECTOR ( 'NONE', #1039, 1000.000000000000000 ) ;
#2665 = DIRECTION ( 'NONE',  ( -0.7071067811865513475, 0.000000000000000000, -0.7071067811865437980 ) ) ;
#2666 = CIRCLE ( 'NONE', #846, 1.500000000000000000 ) ;
#2667 = ORIENTED_EDGE ( 'NONE', *, *, #1344, .T. ) ;
#2668 = PLANE ( 'NONE',  #509 ) ;
#2669 = FACE_OUTER_BOUND ( 'NONE', #1626, .T. ) ;
#2670 =( REPRESENTATION_RELATIONSHIP ('NONE','NONE', #1337, #1120 ) REPRESENTATION_RELATIONSHIP_WITH_TRANSFORMATION ( #2298 )SHAPE_REPRESENTATION_RELATIONSHIP( ) );
#2671 = EDGE_CURVE ( 'NONE', #405, #460, #2333, .T. ) ;
#2672 = VERTEX_POINT ( 'NONE', #2368 ) ;
#2673 = VERTEX_POINT ( 'NONE', #650 ) ;
#2674 = DIRECTION ( 'NONE',  ( 0.000000000000000000, -1.000000000000000000, 0.000000000000000000 ) ) ;
#2675 = ADVANCED_FACE ( 'NONE', ( #1886, #2818 ), #3122, .T. ) ;
#2676 = VERTEX_POINT ( 'NONE', #1590 ) ;
#2677 = DIRECTION ( 'NONE',  ( 0.000000000000000000, 1.000000000000000000, 0.000000000000000000 ) ) ;
#2678 = LINE ( 'NONE', #1451, #2546 ) ;
#2679 = CARTESIAN_POINT ( 'NONE',  ( 10.00000000000000533, 8.000000000000000000, 31.50000000000001421 ) ) ;
#2680 = PRODUCT_DEFINITION_SHAPE ( 'NONE', 'NONE',  #3236 ) ;
#2681 = EDGE_LOOP ( 'NONE', ( #1552, #1203, #198, #512, #1514, #133 ) ) ;
#2682 = CARTESIAN_POINT ( 'NONE',  ( -1.105976865149805866, 0.000000000000000000, 22.51534347840994599 ) ) ;
#2683 = LINE ( 'NONE', #130, #2695 ) ;
#2684 = VERTEX_POINT ( 'NONE', #2136 ) ;
#2685 = ORIENTED_EDGE ( 'NONE', *, *, #329, .F. ) ;
#2686 = DIRECTION ( 'NONE',  ( 0.000000000000000000, 0.000000000000000000, 1.000000000000000000 ) ) ;
#2687 = EDGE_CURVE ( 'NONE', #638, #1881, #1858, .T. ) ;
#2688 = EDGE_LOOP ( 'NONE', ( #1922, #2000, #2720, #1874 ) ) ;
#2689 = DIRECTION ( 'NONE',  ( -0.000000000000000000, -1.000000000000000000, -0.000000000000000000 ) ) ;
#2690 = DIRECTION ( 'NONE',  ( 0.000000000000000000, 0.000000000000000000, 1.000000000000000000 ) ) ;
#2691 = ADVANCED_FACE ( 'NONE', ( #338 ), #110, .T. ) ;
#2692 = EDGE_CURVE ( 'NONE', #2340, #2520, #2866, .T. ) ;
#2693 = ORIENTED_EDGE ( 'NONE', *, *, #1307, .T. ) ;
#2694 = DIRECTION ( 'NONE',  ( 1.202283597211648440E-16, 0.000000000000000000, 1.000000000000000000 ) ) ;
#2695 = VECTOR ( 'NONE', #2943, 1000.000000000000000 ) ;
#2696 = CARTESIAN_POINT ( 'NONE',  ( 9.465922759756258742, 0.000000000000000000, 1.158310915181072431 ) ) ;
#2697 = CIRCLE ( 'NONE', #566, 1.500000000000001332 ) ;
#2698 = CARTESIAN_POINT ( 'NONE',  ( 15.00000000000000711, 8.000000000000000000, 48.50000000000000711 ) ) ;
#2699 = DIRECTION ( 'NONE',  ( 1.000000000000000000, 0.000000000000000000, -0.000000000000000000 ) ) ;
#2700 = VECTOR ( 'NONE', #2565, 1000.000000000000000 ) ;
#2701 = EDGE_LOOP ( 'NONE', ( #848, #2994, #1647, #1056 ) ) ;
#2702 = CARTESIAN_POINT ( 'NONE',  ( -7.439339828220193240, 0.000000000000000000, -16.36827201635480122 ) ) ;
#2703 = CYLINDRICAL_SURFACE ( 'NONE', #576, 1.750000000000000000 ) ;
#2704 = CARTESIAN_POINT ( 'NONE',  ( 0.000000000000000000, 0.000000000000000000, 0.000000000000000000 ) ) ;
#2705 = ADVANCED_FACE ( 'NONE', ( #1908 ), #2110, .F. ) ;
#2706 =( GEOMETRIC_REPRESENTATION_CONTEXT ( 3 ) GLOBAL_UNCERTAINTY_ASSIGNED_CONTEXT ( ( #723 ) ) GLOBAL_UNIT_ASSIGNED_CONTEXT ( ( #774, #1234, #1011 ) ) REPRESENTATION_CONTEXT ( 'NONE', 'WORKASPACE' ) );
#2707 = CARTESIAN_POINT ( 'NONE',  ( 20.00001200000000168, 5.201681268617403653, 0.9234961898250281243 ) ) ;
#2708 = AXIS2_PLACEMENT_3D ( 'NONE', #1383, #152, #1630 ) ;
#2709 = AXIS2_PLACEMENT_3D ( 'NONE', #602, #355, #2528 ) ;
#2710 = ORIENTED_EDGE ( 'NONE', *, *, #2590, .F. ) ;
#2711 = CIRCLE ( 'NONE', #2971, 1.750000000000000000 ) ;
#2712 = DIRECTION ( 'NONE',  ( -1.000000000000000000, 0.000000000000000000, 8.673617379884035472E-17 ) ) ;
#2713 = EDGE_CURVE ( 'NONE', #647, #1597, #160, .T. ) ;
#2714 = DIRECTION ( 'NONE',  ( -0.000000000000000000, -1.000000000000000000, -0.000000000000000000 ) ) ;
#2715 = CIRCLE ( 'NONE', #3136, 1.500000000000000000 ) ;
#2716 = ADVANCED_FACE ( 'NONE', ( #2155 ), #612, .F. ) ;
#2717 = ORIENTED_EDGE ( 'NONE', *, *, #191, .T. ) ;
#2718 = ORIENTED_EDGE ( 'NONE', *, *, #2231, .F. ) ;
#2719 = CARTESIAN_POINT ( 'NONE',  ( -6.079005644279637188, 8.000000000000000000, 16.46952163640542821 ) ) ;
#2720 = ORIENTED_EDGE ( 'NONE', *, *, #482, .T. ) ;
#2721 = DIRECTION ( 'NONE',  ( 0.000000000000000000, 0.000000000000000000, -1.000000000000000000 ) ) ;
#2722 = CARTESIAN_POINT ( 'NONE',  ( 20.00001200000000168, 5.313062740614834745, -0.7568020369794881130 ) ) ;
#2723 = EDGE_CURVE ( 'NONE', #813, #961, #3118, .T. ) ;
#2724 = EDGE_LOOP ( 'NONE', ( #588, #464, #577, #654 ) ) ;
#2725 = DIRECTION ( 'NONE',  ( -0.000000000000000000, -1.000000000000000000, -0.000000000000000000 ) ) ;
#2726 = EDGE_CURVE ( 'NONE', #638, #427, #2353, .T. ) ;
#2727 = DIRECTION ( 'NONE',  ( 0.000000000000000000, 1.000000000000000000, 0.000000000000000000 ) ) ;
#2728 = ORIENTED_EDGE ( 'NONE', *, *, #1077, .F. ) ;
#2729 = ORIENTED_EDGE ( 'NONE', *, *, #1370, .T. ) ;
#2730 = CARTESIAN_POINT ( 'NONE',  ( 5.189664277222909128, 0.000000000000000000, -3.117947567352241212 ) ) ;
#2731 = EDGE_CURVE ( 'NONE', #2258, #2574, #1242, .T. ) ;
#2732 = DIRECTION ( 'NONE',  ( -0.000000000000000000, 1.000000000000000000, -0.000000000000000000 ) ) ;
#2733 = VERTEX_POINT ( 'NONE', #3203 ) ;
#2734 = ADVANCED_FACE ( 'NONE', ( #3190 ), #957, .F. ) ;
#2735 = ORIENTED_EDGE ( 'NONE', *, *, #1607, .T. ) ;
#2736 = DIRECTION ( 'NONE',  ( -0.7071067811865511255, 0.000000000000000000, -0.7071067811865440200 ) ) ;
#2737 = CARTESIAN_POINT ( 'NONE',  ( -10.00000000000000000, 8.000000000000000000, 4.428932188134785619 ) ) ;
#2738 = CYLINDRICAL_SURFACE ( 'NONE', #1998, 1.502727392089428182 ) ;
#2739 = PRODUCT_DEFINITION_CONTEXT ( 'detailed design', #880, 'design' ) ;
#2740 = ORIENTED_EDGE ( 'NONE', *, *, #2185, .T. ) ;
#2741 = DIRECTION ( 'NONE',  ( 0.000000000000000000, 0.000000000000000000, 1.000000000000000000 ) ) ;
#2742 = EDGE_CURVE ( 'NONE', #2614, #1312, #923, .T. ) ;
#2743 = DIRECTION ( 'NONE',  ( -0.7071067811865500152, 0.000000000000000000, -0.7071067811865450192 ) ) ;
#2744 = ORIENTED_EDGE ( 'NONE', *, *, #3040, .F. ) ;
#2745 = DIRECTION ( 'NONE',  ( 0.000000000000000000, 1.000000000000000000, 0.000000000000000000 ) ) ;
#2746 = CARTESIAN_POINT ( 'NONE',  ( 12.24999999999993427, 0.000000000000000000, -12.25000000000002132 ) ) ;
#2747 = LINE ( 'NONE', #3207, #171 ) ;
#2748 = VECTOR ( 'NONE', #3165, 1000.000000000000000 ) ;
#2749 = AXIS2_PLACEMENT_3D ( 'NONE', #2403, #194, #182 ) ;
#2750 = CARTESIAN_POINT ( 'NONE',  ( 20.00000000000000000, -2.449293598294702963E-15, 13.50000000000001243 ) ) ;
#2751 = VERTEX_POINT ( 'NONE', #418 ) ;
#2752 = AXIS2_PLACEMENT_3D ( 'NONE', #2471, #2800, #1070 ) ;
#2753 = LINE ( 'NONE', #515, #3126 ) ;
#2754 = AXIS2_PLACEMENT_3D ( 'NONE', #2046, #143, #1335 ) ;
#2755 = EDGE_LOOP ( 'NONE', ( #3143, #810, #2735, #1305 ) ) ;
#2756 = ADVANCED_FACE ( 'NONE', ( #664 ), #2198, .F. ) ;
#2757 = EDGE_CURVE ( 'NONE', #1318, #2161, #2089, .T. ) ;
#2758 = CIRCLE ( 'NONE', #1507, 1.499999999999999556 ) ;
#2759 = FACE_OUTER_BOUND ( 'NONE', #276, .T. ) ;
#2760 = ORIENTED_EDGE ( 'NONE', *, *, #28, .T. ) ;
#2761 = DIRECTION ( 'NONE',  ( 0.000000000000000000, 0.000000000000000000, -1.000000000000000000 ) ) ;
#2762 = CARTESIAN_POINT ( 'NONE',  ( 0.000000000000000000, 1.000000000000000000, -42.50000000000000000 ) ) ;
#2763 = CIRCLE ( 'NONE', #687, 1.000000000000000888 ) ;
#2764 = TOROIDAL_SURFACE ( 'NONE', #109, 5.556990715552314164, 1.000000000000000000 ) ;
#2765 = CARTESIAN_POINT ( 'NONE',  ( -6.079005644279637188, 0.000000000000000000, 16.46952163640542821 ) ) ;
#2766 = AXIS2_PLACEMENT_3D ( 'NONE', #363, #1107, #3095 ) ;
#2767 = AXIS2_PLACEMENT_3D ( 'NONE', #2292, #2339, #1338 ) ;
#2768 = ORIENTED_EDGE ( 'NONE', *, *, #16, .T. ) ;
#2769 = ORIENTED_EDGE ( 'NONE', *, *, #943, .T. ) ;
#2770 = CARTESIAN_POINT ( 'NONE',  ( 5.189664277222909128, 0.000000000000000000, -3.117947567352241212 ) ) ;
#2771 = CARTESIAN_POINT ( 'NONE',  ( -2.557402773745073521, 0.000000000000000000, 22.13671063268944650 ) ) ;
#2772 = CIRCLE ( 'NONE', #1372, 42.78371229493291850 ) ;
#2773 = CARTESIAN_POINT ( 'NONE',  ( -8.500000000000005329, 0.000000000000000000, -15.30761184457497137 ) ) ;
#2774 = ORIENTED_EDGE ( 'NONE', *, *, #1607, .F. ) ;
#2775 = PRODUCT_CONTEXT ( 'NONE', #710, 'mechanical' ) ;
#2776 = EDGE_CURVE ( 'NONE', #166, #1810, #676, .T. ) ;
#2777 = EDGE_LOOP ( 'NONE', ( #1930, #1010, #3024, #2728 ) ) ;
#2778 = EDGE_CURVE ( 'NONE', #2264, #1834, #1455, .T. ) ;
#2779 = DIRECTION ( 'NONE',  ( -2.312964634635743450E-16, 0.000000000000000000, -1.000000000000000000 ) ) ;
#2780 = UNCERTAINTY_MEASURE_WITH_UNIT (LENGTH_MEASURE( 1.000000000000000082E-05 ), #231, 'distance_accuracy_value', 'NONE');
#2781 = EDGE_LOOP ( 'NONE', ( #2789, #2139, #3120, #2885 ) ) ;
#2782 = DIRECTION ( 'NONE',  ( 0.000000000000000000, 0.000000000000000000, 1.000000000000000000 ) ) ;
#2783 = CARTESIAN_POINT ( 'NONE',  ( -10.00000000000000533, 0.000000000000000000, -15.30761184457497137 ) ) ;
#2784 = DIRECTION ( 'NONE',  ( -0.000000000000000000, -1.000000000000000000, -0.000000000000000000 ) ) ;
#2785 = VERTEX_POINT ( 'NONE', #2941 ) ;
#2786 = DIRECTION ( 'NONE',  ( 1.000000000000000000, 0.000000000000000000, -8.673617379884035472E-17 ) ) ;
#2787 = DIRECTION ( 'NONE',  ( 1.000000000000000000, -0.000000000000000000, -0.000000000000000000 ) ) ;
#2788 = DIRECTION ( 'NONE',  ( 0.000000000000000000, -0.000000000000000000, 1.000000000000000000 ) ) ;
#2789 = ORIENTED_EDGE ( 'NONE', *, *, #2057, .T. ) ;
#2790 = LINE ( 'NONE', #1748, #1366 ) ;
#2791 = ORIENTED_EDGE ( 'NONE', *, *, #703, .T. ) ;
#2792 = ORIENTED_EDGE ( 'NONE', *, *, #1164, .T. ) ;
#2793 = FACE_OUTER_BOUND ( 'NONE', #2841, .T. ) ;
#2794 = VERTEX_POINT ( 'NONE', #478 ) ;
#2795 = CARTESIAN_POINT ( 'NONE',  ( 2.143131898507868297E-16, 4.000000000000000000, -1.750000000000000000 ) ) ;
#2796 = DIRECTION ( 'NONE',  ( 0.000000000000000000, 0.000000000000000000, 1.000000000000000000 ) ) ;
#2797 = EDGE_CURVE ( 'NONE', #2343, #1318, #1737, .T. ) ;
#2798 = DIRECTION ( 'NONE',  ( 0.000000000000000000, 1.000000000000000000, 0.000000000000000000 ) ) ;
#2799 = DIRECTION ( 'NONE',  ( 0.000000000000000000, 1.000000000000000000, 0.000000000000000000 ) ) ;
#2800 = DIRECTION ( 'NONE',  ( 0.000000000000000000, 1.000000000000000000, 0.000000000000000000 ) ) ;
#2801 = CARTESIAN_POINT ( 'NONE',  ( -7.282168718313723588, 7.936542961639861282, -49.01641747726120713 ) ) ;
#2802 = FACE_BOUND ( 'NONE', #3027, .T. ) ;
#2803 = ORIENTED_EDGE ( 'NONE', *, *, #492, .F. ) ;
#2804 = CARTESIAN_POINT ( 'NONE',  ( -4.509921866333773899, 8.000000000000000000, 29.62136715427950406 ) ) ;
#2805 = ORIENTED_EDGE ( 'NONE', *, *, #1221, .T. ) ;
#2806 = CIRCLE ( 'NONE', #1032, 1.500000000000001332 ) ;
#2807 = ORIENTED_EDGE ( 'NONE', *, *, #2523, .T. ) ;
#2808 = CARTESIAN_POINT ( 'NONE',  ( 0.000000000000000000, 6.000000000000000000, 48.50000000000000711 ) ) ;
#2809 = CARTESIAN_POINT ( 'NONE',  ( 0.000000000000000000, 6.524946102051303320, -47.17703401545636410 ) ) ;
#2810 = AXIS2_PLACEMENT_3D ( 'NONE', #2269, #36, #2288 ) ;
#2811 = VECTOR ( 'NONE', #2542, 1000.000000000000000 ) ;
#2812 = ORIENTED_EDGE ( 'NONE', *, *, #1510, .T. ) ;
#2813 = CARTESIAN_POINT ( 'NONE',  ( -5.862068965517246433, 0.000000000000000000, 15.63793103448293031 ) ) ;
#2814 = DIRECTION ( 'NONE',  ( 1.000000000000000000, 0.000000000000000000, 0.000000000000000000 ) ) ;
#2815 = EDGE_CURVE ( 'NONE', #214, #1399, #1486, .T. ) ;
#2816 = DIRECTION ( 'NONE',  ( 0.000000000000000000, 0.000000000000000000, -1.000000000000000000 ) ) ;
#2817 = AXIS2_PLACEMENT_3D ( 'NONE', #558, #2304, #2075 ) ;
#2818 = FACE_OUTER_BOUND ( 'NONE', #1411, .T. ) ;
#2819 = CARTESIAN_POINT ( 'NONE',  ( 7.240151605783172073, 0.000000000000000000, -48.63187229799506639 ) ) ;
#2820 = ADVANCED_FACE ( 'NONE', ( #1949 ), #448, .F. ) ;
#2821 = CIRCLE ( 'NONE', #2238, 5.556990715552316829 ) ;
#2822 = DIRECTION ( 'NONE',  ( 0.000000000000000000, 1.000000000000000000, 0.000000000000000000 ) ) ;
#2823 = AXIS2_PLACEMENT_3D ( 'NONE', #2257, #3224, #2016 ) ;
#2824 = ORIENTED_EDGE ( 'NONE', *, *, #2453, .T. ) ;
#2825 = FACE_OUTER_BOUND ( 'NONE', #2992, .T. ) ;
#2826 = AXIS2_PLACEMENT_3D ( 'NONE', #1462, #2144, #917 ) ;
#2827 = ORIENTED_EDGE ( 'NONE', *, *, #1877, .T. ) ;
#2828 = ORIENTED_EDGE ( 'NONE', *, *, #225, .T. ) ;
#2829 = CARTESIAN_POINT ( 'NONE',  ( 20.00001200000000168, 3.606664284351853489, 1.463615420376148002 ) ) ;
#2830 = ORIENTED_EDGE ( 'NONE', *, *, #2901, .T. ) ;
#2831 = DIRECTION ( 'NONE',  ( 0.000000000000000000, 0.000000000000000000, -1.000000000000000000 ) ) ;
#2832 = ORIENTED_EDGE ( 'NONE', *, *, #948, .F. ) ;
#2833 = DIRECTION ( 'NONE',  ( 0.000000000000000000, 0.000000000000000000, 1.000000000000000000 ) ) ;
#2834 = DIRECTION ( 'NONE',  ( 0.000000000000000000, 0.000000000000000000, 1.000000000000000000 ) ) ;
#2835 = CARTESIAN_POINT ( 'NONE',  ( -7.469459400541873961, 6.528477635106197496, -50.44647959622813005 ) ) ;
#2836 = PLANE ( 'NONE',  #1898 ) ;
#2837 = VERTEX_POINT ( 'NONE', #2650 ) ;
#2838 = EDGE_CURVE ( 'NONE', #752, #728, #1171, .T. ) ;
#2839 = DIRECTION ( 'NONE',  ( 1.000000000000000000, 0.000000000000000000, -8.673617379884035472E-17 ) ) ;
#2840 = VERTEX_POINT ( 'NONE', #3159 ) ;
#2841 = EDGE_LOOP ( 'NONE', ( #3055, #2648, #3084, #71 ) ) ;
#2842 = CARTESIAN_POINT ( 'NONE',  ( 20.00000599999999906, 4.000000000000000000, -1.502727392089417746 ) ) ;
#2843 = EDGE_CURVE ( 'NONE', #526, #966, #1358, .T. ) ;
#2844 = VERTEX_POINT ( 'NONE', #681 ) ;
#2845 = LINE ( 'NONE', #2863, #1241 ) ;
#2846 = ORIENTED_EDGE ( 'NONE', *, *, #2223, .F. ) ;
#2847 = DIRECTION ( 'NONE',  ( 0.7071067811865444641, -0.000000000000000000, 0.7071067811865505703 ) ) ;
#2848 = DIRECTION ( 'NONE',  ( -1.000000000000000000, 0.000000000000000000, 0.000000000000000000 ) ) ;
#2849 = CARTESIAN_POINT ( 'NONE',  ( 14.81746531226169061, 0.000000000000000000, -19.53606364464082645 ) ) ;
#2850 = FACE_BOUND ( 'NONE', #2997, .T. ) ;
#2851 = VERTEX_POINT ( 'NONE', #1977 ) ;
#2852 = CARTESIAN_POINT ( 'NONE',  ( -8.500000000000005329, 8.000000000000000000, -15.30761184457497137 ) ) ;
#2853 = ADVANCED_FACE ( 'NONE', ( #1931, #2222 ), #2668, .T. ) ;
#2854 = ORIENTED_EDGE ( 'NONE', *, *, #347, .F. ) ;
#2855 = ORIENTED_EDGE ( 'NONE', *, *, #467, .T. ) ;
#2856 = CARTESIAN_POINT ( 'NONE',  ( 20.00001200000000168, 3.076503810174984643, -1.201681268617394771 ) ) ;
#2857 = CARTESIAN_POINT ( 'NONE',  ( 15.00000000000000711, 6.000000000000000000, 50.50000000000000711 ) ) ;
#2858 = PRODUCT_DEFINITION_FORMATION_WITH_SPECIFIED_SOURCE ( 'ANY', '', #674, .NOT_KNOWN. ) ;
#2859 = AXIS2_PLACEMENT_3D ( 'NONE', #1933, #1457, #896 ) ;
#2860 = ADVANCED_FACE ( 'NONE', ( #2415 ), #193, .F. ) ;
#2861 = VECTOR ( 'NONE', #2613, 1000.000000000000000 ) ;
#2862 = VERTEX_POINT ( 'NONE', #725 ) ;
#2863 = CARTESIAN_POINT ( 'NONE',  ( -5.862068965517246433, 8.000000000000000000, 15.63793103448293031 ) ) ;
#2864 = EDGE_LOOP ( 'NONE', ( #2483, #1894, #1459, #1735 ) ) ;
#2865 = DIRECTION ( 'NONE',  ( -0.000000000000000000, -1.000000000000000000, -0.000000000000000000 ) ) ;
#2866 = LINE ( 'NONE', #1101, #1299 ) ;
#2867 = CARTESIAN_POINT ( 'NONE',  ( -0.4335721768554595679, 0.000000000000000000, 13.99536001127922269 ) ) ;
#2868 = DIRECTION ( 'NONE',  ( 0.000000000000000000, 0.000000000000000000, -1.000000000000000000 ) ) ;
#2869 = ORIENTED_EDGE ( 'NONE', *, *, #1674, .F. ) ;
#2870 = COLOUR_RGB ( '',0.7921568627450980005, 0.8196078431372548767, 0.9333333333333333481 ) ;
#2871 = CARTESIAN_POINT ( 'NONE',  ( -0.4335721768554595679, 0.000000000000000000, 13.99536001127922269 ) ) ;
#2872 = AXIS2_PLACEMENT_3D ( 'NONE', #1482, #918, #1701 ) ;
#2873 = CIRCLE ( 'NONE', #218, 1.499999999999999556 ) ;
#2874 = ORIENTED_EDGE ( 'NONE', *, *, #446, .F. ) ;
#2875 = AXIS2_PLACEMENT_3D ( 'NONE', #1969, #3151, #1176 ) ;
#2876 = DIRECTION ( 'NONE',  ( 1.000000000000000000, 0.000000000000000000, 1.224646799147353207E-16 ) ) ;
#2877 = LINE ( 'NONE', #1293, #3188 ) ;
#2878 = LINE ( 'NONE', #1452, #3063 ) ;
#2879 = EDGE_CURVE ( 'NONE', #813, #2751, #2189, .T. ) ;
#2880 = AXIS2_PLACEMENT_3D ( 'NONE', #824, #601, #2124 ) ;
#2881 = ADVANCED_FACE ( 'NONE', ( #2932 ), #770, .T. ) ;
#2882 = ORIENTED_EDGE ( 'NONE', *, *, #482, .F. ) ;
#2883 = EDGE_CURVE ( 'NONE', #221, #2372, #1016, .T. ) ;
#2884 = CARTESIAN_POINT ( 'NONE',  ( -9.560660171779815641, 8.000000000000000000, 4.868272016354964649 ) ) ;
#2885 = ORIENTED_EDGE ( 'NONE', *, *, #1829, .T. ) ;
#2886 = LINE ( 'NONE', #2450, #731 ) ;
#2887 = CARTESIAN_POINT ( 'NONE',  ( -7.406413243825656245, 0.6761303720793829797, -50.00477082138891660 ) ) ;
#2888 = DIRECTION ( 'NONE',  ( 1.000000000000000000, -0.000000000000000000, 0.000000000000000000 ) ) ;
#2889 = ORIENTED_EDGE ( 'NONE', *, *, #2687, .T. ) ;
#2890 = ORIENTED_EDGE ( 'NONE', *, *, #3045, .T. ) ;
#2891 = CARTESIAN_POINT ( 'NONE',  ( -7.477541933972236876, 2.000000000000000000, -50.49999999999999289 ) ) ;
#2892 = EDGE_LOOP ( 'NONE', ( #2655, #814, #1650, #179 ) ) ;
#2893 = ADVANCED_FACE ( 'NONE', ( #2521 ), #2961, .T. ) ;
#2894 = PLANE ( 'NONE',  #2436 ) ;
#2895 = CARTESIAN_POINT ( 'NONE',  ( -7.783785163162242782, 8.000011999999999901, -35.66873679409023623 ) ) ;
#2896 = CARTESIAN_POINT ( 'NONE',  ( 1.234790410502196289, 8.000000000000000000, 13.54240225507722784 ) ) ;
#2897 = CARTESIAN_POINT ( 'NONE',  ( 15.00000000000000533, 4.000000000000000000, 47.75000000000001421 ) ) ;
#2898 = ORIENTED_EDGE ( 'NONE', *, *, #106, .F. ) ;
#2899 = LINE ( 'NONE', #3144, #1148 ) ;
#2900 = DIRECTION ( 'NONE',  ( -0.000000000000000000, 1.000000000000000000, -0.000000000000000000 ) ) ;
#2901 = EDGE_CURVE ( 'NONE', #3162, #2676, #2995, .T. ) ;
#2902 = PLANE ( 'NONE',  #1563 ) ;
#2903 = ADVANCED_FACE ( 'NONE', ( #2252 ), #2283, .F. ) ;
#2904 = ORIENTED_EDGE ( 'NONE', *, *, #660, .F. ) ;
#2905 = DIRECTION ( 'NONE',  ( 1.000000000000000000, 0.000000000000000000, 0.000000000000000000 ) ) ;
#2906 = ORIENTED_EDGE ( 'NONE', *, *, #1530, .T. ) ;
#2907 = CARTESIAN_POINT ( 'NONE',  ( -4.999999999999993783, 4.000000000000000000, 47.75000000000001421 ) ) ;
#2908 = LINE ( 'NONE', #1420, #1473 ) ;
#2909 = CARTESIAN_POINT ( 'NONE',  ( -9.995319499611134972, 8.000011999999998125, -28.26220547906699565 ) ) ;
#2910 = CARTESIAN_POINT ( 'NONE',  ( 8.500000000000001776, 8.000000000000000000, -14.30756783799784060 ) ) ;
#2911 =( GEOMETRIC_REPRESENTATION_CONTEXT ( 3 ) GLOBAL_UNCERTAINTY_ASSIGNED_CONTEXT ( ( #2780 ) ) GLOBAL_UNIT_ASSIGNED_CONTEXT ( ( #231, #10, #735 ) ) REPRESENTATION_CONTEXT ( 'NONE', 'WORKASPACE' ) );
#2912 = CIRCLE ( 'NONE', #151, 2.250000000000001776 ) ;
#2913 = CARTESIAN_POINT ( 'NONE',  ( 0.4335721768554647859, 0.000000000000000000, -8.495360011279245782 ) ) ;
#2914 = PRODUCT ( 'Front-Bottom-Suspension-Arm', 'Front-Bottom-Suspension-Arm', '', ( #2775 ) ) ;
#2915 = CIRCLE ( 'NONE', #204, 1.499999999999999556 ) ;
#2916 = ORIENTED_EDGE ( 'NONE', *, *, #3223, .T. ) ;
#2917 = DIRECTION ( 'NONE',  ( 0.000000000000000000, 1.000000000000000000, 0.000000000000000000 ) ) ;
#2918 = VECTOR ( 'NONE', #2694, 1000.000000000000000 ) ;
#2919 = CARTESIAN_POINT ( 'NONE',  ( 15.00000000000000533, 4.000000000000000000, 45.50000000000001421 ) ) ;
#2920 = VECTOR ( 'NONE', #706, 1000.000000000000000 ) ;
#2921 = VERTEX_POINT ( 'NONE', #1764 ) ;
#2922 = DIRECTION ( 'NONE',  ( 0.7071067811865513475, 0.000000000000000000, 0.7071067811865435759 ) ) ;
#2923 = ORIENTED_EDGE ( 'NONE', *, *, #1328, .T. ) ;
#2924 = DIRECTION ( 'NONE',  ( 0.000000000000000000, 0.000000000000000000, -1.000000000000000000 ) ) ;
#2925 = DIRECTION ( 'NONE',  ( -3.469446951953611033E-15, 0.000000000000000000, 1.000000000000000000 ) ) ;
#2926 = VECTOR ( 'NONE', #2689, 1000.000000000000000 ) ;
#2927 = DIRECTION ( 'NONE',  ( 0.000000000000000000, 0.000000000000000000, 1.000000000000000000 ) ) ;
#2928 = AXIS2_PLACEMENT_3D ( 'NONE', #2220, #1170, #2616 ) ;
#2929 = VECTOR ( 'NONE', #2511, 1000.000000000000000 ) ;
#2930 = AXIS2_PLACEMENT_3D ( 'NONE', #184, #3194, #2638 ) ;
#2931 = ORIENTED_EDGE ( 'NONE', *, *, #2538, .F. ) ;
#2932 = FACE_OUTER_BOUND ( 'NONE', #3030, .T. ) ;
#2933 = CARTESIAN_POINT ( 'NONE',  ( -4.509921866333773899, 0.000000000000000000, 29.62136715427950406 ) ) ;
#2934 = EDGE_LOOP ( 'NONE', ( #3149, #1952, #616, #1876 ) ) ;
#2935 = FACE_OUTER_BOUND ( 'NONE', #2640, .T. ) ;
#2936 = ORIENTED_EDGE ( 'NONE', *, *, #2989, .F. ) ;
#2937 = DIRECTION ( 'NONE',  ( -1.000000000000000000, -0.000000000000000000, -0.000000000000000000 ) ) ;
#2938 = CARTESIAN_POINT ( 'NONE',  ( 3.058495957738504689, 8.000000000000000000, -26.00000000000001776 ) ) ;
#2939 = CARTESIAN_POINT ( 'NONE',  ( 15.00000000000000711, 8.000000000000000000, 48.50000000000000711 ) ) ;
#2940 = ORIENTED_EDGE ( 'NONE', *, *, #2518, .F. ) ;
#2941 = CARTESIAN_POINT ( 'NONE',  ( 6.079005644279640741, 8.000000000000000000, -10.96952163640546019 ) ) ;
#2942 = ADVANCED_FACE ( 'NONE', ( #1566 ), #1840, .T. ) ;
#2943 = DIRECTION ( 'NONE',  ( -0.000000000000000000, 1.000000000000000000, -0.000000000000000000 ) ) ;
#2944 = CARTESIAN_POINT ( 'NONE',  ( -10.00000000000000711, 8.000000000000000000, -18.92893218813458134 ) ) ;
#2945 = CARTESIAN_POINT ( 'NONE',  ( 0.000000000000000000, 1.475053897948696680, -42.50000000000000000 ) ) ;
#2946 = EDGE_CURVE ( 'NONE', #2794, #802, #1993, .T. ) ;
#2947 = CARTESIAN_POINT ( 'NONE',  ( -7.048574091404733899, 8.000000000000000000, 20.18620068371831877 ) ) ;
#2948 = ORIENTED_EDGE ( 'NONE', *, *, #1862, .F. ) ;
#2949 = CARTESIAN_POINT ( 'NONE',  ( 15.00000000000000711, 0.000000000000000000, 48.50000000000000711 ) ) ;
#2950 = DIRECTION ( 'NONE',  ( 0.000000000000000000, -1.000000000000000000, 0.000000000000000000 ) ) ;
#2951 = DIRECTION ( 'NONE',  ( 0.000000000000000000, 0.000000000000000000, 1.000000000000000000 ) ) ;
#2952 = EDGE_CURVE ( 'NONE', #1750, #988, #51, .T. ) ;
#2953 = CARTESIAN_POINT ( 'NONE',  ( 20.00001200000000168, 5.463615420376137344, -0.3933357156481360750 ) ) ;
#2954 = EDGE_CURVE ( 'NONE', #196, #2001, #248, .T. ) ;
#2955 = ORIENTED_EDGE ( 'NONE', *, *, #1573, .T. ) ;
#2956 = DIRECTION ( 'NONE',  ( -0.000000000000000000, -1.000000000000000000, -0.000000000000000000 ) ) ;
#2957 = AXIS2_PLACEMENT_3D ( 'NONE', #77, #2065, #1058 ) ;
#2958 = CARTESIAN_POINT ( 'NONE',  ( -8.500000000000000000, 0.000000000000000000, 19.80756783799781573 ) ) ;
#2959 = ORIENTED_EDGE ( 'NONE', *, *, #1530, .F. ) ;
#2960 = EDGE_LOOP ( 'NONE', ( #1233, #540, #2792, #2406, #341, #1373, #2791 ) ) ;
#2961 = TOROIDAL_SURFACE ( 'NONE', #2037, 5.556990715552314164, 1.000000000000000000 ) ;
#2962 = DIRECTION ( 'NONE',  ( 0.000000000000000000, 0.000000000000000000, 1.000000000000000000 ) ) ;
#2963 = ORIENTED_EDGE ( 'NONE', *, *, #2482, .T. ) ;
#2964 = FACE_OUTER_BOUND ( 'NONE', #2141, .T. ) ;
#2965 = CARTESIAN_POINT ( 'NONE',  ( 19.00000000000001776, 8.000000000000000000, -5.499999999999990230 ) ) ;
#2966 = VECTOR ( 'NONE', #233, 1000.000000000000000 ) ;
#2967 = CIRCLE ( 'NONE', #1198, 1.500000000000000000 ) ;
#2968 = CARTESIAN_POINT ( 'NONE',  ( -3.058495957738506021, 0.000000000000000000, 30.00000000000000711 ) ) ;
#2969 = AXIS2_PLACEMENT_3D ( 'NONE', #2272, #1522, #2699 ) ;
#2970 = VERTEX_POINT ( 'NONE', #764 ) ;
#2971 = AXIS2_PLACEMENT_3D ( 'NONE', #1786, #755, #2962 ) ;
#2972 = DIRECTION ( 'NONE',  ( -0.000000000000000000, -1.000000000000000000, 0.000000000000000000 ) ) ;
#2973 = ADVANCED_FACE ( 'NONE', ( #1244 ), #2386, .T. ) ;
#2974 = CYLINDRICAL_SURFACE ( 'NONE', #1409, 1.502727392089428182 ) ;
#2975 = EDGE_LOOP ( 'NONE', ( #2940, #2514, #1073, #794 ) ) ;
#2976 = DIRECTION ( 'NONE',  ( 1.000000000000000000, -0.000000000000000000, -0.000000000000000000 ) ) ;
#2977 = DIRECTION ( 'NONE',  ( -0.000000000000000000, -1.000000000000000000, -0.000000000000000000 ) ) ;
#2978 = EDGE_LOOP ( 'NONE', ( #1435, #2812, #1292, #1705, #483, #23 ) ) ;
#2979 = CARTESIAN_POINT ( 'NONE',  ( 0.000000000000000000, 6.524946102051303320, -42.50000000000000000 ) ) ;
#2980 = EDGE_CURVE ( 'NONE', #2372, #1380, #804, .T. ) ;
#2981 = CARTESIAN_POINT ( 'NONE',  ( 4.509921866333772122, 0.000000000000000000, -24.12136715427951472 ) ) ;
#2982 = VERTEX_POINT ( 'NONE', #1751 ) ;
#2983 = DIRECTION ( 'NONE',  ( 0.000000000000000000, 1.000000000000000000, 0.000000000000000000 ) ) ;
#2984 = DIRECTION ( 'NONE',  ( -0.000000000000000000, -0.000000000000000000, -1.000000000000000000 ) ) ;
#2985 = ORIENTED_EDGE ( 'NONE', *, *, #2271, .F. ) ;
#2986 = CARTESIAN_POINT ( 'NONE',  ( 5.862068965517251762, 0.000000000000000000, -10.13793103448296407 ) ) ;
#2987 = PLANE ( 'NONE',  #1584 ) ;
#2988 = EDGE_CURVE ( 'NONE', #1380, #404, #2040, .T. ) ;
#2989 = EDGE_CURVE ( 'NONE', #2552, #3039, #2758, .T. ) ;
#2990 = ORIENTED_EDGE ( 'NONE', *, *, #1218, .F. ) ;
#2991 = FILL_AREA_STYLE_COLOUR ( '', #2870 ) ;
#2992 = EDGE_LOOP ( 'NONE', ( #3148, #680, #2201, #2592 ) ) ;
#2993 = LINE ( 'NONE', #3231, #891 ) ;
#2994 = ORIENTED_EDGE ( 'NONE', *, *, #472, .T. ) ;
#2995 = LINE ( 'NONE', #1294, #624 ) ;
#2996 = CARTESIAN_POINT ( 'NONE',  ( 20.00001200000000168, 4.000000000000000000, 1.040833981502675645E-14 ) ) ;
#2997 = EDGE_LOOP ( 'NONE', ( #291, #501, #1061, #1113, #1742, #1243, #67 ) ) ;
#2998 = CARTESIAN_POINT ( 'NONE',  ( 6.469771381095092089, 8.000000000000000000, -9.530228618905130844 ) ) ;
#2999 = LINE ( 'NONE', #2472, #1852 ) ;
#3000 = CIRCLE ( 'NONE', #1080, 4.677034015456362326 ) ;
#3001 = EDGE_CURVE ( 'NONE', #1921, #1575, #1004, .T. ) ;
#3002 = LINE ( 'NONE', #1490, #1046 ) ;
#3003 = ORIENTED_EDGE ( 'NONE', *, *, #2518, .T. ) ;
#3004 = AXIS2_PLACEMENT_3D ( 'NONE', #1263, #2984, #1783 ) ;
#3005 = ORIENTED_EDGE ( 'NONE', *, *, #2169, .F. ) ;
#3006 = SHAPE_DEFINITION_REPRESENTATION ( #1168, #1337 ) ;
#3007 = AXIS2_PLACEMENT_3D ( 'NONE', #372, #1621, #1643 ) ;
#3008 = EDGE_LOOP ( 'NONE', ( #850, #912, #294, #746, #451, #3003 ) ) ;
#3009 = CARTESIAN_POINT ( 'NONE',  ( -3.738238368627632813, 8.000000000000000000, 7.496580413072710947 ) ) ;
#3010 = AXIS2_PLACEMENT_3D ( 'NONE', #136, #2361, #1653 ) ;
#3011 = ORIENTED_EDGE ( 'NONE', *, *, #1179, .F. ) ;
#3012 = CARTESIAN_POINT ( 'NONE',  ( 5.189664277222909128, 0.000000000000000000, -1.617947567352241434 ) ) ;
#3013 = CARTESIAN_POINT ( 'NONE',  ( -8.500000000000005329, 0.000000000000000000, -15.30761184457497137 ) ) ;
#3014 = PRESENTATION_LAYER_ASSIGNMENT (  '', '', ( #1470 ) ) ;
#3015 = LINE ( 'NONE', #2285, #1778 ) ;
#3016 = EDGE_CURVE ( 'NONE', #1106, #2785, #831, .T. ) ;
#3017 = AXIS2_PLACEMENT_3D ( 'NONE', #2191, #1971, #2924 ) ;
#3018 = VECTOR ( 'NONE', #227, 1000.000000000000000 ) ;
#3019 = CARTESIAN_POINT ( 'NONE',  ( -8.500000000000000000, 0.000000000000000000, 3.807611844575137461 ) ) ;
#3020 = CARTESIAN_POINT ( 'NONE',  ( 20.00001200000000168, 4.000000000000000000, -1.502727392089417746 ) ) ;
#3021 = DIRECTION ( 'NONE',  ( 0.000000000000000000, 0.000000000000000000, -1.000000000000000000 ) ) ;
#3022 = CIRCLE ( 'NONE', #1640, 1.499999999999999556 ) ;
#3023 = CARTESIAN_POINT ( 'NONE',  ( 16.74999999999994316, 0.000000000000000000, 16.75000000000008882 ) ) ;
#3024 = ORIENTED_EDGE ( 'NONE', *, *, #111, .F. ) ;
#3025 = LINE ( 'NONE', #1987, #780 ) ;
#3026 = ORIENTED_EDGE ( 'NONE', *, *, #1991, .F. ) ;
#3027 = EDGE_LOOP ( 'NONE', ( #2717, #2113, #1615, #2623, #2254 ) ) ;
#3028 = LINE ( 'NONE', #2249, #519 ) ;
#3029 = UNCERTAINTY_MEASURE_WITH_UNIT (LENGTH_MEASURE( 1.000000000000000082E-05 ), #1577, 'distance_accuracy_value', 'NONE');
#3030 = EDGE_LOOP ( 'NONE', ( #2119, #2535, #1034, #2475 ) ) ;
#3031 = FACE_OUTER_BOUND ( 'NONE', #870, .T. ) ;
#3032 = DIRECTION ( 'NONE',  ( 0.000000000000000000, 0.000000000000000000, 1.000000000000000000 ) ) ;
#3033 = DIRECTION ( 'NONE',  ( 0.000000000000000000, 1.000000000000000000, 0.000000000000000000 ) ) ;
#3034 = FACE_OUTER_BOUND ( 'NONE', #1480, .T. ) ;
#3035 = CARTESIAN_POINT ( 'NONE',  ( -6.469771381095086760, 0.000000000000000000, 15.03022861890509709 ) ) ;
#3036 = CARTESIAN_POINT ( 'NONE',  ( 7.296786785746018467, 0.1016776160021954922, -49.14301610474120707 ) ) ;
#3037 = APPLICATION_CONTEXT ( 'automotive_design' ) ;
#3038 = DIRECTION ( 'NONE',  ( 0.000000000000000000, 0.000000000000000000, 1.000000000000000000 ) ) ;
#3039 = VERTEX_POINT ( 'NONE', #2783 ) ;
#3040 = EDGE_CURVE ( 'NONE', #1708, #2447, #2467, .T. ) ;
#3041 = FACE_OUTER_BOUND ( 'NONE', #3098, .T. ) ;
#3042 = ORIENTED_EDGE ( 'NONE', *, *, #2883, .T. ) ;
#3043 = EDGE_LOOP ( 'NONE', ( #348, #91, #767, #2890 ) ) ;
#3044 = CYLINDRICAL_SURFACE ( 'NONE', #1521, 2.250000000000001776 ) ;
#3045 = EDGE_CURVE ( 'NONE', #2190, #2390, #2588, .T. ) ;
#3046 = ORIENTED_EDGE ( 'NONE', *, *, #3048, .F. ) ;
#3047 = CARTESIAN_POINT ( 'NONE',  ( 0.000000000000000000, 7.000000000000000000, -42.50000000000000000 ) ) ;
#3048 = EDGE_CURVE ( 'NONE', #1323, #1750, #1672, .T. ) ;
#3049 = DIRECTION ( 'NONE',  ( -0.000000000000000000, -0.000000000000000000, 1.000000000000000000 ) ) ;
#3050 = ORIENTED_EDGE ( 'NONE', *, *, #1798, .T. ) ;
#3051 = CYLINDRICAL_SURFACE ( 'NONE', #1854, 1.499999999999999556 ) ;
#3052 = LINE ( 'NONE', #586, #527 ) ;
#3053 = DIRECTION ( 'NONE',  ( -0.000000000000000000, -1.000000000000000000, 0.000000000000000000 ) ) ;
#3054 = B_SPLINE_CURVE_WITH_KNOTS ( 'NONE', 3,
 ( #1871, #1605, #2337, #1376, #353, #2323, #2383, #844, #2887, #3145, #94, #401, #128, #2633 ),
 .UNSPECIFIED., .F., .F.,
 ( 4, 2, 2, 2, 2, 2, 4 ),
 ( 4.336808689942017736E-19, 0.0003919967293783146144, 0.0007839934587566287950, 0.001175990188134942976, 0.001567986917513257156, 0.002351980376269885518, 0.003135973835026513879 ),
 .UNSPECIFIED. ) ;
#3055 = ORIENTED_EDGE ( 'NONE', *, *, #591, .F. ) ;
#3056 = AXIS2_PLACEMENT_3D ( 'NONE', #2704, #1495, #2421 ) ;
#3057 = LINE ( 'NONE', #3077, #2293 ) ;
#3058 = APPLICATION_PROTOCOL_DEFINITION ( 'draft international standard', 'automotive_design', 1998, #880 ) ;
#3059 = EDGE_LOOP ( 'NONE', ( #1104, #2029, #2351, #356 ) ) ;
#3060 = AXIS2_PLACEMENT_3D ( 'NONE', #415, #2180, #2168 ) ;
#3061 = CARTESIAN_POINT ( 'NONE',  ( 7.439339828220153272, 0.000000000000000000, 28.93933982822018791 ) ) ;
#3062 = AXIS2_PLACEMENT_3D ( 'NONE', #1658, #2834, #2848 ) ;
#3063 = VECTOR ( 'NONE', #1880, 1000.000000000000000 ) ;
#3064 = VERTEX_POINT ( 'NONE', #1178 ) ;
#3065 = CARTESIAN_POINT ( 'NONE',  ( 10.00000000000000178, 8.000000000000000000, -9.621320343559874644 ) ) ;
#3066 = ORIENTED_EDGE ( 'NONE', *, *, #1193, .T. ) ;
#3067 = AXIS2_PLACEMENT_3D ( 'NONE', #337, #2786, #1604 ) ;
#3068 = CARTESIAN_POINT ( 'NONE',  ( 7.438706309825313667, 7.003799093228224137, -50.23478965182550837 ) ) ;
#3069 = AXIS2_PLACEMENT_3D ( 'NONE', #2502, #2282, #2761 ) ;
#3070 = DIRECTION ( 'NONE',  ( -0.000000000000000000, 1.000000000000000000, -0.000000000000000000 ) ) ;
#3071 = LINE ( 'NONE', #845, #2055 ) ;
#3072 = AXIS2_PLACEMENT_3D ( 'NONE', #1089, #1913, #2876 ) ;
#3073 = DIRECTION ( 'NONE',  ( 1.000000000000000000, 0.000000000000000000, 0.000000000000000000 ) ) ;
#3074 = CIRCLE ( 'NONE', #950, 1.502727392089428182 ) ;
#3075 = EDGE_LOOP ( 'NONE', ( #2400, #183, #360, #1286 ) ) ;
#3076 = ADVANCED_FACE ( 'NONE', ( #1440 ), #1684, .T. ) ;
#3077 = CARTESIAN_POINT ( 'NONE',  ( -4.999999999999993783, 8.000000000000000000, 48.50000000000000711 ) ) ;
#3078 = CIRCLE ( 'NONE', #1478, 1.500000000000001332 ) ;
#3079 = ORIENTED_EDGE ( 'NONE', *, *, #2250, .F. ) ;
#3080 = EDGE_LOOP ( 'NONE', ( #326, #1938, #2466, #670 ) ) ;
#3081 = DIRECTION ( 'NONE',  ( -1.000000000000000000, 0.000000000000000000, 2.312964634635742957E-16 ) ) ;
#3082 = CARTESIAN_POINT ( 'NONE',  ( 20.00001200000000168, 2.798318731382595459, -0.9234961898250058088 ) ) ;
#3083 = EDGE_CURVE ( 'NONE', #2837, #2921, #986, .T. ) ;
#3084 = ORIENTED_EDGE ( 'NONE', *, *, #2671, .F. ) ;
#3085 = DIRECTION ( 'NONE',  ( 0.000000000000000000, 0.000000000000000000, -1.000000000000000000 ) ) ;
#3086 = ORIENTED_EDGE ( 'NONE', *, *, #2989, .T. ) ;
#3087 = DIRECTION ( 'NONE',  ( -0.000000000000000000, -1.000000000000000000, -0.000000000000000000 ) ) ;
#3088 = DIRECTION ( 'NONE',  ( 0.000000000000000000, 0.000000000000000000, 1.000000000000000000 ) ) ;
#3089 = CARTESIAN_POINT ( 'NONE',  ( -7.417809903554491768, 7.224445012388786225, -50.08681822388211202 ) ) ;
#3090 = CARTESIAN_POINT ( 'NONE',  ( 9.465922759756258742, 0.000000000000000000, 1.158310915181073764 ) ) ;
#3091 = ORIENTED_EDGE ( 'NONE', *, *, #1757, .F. ) ;
#3092 = CARTESIAN_POINT ( 'NONE',  ( -4.999999999999993783, 0.000000000000000000, 38.50000000000000711 ) ) ;
#3093 = ADVANCED_FACE ( 'NONE', ( #2410 ), #2165, .F. ) ;
#3094 = VERTEX_POINT ( 'NONE', #2857 ) ;
#3095 = DIRECTION ( 'NONE',  ( 0.000000000000000000, 0.000000000000000000, -1.000000000000000000 ) ) ;
#3096 = DIRECTION ( 'NONE',  ( 0.000000000000000000, 0.000000000000000000, 1.000000000000000000 ) ) ;
#3097 = DIRECTION ( 'NONE',  ( 0.7071067811865450192, 0.000000000000000000, -0.7071067811865500152 ) ) ;
#3098 = EDGE_LOOP ( 'NONE', ( #2363, #2955 ) ) ;
#3099 = FACE_OUTER_BOUND ( 'NONE', #1828, .T. ) ;
#3100 = APPLICATION_CONTEXT ( 'automotive_design' ) ;
#3101 = EDGE_LOOP ( 'NONE', ( #1827, #749 ) ) ;
#3102 = CARTESIAN_POINT ( 'NONE',  ( -10.00000000000000000, 8.000000000000000000, 3.807611844575137905 ) ) ;
#3103 = CARTESIAN_POINT ( 'NONE',  ( 6.805350892692700645E-16, 1.000000000000000000, -48.05699071555231683 ) ) ;
#3104 = CARTESIAN_POINT ( 'NONE',  ( -6.378679656440334078, 0.000000000000000000, -24.50000000000001066 ) ) ;
#3105 = CARTESIAN_POINT ( 'NONE',  ( -10.00000000000000711, 0.000000000000000000, -18.92893218813458134 ) ) ;
#3106 = ORIENTED_EDGE ( 'NONE', *, *, #1634, .F. ) ;
#3107 = EDGE_CURVE ( 'NONE', #890, #1380, #1571, .T. ) ;
#3108 = EDGE_CURVE ( 'NONE', #1558, #1646, #3135, .T. ) ;
#3109 = DIRECTION ( 'NONE',  ( -0.9676172723968442524, 0.000000000000000000, -0.2524218971470016393 ) ) ;
#3110 = EDGE_CURVE ( 'NONE', #2569, #3219, #1654, .T. ) ;
#3111 = ORIENTED_EDGE ( 'NONE', *, *, #3107, .F. ) ;
#3112 = ORIENTED_EDGE ( 'NONE', *, *, #1509, .F. ) ;
#3113 = CARTESIAN_POINT ( 'NONE',  ( 14.81746531226169772, 0.000000000000000000, -19.53606364464083001 ) ) ;
#3114 = DIRECTION ( 'NONE',  ( -0.000000000000000000, 1.000000000000000000, -0.000000000000000000 ) ) ;
#3115 = CARTESIAN_POINT ( 'NONE',  ( 5.189664277222909128, 8.000000000000000000, -3.117947567352241212 ) ) ;
#3116 = AXIS2_PLACEMENT_3D ( 'NONE', #2090, #2784, #545 ) ;
#3117 = VERTEX_POINT ( 'NONE', #905 ) ;
#3118 = CIRCLE ( 'NONE', #885, 4.677034015456362326 ) ;
#3119 = DIRECTION ( 'NONE',  ( 0.000000000000000000, 1.000000000000000000, 0.000000000000000000 ) ) ;
#3120 = ORIENTED_EDGE ( 'NONE', *, *, #1404, .F. ) ;
#3121 = CARTESIAN_POINT ( 'NONE',  ( 6.939065425542453980, 8.000012000000001677, -43.40478674216043942 ) ) ;
#3122 = PLANE ( 'NONE',  #1417 ) ;
#3123 = EDGE_CURVE ( 'NONE', #2614, #2105, #761, .T. ) ;
#3124 = DIRECTION ( 'NONE',  ( -1.000000000000000000, 0.000000000000000000, 2.970688497941986867E-16 ) ) ;
#3125 = ORIENTED_EDGE ( 'NONE', *, *, #2657, .F. ) ;
#3126 = VECTOR ( 'NONE', #795, 1000.000000000000000 ) ;
#3127 = ORIENTED_EDGE ( 'NONE', *, *, #901, .T. ) ;
#3128 = CYLINDRICAL_SURFACE ( 'NONE', #691, 1.499999999999999556 ) ;
#3129 = AXIS2_PLACEMENT_3D ( 'NONE', #1926, #199, #429 ) ;
#3130 = CIRCLE ( 'NONE', #1741, 5.556990715552316829 ) ;
#3131 = ORIENTED_EDGE ( 'NONE', *, *, #2461, .F. ) ;
#3132 = CIRCLE ( 'NONE', #473, 2.250000000000001776 ) ;
#3133 = CARTESIAN_POINT ( 'NONE',  ( 7.439339828220187023, 0.000000000000000000, -8.560660171780046568 ) ) ;
#3134 = DIRECTION ( 'NONE',  ( 1.156482317317871331E-15, 0.000000000000000000, 1.000000000000000000 ) ) ;
#3135 = LINE ( 'NONE', #2660, #2644 ) ;
#3136 = AXIS2_PLACEMENT_3D ( 'NONE', #108, #2799, #1870 ) ;
#3137 = EDGE_CURVE ( 'NONE', #2751, #2258, #1932, .T. ) ;
#3138 = EDGE_CURVE ( 'NONE', #2262, #702, #1703, .T. ) ;
#3139 = EDGE_CURVE ( 'NONE', #637, #1024, #1617, .T. ) ;
#3140 = EDGE_CURVE ( 'NONE', #2460, #1461, #2232, .T. ) ;
#3141 = CARTESIAN_POINT ( 'NONE',  ( 0.000000000000000000, 6.000000000000000000, 48.50000000000000711 ) ) ;
#3142 = EDGE_CURVE ( 'NONE', #2970, #2025, #2878, .T. ) ;
#3143 = ORIENTED_EDGE ( 'NONE', *, *, #841, .T. ) ;
#3144 = CARTESIAN_POINT ( 'NONE',  ( 6.905262587976443989, 0.000000000000000000, 21.33419477611104398 ) ) ;
#3145 = CARTESIAN_POINT ( 'NONE',  ( -7.369000439596359087, 0.4001436998884769780, -49.72813838207667914 ) ) ;
#3146 = CARTESIAN_POINT ( 'NONE',  ( -15.00000000000000711, 2.000000000000000000, -48.49999999999999289 ) ) ;
#3147 = VERTEX_POINT ( 'NONE', #2394 ) ;
#3148 = ORIENTED_EDGE ( 'NONE', *, *, #703, .F. ) ;
#3149 = ORIENTED_EDGE ( 'NONE', *, *, #1295, .F. ) ;
#3150 = ORIENTED_EDGE ( 'NONE', *, *, #874, .T. ) ;
#3151 = DIRECTION ( 'NONE',  ( 1.000000000000000000, 0.000000000000000000, 0.000000000000000000 ) ) ;
#3152 = DIRECTION ( 'NONE',  ( -0.7071067811865523467, 0.000000000000000000, -0.7071067811865426878 ) ) ;
#3153 = LINE ( 'NONE', #2642, #2148 ) ;
#3154 = DIRECTION ( 'NONE',  ( 0.000000000000000000, -1.000000000000000000, 0.000000000000000000 ) ) ;
#3155 = B_SPLINE_CURVE_WITH_KNOTS ( 'NONE', 3,
 ( #658, #430, #1914, #2909, #1162, #2895, #3198, #470, #2178, #904 ),
 .UNSPECIFIED., .F., .F.,
 ( 4, 2, 2, 2, 4 ),
 ( 0.000000000000000000, 0.2346914948647626509, 0.4693829897295253017, 0.7040744845942878971, 0.9387659794590506035 ),
 .UNSPECIFIED. ) ;
#3156 = EDGE_CURVE ( 'NONE', #2281, #3117, #644, .T. ) ;
#3157 = DIRECTION ( 'NONE',  ( 1.000000000000000000, 0.000000000000000000, 4.625929269271487886E-16 ) ) ;
#3158 = ORIENTED_EDGE ( 'NONE', *, *, #2166, .T. ) ;
#3159 = CARTESIAN_POINT ( 'NONE',  ( -10.00000000000000000, 8.000000000000000000, 19.80756783799781573 ) ) ;
#3160 = CYLINDRICAL_SURFACE ( 'NONE', #358, 1.000000000000000888 ) ;
#3161 = CARTESIAN_POINT ( 'NONE',  ( -0.4335721768554595679, 8.000000000000000000, 13.99536001127922269 ) ) ;
#3162 = VERTEX_POINT ( 'NONE', #1128 ) ;
#3163 = DIRECTION ( 'NONE',  ( 0.000000000000000000, 0.000000000000000000, 1.000000000000000000 ) ) ;
#3164 = DIRECTION ( 'NONE',  ( 0.000000000000000000, 1.000000000000000000, 0.000000000000000000 ) ) ;
#3165 = DIRECTION ( 'NONE',  ( 0.000000000000000000, -0.000000000000000000, 1.000000000000000000 ) ) ;
#3166 = VECTOR ( 'NONE', #2305, 1000.000000000000000 ) ;
#3167 = VECTOR ( 'NONE', #1659, 1000.000000000000114 ) ;
#3168 = DIRECTION ( 'NONE',  ( -0.000000000000000000, 1.000000000000000000, -0.000000000000000000 ) ) ;
#3169 = PRODUCT_DEFINITION_SHAPE ( 'NONE', 'NONE',  #3235 ) ;
#3170 = STYLED_ITEM ( 'NONE', ( #1282 ), #2587 ) ;
#3171 = ORIENTED_EDGE ( 'NONE', *, *, #1877, .F. ) ;
#3172 = DIRECTION ( 'NONE',  ( -1.000000000000000000, 0.000000000000000000, 0.000000000000000000 ) ) ;
#3173 = PRESENTATION_LAYER_ASSIGNMENT (  '', '', ( #3170 ) ) ;
#3174 = LINE ( 'NONE', #438, #2530 ) ;
#3175 = AXIS2_PLACEMENT_3D ( 'NONE', #2762, #1261, #296 ) ;
#3176 = ORIENTED_EDGE ( 'NONE', *, *, #2271, .T. ) ;
#3177 = ORIENTED_EDGE ( 'NONE', *, *, #560, .F. ) ;
#3178 = CARTESIAN_POINT ( 'NONE',  ( 9.465922759756258742, 0.000000000000000000, 0.5369905716214249392 ) ) ;
#3179 = EDGE_CURVE ( 'NONE', #1575, #546, #2362, .T. ) ;
#3180 = ORIENTED_EDGE ( 'NONE', *, *, #2645, .F. ) ;
#3181 = SPHERICAL_SURFACE ( 'NONE', #1745, 5.315072906367322325 ) ;
#3182 = CARTESIAN_POINT ( 'NONE',  ( 10.00000000000000533, 0.000000000000000000, 31.50000000000001421 ) ) ;
#3183 = CIRCLE ( 'NONE', #3072, 5.122499389946279180 ) ;
#3184 = DIRECTION ( 'NONE',  ( -0.000000000000000000, -1.000000000000000000, -0.000000000000000000 ) ) ;
#3185 = AXIS2_PLACEMENT_3D ( 'NONE', #1781, #1276, #1030 ) ;
#3186 = AXIS2_PLACEMENT_3D ( 'NONE', #2945, #899, #2686 ) ;
#3187 = AXIS2_PLACEMENT_3D ( 'NONE', #1574, #375, #1805 ) ;
#3188 = VECTOR ( 'NONE', #1565, 1000.000000000000000 ) ;
#3189 = ORIENTED_EDGE ( 'NONE', *, *, #2234, .F. ) ;
#3190 = FACE_OUTER_BOUND ( 'NONE', #816, .T. ) ;
#3191 = DIRECTION ( 'NONE',  ( 1.156482317317870344E-15, 0.000000000000000000, 1.000000000000000000 ) ) ;
#3192 = EDGE_LOOP ( 'NONE', ( #385, #169, #1641, #2426 ) ) ;
#3193 = VERTEX_POINT ( 'NONE', #3115 ) ;
#3194 = DIRECTION ( 'NONE',  ( 0.000000000000000000, 1.000000000000000000, 0.000000000000000000 ) ) ;
#3195 = ORIENTED_EDGE ( 'NONE', *, *, #2160, .T. ) ;
#3196 = ADVANCED_FACE ( 'NONE', ( #884, #2627 ), #398, .F. ) ;
#3197 = CARTESIAN_POINT ( 'NONE',  ( 20.00000000000000000, 8.000000000000000000, -4.499999999999990230 ) ) ;
#3198 = CARTESIAN_POINT ( 'NONE',  ( -7.347061277437802573, 8.000012000000001677, -38.21747467401480236 ) ) ;
#3199 = EDGE_CURVE ( 'NONE', #3193, #2653, #1360, .T. ) ;
#3200 = EDGE_CURVE ( 'NONE', #7, #460, #1421, .T. ) ;
#3201 = CARTESIAN_POINT ( 'NONE',  ( 14.81746113994019964, 8.000006000000000839, -19.53606070408787332 ) ) ;
#3202 = ORIENTED_EDGE ( 'NONE', *, *, #2082, .T. ) ;
#3203 = CARTESIAN_POINT ( 'NONE',  ( 10.00000000000000000, 4.000000000000000000, -1.502727392089416858 ) ) ;
#3204 = LINE ( 'NONE', #1752, #765 ) ;
#3205 = EDGE_CURVE ( 'NONE', #1531, #740, #758, .T. ) ;
#3206 = EDGE_LOOP ( 'NONE', ( #776, #555, #854, #1388 ) ) ;
#3207 = CARTESIAN_POINT ( 'NONE',  ( 14.99999999999999645, 8.000000000000000000, -18.96008581238608315 ) ) ;
#3208 = DIRECTION ( 'NONE',  ( 0.000000000000000000, 0.000000000000000000, 1.000000000000000000 ) ) ;
#3209 = EDGE_CURVE ( 'NONE', #2851, #1964, #2480, .T. ) ;
#3210 = EDGE_LOOP ( 'NONE', ( #554, #237, #1400, #439, #2414, #2889, #1006, #1981, #666, #1561, #1600, #46, #2059, #89, #391, #2916, #42, #2081 ) ) ;
#3211 = ADVANCED_FACE ( 'NONE', ( #2008 ), #978, .F. ) ;
#3212 = DIRECTION ( 'NONE',  ( -1.000000000000000000, -0.000000000000000000, -0.000000000000000000 ) ) ;
#3213 = CARTESIAN_POINT ( 'NONE',  ( 6.079005644279640741, 0.000000000000000000, -10.96952163640546019 ) ) ;
#3214 = CARTESIAN_POINT ( 'NONE',  ( 20.00001200000000168, 4.393335715648145623, 1.463615420376148668 ) ) ;
#3215 = CIRCLE ( 'NONE', #620, 3.200000000000001066 ) ;
#3216 = ORIENTED_EDGE ( 'NONE', *, *, #1817, .F. ) ;
#3217 = DIRECTION ( 'NONE',  ( 8.673617379884035472E-17, 0.000000000000000000, 1.000000000000000000 ) ) ;
#3218 = CARTESIAN_POINT ( 'NONE',  ( -7.530431552874902401, 0.000000000000000000, 16.09088879068492517 ) ) ;
#3219 = VERTEX_POINT ( 'NONE', #2449 ) ;
#3220 = DIRECTION ( 'NONE',  ( 0.2524218971470015838, -0.000000000000000000, -0.9676172723968441414 ) ) ;
#3221 = VECTOR ( 'NONE', #1154, 1000.000000000000000 ) ;
#3222 = DIRECTION ( 'NONE',  ( 0.000000000000000000, -1.000000000000000000, 0.000000000000000000 ) ) ;
#3223 = EDGE_CURVE ( 'NONE', #2281, #752, #2193, .T. ) ;
#3224 = DIRECTION ( 'NONE',  ( 0.000000000000000000, 1.000000000000000000, 0.000000000000000000 ) ) ;
#3225 = AXIS2_PLACEMENT_3D ( 'NONE', #2910, #920, #673 ) ;
#3226 = ORIENTED_EDGE ( 'NONE', *, *, #1013, .F. ) ;
#3227 = SHAPE_REPRESENTATION ( 'Front-Suspension-Arm-Ball', ( #3056 ), #2911 ) ;
#3228 = CARTESIAN_POINT ( 'NONE',  ( 5.000000000000006217, 4.000000000000000000, 45.50000000000001421 ) ) ;
#3229 = CARTESIAN_POINT ( 'NONE',  ( 0.000000000000000000, 0.000000000000000000, 0.000000000000000000 ) ) ;
#3230 = AXIS2_PLACEMENT_3D ( 'NONE', #3047, #643, #1402 ) ;
#3231 = CARTESIAN_POINT ( 'NONE',  ( 19.00000000000003553, 8.000000000000000000, 14.50000000000001066 ) ) ;
#3232 = CIRCLE ( 'NONE', #1740, 1.500000000000001332 ) ;
#3233 = EDGE_CURVE ( 'NONE', #269, #619, #3000, .T. ) ;
#3234 = ADVANCED_FACE ( 'NONE', ( #1506 ), #1254, .F. ) ;
#3235 = NEXT_ASSEMBLY_USAGE_OCCURRENCE ( 'NAUO1', ' ', ' ', #461, #1280, $ ) ;
#3236 = NEXT_ASSEMBLY_USAGE_OCCURRENCE ( 'NAUO2', ' ', ' ', #461, #2295, $ ) ;
ENDSEC;
END-ISO-10303-21;
