ISO-10303-21;
HEADER;
FILE_DESCRIPTION (( 'STEP AP214' ),
    '1' );
FILE_NAME ('Front-Wheel-Hub-Left.STEP',
    '2026-06-29T18:24:34',
    ( '' ),
    ( '' ),
    'SwSTEP 2.0',
    'SolidWorks 2026',
    '' );
FILE_SCHEMA (( 'AUTOMOTIVE_DESIGN' ));
ENDSEC;

DATA;
#1 = CARTESIAN_POINT ( 'NONE',  ( 4.107245688807748429, -16.47393259747202521, 4.464373903662116838 ) ) ;
#2 = VERTEX_POINT ( 'NONE', #1930 ) ;
#3 = CARTESIAN_POINT ( 'NONE',  ( -27.50000000000000355, 0.9999999999999954481, 8.999999999999982236 ) ) ;
#4 = DIRECTION ( 'NONE',  ( 0.000000000000000000, -0.000000000000000000, 1.000000000000000000 ) ) ;
#5 = EDGE_LOOP ( 'NONE', ( #366, #2714, #2391, #1144, #1035, #1062 ) ) ;
#6 = CARTESIAN_POINT ( 'NONE',  ( -3.431543473520212828, 19.35186351939572802, 0.9124021153193601075 ) ) ;
#7 = CARTESIAN_POINT ( 'NONE',  ( -2.268845962256873516, 13.96788515798874819, 7.908710428011727522 ) ) ;
#8 = CARTESIAN_POINT ( 'NONE',  ( -4.688491114903915680, -14.96739341920081756, 4.845623778868413112 ) ) ;
#9 = ORIENTED_EDGE ( 'NONE', *, *, #1342, .F. ) ;
#10 = CARTESIAN_POINT ( 'NONE',  ( 9.083784480719026888, -6.679939735302222736, -0.1359210538151150172 ) ) ;
#11 = CARTESIAN_POINT ( 'NONE',  ( -2.959729717389731452, -7.000000000000007105, 0.000000000000000000 ) ) ;
#12 = CARTESIAN_POINT ( 'NONE',  ( 6.495819724679424922, 8.396275245554717159, 0.5397551910544408083 ) ) ;
#13 = ORIENTED_EDGE ( 'NONE', *, *, #2274, .F. ) ;
#14 = CARTESIAN_POINT ( 'NONE',  ( 11.99975909187160106, -7.243160885005011096, 2.499759091871596173 ) ) ;
#15 = DIRECTION ( 'NONE',  ( 1.000000000000000000, 0.000000000000000000, 0.000000000000000000 ) ) ;
#16 = CARTESIAN_POINT ( 'NONE',  ( 0.000000000000000000, 9.000000000000003553, 4.000000000000000000 ) ) ;
#17 = CARTESIAN_POINT ( 'NONE',  ( -23.50000000000000000, -9.500000000000005329, 4.000000000000002665 ) ) ;
#18 = CARTESIAN_POINT ( 'NONE',  ( 2.978876579673482627, 12.84509234301087233, 8.315493470322463665 ) ) ;
#19 = CARTESIAN_POINT ( 'NONE',  ( 11.58646527961104589, 7.465734512973232206, 9.913534720388971877 ) ) ;
#20 = ORIENTED_EDGE ( 'NONE', *, *, #266, .F. ) ;
#21 = CARTESIAN_POINT ( 'NONE',  ( 9.746582586574181306, -6.331071656114384716, -0.2990693535041251683 ) ) ;
#22 = AXIS2_PLACEMENT_3D ( 'NONE', #720, #2380, #2188 ) ;
#23 = FACE_OUTER_BOUND ( 'NONE', #1031, .T. ) ;
#24 = EDGE_CURVE ( 'NONE', #584, #1322, #1307, .T. ) ;
#25 = CARTESIAN_POINT ( 'NONE',  ( -11.99188629052471988, -7.232817015789614778, 2.174244700703418687 ) ) ;
#26 = ORIENTED_EDGE ( 'NONE', *, *, #727, .F. ) ;
#27 = AXIS2_PLACEMENT_3D ( 'NONE', #118, #1219, #1840 ) ;
#28 = CARTESIAN_POINT ( 'NONE',  ( -23.50000000000000355, -1.269649721404504998E-15, -1.795124125684485872 ) ) ;
#29 = AXIS2_PLACEMENT_3D ( 'NONE', #2026, #1620, #1899 ) ;
#30 = DIRECTION ( 'NONE',  ( -0.000000000000000000, -0.000000000000000000, 1.000000000000000000 ) ) ;
#31 = CARTESIAN_POINT ( 'NONE',  ( 0.5244773482347335758, -18.75914742981075989, 7.009539317841563033 ) ) ;
#32 = FACE_OUTER_BOUND ( 'NONE', #564, .T. ) ;
#33 = ORIENTED_EDGE ( 'NONE', *, *, #177, .F. ) ;
#34 = CIRCLE ( 'NONE', #618, 7.599999999999999645 ) ;
#35 = CARTESIAN_POINT ( 'NONE',  ( 6.629352025951219751, -11.67018313888292447, 4.059717540649003809 ) ) ;
#36 = CARTESIAN_POINT ( 'NONE',  ( -20.49999999999999645, -7.000000000000004441, 4.000000000000002665 ) ) ;
#37 = CARTESIAN_POINT ( 'NONE',  ( -9.874519506279524350, 7.380224598195127328, 11.62548049372047387 ) ) ;
#38 = CARTESIAN_POINT ( 'NONE',  ( 3.077073891184875620, -11.96826166877323239, 1.381237921807689784 ) ) ;
#39 = CARTESIAN_POINT ( 'NONE',  ( -11.60143631097705885, 7.457497683712828618, 9.922689622492692152 ) ) ;
#40 = CARTESIAN_POINT ( 'NONE',  ( -10.62035543384937064, -5.916263451552617347, -0.5029544788095927643 ) ) ;
#41 = ORIENTED_EDGE ( 'NONE', *, *, #1788, .T. ) ;
#42 = DIRECTION ( 'NONE',  ( -1.000000000000000000, 0.000000000000000000, 0.000000000000000000 ) ) ;
#43 = FACE_OUTER_BOUND ( 'NONE', #1709, .T. ) ;
#44 = CARTESIAN_POINT ( 'NONE',  ( 4.635077629718543868, 15.04804527272875347, 7.565637573940090732 ) ) ;
#45 = ORIENTED_EDGE ( 'NONE', *, *, #732, .F. ) ;
#46 = EDGE_CURVE ( 'NONE', #1594, #1897, #2523, .T. ) ;
#47 = CARTESIAN_POINT ( 'NONE',  ( 11.58646527961101924, -7.465734512973248194, 9.913534720388964772 ) ) ;
#48 = CARTESIAN_POINT ( 'NONE',  ( 0.5971686542829262034, 18.32013111943626171, 7.031047157472212206 ) ) ;
#49 = CARTESIAN_POINT ( 'NONE',  ( 4.160472772626880200, -11.33437715959435721, 8.995012860612094485 ) ) ;
#50 =( LENGTH_UNIT ( ) NAMED_UNIT ( * ) SI_UNIT ( .MILLI., .METRE. ) );
#51 = CARTESIAN_POINT ( 'NONE',  ( -26.50000000000000355, -7.000000000000004441, 4.000000000000002665 ) ) ;
#52 = FACE_OUTER_BOUND ( 'NONE', #55, .T. ) ;
#53 = CARTESIAN_POINT ( 'NONE',  ( -8.587637788402973982, -9.596185613455626040, 3.356627728875241523 ) ) ;
#54 = B_SPLINE_CURVE_WITH_KNOTS ( 'NONE', 3,
 ( #1539, #1790, #507, #314 ),
 .UNSPECIFIED., .F., .F.,
 ( 4, 4 ),
 ( 0.003070083554453891146, 0.004017222671417026991 ),
 .UNSPECIFIED. ) ;
#55 = EDGE_LOOP ( 'NONE', ( #1728, #395 ) ) ;
#56 = DIRECTION ( 'NONE',  ( 0.000000000000000000, 0.000000000000000000, -1.000000000000000000 ) ) ;
#57 = CARTESIAN_POINT ( 'NONE',  ( 5.149383008218082480, 13.95830562648048634, 7.873388742032169318 ) ) ;
#58 = ORIENTED_EDGE ( 'NONE', *, *, #809, .F. ) ;
#59 = LINE ( 'NONE', #471, #1214 ) ;
#60 = EDGE_CURVE ( 'NONE', #2335, #2, #1994, .T. ) ;
#61 = CARTESIAN_POINT ( 'NONE',  ( -5.099999999999999645, 6.245698675651499853E-16, 6.999999999999999112 ) ) ;
#62 = EDGE_CURVE ( 'NONE', #608, #2116, #1898, .T. ) ;
#63 = CARTESIAN_POINT ( 'NONE',  ( 0.4877036544836538257, -19.00000000000000711, 7.000000000000000000 ) ) ;
#64 = CARTESIAN_POINT ( 'NONE',  ( 3.617212707338170130, -18.25316253091504137, 1.181234542050609182 ) ) ;
#65 = CARTESIAN_POINT ( 'NONE',  ( 2.959729717389728343, 7.000000000000008882, 0.000000000000000000 ) ) ;
#66 = CARTESIAN_POINT ( 'NONE',  ( -11.37635371816191032, -7.566354098887821955, 2.371656820403346355 ) ) ;
#67 = EDGE_LOOP ( 'NONE', ( #2657, #1652, #1161, #1440, #2688, #604 ) ) ;
#68 = CIRCLE ( 'NONE', #1387, 4.000000000000000000 ) ;
#69 = CARTESIAN_POINT ( 'NONE',  ( 10.37169088772108161, 7.598139268047080286, 0.8716908877210862716 ) ) ;
#70 = AXIS2_PLACEMENT_3D ( 'NONE', #2654, #1611, #2641 ) ;
#71 = CARTESIAN_POINT ( 'NONE',  ( 6.450569636609293056, 11.89688522377547208, 8.675701381127899126 ) ) ;
#72 = EDGE_LOOP ( 'NONE', ( #745, #1486, #2044, #1615, #839 ) ) ;
#73 = VECTOR ( 'NONE', #2349, 1000.000000000000000 ) ;
#74 = CARTESIAN_POINT ( 'NONE',  ( -0.7967502744303885942, -19.00000000000000000, 1.021361832593924435 ) ) ;
#75 = AXIS2_PLACEMENT_3D ( 'NONE', #1961, #2197, #320 ) ;
#76 = CARTESIAN_POINT ( 'NONE',  ( -12.50000000000000711, -7.000000000000006217, 0.000000000000000000 ) ) ;
#77 = CARTESIAN_POINT ( 'NONE',  ( -12.50000000000000533, -19.86675810436812739, 25.98021945048349579 ) ) ;
#78 = EDGE_CURVE ( 'NONE', #2059, #1793, #2142, .T. ) ;
#79 = CARTESIAN_POINT ( 'NONE',  ( -8.247325407180568391, 9.900319117878810360, 1.057130033441996186 ) ) ;
#80 = CARTESIAN_POINT ( 'NONE',  ( -3.327391041976222041, -11.62068896251336270, 1.332104342360148186 ) ) ;
#81 = ORIENTED_EDGE ( 'NONE', *, *, #1139, .T. ) ;
#82 = CARTESIAN_POINT ( 'NONE',  ( 3.160567588051309329, -19.00000000000000000, 2.733751884830584178 ) ) ;
#83 = CARTESIAN_POINT ( 'NONE',  ( 6.180746973777679010, 9.379848053645698513, 10.12852784734050893 ) ) ;
#84 = VERTEX_POINT ( 'NONE', #414 ) ;
#85 = CARTESIAN_POINT ( 'NONE',  ( 6.034154557932422058, 8.766651777557930458, 0.6631066528515440206 ) ) ;
#86 = CARTESIAN_POINT ( 'NONE',  ( 2.853045056788392042, -19.00000000000000355, 5.878922875126826320 ) ) ;
#87 = B_SPLINE_CURVE_WITH_KNOTS ( 'NONE', 3,
 ( #482, #274, #1945, #986, #1984, #2208, #1000, #110, #2196, #1768, #565, #346, #319, #1362, #1781, #2001 ),
 .UNSPECIFIED., .F., .F.,
 ( 4, 2, 2, 2, 2, 2, 2, 4 ),
 ( 7.589415207398531038E-19, 0.0005766564560093321180, 0.001153312912018663369, 0.001729969368027994836, 0.002306625824037326303, 0.002883282280046657771, 0.003459938736055989238, 0.004613251648074650872 ),
 .UNSPECIFIED. ) ;
#88 = CARTESIAN_POINT ( 'NONE',  ( 2.975977888954914441, -12.84909306762738623, 8.313820253158718643 ) ) ;
#89 = DIRECTION ( 'NONE',  ( 0.000000000000000000, 0.000000000000000000, 1.000000000000000000 ) ) ;
#90 = CARTESIAN_POINT ( 'NONE',  ( 9.187934635058764954, 6.961855764850771955, 0.000000000000000000 ) ) ;
#91 = CARTESIAN_POINT ( 'NONE',  ( 3.424654528014500876, -19.43354880242274163, 4.079753635338320805 ) ) ;
#92 = B_SPLINE_CURVE_WITH_KNOTS ( 'NONE', 3,
 ( #446, #2341, #887, #1328, #1478, #1276, #1290, #1102, #18, #221, #1112, #869, #1928, #1318, #2561, #1914, #48, #679 ),
 .UNSPECIFIED., .F., .F.,
 ( 4, 2, 2, 2, 2, 2, 2, 2, 4 ),
 ( 0.0003347737932915840217, 0.004419391329822503454, 0.006461700098087963876, 0.008504008866353425164, 0.01054631763461888472, 0.01156747201875161710, 0.01258862640288434774, 0.01463093517114981770, 0.01667324393941528593 ),
 .UNSPECIFIED. ) ;
#93 = CARTESIAN_POINT ( 'NONE',  ( -5.354860363949468294, 13.61661811559523549, 1.582916148502554687 ) ) ;
#94 = CARTESIAN_POINT ( 'NONE',  ( 10.11260103619787998, 8.350801689023116481, 2.801668287780814559 ) ) ;
#95 = CARTESIAN_POINT ( 'NONE',  ( -4.986075232850181393, -14.33526385161026617, 4.493343097287990417 ) ) ;
#96 = EDGE_CURVE ( 'NONE', #387, #584, #655, .T. ) ;
#97 = VERTEX_POINT ( 'NONE', #2204 ) ;
#98 = CARTESIAN_POINT ( 'NONE',  ( -9.933802442120285292, 7.365872462241794594, 0.4271813488011461102 ) ) ;
#99 = CARTESIAN_POINT ( 'NONE',  ( 0.3891571885155306609, -19.00000000000000711, 1.000000000000000000 ) ) ;
#100 = DIRECTION ( 'NONE',  ( -1.000000000000000000, -2.168404344971008868E-16, 0.000000000000000000 ) ) ;
#101 = VERTEX_POINT ( 'NONE', #63 ) ;
#102 = CARTESIAN_POINT ( 'NONE',  ( 9.047514135391063306, 6.649726196938735789, -0.1401258527321729008 ) ) ;
#103 = CARTESIAN_POINT ( 'NONE',  ( -9.746207828731145995, -7.271511787758881518, 11.75379217128049447 ) ) ;
#104 = CARTESIAN_POINT ( 'NONE',  ( 3.367727551976830824, -20.08311480859636333, 3.887340964807316723 ) ) ;
#105 = CARTESIAN_POINT ( 'NONE',  ( -12.35418021840108516, 7.063729893957833461, 0.1087304817569102189 ) ) ;
#106 = CARTESIAN_POINT ( 'NONE',  ( -11.50883431054447925, 7.508381471549779640, 9.999586907465126018 ) ) ;
#107 = CARTESIAN_POINT ( 'NONE',  ( -4.405229785923806318, -15.64254460119479972, 4.544970831744040929 ) ) ;
#108 = EDGE_LOOP ( 'NONE', ( #2240, #580, #2077, #678, #2106, #1660 ) ) ;
#109 = EDGE_CURVE ( 'NONE', #1347, #2199, #1657, .T. ) ;
#110 = CARTESIAN_POINT ( 'NONE',  ( -2.294490618869295950, -18.99999999999999289, 6.414597806699600113 ) ) ;
#111 = CARTESIAN_POINT ( 'NONE',  ( 1.653273178848926374E-16, -19.00000000000000355, 5.350000000000000533 ) ) ;
#112 = DIRECTION ( 'NONE',  ( 0.000000000000000000, -0.000000000000000000, 1.000000000000000000 ) ) ;
#113 = ORIENTED_EDGE ( 'NONE', *, *, #1531, .T. ) ;
#114 = EDGE_CURVE ( 'NONE', #474, #2354, #669, .T. ) ;
#115 = CARTESIAN_POINT ( 'NONE',  ( 10.66723324990030441, 7.948074969715444915, 2.594410235580836499 ) ) ;
#116 = CARTESIAN_POINT ( 'NONE',  ( 1.050430766273278360, -15.93970146996925585, 1.495609787483105357 ) ) ;
#117 = AXIS2_PLACEMENT_3D ( 'NONE', #2520, #2097, #1291 ) ;
#118 = CARTESIAN_POINT ( 'NONE',  ( 0.000000000000000000, 0.000000000000000000, 7.000000000000000000 ) ) ;
#119 = B_SPLINE_CURVE_WITH_KNOTS ( 'NONE', 3,
 ( #1946, #1107, #275, #2148, #1121, #69, #688, #2350, #924, #2337, #1744, #2530 ),
 .UNSPECIFIED., .F., .F.,
 ( 4, 2, 2, 2, 2, 4 ),
 ( 0.000000000000000000, 0.0008491826968236317573, 0.001698365393647263515, 0.002547548090470895272, 0.002972139438882710934, 0.003396730787294527029 ),
 .UNSPECIFIED. ) ;
#120 = VECTOR ( 'NONE', #919, 1000.000000000000000 ) ;
#121 = CYLINDRICAL_SURFACE ( 'NONE', #380, 19.00000000000000000 ) ;
#122 = CARTESIAN_POINT ( 'NONE',  ( -6.191150949962825223, -9.371246227403815965, 10.13421301750669912 ) ) ;
#123 = CARTESIAN_POINT ( 'NONE',  ( -9.767423758965207981, -7.231088972867319775, 0.2674237589652231351 ) ) ;
#124 = CARTESIAN_POINT ( 'NONE',  ( -1.611216267122159707, -14.54100635640337025, 1.544487579488236673 ) ) ;
#125 = ORIENTED_EDGE ( 'NONE', *, *, #899, .F. ) ;
#126 = CARTESIAN_POINT ( 'NONE',  ( -12.50000000000000355, 7.000000000000002665, 9.359281115502165349 ) ) ;
#127 = CARTESIAN_POINT ( 'NONE',  ( 12.50000000000000000, 7.000000000000002665, 2.999999999999995559 ) ) ;
#128 = CARTESIAN_POINT ( 'NONE',  ( -4.161145752025760203, -11.33364610639509529, 8.995397283345287320 ) ) ;
#129 = VERTEX_POINT ( 'NONE', #299 ) ;
#130 = B_SPLINE_CURVE_WITH_KNOTS ( 'NONE', 3,
 ( #520, #822, #408, #1866, #2120, #1068, #1082, #1056, #2105, #1243, #1446, #1896 ),
 .UNSPECIFIED., .F., .F.,
 ( 4, 2, 2, 2, 2, 4 ),
 ( 0.001149568786926427567, 0.004316143749546991031, 0.007482718712167554277, 0.01064929367478811666, 0.01223258115609839741, 0.01381586863740867990 ),
 .UNSPECIFIED. ) ;
#131 = EDGE_CURVE ( 'NONE', #2693, #617, #541, .T. ) ;
#132 = FACE_OUTER_BOUND ( 'NONE', #691, .T. ) ;
#133 = CARTESIAN_POINT ( 'NONE',  ( -11.13933957698422006, 7.707906434945370755, 11.33112346358960565 ) ) ;
#134 = EDGE_CURVE ( 'NONE', #1833, #2059, #698, .T. ) ;
#135 = CARTESIAN_POINT ( 'NONE',  ( 0.000000000000000000, 0.000000000000000000, 12.00000000000000000 ) ) ;
#136 = CARTESIAN_POINT ( 'NONE',  ( -2.274228571180634706, 13.96063679347791187, 7.911821230713728781 ) ) ;
#137 = CARTESIAN_POINT ( 'NONE',  ( 3.494241592214176517, 19.00000000000001066, 3.890876257719208642 ) ) ;
#138 = ORIENTED_EDGE ( 'NONE', *, *, #1927, .F. ) ;
#139 = CARTESIAN_POINT ( 'NONE',  ( -11.60143631097705885, 7.457497683712828618, 9.922689622492692152 ) ) ;
#140 = CARTESIAN_POINT ( 'NONE',  ( 1.383132945996765173, -18.99999999999999289, 1.163915793053896364 ) ) ;
#141 = ORIENTED_EDGE ( 'NONE', *, *, #1160, .F. ) ;
#142 = CARTESIAN_POINT ( 'NONE',  ( 8.481279699368462488, -9.694244994950230065, 7.793346113123523544 ) ) ;
#143 = DIRECTION ( 'NONE',  ( -0.000000000000000000, -0.000000000000000000, 1.000000000000000000 ) ) ;
#144 = CARTESIAN_POINT ( 'NONE',  ( 0.000000000000000000, 0.000000000000000000, -5.795124125684485428 ) ) ;
#145 = DIRECTION ( 'NONE',  ( 1.000000000000000000, 8.360113137237623735E-17, -0.000000000000000000 ) ) ;
#146 = EDGE_CURVE ( 'NONE', #1007, #101, #1964, .T. ) ;
#147 = DIRECTION ( 'NONE',  ( -0.000000000000000000, -0.000000000000000000, 1.000000000000000000 ) ) ;
#148 = CARTESIAN_POINT ( 'NONE',  ( -12.53200076013713904, 4.415979567619077173, 1.438996634219797510 ) ) ;
#149 = ORIENTED_EDGE ( 'NONE', *, *, #1491, .T. ) ;
#150 = FACE_OUTER_BOUND ( 'NONE', #2551, .T. ) ;
#151 = DIRECTION ( 'NONE',  ( 0.000000000000000000, -0.000000000000000000, -1.000000000000000000 ) ) ;
#152 = CYLINDRICAL_SURFACE ( 'NONE', #1958, 4.000000000000000000 ) ;
#153 = ORIENTED_EDGE ( 'NONE', *, *, #2508, .F. ) ;
#154 = ORIENTED_EDGE ( 'NONE', *, *, #782, .F. ) ;
#155 = CARTESIAN_POINT ( 'NONE',  ( -10.51270774244229322, -7.529820340560549496, 0.8628699155363812601 ) ) ;
#156 = CARTESIAN_POINT ( 'NONE',  ( -0.5931865240481887236, 19.00000000000000000, 1.000000000000000000 ) ) ;
#157 = AXIS2_PLACEMENT_3D ( 'NONE', #1953, #1339, #2154 ) ;
#158 = DIRECTION ( 'NONE',  ( -8.360113137237623735E-17, 1.000000000000000000, -1.301042606982605321E-16 ) ) ;
#159 = CARTESIAN_POINT ( 'NONE',  ( 0.000000000000000000, 0.000000000000000000, 12.83754702475472165 ) ) ;
#160 = ORIENTED_EDGE ( 'NONE', *, *, #681, .F. ) ;
#161 = ADVANCED_FACE ( 'NONE', ( #323 ), #910, .T. ) ;
#162 =( BOUNDED_CURVE ( )  B_SPLINE_CURVE ( 3, ( #668, #1732, #2575, #459 ),
 .UNSPECIFIED., .F., .F. ) 
 B_SPLINE_CURVE_WITH_KNOTS ( ( 4, 4 ),
 ( 1.067277504373826291, 1.131376256333577190 ),
 .UNSPECIFIED. ) 
 CURVE ( )  GEOMETRIC_REPRESENTATION_ITEM ( )  RATIONAL_B_SPLINE_CURVE ( ( 1.000000000000000000, 0.9996576418060634239, 0.9996576418060634239, 1.000000000000000000 ) ) 
 REPRESENTATION_ITEM ( '' )  );
#163 = CARTESIAN_POINT ( 'NONE',  ( -12.35208533430838074, -7.000000000000004441, 1.431562019648620732 ) ) ;
#164 = CARTESIAN_POINT ( 'NONE',  ( -20.77072699855996163, -7.000000000000006217, -4.719345198655961582 ) ) ;
#165 = ORIENTED_EDGE ( 'NONE', *, *, #1279, .F. ) ;
#166 = EDGE_CURVE ( 'NONE', #273, #1983, #1851, .T. ) ;
#167 = PLANE ( 'NONE',  #1653 ) ;
#168 = CARTESIAN_POINT ( 'NONE',  ( 11.12356566741951625, -7.717224126597796996, 11.32335047644176029 ) ) ;
#169 = VERTEX_POINT ( 'NONE', #1216 ) ;
#170 = ADVANCED_FACE ( 'NONE', ( #1040 ), #650, .T. ) ;
#171 = CARTESIAN_POINT ( 'NONE',  ( -11.32842712474578484, -7.584888519983877586, 10.17157287525420095 ) ) ;
#172 = CARTESIAN_POINT ( 'NONE',  ( 5.305355869430647964, -13.72078945554385676, 4.433871370436151871 ) ) ;
#173 = CARTESIAN_POINT ( 'NONE',  ( -12.64892005457782176, 3.907265410463146349, 9.294902474851143737 ) ) ;
#174 = CARTESIAN_POINT ( 'NONE',  ( 0.000000000000000000, 0.000000000000000000, 12.83754702475472165 ) ) ;
#175 = ORIENTED_EDGE ( 'NONE', *, *, #2025, .F. ) ;
#176 = CARTESIAN_POINT ( 'NONE',  ( 3.499108362823687646, 19.00000000000000355, 4.093404138086116362 ) ) ;
#177 = EDGE_CURVE ( 'NONE', #1746, #1696, #1581, .T. ) ;
#178 = CARTESIAN_POINT ( 'NONE',  ( -8.591210289789440679, -9.588879240804324411, 7.875671185814806741 ) ) ;
#179 = ORIENTED_EDGE ( 'NONE', *, *, #1591, .T. ) ;
#180 = CARTESIAN_POINT ( 'NONE',  ( 10.59524686446654762, -8.004558297155565327, 9.311184059602073404 ) ) ;
#181 = CARTESIAN_POINT ( 'NONE',  ( 0.000000000000000000, -9.000000000000003553, 2.649999999999999911 ) ) ;
#182 = EDGE_LOOP ( 'NONE', ( #202, #551, #808, #522, #1149, #2464 ) ) ;
#183 = CARTESIAN_POINT ( 'NONE',  ( -1.943846502778421081, 14.56346864674144648, 7.724299455698994343 ) ) ;
#184 = FACE_OUTER_BOUND ( 'NONE', #2186, .T. ) ;
#185 = EDGE_LOOP ( 'NONE', ( #360, #1274, #949, #646, #2194, #815 ) ) ;
#186 = CARTESIAN_POINT ( 'NONE',  ( 2.852004555836587407, 19.00000000000000355, 5.880244227301329119 ) ) ;
#187 = CARTESIAN_POINT ( 'NONE',  ( -12.49999999999999467, -7.000000000000007994, 2.027944958555210508 ) ) ;
#188 = ORIENTED_EDGE ( 'NONE', *, *, #552, .T. ) ;
#189 = CARTESIAN_POINT ( 'NONE',  ( 3.390720600052419265, -12.27550534654674586, 8.553212115492453194 ) ) ;
#190 = DIRECTION ( 'NONE',  ( 1.369518533665900065E-16, -1.000000000000000000, 0.000000000000000000 ) ) ;
#191 = ORIENTED_EDGE ( 'NONE', *, *, #552, .F. ) ;
#192 = EDGE_CURVE ( 'NONE', #332, #84, #765, .T. ) ;
#193 = CARTESIAN_POINT ( 'NONE',  ( -0.7416658082347591385, 17.75204256712616058, 7.095267450662697151 ) ) ;
#194 = VECTOR ( 'NONE', #1977, 1000.000000000000000 ) ;
#195 = CARTESIAN_POINT ( 'NONE',  ( 11.75456251881261593, 7.374438569423014123, 2.254562518802821991 ) ) ;
#196 = CARTESIAN_POINT ( 'NONE',  ( -23.50000000000000355, 0.9999999999999945599, -1.795124125684485872 ) ) ;
#197 = CARTESIAN_POINT ( 'NONE',  ( -10.73976392704006777, 7.696250705553536520, 10.76023607295992157 ) ) ;
#198 = VECTOR ( 'NONE', #1834, 1000.000000000000000 ) ;
#199 = CARTESIAN_POINT ( 'NONE',  ( 10.27525824441169178, -8.246828618292450841, 0.5706341483218224653 ) ) ;
#200 = CARTESIAN_POINT ( 'NONE',  ( -13.51350502796277020, 2.332696541515523414, 1.334583193554966574 ) ) ;
#201 = CARTESIAN_POINT ( 'NONE',  ( 2.695841267461634327, 12.53895545609715789, 1.447403733383169078 ) ) ;
#202 = ORIENTED_EDGE ( 'NONE', *, *, #2394, .F. ) ;
#203 = AXIS2_PLACEMENT_3D ( 'NONE', #1574, #363, #100 ) ;
#204 = DIRECTION ( 'NONE',  ( 0.000000000000000000, 1.445602896647338917E-16, 1.000000000000000000 ) ) ;
#205 = CARTESIAN_POINT ( 'NONE',  ( 3.747781192622883228, -17.73408827906050789, 4.160265529002099782 ) ) ;
#206 = LINE ( 'NONE', #1030, #1863 ) ;
#207 = ORIENTED_EDGE ( 'NONE', *, *, #1689, .T. ) ;
#208 = CARTESIAN_POINT ( 'NONE',  ( -14.15685424949238502, -7.000000000000002665, 12.99999999999998224 ) ) ;
#209 = CARTESIAN_POINT ( 'NONE',  ( -1.383132945996926155, 19.00000000000000355, 1.163915793053953207 ) ) ;
#210 = CARTESIAN_POINT ( 'NONE',  ( -4.409179064539895165, -15.59561885520454361, 7.434332283309735168 ) ) ;
#211 = ORIENTED_EDGE ( 'NONE', *, *, #866, .F. ) ;
#212 = CARTESIAN_POINT ( 'NONE',  ( 9.107689474961709664, -9.134127850576808427, 3.165885624844514190 ) ) ;
#213 = CYLINDRICAL_SURFACE ( 'NONE', #1263, 1.350000000000000533 ) ;
#214 = CARTESIAN_POINT ( 'NONE',  ( 3.805490613188251992, 11.02036396220880832, 1.226932447456793751 ) ) ;
#215 = ORIENTED_EDGE ( 'NONE', *, *, #461, .T. ) ;
#216 = CARTESIAN_POINT ( 'NONE',  ( -12.50000000000000888, 19.00000000000000000, 7.000000000000000000 ) ) ;
#217 = CARTESIAN_POINT ( 'NONE',  ( 3.662818458290291623, -18.09084825573423316, 7.049247786102473157 ) ) ;
#218 = CARTESIAN_POINT ( 'NONE',  ( 7.599999999999999645, 9.307315673519885459E-16, 7.000000000000000000 ) ) ;
#219 = EDGE_LOOP ( 'NONE', ( #328, #989, #844, #938 ) ) ;
#220 = CARTESIAN_POINT ( 'NONE',  ( -4.920939626676753775, 14.46664522044571122, 1.588109678861938878 ) ) ;
#221 = CARTESIAN_POINT ( 'NONE',  ( 2.454303275807486084, 13.67511520768324296, 8.014971282296864175 ) ) ;
#222 = ADVANCED_FACE ( 'NONE', ( #1286, #2104 ), #2119, .F. ) ;
#223 = CARTESIAN_POINT ( 'NONE',  ( -3.810701688841395374, 11.01434736205806253, 1.225704598828365466 ) ) ;
#224 = CARTESIAN_POINT ( 'NONE',  ( 0.000000000000000000, 0.000000000000000000, 0.000000000000000000 ) ) ;
#225 = VERTEX_POINT ( 'NONE', #1925 ) ;
#226 = ADVANCED_FACE ( 'NONE', ( #43 ), #234, .F. ) ;
#227 = CARTESIAN_POINT ( 'NONE',  ( 4.704534670374775018, -14.93073466125797566, 4.530200198002560796 ) ) ;
#228 = CARTESIAN_POINT ( 'NONE',  ( -14.76910595729634323, 1.377891894492016878, 0.8135183499783427141 ) ) ;
#229 = DIRECTION ( 'NONE',  ( 0.000000000000000000, 0.000000000000000000, -1.000000000000000000 ) ) ;
#230 = VERTEX_POINT ( 'NONE', #647 ) ;
#231 = FACE_OUTER_BOUND ( 'NONE', #770, .T. ) ;
#232 = CARTESIAN_POINT ( 'NONE',  ( -23.50000000000000000, -9.500000000000005329, 2.500000000000001776 ) ) ;
#233 = DIRECTION ( 'NONE',  ( -8.360113137237623735E-17, 1.000000000000000000, -1.301042606982605321E-16 ) ) ;
#234 = CYLINDRICAL_SURFACE ( 'NONE', #2086, 15.99999999999999645 ) ;
#235 = DIRECTION ( 'NONE',  ( 8.360113137237623735E-17, -1.000000000000000000, -0.000000000000000000 ) ) ;
#236 = ORIENTED_EDGE ( 'NONE', *, *, #568, .T. ) ;
#237 = CARTESIAN_POINT ( 'NONE',  ( -4.046060452512778127, 16.61955624920308239, 4.522415983675514006 ) ) ;
#238 = DIRECTION ( 'NONE',  ( 0.000000000000000000, -1.000000000000000000, 0.000000000000000000 ) ) ;
#239 = CARTESIAN_POINT ( 'NONE',  ( -2.881375264601310882, 12.27412004413826629, 1.412778268513672941 ) ) ;
#240 =( NAMED_UNIT ( * ) PLANE_ANGLE_UNIT ( ) SI_UNIT ( $, .RADIAN. ) );
#241 = B_SPLINE_CURVE_WITH_KNOTS ( 'NONE', 3,
 ( #2260, #1659, #2692, #2493, #628, #1048, #616, #2706, #398, #1451, #795, #1222 ),
 .UNSPECIFIED., .F., .F.,
 ( 4, 2, 2, 2, 2, 4 ),
 ( 0.000000000000000000, 0.0007259217535392506688, 0.001088882630308872588, 0.001451843507078494615, 0.002177765260617738237, 0.002903687014156982726 ),
 .UNSPECIFIED. ) ;
#242 = CARTESIAN_POINT ( 'NONE',  ( -11.32842712474619518, 7.584888519983734589, 10.17157287525379417 ) ) ;
#243 = CARTESIAN_POINT ( 'NONE',  ( 1.966640817377036221, -13.81099673049977028, 1.531731123057116895 ) ) ;
#244 = CARTESIAN_POINT ( 'NONE',  ( 0.000000000000000000, -9.000000000000003553, 2.649999999999999911 ) ) ;
#245 = CARTESIAN_POINT ( 'NONE',  ( 8.552551158178493651, 7.000000000000006217, 0.000000000000000000 ) ) ;
#246 = EDGE_CURVE ( 'NONE', #1336, #2116, #1858, .T. ) ;
#247 = EDGE_LOOP ( 'NONE', ( #1785, #1849 ) ) ;
#248 = VECTOR ( 'NONE', #1631, 1000.000000000000114 ) ;
#249 = AXIS2_PLACEMENT_3D ( 'NONE', #651, #2535, #2107 ) ;
#250 = PLANE ( 'NONE',  #1737 ) ;
#251 = DIRECTION ( 'NONE',  ( 8.360113137237623735E-17, -1.000000000000000000, 1.301042606982605321E-16 ) ) ;
#252 = CARTESIAN_POINT ( 'NONE',  ( 7.793764882484172318, 8.147645000918220859, 10.99128938723559479 ) ) ;
#253 = VERTEX_POINT ( 'NONE', #358 ) ;
#254 = DIRECTION ( 'NONE',  ( 0.000000000000000000, 0.000000000000000000, 1.000000000000000000 ) ) ;
#255 = LINE ( 'NONE', #76, #2444 ) ;
#256 = DIRECTION ( 'NONE',  ( 1.000000000000000000, 0.000000000000000000, 0.000000000000000000 ) ) ;
#257 = ORIENTED_EDGE ( 'NONE', *, *, #1591, .F. ) ;
#258 = CARTESIAN_POINT ( 'NONE',  ( 4.334965224269510919, -15.82938685763033071, 1.525980846579209738 ) ) ;
#259 = DIRECTION ( 'NONE',  ( 0.000000000000000000, 0.000000000000000000, -1.000000000000000000 ) ) ;
#260 = CARTESIAN_POINT ( 'NONE',  ( -8.498935112604337760, -7.013284724125674607, 0.01061967581741655661 ) ) ;
#261 = ORIENTED_EDGE ( 'NONE', *, *, #2288, .F. ) ;
#262 = SURFACE_STYLE_FILL_AREA ( #1120 ) ;
#263 = CARTESIAN_POINT ( 'NONE',  ( 0.000000000000000000, 0.000000000000000000, -5.795124125684485428 ) ) ;
#264 = CARTESIAN_POINT ( 'NONE',  ( 11.12389866630793023, 7.717027171795192153, 11.32351467479327312 ) ) ;
#265 = ORIENTED_EDGE ( 'NONE', *, *, #2274, .T. ) ;
#266 = EDGE_CURVE ( 'NONE', #2033, #800, #768, .T. ) ;
#267 = CARTESIAN_POINT ( 'NONE',  ( 11.75456251881261593, 7.374438569423014123, 2.254562518802821991 ) ) ;
#268 = CARTESIAN_POINT ( 'NONE',  ( -9.499999999999991118, -6.647350233442535838, 12.00000000000000000 ) ) ;
#269 = DIRECTION ( 'NONE',  ( -0.000000000000000000, 0.000000000000000000, 1.000000000000000000 ) ) ;
#270 = PRODUCT_CONTEXT ( 'NONE', #2036, 'mechanical' ) ;
#271 = DIRECTION ( 'NONE',  ( -0.000000000000000000, 0.000000000000000000, 1.000000000000000000 ) ) ;
#272 = CARTESIAN_POINT ( 'NONE',  ( -9.889425936602600942, -6.258322347119496420, -0.3324654305482295236 ) ) ;
#273 = VERTEX_POINT ( 'NONE', #2192 ) ;
#274 = CARTESIAN_POINT ( 'NONE',  ( -0.6826664703312970151, -18.99999999999999645, 7.000000000000003553 ) ) ;
#275 = CARTESIAN_POINT ( 'NONE',  ( 11.37195299698104733, 7.551688479346441163, 1.871952996981052886 ) ) ;
#276 = CARTESIAN_POINT ( 'NONE',  ( 4.234525008745118946, 11.24877716617082157, 9.037411259180910150 ) ) ;
#277 = ORIENTED_EDGE ( 'NONE', *, *, #1171, .T. ) ;
#278 = EDGE_CURVE ( 'NONE', #1535, #608, #1991, .T. ) ;
#279 = CARTESIAN_POINT ( 'NONE',  ( -3.382327285859243027, -18.99999999999998934, 3.295897605173507383 ) ) ;
#280 = CARTESIAN_POINT ( 'NONE',  ( 9.640458289097496802, -7.121245473715567265, 0.1404582890975041576 ) ) ;
#281 = CARTESIAN_POINT ( 'NONE',  ( -11.60143631097704642, -7.457497683712834835, 9.922689622492692152 ) ) ;
#282 = CARTESIAN_POINT ( 'NONE',  ( 0.3791823642071018852, -19.09511387021329654, 0.9765345126642220874 ) ) ;
#283 = DIRECTION ( 'NONE',  ( 0.000000000000000000, 0.000000000000000000, 1.000000000000000000 ) ) ;
#284 = PRODUCT ( 'Front-Wheel-Hub-Left', 'Front-Wheel-Hub-Left', '', ( #270 ) ) ;
#285 = CARTESIAN_POINT ( 'NONE',  ( -4.830874281619121469, -14.65502065311821411, 4.516262746632423664 ) ) ;
#286 = VERTEX_POINT ( 'NONE', #1777 ) ;
#287 = VECTOR ( 'NONE', #2383, 1000.000000000000000 ) ;
#288 = DIRECTION ( 'NONE',  ( 0.000000000000000000, 0.000000000000000000, 1.000000000000000000 ) ) ;
#289 = DIRECTION ( 'NONE',  ( 0.000000000000000000, -1.000000000000000000, 8.708451184622465918E-18 ) ) ;
#290 = AXIS2_PLACEMENT_3D ( 'NONE', #1008, #1812, #1829 ) ;
#291 = CARTESIAN_POINT ( 'NONE',  ( 4.302840791975084400, 15.87611079777069101, 7.373915388145837468 ) ) ;
#292 = EDGE_LOOP ( 'NONE', ( #2447, #543, #2431, #1907, #2386, #2367 ) ) ;
#293 = VECTOR ( 'NONE', #1815, 1000.000000000000000 ) ;
#294 = CARTESIAN_POINT ( 'NONE',  ( -1.934229368422914375, -19.00000000000000355, 1.421233302892006778 ) ) ;
#295 = CARTESIAN_POINT ( 'NONE',  ( 5.081702596460837107, -9.634132906044358791, 0.9139163453218481781 ) ) ;
#296 = CARTESIAN_POINT ( 'NONE',  ( 1.400573059000489229, -15.73464689072474165, 7.424683934687925202 ) ) ;
#297 = EDGE_CURVE ( 'NONE', #1541, #2311, #1576, .T. ) ;
#298 = DIRECTION ( 'NONE',  ( -9.130123557772668334E-17, 1.000000000000000000, 0.000000000000000000 ) ) ;
#299 = CARTESIAN_POINT ( 'NONE',  ( 7.599999999999999645, 9.307315673519885459E-16, 7.000000000000000000 ) ) ;
#300 = CARTESIAN_POINT ( 'NONE',  ( -10.26143803233953022, 8.207977399103912219, 2.746068819849903697 ) ) ;
#301 = CARTESIAN_POINT ( 'NONE',  ( 4.000197673700430556, -16.77344521474189065, 4.328796601981272474 ) ) ;
#302 = CARTESIAN_POINT ( 'NONE',  ( -4.524069859215485323, -15.35028001067509962, 1.559191850404783475 ) ) ;
#303 = ORIENTED_EDGE ( 'NONE', *, *, #2427, .T. ) ;
#304 = CARTESIAN_POINT ( 'NONE',  ( 5.099999999999999645, 0.000000000000000000, -5.795124125684485428 ) ) ;
#305 = DIRECTION ( 'NONE',  ( 1.000000000000000000, 8.360113137237623735E-17, -0.000000000000000000 ) ) ;
#306 = CARTESIAN_POINT ( 'NONE',  ( 7.231485249765396084, 10.93186986078425171, 9.153472891786231358 ) ) ;
#307 = CARTESIAN_POINT ( 'NONE',  ( -12.49999999999999467, -7.000000000000007994, 2.027944958555210508 ) ) ;
#308 = ORIENTED_EDGE ( 'NONE', *, *, #1582, .T. ) ;
#309 = CARTESIAN_POINT ( 'NONE',  ( 10.43723979179507033, 6.016188358839428041, -0.4561171781410602866 ) ) ;
#310 = CARTESIAN_POINT ( 'NONE',  ( 1.501063037608540318, -14.76831189694899571, 1.548527832160690343 ) ) ;
#311 = DIRECTION ( 'NONE',  ( -8.360113137237623735E-17, 1.000000000000000000, -1.301042606982605321E-16 ) ) ;
#312 = CARTESIAN_POINT ( 'NONE',  ( -6.105000775484325182, 12.38058764709722226, 8.461758980321281598 ) ) ;
#313 = ADVANCED_FACE ( 'NONE', ( #1816 ), #2665, .F. ) ;
#314 = CARTESIAN_POINT ( 'NONE',  ( -8.552551158178506086, 7.000000000000004441, 0.000000000000000000 ) ) ;
#315 = DIRECTION ( 'NONE',  ( 1.000000000000000000, 0.000000000000000000, 0.000000000000000000 ) ) ;
#316 = CARTESIAN_POINT ( 'NONE',  ( 2.421465581120575639, 19.00000000000000355, 1.776471326270577578 ) ) ;
#317 = ORIENTED_EDGE ( 'NONE', *, *, #548, .F. ) ;
#318 = EDGE_CURVE ( 'NONE', #584, #2066, #695, .T. ) ;
#319 = CARTESIAN_POINT ( 'NONE',  ( -3.170548307329635218, -19.00000000000000355, 5.392600057817736214 ) ) ;
#320 = DIRECTION ( 'NONE',  ( 0.000000000000000000, 2.168404344971008868E-16, 1.000000000000000000 ) ) ;
#321 = CARTESIAN_POINT ( 'NONE',  ( -4.457155537162779346, -15.50046844820579217, 4.667540215483650279 ) ) ;
#322 = ORIENTED_EDGE ( 'NONE', *, *, #601, .F. ) ;
#323 = FACE_OUTER_BOUND ( 'NONE', #2014, .T. ) ;
#324 = CARTESIAN_POINT ( 'NONE',  ( 0.3891571885155323818, 19.00000000000000000, 1.000000000000000000 ) ) ;
#325 = CARTESIAN_POINT ( 'NONE',  ( -9.842589490236608896, -7.302166808550011545, 0.3425894902366519168 ) ) ;
#326 = DIRECTION ( 'NONE',  ( -8.360113137237623735E-17, 1.000000000000000000, -1.301042606982605321E-16 ) ) ;
#327 = CARTESIAN_POINT ( 'NONE',  ( -5.332750036633052027, -13.65681270764111765, 1.584137471953190435 ) ) ;
#328 = ORIENTED_EDGE ( 'NONE', *, *, #1206, .F. ) ;
#329 = CARTESIAN_POINT ( 'NONE',  ( -3.658759219821941411, -17.97040547278903233, 4.244504845025432793 ) ) ;
#330 = DIRECTION ( 'NONE',  ( 1.369518533665900065E-16, -1.000000000000000000, 0.000000000000000000 ) ) ;
#331 = CARTESIAN_POINT ( 'NONE',  ( 10.23526032238722294, -7.593418952509012776, 11.26473967761277706 ) ) ;
#332 = VERTEX_POINT ( 'NONE', #195 ) ;
#333 = CIRCLE ( 'NONE', #1043, 3.000000000000001776 ) ;
#334 = CARTESIAN_POINT ( 'NONE',  ( 6.128173719363343430, 12.37627310917734036, 1.494446636495742720 ) ) ;
#335 = EDGE_CURVE ( 'NONE', #2644, #906, #2217, .T. ) ;
#336 = CARTESIAN_POINT ( 'NONE',  ( 3.386260081829020940, -18.99999999999999645, 4.857263730927042111 ) ) ;
#337 = CIRCLE ( 'NONE', #480, 7.599999999999999645 ) ;
#338 = CARTESIAN_POINT ( 'NONE',  ( -1.971917155820384959, 19.00000000000000711, 6.621965636987321879 ) ) ;
#339 = CIRCLE ( 'NONE', #704, 3.000000000000000444 ) ;
#340 = FACE_OUTER_BOUND ( 'NONE', #5, .T. ) ;
#341 = CIRCLE ( 'NONE', #1528, 4.000000000000000000 ) ;
#342 = CARTESIAN_POINT ( 'NONE',  ( -12.72418351498031797, 6.896721306890287728, 1.963182403876912341 ) ) ;
#343 = CARTESIAN_POINT ( 'NONE',  ( -7.444411410551102115, 8.389499061146903358, 10.80878299579923940 ) ) ;
#344 = DIRECTION ( 'NONE',  ( -1.000000000000000000, 0.000000000000000000, 0.000000000000000000 ) ) ;
#345 = ORIENTED_EDGE ( 'NONE', *, *, #809, .T. ) ;
#346 = CARTESIAN_POINT ( 'NONE',  ( -3.074300913966174775, -18.99999999999999645, 5.563386258497662773 ) ) ;
#347 = CARTESIAN_POINT ( 'NONE',  ( 0.7935756120855049778, -18.99999999999998579, 1.021003789545030571 ) ) ;
#348 = CARTESIAN_POINT ( 'NONE',  ( -12.49999999999999822, -18.99999999999999645, 12.00000000000000000 ) ) ;
#349 = ORIENTED_EDGE ( 'NONE', *, *, #2582, .F. ) ;
#350 = EDGE_CURVE ( 'NONE', #2644, #637, #1844, .T. ) ;
#351 = CARTESIAN_POINT ( 'NONE',  ( 4.442527817763062714, 15.54924326244134924, 4.544480184606407569 ) ) ;
#352 = CARTESIAN_POINT ( 'NONE',  ( 0.6825541795667260381, -18.99999999999999289, 6.999999999999968026 ) ) ;
#353 = ADVANCED_FACE ( 'NONE', ( #2298 ), #1538, .F. ) ;
#354 = DIRECTION ( 'NONE',  ( -9.130123557772672032E-17, 1.000000000000000000, 0.000000000000000000 ) ) ;
#355 = CARTESIAN_POINT ( 'NONE',  ( -7.050049449986603989, 11.15662323614228413, 9.042443425648327704 ) ) ;
#356 = CARTESIAN_POINT ( 'NONE',  ( -5.901766891676929916, -12.72244920272738078, 5.800002668017414820 ) ) ;
#357 = CARTESIAN_POINT ( 'NONE',  ( -4.784545122322183097, 14.75510594951721721, 1.583214763660989899 ) ) ;
#358 = CARTESIAN_POINT ( 'NONE',  ( -2.959729717389737225, 7.000000000000005329, 0.000000000000000000 ) ) ;
#359 = CARTESIAN_POINT ( 'NONE',  ( -23.50000000000000355, -7.000000000000004441, 8.999999999999982236 ) ) ;
#360 = ORIENTED_EDGE ( 'NONE', *, *, #2288, .T. ) ;
#361 = CARTESIAN_POINT ( 'NONE',  ( -10.12635961088533065, 7.456072431876004991, 0.5881810758286882823 ) ) ;
#362 = CARTESIAN_POINT ( 'NONE',  ( 0.8743928101795239716, 19.00000000000000711, 6.981558212880766945 ) ) ;
#363 = DIRECTION ( 'NONE',  ( -1.826024711554533667E-16, 1.000000000000000000, 0.000000000000000000 ) ) ;
#364 = ORIENTED_EDGE ( 'NONE', *, *, #2110, .T. ) ;
#365 = CARTESIAN_POINT ( 'NONE',  ( 5.153863618978869354, -13.94970523854506972, 7.876113200013268312 ) ) ;
#366 = ORIENTED_EDGE ( 'NONE', *, *, #1032, .T. ) ;
#367 = CARTESIAN_POINT ( 'NONE',  ( -17.52375296912114777, -7.000000000000005329, -1.688836104513069092 ) ) ;
#368 = CARTESIAN_POINT ( 'NONE',  ( -1.131255422419608525, 16.43016441428812868, 7.281780322857891896 ) ) ;
#369 = ADVANCED_FACE ( 'NONE', ( #712 ), #2330, .T. ) ;
#370 = DIRECTION ( 'NONE',  ( 8.360113137237623735E-17, -1.000000000000000000, -0.000000000000000000 ) ) ;
#371 = CARTESIAN_POINT ( 'NONE',  ( -0.7663823298100058690, 17.65599168264988350, 7.106298920558404397 ) ) ;
#372 = EDGE_CURVE ( 'NONE', #2472, #1839, #2022, .T. ) ;
#373 = CARTESIAN_POINT ( 'NONE',  ( 1.384296448006978819, 19.00000000000000711, 1.164404076038854763 ) ) ;
#374 = ORIENTED_EDGE ( 'NONE', *, *, #2256, .F. ) ;
#375 = CARTESIAN_POINT ( 'NONE',  ( 1.437910204481962051, 19.00000000000000355, 6.855182455653650919 ) ) ;
#376 = CARTESIAN_POINT ( 'NONE',  ( -12.50000000000000355, 7.000000000000002665, 2.027944958555210064 ) ) ;
#377 = ORIENTED_EDGE ( 'NONE', *, *, #1689, .F. ) ;
#378 = DIRECTION ( 'NONE',  ( -0.000000000000000000, 1.000000000000000000, -0.000000000000000000 ) ) ;
#379 = CARTESIAN_POINT ( 'NONE',  ( 3.804030011836430081, 17.46606105239694529, 4.443314375329386223 ) ) ;
#380 = AXIS2_PLACEMENT_3D ( 'NONE', #2413, #145, #298 ) ;
#381 = CYLINDRICAL_SURFACE ( 'NONE', #1429, 18.99999999999999289 ) ;
#382 = CARTESIAN_POINT ( 'NONE',  ( -1.755124497765458758, 19.00000000000000711, 1.322793420370681039 ) ) ;
#383 = CIRCLE ( 'NONE', #290, 1.350000000000000533 ) ;
#384 = B_SPLINE_CURVE_WITH_KNOTS ( 'NONE', 3,
 ( #905, #1690, #2319, #1529, #2372, #1077, #2360, #1312, #1921, #493, #1094, #1703, #1943, #1485 ),
 .UNSPECIFIED., .F., .F.,
 ( 4, 2, 2, 2, 2, 2, 4 ),
 ( 0.003196838950964047115, 0.004810749245094381871, 0.006424659539224716193, 0.008038569833355052249, 0.009652480127485386571, 0.01288030071574605695, 0.01610812130400672559 ),
 .UNSPECIFIED. ) ;
#385 = AXIS2_PLACEMENT_3D ( 'NONE', #863, #1909, #1502 ) ;
#386 = CYLINDRICAL_SURFACE ( 'NONE', #1311, 3.000000000000000444 ) ;
#387 = VERTEX_POINT ( 'NONE', #1762 ) ;
#388 = CARTESIAN_POINT ( 'NONE',  ( 3.386073816324428609, 19.00000000000000355, 4.857994010497522552 ) ) ;
#389 = DIRECTION ( 'NONE',  ( -8.994518274353307540E-17, 1.000000000000000000, -9.265728841192009407E-17 ) ) ;
#390 = B_SPLINE_CURVE_WITH_KNOTS ( 'NONE', 3,
 ( #694, #2381, #2166, #281 ),
 .UNSPECIFIED., .F., .F.,
 ( 4, 4 ),
 ( 6.583755536854135646E-16, 0.0003907752735756886311 ),
 .UNSPECIFIED. ) ;
#391 = EDGE_LOOP ( 'NONE', ( #2614, #2171, #2625, #1078, #682 ) ) ;
#392 = CARTESIAN_POINT ( 'NONE',  ( -4.457066424778053815, 15.50071192518743857, 4.667473916386726707 ) ) ;
#393 = DIRECTION ( 'NONE',  ( 8.994518274353308773E-17, -1.000000000000000000, 9.265728841192009407E-17 ) ) ;
#394 = CARTESIAN_POINT ( 'NONE',  ( 0.000000000000000000, -9.000000000000003553, 4.000000000000000000 ) ) ;
#395 = ORIENTED_EDGE ( 'NONE', *, *, #1767, .F. ) ;
#396 = CARTESIAN_POINT ( 'NONE',  ( -3.857695727031229094, 17.24962742541760008, 7.135069525018135295 ) ) ;
#397 = CARTESIAN_POINT ( 'NONE',  ( -12.50000000000000355, 4.999999999999997335, 9.359281115502163573 ) ) ;
#398 = CARTESIAN_POINT ( 'NONE',  ( 10.91812378644467607, 7.691585919570030683, 10.58187621355532038 ) ) ;
#399 = ADVANCED_FACE ( 'NONE', ( #340 ), #121, .F. ) ;
#400 = VERTEX_POINT ( 'NONE', #981 ) ;
#401 = CARTESIAN_POINT ( 'NONE',  ( -27.50000000000000355, 0.9999999999999954481, 4.999999999999982236 ) ) ;
#402 = CARTESIAN_POINT ( 'NONE',  ( -5.138038552448557006, -14.02798328833639019, 4.469518621858885155 ) ) ;
#403 = ADVANCED_FACE ( 'NONE', ( #2010 ), #1757, .T. ) ;
#404 = ORIENTED_EDGE ( 'NONE', *, *, #2597, .T. ) ;
#405 = LINE ( 'NONE', #1878, #1479 ) ;
#406 = FACE_BOUND ( 'NONE', #1378, .T. ) ;
#407 = CARTESIAN_POINT ( 'NONE',  ( 6.099740880142278776, -12.38827857325516568, 8.458508725893674196 ) ) ;
#408 = CARTESIAN_POINT ( 'NONE',  ( 10.00548900418676013, -8.428438936766912803, 8.894218849980356723 ) ) ;
#409 = ORIENTED_EDGE ( 'NONE', *, *, #1438, .F. ) ;
#410 = DIRECTION ( 'NONE',  ( 1.156482317317870739E-15, 0.000000000000000000, 1.000000000000000000 ) ) ;
#411 = CARTESIAN_POINT ( 'NONE',  ( 8.930764176032695900, 9.291731615787004017, 8.125381455388229313 ) ) ;
#412 = CARTESIAN_POINT ( 'NONE',  ( -9.500000000000003553, -6.912990604883033186, 0.000000000000000000 ) ) ;
#413 = B_SPLINE_CURVE_WITH_KNOTS ( 'NONE', 3,
 ( #1856, #1233, #831, #2057 ),
 .UNSPECIFIED., .F., .F.,
 ( 4, 4 ),
 ( 0.002908760613198923314, 0.003396730787294385216 ),
 .UNSPECIFIED. ) ;
#414 = CARTESIAN_POINT ( 'NONE',  ( 4.281375397888075085, 15.98074307980804853, 4.536760812294369671 ) ) ;
#415 = CARTESIAN_POINT ( 'NONE',  ( 2.676294418321490731, -12.56164731195775985, 1.452909792221219520 ) ) ;
#416 = CARTESIAN_POINT ( 'NONE',  ( -12.59585088371216521, 4.129586490345618088, 1.438996634219797288 ) ) ;
#417 = CARTESIAN_POINT ( 'NONE',  ( -4.281375397888105283, -15.98074307980798814, 4.536760812294363454 ) ) ;
#418 = EDGE_LOOP ( 'NONE', ( #1244, #138 ) ) ;
#419 = EDGE_CURVE ( 'NONE', #2059, #1833, #333, .T. ) ;
#420 = CARTESIAN_POINT ( 'NONE',  ( -10.01688104590025752, 8.420233249462953040, 8.902105234467418526 ) ) ;
#421 = CARTESIAN_POINT ( 'NONE',  ( 0.8304960626174956451, -17.41832841504307794, 7.135713790865853667 ) ) ;
#422 = CYLINDRICAL_SURFACE ( 'NONE', #523, 3.000000000000002665 ) ;
#423 = ORIENTED_EDGE ( 'NONE', *, *, #2513, .F. ) ;
#424 = ADVANCED_FACE ( 'NONE', ( #1245 ), #2078, .F. ) ;
#425 = CYLINDRICAL_SURFACE ( 'NONE', #2264, 15.99999999999999645 ) ;
#426 = CARTESIAN_POINT ( 'NONE',  ( -1.187519156463718195, 19.00000000000000355, 1.102446370228037376 ) ) ;
#427 = B_SPLINE_CURVE_WITH_KNOTS ( 'NONE', 3,
 ( #734, #558, #1380, #336, #1990, #2214, #516, #86, #1151, #1601, #1179, #2007, #978, #2438, #1395, #2230, #352, #1137 ),
 .UNSPECIFIED., .F., .F.,
 ( 4, 2, 2, 2, 2, 2, 2, 2, 4 ),
 ( 0.004646089024838843604, 0.005222351056341499251, 0.005798613087844154898, 0.006374875119346810545, 0.006951137150849466192, 0.007527399182352121840, 0.008103661213854775752, 0.008679923245357431399, 0.009256185276860088781 ),
 .UNSPECIFIED. ) ;
#428 = CIRCLE ( 'NONE', #22, 3.000000000000002665 ) ;
#429 = CARTESIAN_POINT ( 'NONE',  ( -3.963289656786674442, -16.76303680903039961, 4.294839431472547098 ) ) ;
#430 = AXIS2_PLACEMENT_3D ( 'NONE', #2031, #602, #1211 ) ;
#431 = CARTESIAN_POINT ( 'NONE',  ( -14.15685424949238680, 1.758138190502546827, 8.999999999999982236 ) ) ;
#432 = CARTESIAN_POINT ( 'NONE',  ( -12.50000000000000355, 4.999999999999997335, 8.999999999999982236 ) ) ;
#433 = VECTOR ( 'NONE', #582, 1000.000000000000000 ) ;
#434 = CARTESIAN_POINT ( 'NONE',  ( -3.416101816756132781, -11.51213605342105595, 1.312719194716451154 ) ) ;
#435 = CARTESIAN_POINT ( 'NONE',  ( -11.60143631097704642, -7.457497683712834835, 9.922689622492692152 ) ) ;
#436 = VECTOR ( 'NONE', #305, 1000.000000000000000 ) ;
#437 = CARTESIAN_POINT ( 'NONE',  ( 0.3891571885155323818, 19.00000000000000000, 1.000000000000000000 ) ) ;
#438 = ORIENTED_EDGE ( 'NONE', *, *, #880, .F. ) ;
#439 = AXIS2_PLACEMENT_3D ( 'NONE', #196, #843, #1672 ) ;
#440 = FACE_OUTER_BOUND ( 'NONE', #2035, .T. ) ;
#441 = CARTESIAN_POINT ( 'NONE',  ( 4.281375397888075085, 15.98074307980804853, 4.536760812294369671 ) ) ;
#442 = DIRECTION ( 'NONE',  ( -8.994518274353310005E-17, 1.000000000000000000, -9.265728841192010639E-17 ) ) ;
#443 = EDGE_LOOP ( 'NONE', ( #211, #1412, #404, #594, #1332, #1417, #2254 ) ) ;
#444 = EDGE_CURVE ( 'NONE', #1839, #1015, #2060, .T. ) ;
#445 = CARTESIAN_POINT ( 'NONE',  ( -3.921587627168344525, 17.04025122535055203, 1.395932604749765993 ) ) ;
#446 = CARTESIAN_POINT ( 'NONE',  ( 9.627393129878557332, 7.139807672990663434, 11.87260687013309024 ) ) ;
#447 = CARTESIAN_POINT ( 'NONE',  ( 5.329051391379214131, 13.67821599112084208, 5.346616532996018023 ) ) ;
#448 = CARTESIAN_POINT ( 'NONE',  ( 6.380186829286667027, -12.02745760634894800, 4.138963736389788650 ) ) ;
#449 = CARTESIAN_POINT ( 'NONE',  ( 2.959729717389732340, -7.000000000000007105, 0.000000000000000000 ) ) ;
#450 = FACE_OUTER_BOUND ( 'NONE', #781, .T. ) ;
#451 = VERTEX_POINT ( 'NONE', #1419 ) ;
#452 =( NAMED_UNIT ( * ) PLANE_ANGLE_UNIT ( ) SI_UNIT ( $, .RADIAN. ) );
#453 = FACE_OUTER_BOUND ( 'NONE', #1019, .T. ) ;
#454 = CARTESIAN_POINT ( 'NONE',  ( 8.994082629124648065, 9.237524354748746447, 3.207129191176280703 ) ) ;
#455 = CARTESIAN_POINT ( 'NONE',  ( 3.658758879982161982, 17.97040766442884063, 4.244504523385892014 ) ) ;
#456 = ORIENTED_EDGE ( 'NONE', *, *, #1916, .T. ) ;
#457 =( BOUNDED_SURFACE ( )  B_SPLINE_SURFACE ( 3, 2, ( 
 ( #908, #264, #690 ),
 ( #512, #1108, #2150 ),
 ( #1122, #1935, #252 ),
 ( #1324, #2136, #83 ),
 ( #1947, #306, #2365 ),
 ( #937, #71, #1100 ),
 ( #925, #2162, #276 ),
 ( #1722, #2559, #1745 ),
 ( #1756, #57, #2585 ),
 ( #2376, #2572, #718 ),
 ( #2389, #44, #1544 ),
 ( #1335, #2170, #897 ),
 ( #1962, #291, #1519 ),
 ( #1135, #486, #2598 ),
 ( #2353, #1316, #729 ),
 ( #1730, #706, #1534 ) ),
 .UNSPECIFIED., .F., .F., .T. ) 
 B_SPLINE_SURFACE_WITH_KNOTS ( ( 4, 2, 2, 2, 2, 2, 2, 4 ),
 ( 3, 3 ),
 ( 0.01041024860445288573, 0.01514625938517213943, 0.01751426477553176542, 0.01988227016589139487, 0.02225027555625102432, 0.02343427825143083731, 0.02461828094661065031, 0.02935429172732990574 ),
 ( 0.000000000000000000, 1.000000000000000000 ),
 .UNSPECIFIED. ) 
 GEOMETRIC_REPRESENTATION_ITEM ( )  RATIONAL_B_SPLINE_SURFACE ( (
 ( 1.000000000000000000, 0.8950119309115119881, 1.000000000000000000),
 ( 1.000000000000000000, 0.8803218109988178997, 1.000000000000000000),
 ( 1.000000000000000000, 0.8635287097657975419, 1.000000000000000000),
 ( 1.000000000000000000, 0.8364291022661269892, 1.000000000000000000),
 ( 1.000000000000000000, 0.8270252727681934868, 1.000000000000000000),
 ( 1.000000000000000000, 0.8081980121117313676, 1.000000000000000000),
 ( 1.000000000000000000, 0.7987610677530915249, 1.000000000000000000),
 ( 1.000000000000000000, 0.7802376216492877825, 1.000000000000000000),
 ( 1.000000000000000000, 0.7711490509450259490, 1.000000000000000000),
 ( 1.000000000000000000, 0.7581688409814100194, 1.000000000000000000),
 ( 1.000000000000000000, 0.7539436830675200207, 1.000000000000000000),
 ( 1.000000000000000000, 0.7459211745643149483, 1.000000000000000000),
 ( 1.000000000000000000, 0.7421077287621522522, 1.000000000000000000),
 ( 1.000000000000000000, 0.7241988404989906369, 1.000000000000000000),
 ( 1.000000000000000000, 0.7135583086025210076, 1.000000000000000000),
 ( 1.000000000000000000, 0.7089919168329380517, 1.000000000000000000) ) ) 
 REPRESENTATION_ITEM ( '' )  SURFACE ( )  );
#458 = LINE ( 'NONE', #577, #293 ) ;
#459 = CARTESIAN_POINT ( 'NONE',  ( 12.50000000000000000, 7.000000000000002665, 8.999999999999991118 ) ) ;
#460 = CARTESIAN_POINT ( 'NONE',  ( -2.273110928644516360, -13.98257939438147979, 7.911616839538889501 ) ) ;
#461 = EDGE_CURVE ( 'NONE', #1975, #1622, #2422, .T. ) ;
#462 = DIRECTION ( 'NONE',  ( 0.000000000000000000, 0.000000000000000000, -1.000000000000000000 ) ) ;
#463 = CARTESIAN_POINT ( 'NONE',  ( 4.435113196834181259, -10.29211827891292508, 1.078051791704139006 ) ) ;
#464 = CARTESIAN_POINT ( 'NONE',  ( -8.552551158178502533, -7.000000000000006217, 0.000000000000000000 ) ) ;
#465 = DIRECTION ( 'NONE',  ( -1.000000000000000000, 0.000000000000000000, 0.000000000000000000 ) ) ;
#466 = EDGE_LOOP ( 'NONE', ( #1726, #1361 ) ) ;
#467 = DIRECTION ( 'NONE',  ( 0.000000000000000000, -1.000000000000000000, 0.000000000000000000 ) ) ;
#468 = CARTESIAN_POINT ( 'NONE',  ( 4.683232994875181632, -14.95519460815659762, 4.840161413379856725 ) ) ;
#469 = CARTESIAN_POINT ( 'NONE',  ( -5.099999999999999645, 6.245698675651499853E-16, 11.00000000000000000 ) ) ;
#470 = ORIENTED_EDGE ( 'NONE', *, *, #1968, .F. ) ;
#471 = CARTESIAN_POINT ( 'NONE',  ( -27.50000000000000355, 0.9999999999999954481, 8.999999999999982236 ) ) ;
#472 = DIRECTION ( 'NONE',  ( 0.000000000000000000, 0.000000000000000000, 1.000000000000000000 ) ) ;
#473 = SHAPE_DEFINITION_REPRESENTATION ( #2590, #2540 ) ;
#474 = VERTEX_POINT ( 'NONE', #710 ) ;
#475 = CARTESIAN_POINT ( 'NONE',  ( 4.320165975029787830, -15.86588106596311576, 4.542356034581841229 ) ) ;
#476 = CLOSED_SHELL ( 'NONE', ( #2361, #2398, #766, #1028, #1375, #1236, #2722, #1145, #2039, #2344, #2008, #2704, #222, #644, #2673, #1524, #2374, #1061, #2228, #615, #1752, #226, #313, #399, #353, #1126, #1738, #918, #170, #2563, #931, #403, #1733, #901, #161, #1595, #762, #2092, #492, #2195, #1074, #826, #842, #1989, #369, #1710, #1630, #1803, #424, #1654, #2175, #2412, #1046, #1257, #2548, #979, #1205 ) ) ;
#477 = CARTESIAN_POINT ( 'NONE',  ( -12.50000000000000355, 6.940245115837936574, 1.437848045324189084 ) ) ;
#478 = CARTESIAN_POINT ( 'NONE',  ( 0.000000000000000000, 0.000000000000000000, 11.00000000000000000 ) ) ;
#479 = ORIENTED_EDGE ( 'NONE', *, *, #2394, .T. ) ;
#480 = AXIS2_PLACEMENT_3D ( 'NONE', #851, #1474, #1505 ) ;
#481 = EDGE_CURVE ( 'NONE', #2236, #332, #2604, .T. ) ;
#482 = CARTESIAN_POINT ( 'NONE',  ( -0.4877036544836590437, -19.00000000000000711, 7.000000000000000000 ) ) ;
#483 = VECTOR ( 'NONE', #289, 1000.000000000000000 ) ;
#484 = DIRECTION ( 'NONE',  ( 1.000000000000000000, 0.000000000000000000, 0.000000000000000000 ) ) ;
#485 = CARTESIAN_POINT ( 'NONE',  ( 7.935755088242608224, 10.21344998572991614, 3.595355729978978676 ) ) ;
#486 = CARTESIAN_POINT ( 'NONE',  ( 3.814476394991376029, 17.27796278721366363, 7.104453992355737491 ) ) ;
#487 = ORIENTED_EDGE ( 'NONE', *, *, #318, .T. ) ;
#488 = CARTESIAN_POINT ( 'NONE',  ( 8.614835611335850629, -9.538378036280361627, 3.344620638840577254 ) ) ;
#489 = CARTESIAN_POINT ( 'NONE',  ( 0.8568830142696717278, -17.32529762122110384, 7.148122988440187342 ) ) ;
#490 = DIRECTION ( 'NONE',  ( 0.000000000000000000, 0.000000000000000000, 1.000000000000000000 ) ) ;
#491 = CARTESIAN_POINT ( 'NONE',  ( 9.627393129878557332, 7.139807672990663434, 11.87260687013309024 ) ) ;
#492 = ADVANCED_FACE ( 'NONE', ( #1085 ), #693, .T. ) ;
#493 = CARTESIAN_POINT ( 'NONE',  ( -8.258219106570793500, 9.860311850257042821, 3.480530631802610575 ) ) ;
#494 = ORIENTED_EDGE ( 'NONE', *, *, #2145, .F. ) ;
#495 = UNCERTAINTY_MEASURE_WITH_UNIT (LENGTH_MEASURE( 1.000000000000000082E-05 ), #50, 'distance_accuracy_value', 'NONE');
#496 = CARTESIAN_POINT ( 'NONE',  ( -9.627393129878552003, -7.139807672990674092, 11.87260687013308846 ) ) ;
#497 = CARTESIAN_POINT ( 'NONE',  ( 11.75456251880518010, -7.374438569426994938, 2.254562518805165006 ) ) ;
#498 = EDGE_CURVE ( 'NONE', #2199, #2242, #92, .T. ) ;
#499 = CARTESIAN_POINT ( 'NONE',  ( -0.4561878979660700106, -18.38089620941201119, 1.151046581723598861 ) ) ;
#500 = EDGE_LOOP ( 'NONE', ( #2701, #754, #2281, #2610, #257, #2377 ) ) ;
#501 = CARTESIAN_POINT ( 'NONE',  ( 4.439964454257253834, 15.55821937006593636, 1.546172437628955176 ) ) ;
#502 = CARTESIAN_POINT ( 'NONE',  ( 12.19056421826988945, -7.145457176856105264, 9.309435781730101667 ) ) ;
#503 = CARTESIAN_POINT ( 'NONE',  ( 9.499999999999992895, -6.912990604883030521, 0.000000000000000000 ) ) ;
#504 = CARTESIAN_POINT ( 'NONE',  ( -3.499108362823674767, 19.00000000000000355, 4.093404138086931709 ) ) ;
#505 = CARTESIAN_POINT ( 'NONE',  ( 9.585160892676205080, 7.092993941460814078, 11.91483910732379314 ) ) ;
#506 = CARTESIAN_POINT ( 'NONE',  ( 3.510306440087624935, -18.80235344729183211, 1.059264989131493140 ) ) ;
#507 = CARTESIAN_POINT ( 'NONE',  ( -8.873844638779551985, 7.000000000000012434, 0.000000000000000000 ) ) ;
#508 = CARTESIAN_POINT ( 'NONE',  ( 8.016243473710568779, 7.317998903469103311, 0.1365457510398831176 ) ) ;
#509 = VERTEX_POINT ( 'NONE', #1938 ) ;
#510 = CARTESIAN_POINT ( 'NONE',  ( -9.585160892676203304, -7.092993941460830953, 11.91483910732378959 ) ) ;
#511 = LINE ( 'NONE', #2570, #2047 ) ;
#512 = CARTESIAN_POINT ( 'NONE',  ( 10.59099894806661624, 8.006837058488006420, 9.308620443236327091 ) ) ;
#513 = ORIENTED_EDGE ( 'NONE', *, *, #2021, .T. ) ;
#514 = EDGE_CURVE ( 'NONE', #1664, #1188, #59, .T. ) ;
#515 = CARTESIAN_POINT ( 'NONE',  ( 5.300579129842401649, 13.71580515397770483, 4.439143969498049458 ) ) ;
#516 = CARTESIAN_POINT ( 'NONE',  ( 3.074317221326437366, -18.99999999999998934, 5.563280822076055010 ) ) ;
#517 = EDGE_CURVE ( 'NONE', #1839, #634, #1536, .T. ) ;
#518 = CARTESIAN_POINT ( 'NONE',  ( 0.4877036544836538257, -19.00000000000000711, 7.000000000000000000 ) ) ;
#519 = CARTESIAN_POINT ( 'NONE',  ( -5.081702596460842436, 9.634132906044355238, 0.9139163453218439592 ) ) ;
#520 = CARTESIAN_POINT ( 'NONE',  ( 11.58646527961101924, -7.465734512973248194, 9.913534720388964772 ) ) ;
#521 = CARTESIAN_POINT ( 'NONE',  ( -5.880570720868768753, 12.74843925834056435, 4.290495601469912046 ) ) ;
#522 = ORIENTED_EDGE ( 'NONE', *, *, #2427, .F. ) ;
#523 = AXIS2_PLACEMENT_3D ( 'NONE', #1880, #235, #1912 ) ;
#524 = CARTESIAN_POINT ( 'NONE',  ( -10.23181317182283045, 7.485762552959766225, 0.6683639443771245414 ) ) ;
#525 = DIRECTION ( 'NONE',  ( 1.000000000000000000, 0.000000000000000000, 0.000000000000000000 ) ) ;
#526 = VECTOR ( 'NONE', #1754, 1000.000000000000000 ) ;
#527 = CARTESIAN_POINT ( 'NONE',  ( -0.3891571885155375998, -19.00000000000000711, 1.000000000000000000 ) ) ;
#528 = CARTESIAN_POINT ( 'NONE',  ( 10.74653637841460707, -7.699341650564708317, 10.75346362158538938 ) ) ;
#529 = VERTEX_POINT ( 'NONE', #911 ) ;
#530 = CIRCLE ( 'NONE', #1308, 1.350000000000000533 ) ;
#531 = CARTESIAN_POINT ( 'NONE',  ( -3.158838534310055124, -19.00000000000000355, 2.730061860941096707 ) ) ;
#532 = CARTESIAN_POINT ( 'NONE',  ( -12.50000000000000711, 7.000000000000000888, 12.00000000000000000 ) ) ;
#533 = CIRCLE ( 'NONE', #439, 4.000000000000000000 ) ;
#534 = CARTESIAN_POINT ( 'NONE',  ( 5.961237993434917115, -9.565740223477551041, 10.00793030870723577 ) ) ;
#535 = CARTESIAN_POINT ( 'NONE',  ( 0.4467776082239321433, -18.42899423024010730, 1.142695474968842939 ) ) ;
#536 = DIRECTION ( 'NONE',  ( 1.000000000000000000, 0.000000000000000000, 0.000000000000000000 ) ) ;
#537 = DIRECTION ( 'NONE',  ( -0.000000000000000000, -0.000000000000000000, -1.000000000000000000 ) ) ;
#538 = ORIENTED_EDGE ( 'NONE', *, *, #1801, .F. ) ;
#539 = CARTESIAN_POINT ( 'NONE',  ( -11.52262490617930091, 7.314530707866266468, 1.294438256684670163 ) ) ;
#540 = CARTESIAN_POINT ( 'NONE',  ( -12.50000000000000533, 19.00000000000000355, 3.000000000000009770 ) ) ;
#541 = B_SPLINE_CURVE_WITH_KNOTS ( 'NONE', 3,
 ( #1980, #915, #1798, #279, #1124, #531, #2630, #1976, #759, #1326, #1988, #294, #2164, #1366, #557, #74, #2187, #1559 ),
 .UNSPECIFIED., .F., .F.,
 ( 4, 2, 2, 2, 2, 2, 2, 2, 4 ),
 ( 0.003815535079494448891, 0.004418431065353499963, 0.005021327051212550602, 0.005624223037071601240, 0.006227119022930651879, 0.006830015008789703385, 0.007432910994648754023, 0.008035806980507804662, 0.008638702966366856167 ),
 .UNSPECIFIED. ) ;
#542 = CARTESIAN_POINT ( 'NONE',  ( 11.58646527961101924, -7.465734512973248194, 9.913534720388964772 ) ) ;
#543 = ORIENTED_EDGE ( 'NONE', *, *, #278, .T. ) ;
#544 = CARTESIAN_POINT ( 'NONE',  ( 1.970171737214690078, 13.80409421778767332, 1.531512288860978011 ) ) ;
#545 = CARTESIAN_POINT ( 'NONE',  ( -12.59585088371216344, -7.000000000000004441, -2.561003365780202046 ) ) ;
#546 = CARTESIAN_POINT ( 'NONE',  ( -16.50000000000000711, 0.9999999999999963363, 8.999999999999982236 ) ) ;
#547 = CARTESIAN_POINT ( 'NONE',  ( -7.893932238325030326, 10.23266337597460662, 9.551017082370897526 ) ) ;
#548 = EDGE_CURVE ( 'NONE', #1288, #2269, #162, .T. ) ;
#549 = CARTESIAN_POINT ( 'NONE',  ( -7.753475510370195778, 10.39317057798393584, 1.171208414441030632 ) ) ;
#550 = CARTESIAN_POINT ( 'NONE',  ( -11.32842712474578484, -7.584888519983877586, 10.17157287525420095 ) ) ;
#551 = ORIENTED_EDGE ( 'NONE', *, *, #1110, .T. ) ;
#552 = EDGE_CURVE ( 'NONE', #1807, #273, #996, .T. ) ;
#553 = CARTESIAN_POINT ( 'NONE',  ( -4.281375397888105283, -15.98074307980798814, 4.536760812294363454 ) ) ;
#554 = CARTESIAN_POINT ( 'NONE',  ( 12.49999999999999822, -6.647350233443413359, 8.999999999999991118 ) ) ;
#555 = CARTESIAN_POINT ( 'NONE',  ( 9.913478357418155085, -7.412647610963343681, 11.58652164258184314 ) ) ;
#556 = ORIENTED_EDGE ( 'NONE', *, *, #177, .T. ) ;
#557 = CARTESIAN_POINT ( 'NONE',  ( -1.192927217266168460, -18.99999999999999645, 1.103869222632405611 ) ) ;
#558 = CARTESIAN_POINT ( 'NONE',  ( 3.494405730791227516, -19.00000000000000000, 4.285434396528509104 ) ) ;
#559 = CARTESIAN_POINT ( 'NONE',  ( -0.6825540159719292177, 19.00000000000000711, 6.999999999999968914 ) ) ;
#560 = CARTESIAN_POINT ( 'NONE',  ( -10.24685447052212162, 6.836479488484837219, 12.15228254028410859 ) ) ;
#561 = CARTESIAN_POINT ( 'NONE',  ( -8.126531515803842254, 10.02881351650560937, 3.525571880691571458 ) ) ;
#562 = CARTESIAN_POINT ( 'NONE',  ( -4.408139676643344274, -15.63835061057646136, 1.540807661618345481 ) ) ;
#563 = EDGE_CURVE ( 'NONE', #661, #1622, #2094, .T. ) ;
#564 = EDGE_LOOP ( 'NONE', ( #2304, #1213, #317, #2674, #1944, #894, #972, #1392 ) ) ;
#565 = CARTESIAN_POINT ( 'NONE',  ( -2.852229046009991276, -19.00000000000000000, 5.880004421794575720 ) ) ;
#566 = CARTESIAN_POINT ( 'NONE',  ( 9.499999999999996447, 6.647350233442537615, 12.00000000000000000 ) ) ;
#567 = DIRECTION ( 'NONE',  ( 0.000000000000000000, 0.000000000000000000, 1.000000000000000000 ) ) ;
#568 = EDGE_CURVE ( 'NONE', #1983, #1269, #68, .T. ) ;
#569 = ORIENTED_EDGE ( 'NONE', *, *, #2415, .F. ) ;
#570 = AXIS2_PLACEMENT_3D ( 'NONE', #2331, #462, #1292 ) ;
#571 = CARTESIAN_POINT ( 'NONE',  ( 1.111876497765054150, 15.75085532205357630, 1.511233515548600970 ) ) ;
#572 = DIRECTION ( 'NONE',  ( 1.000000000000000000, 0.000000000000000000, 0.000000000000000000 ) ) ;
#573 = CARTESIAN_POINT ( 'NONE',  ( -10.73761160404598058, -7.512060287017705562, 0.9898696303110879890 ) ) ;
#574 = VECTOR ( 'NONE', #1665, 1000.000000000000000 ) ;
#575 = CARTESIAN_POINT ( 'NONE',  ( -5.682719835602639158, 9.818194839651507522, 9.852766671188479819 ) ) ;
#576 = CARTESIAN_POINT ( 'NONE',  ( -5.568242343065650246, -13.25411119237156754, 5.535224979084055086 ) ) ;
#577 = CARTESIAN_POINT ( 'NONE',  ( -23.50000000000000000, -14.00000000000000355, 5.500000000000004441 ) ) ;
#578 = CARTESIAN_POINT ( 'NONE',  ( -11.60143631097704642, -7.457497683712834835, 9.922689622492692152 ) ) ;
#579 = LINE ( 'NONE', #2220, #2141 ) ;
#580 = ORIENTED_EDGE ( 'NONE', *, *, #109, .T. ) ;
#581 = DIRECTION ( 'NONE',  ( -0.000000000000000000, 1.000000000000000000, -0.000000000000000000 ) ) ;
#582 = DIRECTION ( 'NONE',  ( -0.000000000000000000, -1.000000000000000000, -0.000000000000000000 ) ) ;
#583 = CARTESIAN_POINT ( 'NONE',  ( -5.968232614231876454, -9.559889270999814670, 10.01175748369529117 ) ) ;
#584 = VERTEX_POINT ( 'NONE', #1337 ) ;
#585 = EDGE_CURVE ( 'NONE', #1462, #1347, #2020, .T. ) ;
#586 = CARTESIAN_POINT ( 'NONE',  ( 2.993962914060584346, -12.82132450657833189, 8.324138468445090311 ) ) ;
#587 = CARTESIAN_POINT ( 'NONE',  ( -1.438786038786297183, 19.00000000000000711, 6.854928586984795125 ) ) ;
#588 = CARTESIAN_POINT ( 'NONE',  ( -3.446393386824982752, 19.36982737041990887, 3.998333854053845560 ) ) ;
#589 = FACE_OUTER_BOUND ( 'NONE', #391, .T. ) ;
#590 = CYLINDRICAL_SURFACE ( 'NONE', #966, 3.000000000000000444 ) ;
#591 = ORIENTED_EDGE ( 'NONE', *, *, #1906, .T. ) ;
#592 = FACE_BOUND ( 'NONE', #2290, .T. ) ;
#593 = CARTESIAN_POINT ( 'NONE',  ( -5.939516753021480966, -12.67114358490676196, 4.271532687282321383 ) ) ;
#594 = ORIENTED_EDGE ( 'NONE', *, *, #2528, .T. ) ;
#595 = CARTESIAN_POINT ( 'NONE',  ( -5.099999999999999645, 6.245698675651499853E-16, -5.795124125684485428 ) ) ;
#596 = ORIENTED_EDGE ( 'NONE', *, *, #635, .F. ) ;
#597 = FACE_BOUND ( 'NONE', #466, .T. ) ;
#598 = CARTESIAN_POINT ( 'NONE',  ( -3.499108362823674767, 19.00000000000000355, 4.093404138086931709 ) ) ;
#599 = DIRECTION ( 'NONE',  ( 0.000000000000000000, 0.000000000000000000, -1.000000000000000000 ) ) ;
#600 = ORIENTED_EDGE ( 'NONE', *, *, #2432, .T. ) ;
#601 = EDGE_CURVE ( 'NONE', #2066, #1188, #2442, .T. ) ;
#602 = DIRECTION ( 'NONE',  ( 0.000000000000000000, 1.000000000000000000, 0.000000000000000000 ) ) ;
#603 = CARTESIAN_POINT ( 'NONE',  ( -5.391030934073500980, -13.56597936570241814, 4.415107702346826812 ) ) ;
#604 = ORIENTED_EDGE ( 'NONE', *, *, #2689, .T. ) ;
#605 = CARTESIAN_POINT ( 'NONE',  ( -6.650590425715070531, 11.64574741962720594, 6.393588697013251831 ) ) ;
#606 = CARTESIAN_POINT ( 'NONE',  ( 0.5652318209521578485, 17.74475878444590649, 1.273808492277518134 ) ) ;
#607 = LINE ( 'NONE', #1433, #1473 ) ;
#608 = VERTEX_POINT ( 'NONE', #1354 ) ;
#609 = AXIS2_PLACEMENT_3D ( 'NONE', #1724, #238, #254 ) ;
#610 = EDGE_CURVE ( 'NONE', #225, #1793, #428, .T. ) ;
#611 = CARTESIAN_POINT ( 'NONE',  ( -1.375065404139626857, 15.79461865374327090, 7.410858281557637817 ) ) ;
#612 = MECHANICAL_DESIGN_GEOMETRIC_PRESENTATION_REPRESENTATION (  '', ( #1129 ), #2479 ) ;
#613 = CARTESIAN_POINT ( 'NONE',  ( -2.992293678349771557, -12.82380645964512134, 8.323178770977673224 ) ) ;
#614 = VECTOR ( 'NONE', #1837, 1000.000000000000000 ) ;
#615 = ADVANCED_FACE ( 'NONE', ( #1560 ), #1773, .F. ) ;
#616 = CARTESIAN_POINT ( 'NONE',  ( 10.48718090341670717, 7.662035340936345307, 11.01281909658329283 ) ) ;
#617 = VERTEX_POINT ( 'NONE', #748 ) ;
#618 = AXIS2_PLACEMENT_3D ( 'NONE', #1872, #1209, #1023 ) ;
#619 = CARTESIAN_POINT ( 'NONE',  ( -12.80773868178307673, 3.417054127862937829, 1.437369526432931366 ) ) ;
#620 = CARTESIAN_POINT ( 'NONE',  ( 3.499108362823688090, -18.99999999999999645, 4.093404138086171429 ) ) ;
#621 = ORIENTED_EDGE ( 'NONE', *, *, #96, .T. ) ;
#622 = CARTESIAN_POINT ( 'NONE',  ( 3.499108362823687646, 19.00000000000000355, 4.093404138086116362 ) ) ;
#623 = ORIENTED_EDGE ( 'NONE', *, *, #78, .F. ) ;
#624 = CARTESIAN_POINT ( 'NONE',  ( -0.4725980430892799955, 19.09589038088848767, 6.995863708112435297 ) ) ;
#625 = EDGE_CURVE ( 'NONE', #509, #97, #991, .T. ) ;
#626 = DIRECTION ( 'NONE',  ( 8.360113137237623735E-17, -1.000000000000000000, -0.000000000000000000 ) ) ;
#627 = B_SPLINE_CURVE_WITH_KNOTS ( 'NONE', 3,
 ( #126, #1571, #1973, #139 ),
 .UNSPECIFIED., .F., .F.,
 ( 4, 4 ),
 ( 0.000000000000000000, 0.001155054102448201591 ),
 .UNSPECIFIED. ) ;
#628 = CARTESIAN_POINT ( 'NONE',  ( 10.23569781467780793, 7.584434839925240368, 11.26430218532218497 ) ) ;
#629 = VERTEX_POINT ( 'NONE', #1748 ) ;
#630 =( BOUNDED_CURVE ( )  B_SPLINE_CURVE ( 3, ( #1711, #502, #709, #47 ),
 .UNSPECIFIED., .F., .F. ) 
 B_SPLINE_CURVE_WITH_KNOTS ( ( 4, 4 ),
 ( 5.151809050846008375, 5.215907802805761051 ),
 .UNSPECIFIED. ) 
 CURVE ( )  GEOMETRIC_REPRESENTATION_ITEM ( )  RATIONAL_B_SPLINE_CURVE ( ( 1.000000000000000000, 0.9996576418060634239, 0.9996576418060634239, 1.000000000000000000 ) ) 
 REPRESENTATION_ITEM ( '' )  );
#631 = CARTESIAN_POINT ( 'NONE',  ( 11.25605549127144833, -7.637294511593359481, 2.410328804614802589 ) ) ;
#632 = LINE ( 'NONE', #1623, #198 ) ;
#633 = CARTESIAN_POINT ( 'NONE',  ( 8.552551158178493651, -7.000000000000004441, 0.000000000000000000 ) ) ;
#634 = VERTEX_POINT ( 'NONE', #324 ) ;
#635 = EDGE_CURVE ( 'NONE', #1495, #101, #427, .T. ) ;
#636 = CARTESIAN_POINT ( 'NONE',  ( 8.633343680006273502, 9.550501135065532665, 3.339943770341188944 ) ) ;
#637 = VERTEX_POINT ( 'NONE', #2308 ) ;
#638 = CYLINDRICAL_SURFACE ( 'NONE', #29, 19.00000000000000355 ) ;
#639 = CARTESIAN_POINT ( 'NONE',  ( -0.3891571885155410415, 19.00000000000000000, 1.000000000000000000 ) ) ;
#640 = DIRECTION ( 'NONE',  ( -0.000000000000000000, -0.000000000000000000, -1.000000000000000000 ) ) ;
#641 = DIRECTION ( 'NONE',  ( 0.7310552682428687055, 1.162497174719307683E-16, 0.6823182503600113691 ) ) ;
#642 = CARTESIAN_POINT ( 'NONE',  ( -6.495819724679430252, -8.396275245554715383, 0.5397551910544435838 ) ) ;
#643 = DIRECTION ( 'NONE',  ( 1.000000000000000000, 8.360113137237623735E-17, -0.000000000000000000 ) ) ;
#644 = ADVANCED_FACE ( 'NONE', ( #440, #406 ), #2500, .F. ) ;
#645 = CARTESIAN_POINT ( 'NONE',  ( -10.78254235842853426, -7.907470966663403544, 9.422257230726774679 ) ) ;
#646 = ORIENTED_EDGE ( 'NONE', *, *, #1293, .T. ) ;
#647 = CARTESIAN_POINT ( 'NONE',  ( -12.59585088371216521, 4.129586490345618088, 1.438996634219797288 ) ) ;
#648 = DIRECTION ( 'NONE',  ( 0.7071067811865486830, 9.683958421158165815E-17, 0.7071067811865464625 ) ) ;
#649 = ORIENTED_EDGE ( 'NONE', *, *, #1854, .T. ) ;
#650 =( BOUNDED_SURFACE ( )  B_SPLINE_SURFACE ( 3, 2, ( 
 ( #2437, #168, #1228 ),
 ( #1017, #2241, #180 ),
 ( #2065, #1838, #1616 ),
 ( #2687, #810, #142 ),
 ( #1811, #2699, #1029 ),
 ( #837, #2658, #2453 ),
 ( #821, #788, #1202 ),
 ( #2034, #1650, #1445 ),
 ( #2279, #407, #1406 ),
 ( #189, #1006, #1865 ),
 ( #586, #365, #864 ),
 ( #2338, #1503, #1142 ),
 ( #1299, #2309, #468 ),
 ( #663, #2291, #1879 ),
 ( #896, #2545, #301 ),
 ( #421, #217, #205 ),
 ( #1721, #2558, #2501 ),
 ( #1895, #2515, #689 ),
 ( #31, #883, #676 ),
 ( #2135, #1518, #1693 ) ),
 .UNSPECIFIED., .F., .F., .F. ) 
 B_SPLINE_SURFACE_WITH_KNOTS ( ( 4, 2, 2, 2, 2, 2, 2, 2, 2, 4 ),
 ( 3, 3 ),
 ( 0.01079178487808184726, 0.01552315386997342797, 0.01670599611794632011, 0.01788883836591921572, 0.02025452286186500694, 0.02262020735781079817, 0.02498589185375658939, 0.02735157634970238061, 0.02853441859767527622, 0.02971726084564816836 ),
 ( 0.000000000000000000, 1.000000000000000000 ),
 .UNSPECIFIED. ) 
 GEOMETRIC_REPRESENTATION_ITEM ( )  RATIONAL_B_SPLINE_SURFACE ( (
 ( 1.000000000000000000, 0.8950075537530717273, 1.000000000000000000),
 ( 1.000000000000000000, 0.8803802940102707364, 1.000000000000000000),
 ( 1.000000000000000000, 0.8636143805429348230, 1.000000000000000000),
 ( 1.000000000000000000, 0.8409794660507152742, 1.000000000000000000),
 ( 1.000000000000000000, 0.8363579328240950961, 1.000000000000000000),
 ( 1.000000000000000000, 0.8270672391484570340, 1.000000000000000000),
 ( 1.000000000000000000, 0.8223917195991717888, 1.000000000000000000),
 ( 1.000000000000000000, 0.8083362201052418650, 1.000000000000000000),
 ( 1.000000000000000000, 0.7989239133030129336, 1.000000000000000000),
 ( 1.000000000000000000, 0.7804076277825752195, 1.000000000000000000),
 ( 1.000000000000000000, 0.7712921808514767719, 1.000000000000000000),
 ( 1.000000000000000000, 0.7539307791034612904, 1.000000000000000000),
 ( 1.000000000000000000, 0.7458585062355410633, 1.000000000000000000),
 ( 1.000000000000000000, 0.7314928386678102301, 1.000000000000000000),
 ( 1.000000000000000000, 0.7251991191589706176, 1.000000000000000000),
 ( 1.000000000000000000, 0.7175780588329637721, 1.000000000000000000),
 ( 1.000000000000000000, 0.7153371664965899601, 1.000000000000000000),
 ( 1.000000000000000000, 0.7116107399606934614, 1.000000000000000000),
 ( 1.000000000000000000, 0.7101138236029242989, 1.000000000000000000),
 ( 1.000000000000000000, 0.7089964314341629104, 1.000000000000000000) ) ) 
 REPRESENTATION_ITEM ( '' )  SURFACE ( )  );
#651 = CARTESIAN_POINT ( 'NONE',  ( 0.000000000000000000, 19.00000000000000355, 4.000000000000000000 ) ) ;
#652 = CARTESIAN_POINT ( 'NONE',  ( 10.47002360294805534, -7.612108900213812923, 0.9700236029480591160 ) ) ;
#653 = CIRCLE ( 'NONE', #2172, 1.350000000000000533 ) ;
#654 = CIRCLE ( 'NONE', #1258, 1.350000000000000533 ) ;
#655 = LINE ( 'NONE', #432, #287 ) ;
#656 = B_SPLINE_CURVE_WITH_KNOTS ( 'NONE', 3,
 ( #542, #1796, #2599, #2226, #528, #1557, #331, #555, #730, #988 ),
 .UNSPECIFIED., .F., .F.,
 ( 4, 2, 2, 2, 4 ),
 ( 0.000000000000000000, 0.0007241143324545416381, 0.001448228664909083276, 0.002172342997363624698, 0.002896457329818166553 ),
 .UNSPECIFIED. ) ;
#657 = AXIS2_PLACEMENT_3D ( 'NONE', #17, #2095, #868 ) ;
#658 = CARTESIAN_POINT ( 'NONE',  ( 6.025392035055389783, -8.773765013061638030, 0.6654447079160473733 ) ) ;
#659 = DIRECTION ( 'NONE',  ( -1.000000000000000000, -8.360113137237623735E-17, 0.000000000000000000 ) ) ;
#660 = DIRECTION ( 'NONE',  ( -1.000000000000000000, 0.000000000000000000, -0.000000000000000000 ) ) ;
#661 = VERTEX_POINT ( 'NONE', #2118 ) ;
#662 = DIRECTION ( 'NONE',  ( -0.000000000000000000, 1.301042606982605321E-16, 1.000000000000000000 ) ) ;
#663 = CARTESIAN_POINT ( 'NONE',  ( 1.373616091844099829, -15.79825883592227775, 7.410084153350815939 ) ) ;
#664 = CARTESIAN_POINT ( 'NONE',  ( -23.50000000000000000, 0.9999999999999954481, 5.500000000000002665 ) ) ;
#665 = ORIENTED_EDGE ( 'NONE', *, *, #335, .T. ) ;
#666 = EDGE_CURVE ( 'NONE', #2073, #1664, #2301, .T. ) ;
#667 = FACE_OUTER_BOUND ( 'NONE', #789, .T. ) ;
#668 = CARTESIAN_POINT ( 'NONE',  ( 11.58646527961104589, 7.465734512973232206, 9.913534720388971877 ) ) ;
#669 = B_SPLINE_CURVE_WITH_KNOTS ( 'NONE', 3,
 ( #1320, #1955, #90, #2636 ),
 .UNSPECIFIED., .F., .F.,
 ( 4, 4 ),
 ( 0.000000000000000000, 0.0009471391169631740090 ),
 .UNSPECIFIED. ) ;
#670 = ORIENTED_EDGE ( 'NONE', *, *, #498, .F. ) ;
#671 = CARTESIAN_POINT ( 'NONE',  ( -6.011753018797421078, -8.790536594365494949, 0.6696726938567635345 ) ) ;
#672 = LINE ( 'NONE', #684, #120 ) ;
#673 = CARTESIAN_POINT ( 'NONE',  ( -6.886580691924682363, -8.104807202253264009, 0.4356630885950159016 ) ) ;
#674 = ORIENTED_EDGE ( 'NONE', *, *, #1405, .F. ) ;
#675 = LINE ( 'NONE', #2363, #73 ) ;
#676 = CARTESIAN_POINT ( 'NONE',  ( 3.490081204927179659, -19.04147980718357758, 4.014168764152715951 ) ) ;
#677 = DIRECTION ( 'NONE',  ( -1.826024711554533913E-16, 1.000000000000000000, 0.000000000000000000 ) ) ;
#678 = ORIENTED_EDGE ( 'NONE', *, *, #1937, .F. ) ;
#679 = CARTESIAN_POINT ( 'NONE',  ( 0.4877036544836538257, 19.00000000000000000, 7.000000000000000000 ) ) ;
#680 = CARTESIAN_POINT ( 'NONE',  ( 4.281375397888075085, 15.98074307980804853, 4.536760812294369671 ) ) ;
#681 = EDGE_CURVE ( 'NONE', #2137, #2286, #1128, .T. ) ;
#682 = ORIENTED_EDGE ( 'NONE', *, *, #548, .T. ) ;
#683 = CARTESIAN_POINT ( 'NONE',  ( 4.441348002880067369, -15.55231718366026072, 4.544453153818123425 ) ) ;
#684 = CARTESIAN_POINT ( 'NONE',  ( 12.50000000000000000, -7.000000000000002665, 0.000000000000000000 ) ) ;
#685 = LINE ( 'NONE', #2525, #2224 ) ;
#686 = ORIENTED_EDGE ( 'NONE', *, *, #1370, .F. ) ;
#687 = PRESENTATION_STYLE_ASSIGNMENT (( #1517 ) ) ;
#688 = CARTESIAN_POINT ( 'NONE',  ( 10.17158727538962459, 7.525787632437043406, 0.6715872753896354741 ) ) ;
#689 = CARTESIAN_POINT ( 'NONE',  ( 3.544004006015954999, -18.71406858255103955, 4.040335949386093972 ) ) ;
#690 = CARTESIAN_POINT ( 'NONE',  ( 10.22927683731861315, 6.844724934296551488, 12.14451736791625258 ) ) ;
#691 = EDGE_LOOP ( 'NONE', ( #2112, #2461, #2373, #1101 ) ) ;
#692 = B_SPLINE_CURVE_WITH_KNOTS ( 'NONE', 3,
 ( #620, #1848, #2250, #2684, #1251, #1, #834, #847 ),
 .UNSPECIFIED., .F., .F.,
 ( 4, 2, 2, 4 ),
 ( 0.0007280787701670896669, 0.002302800824679595258, 0.003090161851935852716, 0.003877522879192111041 ),
 .UNSPECIFIED. ) ;
#693 = PLANE ( 'NONE',  #609 ) ;
#694 = CARTESIAN_POINT ( 'NONE',  ( -11.32842712474578484, -7.584888519983877586, 10.17157287525420095 ) ) ;
#695 = B_SPLINE_CURVE_WITH_KNOTS ( 'NONE', 3,
 ( #397, #1232, #2315, #173, #1658, #1450, #2284, #2259, #1278, #1671, #1033, #431 ),
 .UNSPECIFIED., .F., .F.,
 ( 4, 2, 2, 2, 2, 4 ),
 ( 0.000000000000000000, 0.0009468041381067656987, 0.001420206207160150174, 0.001893608276213534867, 0.002840412414320306420, 0.003787216552427077974 ),
 .UNSPECIFIED. ) ;
#696 = CARTESIAN_POINT ( 'NONE',  ( -9.746411641500564826, 7.271737710832169022, 11.75358835849943340 ) ) ;
#697 = EDGE_CURVE ( 'NONE', #2320, #509, #607, .T. ) ;
#698 = CIRCLE ( 'NONE', #824, 3.000000000000001776 ) ;
#699 = CARTESIAN_POINT ( 'NONE',  ( 0.5048623471993061163, -7.600156767614072884, 0.2456578729858449328 ) ) ;
#700 = CARTESIAN_POINT ( 'NONE',  ( 5.099999999999999645, 0.000000000000000000, 11.00000000000000000 ) ) ;
#701 = ORIENTED_EDGE ( 'NONE', *, *, #2058, .T. ) ;
#702 = AXIS2_PLACEMENT_3D ( 'NONE', #703, #935, #288 ) ;
#703 = CARTESIAN_POINT ( 'NONE',  ( 0.000000000000000000, 9.000000000000003553, 4.000000000000000000 ) ) ;
#704 = AXIS2_PLACEMENT_3D ( 'NONE', #1289, #2122, #1084 ) ;
#705 = LINE ( 'NONE', #1542, #483 ) ;
#706 = CARTESIAN_POINT ( 'NONE',  ( 3.430438524996896721, 19.48981684219803157, 6.979894031941843657 ) ) ;
#707 = ORIENTED_EDGE ( 'NONE', *, *, #2058, .F. ) ;
#708 = VECTOR ( 'NONE', #641, 1000.000000000000114 ) ;
#709 = CARTESIAN_POINT ( 'NONE',  ( 11.88594835707080755, -7.300755182058435544, 9.614051642929185348 ) ) ;
#710 = CARTESIAN_POINT ( 'NONE',  ( 8.552551158178493651, 7.000000000000006217, 0.000000000000000000 ) ) ;
#711 = DIRECTION ( 'NONE',  ( 1.000000000000000000, 0.000000000000000000, 0.000000000000000000 ) ) ;
#712 = FACE_OUTER_BOUND ( 'NONE', #1599, .T. ) ;
#713 = CARTESIAN_POINT ( 'NONE',  ( 9.542696165362052341, 7.046390998930252003, 11.95730383463794411 ) ) ;
#714 = DIRECTION ( 'NONE',  ( -8.360113137237623735E-17, 1.000000000000000000, 0.000000000000000000 ) ) ;
#715 = CARTESIAN_POINT ( 'NONE',  ( -7.832796202117568996, -10.32316704220101578, 3.632820053480574796 ) ) ;
#716 = EDGE_LOOP ( 'NONE', ( #1715, #1758, #2121, #2514, #2160, #2494, #1797, #9 ) ) ;
#717 = CYLINDRICAL_SURFACE ( 'NONE', #2000, 5.099999999999999645 ) ;
#718 = CARTESIAN_POINT ( 'NONE',  ( 2.443559349713630535, 13.69243235810667514, 8.008823024862484985 ) ) ;
#719 = CARTESIAN_POINT ( 'NONE',  ( 5.636936775773426334, 13.13820444727005743, 4.356686425911502347 ) ) ;
#720 = CARTESIAN_POINT ( 'NONE',  ( -23.50000000000000000, -9.500000000000005329, 4.000000000000002665 ) ) ;
#721 = B_SPLINE_CURVE_WITH_KNOTS ( 'NONE', 3,
 ( #376, #1470, #1268, #1636 ),
 .UNSPECIFIED., .F., .F.,
 ( 4, 4 ),
 ( 0.000000000000000000, 0.0005931146711943658745 ),
 .UNSPECIFIED. ) ;
#722 = CARTESIAN_POINT ( 'NONE',  ( 12.49999999999999467, 19.00000000000000355, 2.999999999999995559 ) ) ;
#723 = B_SPLINE_CURVE_WITH_KNOTS ( 'NONE', 3,
 ( #1356, #103, #1319, #1940, #1152, #1978, #953, #912, #1508, #171 ),
 .UNSPECIFIED., .F., .F.,
 ( 4, 2, 2, 2, 4 ),
 ( 0.000000000000000000, 0.0006310095141407292066, 0.001262019028281458413, 0.001893028542422187620, 0.002524038056562916826 ),
 .UNSPECIFIED. ) ;
#724 = CARTESIAN_POINT ( 'NONE',  ( -23.50000000000000355, 0.9999999999999958922, 8.999999999999982236 ) ) ;
#725 = CARTESIAN_POINT ( 'NONE',  ( -4.838753861643622756, -9.885109749533812717, 0.9755724401346939079 ) ) ;
#726 = VERTEX_POINT ( 'NONE', #1550 ) ;
#727 = EDGE_CURVE ( 'NONE', #934, #1609, #653, .T. ) ;
#728 = CARTESIAN_POINT ( 'NONE',  ( -12.50000000000000355, -7.000000000000002665, 9.359281115502158244 ) ) ;
#729 = CARTESIAN_POINT ( 'NONE',  ( 0.6839940744458478106, 17.72286282916186195, 7.051525703600026951 ) ) ;
#730 = CARTESIAN_POINT ( 'NONE',  ( 9.764431850145768976, -7.291712811981069464, 11.73556814985423458 ) ) ;
#731 = ORIENTED_EDGE ( 'NONE', *, *, #585, .F. ) ;
#732 = EDGE_CURVE ( 'NONE', #2343, #1975, #130, .T. ) ;
#733 = CARTESIAN_POINT ( 'NONE',  ( 5.467535601599002426, 13.41964141873731720, 1.573704408548761258 ) ) ;
#734 = CARTESIAN_POINT ( 'NONE',  ( 3.499108362823688090, -18.99999999999999645, 4.093404138086171429 ) ) ;
#735 = CARTESIAN_POINT ( 'NONE',  ( 1.158522167619629561, -16.35574052383227084, 7.295994293373639472 ) ) ;
#736 = CARTESIAN_POINT ( 'NONE',  ( -6.197347526398716333, 9.378236771343496869, 10.13536927510821428 ) ) ;
#737 =( BOUNDED_CURVE ( )  B_SPLINE_CURVE ( 3, ( #1821, #2626, #1157, #2611 ),
 .UNSPECIFIED., .F., .F. ) 
 B_SPLINE_CURVE_WITH_KNOTS ( ( 4, 4 ),
 ( 0.7339926016147991783, 0.7439475542254794238 ),
 .UNSPECIFIED. ) 
 CURVE ( )  GEOMETRIC_REPRESENTATION_ITEM ( )  RATIONAL_B_SPLINE_CURVE ( ( 1.000000000000000000, 0.9999917415935934972, 0.9999917415935934972, 1.000000000000000000 ) ) 
 REPRESENTATION_ITEM ( '' )  );
#738 = LINE ( 'NONE', #1763, #1823 ) ;
#739 = CARTESIAN_POINT ( 'NONE',  ( -23.50000000000000000, -9.500000000000005329, 5.500000000000003553 ) ) ;
#740 = ORIENTED_EDGE ( 'NONE', *, *, #1093, .F. ) ;
#741 = CARTESIAN_POINT ( 'NONE',  ( -4.281375397888105283, -15.98074307980798814, 4.536760812294363454 ) ) ;
#742 = CARTESIAN_POINT ( 'NONE',  ( -12.50000000000000711, 7.000000000000004441, 0.000000000000000000 ) ) ;
#743 = AXIS2_PLACEMENT_3D ( 'NONE', #1734, #311, #472 ) ;
#744 = CYLINDRICAL_SURFACE ( 'NONE', #203, 4.000000000000000000 ) ;
#745 = ORIENTED_EDGE ( 'NONE', *, *, #350, .T. ) ;
#746 = CIRCLE ( 'NONE', #657, 3.000000000000002665 ) ;
#747 = CARTESIAN_POINT ( 'NONE',  ( 3.955630143423657596, 10.83434632497066730, 1.194068190135855412 ) ) ;
#748 = CARTESIAN_POINT ( 'NONE',  ( -0.3891571885155375998, -19.00000000000000711, 1.000000000000000000 ) ) ;
#749 = EDGE_CURVE ( 'NONE', #1609, #2137, #1041, .T. ) ;
#750 = LINE ( 'NONE', #1580, #1565 ) ;
#751 = CARTESIAN_POINT ( 'NONE',  ( -8.490509493466213087, 9.685765779428779254, 7.800203122772197517 ) ) ;
#752 = CARTESIAN_POINT ( 'NONE',  ( -7.062068858410833982, 11.16324118551713696, 1.321252604083313242 ) ) ;
#753 = CARTESIAN_POINT ( 'NONE',  ( -7.354231383933554689, -10.83744759291897353, 3.804691439900913519 ) ) ;
#754 = ORIENTED_EDGE ( 'NONE', *, *, #2577, .F. ) ;
#755 = CARTESIAN_POINT ( 'NONE',  ( -0.4877036544836607646, 19.00000000000000000, 7.000000000000000000 ) ) ;
#756 = CARTESIAN_POINT ( 'NONE',  ( 3.470066808519791657, -19.00000000000000000, 3.692777178225102652 ) ) ;
#757 = FACE_BOUND ( 'NONE', #1386, .T. ) ;
#758 = ORIENTED_EDGE ( 'NONE', *, *, #444, .T. ) ;
#759 = CARTESIAN_POINT ( 'NONE',  ( -2.706301299670359484, -18.99999999999999645, 2.062549996348641113 ) ) ;
#760 = CARTESIAN_POINT ( 'NONE',  ( 4.639400218315767432, -10.08032062085913694, 1.027229305551773830 ) ) ;
#761 = CARTESIAN_POINT ( 'NONE',  ( -12.50000000000000888, 19.86675810436812029, 25.98021945048349579 ) ) ;
#762 = ADVANCED_FACE ( 'NONE', ( #1708 ), #1695, .T. ) ;
#763 = CARTESIAN_POINT ( 'NONE',  ( -0.4561927580121752368, 18.38085132143464406, 1.151057533321127924 ) ) ;
#764 = B_SPLINE_CURVE_WITH_KNOTS ( 'NONE', 3,
 ( #680, #1465, #1480, #2125, #447, #1449, #2283, #2109, #1072, #1901, #411, #1246, #2079, #19 ),
 .UNSPECIFIED., .F., .F.,
 ( 4, 2, 2, 2, 2, 2, 4 ),
 ( 0.003155784768598310017, 0.004733116217128394143, 0.006310447665658478270, 0.009465110562718649992, 0.01104244201124873412, 0.01261977345977881824, 0.01577443635683898476 ),
 .UNSPECIFIED. ) ;
#765 = B_SPLINE_CURVE_WITH_KNOTS ( 'NONE', 3,
 ( #2323, #2351, #94, #454, #636, #485, #2089, #1272, #1970, #1472, #1315, #1460, #1055, #2149, #1666, #441 ),
 .UNSPECIFIED., .F., .F.,
 ( 4, 2, 2, 2, 2, 2, 2, 4 ),
 ( 0.0008645696630165249650, 0.003864685263645758085, 0.005364743063960373398, 0.006864800864274988278, 0.008364858664589603157, 0.009864916464904217169, 0.01136497426521883292, 0.01286503206553344693 ),
 .UNSPECIFIED. ) ;
#766 = ADVANCED_FACE ( 'NONE', ( #2293 ), #422, .T. ) ;
#767 = CARTESIAN_POINT ( 'NONE',  ( -6.496837077083598366, 11.88655112480719644, 4.097941398051774264 ) ) ;
#768 = LINE ( 'NONE', #1208, #917 ) ;
#769 = CARTESIAN_POINT ( 'NONE',  ( -3.534623553945647867, -18.69842712083639569, 4.246947204562672162 ) ) ;
#770 = EDGE_LOOP ( 'NONE', ( #1453, #470, #13, #175 ) ) ;
#771 = CARTESIAN_POINT ( 'NONE',  ( 0.000000000000000000, 0.000000000000000000, 0.000000000000000000 ) ) ;
#772 = DIRECTION ( 'NONE',  ( 1.369518533665900065E-16, -1.000000000000000000, 0.000000000000000000 ) ) ;
#773 = CARTESIAN_POINT ( 'NONE',  ( -1.819756708986929983, -14.83477601619733122, 7.656048172866001700 ) ) ;
#774 = ORIENTED_EDGE ( 'NONE', *, *, #962, .F. ) ;
#775 = CARTESIAN_POINT ( 'NONE',  ( 4.707508076698983857, 14.92400423340929194, 4.529946811176028376 ) ) ;
#776 = CARTESIAN_POINT ( 'NONE',  ( 1.764138203549190376, -14.19457179312295381, 1.547340528906151036 ) ) ;
#777 = CARTESIAN_POINT ( 'NONE',  ( -10.20537658509504553, -7.478799009847532098, 0.6485497224291690843 ) ) ;
#778 = CARTESIAN_POINT ( 'NONE',  ( -6.462485919772020360, 9.164224942352412029, 10.27929625823600723 ) ) ;
#779 = CARTESIAN_POINT ( 'NONE',  ( -3.536192505923183571, 18.68754888966863703, 4.249472081480217156 ) ) ;
#780 = CARTESIAN_POINT ( 'NONE',  ( 3.382326576579770983, 19.00000000000000355, 3.295895112864452248 ) ) ;
#781 = EDGE_LOOP ( 'NONE', ( #1506, #1210 ) ) ;
#782 = EDGE_CURVE ( 'NONE', #2452, #84, #1888, .T. ) ;
#783 = DIRECTION ( 'NONE',  ( -1.000000000000000000, 0.000000000000000000, 0.000000000000000000 ) ) ;
#784 = CARTESIAN_POINT ( 'NONE',  ( 2.959729717389732340, -7.000000000000007105, 0.000000000000000000 ) ) ;
#785 = CARTESIAN_POINT ( 'NONE',  ( -1.400149018579428306, -15.73545952060628395, 7.424445173985557034 ) ) ;
#786 = ORIENTED_EDGE ( 'NONE', *, *, #166, .F. ) ;
#787 = AXIS2_PLACEMENT_3D ( 'NONE', #1271, #2698, #2103 ) ;
#788 = CARTESIAN_POINT ( 'NONE',  ( 7.042770521690250085, -11.16526865373866784, 9.038006418105274165 ) ) ;
#789 = EDGE_LOOP ( 'NONE', ( #623, #1818, #1668, #1223 ) ) ;
#790 = B_SPLINE_CURVE_WITH_KNOTS ( 'NONE', 3,
 ( #1430, #1679, #420, #2473, #820, #605, #1252, #2278, #2088, #2485, #392, #836 ),
 .UNSPECIFIED., .F., .F.,
 ( 4, 2, 2, 2, 2, 4 ),
 ( 0.001130251360831799855, 0.004301655679976021385, 0.007473059999120243782, 0.01064446431826446618, 0.01223016647783657304, 0.01381586863740868337 ),
 .UNSPECIFIED. ) ;
#791 = CARTESIAN_POINT ( 'NONE',  ( -9.767423758965207981, -7.231088972867319775, 0.2674237589652231351 ) ) ;
#792 = CARTESIAN_POINT ( 'NONE',  ( -0.3891571885155410415, 19.00000000000000000, 1.000000000000000000 ) ) ;
#793 = CARTESIAN_POINT ( 'NONE',  ( -7.004773297864375969, -11.23106317034734225, 6.668696469510321023 ) ) ;
#794 = CARTESIAN_POINT ( 'NONE',  ( -20.49999999999999645, -7.000000000000004441, 4.000000000000002665 ) ) ;
#795 = CARTESIAN_POINT ( 'NONE',  ( 11.42498745456427400, 7.554689467489398957, 10.07501254543571534 ) ) ;
#796 = ORIENTED_EDGE ( 'NONE', *, *, #60, .T. ) ;
#797 = CARTESIAN_POINT ( 'NONE',  ( -4.281375397888083079, 15.98074307980804853, 4.536760812294371448 ) ) ;
#798 = CARTESIAN_POINT ( 'NONE',  ( -6.235011962387201123, -12.23831601576598338, 4.182344000878669199 ) ) ;
#799 = ORIENTED_EDGE ( 'NONE', *, *, #1338, .T. ) ;
#800 = VERTEX_POINT ( 'NONE', #2324 ) ;
#801 = CARTESIAN_POINT ( 'NONE',  ( -1.253856179454498454, 19.00000000000000355, 6.908777103488580984 ) ) ;
#802 = CARTESIAN_POINT ( 'NONE',  ( -3.382486201320826336, 19.00000000000000000, 3.295954665614739820 ) ) ;
#803 = CARTESIAN_POINT ( 'NONE',  ( -4.241285778556290076, -11.24114608576570618, 9.041277506523881513 ) ) ;
#804 = CARTESIAN_POINT ( 'NONE',  ( -12.59585088371216521, 4.129586490345618088, 1.438996634219797288 ) ) ;
#805 = CARTESIAN_POINT ( 'NONE',  ( -11.64396558810403270, 7.272406459382873223, 1.326071718848438996 ) ) ;
#806 = CARTESIAN_POINT ( 'NONE',  ( 0.6827096278111303151, 18.99999999999999645, 7.000000000000000000 ) ) ;
#807 = CARTESIAN_POINT ( 'NONE',  ( 5.083865918794560734, 9.631987854981696628, 0.9133597308462613196 ) ) ;
#808 = ORIENTED_EDGE ( 'NONE', *, *, #982, .T. ) ;
#809 = EDGE_CURVE ( 'NONE', #608, #2573, #865, .T. ) ;
#810 = CARTESIAN_POINT ( 'NONE',  ( 7.884842816015381395, -10.24187599259224335, 9.545610107577129355 ) ) ;
#811 = ORIENTED_EDGE ( 'NONE', *, *, #681, .T. ) ;
#812 = CARTESIAN_POINT ( 'NONE',  ( 6.058080833655081321, -12.45561884342278702, 4.245888187271162018 ) ) ;
#813 = CARTESIAN_POINT ( 'NONE',  ( -5.152651453892695521, -13.95206809676049176, 7.875377895178229615 ) ) ;
#814 = DIRECTION ( 'NONE',  ( -0.000000000000000000, -0.000000000000000000, -1.000000000000000000 ) ) ;
#815 = ORIENTED_EDGE ( 'NONE', *, *, #1471, .T. ) ;
#816 = CARTESIAN_POINT ( 'NONE',  ( -7.599999999999999645, 0.000000000000000000, 7.000000000000000000 ) ) ;
#817 = APPLICATION_CONTEXT ( 'automotive_design' ) ;
#818 = CARTESIAN_POINT ( 'NONE',  ( -9.049319688688251873, -9.189706771771827931, 3.187311138390114706 ) ) ;
#819 = ORIENTED_EDGE ( 'NONE', *, *, #2415, .T. ) ;
#820 = CARTESIAN_POINT ( 'NONE',  ( -7.892129556532637480, 10.22846139580909330, 7.354312021775951003 ) ) ;
#821 = CARTESIAN_POINT ( 'NONE',  ( 5.423835194571449136, -10.05270352761936792, 9.708871189106860200 ) ) ;
#822 = CARTESIAN_POINT ( 'NONE',  ( 10.76877136915469890, -7.916185988844406829, 9.413181613254389291 ) ) ;
#823 = ORIENTED_EDGE ( 'NONE', *, *, #318, .F. ) ;
#824 = AXIS2_PLACEMENT_3D ( 'NONE', #2200, #1379, #1759 ) ;
#825 = CARTESIAN_POINT ( 'NONE',  ( -3.506542821867976389, 18.93329216723987329, 6.994277716231919406 ) ) ;
#826 = ADVANCED_FACE ( 'NONE', ( #32 ), #1651, .T. ) ;
#827 = VECTOR ( 'NONE', #1300, 1000.000000000000000 ) ;
#828 = CARTESIAN_POINT ( 'NONE',  ( -0.4723883387686291235, -19.09725205770349277, 6.995808465568891243 ) ) ;
#829 = VECTOR ( 'NONE', #30, 1000.000000000000000 ) ;
#830 = EDGE_CURVE ( 'NONE', #992, #400, #2392, .T. ) ;
#831 = CARTESIAN_POINT ( 'NONE',  ( -9.580878926205322443, -7.032908270664302464, 0.08087892620533806975 ) ) ;
#832 = EDGE_LOOP ( 'NONE', ( #670, #1123, #774, #154, #2685 ) ) ;
#833 = LINE ( 'NONE', #401, #1390 ) ;
#834 = CARTESIAN_POINT ( 'NONE',  ( 4.192014094094411725, -16.22490016965954496, 4.500930590757273642 ) ) ;
#835 = ORIENTED_EDGE ( 'NONE', *, *, #1986, .T. ) ;
#836 = CARTESIAN_POINT ( 'NONE',  ( -4.281375397888083079, 15.98074307980804853, 4.536760812294371448 ) ) ;
#837 = CARTESIAN_POINT ( 'NONE',  ( 5.673235784757836520, -9.826634087070925005, 9.847514862385009948 ) ) ;
#838 = DIRECTION ( 'NONE',  ( -0.7071067811865483499, -1.291194456154421780E-16, 0.7071067811865466846 ) ) ;
#839 = ORIENTED_EDGE ( 'NONE', *, *, #2328, .T. ) ;
#840 = CARTESIAN_POINT ( 'NONE',  ( -4.415858236025973937, 15.61550990757602442, 4.545009325584691950 ) ) ;
#841 = CARTESIAN_POINT ( 'NONE',  ( -0.8310061853689684197, 17.41646449935359797, 7.135949452702227802 ) ) ;
#842 = ADVANCED_FACE ( 'NONE', ( #2516 ), #1287, .T. ) ;
#843 = DIRECTION ( 'NONE',  ( -8.360113137237623735E-17, 1.000000000000000000, -1.301042606982605321E-16 ) ) ;
#844 = ORIENTED_EDGE ( 'NONE', *, *, #749, .T. ) ;
#845 = CARTESIAN_POINT ( 'NONE',  ( 9.203213344295807730, -9.044237382396195457, 0.8278690245585287322 ) ) ;
#846 = CARTESIAN_POINT ( 'NONE',  ( -14.32911385703467566, 1.636048650315415021, 1.047792565213364835 ) ) ;
#847 = CARTESIAN_POINT ( 'NONE',  ( 4.281375397888077750, -15.98074307980803788, 4.536760812294364342 ) ) ;
#848 = EDGE_LOOP ( 'NONE', ( #569, #1960, #1766, #1447, #409, #1963, #141 ) ) ;
#849 = DIRECTION ( 'NONE',  ( 0.000000000000000000, -1.301042606982605321E-16, -1.000000000000000000 ) ) ;
#850 = PRODUCT_DEFINITION ( 'UNKNOWN', '', #1265, #2321 ) ;
#851 = CARTESIAN_POINT ( 'NONE',  ( 0.000000000000000000, 0.000000000000000000, 0.000000000000000000 ) ) ;
#852 = ORIENTED_EDGE ( 'NONE', *, *, #2550, .T. ) ;
#853 = B_SPLINE_CURVE_WITH_KNOTS ( 'NONE', 3,
 ( #1596, #2183, #98, #361, #524, #1401, #2237, #2030, #1146, #945, #2404, #539, #805, #2046, #1860, #2071 ),
 .UNSPECIFIED., .F., .F.,
 ( 4, 2, 2, 2, 2, 2, 2, 4 ),
 ( 3.101367847515571073E-18, 0.0003985012783955041308, 0.0007970025567910050089, 0.001195503835186505779, 0.001594005113582006765, 0.001992506391977507535, 0.002391007670373008522, 0.003188010227164010495 ),
 .UNSPECIFIED. ) ;
#854 = CARTESIAN_POINT ( 'NONE',  ( -2.132350607630263184, 13.49945053932357020, 1.518239376951839192 ) ) ;
#855 = CARTESIAN_POINT ( 'NONE',  ( -4.206365901284764952, 16.15085881653870103, 4.478853886717846677 ) ) ;
#856 = CARTESIAN_POINT ( 'NONE',  ( 1.653273178848926374E-16, -9.000000000000003553, 5.350000000000000533 ) ) ;
#857 = CARTESIAN_POINT ( 'NONE',  ( -23.50000000000000355, -7.000000000000005329, 4.999999999999982236 ) ) ;
#858 = CARTESIAN_POINT ( 'NONE',  ( 8.695415254133616045, -9.475550279292672684, 0.9515920260639727513 ) ) ;
#859 = CARTESIAN_POINT ( 'NONE',  ( -1.756630433439439365, 7.398585197468762864, 0.1658952837045827300 ) ) ;
#860 = DIRECTION ( 'NONE',  ( -1.826024711554533913E-16, 1.000000000000000000, 0.000000000000000000 ) ) ;
#861 = EDGE_CURVE ( 'NONE', #1188, #1807, #2716, .T. ) ;
#862 = VERTEX_POINT ( 'NONE', #664 ) ;
#863 = CARTESIAN_POINT ( 'NONE',  ( 0.000000000000000000, -9.000000000000003553, 4.000000000000000000 ) ) ;
#864 = CARTESIAN_POINT ( 'NONE',  ( 5.569648015015709497, -13.25169111619395856, 5.536336207948231447 ) ) ;
#865 = LINE ( 'NONE', #2502, #1694 ) ;
#866 = EDGE_CURVE ( 'NONE', #1867, #169, #337, .T. ) ;
#867 = ORIENTED_EDGE ( 'NONE', *, *, #278, .F. ) ;
#868 = DIRECTION ( 'NONE',  ( -1.000000000000000000, 0.000000000000000000, 0.000000000000000000 ) ) ;
#869 = CARTESIAN_POINT ( 'NONE',  ( 1.969064628561375319, 14.53990784234617806, 7.739697607691226722 ) ) ;
#870 = AXIS2_PLACEMENT_3D ( 'NONE', #1044, #1870, #1409 ) ;
#871 = AXIS2_PLACEMENT_3D ( 'NONE', #722, #1303, #940 ) ;
#872 = APPLICATION_PROTOCOL_DEFINITION ( 'draft international standard', 'automotive_design', 1998, #2036 ) ;
#873 = ORIENTED_EDGE ( 'NONE', *, *, #335, .F. ) ;
#874 = AXIS2_PLACEMENT_3D ( 'NONE', #2169, #1894, #484 ) ;
#875 = CARTESIAN_POINT ( 'NONE',  ( -5.083865918794564287, -9.631987854981694852, 0.9133597308462632069 ) ) ;
#876 = CYLINDRICAL_SURFACE ( 'NONE', #2529, 4.000000000000000000 ) ;
#877 = AXIS2_PLACEMENT_3D ( 'NONE', #1352, #2628, #1784 ) ;
#878 = CARTESIAN_POINT ( 'NONE',  ( -9.779999002317939727, -8.595166060929191332, 0.6880377829121111510 ) ) ;
#879 = ORIENTED_EDGE ( 'NONE', *, *, #1206, .T. ) ;
#880 = EDGE_CURVE ( 'NONE', #1269, #230, #206, .T. ) ;
#881 = DIRECTION ( 'NONE',  ( 0.000000000000000000, 8.708451184622489030E-18, 1.000000000000000000 ) ) ;
#882 = CARTESIAN_POINT ( 'NONE',  ( -16.50000000000000711, 4.999999999999996447, 8.999999999999982236 ) ) ;
#883 = CARTESIAN_POINT ( 'NONE',  ( 3.464914995348403526, -19.21181907164636371, 6.984188061584732488 ) ) ;
#884 = DIRECTION ( 'NONE',  ( -0.000000000000000000, -0.000000000000000000, 1.000000000000000000 ) ) ;
#885 = VERTEX_POINT ( 'NONE', #469 ) ;
#886 = EDGE_CURVE ( 'NONE', #129, #1897, #1273, .T. ) ;
#887 = CARTESIAN_POINT ( 'NONE',  ( 7.446779687369261325, 8.388233591290948254, 10.80996019314829759 ) ) ;
#888 = CARTESIAN_POINT ( 'NONE',  ( -3.446216793712856052, -19.37115509961348181, 3.998269889003426947 ) ) ;
#889 = CARTESIAN_POINT ( 'NONE',  ( -2.707906080785036806, 12.53697523494864541, 1.442039582065359538 ) ) ;
#890 = DIRECTION ( 'NONE',  ( 8.360113137237623735E-17, -1.000000000000000000, -0.000000000000000000 ) ) ;
#891 = B_SPLINE_CURVE_WITH_KNOTS ( 'NONE', 3,
 ( #741, #1388, #329, #1172 ),
 .UNSPECIFIED., .F., .F.,
 ( 4, 4 ),
 ( -1.058270115621176846E-08, 0.003171700175016259251 ),
 .UNSPECIFIED. ) ;
#892 = CARTESIAN_POINT ( 'NONE',  ( -2.493637573998601198, -7.197072395405236911, 0.08462104097302672323 ) ) ;
#893 = FACE_OUTER_BOUND ( 'NONE', #716, .T. ) ;
#894 = ORIENTED_EDGE ( 'NONE', *, *, #2312, .F. ) ;
#895 = CARTESIAN_POINT ( 'NONE',  ( 0.000000000000000000, -19.00000000000000355, 2.649999999999999911 ) ) ;
#896 = CARTESIAN_POINT ( 'NONE',  ( 1.130240633467460842, -16.43312345416667952, 7.281263354362633500 ) ) ;
#897 = CARTESIAN_POINT ( 'NONE',  ( 1.945074497135353075, 14.58579027437251519, 7.726202863824151557 ) ) ;
#898 = ORIENTED_EDGE ( 'NONE', *, *, #2063, .T. ) ;
#899 = EDGE_CURVE ( 'NONE', #1691, #529, #1852, .T. ) ;
#900 = CARTESIAN_POINT ( 'NONE',  ( 10.08096521235565923, -7.466765456293010139, 0.5809652123556658943 ) ) ;
#901 = ADVANCED_FACE ( 'NONE', ( #2487 ), #457, .T. ) ;
#902 = CARTESIAN_POINT ( 'NONE',  ( -20.77072699855995808, 0.9999999999999945599, -4.719345198655963358 ) ) ;
#903 = ORIENTED_EDGE ( 'NONE', *, *, #625, .F. ) ;
#904 = DIRECTION ( 'NONE',  ( 1.000000000000000000, 0.000000000000000000, 0.000000000000000000 ) ) ;
#905 = CARTESIAN_POINT ( 'NONE',  ( -4.281375397888083079, 15.98074307980804853, 4.536760812294371448 ) ) ;
#906 = VERTEX_POINT ( 'NONE', #1556 ) ;
#907 = DIRECTION ( 'NONE',  ( 1.000000000000000000, 0.000000000000000000, 0.000000000000000000 ) ) ;
#908 = CARTESIAN_POINT ( 'NONE',  ( 11.66254395038652447, 7.424092641333031928, 9.959932828563527352 ) ) ;
#909 = ORIENTED_EDGE ( 'NONE', *, *, #2222, .F. ) ;
#910 =( BOUNDED_SURFACE ( )  B_SPLINE_SURFACE ( 3, 2, ( 
 ( #309, #2379, #1162 ),
 ( #102, #1950, #115 ),
 ( #1589, #964, #1786 ),
 ( #85, #950, #939 ),
 ( #2393, #1150, #1772 ),
 ( #2173, #1546, #2616 ),
 ( #747, #334, #1178 ),
 ( #1747, #733, #719 ),
 ( #2006, #2645, #515 ),
 ( #2601, #1578, #2408 ),
 ( #544, #977, #775 ),
 ( #1600, #501, #351 ),
 ( #990, #1432, #2486 ),
 ( #571, #1394, #2676 ),
 ( #2075, #1827, #379 ),
 ( #606, #1416, #2267 ),
 ( #1627, #1189, #2253 ),
 ( #1241, #2229, #2019 ) ),
 .UNSPECIFIED., .F., .F., .F. ) 
 B_SPLINE_SURFACE_WITH_KNOTS ( ( 4, 2, 2, 2, 2, 2, 2, 2, 4 ),
 ( 3, 3 ),
 ( 0.01139260535569678982, 0.01616966662619763462, 0.01855819726144805615, 0.02094672789669848115, 0.02333525853194890615, 0.02452952384957411691, 0.02572378916719932768, 0.02811231980244974921, 0.03050085043770017421 ),
 ( 0.000000000000000000, 1.000000000000000000 ),
 .UNSPECIFIED. ) 
 GEOMETRIC_REPRESENTATION_ITEM ( )  RATIONAL_B_SPLINE_SURFACE ( (
 ( 1.000000000000000000, 0.8350806655749710705, 1.000000000000000000),
 ( 1.000000000000000000, 0.8211002082703140470, 1.000000000000000000),
 ( 1.000000000000000000, 0.8049214878860195821, 1.000000000000000000),
 ( 1.000000000000000000, 0.7796283395633009095, 1.000000000000000000),
 ( 1.000000000000000000, 0.7709956962427970684, 1.000000000000000000),
 ( 1.000000000000000000, 0.7541851909811007060, 1.000000000000000000),
 ( 1.000000000000000000, 0.7459680871693566973, 1.000000000000000000),
 ( 1.000000000000000000, 0.7308663775799514317, 1.000000000000000000),
 ( 1.000000000000000000, 0.7239418833974280432, 1.000000000000000000),
 ( 1.000000000000000000, 0.7149963750124374018, 1.000000000000000000),
 ( 1.000000000000000000, 0.7122554257690668633, 1.000000000000000000),
 ( 1.000000000000000000, 0.7073477756378580006, 1.000000000000000000),
 ( 1.000000000000000000, 0.7051917857569703907, 1.000000000000000000),
 ( 1.000000000000000000, 0.6998000437168299115, 1.000000000000000000),
 ( 1.000000000000000000, 0.6976012542050047394, 1.000000000000000000),
 ( 1.000000000000000000, 0.6962688828665224428, 1.000000000000000000),
 ( 1.000000000000000000, 0.6971381506514418014, 1.000000000000000000),
 ( 1.000000000000000000, 0.6995988842141588337, 1.000000000000000000) ) ) 
 REPRESENTATION_ITEM ( '' )  SURFACE ( )  );
#911 = CARTESIAN_POINT ( 'NONE',  ( 9.499999999999998224, -7.000000000000000888, 12.00000000000000000 ) ) ;
#912 = CARTESIAN_POINT ( 'NONE',  ( -11.03632198087594318, -7.673140962096394624, 10.46367801912404438 ) ) ;
#913 = EDGE_CURVE ( 'NONE', #617, #1558, #1116, .T. ) ;
#914 = AXIS2_PLACEMENT_3D ( 'NONE', #2042, #2401, #315 ) ;
#915 = CARTESIAN_POINT ( 'NONE',  ( -3.494241531368460052, -18.99999999999999645, 3.890873725660727089 ) ) ;
#916 = CARTESIAN_POINT ( 'NONE',  ( -11.13967551921878751, -7.707708257422836162, 11.33128889706319775 ) ) ;
#917 = VECTOR ( 'NONE', #1764, 1000.000000000000000 ) ;
#918 = ADVANCED_FACE ( 'NONE', ( #1903 ), #2410, .T. ) ;
#919 = DIRECTION ( 'NONE',  ( -0.000000000000000000, -0.000000000000000000, 1.000000000000000000 ) ) ;
#920 = CARTESIAN_POINT ( 'NONE',  ( -8.847641933189004604, -9.366804705804666398, 3.261068789353807951 ) ) ;
#921 = ORIENTED_EDGE ( 'NONE', *, *, #1139, .F. ) ;
#922 = VECTOR ( 'NONE', #2532, 1000.000000000000000 ) ;
#923 = CIRCLE ( 'NONE', #75, 4.000000000000000000 ) ;
#924 = CARTESIAN_POINT ( 'NONE',  ( 9.812548295597135706, 7.277525174650482320, 0.3125482955971449761 ) ) ;
#925 = CARTESIAN_POINT ( 'NONE',  ( 6.614331884326460020, 11.71834855713746926, 6.362231018157001650 ) ) ;
#926 = ORIENTED_EDGE ( 'NONE', *, *, #1457, .F. ) ;
#927 = DIRECTION ( 'NONE',  ( 1.000000000000000000, 8.360113137237623735E-17, -0.000000000000000000 ) ) ;
#928 = CARTESIAN_POINT ( 'NONE',  ( 10.17567016422519721, -7.514313787227478336, 0.6756701642252018747 ) ) ;
#929 = FACE_OUTER_BOUND ( 'NONE', #1719, .T. ) ;
#930 = DIRECTION ( 'NONE',  ( -9.130123557772670799E-17, 1.000000000000000000, 0.000000000000000000 ) ) ;
#931 = ADVANCED_FACE ( 'NONE', ( #1371 ), #1018, .T. ) ;
#932 = CARTESIAN_POINT ( 'NONE',  ( -7.516596592470630611, 10.64598362753963379, 1.224297960559076914 ) ) ;
#933 = CARTESIAN_POINT ( 'NONE',  ( 3.158837701440726953, 19.00000000000000355, 2.730059802865831831 ) ) ;
#934 = VERTEX_POINT ( 'NONE', #856 ) ;
#935 = DIRECTION ( 'NONE',  ( -0.000000000000000000, 1.000000000000000000, -0.000000000000000000 ) ) ;
#936 = CARTESIAN_POINT ( 'NONE',  ( 3.319756871877115323, -19.00000000000000000, 3.102813339804508352 ) ) ;
#937 = CARTESIAN_POINT ( 'NONE',  ( 6.998359678968645525, 11.23880916167368405, 6.663688019881498725 ) ) ;
#938 = ORIENTED_EDGE ( 'NONE', *, *, #1986, .F. ) ;
#939 = CARTESIAN_POINT ( 'NONE',  ( 8.129809399247257318, 10.01214900083920867, 3.524424495117028044 ) ) ;
#940 = DIRECTION ( 'NONE',  ( -1.369518533665900065E-16, 1.000000000000000000, -0.000000000000000000 ) ) ;
#941 = CARTESIAN_POINT ( 'NONE',  ( -2.919168263763044280, 12.19123562876368005, 1.412317375236784134 ) ) ;
#942 = CARTESIAN_POINT ( 'NONE',  ( -9.627393129870586819, 7.139807672994744614, 11.87260687012940785 ) ) ;
#943 = CARTESIAN_POINT ( 'NONE',  ( -3.915563581130050430, -17.06175374262454625, 1.392627049048106969 ) ) ;
#944 = VERTEX_POINT ( 'NONE', #1871 ) ;
#945 = CARTESIAN_POINT ( 'NONE',  ( -11.15705926117824909, 7.424718721458526183, 1.173539971096508649 ) ) ;
#946 = DIRECTION ( 'NONE',  ( 0.7071067811865466846, 1.291194456154418822E-16, 0.7071067811865483499 ) ) ;
#947 = EDGE_CURVE ( 'NONE', #1833, #225, #1686, .T. ) ;
#948 = DIRECTION ( 'NONE',  ( 0.000000000000000000, 2.168404344971008868E-16, 1.000000000000000000 ) ) ;
#949 = ORIENTED_EDGE ( 'NONE', *, *, #146, .F. ) ;
#950 = CARTESIAN_POINT ( 'NONE',  ( 7.750782988863629264, 10.38164854502569945, 1.173094561925753343 ) ) ;
#951 = EDGE_CURVE ( 'NONE', #2537, #885, #2045, .T. ) ;
#952 = DIRECTION ( 'NONE',  ( 0.000000000000000000, 2.168404344971008868E-16, 1.000000000000000000 ) ) ;
#953 = CARTESIAN_POINT ( 'NONE',  ( -10.73704331419068048, -7.696213692843313581, 10.76295668580930709 ) ) ;
#954 = CARTESIAN_POINT ( 'NONE',  ( 3.432239045960570945, -19.34700556099497248, 0.9137011067335609749 ) ) ;
#955 = CARTESIAN_POINT ( 'NONE',  ( -9.964290471779104763, 6.166310161752338814, -0.3687805840066437080 ) ) ;
#956 = CARTESIAN_POINT ( 'NONE',  ( -3.367210886116000168, -20.08902282066287981, 3.885589684812523981 ) ) ;
#957 = EDGE_LOOP ( 'NONE', ( #926, #456, #2362, #1012 ) ) ;
#958 = VECTOR ( 'NONE', #1466, 1000.000000000000000 ) ;
#959 = CARTESIAN_POINT ( 'NONE',  ( 1.755124497765252256, -19.00000000000000355, 1.322793420370576234 ) ) ;
#960 = CARTESIAN_POINT ( 'NONE',  ( -5.093102525975923278, -14.11568865238074189, 5.160502294835095149 ) ) ;
#961 = ORIENTED_EDGE ( 'NONE', *, *, #24, .T. ) ;
#962 = EDGE_CURVE ( 'NONE', #84, #1288, #764, .T. ) ;
#963 = AXIS2_PLACEMENT_3D ( 'NONE', #1444, #1240, #204 ) ;
#964 = CARTESIAN_POINT ( 'NONE',  ( 9.154434190203163624, 9.035725537895888948, 0.8439206042532538810 ) ) ;
#965 = CARTESIAN_POINT ( 'NONE',  ( 7.480368973045244729, -7.635740954429445004, 0.2729812120179699875 ) ) ;
#966 = AXIS2_PLACEMENT_3D ( 'NONE', #159, #1621, #2680 ) ;
#967 = CARTESIAN_POINT ( 'NONE',  ( -1.800599402102057045, 19.00000000000000355, 6.710426087042860033 ) ) ;
#968 = CARTESIAN_POINT ( 'NONE',  ( -4.760809833429716420, -14.76587463947348944, 7.640103658520683183 ) ) ;
#969 = CARTESIAN_POINT ( 'NONE',  ( -6.238054174427680287, 12.23310027800910937, 1.473641724983488333 ) ) ;
#970 = CARTESIAN_POINT ( 'NONE',  ( -1.400573059000496556, 15.73464689072473455, 7.424683934687923426 ) ) ;
#971 = CARTESIAN_POINT ( 'NONE',  ( -1.771996310530661090, -14.19796778540261606, 1.542035153777336465 ) ) ;
#972 = ORIENTED_EDGE ( 'NONE', *, *, #1338, .F. ) ;
#973 = LINE ( 'NONE', #304, #1523 ) ;
#974 = CARTESIAN_POINT ( 'NONE',  ( -9.499999999999992895, 7.000000000000000888, 12.00000000000000000 ) ) ;
#975 = CARTESIAN_POINT ( 'NONE',  ( -2.286052594072755628, -13.96048056752208844, 7.918994229886391345 ) ) ;
#976 = ORIENTED_EDGE ( 'NONE', *, *, #1224, .T. ) ;
#977 = CARTESIAN_POINT ( 'NONE',  ( 4.667417412943770216, 15.01569339052778140, 1.574768614660139177 ) ) ;
#978 = CARTESIAN_POINT ( 'NONE',  ( 1.800603330004454605, -19.00000000000000000, 6.710424448751001414 ) ) ;
#979 = ADVANCED_FACE ( 'NONE', ( #2721 ), #1700, .F. ) ;
#980 = CARTESIAN_POINT ( 'NONE',  ( -0.8763138375731425178, 19.00000000000000711, 6.981332445309666568 ) ) ;
#981 = CARTESIAN_POINT ( 'NONE',  ( -3.000000000000000444, 0.000000000000000000, 11.00000000000000000 ) ) ;
#982 = EDGE_CURVE ( 'NONE', #2573, #1541, #390, .T. ) ;
#983 = CARTESIAN_POINT ( 'NONE',  ( -11.48997382027374137, 5.571568261929510157, -0.6852387899574904351 ) ) ;
#984 = CARTESIAN_POINT ( 'NONE',  ( 3.469260243898474538, 19.00000000000000000, 3.688466331947287014 ) ) ;
#985 = ORIENTED_EDGE ( 'NONE', *, *, #782, .T. ) ;
#986 = CARTESIAN_POINT ( 'NONE',  ( -1.252160670214409244, -18.99999999999999645, 6.909216866618867137 ) ) ;
#987 = CARTESIAN_POINT ( 'NONE',  ( 2.423311700322426709, -18.99999999999999645, 1.778150379967507577 ) ) ;
#988 = CARTESIAN_POINT ( 'NONE',  ( 9.627393129870583266, -7.139807672994741949, 11.87260687012941673 ) ) ;
#989 = ORIENTED_EDGE ( 'NONE', *, *, #727, .T. ) ;
#990 = CARTESIAN_POINT ( 'NONE',  ( 1.509584546905056390, 14.77134283131841208, 1.542248004436689746 ) ) ;
#991 = B_SPLINE_CURVE_WITH_KNOTS ( 'NONE', 3,
 ( #1579, #965, #1965, #295, #760, #1799, #2646, #2588, #1547, #2409, #2603, #776, #310, #116, #2631, #1590, #2201, #2424 ),
 .UNSPECIFIED., .F., .F.,
 ( 4, 2, 2, 2, 2, 2, 2, 2, 4 ),
 ( 0.000000000000000000, 0.003822701315485066854, 0.005734051973227600497, 0.007645402630970133707, 0.008601077959841399445, 0.009556753288712666050, 0.01146810394645519926, 0.01337945460419772900, 0.01529080526194026048 ),
 .UNSPECIFIED. ) ;
#992 = VERTEX_POINT ( 'NONE', #1966 ) ;
#993 = CARTESIAN_POINT ( 'NONE',  ( -11.19139999586133172, -7.421613042121949277, 1.192564264951878394 ) ) ;
#994 = CARTESIAN_POINT ( 'NONE',  ( -6.462131318079136655, 11.88153509362960847, 8.682824403878523611 ) ) ;
#995 = CARTESIAN_POINT ( 'NONE',  ( -5.109075407202913865, -14.09544056397395373, 5.173531110546945477 ) ) ;
#996 =( BOUNDED_CURVE ( )  B_SPLINE_CURVE ( 3, ( #2165, #2123, #2327, #2549 ),
 .UNSPECIFIED., .F., .T. ) 
 B_SPLINE_CURVE_WITH_KNOTS ( ( 4, 4 ),
 ( 4.712388980384689674, 5.010504142841255337 ),
 .UNSPECIFIED. ) 
 CURVE ( )  GEOMETRIC_REPRESENTATION_ITEM ( )  RATIONAL_B_SPLINE_CURVE ( ( 1.000000000000000000, 0.9926076480842747074, 0.9926076480842747074, 1.000000000000000000 ) ) 
 REPRESENTATION_ITEM ( '' )  );
#997 = DIRECTION ( 'NONE',  ( 1.000000000000000000, 0.000000000000000000, 0.000000000000000000 ) ) ;
#998 = CARTESIAN_POINT ( 'NONE',  ( 0.7967528037332051172, 19.00000000000000355, 1.021362379193040404 ) ) ;
#999 = ORIENTED_EDGE ( 'NONE', *, *, #2021, .F. ) ;
#1000 = CARTESIAN_POINT ( 'NONE',  ( -1.970461833423591491, -18.99999999999999645, 6.622799336027618722 ) ) ;
#1001 = FACE_OUTER_BOUND ( 'NONE', #2509, .T. ) ;
#1002 = DIRECTION ( 'NONE',  ( -8.360113137237623735E-17, 1.000000000000000000, -1.301042606982605321E-16 ) ) ;
#1003 = ORIENTED_EDGE ( 'NONE', *, *, #192, .F. ) ;
#1004 = VECTOR ( 'NONE', #1461, 1000.000000000000000 ) ;
#1005 = AXIS2_PLACEMENT_3D ( 'NONE', #28, #2595, #881 ) ;
#1006 = CARTESIAN_POINT ( 'NONE',  ( 5.447874761625353557, -13.41790329429460726, 8.056552309192651862 ) ) ;
#1007 = VERTEX_POINT ( 'NONE', #1537 ) ;
#1008 = CARTESIAN_POINT ( 'NONE',  ( 0.000000000000000000, 9.000000000000003553, 4.000000000000000000 ) ) ;
#1009 = CARTESIAN_POINT ( 'NONE',  ( -2.835355090500993214, 19.00000000000000355, 2.219082037416741038 ) ) ;
#1010 = CARTESIAN_POINT ( 'NONE',  ( -23.50000000000000000, -7.000000000000004441, 4.000000000000002665 ) ) ;
#1011 = CARTESIAN_POINT ( 'NONE',  ( 0.5929966673222357709, 19.00000000000000355, 1.000000000000006217 ) ) ;
#1012 = ORIENTED_EDGE ( 'NONE', *, *, #1509, .F. ) ;
#1013 = CARTESIAN_POINT ( 'NONE',  ( -3.921454922871628668, 16.96413445868440562, 4.391335404740707382 ) ) ;
#1014 = CARTESIAN_POINT ( 'NONE',  ( 3.499108362823687646, 19.00000000000000355, 4.093404138086116362 ) ) ;
#1015 = VERTEX_POINT ( 'NONE', #504 ) ;
#1016 = CARTESIAN_POINT ( 'NONE',  ( -27.50000000000000355, -7.000000000000004441, 8.999999999999982236 ) ) ;
#1017 = CARTESIAN_POINT ( 'NONE',  ( 8.962142910721086153, -7.439899886355852310, 11.58435872229481234 ) ) ;
#1018 =( BOUNDED_SURFACE ( )  B_SPLINE_SURFACE ( 3, 2, ( 
 ( #2414, #916, #1739 ),
 ( #1421, #1843, #2245 ),
 ( #1831, #2691, #2637 ),
 ( #1165, #2232, #122 ),
 ( #1619, #1642, #2011 ),
 ( #793, #1995, #2443 ),
 ( #2662, #2649, #803 ),
 ( #356, #1193, #2467 ),
 ( #576, #813, #613 ),
 ( #995, #968, #2492 ),
 ( #1277, #2329, #460 ),
 ( #8, #210, #2271 ),
 ( #2068, #1060, #1714 ),
 ( #429, #1494, #1886 ),
 ( #1087, #1262, #2297 ),
 ( #888, #2705, #828 ) ),
 .UNSPECIFIED., .F., .F., .F. ) 
 B_SPLINE_SURFACE_WITH_KNOTS ( ( 4, 2, 2, 2, 2, 2, 2, 4 ),
 ( 3, 3 ),
 ( 0.01038797648892099412, 0.01512958850744300539, 0.01750039451670401189, 0.01987120052596501665, 0.02224200653522602489, 0.02342740953985652727, 0.02461281254448702965, 0.02935442456300903918 ),
 ( 0.000000000000000000, 1.000000000000000000 ),
 .UNSPECIFIED. ) 
 GEOMETRIC_REPRESENTATION_ITEM ( )  RATIONAL_B_SPLINE_SURFACE ( (
 ( 1.000000000000000000, 0.8952190625508182897, 1.000000000000000000),
 ( 1.000000000000000000, 0.8805312845917319109, 1.000000000000000000),
 ( 1.000000000000000000, 0.8637318943490152057, 1.000000000000000000),
 ( 1.000000000000000000, 0.8366136133689950904, 1.000000000000000000),
 ( 1.000000000000000000, 0.8272015867502146014, 1.000000000000000000),
 ( 1.000000000000000000, 0.8083525281519438055, 1.000000000000000000),
 ( 1.000000000000000000, 0.7989035949800820102, 1.000000000000000000),
 ( 1.000000000000000000, 0.7803548908154631647, 1.000000000000000000),
 ( 1.000000000000000000, 0.7712530420112213569, 1.000000000000000000),
 ( 1.000000000000000000, 0.7582528494815496956, 1.000000000000000000),
 ( 1.000000000000000000, 0.7540205564098325652, 1.000000000000000000),
 ( 1.000000000000000000, 0.7459839632362743611, 1.000000000000000000),
 ( 1.000000000000000000, 0.7421637508267592276, 1.000000000000000000),
 ( 1.000000000000000000, 0.7242229668830342248, 1.000000000000000000),
 ( 1.000000000000000000, 0.7135630285248468763, 1.000000000000000000),
 ( 1.000000000000000000, 0.7089915358803339229, 1.000000000000000000) ) ) 
 REPRESENTATION_ITEM ( '' )  SURFACE ( )  );
#1019 = EDGE_LOOP ( 'NONE', ( #1828, #322, #823, #1201, #1297, #113, #191 ) ) ;
#1020 = CARTESIAN_POINT ( 'NONE',  ( -2.448892964107721060, 19.00000000000000711, 6.292943084582954150 ) ) ;
#1021 = CARTESIAN_POINT ( 'NONE',  ( 4.281375397888077750, -15.98074307980803788, 4.536760812294364342 ) ) ;
#1022 = DIRECTION ( 'NONE',  ( 0.000000000000000000, 2.168404344971008868E-16, 1.000000000000000000 ) ) ;
#1023 = DIRECTION ( 'NONE',  ( -1.000000000000000000, 0.000000000000000000, 0.000000000000000000 ) ) ;
#1024 = VERTEX_POINT ( 'NONE', #902 ) ;
#1025 = DIRECTION ( 'NONE',  ( 0.000000000000000000, 1.000000000000000000, 0.000000000000000000 ) ) ;
#1026 = CARTESIAN_POINT ( 'NONE',  ( -8.939879856311399919, -9.283951893154776869, 8.132030269927920330 ) ) ;
#1027 = ORIENTED_EDGE ( 'NONE', *, *, #563, .F. ) ;
#1028 = ADVANCED_FACE ( 'NONE', ( #1522 ), #1329, .F. ) ;
#1029 = CARTESIAN_POINT ( 'NONE',  ( 8.258410414644831832, -9.902866854538448393, 7.626936339051671787 ) ) ;
#1030 = CARTESIAN_POINT ( 'NONE',  ( -12.59585088371216344, -9.000000000000005329, 1.438996634219797954 ) ) ;
#1031 = EDGE_LOOP ( 'NONE', ( #438, #2053, #786, #1038 ) ) ;
#1032 = EDGE_CURVE ( 'NONE', #1558, #1867, #255, .T. ) ;
#1033 = CARTESIAN_POINT ( 'NONE',  ( -13.89742559665338995, 1.945647461773377440, 8.999999999999978684 ) ) ;
#1034 = CARTESIAN_POINT ( 'NONE',  ( 1.192924123200998388, 19.00000000000000000, 1.103868558416507550 ) ) ;
#1035 = ORIENTED_EDGE ( 'NONE', *, *, #1471, .F. ) ;
#1036 = CARTESIAN_POINT ( 'NONE',  ( -12.50000000000000000, -7.000000000000005329, 1.923791630280489384 ) ) ;
#1037 = CARTESIAN_POINT ( 'NONE',  ( -12.03093478556053597, -7.220494544852855689, 2.165155857478052503 ) ) ;
#1038 = ORIENTED_EDGE ( 'NONE', *, *, #1531, .F. ) ;
#1039 = DIRECTION ( 'NONE',  ( 0.000000000000000000, 0.000000000000000000, 1.000000000000000000 ) ) ;
#1040 = FACE_OUTER_BOUND ( 'NONE', #1569, .T. ) ;
#1041 = LINE ( 'NONE', #181, #1004 ) ;
#1042 = ORIENTED_EDGE ( 'NONE', *, *, #1543, .T. ) ;
#1043 = AXIS2_PLACEMENT_3D ( 'NONE', #2489, #2282, #410 ) ;
#1044 = CARTESIAN_POINT ( 'NONE',  ( -12.50000000000000000, -9.000000000000005329, 3.000000000000004441 ) ) ;
#1045 = AXIS2_PLACEMENT_3D ( 'NONE', #771, #2015, #783 ) ;
#1046 = ADVANCED_FACE ( 'NONE', ( #2576 ), #1127, .T. ) ;
#1047 = AXIS2_PLACEMENT_3D ( 'NONE', #1934, #1729, #2544 ) ;
#1048 = CARTESIAN_POINT ( 'NONE',  ( 10.40273863722284631, 7.641714560948617674, 11.09726136277715014 ) ) ;
#1049 = ORIENTED_EDGE ( 'NONE', *, *, #1113, .T. ) ;
#1050 = CIRCLE ( 'NONE', #2534, 5.099999999999999645 ) ;
#1051 = CARTESIAN_POINT ( 'NONE',  ( 7.808949756121564612, -7.446901033436578388, 0.1901128566447757295 ) ) ;
#1052 = CARTESIAN_POINT ( 'NONE',  ( -13.77021106381073778, 2.070509887112494063, 1.265034001670873653 ) ) ;
#1053 = CARTESIAN_POINT ( 'NONE',  ( -9.446220806653396806, -8.869200274763423764, 3.042137365994332487 ) ) ;
#1054 = ORIENTED_EDGE ( 'NONE', *, *, #2366, .T. ) ;
#1055 = CARTESIAN_POINT ( 'NONE',  ( 5.073439180305258311, 14.15457722924252693, 4.480888543712197247 ) ) ;
#1056 = CARTESIAN_POINT ( 'NONE',  ( 5.323792621770254918, -13.68752851748921984, 5.342464022543619073 ) ) ;
#1057 = ORIENTED_EDGE ( 'NONE', *, *, #2478, .T. ) ;
#1058 = DIRECTION ( 'NONE',  ( 0.000000000000000000, 2.168404344971009854E-16, 1.000000000000000000 ) ) ;
#1059 = CARTESIAN_POINT ( 'NONE',  ( -1.931515892455391459, 19.00000000000000711, 1.419582378509733234 ) ) ;
#1060 = CARTESIAN_POINT ( 'NONE',  ( -4.304365634747796321, -15.87196111635633500, 7.374772701216353532 ) ) ;
#1061 = ADVANCED_FACE ( 'NONE', ( #1103, #929 ), #2189, .T. ) ;
#1062 = ORIENTED_EDGE ( 'NONE', *, *, #913, .T. ) ;
#1063 = CARTESIAN_POINT ( 'NONE',  ( -1.045063389129468279, -15.95517135089622229, 1.494537438878936753 ) ) ;
#1064 = CARTESIAN_POINT ( 'NONE',  ( 11.75456251880518010, -7.374438569426994938, 2.254562518805165006 ) ) ;
#1065 = DIRECTION ( 'NONE',  ( -8.360113137237623735E-17, 1.000000000000000000, 0.000000000000000000 ) ) ;
#1066 = ORIENTED_EDGE ( 'NONE', *, *, #563, .T. ) ;
#1067 = CARTESIAN_POINT ( 'NONE',  ( -0.4877036544836607646, 19.00000000000000000, 7.000000000000000000 ) ) ;
#1068 = CARTESIAN_POINT ( 'NONE',  ( 6.646206180268846353, -11.65152385031966631, 6.390123634084951654 ) ) ;
#1069 = VERTEX_POINT ( 'NONE', #61 ) ;
#1070 = CARTESIAN_POINT ( 'NONE',  ( -4.417269869424022666, 15.61512968097993515, 1.542443715928305981 ) ) ;
#1071 = CARTESIAN_POINT ( 'NONE',  ( 10.97143391406731183, -7.642392222032881044, 1.471433914067314719 ) ) ;
#1072 = CARTESIAN_POINT ( 'NONE',  ( 7.908200375475864519, 10.24193351494406024, 7.363776008126537320 ) ) ;
#1073 = ORIENTED_EDGE ( 'NONE', *, *, #982, .F. ) ;
#1074 = ADVANCED_FACE ( 'NONE', ( #1114 ), #1929, .F. ) ;
#1075 = CARTESIAN_POINT ( 'NONE',  ( 5.302137702988714452, -13.71253245822443922, 4.438933394275959898 ) ) ;
#1076 = CARTESIAN_POINT ( 'NONE',  ( 0.000000000000000000, 0.000000000000000000, 7.000000000000000000 ) ) ;
#1077 = CARTESIAN_POINT ( 'NONE',  ( -5.940587142881970095, 12.66949973720349476, 4.271227924331192582 ) ) ;
#1078 = ORIENTED_EDGE ( 'NONE', *, *, #962, .T. ) ;
#1079 = CARTESIAN_POINT ( 'NONE',  ( 12.24829456105039149, -7.118319744226834445, 2.748294561050387053 ) ) ;
#1080 = CARTESIAN_POINT ( 'NONE',  ( 0.000000000000000000, -19.00000000000000355, 4.000000000000000000 ) ) ;
#1081 = DIRECTION ( 'NONE',  ( -0.000000000000000000, -0.000000000000000000, 1.000000000000000000 ) ) ;
#1082 = CARTESIAN_POINT ( 'NONE',  ( 6.081705100876608761, -12.42074086208591943, 5.941726103026594430 ) ) ;
#1083 = ORIENTED_EDGE ( 'NONE', *, *, #1358, .T. ) ;
#1084 = DIRECTION ( 'NONE',  ( -1.000000000000000000, 0.000000000000000000, 0.000000000000000000 ) ) ;
#1085 = FACE_OUTER_BOUND ( 'NONE', #2668, .T. ) ;
#1086 = AXIS2_PLACEMENT_3D ( 'NONE', #77, #1115, #930 ) ;
#1087 = CARTESIAN_POINT ( 'NONE',  ( -3.624593203794026941, -18.02958837674493608, 4.062844351965973821 ) ) ;
#1088 = CARTESIAN_POINT ( 'NONE',  ( -27.50000000000000355, -1.254016970585643400E-15, 0.000000000000000000 ) ) ;
#1089 = CARTESIAN_POINT ( 'NONE',  ( -11.18478722947274306, 7.638602209401975429, 10.31521277052724983 ) ) ;
#1090 = AXIS2_PLACEMENT_3D ( 'NONE', #1727, #1931, #1904 ) ;
#1091 = CARTESIAN_POINT ( 'NONE',  ( 5.639636206222053083, -13.13394036289211897, 4.355944911835864630 ) ) ;
#1092 = PLANE ( 'NONE',  #2712 ) ;
#1093 = EDGE_CURVE ( 'NONE', #1462, #1691, #2619, .T. ) ;
#1094 = CARTESIAN_POINT ( 'NONE',  ( -9.033563205000133323, 9.171036711052783730, 3.189223405191695448 ) ) ;
#1095 = ORIENTED_EDGE ( 'NONE', *, *, #2566, .F. ) ;
#1096 = CARTESIAN_POINT ( 'NONE',  ( 11.58646527961104589, 7.465734512973232206, 9.913534720388971877 ) ) ;
#1097 = CARTESIAN_POINT ( 'NONE',  ( -14.15685424949238680, 1.758138190502546827, 8.999999999999982236 ) ) ;
#1098 = CARTESIAN_POINT ( 'NONE',  ( -9.499999999999985789, 6.912990604883038515, 0.000000000000000000 ) ) ;
#1099 = EDGE_CURVE ( 'NONE', #101, #944, #2085, .T. ) ;
#1100 = CARTESIAN_POINT ( 'NONE',  ( 4.690558015025449556, 10.75697682011068501, 9.297760487491025572 ) ) ;
#1101 = ORIENTED_EDGE ( 'NONE', *, *, #1407, .F. ) ;
#1102 = CARTESIAN_POINT ( 'NONE',  ( 3.356328598872135860, 12.32321766946132868, 8.533352048964484737 ) ) ;
#1103 = FACE_BOUND ( 'NONE', #1923, .T. ) ;
#1104 = EDGE_LOOP ( 'NONE', ( #1027, #2273, #1881, #2081, #1862, #1588 ) ) ;
#1105 = CARTESIAN_POINT ( 'NONE',  ( 0.000000000000000000, 9.000000000000003553, 4.000000000000000000 ) ) ;
#1106 = CARTESIAN_POINT ( 'NONE',  ( -8.195984369767742805, -9.949701142877996674, 1.069175896569655171 ) ) ;
#1107 = CARTESIAN_POINT ( 'NONE',  ( 11.56517760295478681, 7.475834820224211086, 2.065177602944991531 ) ) ;
#1108 = CARTESIAN_POINT ( 'NONE',  ( 9.987760849140032704, 8.388986276313238122, 10.76330442536071885 ) ) ;
#1109 = ORIENTED_EDGE ( 'NONE', *, *, #2478, .F. ) ;
#1110 = EDGE_CURVE ( 'NONE', #1203, #2573, #723, .T. ) ;
#1111 = LINE ( 'NONE', #2697, #614 ) ;
#1112 = CARTESIAN_POINT ( 'NONE',  ( 2.286052594072750299, 13.96048056752208133, 7.918994229886391345 ) ) ;
#1113 = EDGE_CURVE ( 'NONE', #286, #1322, #2255, .T. ) ;
#1114 = FACE_OUTER_BOUND ( 'NONE', #1104, .T. ) ;
#1115 = DIRECTION ( 'NONE',  ( 1.000000000000000000, 8.360113137237623735E-17, -0.000000000000000000 ) ) ;
#1116 = B_SPLINE_CURVE_WITH_KNOTS ( 'NONE', 3,
 ( #527, #499, #1351, #2184, #1063, #1294, #2300, #2522, #1309, #434, #2510, #2082, #875, #671, #642, #1674, #1266, #2317 ),
 .UNSPECIFIED., .F., .F.,
 ( 4, 2, 2, 2, 2, 2, 2, 2, 4 ),
 ( 2.424349759030540154E-19, 0.001922226119999447848, 0.003844452239998895696, 0.005766678359998347880, 0.007688904479997800932, 0.009611130599997253984, 0.01153335671999670617, 0.01345558283999616009, 0.01537780895999560880 ),
 .UNSPECIFIED. ) ;
#1117 = CARTESIAN_POINT ( 'NONE',  ( 1.023969394721292225, 7.547597715558310938, 0.2254278563945629199 ) ) ;
#1118 = CARTESIAN_POINT ( 'NONE',  ( -10.20541407698563674, -8.302494699601686179, 2.768913258616357176 ) ) ;
#1119 = EDGE_LOOP ( 'NONE', ( #873, #1424, #1184, #1458 ) ) ;
#1120 = FILL_AREA_STYLE ('',( #2556 ) ) ;
#1121 = CARTESIAN_POINT ( 'NONE',  ( 10.77122459078539585, 7.655169571164287312, 1.271224590785400288 ) ) ;
#1122 = CARTESIAN_POINT ( 'NONE',  ( 9.611586514865841480, 8.694529936007382886, 8.624616218761403275 ) ) ;
#1123 = ORIENTED_EDGE ( 'NONE', *, *, #2667, .T. ) ;
#1124 = CARTESIAN_POINT ( 'NONE',  ( -3.319909940231728029, -18.99999999999999645, 3.102852732866991037 ) ) ;
#1125 = CARTESIAN_POINT ( 'NONE',  ( 12.24829456105162429, 7.118319744226253576, 2.748294561051621621 ) ) ;
#1126 = ADVANCED_FACE ( 'NONE', ( #1191 ), #381, .F. ) ;
#1127 = CYLINDRICAL_SURFACE ( 'NONE', #157, 4.000000000000000000 ) ;
#1128 = CIRCLE ( 'NONE', #2659, 1.350000000000000533 ) ;
#1129 = STYLED_ITEM ( 'NONE', ( #687 ), #1254 ) ;
#1130 = CARTESIAN_POINT ( 'NONE',  ( -9.767423758965970038, 7.231088972868040976, 0.2674237589659825831 ) ) ;
#1131 = CARTESIAN_POINT ( 'NONE',  ( -1.173782835474941555, -15.57258423683047965, 1.523400008826820251 ) ) ;
#1132 = VERTEX_POINT ( 'NONE', #2215 ) ;
#1133 = CIRCLE ( 'NONE', #1090, 5.099999999999999645 ) ;
#1134 = CARTESIAN_POINT ( 'NONE',  ( 11.58646527961101924, -7.465734512973248194, 9.913534720388964772 ) ) ;
#1135 = CARTESIAN_POINT ( 'NONE',  ( 3.962528542166221524, 16.76592486564134532, 4.294319701397800948 ) ) ;
#1136 = EDGE_LOOP ( 'NONE', ( #999, #1648, #303, #1169 ) ) ;
#1137 = CARTESIAN_POINT ( 'NONE',  ( 0.4877036544836538257, -19.00000000000000711, 7.000000000000000000 ) ) ;
#1138 = CARTESIAN_POINT ( 'NONE',  ( 2.274228571180626712, -13.96063679347790654, 7.911821230713725228 ) ) ;
#1139 = EDGE_CURVE ( 'NONE', #2475, #1983, #1602, .T. ) ;
#1140 = CARTESIAN_POINT ( 'NONE',  ( 0.5653633438087283247, -17.74321798877555523, 1.274200464268411270 ) ) ;
#1141 = CARTESIAN_POINT ( 'NONE',  ( -7.877102057130294099, 10.27771463834681676, 3.616727017732349392 ) ) ;
#1142 = CARTESIAN_POINT ( 'NONE',  ( 4.956396616211800499, -14.37503810120484715, 5.053259397591300051 ) ) ;
#1143 = CARTESIAN_POINT ( 'NONE',  ( -4.088999139777151015, -16.49847645171023203, 1.466638509765898712 ) ) ;
#1144 = ORIENTED_EDGE ( 'NONE', *, *, #625, .T. ) ;
#1145 = ADVANCED_FACE ( 'NONE', ( #132 ), #2023, .F. ) ;
#1146 = CARTESIAN_POINT ( 'NONE',  ( -10.91736028809386028, 7.478210799256258312, 1.072122642013213056 ) ) ;
#1147 = CARTESIAN_POINT ( 'NONE',  ( 0.4877036544836538257, 19.00000000000000000, 7.000000000000000000 ) ) ;
#1148 = FACE_OUTER_BOUND ( 'NONE', #1516, .T. ) ;
#1149 = ORIENTED_EDGE ( 'NONE', *, *, #1342, .T. ) ;
#1150 = CARTESIAN_POINT ( 'NONE',  ( 7.308308982446075852, 10.86385133048099050, 1.272000112709303021 ) ) ;
#1151 = CARTESIAN_POINT ( 'NONE',  ( 2.727991438238329902, -18.99999999999999645, 6.024880504684727356 ) ) ;
#1152 = CARTESIAN_POINT ( 'NONE',  ( -10.29265136057688679, -7.612270345396197513, 11.20734863942310788 ) ) ;
#1153 = CARTESIAN_POINT ( 'NONE',  ( -0.8628678530765804267, 16.53735112490700132, 1.441541011017735352 ) ) ;
#1154 = CARTESIAN_POINT ( 'NONE',  ( -23.50000000000000000, -14.00000000000000355, 4.000000000000003553 ) ) ;
#1155 = CARTESIAN_POINT ( 'NONE',  ( 2.267105641784181280, 19.00000000000000355, 1.648140598217752828 ) ) ;
#1156 = ORIENTED_EDGE ( 'NONE', *, *, #1937, .T. ) ;
#1157 = CARTESIAN_POINT ( 'NONE',  ( 9.542696165362412941, -7.046390998930649019, 11.95730383463759061 ) ) ;
#1158 = CARTESIAN_POINT ( 'NONE',  ( 9.627393129878557332, 7.139807672990663434, 11.87260687013309024 ) ) ;
#1159 = CARTESIAN_POINT ( 'NONE',  ( -4.655217504069963930, -15.03069701276231207, 4.819440239677630800 ) ) ;
#1160 = EDGE_CURVE ( 'NONE', #2547, #1731, #2216, .T. ) ;
#1161 = ORIENTED_EDGE ( 'NONE', *, *, #514, .T. ) ;
#1162 = CARTESIAN_POINT ( 'NONE',  ( 11.83767064889301324, 7.330256692242893557, 2.228481112295935596 ) ) ;
#1163 = CARTESIAN_POINT ( 'NONE',  ( -3.386260097226381216, 19.00000000000000000, 4.857263058793947152 ) ) ;
#1164 = CARTESIAN_POINT ( 'NONE',  ( -1.764138203549198813, 14.19457179312295381, 1.547340528906151036 ) ) ;
#1165 = CARTESIAN_POINT ( 'NONE',  ( -8.262016887286248945, -9.887625869064052608, 7.632212002070813739 ) ) ;
#1166 = CARTESIAN_POINT ( 'NONE',  ( -4.349949922511827438, 10.40163024742072295, 1.097140985500930199 ) ) ;
#1167 = CARTESIAN_POINT ( 'NONE',  ( -0.8568830142696812757, 17.32529762122109673, 7.148122988440186454 ) ) ;
#1168 = CARTESIAN_POINT ( 'NONE',  ( -6.677439607870087279, -11.65002379311285630, 4.038372391549821749 ) ) ;
#1169 = ORIENTED_EDGE ( 'NONE', *, *, #297, .T. ) ;
#1170 = VECTOR ( 'NONE', #393, 1000.000000000000000 ) ;
#1171 = EDGE_CURVE ( 'NONE', #1132, #726, #383, .T. ) ;
#1172 = CARTESIAN_POINT ( 'NONE',  ( -3.499108362823678320, -18.99999999999999645, 4.093404138085584343 ) ) ;
#1173 = DIRECTION ( 'NONE',  ( 1.000000000000000000, 8.360113137237623735E-17, -0.000000000000000000 ) ) ;
#1174 = AXIS2_PLACEMENT_3D ( 'NONE', #144, #2440, #2411 ) ;
#1175 = CARTESIAN_POINT ( 'NONE',  ( -8.499745555595742630, -7.716356659917777527, 11.35248269348094929 ) ) ;
#1176 = ORIENTED_EDGE ( 'NONE', *, *, #461, .F. ) ;
#1177 = EDGE_CURVE ( 'NONE', #1015, #1336, #1238, .T. ) ;
#1178 = CARTESIAN_POINT ( 'NONE',  ( 6.379473050253311683, 12.02829437661387857, 4.139222065386432448 ) ) ;
#1179 = CARTESIAN_POINT ( 'NONE',  ( 2.295288594110188818, -18.99999999999999645, 6.413983138221840186 ) ) ;
#1180 = CARTESIAN_POINT ( 'NONE',  ( -2.853046332092329607, 19.00000000000000711, 5.878921119893341540 ) ) ;
#1181 = CARTESIAN_POINT ( 'NONE',  ( 3.000000000000000444, 3.673940397442060361E-16, 12.83754702475472165 ) ) ;
#1182 = CARTESIAN_POINT ( 'NONE',  ( -11.41780219797092144, 7.551466990984216032, 10.08219780202905724 ) ) ;
#1183 = CARTESIAN_POINT ( 'NONE',  ( -3.627914870010502391, -18.19851740684189423, 1.193313154213277549 ) ) ;
#1184 = ORIENTED_EDGE ( 'NONE', *, *, #666, .F. ) ;
#1185 = DIRECTION ( 'NONE',  ( 0.000000000000000000, 0.000000000000000000, 1.000000000000000000 ) ) ;
#1186 = CARTESIAN_POINT ( 'NONE',  ( 12.49999999999999467, 19.00000000000000355, 12.00000000000000000 ) ) ;
#1187 = CARTESIAN_POINT ( 'NONE',  ( -0.4877036544836590437, -19.00000000000000711, 7.000000000000000000 ) ) ;
#1188 = VERTEX_POINT ( 'NONE', #546 ) ;
#1189 = CARTESIAN_POINT ( 'NONE',  ( 3.511413582832472624, 18.79448698750649172, 1.061385342836602241 ) ) ;
#1190 = DIRECTION ( 'NONE',  ( -8.360113137237623735E-17, 1.000000000000000000, -1.301042606982605321E-16 ) ) ;
#1191 = FACE_OUTER_BOUND ( 'NONE', #108, .T. ) ;
#1192 = CARTESIAN_POINT ( 'NONE',  ( -7.623440738032861042, 10.54397582211945661, 7.145524502367790021 ) ) ;
#1193 = CARTESIAN_POINT ( 'NONE',  ( -5.446073208551505118, -13.42092504736283054, 8.055443415635453519 ) ) ;
#1194 = CARTESIAN_POINT ( 'NONE',  ( -1.783956171885318076, 14.17316953014885428, 1.541664823923341476 ) ) ;
#1195 = CARTESIAN_POINT ( 'NONE',  ( -12.17539454932340348, -7.152588017402282006, 9.507005764788317492 ) ) ;
#1196 = CARTESIAN_POINT ( 'NONE',  ( -12.50000000000000355, 4.999999999999996447, 1.437848045324190416 ) ) ;
#1197 = ORIENTED_EDGE ( 'NONE', *, *, #1767, .T. ) ;
#1198 = CARTESIAN_POINT ( 'NONE',  ( 0.000000000000000000, -9.000000000000003553, 4.000000000000000000 ) ) ;
#1199 = CARTESIAN_POINT ( 'NONE',  ( 1.251401782413932517, 19.00000000000000000, 6.909390541446304823 ) ) ;
#1200 = CARTESIAN_POINT ( 'NONE',  ( -7.446779687369254219, -8.388233591290957136, 10.80996019314829759 ) ) ;
#1201 = ORIENTED_EDGE ( 'NONE', *, *, #96, .F. ) ;
#1202 = CARTESIAN_POINT ( 'NONE',  ( 7.615856251245880948, -10.55209392895862841, 7.139710937188719519 ) ) ;
#1203 = VERTEX_POINT ( 'NONE', #1408 ) ;
#1204 = CARTESIAN_POINT ( 'NONE',  ( -12.35208533430838074, -7.000000000000004441, 1.431562019648620732 ) ) ;
#1205 = ADVANCED_FACE ( 'NONE', ( #597, #1992 ), #1418, .T. ) ;
#1206 = EDGE_CURVE ( 'NONE', #934, #2286, #750, .T. ) ;
#1207 = CARTESIAN_POINT ( 'NONE',  ( -1.623837551567648640, 14.51328043480654095, 1.544520824133496673 ) ) ;
#1208 = CARTESIAN_POINT ( 'NONE',  ( -23.50000000000000000, -14.00000000000000355, 2.500000000000003109 ) ) ;
#1209 = DIRECTION ( 'NONE',  ( 0.000000000000000000, 0.000000000000000000, -1.000000000000000000 ) ) ;
#1210 = ORIENTED_EDGE ( 'NONE', *, *, #1405, .T. ) ;
#1211 = DIRECTION ( 'NONE',  ( 0.000000000000000000, 0.000000000000000000, 1.000000000000000000 ) ) ;
#1212 = CARTESIAN_POINT ( 'NONE',  ( -4.464899827751692918, -15.47930913905426209, 4.549026739437185718 ) ) ;
#1213 = ORIENTED_EDGE ( 'NONE', *, *, #2292, .F. ) ;
#1214 = VECTOR ( 'NONE', #1712, 1000.000000000000000 ) ;
#1215 = DIRECTION ( 'NONE',  ( 0.000000000000000000, 0.000000000000000000, 1.000000000000000000 ) ) ;
#1216 = CARTESIAN_POINT ( 'NONE',  ( -7.599999999999999645, 0.000000000000000000, 0.000000000000000000 ) ) ;
#1217 = ORIENTED_EDGE ( 'NONE', *, *, #1093, .T. ) ;
#1218 = AXIS2_PLACEMENT_3D ( 'NONE', #882, #1706, #467 ) ;
#1219 = DIRECTION ( 'NONE',  ( 0.000000000000000000, 0.000000000000000000, -1.000000000000000000 ) ) ;
#1220 = AXIS2_PLACEMENT_3D ( 'NONE', #1607, #1360, #344 ) ;
#1221 = CARTESIAN_POINT ( 'NONE',  ( 4.642275574128295723, -15.06074869444332975, 4.538686658748630087 ) ) ;
#1222 = CARTESIAN_POINT ( 'NONE',  ( 11.58646527961104589, 7.465734512973232206, 9.913534720388971877 ) ) ;
#1223 = ORIENTED_EDGE ( 'NONE', *, *, #610, .T. ) ;
#1224 = EDGE_CURVE ( 'NONE', #1691, #1203, #1459, .T. ) ;
#1225 = CARTESIAN_POINT ( 'NONE',  ( 3.325793853357956298, 19.00000000000000711, 5.040748708523222987 ) ) ;
#1226 = CARTESIAN_POINT ( 'NONE',  ( -6.653621649194974452, -11.64159382634886342, 6.395999695934616369 ) ) ;
#1227 = ORIENTED_EDGE ( 'NONE', *, *, #1683, .T. ) ;
#1228 = CARTESIAN_POINT ( 'NONE',  ( 11.66222469694450403, -7.424266267447379164, 9.959738775429995528 ) ) ;
#1229 = DIRECTION ( 'NONE',  ( 0.000000000000000000, 0.000000000000000000, 1.000000000000000000 ) ) ;
#1230 = EDGE_LOOP ( 'NONE', ( #1355, #2569, #1197, #2533 ) ) ;
#1231 = CARTESIAN_POINT ( 'NONE',  ( -0.5886396939976635823, 18.42268087731087789, 7.032183277801039800 ) ) ;
#1232 = CARTESIAN_POINT ( 'NONE',  ( -12.50000000000000178, 4.680244615520977369, 9.359281115502161796 ) ) ;
#1233 = CARTESIAN_POINT ( 'NONE',  ( -9.671379520270935615, -7.140268109412916786, 0.1713795202709492427 ) ) ;
#1234 = ORIENTED_EDGE ( 'NONE', *, *, #134, .F. ) ;
#1235 = CARTESIAN_POINT ( 'NONE',  ( 2.726833231027857796, 19.00000000000000711, 6.026125883310415432 ) ) ;
#1236 = ADVANCED_FACE ( 'NONE', ( #2425 ), #2583, .F. ) ;
#1237 = CARTESIAN_POINT ( 'NONE',  ( 9.499999999999992895, -6.912990604883030521, 0.000000000000000000 ) ) ;
#1238 = B_SPLINE_CURVE_WITH_KNOTS ( 'NONE', 3,
 ( #2660, #2202, #2243, #1163, #1396, #1617, #2678, #1180, #2454, #1020, #2009, #338, #967, #587, #801, #980, #559, #1800 ),
 .UNSPECIFIED., .F., .F.,
 ( 4, 2, 2, 2, 2, 2, 2, 2, 4 ),
 ( 0.004646103875720492167, 0.005222367784802888803, 0.005798631693885285439, 0.006374895602967681207, 0.006951159512050077843, 0.007527423421132474479, 0.008103687330214871115, 0.008679951239297267751, 0.009256215148379664387 ),
 .UNSPECIFIED. ) ;
#1239 = ORIENTED_EDGE ( 'NONE', *, *, #1420, .T. ) ;
#1240 = DIRECTION ( 'NONE',  ( -8.360113137237623735E-17, 1.000000000000000000, -1.301042606982605321E-16 ) ) ;
#1241 = CARTESIAN_POINT ( 'NONE',  ( 0.3791091446988003044, 19.09583559754824122, 0.9763544655710535425 ) ) ;
#1242 = EDGE_CURVE ( 'NONE', #2517, #2236, #1333, .T. ) ;
#1243 = CARTESIAN_POINT ( 'NONE',  ( 4.653144812081045245, -15.03581968459430307, 4.817859169395731556 ) ) ;
#1244 = ORIENTED_EDGE ( 'NONE', *, *, #2686, .F. ) ;
#1245 = FACE_OUTER_BOUND ( 'NONE', #2227, .T. ) ;
#1246 = CARTESIAN_POINT ( 'NONE',  ( 10.00790810707196243, 8.426941560403772513, 8.895825382551064919 ) ) ;
#1247 = CARTESIAN_POINT ( 'NONE',  ( -12.50000000000000000, 0.9999999999999958922, 3.000000000000003553 ) ) ;
#1248 = DIRECTION ( 'NONE',  ( 0.000000000000000000, 1.000000000000000000, 0.000000000000000000 ) ) ;
#1249 = CARTESIAN_POINT ( 'NONE',  ( 3.987243612317759478, -16.81462017414863297, 4.506888978754850505 ) ) ;
#1250 = CARTESIAN_POINT ( 'NONE',  ( -3.499108362823674767, 19.00000000000000355, 4.093404138086931709 ) ) ;
#1251 = CARTESIAN_POINT ( 'NONE',  ( 3.951421210595175815, -16.97131252539965729, 4.391335134946602992 ) ) ;
#1252 = CARTESIAN_POINT ( 'NONE',  ( -6.084971602492561082, 12.41582258157245988, 5.944314530422344589 ) ) ;
#1253 = CARTESIAN_POINT ( 'NONE',  ( -9.581499954152725707, 7.033829057145219110, 0.08149995415273908472 ) ) ;
#1254 = MANIFOLD_SOLID_BREP ( 'Cut-Extrude11', #476 ) ;
#1255 = CARTESIAN_POINT ( 'NONE',  ( 0.000000000000000000, 0.000000000000000000, 11.00000000000000000 ) ) ;
#1256 = ORIENTED_EDGE ( 'NONE', *, *, #1678, .F. ) ;
#1257 = ADVANCED_FACE ( 'NONE', ( #231 ), #1532, .T. ) ;
#1258 = AXIS2_PLACEMENT_3D ( 'NONE', #2419, #581, #1185 ) ;
#1259 = CARTESIAN_POINT ( 'NONE',  ( -3.427500059787555564, 19.39819524875946399, 4.090506611643156987 ) ) ;
#1260 = CARTESIAN_POINT ( 'NONE',  ( -4.685339458251085887, 14.95040229999397674, 4.841785772058201154 ) ) ;
#1261 = VECTOR ( 'NONE', #1368, 1000.000000000000000 ) ;
#1262 = CARTESIAN_POINT ( 'NONE',  ( -3.569752575006616802, -18.36579090694907990, 6.997187169907088666 ) ) ;
#1263 = AXIS2_PLACEMENT_3D ( 'NONE', #1105, #1484, #2114 ) ;
#1264 = CARTESIAN_POINT ( 'NONE',  ( -10.29436775877499421, 7.612904102706003151, 11.20563224122499868 ) ) ;
#1265 = PRODUCT_DEFINITION_FORMATION_WITH_SPECIFIED_SOURCE ( 'ANY', '', #284, .NOT_KNOWN. ) ;
#1266 = CARTESIAN_POINT ( 'NONE',  ( -8.016243473710582990, -7.317998903469106864, 0.1365457510398835617 ) ) ;
#1267 = CARTESIAN_POINT ( 'NONE',  ( -2.959729717389737225, 7.000000000000005329, 0.000000000000000000 ) ) ;
#1268 = CARTESIAN_POINT ( 'NONE',  ( -12.50000000000000355, 6.979603899666023459, 1.632578417432416495 ) ) ;
#1269 = VERTEX_POINT ( 'NONE', #1705 ) ;
#1270 = LINE ( 'NONE', #216, #1393 ) ;
#1271 = CARTESIAN_POINT ( 'NONE',  ( -27.50000000000000355, -7.000000000000004441, 8.999999999999982236 ) ) ;
#1272 = CARTESIAN_POINT ( 'NONE',  ( 6.957044888013530048, 11.29546502796248575, 3.944286104766701495 ) ) ;
#1273 = LINE ( 'NONE', #218, #827 ) ;
#1274 = ORIENTED_EDGE ( 'NONE', *, *, #635, .T. ) ;
#1275 = CARTESIAN_POINT ( 'NONE',  ( -3.629602364052146868, 18.18959900527987017, 1.195330455633321520 ) ) ;
#1276 = CARTESIAN_POINT ( 'NONE',  ( 4.588544900427142359, 10.86600164450874395, 9.239634538287837984 ) ) ;
#1277 = CARTESIAN_POINT ( 'NONE',  ( -4.962614764132924350, -14.38399505114565891, 5.058679585100730236 ) ) ;
#1278 = CARTESIAN_POINT ( 'NONE',  ( -13.25846369938855673, 2.635490905571620690, 9.096683747680570420 ) ) ;
#1279 = EDGE_CURVE ( 'NONE', #637, #2066, #675, .T. ) ;
#1280 = CARTESIAN_POINT ( 'NONE',  ( 3.956477755950958741, -10.83348815997566739, 1.193845087775725400 ) ) ;
#1281 = CARTESIAN_POINT ( 'NONE',  ( 2.959729717389728343, 7.000000000000008882, 0.000000000000000000 ) ) ;
#1282 = CARTESIAN_POINT ( 'NONE',  ( -11.37345870273478354, -5.617396915056561468, -0.6609338851164886508 ) ) ;
#1283 = ORIENTED_EDGE ( 'NONE', *, *, #1370, .T. ) ;
#1284 =( NAMED_UNIT ( * ) SI_UNIT ( $, .STERADIAN. ) SOLID_ANGLE_UNIT ( ) );
#1285 = CYLINDRICAL_SURFACE ( 'NONE', #1218, 4.000000000000000000 ) ;
#1286 = FACE_BOUND ( 'NONE', #418, .T. ) ;
#1287 = PLANE ( 'NONE',  #2305 ) ;
#1288 = VERTEX_POINT ( 'NONE', #1096 ) ;
#1289 = CARTESIAN_POINT ( 'NONE',  ( 0.000000000000000000, 0.000000000000000000, 11.00000000000000000 ) ) ;
#1290 = CARTESIAN_POINT ( 'NONE',  ( 4.161145752025758426, 11.33364610639508641, 8.995397283345297978 ) ) ;
#1291 = DIRECTION ( 'NONE',  ( -1.000000000000000000, 0.000000000000000000, 0.000000000000000000 ) ) ;
#1292 = DIRECTION ( 'NONE',  ( -1.000000000000000000, 0.000000000000000000, 0.000000000000000000 ) ) ;
#1293 = EDGE_CURVE ( 'NONE', #1007, #2693, #87, .T. ) ;
#1294 = CARTESIAN_POINT ( 'NONE',  ( -1.497297621339281903, -14.77661243378858558, 1.548518883951573777 ) ) ;
#1295 = CARTESIAN_POINT ( 'NONE',  ( 0.000000000000000000, 0.000000000000000000, 12.00000000000000000 ) ) ;
#1296 = CARTESIAN_POINT ( 'NONE',  ( -12.35208533430838074, -7.000000000000004441, 1.431562019648620732 ) ) ;
#1297 = ORIENTED_EDGE ( 'NONE', *, *, #2702, .T. ) ;
#1298 = FACE_OUTER_BOUND ( 'NONE', #1301, .T. ) ;
#1299 = CARTESIAN_POINT ( 'NONE',  ( 1.941345077517864226, -14.56838348550897067, 7.722896600476527595 ) ) ;
#1300 = DIRECTION ( 'NONE',  ( -0.000000000000000000, -0.000000000000000000, -1.000000000000000000 ) ) ;
#1301 = EDGE_LOOP ( 'NONE', ( #2560, #2251, #33, #1639 ) ) ;
#1302 = DIRECTION ( 'NONE',  ( 1.000000000000000000, 8.360113137237623735E-17, -0.000000000000000000 ) ) ;
#1303 = DIRECTION ( 'NONE',  ( -0.7071067811865462405, -9.683958421158132535E-17, 0.7071067811865489050 ) ) ;
#1304 = CIRCLE ( 'NONE', #70, 5.099999999999999645 ) ;
#1305 = CARTESIAN_POINT ( 'NONE',  ( -2.215701716872932714, 13.35231586893250011, 1.509023514482499717 ) ) ;
#1306 =( NAMED_UNIT ( * ) SI_UNIT ( $, .STERADIAN. ) SOLID_ANGLE_UNIT ( ) );
#1307 = LINE ( 'NONE', #1467, #1649 ) ;
#1308 = AXIS2_PLACEMENT_3D ( 'NONE', #2252, #378, #1215 ) ;
#1309 = CARTESIAN_POINT ( 'NONE',  ( -2.695841267461637880, -12.53895545609715434, 1.447403733383168412 ) ) ;
#1310 = CARTESIAN_POINT ( 'NONE',  ( 2.013059324886222967, 7.345906121896434549, 0.1448390891037813766 ) ) ;
#1311 = AXIS2_PLACEMENT_3D ( 'NONE', #174, #814, #1644 ) ;
#1312 = CARTESIAN_POINT ( 'NONE',  ( -6.863646762608961893, 11.40807489195915814, 3.976994467521329124 ) ) ;
#1313 = VERTEX_POINT ( 'NONE', #1349 ) ;
#1314 = FACE_OUTER_BOUND ( 'NONE', #219, .T. ) ;
#1315 = CARTESIAN_POINT ( 'NONE',  ( 5.806314920045376304, 12.87873529528318173, 4.308775445387993841 ) ) ;
#1316 = CARTESIAN_POINT ( 'NONE',  ( 3.569607880879247297, 18.36701137071163714, 6.997173759306424046 ) ) ;
#1317 = ORIENTED_EDGE ( 'NONE', *, *, #1452, .T. ) ;
#1318 = CARTESIAN_POINT ( 'NONE',  ( 1.400149018579422533, 15.73545952060627684, 7.424445173985557922 ) ) ;
#1319 = CARTESIAN_POINT ( 'NONE',  ( -9.873945986202578240, -7.379703079598445292, 11.62605401379741821 ) ) ;
#1320 = CARTESIAN_POINT ( 'NONE',  ( 8.552551158178493651, 7.000000000000006217, 0.000000000000000000 ) ) ;
#1321 = CARTESIAN_POINT ( 'NONE',  ( -5.975586913145725987, -8.830140883710587474, 0.6786350173236027628 ) ) ;
#1322 = VERTEX_POINT ( 'NONE', #2433 ) ;
#1323 = CARTESIAN_POINT ( 'NONE',  ( 12.50000000000000000, -7.000000000000002665, 2.999999999999995559 ) ) ;
#1324 = CARTESIAN_POINT ( 'NONE',  ( 8.253255644182104334, 9.896013245342984987, 7.625629173456508703 ) ) ;
#1325 = ORIENTED_EDGE ( 'NONE', *, *, #1916, .F. ) ;
#1326 = CARTESIAN_POINT ( 'NONE',  ( -2.421467929865534607, -19.00000000000000355, 1.776473594110839382 ) ) ;
#1327 = DIRECTION ( 'NONE',  ( -0.000000000000000000, -0.000000000000000000, -1.000000000000000000 ) ) ;
#1328 = CARTESIAN_POINT ( 'NONE',  ( 5.968232614231880895, 9.559889270999809341, 10.01175748369528762 ) ) ;
#1329 = CYLINDRICAL_SURFACE ( 'NONE', #743, 1.500000000000000444 ) ;
#1330 = CARTESIAN_POINT ( 'NONE',  ( -9.499999999999991118, -7.000000000000002665, 12.00000000000000000 ) ) ;
#1331 = PLANE ( 'NONE',  #1655 ) ;
#1332 = ORIENTED_EDGE ( 'NONE', *, *, #1713, .T. ) ;
#1333 = LINE ( 'NONE', #1908, #526 ) ;
#1334 = DIRECTION ( 'NONE',  ( -0.000000000000000000, -0.000000000000000000, 1.000000000000000000 ) ) ;
#1335 = CARTESIAN_POINT ( 'NONE',  ( 4.686373558654837623, 14.97216743278529449, 4.843989718640306918 ) ) ;
#1336 = VERTEX_POINT ( 'NONE', #755 ) ;
#1337 = CARTESIAN_POINT ( 'NONE',  ( -12.50000000000000355, 4.999999999999997335, 9.359281115502163573 ) ) ;
#1338 = EDGE_CURVE ( 'NONE', #944, #529, #737, .T. ) ;
#1339 = DIRECTION ( 'NONE',  ( 0.000000000000000000, -1.000000000000000000, 0.000000000000000000 ) ) ;
#1340 = CARTESIAN_POINT ( 'NONE',  ( -2.998507300067092096, 12.81471523669911505, 8.326754301132115899 ) ) ;
#1341 = AXIS2_PLACEMENT_3D ( 'NONE', #16, #1489, #4 ) ;
#1342 = EDGE_CURVE ( 'NONE', #1404, #2693, #891, .T. ) ;
#1343 = CARTESIAN_POINT ( 'NONE',  ( 3.885431324225862237, -17.17023846678227272, 1.375748634439210916 ) ) ;
#1344 = PRESENTATION_LAYER_ASSIGNMENT (  '', '', ( #1129 ) ) ;
#1345 = CARTESIAN_POINT ( 'NONE',  ( -5.681078042496676694, 13.05871305885053069, 1.553964848371268914 ) ) ;
#1346 = CARTESIAN_POINT ( 'NONE',  ( -7.123156181438480949, -11.10272297900234051, 3.886226986318904064 ) ) ;
#1347 = VERTEX_POINT ( 'NONE', #2223 ) ;
#1348 = VECTOR ( 'NONE', #2370, 1000.000000000000000 ) ;
#1349 = CARTESIAN_POINT ( 'NONE',  ( 3.000000000000000444, 3.673940397442060361E-16, 12.00000000000000000 ) ) ;
#1350 = CARTESIAN_POINT ( 'NONE',  ( -12.50000000000000711, 7.000000000000004441, 0.000000000000000000 ) ) ;
#1351 = CARTESIAN_POINT ( 'NONE',  ( -0.5642122229014479018, -17.76467798065005610, 1.268245954012235943 ) ) ;
#1352 = CARTESIAN_POINT ( 'NONE',  ( 0.000000000000000000, 0.000000000000000000, 7.000000000000000000 ) ) ;
#1353 = ORIENTED_EDGE ( 'NONE', *, *, #1819, .F. ) ;
#1354 = CARTESIAN_POINT ( 'NONE',  ( -11.32842712474619518, 7.584888519983734589, 10.17157287525379417 ) ) ;
#1355 = ORIENTED_EDGE ( 'NONE', *, *, #134, .T. ) ;
#1356 = CARTESIAN_POINT ( 'NONE',  ( -9.627393129878552003, -7.139807672990674092, 11.87260687013308846 ) ) ;
#1357 = CARTESIAN_POINT ( 'NONE',  ( -7.812469146485629956, 8.135007904633958731, 11.00098983019070609 ) ) ;
#1358 = EDGE_CURVE ( 'NONE', #1322, #1535, #627, .T. ) ;
#1359 = DIRECTION ( 'NONE',  ( 0.000000000000000000, 0.000000000000000000, 1.000000000000000000 ) ) ;
#1360 = DIRECTION ( 'NONE',  ( 0.000000000000000000, 0.000000000000000000, -1.000000000000000000 ) ) ;
#1361 = ORIENTED_EDGE ( 'NONE', *, *, #1608, .F. ) ;
#1362 = CARTESIAN_POINT ( 'NONE',  ( -3.403441031702111985, -18.99999999999999645, 4.864689402455753431 ) ) ;
#1363 = CARTESIAN_POINT ( 'NONE',  ( 2.707250862055998741, -19.00000000000000355, 2.063680463533625886 ) ) ;
#1364 = DIRECTION ( 'NONE',  ( 8.994518274353310005E-17, -1.000000000000000000, 9.265728841192010639E-17 ) ) ;
#1365 = ORIENTED_EDGE ( 'NONE', *, *, #517, .F. ) ;
#1366 = CARTESIAN_POINT ( 'NONE',  ( -1.384299957051213559, -19.00000000000000355, 1.164405416611784538 ) ) ;
#1367 = DIRECTION ( 'NONE',  ( -1.000000000000000000, 0.000000000000000000, 0.000000000000000000 ) ) ;
#1368 = DIRECTION ( 'NONE',  ( -0.000000000000000000, -0.000000000000000000, 1.000000000000000000 ) ) ;
#1369 = B_SPLINE_CURVE_WITH_KNOTS ( 'NONE', 3,
 ( #797, #1013, #2496, #1250 ),
 .UNSPECIFIED., .F., .F.,
 ( 4, 4 ),
 ( -3.500675833246215086E-09, 0.003171707254416776013 ),
 .UNSPECIFIED. ) ;
#1370 = EDGE_CURVE ( 'NONE', #1609, #934, #654, .T. ) ;
#1371 = FACE_OUTER_BOUND ( 'NONE', #182, .T. ) ;
#1372 = CARTESIAN_POINT ( 'NONE',  ( -6.711531811617036603, 11.60636623462098704, 4.026990564749882040 ) ) ;
#1373 = CARTESIAN_POINT ( 'NONE',  ( -1.158522167619639998, 16.35574052383227084, 7.295994293373642137 ) ) ;
#1374 = CARTESIAN_POINT ( 'NONE',  ( -4.309465430629530580, -10.44640405034452080, 1.106970745049557836 ) ) ;
#1375 = ADVANCED_FACE ( 'NONE', ( #150 ), #2670, .F. ) ;
#1376 = LINE ( 'NONE', #566, #1613 ) ;
#1377 = CARTESIAN_POINT ( 'NONE',  ( -5.491136119611944366, -9.979733199737420790, 9.747304167412947251 ) ) ;
#1378 = EDGE_LOOP ( 'NONE', ( #1234, #2586 ) ) ;
#1379 = DIRECTION ( 'NONE',  ( 8.360113137237623735E-17, -1.000000000000000000, 1.301042606982605321E-16 ) ) ;
#1380 = CARTESIAN_POINT ( 'NONE',  ( 3.470825063921894049, -18.99999999999999645, 4.479077302642179070 ) ) ;
#1381 = CARTESIAN_POINT ( 'NONE',  ( -10.10627481735733291, -7.448342702565857287, 0.5720591644487391658 ) ) ;
#1382 = CARTESIAN_POINT ( 'NONE',  ( -9.627337474051479660, 8.682207892001066796, 8.635848310580247045 ) ) ;
#1383 = CARTESIAN_POINT ( 'NONE',  ( -6.030262071259964607, 8.783742374580530310, 0.6640975765614480775 ) ) ;
#1384 = CARTESIAN_POINT ( 'NONE',  ( -4.587426037054835426, 10.86728038238279836, 9.238990721057007249 ) ) ;
#1385 = CARTESIAN_POINT ( 'NONE',  ( -0.5773713664740688367, -17.67502223590650345, 1.287103538126738833 ) ) ;
#1386 = EDGE_LOOP ( 'NONE', ( #811, #835 ) ) ;
#1387 = AXIS2_PLACEMENT_3D ( 'NONE', #545, #1190, #952 ) ;
#1388 = CARTESIAN_POINT ( 'NONE',  ( -3.921412348938400516, -16.96425078117776764, 4.392230164541855331 ) ) ;
#1389 = PLANE ( 'NONE',  #1570 ) ;
#1390 = VECTOR ( 'NONE', #1025, 1000.000000000000000 ) ;
#1391 = CYLINDRICAL_SURFACE ( 'NONE', #877, 7.599999999999999645 ) ;
#1392 = ORIENTED_EDGE ( 'NONE', *, *, #2366, .F. ) ;
#1393 = VECTOR ( 'NONE', #2074, 1000.000000000000000 ) ;
#1394 = CARTESIAN_POINT ( 'NONE',  ( 4.043382571991226193, 16.64337826338525161, 1.448299403148896047 ) ) ;
#1395 = CARTESIAN_POINT ( 'NONE',  ( 1.253852683738121421, -18.99999999999999289, 6.908777986335064902 ) ) ;
#1396 = CARTESIAN_POINT ( 'NONE',  ( -3.326127111956956206, 19.00000000000000355, 5.039826404405488347 ) ) ;
#1397 = CARTESIAN_POINT ( 'NONE',  ( -5.432841772630958133, 10.04437785554833162, 9.713891995397785806 ) ) ;
#1398 = CARTESIAN_POINT ( 'NONE',  ( -0.5792344970521666747, 17.66386586817732152, 1.289284113727357406 ) ) ;
#1399 = CARTESIAN_POINT ( 'NONE',  ( -6.462899009287860430, -11.93205158604485838, 4.108925990097000991 ) ) ;
#1400 = EDGE_LOOP ( 'NONE', ( #2182, #2098, #364, #2212 ) ) ;
#1401 = CARTESIAN_POINT ( 'NONE',  ( -10.45026848867507319, 7.515947064821652646, 0.8174524520831363272 ) ) ;
#1402 = PLANE ( 'NONE',  #1954 ) ;
#1403 = CARTESIAN_POINT ( 'NONE',  ( -0.7563167811187142542, -17.64868764836346315, 7.098831793474314367 ) ) ;
#1404 = VERTEX_POINT ( 'NONE', #553 ) ;
#1405 = EDGE_CURVE ( 'NONE', #885, #2537, #1304, .T. ) ;
#1406 = CARTESIAN_POINT ( 'NONE',  ( 6.620861407528857434, -11.70989363933131422, 6.367363156502120702 ) ) ;
#1407 = EDGE_CURVE ( 'NONE', #2277, #2537, #973, .T. ) ;
#1408 = CARTESIAN_POINT ( 'NONE',  ( -9.627393129878552003, -7.139807672990674092, 11.87260687013308846 ) ) ;
#1409 = DIRECTION ( 'NONE',  ( 0.7310552682428687055, 0.000000000000000000, 0.6823182503600113691 ) ) ;
#1410 = CARTESIAN_POINT ( 'NONE',  ( -1.184702683489150088, 15.54299841580618846, 1.525008392818216985 ) ) ;
#1411 = CARTESIAN_POINT ( 'NONE',  ( -8.873844638779557314, -7.000000000000006217, 0.000000000000000000 ) ) ;
#1412 = ORIENTED_EDGE ( 'NONE', *, *, #1032, .F. ) ;
#1413 = CARTESIAN_POINT ( 'NONE',  ( -9.499999999999992895, 7.000000000000000888, 12.00000000000000000 ) ) ;
#1414 = CARTESIAN_POINT ( 'NONE',  ( 1.765887989364256727, 14.19126444853405822, 1.547203148850274212 ) ) ;
#1415 = EDGE_LOOP ( 'NONE', ( #2018, #2348, #2029, #674 ) ) ;
#1416 = CARTESIAN_POINT ( 'NONE',  ( 3.617053243296193710, 18.25438401739999961, 1.180900515044486232 ) ) ;
#1417 = ORIENTED_EDGE ( 'NONE', *, *, #2256, .T. ) ;
#1418 = PLANE ( 'NONE',  #27 ) ;
#1419 = CARTESIAN_POINT ( 'NONE',  ( 12.50000000000000000, -7.000000000000002665, 8.999999999999991118 ) ) ;
#1420 = EDGE_CURVE ( 'NONE', #1897, #2320, #2218, .T. ) ;
#1421 = CARTESIAN_POINT ( 'NONE',  ( -10.60396132119098844, -7.998302496693730390, 9.317369942610580935 ) ) ;
#1422 = FACE_OUTER_BOUND ( 'NONE', #1771, .T. ) ;
#1423 = B_SPLINE_CURVE_WITH_KNOTS ( 'NONE', 3,
 ( #1196, #2028, #148, #804 ),
 .UNSPECIFIED., .F., .F.,
 ( 4, 4 ),
 ( 0.000000000000000000, 0.0008756533119722449124 ),
 .UNSPECIFIED. ) ;
#1424 = ORIENTED_EDGE ( 'NONE', *, *, #2328, .F. ) ;
#1425 = CARTESIAN_POINT ( 'NONE',  ( 3.073713306468965012, 19.00000000000000711, 5.564304004811039484 ) ) ;
#1426 = CARTESIAN_POINT ( 'NONE',  ( 6.011753018797413972, 8.790536594365500278, 0.6696726938567619802 ) ) ;
#1427 = ORIENTED_EDGE ( 'NONE', *, *, #1099, .F. ) ;
#1428 = AXIS2_PLACEMENT_3D ( 'NONE', #1088, #1549, #269 ) ;
#1429 = AXIS2_PLACEMENT_3D ( 'NONE', #761, #2231, #354 ) ;
#1430 = CARTESIAN_POINT ( 'NONE',  ( -11.60143631097705885, 7.457497683712828618, 9.922689622492692152 ) ) ;
#1431 = DIRECTION ( 'NONE',  ( 0.000000000000000000, -1.084202172485504434E-16, -1.000000000000000000 ) ) ;
#1432 = CARTESIAN_POINT ( 'NONE',  ( 4.334517494211285182, 15.83048088753188232, 1.525916756386813455 ) ) ;
#1433 = CARTESIAN_POINT ( 'NONE',  ( -12.50000000000000711, -7.000000000000006217, 0.000000000000000000 ) ) ;
#1434 = VERTEX_POINT ( 'NONE', #2449 ) ;
#1435 = CIRCLE ( 'NONE', #249, 1.350000000000000533 ) ;
#1436 = AXIS2_PLACEMENT_3D ( 'NONE', #224, #490, #256 ) ;
#1437 = CARTESIAN_POINT ( 'NONE',  ( -4.959023213488698900, 14.36966715312880716, 5.055314266744169061 ) ) ;
#1438 = EDGE_CURVE ( 'NONE', #1696, #1553, #853, .T. ) ;
#1439 = DIRECTION ( 'NONE',  ( -1.000000000000000000, 0.000000000000000000, 0.000000000000000000 ) ) ;
#1440 = ORIENTED_EDGE ( 'NONE', *, *, #861, .T. ) ;
#1441 = CARTESIAN_POINT ( 'NONE',  ( 3.499108362823688090, -18.99999999999999645, 4.093404138086171429 ) ) ;
#1442 = CARTESIAN_POINT ( 'NONE',  ( -7.912296047344217875, -10.23542583600988820, 3.604469574086331285 ) ) ;
#1443 = EDGE_LOOP ( 'NONE', ( #1325, #1577, #1857, #796 ) ) ;
#1444 = CARTESIAN_POINT ( 'NONE',  ( -23.50000000000000000, 0.9999999999999952260, 4.000000000000001776 ) ) ;
#1445 = CARTESIAN_POINT ( 'NONE',  ( 7.004195467105838624, -11.23196732854045621, 6.668223590542366352 ) ) ;
#1446 = CARTESIAN_POINT ( 'NONE',  ( 4.456798885693948442, -15.50144290785467938, 4.667274868861265524 ) ) ;
#1447 = ORIENTED_EDGE ( 'NONE', *, *, #2378, .F. ) ;
#1448 = CARTESIAN_POINT ( 'NONE',  ( -3.605589495327685245, 18.37234782478005357, 7.026845200259055346 ) ) ;
#1449 = CARTESIAN_POINT ( 'NONE',  ( 6.084813742605437170, 12.41660516471167242, 5.944195105852626781 ) ) ;
#1450 = CARTESIAN_POINT ( 'NONE',  ( -12.80495142896432803, 3.460089748052233460, 9.234926838464767584 ) ) ;
#1451 = CARTESIAN_POINT ( 'NONE',  ( 11.25739208360349153, 7.619376938009929212, 10.24260791639650314 ) ) ;
#1452 = EDGE_CURVE ( 'NONE', #906, #2073, #833, .T. ) ;
#1453 = ORIENTED_EDGE ( 'NONE', *, *, #2689, .F. ) ;
#1454 = CARTESIAN_POINT ( 'NONE',  ( 7.743635201407409241, -10.38882803905826968, 1.174744350038176899 ) ) ;
#1455 = CARTESIAN_POINT ( 'NONE',  ( 3.470862248678603823, 19.00000000000000711, 4.479013552521317720 ) ) ;
#1456 = CARTESIAN_POINT ( 'NONE',  ( 0.5642122229014442381, 17.76467798065004544, 1.268245954012237053 ) ) ;
#1457 = EDGE_CURVE ( 'NONE', #726, #1132, #1610, .T. ) ;
#1458 = ORIENTED_EDGE ( 'NONE', *, *, #1452, .F. ) ;
#1459 =( BOUNDED_CURVE ( )  B_SPLINE_CURVE ( 3, ( #2543, #2133, #510, #496 ),
 .UNSPECIFIED., .F., .F. ) 
 B_SPLINE_CURVE_WITH_KNOTS ( ( 4, 4 ),
 ( 2.397645099364313914, 2.407600051974911448 ),
 .UNSPECIFIED. ) 
 CURVE ( )  GEOMETRIC_REPRESENTATION_ITEM ( )  RATIONAL_B_SPLINE_CURVE ( ( 1.000000000000000000, 0.9999917415935938303, 0.9999917415935938303, 1.000000000000000000 ) ) 
 REPRESENTATION_ITEM ( '' )  );
#1460 = CARTESIAN_POINT ( 'NONE',  ( 5.305384311197491876, 13.72079024700192029, 4.433852222897246342 ) ) ;
#1461 = DIRECTION ( 'NONE',  ( -0.000000000000000000, -1.000000000000000000, -0.000000000000000000 ) ) ;
#1462 = VERTEX_POINT ( 'NONE', #1413 ) ;
#1463 = CARTESIAN_POINT ( 'NONE',  ( -3.514406621140498732, 18.77252120250314249, 1.067392836750434171 ) ) ;
#1464 = CARTESIAN_POINT ( 'NONE',  ( -5.157193626077241966, 13.94335366151762123, 7.878139913116645410 ) ) ;
#1465 = CARTESIAN_POINT ( 'NONE',  ( 4.456887622581985120, 15.50120045682245618, 4.667340888590832293 ) ) ;
#1466 = DIRECTION ( 'NONE',  ( 1.000000000000000000, 8.360113137237623735E-17, -0.000000000000000000 ) ) ;
#1467 = CARTESIAN_POINT ( 'NONE',  ( -12.50000000000000355, 4.999999999999997335, 9.359281115502163573 ) ) ;
#1468 = CARTESIAN_POINT ( 'NONE',  ( 10.84059157648928640, -7.877605933852482423, 0.4367752018788860213 ) ) ;
#1469 = CARTESIAN_POINT ( 'NONE',  ( -12.40076700581648872, -7.000000000000004441, 1.523705292038683767 ) ) ;
#1470 = CARTESIAN_POINT ( 'NONE',  ( -12.50000000000000355, 7.000000000000002665, 1.829229004560474880 ) ) ;
#1471 = EDGE_CURVE ( 'NONE', #617, #97, #1822, .T. ) ;
#1472 = CARTESIAN_POINT ( 'NONE',  ( 6.075302475516513034, 12.47047092231232135, 4.230716942769908506 ) ) ;
#1473 = VECTOR ( 'NONE', #2268, 1000.000000000000000 ) ;
#1474 = DIRECTION ( 'NONE',  ( 0.000000000000000000, 0.000000000000000000, -1.000000000000000000 ) ) ;
#1475 = EDGE_LOOP ( 'NONE', ( #909, #179, #374, #2503, #2696, #1853 ) ) ;
#1476 = CIRCLE ( 'NONE', #2527, 3.000000000000000444 ) ;
#1477 = CARTESIAN_POINT ( 'NONE',  ( -9.499999999999985789, 6.912990604883038515, 0.000000000000000000 ) ) ;
#1478 = CARTESIAN_POINT ( 'NONE',  ( 5.491136119611945254, 9.979733199737415461, 9.747304167412952580 ) ) ;
#1479 = VECTOR ( 'NONE', #2307, 1000.000000000000000 ) ;
#1480 = CARTESIAN_POINT ( 'NONE',  ( 4.654608380159755754, 15.03214028487341913, 4.818972964081829957 ) ) ;
#1481 = ORIENTED_EDGE ( 'NONE', *, *, #2550, .F. ) ;
#1482 = EDGE_CURVE ( 'NONE', #2407, #2547, #2682, .T. ) ;
#1483 = CARTESIAN_POINT ( 'NONE',  ( 6.492933994488652161, -11.86540759101056963, 1.433654496988798321 ) ) ;
#1484 = DIRECTION ( 'NONE',  ( -0.000000000000000000, 1.000000000000000000, -0.000000000000000000 ) ) ;
#1485 = CARTESIAN_POINT ( 'NONE',  ( -12.50000000000000355, 7.000000000000002665, 2.027944958555210064 ) ) ;
#1486 = ORIENTED_EDGE ( 'NONE', *, *, #1279, .T. ) ;
#1487 = FACE_OUTER_BOUND ( 'NONE', #2325, .T. ) ;
#1488 = CARTESIAN_POINT ( 'NONE',  ( -9.767423758965970038, 7.231088972868040976, 0.2674237589659825831 ) ) ;
#1489 = DIRECTION ( 'NONE',  ( 0.000000000000000000, 1.000000000000000000, 0.000000000000000000 ) ) ;
#1490 = ORIENTED_EDGE ( 'NONE', *, *, #1358, .F. ) ;
#1491 = EDGE_CURVE ( 'NONE', #1634, #1015, #1369, .T. ) ;
#1492 = DIRECTION ( 'NONE',  ( 1.000000000000000000, 0.000000000000000000, 0.000000000000000000 ) ) ;
#1493 = CARTESIAN_POINT ( 'NONE',  ( 11.56523921432023094, -7.475801833638820781, 2.065239214320234051 ) ) ;
#1494 = CARTESIAN_POINT ( 'NONE',  ( -3.815011833538355379, -17.27550173915843956, 7.104684562850464680 ) ) ;
#1495 = VERTEX_POINT ( 'NONE', #1441 ) ;
#1496 = B_SPLINE_CURVE_WITH_KNOTS ( 'NONE', 3,
 ( #187, #1037, #2713, #2695, #1663, #1053, #818, #2460, #1442, #2062, #2303, #798, #593, #603, #402, #2048, #1212, #417 ),
 .UNSPECIFIED., .F., .F.,
 ( 4, 2, 2, 2, 2, 2, 2, 2, 4 ),
 ( 1.127570259384924611E-17, 0.001608129008191680866, 0.003216258016383352191, 0.004824387024575022866, 0.006432516032766693974, 0.008040645040958364215, 0.009648774049150037058, 0.01125690305734170643, 0.01286503206553337927 ),
 .UNSPECIFIED. ) ;
#1497 = CARTESIAN_POINT ( 'NONE',  ( 7.302744111333321797, -10.87020003672710367, 1.273191250902836691 ) ) ;
#1498 = CARTESIAN_POINT ( 'NONE',  ( -1.023969394721295778, -7.547597715558307385, 0.2254278563945625313 ) ) ;
#1499 = CARTESIAN_POINT ( 'NONE',  ( -7.835752115728233491, -7.427356878300541254, 0.1839515377707909849 ) ) ;
#1500 = ORIENTED_EDGE ( 'NONE', *, *, #1819, .T. ) ;
#1501 = SURFACE_SIDE_STYLE ('',( #262 ) ) ;
#1502 = DIRECTION ( 'NONE',  ( 0.000000000000000000, 0.000000000000000000, -1.000000000000000000 ) ) ;
#1503 = CARTESIAN_POINT ( 'NONE',  ( 4.627490774298774312, -15.04260406195065158, 7.560047000779742454 ) ) ;
#1504 = B_SPLINE_CURVE_WITH_KNOTS ( 'NONE', 3,
 ( #2710, #806, #362, #1199, #375, #1635, #1662, #2459, #2470, #1235, #186, #1425, #2249, #1225, #388, #1455, #2061, #176 ),
 .UNSPECIFIED., .F., .F.,
 ( 4, 2, 2, 2, 2, 2, 2, 2, 4 ),
 ( 0.000000000000000000, 0.0005757470772956656789, 0.001151494154591331358, 0.001727241231886997037, 0.002302988309182662716, 0.002878735386478328395, 0.003454482463773994073, 0.004030229541069659319, 0.004605976618365325431 ),
 .UNSPECIFIED. ) ;
#1505 = DIRECTION ( 'NONE',  ( -1.000000000000000000, 0.000000000000000000, 0.000000000000000000 ) ) ;
#1506 = ORIENTED_EDGE ( 'NONE', *, *, #951, .T. ) ;
#1507 = CARTESIAN_POINT ( 'NONE',  ( -12.50000000000000888, 19.00000000000000000, 1.000000000000000000 ) ) ;
#1508 = CARTESIAN_POINT ( 'NONE',  ( -11.18348338713907175, -7.639089777159011163, 10.31651661286091581 ) ) ;
#1509 = EDGE_CURVE ( 'NONE', #1132, #2335, #632, .T. ) ;
#1510 = CARTESIAN_POINT ( 'NONE',  ( -2.375368532586436210, 13.07550169364255765, 1.490139582248688255 ) ) ;
#1511 = CARTESIAN_POINT ( 'NONE',  ( -10.14852195485060271, 7.551323080869154936, 11.35147804514939196 ) ) ;
#1512 = CARTESIAN_POINT ( 'NONE',  ( 4.438956101404937016, -15.56083996732303909, 1.545973072216066724 ) ) ;
#1513 = EDGE_CURVE ( 'NONE', #2242, #2452, #1504, .T. ) ;
#1514 = CARTESIAN_POINT ( 'NONE',  ( -0.5048623471993108902, 7.600156767614071107, 0.2456578729858447385 ) ) ;
#1515 = CARTESIAN_POINT ( 'NONE',  ( -23.50000000000000000, -9.500000000000005329, 4.000000000000002665 ) ) ;
#1516 = EDGE_LOOP ( 'NONE', ( #1073, #58, #867, #1490, #1585, #487, #165, #2555, #2340 ) ) ;
#1517 = SURFACE_STYLE_USAGE ( .BOTH. , #1501 ) ;
#1518 = CARTESIAN_POINT ( 'NONE',  ( 3.430577490588195833, -19.48869599418641130, 6.979911313270024564 ) ) ;
#1519 = CARTESIAN_POINT ( 'NONE',  ( 1.793078366931209144, 14.88883870279474486, 7.641167277892551901 ) ) ;
#1520 = EDGE_LOOP ( 'NONE', ( #701, #2221 ) ) ;
#1521 = LINE ( 'NONE', #2152, #2663 ) ;
#1522 = FACE_OUTER_BOUND ( 'NONE', #2403, .T. ) ;
#1523 = VECTOR ( 'NONE', #1794, 1000.000000000000000 ) ;
#1524 = ADVANCED_FACE ( 'NONE', ( #592, #1001 ), #1847, .F. ) ;
#1525 = AXIS2_PLACEMENT_3D ( 'NONE', #208, #158, #1058 ) ;
#1526 = CARTESIAN_POINT ( 'NONE',  ( 1.114857685776696528, -15.74304977066216082, 1.511598706745743703 ) ) ;
#1527 = CARTESIAN_POINT ( 'NONE',  ( 2.493637573998601642, 7.197072395405236911, 0.08462104097302675099 ) ) ;
#1528 = AXIS2_PLACEMENT_3D ( 'NONE', #2198, #1002, #948 ) ;
#1529 = CARTESIAN_POINT ( 'NONE',  ( -5.137220964667990053, 14.02914582280601863, 4.469791599463349030 ) ) ;
#1530 = VERTEX_POINT ( 'NONE', #816 ) ;
#1531 = EDGE_CURVE ( 'NONE', #230, #273, #1564, .T. ) ;
#1532 = CYLINDRICAL_SURFACE ( 'NONE', #1005, 4.000000000000000000 ) ;
#1533 = DIRECTION ( 'NONE',  ( 0.000000000000000000, 0.000000000000000000, 1.000000000000000000 ) ) ;
#1534 = CARTESIAN_POINT ( 'NONE',  ( 0.4724060235118206497, 19.09713719135931953, 6.995813121860542161 ) ) ;
#1535 = VERTEX_POINT ( 'NONE', #39 ) ;
#1536 = LINE ( 'NONE', #1507, #2571 ) ;
#1537 = CARTESIAN_POINT ( 'NONE',  ( -0.4877036544836590437, -19.00000000000000711, 7.000000000000000000 ) ) ;
#1538 = CYLINDRICAL_SURFACE ( 'NONE', #1086, 18.99999999999999645 ) ;
#1539 = CARTESIAN_POINT ( 'NONE',  ( -9.499999999999985789, 6.912990604883038515, 0.000000000000000000 ) ) ;
#1540 = CARTESIAN_POINT ( 'NONE',  ( -5.113155664668591172, -9.613051754095028656, 0.9051553776963534581 ) ) ;
#1541 = VERTEX_POINT ( 'NONE', #435 ) ;
#1542 = CARTESIAN_POINT ( 'NONE',  ( -27.50000000000000355, -7.000000000000004441, -1.795124125684485872 ) ) ;
#1543 = EDGE_CURVE ( 'NONE', #129, #1530, #2087, .T. ) ;
#1544 = CARTESIAN_POINT ( 'NONE',  ( 2.269969017951168233, 13.98808481058073916, 7.909830880439021605 ) ) ;
#1545 = ORIENTED_EDGE ( 'NONE', *, *, #2462, .T. ) ;
#1546 = CARTESIAN_POINT ( 'NONE',  ( 6.497047814810930078, 11.85985680715107371, 1.432928705648566670 ) ) ;
#1547 = CARTESIAN_POINT ( 'NONE',  ( 2.707906080785030145, -12.53697523494865074, 1.442039582065359982 ) ) ;
#1548 = DIRECTION ( 'NONE',  ( 1.826024711554533913E-16, -1.000000000000000000, 0.000000000000000000 ) ) ;
#1549 = DIRECTION ( 'NONE',  ( -1.000000000000000000, 0.000000000000000000, -0.000000000000000000 ) ) ;
#1550 = CARTESIAN_POINT ( 'NONE',  ( 1.653273178848926867E-16, 9.000000000000003553, 2.649999999999999911 ) ) ;
#1551 = CARTESIAN_POINT ( 'NONE',  ( -5.734064589034123749, 9.039007445631996873, 0.7428224672665453276 ) ) ;
#1552 = CARTESIAN_POINT ( 'NONE',  ( 2.836478422215888973, 19.00000000000000711, 2.220758807821839209 ) ) ;
#1553 = VERTEX_POINT ( 'NONE', #477 ) ;
#1554 = DIRECTION ( 'NONE',  ( -0.000000000000000000, -1.000000000000000000, -0.000000000000000000 ) ) ;
#1555 = FACE_OUTER_BOUND ( 'NONE', #443, .T. ) ;
#1556 = CARTESIAN_POINT ( 'NONE',  ( -27.50000000000000355, -7.000000000000005329, 4.999999999999982236 ) ) ;
#1557 = CARTESIAN_POINT ( 'NONE',  ( 10.40430892694259413, -7.650362299369183106, 11.09569107305740054 ) ) ;
#1558 = VERTEX_POINT ( 'NONE', #464 ) ;
#1559 = CARTESIAN_POINT ( 'NONE',  ( -0.3891571885155375998, -19.00000000000000711, 1.000000000000000000 ) ) ;
#1560 = FACE_OUTER_BOUND ( 'NONE', #1625, .T. ) ;
#1561 = CARTESIAN_POINT ( 'NONE',  ( 5.487196674786473771, -9.983422303426960909, 9.745102817538734641 ) ) ;
#1562 = CARTESIAN_POINT ( 'NONE',  ( -7.252772961690828524, 10.92086960291630859, 9.165790841901950259 ) ) ;
#1563 = AXIS2_PLACEMENT_3D ( 'NONE', #1255, #884, #2546 ) ;
#1564 = B_SPLINE_CURVE_WITH_KNOTS ( 'NONE', 3,
 ( #416, #2480, #619, #2083, #2511, #2275, #200, #1052, #1875, #2726, #846, #228, #2158, #1891 ),
 .UNSPECIFIED., .F., .F.,
 ( 4, 2, 2, 2, 2, 2, 4 ),
 ( 0.0008756533119722449124, 0.001990823841413664509, 0.002548409106134375338, 0.003105994370855086600, 0.003663579635575796994, 0.004221164900296506088, 0.005336335429737926010 ),
 .UNSPECIFIED. ) ;
#1565 = VECTOR ( 'NONE', #1789, 1000.000000000000000 ) ;
#1566 = CARTESIAN_POINT ( 'NONE',  ( -6.956185949105599065, 8.053023683887325035, 0.4171072501513137798 ) ) ;
#1567 = CARTESIAN_POINT ( 'NONE',  ( -5.961237993434917115, 9.565740223477551041, 10.00793030870723221 ) ) ;
#1568 = CARTESIAN_POINT ( 'NONE',  ( -0.4507444146694394305, -18.38687192557447503, 1.153451071076350365 ) ) ;
#1569 = EDGE_LOOP ( 'NONE', ( #45, #1054, #1427, #596, #1545 ) ) ;
#1570 = AXIS2_PLACEMENT_3D ( 'NONE', #1186, #2209, #330 ) ;
#1571 = CARTESIAN_POINT ( 'NONE',  ( -12.17539454932340348, 7.152588017402279341, 9.507005764788319269 ) ) ;
#1572 = AXIS2_PLACEMENT_3D ( 'NONE', #2457, #2043, #2080 ) ;
#1573 = CARTESIAN_POINT ( 'NONE',  ( 2.265608432961929264, -19.00000000000000355, 1.646923898268839226 ) ) ;
#1574 = CARTESIAN_POINT ( 'NONE',  ( -14.15685424949238502, -7.000000000000001776, 12.99999999999998224 ) ) ;
#1575 =( BOUNDED_SURFACE ( )  B_SPLINE_SURFACE ( 3, 2, ( 
 ( #1282, #2568, #2115 ),
 ( #40, #1905, #25 ),
 ( #272, #1932, #66 ),
 ( #260, #878, #1118 ),
 ( #1499, #2541, #2167 ),
 ( #673, #2334, #920 ),
 ( #2146, #1106, #53 ),
 ( #1321, #1742, #1718 ),
 ( #2159, #2130, #715 ),
 ( #1540, #1892, #753 ),
 ( #725, #1593, #1346 ),
 ( #1374, #2640, #1168 ),
 ( #2592, #1982, #1399 ),
 ( #80, #2430, #1584 ),
 ( #2181, #327, #2417 ),
 ( #1806, #2446, #95 ),
 ( #2206, #1998, #285 ),
 ( #971, #302, #1971 ),
 ( #124, #562, #107 ),
 ( #1131, #1143, #1765 ),
 ( #1792, #943, #2402 ),
 ( #1385, #1183, #769 ),
 ( #1568, #2609, #2652 ),
 ( #1778, #2624, #956 ) ),
 .UNSPECIFIED., .F., .F., .T. ) 
 B_SPLINE_SURFACE_WITH_KNOTS ( ( 4, 2, 2, 2, 2, 2, 2, 2, 2, 2, 2, 4 ),
 ( 3, 3 ),
 ( 0.01033367872537080921, 0.01285536464763538736, 0.01537705056989996377, 0.01663789353103225371, 0.01789873649216454018, 0.01915957945329682666, 0.02042042241442911660, 0.02294210833669369301, 0.02420295129782597948, 0.02546379425895826942, 0.02798548018122284931, 0.03050716610348742572 ),
 ( 0.000000000000000000, 1.000000000000000000 ),
 .UNSPECIFIED. ) 
 GEOMETRIC_REPRESENTATION_ITEM ( )  RATIONAL_B_SPLINE_SURFACE ( (
 ( 1.000000000000000000, 0.8439901189279542804, 1.000000000000000000),
 ( 1.000000000000000000, 0.8372385745146072589, 1.000000000000000000),
 ( 1.000000000000000000, 0.8296754076439183390, 1.000000000000000000),
 ( 1.000000000000000000, 0.8136486459508536218, 1.000000000000000000),
 ( 1.000000000000000000, 0.8051517256427836999, 1.000000000000000000),
 ( 1.000000000000000000, 0.7920100552217406165, 1.000000000000000000),
 ( 1.000000000000000000, 0.7875638541214473598, 1.000000000000000000),
 ( 1.000000000000000000, 0.7786039325446385551, 1.000000000000000000),
 ( 1.000000000000000000, 0.7740795576021335389, 1.000000000000000000),
 ( 1.000000000000000000, 0.7651078890655740317, 1.000000000000000000),
 ( 1.000000000000000000, 0.7606577000895221596, 1.000000000000000000),
 ( 1.000000000000000000, 0.7519137239862555555, 1.000000000000000000),
 ( 1.000000000000000000, 0.7476215759020397034, 1.000000000000000000),
 ( 1.000000000000000000, 0.7352481073707525239, 1.000000000000000000),
 ( 1.000000000000000000, 0.7276210999767970256, 1.000000000000000000),
 ( 1.000000000000000000, 0.7176892595119940266, 1.000000000000000000),
 ( 1.000000000000000000, 0.7146308979786920590, 1.000000000000000000),
 ( 1.000000000000000000, 0.7091252928750492179, 1.000000000000000000),
 ( 1.000000000000000000, 0.7066737259966059392, 1.000000000000000000),
 ( 1.000000000000000000, 0.7005051852206257701, 1.000000000000000000),
 ( 1.000000000000000000, 0.6979283595498658732, 1.000000000000000000),
 ( 1.000000000000000000, 0.6961798479668289685, 1.000000000000000000),
 ( 1.000000000000000000, 0.6970108725207734279, 1.000000000000000000),
 ( 1.000000000000000000, 0.6996182935367487588, 1.000000000000000000) ) ) 
 REPRESENTATION_ITEM ( '' )  SURFACE ( )  );
#1576 = B_SPLINE_CURVE_WITH_KNOTS ( 'NONE', 3,
 ( #578, #2234, #1195, #2027 ),
 .UNSPECIFIED., .F., .F.,
 ( 4, 4 ),
 ( 2.602085213965210642E-18, 0.001155054102448215035 ),
 .UNSPECIFIED. ) ;
#1577 = ORIENTED_EDGE ( 'NONE', *, *, #1171, .F. ) ;
#1578 = CARTESIAN_POINT ( 'NONE',  ( 4.788720376738652362, 14.74664973842484628, 1.583176179834824726 ) ) ;
#1579 = CARTESIAN_POINT ( 'NONE',  ( 8.552551158178493651, -7.000000000000004441, 0.000000000000000000 ) ) ;
#1580 = CARTESIAN_POINT ( 'NONE',  ( 1.653273178848926867E-16, -9.000000000000003553, 5.350000000000000533 ) ) ;
#1581 = B_SPLINE_CURVE_WITH_KNOTS ( 'NONE', 3,
 ( #1098, #1253, #2531, #1488 ),
 .UNSPECIFIED., .F., .F.,
 ( 4, 4 ),
 ( 0.000000000000000000, 0.0004930145268660420660 ),
 .UNSPECIFIED. ) ;
#1582 = EDGE_CURVE ( 'NONE', #629, #1313, #1476, .T. ) ;
#1583 = CARTESIAN_POINT ( 'NONE',  ( -6.844761420402204699, 11.42779759382003135, 1.364965243578826870 ) ) ;
#1584 = CARTESIAN_POINT ( 'NONE',  ( -5.850429596448548430, -12.79503290421633821, 4.299053398837910933 ) ) ;
#1585 = ORIENTED_EDGE ( 'NONE', *, *, #24, .F. ) ;
#1586 = CARTESIAN_POINT ( 'NONE',  ( 3.499108362823688090, -18.99999999999999645, 4.093404138086171429 ) ) ;
#1587 = FACE_OUTER_BOUND ( 'NONE', #1637, .T. ) ;
#1588 = ORIENTED_EDGE ( 'NONE', *, *, #2063, .F. ) ;
#1589 = CARTESIAN_POINT ( 'NONE',  ( 7.777706552458240274, 7.415102881735805340, 0.1981839427052160263 ) ) ;
#1590 = CARTESIAN_POINT ( 'NONE',  ( 0.5655757135917831580, -17.75687436621653248, 1.269733341196534582 ) ) ;
#1591 = EDGE_CURVE ( 'NONE', #1594, #253, #1922, .T. ) ;
#1592 = FACE_OUTER_BOUND ( 'NONE', #2436, .T. ) ;
#1593 = CARTESIAN_POINT ( 'NONE',  ( -6.811033752432893884, -11.46988474457263329, 1.371544734802119914 ) ) ;
#1594 = VERTEX_POINT ( 'NONE', #65 ) ;
#1595 = ADVANCED_FACE ( 'NONE', ( #2100 ), #213, .F. ) ;
#1596 = CARTESIAN_POINT ( 'NONE',  ( -9.767423758965970038, 7.231088972868040976, 0.2674237589659825831 ) ) ;
#1597 = DIRECTION ( 'NONE',  ( 1.826024711554533913E-16, -1.000000000000000000, 0.000000000000000000 ) ) ;
#1598 = CARTESIAN_POINT ( 'NONE',  ( -0.5971686542829345301, -18.32013111943626171, 7.031047157472211317 ) ) ;
#1599 = EDGE_LOOP ( 'NONE', ( #2469, #1317, #2542, #2005 ) ) ;
#1600 = CARTESIAN_POINT ( 'NONE',  ( 1.655507679928218900, 14.44531947205797806, 1.544063839066931676 ) ) ;
#1601 = CARTESIAN_POINT ( 'NONE',  ( 2.448894430983861614, -19.00000000000000355, 6.292941677732486916 ) ) ;
#1602 = LINE ( 'NONE', #367, #248 ) ;
#1603 = CARTESIAN_POINT ( 'NONE',  ( -7.674612124605835639, 10.45910012167703407, 9.420008517964388872 ) ) ;
#1604 = DIRECTION ( 'NONE',  ( -0.000000000000000000, 1.000000000000000000, -0.000000000000000000 ) ) ;
#1605 = AXIS2_PLACEMENT_3D ( 'NONE', #2127, #1248, #2521 ) ;
#1606 = CARTESIAN_POINT ( 'NONE',  ( -0.4501559936845283549, 18.39274374408362078, 1.151980370642416540 ) ) ;
#1607 = CARTESIAN_POINT ( 'NONE',  ( 0.000000000000000000, 0.000000000000000000, 7.000000000000000000 ) ) ;
#1608 = EDGE_CURVE ( 'NONE', #1069, #2277, #1133, .T. ) ;
#1609 = VERTEX_POINT ( 'NONE', #244 ) ;
#1610 = CIRCLE ( 'NONE', #430, 1.350000000000000533 ) ;
#1611 = DIRECTION ( 'NONE',  ( 0.000000000000000000, 0.000000000000000000, -1.000000000000000000 ) ) ;
#1612 = LINE ( 'NONE', #2450, #433 ) ;
#1613 = VECTOR ( 'NONE', #2655, 1000.000000000000000 ) ;
#1614 = PLANE ( 'NONE',  #2306 ) ;
#1615 = ORIENTED_EDGE ( 'NONE', *, *, #514, .F. ) ;
#1616 = CARTESIAN_POINT ( 'NONE',  ( 9.616108932277059651, -8.690828813487184945, 8.627876999363765620 ) ) ;
#1617 = CARTESIAN_POINT ( 'NONE',  ( -3.170804129054623832, 19.00000000000000711, 5.392134432343255845 ) ) ;
#1618 = CARTESIAN_POINT ( 'NONE',  ( -3.395934657077208652, 12.26857166010640476, 8.556217424301925334 ) ) ;
#1619 = CARTESIAN_POINT ( 'NONE',  ( -7.825302690455416155, -10.31955380679421097, 7.301131156867578298 ) ) ;
#1620 = DIRECTION ( 'NONE',  ( 1.000000000000000000, 8.360113137237623735E-17, -0.000000000000000000 ) ) ;
#1621 = DIRECTION ( 'NONE',  ( -0.000000000000000000, -0.000000000000000000, -1.000000000000000000 ) ) ;
#1622 = VERTEX_POINT ( 'NONE', #1064 ) ;
#1623 = CARTESIAN_POINT ( 'NONE',  ( 0.000000000000000000, 9.000000000000003553, 5.350000000000000533 ) ) ;
#1624 = CARTESIAN_POINT ( 'NONE',  ( 1.497297621339276796, 14.77661243378858558, 1.548518883951575109 ) ) ;
#1625 = EDGE_LOOP ( 'NONE', ( #852, #1049, #1083, #591 ) ) ;
#1626 = EDGE_CURVE ( 'NONE', #2517, #451, #672, .T. ) ;
#1627 = CARTESIAN_POINT ( 'NONE',  ( 0.4477226087036497160, 18.41933843952064720, 1.145132192506564728 ) ) ;
#1628 = ORIENTED_EDGE ( 'NONE', *, *, #1850, .F. ) ;
#1629 = B_SPLINE_CURVE_WITH_KNOTS ( 'NONE', 3,
 ( #437, #2072, #1456, #2289, #2101, #1624, #1414, #2084, #201, #1676, #214, #1835, #807, #1426, #12, #2554, #508, #245 ),
 .UNSPECIFIED., .F., .F.,
 ( 4, 2, 2, 2, 2, 2, 2, 2, 4 ),
 ( 0.000000000000000000, 0.001922226119999450450, 0.003844452239998900900, 0.005766678359998351350, 0.007688904479997801800, 0.009611130599997252250, 0.01153335671999670270, 0.01345558283999615315, 0.01537780895999560013 ),
 .UNSPECIFIED. ) ;
#1630 = ADVANCED_FACE ( 'NONE', ( #52, #1740 ), #1092, .F. ) ;
#1631 = DIRECTION ( 'NONE',  ( 0.7310552682428687055, 1.498895590448597503E-16, 0.6823182503600113691 ) ) ;
#1632 = CARTESIAN_POINT ( 'NONE',  ( -3.470066808519902235, 19.00000000000000355, 3.692777178225790990 ) ) ;
#1633 = CARTESIAN_POINT ( 'NONE',  ( 0.000000000000000000, 0.000000000000000000, 6.999999999999999112 ) ) ;
#1634 = VERTEX_POINT ( 'NONE', #2567 ) ;
#1635 = CARTESIAN_POINT ( 'NONE',  ( 1.798900741831415573, 19.00000000000000711, 6.711199748789790753 ) ) ;
#1636 = CARTESIAN_POINT ( 'NONE',  ( -12.50000000000000355, 6.940245115837936574, 1.437848045324189084 ) ) ;
#1637 = EDGE_LOOP ( 'NONE', ( #2677, #2091, #1239, #2163, #1743, #1095 ) ) ;
#1638 = CARTESIAN_POINT ( 'NONE',  ( 7.599999999999999645, 9.307315673519885459E-16, 0.000000000000000000 ) ) ;
#1639 = ORIENTED_EDGE ( 'NONE', *, *, #2528, .F. ) ;
#1640 = EDGE_CURVE ( 'NONE', #1867, #2320, #2124, .T. ) ;
#1641 = CARTESIAN_POINT ( 'NONE',  ( -3.494279668261046190, 19.00000000000000355, 3.892460770668768166 ) ) ;
#1642 = CARTESIAN_POINT ( 'NONE',  ( -7.239181918045143327, -10.92303704958510657, 9.158150288593954969 ) ) ;
#1643 = CARTESIAN_POINT ( 'NONE',  ( -27.50000000000000355, -7.000000000000004441, 8.999999999999982236 ) ) ;
#1644 = DIRECTION ( 'NONE',  ( -1.000000000000000000, 0.000000000000000000, 0.000000000000000000 ) ) ;
#1645 = ORIENTED_EDGE ( 'NONE', *, *, #1438, .T. ) ;
#1646 = CARTESIAN_POINT ( 'NONE',  ( -12.50000000000000533, -19.00000000000000711, 1.000000000000000000 ) ) ;
#1647 = CARTESIAN_POINT ( 'NONE',  ( -7.587909835180561835, -10.57609607593457923, 7.118868717162397886 ) ) ;
#1648 = ORIENTED_EDGE ( 'NONE', *, *, #2477, .T. ) ;
#1649 = VECTOR ( 'NONE', #1887, 1000.000000000000000 ) ;
#1650 = CARTESIAN_POINT ( 'NONE',  ( 6.456117297024841939, -11.88963922692142638, 8.679113589095230452 ) ) ;
#1651 = PLANE ( 'NONE',  #2040 ) ;
#1652 = ORIENTED_EDGE ( 'NONE', *, *, #666, .T. ) ;
#1653 = AXIS2_PLACEMENT_3D ( 'NONE', #1016, #56, #42 ) ;
#1654 = ADVANCED_FACE ( 'NONE', ( #23 ), #876, .F. ) ;
#1655 = AXIS2_PLACEMENT_3D ( 'NONE', #478, #229, #660 ) ;
#1656 = CARTESIAN_POINT ( 'NONE',  ( -3.430565867387232348, 19.48878971885721256, 6.979909865784216905 ) ) ;
#1657 =( BOUNDED_CURVE ( )  B_SPLINE_CURVE ( 3, ( #2157, #713, #505, #491 ),
 .UNSPECIFIED., .F., .T. ) 
 B_SPLINE_CURVE_WITH_KNOTS ( ( 4, 4 ),
 ( 5.539237752954107030, 5.549192705564704120 ),
 .UNSPECIFIED. ) 
 CURVE ( )  GEOMETRIC_REPRESENTATION_ITEM ( )  RATIONAL_B_SPLINE_CURVE ( ( 1.000000000000000000, 0.9999917415935938303, 0.9999917415935938303, 1.000000000000000000 ) ) 
 REPRESENTATION_ITEM ( '' )  );
#1658 = CARTESIAN_POINT ( 'NONE',  ( -12.69550599418885461, 3.754796046378872099, 9.276039953948753691 ) ) ;
#1659 = CARTESIAN_POINT ( 'NONE',  ( 9.764079142695278435, 7.291321841633687129, 11.73592085731636914 ) ) ;
#1660 = ORIENTED_EDGE ( 'NONE', *, *, #2258, .T. ) ;
#1661 = CARTESIAN_POINT ( 'NONE',  ( 2.136062180913845587, -13.49378286527305626, 1.517503184501550972 ) ) ;
#1662 = CARTESIAN_POINT ( 'NONE',  ( 1.969982838741791253, 19.00000000000000355, 6.623051045357795097 ) ) ;
#1663 = CARTESIAN_POINT ( 'NONE',  ( -10.26830162696564663, -8.267559031221162869, 2.749077144114462801 ) ) ;
#1664 = VERTEX_POINT ( 'NONE', #724 ) ;
#1665 = DIRECTION ( 'NONE',  ( -7.328263448986019671E-34, 1.000000000000000000, -8.708451184622465918E-18 ) ) ;
#1666 = CARTESIAN_POINT ( 'NONE',  ( 4.452566422465598528, 15.51300703976487583, 4.548202431464816620 ) ) ;
#1667 = CARTESIAN_POINT ( 'NONE',  ( 9.499999999999998224, 1.301042606982604729E-15, 12.00000000000000000 ) ) ;
#1668 = ORIENTED_EDGE ( 'NONE', *, *, #947, .T. ) ;
#1669 = CARTESIAN_POINT ( 'NONE',  ( -5.003016986164584345, 14.30119286521131983, 4.490609163284258187 ) ) ;
#1670 = CARTESIAN_POINT ( 'NONE',  ( -3.663147397814404460, 18.08927362476296707, 7.049380090265047194 ) ) ;
#1671 = CARTESIAN_POINT ( 'NONE',  ( -13.66681971096545567, 2.158952605878888598, 9.024720198880642030 ) ) ;
#1672 = DIRECTION ( 'NONE',  ( 0.000000000000000000, -1.084202172485504434E-16, -1.000000000000000000 ) ) ;
#1673 = ORIENTED_EDGE ( 'NONE', *, *, #372, .F. ) ;
#1674 = CARTESIAN_POINT ( 'NONE',  ( -7.497669837340804833, -7.660355475552691473, 0.2733083862317858270 ) ) ;
#1675 = DIRECTION ( 'NONE',  ( 0.000000000000000000, -1.000000000000000000, 0.000000000000000000 ) ) ;
#1676 = CARTESIAN_POINT ( 'NONE',  ( 3.416101816756131004, 11.51213605342105772, 1.312719194716452042 ) ) ;
#1677 = ORIENTED_EDGE ( 'NONE', *, *, #697, .F. ) ;
#1678 = EDGE_CURVE ( 'NONE', #1313, #992, #2191, .T. ) ;
#1679 = CARTESIAN_POINT ( 'NONE',  ( -10.78181529147193629, 7.907870482015013636, 9.421812914518387316 ) ) ;
#1680 = CARTESIAN_POINT ( 'NONE',  ( 19.30663522008205746, -21.47997641506154665, 0.000000000000000000 ) ) ;
#1681 = DIRECTION ( 'NONE',  ( 1.826024711554533667E-16, -1.000000000000000000, -3.081487911019577365E-33 ) ) ;
#1682 = ORIENTED_EDGE ( 'NONE', *, *, #2132, .T. ) ;
#1683 = EDGE_CURVE ( 'NONE', #2354, #661, #738, .T. ) ;
#1684 = CARTESIAN_POINT ( 'NONE',  ( -0.3785785945246486484, 19.10107624167052975, 0.9750461979471731766 ) ) ;
#1685 = CARTESIAN_POINT ( 'NONE',  ( -3.490115996371480289, 19.04120074437686938, 4.014179880120795296 ) ) ;
#1686 = LINE ( 'NONE', #36, #2176 ) ;
#1687 = ORIENTED_EDGE ( 'NONE', *, *, #1885, .T. ) ;
#1688 = CARTESIAN_POINT ( 'NONE',  ( 1.756630433439433592, -7.398585197468761088, 0.1658952837045831741 ) ) ;
#1689 = EDGE_CURVE ( 'NONE', #1313, #629, #1780, .T. ) ;
#1690 = CARTESIAN_POINT ( 'NONE',  ( -4.462958825786644823, 15.48461243445241209, 4.548897011810709934 ) ) ;
#1691 = VERTEX_POINT ( 'NONE', #1330 ) ;
#1692 = CARTESIAN_POINT ( 'NONE',  ( -9.627393129870586819, 7.139807672994744614, 11.87260687012940785 ) ) ;
#1693 = CARTESIAN_POINT ( 'NONE',  ( 3.446408146566469988, -19.36971643664105969, 3.998339203557931931 ) ) ;
#1694 = VECTOR ( 'NONE', #1681, 1000.000000000000000 ) ;
#1695 = PLANE ( 'NONE',  #1341 ) ;
#1696 = VERTEX_POINT ( 'NONE', #1130 ) ;
#1697 = CARTESIAN_POINT ( 'NONE',  ( -4.844079756891725097, 14.62695554963208622, 4.514578176198059012 ) ) ;
#1698 = CARTESIAN_POINT ( 'NONE',  ( 11.75456251880518010, -7.374438569426994938, 2.254562518805165006 ) ) ;
#1699 = CIRCLE ( 'NONE', #963, 1.500000000000000444 ) ;
#1700 = CYLINDRICAL_SURFACE ( 'NONE', #2618, 7.599999999999999645 ) ;
#1701 = CARTESIAN_POINT ( 'NONE',  ( 9.624373776725354546, -8.725300629908794292, 2.976747467973899219 ) ) ;
#1702 = CARTESIAN_POINT ( 'NONE',  ( -12.59585088371216344, -9.000000000000005329, -2.561003365780202046 ) ) ;
#1703 = CARTESIAN_POINT ( 'NONE',  ( -10.68438047706817251, 7.963219096438218791, 2.600771520764445288 ) ) ;
#1704 = ORIENTED_EDGE ( 'NONE', *, *, #1927, .T. ) ;
#1705 = CARTESIAN_POINT ( 'NONE',  ( -12.59585088371216521, -7.000000000000003553, 1.438996634219797954 ) ) ;
#1706 = DIRECTION ( 'NONE',  ( -2.375735951135570600E-32, 1.301042606982605321E-16, 1.000000000000000000 ) ) ;
#1707 = CARTESIAN_POINT ( 'NONE',  ( -0.6092716701568291482, 18.32312736662582608, 7.040061888128798628 ) ) ;
#1708 = FACE_OUTER_BOUND ( 'NONE', #2483, .T. ) ;
#1709 = EDGE_LOOP ( 'NONE', ( #215, #898, #2316, #649, #2458 ) ) ;
#1710 = ADVANCED_FACE ( 'NONE', ( #1592 ), #1996, .F. ) ;
#1711 = CARTESIAN_POINT ( 'NONE',  ( 12.50000000000000000, -7.000000000000002665, 8.999999999999991118 ) ) ;
#1712 = DIRECTION ( 'NONE',  ( 1.000000000000000000, 8.360113137237623735E-17, -0.000000000000000000 ) ) ;
#1713 = EDGE_CURVE ( 'NONE', #1746, #2472, #54, .T. ) ;
#1714 = CARTESIAN_POINT ( 'NONE',  ( -1.795304222216178802, -14.88425694193141879, 7.642405453634877333 ) ) ;
#1715 = ORIENTED_EDGE ( 'NONE', *, *, #2477, .F. ) ;
#1716 = CARTESIAN_POINT ( 'NONE',  ( 4.847205292272101396, -14.62142917494038841, 4.513725742470269253 ) ) ;
#1717 = CARTESIAN_POINT ( 'NONE',  ( -0.5095712035845594290, -7.599842503000108884, 0.2455354531790707173 ) ) ;
#1718 = CARTESIAN_POINT ( 'NONE',  ( -8.080489277346984522, -10.07405527606145590, 3.542404706805793335 ) ) ;
#1719 = EDGE_LOOP ( 'NONE', ( #2418, #2168, #731, #1217 ) ) ;
#1720 = LINE ( 'NONE', #2584, #2357 ) ;
#1721 = CARTESIAN_POINT ( 'NONE',  ( 0.7413020431292177692, -17.75351851904991207, 7.095109353286352949 ) ) ;
#1722 = CARTESIAN_POINT ( 'NONE',  ( 5.897402581960077050, 12.72918088207391563, 5.796543731107513864 ) ) ;
#1723 = ORIENTED_EDGE ( 'NONE', *, *, #2432, .F. ) ;
#1724 = CARTESIAN_POINT ( 'NONE',  ( 0.000000000000000000, -9.000000000000003553, 4.000000000000000000 ) ) ;
#1725 = CARTESIAN_POINT ( 'NONE',  ( 0.7663823298099997627, -17.65599168264988705, 7.106298920558405285 ) ) ;
#1726 = ORIENTED_EDGE ( 'NONE', *, *, #2718, .F. ) ;
#1727 = CARTESIAN_POINT ( 'NONE',  ( 0.000000000000000000, 0.000000000000000000, 6.999999999999999112 ) ) ;
#1728 = ORIENTED_EDGE ( 'NONE', *, *, #610, .F. ) ;
#1729 = DIRECTION ( 'NONE',  ( -8.360113137237623735E-17, 1.000000000000000000, 0.000000000000000000 ) ) ;
#1730 = CARTESIAN_POINT ( 'NONE',  ( 3.446231686128174321, 19.37104309697318527, 3.998275280499022255 ) ) ;
#1731 = VERTEX_POINT ( 'NONE', #123 ) ;
#1732 = CARTESIAN_POINT ( 'NONE',  ( 11.88594835707081643, 7.300755182058430215, 9.614051642929178243 ) ) ;
#1733 = ADVANCED_FACE ( 'NONE', ( #1981 ), #1824, .T. ) ;
#1734 = CARTESIAN_POINT ( 'NONE',  ( -23.50000000000000000, -14.00000000000000355, 4.000000000000003553 ) ) ;
#1735 = AXIS2_PLACEMENT_3D ( 'NONE', #2694, #1675, #151 ) ;
#1736 = CARTESIAN_POINT ( 'NONE',  ( -6.471489169862038260, 8.373261612867697323, 0.5489571001227772085 ) ) ;
#1737 = AXIS2_PLACEMENT_3D ( 'NONE', #540, #946, #1597 ) ;
#1738 = ADVANCED_FACE ( 'NONE', ( #2504 ), #638, .F. ) ;
#1739 = CARTESIAN_POINT ( 'NONE',  ( -10.24723686639820563, -6.836300341366452926, 12.15245135557283795 ) ) ;
#1740 = FACE_BOUND ( 'NONE', #1520, .T. ) ;
#1741 = AXIS2_PLACEMENT_3D ( 'NONE', #1515, #1065, #465 ) ;
#1742 = CARTESIAN_POINT ( 'NONE',  ( -7.709650607447565029, -10.43919009329197145, 1.181103022646961431 ) ) ;
#1743 = ORIENTED_EDGE ( 'NONE', *, *, #866, .T. ) ;
#1744 = CARTESIAN_POINT ( 'NONE',  ( 9.570374162517767402, 7.017333054719935070, 0.07037416251777516008 ) ) ;
#1745 = CARTESIAN_POINT ( 'NONE',  ( 3.383171462439374277, 12.28545463569745344, 8.548863147133946683 ) ) ;
#1746 = VERTEX_POINT ( 'NONE', #1477 ) ;
#1747 = CARTESIAN_POINT ( 'NONE',  ( 3.073868317452324472, 11.97263477800003884, 1.381878320282712291 ) ) ;
#1748 = CARTESIAN_POINT ( 'NONE',  ( -3.000000000000000444, 0.000000000000000000, 12.00000000000000000 ) ) ;
#1749 = CARTESIAN_POINT ( 'NONE',  ( 0.000000000000000000, 0.000000000000000000, 12.00000000000000000 ) ) ;
#1750 = CARTESIAN_POINT ( 'NONE',  ( -5.159928761679069886, 9.567780423174230719, 0.8930698628042647025 ) ) ;
#1751 = CARTESIAN_POINT ( 'NONE',  ( 3.061925088177704257, 18.99999999999999645, 2.553779956481461610 ) ) ;
#1752 = ADVANCED_FACE ( 'NONE', ( #589 ), #425, .F. ) ;
#1753 = ORIENTED_EDGE ( 'NONE', *, *, #444, .F. ) ;
#1754 = DIRECTION ( 'NONE',  ( -1.369518533665900065E-16, 1.000000000000000000, -0.000000000000000000 ) ) ;
#1755 = CARTESIAN_POINT ( 'NONE',  ( 3.063222757688694564, -19.00000000000000355, 2.555714265315726763 ) ) ;
#1756 = CARTESIAN_POINT ( 'NONE',  ( 5.564486585106738659, 13.26043893780209437, 5.532252361464186308 ) ) ;
#1757 =( BOUNDED_SURFACE ( )  B_SPLINE_SURFACE ( 3, 2, ( 
 ( #560, #133, #1979 ),
 ( #1967, #2606, #1802 ),
 ( #1357, #2648, #1382 ),
 ( #778, #547, #751 ),
 ( #736, #1603, #2441 ),
 ( #575, #1562, #2203 ),
 ( #1397, #355, #1192 ),
 ( #2024, #994, #2397 ),
 ( #2190, #312, #1813 ),
 ( #1618, #2179, #2455 ),
 ( #1340, #1464, #1841 ),
 ( #7, #2476, #1437 ),
 ( #183, #1883, #1260 ),
 ( #611, #2270, #855 ),
 ( #368, #396, #2720 ),
 ( #841, #1670, #2096 ),
 ( #193, #1448, #2505 ),
 ( #1231, #825, #2067 ),
 ( #1855, #2703, #1685 ),
 ( #624, #1656, #588 ) ),
 .UNSPECIFIED., .F., .F., .T. ) 
 B_SPLINE_SURFACE_WITH_KNOTS ( ( 4, 2, 2, 2, 2, 2, 2, 2, 2, 4 ),
 ( 3, 3 ),
 ( 0.01076944250154445067, 0.01550643040125308791, 0.01669067737618024766, 0.01787492435110740741, 0.02024341830096172690, 0.02261191225081604639, 0.02498040620067036588, 0.02734890015052468537, 0.02853314712545184512, 0.02971739410037900139 ),
 ( 0.000000000000000000, 1.000000000000000000 ),
 .UNSPECIFIED. ) 
 GEOMETRIC_REPRESENTATION_ITEM ( )  RATIONAL_B_SPLINE_SURFACE ( (
 ( 1.000000000000000000, 0.8952146571176078371, 1.000000000000000000),
 ( 1.000000000000000000, 0.8805901385014258675, 1.000000000000000000),
 ( 1.000000000000000000, 0.8638184128923438454, 1.000000000000000000),
 ( 1.000000000000000000, 0.8411684112362519672, 1.000000000000000000),
 ( 1.000000000000000000, 0.8365431356758253889, 1.000000000000000000),
 ( 1.000000000000000000, 0.8272429714859695915, 1.000000000000000000),
 ( 1.000000000000000000, 0.8225623913016839595, 1.000000000000000000),
 ( 1.000000000000000000, 0.8084908779292721004, 1.000000000000000000),
 ( 1.000000000000000000, 0.7990667791523728969, 1.000000000000000000),
 ( 1.000000000000000000, 0.7805255300931521756, 1.000000000000000000),
 ( 1.000000000000000000, 0.7713981190908336671, 1.000000000000000000),
 ( 1.000000000000000000, 0.7540075155865839651, 1.000000000000000000),
 ( 1.000000000000000000, 0.7459211624978525634, 1.000000000000000000),
 ( 1.000000000000000000, 0.7315301464255707931, 1.000000000000000000),
 ( 1.000000000000000000, 0.7252251562420733988, 1.000000000000000000),
 ( 1.000000000000000000, 0.7175909114513228104, 1.000000000000000000),
 ( 1.000000000000000000, 0.7153461770005067333, 1.000000000000000000),
 ( 1.000000000000000000, 0.7116137489343652422, 1.000000000000000000),
 ( 1.000000000000000000, 0.7101146870671279920, 1.000000000000000000),
 ( 1.000000000000000000, 0.7089960537691816223, 1.000000000000000000) ) ) 
 REPRESENTATION_ITEM ( '' )  SURFACE ( )  );
#1758 = ORIENTED_EDGE ( 'NONE', *, *, #1482, .T. ) ;
#1759 = DIRECTION ( 'NONE',  ( 0.000000000000000000, 0.000000000000000000, 1.000000000000000000 ) ) ;
#1760 = CARTESIAN_POINT ( 'NONE',  ( 11.75456251880518010, -7.374438569426994938, 2.254562518805165006 ) ) ;
#1761 = CARTESIAN_POINT ( 'NONE',  ( 4.587426037054828321, -10.86728038238279659, 9.238990721057009026 ) ) ;
#1762 = CARTESIAN_POINT ( 'NONE',  ( -12.50000000000000355, 4.999999999999996447, 1.437848045324190416 ) ) ;
#1763 = CARTESIAN_POINT ( 'NONE',  ( 9.499999999999992895, 1.301042606982604138E-15, 0.000000000000000000 ) ) ;
#1764 = DIRECTION ( 'NONE',  ( -8.360113137237623735E-17, 1.000000000000000000, -1.301042606982605321E-16 ) ) ;
#1765 = CARTESIAN_POINT ( 'NONE',  ( -4.036864791112742878, -16.64840447361294906, 4.520553644398805915 ) ) ;
#1766 = ORIENTED_EDGE ( 'NONE', *, *, #2702, .F. ) ;
#1767 = EDGE_CURVE ( 'NONE', #1793, #225, #746, .T. ) ;
#1768 = CARTESIAN_POINT ( 'NONE',  ( -2.727056727779586964, -18.99999999999999289, 6.025838858393465891 ) ) ;
#1769 = CARTESIAN_POINT ( 'NONE',  ( -9.585160892676926281, 7.092993941461613439, 11.91483910732307017 ) ) ;
#1770 = DIRECTION ( 'NONE',  ( 0.000000000000000000, 1.000000000000000000, 0.000000000000000000 ) ) ;
#1771 = EDGE_LOOP ( 'NONE', ( #308, #2102, #1628, #1936 ) ) ;
#1772 = CARTESIAN_POINT ( 'NONE',  ( 7.661822416745152076, 10.48712840499331733, 3.696307150976898104 ) ) ;
#1773 = CYLINDRICAL_SURFACE ( 'NONE', #1949, 16.00000000000000000 ) ;
#1774 = DIRECTION ( 'NONE',  ( 1.000000000000000000, 8.360113137237623735E-17, -0.000000000000000000 ) ) ;
#1775 = VECTOR ( 'NONE', #890, 1000.000000000000000 ) ;
#1776 = CARTESIAN_POINT ( 'NONE',  ( -9.809596035298651984, 8.519513535081005173, 0.6833312794524709632 ) ) ;
#1777 = CARTESIAN_POINT ( 'NONE',  ( -12.50000000000000355, 7.000000000000002665, 2.027944958555210064 ) ) ;
#1778 = CARTESIAN_POINT ( 'NONE',  ( -0.3785688234973632049, -19.10117293940651351, 0.9750220435778105266 ) ) ;
#1779 = ORIENTED_EDGE ( 'NONE', *, *, #830, .F. ) ;
#1780 = CIRCLE ( 'NONE', #1915, 3.000000000000000444 ) ;
#1781 = CARTESIAN_POINT ( 'NONE',  ( -3.489691922338076679, -19.00000000000000000, 4.477921040072880388 ) ) ;
#1782 = VECTOR ( 'NONE', #1364, 1000.000000000000000 ) ;
#1783 = CARTESIAN_POINT ( 'NONE',  ( 2.835355090500712549, -18.99999999999999645, 2.219082037416389319 ) ) ;
#1784 = DIRECTION ( 'NONE',  ( -1.000000000000000000, 0.000000000000000000, 0.000000000000000000 ) ) ;
#1785 = ORIENTED_EDGE ( 'NONE', *, *, #1850, .T. ) ;
#1786 = CARTESIAN_POINT ( 'NONE',  ( 9.598063710658530923, 8.694295229724366081, 2.986092937300736772 ) ) ;
#1787 = DIRECTION ( 'NONE',  ( -0.000000000000000000, 0.000000000000000000, -1.000000000000000000 ) ) ;
#1788 = EDGE_CURVE ( 'NONE', #2311, #637, #2178, .T. ) ;
#1789 = DIRECTION ( 'NONE',  ( -0.000000000000000000, -1.000000000000000000, -0.000000000000000000 ) ) ;
#1790 = CARTESIAN_POINT ( 'NONE',  ( -9.187934635058752519, 6.961855764850774619, 0.000000000000000000 ) ) ;
#1791 = CARTESIAN_POINT ( 'NONE',  ( -4.160472772626886417, 11.33437715959435721, 8.995012860612089156 ) ) ;
#1792 = CARTESIAN_POINT ( 'NONE',  ( -0.9388775911745663727, -16.26853538619512918, 1.471908999573849020 ) ) ;
#1793 = VERTEX_POINT ( 'NONE', #2456 ) ;
#1794 = DIRECTION ( 'NONE',  ( 0.000000000000000000, 0.000000000000000000, 1.000000000000000000 ) ) ;
#1795 = CARTESIAN_POINT ( 'NONE',  ( 1.931515892455161865, -18.99999999999999645, 1.419582378509606224 ) ) ;
#1796 = CARTESIAN_POINT ( 'NONE',  ( 11.42478667881649379, -7.554800070895814734, 10.07521332118349200 ) ) ;
#1797 = ORIENTED_EDGE ( 'NONE', *, *, #131, .F. ) ;
#1798 = CARTESIAN_POINT ( 'NONE',  ( -3.469260579929456689, -18.99999999999999645, 3.688468560013566044 ) ) ;
#1799 = CARTESIAN_POINT ( 'NONE',  ( 3.810701688841388268, -11.01434736205806608, 1.225704598828366132 ) ) ;
#1800 = CARTESIAN_POINT ( 'NONE',  ( -0.4877036544836607646, 19.00000000000000000, 7.000000000000000000 ) ) ;
#1801 = EDGE_CURVE ( 'NONE', #2, #2335, #1435, .T. ) ;
#1802 = CARTESIAN_POINT ( 'NONE',  ( -10.60824564719999863, 7.996010182078180151, 9.319951956367034995 ) ) ;
#1803 = ADVANCED_FACE ( 'NONE', ( #667 ), #2664, .T. ) ;
#1804 = CARTESIAN_POINT ( 'NONE',  ( -11.43922313900889698, 7.476714563201219299, 2.329657435187995951 ) ) ;
#1805 = CARTESIAN_POINT ( 'NONE',  ( -1.958402155480164497, 14.53707759148000633, 7.732568999249808783 ) ) ;
#1806 = CARTESIAN_POINT ( 'NONE',  ( -2.300970235295311195, -13.20030081490257068, 1.499899990907002989 ) ) ;
#1807 = VERTEX_POINT ( 'NONE', #2326 ) ;
#1808 = CARTESIAN_POINT ( 'NONE',  ( 3.494279668260970251, -19.00000000000000000, 3.892460770668044301 ) ) ;
#1809 = CARTESIAN_POINT ( 'NONE',  ( -12.50000000000000355, 6.940245115837936574, 1.437848045324189084 ) ) ;
#1810 = ORIENTED_EDGE ( 'NONE', *, *, #1224, .F. ) ;
#1811 = CARTESIAN_POINT ( 'NONE',  ( 6.186868263631376763, -9.386876897338064296, 10.12965676343354637 ) ) ;
#1812 = DIRECTION ( 'NONE',  ( 0.000000000000000000, 1.000000000000000000, 0.000000000000000000 ) ) ;
#1813 = CARTESIAN_POINT ( 'NONE',  ( -6.626572176616771337, 11.70244099218738754, 6.371853098492915812 ) ) ;
#1814 = AXIS2_PLACEMENT_3D ( 'NONE', #3, #251, #849 ) ;
#1815 = DIRECTION ( 'NONE',  ( -8.360113137237623735E-17, 1.000000000000000000, -1.301042606982605321E-16 ) ) ;
#1816 = FACE_OUTER_BOUND ( 'NONE', #1136, .T. ) ;
#1817 = CARTESIAN_POINT ( 'NONE',  ( -9.187934635058764954, -6.961855764850774619, 0.000000000000000000 ) ) ;
#1818 = ORIENTED_EDGE ( 'NONE', *, *, #419, .T. ) ;
#1819 = EDGE_CURVE ( 'NONE', #2565, #862, #458, .T. ) ;
#1820 = COLOUR_RGB ( '',0.7921568627450980005, 0.8196078431372548767, 0.9333333333333333481 ) ;
#1821 = CARTESIAN_POINT ( 'NONE',  ( 9.627393129870583266, -7.139807672994741949, 11.87260687012941673 ) ) ;
#1822 = LINE ( 'NONE', #1646, #1952 ) ;
#1823 = VECTOR ( 'NONE', #2428, 1000.000000000000000 ) ;
#1824 =( BOUNDED_SURFACE ( )  B_SPLINE_SURFACE ( 3, 2, ( 
 ( #342, #105, #983 ),
 ( #1804, #2650, #955 ),
 ( #300, #1776, #2607 ),
 ( #1957, #2012, #1566 ),
 ( #2400, #79, #2384 ),
 ( #561, #549, #1383 ),
 ( #1141, #932, #1551 ),
 ( #2622, #752, #1750 ),
 ( #2416, #1583, #2638 ),
 ( #1372, #2205, #1166 ),
 ( #767, #969, #2591 ),
 ( #521, #1345, #2180 ),
 ( #1969, #93, #941 ),
 ( #1669, #220, #2719 ),
 ( #1697, #357, #854 ),
 ( #2233, #2313, #1194 ),
 ( #840, #1070, #1207 ),
 ( #237, #2041, #1410 ),
 ( #2518, #445, #2246 ),
 ( #779, #1275, #1398 ),
 ( #1259, #1463, #1606 ),
 ( #1882, #6, #1684 ) ),
 .UNSPECIFIED., .F., .F., .T. ) 
 B_SPLINE_SURFACE_WITH_KNOTS ( ( 4, 2, 2, 2, 2, 2, 2, 2, 2, 2, 4 ),
 ( 3, 3 ),
 ( 0.01134441707821104081, 0.01642328809209175899, 0.01769300584556193767, 0.01896272359903211635, 0.02023244135250229503, 0.02150215910597247371, 0.02404159461291283106, 0.02531131236638300974, 0.02658103011985319189, 0.02912046562679355272, 0.03165990113373391007 ),
 ( 0.000000000000000000, 1.000000000000000000 ),
 .UNSPECIFIED. ) 
 GEOMETRIC_REPRESENTATION_ITEM ( )  RATIONAL_B_SPLINE_SURFACE ( (
 ( 1.000000000000000000, 0.8450273009556198422, 1.000000000000000000),
 ( 1.000000000000000000, 0.8315537564350795607, 1.000000000000000000),
 ( 1.000000000000000000, 0.8151413335521373593, 1.000000000000000000),
 ( 1.000000000000000000, 0.7929981366968602563, 1.000000000000000000),
 ( 1.000000000000000000, 0.7884824441160948050, 1.000000000000000000),
 ( 1.000000000000000000, 0.7794350072484194092, 1.000000000000000000),
 ( 1.000000000000000000, 0.7748949930385318208, 1.000000000000000000),
 ( 1.000000000000000000, 0.7658590489288923386, 1.000000000000000000),
 ( 1.000000000000000000, 0.7613633907203377627, 1.000000000000000000),
 ( 1.000000000000000000, 0.7525906967275709514, 1.000000000000000000),
 ( 1.000000000000000000, 0.7483022735128486147, 1.000000000000000000),
 ( 1.000000000000000000, 0.7358658304773489922, 1.000000000000000000),
 ( 1.000000000000000000, 0.7281413763405512052, 1.000000000000000000),
 ( 1.000000000000000000, 0.7180250065508337887, 1.000000000000000000),
 ( 1.000000000000000000, 0.7148877474564934165, 1.000000000000000000),
 ( 1.000000000000000000, 0.7093104579203309834, 1.000000000000000000),
 ( 1.000000000000000000, 0.7068620557700672213, 1.000000000000000000),
 ( 1.000000000000000000, 0.7006397079363801961, 1.000000000000000000),
 ( 1.000000000000000000, 0.6979926496604702546, 1.000000000000000000),
 ( 1.000000000000000000, 0.6961632925699938745, 1.000000000000000000),
 ( 1.000000000000000000, 0.6970121464246104015, 1.000000000000000000),
 ( 1.000000000000000000, 0.6996179413179709483, 1.000000000000000000) ) ) 
 REPRESENTATION_ITEM ( '' )  SURFACE ( )  );
#1825 = CARTESIAN_POINT ( 'NONE',  ( -6.088078497967080338, -12.41169257781291257, 5.946782060337739928 ) ) ;
#1826 = ORIENTED_EDGE ( 'NONE', *, *, #2378, .T. ) ;
#1827 = CARTESIAN_POINT ( 'NONE',  ( 3.883597188281447732, 17.17707148632663916, 1.374634843010628549 ) ) ;
#1828 = ORIENTED_EDGE ( 'NONE', *, *, #861, .F. ) ;
#1829 = DIRECTION ( 'NONE',  ( 0.000000000000000000, 0.000000000000000000, 1.000000000000000000 ) ) ;
#1830 = CARTESIAN_POINT ( 'NONE',  ( -3.063222757688964570, 19.00000000000000000, 2.555714265316171296 ) ) ;
#1831 = CARTESIAN_POINT ( 'NONE',  ( -9.622760688526492245, -8.685942053267739382, 8.632551121501894187 ) ) ;
#1832 = FACE_OUTER_BOUND ( 'NONE', #2681, .T. ) ;
#1833 = VERTEX_POINT ( 'NONE', #794 ) ;
#1834 = DIRECTION ( 'NONE',  ( -0.000000000000000000, 1.000000000000000000, -0.000000000000000000 ) ) ;
#1835 = CARTESIAN_POINT ( 'NONE',  ( 4.641226622924178535, 10.07811946470398112, 1.026812012095643212 ) ) ;
#1836 = ORIENTED_EDGE ( 'NONE', *, *, #1582, .F. ) ;
#1837 = DIRECTION ( 'NONE',  ( 0.000000000000000000, -1.301042606982605321E-16, -1.000000000000000000 ) ) ;
#1838 = CARTESIAN_POINT ( 'NONE',  ( 8.991563949716935511, -9.164130093757416162, 10.19812176435793560 ) ) ;
#1839 = VERTEX_POINT ( 'NONE', #1869 ) ;
#1840 = DIRECTION ( 'NONE',  ( -1.000000000000000000, 0.000000000000000000, -0.000000000000000000 ) ) ;
#1841 = CARTESIAN_POINT ( 'NONE',  ( -5.573474866388976601, 13.24524662035541134, 5.539365066848650265 ) ) ;
#1842 = PRODUCT_RELATED_PRODUCT_CATEGORY ( 'part', '', ( #284 ) ) ;
#1843 = CARTESIAN_POINT ( 'NONE',  ( -10.00104996375736910, -8.379382412909174960, 10.77058488878727260 ) ) ;
#1844 = LINE ( 'NONE', #1643, #958 ) ;
#1845 = CARTESIAN_POINT ( 'NONE',  ( -8.552551158178502533, -7.000000000000006217, 0.000000000000000000 ) ) ;
#1846 = ORIENTED_EDGE ( 'NONE', *, *, #114, .F. ) ;
#1847 = PLANE ( 'NONE',  #1735 ) ;
#1848 = CARTESIAN_POINT ( 'NONE',  ( 3.578933796697572500, -18.48520270173528601, 4.168954496641036123 ) ) ;
#1849 = ORIENTED_EDGE ( 'NONE', *, *, #830, .T. ) ;
#1850 = EDGE_CURVE ( 'NONE', #400, #992, #339, .T. ) ;
#1851 = LINE ( 'NONE', #2052, #1170 ) ;
#1852 = LINE ( 'NONE', #2280, #2355 ) ;
#1853 = ORIENTED_EDGE ( 'NONE', *, *, #2508, .T. ) ;
#1854 = EDGE_CURVE ( 'NONE', #451, #2343, #630, .T. ) ;
#1855 = CARTESIAN_POINT ( 'NONE',  ( -0.5245186631749758632, 18.75886123121674132, 7.009548918023134512 ) ) ;
#1856 = CARTESIAN_POINT ( 'NONE',  ( -9.767423758965207981, -7.231088972867319775, 0.2674237589652231351 ) ) ;
#1857 = ORIENTED_EDGE ( 'NONE', *, *, #1509, .T. ) ;
#1858 = B_SPLINE_CURVE_WITH_KNOTS ( 'NONE', 3,
 ( #1067, #1910, #1707, #371, #1167, #1373, #970, #1805, #136, #2608, #1997, #1791, #1384, #2639, #1567, #343, #2429, #942 ),
 .UNSPECIFIED., .F., .F.,
 ( 4, 2, 2, 2, 2, 2, 2, 2, 4 ),
 ( 0.000000000000000000, 0.001032508314846397124, 0.002065016629692794248, 0.004130033259385578089, 0.006195049889078362362, 0.008260066518771147503, 0.01032508314846393264, 0.01239009977815671779, 0.01652013303754228460 ),
 .UNSPECIFIED. ) ;
#1859 = CARTESIAN_POINT ( 'NONE',  ( 11.83708398040517373, -7.330566382207114984, 2.228664535044317940 ) ) ;
#1860 = CARTESIAN_POINT ( 'NONE',  ( -12.25255248630806726, 7.040469947035470355, 1.431916826476226534 ) ) ;
#1861 = CARTESIAN_POINT ( 'NONE',  ( -9.767423758965978919, 19.00000000000000355, 0.2674237589659891334 ) ) ;
#1862 = ORIENTED_EDGE ( 'NONE', *, *, #1242, .F. ) ;
#1863 = VECTOR ( 'NONE', #442, 1000.000000000000000 ) ;
#1864 = LINE ( 'NONE', #2715, #574 ) ;
#1865 = CARTESIAN_POINT ( 'NONE',  ( 5.903759750454910638, -12.71947963613696331, 5.801579378701379852 ) ) ;
#1866 = CARTESIAN_POINT ( 'NONE',  ( 8.564740054177518047, -9.586043519609775743, 7.863452438835073721 ) ) ;
#1867 = VERTEX_POINT ( 'NONE', #2445 ) ;
#1868 = AXIS2_PLACEMENT_3D ( 'NONE', #1154, #326, #1359 ) ;
#1869 = CARTESIAN_POINT ( 'NONE',  ( -0.3891571885155410415, 19.00000000000000000, 1.000000000000000000 ) ) ;
#1870 = DIRECTION ( 'NONE',  ( -0.6823182503600113691, 6.366359116754103594E-18, 0.7310552682428687055 ) ) ;
#1871 = CARTESIAN_POINT ( 'NONE',  ( 9.627393129870583266, -7.139807672994741949, 11.87260687012941673 ) ) ;
#1872 = CARTESIAN_POINT ( 'NONE',  ( 0.000000000000000000, 0.000000000000000000, 0.000000000000000000 ) ) ;
#1873 = EDGE_LOOP ( 'NONE', ( #1913, #799, #125, #976, #479, #2707 ) ) ;
#1874 = CARTESIAN_POINT ( 'NONE',  ( 11.44073388799438362, -7.539801772038828176, 0.3037839335526307805 ) ) ;
#1875 = CARTESIAN_POINT ( 'NONE',  ( -13.90624829056652700, 1.949808246571647308, 1.221227298457193911 ) ) ;
#1876 = LINE ( 'NONE', #1861, #1956 ) ;
#1877 = ORIENTED_EDGE ( 'NONE', *, *, #2258, .F. ) ;
#1878 = CARTESIAN_POINT ( 'NONE',  ( 1.653273178848926867E-16, 9.000000000000003553, 2.649999999999999911 ) ) ;
#1879 = CARTESIAN_POINT ( 'NONE',  ( 4.205145427771334710, -16.15440824625192207, 4.477957527741222243 ) ) ;
#1880 = CARTESIAN_POINT ( 'NONE',  ( -23.50000000000000000, -7.000000000000004441, 4.000000000000002665 ) ) ;
#1881 = ORIENTED_EDGE ( 'NONE', *, *, #2132, .F. ) ;
#1882 = CARTESIAN_POINT ( 'NONE',  ( -3.367219114349504050, 20.08892853367377285, 3.885617653029680874 ) ) ;
#1883 = CARTESIAN_POINT ( 'NONE',  ( -4.404078683381773551, 15.58734115642028328, 7.429903356762505240 ) ) ;
#1884 = B_SPLINE_CURVE_WITH_KNOTS ( 'NONE', 3,
 ( #99, #2612, #347, #2003, #140, #959, #1795, #1573, #987, #1363, #1783, #1755, #82, #936, #2627, #756, #1808, #1586 ),
 .UNSPECIFIED., .F., .F.,
 ( 4, 2, 2, 2, 2, 2, 2, 2, 4 ),
 ( 1.318988870012550486E-18, 0.0006030971999562924389, 0.001206194399912583143, 0.001809291599868873956, 0.002412388799825164552, 0.003015485999781455147, 0.003618583199737745743, 0.004221680399694036773, 0.004824777599650327368 ),
 .UNSPECIFIED. ) ;
#1885 = EDGE_CURVE ( 'NONE', #629, #400, #1521, .T. ) ;
#1886 = CARTESIAN_POINT ( 'NONE',  ( -1.086412363785714374, -16.42244892441933857, 7.251936706458951498 ) ) ;
#1887 = DIRECTION ( 'NONE',  ( -1.826024711554533667E-16, 1.000000000000000000, 0.000000000000000000 ) ) ;
#1888 = B_SPLINE_CURVE_WITH_KNOTS ( 'NONE', 3,
 ( #622, #455, #2076, #2310 ),
 .UNSPECIFIED., .F., .F.,
 ( 4, 4 ),
 ( 0.0007280787701668569971, 0.003877515963109421423 ),
 .UNSPECIFIED. ) ;
#1889 = EDGE_CURVE ( 'NONE', #2073, #1434, #1111, .T. ) ;
#1890 = CARTESIAN_POINT ( 'NONE',  ( 8.122430432691995605, -10.01908489813235370, 3.527131716824348562 ) ) ;
#1891 = CARTESIAN_POINT ( 'NONE',  ( -15.32512388515220891, 1.176432802374178355, 0.3632177071912733313 ) ) ;
#1892 = CARTESIAN_POINT ( 'NONE',  ( -7.025375553319175737, -11.20712727911514683, 1.328752878289135797 ) ) ;
#1893 = ORIENTED_EDGE ( 'NONE', *, *, #2222, .T. ) ;
#1894 = DIRECTION ( 'NONE',  ( -0.000000000000000000, 0.000000000000000000, 1.000000000000000000 ) ) ;
#1895 = CARTESIAN_POINT ( 'NONE',  ( 0.5885106533179352839, -18.42336503309190476, 7.032138244989226017 ) ) ;
#1896 = CARTESIAN_POINT ( 'NONE',  ( 4.281375397888077750, -15.98074307980803788, 4.536760812294364342 ) ) ;
#1897 = VERTEX_POINT ( 'NONE', #1638 ) ;
#1898 = B_SPLINE_CURVE_WITH_KNOTS ( 'NONE', 3,
 ( #242, #1089, #1918, #197, #2299, #1264, #1511, #37, #696, #2724 ),
 .UNSPECIFIED., .F., .F.,
 ( 4, 2, 2, 2, 4 ),
 ( 0.0003808760422634601371, 0.001009771364152141186, 0.001638666686040822018, 0.002267562007929502851, 0.002896457329818183900 ),
 .UNSPECIFIED. ) ;
#1899 = DIRECTION ( 'NONE',  ( -9.130123557772667102E-17, 1.000000000000000000, 0.000000000000000000 ) ) ;
#1900 = CARTESIAN_POINT ( 'NONE',  ( 7.910643336855354590, -10.20713638679082536, 3.608137737396004852 ) ) ;
#1901 = CARTESIAN_POINT ( 'NONE',  ( 8.582806642192794655, 9.596482578497356641, 7.869448390670313209 ) ) ;
#1902 = ORIENTED_EDGE ( 'NONE', *, *, #749, .F. ) ;
#1903 = FACE_OUTER_BOUND ( 'NONE', #2629, .T. ) ;
#1904 = DIRECTION ( 'NONE',  ( -1.000000000000000000, 0.000000000000000000, 0.000000000000000000 ) ) ;
#1905 = CARTESIAN_POINT ( 'NONE',  ( -11.59184205708723603, -7.436524890234022855, 0.2663285782353655429 ) ) ;
#1906 = EDGE_CURVE ( 'NONE', #1535, #1634, #790, .T. ) ;
#1907 = ORIENTED_EDGE ( 'NONE', *, *, #246, .F. ) ;
#1908 = CARTESIAN_POINT ( 'NONE',  ( 12.49999999999999467, 19.00000000000000355, 2.999999999999995559 ) ) ;
#1909 = DIRECTION ( 'NONE',  ( -0.000000000000000000, -1.000000000000000000, -0.000000000000000000 ) ) ;
#1910 = CARTESIAN_POINT ( 'NONE',  ( -0.5424615774894180342, 18.65990766104064846, 7.015530789398698452 ) ) ;
#1911 = AXIS2_PLACEMENT_3D ( 'NONE', #2474, #233, #1431 ) ;
#1912 = DIRECTION ( 'NONE',  ( 1.000000000000000000, 0.000000000000000000, 0.000000000000000000 ) ) ;
#1913 = ORIENTED_EDGE ( 'NONE', *, *, #1099, .T. ) ;
#1914 = CARTESIAN_POINT ( 'NONE',  ( 0.7563167811187104794, 17.64868764836344894, 7.098831793474315255 ) ) ;
#1915 = AXIS2_PLACEMENT_3D ( 'NONE', #135, #2219, #536 ) ;
#1916 = EDGE_CURVE ( 'NONE', #726, #2, #405, .T. ) ;
#1917 = B_SPLINE_CURVE_WITH_KNOTS ( 'NONE', 3,
 ( #2193, #137, #984, #780, #1959, #933, #1751, #1552, #2385, #316, #1155, #2235, #2247, #373, #1034, #998, #1011, #2272 ),
 .UNSPECIFIED., .F., .F.,
 ( 4, 2, 2, 2, 2, 2, 2, 2, 4 ),
 ( 0.003815524892491072191, 0.004418418224763855442, 0.005021311557036637827, 0.005624204889309421078, 0.006227098221582204329, 0.006829991553854988448, 0.007432884886127770832, 0.008035778218400554951, 0.008638671550673337335 ),
 .UNSPECIFIED. ) ;
#1918 = CARTESIAN_POINT ( 'NONE',  ( -11.03847741287278161, 7.672723971941570298, 10.46152258712721306 ) ) ;
#1919 = CARTESIAN_POINT ( 'NONE',  ( 7.195387147752613011, -7.866181223039485637, 0.3534594460046874276 ) ) ;
#1920 = DIRECTION ( 'NONE',  ( -1.000000000000000000, 0.000000000000000000, 0.000000000000000000 ) ) ;
#1921 = CARTESIAN_POINT ( 'NONE',  ( -7.198659963060742406, 11.00772923600170650, 3.860292494565113142 ) ) ;
#1922 = B_SPLINE_CURVE_WITH_KNOTS ( 'NONE', 3,
 ( #1281, #1527, #1310, #1117, #2129, #1514, #2524, #859, #2144, #2359, #1942, #1267 ),
 .UNSPECIFIED., .F., .F.,
 ( 4, 2, 2, 2, 2, 4 ),
 ( 6.346770839834728803E-18, 0.001517343695925314328, 0.003034687391850622584, 0.004552031087775929540, 0.005310702935738582584, 0.006069374783701235627 ),
 .UNSPECIFIED. ) ;
#1923 = EDGE_LOOP ( 'NONE', ( #1836, #377 ) ) ;
#1924 = CYLINDRICAL_SURFACE ( 'NONE', #385, 1.350000000000000089 ) ;
#1925 = CARTESIAN_POINT ( 'NONE',  ( -20.49999999999999645, -9.500000000000005329, 4.000000000000002665 ) ) ;
#1926 = ORIENTED_EDGE ( 'NONE', *, *, #62, .F. ) ;
#1927 = EDGE_CURVE ( 'NONE', #800, #862, #1699, .T. ) ;
#1928 = CARTESIAN_POINT ( 'NONE',  ( 1.819756708986925542, 14.83477601619732233, 7.656048172866000812 ) ) ;
#1929 = PLANE ( 'NONE',  #871 ) ;
#1930 = CARTESIAN_POINT ( 'NONE',  ( 1.653273178848926867E-16, 19.00000000000000355, 2.649999999999999911 ) ) ;
#1931 = DIRECTION ( 'NONE',  ( 0.000000000000000000, 0.000000000000000000, -1.000000000000000000 ) ) ;
#1932 = CARTESIAN_POINT ( 'NONE',  ( -10.96187194929818176, -7.802192212907836932, 0.4097821289751925056 ) ) ;
#1933 = ORIENTED_EDGE ( 'NONE', *, *, #1177, .T. ) ;
#1934 = CARTESIAN_POINT ( 'NONE',  ( -23.50000000000000000, -9.500000000000005329, 4.000000000000002665 ) ) ;
#1935 = CARTESIAN_POINT ( 'NONE',  ( 8.987124525982681078, 9.168124495695497700, 10.19554782272794391 ) ) ;
#1936 = ORIENTED_EDGE ( 'NONE', *, *, #1885, .F. ) ;
#1937 = EDGE_CURVE ( 'NONE', #1336, #2242, #1270, .T. ) ;
#1938 = CARTESIAN_POINT ( 'NONE',  ( 8.552551158178493651, -7.000000000000004441, 0.000000000000000000 ) ) ;
#1939 = EDGE_CURVE ( 'NONE', #1069, #885, #2463, .T. ) ;
#1940 = CARTESIAN_POINT ( 'NONE',  ( -10.14676519643813890, -7.550388087599190889, 11.35323480356185044 ) ) ;
#1941 = CARTESIAN_POINT ( 'NONE',  ( 0.8996515095608782486, -16.40268888037440576, 1.457671217171356393 ) ) ;
#1942 = CARTESIAN_POINT ( 'NONE',  ( -2.726683212953656010, 7.098536380673330370, 0.04231059905242162689 ) ) ;
#1943 = CARTESIAN_POINT ( 'NONE',  ( -11.56170981031291944, 7.441064188829653148, 2.302413489612880504 ) ) ;
#1944 = ORIENTED_EDGE ( 'NONE', *, *, #109, .F. ) ;
#1945 = CARTESIAN_POINT ( 'NONE',  ( -0.8745033010116928240, -18.99999999999999645, 6.981565404516238083 ) ) ;
#1946 = CARTESIAN_POINT ( 'NONE',  ( 11.75456251881261593, 7.374438569423014123, 2.254562518802821991 ) ) ;
#1947 = CARTESIAN_POINT ( 'NONE',  ( 7.817320202972134702, 10.32781097755807664, 7.295042468662946256 ) ) ;
#1948 = ORIENTED_EDGE ( 'NONE', *, *, #60, .F. ) ;
#1949 = AXIS2_PLACEMENT_3D ( 'NONE', #2617, #143, #572 ) ;
#1950 = CARTESIAN_POINT ( 'NONE',  ( 10.22201556974918724, 8.225716657999555537, 0.5738395555603581499 ) ) ;
#1951 = CARTESIAN_POINT ( 'NONE',  ( 10.90967244699381489, -7.826790781496750782, 2.520703197507161430 ) ) ;
#1952 = VECTOR ( 'NONE', #643, 1000.000000000000000 ) ;
#1953 = CARTESIAN_POINT ( 'NONE',  ( -23.50000000000000355, -1.254016970585643400E-15, 4.999999999999982236 ) ) ;
#1954 = AXIS2_PLACEMENT_3D ( 'NONE', #2238, #2388, #525 ) ;
#1955 = CARTESIAN_POINT ( 'NONE',  ( 8.873844638779553762, 7.000000000000007105, 0.000000000000000000 ) ) ;
#1956 = VECTOR ( 'NONE', #389, 1000.000000000000000 ) ;
#1957 = CARTESIAN_POINT ( 'NONE',  ( -8.906256886586309207, 9.316312189263983967, 3.239583081666757902 ) ) ;
#1958 = AXIS2_PLACEMENT_3D ( 'NONE', #2613, #2435, #567 ) ;
#1959 = CARTESIAN_POINT ( 'NONE',  ( 3.319911422954982427, 19.00000000000000355, 3.102856294993836972 ) ) ;
#1960 = ORIENTED_EDGE ( 'NONE', *, *, #880, .T. ) ;
#1961 = CARTESIAN_POINT ( 'NONE',  ( -23.50000000000000355, -7.000000000000006217, -1.795124125684485872 ) ) ;
#1962 = CARTESIAN_POINT ( 'NONE',  ( 4.558376817452728602, 15.26766063719824551, 4.745527461071409547 ) ) ;
#1963 = ORIENTED_EDGE ( 'NONE', *, *, #2491, .F. ) ;
#1964 = LINE ( 'NONE', #2587, #2352 ) ;
#1965 = CARTESIAN_POINT ( 'NONE',  ( 6.471489169862032043, -8.373261612867700876, 0.5489571001227815383 ) ) ;
#1966 = CARTESIAN_POINT ( 'NONE',  ( 3.000000000000000444, 3.673940397442060361E-16, 11.00000000000000000 ) ) ;
#1967 = CARTESIAN_POINT ( 'NONE',  ( -8.977581580491740709, 7.431132324734779360, 11.59193198427696281 ) ) ;
#1968 = EDGE_CURVE ( 'NONE', #2475, #1024, #1864, .T. ) ;
#1969 = CARTESIAN_POINT ( 'NONE',  ( -5.506663046502173309, 13.35135541531948000, 4.391931648299141955 ) ) ;
#1970 = CARTESIAN_POINT ( 'NONE',  ( 6.650482709529715208, 11.67889693110007521, 4.048562511279478748 ) ) ;
#1971 = CARTESIAN_POINT ( 'NONE',  ( -4.540623506696695344, -15.30805823833730273, 4.542131180582188676 ) ) ;
#1972 = EDGE_LOOP ( 'NONE', ( #1926, #345, #2653, #1810, #740, #1877 ) ) ;
#1973 = CARTESIAN_POINT ( 'NONE',  ( -11.87632409600017169, 7.306449848172084316, 9.694421072767843484 ) ) ;
#1974 = CARTESIAN_POINT ( 'NONE',  ( -9.542696165362420047, 7.046390998930658789, 11.95730383463757640 ) ) ;
#1975 = VERTEX_POINT ( 'NONE', #2499 ) ;
#1976 = CARTESIAN_POINT ( 'NONE',  ( -2.836479330895761652, -19.00000000000000355, 2.220759894435058612 ) ) ;
#1977 = DIRECTION ( 'NONE',  ( 1.000000000000000000, 8.360113137237623735E-17, -0.000000000000000000 ) ) ;
#1978 = CARTESIAN_POINT ( 'NONE',  ( -10.58607640192929722, -7.684565300471093430, 10.91392359807069035 ) ) ;
#1979 = CARTESIAN_POINT ( 'NONE',  ( -11.67734616782105839, 7.416052760652356746, 9.968924080778943875 ) ) ;
#1980 = CARTESIAN_POINT ( 'NONE',  ( -3.499108362823678320, -18.99999999999999645, 4.093404138085584343 ) ) ;
#1981 = FACE_OUTER_BOUND ( 'NONE', #2600, .T. ) ;
#1982 = CARTESIAN_POINT ( 'NONE',  ( -6.207368069699731095, -12.27680822381860182, 1.478497460656793994 ) ) ;
#1983 = VERTEX_POINT ( 'NONE', #2675 ) ;
#1984 = CARTESIAN_POINT ( 'NONE',  ( -1.439749347872723906, -19.00000000000000000, 6.854540583784797469 ) ) ;
#1985 = CARTESIAN_POINT ( 'NONE',  ( 5.099999999999999645, 0.000000000000000000, 6.999999999999999112 ) ) ;
#1986 = EDGE_CURVE ( 'NONE', #2286, #2137, #530, .T. ) ;
#1987 = ORIENTED_EDGE ( 'NONE', *, *, #166, .T. ) ;
#1988 = CARTESIAN_POINT ( 'NONE',  ( -2.267108450162377498, -18.99999999999999645, 1.648142639411664723 ) ) ;
#1989 = ADVANCED_FACE ( 'NONE', ( #2051 ), #167, .F. ) ;
#1990 = CARTESIAN_POINT ( 'NONE',  ( 3.326126561602939624, -18.99999999999999645, 5.039827716185790507 ) ) ;
#1991 = B_SPLINE_CURVE_WITH_KNOTS ( 'NONE', 3,
 ( #2623, #106, #1182, #2651 ),
 .UNSPECIFIED., .F., .F.,
 ( 4, 4 ),
 ( 2.602085213965210642E-18, 0.0003907752735744526949 ),
 .UNSPECIFIED. ) ;
#1992 = FACE_OUTER_BOUND ( 'NONE', #2498, .T. ) ;
#1993 = CARTESIAN_POINT ( 'NONE',  ( -1.050430766273287020, 15.93970146996924875, 1.495609787483109132 ) ) ;
#1994 = CIRCLE ( 'NONE', #1605, 1.350000000000000533 ) ;
#1995 = CARTESIAN_POINT ( 'NONE',  ( -6.456572105517715876, -11.88878560359665748, 8.679405419773866370 ) ) ;
#1996 = CYLINDRICAL_SURFACE ( 'NONE', #1868, 1.500000000000000444 ) ;
#1997 = CARTESIAN_POINT ( 'NONE',  ( -3.354999265467359049, 12.32494882140751713, 8.532586939830403949 ) ) ;
#1998 = CARTESIAN_POINT ( 'NONE',  ( -4.773214183668977206, -14.77981133970874872, 1.582562246243197634 ) ) ;
#1999 = ORIENTED_EDGE ( 'NONE', *, *, #1457, .T. ) ;
#2000 = AXIS2_PLACEMENT_3D ( 'NONE', #263, #1533, #907 ) ;
#2001 = CARTESIAN_POINT ( 'NONE',  ( -3.499108362823678320, -18.99999999999999645, 4.093404138085584343 ) ) ;
#2002 = CIRCLE ( 'NONE', #1741, 1.500000000000001332 ) ;
#2003 = CARTESIAN_POINT ( 'NONE',  ( 1.187519156463583636, -18.99999999999998934, 1.102446370228004513 ) ) ;
#2004 = CARTESIAN_POINT ( 'NONE',  ( -4.588544900427145024, -10.86600164450875639, 9.239634538287834431 ) ) ;
#2005 = ORIENTED_EDGE ( 'NONE', *, *, #2025, .T. ) ;
#2006 = CARTESIAN_POINT ( 'NONE',  ( 2.674443612800325720, 12.56500368462674366, 1.453091652703550229 ) ) ;
#2007 = CARTESIAN_POINT ( 'NONE',  ( 1.971914635938142757, -18.99999999999999645, 6.621967082305213914 ) ) ;
#2008 = ADVANCED_FACE ( 'NONE', ( #2117 ), #717, .F. ) ;
#2009 = CARTESIAN_POINT ( 'NONE',  ( -2.295289958670936326, 19.00000000000000355, 6.413982085186251680 ) ) ;
#2010 = FACE_OUTER_BOUND ( 'NONE', #292, .T. ) ;
#2011 = CARTESIAN_POINT ( 'NONE',  ( -5.672552841136330848, -9.814217777388806851, 9.848279560740769156 ) ) ;
#2012 = CARTESIAN_POINT ( 'NONE',  ( -8.504632894823807021, 9.659685948269174816, 0.9960918511497623973 ) ) ;
#2013 = CARTESIAN_POINT ( 'NONE',  ( -27.50000000000000355, -7.000000000000006217, -1.795124125684485872 ) ) ;
#2014 = EDGE_LOOP ( 'NONE', ( #1003, #1682, #1846, #153, #349, #985 ) ) ;
#2015 = DIRECTION ( 'NONE',  ( 0.000000000000000000, 0.000000000000000000, -1.000000000000000000 ) ) ;
#2016 = LINE ( 'NONE', #1350, #2093 ) ;
#2017 = CARTESIAN_POINT ( 'NONE',  ( -1.969064628561379982, -14.53990784234618516, 7.739697607691224945 ) ) ;
#2018 = ORIENTED_EDGE ( 'NONE', *, *, #1939, .F. ) ;
#2019 = CARTESIAN_POINT ( 'NONE',  ( 3.367665893443525071, 20.08381854272905187, 3.887132489225753051 ) ) ;
#2020 = LINE ( 'NONE', #532, #194 ) ;
#2021 = EDGE_CURVE ( 'NONE', #2407, #2311, #511, .T. ) ;
#2022 = B_SPLINE_CURVE_WITH_KNOTS ( 'NONE', 3,
 ( #2564, #2369, #1736, #519, #2111, #223, #2126, #239, #889, #1510, #1305, #1164, #2426, #1993, #1153, #2634, #763, #792 ),
 .UNSPECIFIED., .F., .F.,
 ( 4, 2, 2, 2, 2, 2, 2, 2, 4 ),
 ( 0.000000000000000000, 0.003822701315485070323, 0.005734051973227605702, 0.007645402630970140646, 0.008601077959841404649, 0.009556753288712672989, 0.01146810394645520446, 0.01337945460419773594, 0.01529080526194026741 ),
 .UNSPECIFIED. ) ;
#2023 = CYLINDRICAL_SURFACE ( 'NONE', #1174, 5.099999999999999645 ) ;
#2024 = CARTESIAN_POINT ( 'NONE',  ( -4.705116453425055134, 10.74201339956058021, 9.306009286700378524 ) ) ;
#2025 = EDGE_CURVE ( 'NONE', #1434, #2581, #705, .T. ) ;
#2026 = CARTESIAN_POINT ( 'NONE',  ( -12.50000000000000888, 14.49654775146461994, -17.45857301757537172 ) ) ;
#2027 = CARTESIAN_POINT ( 'NONE',  ( -12.50000000000000355, -7.000000000000002665, 9.359281115502158244 ) ) ;
#2028 = CARTESIAN_POINT ( 'NONE',  ( -12.50000000000000711, 4.706110547171778791, 1.437848045324190416 ) ) ;
#2029 = ORIENTED_EDGE ( 'NONE', *, *, #1407, .T. ) ;
#2030 = CARTESIAN_POINT ( 'NONE',  ( -10.79922542334661628, 7.497958550859880944, 1.015278576561312818 ) ) ;
#2031 = CARTESIAN_POINT ( 'NONE',  ( 0.000000000000000000, 9.000000000000003553, 4.000000000000000000 ) ) ;
#2032 = CARTESIAN_POINT ( 'NONE',  ( -3.356328598872137636, -12.32321766946133401, 8.533352048964477632 ) ) ;
#2033 = VERTEX_POINT ( 'NONE', #232 ) ;
#2034 = CARTESIAN_POINT ( 'NONE',  ( 4.697488013458094969, -10.74996005375194486, 9.301677571233001984 ) ) ;
#2035 = EDGE_LOOP ( 'NONE', ( #2717, #665, #494, #265, #81, #236, #819, #2593, #513, #41 ) ) ;
#2036 = APPLICATION_CONTEXT ( 'automotive_design' ) ;
#2037 = CARTESIAN_POINT ( 'NONE',  ( -11.42417369507203873, -7.349192977606683108, 1.270904332032898987 ) ) ;
#2038 = CARTESIAN_POINT ( 'NONE',  ( -2.423311700322700268, 19.00000000000000355, 1.778150379967739392 ) ) ;
#2039 = ADVANCED_FACE ( 'NONE', ( #1487 ), #2375, .F. ) ;
#2040 = AXIS2_PLACEMENT_3D ( 'NONE', #1667, #648, #190 ) ;
#2041 = CARTESIAN_POINT ( 'NONE',  ( -4.097016523732509796, 16.47423787957934493, 1.469423778274200343 ) ) ;
#2042 = CARTESIAN_POINT ( 'NONE',  ( -19.30663522008206101, -21.47997641506154665, 0.000000000000000000 ) ) ;
#2043 = DIRECTION ( 'NONE',  ( -8.360113137237623735E-17, 1.000000000000000000, -1.301042606982605321E-16 ) ) ;
#2044 = ORIENTED_EDGE ( 'NONE', *, *, #601, .T. ) ;
#2045 = CIRCLE ( 'NONE', #117, 5.099999999999999645 ) ;
#2046 = CARTESIAN_POINT ( 'NONE',  ( -12.00859910681239562, 7.138842677021594696, 1.403449770362417359 ) ) ;
#2047 = VECTOR ( 'NONE', #1334, 1000.000000000000000 ) ;
#2048 = CARTESIAN_POINT ( 'NONE',  ( -4.675613119714773447, -14.98270580430519239, 4.536574637064889615 ) ) ;
#2049 = ORIENTED_EDGE ( 'NONE', *, *, #2686, .T. ) ;
#2050 = AXIS2_PLACEMENT_3D ( 'NONE', #2069, #2468, #2285 ) ;
#2051 = FACE_OUTER_BOUND ( 'NONE', #72, .T. ) ;
#2052 = CARTESIAN_POINT ( 'NONE',  ( -15.32512388515220714, -9.000000000000005329, 0.3632177071912746080 ) ) ;
#2053 = ORIENTED_EDGE ( 'NONE', *, *, #568, .F. ) ;
#2054 = CARTESIAN_POINT ( 'NONE',  ( -12.11719183134816369, -7.094562219489891852, 1.417220628018705630 ) ) ;
#2055 = CARTESIAN_POINT ( 'NONE',  ( 5.071633758840466299, -14.15777307498143145, 4.481308384437745929 ) ) ;
#2056 = DIRECTION ( 'NONE',  ( 8.360113137237623735E-17, -1.000000000000000000, 1.301042606982605321E-16 ) ) ;
#2057 = CARTESIAN_POINT ( 'NONE',  ( -9.500000000000003553, -6.912990604883033186, 0.000000000000000000 ) ) ;
#2058 = EDGE_CURVE ( 'NONE', #2565, #2033, #2396, .T. ) ;
#2059 = VERTEX_POINT ( 'NONE', #2364 ) ;
#2060 = B_SPLINE_CURVE_WITH_KNOTS ( 'NONE', 3,
 ( #639, #156, #2296, #426, #209, #382, #1059, #2244, #2038, #2466, #1009, #1830, #2679, #2690, #802, #1632, #1641, #598 ),
 .UNSPECIFIED., .F., .F.,
 ( 4, 2, 2, 2, 2, 2, 2, 2, 4 ),
 ( 7.893110957891142823E-19, 0.0006030971999563848130, 0.001206194399912768975, 0.001809291599869153029, 0.002412388799825537517, 0.003015485999781922655, 0.003618583199738307794, 0.004221680399694693366, 0.004824777599651077636 ),
 .UNSPECIFIED. ) ;
#2061 = CARTESIAN_POINT ( 'NONE',  ( 3.494399871399940238, 19.00000000000000711, 4.285673662652475180 ) ) ;
#2062 = CARTESIAN_POINT ( 'NONE',  ( -7.205609196471763234, -10.99970675802764575, 3.857845948637991018 ) ) ;
#2063 = EDGE_CURVE ( 'NONE', #1622, #2517, #2210, .T. ) ;
#2064 = ORIENTED_EDGE ( 'NONE', *, *, #114, .T. ) ;
#2065 = CARTESIAN_POINT ( 'NONE',  ( 7.799135253128357093, -8.143849247406445002, 10.99410551595786600 ) ) ;
#2066 = VERTEX_POINT ( 'NONE', #1097 ) ;
#2067 = CARTESIAN_POINT ( 'NONE',  ( -3.544112671851488372, 18.71340148328560815, 4.040388092641411077 ) ) ;
#2068 = CARTESIAN_POINT ( 'NONE',  ( -4.560251221903829588, -15.26319310306042887, 4.746961138246516221 ) ) ;
#2069 = CARTESIAN_POINT ( 'NONE',  ( -12.50000000000000533, 19.00000000000000355, 12.00000000000000000 ) ) ;
#2070 = ORIENTED_EDGE ( 'NONE', *, *, #2582, .T. ) ;
#2071 = CARTESIAN_POINT ( 'NONE',  ( -12.50000000000000355, 6.940245115837936574, 1.437848045324189084 ) ) ;
#2072 = CARTESIAN_POINT ( 'NONE',  ( 0.4561878979660660138, 18.38089620941200764, 1.151046581723602191 ) ) ;
#2073 = VERTEX_POINT ( 'NONE', #2134 ) ;
#2074 = DIRECTION ( 'NONE',  ( 1.000000000000000000, 8.360113137237623735E-17, -0.000000000000000000 ) ) ;
#2075 = CARTESIAN_POINT ( 'NONE',  ( 0.8972915353518198245, 16.41114680773015166, 1.456693366993652372 ) ) ;
#2076 = CARTESIAN_POINT ( 'NONE',  ( 3.921381171703829605, 16.96433714931833947, 4.392863498412284073 ) ) ;
#2077 = ORIENTED_EDGE ( 'NONE', *, *, #498, .T. ) ;
#2078 = PLANE ( 'NONE',  #870 ) ;
#2079 = CARTESIAN_POINT ( 'NONE',  ( 10.76951088605382090, 7.915778603544859848, 9.413634129255205707 ) ) ;
#2080 = DIRECTION ( 'NONE',  ( 0.000000000000000000, 1.445602896647338917E-16, 1.000000000000000000 ) ) ;
#2081 = ORIENTED_EDGE ( 'NONE', *, *, #481, .F. ) ;
#2082 = CARTESIAN_POINT ( 'NONE',  ( -4.641226622924182976, -10.07811946470398112, 1.026812012095643212 ) ) ;
#2083 = CARTESIAN_POINT ( 'NONE',  ( -13.07429916234900702, 2.926548387363135273, 1.411282852596878357 ) ) ;
#2084 = CARTESIAN_POINT ( 'NONE',  ( 2.364948922113172536, 13.07398377446591020, 1.496348172307399915 ) ) ;
#2085 = B_SPLINE_CURVE_WITH_KNOTS ( 'NONE', 3,
 ( #518, #2177, #2140, #1725, #489, #735, #296, #2395, #1138, #88, #2562, #49, #1761, #1561, #534, #2342, #2358, #2605 ),
 .UNSPECIFIED., .F., .F.,
 ( 4, 2, 2, 2, 2, 2, 2, 2, 4 ),
 ( 5.421010862427522170E-20, 0.001032508314846389535, 0.002065016629692779070, 0.004130033259385568548, 0.006195049889078357158, 0.008260066518771145769, 0.01032508314846393438, 0.01239009977815672646, 0.01652013303754229848 ),
 .UNSPECIFIED. ) ;
#2086 = AXIS2_PLACEMENT_3D ( 'NONE', #1680, #1081, #15 ) ;
#2087 = CIRCLE ( 'NONE', #2661, 7.599999999999999645 ) ;
#2088 = CARTESIAN_POINT ( 'NONE',  ( -5.087259380783310192, 14.12728655763523733, 5.155925409129121562 ) ) ;
#2089 = CARTESIAN_POINT ( 'NONE',  ( 7.598592502163346474, 10.56400695379693389, 3.718054770694822153 ) ) ;
#2090 = CARTESIAN_POINT ( 'NONE',  ( -9.499999999999992895, -1.734723475976805911E-15, 12.00000000000000000 ) ) ;
#2091 = ORIENTED_EDGE ( 'NONE', *, *, #886, .T. ) ;
#2092 = ADVANCED_FACE ( 'NONE', ( #1314 ), #1924, .F. ) ;
#2093 = VECTOR ( 'NONE', #1173, 1000.000000000000000 ) ;
#2094 = B_SPLINE_CURVE_WITH_KNOTS ( 'NONE', 3,
 ( #503, #280, #2138, #900, #928, #2519, #652, #2314, #1071, #2108, #1493, #1760 ),
 .UNSPECIFIED., .F., .F.,
 ( 4, 2, 2, 2, 2, 4 ),
 ( 0.000000000000000000, 0.0008496689067338880977, 0.001274503360100834315, 0.001699337813467780749, 0.002549006720201669497, 0.003398675626935558462 ),
 .UNSPECIFIED. ) ;
#2095 = DIRECTION ( 'NONE',  ( -8.360113137237623735E-17, 1.000000000000000000, 0.000000000000000000 ) ) ;
#2096 = CARTESIAN_POINT ( 'NONE',  ( -3.748210769676738607, 17.73227083218277755, 4.160538400601990539 ) ) ;
#2097 = DIRECTION ( 'NONE',  ( 0.000000000000000000, 0.000000000000000000, -1.000000000000000000 ) ) ;
#2098 = ORIENTED_EDGE ( 'NONE', *, *, #1242, .T. ) ;
#2099 = CARTESIAN_POINT ( 'NONE',  ( 10.69791880800842598, -7.977460250347359505, 2.599234519800037724 ) ) ;
#2100 = FACE_OUTER_BOUND ( 'NONE', #1443, .T. ) ;
#2101 = CARTESIAN_POINT ( 'NONE',  ( 1.045063389129461839, 15.95517135089621519, 1.494537438878937197 ) ) ;
#2102 = ORIENTED_EDGE ( 'NONE', *, *, #1678, .T. ) ;
#2103 = DIRECTION ( 'NONE',  ( 0.000000000000000000, 1.301042606982605321E-16, 1.000000000000000000 ) ) ;
#2104 = FACE_OUTER_BOUND ( 'NONE', #67, .T. ) ;
#2105 = CARTESIAN_POINT ( 'NONE',  ( 5.085877965689937774, -14.13001041406142200, 5.154842582431172104 ) ) ;
#2106 = ORIENTED_EDGE ( 'NONE', *, *, #246, .T. ) ;
#2107 = DIRECTION ( 'NONE',  ( 0.000000000000000000, 0.000000000000000000, 1.000000000000000000 ) ) ;
#2108 = CARTESIAN_POINT ( 'NONE',  ( 11.36965645919591061, -7.552597989864138661, 1.869656459195913278 ) ) ;
#2109 = CARTESIAN_POINT ( 'NONE',  ( 7.581563767992746783, 10.58295059992489762, 7.113994788802225244 ) ) ;
#2110 = EDGE_CURVE ( 'NONE', #2236, #2269, #2161, .T. ) ;
#2111 = CARTESIAN_POINT ( 'NONE',  ( -4.639400218315772761, 10.08032062085913694, 1.027229305551773164 ) ) ;
#2112 = ORIENTED_EDGE ( 'NONE', *, *, #2718, .T. ) ;
#2113 = CARTESIAN_POINT ( 'NONE',  ( 5.177597612067544652, -13.94446831859060154, 1.591081304690661335 ) ) ;
#2114 = DIRECTION ( 'NONE',  ( 0.000000000000000000, 0.000000000000000000, 1.000000000000000000 ) ) ;
#2115 = CARTESIAN_POINT ( 'NONE',  ( -12.62606552126329973, -6.941407417418604453, 1.991324925271756419 ) ) ;
#2116 = VERTEX_POINT ( 'NONE', #1692 ) ;
#2117 = FACE_OUTER_BOUND ( 'NONE', #1415, .T. ) ;
#2118 = CARTESIAN_POINT ( 'NONE',  ( 9.499999999999992895, -6.912990604883030521, 0.000000000000000000 ) ) ;
#2119 = PLANE ( 'NONE',  #1814 ) ;
#2120 = CARTESIAN_POINT ( 'NONE',  ( 7.885173360867036685, -10.23563773784164077, 7.349001005010083354 ) ) ;
#2121 = ORIENTED_EDGE ( 'NONE', *, *, #1160, .T. ) ;
#2122 = DIRECTION ( 'NONE',  ( -0.000000000000000000, -0.000000000000000000, 1.000000000000000000 ) ) ;
#2123 = CARTESIAN_POINT ( 'NONE',  ( -16.10103409073020231, 0.9999999999999947820, -0.3609651513481906271 ) ) ;
#2124 = B_SPLINE_CURVE_WITH_KNOTS ( 'NONE', 3,
 ( #11, #892, #2302, #1498, #1717, #699, #2553, #1688, #2318, #2346, #2333, #449 ),
 .UNSPECIFIED., .F., .F.,
 ( 4, 2, 2, 2, 2, 4 ),
 ( 3.172368080865256241E-18, 0.001517343695925309991, 0.003034687391850616513, 0.004552031087775923468, 0.005310702935738577379, 0.006069374783701230423 ),
 .UNSPECIFIED. ) ;
#2125 = CARTESIAN_POINT ( 'NONE',  ( 5.091709714146990251, 14.11842942137335299, 5.159410325521150753 ) ) ;
#2126 = CARTESIAN_POINT ( 'NONE',  ( -3.422468182166960915, 11.50374438074082839, 1.311388758977357183 ) ) ;
#2127 = CARTESIAN_POINT ( 'NONE',  ( 0.000000000000000000, 19.00000000000000355, 4.000000000000000000 ) ) ;
#2128 = CARTESIAN_POINT ( 'NONE',  ( 5.469935358871364173, -13.41564515618584785, 1.573469770024851222 ) ) ;
#2129 = CARTESIAN_POINT ( 'NONE',  ( 0.5095712035845554322, 7.599842503000107996, 0.2455354531790708283 ) ) ;
#2130 = CARTESIAN_POINT ( 'NONE',  ( -7.474707683897253929, -10.69188769250085969, 1.233504420826953218 ) ) ;
#2131 = ORIENTED_EDGE ( 'NONE', *, *, #1513, .T. ) ;
#2132 = EDGE_CURVE ( 'NONE', #332, #2354, #119, .T. ) ;
#2133 = CARTESIAN_POINT ( 'NONE',  ( -9.542696165362047012, -7.046390998930267102, 11.95730383463794411 ) ) ;
#2134 = CARTESIAN_POINT ( 'NONE',  ( -27.50000000000000355, 0.9999999999999950040, 4.999999999999982236 ) ) ;
#2135 = CARTESIAN_POINT ( 'NONE',  ( 0.4726155702822973925, -19.09577661073461385, 6.995868328138690195 ) ) ;
#2136 = CARTESIAN_POINT ( 'NONE',  ( 7.655310703528988903, 10.46556903527904403, 9.410257745017265307 ) ) ;
#2137 = VERTEX_POINT ( 'NONE', #895 ) ;
#2138 = CARTESIAN_POINT ( 'NONE',  ( 9.804840153545256953, -7.286241026595035919, 0.3048401535452640587 ) ) ;
#2139 = AXIS2_PLACEMENT_3D ( 'NONE', #1010, #370, #1492 ) ;
#2140 = CARTESIAN_POINT ( 'NONE',  ( 0.6092716701568230420, -18.32312736662582608, 7.040061888128799517 ) ) ;
#2141 = VECTOR ( 'NONE', #537, 1000.000000000000000 ) ;
#2142 = LINE ( 'NONE', #51, #1775 ) ;
#2143 = CARTESIAN_POINT ( 'NONE',  ( 5.471370248191377961, -9.260271890526071914, 0.8134028366613628158 ) ) ;
#2144 = CARTESIAN_POINT ( 'NONE',  ( -2.004576966722273035, 7.335254771671169571, 0.1403603340042672565 ) ) ;
#2145 = EDGE_CURVE ( 'NONE', #2581, #906, #1720, .T. ) ;
#2146 = CARTESIAN_POINT ( 'NONE',  ( -6.577825769901578745, -8.340052962707748208, 0.5181912632440067723 ) ) ;
#2147 = ORIENTED_EDGE ( 'NONE', *, *, #266, .T. ) ;
#2148 = CARTESIAN_POINT ( 'NONE',  ( 10.97622872740985045, 7.641695763712416323, 1.476228727409857777 ) ) ;
#2149 = CARTESIAN_POINT ( 'NONE',  ( 4.647575789998467322, 15.04901075167993874, 4.538153964381483441 ) ) ;
#2150 = CARTESIAN_POINT ( 'NONE',  ( 8.957112249503836665, 7.442230465603405065, 11.58215076002414712 ) ) ;
#2151 = VERTEX_POINT ( 'NONE', #2322 ) ;
#2152 = CARTESIAN_POINT ( 'NONE',  ( -3.000000000000000444, 0.000000000000000000, 12.83754702475472165 ) ) ;
#2153 = CARTESIAN_POINT ( 'NONE',  ( 12.50000000000000000, 7.000000000000002665, 2.999999999999995559 ) ) ;
#2154 = DIRECTION ( 'NONE',  ( 0.000000000000000000, 0.000000000000000000, -1.000000000000000000 ) ) ;
#2155 = B_SPLINE_CURVE_WITH_KNOTS ( 'NONE', 3,
 ( #1237, #2497, #2265, #633 ),
 .UNSPECIFIED., .F., .F.,
 ( 4, 4 ),
 ( 0.003070083554453877268, 0.004017222671417033930 ),
 .UNSPECIFIED. ) ;
#2156 = APPLICATION_PROTOCOL_DEFINITION ( 'draft international standard', 'automotive_design', 1998, #817 ) ;
#2157 = CARTESIAN_POINT ( 'NONE',  ( 9.499999999999998224, 7.000000000000002665, 12.00000000000000000 ) ) ;
#2158 = CARTESIAN_POINT ( 'NONE',  ( -15.05775390725989737, 1.258588178392704870, 0.6127630198907593195 ) ) ;
#2159 = CARTESIAN_POINT ( 'NONE',  ( -5.681451386236347822, -9.085621984830835274, 0.7567209981580128586 ) ) ;
#2160 = ORIENTED_EDGE ( 'NONE', *, *, #2597, .F. ) ;
#2161 = LINE ( 'NONE', #2557, #829 ) ;
#2162 = CARTESIAN_POINT ( 'NONE',  ( 6.093703580978806933, 12.39703991612966938, 8.454777158799284820 ) ) ;
#2163 = ORIENTED_EDGE ( 'NONE', *, *, #1640, .F. ) ;
#2164 = CARTESIAN_POINT ( 'NONE',  ( -1.754185689106763757, -18.99999999999999645, 1.322401267512992806 ) ) ;
#2165 = CARTESIAN_POINT ( 'NONE',  ( -16.50000000000000711, 0.9999999999999952260, -0.7333333333333383885 ) ) ;
#2166 = CARTESIAN_POINT ( 'NONE',  ( -11.50883431054437978, -7.508381471549697039, 9.999586907465211283 ) ) ;
#2167 = CARTESIAN_POINT ( 'NONE',  ( -9.646944184884105766, -8.706243724990969213, 2.969613310098514702 ) ) ;
#2168 = ORIENTED_EDGE ( 'NONE', *, *, #2312, .T. ) ;
#2169 = CARTESIAN_POINT ( 'NONE',  ( 0.000000000000000000, 0.000000000000000000, 0.000000000000000000 ) ) ;
#2170 = CARTESIAN_POINT ( 'NONE',  ( 4.407439655283027058, 15.60009384221496020, 7.433337013512053559 ) ) ;
#2171 = ORIENTED_EDGE ( 'NONE', *, *, #481, .T. ) ;
#2172 = AXIS2_PLACEMENT_3D ( 'NONE', #394, #2382, #1229 ) ;
#2173 = CARTESIAN_POINT ( 'NONE',  ( 4.440482587307741369, 10.28625455698147739, 1.076731529569640244 ) ) ;
#2174 = CARTESIAN_POINT ( 'NONE',  ( -16.50000000000000711, 4.999999999999996447, 8.999999999999982236 ) ) ;
#2175 = ADVANCED_FACE ( 'NONE', ( #453 ), #1285, .F. ) ;
#2176 = VECTOR ( 'NONE', #626, 1000.000000000000000 ) ;
#2177 = CARTESIAN_POINT ( 'NONE',  ( 0.5424615774894118170, -18.65990766104065912, 7.015530789398700229 ) ) ;
#2178 = CIRCLE ( 'NONE', #1525, 3.999999999999998224 ) ;
#2179 = CARTESIAN_POINT ( 'NONE',  ( -5.451772317560385162, 13.41112415933272750, 8.058948696029125003 ) ) ;
#2180 = CARTESIAN_POINT ( 'NONE',  ( -3.363183627297614997, 11.57290400186416157, 1.324713517402806850 ) ) ;
#2181 = CARTESIAN_POINT ( 'NONE',  ( -2.888902183075289898, -12.23655094195507331, 1.417555668058550156 ) ) ;
#2182 = ORIENTED_EDGE ( 'NONE', *, *, #1626, .F. ) ;
#2183 = CARTESIAN_POINT ( 'NONE',  ( -9.846624505496611945, 7.305982379113452829, 0.3466245054966223815 ) ) ;
#2184 = CARTESIAN_POINT ( 'NONE',  ( -0.8585372986108456006, -16.55294735614048562, 1.439724383392212204 ) ) ;
#2185 = CARTESIAN_POINT ( 'NONE',  ( -2.454303275807490081, -13.67511520768325362, 8.014971282296864175 ) ) ;
#2186 = EDGE_LOOP ( 'NONE', ( #2248, #600, #1826, #621, #961 ) ) ;
#2187 = CARTESIAN_POINT ( 'NONE',  ( -0.5929966386216793950, -19.00000000000000000, 1.000000000000004441 ) ) ;
#2188 = DIRECTION ( 'NONE',  ( -1.000000000000000000, 0.000000000000000000, 0.000000000000000000 ) ) ;
#2189 = PLANE ( 'NONE',  #2262 ) ;
#2190 = CARTESIAN_POINT ( 'NONE',  ( -4.249060355815504231, 11.23246287370034935, 9.045721237669223314 ) ) ;
#2191 = LINE ( 'NONE', #1181, #1348 ) ;
#2192 = CARTESIAN_POINT ( 'NONE',  ( -15.32512388515220891, 1.176432802374178355, 0.3632177071912733313 ) ) ;
#2193 = CARTESIAN_POINT ( 'NONE',  ( 3.499108362823687646, 19.00000000000000355, 4.093404138086116362 ) ) ;
#2194 = ORIENTED_EDGE ( 'NONE', *, *, #131, .T. ) ;
#2195 = ADVANCED_FACE ( 'NONE', ( #1298 ), #250, .F. ) ;
#2196 = CARTESIAN_POINT ( 'NONE',  ( -2.448851460891976028, -18.99999999999999645, 6.292922132527985823 ) ) ;
#2197 = DIRECTION ( 'NONE',  ( 8.360113137237623735E-17, -1.000000000000000000, 1.301042606982605321E-16 ) ) ;
#2198 = CARTESIAN_POINT ( 'NONE',  ( -12.59585088371216344, -7.000000000000004441, -2.561003365780202046 ) ) ;
#2199 = VERTEX_POINT ( 'NONE', #1158 ) ;
#2200 = CARTESIAN_POINT ( 'NONE',  ( -23.50000000000000000, -7.000000000000004441, 4.000000000000002665 ) ) ;
#2201 = CARTESIAN_POINT ( 'NONE',  ( 0.4561927580121663550, -18.38085132143465117, 1.151057533321126369 ) ) ;
#2202 = CARTESIAN_POINT ( 'NONE',  ( -3.494405728272897527, 19.00000000000000355, 4.285434499361862493 ) ) ;
#2203 = CARTESIAN_POINT ( 'NONE',  ( -7.833864369999767874, 10.32343171808932247, 7.306326758779988495 ) ) ;
#2204 = CARTESIAN_POINT ( 'NONE',  ( 0.3891571885155306609, -19.00000000000000711, 1.000000000000000000 ) ) ;
#2205 = CARTESIAN_POINT ( 'NONE',  ( -6.432872096517874283, 11.96243313834348143, 1.441166397669132682 ) ) ;
#2206 = CARTESIAN_POINT ( 'NONE',  ( -2.116669105563597331, -13.52823321641280430, 1.519694233114726067 ) ) ;
#2207 = ORIENTED_EDGE ( 'NONE', *, *, #1420, .F. ) ;
#2208 = CARTESIAN_POINT ( 'NONE',  ( -1.799547683647287899, -18.99999999999999645, 6.710849398733667037 ) ) ;
#2209 = DIRECTION ( 'NONE',  ( -1.000000000000000000, -1.369518533665900065E-16, 0.000000000000000000 ) ) ;
#2210 =( BOUNDED_CURVE ( )  B_SPLINE_CURVE ( 3, ( #497, #14, #1079, #1323 ),
 .UNSPECIFIED., .F., .F. ) 
 B_SPLINE_CURVE_WITH_KNOTS ( ( 4, 4 ),
 ( 4.220825816109630146, 4.272968909923370973 ),
 .UNSPECIFIED. ) 
 CURVE ( )  GEOMETRIC_REPRESENTATION_ITEM ( )  RATIONAL_B_SPLINE_CURVE ( ( 1.000000000000000000, 0.9997734376477487306, 0.9997734376477487306, 1.000000000000000000 ) ) 
 REPRESENTATION_ITEM ( '' )  );
#2211 = CARTESIAN_POINT ( 'NONE',  ( 9.500000000000012434, 6.912990604883034962, 0.000000000000000000 ) ) ;
#2212 = ORIENTED_EDGE ( 'NONE', *, *, #2292, .T. ) ;
#2213 = B_SPLINE_CURVE_WITH_KNOTS ( 'NONE', 3,
 ( #2656, #1175, #1200, #583, #1377, #2004, #128, #2032, #2390, #2185, #975, #2017, #773, #785, #2451, #1403, #1598, #1187 ),
 .UNSPECIFIED., .F., .F.,
 ( 4, 2, 2, 2, 2, 2, 2, 2, 4 ),
 ( 0.0003347737932916000137, 0.004419391329822520802, 0.006461700098087982957, 0.008504008866353445981, 0.01054631763461890553, 0.01156747201875163618, 0.01258862640288436682, 0.01463093517114982811, 0.01667324393941528940 ),
 .UNSPECIFIED. ) ;
#2214 = CARTESIAN_POINT ( 'NONE',  ( 3.170804362154433953, -18.99999999999999645, 5.392133840167846692 ) ) ;
#2215 = CARTESIAN_POINT ( 'NONE',  ( 0.000000000000000000, 9.000000000000003553, 5.350000000000000533 ) ) ;
#2216 = B_SPLINE_CURVE_WITH_KNOTS ( 'NONE', 3,
 ( #1204, #2054, #2633, #2037, #993, #573, #155, #777, #1381, #2465, #325, #791 ),
 .UNSPECIFIED., .F., .F.,
 ( 4, 2, 2, 2, 2, 4 ),
 ( 0.000000000000000000, 0.0007526372631801776401, 0.001505274526360355280, 0.002257911789540532812, 0.002634230421130619084, 0.003010549052720705356 ),
 .UNSPECIFIED. ) ;
#2217 = CIRCLE ( 'NONE', #2615, 4.000000000000000000 ) ;
#2218 = CIRCLE ( 'NONE', #1045, 7.599999999999999645 ) ;
#2219 = DIRECTION ( 'NONE',  ( -0.000000000000000000, 0.000000000000000000, 1.000000000000000000 ) ) ;
#2220 = CARTESIAN_POINT ( 'NONE',  ( -7.599999999999999645, 0.000000000000000000, 7.000000000000000000 ) ) ;
#2221 = ORIENTED_EDGE ( 'NONE', *, *, #2513, .T. ) ;
#2222 = EDGE_CURVE ( 'NONE', #1594, #474, #2420, .T. ) ;
#2223 = CARTESIAN_POINT ( 'NONE',  ( 9.499999999999998224, 7.000000000000002665, 12.00000000000000000 ) ) ;
#2224 = VECTOR ( 'NONE', #860, 1000.000000000000000 ) ;
#2225 = LINE ( 'NONE', #554, #2448 ) ;
#2226 = CARTESIAN_POINT ( 'NONE',  ( 10.92191520079624034, -7.691118261677339696, 10.57808479920375078 ) ) ;
#2227 = EDGE_LOOP ( 'NONE', ( #188, #1987, #921, #2526, #2261 ) ) ;
#2228 = ADVANCED_FACE ( 'NONE', ( #2642 ), #1389, .F. ) ;
#2229 = CARTESIAN_POINT ( 'NONE',  ( 3.432154773006955928, 19.34759358304483712, 0.9135439422366075091 ) ) ;
#2230 = CARTESIAN_POINT ( 'NONE',  ( 0.8763108674906610052, -18.99999999999999645, 6.981332805044028866 ) ) ;
#2231 = DIRECTION ( 'NONE',  ( 1.000000000000000000, 8.360113137237623735E-17, -0.000000000000000000 ) ) ;
#2232 = CARTESIAN_POINT ( 'NONE',  ( -7.663873768391719743, -10.45649922157300260, 9.415403344741811509 ) ) ;
#2233 = CARTESIAN_POINT ( 'NONE',  ( -4.550694969042048399, 15.28387822219812264, 4.541702377733848550 ) ) ;
#2234 = CARTESIAN_POINT ( 'NONE',  ( -11.87632409600016103, -7.306449848172087869, 9.694421072767845260 ) ) ;
#2235 = CARTESIAN_POINT ( 'NONE',  ( 1.934229462777806496, 19.00000000000000711, 1.421233494054136459 ) ) ;
#2236 = VERTEX_POINT ( 'NONE', #127 ) ;
#2237 = CARTESIAN_POINT ( 'NONE',  ( -10.56585004875221578, 7.516998024728108518, 0.8881635171081311286 ) ) ;
#2238 = CARTESIAN_POINT ( 'NONE',  ( 0.000000000000000000, 0.000000000000000000, 0.000000000000000000 ) ) ;
#2239 = FACE_OUTER_BOUND ( 'NONE', #848, .T. ) ;
#2240 = ORIENTED_EDGE ( 'NONE', *, *, #585, .T. ) ;
#2241 = CARTESIAN_POINT ( 'NONE',  ( 9.992362060341719143, -8.386301800976887932, 10.76555785073075988 ) ) ;
#2242 = VERTEX_POINT ( 'NONE', #1147 ) ;
#2243 = CARTESIAN_POINT ( 'NONE',  ( -3.470824170608224790, 19.00000000000000355, 4.479081900933573834 ) ) ;
#2244 = CARTESIAN_POINT ( 'NONE',  ( -2.265608432962193497, 19.00000000000000711, 1.646923898269034625 ) ) ;
#2245 = CARTESIAN_POINT ( 'NONE',  ( -8.972507848745445713, -7.433476742724430153, 11.58970819835859167 ) ) ;
#2246 = CARTESIAN_POINT ( 'NONE',  ( -0.9467414636541006123, 16.24195268018414140, 1.474667927994319339 ) ) ;
#2247 = CARTESIAN_POINT ( 'NONE',  ( 1.754185097575427177, 19.00000000000000355, 1.322400856536128266 ) ) ;
#2248 = ORIENTED_EDGE ( 'NONE', *, *, #1113, .F. ) ;
#2249 = CARTESIAN_POINT ( 'NONE',  ( 3.170303085464865500, 19.00000000000000355, 5.393103620709008617 ) ) ;
#2250 = CARTESIAN_POINT ( 'NONE',  ( 3.683790877577994394, -17.97615092114229896, 4.243737523531899036 ) ) ;
#2251 = ORIENTED_EDGE ( 'NONE', *, *, #2491, .T. ) ;
#2252 = CARTESIAN_POINT ( 'NONE',  ( 0.000000000000000000, -19.00000000000000355, 4.000000000000000000 ) ) ;
#2253 = CARTESIAN_POINT ( 'NONE',  ( 3.425445768261701662, 19.42418565258509133, 4.082559719918394059 ) ) ;
#2254 = ORIENTED_EDGE ( 'NONE', *, *, #2632, .F. ) ;
#2255 = LINE ( 'NONE', #2647, #1261 ) ;
#2256 = EDGE_CURVE ( 'NONE', #2472, #253, #2016, .T. ) ;
#2257 = CARTESIAN_POINT ( 'NONE',  ( 4.450724005102459024, -15.51804097775121782, 4.548079292778812288 ) ) ;
#2258 = EDGE_CURVE ( 'NONE', #2116, #1462, #2490, .T. ) ;
#2259 = CARTESIAN_POINT ( 'NONE',  ( -13.08116460792125224, 2.900238442623677138, 9.144462449586239217 ) ) ;
#2260 = CARTESIAN_POINT ( 'NONE',  ( 9.627393129878557332, 7.139807672990663434, 11.87260687013309024 ) ) ;
#2261 = ORIENTED_EDGE ( 'NONE', *, *, #2602, .T. ) ;
#2262 = AXIS2_PLACEMENT_3D ( 'NONE', #1749, #2589, #711 ) ;
#2263 = CARTESIAN_POINT ( 'NONE',  ( -12.49999999999999467, -7.000000000000007994, 2.027944958555210508 ) ) ;
#2264 = AXIS2_PLACEMENT_3D ( 'NONE', #2295, #147, #997 ) ;
#2265 = CARTESIAN_POINT ( 'NONE',  ( 8.873844638779546656, -7.000000000000003553, 0.000000000000000000 ) ) ;
#2266 = ORIENTED_EDGE ( 'NONE', *, *, #2577, .T. ) ;
#2267 = CARTESIAN_POINT ( 'NONE',  ( 3.524400778761252351, 18.76642508506118290, 4.231552940955772613 ) ) ;
#2268 = DIRECTION ( 'NONE',  ( 1.000000000000000000, 8.360113137237623735E-17, -0.000000000000000000 ) ) ;
#2269 = VERTEX_POINT ( 'NONE', #2434 ) ;
#2270 = CARTESIAN_POINT ( 'NONE',  ( -4.017013399959621367, 16.69476050929000621, 7.216078830664180543 ) ) ;
#2271 = CARTESIAN_POINT ( 'NONE',  ( -1.947589095180956464, -14.58089419794068320, 7.727614097657232506 ) ) ;
#2272 = CARTESIAN_POINT ( 'NONE',  ( 0.3891571885155323818, 19.00000000000000000, 1.000000000000000000 ) ) ;
#2273 = ORIENTED_EDGE ( 'NONE', *, *, #1683, .F. ) ;
#2274 = EDGE_CURVE ( 'NONE', #2581, #2475, #923, .T. ) ;
#2275 = CARTESIAN_POINT ( 'NONE',  ( -13.39431311233415123, 2.472414490971539092, 1.360074185135984992 ) ) ;
#2276 = CARTESIAN_POINT ( 'NONE',  ( -5.330880609467374853, -13.67489560471427268, 5.348060146014499416 ) ) ;
#2277 = VERTEX_POINT ( 'NONE', #1985 ) ;
#2278 = CARTESIAN_POINT ( 'NONE',  ( -5.325627686707288255, 13.68419250738553039, 5.343912137188937983 ) ) ;
#2279 = CARTESIAN_POINT ( 'NONE',  ( 4.242278817522533885, -11.24010607148272278, 9.041843560496978682 ) ) ;
#2280 = CARTESIAN_POINT ( 'NONE',  ( -12.50000000000000711, -7.000000000000002665, 12.00000000000000000 ) ) ;
#2281 = ORIENTED_EDGE ( 'NONE', *, *, #2566, .T. ) ;
#2282 = DIRECTION ( 'NONE',  ( 8.360113137237623735E-17, -1.000000000000000000, 1.301042606982605321E-16 ) ) ;
#2283 = CARTESIAN_POINT ( 'NONE',  ( 6.649230750365957121, 11.64737753280114774, 6.392529220791989708 ) ) ;
#2284 = CARTESIAN_POINT ( 'NONE',  ( -12.86790672848153605, 3.317068933086780635, 9.212628379735022577 ) ) ;
#2285 = DIRECTION ( 'NONE',  ( -1.826024711554533913E-16, 1.000000000000000000, 0.000000000000000000 ) ) ;
#2286 = VERTEX_POINT ( 'NONE', #111 ) ;
#2287 = CARTESIAN_POINT ( 'NONE',  ( 1.510202991625115843, -14.77005312848768170, 1.542229345542439845 ) ) ;
#2288 = EDGE_CURVE ( 'NONE', #97, #1495, #1884, .T. ) ;
#2289 = CARTESIAN_POINT ( 'NONE',  ( 0.8585372986108428250, 16.55294735614047852, 1.439724383392212648 ) ) ;
#2290 = EDGE_LOOP ( 'NONE', ( #1948, #538 ) ) ;
#2291 = CARTESIAN_POINT ( 'NONE',  ( 4.016059911676510552, -16.69794942280369199, 7.215584404058922097 ) ) ;
#2292 = EDGE_CURVE ( 'NONE', #2269, #451, #2225, .T. ) ;
#2293 = FACE_OUTER_BOUND ( 'NONE', #1230, .T. ) ;
#2294 = ORIENTED_EDGE ( 'NONE', *, *, #1713, .F. ) ;
#2295 = CARTESIAN_POINT ( 'NONE',  ( 19.30663522008205746, 21.47997641506154665, 0.000000000000000000 ) ) ;
#2296 = CARTESIAN_POINT ( 'NONE',  ( -0.7935756120855794737, 19.00000000000000355, 1.021003789545037899 ) ) ;
#2297 = CARTESIAN_POINT ( 'NONE',  ( -0.6842158406166438667, -17.72134808629776614, 7.051578772399475170 ) ) ;
#2298 = FACE_OUTER_BOUND ( 'NONE', #1873, .T. ) ;
#2299 = CARTESIAN_POINT ( 'NONE',  ( -10.58806413926498102, 7.684841502636295729, 10.91193586073501365 ) ) ;
#2300 = CARTESIAN_POINT ( 'NONE',  ( -1.765887989364260724, -14.19126444853405822, 1.547203148850273324 ) ) ;
#2301 = CIRCLE ( 'NONE', #1911, 4.000000000000000000 ) ;
#2302 = CARTESIAN_POINT ( 'NONE',  ( -2.013059324886226964, -7.345906121896434549, 0.1448390891037809602 ) ) ;
#2303 = CARTESIAN_POINT ( 'NONE',  ( -6.868956607980346796, -11.40129732159475928, 3.975219497860398299 ) ) ;
#2304 = ORIENTED_EDGE ( 'NONE', *, *, #1854, .F. ) ;
#2305 = AXIS2_PLACEMENT_3D ( 'NONE', #2090, #838, #677 ) ;
#2306 = AXIS2_PLACEMENT_3D ( 'NONE', #348, #1770, #112 ) ;
#2307 = DIRECTION ( 'NONE',  ( -0.000000000000000000, 1.000000000000000000, -0.000000000000000000 ) ) ;
#2308 = CARTESIAN_POINT ( 'NONE',  ( -14.15685424949238502, -7.000000000000003553, 8.999999999999982236 ) ) ;
#2309 = CARTESIAN_POINT ( 'NONE',  ( 4.402357907458105402, -15.59181550109247638, 7.428921294878415793 ) ) ;
#2310 = CARTESIAN_POINT ( 'NONE',  ( 4.281375397888075085, 15.98074307980804853, 4.536760812294369671 ) ) ;
#2311 = VERTEX_POINT ( 'NONE', #728 ) ;
#2312 = EDGE_CURVE ( 'NONE', #529, #1347, #1376, .T. ) ;
#2313 = CARTESIAN_POINT ( 'NONE',  ( -4.532696690883943447, 15.32937356441203924, 1.560383035286205144 ) ) ;
#2314 = CARTESIAN_POINT ( 'NONE',  ( 10.77150850580533259, -7.655342352473160084, 1.271508505805336586 ) ) ;
#2315 = CARTESIAN_POINT ( 'NONE',  ( -12.53777664115597901, 4.367284762753727456, 9.341442835432182790 ) ) ;
#2316 = ORIENTED_EDGE ( 'NONE', *, *, #1626, .T. ) ;
#2317 = CARTESIAN_POINT ( 'NONE',  ( -8.552551158178502533, -7.000000000000006217, 0.000000000000000000 ) ) ;
#2318 = CARTESIAN_POINT ( 'NONE',  ( 2.004576966722267706, -7.335254771671172236, 0.1403603340042704206 ) ) ;
#2319 = CARTESIAN_POINT ( 'NONE',  ( -4.670432535333002733, 14.99393387534853517, 4.537169454578450001 ) ) ;
#2320 = VERTEX_POINT ( 'NONE', #784 ) ;
#2321 = PRODUCT_DEFINITION_CONTEXT ( 'detailed design', #817, 'design' ) ;
#2322 = CARTESIAN_POINT ( 'NONE',  ( -9.500000000000003553, -6.912990604883033186, 0.000000000000000000 ) ) ;
#2323 = CARTESIAN_POINT ( 'NONE',  ( 11.75456251881261593, 7.374438569423014123, 2.254562518802821991 ) ) ;
#2324 = CARTESIAN_POINT ( 'NONE',  ( -23.50000000000000000, 0.9999999999999950040, 2.500000000000001332 ) ) ;
#2325 = EDGE_LOOP ( 'NONE', ( #2423, #1893, #2064, #1227, #1057, #1677, #2207 ) ) ;
#2326 = CARTESIAN_POINT ( 'NONE',  ( -16.50000000000000711, 0.9999999999999952260, -0.7333333333333383885 ) ) ;
#2327 = CARTESIAN_POINT ( 'NONE',  ( -15.70649212606595135, 1.059248923014272314, 0.007274015671778637920 ) ) ;
#2328 = EDGE_CURVE ( 'NONE', #1664, #2644, #1612, .T. ) ;
#2329 = CARTESIAN_POINT ( 'NONE',  ( -4.637297106746046005, -15.04292121697510076, 7.566943267860207101 ) ) ;
#2330 = PLANE ( 'NONE',  #1428 ) ;
#2331 = CARTESIAN_POINT ( 'NONE',  ( 0.000000000000000000, 0.000000000000000000, 0.000000000000000000 ) ) ;
#2332 = CARTESIAN_POINT ( 'NONE',  ( 6.783248253185881538, -11.49958448146045775, 4.004887287572413967 ) ) ;
#2333 = CARTESIAN_POINT ( 'NONE',  ( 2.726683212953663560, -7.098536380673328594, 0.04231059905241722069 ) ) ;
#2334 = CARTESIAN_POINT ( 'NONE',  ( -8.447712452271558092, -9.712102533467922072, 1.009622906363674577 ) ) ;
#2335 = VERTEX_POINT ( 'NONE', #2596 ) ;
#2336 =( LENGTH_UNIT ( ) NAMED_UNIT ( * ) SI_UNIT ( .MILLI., .METRE. ) );
#2337 = CARTESIAN_POINT ( 'NONE',  ( 9.648040197896277093, 7.112265990476256405, 0.1480401978962823939 ) ) ;
#2338 = CARTESIAN_POINT ( 'NONE',  ( 2.265726877991311561, -13.97339343144238732, 7.906935768289096167 ) ) ;
#2339 = CARTESIAN_POINT ( 'NONE',  ( -16.50000000000000711, 0.9999999999999956701, 3.000000000000003109 ) ) ;
#2340 = ORIENTED_EDGE ( 'NONE', *, *, #297, .F. ) ;
#2341 = CARTESIAN_POINT ( 'NONE',  ( 8.499745555595751512, 7.716356659917767757, 11.35248269348094752 ) ) ;
#2342 = CARTESIAN_POINT ( 'NONE',  ( 7.444411410551095898, -8.389499061146898029, 10.80878299579923763 ) ) ;
#2343 = VERTEX_POINT ( 'NONE', #1134 ) ;
#2344 = ADVANCED_FACE ( 'NONE', ( #1555 ), #1402, .F. ) ;
#2345 = CARTESIAN_POINT ( 'NONE',  ( 1.654106649582317123, -14.44847198779304343, 1.544040494176552425 ) ) ;
#2346 = CARTESIAN_POINT ( 'NONE',  ( 2.489024843176800506, -7.185335532241126089, 0.07860885812114040694 ) ) ;
#2347 = FACE_BOUND ( 'NONE', #247, .T. ) ;
#2348 = ORIENTED_EDGE ( 'NONE', *, *, #1608, .T. ) ;
#2349 = DIRECTION ( 'NONE',  ( -1.826024711554533667E-16, 1.000000000000000000, 0.000000000000000000 ) ) ;
#2350 = CARTESIAN_POINT ( 'NONE',  ( 9.899218709710053687, 7.348054884817535104, 0.3992187097100624582 ) ) ;
#2351 = CARTESIAN_POINT ( 'NONE',  ( 10.90616942229218189, 7.828666292909543856, 2.521806651557056522 ) ) ;
#2352 = VECTOR ( 'NONE', #927, 1000.000000000000000 ) ;
#2353 = CARTESIAN_POINT ( 'NONE',  ( 3.624406474858639982, 18.03106519221718074, 4.062782911507317962 ) ) ;
#2354 = VERTEX_POINT ( 'NONE', #2211 ) ;
#2355 = VECTOR ( 'NONE', #2700, 1000.000000000000000 ) ;
#2356 = CARTESIAN_POINT ( 'NONE',  ( 10.11491350744851125, -8.348769209659751667, 2.800814973936976315 ) ) ;
#2357 = VECTOR ( 'NONE', #662, 1000.000000000000000 ) ;
#2358 = CARTESIAN_POINT ( 'NONE',  ( 8.499364211970080518, -7.716551635091555283, 11.35230679983815527 ) ) ;
#2359 = CARTESIAN_POINT ( 'NONE',  ( -2.489024843176805835, 7.185335532241124312, 0.07860885812113702076 ) ) ;
#2360 = CARTESIAN_POINT ( 'NONE',  ( -6.235076998873806176, 12.23846529872110800, 4.182282296589258763 ) ) ;
#2361 = ADVANCED_FACE ( 'NONE', ( #1587 ), #1391, .F. ) ;
#2362 = ORIENTED_EDGE ( 'NONE', *, *, #1801, .T. ) ;
#2363 = CARTESIAN_POINT ( 'NONE',  ( -14.15685424949238502, -7.000000000000001776, 8.999999999999982236 ) ) ;
#2364 = CARTESIAN_POINT ( 'NONE',  ( -26.50000000000000355, -7.000000000000004441, 4.000000000000002665 ) ) ;
#2365 = CARTESIAN_POINT ( 'NONE',  ( 5.663073637248454695, 9.822686068994396891, 9.843021148201948733 ) ) ;
#2366 = EDGE_CURVE ( 'NONE', #2343, #944, #656, .T. ) ;
#2367 = ORIENTED_EDGE ( 'NONE', *, *, #1491, .F. ) ;
#2368 = DIRECTION ( 'NONE',  ( -1.000000000000000000, 0.000000000000000000, 0.000000000000000000 ) ) ;
#2369 = CARTESIAN_POINT ( 'NONE',  ( -7.480368973045255387, 7.635740954429441452, 0.2729812120179700430 ) ) ;
#2370 = DIRECTION ( 'NONE',  ( -0.000000000000000000, -0.000000000000000000, -1.000000000000000000 ) ) ;
#2371 = B_SPLINE_CURVE_WITH_KNOTS ( 'NONE', 3,
 ( #1845, #1411, #1817, #412 ),
 .UNSPECIFIED., .F., .F.,
 ( 4, 4 ),
 ( 0.000000000000000000, 0.0009471391169631580712 ),
 .UNSPECIFIED. ) ;
#2372 = CARTESIAN_POINT ( 'NONE',  ( -5.391663181836729102, 13.56484573591572662, 4.414966696315578254 ) ) ;
#2373 = ORIENTED_EDGE ( 'NONE', *, *, #951, .F. ) ;
#2374 = ADVANCED_FACE ( 'NONE', ( #757, #2421 ), #1614, .F. ) ;
#2375 = PLANE ( 'NONE',  #874 ) ;
#2376 = CARTESIAN_POINT ( 'NONE',  ( 5.106150276497722906, 14.10108159750984491, 5.171234115751281557 ) ) ;
#2377 = ORIENTED_EDGE ( 'NONE', *, *, #46, .T. ) ;
#2378 = EDGE_CURVE ( 'NONE', #1553, #387, #2643, .T. ) ;
#2379 = CARTESIAN_POINT ( 'NONE',  ( 11.44133482404034474, 7.539463538180891433, 0.3036507693057013402 ) ) ;
#2380 = DIRECTION ( 'NONE',  ( -8.360113137237623735E-17, 1.000000000000000000, 0.000000000000000000 ) ) ;
#2381 = CARTESIAN_POINT ( 'NONE',  ( -11.41780219797127671, -7.551466990988455308, 10.08219780202871085 ) ) ;
#2382 = DIRECTION ( 'NONE',  ( -0.000000000000000000, 1.000000000000000000, -0.000000000000000000 ) ) ;
#2383 = DIRECTION ( 'NONE',  ( -2.375735951135570600E-32, 1.301042606982605321E-16, 1.000000000000000000 ) ) ;
#2384 = CARTESIAN_POINT ( 'NONE',  ( -6.641006822551476674, 8.290950635354711551, 0.5013239523483574711 ) ) ;
#2385 = CARTESIAN_POINT ( 'NONE',  ( 2.706302204075174966, 19.00000000000000355, 2.062550813546041972 ) ) ;
#2386 = ORIENTED_EDGE ( 'NONE', *, *, #1177, .F. ) ;
#2387 = DIRECTION ( 'NONE',  ( 0.000000000000000000, 0.000000000000000000, -1.000000000000000000 ) ) ;
#2388 = DIRECTION ( 'NONE',  ( -0.000000000000000000, 0.000000000000000000, 1.000000000000000000 ) ) ;
#2389 = CARTESIAN_POINT ( 'NONE',  ( 4.959968944601830465, 14.38936321320147194, 5.056611632459104833 ) ) ;
#2390 = CARTESIAN_POINT ( 'NONE',  ( -2.978876579673486180, -12.84509234301088121, 8.315493470322463665 ) ) ;
#2391 = ORIENTED_EDGE ( 'NONE', *, *, #697, .T. ) ;
#2392 = CIRCLE ( 'NONE', #1563, 3.000000000000000444 ) ;
#2393 = CARTESIAN_POINT ( 'NONE',  ( 5.478420016061440911, 9.253775541565623541, 0.8115507639986432320 ) ) ;
#2394 = EDGE_CURVE ( 'NONE', #1203, #1007, #2213, .T. ) ;
#2395 = CARTESIAN_POINT ( 'NONE',  ( 1.958402155480157614, -14.53707759148000456, 7.732568999249810560 ) ) ;
#2396 = CIRCLE ( 'NONE', #1047, 1.500000000000001332 ) ;
#2397 = CARTESIAN_POINT ( 'NONE',  ( -7.010619416551651994, 11.22421879038120984, 6.673239261083339535 ) ) ;
#2398 = ADVANCED_FACE ( 'NONE', ( #2239 ), #152, .F. ) ;
#2399 = CARTESIAN_POINT ( 'NONE',  ( 3.524511534765605525, -18.76492270255137740, 4.232006803174498621 ) ) ;
#2400 = CARTESIAN_POINT ( 'NONE',  ( -8.640842885326444289, 9.548307443809120443, 3.337097158333058200 ) ) ;
#2401 = DIRECTION ( 'NONE',  ( -0.000000000000000000, -0.000000000000000000, 1.000000000000000000 ) ) ;
#2402 = CARTESIAN_POINT ( 'NONE',  ( -3.839049848310697399, -17.32700504026108135, 4.460932476219706899 ) ) ;
#2403 = EDGE_LOOP ( 'NONE', ( #423, #2147, #1704, #1353 ) ) ;
#2404 = CARTESIAN_POINT ( 'NONE',  ( -11.27935852374425529, 7.390669086996541459, 1.218294448527643459 ) ) ;
#2405 = CARTESIAN_POINT ( 'NONE',  ( -9.627393129870586819, 7.139807672994744614, 11.87260687012940785 ) ) ;
#2406 = CARTESIAN_POINT ( 'NONE',  ( -4.281375397888105283, -15.98074307980798814, 4.536760812294363454 ) ) ;
#2407 = VERTEX_POINT ( 'NONE', #307 ) ;
#2408 = CARTESIAN_POINT ( 'NONE',  ( 4.849119488118900811, 14.61752572280642504, 4.513433786141511916 ) ) ;
#2409 = CARTESIAN_POINT ( 'NONE',  ( 2.375368532586428660, -13.07550169364256121, 1.490139582248688255 ) ) ;
#2410 =( BOUNDED_SURFACE ( )  B_SPLINE_SURFACE ( 3, 2, ( 
 ( #1859, #1874, #2725 ),
 ( #631, #1468, #21 ),
 ( #2099, #199, #10 ),
 ( #1701, #845, #1051 ),
 ( #212, #858, #1919 ),
 ( #1890, #1454, #658 ),
 ( #2538, #1497, #2143 ),
 ( #2332, #1483, #463 ),
 ( #448, #2495, #1280 ),
 ( #1091, #2128, #38 ),
 ( #1075, #2113, #415 ),
 ( #1716, #2709, #1661 ),
 ( #227, #2552, #243 ),
 ( #683, #1512, #2345 ),
 ( #475, #258, #2287 ),
 ( #1249, #2621, #1526 ),
 ( #2578, #1343, #1941 ),
 ( #2399, #64, #1140 ),
 ( #91, #506, #535 ),
 ( #104, #954, #282 ) ),
 .UNSPECIFIED., .F., .F., .T. ) 
 B_SPLINE_SURFACE_WITH_KNOTS ( ( 4, 2, 2, 2, 2, 2, 2, 2, 2, 4 ),
 ( 3, 3 ),
 ( 0.01253651265998448686, 0.01492604747995234134, 0.01731558229992019582, 0.01970511711988804857, 0.02209465193985590131, 0.02448418675982375406, 0.02567895416980767870, 0.02687372157979160681, 0.02926325639975945955, 0.03165279121972731230 ),
 ( 0.000000000000000000, 1.000000000000000000 ),
 .UNSPECIFIED. ) 
 GEOMETRIC_REPRESENTATION_ITEM ( )  RATIONAL_B_SPLINE_SURFACE ( (
 ( 1.000000000000000000, 0.8350736536850249525, 1.000000000000000000),
 ( 1.000000000000000000, 0.8281291680053024518, 1.000000000000000000),
 ( 1.000000000000000000, 0.8206208490740216632, 1.000000000000000000),
 ( 1.000000000000000000, 0.8048072848762108933, 1.000000000000000000),
 ( 1.000000000000000000, 0.7964771615391488258, 1.000000000000000000),
 ( 1.000000000000000000, 0.7794980032514180479, 1.000000000000000000),
 ( 1.000000000000000000, 0.7708843602034746167, 1.000000000000000000),
 ( 1.000000000000000000, 0.7540953512053597541, 1.000000000000000000),
 ( 1.000000000000000000, 0.7459823483232930208, 1.000000000000000000),
 ( 1.000000000000000000, 0.7309215331372875823, 1.000000000000000000),
 ( 1.000000000000000000, 0.7239723265732698199, 1.000000000000000000),
 ( 1.000000000000000000, 0.7149586664333846819, 1.000000000000000000),
 ( 1.000000000000000000, 0.7121991359060194648, 1.000000000000000000),
 ( 1.000000000000000000, 0.7073271638540558071, 1.000000000000000000),
 ( 1.000000000000000000, 0.7052014096846448421, 1.000000000000000000),
 ( 1.000000000000000000, 0.6998380002288641100, 1.000000000000000000),
 ( 1.000000000000000000, 0.6976174389335130233, 1.000000000000000000),
 ( 1.000000000000000000, 0.6962627450366154491, 1.000000000000000000),
 ( 1.000000000000000000, 0.6971567624228112159, 1.000000000000000000),
 ( 1.000000000000000000, 0.6995962646129613161, 1.000000000000000000) ) ) 
 REPRESENTATION_ITEM ( '' )  SURFACE ( )  );
#2411 = DIRECTION ( 'NONE',  ( 1.000000000000000000, 0.000000000000000000, 0.000000000000000000 ) ) ;
#2412 = ADVANCED_FACE ( 'NONE', ( #1148 ), #744, .F. ) ;
#2413 = CARTESIAN_POINT ( 'NONE',  ( -12.50000000000000533, -14.49654775146461994, -17.45857301757537172 ) ) ;
#2414 = CARTESIAN_POINT ( 'NONE',  ( -11.67766818540092011, -7.415878079805621859, 9.969119551113259092 ) ) ;
#2415 = EDGE_CURVE ( 'NONE', #1269, #2547, #341, .T. ) ;
#2416 = CARTESIAN_POINT ( 'NONE',  ( -7.159614916033760323, 11.06005772064434645, 3.873482305323140640 ) ) ;
#2417 = CARTESIAN_POINT ( 'NONE',  ( -5.481175820583489511, -13.39554098382715175, 4.397997039917417084 ) ) ;
#2418 = ORIENTED_EDGE ( 'NONE', *, *, #899, .T. ) ;
#2419 = CARTESIAN_POINT ( 'NONE',  ( 0.000000000000000000, -9.000000000000003553, 4.000000000000000000 ) ) ;
#2420 = LINE ( 'NONE', #742, #436 ) ;
#2421 = FACE_OUTER_BOUND ( 'NONE', #185, .T. ) ;
#2422 = B_SPLINE_CURVE_WITH_KNOTS ( 'NONE', 3,
 ( #1021, #2257, #1221, #2055, #172, #812, #35, #1900, #488, #2356, #1951, #1698 ),
 .UNSPECIFIED., .F., .F.,
 ( 4, 2, 2, 2, 2, 4 ),
 ( 0.003196838950964056222, 0.004702006375342698656, 0.006207173799721341090, 0.009217508648478627692, 0.01222784349723591429, 0.01523817834599320090 ),
 .UNSPECIFIED. ) ;
#2423 = ORIENTED_EDGE ( 'NONE', *, *, #46, .F. ) ;
#2424 = CARTESIAN_POINT ( 'NONE',  ( 0.3891571885155306609, -19.00000000000000711, 1.000000000000000000 ) ) ;
#2425 = FACE_OUTER_BOUND ( 'NONE', #957, .T. ) ;
#2426 = CARTESIAN_POINT ( 'NONE',  ( -1.501063037608549644, 14.76831189694899926, 1.548527832160693452 ) ) ;
#2427 = EDGE_CURVE ( 'NONE', #1404, #1541, #2711, .T. ) ;
#2428 = DIRECTION ( 'NONE',  ( 1.369518533665900065E-16, -1.000000000000000000, 0.000000000000000000 ) ) ;
#2429 = CARTESIAN_POINT ( 'NONE',  ( -8.499364211970091176, 7.716551635091561501, 11.35230679983815527 ) ) ;
#2430 = CARTESIAN_POINT ( 'NONE',  ( -5.654485038366193983, -13.10222013140202613, 1.556810755502127996 ) ) ;
#2431 = ORIENTED_EDGE ( 'NONE', *, *, #62, .T. ) ;
#2432 = EDGE_CURVE ( 'NONE', #286, #1553, #721, .T. ) ;
#2433 = CARTESIAN_POINT ( 'NONE',  ( -12.50000000000000355, 7.000000000000002665, 9.359281115502165349 ) ) ;
#2434 = CARTESIAN_POINT ( 'NONE',  ( 12.50000000000000000, 7.000000000000002665, 8.999999999999991118 ) ) ;
#2435 = DIRECTION ( 'NONE',  ( -8.994518274353310005E-17, 1.000000000000000000, -9.265728841192010639E-17 ) ) ;
#2436 = EDGE_LOOP ( 'NONE', ( #20, #707, #1500, #2049 ) ) ;
#2437 = CARTESIAN_POINT ( 'NONE',  ( 10.22889772385621399, -6.844902999714959968, 12.14434977657365522 ) ) ;
#2438 = CARTESIAN_POINT ( 'NONE',  ( 1.438783978827103738, -18.99999999999999645, 6.854929479212717780 ) ) ;
#2439 = AXIS2_PLACEMENT_3D ( 'NONE', #2174, #1787, #1367 ) ;
#2440 = DIRECTION ( 'NONE',  ( 0.000000000000000000, 0.000000000000000000, 1.000000000000000000 ) ) ;
#2441 = CARTESIAN_POINT ( 'NONE',  ( -8.267235056974653773, 9.894442133345350499, 7.633550826252973209 ) ) ;
#2442 = CIRCLE ( 'NONE', #2439, 4.000000000000000000 ) ;
#2443 = CARTESIAN_POINT ( 'NONE',  ( -4.698174187462649698, -10.74903277786808076, 9.302085966717463350 ) ) ;
#2444 = VECTOR ( 'NONE', #1774, 1000.000000000000000 ) ;
#2445 = CARTESIAN_POINT ( 'NONE',  ( -2.959729717389731452, -7.000000000000007105, 0.000000000000000000 ) ) ;
#2446 = CARTESIAN_POINT ( 'NONE',  ( -4.906377895044022885, -14.49689790931646804, 1.587754143615691671 ) ) ;
#2447 = ORIENTED_EDGE ( 'NONE', *, *, #1906, .F. ) ;
#2448 = VECTOR ( 'NONE', #772, 1000.000000000000000 ) ;
#2449 = CARTESIAN_POINT ( 'NONE',  ( -27.50000000000000355, 0.9999999999999941158, -1.795124125684485872 ) ) ;
#2450 = CARTESIAN_POINT ( 'NONE',  ( -23.50000000000000355, -7.000000000000004441, 8.999999999999982236 ) ) ;
#2451 = CARTESIAN_POINT ( 'NONE',  ( -1.158004659952210913, -16.35726360533162094, 7.295731639379549271 ) ) ;
#2452 = VERTEX_POINT ( 'NONE', #1014 ) ;
#2453 = CARTESIAN_POINT ( 'NONE',  ( 7.825877800866735789, -10.33166056875695205, 7.300245717006606405 ) ) ;
#2454 = CARTESIAN_POINT ( 'NONE',  ( -2.727992872641001654, 19.00000000000000355, 6.024879129023689828 ) ) ;
#2455 = CARTESIAN_POINT ( 'NONE',  ( -5.908150535318796415, 12.71271881168422624, 5.805059209952570853 ) ) ;
#2456 = CARTESIAN_POINT ( 'NONE',  ( -26.50000000000000355, -9.500000000000005329, 4.000000000000002665 ) ) ;
#2457 = CARTESIAN_POINT ( 'NONE',  ( -23.50000000000000000, 0.9999999999999952260, 4.000000000000001776 ) ) ;
#2458 = ORIENTED_EDGE ( 'NONE', *, *, #732, .T. ) ;
#2459 = CARTESIAN_POINT ( 'NONE',  ( 2.293730372865495859, 19.00000000000000711, 6.415142145151652819 ) ) ;
#2460 = CARTESIAN_POINT ( 'NONE',  ( -8.282968798705633517, -9.872133013052737383, 3.468248742780687177 ) ) ;
#2461 = ORIENTED_EDGE ( 'NONE', *, *, #1939, .T. ) ;
#2462 = EDGE_CURVE ( 'NONE', #1495, #1975, #692, .T. ) ;
#2463 = LINE ( 'NONE', #595, #2481 ) ;
#2464 = ORIENTED_EDGE ( 'NONE', *, *, #1293, .F. ) ;
#2465 = CARTESIAN_POINT ( 'NONE',  ( -9.924996686214264230, -7.359779663900655855, 0.4190314770025489466 ) ) ;
#2466 = CARTESIAN_POINT ( 'NONE',  ( -2.707250862056281626, 19.00000000000000355, 2.063680463533936305 ) ) ;
#2467 = CARTESIAN_POINT ( 'NONE',  ( -3.388354080227270693, -12.27855083954846016, 8.551850410827753990 ) ) ;
#2468 = DIRECTION ( 'NONE',  ( 1.000000000000000000, 1.826024711554533913E-16, -0.000000000000000000 ) ) ;
#2469 = ORIENTED_EDGE ( 'NONE', *, *, #2145, .T. ) ;
#2470 = CARTESIAN_POINT ( 'NONE',  ( 2.447907719836594165, 19.00000000000000355, 6.293755378076990148 ) ) ;
#2471 = CARTESIAN_POINT ( 'NONE',  ( -8.552551158178506086, 7.000000000000004441, 0.000000000000000000 ) ) ;
#2472 = VERTEX_POINT ( 'NONE', #2471 ) ;
#2473 = CARTESIAN_POINT ( 'NONE',  ( -8.573129162038236828, 9.578368461929164468, 7.869714648390013778 ) ) ;
#2474 = CARTESIAN_POINT ( 'NONE',  ( -23.50000000000000355, 0.9999999999999954481, 4.999999999999982236 ) ) ;
#2475 = VERTEX_POINT ( 'NONE', #164 ) ;
#2476 = CARTESIAN_POINT ( 'NONE',  ( -4.629677445183788542, 15.03749449686242734, 7.561332499799211071 ) ) ;
#2477 = EDGE_CURVE ( 'NONE', #2407, #1404, #1496, .T. ) ;
#2478 = EDGE_CURVE ( 'NONE', #661, #509, #2155, .T. ) ;
#2479 =( GEOMETRIC_REPRESENTATION_CONTEXT ( 3 ) GLOBAL_UNCERTAINTY_ASSIGNED_CONTEXT ( ( #2594 ) ) GLOBAL_UNIT_ASSIGNED_CONTEXT ( ( #2336, #452, #1284 ) ) REPRESENTATION_CONTEXT ( 'NONE', 'WORKASPACE' ) );
#2480 = CARTESIAN_POINT ( 'NONE',  ( -12.67716591460228770, 3.764856390836186062, 1.438996634219797066 ) ) ;
#2481 = VECTOR ( 'NONE', #1039, 1000.000000000000000 ) ;
#2482 = CARTESIAN_POINT ( 'NONE',  ( -11.60143631097704642, -7.457497683712834835, 9.922689622492692152 ) ) ;
#2483 = EDGE_LOOP ( 'NONE', ( #277, #1999 ) ) ;
#2484 = CIRCLE ( 'NONE', #1220, 7.599999999999999645 ) ;
#2485 = CARTESIAN_POINT ( 'NONE',  ( -4.653743566598800285, 15.03439935865975663, 4.818318397570840794 ) ) ;
#2486 = CARTESIAN_POINT ( 'NONE',  ( 4.319645179435271487, 15.86713861552240701, 4.542377639578007553 ) ) ;
#2487 = FACE_OUTER_BOUND ( 'NONE', #832, .T. ) ;
#2488 = ORIENTED_EDGE ( 'NONE', *, *, #2462, .F. ) ;
#2489 = CARTESIAN_POINT ( 'NONE',  ( -23.50000000000000000, -7.000000000000004441, 4.000000000000002665 ) ) ;
#2490 =( BOUNDED_CURVE ( )  B_SPLINE_CURVE ( 3, ( #2405, #1769, #1974, #974 ),
 .UNSPECIFIED., .F., .T. ) 
 B_SPLINE_CURVE_WITH_KNOTS ( ( 4, 4 ),
 ( 3.875585255204591295, 3.885540207815271874 ),
 .UNSPECIFIED. ) 
 CURVE ( )  GEOMETRIC_REPRESENTATION_ITEM ( )  RATIONAL_B_SPLINE_CURVE ( ( 1.000000000000000000, 0.9999917415935934972, 0.9999917415935934972, 1.000000000000000000 ) ) 
 REPRESENTATION_ITEM ( '' )  );
#2491 = EDGE_CURVE ( 'NONE', #1731, #1696, #1876, .T. ) ;
#2492 = CARTESIAN_POINT ( 'NONE',  ( -2.447032942425722890, -13.68664709359905274, 8.010806793095992973 ) ) ;
#2493 = CARTESIAN_POINT ( 'NONE',  ( 10.15249091280581162, 7.547063925464375878, 11.34750908719419371 ) ) ;
#2494 = ORIENTED_EDGE ( 'NONE', *, *, #913, .F. ) ;
#2495 = CARTESIAN_POINT ( 'NONE',  ( 6.128846705261494776, -12.37541325335337028, 1.494313467519942318 ) ) ;
#2496 = CARTESIAN_POINT ( 'NONE',  ( -3.658759219825681974, 17.97040547276504796, 4.244504845028981954 ) ) ;
#2497 = CARTESIAN_POINT ( 'NONE',  ( 9.187934635058754296, -6.961855764850775508, 0.000000000000000000 ) ) ;
#2498 = EDGE_LOOP ( 'NONE', ( #2266, #1042 ) ) ;
#2499 = CARTESIAN_POINT ( 'NONE',  ( 4.281375397888077750, -15.98074307980803788, 4.536760812294364342 ) ) ;
#2500 = PLANE ( 'NONE',  #787 ) ;
#2501 = CARTESIAN_POINT ( 'NONE',  ( 3.672670439439139844, -18.06092184307664894, 4.113249864253996968 ) ) ;
#2502 = CARTESIAN_POINT ( 'NONE',  ( -11.32842712474619340, -2.068598787283122366E-15, 10.17157287525379594 ) ) ;
#2503 = ORIENTED_EDGE ( 'NONE', *, *, #372, .T. ) ;
#2504 = FACE_OUTER_BOUND ( 'NONE', #1475, .T. ) ;
#2505 = CARTESIAN_POINT ( 'NONE',  ( -3.672976767949099219, 18.05948268773797594, 4.113432924374443189 ) ) ;
#2506 = CARTESIAN_POINT ( 'NONE',  ( 0.000000000000000000, 0.000000000000000000, 7.000000000000000000 ) ) ;
#2507 = CARTESIAN_POINT ( 'NONE',  ( -3.499108362823678320, -18.99999999999999645, 4.093404138085584343 ) ) ;
#2508 = EDGE_CURVE ( 'NONE', #634, #474, #1629, .T. ) ;
#2509 = EDGE_LOOP ( 'NONE', ( #2131, #2070, #1365, #758, #1933, #1156 ) ) ;
#2510 = CARTESIAN_POINT ( 'NONE',  ( -3.805490613188257321, -11.02036396220881187, 1.226932447456793973 ) ) ;
#2511 = CARTESIAN_POINT ( 'NONE',  ( -13.17500830785092880, 2.768764961549340597, 1.398411713357097019 ) ) ;
#2512 = CARTESIAN_POINT ( 'NONE',  ( -10.01928130856667920, -8.418752086265396173, 8.903697510426113126 ) ) ;
#2513 = EDGE_CURVE ( 'NONE', #2033, #2565, #2002, .T. ) ;
#2514 = ORIENTED_EDGE ( 'NONE', *, *, #2635, .T. ) ;
#2515 = CARTESIAN_POINT ( 'NONE',  ( 3.506459366867524796, -18.93385678920612136, 6.994258007976462466 ) ) ;
#2516 = FACE_OUTER_BOUND ( 'NONE', #1972, .T. ) ;
#2517 = VERTEX_POINT ( 'NONE', #2580 ) ;
#2518 = CARTESIAN_POINT ( 'NONE',  ( -3.845672056802745598, 17.30108506102290988, 4.464127025010791172 ) ) ;
#2519 = CARTESIAN_POINT ( 'NONE',  ( 10.36981658049230681, -7.586954755674223172, 0.8698165804923114752 ) ) ;
#2520 = CARTESIAN_POINT ( 'NONE',  ( 0.000000000000000000, 0.000000000000000000, 11.00000000000000000 ) ) ;
#2521 = DIRECTION ( 'NONE',  ( 0.000000000000000000, 0.000000000000000000, 1.000000000000000000 ) ) ;
#2522 = CARTESIAN_POINT ( 'NONE',  ( -2.364948922113176533, -13.07398377446590487, 1.496348172307399471 ) ) ;
#2523 = CIRCLE ( 'NONE', #570, 7.599999999999999645 ) ;
#2524 = CARTESIAN_POINT ( 'NONE',  ( -1.008043680355014127, 7.550039837911731944, 0.2263880818996518718 ) ) ;
#2525 = CARTESIAN_POINT ( 'NONE',  ( -9.499999999999984013, -1.734723475976804333E-15, 0.000000000000000000 ) ) ;
#2526 = ORIENTED_EDGE ( 'NONE', *, *, #1968, .T. ) ;
#2527 = AXIS2_PLACEMENT_3D ( 'NONE', #1295, #271, #904 ) ;
#2528 = EDGE_CURVE ( 'NONE', #2151, #1746, #685, .T. ) ;
#2529 = AXIS2_PLACEMENT_3D ( 'NONE', #1702, #2539, #283 ) ;
#2530 = CARTESIAN_POINT ( 'NONE',  ( 9.500000000000012434, 6.912990604883034962, 0.000000000000000000 ) ) ;
#2531 = CARTESIAN_POINT ( 'NONE',  ( -9.670742447780789064, 7.139665684169944626, 0.1707424477808030250 ) ) ;
#2532 = DIRECTION ( 'NONE',  ( 2.375735951135570600E-32, -1.301042606982605321E-16, -1.000000000000000000 ) ) ;
#2533 = ORIENTED_EDGE ( 'NONE', *, *, #947, .F. ) ;
#2534 = AXIS2_PLACEMENT_3D ( 'NONE', #1633, #599, #1439 ) ;
#2535 = DIRECTION ( 'NONE',  ( 0.000000000000000000, 1.000000000000000000, 0.000000000000000000 ) ) ;
#2536 = CARTESIAN_POINT ( 'NONE',  ( 11.99975909187404355, 7.243160885003783633, 2.499759091874043104 ) ) ;
#2537 = VERTEX_POINT ( 'NONE', #700 ) ;
#2538 = CARTESIAN_POINT ( 'NONE',  ( 7.655885770019449588, -10.49346279504630175, 3.698451656085127048 ) ) ;
#2539 = DIRECTION ( 'NONE',  ( -8.994518274353310005E-17, 1.000000000000000000, -9.265728841192010639E-17 ) ) ;
#2540 = ADVANCED_BREP_SHAPE_REPRESENTATION ( 'Front-Wheel-Hub-Left', ( #1254, #1436 ), #2620 ) ;
#2541 = CARTESIAN_POINT ( 'NONE',  ( -9.224784674656289596, -9.026033758854577371, 0.8236774288627068952 ) ) ;
#2542 = ORIENTED_EDGE ( 'NONE', *, *, #1889, .T. ) ;
#2543 = CARTESIAN_POINT ( 'NONE',  ( -9.499999999999991118, -7.000000000000002665, 12.00000000000000000 ) ) ;
#2544 = DIRECTION ( 'NONE',  ( -1.000000000000000000, 0.000000000000000000, 0.000000000000000000 ) ) ;
#2545 = CARTESIAN_POINT ( 'NONE',  ( 3.857035068485879847, -17.25217361951064632, 7.134753769894875752 ) ) ;
#2546 = DIRECTION ( 'NONE',  ( -1.000000000000000000, 0.000000000000000000, 0.000000000000000000 ) ) ;
#2547 = VERTEX_POINT ( 'NONE', #1296 ) ;
#2548 = ADVANCED_FACE ( 'NONE', ( #450, #2347 ), #1331, .T. ) ;
#2549 = CARTESIAN_POINT ( 'NONE',  ( -15.32512388515220891, 1.176432802374178355, 0.3632177071912733313 ) ) ;
#2550 = EDGE_CURVE ( 'NONE', #1634, #286, #384, .T. ) ;
#2551 = EDGE_LOOP ( 'NONE', ( #1283, #879, #160, #1902 ) ) ;
#2552 = CARTESIAN_POINT ( 'NONE',  ( 4.664871711595550252, -15.02155482740712067, 1.574519527040175726 ) ) ;
#2553 = CARTESIAN_POINT ( 'NONE',  ( 1.008043680355008798, -7.550039837911730167, 0.2263880818996520661 ) ) ;
#2554 = CARTESIAN_POINT ( 'NONE',  ( 7.497669837340793286, 7.660355475552687032, 0.2733083862317823853 ) ) ;
#2555 = ORIENTED_EDGE ( 'NONE', *, *, #1788, .F. ) ;
#2556 = FILL_AREA_STYLE_COLOUR ( '', #1820 ) ;
#2557 = CARTESIAN_POINT ( 'NONE',  ( 12.50000000000000000, 7.000000000000002665, 0.000000000000000000 ) ) ;
#2558 = CARTESIAN_POINT ( 'NONE',  ( 3.605354790572401491, -18.37358585349513262, 7.026760359622365115 ) ) ;
#2559 = CARTESIAN_POINT ( 'NONE',  ( 5.442200849798347839, 13.42767261667669132, 8.053062832850967467 ) ) ;
#2560 = ORIENTED_EDGE ( 'NONE', *, *, #2635, .F. ) ;
#2561 = CARTESIAN_POINT ( 'NONE',  ( 1.158004659952207582, 16.35726360533160673, 7.295731639379551936 ) ) ;
#2562 = CARTESIAN_POINT ( 'NONE',  ( 3.354999265467353275, -12.32494882140752424, 8.532586939830416384 ) ) ;
#2563 = ADVANCED_FACE ( 'NONE', ( #893 ), #1575, .T. ) ;
#2564 = CARTESIAN_POINT ( 'NONE',  ( -8.552551158178506086, 7.000000000000004441, 0.000000000000000000 ) ) ;
#2565 = VERTEX_POINT ( 'NONE', #739 ) ;
#2566 = EDGE_CURVE ( 'NONE', #1530, #169, #579, .T. ) ;
#2567 = CARTESIAN_POINT ( 'NONE',  ( -4.281375397888083079, 15.98074307980804853, 4.536760812294371448 ) ) ;
#2568 = CARTESIAN_POINT ( 'NONE',  ( -12.25270399474601035, -7.112969536163610940, 0.1296185719815584336 ) ) ;
#2569 = ORIENTED_EDGE ( 'NONE', *, *, #78, .T. ) ;
#2570 = CARTESIAN_POINT ( 'NONE',  ( -12.50000000000000355, -7.000000000000002665, 0.000000000000000000 ) ) ;
#2571 = VECTOR ( 'NONE', #1302, 1000.000000000000000 ) ;
#2572 = CARTESIAN_POINT ( 'NONE',  ( 4.758330334158517694, 14.77130870350547731, 7.638628667376109682 ) ) ;
#2573 = VERTEX_POINT ( 'NONE', #550 ) ;
#2574 = VECTOR ( 'NONE', #1548, 1000.000000000000000 ) ;
#2575 = CARTESIAN_POINT ( 'NONE',  ( 12.19056421826988768, 7.145457176856103487, 9.309435781730101667 ) ) ;
#2576 = FACE_OUTER_BOUND ( 'NONE', #1119, .T. ) ;
#2577 = EDGE_CURVE ( 'NONE', #1530, #129, #2484, .T. ) ;
#2578 = CARTESIAN_POINT ( 'NONE',  ( 3.806017358624187441, -17.45781398752396285, 4.444446622990088969 ) ) ;
#2579 = CARTESIAN_POINT ( 'NONE',  ( -23.50000000000000000, -9.500000000000005329, 4.000000000000002665 ) ) ;
#2580 = CARTESIAN_POINT ( 'NONE',  ( 12.50000000000000000, -7.000000000000002665, 2.999999999999995559 ) ) ;
#2581 = VERTEX_POINT ( 'NONE', #2013 ) ;
#2582 = EDGE_CURVE ( 'NONE', #2452, #634, #1917, .T. ) ;
#2583 = CYLINDRICAL_SURFACE ( 'NONE', #702, 1.350000000000000533 ) ;
#2584 = CARTESIAN_POINT ( 'NONE',  ( -27.50000000000000355, -7.000000000000004441, 8.999999999999982236 ) ) ;
#2585 = CARTESIAN_POINT ( 'NONE',  ( 2.987833715772923338, 12.83029599402003029, 8.320611510307742265 ) ) ;
#2586 = ORIENTED_EDGE ( 'NONE', *, *, #419, .F. ) ;
#2587 = CARTESIAN_POINT ( 'NONE',  ( -12.50000000000000533, -19.00000000000000711, 7.000000000000000000 ) ) ;
#2588 = CARTESIAN_POINT ( 'NONE',  ( 2.881375264601301112, -12.27412004413827695, 1.412778268513673163 ) ) ;
#2589 = DIRECTION ( 'NONE',  ( -0.000000000000000000, 0.000000000000000000, 1.000000000000000000 ) ) ;
#2590 = PRODUCT_DEFINITION_SHAPE ( 'NONE', 'NONE',  #850 ) ;
#2591 = CARTESIAN_POINT ( 'NONE',  ( -4.094999925255717876, 10.68897895589621605, 1.158416704837627265 ) ) ;
#2592 = CARTESIAN_POINT ( 'NONE',  ( -4.054698469784469239, -10.73564278121755677, 1.167903397988742986 ) ) ;
#2593 = ORIENTED_EDGE ( 'NONE', *, *, #1482, .F. ) ;
#2594 = UNCERTAINTY_MEASURE_WITH_UNIT (LENGTH_MEASURE( 1.000000000000000082E-05 ), #2336, 'distance_accuracy_value', 'NONE');
#2595 = DIRECTION ( 'NONE',  ( 0.000000000000000000, 1.000000000000000000, -8.708451184622465918E-18 ) ) ;
#2596 = CARTESIAN_POINT ( 'NONE',  ( 0.000000000000000000, 19.00000000000000355, 5.350000000000000533 ) ) ;
#2597 = EDGE_CURVE ( 'NONE', #1558, #2151, #2371, .T. ) ;
#2598 = CARTESIAN_POINT ( 'NONE',  ( 1.085508540171087777, 16.42541082338522074, 7.251487848667879987 ) ) ;
#2599 = CARTESIAN_POINT ( 'NONE',  ( 11.25965804366996892, -7.618549219648433457, 10.24034195633002930 ) ) ;
#2600 = EDGE_LOOP ( 'NONE', ( #2294, #556, #1645, #1723, #1481, #149, #1753, #1673 ) ) ;
#2601 = CARTESIAN_POINT ( 'NONE',  ( 2.138335288436878923, 13.48977960894738182, 1.517251040367815440 ) ) ;
#2602 = EDGE_CURVE ( 'NONE', #1024, #1807, #2666, .T. ) ;
#2603 = CARTESIAN_POINT ( 'NONE',  ( 2.215701716872924276, -13.35231586893250366, 1.509023514482500605 ) ) ;
#2604 =( BOUNDED_CURVE ( )  B_SPLINE_CURVE ( 3, ( #2153, #1125, #2536, #267 ),
 .UNSPECIFIED., .F., .T. ) 
 B_SPLINE_CURVE_WITH_KNOTS ( ( 4, 4 ),
 ( 2.010216397256216592, 2.062359491069699846 ),
 .UNSPECIFIED. ) 
 CURVE ( )  GEOMETRIC_REPRESENTATION_ITEM ( )  RATIONAL_B_SPLINE_CURVE ( ( 1.000000000000000000, 0.9997734376477511731, 0.9997734376477511731, 1.000000000000000000 ) ) 
 REPRESENTATION_ITEM ( '' )  );
#2605 = CARTESIAN_POINT ( 'NONE',  ( 9.627393129870583266, -7.139807672994741949, 11.87260687012941673 ) ) ;
#2606 = CARTESIAN_POINT ( 'NONE',  ( -10.00569127005479331, 8.376681712801028468, 10.77285489419223730 ) ) ;
#2607 = CARTESIAN_POINT ( 'NONE',  ( -8.565463559438819985, 6.916350788407160444, -0.009109613323840646051 ) ) ;
#2608 = CARTESIAN_POINT ( 'NONE',  ( -2.975977888954919326, 12.84909306762738623, 8.313820253158715090 ) ) ;
#2609 = CARTESIAN_POINT ( 'NONE',  ( -3.515083134441224999, -18.76777113711726130, 1.068666159436372887 ) ) ;
#2610 = ORIENTED_EDGE ( 'NONE', *, *, #2632, .T. ) ;
#2611 = CARTESIAN_POINT ( 'NONE',  ( 9.499999999999998224, -7.000000000000000888, 12.00000000000000000 ) ) ;
#2612 = CARTESIAN_POINT ( 'NONE',  ( 0.5931865240481452028, -19.00000000000000355, 0.9999999999999967804 ) ) ;
#2613 = CARTESIAN_POINT ( 'NONE',  ( -12.59585088371216344, -9.000000000000005329, -2.561003365780202046 ) ) ;
#2614 = ORIENTED_EDGE ( 'NONE', *, *, #2110, .F. ) ;
#2615 = AXIS2_PLACEMENT_3D ( 'NONE', #857, #2056, #1022 ) ;
#2616 = CARTESIAN_POINT ( 'NONE',  ( 6.787769845065334096, 11.49386694643325590, 4.003358562915443564 ) ) ;
#2617 = CARTESIAN_POINT ( 'NONE',  ( -19.30663522008206101, 21.47997641506154665, 0.000000000000000000 ) ) ;
#2618 = AXIS2_PLACEMENT_3D ( 'NONE', #2506, #640, #2368 ) ;
#2619 = LINE ( 'NONE', #268, #2574 ) ;
#2620 =( GEOMETRIC_REPRESENTATION_CONTEXT ( 3 ) GLOBAL_UNCERTAINTY_ASSIGNED_CONTEXT ( ( #495 ) ) GLOBAL_UNIT_ASSIGNED_CONTEXT ( ( #50, #240, #1306 ) ) REPRESENTATION_CONTEXT ( 'NONE', 'WORKASPACE' ) );
#2621 = CARTESIAN_POINT ( 'NONE',  ( 4.045583613936532430, -16.63692048379792965, 1.448996718840785958 ) ) ;
#2622 = CARTESIAN_POINT ( 'NONE',  ( -7.393619255075146057, 10.79330491011911874, 3.790697685794493399 ) ) ;
#2623 = CARTESIAN_POINT ( 'NONE',  ( -11.60143631097705885, 7.457497683712828618, 9.922689622492692152 ) ) ;
#2624 = CARTESIAN_POINT ( 'NONE',  ( -3.431532204496397398, -19.35194230876521360, 0.9123810367268578858 ) ) ;
#2625 = ORIENTED_EDGE ( 'NONE', *, *, #192, .T. ) ;
#2626 = CARTESIAN_POINT ( 'NONE',  ( 9.585160892676917399, -7.092993941461602780, 11.91483910732308793 ) ) ;
#2627 = CARTESIAN_POINT ( 'NONE',  ( 3.382486201320642039, -19.00000000000000000, 3.295954665614119872 ) ) ;
#2628 = DIRECTION ( 'NONE',  ( -0.000000000000000000, -0.000000000000000000, -1.000000000000000000 ) ) ;
#2629 = EDGE_LOOP ( 'NONE', ( #1109, #1066, #1176, #2488, #261, #903 ) ) ;
#2630 = CARTESIAN_POINT ( 'NONE',  ( -3.061926763637855764, -18.99999999999999645, 2.553782687063463008 ) ) ;
#2631 = CARTESIAN_POINT ( 'NONE',  ( 0.8628678530765685473, -16.53735112490700487, 1.441541011017737350 ) ) ;
#2632 = EDGE_CURVE ( 'NONE', #169, #253, #34, .T. ) ;
#2633 = CARTESIAN_POINT ( 'NONE',  ( -11.88558898430805222, -7.186219366117374996, 1.382582828687188181 ) ) ;
#2634 = CARTESIAN_POINT ( 'NONE',  ( -0.5655757135917941492, 17.75687436621652182, 1.269733341196533694 ) ) ;
#2635 = EDGE_CURVE ( 'NONE', #1731, #2151, #413, .T. ) ;
#2636 = CARTESIAN_POINT ( 'NONE',  ( 9.500000000000012434, 6.912990604883034962, 0.000000000000000000 ) ) ;
#2637 = CARTESIAN_POINT ( 'NONE',  ( -7.807034213708235804, -8.138837541633805017, 10.99814225778562182 ) ) ;
#2638 = CARTESIAN_POINT ( 'NONE',  ( -4.882048609042719534, 9.841353618131471137, 0.9645656702233954549 ) ) ;
#2639 = CARTESIAN_POINT ( 'NONE',  ( -5.487196674786479988, 9.983422303426960909, 9.745102817538732864 ) ) ;
#2640 = CARTESIAN_POINT ( 'NONE',  ( -6.401809508291027129, -12.00475771565707994, 1.446510527764540255 ) ) ;
#2641 = DIRECTION ( 'NONE',  ( -1.000000000000000000, 0.000000000000000000, 0.000000000000000000 ) ) ;
#2642 = FACE_OUTER_BOUND ( 'NONE', #1400, .T. ) ;
#2643 = LINE ( 'NONE', #1809, #1782 ) ;
#2644 = VERTEX_POINT ( 'NONE', #359 ) ;
#2645 = CARTESIAN_POINT ( 'NONE',  ( 5.176290956397607168, 13.94728888371423814, 1.591015261851705720 ) ) ;
#2646 = CARTESIAN_POINT ( 'NONE',  ( 3.422468182166950701, -11.50374438074082839, 1.311388758977357405 ) ) ;
#2647 = CARTESIAN_POINT ( 'NONE',  ( -12.50000000000000355, 7.000000000000002665, 0.000000000000000000 ) ) ;
#2648 = CARTESIAN_POINT ( 'NONE',  ( -9.002858270145802422, 9.154576305657885271, 10.20458899322124857 ) ) ;
#2649 = CARTESIAN_POINT ( 'NONE',  ( -6.098945587051360917, -12.38936331474628361, 8.458016395062456283 ) ) ;
#2650 = CARTESIAN_POINT ( 'NONE',  ( -11.00308582682754199, 7.713451854058422263, 0.3854492344852527008 ) ) ;
#2651 = CARTESIAN_POINT ( 'NONE',  ( -11.32842712474619518, 7.584888519983734589, 10.17157287525379417 ) ) ;
#2652 = CARTESIAN_POINT ( 'NONE',  ( -3.427990383160773646, -19.39252927975470442, 4.092191890577534075 ) ) ;
#2653 = ORIENTED_EDGE ( 'NONE', *, *, #1110, .F. ) ;
#2654 = CARTESIAN_POINT ( 'NONE',  ( 0.000000000000000000, 0.000000000000000000, 11.00000000000000000 ) ) ;
#2655 = DIRECTION ( 'NONE',  ( -1.369518533665900065E-16, 1.000000000000000000, 0.000000000000000000 ) ) ;
#2656 = CARTESIAN_POINT ( 'NONE',  ( -9.627393129878552003, -7.139807672990674092, 11.87260687013308846 ) ) ;
#2657 = ORIENTED_EDGE ( 'NONE', *, *, #1889, .F. ) ;
#2658 = CARTESIAN_POINT ( 'NONE',  ( 7.245055837086800565, -10.92967991571780217, 9.161109122140285166 ) ) ;
#2659 = AXIS2_PLACEMENT_3D ( 'NONE', #1080, #1604, #89 ) ;
#2660 = CARTESIAN_POINT ( 'NONE',  ( -3.499108362823674767, 19.00000000000000355, 4.093404138086931709 ) ) ;
#2661 = AXIS2_PLACEMENT_3D ( 'NONE', #1076, #259, #1920 ) ;
#2662 = CARTESIAN_POINT ( 'NONE',  ( -6.620025164166720266, -11.71090772527334600, 6.366707725605476043 ) ) ;
#2663 = VECTOR ( 'NONE', #1327, 1000.000000000000000 ) ;
#2664 = CYLINDRICAL_SURFACE ( 'NONE', #2139, 3.000000000000002665 ) ;
#2665 = CYLINDRICAL_SURFACE ( 'NONE', #914, 16.00000000000000000 ) ;
#2666 = LINE ( 'NONE', #1247, #708 ) ;
#2667 = EDGE_CURVE ( 'NONE', #2199, #1288, #241, .T. ) ;
#2668 = EDGE_LOOP ( 'NONE', ( #686, #26 ) ) ;
#2669 = CIRCLE ( 'NONE', #1572, 1.500000000000000444 ) ;
#2670 = CYLINDRICAL_SURFACE ( 'NONE', #2708, 1.350000000000000089 ) ;
#2671 = CARTESIAN_POINT ( 'NONE',  ( -12.48796825653441189, -7.000000000000005329, 1.821676698766312441 ) ) ;
#2672 = CARTESIAN_POINT ( 'NONE',  ( -7.915246987349130237, -10.23476420828134614, 7.369132715312687765 ) ) ;
#2673 = ADVANCED_FACE ( 'NONE', ( #184 ), #2723, .F. ) ;
#2674 = ORIENTED_EDGE ( 'NONE', *, *, #2667, .F. ) ;
#2675 = CARTESIAN_POINT ( 'NONE',  ( -15.32512388515220891, -7.000000000000004441, 0.3632177071912750521 ) ) ;
#2676 = CARTESIAN_POINT ( 'NONE',  ( 3.984733138284256349, 16.82223112733646175, 4.506466125868298533 ) ) ;
#2677 = ORIENTED_EDGE ( 'NONE', *, *, #1543, .F. ) ;
#2678 = CARTESIAN_POINT ( 'NONE',  ( -3.074316594764885391, 19.00000000000000355, 5.563281651886244461 ) ) ;
#2679 = CARTESIAN_POINT ( 'NONE',  ( -3.160567588051564236, 19.00000000000000355, 2.733751884831062018 ) ) ;
#2680 = DIRECTION ( 'NONE',  ( -1.000000000000000000, 0.000000000000000000, 0.000000000000000000 ) ) ;
#2681 = EDGE_LOOP ( 'NONE', ( #1256, #207, #1687, #1779 ) ) ;
#2682 = B_SPLINE_CURVE_WITH_KNOTS ( 'NONE', 3,
 ( #2263, #1036, #2671, #2683, #1469, #163 ),
 .UNSPECIFIED., .F., .F.,
 ( 4, 2, 4 ),
 ( 8.673617379884035472E-19, 0.0003080700659083319840, 0.0006161401318166631006 ),
 .UNSPECIFIED. ) ;
#2683 = CARTESIAN_POINT ( 'NONE',  ( -12.43856470477662945, -7.000000000000003553, 1.621739904834908819 ) ) ;
#2684 = CARTESIAN_POINT ( 'NONE',  ( 3.879721043375981004, -17.22142431640751781, 4.354597867196096317 ) ) ;
#2685 = ORIENTED_EDGE ( 'NONE', *, *, #1513, .F. ) ;
#2686 = EDGE_CURVE ( 'NONE', #862, #800, #2669, .T. ) ;
#2687 = CARTESIAN_POINT ( 'NONE',  ( 6.451525539280979160, -9.172920955998399961, 10.27337429535771385 ) ) ;
#2688 = ORIENTED_EDGE ( 'NONE', *, *, #2602, .F. ) ;
#2689 = EDGE_CURVE ( 'NONE', #1024, #1434, #533, .T. ) ;
#2690 = CARTESIAN_POINT ( 'NONE',  ( -3.319756871877328486, 19.00000000000000000, 3.102813339805071902 ) ) ;
#2691 = CARTESIAN_POINT ( 'NONE',  ( -8.998362034897589012, -9.158609290026129557, 10.20198401864159088 ) ) ;
#2692 = CARTESIAN_POINT ( 'NONE',  ( 9.912534131640263979, 7.411825405136734268, 11.58746586835973247 ) ) ;
#2693 = VERTEX_POINT ( 'NONE', #2507 ) ;
#2694 = CARTESIAN_POINT ( 'NONE',  ( -12.50000000000000533, 19.00000000000000355, 12.00000000000000000 ) ) ;
#2695 = CARTESIAN_POINT ( 'NONE',  ( -10.69347665947650050, -7.986427490785451333, 2.601170540915004992 ) ) ;
#2696 = ORIENTED_EDGE ( 'NONE', *, *, #517, .T. ) ;
#2697 = CARTESIAN_POINT ( 'NONE',  ( -27.50000000000000355, 0.9999999999999954481, 8.999999999999982236 ) ) ;
#2698 = DIRECTION ( 'NONE',  ( -8.360113137237623735E-17, 1.000000000000000000, -1.301042606982605321E-16 ) ) ;
#2699 = CARTESIAN_POINT ( 'NONE',  ( 7.665974931695949124, -10.46820988955378162, 9.414832934335361614 ) ) ;
#2700 = DIRECTION ( 'NONE',  ( 1.000000000000000000, 8.360113137237623735E-17, -0.000000000000000000 ) ) ;
#2701 = ORIENTED_EDGE ( 'NONE', *, *, #886, .F. ) ;
#2702 = EDGE_CURVE ( 'NONE', #387, #230, #1423, .T. ) ;
#2703 = CARTESIAN_POINT ( 'NONE',  ( -3.464942455842423108, 19.21158468932455676, 6.984190369969370593 ) ) ;
#2704 = ADVANCED_FACE ( 'NONE', ( #1832 ), #590, .F. ) ;
#2705 = CARTESIAN_POINT ( 'NONE',  ( -3.430426796553425639, -19.48991146842728028, 6.979892575891207152 ) ) ;
#2706 = CARTESIAN_POINT ( 'NONE',  ( 10.74314238961624213, 7.699221511849556165, 10.75685761038374899 ) ) ;
#2707 = ORIENTED_EDGE ( 'NONE', *, *, #146, .T. ) ;
#2708 = AXIS2_PLACEMENT_3D ( 'NONE', #1198, #1554, #2387 ) ;
#2709 = CARTESIAN_POINT ( 'NONE',  ( 4.787064046790720617, -14.75012973384839654, 1.583122546637195205 ) ) ;
#2710 = CARTESIAN_POINT ( 'NONE',  ( 0.4877036544836538257, 19.00000000000000000, 7.000000000000000000 ) ) ;
#2711 = B_SPLINE_CURVE_WITH_KNOTS ( 'NONE', 3,
 ( #2406, #321, #1159, #960, #2276, #1825, #1226, #1647, #2672, #178, #1026, #2512, #645, #2482 ),
 .UNSPECIFIED., .F., .F.,
 ( 4, 2, 2, 2, 2, 2, 4 ),
 ( 0.003155784768598370732, 0.004735523970175271880, 0.006315263171752173027, 0.009474741574905975322, 0.01105448077648287647, 0.01263421997805977935, 0.01579369838121358685 ),
 .UNSPECIFIED. ) ;
#2712 = AXIS2_PLACEMENT_3D ( 'NONE', #2579, #714, #659 ) ;
#2713 = CARTESIAN_POINT ( 'NONE',  ( -11.57417627418166006, -7.463149327167148073, 2.309385924305647819 ) ) ;
#2714 = ORIENTED_EDGE ( 'NONE', *, *, #1640, .T. ) ;
#2715 = CARTESIAN_POINT ( 'NONE',  ( -20.77072699855995808, 0.9999999999999931166, -4.719345198655962470 ) ) ;
#2716 = LINE ( 'NONE', #2339, #922 ) ;
#2717 = ORIENTED_EDGE ( 'NONE', *, *, #350, .F. ) ;
#2718 = EDGE_CURVE ( 'NONE', #2277, #1069, #1050, .T. ) ;
#2719 = CARTESIAN_POINT ( 'NONE',  ( -2.321088567401507152, 13.16535869534584080, 1.497538866115859957 ) ) ;
#2720 = CARTESIAN_POINT ( 'NONE',  ( -4.001052232818063992, 16.77055994594156374, 4.329395197081289837 ) ) ;
#2721 = FACE_OUTER_BOUND ( 'NONE', #500, .T. ) ;
#2722 = ADVANCED_FACE ( 'NONE', ( #1422 ), #386, .F. ) ;
#2723 = PLANE ( 'NONE',  #2050 ) ;
#2724 = CARTESIAN_POINT ( 'NONE',  ( -9.627393129870586819, 7.139807672994744614, 11.87260687012940785 ) ) ;
#2725 = CARTESIAN_POINT ( 'NONE',  ( 10.43654312296575881, -6.016505967012959921, -0.4559587675856402456 ) ) ;
#2726 = CARTESIAN_POINT ( 'NONE',  ( -14.18528709798229848, 1.732994973357985913, 1.112700852329214563 ) ) ;
ENDSEC;
END-ISO-10303-21;
