ISO-10303-21;
HEADER;
FILE_DESCRIPTION (( 'STEP AP214' ),
    '1' );
FILE_NAME ('Front Suspension Arm Top.STEP',
    '2026-05-08T14:26:56',
    ( '' ),
    ( '' ),
    'SwSTEP 2.0',
    'SolidWorks 2026',
    '' );
FILE_SCHEMA (( 'AUTOMOTIVE_DESIGN' ));
ENDSEC;

DATA;
#1 = DIRECTION ( 'NONE',  ( -0.3720752419282715162, 0.000000000000000000, 0.9282025718257940206 ) ) ;
#2 = CARTESIAN_POINT ( 'NONE',  ( 0.000000000000000000, 3.000000000000000000, 30.00000000000000355 ) ) ;
#3 = AXIS2_PLACEMENT_3D ( 'NONE', #2037, #1518, #36 ) ;
#4 = ORIENTED_EDGE ( 'NONE', *, *, #2502, .T. ) ;
#5 = CARTESIAN_POINT ( 'NONE',  ( 0.000000000000000000, 8.000000000000000000, -32.61324483279022246 ) ) ;
#6 = CARTESIAN_POINT ( 'NONE',  ( -9.202416647599691868E-16, 1.426743375230600019, -42.65062902660279320 ) ) ;
#7 = LINE ( 'NONE', #991, #1734 ) ;
#8 = PRODUCT ( 'Front Suspension Arm Top', 'Front Suspension Arm Top', '', ( #253 ) ) ;
#9 = ORIENTED_EDGE ( 'NONE', *, *, #1022, .F. ) ;
#10 = DIRECTION ( 'NONE',  ( 1.000000000000000000, -0.000000000000000000, 0.000000000000000000 ) ) ;
#11 = FACE_OUTER_BOUND ( 'NONE', #1746, .T. ) ;
#12 = ORIENTED_EDGE ( 'NONE', *, *, #1731, .T. ) ;
#13 = EDGE_CURVE ( 'NONE', #776, #581, #2659, .T. ) ;
#14 = FACE_OUTER_BOUND ( 'NONE', #2558, .T. ) ;
#15 = ADVANCED_FACE ( 'NONE', ( #895 ), #648, .F. ) ;
#16 = CARTESIAN_POINT ( 'NONE',  ( 7.477541933972236876, 6.000000000000000000, -45.00000000000000000 ) ) ;
#17 = ADVANCED_FACE ( 'NONE', ( #3082 ), #2550, .F. ) ;
#18 = ORIENTED_EDGE ( 'NONE', *, *, #878, .F. ) ;
#19 = DIRECTION ( 'NONE',  ( 0.000000000000000000, 1.000000000000000000, 0.000000000000000000 ) ) ;
#20 = FACE_OUTER_BOUND ( 'NONE', #1667, .T. ) ;
#21 = DIRECTION ( 'NONE',  ( 0.000000000000000000, 1.000000000000000000, 0.000000000000000000 ) ) ;
#22 = DIRECTION ( 'NONE',  ( 0.000000000000000000, -0.000000000000000000, -1.000000000000000000 ) ) ;
#23 = ORIENTED_EDGE ( 'NONE', *, *, #2801, .F. ) ;
#24 = CARTESIAN_POINT ( 'NONE',  ( -7.473181553834417734, 0.9987281221415431620, -44.73623675737631800 ) ) ;
#25 = CARTESIAN_POINT ( 'NONE',  ( -1.714040219394045605, 1.348908651922916757, -42.27595378722109842 ) ) ;
#26 = CARTESIAN_POINT ( 'NONE',  ( -9.500000000000001776, 8.000000000000000000, 0.7218254069482293866 ) ) ;
#27 = CIRCLE ( 'NONE', #3087, 0.9000000000000024647 ) ;
#28 = CARTESIAN_POINT ( 'NONE',  ( -1.189815043338035228, 0.06294687786038061228, -43.50320238775061199 ) ) ;
#29 = CIRCLE ( 'NONE', #534, 0.5000000000000004441 ) ;
#30 = EDGE_CURVE ( 'NONE', #2122, #2005, #1708, .T. ) ;
#31 = CARTESIAN_POINT ( 'NONE',  ( -1.480734290160373279, 0.000000000000000000, 17.22637249102629298 ) ) ;
#32 = LINE ( 'NONE', #231, #607 ) ;
#33 = PRODUCT ( 'Front-Suspension-Arm-Ball', 'Front-Suspension-Arm-Ball', '', ( #1448 ) ) ;
#34 = ORIENTED_EDGE ( 'NONE', *, *, #1659, .F. ) ;
#35 = CARTESIAN_POINT ( 'NONE',  ( -10.00000000000000178, 8.000000000000000000, 0.7218254069482291646 ) ) ;
#36 = DIRECTION ( 'NONE',  ( -1.156482317317871478E-16, 0.000000000000000000, -1.000000000000000000 ) ) ;
#37 = CARTESIAN_POINT ( 'NONE',  ( -15.00000000000000711, 0.000000000000000000, -20.08081825816746147 ) ) ;
#38 = FACE_BOUND ( 'NONE', #1162, .T. ) ;
#39 = ORIENTED_EDGE ( 'NONE', *, *, #90, .F. ) ;
#40 = CARTESIAN_POINT ( 'NONE',  ( 5.000000000000000888, 4.000000000000000000, 42.25000000000000000 ) ) ;
#41 = LINE ( 'NONE', #1722, #1715 ) ;
#42 = CARTESIAN_POINT ( 'NONE',  ( -0.1505104214303121246, 1.426731318304152563, -42.65060125859002227 ) ) ;
#43 = AXIS2_PLACEMENT_3D ( 'NONE', #1605, #653, #1095 ) ;
#44 = CARTESIAN_POINT ( 'NONE',  ( -9.146446609406728712, 0.000000000000000000, -10.07537879754129939 ) ) ;
#45 = AXIS2_PLACEMENT_3D ( 'NONE', #2315, #843, #2362 ) ;
#46 = VECTOR ( 'NONE', #1392, 1000.000000000000000 ) ;
#47 = ORIENTED_EDGE ( 'NONE', *, *, #13, .F. ) ;
#48 = VERTEX_POINT ( 'NONE', #678 ) ;
#49 = DIRECTION ( 'NONE',  ( -1.000000000000000000, 0.000000000000000000, -0.000000000000000000 ) ) ;
#50 = ADVANCED_FACE ( 'NONE', ( #612 ), #141, .T. ) ;
#51 = DIRECTION ( 'NONE',  ( 1.445602896647339656E-16, 0.000000000000000000, -1.000000000000000000 ) ) ;
#52 = ADVANCED_FACE ( 'NONE', ( #1364 ), #2063, .F. ) ;
#53 = FACE_OUTER_BOUND ( 'NONE', #560, .T. ) ;
#54 = EDGE_CURVE ( 'NONE', #2517, #146, #847, .T. ) ;
#55 = EDGE_LOOP ( 'NONE', ( #2908, #289 ) ) ;
#56 = CYLINDRICAL_SURFACE ( 'NONE', #2489, 0.5000000000000004441 ) ;
#57 = ORIENTED_EDGE ( 'NONE', *, *, #1578, .F. ) ;
#58 = CARTESIAN_POINT ( 'NONE',  ( -5.641584367216253892E-16, 1.348908651922916091, -33.39329676838730165 ) ) ;
#59 = CARTESIAN_POINT ( 'NONE',  ( -49.79166604315376787, 0.000000000000000000, -44.17853350808720592 ) ) ;
#60 = VERTEX_POINT ( 'NONE', #3051 ) ;
#61 = CARTESIAN_POINT ( 'NONE',  ( -49.79166604315376787, 0.000000000000000000, -44.17853350808720592 ) ) ;
#62 = CARTESIAN_POINT ( 'NONE',  ( -0.6891545354185987238, 7.874069137135352392, -43.69968107648629996 ) ) ;
#63 = ORIENTED_EDGE ( 'NONE', *, *, #940, .F. ) ;
#64 = VERTEX_POINT ( 'NONE', #1125 ) ;
#65 = DIRECTION ( 'NONE',  ( 0.3226739277881373047, 0.000000000000000000, -0.9465101881785403792 ) ) ;
#66 = DIRECTION ( 'NONE',  ( -1.000000000000000000, 0.000000000000000000, 0.000000000000000000 ) ) ;
#67 = ORIENTED_EDGE ( 'NONE', *, *, #770, .F. ) ;
#68 = LINE ( 'NONE', #567, #862 ) ;
#69 = ORIENTED_EDGE ( 'NONE', *, *, #854, .F. ) ;
#70 = DIRECTION ( 'NONE',  ( -0.000000000000000000, -1.000000000000000000, -0.000000000000000000 ) ) ;
#71 = EDGE_CURVE ( 'NONE', #96, #60, #3033, .T. ) ;
#72 = DIRECTION ( 'NONE',  ( 0.7071067811865513475, 0.000000000000000000, 0.7071067811865435759 ) ) ;
#73 = EDGE_LOOP ( 'NONE', ( #2260, #2050, #411, #57 ) ) ;
#74 = CARTESIAN_POINT ( 'NONE',  ( 0.5886991593480365159, 1.408183234418729723, -42.60516489509802796 ) ) ;
#75 = CARTESIAN_POINT ( 'NONE',  ( 1.354097006815149218, 7.958142353569528815, -43.41860720214819480 ) ) ;
#76 = AXIS2_PLACEMENT_3D ( 'NONE', #1692, #2432, #919 ) ;
#77 = AXIS2_PLACEMENT_3D ( 'NONE', #1739, #1011, #2711 ) ;
#78 = ORIENTED_EDGE ( 'NONE', *, *, #418, .T. ) ;
#79 = EDGE_LOOP ( 'NONE', ( #1630, #1211, #1194, #1757 ) ) ;
#80 = CYLINDRICAL_SURFACE ( 'NONE', #2529, 0.5000000000000004441 ) ;
#81 = DIRECTION ( 'NONE',  ( 0.000000000000000000, 0.000000000000000000, 1.000000000000000000 ) ) ;
#82 = VERTEX_POINT ( 'NONE', #2129 ) ;
#83 = FACE_OUTER_BOUND ( 'NONE', #2654, .T. ) ;
#84 = ORIENTED_EDGE ( 'NONE', *, *, #769, .T. ) ;
#85 = EDGE_CURVE ( 'NONE', #96, #1780, #3068, .T. ) ;
#86 = DIRECTION ( 'NONE',  ( -1.000000000000000000, 0.000000000000000000, 2.312964634635742957E-16 ) ) ;
#87 = ORIENTED_EDGE ( 'NONE', *, *, #1758, .T. ) ;
#88 = ORIENTED_EDGE ( 'NONE', *, *, #1578, .T. ) ;
#89 = COLOUR_RGB ( '',0.7921568627450980005, 0.8196078431372548767, 0.9333333333333333481 ) ;
#90 = EDGE_CURVE ( 'NONE', #155, #1389, #1352, .T. ) ;
#91 = CARTESIAN_POINT ( 'NONE',  ( -0.5893585891208280580, 1.408140854411025655, -42.60505222064255548 ) ) ;
#92 = CARTESIAN_POINT ( 'NONE',  ( 0.6883834445637349031, 7.873979034952493627, -43.69992062848737646 ) ) ;
#93 = AXIS2_PLACEMENT_3D ( 'NONE', #1028, #2199, #263 ) ;
#94 = AXIS2_PLACEMENT_3D ( 'NONE', #1751, #308, #528 ) ;
#95 = VERTEX_POINT ( 'NONE', #2437 ) ;
#96 = VERTEX_POINT ( 'NONE', #1235 ) ;
#97 = DIRECTION ( 'NONE',  ( 1.000000000000000000, 0.000000000000000000, -1.084202172485504434E-16 ) ) ;
#98 = TOROIDAL_SURFACE ( 'NONE', #667, 5.386755167209774875, 0.9000000000000000222 ) ;
#99 = CIRCLE ( 'NONE', #2095, 2.250000000000001776 ) ;
#100 = CARTESIAN_POINT ( 'NONE',  ( 1.669410514312501093, 7.100000000000000533, -42.16461768535678090 ) ) ;
#101 = VECTOR ( 'NONE', #1410, 1000.000000000000000 ) ;
#102 = ORIENTED_EDGE ( 'NONE', *, *, #2795, .F. ) ;
#103 = LINE ( 'NONE', #2340, #2290 ) ;
#104 = EDGE_LOOP ( 'NONE', ( #1788, #792, #2264, #1001, #3015, #359, #943 ) ) ;
#105 = ORIENTED_EDGE ( 'NONE', *, *, #71, .T. ) ;
#106 = DIRECTION ( 'NONE',  ( -1.000000000000000000, 0.000000000000000000, -0.000000000000000000 ) ) ;
#107 = CARTESIAN_POINT ( 'NONE',  ( -4.983107304583207942, 0.000000000000000000, 27.50000000000000000 ) ) ;
#108 = EDGE_CURVE ( 'NONE', #2942, #1761, #2880, .T. ) ;
#109 = EDGE_CURVE ( 'NONE', #3120, #1611, #588, .T. ) ;
#110 = ORIENTED_EDGE ( 'NONE', *, *, #2651, .F. ) ;
#111 = VERTEX_POINT ( 'NONE', #1419 ) ;
#112 = LINE ( 'NONE', #318, #599 ) ;
#113 = VERTEX_POINT ( 'NONE', #250 ) ;
#114 = DIRECTION ( 'NONE',  ( 1.000000000000000000, 0.000000000000000000, -8.673617379884035472E-17 ) ) ;
#115 = ORIENTED_EDGE ( 'NONE', *, *, #2817, .F. ) ;
#116 = FACE_OUTER_BOUND ( 'NONE', #2884, .T. ) ;
#117 = EDGE_LOOP ( 'NONE', ( #2246, #816, #2056, #2289 ) ) ;
#118 = DIRECTION ( 'NONE',  ( 0.000000000000000000, 1.000000000000000000, 0.000000000000000000 ) ) ;
#119 = DIRECTION ( 'NONE',  ( 0.000000000000000000, 0.000000000000000000, 1.000000000000000000 ) ) ;
#120 = FACE_OUTER_BOUND ( 'NONE', #2591, .T. ) ;
#121 = EDGE_CURVE ( 'NONE', #2713, #2241, #1608, .T. ) ;
#122 = ORIENTED_EDGE ( 'NONE', *, *, #453, .F. ) ;
#123 = DIRECTION ( 'NONE',  ( 0.000000000000000000, 0.000000000000000000, 1.000000000000000000 ) ) ;
#124 = VERTEX_POINT ( 'NONE', #981 ) ;
#125 = AXIS2_PLACEMENT_3D ( 'NONE', #217, #3127, #1963 ) ;
#126 = ORIENTED_EDGE ( 'NONE', *, *, #1943, .F. ) ;
#127 = AXIS2_PLACEMENT_3D ( 'NONE', #1239, #19, #2935 ) ;
#128 = DIRECTION ( 'NONE',  ( 0.000000000000000000, 0.000000000000000000, 1.000000000000000000 ) ) ;
#129 = VERTEX_POINT ( 'NONE', #1916 ) ;
#130 = CARTESIAN_POINT ( 'NONE',  ( -4.193734063518014032, 0.000000000000000000, 6.735198124616700532 ) ) ;
#131 = ORIENTED_EDGE ( 'NONE', *, *, #1252, .F. ) ;
#132 = ADVANCED_BREP_SHAPE_REPRESENTATION ( '', ( #1305, #2800 ), #1077 ) ;
#133 = DIRECTION ( 'NONE',  ( -0.3720752419282715162, 0.000000000000000000, -0.9282025718257940206 ) ) ;
#134 = ORIENTED_EDGE ( 'NONE', *, *, #2976, .T. ) ;
#135 = ORIENTED_EDGE ( 'NONE', *, *, #1150, .F. ) ;
#136 = CARTESIAN_POINT ( 'NONE',  ( -9.146446609406728712, 8.000000000000000000, 8.853553390593482675 ) ) ;
#137 = DIRECTION ( 'NONE',  ( 0.7071067811865513475, 0.000000000000000000, 0.7071067811865435759 ) ) ;
#138 = CARTESIAN_POINT ( 'NONE',  ( 5.000000000000000888, 4.000000000000000000, 40.00000000000000000 ) ) ;
#139 = EDGE_LOOP ( 'NONE', ( #2565, #786, #2382, #1881, #1362, #836 ) ) ;
#140 = MECHANICAL_DESIGN_GEOMETRIC_PRESENTATION_REPRESENTATION (  '', ( #2231 ), #1979 ) ;
#141 = CYLINDRICAL_SURFACE ( 'NONE', #1864, 2.000000000000001776 ) ;
#142 = CARTESIAN_POINT ( 'NONE',  ( 49.79166604315376787, 0.000000000000000000, -44.17853350808720592 ) ) ;
#143 = VECTOR ( 'NONE', #521, 1000.000000000000000 ) ;
#144 = LINE ( 'NONE', #1622, #3063 ) ;
#145 = CIRCLE ( 'NONE', #1935, 5.386755167209773987 ) ;
#146 = VERTEX_POINT ( 'NONE', #16 ) ;
#147 = ADVANCED_FACE ( 'NONE', ( #1725 ), #2398, .F. ) ;
#148 = CARTESIAN_POINT ( 'NONE',  ( -7.485563502561555893, 8.000000000000000000, -43.00000000000000000 ) ) ;
#149 = EDGE_CURVE ( 'NONE', #1775, #2122, #500, .T. ) ;
#150 = DIRECTION ( 'NONE',  ( -0.000000000000000000, 1.000000000000000000, -0.000000000000000000 ) ) ;
#151 = FACE_OUTER_BOUND ( 'NONE', #2183, .T. ) ;
#152 = EDGE_CURVE ( 'NONE', #3038, #254, #2768, .T. ) ;
#153 = DIRECTION ( 'NONE',  ( -0.000000000000000000, 0.000000000000000000, 1.000000000000000000 ) ) ;
#154 = VERTEX_POINT ( 'NONE', #481 ) ;
#155 = VERTEX_POINT ( 'NONE', #1186 ) ;
#156 = CARTESIAN_POINT ( 'NONE',  ( -14.99999999999999645, 8.000000000000000000, 45.00000000000000000 ) ) ;
#157 = CARTESIAN_POINT ( 'NONE',  ( 0.6765406354934868638, 0.000000000000000000, 10.89836604244160512 ) ) ;
#158 = CARTESIAN_POINT ( 'NONE',  ( 7.485981258542745209, 0.000000000000000000, -43.00000000000000000 ) ) ;
#159 = PLANE ( 'NONE',  #2294 ) ;
#160 = DIRECTION ( 'NONE',  ( -0.3226739277881372492, -0.000000000000000000, 0.9465101881785404903 ) ) ;
#161 = LINE ( 'NONE', #908, #1976 ) ;
#162 = VERTEX_POINT ( 'NONE', #1479 ) ;
#163 = FACE_OUTER_BOUND ( 'NONE', #1269, .T. ) ;
#164 = CARTESIAN_POINT ( 'NONE',  ( -10.00000000000000178, 8.000000000000000000, 9.207106781186759292 ) ) ;
#165 = EDGE_CURVE ( 'NONE', #3002, #776, #2452, .T. ) ;
#166 = CARTESIAN_POINT ( 'NONE',  ( 2.143131898507868297E-16, -4.000000000000000000, -1.750000000000000000 ) ) ;
#167 = ORIENTED_EDGE ( 'NONE', *, *, #2259, .T. ) ;
#168 = DIRECTION ( 'NONE',  ( 0.000000000000000000, 0.000000000000000000, 1.000000000000000000 ) ) ;
#169 = CARTESIAN_POINT ( 'NONE',  ( -10.00000000000000533, 8.000000000000000000, -17.99999999999999645 ) ) ;
#170 = LINE ( 'NONE', #881, #1176 ) ;
#171 = DIRECTION ( 'NONE',  ( 0.7071067811865514585, 0.000000000000000000, 0.7071067811865435759 ) ) ;
#172 = DIRECTION ( 'NONE',  ( 0.000000000000000000, -1.000000000000000000, 0.000000000000000000 ) ) ;
#173 = SHAPE_REPRESENTATION_RELATIONSHIP ( 'NONE' , 'NONE' ,  #2402, #132 ) ;
#174 = VECTOR ( 'NONE', #1902, 1000.000000000000000 ) ;
#175 = ORIENTED_EDGE ( 'NONE', *, *, #2412, .F. ) ;
#176 = AXIS2_PLACEMENT_3D ( 'NONE', #2420, #979, #713 ) ;
#177 = DIRECTION ( 'NONE',  ( 0.000000000000000000, 0.000000000000000000, 1.000000000000000000 ) ) ;
#178 = CARTESIAN_POINT ( 'NONE',  ( -9.500000000000003553, 8.000000000000000000, -9.721825406948024551 ) ) ;
#179 = VECTOR ( 'NONE', #790, 1000.000000000000000 ) ;
#180 = EDGE_CURVE ( 'NONE', #458, #3042, #27, .T. ) ;
#181 = CIRCLE ( 'NONE', #1409, 0.5000000000000004441 ) ;
#182 = ORIENTED_EDGE ( 'NONE', *, *, #3016, .F. ) ;
#183 = CARTESIAN_POINT ( 'NONE',  ( -10.00000000000000178, 8.000000000000000000, 9.207106781186759292 ) ) ;
#184 = CARTESIAN_POINT ( 'NONE',  ( 5.000000000000000888, 6.000000000000000000, 45.00000000000000000 ) ) ;
#185 = DIRECTION ( 'NONE',  ( 0.000000000000000000, 0.000000000000000000, 1.000000000000000000 ) ) ;
#186 = EDGE_CURVE ( 'NONE', #840, #1143, #1306, .T. ) ;
#187 = DIRECTION ( 'NONE',  ( 0.000000000000000000, 0.000000000000000000, -1.000000000000000000 ) ) ;
#188 = VECTOR ( 'NONE', #2101, 1000.000000000000000 ) ;
#189 = DIRECTION ( 'NONE',  ( 0.3226739277881371937, -0.000000000000000000, -0.9465101881785403792 ) ) ;
#190 = ORIENTED_EDGE ( 'NONE', *, *, #2180, .F. ) ;
#191 = CARTESIAN_POINT ( 'NONE',  ( 8.792893218813443212, 8.000000000000000000, 28.00000000000000000 ) ) ;
#192 = CARTESIAN_POINT ( 'NONE',  ( 0.2032855414042167019, 0.000000000000000000, 10.73702907854753619 ) ) ;
#193 = AXIS2_PLACEMENT_3D ( 'NONE', #2761, #2527, #339 ) ;
#194 = AXIS2_PLACEMENT_3D ( 'NONE', #989, #272, #1983 ) ;
#195 = ORIENTED_EDGE ( 'NONE', *, *, #1006, .T. ) ;
#196 = CIRCLE ( 'NONE', #616, 5.122499389946279180 ) ;
#197 = CARTESIAN_POINT ( 'NONE',  ( -0.6112884267454027354, 8.000000000000000000, -1.540220614880083660 ) ) ;
#198 = CIRCLE ( 'NONE', #2798, 2.250000000000001776 ) ;
#199 = PLANE ( 'NONE',  #379 ) ;
#200 = PRODUCT_RELATED_PRODUCT_CATEGORY ( 'part', '', ( #509 ) ) ;
#201 = CARTESIAN_POINT ( 'NONE',  ( -9.853553390593274841, 8.000000000000000000, 1.075378797541505449 ) ) ;
#202 = AXIS2_PLACEMENT_3D ( 'NONE', #1300, #2222, #768 ) ;
#203 = EDGE_CURVE ( 'NONE', #511, #1299, #2217, .T. ) ;
#204 = DIRECTION ( 'NONE',  ( 0.000000000000000000, 1.000000000000000000, -0.000000000000000000 ) ) ;
#205 = DIRECTION ( 'NONE',  ( -1.000000000000000000, -0.000000000000000000, 1.156482317317871478E-16 ) ) ;
#206 = SHAPE_DEFINITION_REPRESENTATION ( #2300, #2402 ) ;
#207 = EDGE_CURVE ( 'NONE', #2652, #3120, #1915, .T. ) ;
#208 = EDGE_CURVE ( 'NONE', #239, #2640, #1951, .T. ) ;
#209 = ORIENTED_EDGE ( 'NONE', *, *, #418, .F. ) ;
#210 = CARTESIAN_POINT ( 'NONE',  ( 3.331706096653556326, 0.000000000000000000, 3.109880689705364798 ) ) ;
#211 = CARTESIAN_POINT ( 'NONE',  ( -9.500000000000001776, 0.000000000000000000, 9.207106781186759292 ) ) ;
#212 = ORIENTED_EDGE ( 'NONE', *, *, #1512, .T. ) ;
#213 = DIRECTION ( 'NONE',  ( 0.000000000000000000, 0.000000000000000000, -1.000000000000000000 ) ) ;
#214 = CARTESIAN_POINT ( 'NONE',  ( 8.792893218813444989, 0.000000000000000000, 27.50000000000000000 ) ) ;
#215 = DIRECTION ( 'NONE',  ( -0.000000000000000000, -1.000000000000000000, -0.000000000000000000 ) ) ;
#216 = B_SPLINE_CURVE_WITH_KNOTS ( 'NONE', 3,
 ( #2960, #2975, #1259, #2921, #2730, #1541, #24, #2460, #1010, #2678, #804, #512, #1291, #1488 ),
 .UNSPECIFIED., .F., .F.,
 ( 4, 2, 2, 2, 2, 2, 4 ),
 ( 4.336808689942017255E-19, 0.0003905611632098909044, 0.0007811223264197813751, 0.001171683489629671846, 0.001562244652839562100, 0.002343366979259328079, 0.003124489305679093842 ),
 .UNSPECIFIED. ) ;
#217 = CARTESIAN_POINT ( 'NONE',  ( -9.500000000000003553, 0.000000000000000000, -9.721825406948024551 ) ) ;
#218 =( LENGTH_UNIT ( ) NAMED_UNIT ( * ) SI_UNIT ( .MILLI., .METRE. ) );
#219 = EDGE_CURVE ( 'NONE', #826, #2942, #2325, .T. ) ;
#220 = VERTEX_POINT ( 'NONE', #2865 ) ;
#221 = DIRECTION ( 'NONE',  ( 0.000000000000000000, 1.000000000000000000, 0.000000000000000000 ) ) ;
#222 = DIRECTION ( 'NONE',  ( 0.000000000000000000, 1.000000000000000000, 0.000000000000000000 ) ) ;
#223 = EDGE_CURVE ( 'NONE', #2669, #327, #2637, .T. ) ;
#224 = VECTOR ( 'NONE', #2815, 1000.000000000000000 ) ;
#225 = VERTEX_POINT ( 'NONE', #1697 ) ;
#226 = VECTOR ( 'NONE', #372, 1000.000000000000000 ) ;
#227 = DIRECTION ( 'NONE',  ( 1.000000000000000000, 0.000000000000000000, -1.084202172485504434E-16 ) ) ;
#228 = LINE ( 'NONE', #1674, #2467 ) ;
#229 = DIRECTION ( 'NONE',  ( 0.000000000000000000, -1.000000000000000000, 0.000000000000000000 ) ) ;
#230 = DIRECTION ( 'NONE',  ( -0.9282025718257935765, -1.341812326506877546E-15, -0.3720752419282725154 ) ) ;
#231 = CARTESIAN_POINT ( 'NONE',  ( -1.127180899567101546, 0.000000000000000000, 16.87281910043301991 ) ) ;
#232 = ORIENTED_EDGE ( 'NONE', *, *, #2615, .T. ) ;
#233 = CARTESIAN_POINT ( 'NONE',  ( -10.00000000000000533, 0.000000000000000000, -17.99999999999999645 ) ) ;
#234 = LINE ( 'NONE', #2858, #2894 ) ;
#235 = CARTESIAN_POINT ( 'NONE',  ( -4.999999999999997335, 3.000000000000000000, 33.00000000000000000 ) ) ;
#236 = EDGE_CURVE ( 'NONE', #2067, #1075, #426, .T. ) ;
#237 = EDGE_CURVE ( 'NONE', #2067, #2045, #1445, .T. ) ;
#238 = EDGE_CURVE ( 'NONE', #2704, #581, #2424, .T. ) ;
#239 = VERTEX_POINT ( 'NONE', #2981 ) ;
#240 = CIRCLE ( 'NONE', #2039, 5.315072906367325878 ) ;
#241 = EDGE_CURVE ( 'NONE', #1427, #2709, #2466, .T. ) ;
#242 = CARTESIAN_POINT ( 'NONE',  ( 1.714040219394045383, 6.651091348077083687, -42.27595378722109842 ) ) ;
#243 = CIRCLE ( 'NONE', #2293, 0.5000000000000004441 ) ;
#244 = CIRCLE ( 'NONE', #1576, 0.5000000000000004441 ) ;
#245 = CARTESIAN_POINT ( 'NONE',  ( 0.000000000000000000, 8.000000000000000000, -38.00000000000000000 ) ) ;
#246 = ORIENTED_EDGE ( 'NONE', *, *, #794, .F. ) ;
#247 = VECTOR ( 'NONE', #726, 1000.000000000000000 ) ;
#248 = CIRCLE ( 'NONE', #672, 2.250000000000001776 ) ;
#249 = CYLINDRICAL_SURFACE ( 'NONE', #1789, 0.5000000000000000000 ) ;
#250 = CARTESIAN_POINT ( 'NONE',  ( 9.026744905910732086, 8.000000000000000000, -15.14511839067171550 ) ) ;
#251 = FILL_AREA_STYLE ('',( #2425 ) ) ;
#252 = AXIS2_PLACEMENT_3D ( 'NONE', #2287, #2741, #565 ) ;
#253 = PRODUCT_CONTEXT ( 'NONE', #491, 'mechanical' ) ;
#254 = VERTEX_POINT ( 'NONE', #2501 ) ;
#255 = ORIENTED_EDGE ( 'NONE', *, *, #645, .T. ) ;
#256 = CARTESIAN_POINT ( 'NONE',  ( -0.7117601176754063674, 0.000000000000000000, -1.245503654818738370 ) ) ;
#257 = DIRECTION ( 'NONE',  ( 0.000000000000000000, -1.000000000000000000, 0.000000000000000000 ) ) ;
#258 = B_SPLINE_CURVE_WITH_KNOTS ( 'NONE', 3,
 ( #891, #1883, #2560, #2594, #608, #2802 ),
 .UNSPECIFIED., .F., .F.,
 ( 4, 2, 4 ),
 ( 0.07559696033737801912, 0.5377984801686892524, 1.000000000000000000 ),
 .UNSPECIFIED. ) ;
#259 = DIRECTION ( 'NONE',  ( 0.000000000000000000, 0.000000000000000000, 1.000000000000000000 ) ) ;
#260 = LINE ( 'NONE', #1274, #2588 ) ;
#261 = VERTEX_POINT ( 'NONE', #812 ) ;
#262 = EDGE_CURVE ( 'NONE', #82, #636, #2230, .T. ) ;
#263 = DIRECTION ( 'NONE',  ( 0.000000000000000000, 0.000000000000000000, 1.000000000000000000 ) ) ;
#264 = CARTESIAN_POINT ( 'NONE',  ( -4.983107304583207942, 8.000000000000000000, 28.00000000000000000 ) ) ;
#265 = DIRECTION ( 'NONE',  ( 3.469446951953614189E-15, 0.000000000000000000, 1.000000000000000000 ) ) ;
#266 = DIRECTION ( 'NONE',  ( 0.000000000000000000, 0.000000000000000000, 1.000000000000000000 ) ) ;
#267 = CARTESIAN_POINT ( 'NONE',  ( 0.2658744786439077856, 8.713936536672177269, -41.44966006345015330 ) ) ;
#268 = SURFACE_STYLE_USAGE ( .BOTH. , #1446 ) ;
#269 = EDGE_LOOP ( 'NONE', ( #1713, #1086, #3129, #1440 ) ) ;
#270 = ORIENTED_EDGE ( 'NONE', *, *, #277, .T. ) ;
#271 = DIRECTION ( 'NONE',  ( 0.000000000000000000, 0.000000000000000000, -1.000000000000000000 ) ) ;
#272 = DIRECTION ( 'NONE',  ( 0.000000000000000000, 1.000000000000000000, 0.000000000000000000 ) ) ;
#273 = LINE ( 'NONE', #1256, #2046 ) ;
#274 = DIRECTION ( 'NONE',  ( 0.000000000000000000, 1.000000000000000000, 0.000000000000000000 ) ) ;
#275 = VERTEX_POINT ( 'NONE', #44 ) ;
#276 = DIRECTION ( 'NONE',  ( 0.000000000000000000, 0.000000000000000000, 1.000000000000000000 ) ) ;
#277 = EDGE_CURVE ( 'NONE', #2241, #563, #845, .T. ) ;
#278 = DIRECTION ( 'NONE',  ( -0.000000000000000000, -1.000000000000000000, -0.000000000000000000 ) ) ;
#279 = ORIENTED_EDGE ( 'NONE', *, *, #814, .F. ) ;
#280 = VECTOR ( 'NONE', #2533, 1000.000000000000000 ) ;
#281 = ORIENTED_EDGE ( 'NONE', *, *, #2653, .T. ) ;
#282 = CARTESIAN_POINT ( 'NONE',  ( 0.1492038466896375148, 1.426755379699098158, -42.65065667382364722 ) ) ;
#283 = VECTOR ( 'NONE', #3014, 1000.000000000000000 ) ;
#284 = CARTESIAN_POINT ( 'NONE',  ( -0.05312048153836636949, 8.888207361357860492, -41.36972768798479905 ) ) ;
#285 = EDGE_CURVE ( 'NONE', #2403, #1546, #2570, .T. ) ;
#286 = VECTOR ( 'NONE', #737, 1000.000000000000000 ) ;
#287 = PRODUCT_DEFINITION_SHAPE ( 'NONE', 'NONE',  #3160 ) ;
#288 = ORIENTED_EDGE ( 'NONE', *, *, #1623, .T. ) ;
#289 = ORIENTED_EDGE ( 'NONE', *, *, #1040, .F. ) ;
#290 = DIRECTION ( 'NONE',  ( 0.000000000000000000, 1.000000000000000000, 0.000000000000000000 ) ) ;
#291 = DIRECTION ( 'NONE',  ( 0.000000000000000000, -8.159452873631570248E-16, -1.000000000000000000 ) ) ;
#292 = CARTESIAN_POINT ( 'NONE',  ( 9.855862177679203029, 8.000000000000000000, 8.926929989544381883 ) ) ;
#293 = ORIENTED_EDGE ( 'NONE', *, *, #2317, .F. ) ;
#294 = DIRECTION ( 'NONE',  ( 0.000000000000000000, 8.673617379884027583E-16, -1.000000000000000000 ) ) ;
#295 = VERTEX_POINT ( 'NONE', #590 ) ;
#296 = LINE ( 'NONE', #1277, #283 ) ;
#297 = DIRECTION ( 'NONE',  ( 0.000000000000000000, 0.000000000000000000, 1.000000000000000000 ) ) ;
#298 = CARTESIAN_POINT ( 'NONE',  ( 1.082452903651567100, 8.175076756434947356, -41.57495390224570997 ) ) ;
#299 = AXIS2_PLACEMENT_3D ( 'NONE', #2302, #118, #168 ) ;
#300 = EDGE_LOOP ( 'NONE', ( #859, #2974, #2308, #2339, #1203, #3013 ) ) ;
#301 = CIRCLE ( 'NONE', #1179, 0.8999999999999980238 ) ;
#302 = VERTEX_POINT ( 'NONE', #2282 ) ;
#303 = CARTESIAN_POINT ( 'NONE',  ( 4.999999999999993783, 0.000000000000000000, -18.00000000000000000 ) ) ;
#304 = DIRECTION ( 'NONE',  ( 0.000000000000000000, 0.000000000000000000, -1.000000000000000000 ) ) ;
#305 = ORIENTED_EDGE ( 'NONE', *, *, #1796, .T. ) ;
#306 = DIRECTION ( 'NONE',  ( 0.000000000000000000, -1.000000000000000000, 0.000000000000000000 ) ) ;
#307 = ORIENTED_EDGE ( 'NONE', *, *, #2648, .F. ) ;
#308 = DIRECTION ( 'NONE',  ( 0.000000000000000000, 1.000000000000000000, 0.000000000000000000 ) ) ;
#309 = ORIENTED_EDGE ( 'NONE', *, *, #1111, .T. ) ;
#310 = CARTESIAN_POINT ( 'NONE',  ( 0.000000000000000000, 8.000000000000000000, -38.00000000000000000 ) ) ;
#311 = CARTESIAN_POINT ( 'NONE',  ( 10.00000000000000000, 0.000000000000000000, -14.98378142677764657 ) ) ;
#312 = ORIENTED_EDGE ( 'NONE', *, *, #2061, .T. ) ;
#313 = VERTEX_POINT ( 'NONE', #1978 ) ;
#314 = FACE_OUTER_BOUND ( 'NONE', #2446, .T. ) ;
#315 = DIRECTION ( 'NONE',  ( 1.000000000000000000, -0.000000000000000000, -0.000000000000000000 ) ) ;
#316 = ORIENTED_EDGE ( 'NONE', *, *, #1511, .F. ) ;
#317 = ORIENTED_EDGE ( 'NONE', *, *, #1712, .F. ) ;
#318 = CARTESIAN_POINT ( 'NONE',  ( 5.000000000000002665, 3.000000000000000000, 33.00000000000000000 ) ) ;
#319 = ADVANCED_FACE ( 'NONE', ( #1544 ), #540, .T. ) ;
#320 = EDGE_CURVE ( 'NONE', #1554, #2227, #392, .T. ) ;
#321 = DIRECTION ( 'NONE',  ( -1.000000000000000000, 0.000000000000000000, 0.000000000000000000 ) ) ;
#322 = ORIENTED_EDGE ( 'NONE', *, *, #2890, .F. ) ;
#323 = EDGE_CURVE ( 'NONE', #953, #1136, #2168, .T. ) ;
#324 = ORIENTED_EDGE ( 'NONE', *, *, #2010, .T. ) ;
#325 = DIRECTION ( 'NONE',  ( 1.000000000000000000, -0.000000000000000000, 0.000000000000000000 ) ) ;
#326 = LINE ( 'NONE', #1489, #3090 ) ;
#327 = VERTEX_POINT ( 'NONE', #2782 ) ;
#328 = DIRECTION ( 'NONE',  ( -0.3226739277881370827, 0.000000000000000000, 0.9465101881785404903 ) ) ;
#329 = CARTESIAN_POINT ( 'NONE',  ( -0.1051212372579576615, 8.847418603292993566, -41.39044718747513230 ) ) ;
#330 = AXIS2_PLACEMENT_3D ( 'NONE', #720, #2649, #463 ) ;
#331 = ORIENTED_EDGE ( 'NONE', *, *, #1820, .T. ) ;
#332 = ORIENTED_EDGE ( 'NONE', *, *, #1109, .F. ) ;
#333 = CARTESIAN_POINT ( 'NONE',  ( 7.476345667470124745, 6.517396257571385298, -44.93630119213477059 ) ) ;
#334 = ORIENTED_EDGE ( 'NONE', *, *, #2651, .T. ) ;
#335 = CARTESIAN_POINT ( 'NONE',  ( 15.00000000000000355, 6.000000000000000000, 45.00000000000000000 ) ) ;
#336 = ORIENTED_EDGE ( 'NONE', *, *, #85, .T. ) ;
#337 = CARTESIAN_POINT ( 'NONE',  ( 0.8992033434270650938, 7.900261257390555514, -43.62831797341697637 ) ) ;
#338 = EDGE_LOOP ( 'NONE', ( #2271, #856, #3109, #1014 ) ) ;
#339 = DIRECTION ( 'NONE',  ( 1.156482317317871478E-16, 0.000000000000000000, 1.000000000000000000 ) ) ;
#340 = EDGE_CURVE ( 'NONE', #454, #2991, #1088, .T. ) ;
#341 = DIRECTION ( 'NONE',  ( 0.000000000000000000, 0.000000000000000000, 1.000000000000000000 ) ) ;
#342 = EDGE_LOOP ( 'NONE', ( #1129, #246, #1874, #1118 ) ) ;
#343 = ORIENTED_EDGE ( 'NONE', *, *, #2463, .F. ) ;
#344 = EDGE_CURVE ( 'NONE', #2305, #3130, #2617, .T. ) ;
#345 = EDGE_CURVE ( 'NONE', #295, #2868, #2348, .T. ) ;
#346 = CARTESIAN_POINT ( 'NONE',  ( 0.7325268861960858580, 1.398353304218626914, -42.57889597613256427 ) ) ;
#347 = CARTESIAN_POINT ( 'NONE',  ( -9.500000000000001776, 8.000000000000000000, 22.98378142677760749 ) ) ;
#348 = AXIS2_PLACEMENT_3D ( 'NONE', #2032, #349, #574 ) ;
#349 = DIRECTION ( 'NONE',  ( 1.000000000000000000, 0.000000000000000000, 0.000000000000000000 ) ) ;
#350 = PRESENTATION_LAYER_ASSIGNMENT (  '', '', ( #1322 ) ) ;
#351 = ORIENTED_EDGE ( 'NONE', *, *, #2855, .T. ) ;
#352 = ORIENTED_EDGE ( 'NONE', *, *, #907, .T. ) ;
#353 = CARTESIAN_POINT ( 'NONE',  ( 7.477541933972235100, 6.132061811085871561, -44.99999999999999289 ) ) ;
#354 = AXIS2_PLACEMENT_3D ( 'NONE', #2482, #2532, #297 ) ;
#355 = TOROIDAL_SURFACE ( 'NONE', #2849, 5.386755167209774875, 0.9000000000000000222 ) ;
#356 = ORIENTED_EDGE ( 'NONE', *, *, #417, .F. ) ;
#357 = DIRECTION ( 'NONE',  ( -2.312964634635743450E-16, 0.000000000000000000, -1.000000000000000000 ) ) ;
#358 = AXIS2_PLACEMENT_3D ( 'NONE', #2115, #635, #2552 ) ;
#359 = ORIENTED_EDGE ( 'NONE', *, *, #1361, .F. ) ;
#360 = CARTESIAN_POINT ( 'NONE',  ( 0.000000000000000000, 4.000000000000000000, 0.000000000000000000 ) ) ;
#361 = EDGE_LOOP ( 'NONE', ( #2283, #2819, #584, #1519 ) ) ;
#362 = EDGE_CURVE ( 'NONE', #1075, #1636, #2803, .T. ) ;
#363 = FACE_OUTER_BOUND ( 'NONE', #1800, .T. ) ;
#364 = CARTESIAN_POINT ( 'NONE',  ( 9.502308787085931741, 0.000000000000000000, 19.72413419403395451 ) ) ;
#365 = FACE_OUTER_BOUND ( 'NONE', #430, .T. ) ;
#366 = EDGE_LOOP ( 'NONE', ( #1557, #736, #1535, #684, #1341, #1770 ) ) ;
#367 = LINE ( 'NONE', #2820, #188 ) ;
#368 = ORIENTED_EDGE ( 'NONE', *, *, #1776, .F. ) ;
#369 = CARTESIAN_POINT ( 'NONE',  ( -8.792893218813448541, 0.000000000000000000, -17.99999999999999645 ) ) ;
#370 = ORIENTED_EDGE ( 'NONE', *, *, #1833, .T. ) ;
#371 = LINE ( 'NONE', #2104, #2793 ) ;
#372 = DIRECTION ( 'NONE',  ( -0.000000000000000000, 1.000000000000000000, -0.000000000000000000 ) ) ;
#373 = ORIENTED_EDGE ( 'NONE', *, *, #1596, .F. ) ;
#374 = ORIENTED_EDGE ( 'NONE', *, *, #752, .T. ) ;
#375 = CARTESIAN_POINT ( 'NONE',  ( -1.480734290160373279, 8.000000000000000000, 17.22637249102629298 ) ) ;
#376 = CARTESIAN_POINT ( 'NONE',  ( -1.681031616995826594, 7.989637044987433434, -43.22558824995598314 ) ) ;
#377 = CARTESIAN_POINT ( 'NONE',  ( 1.714040219394045383, 1.348908651922916091, -42.27595378722109842 ) ) ;
#378 = EDGE_CURVE ( 'NONE', #1761, #1637, #3136, .T. ) ;
#379 = AXIS2_PLACEMENT_3D ( 'NONE', #3157, #2923, #3141 ) ;
#380 = EDGE_CURVE ( 'NONE', #111, #146, #1582, .T. ) ;
#381 = DIRECTION ( 'NONE',  ( 0.000000000000000000, 0.000000000000000000, 1.000000000000000000 ) ) ;
#382 = ADVANCED_FACE ( 'NONE', ( #2548 ), #880, .F. ) ;
#383 = DIRECTION ( 'NONE',  ( -0.7071067811865522357, 0.000000000000000000, -0.7071067811865429098 ) ) ;
#384 = AXIS2_PLACEMENT_3D ( 'NONE', #2762, #2343, #2543 ) ;
#385 = VERTEX_POINT ( 'NONE', #2060 ) ;
#386 = DIRECTION ( 'NONE',  ( -0.000000000000000000, -1.000000000000000000, -0.000000000000000000 ) ) ;
#387 = CARTESIAN_POINT ( 'NONE',  ( -4.999999999999997335, 0.000000000000000000, 33.00000000000000000 ) ) ;
#388 = DIRECTION ( 'NONE',  ( -0.000000000000000000, -1.000000000000000000, -0.000000000000000000 ) ) ;
#389 = ORIENTED_EDGE ( 'NONE', *, *, #2128, .T. ) ;
#390 = ORIENTED_EDGE ( 'NONE', *, *, #2564, .T. ) ;
#391 = CARTESIAN_POINT ( 'NONE',  ( -7.474542321044660653, 7.936332571069872444, -43.51727370615085277 ) ) ;
#392 = LINE ( 'NONE', #904, #280 ) ;
#393 = CARTESIAN_POINT ( 'NONE',  ( 7.472768762709742774, 0.1020671339945817407, -43.64421782214751744 ) ) ;
#394 = AXIS2_PLACEMENT_3D ( 'NONE', #2114, #3083, #896 ) ;
#395 = CARTESIAN_POINT ( 'NONE',  ( -9.026744905910732086, 0.000000000000000000, 23.14511839067167642 ) ) ;
#396 = CARTESIAN_POINT ( 'NONE',  ( 0.1028138504742131393, 0.000000000000000000, 11.03174603860888148 ) ) ;
#397 = PLANE ( 'NONE',  #2228 ) ;
#398 = EDGE_CURVE ( 'NONE', #529, #2255, #1329, .T. ) ;
#399 = DIRECTION ( 'NONE',  ( 0.000000000000000000, 0.000000000000000000, 1.000000000000000000 ) ) ;
#400 = ORIENTED_EDGE ( 'NONE', *, *, #362, .F. ) ;
#401 = ADVANCED_FACE ( 'NONE', ( #1138 ), #409, .F. ) ;
#402 = CARTESIAN_POINT ( 'NONE',  ( 10.00000000000000178, 0.000000000000000000, 1.999999999999749312 ) ) ;
#403 = CARTESIAN_POINT ( 'NONE',  ( 9.146446609406728712, 0.000000000000000000, 1.146446609406489348 ) ) ;
#404 = AXIS2_PLACEMENT_3D ( 'NONE', #1285, #2955, #2237 ) ;
#405 = CYLINDRICAL_SURFACE ( 'NONE', #1501, 42.32209713996405043 ) ;
#406 = VERTEX_POINT ( 'NONE', #1843 ) ;
#407 = ORIENTED_EDGE ( 'NONE', *, *, #2173, .F. ) ;
#408 = FACE_OUTER_BOUND ( 'NONE', #1533, .T. ) ;
#409 = PLANE ( 'NONE',  #1355 ) ;
#410 = CARTESIAN_POINT ( 'NONE',  ( 5.000000000000002665, 8.000000000000000000, 33.00000000000000000 ) ) ;
#411 = ORIENTED_EDGE ( 'NONE', *, *, #1006, .F. ) ;
#412 = CARTESIAN_POINT ( 'NONE',  ( -15.00000000000000711, 4.000000000000000000, 40.00000000000000000 ) ) ;
#413 = EDGE_CURVE ( 'NONE', #454, #1780, #2771, .T. ) ;
#414 = VERTEX_POINT ( 'NONE', #2126 ) ;
#415 = CARTESIAN_POINT ( 'NONE',  ( 0.5993228882245537070, 6.573256624769398648, -42.65062902660279320 ) ) ;
#416 = CARTESIAN_POINT ( 'NONE',  ( -15.00000000000000178, 8.000000000000000000, 43.00000000000000000 ) ) ;
#417 = EDGE_CURVE ( 'NONE', #1762, #3077, #2561, .T. ) ;
#418 = EDGE_CURVE ( 'NONE', #1819, #327, #1555, .T. ) ;
#419 = ORIENTED_EDGE ( 'NONE', *, *, #2277, .T. ) ;
#420 = CARTESIAN_POINT ( 'NONE',  ( -5.423728813559328898, 8.000000000000000000, 12.57627118644084163 ) ) ;
#421 = DIRECTION ( 'NONE',  ( -1.000000000000000000, -0.000000000000000000, -0.000000000000000000 ) ) ;
#422 = DIRECTION ( 'NONE',  ( 0.000000000000000000, 1.000000000000000000, 0.000000000000000000 ) ) ;
#423 = EDGE_LOOP ( 'NONE', ( #307, #122, #2677, #2401 ) ) ;
#424 = VERTEX_POINT ( 'NONE', #3124 ) ;
#425 = ORIENTED_EDGE ( 'NONE', *, *, #2541, .T. ) ;
#426 = CIRCLE ( 'NONE', #330, 2.999999999999999112 ) ;
#427 = LINE ( 'NONE', #1453, #1936 ) ;
#428 = DIRECTION ( 'NONE',  ( -1.000000000000000000, -0.000000000000000000, -0.000000000000000000 ) ) ;
#429 = VECTOR ( 'NONE', #86, 1000.000000000000000 ) ;
#430 = EDGE_LOOP ( 'NONE', ( #935, #1090, #2058, #1064 ) ) ;
#431 = LINE ( 'NONE', #197, #2240 ) ;
#432 = VECTOR ( 'NONE', #613, 1000.000000000000114 ) ;
#433 = CYLINDRICAL_SURFACE ( 'NONE', #591, 0.5000000000000004441 ) ;
#434 = EDGE_CURVE ( 'NONE', #113, #2279, #965, .T. ) ;
#435 = DIRECTION ( 'NONE',  ( 0.000000000000000000, 0.000000000000000000, 1.000000000000000000 ) ) ;
#436 = FACE_OUTER_BOUND ( 'NONE', #2664, .T. ) ;
#437 = DIRECTION ( 'NONE',  ( -0.3720752419282694068, 0.000000000000000000, -0.9282025718257947977 ) ) ;
#438 =( NAMED_UNIT ( * ) SI_UNIT ( $, .STERADIAN. ) SOLID_ANGLE_UNIT ( ) );
#439 = VERTEX_POINT ( 'NONE', #476 ) ;
#440 = AXIS2_PLACEMENT_3D ( 'NONE', #3011, #2728, #294 ) ;
#441 = CARTESIAN_POINT ( 'NONE',  ( -7.599494466125924497, 8.000012000000001677, -38.92518694379381827 ) ) ;
#442 = CARTESIAN_POINT ( 'NONE',  ( -4.983107304583207942, 7.999999999999996447, 28.00000000000000000 ) ) ;
#443 = AXIS2_PLACEMENT_3D ( 'NONE', #210, #2869, #2843 ) ;
#444 = ORIENTED_EDGE ( 'NONE', *, *, #2831, .F. ) ;
#445 = AXIS2_PLACEMENT_3D ( 'NONE', #2357, #1164, #3105 ) ;
#446 = DIRECTION ( 'NONE',  ( 0.000000000000000000, 0.000000000000000000, -1.000000000000000000 ) ) ;
#447 = CARTESIAN_POINT ( 'NONE',  ( 0.000000000000000000, -1.084202172485504434E-16, -32.61324483279022246 ) ) ;
#448 = ADVANCED_FACE ( 'NONE', ( #1231 ), #1647, .F. ) ;
#449 = DIRECTION ( 'NONE',  ( 0.9282025718257935765, 1.341812326506878138E-15, -0.3720752419282725154 ) ) ;
#450 = LINE ( 'NONE', #1431, #2590 ) ;
#451 = DIRECTION ( 'NONE',  ( 6.938893903907222067E-15, 0.000000000000000000, 1.000000000000000000 ) ) ;
#452 = CARTESIAN_POINT ( 'NONE',  ( -1.158138781325291244, 6.631268044281209306, -42.48011453930108416 ) ) ;
#453 = EDGE_CURVE ( 'NONE', #3086, #2938, #2376, .T. ) ;
#454 = VERTEX_POINT ( 'NONE', #1183 ) ;
#455 = DIRECTION ( 'NONE',  ( 0.000000000000000000, 1.000000000000000000, 0.000000000000000000 ) ) ;
#456 = CARTESIAN_POINT ( 'NONE',  ( 1.162635692935236387, 6.651091348077083687, -42.49698740510791595 ) ) ;
#457 = CARTESIAN_POINT ( 'NONE',  ( 0.000000000000000000, 0.8999999999999998002, -38.00000000000000000 ) ) ;
#458 = VERTEX_POINT ( 'NONE', #242 ) ;
#459 = DIRECTION ( 'NONE',  ( 0.000000000000000000, 0.000000000000000000, -1.000000000000000000 ) ) ;
#460 = DIRECTION ( 'NONE',  ( 0.000000000000000000, -1.000000000000000000, 0.000000000000000000 ) ) ;
#461 = DIRECTION ( 'NONE',  ( -1.000000000000000000, -0.000000000000000000, 0.000000000000000000 ) ) ;
#462 = EDGE_CURVE ( 'NONE', #3130, #1835, #2892, .T. ) ;
#463 = DIRECTION ( 'NONE',  ( 2.891205793294679312E-16, 0.000000000000000000, -1.000000000000000000 ) ) ;
#464 = FACE_BOUND ( 'NONE', #1078, .T. ) ;
#465 = EDGE_CURVE ( 'NONE', #3149, #1554, #2520, .T. ) ;
#466 = ADVANCED_FACE ( 'NONE', ( #2391 ), #199, .F. ) ;
#467 = ORIENTED_EDGE ( 'NONE', *, *, #320, .T. ) ;
#468 = CARTESIAN_POINT ( 'NONE',  ( -10.00000000000000355, 8.000000000000000000, -9.721825406948024551 ) ) ;
#469 = DIRECTION ( 'NONE',  ( 0.000000000000000000, 0.000000000000000000, 1.000000000000000000 ) ) ;
#470 = ADVANCED_FACE ( 'NONE', ( #2646 ), #1912, .F. ) ;
#471 = FACE_OUTER_BOUND ( 'NONE', #2044, .T. ) ;
#472 = AXIS2_PLACEMENT_3D ( 'NONE', #945, #2405, #2862 ) ;
#473 = VERTEX_POINT ( 'NONE', #447 ) ;
#474 = AXIS2_PLACEMENT_3D ( 'NONE', #2057, #1372, #3027 ) ;
#475 = CARTESIAN_POINT ( 'NONE',  ( -14.99999999999999645, 6.000000000000000000, 45.00000000000000000 ) ) ;
#476 = CARTESIAN_POINT ( 'NONE',  ( -4.999999999999997335, 4.000000000000000000, 37.75000000000000000 ) ) ;
#477 = ORIENTED_EDGE ( 'NONE', *, *, #1022, .T. ) ;
#478 = B_SPLINE_CURVE_WITH_KNOTS ( 'NONE', 3,
 ( #1112, #2085, #872, #1625, #1849, #1369, #1131, #3088, #1806, #2759, #337, #1317, #2134, #1654 ),
 .UNSPECIFIED., .F., .F.,
 ( 4, 2, 2, 2, 2, 2, 4 ),
 ( 4.336808689942017736E-19, 0.001100427060495783255, 0.001650640590743670220, 0.002200854120991556969, 0.002751067651239444151, 0.003301281181487330900, 0.004401708241983095724 ),
 .UNSPECIFIED. ) ;
#479 = AXIS2_PLACEMENT_3D ( 'NONE', #1814, #1763, #2968 ) ;
#480 = LINE ( 'NONE', #2878, #1467 ) ;
#481 = CARTESIAN_POINT ( 'NONE',  ( 1.445514807978451222, 0.000000000000000000, -7.573510103403426896 ) ) ;
#482 = FACE_BOUND ( 'NONE', #1408, .T. ) ;
#483 = ORIENTED_EDGE ( 'NONE', *, *, #3137, .T. ) ;
#484 = LINE ( 'NONE', #2470, #2377 ) ;
#485 = CARTESIAN_POINT ( 'NONE',  ( -3.200000000000001510, 4.000000000000000000, 0.000000000000000000 ) ) ;
#486 = VERTEX_POINT ( 'NONE', #2200 ) ;
#487 = DIRECTION ( 'NONE',  ( 0.000000000000000000, -1.000000000000000000, -0.000000000000000000 ) ) ;
#488 = VECTOR ( 'NONE', #3066, 1000.000000000000000 ) ;
#489 = FACE_OUTER_BOUND ( 'NONE', #2389, .T. ) ;
#490 = ORIENTED_EDGE ( 'NONE', *, *, #941, .T. ) ;
#491 = APPLICATION_CONTEXT ( 'automotive_design' ) ;
#492 = VECTOR ( 'NONE', #899, 1000.000000000000000 ) ;
#493 = CARTESIAN_POINT ( 'NONE',  ( 5.000000000000000888, 4.000000000000000000, 37.75000000000000000 ) ) ;
#494 = CARTESIAN_POINT ( 'NONE',  ( -15.00000000000000711, 4.000000000000000000, 37.75000000000000000 ) ) ;
#495 = VECTOR ( 'NONE', #658, 1000.000000000000227 ) ;
#496 = CIRCLE ( 'NONE', #964, 1.750000000000000000 ) ;
#497 = CARTESIAN_POINT ( 'NONE',  ( -2.004278232047945529, 0.8999999999999993561, -43.00000000000000000 ) ) ;
#498 = CIRCLE ( 'NONE', #1470, 0.5000000000000004441 ) ;
#499 = CARTESIAN_POINT ( 'NONE',  ( 0.000000000000000000, 0.8999999999999998002, -38.00000000000000000 ) ) ;
#500 = LINE ( 'NONE', #1433, #174 ) ;
#501 = CARTESIAN_POINT ( 'NONE',  ( -4.281706509840163122E-17, 6.573256624769397760, -42.65062902660279320 ) ) ;
#502 = VECTOR ( 'NONE', #2406, 1000.000000000000000 ) ;
#503 = PRODUCT_DEFINITION_FORMATION_WITH_SPECIFIED_SOURCE ( 'ANY', '', #509, .NOT_KNOWN. ) ;
#504 = ORIENTED_EDGE ( 'NONE', *, *, #514, .T. ) ;
#505 = ORIENTED_EDGE ( 'NONE', *, *, #2653, .F. ) ;
#506 = DIRECTION ( 'NONE',  ( -0.000000000000000000, -1.000000000000000000, 0.000000000000000000 ) ) ;
#507 = CARTESIAN_POINT ( 'NONE',  ( 0.8916667520720701345, 0.1006963236284211805, -43.63121695558594837 ) ) ;
#508 = CARTESIAN_POINT ( 'NONE',  ( -10.00000000000000355, 0.000000000000000000, -10.92893218813456180 ) ) ;
#509 = PRODUCT ( 'Front-Top-Suspension-Arm', 'Front-Top-Suspension-Arm', '', ( #735 ) ) ;
#510 = DIRECTION ( 'NONE',  ( -0.7071067811865513475, 0.000000000000000000, -0.7071067811865436870 ) ) ;
#511 = VERTEX_POINT ( 'NONE', #1401 ) ;
#512 = CARTESIAN_POINT ( 'NONE',  ( -7.473909481022252166, 0.05304364881982502611, -43.52645019584148400 ) ) ;
#513 = EDGE_CURVE ( 'NONE', #1043, #2713, #1868, .T. ) ;
#514 = EDGE_CURVE ( 'NONE', #1690, #3038, #228, .T. ) ;
#515 = CARTESIAN_POINT ( 'NONE',  ( 0.000000000000000000, 7.100000000000000533, -33.51324483279022104 ) ) ;
#516 = ORIENTED_EDGE ( 'NONE', *, *, #203, .F. ) ;
#517 = ADVANCED_FACE ( 'NONE', ( #699 ), #3112, .F. ) ;
#518 = CARTESIAN_POINT ( 'NONE',  ( -0.3485624717097193237, 0.1562533559751600465, -43.77607155095610381 ) ) ;
#519 = CARTESIAN_POINT ( 'NONE',  ( 0.5886991593479781182, 6.591816765581258508, -42.60516489509804217 ) ) ;
#520 = B_SPLINE_CURVE_WITH_KNOTS ( 'NONE', 3,
 ( #2814, #1613, #2577, #391, #698, #2404, #3140, #728, #2139, #2891, #1673, #1400, #1658, #1412 ),
 .UNSPECIFIED., .F., .F.,
 ( 4, 2, 2, 2, 2, 2, 4 ),
 ( 0.000000000000000000, 0.0003905617298109683756, 0.0007811234596219367513, 0.001171685189432905127, 0.001562246919243873503, 0.002343370378865810254, 0.003124493838487747005 ),
 .UNSPECIFIED. ) ;
#521 = DIRECTION ( 'NONE',  ( 0.000000000000000000, 1.000000000000000000, 0.000000000000000000 ) ) ;
#522 = ORIENTED_EDGE ( 'NONE', *, *, #1511, .T. ) ;
#523 = VERTEX_POINT ( 'NONE', #1167 ) ;
#524 = CARTESIAN_POINT ( 'NONE',  ( 0.000000000000000000, 0.000000000000000000, -38.00000000000000000 ) ) ;
#525 = CARTESIAN_POINT ( 'NONE',  ( 0.000000000000000000, 4.000000000000000000, -38.00000000000000000 ) ) ;
#526 = LINE ( 'NONE', #1497, #1689 ) ;
#527 = B_SPLINE_CURVE_WITH_KNOTS ( 'NONE', 3,
 ( #501, #1480, #1187, #452, #2156, #1434 ),
 .UNSPECIFIED., .F., .F.,
 ( 4, 2, 4 ),
 ( 0.001756242263745933169, 0.002626812327939233565, 0.003497382392132533744 ),
 .UNSPECIFIED. ) ;
#528 = DIRECTION ( 'NONE',  ( 0.000000000000000000, -0.000000000000000000, 1.000000000000000000 ) ) ;
#529 = VERTEX_POINT ( 'NONE', #2607 ) ;
#530 =( NAMED_UNIT ( * ) PLANE_ANGLE_UNIT ( ) SI_UNIT ( $, .RADIAN. ) );
#531 = CARTESIAN_POINT ( 'NONE',  ( -15.00000000000000711, 8.000000000000000000, -43.00000000000000000 ) ) ;
#532 = VECTOR ( 'NONE', #2096, 1000.000000000000000 ) ;
#533 = CARTESIAN_POINT ( 'NONE',  ( -1.158265839623765281, 1.368580965092282664, -42.47277019233841600 ) ) ;
#534 = AXIS2_PLACEMENT_3D ( 'NONE', #758, #278, #2977 ) ;
#535 = EDGE_CURVE ( 'NONE', #2354, #458, #2422, .T. ) ;
#536 = CARTESIAN_POINT ( 'NONE',  ( -10.00000000000000178, 8.000000000000000000, 0.9289321881347789578 ) ) ;
#537 = CYLINDRICAL_SURFACE ( 'NONE', #348, 2.000000000000001776 ) ;
#538 = ADVANCED_FACE ( 'NONE', ( #11 ), #1213, .F. ) ;
#539 = CIRCLE ( 'NONE', #3144, 4.486755167209775408 ) ;
#540 =( BOUNDED_SURFACE ( )  B_SPLINE_SURFACE ( 3, 2, ( 
 ( #1295, #1055, #2015 ),
 ( #2949, #778, #1562 ),
 ( #558, #298, #1073 ),
 ( #75, #1778, #1797 ),
 ( #1311, #1998, #1492 ),
 ( #1530, #2048, #2266 ),
 ( #92, #267, #519 ),
 ( #1017, #2249, #2999 ),
 ( #2752, #573, #1250 ),
 ( #2214, #284, #2516 ),
 ( #1265, #329, #2965 ),
 ( #62, #1760, #3018 ),
 ( #1811, #2717, #1509 ),
 ( #2484, #1033, #2316 ),
 ( #1102, #1376, #1870 ),
 ( #376, #3030, #2833 ),
 ( #861, #1826, #892 ),
 ( #2578, #1884, #844 ) ),
 .UNSPECIFIED., .F., .F., .T. ) 
 B_SPLINE_SURFACE_WITH_KNOTS ( ( 4, 2, 2, 2, 2, 2, 2, 2, 4 ),
 ( 3, 3 ),
 ( -7.589415207398531038E-19, 0.0005135933486813061728, 0.001027186697362612996, 0.001540780046043919820, 0.002054373394725226860, 0.002567966743406533900, 0.003081560092087840506, 0.003595153440769147547, 0.004108746789450454587 ),
 ( 0.000000000000000000, 1.000000000000000000 ),
 .UNSPECIFIED. ) 
 GEOMETRIC_REPRESENTATION_ITEM ( )  RATIONAL_B_SPLINE_SURFACE ( (
 ( 1.000000000000000000, 0.5006059373272292445, 1.000000000000000000),
 ( 1.000000000000000000, 0.4770086401517706909, 1.000000000000000000),
 ( 1.000000000000000000, 0.4544109676304960987, 1.000000000000000000),
 ( 1.000000000000000000, 0.4125764572554840304, 1.000000000000000000),
 ( 1.000000000000000000, 0.3933210658739190180, 1.000000000000000000),
 ( 1.000000000000000000, 0.3602750842355485483, 1.000000000000000000),
 ( 1.000000000000000000, 0.3465049150853841131, 1.000000000000000000),
 ( 1.000000000000000000, 0.3273405279453554528, 1.000000000000000000),
 ( 1.000000000000000000, 0.3220219238005949669, 1.000000000000000000),
 ( 1.000000000000000000, 0.3220523232850893147, 1.000000000000000000),
 ( 1.000000000000000000, 0.3273869100525106379, 1.000000000000000000),
 ( 1.000000000000000000, 0.3465641504007837548, 1.000000000000000000),
 ( 1.000000000000000000, 0.3603318004189897117, 1.000000000000000000),
 ( 1.000000000000000000, 0.3933663996682193464, 1.000000000000000000),
 ( 1.000000000000000000, 0.4126129413311777072, 1.000000000000000000),
 ( 1.000000000000000000, 0.4544292589238267399, 1.000000000000000000),
 ( 1.000000000000000000, 0.4770174568999060449, 1.000000000000000000),
 ( 1.000000000000000000, 0.5006059373272168100, 1.000000000000000000) ) ) 
 REPRESENTATION_ITEM ( '' )  SURFACE ( )  );
#541 = EDGE_LOOP ( 'NONE', ( #2857, #2644, #2431, #2082 ) ) ;
#542 = EDGE_LOOP ( 'NONE', ( #1435, #1996, #3026, #504 ) ) ;
#543 = CIRCLE ( 'NONE', #1267, 0.8999999999999980238 ) ;
#544 = CARTESIAN_POINT ( 'NONE',  ( 7.478626235484185258, 8.000000000000000000, -43.26402243547934034 ) ) ;
#545 = CARTESIAN_POINT ( 'NONE',  ( -9.500000000000003553, 0.000000000000000000, -10.22182540694802455 ) ) ;
#546 = ORIENTED_EDGE ( 'NONE', *, *, #1331, .T. ) ;
#547 = CARTESIAN_POINT ( 'NONE',  ( 0.000000000000000000, 7.100000000000000533, -32.61324483279022246 ) ) ;
#548 = ORIENTED_EDGE ( 'NONE', *, *, #1851, .F. ) ;
#549 = DIRECTION ( 'NONE',  ( 0.000000000000000000, -1.000000000000000000, 0.000000000000000000 ) ) ;
#550 = ORIENTED_EDGE ( 'NONE', *, *, #2232, .F. ) ;
#551 = CARTESIAN_POINT ( 'NONE',  ( -9.500000000000003553, 0.000000000000000000, -9.721825406948024551 ) ) ;
#552 = FACE_OUTER_BOUND ( 'NONE', #423, .T. ) ;
#553 = ORIENTED_EDGE ( 'NONE', *, *, #1361, .T. ) ;
#554 = ORIENTED_EDGE ( 'NONE', *, *, #811, .F. ) ;
#555 = CARTESIAN_POINT ( 'NONE',  ( -1.437602701867736865, 1.353782921415183971, -42.38206032940826162 ) ) ;
#556 = VECTOR ( 'NONE', #1384, 1000.000000000000000 ) ;
#557 = ADVANCED_FACE ( 'NONE', ( #2619 ), #433, .F. ) ;
#558 = CARTESIAN_POINT ( 'NONE',  ( 1.680901442552352076, 7.989629064600305419, -43.22567598860059945 ) ) ;
#559 = AXIS2_PLACEMENT_3D ( 'NONE', #2832, #879, #2850 ) ;
#560 = EDGE_LOOP ( 'NONE', ( #1958, #9, #516, #2071 ) ) ;
#561 = ADVANCED_FACE ( 'NONE', ( #1928 ), #2165, .F. ) ;
#562 = CIRCLE ( 'NONE', #1584, 4.606703231612698346 ) ;
#563 = VERTEX_POINT ( 'NONE', #2211 ) ;
#564 = FACE_OUTER_BOUND ( 'NONE', #2576, .T. ) ;
#565 = DIRECTION ( 'NONE',  ( 0.000000000000000000, 0.000000000000000000, 1.000000000000000000 ) ) ;
#566 = ORIENTED_EDGE ( 'NONE', *, *, #2086, .F. ) ;
#567 = CARTESIAN_POINT ( 'NONE',  ( 10.00000000000000178, 0.000000000000000000, 28.00000000000000000 ) ) ;
#568 = ORIENTED_EDGE ( 'NONE', *, *, #894, .F. ) ;
#569 = DIRECTION ( 'NONE',  ( 0.000000000000000000, -1.000000000000000000, -0.000000000000000000 ) ) ;
#570 = EDGE_LOOP ( 'NONE', ( #2860, #1563 ) ) ;
#571 = EDGE_LOOP ( 'NONE', ( #641, #2569, #3057, #2758, #546, #2369 ) ) ;
#572 = CARTESIAN_POINT ( 'NONE',  ( 0.05266431688482477863, -0.8884426911908877011, -41.36961233624885637 ) ) ;
#573 = CARTESIAN_POINT ( 'NONE',  ( 0.05266431688484001644, 8.888442691191265510, -41.36961233624825951 ) ) ;
#574 = DIRECTION ( 'NONE',  ( 0.000000000000000000, 0.000000000000000000, -1.000000000000000000 ) ) ;
#575 = EDGE_LOOP ( 'NONE', ( #3098, #2223, #2962, #1238 ) ) ;
#576 = VERTEX_POINT ( 'NONE', #515 ) ;
#577 = DIRECTION ( 'NONE',  ( -0.3226739277881370271, -0.000000000000000000, 0.9465101881785404903 ) ) ;
#578 = EDGE_CURVE ( 'NONE', #2137, #2991, #2573, .T. ) ;
#579 = CARTESIAN_POINT ( 'NONE',  ( -1.185015211764676613, 0.000000000000000000, -1.406840618712807078 ) ) ;
#580 = EDGE_CURVE ( 'NONE', #2218, #129, #2262, .T. ) ;
#581 = VERTEX_POINT ( 'NONE', #1523 ) ;
#582 = EDGE_CURVE ( 'NONE', #673, #1389, #775, .T. ) ;
#583 = CARTESIAN_POINT ( 'NONE',  ( -4.999999999999997335, 0.000000000000000000, 30.00000000000000355 ) ) ;
#584 = ORIENTED_EDGE ( 'NONE', *, *, #2010, .F. ) ;
#585 = EDGE_CURVE ( 'NONE', #1637, #973, #2245, .T. ) ;
#586 = CARTESIAN_POINT ( 'NONE',  ( -1.714040219394045605, 1.348908651922916757, -42.27595378722109842 ) ) ;
#587 = EDGE_LOOP ( 'NONE', ( #1752, #3102, #606, #1866 ) ) ;
#588 = CIRCLE ( 'NONE', #3133, 0.9000000000000016875 ) ;
#589 = CARTESIAN_POINT ( 'NONE',  ( 0.1046903109913112501, -0.8477642226558599337, -41.39028212353809266 ) ) ;
#590 = CARTESIAN_POINT ( 'NONE',  ( -9.146446609406718053, 8.000000000000000000, -17.14644660940671983 ) ) ;
#591 = AXIS2_PLACEMENT_3D ( 'NONE', #214, #1196, #2910 ) ;
#592 = CARTESIAN_POINT ( 'NONE',  ( -1.953989384249644079, 8.000000000000000000, 17.06503552713222760 ) ) ;
#593 = AXIS2_PLACEMENT_3D ( 'NONE', #2655, #455, #1002 ) ;
#594 = ORIENTED_EDGE ( 'NONE', *, *, #3060, .T. ) ;
#595 = ORIENTED_EDGE ( 'NONE', *, *, #770, .T. ) ;
#596 = DIRECTION ( 'NONE',  ( 0.000000000000000000, -1.000000000000000000, 0.000000000000000000 ) ) ;
#597 = ORIENTED_EDGE ( 'NONE', *, *, #2157, .F. ) ;
#598 = CARTESIAN_POINT ( 'NONE',  ( -1.669410514312500649, 7.100000000000000533, -42.16461768535678090 ) ) ;
#599 = VECTOR ( 'NONE', #1783, 1000.000000000000000 ) ;
#600 = EDGE_LOOP ( 'NONE', ( #2996, #2198, #691, #115 ) ) ;
#601 = EDGE_CURVE ( 'NONE', #2298, #82, #3139, .T. ) ;
#602 = CARTESIAN_POINT ( 'NONE',  ( 0.6187063232959103543, 0.000000000000000000, -7.381293676704220097 ) ) ;
#603 = EDGE_LOOP ( 'NONE', ( #1604, #1650, #1589, #2234 ) ) ;
#604 = AXIS2_PLACEMENT_3D ( 'NONE', #1601, #690, #2352 ) ;
#605 = DIRECTION ( 'NONE',  ( 0.000000000000000000, 0.000000000000000000, 1.000000000000000000 ) ) ;
#606 = ORIENTED_EDGE ( 'NONE', *, *, #340, .T. ) ;
#607 = VECTOR ( 'NONE', #1251, 1000.000000000000000 ) ;
#608 = CARTESIAN_POINT ( 'NONE',  ( 12.67894130511789541, 8.000011999999999901, -23.43190354328242364 ) ) ;
#609 = DIRECTION ( 'NONE',  ( 1.000000000000000000, -0.000000000000000000, -1.156482317317871478E-16 ) ) ;
#610 = CARTESIAN_POINT ( 'NONE',  ( -9.026744905910732086, 8.000000000000000000, 23.14511839067167642 ) ) ;
#611 = CIRCLE ( 'NONE', #1068, 0.5000000000000004441 ) ;
#612 = FACE_OUTER_BOUND ( 'NONE', #603, .T. ) ;
#613 = DIRECTION ( 'NONE',  ( 0.3226739277881371937, -0.000000000000000000, -0.9465101881785403792 ) ) ;
#614 = VECTOR ( 'NONE', #677, 1000.000000000000000 ) ;
#615 = ORIENTED_EDGE ( 'NONE', *, *, #1796, .F. ) ;
#616 = AXIS2_PLACEMENT_3D ( 'NONE', #820, #2004, #321 ) ;
#617 = ORIENTED_EDGE ( 'NONE', *, *, #649, .F. ) ;
#618 = DIRECTION ( 'NONE',  ( -1.000000000000000000, 0.000000000000000000, 0.000000000000000000 ) ) ;
#619 = CIRCLE ( 'NONE', #3012, 0.5000000000000000000 ) ;
#620 = ORIENTED_EDGE ( 'NONE', *, *, #1133, .T. ) ;
#621 = DIRECTION ( 'NONE',  ( 0.000000000000000000, 0.000000000000000000, 1.000000000000000000 ) ) ;
#622 = CARTESIAN_POINT ( 'NONE',  ( 49.79166604315376787, 0.000000000000000000, -44.17853350808720592 ) ) ;
#623 = VERTEX_POINT ( 'NONE', #264 ) ;
#624 = ORIENTED_EDGE ( 'NONE', *, *, #647, .T. ) ;
#625 = EDGE_CURVE ( 'NONE', #2298, #1083, #326, .T. ) ;
#626 = EDGE_CURVE ( 'NONE', #2669, #124, #2331, .T. ) ;
#627 = EDGE_CURVE ( 'NONE', #2045, #1309, #1292, .T. ) ;
#628 = DIRECTION ( 'NONE',  ( -1.156482317317871478E-16, -0.000000000000000000, -1.000000000000000000 ) ) ;
#629 = CARTESIAN_POINT ( 'NONE',  ( 0.6765406354934868638, 8.000000000000000000, 10.89836604244160512 ) ) ;
#630 = CARTESIAN_POINT ( 'NONE',  ( 1.158225201197451648, 1.368725633047132462, -42.48008189957955949 ) ) ;
#631 = ADVANCED_FACE ( 'NONE', ( #552 ), #2679, .T. ) ;
#632 = ORIENTED_EDGE ( 'NONE', *, *, #1473, .F. ) ;
#633 = VERTEX_POINT ( 'NONE', #25 ) ;
#634 = CYLINDRICAL_SURFACE ( 'NONE', #3152, 0.5000000000000004441 ) ;
#635 = DIRECTION ( 'NONE',  ( -0.05186216817842098648, -0.05899563889218625845, 0.9969101414388038540 ) ) ;
#636 = VERTEX_POINT ( 'NONE', #1049 ) ;
#637 = PLANE ( 'NONE',  #1323 ) ;
#638 = ORIENTED_EDGE ( 'NONE', *, *, #1149, .T. ) ;
#639 = LINE ( 'NONE', #387, #671 ) ;
#640 = FACE_BOUND ( 'NONE', #2054, .T. ) ;
#641 = ORIENTED_EDGE ( 'NONE', *, *, #1026, .F. ) ;
#642 = PRODUCT_DEFINITION ( 'UNKNOWN', '', #503, #2099 ) ;
#643 = LINE ( 'NONE', #674, #495 ) ;
#644 = DIRECTION ( 'NONE',  ( -0.000000000000000000, -1.000000000000000000, -0.000000000000000000 ) ) ;
#645 = EDGE_CURVE ( 'NONE', #124, #225, #1974, .T. ) ;
#646 = LINE ( 'NONE', #1859, #614 ) ;
#647 = EDGE_CURVE ( 'NONE', #3071, #1591, #1029, .T. ) ;
#648 = CYLINDRICAL_SURFACE ( 'NONE', #990, 0.5000000000000000000 ) ;
#649 = EDGE_CURVE ( 'NONE', #424, #2616, #1066, .T. ) ;
#650 = DIRECTION ( 'NONE',  ( 0.000000000000000000, 0.000000000000000000, 1.000000000000000000 ) ) ;
#651 = TOROIDAL_SURFACE ( 'NONE', #3039, 5.386755167209774875, 0.9000000000000000222 ) ;
#652 = ORIENTED_EDGE ( 'NONE', *, *, #1758, .F. ) ;
#653 = DIRECTION ( 'NONE',  ( -1.000000000000000000, -1.062211776130383673E-31, -1.224646799147353207E-16 ) ) ;
#654 = CARTESIAN_POINT ( 'NONE',  ( 4.999999999999993783, 8.000000000000000000, -18.00000000000000000 ) ) ;
#655 = CARTESIAN_POINT ( 'NONE',  ( 0.000000000000000000, 7.100000000000000533, -38.00000000000000000 ) ) ;
#656 = EDGE_LOOP ( 'NONE', ( #3024, #2725, #2972, #2040, #2812, #3003 ) ) ;
#657 = CIRCLE ( 'NONE', #2626, 0.5000000000000004441 ) ;
#658 = DIRECTION ( 'NONE',  ( 0.3226739277881370827, -0.000000000000000000, -0.9465101881785403792 ) ) ;
#659 = CARTESIAN_POINT ( 'NONE',  ( 7.477541933972236876, 0.000000000000000000, -45.00000000000000000 ) ) ;
#660 = CARTESIAN_POINT ( 'NONE',  ( 4.301289122765019179, 0.000000000000000000, -17.49999999999999645 ) ) ;
#661 = EDGE_CURVE ( 'NONE', #124, #2538, #29, .T. ) ;
#662 = VECTOR ( 'NONE', #2941, 1000.000000000000000 ) ;
#663 = CARTESIAN_POINT ( 'NONE',  ( 14.99999999999999289, 6.000000000000000000, -45.00000000000000000 ) ) ;
#664 = CARTESIAN_POINT ( 'NONE',  ( 9.500000000000001776, 8.000000000000000000, -14.98378142677764657 ) ) ;
#665 = CARTESIAN_POINT ( 'NONE',  ( 675.2742708227715411, 866.9218787765570369, 1274.987046705521834 ) ) ;
#666 = EDGE_CURVE ( 'NONE', #1135, #275, #2733, .T. ) ;
#667 = AXIS2_PLACEMENT_3D ( 'NONE', #499, #948, #1931 ) ;
#668 = ORIENTED_EDGE ( 'NONE', *, *, #1047, .T. ) ;
#669 = FACE_OUTER_BOUND ( 'NONE', #1313, .T. ) ;
#670 = CARTESIAN_POINT ( 'NONE',  ( 0.000000000000000000, 4.000000000000000000, 0.000000000000000000 ) ) ;
#671 = VECTOR ( 'NONE', #150, 1000.000000000000000 ) ;
#672 = AXIS2_PLACEMENT_3D ( 'NONE', #138, #2816, #2596 ) ;
#673 = VERTEX_POINT ( 'NONE', #1504 ) ;
#674 = CARTESIAN_POINT ( 'NONE',  ( -5.423728813559328898, 0.000000000000000000, 12.57627118644084163 ) ) ;
#675 = DIRECTION ( 'NONE',  ( -0.000000000000000000, -1.000000000000000000, -0.000000000000000000 ) ) ;
#676 = CARTESIAN_POINT ( 'NONE',  ( -1.127180899567103323, 8.000000000000000000, 16.87281910043301281 ) ) ;
#677 = DIRECTION ( 'NONE',  ( -0.000000000000000000, 1.000000000000000000, 0.000000000000000000 ) ) ;
#678 = CARTESIAN_POINT ( 'NONE',  ( 4.301289122765019179, 0.000000000000000000, -18.00000000000000000 ) ) ;
#679 = DIRECTION ( 'NONE',  ( -1.000000000000000000, -0.000000000000000000, -1.445602896647339656E-16 ) ) ;
#680 = APPLICATION_PROTOCOL_DEFINITION ( 'draft international standard', 'automotive_design', 1998, #1911 ) ;
#681 = VERTEX_POINT ( 'NONE', #745 ) ;
#682 = CARTESIAN_POINT ( 'NONE',  ( -4.281706509840163122E-17, 6.573256624769397760, -42.65062902660279320 ) ) ;
#683 = DIRECTION ( 'NONE',  ( 0.000000000000000000, 0.000000000000000000, 1.000000000000000000 ) ) ;
#684 = ORIENTED_EDGE ( 'NONE', *, *, #3155, .F. ) ;
#685 = CARTESIAN_POINT ( 'NONE',  ( 4.301289122765019179, 7.999999999999996447, -18.00000000000000000 ) ) ;
#686 = CARTESIAN_POINT ( 'NONE',  ( -8.792893218813448541, 0.000000000000000000, -17.49999999999999645 ) ) ;
#687 = FACE_OUTER_BOUND ( 'NONE', #2773, .T. ) ;
#688 = FACE_OUTER_BOUND ( 'NONE', #1568, .T. ) ;
#689 = DIRECTION ( 'NONE',  ( -0.000000000000000000, 1.000000000000000000, -0.000000000000000000 ) ) ;
#690 = DIRECTION ( 'NONE',  ( -0.9465101881785404903, 0.000000000000000000, -0.3226739277881370271 ) ) ;
#691 = ORIENTED_EDGE ( 'NONE', *, *, #3016, .T. ) ;
#692 = AXIS2_PLACEMENT_3D ( 'NONE', #2630, #2140, #1947 ) ;
#693 = DIRECTION ( 'NONE',  ( 0.000000000000000000, 0.000000000000000000, -1.000000000000000000 ) ) ;
#694 = FACE_OUTER_BOUND ( 'NONE', #1258, .T. ) ;
#695 = CIRCLE ( 'NONE', #2471, 5.386755167209773987 ) ;
#696 = EDGE_CURVE ( 'NONE', #2279, #2227, #41, .T. ) ;
#697 = ORIENTED_EDGE ( 'NONE', *, *, #465, .F. ) ;
#698 = CARTESIAN_POINT ( 'NONE',  ( -7.472768762709742774, 7.897932866005418440, -43.64421782214751744 ) ) ;
#699 = FACE_OUTER_BOUND ( 'NONE', #1472, .T. ) ;
#700 = DIRECTION ( 'NONE',  ( 0.000000000000000000, 1.000000000000000000, 0.000000000000000000 ) ) ;
#701 = CARTESIAN_POINT ( 'NONE',  ( 0.000000000000000000, 6.000000000000000000, 43.00000000000000000 ) ) ;
#702 = DIRECTION ( 'NONE',  ( 0.000000000000000000, 0.000000000000000000, 1.000000000000000000 ) ) ;
#703 = CIRCLE ( 'NONE', #857, 2.250000000000001776 ) ;
#704 = VERTEX_POINT ( 'NONE', #2961 ) ;
#705 = DIRECTION ( 'NONE',  ( 0.000000000000000000, 1.000000000000000000, 0.000000000000000000 ) ) ;
#706 = CARTESIAN_POINT ( 'NONE',  ( 0.2032855414042166464, 8.000000000000000000, 10.73702907854753619 ) ) ;
#707 = DIRECTION ( 'NONE',  ( -0.000000000000000000, -0.000000000000000000, 1.000000000000000000 ) ) ;
#708 = EDGE_CURVE ( 'NONE', #2652, #1653, #2011, .T. ) ;
#709 = VECTOR ( 'NONE', #2074, 1000.000000000000000 ) ;
#710 = AXIS2_PLACEMENT_3D ( 'NONE', #1784, #1483, #2936 ) ;
#711 = EDGE_LOOP ( 'NONE', ( #1514, #332, #1275, #400 ) ) ;
#712 = FACE_OUTER_BOUND ( 'NONE', #1895, .T. ) ;
#713 = DIRECTION ( 'NONE',  ( 0.7071067811865522357, 0.000000000000000000, 0.7071067811865429098 ) ) ;
#714 = DIRECTION ( 'NONE',  ( 0.000000000000000000, 1.000000000000000000, 0.000000000000000000 ) ) ;
#715 = EDGE_CURVE ( 'NONE', #155, #1546, #296, .T. ) ;
#716 = CIRCLE ( 'NONE', #817, 2.000000000000001776 ) ;
#717 = EDGE_CURVE ( 'NONE', #1829, #424, #1967, .T. ) ;
#718 = CARTESIAN_POINT ( 'NONE',  ( 1.425206581700379616, 1.105886215935214365E-14, -41.55541101757142286 ) ) ;
#719 = EDGE_CURVE ( 'NONE', #1611, #2354, #2170, .T. ) ;
#720 = CARTESIAN_POINT ( 'NONE',  ( 5.000000000000002665, 3.000000000000000000, 30.00000000000000355 ) ) ;
#721 = B_SPLINE_CURVE_WITH_KNOTS ( 'NONE', 3,
 ( #2886, #456, #415, #682 ),
 .UNSPECIFIED., .F., .F.,
 ( 4, 4 ),
 ( 0.000000000000000000, 0.001756242263745933169 ),
 .UNSPECIFIED. ) ;
#722 = CARTESIAN_POINT ( 'NONE',  ( -4.999999999999997335, 2.000000000000000000, 45.00000000000000000 ) ) ;
#723 = ORIENTED_EDGE ( 'NONE', *, *, #462, .F. ) ;
#724 = CARTESIAN_POINT ( 'NONE',  ( 4.915254237288138484, 8.000000000000000000, -3.084745762712047146 ) ) ;
#725 = CARTESIAN_POINT ( 'NONE',  ( -9.500000000000003553, 0.000000000000000000, -9.721825406948024551 ) ) ;
#726 = DIRECTION ( 'NONE',  ( 0.000000000000000000, 1.000000000000000000, -0.000000000000000000 ) ) ;
#727 = ORIENTED_EDGE ( 'NONE', *, *, #413, .T. ) ;
#728 = CARTESIAN_POINT ( 'NONE',  ( -7.469448243528777454, 7.591327623836608751, -44.21849977017647859 ) ) ;
#729 = CARTESIAN_POINT ( 'NONE',  ( 2.004278232047944197, 0.9000000000000000222, -43.00000000000000000 ) ) ;
#730 = CARTESIAN_POINT ( 'NONE',  ( 5.000000000000000888, 4.000000000000000000, 40.00000000000000000 ) ) ;
#731 = ORIENTED_EDGE ( 'NONE', *, *, #2940, .T. ) ;
#732 = ADVANCED_FACE ( 'NONE', ( #2811 ), #651, .T. ) ;
#733 = CARTESIAN_POINT ( 'NONE',  ( 0.1028138504742131393, 0.000000000000000000, 11.03174603860888148 ) ) ;
#734 = CARTESIAN_POINT ( 'NONE',  ( -4.999999999999997335, 8.000000000000000000, 33.00000000000000000 ) ) ;
#735 = PRODUCT_CONTEXT ( 'NONE', #2715, 'mechanical' ) ;
#736 = ORIENTED_EDGE ( 'NONE', *, *, #1053, .F. ) ;
#737 = DIRECTION ( 'NONE',  ( 0.000000000000000000, 1.000000000000000000, 0.000000000000000000 ) ) ;
#738 = DIRECTION ( 'NONE',  ( 0.000000000000000000, 0.000000000000000000, -1.000000000000000000 ) ) ;
#739 = VECTOR ( 'NONE', #160, 999.9999999999998863 ) ;
#740 = DIRECTION ( 'NONE',  ( 0.000000000000000000, -1.000000000000000000, 0.000000000000000000 ) ) ;
#741 = VECTOR ( 'NONE', #689, 1000.000000000000000 ) ;
#742 = ORIENTED_EDGE ( 'NONE', *, *, #1710, .F. ) ;
#743 = AXIS2_PLACEMENT_3D ( 'NONE', #1475, #1307, #806 ) ;
#744 = CARTESIAN_POINT ( 'NONE',  ( 5.015725928218142116, 8.000000000000000000, -3.379462722773392436 ) ) ;
#745 = CARTESIAN_POINT ( 'NONE',  ( -5.524200504489333419, 8.000000000000000000, 12.87098814650218692 ) ) ;
#746 = FACE_OUTER_BOUND ( 'NONE', #2823, .T. ) ;
#747 = CARTESIAN_POINT ( 'NONE',  ( 1.082452903651606180, -0.1750767564347673610, -41.57495390224571707 ) ) ;
#748 = CARTESIAN_POINT ( 'NONE',  ( 4.774544216854288869, 0.000000000000000000, -17.33866303610592752 ) ) ;
#749 = ORIENTED_EDGE ( 'NONE', *, *, #601, .T. ) ;
#750 = DIRECTION ( 'NONE',  ( 0.000000000000000000, 0.000000000000000000, 1.000000000000000000 ) ) ;
#751 = DIRECTION ( 'NONE',  ( 1.000000000000000000, 0.000000000000000000, -1.084202172485504434E-16 ) ) ;
#752 = EDGE_CURVE ( 'NONE', #633, #1805, #2213, .T. ) ;
#753 = CARTESIAN_POINT ( 'NONE',  ( -5.643902207985330932, 8.000000000000000000, 12.35609779201484315 ) ) ;
#754 = ADVANCED_FACE ( 'NONE', ( #1628 ), #2295, .F. ) ;
#755 = DIRECTION ( 'NONE',  ( -1.224646799147353207E-16, 0.000000000000000000, 1.000000000000000000 ) ) ;
#756 = VERTEX_POINT ( 'NONE', #1321 ) ;
#757 = FACE_OUTER_BOUND ( 'NONE', #2787, .T. ) ;
#758 = CARTESIAN_POINT ( 'NONE',  ( -9.500000000000001776, 8.000000000000000000, 9.207106781186759292 ) ) ;
#759 = CIRCLE ( 'NONE', #958, 2.250000000000001776 ) ;
#760 = LINE ( 'NONE', #201, #2597 ) ;
#761 = CIRCLE ( 'NONE', #2544, 0.5000000000000000000 ) ;
#762 = DIRECTION ( 'NONE',  ( 1.000000000000000000, 0.000000000000000000, 0.000000000000000000 ) ) ;
#763 = DIRECTION ( 'NONE',  ( 0.7071067811865514585, 0.000000000000000000, 0.7071067811865435759 ) ) ;
#764 = FACE_BOUND ( 'NONE', #1645, .T. ) ;
#765 = ORIENTED_EDGE ( 'NONE', *, *, #2971, .T. ) ;
#766 = FACE_OUTER_BOUND ( 'NONE', #1348, .T. ) ;
#767 = DIRECTION ( 'NONE',  ( 0.000000000000000000, 0.000000000000000000, -1.000000000000000000 ) ) ;
#768 = DIRECTION ( 'NONE',  ( 0.000000000000000000, 0.000000000000000000, -1.000000000000000000 ) ) ;
#769 = EDGE_CURVE ( 'NONE', #3122, #1610, #2272, .T. ) ;
#770 = EDGE_CURVE ( 'NONE', #1684, #1282, #2620, .T. ) ;
#771 = DIRECTION ( 'NONE',  ( 1.462930778200194416E-16, 0.000000000000000000, 1.000000000000000000 ) ) ;
#772 = ORIENTED_EDGE ( 'NONE', *, *, #1779, .F. ) ;
#773 = PRESENTATION_STYLE_ASSIGNMENT (( #1993 ) ) ;
#774 = ADVANCED_FACE ( 'NONE', ( #640, #1609 ), #1556, .F. ) ;
#775 = LINE ( 'NONE', #1755, #2983 ) ;
#776 = VERTEX_POINT ( 'NONE', #1353 ) ;
#777 = CARTESIAN_POINT ( 'NONE',  ( 0.6232514123660128913, -0.4458935650521232419, -41.54041315994481920 ) ) ;
#778 = CARTESIAN_POINT ( 'NONE',  ( 1.247718637343007142, 8.089002993517560469, -41.57137620184266780 ) ) ;
#779 = ORIENTED_EDGE ( 'NONE', *, *, #513, .F. ) ;
#780 = ORIENTED_EDGE ( 'NONE', *, *, #909, .F. ) ;
#781 = CARTESIAN_POINT ( 'NONE',  ( 7.471519204865540331, 7.218601852125956952, -44.59124887338531096 ) ) ;
#782 = CARTESIAN_POINT ( 'NONE',  ( -0.1916353516496450138, 0.1652499360500179482, -43.79604806863536481 ) ) ;
#783 = CARTESIAN_POINT ( 'NONE',  ( -4.999999999999997335, 6.000000000000000000, 43.00000000000000000 ) ) ;
#784 = ORIENTED_EDGE ( 'NONE', *, *, #165, .T. ) ;
#785 = CARTESIAN_POINT ( 'NONE',  ( -15.00000000000000711, 8.000006000000000839, -20.08081825816746147 ) ) ;
#786 = ORIENTED_EDGE ( 'NONE', *, *, #2081, .T. ) ;
#787 = EDGE_CURVE ( 'NONE', #633, #1340, #897, .T. ) ;
#788 = CARTESIAN_POINT ( 'NONE',  ( -10.00000000000000178, 0.000000000000000000, 0.7218254069482294977 ) ) ;
#789 = VECTOR ( 'NONE', #763, 1000.000000000000000 ) ;
#790 = DIRECTION ( 'NONE',  ( 1.000000000000000000, -0.000000000000000000, -1.084202172485504434E-16 ) ) ;
#791 = FACE_OUTER_BOUND ( 'NONE', #2522, .T. ) ;
#792 = ORIENTED_EDGE ( 'NONE', *, *, #2319, .T. ) ;
#793 = AXIS2_PLACEMENT_3D ( 'NONE', #839, #2777, #133 ) ;
#794 = EDGE_CURVE ( 'NONE', #2991, #973, #1865, .T. ) ;
#795 = CARTESIAN_POINT ( 'NONE',  ( -5.681818181818182545, 0.000000000000000000, 28.00000000000000000 ) ) ;
#796 = DIRECTION ( 'NONE',  ( 0.000000000000000000, 0.000000000000000000, 1.000000000000000000 ) ) ;
#797 = ORIENTED_EDGE ( 'NONE', *, *, #121, .F. ) ;
#798 = ORIENTED_EDGE ( 'NONE', *, *, #3135, .T. ) ;
#799 = CARTESIAN_POINT ( 'NONE',  ( -14.99999999999999645, 0.000000000000000000, 42.99999999999997158 ) ) ;
#800 = PLANE ( 'NONE',  #710 ) ;
#801 = PLANE ( 'NONE',  #252 ) ;
#802 = ORIENTED_EDGE ( 'NONE', *, *, #626, .T. ) ;
#803 = VERTEX_POINT ( 'NONE', #2528 ) ;
#804 = CARTESIAN_POINT ( 'NONE',  ( -7.469231842912448904, 0.2527187729174366626, -44.00737140895859056 ) ) ;
#805 = ADVANCED_FACE ( 'NONE', ( #858 ), #405, .F. ) ;
#806 = DIRECTION ( 'NONE',  ( 0.000000000000000000, 0.000000000000000000, 1.000000000000000000 ) ) ;
#807 = EDGE_LOOP ( 'NONE', ( #2250, #2514, #2162, #2107, #2017, #1559, #1909, #595, #3076 ) ) ;
#808 = ORIENTED_EDGE ( 'NONE', *, *, #626, .F. ) ;
#809 = VECTOR ( 'NONE', #10, 1000.000000000000000 ) ;
#810 = CARTESIAN_POINT ( 'NONE',  ( 0.3474562227810149007, 0.1563302726442813151, -43.77625269471721481 ) ) ;
#811 = EDGE_CURVE ( 'NONE', #2750, #2306, #1574, .T. ) ;
#812 = CARTESIAN_POINT ( 'NONE',  ( 5.000000000000000888, 2.000000000000000000, 45.00000000000000000 ) ) ;
#813 = LINE ( 'NONE', #592, #143 ) ;
#814 = EDGE_CURVE ( 'NONE', #1268, #1338, #3061, .T. ) ;
#815 = CIRCLE ( 'NONE', #2952, 0.5000000000000004441 ) ;
#816 = ORIENTED_EDGE ( 'NONE', *, *, #208, .T. ) ;
#817 = AXIS2_PLACEMENT_3D ( 'NONE', #783, #2270, #2707 ) ;
#818 = EDGE_LOOP ( 'NONE', ( #986, #2013, #2257, #554 ) ) ;
#819 = CARTESIAN_POINT ( 'NONE',  ( 7.477284866589887891, 6.261917261532146561, -44.98704819823851153 ) ) ;
#820 = CARTESIAN_POINT ( 'NONE',  ( 0.000000000000000000, 0.000000000000000000, 0.000000000000000000 ) ) ;
#821 = AXIS2_PLACEMENT_3D ( 'NONE', #2322, #3084, #2838 ) ;
#822 = EDGE_LOOP ( 'NONE', ( #1019, #1450, #1009, #356 ) ) ;
#823 = CARTESIAN_POINT ( 'NONE',  ( -9.026744905910732086, 8.000000000000000000, 23.14511839067167642 ) ) ;
#824 = EDGE_LOOP ( 'NONE', ( #2932, #731, #917, #1094 ) ) ;
#825 = CARTESIAN_POINT ( 'NONE',  ( 9.500000000000001776, 8.000000000000000000, -14.98378142677764657 ) ) ;
#826 = VERTEX_POINT ( 'NONE', #2070 ) ;
#827 = EDGE_LOOP ( 'NONE', ( #2601, #334, #2985, #1494 ) ) ;
#828 = CARTESIAN_POINT ( 'NONE',  ( 0.6883834445638081778, 0.1260209650475041243, -43.69992062848737646 ) ) ;
#829 = DIRECTION ( 'NONE',  ( 0.000000000000000000, 0.000000000000000000, 1.000000000000000000 ) ) ;
#830 = APPLICATION_CONTEXT ( 'automotive_design' ) ;
#831 = EDGE_CURVE ( 'NONE', #1338, #2306, #2666, .T. ) ;
#832 = ORIENTED_EDGE ( 'NONE', *, *, #380, .F. ) ;
#833 = VERTEX_POINT ( 'NONE', #1339 ) ;
#834 = DIRECTION ( 'NONE',  ( 0.000000000000000000, 0.000000000000000000, -1.000000000000000000 ) ) ;
#835 = DIRECTION ( 'NONE',  ( 0.000000000000000000, 0.000000000000000000, 1.000000000000000000 ) ) ;
#836 = ORIENTED_EDGE ( 'NONE', *, *, #1672, .T. ) ;
#837 = DIRECTION ( 'NONE',  ( -1.000000000000000000, 0.000000000000000000, 2.312964634635743450E-16 ) ) ;
#838 = ORIENTED_EDGE ( 'NONE', *, *, #787, .F. ) ;
#839 = CARTESIAN_POINT ( 'NONE',  ( -2.004278232047945529, 0.8999999999999993561, -43.00000000000000000 ) ) ;
#840 = VERTEX_POINT ( 'NONE', #2313 ) ;
#841 = PRODUCT_DEFINITION_SHAPE ( 'NONE', 'NONE',  #3159 ) ;
#842 = AXIS2_PLACEMENT_3D ( 'NONE', #1707, #2203, #702 ) ;
#843 = DIRECTION ( 'NONE',  ( 0.000000000000000000, 0.000000000000000000, 1.000000000000000000 ) ) ;
#844 = CARTESIAN_POINT ( 'NONE',  ( -1.714040219394045828, 6.651091348077114773, -42.27595378722111974 ) ) ;
#845 = CIRCLE ( 'NONE', #1663, 0.8999999999999980238 ) ;
#846 = AXIS2_PLACEMENT_3D ( 'NONE', #1388, #3075, #887 ) ;
#847 = LINE ( 'NONE', #663, #2119 ) ;
#848 = LINE ( 'NONE', #2786, #432 ) ;
#849 = ADVANCED_FACE ( 'NONE', ( #116 ), #875, .F. ) ;
#850 = CARTESIAN_POINT ( 'NONE',  ( 9.500000000000001776, 0.000000000000000000, -15.48378142677764657 ) ) ;
#851 = VECTOR ( 'NONE', #49, 1000.000000000000000 ) ;
#852 = ORIENTED_EDGE ( 'NONE', *, *, #1487, .T. ) ;
#853 = DIRECTION ( 'NONE',  ( 0.7071067811865514585, 0.000000000000000000, 0.7071067811865435759 ) ) ;
#854 = EDGE_CURVE ( 'NONE', #2640, #48, #2423, .T. ) ;
#855 = ADVANCED_FACE ( 'NONE', ( #766 ), #901, .F. ) ;
#856 = ORIENTED_EDGE ( 'NONE', *, *, #2615, .F. ) ;
#857 = AXIS2_PLACEMENT_3D ( 'NONE', #2338, #1861, #650 ) ;
#858 = FACE_OUTER_BOUND ( 'NONE', #656, .T. ) ;
#859 = ORIENTED_EDGE ( 'NONE', *, *, #2546, .F. ) ;
#860 = DIRECTION ( 'NONE',  ( -0.7071067811865430208, 0.000000000000000000, 0.7071067811865521247 ) ) ;
#861 = CARTESIAN_POINT ( 'NONE',  ( -1.843090869013846334, 8.000000000000031974, -43.11747794163946423 ) ) ;
#862 = VECTOR ( 'NONE', #510, 1000.000000000000114 ) ;
#863 = CIRCLE ( 'NONE', #1838, 0.5000000000000004441 ) ;
#864 = ORIENTED_EDGE ( 'NONE', *, *, #398, .T. ) ;
#865 = DIRECTION ( 'NONE',  ( 0.000000000000000000, 1.000000000000000000, 0.000000000000000000 ) ) ;
#866 = CARTESIAN_POINT ( 'NONE',  ( 9.500000000000001776, 0.000000000000000000, -15.48378142677764657 ) ) ;
#867 = AXIS2_PLACEMENT_3D ( 'NONE', #1825, #1390, #1101 ) ;
#868 = CIRCLE ( 'NONE', #1640, 0.9000000000000017986 ) ;
#869 = AXIS2_PLACEMENT_3D ( 'NONE', #913, #428, #621 ) ;
#870 = AXIS2_PLACEMENT_3D ( 'NONE', #660, #3067, #2608 ) ;
#871 = ORIENTED_EDGE ( 'NONE', *, *, #2232, .T. ) ;
#872 = CARTESIAN_POINT ( 'NONE',  ( -1.394662186786442826, 7.963019657113276750, -43.41195691695963887 ) ) ;
#873 = ORIENTED_EDGE ( 'NONE', *, *, #1815, .T. ) ;
#874 = LINE ( 'NONE', #1949, #2845 ) ;
#875 = PLANE ( 'NONE',  #1452 ) ;
#876 = ORIENTED_EDGE ( 'NONE', *, *, #627, .T. ) ;
#877 = ORIENTED_EDGE ( 'NONE', *, *, #241, .T. ) ;
#878 = EDGE_CURVE ( 'NONE', #3038, #2038, #1940, .T. ) ;
#879 = DIRECTION ( 'NONE',  ( -1.000000000000000000, 0.000000000000000000, 0.000000000000000000 ) ) ;
#880 = CYLINDRICAL_SURFACE ( 'NONE', #2373, 0.5000000000000004441 ) ;
#881 = CARTESIAN_POINT ( 'NONE',  ( 8.792893218813444989, 0.000000000000000000, 28.00000000000000000 ) ) ;
#882 = CARTESIAN_POINT ( 'NONE',  ( -14.99999999999999645, 2.000000000000000000, 43.00000000000000000 ) ) ;
#883 = DIRECTION ( 'NONE',  ( 0.000000000000000000, 0.000000000000000000, 1.000000000000000000 ) ) ;
#884 = EDGE_LOOP ( 'NONE', ( #2743, #483, #1657, #1799 ) ) ;
#885 = DIRECTION ( 'NONE',  ( -8.673617379884035472E-17, 0.000000000000000000, -1.000000000000000000 ) ) ;
#886 = CARTESIAN_POINT ( 'NONE',  ( -1.480734290160373279, 0.000000000000000000, 17.22637249102629298 ) ) ;
#887 = DIRECTION ( 'NONE',  ( 0.000000000000000000, 0.000000000000000000, -1.000000000000000000 ) ) ;
#888 = EDGE_CURVE ( 'NONE', #406, #1981, #1308, .T. ) ;
#889 = VERTEX_POINT ( 'NONE', #5 ) ;
#890 = ORIENTED_EDGE ( 'NONE', *, *, #378, .T. ) ;
#891 = CARTESIAN_POINT ( 'NONE',  ( 7.485566705552514577, 8.000000000000000000, -43.00000000000000000 ) ) ;
#892 = CARTESIAN_POINT ( 'NONE',  ( -1.576191371117739104, 6.651091342626958003, -42.33121127978283482 ) ) ;
#893 = DIRECTION ( 'NONE',  ( -0.9282025718257945757, -0.000000000000000000, -0.3720752419282703505 ) ) ;
#894 = EDGE_CURVE ( 'NONE', #2953, #2538, #484, .T. ) ;
#895 = FACE_OUTER_BOUND ( 'NONE', #1720, .T. ) ;
#896 = DIRECTION ( 'NONE',  ( 0.000000000000000000, 0.000000000000000000, 1.000000000000000000 ) ) ;
#897 = CIRCLE ( 'NONE', #793, 0.9000000000000024647 ) ;
#898 = ORIENTED_EDGE ( 'NONE', *, *, #769, .F. ) ;
#899 = DIRECTION ( 'NONE',  ( 0.000000000000000000, 1.000000000000000000, 0.000000000000000000 ) ) ;
#900 = CARTESIAN_POINT ( 'NONE',  ( 0.000000000000000000, 0.000000000000000000, -38.00000000000000000 ) ) ;
#901 = CYLINDRICAL_SURFACE ( 'NONE', #2927, 0.5000000000000004441 ) ;
#902 = VERTEX_POINT ( 'NONE', #35 ) ;
#903 = CARTESIAN_POINT ( 'NONE',  ( 4.915254237288138484, 0.000000000000000000, -3.084745762712047146 ) ) ;
#904 = CARTESIAN_POINT ( 'NONE',  ( 4.915254237288138484, 0.000000000000000000, -3.084745762712047146 ) ) ;
#905 = DIRECTION ( 'NONE',  ( 0.000000000000000000, -1.000000000000000000, 0.000000000000000000 ) ) ;
#906 = DIRECTION ( 'NONE',  ( -0.000000000000000000, -1.000000000000000000, -0.000000000000000000 ) ) ;
#907 = EDGE_CURVE ( 'NONE', #3077, #302, #1747, .T. ) ;
#908 = CARTESIAN_POINT ( 'NONE',  ( -0.6112884267454027354, 8.000000000000000000, -1.540220614880083660 ) ) ;
#909 = EDGE_CURVE ( 'NONE', #636, #473, #695, .T. ) ;
#910 = CIRCLE ( 'NONE', #354, 0.5000000000000004441 ) ;
#911 = ORIENTED_EDGE ( 'NONE', *, *, #2355, .T. ) ;
#912 = CYLINDRICAL_SURFACE ( 'NONE', #1683, 0.5000000000000004441 ) ;
#913 = CARTESIAN_POINT ( 'NONE',  ( -4.999999999999997335, 4.000000000000000000, 40.00000000000000000 ) ) ;
#914 = AXIS2_PLACEMENT_3D ( 'NONE', #508, #3153, #1224 ) ;
#915 = B_SPLINE_CURVE_WITH_KNOTS ( 'NONE', 3,
 ( #158, #2364, #1598, #1153, #393, #1104, #2378, #1827, #2562, #2166, #3142, #946, #1929, #1693 ),
 .UNSPECIFIED., .F., .F.,
 ( 4, 2, 2, 2, 2, 2, 4 ),
 ( 2.298068282672612028E-20, 0.0003905617298109683214, 0.0007811234596219366428, 0.001171685189432904910, 0.001562246919243873286, 0.002343370378865809820, 0.003124493838487746571 ),
 .UNSPECIFIED. ) ;
#916 = AXIS2_PLACEMENT_3D ( 'NONE', #1045, #1973, #2009 ) ;
#917 = ORIENTED_EDGE ( 'NONE', *, *, #666, .F. ) ;
#918 = CARTESIAN_POINT ( 'NONE',  ( 15.00000000000000355, 4.000000000000000000, 40.00000000000000000 ) ) ;
#919 = DIRECTION ( 'NONE',  ( 0.000000000000000000, 0.000000000000000000, 1.000000000000000000 ) ) ;
#920 = CARTESIAN_POINT ( 'NONE',  ( 0.000000000000000000, 4.000000000000000000, 0.000000000000000000 ) ) ;
#921 = FACE_OUTER_BOUND ( 'NONE', #822, .T. ) ;
#922 = CARTESIAN_POINT ( 'NONE',  ( -2.004278232047944197, 7.100000000000000533, -43.00000000000000000 ) ) ;
#923 = CARTESIAN_POINT ( 'NONE',  ( -10.00000000000000178, 0.000000000000000000, 22.98378142677760749 ) ) ;
#924 = SHAPE_DEFINITION_REPRESENTATION ( #2698, #2612 ) ;
#925 = EDGE_LOOP ( 'NONE', ( #898, #2361, #373, #2087 ) ) ;
#926 = DIRECTION ( 'NONE',  ( 0.000000000000000000, 1.000000000000000000, 0.000000000000000000 ) ) ;
#927 = DIRECTION ( 'NONE',  ( -1.000000000000000000, 0.000000000000000000, 0.000000000000000000 ) ) ;
#928 = EDGE_LOOP ( 'NONE', ( #1513, #2830, #2509, #2159 ) ) ;
#929 = DIRECTION ( 'NONE',  ( 0.000000000000000000, 1.000000000000000000, 0.000000000000000000 ) ) ;
#930 = DIRECTION ( 'NONE',  ( -0.3226739277881370827, -0.000000000000000000, 0.9465101881785404903 ) ) ;
#931 = DIRECTION ( 'NONE',  ( 0.000000000000000000, 0.000000000000000000, -1.000000000000000000 ) ) ;
#932 = UNCERTAINTY_MEASURE_WITH_UNIT (LENGTH_MEASURE( 1.000000000000000082E-05 ), #1877, 'distance_accuracy_value', 'NONE');
#933 = DIRECTION ( 'NONE',  ( 0.000000000000000000, 0.000000000000000000, 1.000000000000000000 ) ) ;
#934 = ORIENTED_EDGE ( 'NONE', *, *, #323, .T. ) ;
#935 = ORIENTED_EDGE ( 'NONE', *, *, #1986, .F. ) ;
#936 = VECTOR ( 'NONE', #2075, 1000.000000000000000 ) ;
#937 = DIRECTION ( 'NONE',  ( 0.000000000000000000, -1.000000000000000000, 0.000000000000000000 ) ) ;
#938 = PLANE ( 'NONE',  #914 ) ;
#939 = VECTOR ( 'NONE', #2748, 1000.000000000000000 ) ;
#940 = EDGE_CURVE ( 'NONE', #3120, #576, #1106, .T. ) ;
#941 = EDGE_CURVE ( 'NONE', #1340, #563, #1918, .T. ) ;
#942 = EDGE_CURVE ( 'NONE', #3154, #3006, #1714, .T. ) ;
#943 = ORIENTED_EDGE ( 'NONE', *, *, #1731, .F. ) ;
#944 = DIRECTION ( 'NONE',  ( 0.000000000000000000, 1.000000000000000000, 0.000000000000000000 ) ) ;
#945 = CARTESIAN_POINT ( 'NONE',  ( 0.000000000000000000, 6.651091348077083687, -38.00000000000000000 ) ) ;
#946 = CARTESIAN_POINT ( 'NONE',  ( 7.476426968730395473, 1.473422667922428264, -44.94692289469323043 ) ) ;
#947 = CARTESIAN_POINT ( 'NONE',  ( 0.000000000000000000, -4.000000000000000000, 0.000000000000000000 ) ) ;
#948 = DIRECTION ( 'NONE',  ( 0.000000000000000000, 1.000000000000000000, 0.000000000000000000 ) ) ;
#949 = CARTESIAN_POINT ( 'NONE',  ( -2.004278232047944197, 7.100000000000000533, -43.00000000000000000 ) ) ;
#950 = CARTESIAN_POINT ( 'NONE',  ( 0.000000000000000000, 0.000000000000000000, 0.000000000000000000 ) ) ;
#951 = APPLICATION_PROTOCOL_DEFINITION ( 'draft international standard', 'automotive_design', 1998, #1477 ) ;
#952 = CIRCLE ( 'NONE', #2840, 2.999999999999999112 ) ;
#953 = VERTEX_POINT ( 'NONE', #2415 ) ;
#954 = CARTESIAN_POINT ( 'NONE',  ( 9.148755396492660452, 0.000000000000000000, 20.07768758462722758 ) ) ;
#955 = VECTOR ( 'NONE', #1056, 1000.000000000000000 ) ;
#956 = CARTESIAN_POINT ( 'NONE',  ( -12.67894129588689900, 8.000012000000001677, -23.43190355660989965 ) ) ;
#957 = CARTESIAN_POINT ( 'NONE',  ( 9.502308787085931741, 0.000000000000000000, 9.280483380137658500 ) ) ;
#958 = AXIS2_PLACEMENT_3D ( 'NONE', #918, #227, #1455 ) ;
#959 = VECTOR ( 'NONE', #2683, 1000.000000000000000 ) ;
#960 = VECTOR ( 'NONE', #257, 1000.000000000000000 ) ;
#961 = ORIENTED_EDGE ( 'NONE', *, *, #1641, .T. ) ;
#962 = EDGE_CURVE ( 'NONE', #1268, #2750, #1668, .T. ) ;
#963 = CARTESIAN_POINT ( 'NONE',  ( -15.00000000000000711, 4.000000000000000000, 40.00000000000000000 ) ) ;
#964 = AXIS2_PLACEMENT_3D ( 'NONE', #947, #1676, #1184 ) ;
#965 = LINE ( 'NONE', #2185, #2069 ) ;
#966 = EDGE_CURVE ( 'NONE', #1143, #1684, #1699, .T. ) ;
#967 = LINE ( 'NONE', #1695, #2631 ) ;
#968 = VECTOR ( 'NONE', #2256, 1000.000000000000000 ) ;
#969 = FACE_BOUND ( 'NONE', #1545, .T. ) ;
#970 = DIRECTION ( 'NONE',  ( 0.9282025718257945757, 0.000000000000000000, -0.3720752419282703505 ) ) ;
#971 = PLANE ( 'NONE',  #2136 ) ;
#972 = ORIENTED_EDGE ( 'NONE', *, *, #236, .T. ) ;
#973 = VERTEX_POINT ( 'NONE', #954 ) ;
#974 = DIRECTION ( 'NONE',  ( -0.000000000000000000, -1.000000000000000000, -0.000000000000000000 ) ) ;
#975 = CARTESIAN_POINT ( 'NONE',  ( -0.3720936385445655081, 0.1547940307524527659, -43.77281006532804497 ) ) ;
#976 = DIRECTION ( 'NONE',  ( 0.000000000000000000, 1.000000000000000000, 0.000000000000000000 ) ) ;
#977 = EDGE_LOOP ( 'NONE', ( #3062, #1024, #2147, #876 ) ) ;
#978 = DIRECTION ( 'NONE',  ( -0.000000000000000000, -1.000000000000000000, -0.000000000000000000 ) ) ;
#979 = DIRECTION ( 'NONE',  ( -0.7071067811865429098, 0.000000000000000000, 0.7071067811865522357 ) ) ;
#980 = DIRECTION ( 'NONE',  ( 0.000000000000000000, 0.000000000000000000, 1.000000000000000000 ) ) ;
#981 = CARTESIAN_POINT ( 'NONE',  ( -9.500000000000001776, 8.000000000000000000, 8.707106781186759292 ) ) ;
#982 = DIRECTION ( 'NONE',  ( 1.462930778200194416E-16, 0.000000000000000000, 1.000000000000000000 ) ) ;
#983 = EDGE_CURVE ( 'NONE', #2038, #486, #1464, .T. ) ;
#984 = EDGE_CURVE ( 'NONE', #576, #3042, #539, .T. ) ;
#985 = CONTEXT_DEPENDENT_SHAPE_REPRESENTATION ( #2947, #841 ) ;
#986 = ORIENTED_EDGE ( 'NONE', *, *, #962, .F. ) ;
#987 = ORIENTED_EDGE ( 'NONE', *, *, #1641, .F. ) ;
#988 = CARTESIAN_POINT ( 'NONE',  ( 3.685259487246828058, 0.000000000000000000, 2.756327299112088181 ) ) ;
#989 = CARTESIAN_POINT ( 'NONE',  ( 9.500000000000001776, 0.000000000000000000, -14.98378142677764657 ) ) ;
#990 = AXIS2_PLACEMENT_3D ( 'NONE', #1619, #1890, #2582 ) ;
#991 = CARTESIAN_POINT ( 'NONE',  ( -5.681818181818182545, 0.000000000000000000, 28.00000000000000000 ) ) ;
#992 = VECTOR ( 'NONE', #1152, 1000.000000000000000 ) ;
#993 = CYLINDRICAL_SURFACE ( 'NONE', #1932, 0.5000000000000004441 ) ;
#994 = ORIENTED_EDGE ( 'NONE', *, *, #2216, .T. ) ;
#995 = AXIS2_PLACEMENT_3D ( 'NONE', #59, #1542, #2278 ) ;
#996 = CARTESIAN_POINT ( 'NONE',  ( 0.3229872449002149093, 7.999999999999996447, 11.25191943303488173 ) ) ;
#997 = CARTESIAN_POINT ( 'NONE',  ( -0.2980874042181368977, 1.422403184149128474, -42.64098285779537889 ) ) ;
#998 = DIRECTION ( 'NONE',  ( -1.000000000000000000, 0.000000000000000000, 0.000000000000000000 ) ) ;
#999 = CYLINDRICAL_SURFACE ( 'NONE', #2186, 2.999999999999999112 ) ;
#1000 = ADVANCED_FACE ( 'NONE', ( #1482 ), #2690, .F. ) ;
#1001 = ORIENTED_EDGE ( 'NONE', *, *, #207, .T. ) ;
#1002 = DIRECTION ( 'NONE',  ( 0.000000000000000000, 0.000000000000000000, 1.000000000000000000 ) ) ;
#1003 = LINE ( 'NONE', #1271, #2492 ) ;
#1004 = EDGE_CURVE ( 'NONE', #623, #1538, #1561, .T. ) ;
#1005 = CARTESIAN_POINT ( 'NONE',  ( 15.00000000000000355, 0.000000000000000000, 42.99999999999997158 ) ) ;
#1006 = EDGE_CURVE ( 'NONE', #673, #1774, #181, .T. ) ;
#1007 = AXIS2_PLACEMENT_3D ( 'NONE', #1726, #205, #2950 ) ;
#1008 = FACE_OUTER_BOUND ( 'NONE', #1057, .T. ) ;
#1009 = ORIENTED_EDGE ( 'NONE', *, *, #1487, .F. ) ;
#1010 = CARTESIAN_POINT ( 'NONE',  ( -7.470742019401043876, 0.6784859956075245391, -44.50685325502335132 ) ) ;
#1011 = DIRECTION ( 'NONE',  ( -0.000000000000000000, -1.000000000000000000, -0.000000000000000000 ) ) ;
#1012 = VECTOR ( 'NONE', #1857, 1000.000000000000000 ) ;
#1013 = VECTOR ( 'NONE', #3049, 1000.000000000000000 ) ;
#1014 = ORIENTED_EDGE ( 'NONE', *, *, #2277, .F. ) ;
#1015 = VECTOR ( 'NONE', #2053, 1000.000000000000000 ) ;
#1016 = CARTESIAN_POINT ( 'NONE',  ( -1.247788145263362569, -0.08896813811081823176, -41.57136994953835085 ) ) ;
#1017 = CARTESIAN_POINT ( 'NONE',  ( 0.3474562227810908954, 7.843669727355719878, -43.77625269471721481 ) ) ;
#1018 = ORIENTED_EDGE ( 'NONE', *, *, #2940, .F. ) ;
#1019 = ORIENTED_EDGE ( 'NONE', *, *, #2259, .F. ) ;
#1020 = CARTESIAN_POINT ( 'NONE',  ( 1.669410514312500649, 0.8999999999999996891, -42.16461768535678090 ) ) ;
#1021 = CARTESIAN_POINT ( 'NONE',  ( 0.1788097575107238657, 0.1657038713764815430, -43.79709349342428482 ) ) ;
#1022 = EDGE_CURVE ( 'NONE', #1299, #3028, #2442, .T. ) ;
#1023 = DIRECTION ( 'NONE',  ( -0.7071067811865522357, 0.000000000000000000, -0.7071067811865429098 ) ) ;
#1024 = ORIENTED_EDGE ( 'NONE', *, *, #1109, .T. ) ;
#1025 = FACE_BOUND ( 'NONE', #1860, .T. ) ;
#1026 = EDGE_CURVE ( 'NONE', #2298, #1427, #2455, .T. ) ;
#1027 = ORIENTED_EDGE ( 'NONE', *, *, #2413, .T. ) ;
#1028 = CARTESIAN_POINT ( 'NONE',  ( 5.488981022307412694, 0.000000000000000000, -3.218125758879323950 ) ) ;
#1029 = LINE ( 'NONE', #1772, #429 ) ;
#1030 = ORIENTED_EDGE ( 'NONE', *, *, #1326, .T. ) ;
#1031 = ORIENTED_EDGE ( 'NONE', *, *, #1053, .T. ) ;
#1032 = DIRECTION ( 'NONE',  ( -0.000000000000000000, 1.000000000000000000, -0.000000000000000000 ) ) ;
#1033 = CARTESIAN_POINT ( 'NONE',  ( -0.6236025651064526221, 8.445665559775862974, -41.54046594216147525 ) ) ;
#1034 = ORIENTED_EDGE ( 'NONE', *, *, #2512, .T. ) ;
#1035 = ORIENTED_EDGE ( 'NONE', *, *, #1154, .F. ) ;
#1036 = CARTESIAN_POINT ( 'NONE',  ( 9.500000000000001776, 0.000000000000000000, -14.98378142677764657 ) ) ;
#1037 = LINE ( 'NONE', #545, #960 ) ;
#1038 = ORIENTED_EDGE ( 'NONE', *, *, #1531, .T. ) ;
#1039 = PLANE ( 'NONE',  #3 ) ;
#1040 = EDGE_CURVE ( 'NONE', #220, #129, #1367, .T. ) ;
#1041 = ORIENTED_EDGE ( 'NONE', *, *, #2006, .F. ) ;
#1042 = DIRECTION ( 'NONE',  ( 1.000000000000000000, 0.000000000000000000, 0.000000000000000000 ) ) ;
#1043 = VERTEX_POINT ( 'NONE', #1020 ) ;
#1044 = EDGE_CURVE ( 'NONE', #2538, #1424, #2002, .T. ) ;
#1045 = CARTESIAN_POINT ( 'NONE',  ( -5.423728813559328898, 0.000000000000000000, 12.57627118644084163 ) ) ;
#1046 = VECTOR ( 'NONE', #2765, 1000.000000000000000 ) ;
#1047 = EDGE_CURVE ( 'NONE', #1832, #2531, #2175, .T. ) ;
#1048 = EDGE_CURVE ( 'NONE', #146, #313, #1603, .T. ) ;
#1049 = CARTESIAN_POINT ( 'NONE',  ( -2.004278232047944197, 0.000000000000000000, -43.00000000000000000 ) ) ;
#1050 = DIRECTION ( 'NONE',  ( -0.000000000000000000, -1.000000000000000000, 0.000000000000000000 ) ) ;
#1051 = ORIENTED_EDGE ( 'NONE', *, *, #1302, .F. ) ;
#1052 = ADVANCED_FACE ( 'NONE', ( #2052 ), #80, .F. ) ;
#1053 = EDGE_CURVE ( 'NONE', #111, #2933, #2770, .T. ) ;
#1054 = CARTESIAN_POINT ( 'NONE',  ( -1.576191371117842799, 1.348908657373950160, -42.33121127978334641 ) ) ;
#1055 = CARTESIAN_POINT ( 'NONE',  ( 1.425206581700380282, 7.999999999999989342, -41.55541101757142997 ) ) ;
#1056 = DIRECTION ( 'NONE',  ( -8.673617379884035472E-17, 0.000000000000000000, -1.000000000000000000 ) ) ;
#1057 = EDGE_LOOP ( 'NONE', ( #1823, #2605 ) ) ;
#1058 = ORIENTED_EDGE ( 'NONE', *, *, #645, .F. ) ;
#1059 = PLANE ( 'NONE',  #2131 ) ;
#1060 = ORIENTED_EDGE ( 'NONE', *, *, #2319, .F. ) ;
#1061 = FACE_OUTER_BOUND ( 'NONE', #571, .T. ) ;
#1062 = EDGE_LOOP ( 'NONE', ( #2780, #2345, #2022, #1027, #2268, #1297 ) ) ;
#1063 = DIRECTION ( 'NONE',  ( -0.000000000000000000, -1.000000000000000000, -0.000000000000000000 ) ) ;
#1064 = ORIENTED_EDGE ( 'NONE', *, *, #219, .F. ) ;
#1065 = AXIS2_PLACEMENT_3D ( 'NONE', #1971, #1063, #1539 ) ;
#1066 = LINE ( 'NONE', #311, #2719 ) ;
#1067 = AXIS2_PLACEMENT_3D ( 'NONE', #1457, #714, #1214 ) ;
#1068 = AXIS2_PLACEMENT_3D ( 'NONE', #1569, #2066, #128 ) ;
#1069 = ORIENTED_EDGE ( 'NONE', *, *, #2694, .T. ) ;
#1070 = ADVANCED_FACE ( 'NONE', ( #2488 ), #1059, .F. ) ;
#1071 = CIRCLE ( 'NONE', #2951, 2.000000000000001776 ) ;
#1072 = LINE ( 'NONE', #1743, #1937 ) ;
#1073 = CARTESIAN_POINT ( 'NONE',  ( 1.437491377886017885, 6.646213324969355796, -42.38210159770835617 ) ) ;
#1074 = VECTOR ( 'NONE', #1207, 1000.000000000000000 ) ;
#1075 = VERTEX_POINT ( 'NONE', #2307 ) ;
#1076 = PRODUCT_DEFINITION_CONTEXT ( 'detailed design', #830, 'design' ) ;
#1077 =( GEOMETRIC_REPRESENTATION_CONTEXT ( 3 ) GLOBAL_UNCERTAINTY_ASSIGNED_CONTEXT ( ( #2879 ) ) GLOBAL_UNIT_ASSIGNED_CONTEXT ( ( #1831, #1892, #2309 ) ) REPRESENTATION_CONTEXT ( 'NONE', 'WORKASPACE' ) );
#1078 = EDGE_LOOP ( 'NONE', ( #1140, #370, #1081, #467, #167, #594, #638 ) ) ;
#1079 = CARTESIAN_POINT ( 'NONE',  ( 7.485566705552514577, 8.000000000000000000, -43.00000000000000000 ) ) ;
#1080 = DIRECTION ( 'NONE',  ( 0.000000000000000000, 1.000000000000000000, 0.000000000000000000 ) ) ;
#1081 = ORIENTED_EDGE ( 'NONE', *, *, #465, .T. ) ;
#1082 = FACE_OUTER_BOUND ( 'NONE', #2703, .T. ) ;
#1083 = VERTEX_POINT ( 'NONE', #799 ) ;
#1084 = CARTESIAN_POINT ( 'NONE',  ( -9.202416647599691868E-16, 1.426743375230600019, -42.65062902660279320 ) ) ;
#1085 = EDGE_LOOP ( 'NONE', ( #2749, #852, #2503, #2598, #3093, #2194, #798 ) ) ;
#1086 = ORIENTED_EDGE ( 'NONE', *, *, #1908, .T. ) ;
#1087 = EDGE_CURVE ( 'NONE', #261, #1835, #1534, .T. ) ;
#1088 = LINE ( 'NONE', #2335, #2718 ) ;
#1089 = DIRECTION ( 'NONE',  ( -0.000000000000000000, -1.000000000000000000, -0.000000000000000000 ) ) ;
#1090 = ORIENTED_EDGE ( 'NONE', *, *, #71, .F. ) ;
#1091 = ADVANCED_FACE ( 'NONE', ( #564 ), #1565, .F. ) ;
#1092 = ORIENTED_EDGE ( 'NONE', *, *, #1193, .T. ) ;
#1093 = DIRECTION ( 'NONE',  ( -0.000000000000000000, 1.000000000000000000, -0.000000000000000000 ) ) ;
#1094 = ORIENTED_EDGE ( 'NONE', *, *, #1948, .T. ) ;
#1095 = DIRECTION ( 'NONE',  ( -1.224646799147353454E-16, 0.000000000000000000, 1.000000000000000000 ) ) ;
#1096 = EDGE_LOOP ( 'NONE', ( #2513, #2504, #505, #2959, #2116, #1030, #1671 ) ) ;
#1097 = DIRECTION ( 'NONE',  ( 0.000000000000000000, 0.000000000000000000, 1.000000000000000000 ) ) ;
#1098 = CARTESIAN_POINT ( 'NONE',  ( -0.5996725732496461791, 1.426743375230600686, -42.65062902660279320 ) ) ;
#1099 = ORIENTED_EDGE ( 'NONE', *, *, #2448, .F. ) ;
#1100 = ORIENTED_EDGE ( 'NONE', *, *, #909, .T. ) ;
#1101 = DIRECTION ( 'NONE',  ( 1.000000000000000000, 0.000000000000000000, -0.000000000000000000 ) ) ;
#1102 = CARTESIAN_POINT ( 'NONE',  ( -1.354394712036747217, 7.958175592245360086, -43.41844232486574384 ) ) ;
#1103 = VECTOR ( 'NONE', #2901, 1000.000000000000000 ) ;
#1104 = CARTESIAN_POINT ( 'NONE',  ( 7.470404629131504493, 0.2023308474138707791, -43.88631336674806249 ) ) ;
#1105 = CARTESIAN_POINT ( 'NONE',  ( -3.200000000000000178, -4.000000000000000000, 0.000000000000000000 ) ) ;
#1106 = CIRCLE ( 'NONE', #127, 4.486755167209775408 ) ;
#1107 = ORIENTED_EDGE ( 'NONE', *, *, #661, .T. ) ;
#1108 = CARTESIAN_POINT ( 'NONE',  ( 10.00230878708593174, 0.000000000000000000, 9.073376598951110594 ) ) ;
#1109 = EDGE_CURVE ( 'NONE', #2888, #2067, #112, .T. ) ;
#1110 = EDGE_LOOP ( 'NONE', ( #3046, #2535, #2966, #2992, #890, #2829, #2012, #2426, #2051 ) ) ;
#1111 = EDGE_CURVE ( 'NONE', #3002, #3028, #848, .T. ) ;
#1112 = CARTESIAN_POINT ( 'NONE',  ( -2.004278232047945085, 8.000000000000000000, -43.00000000000000000 ) ) ;
#1113 = VERTEX_POINT ( 'NONE', #2551 ) ;
#1114 = EDGE_CURVE ( 'NONE', #2360, #1083, #1270, .T. ) ;
#1115 = LINE ( 'NONE', #403, #2593 ) ;
#1116 = DIRECTION ( 'NONE',  ( -0.000000000000000000, 1.000000000000000000, -0.000000000000000000 ) ) ;
#1117 = VERTEX_POINT ( 'NONE', #2505 ) ;
#1118 = ORIENTED_EDGE ( 'NONE', *, *, #1750, .F. ) ;
#1119 = LINE ( 'NONE', #3064, #1012 ) ;
#1120 = CARTESIAN_POINT ( 'NONE',  ( 15.00000000000000355, 6.000000000000000000, 43.00000000000000000 ) ) ;
#1121 = FACE_OUTER_BOUND ( 'NONE', #2033, .T. ) ;
#1122 = AXIS2_PLACEMENT_3D ( 'NONE', #26, #2896, #265 ) ;
#1123 = VECTOR ( 'NONE', #853, 1000.000000000000000 ) ;
#1124 = ORIENTED_EDGE ( 'NONE', *, *, #1366, .T. ) ;
#1125 = CARTESIAN_POINT ( 'NONE',  ( -4.193734063518015809, 0.000000000000000000, 6.735198124616701421 ) ) ;
#1126 = DIRECTION ( 'NONE',  ( 0.000000000000000000, -1.000000000000000000, 0.000000000000000000 ) ) ;
#1127 = VECTOR ( 'NONE', #628, 1000.000000000000000 ) ;
#1128 = AXIS2_PLACEMENT_3D ( 'NONE', #2810, #2118, #3073 ) ;
#1129 = ORIENTED_EDGE ( 'NONE', *, *, #3078, .F. ) ;
#1130 = EDGE_CURVE ( 'NONE', #1853, #1538, #3004, .T. ) ;
#1131 = CARTESIAN_POINT ( 'NONE',  ( -0.1795184562034934650, 7.834312131338888818, -43.79705663782174696 ) ) ;
#1132 = FACE_OUTER_BOUND ( 'NONE', #1527, .T. ) ;
#1133 = EDGE_CURVE ( 'NONE', #1829, #3149, #1547, .T. ) ;
#1134 = CARTESIAN_POINT ( 'NONE',  ( 0.000000000000000000, 6.651091348077083687, -38.00000000000000000 ) ) ;
#1135 = VERTEX_POINT ( 'NONE', #3117 ) ;
#1136 = VERTEX_POINT ( 'NONE', #1651 ) ;
#1137 = PLANE ( 'NONE',  #1579 ) ;
#1138 = FACE_OUTER_BOUND ( 'NONE', #2091, .T. ) ;
#1139 = CARTESIAN_POINT ( 'NONE',  ( 5.000000000000000888, 0.000000000000000000, 45.00000000000000000 ) ) ;
#1140 = ORIENTED_EDGE ( 'NONE', *, *, #2412, .T. ) ;
#1141 = CARTESIAN_POINT ( 'NONE',  ( 2.143131898507868297E-16, -4.000000000000000000, -1.750000000000000000 ) ) ;
#1142 = DIRECTION ( 'NONE',  ( 1.000000000000000000, 0.000000000000000000, 0.000000000000000000 ) ) ;
#1143 = VERTEX_POINT ( 'NONE', #2080 ) ;
#1144 = CARTESIAN_POINT ( 'NONE',  ( -10.00000000000000178, 0.000000000000000000, 0.9289321881347789578 ) ) ;
#1145 = DIRECTION ( 'NONE',  ( -0.000000000000000000, 1.000000000000000000, -0.000000000000000000 ) ) ;
#1146 = DIRECTION ( 'NONE',  ( 0.000000000000000000, 1.000000000000000000, 0.000000000000000000 ) ) ;
#1147 = EDGE_LOOP ( 'NONE', ( #1920, #288, #1600, #212 ) ) ;
#1148 = ORIENTED_EDGE ( 'NONE', *, *, #2127, .T. ) ;
#1149 = EDGE_CURVE ( 'NONE', #1113, #1882, #2883, .T. ) ;
#1150 = EDGE_CURVE ( 'NONE', #327, #2122, #1160, .T. ) ;
#1151 = DIRECTION ( 'NONE',  ( -0.000000000000000000, -1.000000000000000000, -0.000000000000000000 ) ) ;
#1152 = DIRECTION ( 'NONE',  ( 1.000000000000000000, -0.000000000000000000, -1.084202172485504434E-16 ) ) ;
#1153 = CARTESIAN_POINT ( 'NONE',  ( 7.474542321044653548, 0.06366742893012837523, -43.51727370615085277 ) ) ;
#1154 = EDGE_CURVE ( 'NONE', #889, #576, #543, .T. ) ;
#1155 = DIRECTION ( 'NONE',  ( 0.000000000000000000, 0.000000000000000000, 1.000000000000000000 ) ) ;
#1156 = EDGE_CURVE ( 'NONE', #1981, #406, #2182, .T. ) ;
#1157 = ORIENTED_EDGE ( 'NONE', *, *, #2006, .T. ) ;
#1158 = AXIS2_PLACEMENT_3D ( 'NONE', #686, #460, #1660 ) ;
#1159 = DIRECTION ( 'NONE',  ( -0.000000000000000000, -1.000000000000000000, -0.000000000000000000 ) ) ;
#1160 = LINE ( 'NONE', #923, #1506 ) ;
#1161 = AXIS2_PLACEMENT_3D ( 'NONE', #2697, #2461, #2497 ) ;
#1162 = EDGE_LOOP ( 'NONE', ( #1944, #727, #2205, #105, #2078, #18, #1549, #2480, #1965 ) ) ;
#1163 = DIRECTION ( 'NONE',  ( 0.000000000000000000, 0.000000000000000000, 1.000000000000000000 ) ) ;
#1164 = DIRECTION ( 'NONE',  ( 0.9465101881785404903, 0.000000000000000000, 0.3226739277881371937 ) ) ;
#1165 = ORIENTED_EDGE ( 'NONE', *, *, #535, .T. ) ;
#1166 = CARTESIAN_POINT ( 'NONE',  ( -2.004278232047945085, 8.000000000000000000, -43.00000000000000000 ) ) ;
#1167 = CARTESIAN_POINT ( 'NONE',  ( -4.281706509840163122E-17, 6.573256624769397760, -42.65062902660279320 ) ) ;
#1168 = ADVANCED_FACE ( 'NONE', ( #1875 ), #2144, .F. ) ;
#1169 = VECTOR ( 'NONE', #982, 1000.000000000000000 ) ;
#1170 = DIRECTION ( 'NONE',  ( 0.000000000000000000, -1.000000000000000000, 0.000000000000000000 ) ) ;
#1171 = CARTESIAN_POINT ( 'NONE',  ( 2.004278232047945529, 7.100000000000000533, -43.00000000000000000 ) ) ;
#1172 = DIRECTION ( 'NONE',  ( -0.000000000000000000, -1.000000000000000000, -0.000000000000000000 ) ) ;
#1173 = MECHANICAL_DESIGN_GEOMETRIC_PRESENTATION_REPRESENTATION (  '', ( #1322 ), #1841 ) ;
#1174 = AXIS2_PLACEMENT_3D ( 'NONE', #3156, #1691, #459 ) ;
#1175 = ORIENTED_EDGE ( 'NONE', *, *, #2180, .T. ) ;
#1176 = VECTOR ( 'NONE', #2349, 1000.000000000000000 ) ;
#1177 = LINE ( 'NONE', #2148, #1074 ) ;
#1178 = CARTESIAN_POINT ( 'NONE',  ( -1.185015211764676613, 0.000000000000000000, -1.406840618712807078 ) ) ;
#1179 = AXIS2_PLACEMENT_3D ( 'NONE', #2149, #2870, #835 ) ;
#1180 = VECTOR ( 'NONE', #700, 1000.000000000000000 ) ;
#1181 = ORIENTED_EDGE ( 'NONE', *, *, #2081, .F. ) ;
#1182 = LINE ( 'NONE', #475, #2742 ) ;
#1183 = CARTESIAN_POINT ( 'NONE',  ( 0.3229872449002149093, 8.000000000000000000, 11.25191943303488173 ) ) ;
#1184 = DIRECTION ( 'NONE',  ( 0.000000000000000000, 0.000000000000000000, 1.000000000000000000 ) ) ;
#1185 = DIRECTION ( 'NONE',  ( 1.000000000000000000, 0.000000000000000000, 1.445602896647339656E-16 ) ) ;
#1186 = CARTESIAN_POINT ( 'NONE',  ( -1.480734290160373279, 8.000000000000000000, 16.72637249102629298 ) ) ;
#1187 = CARTESIAN_POINT ( 'NONE',  ( -0.5871584997993688493, 6.591531802535151918, -42.61253629313463875 ) ) ;
#1188 = CONTEXT_DEPENDENT_SHAPE_REPRESENTATION ( #2077, #287 ) ;
#1189 = ADVANCED_FACE ( 'NONE', ( #1394 ), #634, .F. ) ;
#1190 = ORIENTED_EDGE ( 'NONE', *, *, #2799, .T. ) ;
#1191 = DIRECTION ( 'NONE',  ( 0.000000000000000000, 0.000000000000000000, 1.000000000000000000 ) ) ;
#1192 = CYLINDRICAL_SURFACE ( 'NONE', #2296, 2.000000000000001776 ) ;
#1193 = EDGE_CURVE ( 'NONE', #2073, #2720, #1567, .T. ) ;
#1194 = ORIENTED_EDGE ( 'NONE', *, *, #180, .F. ) ;
#1195 = LINE ( 'NONE', #1899, #2093 ) ;
#1196 = DIRECTION ( 'NONE',  ( 0.000000000000000000, -1.000000000000000000, 0.000000000000000000 ) ) ;
#1197 = CARTESIAN_POINT ( 'NONE',  ( -3.840180672924743188, 0.000000000000000000, 6.381644734023424803 ) ) ;
#1198 =( BOUNDED_SURFACE ( )  B_SPLINE_SURFACE ( 3, 2, ( 
 ( #2900, #718, #1706 ),
 ( #1696, #3158, #2647 ),
 ( #2926, #747, #1215 ),
 ( #2188, #1478, #1724 ),
 ( #3017, #777, #2248 ),
 ( #346, #1759, #2229 ),
 ( #74, #2030, #828 ),
 ( #1491, #589, #810 ),
 ( #282, #572, #1310 ),
 ( #42, #1810, #2764 ),
 ( #997, #1543, #518 ),
 ( #91, #2998, #1795 ),
 ( #2964, #2464, #2716 ),
 ( #1328, #1529, #28 ),
 ( #533, #2980, #1777 ),
 ( #555, #1263, #1507 ),
 ( #1054, #1016, #1560 ),
 ( #2751, #1977, #1997 ) ),
 .UNSPECIFIED., .F., .F., .T. ) 
 B_SPLINE_SURFACE_WITH_KNOTS ( ( 4, 2, 2, 2, 2, 2, 2, 2, 4 ),
 ( 3, 3 ),
 ( 0.000000000000000000, 0.0005135933486813072570, 0.001027186697362614514, 0.001540780046043921771, 0.002054373394725229028, 0.002567966743406536502, 0.003081560092087843542, 0.003595153440769150582, 0.004108746789450458056 ),
 ( 0.000000000000000000, 1.000000000000000000 ),
 .UNSPECIFIED. ) 
 GEOMETRIC_REPRESENTATION_ITEM ( )  RATIONAL_B_SPLINE_SURFACE ( (
 ( 1.000000000000000000, 0.5006059373272286894, 1.000000000000000000),
 ( 1.000000000000000000, 0.4770086401517855679, 1.000000000000000000),
 ( 1.000000000000000000, 0.4544109676304767809, 1.000000000000000000),
 ( 1.000000000000000000, 0.4125764572555029042, 1.000000000000000000),
 ( 1.000000000000000000, 0.3933210658739568766, 1.000000000000000000),
 ( 1.000000000000000000, 0.3602750842355102456, 1.000000000000000000),
 ( 1.000000000000000000, 0.3465049150853318771, 1.000000000000000000),
 ( 1.000000000000000000, 0.3273405279454081329, 1.000000000000000000),
 ( 1.000000000000000000, 0.3220219238006482576, 1.000000000000000000),
 ( 1.000000000000000000, 0.3220523232850355799, 1.000000000000000000),
 ( 1.000000000000000000, 0.3273869100524961495, 1.000000000000000000),
 ( 1.000000000000000000, 0.3465641504007978546, 1.000000000000000000),
 ( 1.000000000000000000, 0.3603318004189326462, 1.000000000000000000),
 ( 1.000000000000000000, 0.3933663996682763564, 1.000000000000000000),
 ( 1.000000000000000000, 0.4126129413308484706, 1.000000000000000000),
 ( 1.000000000000000000, 0.4544292589241560321, 1.000000000000000000),
 ( 1.000000000000000000, 0.4770174568996590758, 1.000000000000000000),
 ( 1.000000000000000000, 0.5006059373272165880, 1.000000000000000000) ) ) 
 REPRESENTATION_ITEM ( '' )  SURFACE ( )  );
#1199 = CARTESIAN_POINT ( 'NONE',  ( 5.000000000000000888, 0.000000000000000000, 45.00000000000000000 ) ) ;
#1200 = DIRECTION ( 'NONE',  ( 0.000000000000000000, 0.000000000000000000, -1.000000000000000000 ) ) ;
#1201 = AXIS2_PLACEMENT_3D ( 'NONE', #396, #3034, #171 ) ;
#1202 = VECTOR ( 'NONE', #2363, 1000.000000000000000 ) ;
#1203 = ORIENTED_EDGE ( 'NONE', *, *, #1048, .F. ) ;
#1204 = ORIENTED_EDGE ( 'NONE', *, *, #601, .F. ) ;
#1205 = CARTESIAN_POINT ( 'NONE',  ( 10.00230878708593174, 8.000000000000000000, 9.073376598951110594 ) ) ;
#1206 = VECTOR ( 'NONE', #72, 1000.000000000000114 ) ;
#1207 = DIRECTION ( 'NONE',  ( 0.000000000000000000, 0.000000000000000000, -1.000000000000000000 ) ) ;
#1208 = DIRECTION ( 'NONE',  ( 0.000000000000000000, 0.000000000000000000, 1.000000000000000000 ) ) ;
#1209 = AXIS2_PLACEMENT_3D ( 'NONE', #1982, #3150, #2120 ) ;
#1210 = EDGE_CURVE ( 'NONE', #776, #1299, #161, .T. ) ;
#1211 = ORIENTED_EDGE ( 'NONE', *, *, #984, .T. ) ;
#1212 = DIRECTION ( 'NONE',  ( 0.7071067811865515695, 0.000000000000000000, 0.7071067811865435759 ) ) ;
#1213 = CYLINDRICAL_SURFACE ( 'NONE', #1158, 0.5000000000000004441 ) ;
#1214 = DIRECTION ( 'NONE',  ( 0.000000000000000000, 0.000000000000000000, 1.000000000000000000 ) ) ;
#1215 = CARTESIAN_POINT ( 'NONE',  ( 1.680901442552368730, 0.01037093539969515844, -43.22567598860060656 ) ) ;
#1216 = DIRECTION ( 'NONE',  ( -0.3226739277881372492, -0.000000000000000000, 0.9465101881785404903 ) ) ;
#1217 = FACE_BOUND ( 'NONE', #2872, .T. ) ;
#1218 = ITEM_DEFINED_TRANSFORMATION ( 'NONE', 'NONE', #358,  #2800 ) ;
#1219 = ORIENTED_EDGE ( 'NONE', *, *, #1537, .T. ) ;
#1220 = CARTESIAN_POINT ( 'NONE',  ( 0.000000000000000000, -4.000000000000000000, 0.000000000000000000 ) ) ;
#1221 = AXIS2_PLACEMENT_3D ( 'NONE', #551, #1737, #2244 ) ;
#1222 = CIRCLE ( 'NONE', #1065, 0.5000000000000000000 ) ;
#1223 = CARTESIAN_POINT ( 'NONE',  ( -9.500000000000001776, 0.000000000000000000, 9.207106781186759292 ) ) ;
#1224 = DIRECTION ( 'NONE',  ( 1.462930778200194416E-16, 0.000000000000000000, 1.000000000000000000 ) ) ;
#1225 = EDGE_CURVE ( 'NONE', #1610, #2953, #367, .T. ) ;
#1226 = AXIS2_PLACEMENT_3D ( 'NONE', #2445, #755, #2692 ) ;
#1227 = ADVANCED_FACE ( 'NONE', ( #1891 ), #2854, .F. ) ;
#1228 = AXIS2_PLACEMENT_3D ( 'NONE', #900, #1880, #2859 ) ;
#1229 = VERTEX_POINT ( 'NONE', #3069 ) ;
#1230 = EDGE_CURVE ( 'NONE', #113, #1829, #657, .T. ) ;
#1231 = FACE_OUTER_BOUND ( 'NONE', #824, .T. ) ;
#1232 = DIRECTION ( 'NONE',  ( -0.000000000000000000, -1.000000000000000000, -0.000000000000000000 ) ) ;
#1233 = ORIENTED_EDGE ( 'NONE', *, *, #2817, .T. ) ;
#1234 = DIRECTION ( 'NONE',  ( -0.000000000000000000, -1.000000000000000000, -0.000000000000000000 ) ) ;
#1235 = CARTESIAN_POINT ( 'NONE',  ( 2.858451002564285748, 8.000000000000000000, 2.948543725811298089 ) ) ;
#1236 = FACE_OUTER_BOUND ( 'NONE', #2210, .T. ) ;
#1237 = ORIENTED_EDGE ( 'NONE', *, *, #1026, .T. ) ;
#1238 = ORIENTED_EDGE ( 'NONE', *, *, #2084, .F. ) ;
#1239 = CARTESIAN_POINT ( 'NONE',  ( 0.000000000000000000, 7.100000000000000533, -38.00000000000000000 ) ) ;
#1240 = CARTESIAN_POINT ( 'NONE',  ( 1.706002296383537731, -4.517509052022918707E-18, -43.21739198727123465 ) ) ;
#1241 = LINE ( 'NONE', #192, #2797 ) ;
#1242 = FACE_BOUND ( 'NONE', #1290, .T. ) ;
#1243 = ORIENTED_EDGE ( 'NONE', *, *, #2801, .T. ) ;
#1244 =( LENGTH_UNIT ( ) NAMED_UNIT ( * ) SI_UNIT ( .MILLI., .METRE. ) );
#1245 = DIRECTION ( 'NONE',  ( -1.000000000000000000, 0.000000000000000000, 0.000000000000000000 ) ) ;
#1246 = LINE ( 'NONE', #996, #1180 ) ;
#1247 = EDGE_CURVE ( 'NONE', #1835, #1229, #2783, .T. ) ;
#1248 = CARTESIAN_POINT ( 'NONE',  ( 5.488981022307412694, 0.000000000000000000, -3.218125758879323950 ) ) ;
#1249 = ADVANCED_FACE ( 'NONE', ( #3052 ), #397, .F. ) ;
#1250 = CARTESIAN_POINT ( 'NONE',  ( 0.1492038466896544735, 6.573244620300944696, -42.65065667382361880 ) ) ;
#1251 = DIRECTION ( 'NONE',  ( 0.000000000000000000, -1.000000000000000000, -0.000000000000000000 ) ) ;
#1252 = EDGE_CURVE ( 'NONE', #2255, #439, #703, .T. ) ;
#1253 = ORIENTED_EDGE ( 'NONE', *, *, #453, .T. ) ;
#1254 = ORIENTED_EDGE ( 'NONE', *, *, #2121, .F. ) ;
#1255 = DIRECTION ( 'NONE',  ( 0.7071067811865521247, 0.000000000000000000, 0.7071067811865430208 ) ) ;
#1256 = CARTESIAN_POINT ( 'NONE',  ( -15.00000000000000711, 4.000000000000000000, 42.25000000000000000 ) ) ;
#1257 = PLANE ( 'NONE',  #3001 ) ;
#1258 = EDGE_LOOP ( 'NONE', ( #1793, #1972, #1051, #2917 ) ) ;
#1259 = CARTESIAN_POINT ( 'NONE',  ( -7.477284866589888779, 1.738082738467854549, -44.98704819823851864 ) ) ;
#1260 = CARTESIAN_POINT ( 'NONE',  ( 0.1028138504742131393, 0.000000000000000000, 11.03174603860888148 ) ) ;
#1261 = ORIENTED_EDGE ( 'NONE', *, *, #625, .F. ) ;
#1262 = VECTOR ( 'NONE', #1126, 1000.000000000000000 ) ;
#1263 = CARTESIAN_POINT ( 'NONE',  ( -1.082594168379812150, -0.1750033247107088685, -41.57495035386932614 ) ) ;
#1264 = ADVANCED_FACE ( 'NONE', ( #2583 ), #1781, .T. ) ;
#1265 = CARTESIAN_POINT ( 'NONE',  ( -0.3485624717098484981, 7.843746644024839121, -43.77607155095610381 ) ) ;
#1266 = LINE ( 'NONE', #1510, #488 ) ;
#1267 = AXIS2_PLACEMENT_3D ( 'NONE', #2130, #2866, #2599 ) ;
#1268 = VERTEX_POINT ( 'NONE', #1141 ) ;
#1269 = EDGE_LOOP ( 'NONE', ( #175, #911, #1124, #2284 ) ) ;
#1270 = LINE ( 'NONE', #2235, #851 ) ;
#1271 = CARTESIAN_POINT ( 'NONE',  ( 4.999999999999993783, 0.000000000000000000, -18.00000000000000000 ) ) ;
#1272 = LINE ( 'NONE', #2491, #968 ) ;
#1273 = ORIENTED_EDGE ( 'NONE', *, *, #3060, .F. ) ;
#1274 = CARTESIAN_POINT ( 'NONE',  ( -10.00000000000000355, 8.000000000000000000, -10.92893218813456180 ) ) ;
#1275 = ORIENTED_EDGE ( 'NONE', *, *, #1326, .F. ) ;
#1276 = CIRCLE ( 'NONE', #2090, 1.750000000000000000 ) ;
#1277 = CARTESIAN_POINT ( 'NONE',  ( -1.480734290160373279, 0.000000000000000000, 16.72637249102629298 ) ) ;
#1278 = VECTOR ( 'NONE', #325, 1000.000000000000000 ) ;
#1279 = CYLINDRICAL_SURFACE ( 'NONE', #2846, 42.32209713996405043 ) ;
#1280 = DIRECTION ( 'NONE',  ( 0.000000000000000000, 1.000000000000000000, 0.000000000000000000 ) ) ;
#1281 = ADVANCED_FACE ( 'NONE', ( #1638 ), #1458, .T. ) ;
#1282 = VERTEX_POINT ( 'NONE', #1420 ) ;
#1283 = ORIENTED_EDGE ( 'NONE', *, *, #1319, .F. ) ;
#1284 = CARTESIAN_POINT ( 'NONE',  ( 7.474067214843282514, 6.886442630307077373, -44.79760592840778344 ) ) ;
#1285 = CARTESIAN_POINT ( 'NONE',  ( 0.000000000000000000, 0.000000000000000000, 0.000000000000000000 ) ) ;
#1286 = ADVANCED_FACE ( 'NONE', ( #482, #764, #464, #1217, #1461, #1952, #1236 ), #971, .F. ) ;
#1287 = CARTESIAN_POINT ( 'NONE',  ( -5.524200504489333419, 0.000000000000000000, 12.87098814650218692 ) ) ;
#1288 = ORIENTED_EDGE ( 'NONE', *, *, #3020, .T. ) ;
#1289 = CARTESIAN_POINT ( 'NONE',  ( -9.500000000000001776, 0.000000000000000000, 9.207106781186759292 ) ) ;
#1290 = EDGE_LOOP ( 'NONE', ( #2789, #195, #2526, #1346, #1704, #1807, #2062 ) ) ;
#1291 = CARTESIAN_POINT ( 'NONE',  ( -7.478626235484184370, -7.724940478959209232E-16, -43.26402243547934034 ) ) ;
#1292 = LINE ( 'NONE', #2028, #2523 ) ;
#1293 = ORIENTED_EDGE ( 'NONE', *, *, #1717, .F. ) ;
#1294 = PLANE ( 'NONE',  #3059 ) ;
#1295 = CARTESIAN_POINT ( 'NONE',  ( 2.004278232047944197, 8.000000000000000000, -43.00000000000000000 ) ) ;
#1296 = VERTEX_POINT ( 'NONE', #2453 ) ;
#1297 = ORIENTED_EDGE ( 'NONE', *, *, #854, .T. ) ;
#1298 = CARTESIAN_POINT ( 'NONE',  ( -5.681818181818182545, 8.000000000000000000, 28.00000000000000000 ) ) ;
#1299 = VERTEX_POINT ( 'NONE', #1934 ) ;
#1300 = CARTESIAN_POINT ( 'NONE',  ( -1.480734290160373279, 0.000000000000000000, 17.22637249102629298 ) ) ;
#1301 = EDGE_LOOP ( 'NONE', ( #1813, #2065, #994, #1204, #1237, #305 ) ) ;
#1302 = EDGE_CURVE ( 'NONE', #1143, #1505, #2902, .T. ) ;
#1303 = CARTESIAN_POINT ( 'NONE',  ( 0.000000000000000000, -4.000000000000000000, 0.000000000000000000 ) ) ;
#1304 = VERTEX_POINT ( 'NONE', #722 ) ;
#1305 = MANIFOLD_SOLID_BREP ( 'Fillet4', #2323 ) ;
#1306 = CIRCLE ( 'NONE', #125, 0.5000000000000004441 ) ;
#1307 = DIRECTION ( 'NONE',  ( -0.000000000000000000, -1.000000000000000000, -0.000000000000000000 ) ) ;
#1308 = CIRCLE ( 'NONE', #1558, 3.200000000000000178 ) ;
#1309 = VERTEX_POINT ( 'NONE', #734 ) ;
#1310 = CARTESIAN_POINT ( 'NONE',  ( 0.1744684976900688356, 0.1655063553173666824, -43.79663860800226871 ) ) ;
#1311 = CARTESIAN_POINT ( 'NONE',  ( 1.189419523294376280, 7.937002362224252927, -43.50340094779624422 ) ) ;
#1312 = ORIENTED_EDGE ( 'NONE', *, *, #1247, .F. ) ;
#1313 = EDGE_LOOP ( 'NONE', ( #1938, #1219, #2133, #182 ) ) ;
#1314 = CARTESIAN_POINT ( 'NONE',  ( -9.146446609406728712, 0.000000000000000000, 8.853553390593482675 ) ) ;
#1315 = DIRECTION ( 'NONE',  ( 0.000000000000000000, 0.000000000000000000, 1.000000000000000000 ) ) ;
#1316 = ORIENTED_EDGE ( 'NONE', *, *, #1815, .F. ) ;
#1317 = CARTESIAN_POINT ( 'NONE',  ( 1.399034687778042851, 7.963567692903801287, -43.40927643911884104 ) ) ;
#1318 = EDGE_LOOP ( 'NONE', ( #1878, #425, #2847, #1324 ) ) ;
#1319 = EDGE_CURVE ( 'NONE', #1389, #2403, #32, .T. ) ;
#1320 = AXIS2_PLACEMENT_3D ( 'NONE', #2676, #274, #2274 ) ;
#1321 = CARTESIAN_POINT ( 'NONE',  ( -4.999999999999997335, 6.000000000000000000, 45.00000000000000000 ) ) ;
#1322 = STYLED_ITEM ( 'NONE', ( #773 ), #2273 ) ;
#1323 = AXIS2_PLACEMENT_3D ( 'NONE', #2825, #357, #837 ) ;
#1324 = ORIENTED_EDGE ( 'NONE', *, *, #1508, .T. ) ;
#1325 = ADVANCED_FACE ( 'NONE', ( #1709 ), #999, .T. ) ;
#1326 = EDGE_CURVE ( 'NONE', #1636, #2888, #952, .T. ) ;
#1327 = AXIS2_PLACEMENT_3D ( 'NONE', #2184, #929, #2390 ) ;
#1328 = CARTESIAN_POINT ( 'NONE',  ( -1.017518828136069642, 1.378516028011818495, -42.51263750358511828 ) ) ;
#1329 = LINE ( 'NONE', #1614, #992 ) ;
#1330 = VECTOR ( 'NONE', #707, 1000.000000000000000 ) ;
#1331 = EDGE_CURVE ( 'NONE', #162, #2709, #1571, .T. ) ;
#1332 = ORIENTED_EDGE ( 'NONE', *, *, #1672, .F. ) ;
#1333 = ORIENTED_EDGE ( 'NONE', *, *, #708, .T. ) ;
#1334 = CARTESIAN_POINT ( 'NONE',  ( 15.00000000000000355, 4.000000000000000000, 40.00000000000000000 ) ) ;
#1335 = PRODUCT_DEFINITION_FORMATION_WITH_SPECIFIED_SOURCE ( 'ANY', '', #33, .NOT_KNOWN. ) ;
#1336 = ORIENTED_EDGE ( 'NONE', *, *, #1473, .T. ) ;
#1337 = LINE ( 'NONE', #2055, #2957 ) ;
#1338 = VERTEX_POINT ( 'NONE', #2686 ) ;
#1339 = CARTESIAN_POINT ( 'NONE',  ( 1.445514807978451222, 8.000000000000000000, -7.573510103403426896 ) ) ;
#1340 = VERTEX_POINT ( 'NONE', #1980 ) ;
#1341 = ORIENTED_EDGE ( 'NONE', *, *, #1851, .T. ) ;
#1342 = PRODUCT_RELATED_PRODUCT_CATEGORY ( 'part', '', ( #8 ) ) ;
#1343 = FACE_OUTER_BOUND ( 'NONE', #600, .T. ) ;
#1344 = CARTESIAN_POINT ( 'NONE',  ( 10.00230878708593174, 0.000000000000000000, 20.93124097522048999 ) ) ;
#1345 = CARTESIAN_POINT ( 'NONE',  ( 3.331706096653556326, 0.000000000000000000, 3.109880689705364798 ) ) ;
#1346 = ORIENTED_EDGE ( 'NONE', *, *, #1004, .T. ) ;
#1347 = DIRECTION ( 'NONE',  ( 0.000000000000000000, 0.000000000000000000, 1.000000000000000000 ) ) ;
#1348 = EDGE_LOOP ( 'NONE', ( #1782, #368, #2481, #322 ) ) ;
#1349 = CARTESIAN_POINT ( 'NONE',  ( 4.301289122765019179, 8.000000000000000000, -17.49999999999999645 ) ) ;
#1350 = ORIENTED_EDGE ( 'NONE', *, *, #2179, .T. ) ;
#1351 = CARTESIAN_POINT ( 'NONE',  ( 15.00000000000000711, 0.000000000000000000, -20.08081825816746147 ) ) ;
#1352 = CIRCLE ( 'NONE', #2418, 0.5000000000000004441 ) ;
#1353 = CARTESIAN_POINT ( 'NONE',  ( -3.366925578835472610, 8.000000000000000000, 6.542981697917493733 ) ) ;
#1354 = ORIENTED_EDGE ( 'NONE', *, *, #717, .F. ) ;
#1355 = AXIS2_PLACEMENT_3D ( 'NONE', #1344, #2111, #2851 ) ;
#1356 = CARTESIAN_POINT ( 'NONE',  ( 3.200000000000001510, 4.000000000000000000, 3.918869757271531939E-16 ) ) ;
#1357 = CARTESIAN_POINT ( 'NONE',  ( 0.000000000000000000, 0.000000000000000000, 30.00000000000000355 ) ) ;
#1358 = VECTOR ( 'NONE', #2479, 1000.000000000000000 ) ;
#1359 = DIRECTION ( 'NONE',  ( -0.000000000000000000, 1.000000000000000000, 0.000000000000000000 ) ) ;
#1360 = VECTOR ( 'NONE', #2906, 1000.000000000000000 ) ;
#1361 = EDGE_CURVE ( 'NONE', #523, #1611, #527, .T. ) ;
#1362 = ORIENTED_EDGE ( 'NONE', *, *, #647, .F. ) ;
#1363 = UNCERTAINTY_MEASURE_WITH_UNIT (LENGTH_MEASURE( 1.000000000000000082E-05 ), #3070, 'distance_accuracy_value', 'NONE');
#1364 = FACE_OUTER_BOUND ( 'NONE', #587, .T. ) ;
#1365 = DIRECTION ( 'NONE',  ( 0.000000000000000000, 0.000000000000000000, -1.000000000000000000 ) ) ;
#1366 = EDGE_CURVE ( 'NONE', #2372, #424, #2410, .T. ) ;
#1367 = CIRCLE ( 'NONE', #1876, 2.250000000000001776 ) ;
#1368 = ORIENTED_EDGE ( 'NONE', *, *, #2524, .F. ) ;
#1369 = CARTESIAN_POINT ( 'NONE',  ( -0.3646614166413564284, 7.844663591785936418, -43.77409099298535011 ) ) ;
#1370 = CYLINDRICAL_SURFACE ( 'NONE', #2739, 1.750000000000000000 ) ;
#1371 = AXIS2_PLACEMENT_3D ( 'NONE', #2320, #679, #1365 ) ;
#1372 = DIRECTION ( 'NONE',  ( 0.000000000000000000, 1.000000000000000000, 0.000000000000000000 ) ) ;
#1373 = EDGE_LOOP ( 'NONE', ( #1058, #808, #110, #597 ) ) ;
#1374 = ORIENTED_EDGE ( 'NONE', *, *, #30, .T. ) ;
#1375 = CARTESIAN_POINT ( 'NONE',  ( -7.477541933972236876, 6.000000000000000000, -45.00000000000000000 ) ) ;
#1376 = CARTESIAN_POINT ( 'NONE',  ( -0.7682660246901281687, 8.353671586067971333, -41.56060886303067292 ) ) ;
#1377 = CIRCLE ( 'NONE', #1381, 2.250000000000001776 ) ;
#1378 = CARTESIAN_POINT ( 'NONE',  ( 3.331706096653556326, 8.000000000000000000, 3.109880689705364798 ) ) ;
#1379 = ADVANCED_FACE ( 'NONE', ( #2304 ), #537, .T. ) ;
#1380 = CARTESIAN_POINT ( 'NONE',  ( 0.000000000000000000, 0.000000000000000000, 0.000000000000000000 ) ) ;
#1381 = AXIS2_PLACEMENT_3D ( 'NONE', #1850, #2587, #2572 ) ;
#1382 = ORIENTED_EDGE ( 'NONE', *, *, #2732, .T. ) ;
#1383 = EDGE_CURVE ( 'NONE', #162, #704, #3000, .T. ) ;
#1384 = DIRECTION ( 'NONE',  ( -0.000000000000000000, -1.000000000000000000, -0.000000000000000000 ) ) ;
#1385 = EDGE_CURVE ( 'NONE', #2332, #1853, #813, .T. ) ;
#1386 = PLANE ( 'NONE',  #445 ) ;
#1387 = EDGE_CURVE ( 'NONE', #154, #2640, #1266, .T. ) ;
#1388 = CARTESIAN_POINT ( 'NONE',  ( -15.00000000000000711, 4.000000000000000000, 40.00000000000000000 ) ) ;
#1389 = VERTEX_POINT ( 'NONE', #676 ) ;
#1390 = DIRECTION ( 'NONE',  ( 0.000000000000000000, 0.000000000000000000, 1.000000000000000000 ) ) ;
#1391 = DIRECTION ( 'NONE',  ( 0.000000000000000000, 0.000000000000000000, 1.000000000000000000 ) ) ;
#1392 = DIRECTION ( 'NONE',  ( 1.000000000000000000, -0.000000000000000000, 0.000000000000000000 ) ) ;
#1393 = DIRECTION ( 'NONE',  ( 1.000000000000000000, -0.000000000000000000, -1.084202172485504434E-16 ) ) ;
#1394 = FACE_OUTER_BOUND ( 'NONE', #575, .T. ) ;
#1395 = DIRECTION ( 'NONE',  ( 1.000000000000000000, -0.000000000000000000, -0.000000000000000000 ) ) ;
#1396 = EDGE_LOOP ( 'NONE', ( #652, #1953 ) ) ;
#1397 = DIRECTION ( 'NONE',  ( 0.000000000000000000, 1.000000000000000000, -0.000000000000000000 ) ) ;
#1398 = CARTESIAN_POINT ( 'NONE',  ( 0.000000000000000000, -4.000000000000000000, 0.000000000000000000 ) ) ;
#1399 = ORIENTED_EDGE ( 'NONE', *, *, #434, .T. ) ;
#1400 = CARTESIAN_POINT ( 'NONE',  ( -7.476426968730395473, 6.526577332077569515, -44.94692289469323043 ) ) ;
#1401 = CARTESIAN_POINT ( 'NONE',  ( -0.8314618211714049911, 8.000000000000000000, -1.760394009306083030 ) ) ;
#1402 = LINE ( 'NONE', #1901, #46 ) ;
#1403 = AXIS2_PLACEMENT_3D ( 'NONE', #2155, #2409, #3147 ) ;
#1404 = VECTOR ( 'NONE', #421, 1000.000000000000000 ) ;
#1405 = ORIENTED_EDGE ( 'NONE', *, *, #1719, .F. ) ;
#1406 = DIRECTION ( 'NONE',  ( -0.000000000000000000, 1.000000000000000000, -0.000000000000000000 ) ) ;
#1407 = AXIS2_PLACEMENT_3D ( 'NONE', #1703, #2661, #1791 ) ;
#1408 = EDGE_LOOP ( 'NONE', ( #2540, #1848, #309, #765, #1745, #1698, #1809, #1481, #2611 ) ) ;
#1409 = AXIS2_PLACEMENT_3D ( 'NONE', #2918, #2954, #2670 ) ;
#1410 = DIRECTION ( 'NONE',  ( -0.000000000000000000, -1.000000000000000000, -0.000000000000000000 ) ) ;
#1411 = ORIENTED_EDGE ( 'NONE', *, *, #1719, .T. ) ;
#1412 = CARTESIAN_POINT ( 'NONE',  ( -7.477541933972236876, 6.000000000000000000, -45.00000000000000000 ) ) ;
#1413 = DIRECTION ( 'NONE',  ( -0.3720752419282696288, 0.000000000000000000, 0.9282025718257946867 ) ) ;
#1414 = EDGE_CURVE ( 'NONE', #2073, #111, #915, .T. ) ;
#1415 = ADVANCED_FACE ( 'NONE', ( #791 ), #2945, .F. ) ;
#1416 = SHAPE_REPRESENTATION ( 'Front Suspension Arm Top', ( #821, #3114, #358 ), #1742 ) ;
#1417 = FACE_OUTER_BOUND ( 'NONE', #361, .T. ) ;
#1418 = AXIS2_PLACEMENT_3D ( 'NONE', #1756, #2712, #1740 ) ;
#1419 = CARTESIAN_POINT ( 'NONE',  ( 7.477541933972236876, 2.000000000000000000, -45.00000000000000000 ) ) ;
#1420 = CARTESIAN_POINT ( 'NONE',  ( -9.500000000000003553, 8.000000000000000000, -10.22182540694802455 ) ) ;
#1421 = EDGE_CURVE ( 'NONE', #254, #803, #2498, .T. ) ;
#1422 = VERTEX_POINT ( 'NONE', #2995 ) ;
#1423 = AXIS2_PLACEMENT_3D ( 'NONE', #701, #1950, #266 ) ;
#1424 = VERTEX_POINT ( 'NONE', #2699 ) ;
#1425 = DIRECTION ( 'NONE',  ( 0.000000000000000000, 1.000000000000000000, 0.000000000000000000 ) ) ;
#1426 = AXIS2_PLACEMENT_3D ( 'NONE', #2788, #2132, #2821 ) ;
#1427 = VERTEX_POINT ( 'NONE', #785 ) ;
#1428 = CARTESIAN_POINT ( 'NONE',  ( 5.000000000000000888, 2.000000000000000000, 43.00000000000000000 ) ) ;
#1429 = DIRECTION ( 'NONE',  ( 0.000000000000000000, -1.000000000000000000, 0.000000000000000000 ) ) ;
#1430 = DIRECTION ( 'NONE',  ( 0.000000000000000000, -8.159452873631570248E-16, -1.000000000000000000 ) ) ;
#1431 = CARTESIAN_POINT ( 'NONE',  ( 15.00000000000000355, 8.000000000000000000, 45.00000000000000000 ) ) ;
#1432 = ADVANCED_FACE ( 'NONE', ( #83 ), #993, .F. ) ;
#1433 = CARTESIAN_POINT ( 'NONE',  ( -10.00000000000000178, 0.000000000000000000, 8.000000000000218492 ) ) ;
#1434 = CARTESIAN_POINT ( 'NONE',  ( -1.714040219394045383, 6.651091348077083687, -42.27595378722109842 ) ) ;
#1435 = ORIENTED_EDGE ( 'NONE', *, *, #878, .T. ) ;
#1436 = DIRECTION ( 'NONE',  ( -0.000000000000000000, 1.000000000000000000, -0.000000000000000000 ) ) ;
#1437 = CARTESIAN_POINT ( 'NONE',  ( -15.00000000000000711, 8.000000000000000000, -43.00000000000000000 ) ) ;
#1438 = B_SPLINE_CURVE_WITH_KNOTS ( 'NONE', 3,
 ( #2221, #1240, #1764, #507, #2207, #2919, #1021, #782, #975, #2003, #1956, #2549, #2969, #2019 ),
 .UNSPECIFIED., .F., .F.,
 ( 4, 2, 2, 2, 2, 2, 4 ),
 ( 0.000000000000000000, 0.001100610679080415944, 0.001650916018620623808, 0.002201221358160831889, 0.002751526697701039970, 0.003301832037241247617, 0.004402442716321671584 ),
 .UNSPECIFIED. ) ;
#1439 = DIRECTION ( 'NONE',  ( -0.000000000000000000, -1.000000000000000000, -0.000000000000000000 ) ) ;
#1440 = ORIENTED_EDGE ( 'NONE', *, *, #2890, .T. ) ;
#1441 = DIRECTION ( 'NONE',  ( -0.000000000000000000, 1.000000000000000000, -0.000000000000000000 ) ) ;
#1442 = DIRECTION ( 'NONE',  ( 0.000000000000000000, 0.000000000000000000, -1.000000000000000000 ) ) ;
#1443 = CARTESIAN_POINT ( 'NONE',  ( -9.500000000000001776, 0.000000000000000000, 9.207106781186759292 ) ) ;
#1444 = UNCERTAINTY_MEASURE_WITH_UNIT (LENGTH_MEASURE( 1.000000000000000082E-05 ), #1244, 'distance_accuracy_value', 'NONE');
#1445 = LINE ( 'NONE', #2913, #741 ) ;
#1446 = SURFACE_SIDE_STYLE ('',( #2190 ) ) ;
#1447 = EDGE_CURVE ( 'NONE', #1083, #704, #2286, .T. ) ;
#1448 = PRODUCT_CONTEXT ( 'NONE', #1477, 'mechanical' ) ;
#1449 = VECTOR ( 'NONE', #315, 1000.000000000000000 ) ;
#1450 = ORIENTED_EDGE ( 'NONE', *, *, #696, .F. ) ;
#1451 = DIRECTION ( 'NONE',  ( 0.000000000000000000, -1.000000000000000000, 0.000000000000000000 ) ) ;
#1452 = AXIS2_PLACEMENT_3D ( 'NONE', #1852, #3044, #1837 ) ;
#1453 = CARTESIAN_POINT ( 'NONE',  ( 9.026744905910730310, 8.000000000000000000, -15.14511839067171373 ) ) ;
#1454 = ORIENTED_EDGE ( 'NONE', *, *, #1149, .F. ) ;
#1455 = DIRECTION ( 'NONE',  ( 0.000000000000000000, 0.000000000000000000, -1.000000000000000000 ) ) ;
#1456 = CARTESIAN_POINT ( 'NONE',  ( 9.500000000000001776, 0.000000000000000000, 0.7928932188132126191 ) ) ;
#1457 = CARTESIAN_POINT ( 'NONE',  ( -9.500000000000001776, 0.000000000000000000, 0.7218254069482293866 ) ) ;
#1458 = TOROIDAL_SURFACE ( 'NONE', #3101, 5.386755167209774875, 0.9000000000000000222 ) ;
#1459 = PLANE ( 'NONE',  #2191 ) ;
#1460 = DIRECTION ( 'NONE',  ( 0.000000000000000000, 0.000000000000000000, 1.000000000000000000 ) ) ;
#1461 = FACE_BOUND ( 'NONE', #1110, .T. ) ;
#1462 = ITEM_DEFINED_TRANSFORMATION ( 'NONE', 'NONE', #3114,  #2800 ) ;
#1463 = EDGE_LOOP ( 'NONE', ( #2092, #2559, #2008, #131 ) ) ;
#1464 = LINE ( 'NONE', #988, #1921 ) ;
#1465 = SPHERICAL_SURFACE ( 'NONE', #404, 5.122499389946279180 ) ;
#1466 = DIRECTION ( 'NONE',  ( 0.000000000000000000, 0.000000000000000000, -1.000000000000000000 ) ) ;
#1467 = VECTOR ( 'NONE', #2202, 1000.000000000000000 ) ;
#1468 = EDGE_CURVE ( 'NONE', #1684, #902, #260, .T. ) ;
#1469 = FACE_BOUND ( 'NONE', #807, .T. ) ;
#1470 = AXIS2_PLACEMENT_3D ( 'NONE', #886, #2826, #683 ) ;
#1471 = CIRCLE ( 'NONE', #194, 0.5000000000000004441 ) ;
#1472 = EDGE_LOOP ( 'NONE', ( #1454, #2760, #1540, #2493 ) ) ;
#1473 = EDGE_CURVE ( 'NONE', #385, #2403, #68, .T. ) ;
#1474 = PLANE ( 'NONE',  #916 ) ;
#1475 = CARTESIAN_POINT ( 'NONE',  ( 9.502308787085931741, 8.000000000000000000, 19.72413419403395451 ) ) ;
#1476 = DIRECTION ( 'NONE',  ( -0.3720752419282715162, 0.000000000000000000, -0.9282025718257940206 ) ) ;
#1477 = APPLICATION_CONTEXT ( 'automotive_design' ) ;
#1478 = CARTESIAN_POINT ( 'NONE',  ( 0.7679820649409091482, -0.3538405635355554302, -41.56058488565773246 ) ) ;
#1479 = CARTESIAN_POINT ( 'NONE',  ( -14.99999999999999645, 6.000000000000000000, 45.00000000000000000 ) ) ;
#1480 = CARTESIAN_POINT ( 'NONE',  ( -0.2970846198412866457, 6.573256624769398648, -42.65062902660279320 ) ) ;
#1481 = ORIENTED_EDGE ( 'NONE', *, *, #1302, .T. ) ;
#1482 = FACE_OUTER_BOUND ( 'NONE', #2441, .T. ) ;
#1483 = DIRECTION ( 'NONE',  ( 0.000000000000000000, 0.000000000000000000, -1.000000000000000000 ) ) ;
#1484 = DIRECTION ( 'NONE',  ( 0.000000000000000000, 0.000000000000000000, 1.000000000000000000 ) ) ;
#1485 = LINE ( 'NONE', #823, #2680 ) ;
#1486 = ORIENTED_EDGE ( 'NONE', *, *, #1421, .T. ) ;
#1487 = EDGE_CURVE ( 'NONE', #3077, #2279, #1222, .T. ) ;
#1488 = CARTESIAN_POINT ( 'NONE',  ( -7.485981258542745209, 0.000000000000000000, -43.00000000000000000 ) ) ;
#1489 = CARTESIAN_POINT ( 'NONE',  ( -15.00000000000000711, 0.000000000000000000, -45.00000000000000000 ) ) ;
#1490 = ORIENTED_EDGE ( 'NONE', *, *, #1623, .F. ) ;
#1491 = CARTESIAN_POINT ( 'NONE',  ( 0.2971413503593773875, 1.422439362280315533, -42.64106805965968050 ) ) ;
#1492 = CARTESIAN_POINT ( 'NONE',  ( 1.017180583049563269, 6.621460096810078078, -42.51273089727413890 ) ) ;
#1493 = ORIENTED_EDGE ( 'NONE', *, *, #109, .F. ) ;
#1494 = ORIENTED_EDGE ( 'NONE', *, *, #1150, .T. ) ;
#1495 = CARTESIAN_POINT ( 'NONE',  ( -4.983107304583207942, 0.000000000000000000, 27.50000000000000000 ) ) ;
#1496 = CARTESIAN_POINT ( 'NONE',  ( -1.953989384249644079, 8.000000000000000000, 17.06503552713222760 ) ) ;
#1497 = CARTESIAN_POINT ( 'NONE',  ( 4.915254237288138484, 0.000000000000000000, -3.084745762712047146 ) ) ;
#1498 = AXIS2_PLACEMENT_3D ( 'NONE', #2928, #1680, #933 ) ;
#1499 = FACE_OUTER_BOUND ( 'NONE', #1373, .T. ) ;
#1500 = ORIENTED_EDGE ( 'NONE', *, *, #344, .F. ) ;
#1501 = AXIS2_PLACEMENT_3D ( 'NONE', #622, #1822, #605 ) ;
#1502 = LINE ( 'NONE', #788, #1633 ) ;
#1503 = ADVANCED_FACE ( 'NONE', ( #1025, #1008 ), #1257, .T. ) ;
#1504 = CARTESIAN_POINT ( 'NONE',  ( 9.146446609406716277, 8.000000000000000000, 27.14644660940672338 ) ) ;
#1505 = VERTEX_POINT ( 'NONE', #1520 ) ;
#1506 = VECTOR ( 'NONE', #1172, 1000.000000000000000 ) ;
#1507 = CARTESIAN_POINT ( 'NONE',  ( -1.681031616995809497, 0.01036295501237413479, -43.22558824995478943 ) ) ;
#1508 = EDGE_CURVE ( 'NONE', #2005, #1819, #1485, .T. ) ;
#1509 = CARTESIAN_POINT ( 'NONE',  ( -0.7330675247595593857, 6.601683996594967851, -42.57878503598605135 ) ) ;
#1510 = CARTESIAN_POINT ( 'NONE',  ( 4.999999999999993783, 0.000000000000000000, -18.00000000000000000 ) ) ;
#1511 = EDGE_CURVE ( 'NONE', #1805, #523, #240, .T. ) ;
#1512 = EDGE_CURVE ( 'NONE', #3154, #295, #2973, .T. ) ;
#1513 = ORIENTED_EDGE ( 'NONE', *, *, #1087, .F. ) ;
#1514 = ORIENTED_EDGE ( 'NONE', *, *, #236, .F. ) ;
#1515 = CARTESIAN_POINT ( 'NONE',  ( -1.480734290160373279, 0.000000000000000000, 17.22637249102629298 ) ) ;
#1516 = PRESENTATION_LAYER_ASSIGNMENT (  '', '', ( #2231 ) ) ;
#1517 = ORIENTED_EDGE ( 'NONE', *, *, #1992, .T. ) ;
#1518 = DIRECTION ( 'NONE',  ( 1.000000000000000000, 0.000000000000000000, -1.156482317317871478E-16 ) ) ;
#1519 = ORIENTED_EDGE ( 'NONE', *, *, #2799, .F. ) ;
#1520 = CARTESIAN_POINT ( 'NONE',  ( -10.00000000000000178, 0.000000000000000000, 0.7218254069482291646 ) ) ;
#1521 = ORIENTED_EDGE ( 'NONE', *, *, #2049, .T. ) ;
#1522 = VECTOR ( 'NONE', #1397, 1000.000000000000000 ) ;
#1523 = CARTESIAN_POINT ( 'NONE',  ( -4.193734063518015809, 8.000000000000000000, 6.735198124616701421 ) ) ;
#1524 = AXIS2_PLACEMENT_3D ( 'NONE', #795, #2734, #762 ) ;
#1525 = AXIS2_PLACEMENT_3D ( 'NONE', #3113, #2863, #1155 ) ;
#1526 = VERTEX_POINT ( 'NONE', #2510 ) ;
#1527 = EDGE_LOOP ( 'NONE', ( #279, #2327, #2496, #87 ) ) ;
#1528 = CIRCLE ( 'NONE', #2043, 0.5000000000000004441 ) ;
#1529 = CARTESIAN_POINT ( 'NONE',  ( -0.6236025651065695286, -0.4456655597757360199, -41.54046594216146815 ) ) ;
#1530 = CARTESIAN_POINT ( 'NONE',  ( 0.8565654853308377614, 7.894877988606756603, -43.64407148190095853 ) ) ;
#1531 = EDGE_CURVE ( 'NONE', #2984, #385, #1679, .T. ) ;
#1532 = ORIENTED_EDGE ( 'NONE', *, *, #787, .T. ) ;
#1533 = EDGE_LOOP ( 'NONE', ( #352, #1606, #1273, #2848 ) ) ;
#1534 = LINE ( 'NONE', #2035, #2934 ) ;
#1535 = ORIENTED_EDGE ( 'NONE', *, *, #1414, .F. ) ;
#1536 = CARTESIAN_POINT ( 'NONE',  ( 9.500000000000001776, 8.000000000000000000, 0.7928932188132126191 ) ) ;
#1537 = EDGE_CURVE ( 'NONE', #406, #2531, #3103, .T. ) ;
#1538 = VERTEX_POINT ( 'NONE', #2494 ) ;
#1539 = DIRECTION ( 'NONE',  ( 0.000000000000000000, 0.000000000000000000, 1.000000000000000000 ) ) ;
#1540 = ORIENTED_EDGE ( 'NONE', *, *, #3135, .F. ) ;
#1541 = CARTESIAN_POINT ( 'NONE',  ( -7.474067214843284290, 1.113557369692925958, -44.79760592840776212 ) ) ;
#1542 = DIRECTION ( 'NONE',  ( 0.000000000000000000, 1.000000000000000000, -0.000000000000000000 ) ) ;
#1543 = CARTESIAN_POINT ( 'NONE',  ( -0.1051212372578917559, -0.8474186032928830992, -41.39044718747513940 ) ) ;
#1544 = FACE_OUTER_BOUND ( 'NONE', #104, .T. ) ;
#1545 = EDGE_LOOP ( 'NONE', ( #1787, #2310 ) ) ;
#1546 = VERTEX_POINT ( 'NONE', #2708 ) ;
#1547 = LINE ( 'NONE', #866, #1262 ) ;
#1548 = DIRECTION ( 'NONE',  ( -0.000000000000000000, -1.000000000000000000, -0.000000000000000000 ) ) ;
#1549 = ORIENTED_EDGE ( 'NONE', *, *, #152, .T. ) ;
#1550 = AXIS2_PLACEMENT_3D ( 'NONE', #2189, #2685, #1200 ) ;
#1551 = CARTESIAN_POINT ( 'NONE',  ( 2.004278232047944197, 0.000000000000000000, -43.00000000000000000 ) ) ;
#1552 = ADVANCED_FACE ( 'NONE', ( #489, #1469, #1242, #2209, #2458, #38, #1989 ), #2024, .T. ) ;
#1553 = ADVANCED_FACE ( 'NONE', ( #1499 ), #56, .F. ) ;
#1554 = VERTEX_POINT ( 'NONE', #2571 ) ;
#1555 = CIRCLE ( 'NONE', #2020, 0.5000000000000004441 ) ;
#1556 = PLANE ( 'NONE',  #1615 ) ;
#1557 = ORIENTED_EDGE ( 'NONE', *, *, #2216, .F. ) ;
#1558 = AXIS2_PLACEMENT_3D ( 'NONE', #2176, #1436, #1922 ) ;
#1559 = ORIENTED_EDGE ( 'NONE', *, *, #2121, .T. ) ;
#1560 = CARTESIAN_POINT ( 'NONE',  ( -1.843090869014629263, -3.180288492646660098E-14, -43.11747794164137559 ) ) ;
#1561 = CIRCLE ( 'NONE', #2334, 0.5000000000000004441 ) ;
#1562 = CARTESIAN_POINT ( 'NONE',  ( 1.576139620016862919, 6.651091342629917413, -42.33123202450195066 ) ) ;
#1563 = ORIENTED_EDGE ( 'NONE', *, *, #2696, .T. ) ;
#1564 = ORIENTED_EDGE ( 'NONE', *, *, #2564, .F. ) ;
#1565 = CYLINDRICAL_SURFACE ( 'NONE', #1828, 0.5000000000000004441 ) ;
#1566 = DIRECTION ( 'NONE',  ( 1.000000000000000000, 0.000000000000000000, 0.000000000000000000 ) ) ;
#1567 = CIRCLE ( 'NONE', #1626, 42.32209713996405043 ) ;
#1568 = EDGE_LOOP ( 'NONE', ( #324, #1595, #1041, #2219, #1532, #2727, #548 ) ) ;
#1569 = CARTESIAN_POINT ( 'NONE',  ( -8.792893218813448541, 0.000000000000000000, -17.49999999999999645 ) ) ;
#1570 = VERTEX_POINT ( 'NONE', #2808 ) ;
#1571 = CIRCLE ( 'NONE', #1007, 2.000000000000001776 ) ;
#1572 = PLANE ( 'NONE',  #193 ) ;
#1573 = ADVANCED_FACE ( 'NONE', ( #163 ), #2291, .F. ) ;
#1574 = LINE ( 'NONE', #2359, #226 ) ;
#1575 = CIRCLE ( 'NONE', #2893, 0.5000000000000004441 ) ;
#1576 = AXIS2_PLACEMENT_3D ( 'NONE', #1349, #1863, #2326 ) ;
#1577 = ORIENTED_EDGE ( 'NONE', *, *, #285, .F. ) ;
#1578 = EDGE_CURVE ( 'NONE', #385, #673, #103, .T. ) ;
#1579 = AXIS2_PLACEMENT_3D ( 'NONE', #903, #860, #1580 ) ;
#1580 = DIRECTION ( 'NONE',  ( 0.7071067811865521247, 0.000000000000000000, 0.7071067811865430208 ) ) ;
#1581 = CIRCLE ( 'NONE', #2195, 0.4999999999999995559 ) ;
#1582 = LINE ( 'NONE', #659, #936 ) ;
#1583 = DIRECTION ( 'NONE',  ( 0.000000000000000000, -1.000000000000000000, 0.000000000000000000 ) ) ;
#1584 = AXIS2_PLACEMENT_3D ( 'NONE', #2342, #2371, #2328 ) ;
#1585 = ORIENTED_EDGE ( 'NONE', *, *, #715, .T. ) ;
#1586 = DIRECTION ( 'NONE',  ( 1.000000000000000000, -0.000000000000000000, -0.000000000000000000 ) ) ;
#1587 = CARTESIAN_POINT ( 'NONE',  ( 7.475653172773015775, 6.644340927588646473, -44.89789156163007533 ) ) ;
#1588 = DIRECTION ( 'NONE',  ( 1.000000000000000000, -0.000000000000000000, -1.084202172485504434E-16 ) ) ;
#1589 = ORIENTED_EDGE ( 'NONE', *, *, #1677, .F. ) ;
#1590 = DIRECTION ( 'NONE',  ( -0.000000000000000000, 1.000000000000000000, 0.000000000000000000 ) ) ;
#1591 = VERTEX_POINT ( 'NONE', #2539 ) ;
#1592 = CARTESIAN_POINT ( 'NONE',  ( 0.000000000000000000, 0.8999999999999998002, -38.00000000000000000 ) ) ;
#1593 = DIRECTION ( 'NONE',  ( -1.000000000000000000, 0.000000000000000000, -0.000000000000000000 ) ) ;
#1594 = ORIENTED_EDGE ( 'NONE', *, *, #661, .F. ) ;
#1595 = ORIENTED_EDGE ( 'NONE', *, *, #513, .T. ) ;
#1596 = EDGE_CURVE ( 'NONE', #2953, #681, #2436, .T. ) ;
#1597 = SPHERICAL_SURFACE ( 'NONE', #45, 5.122499389946279180 ) ;
#1598 = CARTESIAN_POINT ( 'NONE',  ( 7.479305170576163952, 0.01294186727546947462, -43.26183179721801508 ) ) ;
#1599 = FACE_BOUND ( 'NONE', #1396, .T. ) ;
#1600 = ORIENTED_EDGE ( 'NONE', *, *, #942, .F. ) ;
#1601 = CARTESIAN_POINT ( 'NONE',  ( -5.681818181818182545, 0.000000000000000000, 28.00000000000000000 ) ) ;
#1602 = CARTESIAN_POINT ( 'NONE',  ( -9.146446609406718053, 0.000000000000000000, -17.14644660940671983 ) ) ;
#1603 = B_SPLINE_CURVE_WITH_KNOTS ( 'NONE', 3,
 ( #2018, #353, #819, #333, #1587, #1284, #2722, #781, #2269, #2755, #2519, #1830, #544, #1079 ),
 .UNSPECIFIED., .F., .F.,
 ( 4, 2, 2, 2, 2, 2, 4 ),
 ( 0.000000000000000000, 0.0003905611632098916633, 0.0007811223264197833267, 0.001171683489629674882, 0.001562244652839566653, 0.002343366979259333283, 0.003124489305679099913 ),
 .UNSPECIFIED. ) ;
#1604 = ORIENTED_EDGE ( 'NONE', *, *, #1447, .F. ) ;
#1605 = CARTESIAN_POINT ( 'NONE',  ( 0.000000000000000000, 4.000000000000000000, -38.00000000000000000 ) ) ;
#1606 = ORIENTED_EDGE ( 'NONE', *, *, #2839, .T. ) ;
#1607 = DIRECTION ( 'NONE',  ( 0.000000000000000000, 0.000000000000000000, 1.000000000000000000 ) ) ;
#1608 = CIRCLE ( 'NONE', #842, 4.606703231612698346 ) ;
#1609 = FACE_OUTER_BOUND ( 'NONE', #1096, .T. ) ;
#1610 = VERTEX_POINT ( 'NONE', #2103 ) ;
#1611 = VERTEX_POINT ( 'NONE', #1818 ) ;
#1612 = AXIS2_PLACEMENT_3D ( 'NONE', #31, #1280, #796 ) ;
#1613 = CARTESIAN_POINT ( 'NONE',  ( -7.482303780611496258, 8.000000000000000000, -43.13201001167485060 ) ) ;
#1614 = CARTESIAN_POINT ( 'NONE',  ( -15.00000000000000711, 4.000000000000000000, 42.25000000000000000 ) ) ;
#1615 = AXIS2_PLACEMENT_3D ( 'NONE', #2574, #1593, #153 ) ;
#1616 = VECTOR ( 'NONE', #2536, 1000.000000000000000 ) ;
#1617 = ADVANCED_FACE ( 'NONE', ( #1082 ), #637, .F. ) ;
#1618 = EDGE_CURVE ( 'NONE', #414, #64, #2554, .T. ) ;
#1619 = CARTESIAN_POINT ( 'NONE',  ( 3.331706096653556326, 0.000000000000000000, 3.109880689705364798 ) ) ;
#1620 = EDGE_CURVE ( 'NONE', #2137, #254, #1337, .T. ) ;
#1621 = DIRECTION ( 'NONE',  ( 0.000000000000000000, 0.000000000000000000, 1.000000000000000000 ) ) ;
#1622 = CARTESIAN_POINT ( 'NONE',  ( 0.000000000000000000, 0.000000000000000000, -43.00000000000000000 ) ) ;
#1623 = EDGE_CURVE ( 'NONE', #2868, #3006, #2774, .T. ) ;
#1624 = ORIENTED_EDGE ( 'NONE', *, *, #1820, .F. ) ;
#1625 = CARTESIAN_POINT ( 'NONE',  ( -0.8918652460484091105, 7.899328871631345450, -43.63114063908049189 ) ) ;
#1626 = AXIS2_PLACEMENT_3D ( 'NONE', #142, #2837, #883 ) ;
#1627 = FACE_OUTER_BOUND ( 'NONE', #1318, .T. ) ;
#1628 = FACE_OUTER_BOUND ( 'NONE', #1463, .T. ) ;
#1629 = VERTEX_POINT ( 'NONE', #1551 ) ;
#1630 = ORIENTED_EDGE ( 'NONE', *, *, #3020, .F. ) ;
#1631 = DIRECTION ( 'NONE',  ( 0.000000000000000000, 0.000000000000000000, 1.000000000000000000 ) ) ;
#1632 = DIRECTION ( 'NONE',  ( 0.000000000000000000, 0.000000000000000000, -1.000000000000000000 ) ) ;
#1633 = VECTOR ( 'NONE', #978, 1000.000000000000000 ) ;
#1634 = DIRECTION ( 'NONE',  ( 0.000000000000000000, 0.000000000000000000, -1.000000000000000000 ) ) ;
#1635 = AXIS2_PLACEMENT_3D ( 'NONE', #402, #114, #885 ) ;
#1636 = VERTEX_POINT ( 'NONE', #583 ) ;
#1637 = VERTEX_POINT ( 'NONE', #2790 ) ;
#1638 = FACE_OUTER_BOUND ( 'NONE', #2417, .T. ) ;
#1639 = CIRCLE ( 'NONE', #1128, 2.000000000000001776 ) ;
#1640 = AXIS2_PLACEMENT_3D ( 'NONE', #2336, #893, #2834 ) ;
#1641 = EDGE_CURVE ( 'NONE', #2241, #2354, #2344, .T. ) ;
#1642 = ORIENTED_EDGE ( 'NONE', *, *, #223, .F. ) ;
#1643 = CARTESIAN_POINT ( 'NONE',  ( 10.00230878708593174, 8.000000000000000000, 19.72413419403395451 ) ) ;
#1644 = DIRECTION ( 'NONE',  ( -0.000000000000000000, -1.000000000000000000, -0.000000000000000000 ) ) ;
#1645 = EDGE_LOOP ( 'NONE', ( #1069, #934, #3010, #1038, #1336, #1867, #1243 ) ) ;
#1646 = PLANE ( 'NONE',  #867 ) ;
#1647 = PLANE ( 'NONE',  #692 ) ;
#1648 = CYLINDRICAL_SURFACE ( 'NONE', #870, 0.5000000000000004441 ) ;
#1649 = PRODUCT_DEFINITION_CONTEXT ( 'detailed design', #1911, 'design' ) ;
#1650 = ORIENTED_EDGE ( 'NONE', *, *, #1114, .F. ) ;
#1651 = CARTESIAN_POINT ( 'NONE',  ( -4.983107304583207942, 0.000000000000000000, 28.00000000000000000 ) ) ;
#1652 = EDGE_CURVE ( 'NONE', #2477, #3154, #611, .T. ) ;
#1653 = VERTEX_POINT ( 'NONE', #148 ) ;
#1654 = CARTESIAN_POINT ( 'NONE',  ( 2.004278232047945085, 8.000000000000000000, -43.00000000000000000 ) ) ;
#1655 = DIRECTION ( 'NONE',  ( -0.3226739277881370271, -0.000000000000000000, 0.9465101881785404903 ) ) ;
#1656 = ADVANCED_FACE ( 'NONE', ( #2117 ), #3072, .F. ) ;
#1657 = ORIENTED_EDGE ( 'NONE', *, *, #1040, .T. ) ;
#1658 = CARTESIAN_POINT ( 'NONE',  ( -7.477541933972235988, 6.264121890800458559, -45.00000000000000000 ) ) ;
#1659 = EDGE_CURVE ( 'NONE', #1591, #2477, #2356, .T. ) ;
#1660 = DIRECTION ( 'NONE',  ( 0.000000000000000000, 0.000000000000000000, -1.000000000000000000 ) ) ;
#1661 = DIRECTION ( 'NONE',  ( -1.000000000000000000, 0.000000000000000000, 2.312964634635742957E-16 ) ) ;
#1662 = DIRECTION ( 'NONE',  ( -0.3720752419282715162, 0.000000000000000000, 0.9282025718257940206 ) ) ;
#1663 = AXIS2_PLACEMENT_3D ( 'NONE', #2702, #998, #829 ) ;
#1664 = DIRECTION ( 'NONE',  ( 0.9282025718257945757, 0.000000000000000000, -0.3720752419282703505 ) ) ;
#1665 = DIRECTION ( 'NONE',  ( -0.000000000000000000, -1.000000000000000000, -0.000000000000000000 ) ) ;
#1666 = APPLICATION_PROTOCOL_DEFINITION ( 'draft international standard', 'automotive_design', 1998, #491 ) ;
#1667 = EDGE_LOOP ( 'NONE', ( #2978, #1926, #2385, #2001 ) ) ;
#1668 = CIRCLE ( 'NONE', #2987, 1.750000000000000000 ) ;
#1669 = CARTESIAN_POINT ( 'NONE',  ( -15.00000000000000711, 8.000006000000000839, -20.08081825816746147 ) ) ;
#1670 = FACE_OUTER_BOUND ( 'NONE', #366, .T. ) ;
#1671 = ORIENTED_EDGE ( 'NONE', *, *, #2775, .T. ) ;
#1672 = EDGE_CURVE ( 'NONE', #3071, #239, #244, .T. ) ;
#1673 = CARTESIAN_POINT ( 'NONE',  ( -7.473271841439657059, 7.007497627939896390, -44.74720948206961424 ) ) ;
#1674 = CARTESIAN_POINT ( 'NONE',  ( 9.855862177679203029, 8.000000000000000000, 8.926929989544381883 ) ) ;
#1675 = EDGE_CURVE ( 'NONE', #2652, #1570, #478, .T. ) ;
#1676 = DIRECTION ( 'NONE',  ( 0.000000000000000000, 1.000000000000000000, 0.000000000000000000 ) ) ;
#1677 = EDGE_CURVE ( 'NONE', #1304, #2360, #2393, .T. ) ;
#1678 = CARTESIAN_POINT ( 'NONE',  ( -4.999999999999997335, 0.000000000000000000, 43.00000000000000000 ) ) ;
#1679 = CIRCLE ( 'NONE', #1320, 0.5000000000000004441 ) ;
#1680 = DIRECTION ( 'NONE',  ( -0.000000000000000000, -1.000000000000000000, -0.000000000000000000 ) ) ;
#1681 = DIRECTION ( 'NONE',  ( 0.000000000000000000, 1.000000000000000000, 0.000000000000000000 ) ) ;
#1682 = AXIS2_PLACEMENT_3D ( 'NONE', #1197, #3143, #1975 ) ;
#1683 = AXIS2_PLACEMENT_3D ( 'NONE', #1223, #937, #693 ) ;
#1684 = VERTEX_POINT ( 'NONE', #2642 ) ;
#1685 = ORIENTED_EDGE ( 'NONE', *, *, #715, .F. ) ;
#1686 = DIRECTION ( 'NONE',  ( 0.000000000000000000, 0.000000000000000000, -1.000000000000000000 ) ) ;
#1687 = CARTESIAN_POINT ( 'NONE',  ( 0.2032855414042166464, 0.000000000000000000, 10.73702907854753619 ) ) ;
#1688 = CARTESIAN_POINT ( 'NONE',  ( 5.000000000000000888, 0.000000000000000000, 43.00000000000000000 ) ) ;
#1689 = VECTOR ( 'NONE', #2772, 999.9999999999998863 ) ;
#1690 = VERTEX_POINT ( 'NONE', #1941 ) ;
#1691 = DIRECTION ( 'NONE',  ( 0.000000000000000000, -1.000000000000000000, 0.000000000000000000 ) ) ;
#1692 = CARTESIAN_POINT ( 'NONE',  ( 9.500000000000001776, 0.000000000000000000, -14.98378142677764657 ) ) ;
#1693 = CARTESIAN_POINT ( 'NONE',  ( 7.477541933972236876, 2.000000000000000000, -45.00000000000000000 ) ) ;
#1694 = EDGE_CURVE ( 'NONE', #2942, #96, #2613, .T. ) ;
#1695 = CARTESIAN_POINT ( 'NONE',  ( -4.999999999999997335, 0.000000000000000000, 45.00000000000000000 ) ) ;
#1696 = CARTESIAN_POINT ( 'NONE',  ( 1.576139620016831611, 1.348908657369970232, -42.33123202450189382 ) ) ;
#1697 = CARTESIAN_POINT ( 'NONE',  ( -9.500000000000001776, 0.000000000000000000, 8.707106781186759292 ) ) ;
#1698 = ORIENTED_EDGE ( 'NONE', *, *, #1710, .T. ) ;
#1699 = LINE ( 'NONE', #468, #286 ) ;
#1700 = FACE_OUTER_BOUND ( 'NONE', #2534, .T. ) ;
#1701 = ORIENTED_EDGE ( 'NONE', *, *, #983, .F. ) ;
#1702 = DIRECTION ( 'NONE',  ( -1.000000000000000000, -0.000000000000000000, -1.445602896647339656E-16 ) ) ;
#1703 = CARTESIAN_POINT ( 'NONE',  ( 0.000000000000000000, -4.000000000000000000, 0.000000000000000000 ) ) ;
#1704 = ORIENTED_EDGE ( 'NONE', *, *, #1130, .F. ) ;
#1705 = APPLICATION_CONTEXT ( 'automotive_design' ) ;
#1706 = CARTESIAN_POINT ( 'NONE',  ( 2.004278232047944197, 0.000000000000000000, -43.00000000000000000 ) ) ;
#1707 = CARTESIAN_POINT ( 'NONE',  ( 0.000000000000000000, 1.348908651922916091, -38.00000000000000000 ) ) ;
#1708 = CIRCLE ( 'NONE', #2714, 0.5000000000000004441 ) ;
#1709 = FACE_OUTER_BOUND ( 'NONE', #711, .T. ) ;
#1710 = EDGE_CURVE ( 'NONE', #275, #840, #863, .T. ) ;
#1711 = VECTOR ( 'NONE', #3116, 1000.000000000000000 ) ;
#1712 = EDGE_CURVE ( 'NONE', #486, #826, #1729, .T. ) ;
#1713 = ORIENTED_EDGE ( 'NONE', *, *, #3022, .T. ) ;
#1714 = LINE ( 'NONE', #233, #2474 ) ;
#1715 = VECTOR ( 'NONE', #1995, 1000.000000000000000 ) ;
#1716 = CYLINDRICAL_SURFACE ( 'NONE', #1988, 0.5000000000000000000 ) ;
#1717 = EDGE_CURVE ( 'NONE', #2305, #1422, #2656, .T. ) ;
#1718 = CARTESIAN_POINT ( 'NONE',  ( -4.999999999999997335, 8.000000000000000000, 45.00000000000000000 ) ) ;
#1719 = EDGE_CURVE ( 'NONE', #1554, #113, #427, .T. ) ;
#1720 = EDGE_LOOP ( 'NONE', ( #2672, #2485, #317, #1701 ) ) ;
#1721 = FACE_BOUND ( 'NONE', #55, .T. ) ;
#1722 = CARTESIAN_POINT ( 'NONE',  ( 5.015725928218142116, 0.000000000000000000, -3.379462722773392436 ) ) ;
#1723 = CARTESIAN_POINT ( 'NONE',  ( 15.00000000000000355, 8.000000000000000000, 43.00000000000000000 ) ) ;
#1724 = CARTESIAN_POINT ( 'NONE',  ( 1.354097006815128124, 0.04185764643047078931, -43.41860720214818770 ) ) ;
#1725 = FACE_OUTER_BOUND ( 'NONE', #925, .T. ) ;
#1726 = CARTESIAN_POINT ( 'NONE',  ( -14.99999999999999645, 6.000000000000000000, 43.00000000000000000 ) ) ;
#1727 = EDGE_LOOP ( 'NONE', ( #444, #331, #742, #1018 ) ) ;
#1728 = CARTESIAN_POINT ( 'NONE',  ( 0.000000000000000000, 7.100000000000000533, -38.00000000000000000 ) ) ;
#1729 = CIRCLE ( 'NONE', #443, 0.5000000000000000000 ) ;
#1730 = CARTESIAN_POINT ( 'NONE',  ( 9.500000000000001776, 8.000000000000000000, -15.48378142677764657 ) ) ;
#1731 = EDGE_CURVE ( 'NONE', #458, #523, #721, .T. ) ;
#1732 = CIRCLE ( 'NONE', #2898, 0.9000000000000024647 ) ;
#1733 = CARTESIAN_POINT ( 'NONE',  ( -9.146446609406718053, 8.000000000000000000, -17.14644660940671983 ) ) ;
#1734 = VECTOR ( 'NONE', #2675, 1000.000000000000000 ) ;
#1735 = AXIS2_PLACEMENT_3D ( 'NONE', #3125, #215, #2167 ) ;
#1736 = ORIENTED_EDGE ( 'NONE', *, *, #2735, .T. ) ;
#1737 = DIRECTION ( 'NONE',  ( 0.000000000000000000, -1.000000000000000000, 0.000000000000000000 ) ) ;
#1738 = AXIS2_PLACEMENT_3D ( 'NONE', #1786, #1080, #2021 ) ;
#1739 = CARTESIAN_POINT ( 'NONE',  ( -9.500000000000001776, 8.000000000000000000, 9.207106781186759292 ) ) ;
#1740 = DIRECTION ( 'NONE',  ( -0.3226739277881372492, 0.000000000000000000, 0.9465101881785404903 ) ) ;
#1741 = LINE ( 'NONE', #1723, #502 ) ;
#1742 =( GEOMETRIC_REPRESENTATION_CONTEXT ( 3 ) GLOBAL_UNCERTAINTY_ASSIGNED_CONTEXT ( ( #932 ) ) GLOBAL_UNIT_ASSIGNED_CONTEXT ( ( #1877, #2600, #2856 ) ) REPRESENTATION_CONTEXT ( 'NONE', 'WORKASPACE' ) );
#1743 = CARTESIAN_POINT ( 'NONE',  ( 10.00000000000000178, 0.000000000000000000, 1.999999999999749312 ) ) ;
#1744 = CARTESIAN_POINT ( 'NONE',  ( -15.00000000000000711, 8.000000000000000000, 0.000000000000000000 ) ) ;
#1745 = ORIENTED_EDGE ( 'NONE', *, *, #666, .T. ) ;
#1746 = EDGE_LOOP ( 'NONE', ( #2721, #34, #2108, #1824 ) ) ;
#1747 = LINE ( 'NONE', #724, #2072 ) ;
#1748 = SPHERICAL_SURFACE ( 'NONE', #3009, 5.315072906367327654 ) ;
#1749 = CARTESIAN_POINT ( 'NONE',  ( -0.7117601176754063674, 0.000000000000000000, -1.245503654818738370 ) ) ;
#1750 = EDGE_CURVE ( 'NONE', #1117, #2137, #3104, .T. ) ;
#1751 = CARTESIAN_POINT ( 'NONE',  ( 0.000000000000000000, 8.000000000000000000, 0.000000000000000000 ) ) ;
#1752 = ORIENTED_EDGE ( 'NONE', *, *, #585, .F. ) ;
#1753 = ADVANCED_FACE ( 'NONE', ( #1700 ), #2632, .T. ) ;
#1754 = ADVANCED_FACE ( 'NONE', ( #2177 ), #912, .F. ) ;
#1755 = CARTESIAN_POINT ( 'NONE',  ( 10.00000000000000178, 8.000000000000000000, 28.00000000000000000 ) ) ;
#1756 = CARTESIAN_POINT ( 'NONE',  ( 0.1028138504742131393, 0.000000000000000000, 11.03174603860888148 ) ) ;
#1757 = ORIENTED_EDGE ( 'NONE', *, *, #535, .F. ) ;
#1758 = EDGE_CURVE ( 'NONE', #2306, #1338, #1276, .T. ) ;
#1759 = CARTESIAN_POINT ( 'NONE',  ( 0.3681456177725901391, -0.6275503745477462036, -41.48514776897224010 ) ) ;
#1760 = CARTESIAN_POINT ( 'NONE',  ( -0.2663279082759890670, 8.713548503934156031, -41.44982110054801439 ) ) ;
#1761 = VERTEX_POINT ( 'NONE', #1687 ) ;
#1762 = VERTEX_POINT ( 'NONE', #3151 ) ;
#1763 = DIRECTION ( 'NONE',  ( -0.000000000000000000, 1.000000000000000000, -0.000000000000000000 ) ) ;
#1764 = CARTESIAN_POINT ( 'NONE',  ( 1.394555786818232335, 0.03699371809139771067, -43.41202370996965954 ) ) ;
#1765 = AXIS2_PLACEMENT_3D ( 'NONE', #629, #675, #1391 ) ;
#1766 = FACE_BOUND ( 'NONE', #570, .T. ) ;
#1767 = ORIENTED_EDGE ( 'NONE', *, *, #3155, .T. ) ;
#1768 = VECTOR ( 'NONE', #2225, 1000.000000000000000 ) ;
#1769 = DIRECTION ( 'NONE',  ( 0.000000000000000000, 0.000000000000000000, -1.000000000000000000 ) ) ;
#1770 = ORIENTED_EDGE ( 'NONE', *, *, #262, .F. ) ;
#1771 = SURFACE_SIDE_STYLE ('',( #2478 ) ) ;
#1772 = CARTESIAN_POINT ( 'NONE',  ( 4.999999999999993783, 8.000000000000000000, -18.00000000000000000 ) ) ;
#1773 = VECTOR ( 'NONE', #506, 1000.000000000000000 ) ;
#1774 = VERTEX_POINT ( 'NONE', #191 ) ;
#1775 = VERTEX_POINT ( 'NONE', #1923 ) ;
#1776 = EDGE_CURVE ( 'NONE', #1538, #953, #234, .T. ) ;
#1777 = CARTESIAN_POINT ( 'NONE',  ( -1.354394712036766979, 0.04182440775483446671, -43.41844232486693755 ) ) ;
#1778 = CARTESIAN_POINT ( 'NONE',  ( 0.7679820649409438982, 8.353840563535360531, -41.56058488565773956 ) ) ;
#1779 = EDGE_CURVE ( 'NONE', #1117, #803, #1177, .T. ) ;
#1780 = VERTEX_POINT ( 'NONE', #706 ) ;
#1781 = TOROIDAL_SURFACE ( 'NONE', #394, 5.386755167209774875, 0.9000000000000000222 ) ;
#1782 = ORIENTED_EDGE ( 'NONE', *, *, #323, .F. ) ;
#1783 = DIRECTION ( 'NONE',  ( 1.000000000000000000, -0.000000000000000000, -0.000000000000000000 ) ) ;
#1784 = CARTESIAN_POINT ( 'NONE',  ( -14.99999999999999645, 8.000000000000000000, 45.00000000000000000 ) ) ;
#1785 = EDGE_LOOP ( 'NONE', ( #1594, #255, #3138, #3019 ) ) ;
#1786 = CARTESIAN_POINT ( 'NONE',  ( 9.502308787085931741, 0.000000000000000000, 19.72413419403395451 ) ) ;
#1787 = ORIENTED_EDGE ( 'NONE', *, *, #2086, .T. ) ;
#1788 = ORIENTED_EDGE ( 'NONE', *, *, #180, .T. ) ;
#1789 = AXIS2_PLACEMENT_3D ( 'NONE', #1248, #229, #2864 ) ;
#1790 = CARTESIAN_POINT ( 'NONE',  ( -4.999999999999997335, 8.000000000000000000, 43.00000000000000000 ) ) ;
#1791 = DIRECTION ( 'NONE',  ( 0.000000000000000000, 0.000000000000000000, 1.000000000000000000 ) ) ;
#1792 = CIRCLE ( 'NONE', #1228, 5.386755167209773987 ) ;
#1793 = ORIENTED_EDGE ( 'NONE', *, *, #1468, .T. ) ;
#1794 = EDGE_CURVE ( 'NONE', #313, #1570, #3121, .T. ) ;
#1795 = CARTESIAN_POINT ( 'NONE',  ( -0.6891545354187305072, 0.1259308628646484407, -43.69968107648629996 ) ) ;
#1796 = EDGE_CURVE ( 'NONE', #1427, #1653, #2881, .T. ) ;
#1797 = CARTESIAN_POINT ( 'NONE',  ( 1.158011244870613687, 6.631403400934257952, -42.47284774318163159 ) ) ;
#1798 = B_SPLINE_CURVE_WITH_KNOTS ( 'NONE', 3,
 ( #2380, #1887, #2852, #630, #2097, #377 ),
 .UNSPECIFIED., .F., .F.,
 ( 4, 2, 4 ),
 ( 0.001756237353924444992, 0.002626093133415097029, 0.003495948912905748850 ),
 .UNSPECIFIED. ) ;
#1799 = ORIENTED_EDGE ( 'NONE', *, *, #580, .F. ) ;
#1800 = EDGE_LOOP ( 'NONE', ( #1031, #1350, #2243, #832 ) ) ;
#1801 = ADVANCED_FACE ( 'NONE', ( #669 ), #1465, .T. ) ;
#1802 = DIRECTION ( 'NONE',  ( 0.000000000000000000, -1.000000000000000000, -0.000000000000000000 ) ) ;
#1803 = ORIENTED_EDGE ( 'NONE', *, *, #580, .T. ) ;
#1804 = CARTESIAN_POINT ( 'NONE',  ( -5.681818181818182545, 8.000000000000000000, 28.00000000000000000 ) ) ;
#1805 = VERTEX_POINT ( 'NONE', #6 ) ;
#1806 = CARTESIAN_POINT ( 'NONE',  ( 0.3720181320426320104, 7.845204119296440126, -43.77281120972231321 ) ) ;
#1807 = ORIENTED_EDGE ( 'NONE', *, *, #2524, .T. ) ;
#1808 = DIRECTION ( 'NONE',  ( 0.000000000000000000, 0.000000000000000000, 1.000000000000000000 ) ) ;
#1809 = ORIENTED_EDGE ( 'NONE', *, *, #186, .T. ) ;
#1810 = CARTESIAN_POINT ( 'NONE',  ( -0.05312048153836988751, -0.8882073613582440741, -41.36972768798418798 ) ) ;
#1811 = CARTESIAN_POINT ( 'NONE',  ( -0.8571976700913578329, 7.894957292159486606, -43.64383561715732185 ) ) ;
#1812 = ORIENTED_EDGE ( 'NONE', *, *, #1833, .F. ) ;
#1813 = ORIENTED_EDGE ( 'NONE', *, *, #2546, .T. ) ;
#1814 = CARTESIAN_POINT ( 'NONE',  ( 0.000000000000000000, 4.000000000000000000, 0.000000000000000000 ) ) ;
#1815 = EDGE_CURVE ( 'NONE', #1229, #2045, #2253, .T. ) ;
#1816 = CYLINDRICAL_SURFACE ( 'NONE', #202, 0.5000000000000004441 ) ;
#1817 = EDGE_LOOP ( 'NONE', ( #1685, #1368, #2414, #23 ) ) ;
#1818 = CARTESIAN_POINT ( 'NONE',  ( -1.714040219394045383, 6.651091348077083687, -42.27595378722109842 ) ) ;
#1819 = VERTEX_POINT ( 'NONE', #610 ) ;
#1820 = EDGE_CURVE ( 'NONE', #1282, #840, #1037, .T. ) ;
#1821 = AXIS2_PLACEMENT_3D ( 'NONE', #2171, #2622, #1460 ) ;
#1822 = DIRECTION ( 'NONE',  ( -0.000000000000000000, 1.000000000000000000, -0.000000000000000000 ) ) ;
#1823 = ORIENTED_EDGE ( 'NONE', *, *, #1156, .F. ) ;
#1824 = ORIENTED_EDGE ( 'NONE', *, *, #1512, .F. ) ;
#1825 = CARTESIAN_POINT ( 'NONE',  ( -15.00000000000000711, 8.000000000000000000, -45.00000000000000000 ) ) ;
#1826 = CARTESIAN_POINT ( 'NONE',  ( -1.247788145263950543, 8.088968138110008255, -41.57136994953632581 ) ) ;
#1827 = CARTESIAN_POINT ( 'NONE',  ( 7.469448243528777454, 0.4086723761633918039, -44.21849977017647859 ) ) ;
#1828 = AXIS2_PLACEMENT_3D ( 'NONE', #1036, #596, #2986 ) ;
#1829 = VERTEX_POINT ( 'NONE', #1730 ) ;
#1830 = CARTESIAN_POINT ( 'NONE',  ( 7.473909481022253054, 7.946956351180176625, -43.52645019584148400 ) ) ;
#1831 =( LENGTH_UNIT ( ) NAMED_UNIT ( * ) SI_UNIT ( .MILLI., .METRE. ) );
#1832 = VERTEX_POINT ( 'NONE', #485 ) ;
#1833 = EDGE_CURVE ( 'NONE', #2616, #3149, #1471, .T. ) ;
#1834 = DIRECTION ( 'NONE',  ( -0.000000000000000000, 0.000000000000000000, -1.000000000000000000 ) ) ;
#1835 = VERTEX_POINT ( 'NONE', #2490 ) ;
#1836 = DIRECTION ( 'NONE',  ( 0.3226739277881373047, -0.000000000000000000, -0.9465101881785403792 ) ) ;
#1837 = DIRECTION ( 'NONE',  ( 0.3226739277881371937, 0.000000000000000000, -0.9465101881785403792 ) ) ;
#1838 = AXIS2_PLACEMENT_3D ( 'NONE', #725, #1425, #1163 ) ;
#1839 = ORIENTED_EDGE ( 'NONE', *, *, #2157, .T. ) ;
#1840 = ORIENTED_EDGE ( 'NONE', *, *, #1794, .T. ) ;
#1841 =( GEOMETRIC_REPRESENTATION_CONTEXT ( 3 ) GLOBAL_UNCERTAINTY_ASSIGNED_CONTEXT ( ( #1444 ) ) GLOBAL_UNIT_ASSIGNED_CONTEXT ( ( #1244, #530, #2261 ) ) REPRESENTATION_CONTEXT ( 'NONE', 'WORKASPACE' ) );
#1842 = DIRECTION ( 'NONE',  ( 0.3226739277881370827, -0.000000000000000000, -0.9465101881785403792 ) ) ;
#1843 = CARTESIAN_POINT ( 'NONE',  ( 3.200000000000000178, -4.000000000000000000, 3.918869757271530953E-16 ) ) ;
#1844 = VECTOR ( 'NONE', #487, 1000.000000000000000 ) ;
#1845 = ORIENTED_EDGE ( 'NONE', *, *, #984, .F. ) ;
#1846 = CARTESIAN_POINT ( 'NONE',  ( 9.500000000000001776, 0.000000000000000000, 0.7928932188132126191 ) ) ;
#1847 =( NAMED_UNIT ( * ) PLANE_ANGLE_UNIT ( ) SI_UNIT ( $, .RADIAN. ) );
#1848 = ORIENTED_EDGE ( 'NONE', *, *, #1943, .T. ) ;
#1849 = CARTESIAN_POINT ( 'NONE',  ( -0.7202290230067219801, 7.877425832056093036, -43.69084938836921594 ) ) ;
#1850 = CARTESIAN_POINT ( 'NONE',  ( -15.00000000000000711, 4.000000000000000000, 40.00000000000000000 ) ) ;
#1851 = EDGE_CURVE ( 'NONE', #1629, #636, #1438, .T. ) ;
#1852 = CARTESIAN_POINT ( 'NONE',  ( -0.6112884267454027354, 0.000000000000000000, -1.540220614880083660 ) ) ;
#1853 = VERTEX_POINT ( 'NONE', #1496 ) ;
#1854 = ADVANCED_FACE ( 'NONE', ( #20 ), #2724, .F. ) ;
#1855 = EDGE_CURVE ( 'NONE', #1526, #529, #99, .T. ) ;
#1856 = ADVANCED_FACE ( 'NONE', ( #2988 ), #800, .F. ) ;
#1857 = DIRECTION ( 'NONE',  ( -0.000000000000000000, -1.000000000000000000, 0.000000000000000000 ) ) ;
#1858 = CARTESIAN_POINT ( 'NONE',  ( 5.135427631714140517, 8.000000000000000000, -2.864572368286047777 ) ) ;
#1859 = CARTESIAN_POINT ( 'NONE',  ( -0.8314618211714049911, 8.000000000000000000, -1.760394009306083030 ) ) ;
#1860 = EDGE_LOOP ( 'NONE', ( #1521, #2754 ) ) ;
#1861 = DIRECTION ( 'NONE',  ( -1.000000000000000000, -0.000000000000000000, -0.000000000000000000 ) ) ;
#1862 = ORIENTED_EDGE ( 'NONE', *, *, #1383, .T. ) ;
#1863 = DIRECTION ( 'NONE',  ( -0.000000000000000000, -1.000000000000000000, -0.000000000000000000 ) ) ;
#1864 = AXIS2_PLACEMENT_3D ( 'NONE', #882, #2079, #187 ) ;
#1865 = LINE ( 'NONE', #2828, #2827 ) ;
#1866 = ORIENTED_EDGE ( 'NONE', *, *, #794, .T. ) ;
#1867 = ORIENTED_EDGE ( 'NONE', *, *, #285, .T. ) ;
#1868 = CIRCLE ( 'NONE', #2663, 0.9000000000000017986 ) ;
#1869 = LINE ( 'NONE', #2333, #709 ) ;
#1870 = CARTESIAN_POINT ( 'NONE',  ( -1.158265839623852989, 6.631419034907954924, -42.47277019233825257 ) ) ;
#1871 = AXIS2_PLACEMENT_3D ( 'NONE', #1134, #2557, #2089 ) ;
#1872 = ADVANCED_FACE ( 'NONE', ( #365 ), #1716, .F. ) ;
#1873 = CARTESIAN_POINT ( 'NONE',  ( 3.685259487246828503, 8.000000000000000000, 2.756327299112089513 ) ) ;
#1874 = ORIENTED_EDGE ( 'NONE', *, *, #578, .F. ) ;
#1875 = FACE_OUTER_BOUND ( 'NONE', #2469, .T. ) ;
#1876 = AXIS2_PLACEMENT_3D ( 'NONE', #1334, #97, #834 ) ;
#1877 =( LENGTH_UNIT ( ) NAMED_UNIT ( * ) SI_UNIT ( .MILLI., .METRE. ) );
#1878 = ORIENTED_EDGE ( 'NONE', *, *, #2483, .T. ) ;
#1879 = CARTESIAN_POINT ( 'NONE',  ( -8.305779388698914190, 8.000011999999999901, -34.86734663402792478 ) ) ;
#1880 = DIRECTION ( 'NONE',  ( 0.000000000000000000, 1.000000000000000000, 0.000000000000000000 ) ) ;
#1881 = ORIENTED_EDGE ( 'NONE', *, *, #2381, .T. ) ;
#1882 = VERTEX_POINT ( 'NONE', #2671 ) ;
#1883 = CARTESIAN_POINT ( 'NONE',  ( 7.599494477748727661, 8.000012000000001677, -38.92518686302552311 ) ) ;
#1884 = CARTESIAN_POINT ( 'NONE',  ( -1.425206581700354525, 8.000000000000055067, -41.55541101757142997 ) ) ;
#1885 = AXIS2_PLACEMENT_3D ( 'NONE', #245, #1232, #980 ) ;
#1886 = AXIS2_PLACEMENT_3D ( 'NONE', #3041, #1834, #618 ) ;
#1887 = CARTESIAN_POINT ( 'NONE',  ( 0.2970148952119799901, 1.426743375230600908, -42.65062902660279320 ) ) ;
#1888 = VECTOR ( 'NONE', #1842, 1000.000000000000227 ) ;
#1889 = AXIS2_PLACEMENT_3D ( 'NONE', #3081, #1170, #1634 ) ;
#1890 = DIRECTION ( 'NONE',  ( 0.000000000000000000, -1.000000000000000000, 0.000000000000000000 ) ) ;
#1891 = FACE_OUTER_BOUND ( 'NONE', #541, .T. ) ;
#1892 =( NAMED_UNIT ( * ) PLANE_ANGLE_UNIT ( ) SI_UNIT ( $, .RADIAN. ) );
#1893 = ADVANCED_FACE ( 'NONE', ( #2456 ), #1748, .F. ) ;
#1894 = EDGE_CURVE ( 'NONE', #48, #2477, #1003, .T. ) ;
#1895 = EDGE_LOOP ( 'NONE', ( #2324, #312, #2174, #2769 ) ) ;
#1896 = CARTESIAN_POINT ( 'NONE',  ( 0.000000000000000000, 4.000000000000000000, 0.000000000000000000 ) ) ;
#1897 = CARTESIAN_POINT ( 'NONE',  ( -9.853553390593274841, 8.000000000000000000, 1.075378797541505449 ) ) ;
#1898 = ORIENTED_EDGE ( 'NONE', *, *, #1319, .T. ) ;
#1899 = CARTESIAN_POINT ( 'NONE',  ( 15.00000000000000711, 0.000000000000000000, -20.08081825816746147 ) ) ;
#1900 = DIRECTION ( 'NONE',  ( -0.000000000000000000, 1.000000000000000000, 0.000000000000000000 ) ) ;
#1901 = CARTESIAN_POINT ( 'NONE',  ( -14.99999999999999645, 2.000000000000000000, 45.00000000000000000 ) ) ;
#1902 = DIRECTION ( 'NONE',  ( 0.000000000000000000, 0.000000000000000000, 1.000000000000000000 ) ) ;
#1903 = DIRECTION ( 'NONE',  ( 0.000000000000000000, 0.000000000000000000, -1.000000000000000000 ) ) ;
#1904 = EDGE_LOOP ( 'NONE', ( #1624, #67, #2804, #2693 ) ) ;
#1905 = DIRECTION ( 'NONE',  ( 1.000000000000000000, 0.000000000000000000, 0.000000000000000000 ) ) ;
#1906 = ADVANCED_FACE ( 'NONE', ( #2112 ), #3097, .F. ) ;
#1907 = LINE ( 'NONE', #442, #247 ) ;
#1908 = EDGE_CURVE ( 'NONE', #1774, #2984, #170, .T. ) ;
#1909 = ORIENTED_EDGE ( 'NONE', *, *, #1468, .F. ) ;
#1910 = CARTESIAN_POINT ( 'NONE',  ( -10.00000000000000178, 0.000000000000000000, 0.9289321881347789578 ) ) ;
#1912 = PLANE ( 'NONE',  #176 ) ;
#1911 = APPLICATION_CONTEXT ( 'automotive_design' ) ;
#1913 = SPHERICAL_SURFACE ( 'NONE', #2537, 5.315072906367327654 ) ;
#1914 = CARTESIAN_POINT ( 'NONE',  ( -5.641584367216253892E-16, 6.651091348077083687, -33.39329676838730165 ) ) ;
#1915 = CIRCLE ( 'NONE', #3036, 0.9000000000000016875 ) ;
#1916 = CARTESIAN_POINT ( 'NONE',  ( 15.00000000000000355, 4.000000000000000000, 37.75000000000000000 ) ) ;
#1917 = DIRECTION ( 'NONE',  ( 0.000000000000000000, 0.000000000000000000, 1.000000000000000000 ) ) ;
#1918 = CIRCLE ( 'NONE', #1209, 4.486755167209775408 ) ;
#1919 = ORIENTED_EDGE ( 'NONE', *, *, #1717, .T. ) ;
#1920 = ORIENTED_EDGE ( 'NONE', *, *, #345, .T. ) ;
#1921 = VECTOR ( 'NONE', #2705, 1000.000000000000000 ) ;
#1922 = DIRECTION ( 'NONE',  ( 0.000000000000000000, 0.000000000000000000, 1.000000000000000000 ) ) ;
#1923 = CARTESIAN_POINT ( 'NONE',  ( -10.00000000000000178, 0.000000000000000000, 9.207106781186759292 ) ) ;
#1924 = LINE ( 'NONE', #1718, #1330 ) ;
#1925 = ADVANCED_FACE ( 'NONE', ( #687 ), #2899, .T. ) ;
#1926 = ORIENTED_EDGE ( 'NONE', *, *, #1421, .F. ) ;
#1927 = LINE ( 'NONE', #685, #2041 ) ;
#1928 = FACE_OUTER_BOUND ( 'NONE', #818, .T. ) ;
#1929 = CARTESIAN_POINT ( 'NONE',  ( 7.477541933972235988, 1.735878109199542330, -45.00000000000000000 ) ) ;
#1930 = DIRECTION ( 'NONE',  ( 0.000000000000000000, 0.000000000000000000, 1.000000000000000000 ) ) ;
#1931 = DIRECTION ( 'NONE',  ( 0.000000000000000000, 0.000000000000000000, 1.000000000000000000 ) ) ;
#1932 = AXIS2_PLACEMENT_3D ( 'NONE', #2744, #2476, #1769 ) ;
#1933 = CARTESIAN_POINT ( 'NONE',  ( -10.00000000000000178, 8.000000000000000000, 8.000000000000218492 ) ) ;
#1934 = CARTESIAN_POINT ( 'NONE',  ( -0.7117601176754063674, 8.000000000000000000, -1.245503654818738370 ) ) ;
#1935 = AXIS2_PLACEMENT_3D ( 'NONE', #310, #70, #276 ) ;
#1936 = VECTOR ( 'NONE', #926, 1000.000000000000000 ) ;
#1937 = VECTOR ( 'NONE', #2701, 1000.000000000000000 ) ;
#1938 = ORIENTED_EDGE ( 'NONE', *, *, #1156, .T. ) ;
#1939 = VECTOR ( 'NONE', #2416, 1000.000000000000000 ) ;
#1940 = LINE ( 'NONE', #1205, #1360 ) ;
#1941 = CARTESIAN_POINT ( 'NONE',  ( 9.855862177679203029, 0.000000000000000000, 8.926929989544381883 ) ) ;
#1942 = VECTOR ( 'NONE', #1836, 1000.000000000000000 ) ;
#1943 = EDGE_CURVE ( 'NONE', #64, #3002, #1581, .T. ) ;
#1944 = ORIENTED_EDGE ( 'NONE', *, *, #340, .F. ) ;
#1945 = PRODUCT_DEFINITION ( 'UNKNOWN', '', #1335, #1649 ) ;
#1946 = CARTESIAN_POINT ( 'NONE',  ( 4.774544216854288869, 0.000000000000000000, -17.33866303610592752 ) ) ;
#1947 = DIRECTION ( 'NONE',  ( -0.7071067811865521247, 0.000000000000000000, -0.7071067811865430208 ) ) ;
#1948 = EDGE_CURVE ( 'NONE', #1135, #511, #646, .T. ) ;
#1949 = CARTESIAN_POINT ( 'NONE',  ( -7.477541933972236876, 0.000000000000000000, -45.00000000000000000 ) ) ;
#1950 = DIRECTION ( 'NONE',  ( -1.000000000000000000, 0.000000000000000000, 0.000000000000000000 ) ) ;
#1951 = LINE ( 'NONE', #748, #1711 ) ;
#1952 = FACE_BOUND ( 'NONE', #1062, .T. ) ;
#1953 = ORIENTED_EDGE ( 'NONE', *, *, #831, .F. ) ;
#1954 = EDGE_LOOP ( 'NONE', ( #126, #102, #47, #2779 ) ) ;
#1955 = CARTESIAN_POINT ( 'NONE',  ( 0.9722597138891808655, 0.000000000000000000, -7.734847067297494938 ) ) ;
#1956 = CARTESIAN_POINT ( 'NONE',  ( -0.8998180585427570932, 0.09966061409687497485, -43.62807524858084918 ) ) ;
#1957 = FACE_OUTER_BOUND ( 'NONE', #1727, .T. ) ;
#1958 = ORIENTED_EDGE ( 'NONE', *, *, #2971, .F. ) ;
#1959 = CYLINDRICAL_SURFACE ( 'NONE', #1221, 0.5000000000000004441 ) ;
#1960 = CARTESIAN_POINT ( 'NONE',  ( 0.000000000000000000, 0.000000000000000000, 43.00000000000000000 ) ) ;
#1961 = FACE_OUTER_BOUND ( 'NONE', #1904, .T. ) ;
#1962 = ADVANCED_FACE ( 'NONE', ( #1599, #120 ), #159, .T. ) ;
#1963 = DIRECTION ( 'NONE',  ( 0.000000000000000000, 0.000000000000000000, 1.000000000000000000 ) ) ;
#1964 = CARTESIAN_POINT ( 'NONE',  ( -4.999999999999997335, 3.000000000000000000, 30.00000000000000355 ) ) ;
#1965 = ORIENTED_EDGE ( 'NONE', *, *, #578, .T. ) ;
#1966 = DIRECTION ( 'NONE',  ( 0.000000000000000000, 0.000000000000000000, 1.000000000000000000 ) ) ;
#1967 = CIRCLE ( 'NONE', #2723, 0.5000000000000004441 ) ;
#1968 = CARTESIAN_POINT ( 'NONE',  ( -15.00000000000000711, 4.000000000000000000, 40.00000000000000000 ) ) ;
#1969 = CARTESIAN_POINT ( 'NONE',  ( -7.477541933972236876, 2.000000000000000000, -45.00000000000000000 ) ) ;
#1970 = AXIS2_PLACEMENT_3D ( 'NONE', #1955, #1451, #1686 ) ;
#1971 = CARTESIAN_POINT ( 'NONE',  ( 5.488981022307412694, 8.000000000000000000, -3.218125758879323950 ) ) ;
#1972 = ORIENTED_EDGE ( 'NONE', *, *, #2254, .T. ) ;
#1973 = DIRECTION ( 'NONE',  ( 0.7071067811865436870, 0.000000000000000000, -0.7071067811865514585 ) ) ;
#1974 = LINE ( 'NONE', #2944, #939 ) ;
#1975 = DIRECTION ( 'NONE',  ( 0.000000000000000000, 0.000000000000000000, -1.000000000000000000 ) ) ;
#1976 = VECTOR ( 'NONE', #189, 1000.000000000000114 ) ;
#1977 = CARTESIAN_POINT ( 'NONE',  ( -1.425206581700354302, -5.551115123125782702E-14, -41.55541101757141575 ) ) ;
#1978 = CARTESIAN_POINT ( 'NONE',  ( 7.485566705552514577, 8.000000000000000000, -43.00000000000000000 ) ) ;
#1979 =( GEOMETRIC_REPRESENTATION_CONTEXT ( 3 ) GLOBAL_UNCERTAINTY_ASSIGNED_CONTEXT ( ( #3146 ) ) GLOBAL_UNIT_ASSIGNED_CONTEXT ( ( #218, #2399, #438 ) ) REPRESENTATION_CONTEXT ( 'NONE', 'WORKASPACE' ) );
#1980 = CARTESIAN_POINT ( 'NONE',  ( -1.669410514312501093, 0.8999999999999996891, -42.16461768535678090 ) ) ;
#1981 = VERTEX_POINT ( 'NONE', #1105 ) ;
#1982 = CARTESIAN_POINT ( 'NONE',  ( 0.000000000000000000, 0.8999999999999996891, -38.00000000000000000 ) ) ;
#1983 = DIRECTION ( 'NONE',  ( 0.000000000000000000, 0.000000000000000000, 1.000000000000000000 ) ) ;
#1984 = EDGE_CURVE ( 'NONE', #261, #95, #1402, .T. ) ;
#1985 = CYLINDRICAL_SURFACE ( 'NONE', #1994, 0.5000000000000000000 ) ;
#1986 = EDGE_CURVE ( 'NONE', #60, #826, #2076, .T. ) ;
#1987 = VECTOR ( 'NONE', #1145, 1000.000000000000000 ) ;
#1988 = AXIS2_PLACEMENT_3D ( 'NONE', #1345, #2706, #738 ) ;
#1989 = FACE_BOUND ( 'NONE', #139, .T. ) ;
#1990 = AXIS2_PLACEMENT_3D ( 'NONE', #1592, #2135, #2792 ) ;
#1991 = ORIENTED_EDGE ( 'NONE', *, *, #2483, .F. ) ;
#1992 = EDGE_CURVE ( 'NONE', #2938, #1075, #2579, .T. ) ;
#1993 = SURFACE_STYLE_USAGE ( .BOTH. , #1771 ) ;
#1994 = AXIS2_PLACEMENT_3D ( 'NONE', #579, #306, #2457 ) ;
#1995 = DIRECTION ( 'NONE',  ( -0.000000000000000000, -1.000000000000000000, -0.000000000000000000 ) ) ;
#1996 = ORIENTED_EDGE ( 'NONE', *, *, #983, .T. ) ;
#1997 = CARTESIAN_POINT ( 'NONE',  ( -2.004278232047945529, -3.328500669530498612E-14, -43.00000000000002132 ) ) ;
#1998 = CARTESIAN_POINT ( 'NONE',  ( 0.6232514123659186334, 8.445893565052363883, -41.54041315994483341 ) ) ;
#1999 = CARTESIAN_POINT ( 'NONE',  ( 10.00000000000000178, 8.000000000000000000, 1.999999999999749312 ) ) ;
#2000 = ORIENTED_EDGE ( 'NONE', *, *, #3137, .F. ) ;
#2001 = ORIENTED_EDGE ( 'NONE', *, *, #514, .F. ) ;
#2002 = LINE ( 'NONE', #1314, #2778 ) ;
#2003 = CARTESIAN_POINT ( 'NONE',  ( -0.7255391706022386034, 0.1219372164179311074, -43.68913035555188884 ) ) ;
#2004 = DIRECTION ( 'NONE',  ( -0.000000000000000000, -0.000000000000000000, -1.000000000000000000 ) ) ;
#2005 = VERTEX_POINT ( 'NONE', #395 ) ;
#2006 = EDGE_CURVE ( 'NONE', #1805, #2713, #1798, .T. ) ;
#2007 = CARTESIAN_POINT ( 'NONE',  ( 0.000000000000000000, 4.000000000000000000, -38.00000000000000000 ) ) ;
#2008 = ORIENTED_EDGE ( 'NONE', *, *, #3115, .T. ) ;
#2009 = DIRECTION ( 'NONE',  ( -0.7071067811865513475, 0.000000000000000000, -0.7071067811865435759 ) ) ;
#2010 = EDGE_CURVE ( 'NONE', #1629, #1043, #868, .T. ) ;
#2011 = LINE ( 'NONE', #531, #1358 ) ;
#2012 = ORIENTED_EDGE ( 'NONE', *, *, #3078, .T. ) ;
#2013 = ORIENTED_EDGE ( 'NONE', *, *, #814, .T. ) ;
#2014 = FACE_OUTER_BOUND ( 'NONE', #269, .T. ) ;
#2015 = CARTESIAN_POINT ( 'NONE',  ( 1.714040219394044495, 6.651091348077083687, -42.27595378722109842 ) ) ;
#2016 = ORIENTED_EDGE ( 'NONE', *, *, #1111, .F. ) ;
#2017 = ORIENTED_EDGE ( 'NONE', *, *, #238, .F. ) ;
#2018 = CARTESIAN_POINT ( 'NONE',  ( 7.477541933972236876, 6.000000000000000000, -45.00000000000000000 ) ) ;
#2019 = CARTESIAN_POINT ( 'NONE',  ( -2.004278232047944197, 0.000000000000000000, -43.00000000000000000 ) ) ;
#2020 = AXIS2_PLACEMENT_3D ( 'NONE', #347, #644, #2303 ) ;
#2021 = DIRECTION ( 'NONE',  ( 0.000000000000000000, 0.000000000000000000, 1.000000000000000000 ) ) ;
#2022 = ORIENTED_EDGE ( 'NONE', *, *, #942, .T. ) ;
#2023 = AXIS2_PLACEMENT_3D ( 'NONE', #360, #1146, #1808 ) ;
#2024 = PLANE ( 'NONE',  #94 ) ;
#2025 = ORIENTED_EDGE ( 'NONE', *, *, #2635, .T. ) ;
#2026 = EDGE_CURVE ( 'NONE', #2267, #2218, #248, .T. ) ;
#2027 = CARTESIAN_POINT ( 'NONE',  ( -4.999999999999997335, 4.000000000000000000, 42.25000000000000000 ) ) ;
#2028 = CARTESIAN_POINT ( 'NONE',  ( 5.000000000000002665, 8.000000000000000000, 33.00000000000000000 ) ) ;
#2029 = ADVANCED_FACE ( 'NONE', ( #1121 ), #1648, .F. ) ;
#2030 = CARTESIAN_POINT ( 'NONE',  ( 0.2658744786438244634, -0.7139365366726013740, -41.44966006344900933 ) ) ;
#2031 = CARTESIAN_POINT ( 'NONE',  ( 0.000000000000000000, 0.000000000000000000, -43.00000000000000000 ) ) ;
#2032 = CARTESIAN_POINT ( 'NONE',  ( 0.000000000000000000, 6.000000000000000000, -43.00000000000000000 ) ) ;
#2033 = EDGE_LOOP ( 'NONE', ( #69, #2624, #1332, #1564 ) ) ;
#2034 = ORIENTED_EDGE ( 'NONE', *, *, #1252, .T. ) ;
#2035 = CARTESIAN_POINT ( 'NONE',  ( 5.000000000000000888, 0.000000000000000000, 45.00000000000000000 ) ) ;
#2036 = VERTEX_POINT ( 'NONE', #2365 ) ;
#2037 = CARTESIAN_POINT ( 'NONE',  ( -15.00000000000000711, 8.000000000000000000, -45.00000000000000000 ) ) ;
#2038 = VERTEX_POINT ( 'NONE', #1873 ) ;
#2039 = AXIS2_PLACEMENT_3D ( 'NONE', #2007, #1042, #2958 ) ;
#2040 = ORIENTED_EDGE ( 'NONE', *, *, #1193, .F. ) ;
#2041 = VECTOR ( 'NONE', #2861, 1000.000000000000000 ) ;
#2042 = CARTESIAN_POINT ( 'NONE',  ( -0.6112884267454027354, 0.000000000000000000, -1.540220614880083660 ) ) ;
#2043 = AXIS2_PLACEMENT_3D ( 'NONE', #211, #2691, #2430 ) ;
#2044 = EDGE_LOOP ( 'NONE', ( #2158, #838, #2321, #270 ) ) ;
#2045 = VERTEX_POINT ( 'NONE', #410 ) ;
#2046 = VECTOR ( 'NONE', #1588, 1000.000000000000000 ) ;
#2047 = CARTESIAN_POINT ( 'NONE',  ( 4.915254237288138484, 0.000000000000000000, -3.084745762712047146 ) ) ;
#2048 = CARTESIAN_POINT ( 'NONE',  ( 0.3681456177727218115, 8.627550374547466205, -41.48514776897225431 ) ) ;
#2049 = EDGE_CURVE ( 'NONE', #2750, #1268, #496, .T. ) ;
#2050 = ORIENTED_EDGE ( 'NONE', *, *, #1908, .F. ) ;
#2051 = ORIENTED_EDGE ( 'NONE', *, *, #2867, .T. ) ;
#2052 = FACE_OUTER_BOUND ( 'NONE', #2083, .T. ) ;
#2053 = DIRECTION ( 'NONE',  ( 1.000000000000000000, 0.000000000000000000, 0.000000000000000000 ) ) ;
#2054 = EDGE_LOOP ( 'NONE', ( #2585, #2034 ) ) ;
#2055 = CARTESIAN_POINT ( 'NONE',  ( 10.00230878708593174, 8.000000000000000000, 20.93124097522048999 ) ) ;
#2056 = ORIENTED_EDGE ( 'NONE', *, *, #1387, .F. ) ;
#2057 = CARTESIAN_POINT ( 'NONE',  ( -5.997455598578603109, 0.000000000000000000, 12.70965118260811799 ) ) ;
#2058 = ORIENTED_EDGE ( 'NONE', *, *, #1694, .F. ) ;
#2059 = PLANE ( 'NONE',  #3005 ) ;
#2060 = CARTESIAN_POINT ( 'NONE',  ( 9.146446609406716277, 0.000000000000000000, 27.14644660940672338 ) ) ;
#2061 = EDGE_CURVE ( 'NONE', #414, #2704, #760, .T. ) ;
#2062 = ORIENTED_EDGE ( 'NONE', *, *, #90, .T. ) ;
#2063 = PLANE ( 'NONE',  #1201 ) ;
#2064 = CARTESIAN_POINT ( 'NONE',  ( -15.00000000000000711, 2.000000000000000000, -45.00000000000000000 ) ) ;
#2065 = ORIENTED_EDGE ( 'NONE', *, *, #2179, .F. ) ;
#2066 = DIRECTION ( 'NONE',  ( 0.000000000000000000, 1.000000000000000000, 0.000000000000000000 ) ) ;
#2067 = VERTEX_POINT ( 'NONE', #2634 ) ;
#2068 = FACE_OUTER_BOUND ( 'NONE', #2312, .T. ) ;
#2069 = VECTOR ( 'NONE', #930, 1000.000000000000000 ) ;
#2070 = CARTESIAN_POINT ( 'NONE',  ( 3.331706096653556326, 0.000000000000000000, 2.609880689705364798 ) ) ;
#2071 = ORIENTED_EDGE ( 'NONE', *, *, #1948, .F. ) ;
#2072 = VECTOR ( 'NONE', #1255, 999.9999999999998863 ) ;
#2073 = VERTEX_POINT ( 'NONE', #2153 ) ;
#2074 = DIRECTION ( 'NONE',  ( 0.000000000000000000, 1.000000000000000000, -0.000000000000000000 ) ) ;
#2075 = DIRECTION ( 'NONE',  ( -0.000000000000000000, 1.000000000000000000, -0.000000000000000000 ) ) ;
#2076 = LINE ( 'NONE', #2563, #2396 ) ;
#2077 =( REPRESENTATION_RELATIONSHIP ('NONE','NONE', #1416, #2402 ) REPRESENTATION_RELATIONSHIP_WITH_TRANSFORMATION ( #1218 )SHAPE_REPRESENTATION_RELATIONSHIP( ) );
#2078 = ORIENTED_EDGE ( 'NONE', *, *, #2506, .T. ) ;
#2079 = DIRECTION ( 'NONE',  ( 1.000000000000000000, -0.000000000000000000, 0.000000000000000000 ) ) ;
#2080 = CARTESIAN_POINT ( 'NONE',  ( -10.00000000000000355, 0.000000000000000000, -9.721825406948024551 ) ) ;
#2081 = EDGE_CURVE ( 'NONE', #833, #2868, #2297, .T. ) ;
#2082 = ORIENTED_EDGE ( 'NONE', *, *, #1385, .T. ) ;
#2083 = EDGE_LOOP ( 'NONE', ( #39, #1585, #1577, #1283 ) ) ;
#2084 = EDGE_CURVE ( 'NONE', #1637, #454, #1246, .T. ) ;
#2085 = CARTESIAN_POINT ( 'NONE',  ( -1.706052058761989398, 7.999999999999998224, -43.21735571903418105 ) ) ;
#2086 = EDGE_CURVE ( 'NONE', #2218, #2267, #198, .T. ) ;
#2087 = ORIENTED_EDGE ( 'NONE', *, *, #1225, .F. ) ;
#2088 = CARTESIAN_POINT ( 'NONE',  ( 0.000000000000000000, -4.000000000000000000, 1.750000000000000000 ) ) ;
#2089 = DIRECTION ( 'NONE',  ( 0.000000000000000000, 0.000000000000000000, -1.000000000000000000 ) ) ;
#2090 = AXIS2_PLACEMENT_3D ( 'NONE', #1896, #2428, #1191 ) ;
#2091 = EDGE_LOOP ( 'NONE', ( #2967, #1486, #772, #2511 ) ) ;
#2092 = ORIENTED_EDGE ( 'NONE', *, *, #398, .F. ) ;
#2093 = VECTOR ( 'NONE', #1441, 1000.000000000000000 ) ;
#2094 = FACE_OUTER_BOUND ( 'NONE', #338, .T. ) ;
#2095 = AXIS2_PLACEMENT_3D ( 'NONE', #1968, #751, #304 ) ;
#2096 = DIRECTION ( 'NONE',  ( 0.7071067811865522357, 0.000000000000000000, 0.7071067811865429098 ) ) ;
#2097 = CARTESIAN_POINT ( 'NONE',  ( 1.439469498128890246, 1.348908651922916535, -42.38601701117897846 ) ) ;
#2098 = AXIS2_PLACEMENT_3D ( 'NONE', #547, #66, #81 ) ;
#2099 = PRODUCT_DEFINITION_CONTEXT ( 'detailed design', #1705, 'design' ) ;
#2100 = DIRECTION ( 'NONE',  ( 1.734723475976807094E-15, 0.000000000000000000, 1.000000000000000000 ) ) ;
#2101 = DIRECTION ( 'NONE',  ( -0.000000000000000000, 1.000000000000000000, 0.000000000000000000 ) ) ;
#2102 = ORIENTED_EDGE ( 'NONE', *, *, #2317, .T. ) ;
#2103 = CARTESIAN_POINT ( 'NONE',  ( -5.643902207985330932, 0.000000000000000000, 12.35609779201484315 ) ) ;
#2104 = CARTESIAN_POINT ( 'NONE',  ( -5.681818181818182545, 0.000000000000000000, 28.00000000000000000 ) ) ;
#2105 = EDGE_CURVE ( 'NONE', #1340, #636, #2392, .T. ) ;
#2106 = CARTESIAN_POINT ( 'NONE',  ( -1.162441787066591514, 1.348908651922916757, -42.49706513337024205 ) ) ;
#2107 = ORIENTED_EDGE ( 'NONE', *, *, #13, .T. ) ;
#2108 = ORIENTED_EDGE ( 'NONE', *, *, #2381, .F. ) ;
#2109 = ADVANCED_FACE ( 'NONE', ( #746 ), #1913, .F. ) ;
#2110 = LINE ( 'NONE', #420, #1888 ) ;
#2111 = DIRECTION ( 'NONE',  ( 1.000000000000000000, 0.000000000000000000, 0.000000000000000000 ) ) ;
#2112 = FACE_OUTER_BOUND ( 'NONE', #2916, .T. ) ;
#2113 = ORIENTED_EDGE ( 'NONE', *, *, #719, .F. ) ;
#2114 = CARTESIAN_POINT ( 'NONE',  ( 0.000000000000000000, 7.100000000000000533, -38.00000000000000000 ) ) ;
#2115 = CARTESIAN_POINT ( 'NONE',  ( 673.4220170842589823, 860.6884243558451999, 1312.639579184401327 ) ) ;
#2116 = ORIENTED_EDGE ( 'NONE', *, *, #2128, .F. ) ;
#2117 = FACE_OUTER_BOUND ( 'NONE', #977, .T. ) ;
#2118 = DIRECTION ( 'NONE',  ( 1.000000000000000000, -0.000000000000000000, -1.156482317317871478E-16 ) ) ;
#2119 = VECTOR ( 'NONE', #1586, 1000.000000000000000 ) ;
#2120 = DIRECTION ( 'NONE',  ( 0.000000000000000000, 0.000000000000000000, 1.000000000000000000 ) ) ;
#2121 = EDGE_CURVE ( 'NONE', #2704, #902, #2187, .T. ) ;
#2122 = VERTEX_POINT ( 'NONE', #2924 ) ;
#2123 = ORIENTED_EDGE ( 'NONE', *, *, #262, .T. ) ;
#2124 = AXIS2_PLACEMENT_3D ( 'NONE', #107, #3095, #2595 ) ;
#2125 = DIRECTION ( 'NONE',  ( -1.734723475976805517E-15, 0.000000000000000000, 1.000000000000000000 ) ) ;
#2126 = CARTESIAN_POINT ( 'NONE',  ( -9.853553390593274841, 0.000000000000000000, 1.075378797541505449 ) ) ;
#2127 = EDGE_CURVE ( 'NONE', #1229, #2305, #1741, .T. ) ;
#2128 = EDGE_CURVE ( 'NONE', #1636, #2360, #967, .T. ) ;
#2129 = CARTESIAN_POINT ( 'NONE',  ( -7.485981258542745209, 0.000000000000000000, -43.00000000000000000 ) ) ;
#2130 = CARTESIAN_POINT ( 'NONE',  ( 0.000000000000000000, 7.100000000000000533, -32.61324483279022246 ) ) ;
#2131 = AXIS2_PLACEMENT_3D ( 'NONE', #303, #2252, #65 ) ;
#2132 = DIRECTION ( 'NONE',  ( 0.000000000000000000, 0.000000000000000000, 1.000000000000000000 ) ) ;
#2133 = ORIENTED_EDGE ( 'NONE', *, *, #1047, .F. ) ;
#2134 = CARTESIAN_POINT ( 'NONE',  ( 1.706805955984492140, 8.000000000000000000, -43.21680625729153036 ) ) ;
#2135 = DIRECTION ( 'NONE',  ( 0.000000000000000000, 1.000000000000000000, 0.000000000000000000 ) ) ;
#2136 = AXIS2_PLACEMENT_3D ( 'NONE', #950, #3128, #2438 ) ;
#2137 = VERTEX_POINT ( 'NONE', #2662 ) ;
#2138 = VECTOR ( 'NONE', #1089, 1000.000000000000000 ) ;
#2139 = CARTESIAN_POINT ( 'NONE',  ( -7.469709559914840646, 7.506939156578508410, -44.32141582908855071 ) ) ;
#2140 = DIRECTION ( 'NONE',  ( 0.7071067811865430208, 0.000000000000000000, -0.7071067811865521247 ) ) ;
#2141 = AXIS2_PLACEMENT_3D ( 'NONE', #2606, #3029, #1631 ) ;
#2142 = AXIS2_PLACEMENT_3D ( 'NONE', #2443, #1583, #767 ) ;
#2143 = DIRECTION ( 'NONE',  ( -0.3720752419282694068, 0.000000000000000000, -0.9282025718257947977 ) ) ;
#2144 = CYLINDRICAL_SURFACE ( 'NONE', #2387, 2.250000000000001776 ) ;
#2145 = TOROIDAL_SURFACE ( 'NONE', #1990, 5.386755167209774875, 0.9000000000000000222 ) ;
#2146 = ADVANCED_FACE ( 'NONE', ( #2877 ), #2912, .F. ) ;
#2147 = ORIENTED_EDGE ( 'NONE', *, *, #237, .T. ) ;
#2148 = CARTESIAN_POINT ( 'NONE',  ( 10.00230878708593174, 0.000000000000000000, 20.93124097522048999 ) ) ;
#2149 = CARTESIAN_POINT ( 'NONE',  ( 0.000000000000000000, 0.8999999999999998002, -32.61324483279022246 ) ) ;
#2150 = ORIENTED_EDGE ( 'NONE', *, *, #344, .T. ) ;
#2151 = FACE_OUTER_BOUND ( 'NONE', #2658, .T. ) ;
#2152 = DIRECTION ( 'NONE',  ( -1.000000000000000000, 0.000000000000000000, -0.000000000000000000 ) ) ;
#2153 = CARTESIAN_POINT ( 'NONE',  ( 7.485981258542745209, 0.000000000000000000, -43.00000000000000000 ) ) ;
#2154 = CARTESIAN_POINT ( 'NONE',  ( 2.004278232047945529, 7.100000000000000533, -43.00000000000000000 ) ) ;
#2155 = CARTESIAN_POINT ( 'NONE',  ( 9.502308787085931741, 8.000000000000000000, 9.280483380137658500 ) ) ;
#2156 = CARTESIAN_POINT ( 'NONE',  ( -1.439438191021404467, 6.651091348077083687, -42.38602956080980988 ) ) ;
#2157 = EDGE_CURVE ( 'NONE', #225, #1775, #1575, .T. ) ;
#2158 = ORIENTED_EDGE ( 'NONE', *, *, #941, .F. ) ;
#2159 = ORIENTED_EDGE ( 'NONE', *, *, #462, .T. ) ;
#2160 = DIRECTION ( 'NONE',  ( -0.000000000000000000, -1.000000000000000000, -0.000000000000000000 ) ) ;
#2161 = CARTESIAN_POINT ( 'NONE',  ( -9.500000000000003553, 0.000000000000000000, -9.721825406948024551 ) ) ;
#2162 = ORIENTED_EDGE ( 'NONE', *, *, #1210, .F. ) ;
#2163 = AXIS2_PLACEMENT_3D ( 'NONE', #1378, #1159, #2100 ) ;
#2164 = LINE ( 'NONE', #183, #2395 ) ;
#2165 = CYLINDRICAL_SURFACE ( 'NONE', #1407, 1.750000000000000000 ) ;
#2166 = CARTESIAN_POINT ( 'NONE',  ( 7.471247055225846090, 0.7695833170333843398, -44.59815407463074166 ) ) ;
#2167 = DIRECTION ( 'NONE',  ( 0.000000000000000000, 0.000000000000000000, 1.000000000000000000 ) ) ;
#2168 = CIRCLE ( 'NONE', #2124, 0.5000000000000004441 ) ;
#2169 = CYLINDRICAL_SURFACE ( 'NONE', #1423, 2.000000000000001776 ) ;
#2170 = CIRCLE ( 'NONE', #1871, 4.606703231612698346 ) ;
#2171 = CARTESIAN_POINT ( 'NONE',  ( 3.331706096653556326, 0.000000000000000000, 3.109880689705364798 ) ) ;
#2172 = CARTESIAN_POINT ( 'NONE',  ( -10.00000000000000355, 0.000000000000000000, -10.92893218813456180 ) ) ;
#2173 = EDGE_CURVE ( 'NONE', #1505, #414, #2435, .T. ) ;
#2174 = ORIENTED_EDGE ( 'NONE', *, *, #238, .T. ) ;
#2175 = CIRCLE ( 'NONE', #479, 3.200000000000001066 ) ;
#2176 = CARTESIAN_POINT ( 'NONE',  ( 0.000000000000000000, -4.000000000000000000, 0.000000000000000000 ) ) ;
#2177 = FACE_OUTER_BOUND ( 'NONE', #1785, .T. ) ;
#2178 = DIRECTION ( 'NONE',  ( 0.000000000000000000, 0.000000000000000000, 1.000000000000000000 ) ) ;
#2179 = EDGE_CURVE ( 'NONE', #2933, #2517, #874, .T. ) ;
#2180 = EDGE_CURVE ( 'NONE', #1570, #889, #2301, .T. ) ;
#2181 = ADVANCED_FACE ( 'NONE', ( #1961 ), #1959, .F. ) ;
#2182 = CIRCLE ( 'NONE', #2731, 3.200000000000000178 ) ;
#2183 = EDGE_LOOP ( 'NONE', ( #1034, #2842, #1293, #2150, #2499, #1382 ) ) ;
#2184 = CARTESIAN_POINT ( 'NONE',  ( 0.000000000000000000, 0.8999999999999996891, -38.00000000000000000 ) ) ;
#2185 = CARTESIAN_POINT ( 'NONE',  ( 4.915254237288138484, 8.000000000000000000, -3.084745762712047146 ) ) ;
#2186 = AXIS2_PLACEMENT_3D ( 'NONE', #2, #2929, #1917 ) ;
#2187 = CIRCLE ( 'NONE', #1122, 0.5000000000000000000 ) ;
#2188 = CARTESIAN_POINT ( 'NONE',  ( 1.158011244870611467, 1.368596599065743158, -42.47284774318163159 ) ) ;
#2189 = CARTESIAN_POINT ( 'NONE',  ( -5.997455598578603109, 0.000000000000000000, 12.70965118260811799 ) ) ;
#2190 = SURFACE_STYLE_FILL_AREA ( #251 ) ;
#2191 = AXIS2_PLACEMENT_3D ( 'NONE', #1199, #1185, #2665 ) ;
#2192 = ORIENTED_EDGE ( 'NONE', *, *, #3115, .F. ) ;
#2193 = CIRCLE ( 'NONE', #2903, 3.200000000000001066 ) ;
#2194 = ORIENTED_EDGE ( 'NONE', *, *, #1366, .F. ) ;
#2195 = AXIS2_PLACEMENT_3D ( 'NONE', #2621, #422, #185 ) ;
#2196 = CARTESIAN_POINT ( 'NONE',  ( -4.983107304583207942, 8.000000000000000000, 27.50000000000000000 ) ) ;
#2197 = CARTESIAN_POINT ( 'NONE',  ( -4.999999999999997335, 2.000000000000000000, 43.00000000000000000 ) ) ;
#2198 = ORIENTED_EDGE ( 'NONE', *, *, #888, .T. ) ;
#2199 = DIRECTION ( 'NONE',  ( 0.000000000000000000, 1.000000000000000000, 0.000000000000000000 ) ) ;
#2200 = CARTESIAN_POINT ( 'NONE',  ( 3.685259487246828503, 0.000000000000000000, 2.756327299112089513 ) ) ;
#2201 = ORIENTED_EDGE ( 'NONE', *, *, #1894, .F. ) ;
#2202 = DIRECTION ( 'NONE',  ( -0.000000000000000000, 1.000000000000000000, 0.000000000000000000 ) ) ;
#2203 = DIRECTION ( 'NONE',  ( -0.000000000000000000, -1.000000000000000000, -0.000000000000000000 ) ) ;
#2204 = APPLICATION_PROTOCOL_DEFINITION ( 'draft international standard', 'automotive_design', 1998, #1705 ) ;
#2205 = ORIENTED_EDGE ( 'NONE', *, *, #85, .F. ) ;
#2206 = DIRECTION ( 'NONE',  ( 0.000000000000000000, -1.000000000000000000, 0.000000000000000000 ) ) ;
#2207 = CARTESIAN_POINT ( 'NONE',  ( 0.7199979060542311959, 0.1226016078865923981, -43.69092320398657847 ) ) ;
#2208 = CARTESIAN_POINT ( 'NONE',  ( 2.858451002564285748, 0.000000000000000000, 2.948543725811298089 ) ) ;
#2209 = FACE_BOUND ( 'NONE', #1085, .T. ) ;
#2210 = EDGE_LOOP ( 'NONE', ( #1261, #749, #2123, #1100, #1190, #1767, #1092, #2763, #1253, #1517, #2809, #389, #2545 ) ) ;
#2211 = CARTESIAN_POINT ( 'NONE',  ( 0.000000000000000000, 0.8999999999999996891, -33.51324483279022104 ) ) ;
#2212 = LINE ( 'NONE', #2397, #959 ) ;
#2213 = B_SPLINE_CURVE_WITH_KNOTS ( 'NONE', 3,
 ( #586, #2106, #1098, #1084 ),
 .UNSPECIFIED., .F., .F.,
 ( 4, 4 ),
 ( 0.000000000000000000, 0.001756237353924444992 ),
 .UNSPECIFIED. ) ;
#2214 = CARTESIAN_POINT ( 'NONE',  ( -0.1759963144131974355, 7.834544801247367296, -43.79652079467959425 ) ) ;
#2215 = PRESENTATION_STYLE_ASSIGNMENT (( #268 ) ) ;
#2216 = EDGE_CURVE ( 'NONE', #2933, #82, #216, .T. ) ;
#2217 = CIRCLE ( 'NONE', #1498, 0.5000000000000000000 ) ;
#2218 = VERTEX_POINT ( 'NONE', #493 ) ;
#2219 = ORIENTED_EDGE ( 'NONE', *, *, #752, .F. ) ;
#2220 = CARTESIAN_POINT ( 'NONE',  ( -15.00000000000000711, 0.000000000000000000, -20.08081825816746147 ) ) ;
#2221 = CARTESIAN_POINT ( 'NONE',  ( 2.004278232047944197, 0.000000000000000000, -43.00000000000000000 ) ) ;
#2222 = DIRECTION ( 'NONE',  ( 0.000000000000000000, -1.000000000000000000, 0.000000000000000000 ) ) ;
#2223 = ORIENTED_EDGE ( 'NONE', *, *, #2937, .F. ) ;
#2224 = FILL_AREA_STYLE_COLOUR ( '', #2288 ) ;
#2225 = DIRECTION ( 'NONE',  ( -0.7071067811865521247, 0.000000000000000000, -0.7071067811865430208 ) ) ;
#2226 = ORIENTED_EDGE ( 'NONE', *, *, #1044, .T. ) ;
#2227 = VERTEX_POINT ( 'NONE', #2447 ) ;
#2228 = AXIS2_PLACEMENT_3D ( 'NONE', #1108, #2567, #383 ) ;
#2229 = CARTESIAN_POINT ( 'NONE',  ( 0.8565654853307620442, 0.1051220113932481437, -43.64407148190097274 ) ) ;
#2230 = LINE ( 'NONE', #2031, #1449 ) ;
#2231 = STYLED_ITEM ( 'NONE', ( #2215 ), #1305 ) ;
#2232 = EDGE_CURVE ( 'NONE', #889, #2652, #145, .T. ) ;
#2233 = ORIENTED_EDGE ( 'NONE', *, *, #1225, .T. ) ;
#2234 = ORIENTED_EDGE ( 'NONE', *, *, #2276, .F. ) ;
#2235 = CARTESIAN_POINT ( 'NONE',  ( 0.000000000000000000, 0.000000000000000000, 43.00000000000000000 ) ) ;
#2236 = VECTOR ( 'NONE', #2602, 1000.000000000000000 ) ;
#2237 = DIRECTION ( 'NONE',  ( -1.000000000000000000, 0.000000000000000000, 0.000000000000000000 ) ) ;
#2238 = LINE ( 'NONE', #2757, #2350 ) ;
#2239 = ADVANCED_FACE ( 'NONE', ( #757 ), #1474, .F. ) ;
#2240 = VECTOR ( 'NONE', #2909, 1000.000000000000000 ) ;
#2241 = VERTEX_POINT ( 'NONE', #58 ) ;
#2242 = DIRECTION ( 'NONE',  ( 0.000000000000000000, 1.000000000000000000, -0.000000000000000000 ) ) ;
#2243 = ORIENTED_EDGE ( 'NONE', *, *, #54, .T. ) ;
#2244 = DIRECTION ( 'NONE',  ( 0.000000000000000000, 0.000000000000000000, -1.000000000000000000 ) ) ;
#2245 = LINE ( 'NONE', #1260, #1206 ) ;
#2246 = ORIENTED_EDGE ( 'NONE', *, *, #2813, .T. ) ;
#2247 = PRODUCT_DEFINITION_FORMATION_WITH_SPECIFIED_SOURCE ( 'ANY', '', #8, .NOT_KNOWN. ) ;
#2248 = CARTESIAN_POINT ( 'NONE',  ( 1.189419523294449332, 0.06299763777574449164, -43.50340094779623001 ) ) ;
#2249 = CARTESIAN_POINT ( 'NONE',  ( 0.1046903109911973273, 8.847764222656332223, -41.39028212353683500 ) ) ;
#2250 = ORIENTED_EDGE ( 'NONE', *, *, #2604, .F. ) ;
#2251 = ORIENTED_EDGE ( 'NONE', *, *, #108, .F. ) ;
#2252 = DIRECTION ( 'NONE',  ( 0.9465101881785403792, 0.000000000000000000, 0.3226739277881373047 ) ) ;
#2253 = LINE ( 'NONE', #2784, #2794 ) ;
#2254 = EDGE_CURVE ( 'NONE', #902, #1505, #1502, .T. ) ;
#2255 = VERTEX_POINT ( 'NONE', #2027 ) ;
#2256 = DIRECTION ( 'NONE',  ( 1.000000000000000000, -0.000000000000000000, -1.084202172485504434E-16 ) ) ;
#2257 = ORIENTED_EDGE ( 'NONE', *, *, #831, .T. ) ;
#2258 = DIRECTION ( 'NONE',  ( 0.000000000000000000, -1.000000000000000000, 0.000000000000000000 ) ) ;
#2259 = EDGE_CURVE ( 'NONE', #2227, #1762, #3106, .T. ) ;
#2260 = ORIENTED_EDGE ( 'NONE', *, *, #1531, .F. ) ;
#2261 =( NAMED_UNIT ( * ) SI_UNIT ( $, .STERADIAN. ) SOLID_ANGLE_UNIT ( ) );
#2262 = LINE ( 'NONE', #494, #179 ) ;
#2263 = CARTESIAN_POINT ( 'NONE',  ( 10.00230878708593174, 0.000000000000000000, 9.280483380137658500 ) ) ;
#2264 = ORIENTED_EDGE ( 'NONE', *, *, #1675, .F. ) ;
#2265 = DIRECTION ( 'NONE',  ( -0.9465101881785404903, 0.000000000000000000, -0.3226739277881370827 ) ) ;
#2266 = CARTESIAN_POINT ( 'NONE',  ( 0.7325268861961532485, 6.601646695781339780, -42.57889597613257138 ) ) ;
#2267 = VERTEX_POINT ( 'NONE', #40 ) ;
#2268 = ORIENTED_EDGE ( 'NONE', *, *, #1387, .T. ) ;
#2269 = CARTESIAN_POINT ( 'NONE',  ( 7.470742019401045653, 7.321514004392480679, -44.50685325502336553 ) ) ;
#2270 = DIRECTION ( 'NONE',  ( 1.000000000000000000, 0.000000000000000000, 0.000000000000000000 ) ) ;
#2271 = ORIENTED_EDGE ( 'NONE', *, *, #1331, .F. ) ;
#2272 = CIRCLE ( 'NONE', #474, 0.5000000000000004441 ) ;
#2273 = MANIFOLD_SOLID_BREP ( 'Cut-Extrude1', #2979 ) ;
#2274 = DIRECTION ( 'NONE',  ( 0.000000000000000000, 0.000000000000000000, 1.000000000000000000 ) ) ;
#2275 = ORIENTED_EDGE ( 'NONE', *, *, #627, .F. ) ;
#2276 = EDGE_CURVE ( 'NONE', #704, #1304, #2695, .T. ) ;
#2277 = EDGE_CURVE ( 'NONE', #2709, #2036, #2943, .T. ) ;
#2278 = DIRECTION ( 'NONE',  ( 0.000000000000000000, 0.000000000000000000, -1.000000000000000000 ) ) ;
#2279 = VERTEX_POINT ( 'NONE', #744 ) ;
#2280 = ADVANCED_FACE ( 'NONE', ( #1721, #151 ), #1572, .F. ) ;
#2281 = FACE_OUTER_BOUND ( 'NONE', #1301, .T. ) ;
#2282 = CARTESIAN_POINT ( 'NONE',  ( 9.146446609406730488, 8.000000000000000000, 1.146446609406489348 ) ) ;
#2283 = ORIENTED_EDGE ( 'NONE', *, *, #2976, .F. ) ;
#2284 = ORIENTED_EDGE ( 'NONE', *, *, #649, .T. ) ;
#2285 = DIRECTION ( 'NONE',  ( -1.000000000000000000, 0.000000000000000000, 0.000000000000000000 ) ) ;
#2286 = CIRCLE ( 'NONE', #440, 2.000000000000001776 ) ;
#2287 = CARTESIAN_POINT ( 'NONE',  ( -10.00000000000000178, 0.000000000000000000, 8.000000000000218492 ) ) ;
#2288 = COLOUR_RGB ( '',0.7921568627450980005, 0.8196078431372548767, 0.9333333333333333481 ) ;
#2289 = ORIENTED_EDGE ( 'NONE', *, *, #2463, .T. ) ;
#2290 = VECTOR ( 'NONE', #1590, 1000.000000000000000 ) ;
#2291 = PLANE ( 'NONE',  #1635 ) ;
#2292 = ORIENTED_EDGE ( 'NONE', *, *, #940, .T. ) ;
#2293 = AXIS2_PLACEMENT_3D ( 'NONE', #375, #1151, #2125 ) ;
#2294 = AXIS2_PLACEMENT_3D ( 'NONE', #920, #1359, #435 ) ;
#2295 = CYLINDRICAL_SURFACE ( 'NONE', #846, 2.250000000000001776 ) ;
#2296 = AXIS2_PLACEMENT_3D ( 'NONE', #2627, #927, #2178 ) ;
#2297 = CIRCLE ( 'NONE', #1735, 0.5000000000000004441 ) ;
#2298 = VERTEX_POINT ( 'NONE', #37 ) ;
#2299 = ADVANCED_FACE ( 'NONE', ( #969, #436 ), #1459, .F. ) ;
#2300 = PRODUCT_DEFINITION_SHAPE ( 'NONE', 'NONE',  #642 ) ;
#2301 = CIRCLE ( 'NONE', #1885, 5.386755167209773987 ) ;
#2302 = CARTESIAN_POINT ( 'NONE',  ( 0.9722597138891808655, 0.000000000000000000, -7.734847067297494938 ) ) ;
#2303 = DIRECTION ( 'NONE',  ( 0.000000000000000000, 0.000000000000000000, 1.000000000000000000 ) ) ;
#2304 = FACE_OUTER_BOUND ( 'NONE', #300, .T. ) ;
#2305 = VERTEX_POINT ( 'NONE', #3145 ) ;
#2306 = VERTEX_POINT ( 'NONE', #2636 ) ;
#2307 = CARTESIAN_POINT ( 'NONE',  ( 5.000000000000002665, 0.000000000000000000, 30.00000000000000355 ) ) ;
#2308 = ORIENTED_EDGE ( 'NONE', *, *, #1675, .T. ) ;
#2309 =( NAMED_UNIT ( * ) SI_UNIT ( $, .STERADIAN. ) SOLID_ANGLE_UNIT ( ) );
#2310 = ORIENTED_EDGE ( 'NONE', *, *, #2026, .T. ) ;
#2311 = DIRECTION ( 'NONE',  ( -1.734723475976805517E-15, 0.000000000000000000, 1.000000000000000000 ) ) ;
#2312 = EDGE_LOOP ( 'NONE', ( #2366, #3050, #797, #779 ) ) ;
#2313 = CARTESIAN_POINT ( 'NONE',  ( -9.500000000000003553, 0.000000000000000000, -10.22182540694802455 ) ) ;
#2314 = ADVANCED_FACE ( 'NONE', ( #921 ), #249, .F. ) ;
#2315 = CARTESIAN_POINT ( 'NONE',  ( 0.000000000000000000, 0.000000000000000000, 0.000000000000000000 ) ) ;
#2316 = CARTESIAN_POINT ( 'NONE',  ( -1.017518828136054321, 6.621483971988141093, -42.51263750358514670 ) ) ;
#2317 = EDGE_CURVE ( 'NONE', #1610, #1424, #2212, .T. ) ;
#2318 = CARTESIAN_POINT ( 'NONE',  ( -15.00000000000000711, 4.000000000000000000, 40.00000000000000000 ) ) ;
#2319 = EDGE_CURVE ( 'NONE', #3042, #1570, #1732, .T. ) ;
#2320 = CARTESIAN_POINT ( 'NONE',  ( 5.000000000000000888, 6.000000000000000000, 43.00000000000000000 ) ) ;
#2321 = ORIENTED_EDGE ( 'NONE', *, *, #2735, .F. ) ;
#2322 = CARTESIAN_POINT ( 'NONE',  ( 0.000000000000000000, 0.000000000000000000, 0.000000000000000000 ) ) ;
#2323 = CLOSED_SHELL ( 'NONE', ( #732, #2374, #1281, #1264, #1754, #1052, #15, #2895, #1091, #1753, #2911, #1893, #17, #2639, #2486, #3055, #1856, #2280, #2429, #1552, #1286, #2299, #774, #1656, #754, #1168, #1379, #2871, #2465, #50, #631, #2358, #1070, #470, #1617, #52, #1415, #1249, #401, #2239, #2841, #3132, #2462, #2411, #1573, #466, #2407, #1227, #448, #849, #2580, #2897, #1325, #2109, #2836, #2379, #1925, #319, #805, #2394, #2029, #1000, #538, #517, #2314, #2633, #1906, #2181, #3119, #2146, #1189, #1872, #1854, #382, #557, #855, #3037, #1553, #147, #1432 ) ) ;
#2324 = ORIENTED_EDGE ( 'NONE', *, *, #1618, .F. ) ;
#2325 = CIRCLE ( 'NONE', #1821, 0.5000000000000000000 ) ;
#2326 = DIRECTION ( 'NONE',  ( -1.734723475976805517E-15, 0.000000000000000000, 1.000000000000000000 ) ) ;
#2327 = ORIENTED_EDGE ( 'NONE', *, *, #2049, .F. ) ;
#2328 = DIRECTION ( 'NONE',  ( 0.000000000000000000, 0.000000000000000000, 1.000000000000000000 ) ) ;
#2329 = VECTOR ( 'NONE', #204, 1000.000000000000000 ) ;
#2330 = DIRECTION ( 'NONE',  ( 0.000000000000000000, 0.000000000000000000, 1.000000000000000000 ) ) ;
#2331 = CIRCLE ( 'NONE', #77, 0.5000000000000004441 ) ;
#2332 = VERTEX_POINT ( 'NONE', #2451 ) ;
#2333 = CARTESIAN_POINT ( 'NONE',  ( 1.445514807978451444, 8.000000000000000000, -7.573510103403426896 ) ) ;
#2334 = AXIS2_PLACEMENT_3D ( 'NONE', #2196, #974, #2641 ) ;
#2335 = CARTESIAN_POINT ( 'NONE',  ( 0.1028138504742131393, 8.000000000000000000, 11.03174603860888148 ) ) ;
#2336 = CARTESIAN_POINT ( 'NONE',  ( 2.004278232047944197, 0.9000000000000000222, -43.00000000000000000 ) ) ;
#2337 = CARTESIAN_POINT ( 'NONE',  ( -9.500000000000001776, 0.000000000000000000, 22.98378142677760749 ) ) ;
#2338 = CARTESIAN_POINT ( 'NONE',  ( -4.999999999999997335, 4.000000000000000000, 40.00000000000000000 ) ) ;
#2339 = ORIENTED_EDGE ( 'NONE', *, *, #1794, .F. ) ;
#2340 = CARTESIAN_POINT ( 'NONE',  ( 9.146446609406716277, 8.000000000000000000, 27.14644660940672338 ) ) ;
#2341 = EDGE_CURVE ( 'NONE', #3130, #95, #450, .T. ) ;
#2342 = CARTESIAN_POINT ( 'NONE',  ( 0.000000000000000000, 1.348908651922916091, -38.00000000000000000 ) ) ;
#2343 = DIRECTION ( 'NONE',  ( -0.000000000000000000, -1.000000000000000000, -0.000000000000000000 ) ) ;
#2344 = CIRCLE ( 'NONE', #43, 5.315072906367325878 ) ;
#2345 = ORIENTED_EDGE ( 'NONE', *, *, #1652, .T. ) ;
#2346 = AXIS2_PLACEMENT_3D ( 'NONE', #1910, #2618, #1212 ) ;
#2347 = CYLINDRICAL_SURFACE ( 'NONE', #559, 2.000000000000001776 ) ;
#2348 = LINE ( 'NONE', #169, #532 ) ;
#2349 = DIRECTION ( 'NONE',  ( -0.000000000000000000, -1.000000000000000000, 0.000000000000000000 ) ) ;
#2350 = VECTOR ( 'NONE', #1023, 1000.000000000000000 ) ;
#2351 = CARTESIAN_POINT ( 'NONE',  ( 0.1028138504742131393, 8.000000000000000000, 11.03174603860888148 ) ) ;
#2352 = DIRECTION ( 'NONE',  ( -0.3226739277881370271, 0.000000000000000000, 0.9465101881785404903 ) ) ;
#2353 = SHAPE_REPRESENTATION_RELATIONSHIP ( 'NONE' , 'NONE' ,  #2612, #2673 ) ;
#2354 = VERTEX_POINT ( 'NONE', #1914 ) ;
#2355 = EDGE_CURVE ( 'NONE', #1882, #2372, #480, .T. ) ;
#2356 = LINE ( 'NONE', #369, #3107 ) ;
#2357 = CARTESIAN_POINT ( 'NONE',  ( -5.423728813559328898, 0.000000000000000000, 12.57627118644084163 ) ) ;
#2358 = ADVANCED_FACE ( 'NONE', ( #14 ), #2169, .T. ) ;
#2359 = CARTESIAN_POINT ( 'NONE',  ( 0.000000000000000000, -4.000000000000000000, 1.750000000000000000 ) ) ;
#2360 = VERTEX_POINT ( 'NONE', #1678 ) ;
#2361 = ORIENTED_EDGE ( 'NONE', *, *, #2541, .F. ) ;
#2362 = DIRECTION ( 'NONE',  ( -1.000000000000000000, 0.000000000000000000, 0.000000000000000000 ) ) ;
#2363 = DIRECTION ( 'NONE',  ( -1.000000000000000000, 0.000000000000000000, 0.000000000000000000 ) ) ;
#2364 = CARTESIAN_POINT ( 'NONE',  ( 7.482303780611503363, 5.717472393966525748E-18, -43.13201001167485060 ) ) ;
#2365 = CARTESIAN_POINT ( 'NONE',  ( -4.999999999999997335, 8.000000000000000000, 43.00000000000000000 ) ) ;
#2366 = ORIENTED_EDGE ( 'NONE', *, *, #2584, .F. ) ;
#2367 = ORIENTED_EDGE ( 'NONE', *, *, #1659, .T. ) ;
#2368 = DIRECTION ( 'NONE',  ( 0.000000000000000000, 1.000000000000000000, 0.000000000000000000 ) ) ;
#2369 = ORIENTED_EDGE ( 'NONE', *, *, #241, .F. ) ;
#2370 = CARTESIAN_POINT ( 'NONE',  ( 0.000000000000000000, 7.100000000000000533, -38.00000000000000000 ) ) ;
#2371 = DIRECTION ( 'NONE',  ( -0.000000000000000000, -1.000000000000000000, -0.000000000000000000 ) ) ;
#2372 = VERTEX_POINT ( 'NONE', #2408 ) ;
#2373 = AXIS2_PLACEMENT_3D ( 'NONE', #364, #3048, #1632 ) ;
#2374 = ADVANCED_FACE ( 'NONE', ( #1417 ), #98, .T. ) ;
#2375 = CARTESIAN_POINT ( 'NONE',  ( 10.00000000000000000, 0.000000000000000000, -14.98378142677764657 ) ) ;
#2376 = LINE ( 'NONE', #1960, #2925 ) ;
#2377 = VECTOR ( 'NONE', #2427, 1000.000000000000000 ) ;
#2378 = CARTESIAN_POINT ( 'NONE',  ( 7.469801112168417134, 0.2636913982577709370, -44.00114820871913679 ) ) ;
#2379 = ADVANCED_FACE ( 'NONE', ( #688 ), #1198, .T. ) ;
#2380 = CARTESIAN_POINT ( 'NONE',  ( -9.202416647599691868E-16, 1.426743375230600019, -42.65062902660279320 ) ) ;
#2381 = EDGE_CURVE ( 'NONE', #295, #1591, #910, .T. ) ;
#2382 = ORIENTED_EDGE ( 'NONE', *, *, #345, .F. ) ;
#2383 = ORIENTED_EDGE ( 'NONE', *, *, #2937, .T. ) ;
#2384 = CARTESIAN_POINT ( 'NONE',  ( 0.6765406354934868638, 0.000000000000000000, 10.89836604244160512 ) ) ;
#2385 = ORIENTED_EDGE ( 'NONE', *, *, #152, .F. ) ;
#2386 = CARTESIAN_POINT ( 'NONE',  ( 2.858451002564286192, 8.000000000000000000, 2.948543725811295868 ) ) ;
#2387 = AXIS2_PLACEMENT_3D ( 'NONE', #412, #2805, #1903 ) ;
#2388 = LINE ( 'NONE', #654, #1942 ) ;
#2389 = EDGE_LOOP ( 'NONE', ( #615, #877, #419, #2963, #2275, #1316, #1148, #1919, #1099, #1840, #1175, #871, #1333 ) ) ;
#2390 = DIRECTION ( 'NONE',  ( 0.000000000000000000, 0.000000000000000000, 1.000000000000000000 ) ) ;
#2391 = FACE_OUTER_BOUND ( 'NONE', #2997, .T. ) ;
#2392 = CIRCLE ( 'NONE', #2682, 0.9000000000000024647 ) ;
#2393 = CIRCLE ( 'NONE', #2684, 2.000000000000001776 ) ;
#2394 = ADVANCED_FACE ( 'NONE', ( #2281 ), #1279, .F. ) ;
#2395 = VECTOR ( 'NONE', #944, 1000.000000000000000 ) ;
#2396 = VECTOR ( 'NONE', #905, 1000.000000000000000 ) ;
#2397 = CARTESIAN_POINT ( 'NONE',  ( -5.423728813559328898, 0.000000000000000000, 12.57627118644084163 ) ) ;
#2398 = CYLINDRICAL_SURFACE ( 'NONE', #1550, 0.5000000000000004441 ) ;
#2399 =( NAMED_UNIT ( * ) PLANE_ANGLE_UNIT ( ) SI_UNIT ( $, .RADIAN. ) );
#2400 = CIRCLE ( 'NONE', #2098, 0.8999999999999980238 ) ;
#2401 = ORIENTED_EDGE ( 'NONE', *, *, #1984, .F. ) ;
#2402 = SHAPE_REPRESENTATION ( 'Front-Top-Suspension-Arm', ( #2800 ), #1077 ) ;
#2403 = VERTEX_POINT ( 'NONE', #2515 ) ;
#2404 = CARTESIAN_POINT ( 'NONE',  ( -7.470404629131504493, 7.797669152586128583, -43.88631336674806249 ) ) ;
#2405 = DIRECTION ( 'NONE',  ( 0.000000000000000000, 1.000000000000000000, 0.000000000000000000 ) ) ;
#2406 = DIRECTION ( 'NONE',  ( 1.000000000000000000, -0.000000000000000000, 0.000000000000000000 ) ) ;
#2407 = ADVANCED_FACE ( 'NONE', ( #2014 ), #2948, .F. ) ;
#2408 = CARTESIAN_POINT ( 'NONE',  ( 10.00000000000000178, 8.000000000000000000, 0.7928932188132126191 ) ) ;
#2409 = DIRECTION ( 'NONE',  ( -0.000000000000000000, -1.000000000000000000, -0.000000000000000000 ) ) ;
#2410 = LINE ( 'NONE', #1999, #955 ) ;
#2411 = ADVANCED_FACE ( 'NONE', ( #314 ), #1294, .F. ) ;
#2412 = EDGE_CURVE ( 'NONE', #1882, #2616, #1072, .T. ) ;
#2413 = EDGE_CURVE ( 'NONE', #3006, #154, #2542, .T. ) ;
#2414 = ORIENTED_EDGE ( 'NONE', *, *, #1385, .F. ) ;
#2415 = CARTESIAN_POINT ( 'NONE',  ( -5.456362398672477632, 0.000000000000000000, 27.33866303610593107 ) ) ;
#2416 = DIRECTION ( 'NONE',  ( -1.000000000000000000, 0.000000000000000000, 0.000000000000000000 ) ) ;
#2417 = EDGE_LOOP ( 'NONE', ( #2459, #490, #134, #780 ) ) ;
#2418 = AXIS2_PLACEMENT_3D ( 'NONE', #3099, #906, #451 ) ;
#2419 = DIRECTION ( 'NONE',  ( -1.000000000000000000, -0.000000000000000000, -0.000000000000000000 ) ) ;
#2420 = CARTESIAN_POINT ( 'NONE',  ( -10.00000000000000533, 0.000000000000000000, -17.99999999999999645 ) ) ;
#2421 = DIRECTION ( 'NONE',  ( 1.000000000000000000, 0.000000000000000000, 1.445602896647339656E-16 ) ) ;
#2422 = CIRCLE ( 'NONE', #472, 4.606703231612698346 ) ;
#2423 = CIRCLE ( 'NONE', #593, 0.5000000000000004441 ) ;
#2424 = LINE ( 'NONE', #536, #789 ) ;
#2425 = FILL_AREA_STYLE_COLOUR ( '', #89 ) ;
#2426 = ORIENTED_EDGE ( 'NONE', *, *, #1779, .T. ) ;
#2427 = DIRECTION ( 'NONE',  ( -0.7071067811865513475, 0.000000000000000000, -0.7071067811865436870 ) ) ;
#2428 = DIRECTION ( 'NONE',  ( 0.000000000000000000, 1.000000000000000000, 0.000000000000000000 ) ) ;
#2429 = ADVANCED_FACE ( 'NONE', ( #3094 ), #2059, .F. ) ;
#2430 = DIRECTION ( 'NONE',  ( 0.000000000000000000, 0.000000000000000000, 1.000000000000000000 ) ) ;
#2431 = ORIENTED_EDGE ( 'NONE', *, *, #2694, .F. ) ;
#2432 = DIRECTION ( 'NONE',  ( 0.000000000000000000, 1.000000000000000000, 0.000000000000000000 ) ) ;
#2433 = DIRECTION ( 'NONE',  ( -0.000000000000000000, 1.000000000000000000, -0.000000000000000000 ) ) ;
#2434 = EDGE_LOOP ( 'NONE', ( #281, #232, #1862, #2905 ) ) ;
#2435 = CIRCLE ( 'NONE', #1067, 0.5000000000000000000 ) ;
#2436 = CIRCLE ( 'NONE', #2740, 0.5000000000000004441 ) ;
#2437 = CARTESIAN_POINT ( 'NONE',  ( 15.00000000000000355, 2.000000000000000000, 45.00000000000000000 ) ) ;
#2438 = DIRECTION ( 'NONE',  ( 0.000000000000000000, -0.000000000000000000, 1.000000000000000000 ) ) ;
#2439 = AXIS2_PLACEMENT_3D ( 'NONE', #963, #2660, #446 ) ;
#2440 = AXIS2_PLACEMENT_3D ( 'NONE', #2161, #740, #1466 ) ;
#2441 = EDGE_LOOP ( 'NONE', ( #3021, #1490, #1181, #343 ) ) ;
#2442 = LINE ( 'NONE', #256, #1773 ) ;
#2443 = CARTESIAN_POINT ( 'NONE',  ( 9.502308787085931741, 0.000000000000000000, 9.280483380137658500 ) ) ;
#2444 =( GEOMETRIC_REPRESENTATION_CONTEXT ( 3 ) GLOBAL_UNCERTAINTY_ASSIGNED_CONTEXT ( ( #1363 ) ) GLOBAL_UNIT_ASSIGNED_CONTEXT ( ( #3070, #1847, #2806 ) ) REPRESENTATION_CONTEXT ( 'NONE', 'WORKASPACE' ) );
#2445 = CARTESIAN_POINT ( 'NONE',  ( 0.000000000000000000, 0.000000000000000000, 0.000000000000000000 ) ) ;
#2446 = EDGE_LOOP ( 'NONE', ( #1399, #3032, #2791, #1411 ) ) ;
#2447 = CARTESIAN_POINT ( 'NONE',  ( 5.015725928218142116, 0.000000000000000000, -3.379462722773392436 ) ) ;
#2448 = EDGE_CURVE ( 'NONE', #313, #1422, #258, .T. ) ;
#2449 = DIRECTION ( 'NONE',  ( -0.7071067811865513475, 0.000000000000000000, -0.7071067811865436870 ) ) ;
#2450 = CARTESIAN_POINT ( 'NONE',  ( 0.000000000000000000, 4.000000000000000000, -38.00000000000000000 ) ) ;
#2451 = CARTESIAN_POINT ( 'NONE',  ( -1.953989384249644079, 0.000000000000000000, 17.06503552713222760 ) ) ;
#2452 = LINE ( 'NONE', #2667, #2329 ) ;
#2453 = CARTESIAN_POINT ( 'NONE',  ( -9.146446609406728712, 8.000000000000000000, -10.07537879754129939 ) ) ;
#2454 = ORIENTED_EDGE ( 'NONE', *, *, #30, .F. ) ;
#2455 = LINE ( 'NONE', #2220, #1616 ) ;
#2456 = FACE_OUTER_BOUND ( 'NONE', #3092, .T. ) ;
#2457 = DIRECTION ( 'NONE',  ( 0.000000000000000000, 0.000000000000000000, -1.000000000000000000 ) ) ;
#2458 = FACE_BOUND ( 'NONE', #2553, .T. ) ;
#2459 = ORIENTED_EDGE ( 'NONE', *, *, #2105, .F. ) ;
#2460 = CARTESIAN_POINT ( 'NONE',  ( -7.471519204865541219, 0.7813981478740436026, -44.59124887338530385 ) ) ;
#2461 = DIRECTION ( 'NONE',  ( 1.000000000000000000, -0.000000000000000000, 0.000000000000000000 ) ) ;
#2462 = ADVANCED_FACE ( 'NONE', ( #408 ), #1137, .F. ) ;
#2463 = EDGE_CURVE ( 'NONE', #154, #833, #1869, .T. ) ;
#2464 = CARTESIAN_POINT ( 'NONE',  ( -0.3685902021794530969, -0.6272098011015168062, -41.48526942984328514 ) ) ;
#2465 = ADVANCED_FACE ( 'NONE', ( #2094 ), #2347, .T. ) ;
#2466 = LINE ( 'NONE', #1744, #1046 ) ;
#2467 = VECTOR ( 'NONE', #1900, 1000.000000000000000 ) ;
#2468 = ORIENTED_EDGE ( 'NONE', *, *, #1992, .F. ) ;
#2469 = EDGE_LOOP ( 'NONE', ( #2000, #566, #1803, #2025 ) ) ;
#2470 = CARTESIAN_POINT ( 'NONE',  ( -5.423728813559328898, 8.000000000000000000, 12.57627118644084163 ) ) ;
#2471 = AXIS2_PLACEMENT_3D ( 'NONE', #524, #290, #2885 ) ;
#2472 = DIRECTION ( 'NONE',  ( -1.000000000000000000, -0.000000000000000000, 0.000000000000000000 ) ) ;
#2473 = LINE ( 'NONE', #1804, #1015 ) ;
#2474 = VECTOR ( 'NONE', #3091, 1000.000000000000000 ) ;
#2475 = ORIENTED_EDGE ( 'NONE', *, *, #2648, .T. ) ;
#2476 = DIRECTION ( 'NONE',  ( 0.000000000000000000, -1.000000000000000000, 0.000000000000000000 ) ) ;
#2477 = VERTEX_POINT ( 'NONE', #2547 ) ;
#2478 = SURFACE_STYLE_FILL_AREA ( #2746 ) ;
#2479 = DIRECTION ( 'NONE',  ( -1.000000000000000000, 0.000000000000000000, 0.000000000000000000 ) ) ;
#2480 = ORIENTED_EDGE ( 'NONE', *, *, #1620, .F. ) ;
#2481 = ORIENTED_EDGE ( 'NONE', *, *, #1004, .F. ) ;
#2482 = CARTESIAN_POINT ( 'NONE',  ( -8.792893218813448541, 8.000000000000000000, -17.49999999999999645 ) ) ;
#2483 = EDGE_CURVE ( 'NONE', #1819, #681, #2110, .T. ) ;
#2484 = CARTESIAN_POINT ( 'NONE',  ( -1.189815043338014355, 7.937053122139618999, -43.50320238775060488 ) ) ;
#2485 = ORIENTED_EDGE ( 'NONE', *, *, #1986, .T. ) ;
#2486 = ADVANCED_FACE ( 'NONE', ( #363 ), #1646, .F. ) ;
#2487 = EDGE_LOOP ( 'NONE', ( #2628, #2767, #1405, #697 ) ) ;
#2488 = FACE_OUTER_BOUND ( 'NONE', #117, .T. ) ;
#2489 = AXIS2_PLACEMENT_3D ( 'NONE', #1289, #2258, #3056 ) ;
#2490 = CARTESIAN_POINT ( 'NONE',  ( 5.000000000000000888, 6.000000000000000000, 45.00000000000000000 ) ) ;
#2491 = CARTESIAN_POINT ( 'NONE',  ( -15.00000000000000711, 4.000000000000000000, 37.75000000000000000 ) ) ;
#2492 = VECTOR ( 'NONE', #1661, 1000.000000000000000 ) ;
#2493 = ORIENTED_EDGE ( 'NONE', *, *, #2355, .F. ) ;
#2494 = CARTESIAN_POINT ( 'NONE',  ( -5.456362398672477632, 8.000000000000000000, 27.33866303610593107 ) ) ;
#2495 = CIRCLE ( 'NONE', #869, 2.250000000000001776 ) ;
#2496 = ORIENTED_EDGE ( 'NONE', *, *, #811, .T. ) ;
#2497 = DIRECTION ( 'NONE',  ( 0.000000000000000000, 0.000000000000000000, -1.000000000000000000 ) ) ;
#2498 = LINE ( 'NONE', #2263, #2889 ) ;
#2499 = ORIENTED_EDGE ( 'NONE', *, *, #2341, .T. ) ;
#2500 = DIRECTION ( 'NONE',  ( 0.000000000000000000, 0.000000000000000000, 1.000000000000000000 ) ) ;
#2501 = CARTESIAN_POINT ( 'NONE',  ( 10.00230878708593174, 8.000000000000000000, 9.280483380137658500 ) ) ;
#2502 = EDGE_CURVE ( 'NONE', #2005, #3122, #643, .T. ) ;
#2503 = ORIENTED_EDGE ( 'NONE', *, *, #434, .F. ) ;
#2504 = ORIENTED_EDGE ( 'NONE', *, *, #3040, .T. ) ;
#2505 = CARTESIAN_POINT ( 'NONE',  ( 10.00230878708593174, 0.000000000000000000, 19.72413419403395451 ) ) ;
#2506 = EDGE_CURVE ( 'NONE', #60, #2038, #3108, .T. ) ;
#2507 = ADVANCED_FACE ( 'NONE', ( #1343 ), #1597, .T. ) ;
#2508 = CARTESIAN_POINT ( 'NONE',  ( -3.366925578835472610, 0.000000000000000000, 6.542981697917493733 ) ) ;
#2509 = ORIENTED_EDGE ( 'NONE', *, *, #2341, .F. ) ;
#2510 = CARTESIAN_POINT ( 'NONE',  ( -15.00000000000000711, 4.000000000000000000, 37.75000000000000000 ) ) ;
#2511 = ORIENTED_EDGE ( 'NONE', *, *, #1750, .T. ) ;
#2512 = EDGE_CURVE ( 'NONE', #3086, #2720, #2781, .T. ) ;
#2513 = ORIENTED_EDGE ( 'NONE', *, *, #2914, .T. ) ;
#2514 = ORIENTED_EDGE ( 'NONE', *, *, #203, .T. ) ;
#2515 = CARTESIAN_POINT ( 'NONE',  ( -1.127180899567103323, 0.000000000000000000, 16.87281910043301281 ) ) ;
#2516 = CARTESIAN_POINT ( 'NONE',  ( -0.1505104214303258359, 6.573268681695804361, -42.65060125859005069 ) ) ;
#2517 = VERTEX_POINT ( 'NONE', #1375 ) ;
#2518 = ORIENTED_EDGE ( 'NONE', *, *, #207, .F. ) ;
#2519 = CARTESIAN_POINT ( 'NONE',  ( 7.469231842912450681, 7.747281227082568833, -44.00737140895859056 ) ) ;
#2520 = CIRCLE ( 'NONE', #76, 0.5000000000000004441 ) ;
#2521 = CARTESIAN_POINT ( 'NONE',  ( 0.6187063232959075787, 0.000000000000000000, -7.381293676704222761 ) ) ;
#2522 = EDGE_LOOP ( 'NONE', ( #336, #2383, #2251, #2592 ) ) ;
#2523 = VECTOR ( 'NONE', #1245, 1000.000000000000000 ) ;
#2524 = EDGE_CURVE ( 'NONE', #1853, #155, #243, .T. ) ;
#2525 = CARTESIAN_POINT ( 'NONE',  ( -5.997455598578603109, 8.000000000000000000, 12.70965118260811799 ) ) ;
#2526 = ORIENTED_EDGE ( 'NONE', *, *, #3022, .F. ) ;
#2527 = DIRECTION ( 'NONE',  ( -1.000000000000000000, 0.000000000000000000, 1.156482317317871478E-16 ) ) ;
#2528 = CARTESIAN_POINT ( 'NONE',  ( 10.00230878708593174, 0.000000000000000000, 9.280483380137658500 ) ) ;
#2529 = AXIS2_PLACEMENT_3D ( 'NONE', #1515, #3035, #2738 ) ;
#2530 = ORIENTED_EDGE ( 'NONE', *, *, #1154, .T. ) ;
#2531 = VERTEX_POINT ( 'NONE', #1356 ) ;
#2532 = DIRECTION ( 'NONE',  ( -0.000000000000000000, -1.000000000000000000, -0.000000000000000000 ) ) ;
#2533 = DIRECTION ( 'NONE',  ( -0.3226739277881370827, -0.000000000000000000, 0.9465101881785404903 ) ) ;
#2534 = EDGE_LOOP ( 'NONE', ( #63, #2518, #550, #2530 ) ) ;
#2535 = ORIENTED_EDGE ( 'NONE', *, *, #1712, .T. ) ;
#2536 = DIRECTION ( 'NONE',  ( -0.000000000000000000, 1.000000000000000000, -0.000000000000000000 ) ) ;
#2537 = AXIS2_PLACEMENT_3D ( 'NONE', #2450, #461, #1430 ) ;
#2538 = VERTEX_POINT ( 'NONE', #136 ) ;
#2539 = CARTESIAN_POINT ( 'NONE',  ( -8.792893218813448541, 8.000000000000000000, -17.99999999999999645 ) ) ;
#2540 = ORIENTED_EDGE ( 'NONE', *, *, #1618, .T. ) ;
#2541 = EDGE_CURVE ( 'NONE', #681, #3122, #1119, .T. ) ;
#2542 = CIRCLE ( 'NONE', #299, 0.5000000000000004441 ) ;
#2543 = DIRECTION ( 'NONE',  ( 0.000000000000000000, 0.000000000000000000, 1.000000000000000000 ) ) ;
#2544 = AXIS2_PLACEMENT_3D ( 'NONE', #1178, #21, #1484 ) ;
#2545 = ORIENTED_EDGE ( 'NONE', *, *, #1114, .T. ) ;
#2546 = EDGE_CURVE ( 'NONE', #1653, #2517, #520, .T. ) ;
#2547 = CARTESIAN_POINT ( 'NONE',  ( -8.792893218813448541, 0.000000000000000000, -17.99999999999999645 ) ) ;
#2548 = FACE_OUTER_BOUND ( 'NONE', #342, .T. ) ;
#2549 = CARTESIAN_POINT ( 'NONE',  ( -1.399133999406148243, 0.03642027261139133693, -43.40917948649311597 ) ) ;
#2550 = CYLINDRICAL_SURFACE ( 'NONE', #2822, 2.250000000000001776 ) ;
#2551 = CARTESIAN_POINT ( 'NONE',  ( 9.146446609406730488, 0.000000000000000000, 1.146446609406489348 ) ) ;
#2552 = DIRECTION ( 'NONE',  ( 0.9982146796758916141, 0.02655285883049885928, 0.05350139220136831270 ) ) ;
#2553 = EDGE_LOOP ( 'NONE', ( #568, #2818, #1991, #78, #1642, #802, #1107 ) ) ;
#2554 = LINE ( 'NONE', #1144, #1123 ) ;
#2555 = ORIENTED_EDGE ( 'NONE', *, *, #1247, .T. ) ;
#2556 = DIRECTION ( 'NONE',  ( -0.000000000000000000, 1.000000000000000000, -0.000000000000000000 ) ) ;
#2557 = DIRECTION ( 'NONE',  ( 0.000000000000000000, 1.000000000000000000, 0.000000000000000000 ) ) ;
#2558 = EDGE_LOOP ( 'NONE', ( #1312, #723, #1500, #2729 ) ) ;
#2559 = ORIENTED_EDGE ( 'NONE', *, *, #1855, .F. ) ;
#2560 = CARTESIAN_POINT ( 'NONE',  ( 8.305779404449909364, 8.000012000000001677, -34.86734657094716994 ) ) ;
#2561 = LINE ( 'NONE', #1858, #224 ) ;
#2562 = CARTESIAN_POINT ( 'NONE',  ( 7.469709559914840646, 0.4930608434214914237, -44.32141582908855071 ) ) ;
#2563 = CARTESIAN_POINT ( 'NONE',  ( 3.331706096653556326, 0.000000000000000000, 2.609880689705364798 ) ) ;
#2564 = EDGE_CURVE ( 'NONE', #48, #3071, #1927, .T. ) ;
#2565 = ORIENTED_EDGE ( 'NONE', *, *, #2813, .F. ) ;
#2566 = EDGE_CURVE ( 'NONE', #2720, #1422, #1195, .T. ) ;
#2567 = DIRECTION ( 'NONE',  ( 0.7071067811865429098, 0.000000000000000000, -0.7071067811865522357 ) ) ;
#2568 = DIRECTION ( 'NONE',  ( 0.000000000000000000, 0.000000000000000000, 1.000000000000000000 ) ) ;
#2569 = ORIENTED_EDGE ( 'NONE', *, *, #625, .T. ) ;
#2570 = CIRCLE ( 'NONE', #1612, 0.5000000000000004441 ) ;
#2571 = CARTESIAN_POINT ( 'NONE',  ( 9.026744905910732086, 0.000000000000000000, -15.14511839067171550 ) ) ;
#2572 = DIRECTION ( 'NONE',  ( 0.000000000000000000, 0.000000000000000000, -1.000000000000000000 ) ) ;
#2573 = CIRCLE ( 'NONE', #743, 0.5000000000000004441 ) ;
#2574 = CARTESIAN_POINT ( 'NONE',  ( -4.999999999999997335, 0.000000000000000000, 45.00000000000000000 ) ) ;
#2575 = EDGE_LOOP ( 'NONE', ( #1493, #2292, #1288, #2113 ) ) ;
#2576 = EDGE_LOOP ( 'NONE', ( #1354, #620, #1812, #617 ) ) ;
#2577 = CARTESIAN_POINT ( 'NONE',  ( -7.479305170576169282, 7.987058132724531134, -43.26183179721801508 ) ) ;
#2578 = CARTESIAN_POINT ( 'NONE',  ( -2.004278232047944197, 8.000000000000033751, -43.00000000000002842 ) ) ;
#2579 = LINE ( 'NONE', #1139, #1013 ) ;
#2580 = ADVANCED_FACE ( 'NONE', ( #712 ), #2629, .F. ) ;
#2581 = ORIENTED_EDGE ( 'NONE', *, *, #2061, .F. ) ;
#2582 = DIRECTION ( 'NONE',  ( 0.000000000000000000, 0.000000000000000000, -1.000000000000000000 ) ) ;
#2583 = FACE_OUTER_BOUND ( 'NONE', #2575, .T. ) ;
#2584 = EDGE_CURVE ( 'NONE', #563, #1043, #2687, .T. ) ;
#2585 = ORIENTED_EDGE ( 'NONE', *, *, #2710, .T. ) ;
#2586 = DIRECTION ( 'NONE',  ( 0.000000000000000000, 0.000000000000000000, -1.000000000000000000 ) ) ;
#2587 = DIRECTION ( 'NONE',  ( 1.000000000000000000, 0.000000000000000000, -1.084202172485504434E-16 ) ) ;
#2588 = VECTOR ( 'NONE', #771, 1000.000000000000000 ) ;
#2589 = DIRECTION ( 'NONE',  ( 0.000000000000000000, 1.000000000000000000, 0.000000000000000000 ) ) ;
#2590 = VECTOR ( 'NONE', #1234, 1000.000000000000000 ) ;
#2591 = EDGE_LOOP ( 'NONE', ( #668, #1233 ) ) ;
#2592 = ORIENTED_EDGE ( 'NONE', *, *, #1694, .T. ) ;
#2593 = VECTOR ( 'NONE', #3058, 1000.000000000000000 ) ;
#2594 = CARTESIAN_POINT ( 'NONE',  ( 10.84564978829632764, 8.000011999999999901, -27.12025662400143844 ) ) ;
#2595 = DIRECTION ( 'NONE',  ( 0.000000000000000000, 0.000000000000000000, 1.000000000000000000 ) ) ;
#2596 = DIRECTION ( 'NONE',  ( 0.000000000000000000, 0.000000000000000000, -1.000000000000000000 ) ) ;
#2597 = VECTOR ( 'NONE', #2681, 1000.000000000000000 ) ;
#2598 = ORIENTED_EDGE ( 'NONE', *, *, #1230, .T. ) ;
#2599 = DIRECTION ( 'NONE',  ( 0.000000000000000000, 0.000000000000000000, 1.000000000000000000 ) ) ;
#2600 =( NAMED_UNIT ( * ) PLANE_ANGLE_UNIT ( ) SI_UNIT ( $, .RADIAN. ) );
#2601 = ORIENTED_EDGE ( 'NONE', *, *, #149, .F. ) ;
#2602 = DIRECTION ( 'NONE',  ( -0.000000000000000000, 0.000000000000000000, -1.000000000000000000 ) ) ;
#2603 = DIRECTION ( 'NONE',  ( 0.000000000000000000, 0.000000000000000000, 1.000000000000000000 ) ) ;
#2604 = EDGE_CURVE ( 'NONE', #511, #1296, #431, .T. ) ;
#2605 = ORIENTED_EDGE ( 'NONE', *, *, #888, .F. ) ;
#2606 = CARTESIAN_POINT ( 'NONE',  ( 3.331706096653556326, 8.000000000000000000, 3.109880689705364798 ) ) ;
#2607 = CARTESIAN_POINT ( 'NONE',  ( -15.00000000000000711, 4.000000000000000000, 42.25000000000000000 ) ) ;
#2608 = DIRECTION ( 'NONE',  ( 0.000000000000000000, 0.000000000000000000, -1.000000000000000000 ) ) ;
#2609 = DIRECTION ( 'NONE',  ( 0.000000000000000000, 0.000000000000000000, -1.000000000000000000 ) ) ;
#2610 = CARTESIAN_POINT ( 'NONE',  ( 0.000000000000000000, -4.000000000000000000, 0.000000000000000000 ) ) ;
#2611 = ORIENTED_EDGE ( 'NONE', *, *, #2173, .T. ) ;
#2612 = SHAPE_REPRESENTATION ( 'Front-Suspension-Arm-Ball', ( #2800 ), #2444 ) ;
#2613 = LINE ( 'NONE', #2386, #492 ) ;
#2614 = CARTESIAN_POINT ( 'NONE',  ( 1.714040219394045383, 1.348908651922916091, -42.27595378722109842 ) ) ;
#2615 = EDGE_CURVE ( 'NONE', #756, #162, #1182, .T. ) ;
#2616 = VERTEX_POINT ( 'NONE', #2375 ) ;
#2617 = CIRCLE ( 'NONE', #2873, 2.000000000000001776 ) ;
#2618 = DIRECTION ( 'NONE',  ( -0.7071067811865435759, 0.000000000000000000, 0.7071067811865515695 ) ) ;
#2619 = FACE_OUTER_BOUND ( 'NONE', #73, .T. ) ;
#2620 = CIRCLE ( 'NONE', #384, 0.5000000000000004441 ) ;
#2621 = CARTESIAN_POINT ( 'NONE',  ( -3.840180672924743188, 0.000000000000000000, 6.381644734023424803 ) ) ;
#2622 = DIRECTION ( 'NONE',  ( 0.000000000000000000, 1.000000000000000000, 0.000000000000000000 ) ) ;
#2623 = VECTOR ( 'NONE', #577, 1000.000000000000000 ) ;
#2624 = ORIENTED_EDGE ( 'NONE', *, *, #208, .F. ) ;
#2625 = CARTESIAN_POINT ( 'NONE',  ( -10.84564977374362549, 8.000012000000001677, -27.12025665335274027 ) ) ;
#2626 = AXIS2_PLACEMENT_3D ( 'NONE', #664, #1665, #1347 ) ;
#2627 = CARTESIAN_POINT ( 'NONE',  ( -15.00000000000000711, 2.000000000000000000, -43.00000000000000000 ) ) ;
#2628 = ORIENTED_EDGE ( 'NONE', *, *, #1133, .F. ) ;
#2629 = PLANE ( 'NONE',  #2346 ) ;
#2630 = CARTESIAN_POINT ( 'NONE',  ( -0.6112884267454027354, 0.000000000000000000, -1.540220614880083660 ) ) ;
#2631 = VECTOR ( 'NONE', #2700, 1000.000000000000000 ) ;
#2632 = TOROIDAL_SURFACE ( 'NONE', #3054, 5.386755167209774875, 0.9000000000000000222 ) ;
#2633 = ADVANCED_FACE ( 'NONE', ( #2874 ), #3111, .F. ) ;
#2634 = CARTESIAN_POINT ( 'NONE',  ( 5.000000000000002665, 3.000000000000000000, 33.00000000000000000 ) ) ;
#2635 = EDGE_CURVE ( 'NONE', #129, #220, #759, .T. ) ;
#2636 = CARTESIAN_POINT ( 'NONE',  ( 0.000000000000000000, 4.000000000000000000, 1.750000000000000000 ) ) ;
#2637 = LINE ( 'NONE', #1933, #1103 ) ;
#2638 = DIRECTION ( 'NONE',  ( 0.000000000000000000, 0.000000000000000000, 1.000000000000000000 ) ) ;
#2639 = ADVANCED_FACE ( 'NONE', ( #2151 ), #3123, .F. ) ;
#2640 = VERTEX_POINT ( 'NONE', #1946 ) ;
#2641 = DIRECTION ( 'NONE',  ( 0.000000000000000000, 0.000000000000000000, 1.000000000000000000 ) ) ;
#2642 = CARTESIAN_POINT ( 'NONE',  ( -10.00000000000000355, 8.000000000000000000, -9.721825406948024551 ) ) ;
#2643 = CARTESIAN_POINT ( 'NONE',  ( -9.146446609406730488, 0.000000000000000000, -10.07537879754130117 ) ) ;
#2644 = ORIENTED_EDGE ( 'NONE', *, *, #1776, .T. ) ;
#2645 = LINE ( 'NONE', #2844, #1987 ) ;
#2646 = FACE_OUTER_BOUND ( 'NONE', #1147, .T. ) ;
#2647 = CARTESIAN_POINT ( 'NONE',  ( 1.843030399795208440, 0.000000000000000000, -43.11752201334373069 ) ) ;
#2648 = EDGE_CURVE ( 'NONE', #2938, #261, #1071, .T. ) ;
#2649 = DIRECTION ( 'NONE',  ( 1.000000000000000000, 0.000000000000000000, 1.445602896647339656E-16 ) ) ;
#2650 = SHAPE_DEFINITION_REPRESENTATION ( #2930, #1416 ) ;
#2651 = EDGE_CURVE ( 'NONE', #1775, #2669, #2164, .T. ) ;
#2652 = VERTEX_POINT ( 'NONE', #1166 ) ;
#2653 = EDGE_CURVE ( 'NONE', #1304, #756, #2645, .T. ) ;
#2654 = EDGE_LOOP ( 'NONE', ( #2454, #135, #209, #2737 ) ) ;
#2655 = CARTESIAN_POINT ( 'NONE',  ( 4.301289122765019179, 0.000000000000000000, -17.49999999999999645 ) ) ;
#2656 = LINE ( 'NONE', #3131, #2236 ) ;
#2657 = CYLINDRICAL_SURFACE ( 'NONE', #2440, 0.5000000000000004441 ) ;
#2658 = EDGE_LOOP ( 'NONE', ( #2807, #864, #2736, #2192 ) ) ;
#2659 = CIRCLE ( 'NONE', #3085, 0.4999999999999995559 ) ;
#2660 = DIRECTION ( 'NONE',  ( 1.000000000000000000, -0.000000000000000000, -1.084202172485504434E-16 ) ) ;
#2661 = DIRECTION ( 'NONE',  ( -0.000000000000000000, 1.000000000000000000, -0.000000000000000000 ) ) ;
#2662 = CARTESIAN_POINT ( 'NONE',  ( 10.00230878708593174, 8.000000000000000000, 19.72413419403395451 ) ) ;
#2663 = AXIS2_PLACEMENT_3D ( 'NONE', #729, #2875, #1413 ) ;
#2664 = EDGE_LOOP ( 'NONE', ( #2468, #2475, #2920, #2555, #873, #2904, #972 ) ) ;
#2665 = DIRECTION ( 'NONE',  ( 1.445602896647339656E-16, 0.000000000000000000, -1.000000000000000000 ) ) ;
#2666 = CIRCLE ( 'NONE', #2023, 1.750000000000000000 ) ;
#2667 = CARTESIAN_POINT ( 'NONE',  ( -3.366925578835472166, 8.000000000000000000, 6.542981697917493733 ) ) ;
#2668 = DIRECTION ( 'NONE',  ( 0.000000000000000000, 0.000000000000000000, 1.000000000000000000 ) ) ;
#2669 = VERTEX_POINT ( 'NONE', #164 ) ;
#2670 = DIRECTION ( 'NONE',  ( 6.938893903907222067E-15, 0.000000000000000000, 1.000000000000000000 ) ) ;
#2671 = CARTESIAN_POINT ( 'NONE',  ( 10.00000000000000178, 0.000000000000000000, 0.7928932188132126191 ) ) ;
#2672 = ORIENTED_EDGE ( 'NONE', *, *, #2506, .F. ) ;
#2673 = ADVANCED_BREP_SHAPE_REPRESENTATION ( '', ( #2273, #2800 ), #2444 ) ;
#2674 = ADVANCED_FACE ( 'NONE', ( #1132 ), #1370, .F. ) ;
#2675 = DIRECTION ( 'NONE',  ( 1.000000000000000000, 0.000000000000000000, 0.000000000000000000 ) ) ;
#2676 = CARTESIAN_POINT ( 'NONE',  ( 8.792893218813444989, 0.000000000000000000, 27.50000000000000000 ) ) ;
#2677 = ORIENTED_EDGE ( 'NONE', *, *, #2732, .F. ) ;
#2678 = CARTESIAN_POINT ( 'NONE',  ( -7.469198998128327993, 0.4017613284644309668, -44.23030773903434465 ) ) ;
#2679 = CYLINDRICAL_SURFACE ( 'NONE', #1161, 2.000000000000001776 ) ;
#2680 = VECTOR ( 'NONE', #2242, 1000.000000000000000 ) ;
#2681 = DIRECTION ( 'NONE',  ( 0.000000000000000000, 1.000000000000000000, 0.000000000000000000 ) ) ;
#2682 = AXIS2_PLACEMENT_3D ( 'NONE', #497, #449, #1476 ) ;
#2683 = DIRECTION ( 'NONE',  ( -0.7071067811865513475, 0.000000000000000000, -0.7071067811865436870 ) ) ;
#2684 = AXIS2_PLACEMENT_3D ( 'NONE', #2197, #1905, #177 ) ;
#2685 = DIRECTION ( 'NONE',  ( 0.000000000000000000, -1.000000000000000000, 0.000000000000000000 ) ) ;
#2686 = CARTESIAN_POINT ( 'NONE',  ( 2.143131898507868297E-16, 4.000000000000000000, -1.750000000000000000 ) ) ;
#2687 = CIRCLE ( 'NONE', #1327, 4.486755167209775408 ) ;
#2688 = ORIENTED_EDGE ( 'NONE', *, *, #121, .T. ) ;
#2689 = ORIENTED_EDGE ( 'NONE', *, *, #582, .T. ) ;
#2690 = CYLINDRICAL_SURFACE ( 'NONE', #1970, 0.5000000000000004441 ) ;
#2691 = DIRECTION ( 'NONE',  ( 0.000000000000000000, 1.000000000000000000, 0.000000000000000000 ) ) ;
#2692 = DIRECTION ( 'NONE',  ( 1.000000000000000000, 0.000000000000000000, 1.224646799147353207E-16 ) ) ;
#2693 = ORIENTED_EDGE ( 'NONE', *, *, #186, .F. ) ;
#2694 = EDGE_CURVE ( 'NONE', #2332, #953, #371, .T. ) ;
#2695 = LINE ( 'NONE', #2993, #1278 ) ;
#2696 = EDGE_CURVE ( 'NONE', #529, #1526, #1377, .T. ) ;
#2697 = CARTESIAN_POINT ( 'NONE',  ( -14.99999999999999645, 2.000000000000000000, 43.00000000000000000 ) ) ;
#2698 = PRODUCT_DEFINITION_SHAPE ( 'NONE', 'NONE',  #1945 ) ;
#2699 = CARTESIAN_POINT ( 'NONE',  ( -9.146446609406728712, 0.000000000000000000, 8.853553390593482675 ) ) ;
#2700 = DIRECTION ( 'NONE',  ( -0.000000000000000000, -0.000000000000000000, 1.000000000000000000 ) ) ;
#2701 = DIRECTION ( 'NONE',  ( -8.673617379884035472E-17, 0.000000000000000000, -1.000000000000000000 ) ) ;
#2702 = CARTESIAN_POINT ( 'NONE',  ( 0.000000000000000000, 0.8999999999999998002, -32.61324483279022246 ) ) ;
#2703 = EDGE_LOOP ( 'NONE', ( #2201, #390, #624, #2367 ) ) ;
#2704 = VERTEX_POINT ( 'NONE', #1897 ) ;
#2705 = DIRECTION ( 'NONE',  ( 0.000000000000000000, -1.000000000000000000, -0.000000000000000000 ) ) ;
#2706 = DIRECTION ( 'NONE',  ( 0.000000000000000000, -1.000000000000000000, 0.000000000000000000 ) ) ;
#2707 = DIRECTION ( 'NONE',  ( 0.000000000000000000, 0.000000000000000000, 1.000000000000000000 ) ) ;
#2708 = CARTESIAN_POINT ( 'NONE',  ( -1.480734290160373279, 0.000000000000000000, 16.72637249102629298 ) ) ;
#2709 = VERTEX_POINT ( 'NONE', #416 ) ;
#2710 = EDGE_CURVE ( 'NONE', #439, #2255, #2495, .T. ) ;
#2711 = DIRECTION ( 'NONE',  ( 0.000000000000000000, 0.000000000000000000, 1.000000000000000000 ) ) ;
#2712 = DIRECTION ( 'NONE',  ( -0.9465101881785404903, 0.000000000000000000, -0.3226739277881372492 ) ) ;
#2713 = VERTEX_POINT ( 'NONE', #2614 ) ;
#2714 = AXIS2_PLACEMENT_3D ( 'NONE', #2337, #865, #381 ) ;
#2715 = APPLICATION_CONTEXT ( 'automotive_design' ) ;
#2716 = CARTESIAN_POINT ( 'NONE',  ( -0.8571976700913414016, 0.1050427078405124504, -43.64383561715731474 ) ) ;
#2717 = CARTESIAN_POINT ( 'NONE',  ( -0.3685902021796187422, 8.627209801101347608, -41.48526942984329224 ) ) ;
#2718 = VECTOR ( 'NONE', #137, 1000.000000000000114 ) ;
#2719 = VECTOR ( 'NONE', #569, 1000.000000000000000 ) ;
#2720 = VERTEX_POINT ( 'NONE', #1351 ) ;
#2721 = ORIENTED_EDGE ( 'NONE', *, *, #1652, .F. ) ;
#2722 = CARTESIAN_POINT ( 'NONE',  ( 7.473181553834417734, 7.001271877858458836, -44.73623675737631800 ) ) ;
#2723 = AXIS2_PLACEMENT_3D ( 'NONE', #825, #388, #341 ) ;
#2724 = CYLINDRICAL_SURFACE ( 'NONE', #2142, 0.5000000000000004441 ) ;
#2725 = ORIENTED_EDGE ( 'NONE', *, *, #2448, .T. ) ;
#2726 = CARTESIAN_POINT ( 'NONE',  ( 4.301289122765019179, 8.000000000000000000, -18.00000000000000000 ) ) ;
#2727 = ORIENTED_EDGE ( 'NONE', *, *, #2105, .T. ) ;
#2728 = DIRECTION ( 'NONE',  ( -1.000000000000000000, -0.000000000000000000, 1.156482317317871478E-16 ) ) ;
#2729 = ORIENTED_EDGE ( 'NONE', *, *, #2127, .F. ) ;
#2730 = CARTESIAN_POINT ( 'NONE',  ( -7.475653172773015775, 1.355659072411353083, -44.89789156163007533 ) ) ;
#2731 = AXIS2_PLACEMENT_3D ( 'NONE', #2610, #1406, #1621 ) ;
#2732 = EDGE_CURVE ( 'NONE', #95, #3086, #1639, .T. ) ;
#2733 = LINE ( 'NONE', #2042, #1768 ) ;
#2734 = DIRECTION ( 'NONE',  ( -0.000000000000000000, 0.000000000000000000, 1.000000000000000000 ) ) ;
#2735 = EDGE_CURVE ( 'NONE', #2241, #633, #562, .T. ) ;
#2736 = ORIENTED_EDGE ( 'NONE', *, *, #2710, .F. ) ;
#2737 = ORIENTED_EDGE ( 'NONE', *, *, #1508, .F. ) ;
#2738 = DIRECTION ( 'NONE',  ( 0.000000000000000000, 0.000000000000000000, -1.000000000000000000 ) ) ;
#2739 = AXIS2_PLACEMENT_3D ( 'NONE', #1398, #2556, #1607 ) ;
#2740 = AXIS2_PLACEMENT_3D ( 'NONE', #2525, #3025, #2311 ) ;
#2741 = DIRECTION ( 'NONE',  ( -1.000000000000000000, 0.000000000000000000, 0.000000000000000000 ) ) ;
#2742 = VECTOR ( 'NONE', #2419, 1000.000000000000000 ) ;
#2743 = ORIENTED_EDGE ( 'NONE', *, *, #2026, .F. ) ;
#2744 = CARTESIAN_POINT ( 'NONE',  ( -9.500000000000001776, 0.000000000000000000, 22.98378142677760749 ) ) ;
#2745 = ORIENTED_EDGE ( 'NONE', *, *, #894, .T. ) ;
#2746 = FILL_AREA_STYLE ('',( #2224 ) ) ;
#2747 = CIRCLE ( 'NONE', #1738, 0.5000000000000004441 ) ;
#2748 = DIRECTION ( 'NONE',  ( 0.000000000000000000, -1.000000000000000000, 0.000000000000000000 ) ) ;
#2749 = ORIENTED_EDGE ( 'NONE', *, *, #907, .F. ) ;
#2750 = VERTEX_POINT ( 'NONE', #2088 ) ;
#2751 = CARTESIAN_POINT ( 'NONE',  ( -1.714040219394046716, 1.348908651922886115, -42.27595378722111263 ) ) ;
#2752 = CARTESIAN_POINT ( 'NONE',  ( 0.1744684976900886531, 7.834493644682646973, -43.79663860800223318 ) ) ;
#2753 = ORIENTED_EDGE ( 'NONE', *, *, #2254, .F. ) ;
#2754 = ORIENTED_EDGE ( 'NONE', *, *, #962, .T. ) ;
#2755 = CARTESIAN_POINT ( 'NONE',  ( 7.469198998128329769, 7.598238671535573197, -44.23030773903435886 ) ) ;
#2756 = ORIENTED_EDGE ( 'NONE', *, *, #149, .T. ) ;
#2757 = CARTESIAN_POINT ( 'NONE',  ( 10.00230878708593174, 0.000000000000000000, 9.073376598951110594 ) ) ;
#2758 = ORIENTED_EDGE ( 'NONE', *, *, #1383, .F. ) ;
#2759 = CARTESIAN_POINT ( 'NONE',  ( 0.7251581894257673744, 7.878022204447310273, -43.68923726491237147 ) ) ;
#2760 = ORIENTED_EDGE ( 'NONE', *, *, #2839, .F. ) ;
#2761 = CARTESIAN_POINT ( 'NONE',  ( 14.99999999999999289, 8.000000000000000000, -45.00000000000000000 ) ) ;
#2762 = CARTESIAN_POINT ( 'NONE',  ( -9.500000000000003553, 8.000000000000000000, -9.721825406948024551 ) ) ;
#2763 = ORIENTED_EDGE ( 'NONE', *, *, #2512, .F. ) ;
#2764 = CARTESIAN_POINT ( 'NONE',  ( -0.1759963144131814206, 0.1654551987526179380, -43.79652079467955872 ) ) ;
#2765 = DIRECTION ( 'NONE',  ( 0.000000000000000000, -0.000000000000000000, 1.000000000000000000 ) ) ;
#2766 = CARTESIAN_POINT ( 'NONE',  ( -14.99999999999999645, 8.000000000000000000, 45.00000000000000000 ) ) ;
#2767 = ORIENTED_EDGE ( 'NONE', *, *, #1230, .F. ) ;
#2768 = CIRCLE ( 'NONE', #1403, 0.5000000000000004441 ) ;
#2769 = ORIENTED_EDGE ( 'NONE', *, *, #2795, .T. ) ;
#2770 = LINE ( 'NONE', #2064, #2990 ) ;
#2771 = CIRCLE ( 'NONE', #1765, 0.5000000000000004441 ) ;
#2772 = DIRECTION ( 'NONE',  ( 0.7071067811865521247, 0.000000000000000000, 0.7071067811865430208 ) ) ;
#2773 = EDGE_LOOP ( 'NONE', ( #1845, #1035, #190, #1060 ) ) ;
#2774 = LINE ( 'NONE', #602, #556 ) ;
#2775 = EDGE_CURVE ( 'NONE', #2888, #1309, #639, .T. ) ;
#2776 = ORIENTED_EDGE ( 'NONE', *, *, #1210, .T. ) ;
#2777 = DIRECTION ( 'NONE',  ( 0.9282025718257935765, 1.341812326506878138E-15, -0.3720752419282725154 ) ) ;
#2778 = VECTOR ( 'NONE', #1802, 1000.000000000000000 ) ;
#2779 = ORIENTED_EDGE ( 'NONE', *, *, #165, .F. ) ;
#2780 = ORIENTED_EDGE ( 'NONE', *, *, #1894, .T. ) ;
#2781 = LINE ( 'NONE', #3047, #1127 ) ;
#2782 = CARTESIAN_POINT ( 'NONE',  ( -10.00000000000000178, 8.000000000000000000, 22.98378142677760749 ) ) ;
#2783 = CIRCLE ( 'NONE', #1371, 2.000000000000001776 ) ;
#2784 = CARTESIAN_POINT ( 'NONE',  ( 5.000000000000000888, 8.000000000000000000, 45.00000000000000000 ) ) ;
#2785 = DIRECTION ( 'NONE',  ( -0.000000000000000000, -1.000000000000000000, -0.000000000000000000 ) ) ;
#2786 = CARTESIAN_POINT ( 'NONE',  ( -0.6112884267454027354, 0.000000000000000000, -1.540220614880083660 ) ) ;
#2787 = EDGE_LOOP ( 'NONE', ( #2745, #2226, #293, #2233 ) ) ;
#2788 = CARTESIAN_POINT ( 'NONE',  ( 0.000000000000000000, 0.000000000000000000, 0.000000000000000000 ) ) ;
#2789 = ORIENTED_EDGE ( 'NONE', *, *, #582, .F. ) ;
#2790 = CARTESIAN_POINT ( 'NONE',  ( 0.3229872449002149093, 0.000000000000000000, 11.25191943303488173 ) ) ;
#2791 = ORIENTED_EDGE ( 'NONE', *, *, #320, .F. ) ;
#2792 = DIRECTION ( 'NONE',  ( 0.000000000000000000, 0.000000000000000000, 1.000000000000000000 ) ) ;
#2793 = VECTOR ( 'NONE', #1655, 1000.000000000000000 ) ;
#2794 = VECTOR ( 'NONE', #51, 1000.000000000000000 ) ;
#2795 = EDGE_CURVE ( 'NONE', #581, #64, #3089, .T. ) ;
#2796 = DIRECTION ( 'NONE',  ( -0.000000000000000000, -1.000000000000000000, -0.000000000000000000 ) ) ;
#2797 = VECTOR ( 'NONE', #1439, 1000.000000000000000 ) ;
#2798 = AXIS2_PLACEMENT_3D ( 'NONE', #730, #2421, #931 ) ;
#2799 = EDGE_CURVE ( 'NONE', #473, #1629, #1792, .T. ) ;
#2800 = AXIS2_PLACEMENT_3D ( 'NONE', #1380, #2568, #1566 ) ;
#2801 = EDGE_CURVE ( 'NONE', #1546, #2332, #498, .T. ) ;
#2802 = CARTESIAN_POINT ( 'NONE',  ( 15.00000000000000711, 8.000000000000000000, -20.08081825816746147 ) ) ;
#2803 = LINE ( 'NONE', #1357, #1202 ) ;
#2804 = ORIENTED_EDGE ( 'NONE', *, *, #966, .F. ) ;
#2805 = DIRECTION ( 'NONE',  ( 1.000000000000000000, -0.000000000000000000, -1.084202172485504434E-16 ) ) ;
#2806 =( NAMED_UNIT ( * ) SI_UNIT ( $, .STERADIAN. ) SOLID_ANGLE_UNIT ( ) );
#2807 = ORIENTED_EDGE ( 'NONE', *, *, #2696, .F. ) ;
#2808 = CARTESIAN_POINT ( 'NONE',  ( 2.004278232047945085, 8.000000000000000000, -43.00000000000000000 ) ) ;
#2809 = ORIENTED_EDGE ( 'NONE', *, *, #362, .T. ) ;
#2810 = CARTESIAN_POINT ( 'NONE',  ( 15.00000000000000355, 2.000000000000000000, 43.00000000000000000 ) ) ;
#2811 = FACE_OUTER_BOUND ( 'NONE', #79, .T. ) ;
#2812 = ORIENTED_EDGE ( 'NONE', *, *, #1414, .T. ) ;
#2813 = EDGE_CURVE ( 'NONE', #833, #239, #2388, .T. ) ;
#2814 = CARTESIAN_POINT ( 'NONE',  ( -7.485563502561555893, 8.000000000000000000, -43.00000000000000000 ) ) ;
#2815 = DIRECTION ( 'NONE',  ( 0.000000000000000000, 1.000000000000000000, 0.000000000000000000 ) ) ;
#2816 = DIRECTION ( 'NONE',  ( 1.000000000000000000, 0.000000000000000000, 1.445602896647339656E-16 ) ) ;
#2817 = EDGE_CURVE ( 'NONE', #2531, #1832, #2193, .T. ) ;
#2818 = ORIENTED_EDGE ( 'NONE', *, *, #1596, .T. ) ;
#2819 = ORIENTED_EDGE ( 'NONE', *, *, #2584, .T. ) ;
#2820 = CARTESIAN_POINT ( 'NONE',  ( -5.643902207985330932, 8.000000000000000000, 12.35609779201484315 ) ) ;
#2821 = DIRECTION ( 'NONE',  ( 1.000000000000000000, 0.000000000000000000, 0.000000000000000000 ) ) ;
#2822 = AXIS2_PLACEMENT_3D ( 'NONE', #2318, #1393, #2609 ) ;
#2823 = EDGE_LOOP ( 'NONE', ( #987, #1736, #374, #522, #553, #3053 ) ) ;
#2824 = AXIS2_PLACEMENT_3D ( 'NONE', #1456, #1429, #1442 ) ;
#2825 = CARTESIAN_POINT ( 'NONE',  ( 4.999999999999993783, 0.000000000000000000, -18.00000000000000000 ) ) ;
#2826 = DIRECTION ( 'NONE',  ( 0.000000000000000000, 1.000000000000000000, 0.000000000000000000 ) ) ;
#2827 = VECTOR ( 'NONE', #2796, 1000.000000000000000 ) ;
#2828 = CARTESIAN_POINT ( 'NONE',  ( 9.148755396492662229, 0.000000000000000000, 20.07768758462722758 ) ) ;
#2829 = ORIENTED_EDGE ( 'NONE', *, *, #585, .T. ) ;
#2830 = ORIENTED_EDGE ( 'NONE', *, *, #1984, .T. ) ;
#2831 = EDGE_CURVE ( 'NONE', #1282, #1296, #815, .T. ) ;
#2832 = CARTESIAN_POINT ( 'NONE',  ( 0.000000000000000000, 6.000000000000000000, 43.00000000000000000 ) ) ;
#2833 = CARTESIAN_POINT ( 'NONE',  ( -1.437602701867647381, 6.646217078584578886, -42.38206032940843215 ) ) ;
#2834 = DIRECTION ( 'NONE',  ( -0.3720752419282696288, 0.000000000000000000, 0.9282025718257946867 ) ) ;
#2835 = DIRECTION ( 'NONE',  ( -3.469446951953617344E-15, 0.000000000000000000, 1.000000000000000000 ) ) ;
#2836 = ADVANCED_FACE ( 'NONE', ( #2068 ), #2145, .T. ) ;
#2837 = DIRECTION ( 'NONE',  ( 0.000000000000000000, 1.000000000000000000, 0.000000000000000000 ) ) ;
#2838 = DIRECTION ( 'NONE',  ( 1.000000000000000000, 0.000000000000000000, 0.000000000000000000 ) ) ;
#2839 = EDGE_CURVE ( 'NONE', #302, #1113, #1115, .T. ) ;
#2840 = AXIS2_PLACEMENT_3D ( 'NONE', #1964, #2882, #2638 ) ;
#2841 = ADVANCED_FACE ( 'NONE', ( #1627 ), #1386, .F. ) ;
#2842 = ORIENTED_EDGE ( 'NONE', *, *, #2566, .T. ) ;
#2843 = DIRECTION ( 'NONE',  ( 0.000000000000000000, 0.000000000000000000, 1.000000000000000000 ) ) ;
#2844 = CARTESIAN_POINT ( 'NONE',  ( -4.999999999999997335, 0.000000000000000000, 45.00000000000000000 ) ) ;
#2845 = VECTOR ( 'NONE', #2433, 1000.000000000000000 ) ;
#2846 = AXIS2_PLACEMENT_3D ( 'NONE', #61, #1032, #2500 ) ;
#2847 = ORIENTED_EDGE ( 'NONE', *, *, #2502, .F. ) ;
#2848 = ORIENTED_EDGE ( 'NONE', *, *, #417, .T. ) ;
#2849 = AXIS2_PLACEMENT_3D ( 'NONE', #457, #2887, #259 ) ;
#2850 = DIRECTION ( 'NONE',  ( 0.000000000000000000, 0.000000000000000000, 1.000000000000000000 ) ) ;
#2851 = DIRECTION ( 'NONE',  ( 0.000000000000000000, 0.000000000000000000, -1.000000000000000000 ) ) ;
#2852 = CARTESIAN_POINT ( 'NONE',  ( 0.5874457452535398749, 1.408448515436155457, -42.61248226414488016 ) ) ;
#2853 = CARTESIAN_POINT ( 'NONE',  ( -3.840180672924743188, 8.000000000000000000, 6.381644734023424803 ) ) ;
#2854 = PLANE ( 'NONE',  #604 ) ;
#2855 = EDGE_CURVE ( 'NONE', #1424, #225, #1528, .T. ) ;
#2856 =( NAMED_UNIT ( * ) SI_UNIT ( $, .STERADIAN. ) SOLID_ANGLE_UNIT ( ) );
#2857 = ORIENTED_EDGE ( 'NONE', *, *, #1130, .T. ) ;
#2858 = CARTESIAN_POINT ( 'NONE',  ( -5.456362398672477632, 0.000000000000000000, 27.33866303610593107 ) ) ;
#2859 = DIRECTION ( 'NONE',  ( 0.000000000000000000, 0.000000000000000000, 1.000000000000000000 ) ) ;
#2860 = ORIENTED_EDGE ( 'NONE', *, *, #1855, .T. ) ;
#2861 = DIRECTION ( 'NONE',  ( 0.000000000000000000, 1.000000000000000000, 0.000000000000000000 ) ) ;
#2862 = DIRECTION ( 'NONE',  ( 8.881784197001249365E-16, 0.000000000000000000, -1.000000000000000000 ) ) ;
#2863 = DIRECTION ( 'NONE',  ( 0.000000000000000000, 1.000000000000000000, 0.000000000000000000 ) ) ;
#2864 = DIRECTION ( 'NONE',  ( 0.000000000000000000, 0.000000000000000000, -1.000000000000000000 ) ) ;
#2865 = CARTESIAN_POINT ( 'NONE',  ( 15.00000000000000355, 4.000000000000000000, 42.25000000000000000 ) ) ;
#2866 = DIRECTION ( 'NONE',  ( -1.000000000000000000, 0.000000000000000000, 0.000000000000000000 ) ) ;
#2867 = EDGE_CURVE ( 'NONE', #803, #1690, #3110, .T. ) ;
#2868 = VERTEX_POINT ( 'NONE', #3134 ) ;
#2869 = DIRECTION ( 'NONE',  ( 0.000000000000000000, 1.000000000000000000, 0.000000000000000000 ) ) ;
#2870 = DIRECTION ( 'NONE',  ( -1.000000000000000000, 0.000000000000000000, 0.000000000000000000 ) ) ;
#2871 = ADVANCED_FACE ( 'NONE', ( #1670 ), #1192, .T. ) ;
#2872 = EDGE_LOOP ( 'NONE', ( #2756, #1374, #4, #84, #2102, #351, #1839 ) ) ;
#2873 = AXIS2_PLACEMENT_3D ( 'NONE', #1120, #609, #119 ) ;
#2874 = FACE_OUTER_BOUND ( 'NONE', #2487, .T. ) ;
#2875 = DIRECTION ( 'NONE',  ( -0.9282025718257945757, -0.000000000000000000, -0.3720752419282703505 ) ) ;
#2876 = VECTOR ( 'NONE', #1116, 1000.000000000000000 ) ;
#2877 = FACE_OUTER_BOUND ( 'NONE', #1954, .T. ) ;
#2878 = CARTESIAN_POINT ( 'NONE',  ( 10.00000000000000178, 8.000000000000000000, 0.7928932188132126191 ) ) ;
#2879 = UNCERTAINTY_MEASURE_WITH_UNIT (LENGTH_MEASURE( 1.000000000000000082E-05 ), #1831, 'distance_accuracy_value', 'NONE');
#2880 = LINE ( 'NONE', #733, #2922 ) ;
#2881 = B_SPLINE_CURVE_WITH_KNOTS ( 'NONE', 3,
 ( #1669, #956, #2625, #1879, #441, #2907 ),
 .UNSPECIFIED., .F., .F.,
 ( 4, 2, 4 ),
 ( 0.000000000000000000, 0.4622015216695160023, 0.9244030433390320045 ),
 .UNSPECIFIED. ) ;
#2882 = DIRECTION ( 'NONE',  ( -1.000000000000000000, -0.000000000000000000, -0.000000000000000000 ) ) ;
#2883 = CIRCLE ( 'NONE', #3045, 0.5000000000000000000 ) ;
#2884 = EDGE_LOOP ( 'NONE', ( #2776, #477, #2016, #784 ) ) ;
#2885 = DIRECTION ( 'NONE',  ( 0.000000000000000000, 0.000000000000000000, 1.000000000000000000 ) ) ;
#2886 = CARTESIAN_POINT ( 'NONE',  ( 1.714040219394045383, 6.651091348077083687, -42.27595378722109842 ) ) ;
#2887 = DIRECTION ( 'NONE',  ( 0.000000000000000000, 1.000000000000000000, 0.000000000000000000 ) ) ;
#2888 = VERTEX_POINT ( 'NONE', #235 ) ;
#2889 = VECTOR ( 'NONE', #1050, 1000.000000000000000 ) ;
#2890 = EDGE_CURVE ( 'NONE', #1136, #623, #1907, .T. ) ;
#2891 = CARTESIAN_POINT ( 'NONE',  ( -7.471247055225846090, 7.230416682966617437, -44.59815407463074166 ) ) ;
#2892 = LINE ( 'NONE', #184, #1404 ) ;
#2893 = AXIS2_PLACEMENT_3D ( 'NONE', #1443, #2946, #1930 ) ;
#2894 = VECTOR ( 'NONE', #2160, 1000.000000000000000 ) ;
#2895 = ADVANCED_FACE ( 'NONE', ( #1957 ), #2657, .F. ) ;
#2896 = DIRECTION ( 'NONE',  ( -0.000000000000000000, -1.000000000000000000, -0.000000000000000000 ) ) ;
#2897 = ADVANCED_FACE ( 'NONE', ( #694 ), #938, .F. ) ;
#2898 = AXIS2_PLACEMENT_3D ( 'NONE', #2154, #3126, #1662 ) ;
#2899 = TOROIDAL_SURFACE ( 'NONE', #1525, 5.386755167209774875, 0.9000000000000000222 ) ;
#2900 = CARTESIAN_POINT ( 'NONE',  ( 1.714040219394044495, 1.348908651922916757, -42.27595378722109842 ) ) ;
#2901 = DIRECTION ( 'NONE',  ( 0.000000000000000000, 0.000000000000000000, 1.000000000000000000 ) ) ;
#2902 = LINE ( 'NONE', #2172, #1169 ) ;
#2903 = AXIS2_PLACEMENT_3D ( 'NONE', #670, #3043, #1097 ) ;
#2904 = ORIENTED_EDGE ( 'NONE', *, *, #237, .F. ) ;
#2905 = ORIENTED_EDGE ( 'NONE', *, *, #2276, .T. ) ;
#2906 = DIRECTION ( 'NONE',  ( -0.7071067811865522357, 0.000000000000000000, -0.7071067811865429098 ) ) ;
#2907 = CARTESIAN_POINT ( 'NONE',  ( -7.485563502561555893, 8.000000000000000000, -43.00000000000000000 ) ) ;
#2908 = ORIENTED_EDGE ( 'NONE', *, *, #2635, .F. ) ;
#2909 = DIRECTION ( 'NONE',  ( -0.7071067811865521247, 0.000000000000000000, -0.7071067811865430208 ) ) ;
#2910 = DIRECTION ( 'NONE',  ( 0.000000000000000000, 0.000000000000000000, -1.000000000000000000 ) ) ;
#2911 = ADVANCED_FACE ( 'NONE', ( #471 ), #355, .T. ) ;
#2912 = CYLINDRICAL_SURFACE ( 'NONE', #1682, 0.4999999999999995559 ) ;
#2913 = CARTESIAN_POINT ( 'NONE',  ( 5.000000000000002665, 0.000000000000000000, 33.00000000000000000 ) ) ;
#2914 = EDGE_CURVE ( 'NONE', #1309, #2036, #1924, .T. ) ;
#2915 = APPLICATION_PROTOCOL_DEFINITION ( 'draft international standard', 'automotive_design', 1998, #830 ) ;
#2916 = EDGE_LOOP ( 'NONE', ( #407, #2753, #1254, #2581 ) ) ;
#2917 = ORIENTED_EDGE ( 'NONE', *, *, #966, .T. ) ;
#2918 = CARTESIAN_POINT ( 'NONE',  ( 8.792893218813444989, 8.000000000000000000, 27.50000000000000000 ) ) ;
#2919 = CARTESIAN_POINT ( 'NONE',  ( 0.3643585503193080277, 0.1553581606199124776, -43.77414215808565245 ) ) ;
#2920 = ORIENTED_EDGE ( 'NONE', *, *, #1087, .T. ) ;
#2921 = CARTESIAN_POINT ( 'NONE',  ( -7.476345667470125633, 1.482603742428617588, -44.93630119213477769 ) ) ;
#2922 = VECTOR ( 'NONE', #1216, 999.9999999999998863 ) ;
#2923 = DIRECTION ( 'NONE',  ( 0.7071067811865436870, 0.000000000000000000, -0.7071067811865513475 ) ) ;
#2924 = CARTESIAN_POINT ( 'NONE',  ( -10.00000000000000178, 0.000000000000000000, 22.98378142677760749 ) ) ;
#2925 = VECTOR ( 'NONE', #2152, 1000.000000000000000 ) ;
#2926 = CARTESIAN_POINT ( 'NONE',  ( 1.437491377886016108, 1.353786675030644870, -42.38210159770835617 ) ) ;
#2927 = AXIS2_PLACEMENT_3D ( 'NONE', #1495, #2206, #271 ) ;
#2928 = CARTESIAN_POINT ( 'NONE',  ( -1.185015211764676613, 8.000000000000000000, -1.406840618712807078 ) ) ;
#2929 = DIRECTION ( 'NONE',  ( -1.000000000000000000, 0.000000000000000000, 0.000000000000000000 ) ) ;
#2930 = PRODUCT_DEFINITION_SHAPE ( 'NONE', 'NONE',  #3031 ) ;
#2931 = EDGE_CURVE ( 'NONE', #1136, #2984, #7, .T. ) ;
#2932 = ORIENTED_EDGE ( 'NONE', *, *, #2604, .T. ) ;
#2933 = VERTEX_POINT ( 'NONE', #1969 ) ;
#2934 = VECTOR ( 'NONE', #1093, 1000.000000000000000 ) ;
#2935 = DIRECTION ( 'NONE',  ( 0.000000000000000000, 0.000000000000000000, 1.000000000000000000 ) ) ;
#2936 = DIRECTION ( 'NONE',  ( -1.000000000000000000, 0.000000000000000000, -0.000000000000000000 ) ) ;
#2937 = EDGE_CURVE ( 'NONE', #1780, #1761, #1241, .T. ) ;
#2938 = VERTEX_POINT ( 'NONE', #1688 ) ;
#2939 = LINE ( 'NONE', #2643, #1844 ) ;
#2940 = EDGE_CURVE ( 'NONE', #1296, #275, #2939, .T. ) ;
#2941 = DIRECTION ( 'NONE',  ( 0.000000000000000000, 1.000000000000000000, 0.000000000000000000 ) ) ;
#2942 = VERTEX_POINT ( 'NONE', #2208 ) ;
#2943 = LINE ( 'NONE', #1790, #809 ) ;
#2944 = CARTESIAN_POINT ( 'NONE',  ( -9.500000000000001776, 0.000000000000000000, 8.707106781186759292 ) ) ;
#2945 = PLANE ( 'NONE',  #1418 ) ;
#2946 = DIRECTION ( 'NONE',  ( 0.000000000000000000, 1.000000000000000000, 0.000000000000000000 ) ) ;
#2947 =( REPRESENTATION_RELATIONSHIP ('NONE','NONE', #1416, #2612 ) REPRESENTATION_RELATIONSHIP_WITH_TRANSFORMATION ( #1462 )SHAPE_REPRESENTATION_RELATIONSHIP( ) );
#2948 = PLANE ( 'NONE',  #1524 ) ;
#2949 = CARTESIAN_POINT ( 'NONE',  ( 1.843030399795299923, 8.000000000000000000, -43.11752201334385148 ) ) ;
#2950 = DIRECTION ( 'NONE',  ( 0.000000000000000000, 0.000000000000000000, -1.000000000000000000 ) ) ;
#2951 = AXIS2_PLACEMENT_3D ( 'NONE', #1428, #1702, #213 ) ;
#2952 = AXIS2_PLACEMENT_3D ( 'NONE', #178, #1644, #2603 ) ;
#2953 = VERTEX_POINT ( 'NONE', #753 ) ;
#2954 = DIRECTION ( 'NONE',  ( -0.000000000000000000, -1.000000000000000000, -0.000000000000000000 ) ) ;
#2955 = DIRECTION ( 'NONE',  ( 0.000000000000000000, 0.000000000000000000, 1.000000000000000000 ) ) ;
#2956 = FACE_OUTER_BOUND ( 'NONE', #1817, .T. ) ;
#2957 = VECTOR ( 'NONE', #2586, 1000.000000000000000 ) ;
#2958 = DIRECTION ( 'NONE',  ( 0.000000000000000000, 0.000000000000000000, -1.000000000000000000 ) ) ;
#2959 = ORIENTED_EDGE ( 'NONE', *, *, #1677, .T. ) ;
#2960 = CARTESIAN_POINT ( 'NONE',  ( -7.477541933972236876, 2.000000000000000000, -45.00000000000000000 ) ) ;
#2961 = CARTESIAN_POINT ( 'NONE',  ( -14.99999999999999645, 2.000000000000000000, 45.00000000000000000 ) ) ;
#2962 = ORIENTED_EDGE ( 'NONE', *, *, #413, .F. ) ;
#2963 = ORIENTED_EDGE ( 'NONE', *, *, #2914, .F. ) ;
#2964 = CARTESIAN_POINT ( 'NONE',  ( -0.7330675247595478394, 1.398316003405073005, -42.57878503598607267 ) ) ;
#2965 = CARTESIAN_POINT ( 'NONE',  ( -0.2980874042182446448, 6.577596815850909273, -42.64098285779535047 ) ) ;
#2966 = ORIENTED_EDGE ( 'NONE', *, *, #219, .T. ) ;
#2967 = ORIENTED_EDGE ( 'NONE', *, *, #1620, .T. ) ;
#2968 = DIRECTION ( 'NONE',  ( 0.000000000000000000, 0.000000000000000000, 1.000000000000000000 ) ) ;
#2969 = CARTESIAN_POINT ( 'NONE',  ( -1.706805366862495843, 7.604473570905275662E-17, -43.21680668666041214 ) ) ;
#2970 = CARTESIAN_POINT ( 'NONE',  ( 8.792893218813443212, 0.000000000000000000, 28.00000000000000000 ) ) ;
#2971 = EDGE_CURVE ( 'NONE', #3028, #1135, #761, .T. ) ;
#2972 = ORIENTED_EDGE ( 'NONE', *, *, #2566, .F. ) ;
#2973 = LINE ( 'NONE', #1733, #662 ) ;
#2974 = ORIENTED_EDGE ( 'NONE', *, *, #708, .F. ) ;
#2975 = CARTESIAN_POINT ( 'NONE',  ( -7.477541933972237764, 1.867938188914130659, -45.00000000000001421 ) ) ;
#2976 = EDGE_CURVE ( 'NONE', #563, #473, #301, .T. ) ;
#2977 = DIRECTION ( 'NONE',  ( 0.000000000000000000, 0.000000000000000000, 1.000000000000000000 ) ) ;
#2978 = ORIENTED_EDGE ( 'NONE', *, *, #2867, .F. ) ;
#2979 = CLOSED_SHELL ( 'NONE', ( #561, #1801, #1962, #2507, #1503, #2674 ) ) ;
#2980 = CARTESIAN_POINT ( 'NONE',  ( -0.7682660246891361844, -0.3536715860692608571, -41.56060886303004764 ) ) ;
#2981 = CARTESIAN_POINT ( 'NONE',  ( 4.774544216854288869, 8.000000000000000000, -17.33866303610592752 ) ) ;
#2982 = AXIS2_PLACEMENT_3D ( 'NONE', #157, #3065, #3080 ) ;
#2983 = VECTOR ( 'NONE', #2449, 1000.000000000000114 ) ;
#2984 = VERTEX_POINT ( 'NONE', #2970 ) ;
#2985 = ORIENTED_EDGE ( 'NONE', *, *, #223, .T. ) ;
#2986 = DIRECTION ( 'NONE',  ( 0.000000000000000000, 0.000000000000000000, -1.000000000000000000 ) ) ;
#2987 = AXIS2_PLACEMENT_3D ( 'NONE', #1220, #221, #750 ) ;
#2988 = FACE_OUTER_BOUND ( 'NONE', #928, .T. ) ;
#2989 = FACE_OUTER_BOUND ( 'NONE', #827, .T. ) ;
#2990 = VECTOR ( 'NONE', #2285, 1000.000000000000000 ) ;
#2991 = VERTEX_POINT ( 'NONE', #3023 ) ;
#2992 = ORIENTED_EDGE ( 'NONE', *, *, #108, .T. ) ;
#2993 = CARTESIAN_POINT ( 'NONE',  ( -14.99999999999999645, 2.000000000000000000, 45.00000000000000000 ) ) ;
#2994 = DIRECTION ( 'NONE',  ( 1.156482317317871478E-16, 0.000000000000000000, 1.000000000000000000 ) ) ;
#2995 = CARTESIAN_POINT ( 'NONE',  ( 15.00000000000000711, 8.000000000000000000, -20.08081825816746147 ) ) ;
#2996 = ORIENTED_EDGE ( 'NONE', *, *, #1537, .F. ) ;
#2997 = EDGE_LOOP ( 'NONE', ( #632, #88, #2689, #1898 ) ) ;
#2998 = CARTESIAN_POINT ( 'NONE',  ( -0.2663279082760449112, -0.7135485039342681635, -41.44982110054802149 ) ) ;
#2999 = CARTESIAN_POINT ( 'NONE',  ( 0.2971413503594380612, 6.577560637719695791, -42.64106805965966629 ) ) ;
#3000 = LINE ( 'NONE', #2766, #2138 ) ;
#3001 = AXIS2_PLACEMENT_3D ( 'NONE', #1303, #549, #22 ) ;
#3002 = VERTEX_POINT ( 'NONE', #2508 ) ;
#3003 = ORIENTED_EDGE ( 'NONE', *, *, #380, .T. ) ;
#3004 = LINE ( 'NONE', #1298, #2623 ) ;
#3005 = AXIS2_PLACEMENT_3D ( 'NONE', #156, #3079, #106 ) ;
#3006 = VERTEX_POINT ( 'NONE', #2521 ) ;
#3007 = CARTESIAN_POINT ( 'NONE',  ( 5.135427631714140517, 8.000000000000000000, -2.864572368286047777 ) ) ;
#3008 = AXIS2_PLACEMENT_3D ( 'NONE', #957, #976, #1208 ) ;
#3009 = AXIS2_PLACEMENT_3D ( 'NONE', #525, #2472, #291 ) ;
#3010 = ORIENTED_EDGE ( 'NONE', *, *, #2931, .T. ) ;
#3011 = CARTESIAN_POINT ( 'NONE',  ( -14.99999999999999645, 2.000000000000000000, 43.00000000000000000 ) ) ;
#3012 = AXIS2_PLACEMENT_3D ( 'NONE', #1536, #1548, #1315 ) ;
#3013 = ORIENTED_EDGE ( 'NONE', *, *, #54, .F. ) ;
#3014 = DIRECTION ( 'NONE',  ( 0.000000000000000000, -1.000000000000000000, 0.000000000000000000 ) ) ;
#3015 = ORIENTED_EDGE ( 'NONE', *, *, #109, .T. ) ;
#3016 = EDGE_CURVE ( 'NONE', #1981, #1832, #196, .T. ) ;
#3017 = CARTESIAN_POINT ( 'NONE',  ( 1.017180583049628773, 1.378539903189955673, -42.51273089727414600 ) ) ;
#3018 = CARTESIAN_POINT ( 'NONE',  ( -0.5893585891207181460, 6.591859145588935043, -42.60505222064258390 ) ) ;
#3019 = ORIENTED_EDGE ( 'NONE', *, *, #1044, .F. ) ;
#3020 = EDGE_CURVE ( 'NONE', #576, #2354, #2400, .T. ) ;
#3021 = ORIENTED_EDGE ( 'NONE', *, *, #2413, .F. ) ;
#3022 = EDGE_CURVE ( 'NONE', #623, #1774, #2473, .T. ) ;
#3023 = CARTESIAN_POINT ( 'NONE',  ( 9.148755396492660452, 8.000000000000000000, 20.07768758462722758 ) ) ;
#3024 = ORIENTED_EDGE ( 'NONE', *, *, #1048, .T. ) ;
#3025 = DIRECTION ( 'NONE',  ( -0.000000000000000000, -1.000000000000000000, -0.000000000000000000 ) ) ;
#3026 = ORIENTED_EDGE ( 'NONE', *, *, #3096, .F. ) ;
#3027 = DIRECTION ( 'NONE',  ( 0.000000000000000000, 0.000000000000000000, 1.000000000000000000 ) ) ;
#3028 = VERTEX_POINT ( 'NONE', #1749 ) ;
#3029 = DIRECTION ( 'NONE',  ( -0.000000000000000000, -1.000000000000000000, -0.000000000000000000 ) ) ;
#3030 = CARTESIAN_POINT ( 'NONE',  ( -1.082594168379136468, 8.175003324711751063, -41.57495035386875770 ) ) ;
#3031 = PRODUCT_DEFINITION ( 'UNKNOWN', '', #2247, #1076 ) ;
#3032 = ORIENTED_EDGE ( 'NONE', *, *, #696, .T. ) ;
#3033 = CIRCLE ( 'NONE', #2163, 0.5000000000000000000 ) ;
#3034 = DIRECTION ( 'NONE',  ( -0.7071067811865435759, 0.000000000000000000, 0.7071067811865514585 ) ) ;
#3035 = DIRECTION ( 'NONE',  ( 0.000000000000000000, -1.000000000000000000, 0.000000000000000000 ) ) ;
#3036 = AXIS2_PLACEMENT_3D ( 'NONE', #949, #970, #2143 ) ;
#3037 = ADVANCED_FACE ( 'NONE', ( #2956 ), #1816, .F. ) ;
#3038 = VERTEX_POINT ( 'NONE', #292 ) ;
#3039 = AXIS2_PLACEMENT_3D ( 'NONE', #655, #2589, #2330 ) ;
#3040 = EDGE_CURVE ( 'NONE', #2036, #756, #716, .T. ) ;
#3041 = CARTESIAN_POINT ( 'NONE',  ( 5.000000000000002665, 0.000000000000000000, 33.00000000000000000 ) ) ;
#3042 = VERTEX_POINT ( 'NONE', #100 ) ;
#3043 = DIRECTION ( 'NONE',  ( -0.000000000000000000, 1.000000000000000000, -0.000000000000000000 ) ) ;
#3044 = DIRECTION ( 'NONE',  ( 0.9465101881785404903, 0.000000000000000000, 0.3226739277881372492 ) ) ;
#3045 = AXIS2_PLACEMENT_3D ( 'NONE', #1846, #2368, #123 ) ;
#3046 = ORIENTED_EDGE ( 'NONE', *, *, #3096, .T. ) ;
#3047 = CARTESIAN_POINT ( 'NONE',  ( 14.99999999999999289, 0.000000000000000000, -45.00000000000000000 ) ) ;
#3048 = DIRECTION ( 'NONE',  ( 0.000000000000000000, -1.000000000000000000, 0.000000000000000000 ) ) ;
#3049 = DIRECTION ( 'NONE',  ( 1.445602896647339656E-16, 0.000000000000000000, -1.000000000000000000 ) ) ;
#3050 = ORIENTED_EDGE ( 'NONE', *, *, #277, .F. ) ;
#3051 = CARTESIAN_POINT ( 'NONE',  ( 3.331706096653556326, 8.000000000000000000, 2.609880689705364798 ) ) ;
#3052 = FACE_OUTER_BOUND ( 'NONE', #542, .T. ) ;
#3053 = ORIENTED_EDGE ( 'NONE', *, *, #719, .T. ) ;
#3054 = AXIS2_PLACEMENT_3D ( 'NONE', #2370, #222, #469 ) ;
#3055 = ADVANCED_FACE ( 'NONE', ( #1766, #1061 ), #1039, .F. ) ;
#3056 = DIRECTION ( 'NONE',  ( 0.000000000000000000, 0.000000000000000000, -1.000000000000000000 ) ) ;
#3057 = ORIENTED_EDGE ( 'NONE', *, *, #1447, .T. ) ;
#3058 = DIRECTION ( 'NONE',  ( -0.000000000000000000, -1.000000000000000000, -0.000000000000000000 ) ) ;
#3059 = AXIS2_PLACEMENT_3D ( 'NONE', #2047, #2265, #328 ) ;
#3060 = EDGE_CURVE ( 'NONE', #1762, #1113, #526, .T. ) ;
#3061 = LINE ( 'NONE', #166, #2876 ) ;
#3062 = ORIENTED_EDGE ( 'NONE', *, *, #2775, .F. ) ;
#3063 = VECTOR ( 'NONE', #1395, 1000.000000000000000 ) ;
#3064 = CARTESIAN_POINT ( 'NONE',  ( -5.524200504489333419, 0.000000000000000000, 12.87098814650218692 ) ) ;
#3065 = DIRECTION ( 'NONE',  ( 0.000000000000000000, 1.000000000000000000, 0.000000000000000000 ) ) ;
#3066 = DIRECTION ( 'NONE',  ( 0.3226739277881373047, -0.000000000000000000, -0.9465101881785403792 ) ) ;
#3067 = DIRECTION ( 'NONE',  ( 0.000000000000000000, -1.000000000000000000, 0.000000000000000000 ) ) ;
#3068 = LINE ( 'NONE', #2351, #739 ) ;
#3069 = CARTESIAN_POINT ( 'NONE',  ( 5.000000000000000888, 8.000000000000000000, 43.00000000000000000 ) ) ;
#3070 =( LENGTH_UNIT ( ) NAMED_UNIT ( * ) SI_UNIT ( .MILLI., .METRE. ) );
#3071 = VERTEX_POINT ( 'NONE', #2726 ) ;
#3072 = PLANE ( 'NONE',  #1886 ) ;
#3073 = DIRECTION ( 'NONE',  ( 0.000000000000000000, 0.000000000000000000, 1.000000000000000000 ) ) ;
#3074 = PRODUCT_RELATED_PRODUCT_CATEGORY ( 'part', '', ( #33 ) ) ;
#3075 = DIRECTION ( 'NONE',  ( 1.000000000000000000, -0.000000000000000000, -1.084202172485504434E-16 ) ) ;
#3076 = ORIENTED_EDGE ( 'NONE', *, *, #2831, .T. ) ;
#3077 = VERTEX_POINT ( 'NONE', #3007 ) ;
#3078 = EDGE_CURVE ( 'NONE', #973, #1117, #2747, .T. ) ;
#3079 = DIRECTION ( 'NONE',  ( 0.000000000000000000, 0.000000000000000000, -1.000000000000000000 ) ) ;
#3080 = DIRECTION ( 'NONE',  ( 0.000000000000000000, 0.000000000000000000, 1.000000000000000000 ) ) ;
#3081 = CARTESIAN_POINT ( 'NONE',  ( -9.500000000000001776, 0.000000000000000000, 0.7218254069482293866 ) ) ;
#3082 = FACE_OUTER_BOUND ( 'NONE', #884, .T. ) ;
#3083 = DIRECTION ( 'NONE',  ( 0.000000000000000000, 1.000000000000000000, 0.000000000000000000 ) ) ;
#3084 = DIRECTION ( 'NONE',  ( 0.000000000000000000, 0.000000000000000000, 1.000000000000000000 ) ) ;
#3085 = AXIS2_PLACEMENT_3D ( 'NONE', #2853, #2785, #2835 ) ;
#3086 = VERTEX_POINT ( 'NONE', #1005 ) ;
#3087 = AXIS2_PLACEMENT_3D ( 'NONE', #1171, #230, #1 ) ;
#3088 = CARTESIAN_POINT ( 'NONE',  ( 0.1913930783792082702, 7.834732939134490870, -43.79608750846099952 ) ) ;
#3089 = LINE ( 'NONE', #130, #101 ) ;
#3090 = VECTOR ( 'NONE', #2994, 1000.000000000000000 ) ;
#3091 = DIRECTION ( 'NONE',  ( 0.7071067811865522357, 0.000000000000000000, 0.7071067811865429098 ) ) ;
#3092 = EDGE_LOOP ( 'NONE', ( #2688, #961, #1165, #12, #316, #1157 ) ) ;
#3093 = ORIENTED_EDGE ( 'NONE', *, *, #717, .T. ) ;
#3094 = FACE_OUTER_BOUND ( 'NONE', #2434, .T. ) ;
#3095 = DIRECTION ( 'NONE',  ( 0.000000000000000000, 1.000000000000000000, 0.000000000000000000 ) ) ;
#3096 = EDGE_CURVE ( 'NONE', #1690, #486, #2238, .T. ) ;
#3097 = CYLINDRICAL_SURFACE ( 'NONE', #1889, 0.5000000000000000000 ) ;
#3098 = ORIENTED_EDGE ( 'NONE', *, *, #378, .F. ) ;
#3099 = CARTESIAN_POINT ( 'NONE',  ( -1.480734290160373279, 8.000000000000000000, 17.22637249102629298 ) ) ;
#3100 = DIRECTION ( 'NONE',  ( 0.000000000000000000, 0.000000000000000000, -1.000000000000000000 ) ) ;
#3101 = AXIS2_PLACEMENT_3D ( 'NONE', #3148, #1681, #2668 ) ;
#3102 = ORIENTED_EDGE ( 'NONE', *, *, #2084, .T. ) ;
#3103 = CIRCLE ( 'NONE', #1226, 5.122499389946279180 ) ;
#3104 = LINE ( 'NONE', #1643, #1522 ) ;
#3105 = DIRECTION ( 'NONE',  ( 0.3226739277881371937, 0.000000000000000000, -0.9465101881785404903 ) ) ;
#3106 = CIRCLE ( 'NONE', #93, 0.5000000000000000000 ) ;
#3107 = VECTOR ( 'NONE', #386, 1000.000000000000000 ) ;
#3108 = CIRCLE ( 'NONE', #2141, 0.5000000000000000000 ) ;
#3109 = ORIENTED_EDGE ( 'NONE', *, *, #3040, .F. ) ;
#3110 = CIRCLE ( 'NONE', #3008, 0.5000000000000004441 ) ;
#3111 = CYLINDRICAL_SURFACE ( 'NONE', #1174, 0.5000000000000004441 ) ;
#3112 = CYLINDRICAL_SURFACE ( 'NONE', #2824, 0.5000000000000000000 ) ;
#3113 = CARTESIAN_POINT ( 'NONE',  ( 0.000000000000000000, 7.100000000000000533, -38.00000000000000000 ) ) ;
#3114 = AXIS2_PLACEMENT_3D ( 'NONE', #665, #399, #1142 ) ;
#3115 = EDGE_CURVE ( 'NONE', #1526, #439, #1272, .T. ) ;
#3116 = DIRECTION ( 'NONE',  ( -0.000000000000000000, -1.000000000000000000, 0.000000000000000000 ) ) ;
#3117 = CARTESIAN_POINT ( 'NONE',  ( -0.8314618211714049911, 0.000000000000000000, -1.760394009306083030 ) ) ;
#3118 = APPLICATION_PROTOCOL_DEFINITION ( 'draft international standard', 'automotive_design', 1998, #2715 ) ;
#3119 = ADVANCED_FACE ( 'NONE', ( #53 ), #1985, .F. ) ;
#3120 = VERTEX_POINT ( 'NONE', #598 ) ;
#3121 = LINE ( 'NONE', #1437, #1939 ) ;
#3122 = VERTEX_POINT ( 'NONE', #1287 ) ;
#3123 = CYLINDRICAL_SURFACE ( 'NONE', #2439, 2.250000000000001776 ) ;
#3124 = CARTESIAN_POINT ( 'NONE',  ( 10.00000000000000000, 8.000000000000000000, -14.98378142677764657 ) ) ;
#3125 = CARTESIAN_POINT ( 'NONE',  ( 0.9722597138891808655, 8.000000000000000000, -7.734847067297494938 ) ) ;
#3126 = DIRECTION ( 'NONE',  ( -0.9282025718257935765, -1.341812326506877546E-15, -0.3720752419282725154 ) ) ;
#3127 = DIRECTION ( 'NONE',  ( 0.000000000000000000, 1.000000000000000000, 0.000000000000000000 ) ) ;
#3128 = DIRECTION ( 'NONE',  ( 0.000000000000000000, 1.000000000000000000, 0.000000000000000000 ) ) ;
#3129 = ORIENTED_EDGE ( 'NONE', *, *, #2931, .F. ) ;
#3130 = VERTEX_POINT ( 'NONE', #335 ) ;
#3131 = CARTESIAN_POINT ( 'NONE',  ( 15.00000000000000355, 8.000000000000000000, 0.000000000000000000 ) ) ;
#3132 = ADVANCED_FACE ( 'NONE', ( #2989 ), #801, .F. ) ;
#3133 = AXIS2_PLACEMENT_3D ( 'NONE', #922, #1664, #437 ) ;
#3134 = CARTESIAN_POINT ( 'NONE',  ( 0.6187063232959075787, 8.000000000000000000, -7.381293676704222761 ) ) ;
#3135 = EDGE_CURVE ( 'NONE', #2372, #302, #619, .T. ) ;
#3136 = CIRCLE ( 'NONE', #2982, 0.5000000000000004441 ) ;
#3137 = EDGE_CURVE ( 'NONE', #2267, #220, #273, .T. ) ;
#3138 = ORIENTED_EDGE ( 'NONE', *, *, #2855, .F. ) ;
#3139 = CIRCLE ( 'NONE', #995, 42.32209713996404332 ) ;
#3140 = CARTESIAN_POINT ( 'NONE',  ( -7.469801112168417134, 7.736308601742229563, -44.00114820871913679 ) ) ;
#3141 = DIRECTION ( 'NONE',  ( -0.7071067811865513475, 0.000000000000000000, -0.7071067811865436870 ) ) ;
#3142 = CARTESIAN_POINT ( 'NONE',  ( 7.473271841439657059, 0.9925023720601046096, -44.74720948206961424 ) ) ;
#3143 = DIRECTION ( 'NONE',  ( 0.000000000000000000, -1.000000000000000000, 0.000000000000000000 ) ) ;
#3144 = AXIS2_PLACEMENT_3D ( 'NONE', #1728, #705, #1966 ) ;
#3145 = CARTESIAN_POINT ( 'NONE',  ( 15.00000000000000355, 8.000000000000000000, 43.00000000000000000 ) ) ;
#3146 = UNCERTAINTY_MEASURE_WITH_UNIT (LENGTH_MEASURE( 1.000000000000000082E-05 ), #218, 'distance_accuracy_value', 'NONE');
#3147 = DIRECTION ( 'NONE',  ( 0.000000000000000000, 0.000000000000000000, 1.000000000000000000 ) ) ;
#3148 = CARTESIAN_POINT ( 'NONE',  ( 0.000000000000000000, 0.8999999999999998002, -38.00000000000000000 ) ) ;
#3149 = VERTEX_POINT ( 'NONE', #850 ) ;
#3150 = DIRECTION ( 'NONE',  ( 0.000000000000000000, 1.000000000000000000, 0.000000000000000000 ) ) ;
#3151 = CARTESIAN_POINT ( 'NONE',  ( 5.135427631714140517, 0.000000000000000000, -2.864572368286047777 ) ) ;
#3152 = AXIS2_PLACEMENT_3D ( 'NONE', #2384, #172, #3100 ) ;
#3153 = DIRECTION ( 'NONE',  ( -1.000000000000000000, 0.000000000000000000, 1.462930778200194416E-16 ) ) ;
#3154 = VERTEX_POINT ( 'NONE', #1602 ) ;
#3155 = EDGE_CURVE ( 'NONE', #1629, #2073, #144, .T. ) ;
#3156 = CARTESIAN_POINT ( 'NONE',  ( 9.500000000000001776, 0.000000000000000000, -14.98378142677764657 ) ) ;
#3157 = CARTESIAN_POINT ( 'NONE',  ( 10.00000000000000178, 0.000000000000000000, 28.00000000000000000 ) ) ;
#3158 = CARTESIAN_POINT ( 'NONE',  ( 1.247718637342922765, -0.08900299351757134936, -41.57137620184267490 ) ) ;
#3159 = NEXT_ASSEMBLY_USAGE_OCCURRENCE ( 'NAUO1', ' ', ' ', #3031, #1945, $ ) ;
#3160 = NEXT_ASSEMBLY_USAGE_OCCURRENCE ( 'NAUO2', ' ', ' ', #3031, #642, $ ) ;
ENDSEC;
END-ISO-10303-21;
