ISO-10303-21;
HEADER;
FILE_DESCRIPTION (( 'STEP AP214' ),
    '1' );
FILE_NAME ('Gearbox - Top.STEP',
    '2026-06-29T18:30:10',
    ( '' ),
    ( '' ),
    'SwSTEP 2.0',
    'SolidWorks 2026',
    '' );
FILE_SCHEMA (( 'AUTOMOTIVE_DESIGN' ));
ENDSEC;

DATA;
#1 = ORIENTED_EDGE ( 'NONE', *, *, #142, .T. ) ;
#2 = EDGE_CURVE ( 'NONE', #1268, #2082, #22, .T. ) ;
#3 = CARTESIAN_POINT ( 'NONE',  ( 24.50000000000000355, 7.020725942163699607, 23.00000000000000711 ) ) ;
#4 = DIRECTION ( 'NONE',  ( 0.000000000000000000, -0.000000000000000000, -1.000000000000000000 ) ) ;
#5 = EDGE_CURVE ( 'NONE', #1696, #1206, #406, .T. ) ;
#6 = ADVANCED_FACE ( 'NONE', ( #3927 ), #713, .T. ) ;
#7 = ORIENTED_EDGE ( 'NONE', *, *, #4424, .T. ) ;
#8 = CARTESIAN_POINT ( 'NONE',  ( -10.00000000000000000, 8.000000000000000000, 14.50000000000000178 ) ) ;
#9 = CARTESIAN_POINT ( 'NONE',  ( -17.50000000000000711, 2.979274057836317713, 30.00000000000000711 ) ) ;
#10 = CARTESIAN_POINT ( 'NONE',  ( -25.41421356237309226, 8.746662679923458583, 24.99999999999999645 ) ) ;
#11 = DIRECTION ( 'NONE',  ( 0.000000000000000000, 0.000000000000000000, -1.000000000000000000 ) ) ;
#12 = ORIENTED_EDGE ( 'NONE', *, *, #4491, .T. ) ;
#13 = LINE ( 'NONE', #3941, #1363 ) ;
#14 = DIRECTION ( 'NONE',  ( -0.7071067811865491270, -0.000000000000000000, 0.7071067811865459074 ) ) ;
#15 = EDGE_LOOP ( 'NONE', ( #2236, #336, #1829, #3036, #3518, #1475 ) ) ;
#16 = CARTESIAN_POINT ( 'NONE',  ( 10.00000000000000000, 8.000000000000000000, 13.00000000000000711 ) ) ;
#17 = ORIENTED_EDGE ( 'NONE', *, *, #815, .T. ) ;
#18 = DIRECTION ( 'NONE',  ( 0.000000000000000000, 0.000000000000000000, -1.000000000000000000 ) ) ;
#19 = VECTOR ( 'NONE', #3177, 1000.000000000000000 ) ;
#20 = FACE_OUTER_BOUND ( 'NONE', #925, .T. ) ;
#21 = VECTOR ( 'NONE', #1075, 1000.000000000000000 ) ;
#22 = LINE ( 'NONE', #85, #3824 ) ;
#23 = CARTESIAN_POINT ( 'NONE',  ( 10.00000000000000000, 8.000000000000000000, 13.00000000000000711 ) ) ;
#24 = CARTESIAN_POINT ( 'NONE',  ( 20.00000000000001066, 21.46446609406727291, 26.46446609406726935 ) ) ;
#25 = AXIS2_PLACEMENT_3D ( 'NONE', #4348, #1893, #1184 ) ;
#26 = ADVANCED_FACE ( 'NONE', ( #3578 ), #1124, .T. ) ;
#27 = CARTESIAN_POINT ( 'NONE',  ( 24.50000000000000355, 2.979274057836315048, 23.00000000000000711 ) ) ;
#28 = EDGE_LOOP ( 'NONE', ( #61, #2753, #4598, #352 ) ) ;
#29 = CARTESIAN_POINT ( 'NONE',  ( 27.00000000000001421, 12.97918471982870692, 30.00000000000001421 ) ) ;
#30 = VECTOR ( 'NONE', #2934, 1000.000000000000000 ) ;
#31 = DIRECTION ( 'NONE',  ( 0.000000000000000000, -1.000000000000000000, 0.000000000000000000 ) ) ;
#32 = VERTEX_POINT ( 'NONE', #3952 ) ;
#33 = CARTESIAN_POINT ( 'NONE',  ( 26.99999999999999289, 6.000000000000000000, 30.00000000000000711 ) ) ;
#34 = EDGE_CURVE ( 'NONE', #708, #1562, #1571, .T. ) ;
#35 = LINE ( 'NONE', #3656, #930 ) ;
#36 = VERTEX_POINT ( 'NONE', #4332 ) ;
#37 = CARTESIAN_POINT ( 'NONE',  ( -23.99999999999999645, 25.00000000000000000, 20.10050506338832577 ) ) ;
#38 = VERTEX_POINT ( 'NONE', #1102 ) ;
#39 = FACE_OUTER_BOUND ( 'NONE', #1938, .T. ) ;
#40 = AXIS2_PLACEMENT_3D ( 'NONE', #3727, #1964, #1256 ) ;
#41 = CARTESIAN_POINT ( 'NONE',  ( 24.60000000000000497, 5.000000000000004441, -27.39999999999996660 ) ) ;
#42 = DIRECTION ( 'NONE',  ( 0.000000000000000000, 0.7071067811865491270, 0.7071067811865459074 ) ) ;
#43 = VECTOR ( 'NONE', #1100, 1000.000000000000000 ) ;
#44 = DIRECTION ( 'NONE',  ( 0.000000000000000000, -0.7071067811865474617, -0.7071067811865476838 ) ) ;
#45 = DIRECTION ( 'NONE',  ( 0.000000000000000000, -1.000000000000000000, 0.000000000000000000 ) ) ;
#46 = DIRECTION ( 'NONE',  ( -0.4999999999999995559, -0.8660254037844389297, 0.000000000000000000 ) ) ;
#47 = CYLINDRICAL_SURFACE ( 'NONE', #2035, 4.999999999999997335 ) ;
#48 = CIRCLE ( 'NONE', #1226, 1.499999999999999556 ) ;
#49 = EDGE_LOOP ( 'NONE', ( #2660, #749, #1892, #2640 ) ) ;
#50 = CARTESIAN_POINT ( 'NONE',  ( 20.00000000000001066, 25.00000000000000000, -25.75735931288072678 ) ) ;
#51 = EDGE_CURVE ( 'NONE', #402, #4298, #2530, .T. ) ;
#52 = VECTOR ( 'NONE', #1705, 1000.000000000000000 ) ;
#53 = CARTESIAN_POINT ( 'NONE',  ( 25.99999999999998934, 1.000000000000007105, 25.00000000000000355 ) ) ;
#54 = VERTEX_POINT ( 'NONE', #4445 ) ;
#55 = CARTESIAN_POINT ( 'NONE',  ( 10.00000000000000000, 8.000000000000000000, 14.50000000000000533 ) ) ;
#56 =( GEOMETRIC_REPRESENTATION_CONTEXT ( 3 ) GLOBAL_UNCERTAINTY_ASSIGNED_CONTEXT ( ( #687 ) ) GLOBAL_UNIT_ASSIGNED_CONTEXT ( ( #3151, #3179, #3460 ) ) REPRESENTATION_CONTEXT ( 'NONE', 'WORKASPACE' ) );
#57 = ADVANCED_FACE ( 'NONE', ( #472 ), #2271, .F. ) ;
#58 = DIRECTION ( 'NONE',  ( 0.000000000000000000, -1.000000000000000000, 0.000000000000000000 ) ) ;
#59 = DIRECTION ( 'NONE',  ( 0.000000000000000000, -1.000000000000000000, 0.000000000000000000 ) ) ;
#60 = ADVANCED_FACE ( 'NONE', ( #498, #2670 ), #573, .F. ) ;
#61 = ORIENTED_EDGE ( 'NONE', *, *, #4371, .F. ) ;
#62 = DIRECTION ( 'NONE',  ( 0.000000000000000000, -0.000000000000000000, 1.000000000000000000 ) ) ;
#63 = ORIENTED_EDGE ( 'NONE', *, *, #2742, .F. ) ;
#64 = VERTEX_POINT ( 'NONE', #4472 ) ;
#65 = DIRECTION ( 'NONE',  ( 0.000000000000000000, 0.000000000000000000, -1.000000000000000000 ) ) ;
#66 = DIRECTION ( 'NONE',  ( -4.715909364022577143E-16, -0.7659860924831145557, 0.6428571428571434598 ) ) ;
#67 = CARTESIAN_POINT ( 'NONE',  ( 17.47506805083294879, 19.94763600809942972, -3.265326902847201840 ) ) ;
#68 = ORIENTED_EDGE ( 'NONE', *, *, #911, .T. ) ;
#69 = DIRECTION ( 'NONE',  ( 0.8660254037844383745, 0.5000000000000004441, 0.000000000000000000 ) ) ;
#70 =( LENGTH_UNIT ( ) NAMED_UNIT ( * ) SI_UNIT ( .MILLI., .METRE. ) );
#71 = CARTESIAN_POINT ( 'NONE',  ( 14.00000000000000178, 0.000000000000000000, -15.00000000000000178 ) ) ;
#72 = EDGE_CURVE ( 'NONE', #607, #1908, #1152, .T. ) ;
#73 = LINE ( 'NONE', #3283, #2945 ) ;
#74 = VERTEX_POINT ( 'NONE', #3757 ) ;
#75 = CARTESIAN_POINT ( 'NONE',  ( -21.00000000000000000, 5.000000000000004441, 23.00000000000000711 ) ) ;
#76 = DIRECTION ( 'NONE',  ( 1.000000000000000000, 0.000000000000000000, -1.734723475976807587E-16 ) ) ;
#77 = EDGE_CURVE ( 'NONE', #1668, #1210, #1168, .T. ) ;
#78 = ORIENTED_EDGE ( 'NONE', *, *, #2667, .F. ) ;
#79 = CARTESIAN_POINT ( 'NONE',  ( -7.750000000000000000, 25.00000000000000000, 21.00000000000000355 ) ) ;
#80 = ORIENTED_EDGE ( 'NONE', *, *, #1934, .T. ) ;
#81 = CARTESIAN_POINT ( 'NONE',  ( -21.00000000000000000, 5.000000000000004441, 30.00000000000000711 ) ) ;
#82 = DIRECTION ( 'NONE',  ( 0.000000000000000000, 0.000000000000000000, 1.000000000000000000 ) ) ;
#83 = EDGE_CURVE ( 'NONE', #538, #2359, #2717, .T. ) ;
#84 = VERTEX_POINT ( 'NONE', #155 ) ;
#85 = CARTESIAN_POINT ( 'NONE',  ( 20.00000000000001066, 11.39271726867382029, -41.48596238776656264 ) ) ;
#86 = CARTESIAN_POINT ( 'NONE',  ( -25.99999999999998934, 1.000000000000007105, 30.00000000000000711 ) ) ;
#87 = ADVANCED_FACE ( 'NONE', ( #871 ), #1218, .F. ) ;
#88 = FACE_OUTER_BOUND ( 'NONE', #1954, .T. ) ;
#89 = DIRECTION ( 'NONE',  ( -0.7071067811865483499, 0.000000000000000000, 0.7071067811865466846 ) ) ;
#90 = EDGE_LOOP ( 'NONE', ( #842, #1422, #2311, #582 ) ) ;
#91 = DIRECTION ( 'NONE',  ( -0.7071067811865493491, -0.7071067811865456854, 0.000000000000000000 ) ) ;
#92 = VECTOR ( 'NONE', #1267, 1000.000000000000000 ) ;
#93 = VECTOR ( 'NONE', #3816, 1000.000000000000227 ) ;
#94 = DIRECTION ( 'NONE',  ( 0.000000000000000000, -1.000000000000000000, 0.000000000000000000 ) ) ;
#95 = AXIS2_PLACEMENT_3D ( 'NONE', #4393, #59, #4064 ) ;
#96 = PLANE ( 'NONE',  #4540 ) ;
#97 = VERTEX_POINT ( 'NONE', #2648 ) ;
#98 = AXIS2_PLACEMENT_3D ( 'NONE', #408, #1500, #1787 ) ;
#99 = DIRECTION ( 'NONE',  ( 1.000000000000000000, 0.000000000000000000, -1.734723475976807094E-16 ) ) ;
#100 =( BOUNDED_CURVE ( )  B_SPLINE_CURVE ( 3, ( #2446, #2023, #1017, #1038 ),
 .UNSPECIFIED., .F., .T. ) 
 B_SPLINE_CURVE_WITH_KNOTS ( ( 4, 4 ),
 ( 0.000000000000000000, 1.570796326794889231 ),
 .UNSPECIFIED. ) 
 CURVE ( )  GEOMETRIC_REPRESENTATION_ITEM ( )  RATIONAL_B_SPLINE_CURVE ( ( 1.000000000000000000, 0.8047378541243667138, 0.8047378541243667138, 1.000000000000000000 ) ) 
 REPRESENTATION_ITEM ( '' )  );
#101 = VECTOR ( 'NONE', #1944, 1000.000000000000000 ) ;
#102 = DIRECTION ( 'NONE',  ( -5.782411586589358625E-17, -0.000000000000000000, 1.000000000000000000 ) ) ;
#103 = ORIENTED_EDGE ( 'NONE', *, *, #2159, .T. ) ;
#104 = FACE_OUTER_BOUND ( 'NONE', #2783, .T. ) ;
#105 = ORIENTED_EDGE ( 'NONE', *, *, #365, .T. ) ;
#106 = PLANE ( 'NONE',  #3544 ) ;
#107 = EDGE_CURVE ( 'NONE', #4262, #3184, #1900, .T. ) ;
#108 = CARTESIAN_POINT ( 'NONE',  ( 25.00000000000055422, 21.14285714285700379, 4.595916554898570539 ) ) ;
#109 = AXIS2_PLACEMENT_3D ( 'NONE', #771, #4365, #2940 ) ;
#110 = DIRECTION ( 'NONE',  ( 0.000000000000000000, 0.7071067811865474617, 0.7071067811865476838 ) ) ;
#111 = CARTESIAN_POINT ( 'NONE',  ( 15.00000000000000000, 10.00000000000000000, -18.40568056140707753 ) ) ;
#112 = FACE_OUTER_BOUND ( 'NONE', #4452, .T. ) ;
#113 = EDGE_CURVE ( 'NONE', #2082, #3398, #1492, .T. ) ;
#114 = CARTESIAN_POINT ( 'NONE',  ( 22.66212285645873692, 19.37780906788688284, -2.244784992600894924 ) ) ;
#115 = VECTOR ( 'NONE', #1622, 1000.000000000000000 ) ;
#116 = CARTESIAN_POINT ( 'NONE',  ( 23.38245062167569088, 2.085725586886818306, -27.32457010356893790 ) ) ;
#117 = PLANE ( 'NONE',  #2618 ) ;
#118 = ORIENTED_EDGE ( 'NONE', *, *, #3515, .F. ) ;
#119 = VECTOR ( 'NONE', #4602, 1000.000000000000000 ) ;
#120 = CARTESIAN_POINT ( 'NONE',  ( 17.50000000000000355, 2.979274057836316825, 23.00000000000000711 ) ) ;
#121 = CIRCLE ( 'NONE', #1903, 8.000000000000000000 ) ;
#122 = CARTESIAN_POINT ( 'NONE',  ( 25.00000000000000000, 16.00000000000000355, -7.677097519878138598 ) ) ;
#123 = DIRECTION ( 'NONE',  ( -1.000000000000000000, 0.000000000000000000, 1.734723475976807094E-16 ) ) ;
#124 = ORIENTED_EDGE ( 'NONE', *, *, #962, .F. ) ;
#125 = DIRECTION ( 'NONE',  ( 0.000000000000000000, 1.000000000000000000, 0.000000000000000000 ) ) ;
#126 = CIRCLE ( 'NONE', #3109, 8.000000000000000000 ) ;
#127 = VECTOR ( 'NONE', #3030, 1000.000000000000000 ) ;
#128 = EDGE_LOOP ( 'NONE', ( #2015, #1098, #3443, #3332 ) ) ;
#129 = CARTESIAN_POINT ( 'NONE',  ( 23.99332590941914134, 2.999999999999981792, -28.00667409058083024 ) ) ;
#130 = ORIENTED_EDGE ( 'NONE', *, *, #2302, .F. ) ;
#131 = DIRECTION ( 'NONE',  ( 0.000000000000000000, -0.000000000000000000, -1.000000000000000000 ) ) ;
#132 = DIRECTION ( 'NONE',  ( -0.000000000000000000, -0.000000000000000000, -1.000000000000000000 ) ) ;
#133 = ADVANCED_FACE ( 'NONE', ( #3418 ), #3351, .F. ) ;
#134 = VERTEX_POINT ( 'NONE', #896 ) ;
#135 = CARTESIAN_POINT ( 'NONE',  ( -22.66208316400957301, 19.37766821948121887, -2.244500879201331234 ) ) ;
#136 = CARTESIAN_POINT ( 'NONE',  ( 26.00000000000000711, 9.464101615137758827, 25.00000000000000355 ) ) ;
#137 = EDGE_CURVE ( 'NONE', #2335, #1183, #2976, .T. ) ;
#138 = ORIENTED_EDGE ( 'NONE', *, *, #475, .T. ) ;
#139 = DIRECTION ( 'NONE',  ( -1.000000000000000000, -7.372574772901444351E-15, 0.000000000000000000 ) ) ;
#140 = CARTESIAN_POINT ( 'NONE',  ( -8.749999999999996447, 8.000000000000000000, 12.17084380241116293 ) ) ;
#141 = ADVANCED_FACE ( 'NONE', ( #226 ), #3733, .F. ) ;
#142 = EDGE_CURVE ( 'NONE', #1599, #3819, #520, .T. ) ;
#143 = CARTESIAN_POINT ( 'NONE',  ( 25.00000000000000000, 16.00000000000000355, -9.298635162621605943 ) ) ;
#144 = LINE ( 'NONE', #2803, #3493 ) ;
#145 = VERTEX_POINT ( 'NONE', #2598 ) ;
#146 = CARTESIAN_POINT ( 'NONE',  ( 9.999999999999998224, 8.000000000000000000, 24.50000000000000711 ) ) ;
#147 = CARTESIAN_POINT ( 'NONE',  ( -3.893520974491186504, 18.27980965875990194, 19.89792250491171188 ) ) ;
#148 = EDGE_CURVE ( 'NONE', #2560, #1855, #823, .T. ) ;
#149 = EDGE_LOOP ( 'NONE', ( #3814, #2449, #3172, #1778, #2103, #583 ) ) ;
#150 = CARTESIAN_POINT ( 'NONE',  ( -24.99999999999999289, 9.464101615137758827, 24.00000000000000355 ) ) ;
#151 = ORIENTED_EDGE ( 'NONE', *, *, #554, .T. ) ;
#152 = CARTESIAN_POINT ( 'NONE',  ( -21.00000000000000000, 4.999999999999995559, -19.99999999999998934 ) ) ;
#153 = CARTESIAN_POINT ( 'NONE',  ( -19.99999999999998934, 25.00000000000000000, -25.75735931288072678 ) ) ;
#154 = ORIENTED_EDGE ( 'NONE', *, *, #2217, .T. ) ;
#155 = CARTESIAN_POINT ( 'NONE',  ( -10.00000000000000000, 0.000000000000000000, 14.50000000000000178 ) ) ;
#156 = DIRECTION ( 'NONE',  ( 0.000000000000000000, 0.000000000000000000, -1.000000000000000000 ) ) ;
#157 = CARTESIAN_POINT ( 'NONE',  ( -18.01003794011674941, 19.47212310267799040, 2.342783486494655509 ) ) ;
#158 = CARTESIAN_POINT ( 'NONE',  ( 8.750000000000007105, 25.00000000000000000, 21.00000000000000355 ) ) ;
#159 = DIRECTION ( 'NONE',  ( -1.000000000000000000, -0.000000000000000000, 1.734723475976807587E-16 ) ) ;
#160 = ORIENTED_EDGE ( 'NONE', *, *, #3802, .T. ) ;
#161 = DIRECTION ( 'NONE',  ( 0.000000000000000000, 0.000000000000000000, -1.000000000000000000 ) ) ;
#162 = LINE ( 'NONE', #1271, #2624 ) ;
#163 = EDGE_CURVE ( 'NONE', #2577, #4169, #1638, .T. ) ;
#164 = EDGE_LOOP ( 'NONE', ( #1994, #455, #2289, #1051 ) ) ;
#165 = ORIENTED_EDGE ( 'NONE', *, *, #4058, .F. ) ;
#166 = CARTESIAN_POINT ( 'NONE',  ( 6.945128561067579476, 21.55147929787550254, 20.71616240688632615 ) ) ;
#167 = CARTESIAN_POINT ( 'NONE',  ( -17.50000000000000711, 7.020725942163698718, 23.00000000000000711 ) ) ;
#168 = TOROIDAL_SURFACE ( 'NONE', #3908, 14.00000000000000178, 8.000000000000000000 ) ;
#169 = ADVANCED_FACE ( 'NONE', ( #2625 ), #3876, .F. ) ;
#170 = VECTOR ( 'NONE', #3299, 1000.000000000000000 ) ;
#171 = ORIENTED_EDGE ( 'NONE', *, *, #2969, .F. ) ;
#172 = DIRECTION ( 'NONE',  ( -1.000000000000000000, 0.000000000000000000, 5.782411586589358625E-17 ) ) ;
#173 = ORIENTED_EDGE ( 'NONE', *, *, #1930, .T. ) ;
#174 = EDGE_CURVE ( 'NONE', #1037, #64, #1314, .T. ) ;
#175 = FACE_BOUND ( 'NONE', #2993, .T. ) ;
#176 = AXIS2_PLACEMENT_3D ( 'NONE', #81, #2506, #2155 ) ;
#177 = FACE_OUTER_BOUND ( 'NONE', #1634, .T. ) ;
#178 = AXIS2_PLACEMENT_3D ( 'NONE', #4154, #924, #577 ) ;
#179 = ORIENTED_EDGE ( 'NONE', *, *, #2522, .F. ) ;
#180 = DIRECTION ( 'NONE',  ( -1.734723475976807094E-16, 0.000000000000000000, -1.000000000000000000 ) ) ;
#181 = DIRECTION ( 'NONE',  ( -0.8660254037844385966, -0.4999999999999999445, 0.000000000000000000 ) ) ;
#182 = CARTESIAN_POINT ( 'NONE',  ( -16.99999999999997158, 21.14285714285714235, 4.595916554898690443 ) ) ;
#183 = CARTESIAN_POINT ( 'NONE',  ( 22.66208316400868839, 19.37766821948121176, 2.244500879201210886 ) ) ;
#184 = VECTOR ( 'NONE', #337, 1000.000000000000000 ) ;
#185 = DIRECTION ( 'NONE',  ( 1.734723475976807094E-16, 0.000000000000000000, 1.000000000000000000 ) ) ;
#186 = DIRECTION ( 'NONE',  ( 0.8660254037844383745, 0.5000000000000004441, 0.000000000000000000 ) ) ;
#187 = EDGE_LOOP ( 'NONE', ( #1021, #4204 ) ) ;
#188 = CYLINDRICAL_SURFACE ( 'NONE', #2062, 1.500000000000001332 ) ;
#189 = PLANE ( 'NONE',  #2329 ) ;
#190 = CIRCLE ( 'NONE', #4082, 14.00000000000000178 ) ;
#191 = PRODUCT_RELATED_PRODUCT_CATEGORY ( 'part', '', ( #2996 ) ) ;
#192 = AXIS2_PLACEMENT_3D ( 'NONE', #4627, #2384, #3119 ) ;
#193 = CARTESIAN_POINT ( 'NONE',  ( -24.60000000000000142, 4.999999999999995559, -27.39999999999999503 ) ) ;
#194 = ORIENTED_EDGE ( 'NONE', *, *, #1823, .F. ) ;
#195 = ORIENTED_EDGE ( 'NONE', *, *, #652, .T. ) ;
#196 = EDGE_CURVE ( 'NONE', #3411, #764, #2104, .T. ) ;
#197 = CARTESIAN_POINT ( 'NONE',  ( 7.494902779869025977, 22.96232349191875599, 20.90698694750737729 ) ) ;
#198 = VERTEX_POINT ( 'NONE', #2463 ) ;
#199 = LINE ( 'NONE', #4139, #1515 ) ;
#200 = CIRCLE ( 'NONE', #1907, 3.599999999999999201 ) ;
#201 = EDGE_CURVE ( 'NONE', #3813, #38, #2172, .T. ) ;
#202 = ORIENTED_EDGE ( 'NONE', *, *, #2877, .T. ) ;
#203 = LINE ( 'NONE', #4092, #3914 ) ;
#204 = DIRECTION ( 'NONE',  ( 0.000000000000000000, 0.7071067811865475727, -0.7071067811865475727 ) ) ;
#205 = VECTOR ( 'NONE', #181, 1000.000000000000114 ) ;
#206 = EDGE_LOOP ( 'NONE', ( #3403, #3069, #1721, #426 ) ) ;
#207 = DIRECTION ( 'NONE',  ( 0.000000000000000000, 1.000000000000000000, -0.000000000000000000 ) ) ;
#208 = DIRECTION ( 'NONE',  ( 0.000000000000000000, 0.000000000000000000, -1.000000000000000000 ) ) ;
#209 = CARTESIAN_POINT ( 'NONE',  ( -25.00000000000070344, 15.99999999999912248, -1.040204399681048386 ) ) ;
#210 = CARTESIAN_POINT ( 'NONE',  ( -26.99999999999999289, 12.97918471982870692, 30.00000000000001421 ) ) ;
#211 = DIRECTION ( 'NONE',  ( -2.478176394252581141E-16, 0.000000000000000000, -1.000000000000000000 ) ) ;
#212 = ORIENTED_EDGE ( 'NONE', *, *, #2, .T. ) ;
#213 = CARTESIAN_POINT ( 'NONE',  ( -17.50000000000000711, 7.020725942163698718, 23.00000000000000711 ) ) ;
#214 = FACE_BOUND ( 'NONE', #3202, .T. ) ;
#215 = CARTESIAN_POINT ( 'NONE',  ( 25.00000000000000000, 16.00000000000000355, -8.910901550034667551 ) ) ;
#216 = VERTEX_POINT ( 'NONE', #3459 ) ;
#217 = CARTESIAN_POINT ( 'NONE',  ( 7.737105010886131673, 24.48437562920431887, 20.99523104712053723 ) ) ;
#218 = CARTESIAN_POINT ( 'NONE',  ( 20.00000000000001066, 25.00000000000000000, -25.75735931288072678 ) ) ;
#219 = EDGE_CURVE ( 'NONE', #1403, #3934, #661, .T. ) ;
#220 = ORIENTED_EDGE ( 'NONE', *, *, #3182, .T. ) ;
#221 = DIRECTION ( 'NONE',  ( 0.000000000000000000, 0.000000000000000000, -1.000000000000000000 ) ) ;
#222 = ORIENTED_EDGE ( 'NONE', *, *, #3978, .T. ) ;
#223 = CYLINDRICAL_SURFACE ( 'NONE', #3761, 21.00000000000000000 ) ;
#224 = LINE ( 'NONE', #869, #3698 ) ;
#225 = ORIENTED_EDGE ( 'NONE', *, *, #4514, .F. ) ;
#226 = FACE_OUTER_BOUND ( 'NONE', #2572, .T. ) ;
#227 = CARTESIAN_POINT ( 'NONE',  ( -24.99999999999999289, 16.00000000000000000, 3.548225028267374181 ) ) ;
#228 = CARTESIAN_POINT ( 'NONE',  ( 22.69040042694329884, 19.49121896633287676, 2.536408996120128823 ) ) ;
#229 = DIRECTION ( 'NONE',  ( 0.000000000000000000, -1.000000000000000000, 0.000000000000000000 ) ) ;
#230 = EDGE_LOOP ( 'NONE', ( #3144, #412, #1802, #421 ) ) ;
#231 = LINE ( 'NONE', #1654, #2807 ) ;
#232 = CARTESIAN_POINT ( 'NONE',  ( 0.000000000000000000, 25.00000000000000000, 30.00000000000000355 ) ) ;
#233 = ADVANCED_FACE ( 'NONE', ( #3852 ), #2372, .F. ) ;
#234 = DIRECTION ( 'NONE',  ( 0.000000000000000000, 1.000000000000000000, 0.000000000000000000 ) ) ;
#235 = ORIENTED_EDGE ( 'NONE', *, *, #2769, .T. ) ;
#236 = ORIENTED_EDGE ( 'NONE', *, *, #1580, .F. ) ;
#237 = CARTESIAN_POINT ( 'NONE',  ( 4.518035816515166836, 18.69818078603788081, 20.03268830590594618 ) ) ;
#238 = CARTESIAN_POINT ( 'NONE',  ( 8.750000000000005329, 8.000000000000000000, 12.32882800593795558 ) ) ;
#239 = FACE_BOUND ( 'NONE', #1965, .T. ) ;
#240 = ORIENTED_EDGE ( 'NONE', *, *, #2180, .F. ) ;
#241 = CARTESIAN_POINT ( 'NONE',  ( -10.00000000000000000, 8.000000000000000000, 14.50000000000000178 ) ) ;
#242 = VERTEX_POINT ( 'NONE', #4560 ) ;
#243 = AXIS2_PLACEMENT_3D ( 'NONE', #721, #2828, #2079 ) ;
#244 = PLANE ( 'NONE',  #2417 ) ;
#245 = ORIENTED_EDGE ( 'NONE', *, *, #4220, .F. ) ;
#246 = CIRCLE ( 'NONE', #1805, 1.000000000000000888 ) ;
#247 = CARTESIAN_POINT ( 'NONE',  ( -16.99999999999998934, 21.14285714285714235, -4.595916554898686890 ) ) ;
#248 = EDGE_CURVE ( 'NONE', #4537, #2906, #1010, .T. ) ;
#249 = FACE_OUTER_BOUND ( 'NONE', #1813, .T. ) ;
#250 = CARTESIAN_POINT ( 'NONE',  ( -24.99999999999999289, 16.00000000000000000, 20.00000000000000355 ) ) ;
#251 = CARTESIAN_POINT ( 'NONE',  ( 22.60513430877553631, 19.10354175801379739, 1.339366822383355249 ) ) ;
#252 = AXIS2_PLACEMENT_3D ( 'NONE', #2074, #1768, #3211 ) ;
#253 = VERTEX_POINT ( 'NONE', #3903 ) ;
#254 = EDGE_CURVE ( 'NONE', #3552, #840, #1334, .T. ) ;
#255 = DIRECTION ( 'NONE',  ( 0.000000000000000000, -0.7071067811865474617, 0.7071067811865474617 ) ) ;
#256 = DIRECTION ( 'NONE',  ( 1.000000000000000000, -0.000000000000000000, -5.782411586589358625E-17 ) ) ;
#257 = EDGE_CURVE ( 'NONE', #532, #3833, #392, .T. ) ;
#258 = CARTESIAN_POINT ( 'NONE',  ( 0.000000000000000000, 25.00000000000000000, 26.00000000000000711 ) ) ;
#259 = CARTESIAN_POINT ( 'NONE',  ( -22.58578643762688642, 0.000000000000000000, 24.99999999999999645 ) ) ;
#260 = VERTEX_POINT ( 'NONE', #776 ) ;
#261 = VERTEX_POINT ( 'NONE', #2859 ) ;
#262 = LINE ( 'NONE', #3541, #565 ) ;
#263 = LINE ( 'NONE', #3044, #93 ) ;
#264 = VECTOR ( 'NONE', #229, 1000.000000000000000 ) ;
#265 = CARTESIAN_POINT ( 'NONE',  ( -10.00000000000000178, 0.000000000000000000, 23.00000000000000355 ) ) ;
#266 = ORIENTED_EDGE ( 'NONE', *, *, #5, .F. ) ;
#267 = CARTESIAN_POINT ( 'NONE',  ( 20.00000000000001066, 21.46446609406726225, 26.46446609406726580 ) ) ;
#268 = ORIENTED_EDGE ( 'NONE', *, *, #4291, .T. ) ;
#269 = VECTOR ( 'NONE', #4554, 1000.000000000000000 ) ;
#270 = DIRECTION ( 'NONE',  ( -1.000000000000000000, 0.000000000000000000, 0.000000000000000000 ) ) ;
#271 = VECTOR ( 'NONE', #2917, 1000.000000000000000 ) ;
#272 = VERTEX_POINT ( 'NONE', #4301 ) ;
#273 = CARTESIAN_POINT ( 'NONE',  ( 21.00000000000001066, 9.041451884327386779, 23.00000000000000711 ) ) ;
#274 = CARTESIAN_POINT ( 'NONE',  ( -24.49758017336775140, 21.19985564052562665, -4.670646654037399870 ) ) ;
#275 = AXIS2_PLACEMENT_3D ( 'NONE', #3043, #2711, #1916 ) ;
#276 = CIRCLE ( 'NONE', #4019, 1.499999999999999556 ) ;
#277 = ORIENTED_EDGE ( 'NONE', *, *, #2892, .T. ) ;
#278 = LINE ( 'NONE', #2422, #3116 ) ;
#279 = EDGE_CURVE ( 'NONE', #4001, #4199, #3948, .T. ) ;
#280 = DIRECTION ( 'NONE',  ( 1.000000000000000000, 0.000000000000000000, 0.000000000000000000 ) ) ;
#281 = CARTESIAN_POINT ( 'NONE',  ( -25.00000000000000000, 25.00000000000000000, -29.99999999999999289 ) ) ;
#282 = VERTEX_POINT ( 'NONE', #3593 ) ;
#283 = ORIENTED_EDGE ( 'NONE', *, *, #2994, .T. ) ;
#284 = CARTESIAN_POINT ( 'NONE',  ( 23.25000000000000000, 5.000000000000004441, 20.00000000000000355 ) ) ;
#285 = CARTESIAN_POINT ( 'NONE',  ( 20.00000000000001066, 22.87867965644037227, 30.00000000000000711 ) ) ;
#286 = ADVANCED_FACE ( 'NONE', ( #39 ), #4486, .F. ) ;
#287 = EDGE_CURVE ( 'NONE', #1106, #2262, #263, .T. ) ;
#288 = EDGE_CURVE ( 'NONE', #1594, #753, #3406, .T. ) ;
#289 = CARTESIAN_POINT ( 'NONE',  ( 5.000000000000000888, 25.00000000000000000, 31.00000000000000355 ) ) ;
#290 = CARTESIAN_POINT ( 'NONE',  ( 7.750000000000000000, 25.00000000000000000, 18.00000000000000711 ) ) ;
#291 = ORIENTED_EDGE ( 'NONE', *, *, #1868, .F. ) ;
#292 = DIRECTION ( 'NONE',  ( 0.000000000000000000, 1.000000000000000000, 0.000000000000000000 ) ) ;
#293 = VERTEX_POINT ( 'NONE', #3747 ) ;
#294 = EDGE_CURVE ( 'NONE', #620, #719, #3079, .T. ) ;
#295 = DIRECTION ( 'NONE',  ( -0.000000000000000000, -0.000000000000000000, 1.000000000000000000 ) ) ;
#296 = ORIENTED_EDGE ( 'NONE', *, *, #3181, .T. ) ;
#297 = CARTESIAN_POINT ( 'NONE',  ( -17.48207648156405369, 19.96496492351296226, -3.269833574855302238 ) ) ;
#298 = LINE ( 'NONE', #1522, #3165 ) ;
#299 = CARTESIAN_POINT ( 'NONE',  ( 17.00000000000000711, 21.14285714285714946, -4.595916554898696660 ) ) ;
#300 = ORIENTED_EDGE ( 'NONE', *, *, #792, .T. ) ;
#301 = CARTESIAN_POINT ( 'NONE',  ( 0.000000000000000000, 0.000000000000000000, 23.00000000000000711 ) ) ;
#302 =( BOUNDED_CURVE ( )  B_SPLINE_CURVE ( 3, ( #1042, #3476, #3114, #4553 ),
 .UNSPECIFIED., .F., .T. ) 
 B_SPLINE_CURVE_WITH_KNOTS ( ( 4, 4 ),
 ( 0.000000000000000000, 3.141592653589793116 ),
 .UNSPECIFIED. ) 
 CURVE ( )  GEOMETRIC_REPRESENTATION_ITEM ( )  RATIONAL_B_SPLINE_CURVE ( ( 1.000000000000000000, 0.3333333333333333703, 0.3333333333333333703, 1.000000000000000000 ) ) 
 REPRESENTATION_ITEM ( '' )  );
#303 = CARTESIAN_POINT ( 'NONE',  ( -19.99999999999998934, 24.99999999999999645, -20.10050506338833642 ) ) ;
#304 = DIRECTION ( 'NONE',  ( -1.000000000000000000, -0.000000000000000000, -0.000000000000000000 ) ) ;
#305 = EDGE_LOOP ( 'NONE', ( #1716, #4026 ) ) ;
#306 = VERTEX_POINT ( 'NONE', #513 ) ;
#307 = CARTESIAN_POINT ( 'NONE',  ( 0.000000000000000000, 25.00000000000000000, 35.00000000000000000 ) ) ;
#308 = EDGE_CURVE ( 'NONE', #775, #730, #2025, .T. ) ;
#309 = DIRECTION ( 'NONE',  ( 0.000000000000000000, -1.000000000000000000, 0.000000000000000000 ) ) ;
#310 = ORIENTED_EDGE ( 'NONE', *, *, #622, .T. ) ;
#311 = CARTESIAN_POINT ( 'NONE',  ( -19.99999999999998934, 21.46446609406727291, -26.46446609406726935 ) ) ;
#312 = EDGE_CURVE ( 'NONE', #1620, #510, #887, .T. ) ;
#313 = ORIENTED_EDGE ( 'NONE', *, *, #1036, .T. ) ;
#314 = EDGE_CURVE ( 'NONE', #3945, #734, #2113, .T. ) ;
#315 = CARTESIAN_POINT ( 'NONE',  ( 25.00000000000000355, 2.999999999999981792, 24.00000000000000000 ) ) ;
#316 = CARTESIAN_POINT ( 'NONE',  ( 13.00000000000001066, 12.97918471982870692, 30.00000000000001421 ) ) ;
#317 = ORIENTED_EDGE ( 'NONE', *, *, #3328, .F. ) ;
#318 = CARTESIAN_POINT ( 'NONE',  ( -17.68458087940265244, 19.75032290914724697, -2.912778788456420465 ) ) ;
#319 = DIRECTION ( 'NONE',  ( -0.000000000000000000, -0.7071067811865473507, -0.7071067811865476838 ) ) ;
#320 = CARTESIAN_POINT ( 'NONE',  ( -25.00000000000053646, 21.14285714285702866, -4.595916554898564321 ) ) ;
#321 = CIRCLE ( 'NONE', #4061, 3.500000000000002665 ) ;
#322 = AXIS2_PLACEMENT_3D ( 'NONE', #1382, #3557, #4615 ) ;
#323 = VERTEX_POINT ( 'NONE', #2361 ) ;
#324 = DIRECTION ( 'NONE',  ( 1.000000000000000000, 0.000000000000000000, 0.000000000000000000 ) ) ;
#325 = CARTESIAN_POINT ( 'NONE',  ( 25.00000000000000000, 2.999999999999981792, -29.99999999999999289 ) ) ;
#326 = AXIS2_PLACEMENT_3D ( 'NONE', #1882, #1086, #3302 ) ;
#327 = CARTESIAN_POINT ( 'NONE',  ( 17.00000000000000000, 25.00000000000000355, -2.949029909160571666E-15 ) ) ;
#328 = ORIENTED_EDGE ( 'NONE', *, *, #4103, .F. ) ;
#329 = ORIENTED_EDGE ( 'NONE', *, *, #1243, .F. ) ;
#330 = CARTESIAN_POINT ( 'NONE',  ( 21.00000000000000355, 12.00000000000000000, 7.000000000000014211 ) ) ;
#331 = CARTESIAN_POINT ( 'NONE',  ( 17.50000000000000355, 2.979274057836316825, 23.00000000000000711 ) ) ;
#332 = FACE_OUTER_BOUND ( 'NONE', #2076, .T. ) ;
#333 = ADVANCED_FACE ( 'NONE', ( #4506 ), #3450, .F. ) ;
#334 = VECTOR ( 'NONE', #2301, 1000.000000000000000 ) ;
#335 = CARTESIAN_POINT ( 'NONE',  ( 15.00000000000000355, 25.00000000000000000, 35.00000000000000000 ) ) ;
#336 = ORIENTED_EDGE ( 'NONE', *, *, #2367, .T. ) ;
#337 = DIRECTION ( 'NONE',  ( -0.000000000000000000, -0.000000000000000000, 1.000000000000000000 ) ) ;
#338 = VECTOR ( 'NONE', #3483, 1000.000000000000000 ) ;
#339 = FACE_OUTER_BOUND ( 'NONE', #723, .T. ) ;
#340 = EDGE_CURVE ( 'NONE', #3679, #3552, #2712, .T. ) ;
#341 = ORIENTED_EDGE ( 'NONE', *, *, #3290, .F. ) ;
#342 = FACE_OUTER_BOUND ( 'NONE', #4134, .T. ) ;
#343 = CIRCLE ( 'NONE', #1447, 1.499999999999999556 ) ;
#344 = ORIENTED_EDGE ( 'NONE', *, *, #2587, .F. ) ;
#345 = CARTESIAN_POINT ( 'NONE',  ( -25.00000000000000000, 2.999999999999981792, -29.99999999999999289 ) ) ;
#346 = AXIS2_PLACEMENT_3D ( 'NONE', #3236, #2589, #3259 ) ;
#347 = EDGE_CURVE ( 'NONE', #1307, #1204, #3796, .T. ) ;
#348 = EDGE_LOOP ( 'NONE', ( #2548, #3509 ) ) ;
#349 = LINE ( 'NONE', #1765, #2658 ) ;
#350 = DIRECTION ( 'NONE',  ( 1.000000000000000000, 0.000000000000000000, 0.000000000000000000 ) ) ;
#351 = AXIS2_PLACEMENT_3D ( 'NONE', #4524, #3469, #255 ) ;
#352 = ORIENTED_EDGE ( 'NONE', *, *, #1623, .T. ) ;
#353 = DIRECTION ( 'NONE',  ( 0.000000000000000000, 0.000000000000000000, -1.000000000000000000 ) ) ;
#354 = DIRECTION ( 'NONE',  ( 2.312964634635742957E-16, 0.000000000000000000, 1.000000000000000000 ) ) ;
#355 = CARTESIAN_POINT ( 'NONE',  ( 8.750000000000005329, 8.000000000000000000, 12.17084380241115049 ) ) ;
#356 = ORIENTED_EDGE ( 'NONE', *, *, #3295, .F. ) ;
#357 = DIRECTION ( 'NONE',  ( 0.000000000000000000, 0.000000000000000000, -1.000000000000000000 ) ) ;
#358 = VERTEX_POINT ( 'NONE', #1985 ) ;
#359 = EDGE_CURVE ( 'NONE', #4078, #1590, #1277, .T. ) ;
#360 = DIRECTION ( 'NONE',  ( -0.000000000000000000, -0.7071067811865473507, -0.7071067811865477948 ) ) ;
#361 = ORIENTED_EDGE ( 'NONE', *, *, #4178, .T. ) ;
#362 = CARTESIAN_POINT ( 'NONE',  ( -25.41421356237308515, 2.828427124746197396, 25.00000000000000711 ) ) ;
#363 = ORIENTED_EDGE ( 'NONE', *, *, #3581, .F. ) ;
#364 = CARTESIAN_POINT ( 'NONE',  ( -8.658535071503257186, 8.000000000000000000, 12.32882800593795913 ) ) ;
#365 = EDGE_CURVE ( 'NONE', #54, #3647, #4286, .T. ) ;
#366 = FACE_OUTER_BOUND ( 'NONE', #4467, .T. ) ;
#367 = VERTEX_POINT ( 'NONE', #1324 ) ;
#368 = DIRECTION ( 'NONE',  ( 0.000000000000000000, -1.000000000000000000, 0.000000000000000000 ) ) ;
#369 = CARTESIAN_POINT ( 'NONE',  ( -22.84807621135332312, 13.19134295108990784, 30.00000000000000711 ) ) ;
#370 = CARTESIAN_POINT ( 'NONE',  ( 10.00000000000000355, 15.00000000000000178, 35.00000000000000000 ) ) ;
#371 = ORIENTED_EDGE ( 'NONE', *, *, #4377, .F. ) ;
#372 = FACE_OUTER_BOUND ( 'NONE', #1639, .T. ) ;
#373 = DIRECTION ( 'NONE',  ( 1.734723475976807094E-16, 0.000000000000000000, 1.000000000000000000 ) ) ;
#374 = DIRECTION ( 'NONE',  ( 0.000000000000000000, -0.6428571428571430157, 0.7659860924831147777 ) ) ;
#375 = ORIENTED_EDGE ( 'NONE', *, *, #2639, .F. ) ;
#376 = DIRECTION ( 'NONE',  ( -0.000000000000000000, -0.000000000000000000, -1.000000000000000000 ) ) ;
#377 = DIRECTION ( 'NONE',  ( -1.000000000000000000, -0.000000000000000000, -0.000000000000000000 ) ) ;
#378 = CARTESIAN_POINT ( 'NONE',  ( 8.750000000000001776, 25.00000000000000000, -7.500000000000001776 ) ) ;
#379 = ORIENTED_EDGE ( 'NONE', *, *, #2370, .T. ) ;
#380 = DIRECTION ( 'NONE',  ( 0.000000000000000000, -1.334402673828314079E-16, 1.000000000000000000 ) ) ;
#381 = CARTESIAN_POINT ( 'NONE',  ( 25.00000000000000355, 16.00000000000000000, 10.38864519909833994 ) ) ;
#382 = EDGE_CURVE ( 'NONE', #323, #1668, #2756, .T. ) ;
#383 = VECTOR ( 'NONE', #3091, 1000.000000000000000 ) ;
#384 = ORIENTED_EDGE ( 'NONE', *, *, #4500, .F. ) ;
#385 = CARTESIAN_POINT ( 'NONE',  ( -15.00000000000000000, 10.00000000000000000, -20.20568056140707824 ) ) ;
#386 = DIRECTION ( 'NONE',  ( 0.000000000000000000, 0.000000000000000000, -1.000000000000000000 ) ) ;
#387 = VECTOR ( 'NONE', #2689, 1000.000000000000000 ) ;
#388 = AXIS2_PLACEMENT_3D ( 'NONE', #2184, #2532, #3249 ) ;
#389 = CARTESIAN_POINT ( 'NONE',  ( 17.00000000000000355, 21.14285714285714590, -4.595916554898693107 ) ) ;
#390 = ADVANCED_FACE ( 'NONE', ( #954 ), #2030, .F. ) ;
#391 = EDGE_LOOP ( 'NONE', ( #1546, #2752, #240, #1009, #3474, #1537 ) ) ;
#392 = B_SPLINE_CURVE_WITH_KNOTS ( 'NONE', 3,
 ( #247, #4614, #983, #3100, #4517, #4542, #297, #318, #1717, #1672, #3150, #2745, #1286, #1358, #1742, #2089, #4174, #2441, #681, #3530, #3826, #2817, #944, #4263, #4196, #964, #2111, #3555, #616, #3292 ),
 .UNSPECIFIED., .F., .F.,
 ( 4, 2, 2, 2, 2, 2, 2, 2, 2, 2, 2, 2, 2, 2, 4 ),
 ( 0.000000000000000000, 0.0007067258215012767880, 0.001413451643002553576, 0.002120177464503830364, 0.002826903286005107152, 0.003533629107506384374, 0.004240354929007660728, 0.004947080750508937516, 0.005653806572010214304, 0.007067258215012768748, 0.007773984036514046403, 0.008480709858015324926, 0.009894161501017875032, 0.01060088732251914835, 0.01130761314402042167 ),
 .UNSPECIFIED. ) ;
#393 = PLANE ( 'NONE',  #2949 ) ;
#394 = DIRECTION ( 'NONE',  ( 0.000000000000000000, 0.000000000000000000, 1.000000000000000000 ) ) ;
#395 = CIRCLE ( 'NONE', #3984, 21.00000000000000000 ) ;
#396 = DIRECTION ( 'NONE',  ( -0.000000000000000000, -1.000000000000000000, -0.000000000000000000 ) ) ;
#397 = ORIENTED_EDGE ( 'NONE', *, *, #4432, .T. ) ;
#398 = CARTESIAN_POINT ( 'NONE',  ( 25.00000000000000000, 16.00000000000000711, -29.99999999999999289 ) ) ;
#399 = CIRCLE ( 'NONE', #993, 1.500000000000001332 ) ;
#400 = ORIENTED_EDGE ( 'NONE', *, *, #2308, .T. ) ;
#401 = CARTESIAN_POINT ( 'NONE',  ( -11.70710678118654791, -11.70710678118654080, 24.00000000000000355 ) ) ;
#402 = VERTEX_POINT ( 'NONE', #973 ) ;
#403 = CARTESIAN_POINT ( 'NONE',  ( -19.99999999999998934, 6.489592359914352571, 36.48959235991436145 ) ) ;
#404 = VECTOR ( 'NONE', #1306, 1000.000000000000000 ) ;
#405 = ORIENTED_EDGE ( 'NONE', *, *, #746, .T. ) ;
#406 = LINE ( 'NONE', #1498, #3310 ) ;
#407 = DIRECTION ( 'NONE',  ( 0.000000000000000000, 0.000000000000000000, -1.000000000000000000 ) ) ;
#408 = CARTESIAN_POINT ( 'NONE',  ( 21.00000000000000000, 5.000000000000004441, -19.99999999999998934 ) ) ;
#409 = ADVANCED_FACE ( 'NONE', ( #1962 ), #1940, .F. ) ;
#410 = CARTESIAN_POINT ( 'NONE',  ( 17.03355231695763194, 20.79210126772943923, -4.283074678005861280 ) ) ;
#411 = VECTOR ( 'NONE', #2987, 1000.000000000000000 ) ;
#412 = ORIENTED_EDGE ( 'NONE', *, *, #347, .F. ) ;
#413 = FACE_OUTER_BOUND ( 'NONE', #3726, .T. ) ;
#414 = CARTESIAN_POINT ( 'NONE',  ( -7.750000000000000000, 25.00000000000000000, 26.00000000000000711 ) ) ;
#415 = AXIS2_PLACEMENT_3D ( 'NONE', #2216, #91, #1814 ) ;
#416 = EDGE_CURVE ( 'NONE', #937, #866, #630, .T. ) ;
#417 = PLANE ( 'NONE',  #3704 ) ;
#418 = ORIENTED_EDGE ( 'NONE', *, *, #1304, .T. ) ;
#419 = CARTESIAN_POINT ( 'NONE',  ( -8.749999999999998224, 25.00000000000000000, 4.987329993433320396E-15 ) ) ;
#420 = AXIS2_PLACEMENT_3D ( 'NONE', #1315, #1718, #2746 ) ;
#421 = ORIENTED_EDGE ( 'NONE', *, *, #2873, .F. ) ;
#422 =( BOUNDED_CURVE ( )  B_SPLINE_CURVE ( 3, ( #1889, #3340, #489, #1915 ),
 .UNSPECIFIED., .F., .T. ) 
 B_SPLINE_CURVE_WITH_KNOTS ( ( 4, 4 ),
 ( 5.936114267965277413, 7.861215763734668016 ),
 .UNSPECIFIED. ) 
 CURVE ( )  GEOMETRIC_REPRESENTATION_ITEM ( )  RATIONAL_B_SPLINE_CURVE ( ( 1.000000000000000000, 0.7142857142857096386, 0.7142857142857096386, 1.000000000000000000 ) ) 
 REPRESENTATION_ITEM ( '' )  );
#423 = EDGE_CURVE ( 'NONE', #260, #1280, #3912, .T. ) ;
#424 = LINE ( 'NONE', #398, #1370 ) ;
#425 = DIRECTION ( 'NONE',  ( -0.7071067811865473507, 0.7071067811865477948, 0.000000000000000000 ) ) ;
#426 = ORIENTED_EDGE ( 'NONE', *, *, #1487, .F. ) ;
#427 = EDGE_CURVE ( 'NONE', #1780, #2054, #2546, .T. ) ;
#428 = CARTESIAN_POINT ( 'NONE',  ( -10.00000000000000178, 8.000000000000000000, 23.00000000000000355 ) ) ;
#429 = DIRECTION ( 'NONE',  ( -2.478176394252581141E-16, 0.000000000000000000, -1.000000000000000000 ) ) ;
#430 = ORIENTED_EDGE ( 'NONE', *, *, #77, .T. ) ;
#431 = VERTEX_POINT ( 'NONE', #3164 ) ;
#432 = LINE ( 'NONE', #1149, #864 ) ;
#433 = DIRECTION ( 'NONE',  ( -0.000000000000000000, -1.000000000000000000, -0.000000000000000000 ) ) ;
#434 = CARTESIAN_POINT ( 'NONE',  ( 22.61339281352173458, 19.12237555318091609, -1.322536726889691039 ) ) ;
#435 = CARTESIAN_POINT ( 'NONE',  ( 18.00543000298061358, 19.47592364135864784, -2.350935133398587062 ) ) ;
#436 = DIRECTION ( 'NONE',  ( -1.000000000000000000, 0.000000000000000000, 0.000000000000000000 ) ) ;
#437 = ORIENTED_EDGE ( 'NONE', *, *, #1266, .T. ) ;
#438 = DIRECTION ( 'NONE',  ( 0.000000000000000000, 0.6428571428571429047, -0.7659860924831149998 ) ) ;
#439 = EDGE_LOOP ( 'NONE', ( #3940, #1658 ) ) ;
#440 = DIRECTION ( 'NONE',  ( -1.000000000000000000, 0.000000000000000000, 1.734723475976807094E-16 ) ) ;
#441 = EDGE_CURVE ( 'NONE', #640, #3851, #3520, .T. ) ;
#442 = ADVANCED_FACE ( 'NONE', ( #1772, #3501 ), #4271, .T. ) ;
#443 = ORIENTED_EDGE ( 'NONE', *, *, #4406, .F. ) ;
#444 = DIRECTION ( 'NONE',  ( -0.000000000000000000, -0.000000000000000000, -1.000000000000000000 ) ) ;
#445 = ADVANCED_FACE ( 'NONE', ( #1729 ), #2847, .T. ) ;
#446 = ORIENTED_EDGE ( 'NONE', *, *, #1841, .F. ) ;
#447 = CARTESIAN_POINT ( 'NONE',  ( -8.749999999999996447, 7.886538598597010896, 12.17084380241116293 ) ) ;
#448 = DIRECTION ( 'NONE',  ( 0.7071067811865493491, 0.7071067811865456854, -4.088782444489009411E-17 ) ) ;
#449 = ORIENTED_EDGE ( 'NONE', *, *, #818, .F. ) ;
#450 = ORIENTED_EDGE ( 'NONE', *, *, #1758, .T. ) ;
#451 = FACE_OUTER_BOUND ( 'NONE', #206, .T. ) ;
#452 = LINE ( 'NONE', #4309, #1201 ) ;
#453 = DIRECTION ( 'NONE',  ( 0.5000000000000004441, -0.8660254037844383745, 0.000000000000000000 ) ) ;
#454 = CARTESIAN_POINT ( 'NONE',  ( 17.79018059862222145, 19.65386411283241230, 2.731479770521192840 ) ) ;
#455 = ORIENTED_EDGE ( 'NONE', *, *, #1090, .T. ) ;
#456 = LINE ( 'NONE', #2914, #1835 ) ;
#457 = VECTOR ( 'NONE', #2292, 1000.000000000000000 ) ;
#458 = CARTESIAN_POINT ( 'NONE',  ( 25.00000000000000000, 25.00000000000000000, -29.99999999999999289 ) ) ;
#459 = ORIENTED_EDGE ( 'NONE', *, *, #1909, .F. ) ;
#460 = VECTOR ( 'NONE', #433, 1000.000000000000000 ) ;
#461 = LINE ( 'NONE', #1093, #3482 ) ;
#462 = AXIS2_PLACEMENT_3D ( 'NONE', #1723, #2774, #280 ) ;
#463 = EDGE_CURVE ( 'NONE', #272, #1047, #2588, .T. ) ;
#464 = ORIENTED_EDGE ( 'NONE', *, *, #2141, .F. ) ;
#465 = LINE ( 'NONE', #2992, #912 ) ;
#466 = ORIENTED_EDGE ( 'NONE', *, *, #3168, .T. ) ;
#467 = CARTESIAN_POINT ( 'NONE',  ( 26.99999999999998934, 1.000000000000014211, 25.00000000000000355 ) ) ;
#468 = PLANE ( 'NONE',  #2564 ) ;
#469 = ADVANCED_FACE ( 'NONE', ( #2452 ), #671, .F. ) ;
#470 = AXIS2_PLACEMENT_3D ( 'NONE', #2811, #701, #3505 ) ;
#471 = EDGE_LOOP ( 'NONE', ( #572, #80, #781, #4428, #1197, #3046 ) ) ;
#472 = FACE_OUTER_BOUND ( 'NONE', #90, .T. ) ;
#473 = CARTESIAN_POINT ( 'NONE',  ( -21.00000000000000355, 9.041451884327388555, 23.00000000000000711 ) ) ;
#474 = CARTESIAN_POINT ( 'NONE',  ( -24.99999999999999289, 16.00000000000000000, 10.39014137468272736 ) ) ;
#475 = EDGE_CURVE ( 'NONE', #2560, #1210, #3542, .T. ) ;
#476 = EDGE_CURVE ( 'NONE', #970, #1845, #3753, .T. ) ;
#477 = CIRCLE ( 'NONE', #1367, 14.00000000000000178 ) ;
#478 = DIRECTION ( 'NONE',  ( -1.000000000000000000, 0.000000000000000000, 1.734723475976807094E-16 ) ) ;
#479 = CARTESIAN_POINT ( 'NONE',  ( -10.00000000000000000, 15.00000000000000178, 35.00000000000000000 ) ) ;
#480 = ORIENTED_EDGE ( 'NONE', *, *, #3767, .T. ) ;
#481 = AXIS2_PLACEMENT_3D ( 'NONE', #2830, #1415, #3844 ) ;
#482 = CARTESIAN_POINT ( 'NONE',  ( -10.00000000000000000, 8.000000000000000000, 11.50000000000000355 ) ) ;
#483 = DIRECTION ( 'NONE',  ( 0.000000000000000000, 0.000000000000000000, 1.000000000000000000 ) ) ;
#484 = EDGE_CURVE ( 'NONE', #1845, #3583, #1435, .T. ) ;
#485 = VECTOR ( 'NONE', #1611, 1000.000000000000000 ) ;
#486 = CARTESIAN_POINT ( 'NONE',  ( 13.00000000000000178, 25.00000000000000355, -2.255140518769848434E-15 ) ) ;
#487 = CARTESIAN_POINT ( 'NONE',  ( -24.99999999999999289, 16.00000000000000000, 10.72380529476361311 ) ) ;
#488 = ORIENTED_EDGE ( 'NONE', *, *, #763, .F. ) ;
#489 = CARTESIAN_POINT ( 'NONE',  ( 24.20000000000002061, 18.23332322705284980, -27.79999999999994387 ) ) ;
#490 = CARTESIAN_POINT ( 'NONE',  ( -24.60000000000000142, 4.999999999999995559, -27.39999999999999503 ) ) ;
#491 = CIRCLE ( 'NONE', #1455, 1.799999999999999600 ) ;
#492 = AXIS2_PLACEMENT_3D ( 'NONE', #689, #2092, #2072 ) ;
#493 = VERTEX_POINT ( 'NONE', #3137 ) ;
#494 = VERTEX_POINT ( 'NONE', #3334 ) ;
#495 = DIRECTION ( 'NONE',  ( -0.000000000000000000, -0.000000000000000000, -1.000000000000000000 ) ) ;
#496 = CARTESIAN_POINT ( 'NONE',  ( 17.50000000000000355, 2.979274057836316825, 23.00000000000000711 ) ) ;
#497 = VERTEX_POINT ( 'NONE', #1509 ) ;
#498 = FACE_BOUND ( 'NONE', #678, .T. ) ;
#499 = ADVANCED_FACE ( 'NONE', ( #791 ), #168, .T. ) ;
#500 = CYLINDRICAL_SURFACE ( 'NONE', #1986, 1.799999999999999600 ) ;
#501 = APPLICATION_CONTEXT ( 'automotive_design' ) ;
#502 = CARTESIAN_POINT ( 'NONE',  ( -23.08439404391476302, 20.32677816997403752, 3.947009676407967405 ) ) ;
#503 = LINE ( 'NONE', #1928, #3618 ) ;
#504 = EDGE_CURVE ( 'NONE', #1365, #253, #832, .T. ) ;
#505 = DIRECTION ( 'NONE',  ( 0.7071067811865459074, 0.000000000000000000, 0.7071067811865491270 ) ) ;
#506 = ORIENTED_EDGE ( 'NONE', *, *, #3206, .F. ) ;
#507 = FACE_OUTER_BOUND ( 'NONE', #1754, .T. ) ;
#508 = CARTESIAN_POINT ( 'NONE',  ( 25.00000000000000000, 16.00000000000000355, -5.466494801806086379 ) ) ;
#509 = DIRECTION ( 'NONE',  ( -0.000000000000000000, 0.000000000000000000, 1.000000000000000000 ) ) ;
#510 = VERTEX_POINT ( 'NONE', #414 ) ;
#511 = ORIENTED_EDGE ( 'NONE', *, *, #3257, .F. ) ;
#512 = CARTESIAN_POINT ( 'NONE',  ( 1.019554750455133885, 17.30052567222554316, 19.53789989653313697 ) ) ;
#513 = CARTESIAN_POINT ( 'NONE',  ( 21.99999999999998579, 21.99095139045256175, -29.99999999999999289 ) ) ;
#514 = VERTEX_POINT ( 'NONE', #3671 ) ;
#515 = CARTESIAN_POINT ( 'NONE',  ( 25.00000000000000000, 25.00000000000000000, -29.99999999999999289 ) ) ;
#516 = EDGE_LOOP ( 'NONE', ( #1472, #3243, #2470, #2224 ) ) ;
#517 = LINE ( 'NONE', #2294, #101 ) ;
#518 = CARTESIAN_POINT ( 'NONE',  ( -21.40848846705155850, 13.28443269363982893, -29.99999999999999645 ) ) ;
#519 = ORIENTED_EDGE ( 'NONE', *, *, #2019, .F. ) ;
#520 = LINE ( 'NONE', #848, #1656 ) ;
#521 = LINE ( 'NONE', #1219, #4098 ) ;
#522 = CARTESIAN_POINT ( 'NONE',  ( -18.32481225996354368, 19.25134789294414617, 1.732096386639784491 ) ) ;
#523 = CARTESIAN_POINT ( 'NONE',  ( 18.75504405100332761, 18.99997749144618453, -0.2219896382804011359 ) ) ;
#524 = EDGE_CURVE ( 'NONE', #510, #1179, #3466, .T. ) ;
#525 = CARTESIAN_POINT ( 'NONE',  ( -12.99999999999999822, 25.00000000000000355, 2.255140518769849223E-15 ) ) ;
#526 = CARTESIAN_POINT ( 'NONE',  ( 17.00000000000000000, 21.14285714285714590, 4.595916554898686890 ) ) ;
#527 = ORIENTED_EDGE ( 'NONE', *, *, #894, .F. ) ;
#528 = PLANE ( 'NONE',  #643 ) ;
#529 = CARTESIAN_POINT ( 'NONE',  ( 14.00000000000000178, -1.898202538678397557E-15, 20.00000000000000355 ) ) ;
#530 = AXIS2_PLACEMENT_3D ( 'NONE', #3392, #1625, #4147 ) ;
#531 = PLANE ( 'NONE',  #1756 ) ;
#532 = VERTEX_POINT ( 'NONE', #3256 ) ;
#533 = CARTESIAN_POINT ( 'NONE',  ( -24.60000000000000142, 4.282748532117869544, -27.39999999999999858 ) ) ;
#534 = CARTESIAN_POINT ( 'NONE',  ( -25.99999999999999289, 3.000000000000009770, 25.00000000000000355 ) ) ;
#535 = AXIS2_PLACEMENT_3D ( 'NONE', #1646, #2016, #2038 ) ;
#536 = AXIS2_PLACEMENT_3D ( 'NONE', #1031, #2461, #3591 ) ;
#537 = AXIS2_PLACEMENT_3D ( 'NONE', #4543, #1404, #965 ) ;
#538 = VERTEX_POINT ( 'NONE', #1885 ) ;
#539 = CARTESIAN_POINT ( 'NONE',  ( -21.34408512719863182, 1.416481418320714614, -28.41648141832071417 ) ) ;
#540 = ORIENTED_EDGE ( 'NONE', *, *, #1332, .F. ) ;
#541 = CARTESIAN_POINT ( 'NONE',  ( 25.57223070949164878, 3.572230709491623912, -27.23702572067778505 ) ) ;
#542 = VECTOR ( 'NONE', #626, 1000.000000000000000 ) ;
#543 = DIRECTION ( 'NONE',  ( 0.7071067811865461294, 0.7071067811865490160, -1.226634733346696845E-16 ) ) ;
#544 = EDGE_LOOP ( 'NONE', ( #2231, #3615, #3458, #2939 ) ) ;
#545 = CARTESIAN_POINT ( 'NONE',  ( 24.60000000000000142, 6.664990392988226375, -27.39999999999996660 ) ) ;
#546 = CARTESIAN_POINT ( 'NONE',  ( -18.73149306115513468, 19.01242416359336218, 0.4439174290668413403 ) ) ;
#547 = CARTESIAN_POINT ( 'NONE',  ( 25.00000000000071054, 15.99999999999912603, 1.040204399679242497 ) ) ;
#548 = AXIS2_PLACEMENT_3D ( 'NONE', #4057, #3285, #2519 ) ;
#549 = ADVANCED_FACE ( 'NONE', ( #1861 ), #2915, .T. ) ;
#550 = FACE_BOUND ( 'NONE', #3288, .T. ) ;
#551 = ORIENTED_EDGE ( 'NONE', *, *, #1272, .T. ) ;
#552 = DIRECTION ( 'NONE',  ( 0.8660254037844385966, -0.4999999999999999445, 0.000000000000000000 ) ) ;
#553 = FACE_OUTER_BOUND ( 'NONE', #28, .T. ) ;
#554 = EDGE_CURVE ( 'NONE', #1562, #708, #1497, .T. ) ;
#555 = CIRCLE ( 'NONE', #3254, 3.599999999999999201 ) ;
#556 = CARTESIAN_POINT ( 'NONE',  ( 20.00000000000001066, 12.97918471982872646, -29.99999999999999289 ) ) ;
#557 = ORIENTED_EDGE ( 'NONE', *, *, #441, .F. ) ;
#558 = ORIENTED_EDGE ( 'NONE', *, *, #1471, .T. ) ;
#559 = CARTESIAN_POINT ( 'NONE',  ( 6.704244552369679866, 21.10382100709433928, 20.63665353580158879 ) ) ;
#560 = DIRECTION ( 'NONE',  ( 0.000000000000000000, 0.000000000000000000, -1.000000000000000000 ) ) ;
#561 = EDGE_CURVE ( 'NONE', #4115, #4185, #3359, .T. ) ;
#562 = AXIS2_PLACEMENT_3D ( 'NONE', #2052, #1389, #2775 ) ;
#563 = ORIENTED_EDGE ( 'NONE', *, *, #4500, .T. ) ;
#564 = PLANE ( 'NONE',  #1596 ) ;
#565 = VECTOR ( 'NONE', #3889, 1000.000000000000000 ) ;
#566 = VERTEX_POINT ( 'NONE', #1558 ) ;
#567 = MANIFOLD_SOLID_BREP ( 'Cut-Extrude20', #4425 ) ;
#568 = DIRECTION ( 'NONE',  ( 0.000000000000000000, -0.7071067811865474617, -0.7071067811865476838 ) ) ;
#569 = DIRECTION ( 'NONE',  ( -0.000000000000000000, -1.000000000000000000, -0.000000000000000000 ) ) ;
#570 = PRODUCT_DEFINITION_FORMATION_WITH_SPECIFIED_SOURCE ( 'ANY', '', #2996, .NOT_KNOWN. ) ;
#571 = ADVANCED_FACE ( 'NONE', ( #214, #3791 ), #2983, .F. ) ;
#572 = ORIENTED_EDGE ( 'NONE', *, *, #1617, .T. ) ;
#573 = PLANE ( 'NONE',  #530 ) ;
#574 = CARTESIAN_POINT ( 'NONE',  ( -17.02936486664110660, 20.81194160525301484, 4.302114739927226594 ) ) ;
#575 = CARTESIAN_POINT ( 'NONE',  ( 24.99999999999956657, 16.00000000000055778, -1.035807334473696439 ) ) ;
#576 = CARTESIAN_POINT ( 'NONE',  ( -19.99999999999998934, 12.97918471982870869, 30.00000000000000711 ) ) ;
#577 = DIRECTION ( 'NONE',  ( 0.000000000000000000, 0.000000000000000000, 1.000000000000000000 ) ) ;
#578 = EDGE_LOOP ( 'NONE', ( #361, #3710, #3895, #3220, #3015, #4212 ) ) ;
#579 = CARTESIAN_POINT ( 'NONE',  ( 9.999999999999998224, 8.000000000000000000, 23.00000000000000711 ) ) ;
#580 = FACE_OUTER_BOUND ( 'NONE', #516, .T. ) ;
#581 = DIRECTION ( 'NONE',  ( 0.000000000000000000, 0.000000000000000000, -1.000000000000000000 ) ) ;
#582 = ORIENTED_EDGE ( 'NONE', *, *, #4182, .F. ) ;
#583 = ORIENTED_EDGE ( 'NONE', *, *, #2338, .F. ) ;
#584 = CARTESIAN_POINT ( 'NONE',  ( -24.39179894713144137, 3.596379833994560737, -27.60820105286855863 ) ) ;
#585 = DIRECTION ( 'NONE',  ( -0.000000000000000000, -0.000000000000000000, 1.000000000000000000 ) ) ;
#586 = FACE_OUTER_BOUND ( 'NONE', #1349, .T. ) ;
#587 = ADVANCED_FACE ( 'NONE', ( #3470 ), #2307, .F. ) ;
#588 = ORIENTED_EDGE ( 'NONE', *, *, #359, .T. ) ;
#589 = CARTESIAN_POINT ( 'NONE',  ( 21.00000000000000711, 0.9585481156726252117, 23.00000000000000711 ) ) ;
#590 = ORIENTED_EDGE ( 'NONE', *, *, #4188, .T. ) ;
#591 = DIRECTION ( 'NONE',  ( -0.000000000000000000, -0.000000000000000000, -1.000000000000000000 ) ) ;
#592 = ORIENTED_EDGE ( 'NONE', *, *, #3823, .T. ) ;
#593 = CARTESIAN_POINT ( 'NONE',  ( -15.99999999999998224, 25.00000000000000000, -25.75735931288073033 ) ) ;
#594 = CARTESIAN_POINT ( 'NONE',  ( 8.750000000000000000, 25.00000000000000000, -20.99999999999999645 ) ) ;
#595 = CARTESIAN_POINT ( 'NONE',  ( 24.99999999999965539, 16.00000000000044409, -0.5179758226549009414 ) ) ;
#596 =( BOUNDED_CURVE ( )  B_SPLINE_CURVE ( 3, ( #315, #1694, #4580, #4558 ),
 .UNSPECIFIED., .F., .T. ) 
 B_SPLINE_CURVE_WITH_KNOTS ( ( 4, 4 ),
 ( 0.000000000000000000, 1.570796326794898556 ),
 .UNSPECIFIED. ) 
 CURVE ( )  GEOMETRIC_REPRESENTATION_ITEM ( )  RATIONAL_B_SPLINE_CURVE ( ( 1.000000000000000000, 0.8047378541243644934, 0.8047378541243644934, 1.000000000000000000 ) ) 
 REPRESENTATION_ITEM ( '' )  );
#597 = ORIENTED_EDGE ( 'NONE', *, *, #1794, .T. ) ;
#598 = DIRECTION ( 'NONE',  ( 1.000000000000000000, 0.000000000000000000, 0.000000000000000000 ) ) ;
#599 = DIRECTION ( 'NONE',  ( -0.000000000000000000, -1.000000000000000000, -0.000000000000000000 ) ) ;
#600 = DIRECTION ( 'NONE',  ( 0.000000000000000000, 0.000000000000000000, -1.000000000000000000 ) ) ;
#601 = EDGE_LOOP ( 'NONE', ( #2732, #1748 ) ) ;
#602 = CARTESIAN_POINT ( 'NONE',  ( -21.99999999999999289, 13.86691298581657961, -29.99999999999999289 ) ) ;
#603 = DIRECTION ( 'NONE',  ( 1.000000000000000000, 0.000000000000000000, -1.734723475976807094E-16 ) ) ;
#604 = DIRECTION ( 'NONE',  ( -0.000000000000000000, -1.000000000000000000, -0.000000000000000000 ) ) ;
#605 = EDGE_CURVE ( 'NONE', #4471, #2500, #1956, .T. ) ;
#606 = LINE ( 'NONE', #3503, #1824 ) ;
#607 = VERTEX_POINT ( 'NONE', #3400 ) ;
#608 = AXIS2_PLACEMENT_3D ( 'NONE', #4405, #394, #4011 ) ;
#609 = CARTESIAN_POINT ( 'NONE',  ( 23.25000000000000000, 5.000000000000004441, -15.00000000000000000 ) ) ;
#610 = ORIENTED_EDGE ( 'NONE', *, *, #2793, .T. ) ;
#611 = EDGE_CURVE ( 'NONE', #1047, #1671, #1631, .T. ) ;
#612 = AXIS2_PLACEMENT_3D ( 'NONE', #4594, #3186, #4 ) ;
#613 = DIRECTION ( 'NONE',  ( 0.000000000000000000, -0.000000000000000000, -1.000000000000000000 ) ) ;
#614 = ORIENTED_EDGE ( 'NONE', *, *, #3250, .F. ) ;
#615 = VECTOR ( 'NONE', #2488, 1000.000000000000000 ) ;
#616 = CARTESIAN_POINT ( 'NONE',  ( -16.99999999999997868, 20.96251133710078918, 4.444560556986294486 ) ) ;
#617 = CARTESIAN_POINT ( 'NONE',  ( -24.99999999999999645, 16.00000000000000000, -10.38864519909835238 ) ) ;
#618 = EDGE_CURVE ( 'NONE', #3080, #260, #3378, .T. ) ;
#619 = CIRCLE ( 'NONE', #3837, 2.249999999999998668 ) ;
#620 = VERTEX_POINT ( 'NONE', #2632 ) ;
#621 = ADVANCED_FACE ( 'NONE', ( #553 ), #2283, .F. ) ;
#622 = EDGE_CURVE ( 'NONE', #3723, #1590, #162, .T. ) ;
#623 = LINE ( 'NONE', #3108, #2362 ) ;
#624 = FACE_OUTER_BOUND ( 'NONE', #2576, .T. ) ;
#625 = AXIS2_PLACEMENT_3D ( 'NONE', #4606, #1755, #3896 ) ;
#626 = DIRECTION ( 'NONE',  ( -1.734723475976807094E-16, 0.000000000000000000, -1.000000000000000000 ) ) ;
#627 = DIRECTION ( 'NONE',  ( 1.734723475976807094E-16, 0.000000000000000000, 1.000000000000000000 ) ) ;
#628 = ORIENTED_EDGE ( 'NONE', *, *, #137, .F. ) ;
#629 = EDGE_LOOP ( 'NONE', ( #1333, #1684, #3095, #1361, #488, #2943 ) ) ;
#630 = LINE ( 'NONE', #3936, #977 ) ;
#631 = CIRCLE ( 'NONE', #4237, 5.000000000000000888 ) ;
#632 = PLANE ( 'NONE',  #780 ) ;
#633 = CARTESIAN_POINT ( 'NONE',  ( -15.00000000000000000, 0.000000000000000000, -18.40568056140707753 ) ) ;
#634 = ORIENTED_EDGE ( 'NONE', *, *, #1441, .F. ) ;
#635 = LINE ( 'NONE', #724, #2791 ) ;
#636 = ORIENTED_EDGE ( 'NONE', *, *, #2800, .T. ) ;
#637 = VECTOR ( 'NONE', #4018, 1000.000000000000000 ) ;
#638 = FACE_BOUND ( 'NONE', #4071, .T. ) ;
#639 = AXIS2_PLACEMENT_3D ( 'NONE', #3338, #123, #1542 ) ;
#640 = VERTEX_POINT ( 'NONE', #4080 ) ;
#641 = CARTESIAN_POINT ( 'NONE',  ( -15.99999999999998224, 25.00000000000000000, -20.10050506338833287 ) ) ;
#642 = CARTESIAN_POINT ( 'NONE',  ( -17.37155007918421035, 20.10099506885357812, -3.470943966784590717 ) ) ;
#643 = AXIS2_PLACEMENT_3D ( 'NONE', #3082, #1557, #3765 ) ;
#644 = LINE ( 'NONE', #2070, #3485 ) ;
#645 = AXIS2_PLACEMENT_3D ( 'NONE', #3599, #4308, #2232 ) ;
#646 = ADVANCED_FACE ( 'NONE', ( #580 ), #189, .F. ) ;
#647 = ORIENTED_EDGE ( 'NONE', *, *, #4549, .F. ) ;
#648 = CARTESIAN_POINT ( 'NONE',  ( 0.000000000000000000, 0.000000000000000000, 25.00000000000000355 ) ) ;
#649 = PLANE ( 'NONE',  #1978 ) ;
#650 = ORIENTED_EDGE ( 'NONE', *, *, #1934, .F. ) ;
#651 = DIRECTION ( 'NONE',  ( 1.000000000000000000, 0.000000000000000000, 0.000000000000000000 ) ) ;
#652 = EDGE_CURVE ( 'NONE', #3947, #497, #1505, .T. ) ;
#653 = FACE_OUTER_BOUND ( 'NONE', #1990, .T. ) ;
#654 = CARTESIAN_POINT ( 'NONE',  ( -12.99999999999999289, 22.87867965644036872, 30.00000000000001421 ) ) ;
#655 = VERTEX_POINT ( 'NONE', #3083 ) ;
#656 = DIRECTION ( 'NONE',  ( -1.000000000000000000, 0.000000000000000000, -0.000000000000000000 ) ) ;
#657 = ORIENTED_EDGE ( 'NONE', *, *, #1468, .T. ) ;
#658 = CARTESIAN_POINT ( 'NONE',  ( -25.99999999999994316, 25.00000000000000000, -26.00000000000006040 ) ) ;
#659 = CARTESIAN_POINT ( 'NONE',  ( -24.99999999999998934, 3.000000000000009770, 24.00000000000000000 ) ) ;
#660 = ORIENTED_EDGE ( 'NONE', *, *, #1930, .F. ) ;
#661 = LINE ( 'NONE', #3127, #4143 ) ;
#662 = FACE_OUTER_BOUND ( 'NONE', #3063, .T. ) ;
#663 = ORIENTED_EDGE ( 'NONE', *, *, #382, .F. ) ;
#664 = CARTESIAN_POINT ( 'NONE',  ( -12.99999999999999645, 25.00000000000000000, -5.999999999999998224 ) ) ;
#665 = CARTESIAN_POINT ( 'NONE',  ( -18.75000000000000355, 5.000000000000004441, 30.00000000000000711 ) ) ;
#666 = ADVANCED_FACE ( 'NONE', ( #2093 ), #991, .F. ) ;
#667 = CARTESIAN_POINT ( 'NONE',  ( -23.41421356237306739, -1.212500995425171119E-14, 25.00000000000000355 ) ) ;
#668 = VERTEX_POINT ( 'NONE', #4201 ) ;
#669 = ORIENTED_EDGE ( 'NONE', *, *, #3879, .T. ) ;
#670 = LINE ( 'NONE', #3815, #3193 ) ;
#671 = CYLINDRICAL_SURFACE ( 'NONE', #3536, 3.599999999999999201 ) ;
#672 = EDGE_CURVE ( 'NONE', #674, #4397, #4548, .T. ) ;
#673 = FACE_BOUND ( 'NONE', #2797, .T. ) ;
#674 = VERTEX_POINT ( 'NONE', #2490 ) ;
#675 = FACE_OUTER_BOUND ( 'NONE', #3028, .T. ) ;
#676 = ADVANCED_FACE ( 'NONE', ( #690 ), #3860, .F. ) ;
#677 = CARTESIAN_POINT ( 'NONE',  ( 21.00000000000000000, 5.000000000000004441, -15.00000000000000000 ) ) ;
#678 = EDGE_LOOP ( 'NONE', ( #878, #3609 ) ) ;
#679 = CARTESIAN_POINT ( 'NONE',  ( -24.99999999999998934, 3.000000000000007550, 24.58578643762690419 ) ) ;
#680 = ORIENTED_EDGE ( 'NONE', *, *, #2217, .F. ) ;
#681 = CARTESIAN_POINT ( 'NONE',  ( -18.64951162431576748, 19.05425212489531006, 0.9163499663341565515 ) ) ;
#682 = CARTESIAN_POINT ( 'NONE',  ( -22.77491811278770939, 19.74314330246695093, -3.070801971503916761 ) ) ;
#683 = VECTOR ( 'NONE', #4187, 1000.000000000000000 ) ;
#684 = CARTESIAN_POINT ( 'NONE',  ( 17.37155007918424587, 20.10099506885368115, 3.470943966784719947 ) ) ;
#685 = AXIS2_PLACEMENT_3D ( 'NONE', #2900, #444, #1116 ) ;
#686 = AXIS2_PLACEMENT_3D ( 'NONE', #2923, #2947, #18 ) ;
#687 = UNCERTAINTY_MEASURE_WITH_UNIT (LENGTH_MEASURE( 1.000000000000000082E-05 ), #3151, 'distance_accuracy_value', 'NONE');
#688 = ORIENTED_EDGE ( 'NONE', *, *, #879, .T. ) ;
#689 = CARTESIAN_POINT ( 'NONE',  ( 25.00000000000000000, 2.999999999999981792, -29.99999999999999289 ) ) ;
#690 = FACE_OUTER_BOUND ( 'NONE', #2616, .T. ) ;
#691 = AXIS2_PLACEMENT_3D ( 'NONE', #1118, #1871, #2573 ) ;
#692 = CARTESIAN_POINT ( 'NONE',  ( -10.00000000000000178, 25.00000000000000000, 35.00000000000000000 ) ) ;
#693 = ORIENTED_EDGE ( 'NONE', *, *, #3360, .F. ) ;
#694 = EDGE_CURVE ( 'NONE', #2066, #1780, #2467, .T. ) ;
#695 = LINE ( 'NONE', #1062, #863 ) ;
#696 = DIRECTION ( 'NONE',  ( -0.000000000000000000, -0.000000000000000000, -1.000000000000000000 ) ) ;
#697 = CARTESIAN_POINT ( 'NONE',  ( -25.00000000000000000, 2.999999999999980904, -15.00000000000000178 ) ) ;
#698 = VECTOR ( 'NONE', #1068, 1000.000000000000000 ) ;
#699 = PLANE ( 'NONE',  #481 ) ;
#700 = ORIENTED_EDGE ( 'NONE', *, *, #3234, .T. ) ;
#701 = DIRECTION ( 'NONE',  ( -0.000000000000000000, -0.000000000000000000, 1.000000000000000000 ) ) ;
#702 = ADVANCED_FACE ( 'NONE', ( #3561 ), #2551, .T. ) ;
#703 = AXIS2_PLACEMENT_3D ( 'NONE', #2204, #3617, #2229 ) ;
#704 = CARTESIAN_POINT ( 'NONE',  ( 15.00000000000000533, 15.00000000000000355, 30.00000000000000711 ) ) ;
#705 = EDGE_CURVE ( 'NONE', #979, #1919, #3756, .T. ) ;
#706 = CARTESIAN_POINT ( 'NONE',  ( -23.25000000000000000, 5.000000000000004441, -15.00000000000000000 ) ) ;
#707 = AXIS2_PLACEMENT_3D ( 'NONE', #3306, #94, #4386 ) ;
#708 = VERTEX_POINT ( 'NONE', #1766 ) ;
#709 = DIRECTION ( 'NONE',  ( 0.000000000000000000, -1.000000000000000000, 0.000000000000000000 ) ) ;
#710 = CARTESIAN_POINT ( 'NONE',  ( 23.48264915872828951, 20.76251316484791687, 4.398939289496820670 ) ) ;
#711 = CIRCLE ( 'NONE', #3345, 8.000000000000000000 ) ;
#712 = ADVANCED_FACE ( 'NONE', ( #624 ), #3156, .T. ) ;
#713 = CYLINDRICAL_SURFACE ( 'NONE', #1120, 4.000000000000000000 ) ;
#714 = PLANE ( 'NONE',  #2135 ) ;
#715 = CARTESIAN_POINT ( 'NONE',  ( 10.00000000000000000, 8.000000000000000000, 13.00000000000000711 ) ) ;
#716 = AXIS2_PLACEMENT_3D ( 'NONE', #4565, #2466, #598 ) ;
#717 = DIRECTION ( 'NONE',  ( -0.000000000000000000, -0.000000000000000000, 1.000000000000000000 ) ) ;
#718 = CARTESIAN_POINT ( 'NONE',  ( 18.30479931911418490, 19.26446531688136687, 1.774087794721620037 ) ) ;
#719 = VERTEX_POINT ( 'NONE', #1408 ) ;
#720 = DIRECTION ( 'NONE',  ( -0.000000000000000000, -0.7071067811865474617, 0.7071067811865476838 ) ) ;
#721 = CARTESIAN_POINT ( 'NONE',  ( -21.00000000000000000, 5.000000000000004441, -19.99999999999998934 ) ) ;
#722 = DIRECTION ( 'NONE',  ( -0.000000000000000000, -0.000000000000000000, -1.000000000000000000 ) ) ;
#723 = EDGE_LOOP ( 'NONE', ( #813, #3881, #989, #4051, #1260, #3191 ) ) ;
#724 = CARTESIAN_POINT ( 'NONE',  ( 21.99999999999998579, 2.999999999999981792, -29.99999999999999289 ) ) ;
#725 = ORIENTED_EDGE ( 'NONE', *, *, #427, .F. ) ;
#726 = CARTESIAN_POINT ( 'NONE',  ( -10.00000000000000178, 25.00000000000000000, 35.00000000000000000 ) ) ;
#727 = EDGE_CURVE ( 'NONE', #976, #1247, #4249, .T. ) ;
#728 = EDGE_LOOP ( 'NONE', ( #2202, #2434 ) ) ;
#729 = CARTESIAN_POINT ( 'NONE',  ( -24.60000000000000497, 6.664990392988211276, -27.39999999999999858 ) ) ;
#730 = VERTEX_POINT ( 'NONE', #2841 ) ;
#731 = CARTESIAN_POINT ( 'NONE',  ( -14.00000000000000178, -1.898202538678397557E-15, 20.00000000000000355 ) ) ;
#732 = DIRECTION ( 'NONE',  ( 1.734723475976807094E-16, -0.000000000000000000, 1.000000000000000000 ) ) ;
#733 = CARTESIAN_POINT ( 'NONE',  ( -10.00000000000000000, 8.000000000000000000, 11.50000000000000355 ) ) ;
#734 = VERTEX_POINT ( 'NONE', #3929 ) ;
#735 = DIRECTION ( 'NONE',  ( 1.000000000000000000, 0.000000000000000000, 0.000000000000000000 ) ) ;
#736 = DIRECTION ( 'NONE',  ( 0.000000000000000000, 0.7071067811865474617, 0.7071067811865476838 ) ) ;
#737 = ADVANCED_FACE ( 'NONE', ( #1701 ), #1039, .F. ) ;
#738 = CARTESIAN_POINT ( 'NONE',  ( -10.00000000000000000, 10.00000000000000178, 35.00000000000000000 ) ) ;
#739 = ORIENTED_EDGE ( 'NONE', *, *, #4102, .T. ) ;
#740 = CARTESIAN_POINT ( 'NONE',  ( -22.50677786406762948, 0.5067778640676179336, -25.96727357728798680 ) ) ;
#741 = DIRECTION ( 'NONE',  ( 0.000000000000000000, -1.000000000000000000, 0.000000000000000000 ) ) ;
#742 = VERTEX_POINT ( 'NONE', #2048 ) ;
#743 = FACE_OUTER_BOUND ( 'NONE', #3783, .T. ) ;
#744 = ORIENTED_EDGE ( 'NONE', *, *, #2046, .F. ) ;
#745 = CARTESIAN_POINT ( 'NONE',  ( 20.00000000000001066, 25.00000000000000000, -25.75735931288072678 ) ) ;
#746 = EDGE_CURVE ( 'NONE', #668, #1445, #3580, .T. ) ;
#747 = EDGE_LOOP ( 'NONE', ( #344, #12, #313, #1420, #1041, #3642, #2820 ) ) ;
#748 = LINE ( 'NONE', #3528, #2475 ) ;
#749 = ORIENTED_EDGE ( 'NONE', *, *, #4269, .T. ) ;
#750 = EDGE_CURVE ( 'NONE', #3411, #719, #3954, .T. ) ;
#751 = CARTESIAN_POINT ( 'NONE',  ( 21.00000000000001066, 9.041451884327386779, 23.00000000000000711 ) ) ;
#752 = LINE ( 'NONE', #2552, #2119 ) ;
#753 = VERTEX_POINT ( 'NONE', #1150 ) ;
#754 = AXIS2_PLACEMENT_3D ( 'NONE', #4207, #2314, #2383 ) ;
#755 = VERTEX_POINT ( 'NONE', #2885 ) ;
#756 = EDGE_CURVE ( 'NONE', #3887, #1671, #913, .T. ) ;
#757 = CYLINDRICAL_SURFACE ( 'NONE', #645, 1.500000000000001332 ) ;
#758 = DIRECTION ( 'NONE',  ( 0.000000000000000000, 0.000000000000000000, 1.000000000000000000 ) ) ;
#759 = AXIS2_PLACEMENT_3D ( 'NONE', #1761, #1779, #1715 ) ;
#760 = AXIS2_PLACEMENT_3D ( 'NONE', #2600, #736, #1530 ) ;
#761 = EDGE_CURVE ( 'NONE', #734, #708, #3645, .T. ) ;
#762 = DIRECTION ( 'NONE',  ( -1.000000000000000000, 0.000000000000000000, 0.000000000000000000 ) ) ;
#763 = EDGE_CURVE ( 'NONE', #3934, #2906, #452, .T. ) ;
#764 = VERTEX_POINT ( 'NONE', #1127 ) ;
#765 = CARTESIAN_POINT ( 'NONE',  ( -5.000000000000000888, 25.00000000000000000, 31.00000000000000355 ) ) ;
#766 = PRESENTATION_STYLE_ASSIGNMENT (( #3983 ) ) ;
#767 = FACE_OUTER_BOUND ( 'NONE', #2889, .T. ) ;
#768 = ADVANCED_FACE ( 'NONE', ( #2558 ), #1837, .F. ) ;
#769 = CARTESIAN_POINT ( 'NONE',  ( -16.99999999999999289, 16.00000000000000355, 10.72380529476361311 ) ) ;
#770 = EDGE_LOOP ( 'NONE', ( #700, #4155 ) ) ;
#771 = CARTESIAN_POINT ( 'NONE',  ( 0.000000000000000000, 25.00000000000000000, 26.00000000000000711 ) ) ;
#772 = LINE ( 'NONE', #726, #3701 ) ;
#773 = VECTOR ( 'NONE', #4038, 1000.000000000000227 ) ;
#774 = CARTESIAN_POINT ( 'NONE',  ( -26.99999999999998934, 1.000000000000014211, 30.00000000000000711 ) ) ;
#775 = VERTEX_POINT ( 'NONE', #2955 ) ;
#776 = CARTESIAN_POINT ( 'NONE',  ( 21.99999999999998579, 25.00000000000000000, -29.99999999999999289 ) ) ;
#777 = CIRCLE ( 'NONE', #3925, 1.499999999999999556 ) ;
#778 = PLANE ( 'NONE',  #2256 ) ;
#779 = CARTESIAN_POINT ( 'NONE',  ( -21.40848846705155850, 22.57343168262929467, -29.99999999999999645 ) ) ;
#780 = AXIS2_PLACEMENT_3D ( 'NONE', #1371, #4189, #1752 ) ;
#781 = ORIENTED_EDGE ( 'NONE', *, *, #257, .T. ) ;
#782 = ORIENTED_EDGE ( 'NONE', *, *, #2073, .F. ) ;
#783 = FACE_OUTER_BOUND ( 'NONE', #1566, .T. ) ;
#784 = CARTESIAN_POINT ( 'NONE',  ( 20.75735931288069480, 0.000000000000000000, -26.99999999999999645 ) ) ;
#785 = VECTOR ( 'NONE', #627, 1000.000000000000000 ) ;
#786 = EDGE_CURVE ( 'NONE', #358, #1481, #4003, .T. ) ;
#787 = CARTESIAN_POINT ( 'NONE',  ( 18.40496998569804177, 19.20122091067049297, -1.556298440830995666 ) ) ;
#788 = VECTOR ( 'NONE', #1393, 1000.000000000000000 ) ;
#789 = ORIENTED_EDGE ( 'NONE', *, *, #4209, .F. ) ;
#790 = CARTESIAN_POINT ( 'NONE',  ( 21.00000000000000711, 0.9585481156726252117, 23.00000000000000711 ) ) ;
#791 = FACE_OUTER_BOUND ( 'NONE', #4307, .T. ) ;
#792 = EDGE_CURVE ( 'NONE', #4342, #3121, #2864, .T. ) ;
#793 = AXIS2_PLACEMENT_3D ( 'NONE', #1925, #3370, #4099 ) ;
#794 = DIRECTION ( 'NONE',  ( 0.000000000000000000, 0.000000000000000000, 1.000000000000000000 ) ) ;
#795 = ORIENTED_EDGE ( 'NONE', *, *, #4087, .F. ) ;
#796 = LINE ( 'NONE', #3632, #773 ) ;
#797 = CARTESIAN_POINT ( 'NONE',  ( -10.00000000000000000, 8.000000000000000000, 13.00000000000000355 ) ) ;
#798 = ORIENTED_EDGE ( 'NONE', *, *, #1159, .T. ) ;
#799 = LINE ( 'NONE', #3995, #3390 ) ;
#800 = EDGE_LOOP ( 'NONE', ( #2647, #3014 ) ) ;
#801 = FACE_BOUND ( 'NONE', #948, .T. ) ;
#802 = CARTESIAN_POINT ( 'NONE',  ( -8.750000000000000000, 25.00000000000000000, -20.99999999999999645 ) ) ;
#803 = EDGE_LOOP ( 'NONE', ( #3687, #1406, #1164, #2118 ) ) ;
#804 = ORIENTED_EDGE ( 'NONE', *, *, #2298, .T. ) ;
#805 = CARTESIAN_POINT ( 'NONE',  ( -24.99999999999999289, 16.00000000000000000, 20.00000000000000355 ) ) ;
#806 = DIRECTION ( 'NONE',  ( 0.000000000000000000, 0.000000000000000000, 1.000000000000000000 ) ) ;
#807 = PLANE ( 'NONE',  #2638 ) ;
#808 = DIRECTION ( 'NONE',  ( 0.000000000000000000, 0.000000000000000000, 1.000000000000000000 ) ) ;
#809 = VERTEX_POINT ( 'NONE', #784 ) ;
#810 = LINE ( 'NONE', #2237, #1536 ) ;
#811 = DIRECTION ( 'NONE',  ( 5.782411586589358625E-17, 0.000000000000000000, 1.000000000000000000 ) ) ;
#812 = CYLINDRICAL_SURFACE ( 'NONE', #3629, 7.500000000000000000 ) ;
#813 = ORIENTED_EDGE ( 'NONE', *, *, #2904, .F. ) ;
#814 = PLANE ( 'NONE',  #1968 ) ;
#815 = EDGE_CURVE ( 'NONE', #3121, #3739, #3683, .T. ) ;
#816 = ORIENTED_EDGE ( 'NONE', *, *, #2, .F. ) ;
#817 = EDGE_CURVE ( 'NONE', #1732, #2411, #246, .T. ) ;
#818 = EDGE_CURVE ( 'NONE', #3819, #97, #2779, .T. ) ;
#819 = VERTEX_POINT ( 'NONE', #2930 ) ;
#820 = LINE ( 'NONE', #2244, #4366 ) ;
#821 = CARTESIAN_POINT ( 'NONE',  ( -25.00000000000000000, 2.999999999999981792, -29.99999999999999289 ) ) ;
#822 = ORIENTED_EDGE ( 'NONE', *, *, #1207, .F. ) ;
#823 = LINE ( 'NONE', #2249, #2612 ) ;
#824 = DIRECTION ( 'NONE',  ( -0.000000000000000000, -1.000000000000000000, -0.000000000000000000 ) ) ;
#825 = CARTESIAN_POINT ( 'NONE',  ( 27.00000000000000000, 25.00000000000000355, -4.683753385137378366E-15 ) ) ;
#826 =( BOUNDED_CURVE ( )  B_SPLINE_CURVE ( 3, ( #41, #2203, #1450, #3595 ),
 .UNSPECIFIED., .F., .T. ) 
 B_SPLINE_CURVE_WITH_KNOTS ( ( 4, 4 ),
 ( 3.141592653589793116, 3.730623623806074374 ),
 .UNSPECIFIED. ) 
 CURVE ( )  GEOMETRIC_REPRESENTATION_ITEM ( )  RATIONAL_B_SPLINE_CURVE ( ( 1.000000000000000000, 0.9712952651971038520, 0.9712952651971038520, 1.000000000000000000 ) ) 
 REPRESENTATION_ITEM ( '' )  );
#827 = FACE_OUTER_BOUND ( 'NONE', #2326, .T. ) ;
#828 = VECTOR ( 'NONE', #1929, 1000.000000000000114 ) ;
#829 = CARTESIAN_POINT ( 'NONE',  ( -17.99999999999998934, -4.000000000000001776, -15.00000000000000178 ) ) ;
#830 = ORIENTED_EDGE ( 'NONE', *, *, #83, .F. ) ;
#831 = DIRECTION ( 'NONE',  ( 0.000000000000000000, 0.7071067811865474617, -0.7071067811865475727 ) ) ;
#832 = CIRCLE ( 'NONE', #3388, 8.000000000000000000 ) ;
#833 = CARTESIAN_POINT ( 'NONE',  ( 17.50000000000000355, 7.020725942163693389, 23.00000000000000711 ) ) ;
#834 = ORIENTED_EDGE ( 'NONE', *, *, #756, .F. ) ;
#835 = AXIS2_PLACEMENT_3D ( 'NONE', #1809, #66, #1478 ) ;
#836 = CARTESIAN_POINT ( 'NONE',  ( -22.00000000000000711, 0.000000000000000000, -25.75735931288071257 ) ) ;
#837 = CIRCLE ( 'NONE', #3992, 1.500000000000001332 ) ;
#838 = DIRECTION ( 'NONE',  ( -5.782411586589357392E-17, -0.000000000000000000, -1.000000000000000000 ) ) ;
#839 = EDGE_CURVE ( 'NONE', #3988, #2411, #3327, .T. ) ;
#840 = VERTEX_POINT ( 'NONE', #1429 ) ;
#841 = CARTESIAN_POINT ( 'NONE',  ( 27.00000000000000000, 25.00000000000000000, 5.999999999999995559 ) ) ;
#842 = ORIENTED_EDGE ( 'NONE', *, *, #4330, .F. ) ;
#843 = DIRECTION ( 'NONE',  ( -1.000000000000000000, -0.000000000000000000, 1.734723475976807094E-16 ) ) ;
#844 = CARTESIAN_POINT ( 'NONE',  ( 15.00000000000000711, 10.00000000000000178, 30.00000000000000711 ) ) ;
#845 = ADVANCED_FACE ( 'NONE', ( #1084 ), #3622, .F. ) ;
#846 = AXIS2_PLACEMENT_3D ( 'NONE', #2498, #376, #1797 ) ;
#847 = ORIENTED_EDGE ( 'NONE', *, *, #3225, .F. ) ;
#848 = CARTESIAN_POINT ( 'NONE',  ( 18.75000000000000355, 5.000000000000004441, 30.00000000000000711 ) ) ;
#849 = LINE ( 'NONE', #2299, #1838 ) ;
#850 = CARTESIAN_POINT ( 'NONE',  ( -22.59808750918913489, 19.00009137544617133, -0.6744219253228720401 ) ) ;
#851 = CARTESIAN_POINT ( 'NONE',  ( 18.32472798988377249, 19.25141424594611195, 1.732234183952874096 ) ) ;
#852 = EDGE_CURVE ( 'NONE', #1156, #3184, #2233, .T. ) ;
#853 = CIRCLE ( 'NONE', #2049, 4.000000000000000000 ) ;
#854 = LINE ( 'NONE', #2253, #334 ) ;
#855 = DIRECTION ( 'NONE',  ( 1.652117596168387756E-16, 0.000000000000000000, 1.000000000000000000 ) ) ;
#856 = ORIENTED_EDGE ( 'NONE', *, *, #3464, .T. ) ;
#857 = DIRECTION ( 'NONE',  ( 0.000000000000000000, -0.7071067811865473507, -0.7071067811865477948 ) ) ;
#858 = AXIS2_PLACEMENT_3D ( 'NONE', #53, #3673, #2893 ) ;
#859 = CARTESIAN_POINT ( 'NONE',  ( 17.47070073724499295, 19.97792708408331563, -3.290184651409955752 ) ) ;
#860 = CARTESIAN_POINT ( 'NONE',  ( 20.00000000000001066, 25.00000000000000000, 25.75735931288071967 ) ) ;
#861 = VERTEX_POINT ( 'NONE', #1170 ) ;
#862 = ORIENTED_EDGE ( 'NONE', *, *, #3475, .T. ) ;
#863 = VECTOR ( 'NONE', #2029, 1000.000000000000000 ) ;
#864 = VECTOR ( 'NONE', #4027, 1000.000000000000000 ) ;
#865 = ORIENTED_EDGE ( 'NONE', *, *, #3795, .F. ) ;
#866 = VERTEX_POINT ( 'NONE', #1879 ) ;
#867 = DIRECTION ( 'NONE',  ( -0.000000000000000000, -0.000000000000000000, -1.000000000000000000 ) ) ;
#868 = ADVANCED_FACE ( 'NONE', ( #112 ), #2511, .F. ) ;
#869 = CARTESIAN_POINT ( 'NONE',  ( -23.25000000000000000, 5.000000000000004441, 30.00000000000000711 ) ) ;
#870 = ORIENTED_EDGE ( 'NONE', *, *, #1377, .F. ) ;
#871 = FACE_OUTER_BOUND ( 'NONE', #3346, .T. ) ;
#872 = LINE ( 'NONE', #1901, #4622 ) ;
#873 = CARTESIAN_POINT ( 'NONE',  ( -24.99999999999999289, 16.00000000000000000, 5.466494801806084602 ) ) ;
#874 = CARTESIAN_POINT ( 'NONE',  ( 22.59808750918735143, 19.00009137544616067, 0.6744219253217512700 ) ) ;
#875 = DIRECTION ( 'NONE',  ( -0.000000000000000000, -1.000000000000000000, -0.000000000000000000 ) ) ;
#876 = B_SPLINE_CURVE_WITH_KNOTS ( 'NONE', 3,
 ( #2425, #4251, #2865, #3602, #2534, #3932, #2492, #4336, #454, #3980, #2163, #718, #2512, #3280, #3646, #4287, #1459, #3625, #2844, #787, #1839, #1060, #435, #1410, #67, #1432, #3229, #410, #2213, #389 ),
 .UNSPECIFIED., .F., .F.,
 ( 4, 2, 2, 2, 2, 2, 2, 2, 2, 2, 2, 2, 2, 2, 4 ),
 ( 0.000000000000000000, 0.0007067258215012740775, 0.001413451643002548155, 0.002120177464503822124, 0.002826903286005096310, 0.003533629107506370062, 0.004240354929007643381, 0.004947080750508916699, 0.005653806572010190018, 0.007067258215012738390, 0.007773984036514011708, 0.008480709858015285027, 0.009894161501017829929, 0.01060088732251910151, 0.01130761314402037483 ),
 .UNSPECIFIED. ) ;
#877 = DIRECTION ( 'NONE',  ( 1.000000000000000000, 0.000000000000000000, -0.000000000000000000 ) ) ;
#878 = ORIENTED_EDGE ( 'NONE', *, *, #2420, .T. ) ;
#879 = EDGE_CURVE ( 'NONE', #145, #1403, #4048, .T. ) ;
#880 = DIRECTION ( 'NONE',  ( -0.000000000000000000, -1.000000000000000000, -0.000000000000000000 ) ) ;
#881 = DIRECTION ( 'NONE',  ( -0.000000000000000000, -0.000000000000000000, 1.000000000000000000 ) ) ;
#882 = CARTESIAN_POINT ( 'NONE',  ( 18.11960359028952539, 19.39160660350546905, -2.143147790220048865 ) ) ;
#883 = FACE_OUTER_BOUND ( 'NONE', #3439, .T. ) ;
#884 = ORIENTED_EDGE ( 'NONE', *, *, #4128, .T. ) ;
#885 = ORIENTED_EDGE ( 'NONE', *, *, #2898, .T. ) ;
#886 = CARTESIAN_POINT ( 'NONE',  ( 13.00000000000000000, 25.00000000000000000, -7.500000000000001776 ) ) ;
#887 = LINE ( 'NONE', #3066, #3607 ) ;
#888 = CARTESIAN_POINT ( 'NONE',  ( 25.00000000000000000, 25.00000000000000000, -29.99999999999999289 ) ) ;
#889 = ORIENTED_EDGE ( 'NONE', *, *, #2892, .F. ) ;
#890 = CARTESIAN_POINT ( 'NONE',  ( -8.749999999999998224, 25.00000000000000000, 4.987329993433320396E-15 ) ) ;
#891 = ORIENTED_EDGE ( 'NONE', *, *, #2014, .F. ) ;
#892 = DIRECTION ( 'NONE',  ( 0.000000000000000000, -0.7071067811865474617, 0.7071067811865476838 ) ) ;
#893 = DIRECTION ( 'NONE',  ( -0.000000000000000000, -0.7071067811865474617, 0.7071067811865476838 ) ) ;
#894 = EDGE_CURVE ( 'NONE', #532, #2967, #2855, .T. ) ;
#895 = ORIENTED_EDGE ( 'NONE', *, *, #4255, .T. ) ;
#896 = CARTESIAN_POINT ( 'NONE',  ( -21.99999999999998579, 0.000000000000000000, 24.00000000000000355 ) ) ;
#897 = CARTESIAN_POINT ( 'NONE',  ( -24.99999999999999289, 16.00000000000000000, 10.72380529476361311 ) ) ;
#898 = CARTESIAN_POINT ( 'NONE',  ( 25.00000000000025935, 15.99999999999960210, 4.998119575103389778 ) ) ;
#899 = CARTESIAN_POINT ( 'NONE',  ( -21.00000000000000355, 9.041451884327388555, 23.00000000000000711 ) ) ;
#900 = DIRECTION ( 'NONE',  ( 0.000000000000000000, -1.000000000000000000, 0.000000000000000000 ) ) ;
#901 = ADVANCED_FACE ( 'NONE', ( #3420 ), #3072, .T. ) ;
#902 = CARTESIAN_POINT ( 'NONE',  ( 17.50000000000000355, 2.979274057836316825, 30.00000000000000711 ) ) ;
#903 = CARTESIAN_POINT ( 'NONE',  ( 18.42019228687765775, 19.19180969446380658, -1.520667869259262339 ) ) ;
#904 = ADVANCED_FACE ( 'NONE', ( #662 ), #4561, .T. ) ;
#905 = CARTESIAN_POINT ( 'NONE',  ( -19.99999999999998934, 6.442969800367985833, -36.53621491946073263 ) ) ;
#906 = ORIENTED_EDGE ( 'NONE', *, *, #365, .F. ) ;
#907 = VERTEX_POINT ( 'NONE', #1316 ) ;
#908 = CARTESIAN_POINT ( 'NONE',  ( 4.720080479822748920, 18.84799492227456597, 20.07936214529919283 ) ) ;
#909 = CARTESIAN_POINT ( 'NONE',  ( 24.00000000000001776, 25.00000000000000000, -20.10050506338833287 ) ) ;
#910 = AXIS2_PLACEMENT_3D ( 'NONE', #167, #1615, #935 ) ;
#911 = EDGE_CURVE ( 'NONE', #2153, #2368, #2819, .T. ) ;
#912 = VECTOR ( 'NONE', #4089, 1000.000000000000000 ) ;
#913 = CIRCLE ( 'NONE', #1957, 3.500000000000002665 ) ;
#914 = VERTEX_POINT ( 'NONE', #594 ) ;
#915 = CARTESIAN_POINT ( 'NONE',  ( 25.00000000000000000, -1.898202538678397557E-15, 20.00000000000000355 ) ) ;
#916 = ORIENTED_EDGE ( 'NONE', *, *, #2581, .T. ) ;
#917 = DIRECTION ( 'NONE',  ( 0.000000000000000000, -0.7071067811865476838, 0.7071067811865474617 ) ) ;
#918 = DIRECTION ( 'NONE',  ( 0.000000000000000000, -1.334402673828314079E-16, 1.000000000000000000 ) ) ;
#919 = ORIENTED_EDGE ( 'NONE', *, *, #4095, .T. ) ;
#920 = DIRECTION ( 'NONE',  ( 1.000000000000000000, 0.000000000000000000, -1.734723475976807094E-16 ) ) ;
#921 = FACE_OUTER_BOUND ( 'NONE', #770, .T. ) ;
#922 = CARTESIAN_POINT ( 'NONE',  ( -24.99999999999999289, 16.00000000000000000, 7.677097519878142151 ) ) ;
#923 = TOROIDAL_SURFACE ( 'NONE', #1437, 14.00000000000000178, 8.000000000000000000 ) ;
#924 = DIRECTION ( 'NONE',  ( -1.000000000000000000, 0.000000000000000000, 0.000000000000000000 ) ) ;
#925 = EDGE_LOOP ( 'NONE', ( #4507, #3744, #3222, #1774, #2109, #3176 ) ) ;
#926 = CARTESIAN_POINT ( 'NONE',  ( 20.00000000000001066, 22.87867965644035095, 27.87867965644036872 ) ) ;
#927 = CARTESIAN_POINT ( 'NONE',  ( 26.00000000000001776, 25.00000000000000000, -25.99999999999995737 ) ) ;
#928 = AXIS2_PLACEMENT_3D ( 'NONE', #677, #4631, #270 ) ;
#929 = ADVANCED_FACE ( 'NONE', ( #1359 ), #2767, .F. ) ;
#930 = VECTOR ( 'NONE', #2897, 1000.000000000000000 ) ;
#931 = DIRECTION ( 'NONE',  ( 5.782411586589358625E-17, -1.334402673828314079E-16, 1.000000000000000000 ) ) ;
#932 = ORIENTED_EDGE ( 'NONE', *, *, #3678, .T. ) ;
#933 = VERTEX_POINT ( 'NONE', #2747 ) ;
#934 = LINE ( 'NONE', #886, #2875 ) ;
#935 = DIRECTION ( 'NONE',  ( -0.8660254037844384856, 0.5000000000000002220, 0.000000000000000000 ) ) ;
#936 = AXIS2_PLACEMENT_3D ( 'NONE', #1819, #31, #4036 ) ;
#937 = VERTEX_POINT ( 'NONE', #1035 ) ;
#938 = CARTESIAN_POINT ( 'NONE',  ( -19.99056509100524437, 1.286518058788963526, -28.28651805878896397 ) ) ;
#939 = AXIS2_PLACEMENT_3D ( 'NONE', #4206, #2120, #4229 ) ;
#940 = EDGE_LOOP ( 'NONE', ( #4331, #4096, #1982, #341, #4106, #1641, #597, #1888, #450, #4409, #4091, #2708, #3660, #1820, #590, #2710, #4592, #2484, #1167, #1843 ) ) ;
#941 = CYLINDRICAL_SURFACE ( 'NONE', #2795, 3.499999999999998668 ) ;
#942 = CIRCLE ( 'NONE', #3636, 21.00000000000000000 ) ;
#943 = ORIENTED_EDGE ( 'NONE', *, *, #1846, .T. ) ;
#944 = CARTESIAN_POINT ( 'NONE',  ( -18.00543000298058161, 19.47592364135865850, 2.350935133398589727 ) ) ;
#945 = CARTESIAN_POINT ( 'NONE',  ( 24.50000000000000355, 7.020725942163699607, 23.00000000000000711 ) ) ;
#946 = CARTESIAN_POINT ( 'NONE',  ( -24.99999999999999289, 16.00000000000000000, 5.000678177254955337 ) ) ;
#947 = CARTESIAN_POINT ( 'NONE',  ( 22.98559021147451986, 20.17378831699517505, 3.753314910704333318 ) ) ;
#948 = EDGE_LOOP ( 'NONE', ( #1583, #830 ) ) ;
#949 = DIRECTION ( 'NONE',  ( -0.000000000000000000, 0.000000000000000000, 1.000000000000000000 ) ) ;
#950 = DIRECTION ( 'NONE',  ( 1.000000000000000000, 0.000000000000000000, 0.000000000000000000 ) ) ;
#951 = FACE_OUTER_BOUND ( 'NONE', #2716, .T. ) ;
#952 = EDGE_LOOP ( 'NONE', ( #1390, #1067, #4173, #3909 ) ) ;
#953 = ORIENTED_EDGE ( 'NONE', *, *, #786, .T. ) ;
#954 = FACE_OUTER_BOUND ( 'NONE', #4254, .T. ) ;
#955 = DIRECTION ( 'NONE',  ( 0.000000000000000000, -1.000000000000000000, 0.000000000000000000 ) ) ;
#956 = CARTESIAN_POINT ( 'NONE',  ( -19.99999999999998934, 12.97918471982870869, 30.00000000000000711 ) ) ;
#957 = ORIENTED_EDGE ( 'NONE', *, *, #4377, .T. ) ;
#958 = CARTESIAN_POINT ( 'NONE',  ( 13.00000000000000178, 25.00000000000000000, -2.255140518769849223E-15 ) ) ;
#959 = EDGE_CURVE ( 'NONE', #4112, #3093, #3511, .T. ) ;
#960 = ORIENTED_EDGE ( 'NONE', *, *, #3898, .F. ) ;
#961 = LINE ( 'NONE', #3550, #1680 ) ;
#962 = EDGE_CURVE ( 'NONE', #3538, #4435, #2836, .T. ) ;
#963 = ORIENTED_EDGE ( 'NONE', *, *, #561, .T. ) ;
#964 = CARTESIAN_POINT ( 'NONE',  ( -17.21598653110048716, 20.33996261074717182, 3.785662023087042360 ) ) ;
#965 = DIRECTION ( 'NONE',  ( 0.000000000000000000, 0.7071067811865473507, -0.7071067811865475727 ) ) ;
#966 = EDGE_CURVE ( 'NONE', #1791, #97, #4281, .T. ) ;
#967 = ORIENTED_EDGE ( 'NONE', *, *, #2363, .T. ) ;
#968 = CARTESIAN_POINT ( 'NONE',  ( -8.749999999999996447, 7.886538598597010896, 12.17084380241116293 ) ) ;
#969 = DIRECTION ( 'NONE',  ( 1.000000000000000000, 0.000000000000000000, -1.734723475976807587E-16 ) ) ;
#970 = VERTEX_POINT ( 'NONE', #4197 ) ;
#971 = ORIENTED_EDGE ( 'NONE', *, *, #959, .T. ) ;
#972 = LINE ( 'NONE', #330, #1759 ) ;
#973 = CARTESIAN_POINT ( 'NONE',  ( 23.41421356237309936, -1.212500995425148873E-14, 25.00000000000000355 ) ) ;
#974 = CYLINDRICAL_SURFACE ( 'NONE', #4456, 2.249999999999998668 ) ;
#975 = FACE_BOUND ( 'NONE', #1971, .T. ) ;
#976 = VERTEX_POINT ( 'NONE', #3827 ) ;
#977 = VECTOR ( 'NONE', #373, 1000.000000000000000 ) ;
#978 = CARTESIAN_POINT ( 'NONE',  ( 20.00000000000001066, 8.964466094067269353, 38.96446609406727646 ) ) ;
#979 = VERTEX_POINT ( 'NONE', #2414 ) ;
#980 = DIRECTION ( 'NONE',  ( 1.000000000000000000, 0.000000000000000000, 0.000000000000000000 ) ) ;
#981 = EDGE_CURVE ( 'NONE', #2262, #1977, #298, .T. ) ;
#982 = EDGE_LOOP ( 'NONE', ( #4066, #3653, #2636, #889 ) ) ;
#983 = CARTESIAN_POINT ( 'NONE',  ( -17.03261404414211100, 20.79660285899144512, -4.287383549608264843 ) ) ;
#984 = CARTESIAN_POINT ( 'NONE',  ( -17.00000000175254300, 20.97172388622632866, -4.452292228706459021 ) ) ;
#985 = EDGE_CURVE ( 'NONE', #54, #282, #2902, .T. ) ;
#986 = CARTESIAN_POINT ( 'NONE',  ( 24.49758017336776206, 21.19985564052741367, 4.670646654038315582 ) ) ;
#987 = ADVANCED_FACE ( 'NONE', ( #3924 ), #1143, .F. ) ;
#988 = AXIS2_PLACEMENT_3D ( 'NONE', #4451, #2701, #1576 ) ;
#989 = ORIENTED_EDGE ( 'NONE', *, *, #1767, .T. ) ;
#990 = DIRECTION ( 'NONE',  ( 2.312964634635742957E-16, 0.000000000000000000, 1.000000000000000000 ) ) ;
#991 = PLANE ( 'NONE',  #4222 ) ;
#992 = EDGE_CURVE ( 'NONE', #4282, #358, #3320, .T. ) ;
#993 = AXIS2_PLACEMENT_3D ( 'NONE', #1554, #4076, #4420 ) ;
#994 = CARTESIAN_POINT ( 'NONE',  ( -25.00000000000000000, 3.000000000000009770, 20.00000000000000355 ) ) ;
#995 = DIRECTION ( 'NONE',  ( 0.000000000000000000, 0.000000000000000000, -1.000000000000000000 ) ) ;
#996 = VERTEX_POINT ( 'NONE', #4023 ) ;
#997 = ORIENTED_EDGE ( 'NONE', *, *, #4302, .T. ) ;
#998 = AXIS2_PLACEMENT_3D ( 'NONE', #4193, #2390, #4297 ) ;
#999 = CARTESIAN_POINT ( 'NONE',  ( -23.87867965644030832, 0.000000000000000000, -23.87867965644041490 ) ) ;
#1000 = CIRCLE ( 'NONE', #707, 1.799999999999999600 ) ;
#1001 = CARTESIAN_POINT ( 'NONE',  ( -10.00000000000000355, 15.00000000000000711, 32.07106781186548261 ) ) ;
#1002 = EDGE_LOOP ( 'NONE', ( #1569, #847, #2296, #4228 ) ) ;
#1003 = CARTESIAN_POINT ( 'NONE',  ( 3.250000000000000000, 25.00000000000000000, 30.00000000000000355 ) ) ;
#1004 = ORIENTED_EDGE ( 'NONE', *, *, #3971, .T. ) ;
#1005 = AXIS2_PLACEMENT_3D ( 'NONE', #2634, #1936, #581 ) ;
#1006 = DIRECTION ( 'NONE',  ( -1.000000000000000000, 0.000000000000000000, 0.000000000000000000 ) ) ;
#1007 = VECTOR ( 'NONE', #2282, 1000.000000000000000 ) ;
#1008 = DIRECTION ( 'NONE',  ( -0.000000000000000000, -1.000000000000000000, -0.000000000000000000 ) ) ;
#1009 = ORIENTED_EDGE ( 'NONE', *, *, #2821, .T. ) ;
#1010 = LINE ( 'NONE', #273, #4359 ) ;
#1011 = EDGE_CURVE ( 'NONE', #1239, #3042, #3997, .T. ) ;
#1012 = CARTESIAN_POINT ( 'NONE',  ( -25.00000000000001421, 15.99999999999987566, -10.03586171448428743 ) ) ;
#1013 = AXIS2_PLACEMENT_3D ( 'NONE', #3935, #720, #857 ) ;
#1014 = VECTOR ( 'NONE', #45, 1000.000000000000000 ) ;
#1015 = ORIENTED_EDGE ( 'NONE', *, *, #2069, .T. ) ;
#1016 = ADVANCED_FACE ( 'NONE', ( #4350 ), #778, .F. ) ;
#1017 = CARTESIAN_POINT ( 'NONE',  ( 22.58578643762691129, 0.000000000000000000, 25.00000000000000000 ) ) ;
#1018 = ADVANCED_FACE ( 'NONE', ( #2860, #801 ), #2550, .T. ) ;
#1019 = PLANE ( 'NONE',  #4466 ) ;
#1020 = ORIENTED_EDGE ( 'NONE', *, *, #2787, .F. ) ;
#1021 = ORIENTED_EDGE ( 'NONE', *, *, #1520, .T. ) ;
#1022 = CARTESIAN_POINT ( 'NONE',  ( 5.000000000000000888, 25.00000000000000000, 31.00000000000000355 ) ) ;
#1023 = CARTESIAN_POINT ( 'NONE',  ( 27.00000000000001421, 22.87867965644036872, 30.00000000000001421 ) ) ;
#1024 = CARTESIAN_POINT ( 'NONE',  ( -15.00000000000000000, 10.00000000000000178, 30.00000000000000711 ) ) ;
#1025 = DIRECTION ( 'NONE',  ( 0.2810846377148196740, -0.6785983445458455554, 0.6785983445458487751 ) ) ;
#1026 = VERTEX_POINT ( 'NONE', #4304 ) ;
#1027 = CYLINDRICAL_SURFACE ( 'NONE', #3096, 3.499999999999998668 ) ;
#1028 = ORIENTED_EDGE ( 'NONE', *, *, #1735, .F. ) ;
#1029 = DIRECTION ( 'NONE',  ( 0.000000000000000000, -0.7071067811865476838, -0.7071067811865474617 ) ) ;
#1030 = ORIENTED_EDGE ( 'NONE', *, *, #163, .T. ) ;
#1031 = CARTESIAN_POINT ( 'NONE',  ( -19.99999999999998934, 21.46446609406726225, 26.46446609406726580 ) ) ;
#1032 = ORIENTED_EDGE ( 'NONE', *, *, #3978, .F. ) ;
#1033 = CARTESIAN_POINT ( 'NONE',  ( 21.99999999999998579, 25.00000000000000000, -29.99999999999999289 ) ) ;
#1034 = APPLICATION_PROTOCOL_DEFINITION ( 'draft international standard', 'automotive_design', 1998, #1209 ) ;
#1035 = CARTESIAN_POINT ( 'NONE',  ( -25.00000000000000000, 25.00000000000000000, -26.99999999999999645 ) ) ;
#1036 = EDGE_CURVE ( 'NONE', #514, #1635, #826, .T. ) ;
#1037 = VERTEX_POINT ( 'NONE', #2228 ) ;
#1038 = CARTESIAN_POINT ( 'NONE',  ( 23.41421356237309936, -1.212500995425148873E-14, 25.00000000000000355 ) ) ;
#1039 = CYLINDRICAL_SURFACE ( 'NONE', #3471, 1.499999999999999556 ) ;
#1040 = DIRECTION ( 'NONE',  ( 1.000000000000000000, -0.000000000000000000, -5.782411586589358625E-17 ) ) ;
#1041 = ORIENTED_EDGE ( 'NONE', *, *, #72, .T. ) ;
#1042 = CARTESIAN_POINT ( 'NONE',  ( 20.00000000000001066, 25.00000000000000000, 25.75735931288071967 ) ) ;
#1043 = CARTESIAN_POINT ( 'NONE',  ( -14.00000000000000178, 12.00000000000000000, 4.633249580710796955 ) ) ;
#1044 = ADVANCED_FACE ( 'NONE', ( #3639 ), #3949, .T. ) ;
#1045 = CARTESIAN_POINT ( 'NONE',  ( -21.99999999999999289, 25.00000000000000000, -29.99999999999999289 ) ) ;
#1046 = LINE ( 'NONE', #4232, #1751 ) ;
#1047 = VERTEX_POINT ( 'NONE', #1078 ) ;
#1048 = LINE ( 'NONE', #4211, #184 ) ;
#1049 = ADVANCED_FACE ( 'NONE', ( #1852 ), #4395, .F. ) ;
#1050 = CARTESIAN_POINT ( 'NONE',  ( -20.99999999999998934, 16.00000000000000000, 20.00000000000000355 ) ) ;
#1051 = ORIENTED_EDGE ( 'NONE', *, *, #3829, .F. ) ;
#1052 = CYLINDRICAL_SURFACE ( 'NONE', #759, 2.249999999999998668 ) ;
#1053 = ORIENTED_EDGE ( 'NONE', *, *, #3951, .F. ) ;
#1054 = CARTESIAN_POINT ( 'NONE',  ( -23.48264915873003389, 20.76251316484792397, -4.398939289496149208 ) ) ;
#1055 = VECTOR ( 'NONE', #3074, 1000.000000000000000 ) ;
#1056 = VECTOR ( 'NONE', #1104, 999.9999999999998863 ) ;
#1057 = ORIENTED_EDGE ( 'NONE', *, *, #142, .F. ) ;
#1058 = FACE_OUTER_BOUND ( 'NONE', #4045, .T. ) ;
#1059 = AXIS2_PLACEMENT_3D ( 'NONE', #4118, #892, #3811 ) ;
#1060 = CARTESIAN_POINT ( 'NONE',  ( 18.11055648942731366, 19.39823870013227847, -2.159726611694446241 ) ) ;
#1061 = ORIENTED_EDGE ( 'NONE', *, *, #4525, .T. ) ;
#1062 = CARTESIAN_POINT ( 'NONE',  ( 25.00000000000000000, 2.999999999999980016, 24.00000000000000000 ) ) ;
#1063 = DIRECTION ( 'NONE',  ( 0.000000000000000000, 1.000000000000000000, 0.000000000000000000 ) ) ;
#1064 = EDGE_CURVE ( 'NONE', #4001, #2243, #2879, .T. ) ;
#1065 = VECTOR ( 'NONE', #2196, 1000.000000000000000 ) ;
#1066 = CARTESIAN_POINT ( 'NONE',  ( -10.00000000000000178, 8.000000000000000000, 21.50000000000000000 ) ) ;
#1067 = ORIENTED_EDGE ( 'NONE', *, *, #3808, .T. ) ;
#1068 = DIRECTION ( 'NONE',  ( -0.000000000000000000, 1.000000000000000000, 0.000000000000000000 ) ) ;
#1069 = EDGE_LOOP ( 'NONE', ( #3529, #1577, #3839, #744 ) ) ;
#1070 =( BOUNDED_CURVE ( )  B_SPLINE_CURVE ( 3, ( #4340, #3215, #10, #1109 ),
 .UNSPECIFIED., .F., .T. ) 
 B_SPLINE_CURVE_WITH_KNOTS ( ( 4, 4 ),
 ( 0.000000000000000000, 1.570796326794896336 ),
 .UNSPECIFIED. ) 
 CURVE ( )  GEOMETRIC_REPRESENTATION_ITEM ( )  RATIONAL_B_SPLINE_CURVE ( ( 1.000000000000000000, 0.8047378541243650485, 0.8047378541243650485, 1.000000000000000000 ) ) 
 REPRESENTATION_ITEM ( '' )  );
#1071 = ADVANCED_FACE ( 'NONE', ( #2526 ), #106, .F. ) ;
#1072 = AXIS2_PLACEMENT_3D ( 'NONE', #4469, #3822, #3873 ) ;
#1073 = DIRECTION ( 'NONE',  ( -5.782411586589358625E-17, 1.334402673828314079E-16, -1.000000000000000000 ) ) ;
#1074 = ORIENTED_EDGE ( 'NONE', *, *, #2581, .F. ) ;
#1075 = DIRECTION ( 'NONE',  ( -0.000000000000000000, -1.000000000000000000, -0.000000000000000000 ) ) ;
#1076 = AXIS2_PLACEMENT_3D ( 'NONE', #3962, #2218, #1414 ) ;
#1077 = EDGE_LOOP ( 'NONE', ( #2489, #2027 ) ) ;
#1078 = CARTESIAN_POINT ( 'NONE',  ( 20.00000000000001066, 22.87867965644037227, 30.00000000000000711 ) ) ;
#1079 = CARTESIAN_POINT ( 'NONE',  ( -19.99999999999998934, 25.00000000000000000, 20.10050506338832932 ) ) ;
#1080 = AXIS2_PLACEMENT_3D ( 'NONE', #4158, #931, #2357 ) ;
#1081 = DIRECTION ( 'NONE',  ( 1.000000000000000000, 0.000000000000000000, 0.000000000000000000 ) ) ;
#1082 = VECTOR ( 'NONE', #552, 1000.000000000000114 ) ;
#1083 = LINE ( 'NONE', #3298, #1616 ) ;
#1084 = FACE_OUTER_BOUND ( 'NONE', #471, .T. ) ;
#1085 = AXIS2_PLACEMENT_3D ( 'NONE', #2160, #2510, #1103 ) ;
#1086 = DIRECTION ( 'NONE',  ( 0.000000000000000000, 0.7071067811865474617, -0.7071067811865475727 ) ) ;
#1087 = ORIENTED_EDGE ( 'NONE', *, *, #3892, .T. ) ;
#1088 = CYLINDRICAL_SURFACE ( 'NONE', #415, 0.9999999999999988898 ) ;
#1089 = CARTESIAN_POINT ( 'NONE',  ( 17.00000000000000000, 25.00000000000000355, -14.00000000000000533 ) ) ;
#1090 = EDGE_CURVE ( 'NONE', #1111, #3315, #3616, .T. ) ;
#1091 = CARTESIAN_POINT ( 'NONE',  ( 26.99999999999998934, 1.000000000000014211, 30.00000000000000711 ) ) ;
#1092 = ORIENTED_EDGE ( 'NONE', *, *, #1817, .F. ) ;
#1093 = CARTESIAN_POINT ( 'NONE',  ( -10.00000000000000178, 25.00000000000000000, 30.00000000000000711 ) ) ;
#1094 = LINE ( 'NONE', #1444, #1828 ) ;
#1095 = EDGE_CURVE ( 'NONE', #4185, #753, #2673, .T. ) ;
#1096 = ORIENTED_EDGE ( 'NONE', *, *, #3731, .F. ) ;
#1097 = LINE ( 'NONE', #3968, #4059 ) ;
#1098 = ORIENTED_EDGE ( 'NONE', *, *, #761, .T. ) ;
#1099 = DIRECTION ( 'NONE',  ( -0.000000000000000000, -0.000000000000000000, 1.000000000000000000 ) ) ;
#1100 = DIRECTION ( 'NONE',  ( -0.000000000000000000, -0.000000000000000000, 1.000000000000000000 ) ) ;
#1101 = ORIENTED_EDGE ( 'NONE', *, *, #4284, .F. ) ;
#1102 = CARTESIAN_POINT ( 'NONE',  ( 9.999999999999998224, 0.000000000000000000, 24.50000000000000711 ) ) ;
#1103 = DIRECTION ( 'NONE',  ( 0.000000000000000000, 0.7071067811865473507, -0.7071067811865475727 ) ) ;
#1104 = DIRECTION ( 'NONE',  ( -0.000000000000000000, -0.7071067811865473507, -0.7071067811865477948 ) ) ;
#1105 = DIRECTION ( 'NONE',  ( 0.000000000000000000, 0.000000000000000000, 1.000000000000000000 ) ) ;
#1106 = VERTEX_POINT ( 'NONE', #3661 ) ;
#1107 = DIRECTION ( 'NONE',  ( 0.000000000000000000, 0.000000000000000000, -1.000000000000000000 ) ) ;
#1108 = SURFACE_SIDE_STYLE ('',( #4339 ) ) ;
#1109 = CARTESIAN_POINT ( 'NONE',  ( -25.99999999999999289, 7.732050807568882078, 25.00000000000000355 ) ) ;
#1110 = FACE_OUTER_BOUND ( 'NONE', #1564, .T. ) ;
#1111 = VERTEX_POINT ( 'NONE', #1782 ) ;
#1112 = CARTESIAN_POINT ( 'NONE',  ( -17.99999999999999645, -3.999999999999992450, 20.00000000000000355 ) ) ;
#1113 = EDGE_LOOP ( 'NONE', ( #2493, #1713, #464, #1117, #3732 ) ) ;
#1114 = CARTESIAN_POINT ( 'NONE',  ( 20.00000000000001066, 6.442969800367985833, -36.53621491946073263 ) ) ;
#1115 = VERTEX_POINT ( 'NONE', #3223 ) ;
#1116 = DIRECTION ( 'NONE',  ( -1.000000000000000000, 0.000000000000000000, 0.000000000000000000 ) ) ;
#1117 = ORIENTED_EDGE ( 'NONE', *, *, #4035, .F. ) ;
#1118 = CARTESIAN_POINT ( 'NONE',  ( -12.99999999999999467, 25.00000000000000355, 2.255140518769849617E-15 ) ) ;
#1119 = ADVANCED_FACE ( 'NONE', ( #3413 ), #3752, .F. ) ;
#1120 = AXIS2_PLACEMENT_3D ( 'NONE', #4353, #3226, #2138 ) ;
#1121 = DIRECTION ( 'NONE',  ( 1.000000000000000000, 0.000000000000000000, 0.000000000000000000 ) ) ;
#1122 = VERTEX_POINT ( 'NONE', #1213 ) ;
#1123 = AXIS2_PLACEMENT_3D ( 'NONE', #4531, #1301, #2735 ) ;
#1124 = CYLINDRICAL_SURFACE ( 'NONE', #2698, 1.000000000000000888 ) ;
#1125 = EDGE_CURVE ( 'NONE', #1229, #3134, #1920, .T. ) ;
#1126 = CARTESIAN_POINT ( 'NONE',  ( -19.99999999999998934, 52.92530221598672568, -2.167942903106015340 ) ) ;
#1127 = CARTESIAN_POINT ( 'NONE',  ( 10.00000000000000000, 8.000000000000000000, 14.50000000000000533 ) ) ;
#1128 = VECTOR ( 'NONE', #732, 1000.000000000000000 ) ;
#1129 = FACE_OUTER_BOUND ( 'NONE', #2365, .T. ) ;
#1130 = EDGE_LOOP ( 'NONE', ( #1476, #1894, #4383, #2866 ) ) ;
#1131 = EDGE_CURVE ( 'NONE', #4226, #1981, #3436, .T. ) ;
#1132 = DIRECTION ( 'NONE',  ( -0.5000000000000000000, -0.8660254037844387076, 0.000000000000000000 ) ) ;
#1133 = CARTESIAN_POINT ( 'NONE',  ( 20.00000000000001066, 21.46446609406726225, -26.46446609406726935 ) ) ;
#1134 = CARTESIAN_POINT ( 'NONE',  ( 17.00000000000000000, 16.00000000000000355, 10.72380529476360600 ) ) ;
#1135 = ORIENTED_EDGE ( 'NONE', *, *, #340, .F. ) ;
#1136 = CARTESIAN_POINT ( 'NONE',  ( -19.87867965644035806, 0.000000000000000000, -27.87867965644035095 ) ) ;
#1137 = CARTESIAN_POINT ( 'NONE',  ( -21.34408512719863182, 1.416481418320714614, -28.41648141832071417 ) ) ;
#1138 = VECTOR ( 'NONE', #1180, 1000.000000000000000 ) ;
#1139 = ORIENTED_EDGE ( 'NONE', *, *, #1176, .F. ) ;
#1140 = DIRECTION ( 'NONE',  ( -0.7071067811865484609, -0.7071067811865467956, 0.000000000000000000 ) ) ;
#1141 = VERTEX_POINT ( 'NONE', #467 ) ;
#1142 = AXIS2_PLACEMENT_3D ( 'NONE', #2719, #2998, #3437 ) ;
#1143 = PLANE ( 'NONE',  #686 ) ;
#1144 = FACE_OUTER_BOUND ( 'NONE', #1941, .T. ) ;
#1145 = AXIS2_PLACEMENT_3D ( 'NONE', #3702, #3342, #1689 ) ;
#1146 = EDGE_CURVE ( 'NONE', #2054, #1780, #3323, .T. ) ;
#1147 = ORIENTED_EDGE ( 'NONE', *, *, #4095, .F. ) ;
#1148 = EDGE_LOOP ( 'NONE', ( #1298, #3253, #3764, #2961 ) ) ;
#1149 = CARTESIAN_POINT ( 'NONE',  ( 8.750000000000007105, 25.00000000000000000, 21.00000000000000355 ) ) ;
#1150 = CARTESIAN_POINT ( 'NONE',  ( -8.658535071503257186, 8.000000000000000000, 12.32882800593795913 ) ) ;
#1151 = CIRCLE ( 'NONE', #639, 7.500000000000000000 ) ;
#1152 =( BOUNDED_CURVE ( )  B_SPLINE_CURVE ( 3, ( #2321, #3711, #1261, #1995 ),
 .UNSPECIFIED., .F., .T. ) 
 B_SPLINE_CURVE_WITH_KNOTS ( ( 4, 4 ),
 ( 3.045867324623044770, 4.123358010168407972 ),
 .UNSPECIFIED. ) 
 CURVE ( )  GEOMETRIC_REPRESENTATION_ITEM ( )  RATIONAL_B_SPLINE_CURVE ( ( 1.000000000000000000, 0.9055687136966904527, 0.9055687136966904527, 1.000000000000000000 ) ) 
 REPRESENTATION_ITEM ( '' )  );
#1153 = CARTESIAN_POINT ( 'NONE',  ( -21.00000000000000000, 5.000000000000004441, -15.00000000000000000 ) ) ;
#1154 = EDGE_CURVE ( 'NONE', #3134, #3099, #820, .T. ) ;
#1155 = DIRECTION ( 'NONE',  ( 0.000000000000000000, -1.000000000000000000, 0.000000000000000000 ) ) ;
#1156 = VERTEX_POINT ( 'NONE', #1187 ) ;
#1157 = DIRECTION ( 'NONE',  ( 0.8660254037844385966, -0.4999999999999999445, 0.000000000000000000 ) ) ;
#1158 = AXIS2_PLACEMENT_3D ( 'NONE', #4593, #4200, #1293 ) ;
#1159 = EDGE_CURVE ( 'NONE', #431, #655, #2553, .T. ) ;
#1160 = CARTESIAN_POINT ( 'NONE',  ( -14.00000000000000178, -1.898202538678397557E-15, 20.00000000000000355 ) ) ;
#1161 = ORIENTED_EDGE ( 'NONE', *, *, #2926, .F. ) ;
#1162 = ORIENTED_EDGE ( 'NONE', *, *, #1648, .F. ) ;
#1163 = LINE ( 'NONE', #2263, #1804 ) ;
#1164 = ORIENTED_EDGE ( 'NONE', *, *, #1262, .T. ) ;
#1165 = CARTESIAN_POINT ( 'NONE',  ( 22.87867965644035806, 0.000000000000000000, -24.87867965644032964 ) ) ;
#1166 = LINE ( 'NONE', #3224, #43 ) ;
#1167 = ORIENTED_EDGE ( 'NONE', *, *, #4589, .F. ) ;
#1168 = LINE ( 'NONE', #1550, #3532 ) ;
#1169 = CARTESIAN_POINT ( 'NONE',  ( 0.000000000000000000, 25.00000000000000000, 26.00000000000000711 ) ) ;
#1170 = CARTESIAN_POINT ( 'NONE',  ( -21.34408512719863182, 1.416481418320714614, -28.41648141832071417 ) ) ;
#1171 = EDGE_CURVE ( 'NONE', #996, #3023, #203, .T. ) ;
#1172 = CARTESIAN_POINT ( 'NONE',  ( -24.19999999999999574, 18.23332322705281783, -27.79999999999999716 ) ) ;
#1173 = LINE ( 'NONE', #4478, #3462 ) ;
#1174 = ORIENTED_EDGE ( 'NONE', *, *, #2556, .T. ) ;
#1175 = DIRECTION ( 'NONE',  ( 0.000000000000000000, -0.000000000000000000, -1.000000000000000000 ) ) ;
#1176 = EDGE_CURVE ( 'NONE', #3875, #2147, #837, .T. ) ;
#1177 = CARTESIAN_POINT ( 'NONE',  ( 25.00000000000000000, 16.00000000000000355, -10.03826772643532195 ) ) ;
#1178 = DIRECTION ( 'NONE',  ( 0.000000000000000000, 0.000000000000000000, -1.000000000000000000 ) ) ;
#1179 = VERTEX_POINT ( 'NONE', #3070 ) ;
#1180 = DIRECTION ( 'NONE',  ( 0.7071067811865491270, 0.000000000000000000, -0.7071067811865459074 ) ) ;
#1181 = ADVANCED_FACE ( 'NONE', ( #3347 ), #2617, .T. ) ;
#1182 = CARTESIAN_POINT ( 'NONE',  ( -23.99332590941914489, 2.999999999999981792, -28.00667409058085155 ) ) ;
#1183 = VERTEX_POINT ( 'NONE', #1567 ) ;
#1184 = DIRECTION ( 'NONE',  ( 1.000000000000000000, 0.000000000000000000, 0.000000000000000000 ) ) ;
#1185 = EDGE_LOOP ( 'NONE', ( #1101, #4323 ) ) ;
#1186 = EDGE_CURVE ( 'NONE', #1908, #742, #1547, .T. ) ;
#1187 = CARTESIAN_POINT ( 'NONE',  ( -24.50000000000000711, 2.979274057836319489, 30.00000000000000711 ) ) ;
#1188 = LINE ( 'NONE', #4119, #3850 ) ;
#1189 = ORIENTED_EDGE ( 'NONE', *, *, #2964, .T. ) ;
#1190 = DIRECTION ( 'NONE',  ( 0.000000000000000000, 0.7071067811865474617, 0.7071067811865476838 ) ) ;
#1191 = LINE ( 'NONE', #3054, #1458 ) ;
#1192 = CARTESIAN_POINT ( 'NONE',  ( -24.99999999999999289, 16.00000000000000000, 2.053325650060599195 ) ) ;
#1193 = CARTESIAN_POINT ( 'NONE',  ( 17.79104032736564989, 19.65282603123224803, 2.730153364157566376 ) ) ;
#1194 = DIRECTION ( 'NONE',  ( -1.000000000000000000, 0.000000000000000000, 1.734723475976807094E-16 ) ) ;
#1195 = AXIS2_PLACEMENT_3D ( 'NONE', #4242, #2412, #2721 ) ;
#1196 = PLANE ( 'NONE',  #4441 ) ;
#1197 = ORIENTED_EDGE ( 'NONE', *, *, #1653, .T. ) ;
#1198 = DIRECTION ( 'NONE',  ( 1.000000000000000000, 0.000000000000000000, 0.000000000000000000 ) ) ;
#1199 =( NAMED_UNIT ( * ) SI_UNIT ( $, .STERADIAN. ) SOLID_ANGLE_UNIT ( ) );
#1200 = AXIS2_PLACEMENT_3D ( 'NONE', #4509, #3022, #221 ) ;
#1201 = VECTOR ( 'NONE', #1457, 1000.000000000000227 ) ;
#1202 = CARTESIAN_POINT ( 'NONE',  ( 25.00000000000000000, 16.00000000000000355, -6.374053428813186706 ) ) ;
#1203 = CARTESIAN_POINT ( 'NONE',  ( 10.00000000000000000, 8.000000000000000000, 11.50000000000000711 ) ) ;
#1204 = VERTEX_POINT ( 'NONE', #2691 ) ;
#1205 = VECTOR ( 'NONE', #4490, 1000.000000000000000 ) ;
#1206 = VERTEX_POINT ( 'NONE', #4141 ) ;
#1207 = EDGE_CURVE ( 'NONE', #1343, #4555, #517, .T. ) ;
#1208 = CARTESIAN_POINT ( 'NONE',  ( 7.685888765479251816, 23.97249023074347463, 20.97641101065229918 ) ) ;
#1209 = APPLICATION_CONTEXT ( 'automotive_design' ) ;
#1210 = VERTEX_POINT ( 'NONE', #4414 ) ;
#1211 = ADVANCED_FACE ( 'NONE', ( #175, #1991 ), #4067, .T. ) ;
#1212 = EDGE_LOOP ( 'NONE', ( #3546, #283, #1960, #1385 ) ) ;
#1213 = CARTESIAN_POINT ( 'NONE',  ( 24.50000000000000355, 2.979274057836315048, 23.00000000000000711 ) ) ;
#1214 = VECTOR ( 'NONE', #3871, 1000.000000000000000 ) ;
#1215 = CARTESIAN_POINT ( 'NONE',  ( 21.00000000000000355, 11.99999999999999822, 20.00000000000000355 ) ) ;
#1216 = AXIS2_PLACEMENT_3D ( 'NONE', #3201, #1714, #2763 ) ;
#1217 = ORIENTED_EDGE ( 'NONE', *, *, #312, .T. ) ;
#1218 = PLANE ( 'NONE',  #4138 ) ;
#1219 = CARTESIAN_POINT ( 'NONE',  ( -24.99999999999998934, 0.000000000000000000, 30.00000000000000711 ) ) ;
#1220 = CARTESIAN_POINT ( 'NONE',  ( -24.99999999999999289, 16.00000000000000000, 9.298635162620708883 ) ) ;
#1221 = CARTESIAN_POINT ( 'NONE',  ( -15.00000000000000000, 10.00000000000000000, -18.40568056140707753 ) ) ;
#1222 = FACE_OUTER_BOUND ( 'NONE', #3190, .T. ) ;
#1223 = VERTEX_POINT ( 'NONE', #1595 ) ;
#1224 = CIRCLE ( 'NONE', #192, 2.000000000000002665 ) ;
#1225 = CARTESIAN_POINT ( 'NONE',  ( -25.00000000000000000, 2.999999999999981792, -26.99999999999999645 ) ) ;
#1226 = AXIS2_PLACEMENT_3D ( 'NONE', #4203, #3516, #995 ) ;
#1227 = CARTESIAN_POINT ( 'NONE',  ( 23.83946201761514416, 21.00210517514845776, -4.584288614773022630 ) ) ;
#1228 = CARTESIAN_POINT ( 'NONE',  ( 14.00000000000000178, 0.000000000000000000, -15.00000000000000178 ) ) ;
#1229 = VERTEX_POINT ( 'NONE', #2342 ) ;
#1230 = ORIENTED_EDGE ( 'NONE', *, *, #962, .T. ) ;
#1231 = DIRECTION ( 'NONE',  ( 0.000000000000000000, -1.000000000000000000, 0.000000000000000000 ) ) ;
#1232 = VECTOR ( 'NONE', #1344, 1000.000000000000000 ) ;
#1233 = ADVANCED_FACE ( 'NONE', ( #3025 ), #223, .F. ) ;
#1234 = ORIENTED_EDGE ( 'NONE', *, *, #981, .T. ) ;
#1235 = LINE ( 'NONE', #3820, #2718 ) ;
#1236 = ORIENTED_EDGE ( 'NONE', *, *, #427, .T. ) ;
#1237 = LINE ( 'NONE', #1165, #2709 ) ;
#1238 = EDGE_CURVE ( 'NONE', #809, #3134, #1237, .T. ) ;
#1239 = VERTEX_POINT ( 'NONE', #2666 ) ;
#1240 = DIRECTION ( 'NONE',  ( 0.7071067811865493491, 0.7071067811865456854, -0.000000000000000000 ) ) ;
#1241 = DIRECTION ( 'NONE',  ( -1.000000000000000000, -0.000000000000000000, 1.734723475976807094E-16 ) ) ;
#1242 = CARTESIAN_POINT ( 'NONE',  ( -22.66212285645872271, 19.37780906788869117, 2.244784992600902029 ) ) ;
#1243 = EDGE_CURVE ( 'NONE', #3315, #3492, #2633, .T. ) ;
#1244 = EDGE_CURVE ( 'NONE', #134, #3481, #1320, .T. ) ;
#1245 = CARTESIAN_POINT ( 'NONE',  ( 13.00000000000000178, 25.00000000000000355, -2.255140518769849223E-15 ) ) ;
#1246 = CARTESIAN_POINT ( 'NONE',  ( 20.00000000000001066, 52.87867965644036872, 2.121320343559652155 ) ) ;
#1247 = VERTEX_POINT ( 'NONE', #2050 ) ;
#1248 = DIRECTION ( 'NONE',  ( 0.000000000000000000, 0.000000000000000000, 1.000000000000000000 ) ) ;
#1249 = ADVANCED_FACE ( 'NONE', ( #3496 ), #2730, .F. ) ;
#1250 = CARTESIAN_POINT ( 'NONE',  ( 18.32481225996268392, 19.25134789294398985, -1.732096386639312202 ) ) ;
#1251 = LINE ( 'NONE', #905, #485 ) ;
#1252 = ORIENTED_EDGE ( 'NONE', *, *, #750, .F. ) ;
#1253 = CARTESIAN_POINT ( 'NONE',  ( -6.145176465747899996, 20.27105232706989923, 20.46160341129648330 ) ) ;
#1254 = CARTESIAN_POINT ( 'NONE',  ( -23.38245062167569088, 2.085725586886816973, -27.32457010356895566 ) ) ;
#1255 = ORIENTED_EDGE ( 'NONE', *, *, #1186, .T. ) ;
#1256 = DIRECTION ( 'NONE',  ( 0.000000000000000000, 0.000000000000000000, -1.000000000000000000 ) ) ;
#1257 = ORIENTED_EDGE ( 'NONE', *, *, #3407, .T. ) ;
#1258 = DIRECTION ( 'NONE',  ( 0.000000000000000000, 0.000000000000000000, -1.000000000000000000 ) ) ;
#1259 = CARTESIAN_POINT ( 'NONE',  ( -19.99999999999998934, 8.964466094067269353, 38.96446609406727646 ) ) ;
#1260 = ORIENTED_EDGE ( 'NONE', *, *, #2926, .T. ) ;
#1261 = CARTESIAN_POINT ( 'NONE',  ( 18.76208808123980631, 1.869399864711449144, -28.86939986471145048 ) ) ;
#1262 = EDGE_CURVE ( 'NONE', #1247, #1179, #1340, .T. ) ;
#1263 = DIRECTION ( 'NONE',  ( 1.000000000000000000, 0.000000000000000000, 0.000000000000000000 ) ) ;
#1264 = CARTESIAN_POINT ( 'NONE',  ( -18.75504405100419092, 18.99997749144618453, 0.2219896382803983881 ) ) ;
#1265 = CARTESIAN_POINT ( 'NONE',  ( -26.99999999999999289, 22.87867965644036872, 30.00000000000001421 ) ) ;
#1266 = EDGE_CURVE ( 'NONE', #4551, #3350, #1681, .T. ) ;
#1267 = DIRECTION ( 'NONE',  ( -0.000000000000000000, -0.000000000000000000, 1.000000000000000000 ) ) ;
#1268 = VERTEX_POINT ( 'NONE', #4202 ) ;
#1269 = EDGE_CURVE ( 'NONE', #1543, #2066, #2334, .T. ) ;
#1270 = CARTESIAN_POINT ( 'NONE',  ( 20.00000000000001066, 6.489592359914352571, 36.48959235991436145 ) ) ;
#1271 = CARTESIAN_POINT ( 'NONE',  ( 8.750000000000003553, 8.000000000000000000, 1.951563910473907587E-15 ) ) ;
#1272 = EDGE_CURVE ( 'NONE', #4169, #2577, #1305, .T. ) ;
#1273 = CARTESIAN_POINT ( 'NONE',  ( 20.00000000000001066, 18.98959235991436145, -23.98959235991435435 ) ) ;
#1274 = EDGE_LOOP ( 'NONE', ( #2748, #3533, #3380, #3576 ) ) ;
#1275 = ORIENTED_EDGE ( 'NONE', *, *, #4411, .T. ) ;
#1276 = CARTESIAN_POINT ( 'NONE',  ( 3.891817056496010174, 18.27924467207211734, 19.89767706266991354 ) ) ;
#1277 = LINE ( 'NONE', #238, #2997 ) ;
#1278 = VECTOR ( 'NONE', #3920, 1000.000000000000000 ) ;
#1279 = VECTOR ( 'NONE', #4355, 1000.000000000000000 ) ;
#1280 = VERTEX_POINT ( 'NONE', #3132 ) ;
#1281 = DIRECTION ( 'NONE',  ( -0.000000000000000000, -1.000000000000000000, -0.000000000000000000 ) ) ;
#1282 = ORIENTED_EDGE ( 'NONE', *, *, #1850, .F. ) ;
#1283 = AXIS2_PLACEMENT_3D ( 'NONE', #4043, #2266, #2318 ) ;
#1284 = FACE_OUTER_BOUND ( 'NONE', #2972, .T. ) ;
#1285 = VERTEX_POINT ( 'NONE', #994 ) ;
#1286 = CARTESIAN_POINT ( 'NONE',  ( -18.39984275304098560, 19.20441879678787700, -1.567969719820970553 ) ) ;
#1287 = CARTESIAN_POINT ( 'NONE',  ( -22.60513430877375285, 19.10354175801382226, -1.339366822383170508 ) ) ;
#1288 = EDGE_CURVE ( 'NONE', #1366, #2804, #876, .T. ) ;
#1289 = CARTESIAN_POINT ( 'NONE',  ( 25.00000000000019185, 15.99999999999963940, 5.463181128723122448 ) ) ;
#1290 = EDGE_CURVE ( 'NONE', #2320, #216, #3611, .T. ) ;
#1291 = VECTOR ( 'NONE', #4320, 1000.000000000000000 ) ;
#1292 = VERTEX_POINT ( 'NONE', #2142 ) ;
#1293 = DIRECTION ( 'NONE',  ( -1.000000000000000000, 0.000000000000000000, 0.000000000000000000 ) ) ;
#1294 = AXIS2_PLACEMENT_3D ( 'NONE', #1354, #591, #2013 ) ;
#1295 = EDGE_CURVE ( 'NONE', #2389, #3988, #4292, .T. ) ;
#1296 = VECTOR ( 'NONE', #1346, 1000.000000000000114 ) ;
#1297 = CARTESIAN_POINT ( 'NONE',  ( 13.00000000000001066, 12.97918471982872823, -29.99999999999999289 ) ) ;
#1298 = ORIENTED_EDGE ( 'NONE', *, *, #3312, .T. ) ;
#1299 = ORIENTED_EDGE ( 'NONE', *, *, #3581, .T. ) ;
#1300 = CARTESIAN_POINT ( 'NONE',  ( 6.572440493133936634, 20.88551412576394739, 20.59409274330199935 ) ) ;
#1301 = DIRECTION ( 'NONE',  ( -1.000000000000000000, 0.000000000000000000, 1.734723475976807094E-16 ) ) ;
#1302 = EDGE_CURVE ( 'NONE', #1899, #293, #1858, .T. ) ;
#1303 = CIRCLE ( 'NONE', #4172, 7.999999999999999112 ) ;
#1304 = EDGE_CURVE ( 'NONE', #1527, #3498, #2186, .T. ) ;
#1305 =( BOUNDED_CURVE ( )  B_SPLINE_CURVE ( 3, ( #303, #3158, #4596, #4567 ),
 .UNSPECIFIED., .F., .T. ) 
 B_SPLINE_CURVE_WITH_KNOTS ( ( 4, 4 ),
 ( 3.141592653589793116, 6.283185307179586232 ),
 .UNSPECIFIED. ) 
 CURVE ( )  GEOMETRIC_REPRESENTATION_ITEM ( )  RATIONAL_B_SPLINE_CURVE ( ( 1.000000000000000000, 0.3333333333333333703, 0.3333333333333333703, 1.000000000000000000 ) ) 
 REPRESENTATION_ITEM ( '' )  );
#1306 = DIRECTION ( 'NONE',  ( 0.000000000000000000, 0.000000000000000000, -1.000000000000000000 ) ) ;
#1307 = VERTEX_POINT ( 'NONE', #370 ) ;
#1308 = CARTESIAN_POINT ( 'NONE',  ( -18.76208808123979210, 1.869399864711442261, -28.86939986471144692 ) ) ;
#1309 = AXIS2_PLACEMENT_3D ( 'NONE', #3519, #2471, #3566 ) ;
#1310 = EDGE_LOOP ( 'NONE', ( #2744, #3620, #4458, #151 ) ) ;
#1311 = ADVANCED_FACE ( 'NONE', ( #2911 ), #47, .F. ) ;
#1312 = CARTESIAN_POINT ( 'NONE',  ( 21.00000000000000355, 16.00000000000000355, -15.00000000000000178 ) ) ;
#1313 = ORIENTED_EDGE ( 'NONE', *, *, #3829, .T. ) ;
#1314 = LINE ( 'NONE', #1033, #19 ) ;
#1315 = CARTESIAN_POINT ( 'NONE',  ( 0.000000000000000000, 0.000000000000000000, 0.000000000000000000 ) ) ;
#1316 = CARTESIAN_POINT ( 'NONE',  ( 24.50000000000000355, 7.020725942163699607, 23.00000000000000711 ) ) ;
#1317 = EDGE_LOOP ( 'NONE', ( #693, #3067, #3343, #1917 ) ) ;
#1318 = DIRECTION ( 'NONE',  ( 1.000000000000000000, 0.000000000000000000, 0.000000000000000000 ) ) ;
#1319 = DIRECTION ( 'NONE',  ( 0.000000000000000000, 1.000000000000000000, 0.000000000000000000 ) ) ;
#1320 = LINE ( 'NONE', #3885, #542 ) ;
#1321 = FACE_BOUND ( 'NONE', #2462, .T. ) ;
#1322 = ORIENTED_EDGE ( 'NONE', *, *, #4157, .T. ) ;
#1323 = DIRECTION ( 'NONE',  ( -1.000000000000000000, -0.000000000000000000, -0.000000000000000000 ) ) ;
#1324 = CARTESIAN_POINT ( 'NONE',  ( 5.000000000000000888, 25.00000000000000000, 35.00000000000000000 ) ) ;
#1325 = ADVANCED_FACE ( 'NONE', ( #3957 ), #4356, .F. ) ;
#1326 = CARTESIAN_POINT ( 'NONE',  ( 3.250000000000000000, 25.00000000000000000, 30.00000000000000355 ) ) ;
#1327 = EDGE_LOOP ( 'NONE', ( #296, #1943 ) ) ;
#1328 = DIRECTION ( 'NONE',  ( -1.000000000000000000, 0.000000000000000000, 1.734723475976807094E-16 ) ) ;
#1329 = ADVANCED_FACE ( 'NONE', ( #1129 ), #3668, .F. ) ;
#1330 = ORIENTED_EDGE ( 'NONE', *, *, #3373, .F. ) ;
#1331 = LINE ( 'NONE', #3801, #3098 ) ;
#1332 = EDGE_CURVE ( 'NONE', #1122, #907, #1506, .T. ) ;
#1333 = ORIENTED_EDGE ( 'NONE', *, *, #879, .F. ) ;
#1334 = LINE ( 'NONE', #4216, #1055 ) ;
#1335 = CARTESIAN_POINT ( 'NONE',  ( -24.99999999999998934, 25.00000000000000000, 30.00000000000000711 ) ) ;
#1336 = CARTESIAN_POINT ( 'NONE',  ( 24.99999999999998579, 16.00000000000012434, 9.295795958738274578 ) ) ;
#1337 = ORIENTED_EDGE ( 'NONE', *, *, #3438, .T. ) ;
#1338 = DIRECTION ( 'NONE',  ( -0.000000000000000000, -1.000000000000000000, -0.000000000000000000 ) ) ;
#1339 = DIRECTION ( 'NONE',  ( 0.000000000000000000, 0.000000000000000000, -1.000000000000000000 ) ) ;
#1340 = LINE ( 'NONE', #258, #4070 ) ;
#1341 = PLANE ( 'NONE',  #4617 ) ;
#1342 = ORIENTED_EDGE ( 'NONE', *, *, #3659, .T. ) ;
#1343 = VERTEX_POINT ( 'NONE', #4382 ) ;
#1344 = DIRECTION ( 'NONE',  ( 0.000000000000000000, 0.000000000000000000, -1.000000000000000000 ) ) ;
#1345 = DIRECTION ( 'NONE',  ( 1.000000000000000000, 0.000000000000000000, 0.000000000000000000 ) ) ;
#1346 = DIRECTION ( 'NONE',  ( -0.8660254037844387076, -0.4999999999999997780, 0.000000000000000000 ) ) ;
#1347 = EDGE_CURVE ( 'NONE', #2066, #1543, #619, .T. ) ;
#1348 = CARTESIAN_POINT ( 'NONE',  ( 22.84807621135332312, 13.19134295108990784, 25.00000000000000355 ) ) ;
#1349 = EDGE_LOOP ( 'NONE', ( #2380, #459 ) ) ;
#1350 = STYLED_ITEM ( 'NONE', ( #766 ), #567 ) ;
#1351 = CARTESIAN_POINT ( 'NONE',  ( -3.250000000000000000, 25.00000000000000000, 31.00000000000000355 ) ) ;
#1352 = VERTEX_POINT ( 'NONE', #3007 ) ;
#1353 = VECTOR ( 'NONE', #3531, 1000.000000000000000 ) ;
#1354 = CARTESIAN_POINT ( 'NONE',  ( -21.00000000000000000, 5.000000000000004441, 30.00000000000000711 ) ) ;
#1355 = ADVANCED_FACE ( 'NONE', ( #3737 ), #1196, .T. ) ;
#1356 = CARTESIAN_POINT ( 'NONE',  ( 8.750000000000005329, 8.000000000000000000, 12.32882800593795558 ) ) ;
#1357 = ORIENTED_EDGE ( 'NONE', *, *, #4411, .F. ) ;
#1358 = CARTESIAN_POINT ( 'NONE',  ( -18.56303398334083354, 19.10611546968422658, -1.144297019399064474 ) ) ;
#1359 = FACE_OUTER_BOUND ( 'NONE', #982, .T. ) ;
#1360 = ADVANCED_FACE ( 'NONE', ( #4498 ), #2325, .F. ) ;
#1361 = ORIENTED_EDGE ( 'NONE', *, *, #1494, .F. ) ;
#1362 = LINE ( 'NONE', #2798, #2953 ) ;
#1363 = VECTOR ( 'NONE', #292, 1000.000000000000000 ) ;
#1364 = CYLINDRICAL_SURFACE ( 'NONE', #562, 1.499999999999999556 ) ;
#1365 = VERTEX_POINT ( 'NONE', #1628 ) ;
#1366 = VERTEX_POINT ( 'NONE', #526 ) ;
#1367 = AXIS2_PLACEMENT_3D ( 'NONE', #1992, #1921, #3348 ) ;
#1368 = LINE ( 'NONE', #3910, #52 ) ;
#1369 = DIRECTION ( 'NONE',  ( 0.000000000000000000, -0.000000000000000000, -1.000000000000000000 ) ) ;
#1370 = VECTOR ( 'NONE', #1073, 1000.000000000000000 ) ;
#1371 = CARTESIAN_POINT ( 'NONE',  ( -19.99999999999998934, 21.46446609406727291, -26.46446609406726935 ) ) ;
#1372 = CYLINDRICAL_SURFACE ( 'NONE', #2424, 5.000000000000000888 ) ;
#1373 = ORIENTED_EDGE ( 'NONE', *, *, #1520, .F. ) ;
#1374 = DIRECTION ( 'NONE',  ( 0.000000000000000000, 1.000000000000000000, 0.000000000000000000 ) ) ;
#1375 = ORIENTED_EDGE ( 'NONE', *, *, #763, .T. ) ;
#1376 = AXIS2_PLACEMENT_3D ( 'NONE', #4502, #3013, #1178 ) ;
#1377 = EDGE_CURVE ( 'NONE', #1590, #2304, #395, .T. ) ;
#1378 = FACE_BOUND ( 'NONE', #305, .T. ) ;
#1379 = DIRECTION ( 'NONE',  ( -1.000000000000000000, 0.000000000000000000, 0.000000000000000000 ) ) ;
#1380 = EDGE_LOOP ( 'NONE', ( #884, #960, #4347, #138 ) ) ;
#1381 = CARTESIAN_POINT ( 'NONE',  ( -10.00000000000000178, 8.000000000000000000, 23.00000000000000355 ) ) ;
#1382 = CARTESIAN_POINT ( 'NONE',  ( 10.00000000000000000, 8.000000000000000000, 13.00000000000000711 ) ) ;
#1383 = AXIS2_PLACEMENT_3D ( 'NONE', #945, #4175, #2017 ) ;
#1384 = EDGE_CURVE ( 'NONE', #3184, #640, #1173, .T. ) ;
#1385 = ORIENTED_EDGE ( 'NONE', *, *, #2549, .T. ) ;
#1386 = EDGE_CURVE ( 'NONE', #2500, #2665, #4587, .T. ) ;
#1387 = LINE ( 'NONE', #2822, #1912 ) ;
#1388 = DIRECTION ( 'NONE',  ( -1.734723475976807094E-16, 0.000000000000000000, -1.000000000000000000 ) ) ;
#1389 = DIRECTION ( 'NONE',  ( -0.000000000000000000, -1.000000000000000000, -0.000000000000000000 ) ) ;
#1390 = ORIENTED_EDGE ( 'NONE', *, *, #1904, .T. ) ;
#1391 = ORIENTED_EDGE ( 'NONE', *, *, #1207, .T. ) ;
#1392 = EDGE_CURVE ( 'NONE', #4298, #1292, #3397, .T. ) ;
#1393 = DIRECTION ( 'NONE',  ( 0.000000000000000000, -1.000000000000000000, 0.000000000000000000 ) ) ;
#1394 = DIRECTION ( 'NONE',  ( -1.000000000000000000, -0.000000000000000000, -0.000000000000000000 ) ) ;
#1395 = CARTESIAN_POINT ( 'NONE',  ( 25.00000000000000000, 2.999999999999981792, -29.99999999999999289 ) ) ;
#1396 = DIRECTION ( 'NONE',  ( -0.000000000000000000, -1.000000000000000000, -0.000000000000000000 ) ) ;
#1397 = ORIENTED_EDGE ( 'NONE', *, *, #3741, .T. ) ;
#1398 = DIRECTION ( 'NONE',  ( -0.7071067811865466846, -0.000000000000000000, -0.7071067811865483499 ) ) ;
#1399 = ORIENTED_EDGE ( 'NONE', *, *, #1146, .F. ) ;
#1400 = CARTESIAN_POINT ( 'NONE',  ( -14.00000000000000178, -1.898202538678397557E-15, 20.00000000000000355 ) ) ;
#1401 = ORIENTED_EDGE ( 'NONE', *, *, #3061, .F. ) ;
#1402 = CARTESIAN_POINT ( 'NONE',  ( 13.00000000000001066, 22.87867965644036872, 30.00000000000001421 ) ) ;
#1403 = VERTEX_POINT ( 'NONE', #4077 ) ;
#1404 = DIRECTION ( 'NONE',  ( -0.000000000000000000, -0.7071067811865473507, -0.7071067811865476838 ) ) ;
#1405 = EDGE_CURVE ( 'NONE', #3945, #1562, #1555, .T. ) ;
#1406 = ORIENTED_EDGE ( 'NONE', *, *, #4214, .T. ) ;
#1407 = DIRECTION ( 'NONE',  ( -0.8660254037844384856, 0.5000000000000001110, 0.000000000000000000 ) ) ;
#1408 = CARTESIAN_POINT ( 'NONE',  ( 10.00000000000000000, 0.000000000000000000, 11.50000000000000711 ) ) ;
#1409 = LINE ( 'NONE', #3931, #1746 ) ;
#1410 = CARTESIAN_POINT ( 'NONE',  ( 17.68924733048737252, 19.73689905502568465, -2.910159946326464908 ) ) ;
#1411 = EDGE_CURVE ( 'NONE', #1747, #1629, #1731, .T. ) ;
#1412 = ORIENTED_EDGE ( 'NONE', *, *, #1880, .T. ) ;
#1413 = CARTESIAN_POINT ( 'NONE',  ( 20.00000000000001066, 18.98959235991435790, 23.98959235991435435 ) ) ;
#1414 = DIRECTION ( 'NONE',  ( 0.000000000000000000, 0.000000000000000000, 1.000000000000000000 ) ) ;
#1415 = DIRECTION ( 'NONE',  ( 0.000000000000000000, 1.000000000000000000, 0.000000000000000000 ) ) ;
#1416 = ORIENTED_EDGE ( 'NONE', *, *, #2165, .F. ) ;
#1417 = FACE_OUTER_BOUND ( 'NONE', #1833, .T. ) ;
#1418 = CARTESIAN_POINT ( 'NONE',  ( -25.00000000000000000, 2.999999999999981792, -26.99999999999999645 ) ) ;
#1419 = CIRCLE ( 'NONE', #1496, 14.00000000000000178 ) ;
#1420 = ORIENTED_EDGE ( 'NONE', *, *, #2212, .T. ) ;
#1421 = DIRECTION ( 'NONE',  ( 1.000000000000000000, 0.000000000000000000, 0.000000000000000000 ) ) ;
#1422 = ORIENTED_EDGE ( 'NONE', *, *, #83, .T. ) ;
#1423 = DIRECTION ( 'NONE',  ( 1.000000000000000000, 0.000000000000000000, 0.000000000000000000 ) ) ;
#1424 = CIRCLE ( 'NONE', #3831, 3.599999999999999201 ) ;
#1425 = VECTOR ( 'NONE', #4316, 1000.000000000000000 ) ;
#1426 = VECTOR ( 'NONE', #2161, 1000.000000000000114 ) ;
#1427 = CARTESIAN_POINT ( 'NONE',  ( 25.99999999999998934, 1.000000000000007105, 25.00000000000000355 ) ) ;
#1428 = DIRECTION ( 'NONE',  ( 0.5000000000000004441, -0.8660254037844383745, 0.000000000000000000 ) ) ;
#1429 = CARTESIAN_POINT ( 'NONE',  ( -23.41421356237306739, -1.212500995425171119E-14, 25.00000000000000355 ) ) ;
#1430 = AXIS2_PLACEMENT_3D ( 'NONE', #4006, #89, #2583 ) ;
#1431 = EDGE_CURVE ( 'NONE', #4015, #640, #3375, .T. ) ;
#1432 = CARTESIAN_POINT ( 'NONE',  ( 17.21598653110051558, 20.33996261074716472, -3.785662023087039252 ) ) ;
#1433 = ORIENTED_EDGE ( 'NONE', *, *, #1617, .F. ) ;
#1434 = CARTESIAN_POINT ( 'NONE',  ( 16.00000000000000355, 25.00000000000000000, 20.10050506338832577 ) ) ;
#1435 = LINE ( 'NONE', #4290, #1425 ) ;
#1436 = ADVANCED_FACE ( 'NONE', ( #3763, #550, #1976 ), #2279, .T. ) ;
#1437 = AXIS2_PLACEMENT_3D ( 'NONE', #2919, #99, #4343 ) ;
#1438 = DIRECTION ( 'NONE',  ( 0.000000000000000000, 0.000000000000000000, 1.000000000000000000 ) ) ;
#1439 = ORIENTED_EDGE ( 'NONE', *, *, #1474, .T. ) ;
#1440 = DIRECTION ( 'NONE',  ( 0.000000000000000000, 0.7071067811865477948, 0.7071067811865472397 ) ) ;
#1441 = EDGE_CURVE ( 'NONE', #2967, #866, #1419, .T. ) ;
#1442 = EDGE_CURVE ( 'NONE', #4605, #1770, #1997, .T. ) ;
#1443 = AXIS2_PLACEMENT_3D ( 'NONE', #3684, #4068, #204 ) ;
#1444 = CARTESIAN_POINT ( 'NONE',  ( -1.362068814184805645E-27, -1.847480501915302585E-13, 25.00000000000000355 ) ) ;
#1445 = VERTEX_POINT ( 'NONE', #1906 ) ;
#1446 = CARTESIAN_POINT ( 'NONE',  ( -21.99999999999999289, 8.458323293158112932, -29.99999999999999289 ) ) ;
#1447 = AXIS2_PLACEMENT_3D ( 'NONE', #797, #58, #2501 ) ;
#1448 = ORIENTED_EDGE ( 'NONE', *, *, #1431, .F. ) ;
#1449 = ADVANCED_FACE ( 'NONE', ( #3717 ), #3788, .F. ) ;
#1450 = CARTESIAN_POINT ( 'NONE',  ( 24.39179894713143781, 3.596379833994563402, -27.60820105286853732 ) ) ;
#1451 = CARTESIAN_POINT ( 'NONE',  ( 25.00000000000000000, 2.999999999999981792, -15.00000000000000178 ) ) ;
#1452 = AXIS2_PLACEMENT_3D ( 'NONE', #2539, #396, #1795 ) ;
#1453 =( BOUNDED_CURVE ( )  B_SPLINE_CURVE ( 3, ( #1801, #1402, #316, #3508 ),
 .UNSPECIFIED., .F., .T. ) 
 B_SPLINE_CURVE_WITH_KNOTS ( ( 4, 4 ),
 ( 0.000000000000000000, 3.141592653589793116 ),
 .UNSPECIFIED. ) 
 CURVE ( )  GEOMETRIC_REPRESENTATION_ITEM ( )  RATIONAL_B_SPLINE_CURVE ( ( 1.000000000000000000, 0.3333333333333333703, 0.3333333333333333703, 1.000000000000000000 ) ) 
 REPRESENTATION_ITEM ( '' )  );
#1454 = DIRECTION ( 'NONE',  ( 0.000000000000000000, 0.7071067811865475727, -0.7071067811865475727 ) ) ;
#1455 = AXIS2_PLACEMENT_3D ( 'NONE', #1461, #1884, #1107 ) ;
#1456 = LINE ( 'NONE', #3579, #4179 ) ;
#1457 = DIRECTION ( 'NONE',  ( -0.8660254037844384856, 0.5000000000000001110, 0.000000000000000000 ) ) ;
#1458 = VECTOR ( 'NONE', #4073, 1000.000000000000000 ) ;
#1459 = CARTESIAN_POINT ( 'NONE',  ( 18.75455666751670236, 19.00023838144623056, 0.2403698176208447224 ) ) ;
#1460 = EDGE_LOOP ( 'NONE', ( #2856, #1257, #3296, #4280 ) ) ;
#1461 = CARTESIAN_POINT ( 'NONE',  ( -15.00000000000000000, 0.000000000000000000, -20.20568056140707824 ) ) ;
#1462 = DIRECTION ( 'NONE',  ( 0.000000000000000000, 0.000000000000000000, 1.000000000000000000 ) ) ;
#1463 = ORIENTED_EDGE ( 'NONE', *, *, #2639, .T. ) ;
#1464 = CARTESIAN_POINT ( 'NONE',  ( 26.00000000000000711, 7.732050807568858097, 25.00000000000000355 ) ) ;
#1465 = ADVANCED_FACE ( 'NONE', ( #1222 ), #117, .F. ) ;
#1466 = ORIENTED_EDGE ( 'NONE', *, *, #4029, .T. ) ;
#1467 = CARTESIAN_POINT ( 'NONE',  ( 20.00000000000001066, 51.51108865361363343, -3.582156465479112928 ) ) ;
#1468 = EDGE_CURVE ( 'NONE', #3093, #1206, #2602, .T. ) ;
#1469 = EDGE_LOOP ( 'NONE', ( #2703, #3196, #1020, #1822 ) ) ;
#1470 = DIRECTION ( 'NONE',  ( 1.000000000000000000, 0.000000000000000000, 0.000000000000000000 ) ) ;
#1471 = EDGE_CURVE ( 'NONE', #494, #1307, #3692, .T. ) ;
#1472 = ORIENTED_EDGE ( 'NONE', *, *, #852, .T. ) ;
#1473 = CYLINDRICAL_SURFACE ( 'NONE', #703, 3.499999999999999556 ) ;
#1474 = EDGE_CURVE ( 'NONE', #198, #4226, #4611, .T. ) ;
#1475 = ORIENTED_EDGE ( 'NONE', *, *, #3464, .F. ) ;
#1476 = ORIENTED_EDGE ( 'NONE', *, *, #2453, .T. ) ;
#1477 = LINE ( 'NONE', #1126, #1695 ) ;
#1478 = DIRECTION ( 'NONE',  ( 0.000000000000000000, -0.6428571428571433488, -0.7659860924831144446 ) ) ;
#1479 = CARTESIAN_POINT ( 'NONE',  ( -21.00000000000000000, 5.000000000000004441, 20.00000000000000355 ) ) ;
#1480 = CYLINDRICAL_SURFACE ( 'NONE', #3634, 1.500000000000001332 ) ;
#1481 = VERTEX_POINT ( 'NONE', #2788 ) ;
#1482 = CARTESIAN_POINT ( 'NONE',  ( 16.00000000000000355, 25.00000000000000000, 25.75735931288072678 ) ) ;
#1483 = DIRECTION ( 'NONE',  ( -5.782411586589357392E-17, -0.000000000000000000, -1.000000000000000000 ) ) ;
#1484 = ORIENTED_EDGE ( 'NONE', *, *, #4291, .F. ) ;
#1485 = LINE ( 'NONE', #55, #1291 ) ;
#1486 = CARTESIAN_POINT ( 'NONE',  ( 13.00000000000000355, 25.00000000000000000, 5.999999999999998224 ) ) ;
#1487 = EDGE_CURVE ( 'NONE', #431, #1115, #3946, .T. ) ;
#1488 = VERTEX_POINT ( 'NONE', #378 ) ;
#1489 = CARTESIAN_POINT ( 'NONE',  ( -10.00000000000000178, 0.000000000000000000, 21.50000000000000000 ) ) ;
#1490 = ORIENTED_EDGE ( 'NONE', *, *, #2667, .T. ) ;
#1491 = DIRECTION ( 'NONE',  ( -1.000000000000000000, -0.000000000000000000, -5.782411586589358625E-17 ) ) ;
#1492 = CIRCLE ( 'NONE', #3077, 3.500000000000002665 ) ;
#1493 = DIRECTION ( 'NONE',  ( -0.8660254037844389297, 0.4999999999999995004, 0.000000000000000000 ) ) ;
#1494 = EDGE_CURVE ( 'NONE', #2906, #1668, #1097, .T. ) ;
#1495 = ORIENTED_EDGE ( 'NONE', *, *, #3685, .T. ) ;
#1496 = AXIS2_PLACEMENT_3D ( 'NONE', #3423, #2350, #211 ) ;
#1497 = CIRCLE ( 'NONE', #1733, 2.000000000000002665 ) ;
#1498 = CARTESIAN_POINT ( 'NONE',  ( -14.00000000000000178, 0.000000000000000000, -15.00000000000000178 ) ) ;
#1499 = LINE ( 'NONE', #3976, #4250 ) ;
#1500 = DIRECTION ( 'NONE',  ( -0.000000000000000000, -0.000000000000000000, 1.000000000000000000 ) ) ;
#1501 = ADVANCED_FACE ( 'NONE', ( #2439 ), #2815, .T. ) ;
#1502 = EDGE_CURVE ( 'NONE', #4262, #4015, #748, .T. ) ;
#1503 = CARTESIAN_POINT ( 'NONE',  ( 18.57925972907860768, 19.09678376768417607, -1.095236736256184118 ) ) ;
#1504 = AXIS2_PLACEMENT_3D ( 'NONE', #16, #2524, #3344 ) ;
#1505 = CIRCLE ( 'NONE', #3084, 4.000000000000000000 ) ;
#1506 = LINE ( 'NONE', #27, #30 ) ;
#1507 = EDGE_LOOP ( 'NONE', ( #2991, #804 ) ) ;
#1508 = CARTESIAN_POINT ( 'NONE',  ( -20.99999999999999645, 12.00000000000000000, -15.00000000000000178 ) ) ;
#1509 = CARTESIAN_POINT ( 'NONE',  ( -25.00000000000000000, 16.00000000000000000, -15.00000000000000178 ) ) ;
#1510 = AXIS2_PLACEMENT_3D ( 'NONE', #152, #495, #3729 ) ;
#1511 = CARTESIAN_POINT ( 'NONE',  ( -21.00000000000000355, 9.041451884327388555, 23.00000000000000711 ) ) ;
#1512 = VERTEX_POINT ( 'NONE', #2485 ) ;
#1513 = CYLINDRICAL_SURFACE ( 'NONE', #4603, 3.599999999999999201 ) ;
#1514 = DIRECTION ( 'NONE',  ( -5.782411586589358625E-17, -0.000000000000000000, 1.000000000000000000 ) ) ;
#1515 = VECTOR ( 'NONE', #4116, 1000.000000000000000 ) ;
#1516 = CARTESIAN_POINT ( 'NONE',  ( 21.00000000000001066, 9.041451884327386779, 30.00000000000000711 ) ) ;
#1517 = ORIENTED_EDGE ( 'NONE', *, *, #2191, .T. ) ;
#1518 = LINE ( 'NONE', #2971, #4361 ) ;
#1519 = ORIENTED_EDGE ( 'NONE', *, *, #1553, .F. ) ;
#1520 = EDGE_CURVE ( 'NONE', #3262, #2293, #2849, .T. ) ;
#1521 = CIRCLE ( 'NONE', #1443, 2.000000000000002665 ) ;
#1522 = CARTESIAN_POINT ( 'NONE',  ( -21.00000000000000355, 9.041451884327388555, 23.00000000000000711 ) ) ;
#1523 = CARTESIAN_POINT ( 'NONE',  ( -21.99999999999999289, 21.99095139045253688, -29.99999999999999289 ) ) ;
#1524 = VECTOR ( 'NONE', #3588, 1000.000000000000000 ) ;
#1525 = UNCERTAINTY_MEASURE_WITH_UNIT (LENGTH_MEASURE( 1.000000000000000082E-05 ), #70, 'distance_accuracy_value', 'NONE');
#1526 = ORIENTED_EDGE ( 'NONE', *, *, #2794, .T. ) ;
#1527 = VERTEX_POINT ( 'NONE', #4299 ) ;
#1528 = EDGE_CURVE ( 'NONE', #1047, #272, #1453, .T. ) ;
#1529 = DIRECTION ( 'NONE',  ( 1.000000000000000000, -0.000000000000000000, 0.000000000000000000 ) ) ;
#1530 = DIRECTION ( 'NONE',  ( 0.000000000000000000, -0.7071067811865479058, 0.7071067811865471286 ) ) ;
#1531 = CIRCLE ( 'NONE', #936, 1.500000000000001332 ) ;
#1532 = CARTESIAN_POINT ( 'NONE',  ( 25.00000000000000000, 16.00000000000000355, -2.555552384601980531 ) ) ;
#1533 = CARTESIAN_POINT ( 'NONE',  ( 21.00000000000000355, 5.000000000000003553, -19.99999999999998934 ) ) ;
#1534 = EDGE_CURVE ( 'NONE', #1223, #3739, #3242, .T. ) ;
#1535 = CARTESIAN_POINT ( 'NONE',  ( -25.00000000000000000, 25.00000000000000000, -26.99999999999999645 ) ) ;
#1536 = VECTOR ( 'NONE', #3670, 1000.000000000000000 ) ;
#1537 = ORIENTED_EDGE ( 'NONE', *, *, #279, .T. ) ;
#1538 = LINE ( 'NONE', #1860, #4094 ) ;
#1539 = AXIS2_PLACEMENT_3D ( 'NONE', #2907, #3621, #735 ) ;
#1540 = EDGE_CURVE ( 'NONE', #36, #3552, #1935, .T. ) ;
#1541 = CARTESIAN_POINT ( 'NONE',  ( 22.98633411393278081, 20.17502490064161691, -3.754993021896153138 ) ) ;
#1542 = DIRECTION ( 'NONE',  ( 2.312964634635742957E-16, 0.000000000000000000, 1.000000000000000000 ) ) ;
#1543 = VERTEX_POINT ( 'NONE', #706 ) ;
#1544 = LINE ( 'NONE', #1136, #1138 ) ;
#1545 = ORIENTED_EDGE ( 'NONE', *, *, #2212, .F. ) ;
#1546 = ORIENTED_EDGE ( 'NONE', *, *, #3290, .T. ) ;
#1547 = LINE ( 'NONE', #2973, #4520 ) ;
#1548 = LINE ( 'NONE', #3026, #4166 ) ;
#1549 = ORIENTED_EDGE ( 'NONE', *, *, #137, .T. ) ;
#1550 = CARTESIAN_POINT ( 'NONE',  ( 17.50000000000000355, 7.020725942163693389, 30.00000000000000711 ) ) ;
#1551 = DIRECTION ( 'NONE',  ( 1.000000000000000000, 0.000000000000000000, 0.000000000000000000 ) ) ;
#1552 = CARTESIAN_POINT ( 'NONE',  ( -24.99999999999999289, 16.00000000000000000, 10.03826772643620657 ) ) ;
#1553 = EDGE_CURVE ( 'NONE', #3833, #3604, #1737, .T. ) ;
#1554 = CARTESIAN_POINT ( 'NONE',  ( -10.00000000000000178, 8.000000000000000000, 23.00000000000000355 ) ) ;
#1555 = LINE ( 'NONE', #1246, #1589 ) ;
#1556 = ORIENTED_EDGE ( 'NONE', *, *, #2904, .T. ) ;
#1557 = DIRECTION ( 'NONE',  ( -0.000000000000000000, 0.000000000000000000, 1.000000000000000000 ) ) ;
#1558 = CARTESIAN_POINT ( 'NONE',  ( -19.99999999999998934, 22.87867965644037227, 30.00000000000000711 ) ) ;
#1559 = ADVANCED_FACE ( 'NONE', ( #342 ), #1052, .F. ) ;
#1560 = CARTESIAN_POINT ( 'NONE',  ( 25.00000000000000000, 16.00000000000000355, -6.815783894109752161 ) ) ;
#1561 = ORIENTED_EDGE ( 'NONE', *, *, #2192, .F. ) ;
#1562 = VERTEX_POINT ( 'NONE', #3874 ) ;
#1563 = CARTESIAN_POINT ( 'NONE',  ( -2.027578930161937798, 17.51559311280716003, 19.62116260970541148 ) ) ;
#1564 = EDGE_LOOP ( 'NONE', ( #3722, #1028, #2525, #4120 ) ) ;
#1565 = LINE ( 'NONE', #1918, #2177 ) ;
#1566 = EDGE_LOOP ( 'NONE', ( #795, #3693, #277, #2226 ) ) ;
#1567 = CARTESIAN_POINT ( 'NONE',  ( -17.40000000000000213, 4.999999999999996447, -29.99999999999999289 ) ) ;
#1568 = DIRECTION ( 'NONE',  ( 0.000000000000000000, 0.000000000000000000, -1.000000000000000000 ) ) ;
#1569 = ORIENTED_EDGE ( 'NONE', *, *, #817, .F. ) ;
#1570 = CARTESIAN_POINT ( 'NONE',  ( 23.59946529415433503, 7.995825961772514034, -28.40053470584564010 ) ) ;
#1571 = CIRCLE ( 'NONE', #3601, 2.000000000000002665 ) ;
#1572 = CARTESIAN_POINT ( 'NONE',  ( 17.47107091965511216, 19.97746727992497995, 3.289509650439315536 ) ) ;
#1573 = FACE_OUTER_BOUND ( 'NONE', #1069, .T. ) ;
#1574 = EDGE_CURVE ( 'NONE', #3583, #1620, #3203, .T. ) ;
#1575 = VECTOR ( 'NONE', #1394, 1000.000000000000000 ) ;
#1576 = DIRECTION ( 'NONE',  ( 0.000000000000000000, -0.000000000000000000, 1.000000000000000000 ) ) ;
#1577 = ORIENTED_EDGE ( 'NONE', *, *, #3206, .T. ) ;
#1578 = CARTESIAN_POINT ( 'NONE',  ( -21.00000000000000355, 9.041451884327388555, 30.00000000000000711 ) ) ;
#1579 = CARTESIAN_POINT ( 'NONE',  ( -24.50000000000000711, 2.979274057836319489, 23.00000000000000711 ) ) ;
#1580 = EDGE_CURVE ( 'NONE', #3498, #2381, #2888, .T. ) ;
#1581 = VECTOR ( 'NONE', #4243, 1000.000000000000000 ) ;
#1582 = CARTESIAN_POINT ( 'NONE',  ( -14.00000000000000178, 0.000000000000000000, -15.00000000000000178 ) ) ;
#1583 = ORIENTED_EDGE ( 'NONE', *, *, #1588, .F. ) ;
#1584 = AXIS2_PLACEMENT_3D ( 'NONE', #428, #709, #3244 ) ;
#1585 = EDGE_LOOP ( 'NONE', ( #3700, #3389, #4223, #124, #1704, #3112 ) ) ;
#1586 = CARTESIAN_POINT ( 'NONE',  ( -6.719002612269008523, 21.10481407133374532, 20.64003933680285741 ) ) ;
#1587 = DIRECTION ( 'NONE',  ( -0.4999999999999992784, 0.7071067811865494601, 0.4999999999999981126 ) ) ;
#1588 = EDGE_CURVE ( 'NONE', #2359, #538, #3861, .T. ) ;
#1589 = VECTOR ( 'NONE', #2676, 999.9999999999998863 ) ;
#1590 = VERTEX_POINT ( 'NONE', #1356 ) ;
#1591 = DIRECTION ( 'NONE',  ( 5.782411586589358625E-17, 0.000000000000000000, 1.000000000000000000 ) ) ;
#1592 = EDGE_CURVE ( 'NONE', #764, #4078, #4221, .T. ) ;
#1593 = EDGE_CURVE ( 'NONE', #4115, #1594, #1518, .T. ) ;
#1594 = VERTEX_POINT ( 'NONE', #4021 ) ;
#1595 = CARTESIAN_POINT ( 'NONE',  ( 23.25000000000000000, 5.000000000000004441, 23.00000000000000711 ) ) ;
#1596 = AXIS2_PLACEMENT_3D ( 'NONE', #1988, #2407, #656 ) ;
#1597 = CYLINDRICAL_SURFACE ( 'NONE', #1072, 3.499999999999998668 ) ;
#1598 = AXIS2_PLACEMENT_3D ( 'NONE', #2396, #3880, #3787 ) ;
#1599 = VERTEX_POINT ( 'NONE', #3680 ) ;
#1600 = CARTESIAN_POINT ( 'NONE',  ( -21.00000000000000355, 0.9585481156726277652, 23.00000000000000711 ) ) ;
#1601 = FACE_OUTER_BOUND ( 'NONE', #1310, .T. ) ;
#1602 = CARTESIAN_POINT ( 'NONE',  ( -18.42019228687583521, 19.19180969446384921, 1.520667869259449967 ) ) ;
#1603 = VECTOR ( 'NONE', #3818, 1000.000000000000000 ) ;
#1604 = CARTESIAN_POINT ( 'NONE',  ( 0.000000000000000000, 25.00000000000000000, 31.00000000000000355 ) ) ;
#1605 = ORIENTED_EDGE ( 'NONE', *, *, #1411, .T. ) ;
#1606 = AXIS2_PLACEMENT_3D ( 'NONE', #3939, #722, #2146 ) ;
#1607 = LINE ( 'NONE', #213, #1007 ) ;
#1608 = CARTESIAN_POINT ( 'NONE',  ( -20.99999999999999645, 16.00000000000000000, -15.00000000000000178 ) ) ;
#1609 = AXIS2_PLACEMENT_3D ( 'NONE', #2306, #4107, #1932 ) ;
#1610 = CARTESIAN_POINT ( 'NONE',  ( 17.20080375082505597, 20.36712086280811107, -3.818957807135953786 ) ) ;
#1611 = DIRECTION ( 'NONE',  ( 0.000000000000000000, 0.7071067811865474617, 0.7071067811865476838 ) ) ;
#1612 = ORIENTED_EDGE ( 'NONE', *, *, #2499, .T. ) ;
#1613 = ORIENTED_EDGE ( 'NONE', *, *, #294, .T. ) ;
#1614 = CARTESIAN_POINT ( 'NONE',  ( 5.110726118428091880, 19.16846463143880541, 20.17476507629404026 ) ) ;
#1615 = DIRECTION ( 'NONE',  ( 0.5000000000000003331, 0.8660254037844385966, 0.000000000000000000 ) ) ;
#1616 = VECTOR ( 'NONE', #2884, 1000.000000000000000 ) ;
#1617 = EDGE_CURVE ( 'NONE', #4282, #1352, #1565, .T. ) ;
#1618 = ORIENTED_EDGE ( 'NONE', *, *, #966, .T. ) ;
#1619 = LINE ( 'NONE', #915, #4511 ) ;
#1620 = VERTEX_POINT ( 'NONE', #79 ) ;
#1621 = CARTESIAN_POINT ( 'NONE',  ( 9.999999999999998224, 8.000000000000000000, 23.00000000000000711 ) ) ;
#1622 = DIRECTION ( 'NONE',  ( -0.000000000000000000, -0.7071067811865474617, 0.7071067811865476838 ) ) ;
#1623 = EDGE_CURVE ( 'NONE', #979, #2032, #799, .T. ) ;
#1624 = ORIENTED_EDGE ( 'NONE', *, *, #1643, .T. ) ;
#1625 = DIRECTION ( 'NONE',  ( -5.782411586589358625E-17, 0.000000000000000000, -1.000000000000000000 ) ) ;
#1626 = CARTESIAN_POINT ( 'NONE',  ( 24.60000000000000497, 5.000000000000004441, -27.39999999999996660 ) ) ;
#1627 = CARTESIAN_POINT ( 'NONE',  ( -22.83235340672693070, 19.88401429566448897, 3.317444651378914866 ) ) ;
#1628 = CARTESIAN_POINT ( 'NONE',  ( 17.00000000000000711, 25.00000000000000000, -6.000000000000002665 ) ) ;
#1629 = VERTEX_POINT ( 'NONE', #1489 ) ;
#1630 = DIRECTION ( 'NONE',  ( -0.000000000000000000, -0.7071067811865473507, -0.7071067811865477948 ) ) ;
#1631 = LINE ( 'NONE', #2680, #4588 ) ;
#1632 = CARTESIAN_POINT ( 'NONE',  ( 23.33108930670671910, 20.62007923247600516, -4.269389328244327153 ) ) ;
#1633 = DIRECTION ( 'NONE',  ( 0.000000000000000000, 0.7071067811865473507, -0.7071067811865475727 ) ) ;
#1634 = EDGE_LOOP ( 'NONE', ( #1147, #4063, #2759, #834 ) ) ;
#1635 = VERTEX_POINT ( 'NONE', #129 ) ;
#1636 = CARTESIAN_POINT ( 'NONE',  ( -2.752720556193106738, 17.75096614365740066, 19.70944340719081112 ) ) ;
#1637 = CARTESIAN_POINT ( 'NONE',  ( 17.00000000000000000, 25.00000000000000355, 13.99999999999999822 ) ) ;
#1638 =( BOUNDED_CURVE ( )  B_SPLINE_CURVE ( 3, ( #2766, #593, #641, #3805 ),
 .UNSPECIFIED., .F., .T. ) 
 B_SPLINE_CURVE_WITH_KNOTS ( ( 4, 4 ),
 ( 0.000000000000000000, 3.141592653589793116 ),
 .UNSPECIFIED. ) 
 CURVE ( )  GEOMETRIC_REPRESENTATION_ITEM ( )  RATIONAL_B_SPLINE_CURVE ( ( 1.000000000000000000, 0.3333333333333333703, 0.3333333333333333703, 1.000000000000000000 ) ) 
 REPRESENTATION_ITEM ( '' )  );
#1639 = EDGE_LOOP ( 'NONE', ( #3769, #3106, #3447, #4579 ) ) ;
#1640 = DIRECTION ( 'NONE',  ( -5.782411586589358625E-17, 1.334402673828314079E-16, -1.000000000000000000 ) ) ;
#1641 = ORIENTED_EDGE ( 'NONE', *, *, #5, .T. ) ;
#1642 = CARTESIAN_POINT ( 'NONE',  ( 8.750000000000003553, 25.00000000000000000, 1.951563910473907587E-15 ) ) ;
#1643 = EDGE_CURVE ( 'NONE', #914, #1488, #465, .T. ) ;
#1644 = LINE ( 'NONE', #3730, #3848 ) ;
#1645 = VERTEX_POINT ( 'NONE', #150 ) ;
#1646 = CARTESIAN_POINT ( 'NONE',  ( 10.00000000000000000, 8.000000000000000000, 13.00000000000000711 ) ) ;
#1647 = CARTESIAN_POINT ( 'NONE',  ( -22.62398719125160085, 19.19434061816186343, 1.639352486172003021 ) ) ;
#1648 = EDGE_CURVE ( 'NONE', #3739, #3121, #2924, .T. ) ;
#1649 = CARTESIAN_POINT ( 'NONE',  ( 22.77491811278862954, 19.74314330246694027, 3.070801971502681749 ) ) ;
#1650 = CARTESIAN_POINT ( 'NONE',  ( 17.00000000283321100, 20.97248647200995464, -4.452932232125371037 ) ) ;
#1651 = ORIENTED_EDGE ( 'NONE', *, *, #2592, .T. ) ;
#1652 = EDGE_CURVE ( 'NONE', #1671, #3887, #321, .T. ) ;
#1653 = EDGE_CURVE ( 'NONE', #3604, #358, #2921, .T. ) ;
#1654 = CARTESIAN_POINT ( 'NONE',  ( 1.362068814184805645E-27, -1.847480501915302585E-13, 25.00000000000000355 ) ) ;
#1655 = DIRECTION ( 'NONE',  ( 1.000000000000000000, 0.000000000000000000, 0.000000000000000000 ) ) ;
#1656 = VECTOR ( 'NONE', #4398, 1000.000000000000000 ) ;
#1657 = DIRECTION ( 'NONE',  ( 5.782411586589358625E-17, 0.000000000000000000, 1.000000000000000000 ) ) ;
#1658 = ORIENTED_EDGE ( 'NONE', *, *, #463, .F. ) ;
#1659 = ORIENTED_EDGE ( 'NONE', *, *, #1304, .F. ) ;
#1660 = CARTESIAN_POINT ( 'NONE',  ( -7.698836123903743278, 23.97594566791381610, 20.98096575699789312 ) ) ;
#1661 = VECTOR ( 'NONE', #4465, 1000.000000000000000 ) ;
#1662 = DIRECTION ( 'NONE',  ( 1.000000000000000000, 0.000000000000000000, -1.734723475976807094E-16 ) ) ;
#1663 = AXIS2_PLACEMENT_3D ( 'NONE', #1637, #1686, #2006 ) ;
#1664 = CARTESIAN_POINT ( 'NONE',  ( -21.99999999999999289, 21.99095139045253688, -29.99999999999999289 ) ) ;
#1665 = VECTOR ( 'NONE', #4268, 1000.000000000000000 ) ;
#1666 = ORIENTED_EDGE ( 'NONE', *, *, #4013, .T. ) ;
#1667 = LINE ( 'NONE', #3434, #1661 ) ;
#1668 = VERTEX_POINT ( 'NONE', #2641 ) ;
#1669 = VECTOR ( 'NONE', #3251, 1000.000000000000000 ) ;
#1670 = CARTESIAN_POINT ( 'NONE',  ( 20.00000000000001066, 21.46446609406727291, 26.46446609406726935 ) ) ;
#1671 = VERTEX_POINT ( 'NONE', #4369 ) ;
#1672 = CARTESIAN_POINT ( 'NONE',  ( -18.00058809871954679, 19.47965718150943104, -2.359653751542203359 ) ) ;
#1673 = CARTESIAN_POINT ( 'NONE',  ( -24.99999999999999645, 16.00000000000000000, -4.041879762487141647 ) ) ;
#1674 = CARTESIAN_POINT ( 'NONE',  ( 25.00000000000000000, 16.00000000000000355, 8.098869255804059364 ) ) ;
#1675 = AXIS2_PLACEMENT_3D ( 'NONE', #75, #2169, #2221 ) ;
#1676 = ADVANCED_FACE ( 'NONE', ( #3270 ), #2613, .F. ) ;
#1677 = ORIENTED_EDGE ( 'NONE', *, *, #2742, .T. ) ;
#1678 = CARTESIAN_POINT ( 'NONE',  ( 17.50000000000000355, 7.020725942163693389, 23.00000000000000711 ) ) ;
#1679 = DIRECTION ( 'NONE',  ( -0.7071067811865466846, 0.000000000000000000, -0.7071067811865483499 ) ) ;
#1680 = VECTOR ( 'NONE', #1738, 1000.000000000000000 ) ;
#1681 = LINE ( 'NONE', #2378, #2487 ) ;
#1682 = CARTESIAN_POINT ( 'NONE',  ( -24.99999999999998934, 25.00000000000000000, 30.00000000000000711 ) ) ;
#1683 = EDGE_LOOP ( 'NONE', ( #1545, #3626, #4559, #3271, #4504 ) ) ;
#1684 = ORIENTED_EDGE ( 'NONE', *, *, #4128, .F. ) ;
#1685 = CARTESIAN_POINT ( 'NONE',  ( 25.00000000000000000, 25.00000000000000355, -3.411622836087720356E-15 ) ) ;
#1686 = DIRECTION ( 'NONE',  ( 0.000000000000000000, 1.000000000000000000, 0.000000000000000000 ) ) ;
#1687 = AXIS2_PLACEMENT_3D ( 'NONE', #3963, #741, #2332 ) ;
#1688 = EDGE_CURVE ( 'NONE', #719, #620, #3235, .T. ) ;
#1689 = DIRECTION ( 'NONE',  ( 1.000000000000000000, 0.000000000000000000, 0.000000000000000000 ) ) ;
#1690 = DIRECTION ( 'NONE',  ( 0.000000000000000000, -1.000000000000000000, 0.000000000000000000 ) ) ;
#1691 = ORIENTED_EDGE ( 'NONE', *, *, #423, .T. ) ;
#1692 = DIRECTION ( 'NONE',  ( -0.000000000000000000, 0.7071067811865474617, -0.7071067811865476838 ) ) ;
#1693 = ORIENTED_EDGE ( 'NONE', *, *, #3836, .F. ) ;
#1694 = CARTESIAN_POINT ( 'NONE',  ( 24.99999999999999645, 2.999999999999975131, 24.58578643762690419 ) ) ;
#1695 = VECTOR ( 'NONE', #1836, 1000.000000000000000 ) ;
#1696 = VERTEX_POINT ( 'NONE', #1827 ) ;
#1697 = DIRECTION ( 'NONE',  ( 0.000000000000000000, 1.000000000000000000, 0.000000000000000000 ) ) ;
#1698 = CARTESIAN_POINT ( 'NONE',  ( -16.99999999999997868, 21.14285714285750473, -4.595916554898992423 ) ) ;
#1699 = ORIENTED_EDGE ( 'NONE', *, *, #3598, .F. ) ;
#1700 = CARTESIAN_POINT ( 'NONE',  ( -21.00000000000000355, 0.9585481156726277652, 23.00000000000000711 ) ) ;
#1701 = FACE_OUTER_BOUND ( 'NONE', #3657, .T. ) ;
#1702 = DIRECTION ( 'NONE',  ( -1.000000000000000000, 0.000000000000000000, 5.782411586589358625E-17 ) ) ;
#1703 = ORIENTED_EDGE ( 'NONE', *, *, #3328, .T. ) ;
#1704 = ORIENTED_EDGE ( 'NONE', *, *, #3407, .F. ) ;
#1705 = DIRECTION ( 'NONE',  ( -0.000000000000000000, 1.000000000000000000, -0.000000000000000000 ) ) ;
#1706 = DIRECTION ( 'NONE',  ( -1.000000000000000000, 0.000000000000000000, 1.734723475976807094E-16 ) ) ;
#1707 =( BOUNDED_CURVE ( )  B_SPLINE_CURVE ( 3, ( #2058, #2009, #4534, #3451 ),
 .UNSPECIFIED., .F., .T. ) 
 B_SPLINE_CURVE_WITH_KNOTS ( ( 4, 4 ),
 ( 5.674939728269385419, 6.283185307179586232 ),
 .UNSPECIFIED. ) 
 CURVE ( )  GEOMETRIC_REPRESENTATION_ITEM ( )  RATIONAL_B_SPLINE_CURVE ( ( 1.000000000000000000, 0.9694066705879988977, 0.9694066705879988977, 1.000000000000000000 ) ) 
 REPRESENTATION_ITEM ( '' )  );
#1708 = EDGE_CURVE ( 'NONE', #3996, #2032, #1163, .T. ) ;
#1709 = LINE ( 'NONE', #4208, #404 ) ;
#1710 = CARTESIAN_POINT ( 'NONE',  ( 18.75000000000000355, 5.000000000000004441, 20.00000000000000355 ) ) ;
#1711 = ORIENTED_EDGE ( 'NONE', *, *, #2672, .F. ) ;
#1712 = LINE ( 'NONE', #1775, #698 ) ;
#1713 = ORIENTED_EDGE ( 'NONE', *, *, #3117, .T. ) ;
#1714 = DIRECTION ( 'NONE',  ( -1.000000000000000000, 0.000000000000000000, 1.734723475976807094E-16 ) ) ;
#1715 = DIRECTION ( 'NONE',  ( -1.000000000000000000, 0.000000000000000000, 0.000000000000000000 ) ) ;
#1716 = ORIENTED_EDGE ( 'NONE', *, *, #2131, .T. ) ;
#1717 = CARTESIAN_POINT ( 'NONE',  ( -17.79018059862219303, 19.65386411283240520, -2.731479770521188399 ) ) ;
#1718 = DIRECTION ( 'NONE',  ( 0.000000000000000000, 0.000000000000000000, 1.000000000000000000 ) ) ;
#1719 = CARTESIAN_POINT ( 'NONE',  ( -24.99999999999993250, 16.00000000000023093, -8.908535665967947992 ) ) ;
#1720 = CARTESIAN_POINT ( 'NONE',  ( 25.00000000000000000, 21.14285714285714235, -4.595916554898701989 ) ) ;
#1721 = ORIENTED_EDGE ( 'NONE', *, *, #3045, .T. ) ;
#1722 = DIRECTION ( 'NONE',  ( -0.000000000000000000, 0.000000000000000000, 1.000000000000000000 ) ) ;
#1723 = CARTESIAN_POINT ( 'NONE',  ( -21.00000000000000000, 5.000000000000004441, -15.00000000000000000 ) ) ;
#1724 = CARTESIAN_POINT ( 'NONE',  ( -16.99999999999996447, 25.00000000000000000, 6.000000000000003553 ) ) ;
#1725 = ORIENTED_EDGE ( 'NONE', *, *, #1841, .T. ) ;
#1726 = ORIENTED_EDGE ( 'NONE', *, *, #4549, .T. ) ;
#1727 = ADVANCED_FACE ( 'NONE', ( #104 ), #2570, .F. ) ;
#1728 = LINE ( 'NONE', #2403, #4247 ) ;
#1729 = FACE_OUTER_BOUND ( 'NONE', #1212, .T. ) ;
#1730 = LINE ( 'NONE', #3092, #1296 ) ;
#1731 = CIRCLE ( 'NONE', #3011, 1.500000000000001332 ) ;
#1732 = VERTEX_POINT ( 'NONE', #774 ) ;
#1733 = AXIS2_PLACEMENT_3D ( 'NONE', #1133, #1911, #4053 ) ;
#1734 = CARTESIAN_POINT ( 'NONE',  ( -21.00000000000000355, 9.041451884327388555, 30.00000000000000711 ) ) ;
#1735 = EDGE_CURVE ( 'NONE', #4613, #1445, #2200, .T. ) ;
#1736 = ORIENTED_EDGE ( 'NONE', *, *, #1332, .T. ) ;
#1737 = CIRCLE ( 'NONE', #3163, 6.000000000000000888 ) ;
#1738 = DIRECTION ( 'NONE',  ( 1.734723475976807094E-16, -0.000000000000000000, 1.000000000000000000 ) ) ;
#1739 = CARTESIAN_POINT ( 'NONE',  ( 25.00000000000000355, 25.00000000000000000, 30.00000000000000711 ) ) ;
#1740 = ORIENTED_EDGE ( 'NONE', *, *, #1392, .F. ) ;
#1741 = AXIS2_PLACEMENT_3D ( 'NONE', #2559, #4311, #4031 ) ;
#1742 = CARTESIAN_POINT ( 'NONE',  ( -18.63139166354753584, 19.06762505054427947, -0.9266257181271075893 ) ) ;
#1743 = CARTESIAN_POINT ( 'NONE',  ( -18.01082344038154659, 19.47152601977251507, -2.341363340883980904 ) ) ;
#1744 = ORIENTED_EDGE ( 'NONE', *, *, #2873, .T. ) ;
#1745 = CARTESIAN_POINT ( 'NONE',  ( -8.749999999999998224, 25.00000000000000000, 4.987329993433320396E-15 ) ) ;
#1746 = VECTOR ( 'NONE', #717, 1000.000000000000000 ) ;
#1747 = VERTEX_POINT ( 'NONE', #1849 ) ;
#1748 = ORIENTED_EDGE ( 'NONE', *, *, #1347, .T. ) ;
#1749 = VECTOR ( 'NONE', #1757, 1000.000000000000000 ) ;
#1750 = DIRECTION ( 'NONE',  ( 0.000000000000000000, 0.000000000000000000, 1.000000000000000000 ) ) ;
#1751 = VECTOR ( 'NONE', #2758, 1000.000000000000000 ) ;
#1752 = DIRECTION ( 'NONE',  ( 0.000000000000000000, -0.7071067811865476838, 0.7071067811865474617 ) ) ;
#1753 = CARTESIAN_POINT ( 'NONE',  ( 14.00000000000000178, 0.000000000000000000, -15.00000000000000178 ) ) ;
#1754 = EDGE_LOOP ( 'NONE', ( #2060, #1299, #397, #558, #3613, #610 ) ) ;
#1755 = DIRECTION ( 'NONE',  ( 0.000000000000000000, -1.000000000000000000, 0.000000000000000000 ) ) ;
#1756 = AXIS2_PLACEMENT_3D ( 'NONE', #833, #3428, #509 ) ;
#1757 = DIRECTION ( 'NONE',  ( 0.000000000000000000, -1.000000000000000000, 0.000000000000000000 ) ) ;
#1758 = EDGE_CURVE ( 'NONE', #3574, #809, #2033, .T. ) ;
#1759 = VECTOR ( 'NONE', #3136, 1000.000000000000000 ) ;
#1760 = ORIENTED_EDGE ( 'NONE', *, *, #2468, .F. ) ;
#1761 = CARTESIAN_POINT ( 'NONE',  ( 21.00000000000000000, 5.000000000000004441, 30.00000000000000711 ) ) ;
#1762 = ORIENTED_EDGE ( 'NONE', *, *, #4463, .T. ) ;
#1763 = CARTESIAN_POINT ( 'NONE',  ( -17.79104032736560370, 19.65282603123166538, -2.730153364156315376 ) ) ;
#1764 = EDGE_LOOP ( 'NONE', ( #3435, #480, #3506, #1484 ) ) ;
#1765 = CARTESIAN_POINT ( 'NONE',  ( -24.99999999999998934, 25.00000000000000000, 30.00000000000000711 ) ) ;
#1766 = CARTESIAN_POINT ( 'NONE',  ( 20.00000000000001066, 20.05025253169416644, -25.05025253169417354 ) ) ;
#1767 = EDGE_CURVE ( 'NONE', #3247, #4397, #3094, .T. ) ;
#1768 = DIRECTION ( 'NONE',  ( -0.000000000000000000, 0.000000000000000000, 1.000000000000000000 ) ) ;
#1769 = DIRECTION ( 'NONE',  ( 0.000000000000000000, 0.000000000000000000, -1.000000000000000000 ) ) ;
#1770 = VERTEX_POINT ( 'NONE', #3453 ) ;
#1771 = DIRECTION ( 'NONE',  ( 0.000000000000000000, 0.000000000000000000, 1.000000000000000000 ) ) ;
#1772 = FACE_OUTER_BOUND ( 'NONE', #2514, .T. ) ;
#1773 = DIRECTION ( 'NONE',  ( 0.000000000000000000, 0.000000000000000000, -1.000000000000000000 ) ) ;
#1774 = ORIENTED_EDGE ( 'NONE', *, *, #3526, .T. ) ;
#1775 = CARTESIAN_POINT ( 'NONE',  ( -21.99999999999999289, 25.00000000000000000, -29.99999999999999289 ) ) ;
#1776 = EDGE_LOOP ( 'NONE', ( #3916, #2523, #4235, #563, #1061 ) ) ;
#1777 = CARTESIAN_POINT ( 'NONE',  ( -22.43862659955729200, 1.521577968863567110, -27.47056891309838988 ) ) ;
#1778 = ORIENTED_EDGE ( 'NONE', *, *, #2838, .F. ) ;
#1779 = DIRECTION ( 'NONE',  ( -0.000000000000000000, -0.000000000000000000, -1.000000000000000000 ) ) ;
#1780 = VERTEX_POINT ( 'NONE', #3068 ) ;
#1781 = EDGE_CURVE ( 'NONE', #2665, #3902, #1619, .T. ) ;
#1782 = CARTESIAN_POINT ( 'NONE',  ( -19.99999999999998934, 12.97918471982870869, 30.00000000000000711 ) ) ;
#1783 = CARTESIAN_POINT ( 'NONE',  ( -26.99999999999998934, 1.000000000000014211, 25.00000000000000355 ) ) ;
#1784 = ORIENTED_EDGE ( 'NONE', *, *, #2818, .T. ) ;
#1785 = EDGE_CURVE ( 'NONE', #753, #3825, #3465, .T. ) ;
#1786 = DIRECTION ( 'NONE',  ( -1.000000000000000000, 0.000000000000000000, 1.734723475976807094E-16 ) ) ;
#1787 = DIRECTION ( 'NONE',  ( -1.000000000000000000, 0.000000000000000000, 0.000000000000000000 ) ) ;
#1788 = EDGE_CURVE ( 'NONE', #3775, #3647, #2760, .T. ) ;
#1789 = DIRECTION ( 'NONE',  ( -1.000000000000000000, 0.000000000000000000, 0.000000000000000000 ) ) ;
#1790 = EDGE_CURVE ( 'NONE', #3825, #84, #4536, .T. ) ;
#1791 = VERTEX_POINT ( 'NONE', #609 ) ;
#1792 = CARTESIAN_POINT ( 'NONE',  ( 24.99999999999999289, 9.464101615137758827, 24.00000000000000000 ) ) ;
#1793 = LINE ( 'NONE', #71, #2349 ) ;
#1794 = EDGE_CURVE ( 'NONE', #1206, #2143, #1667, .T. ) ;
#1795 = DIRECTION ( 'NONE',  ( 0.000000000000000000, 0.000000000000000000, 1.000000000000000000 ) ) ;
#1796 = EDGE_LOOP ( 'NONE', ( #3942, #1087, #1391, #291 ) ) ;
#1797 = DIRECTION ( 'NONE',  ( -1.000000000000000000, 0.000000000000000000, 0.000000000000000000 ) ) ;
#1798 = LINE ( 'NONE', #3311, #637 ) ;
#1799 =( GEOMETRIC_REPRESENTATION_CONTEXT ( 3 ) GLOBAL_UNCERTAINTY_ASSIGNED_CONTEXT ( ( #1525 ) ) GLOBAL_UNIT_ASSIGNED_CONTEXT ( ( #70, #1933, #1199 ) ) REPRESENTATION_CONTEXT ( 'NONE', 'WORKASPACE' ) );
#1800 = ORIENTED_EDGE ( 'NONE', *, *, #3551, .F. ) ;
#1801 = CARTESIAN_POINT ( 'NONE',  ( 20.00000000000001066, 22.87867965644037227, 30.00000000000000711 ) ) ;
#1802 = ORIENTED_EDGE ( 'NONE', *, *, #2480, .F. ) ;
#1803 = CARTESIAN_POINT ( 'NONE',  ( 14.00000000000000178, 12.00000000000000000, 7.000000000000014211 ) ) ;
#1804 = VECTOR ( 'NONE', #1470, 1000.000000000000000 ) ;
#1805 = AXIS2_PLACEMENT_3D ( 'NONE', #86, #3600, #3977 ) ;
#1806 = DIRECTION ( 'NONE',  ( -0.4999999999999995004, -0.8660254037844389297, 0.000000000000000000 ) ) ;
#1807 = ORIENTED_EDGE ( 'NONE', *, *, #3748, .T. ) ;
#1808 = DIRECTION ( 'NONE',  ( 0.000000000000000000, -1.000000000000000000, 0.000000000000000000 ) ) ;
#1809 = CARTESIAN_POINT ( 'NONE',  ( -16.99999999999999289, 15.99999999999999645, -10.72380529476360067 ) ) ;
#1810 = CARTESIAN_POINT ( 'NONE',  ( 22.62398719125161861, 19.19434061816362558, -1.639352486171997691 ) ) ;
#1811 = EDGE_CURVE ( 'NONE', #742, #861, #4344, .T. ) ;
#1812 = CARTESIAN_POINT ( 'NONE',  ( -24.60000000000000142, 4.999999999999995559, -19.99999999999998934 ) ) ;
#1813 = EDGE_LOOP ( 'NONE', ( #1375, #3745, #4576, #4632 ) ) ;
#1814 = DIRECTION ( 'NONE',  ( 0.7071067811865457964, -0.7071067811865492381, 0.000000000000000000 ) ) ;
#1815 = CARTESIAN_POINT ( 'NONE',  ( 17.00000000000000000, 25.00000000000000355, -2.949029909160571666E-15 ) ) ;
#1816 = VECTOR ( 'NONE', #3330, 1000.000000000000000 ) ;
#1817 = EDGE_CURVE ( 'NONE', #2401, #4185, #4285, .T. ) ;
#1818 = VECTOR ( 'NONE', #4609, 1000.000000000000000 ) ;
#1819 = CARTESIAN_POINT ( 'NONE',  ( -10.00000000000000178, 8.000000000000000000, 23.00000000000000355 ) ) ;
#1820 = ORIENTED_EDGE ( 'NONE', *, *, #3548, .T. ) ;
#1821 = CARTESIAN_POINT ( 'NONE',  ( -23.25000000000000000, 5.000000000000004441, -19.99999999999998934 ) ) ;
#1822 = ORIENTED_EDGE ( 'NONE', *, *, #2592, .F. ) ;
#1823 = EDGE_CURVE ( 'NONE', #2381, #1183, #1424, .T. ) ;
#1824 = VECTOR ( 'NONE', #4341, 1000.000000000000000 ) ;
#1825 = CARTESIAN_POINT ( 'NONE',  ( 16.00000000000000355, 25.00000000000000000, -20.10050506338833287 ) ) ;
#1826 = ORIENTED_EDGE ( 'NONE', *, *, #475, .F. ) ;
#1827 = CARTESIAN_POINT ( 'NONE',  ( -14.00000000000000178, 0.000000000000000000, -15.00000000000000178 ) ) ;
#1828 = VECTOR ( 'NONE', #4345, 1000.000000000000000 ) ;
#1829 = ORIENTED_EDGE ( 'NONE', *, *, #672, .T. ) ;
#1830 = DIRECTION ( 'NONE',  ( 7.716065482320665656E-33, 1.000000000000000000, 1.334402673828314079E-16 ) ) ;
#1831 = DIRECTION ( 'NONE',  ( -0.000000000000000000, -1.000000000000000000, -0.000000000000000000 ) ) ;
#1832 = VECTOR ( 'NONE', #1842, 1000.000000000000000 ) ;
#1833 = EDGE_LOOP ( 'NONE', ( #3897, #4422, #1651, #3959 ) ) ;
#1834 = DIRECTION ( 'NONE',  ( -1.000000000000000000, -0.000000000000000000, -5.782411586589358625E-17 ) ) ;
#1835 = VECTOR ( 'NONE', #2867, 1000.000000000000000 ) ;
#1836 = DIRECTION ( 'NONE',  ( -0.000000000000000000, -0.7071067811865474617, 0.7071067811865476838 ) ) ;
#1837 = PLANE ( 'NONE',  #2252 ) ;
#1838 = VECTOR ( 'NONE', #2272, 1000.000000000000000 ) ;
#1839 = CARTESIAN_POINT ( 'NONE',  ( 18.31027957696394637, 19.26088230651314603, -1.762576749609236382 ) ) ;
#1840 = ORIENTED_EDGE ( 'NONE', *, *, #959, .F. ) ;
#1841 = EDGE_CURVE ( 'NONE', #2896, #3647, #3799, .T. ) ;
#1842 = DIRECTION ( 'NONE',  ( -1.000000000000000000, -0.000000000000000000, -5.782411586589358625E-17 ) ) ;
#1843 = ORIENTED_EDGE ( 'NONE', *, *, #839, .F. ) ;
#1844 = DIRECTION ( 'NONE',  ( 1.734723475976807094E-16, 0.000000000000000000, 1.000000000000000000 ) ) ;
#1845 = VERTEX_POINT ( 'NONE', #2388 ) ;
#1846 = EDGE_CURVE ( 'NONE', #1645, #668, #4168, .T. ) ;
#1847 = LINE ( 'NONE', #3287, #4384 ) ;
#1848 = ORIENTED_EDGE ( 'NONE', *, *, #1790, .T. ) ;
#1849 = CARTESIAN_POINT ( 'NONE',  ( -10.00000000000000178, 0.000000000000000000, 24.50000000000000355 ) ) ;
#1850 = EDGE_CURVE ( 'NONE', #4551, #4546, #2190, .T. ) ;
#1851 = EDGE_LOOP ( 'NONE', ( #3504, #371, #3749, #2440 ) ) ;
#1852 = FACE_OUTER_BOUND ( 'NONE', #3260, .T. ) ;
#1853 =( BOUNDED_CURVE ( )  B_SPLINE_CURVE ( 3, ( #4513, #518, #4416, #2295 ),
 .UNSPECIFIED., .F., .T. ) 
 B_SPLINE_CURVE_WITH_KNOTS ( ( 4, 4 ),
 ( 2.533347074679582978, 3.141592653589793116 ),
 .UNSPECIFIED. ) 
 CURVE ( )  GEOMETRIC_REPRESENTATION_ITEM ( )  RATIONAL_B_SPLINE_CURVE ( ( 1.000000000000000000, 0.9694066705879980095, 0.9694066705879980095, 1.000000000000000000 ) ) 
 REPRESENTATION_ITEM ( '' )  );
#1854 = DIRECTION ( 'NONE',  ( -1.000000000000000000, 0.000000000000000000, 0.000000000000000000 ) ) ;
#1855 = VERTEX_POINT ( 'NONE', #589 ) ;
#1856 = ORIENTED_EDGE ( 'NONE', *, *, #2868, .F. ) ;
#1857 = CARTESIAN_POINT ( 'NONE',  ( -12.99999999999999822, 25.00000000000000000, 2.255140518769848828E-15 ) ) ;
#1858 = LINE ( 'NONE', #2887, #3686 ) ;
#1859 = ORIENTED_EDGE ( 'NONE', *, *, #2308, .F. ) ;
#1860 = CARTESIAN_POINT ( 'NONE',  ( 25.00000000000000000, 16.00000000000000711, -29.99999999999999289 ) ) ;
#1861 = FACE_OUTER_BOUND ( 'NONE', #3170, .T. ) ;
#1862 = CARTESIAN_POINT ( 'NONE',  ( 22.00000000000000711, 0.000000000000000000, -15.00000000000000178 ) ) ;
#1863 = EDGE_CURVE ( 'NONE', #54, #1488, #1235, .T. ) ;
#1864 = CARTESIAN_POINT ( 'NONE',  ( -19.99999999999998934, 20.05025253169415578, 25.05025253169417709 ) ) ;
#1865 = EDGE_LOOP ( 'NONE', ( #1416, #1740, #2429, #443 ) ) ;
#1866 = FACE_OUTER_BOUND ( 'NONE', #4205, .T. ) ;
#1867 = DIRECTION ( 'NONE',  ( 0.000000000000000000, -0.7071067811865473507, -0.7071067811865477948 ) ) ;
#1868 = EDGE_CURVE ( 'NONE', #4117, #4555, #3246, .T. ) ;
#1869 = ORIENTED_EDGE ( 'NONE', *, *, #1643, .F. ) ;
#1870 = ORIENTED_EDGE ( 'NONE', *, *, #2868, .T. ) ;
#1871 = DIRECTION ( 'NONE',  ( -1.000000000000000000, 0.000000000000000000, 1.734723475976807094E-16 ) ) ;
#1872 = CARTESIAN_POINT ( 'NONE',  ( -22.84807621135332312, 13.19134295108990784, 25.00000000000000355 ) ) ;
#1873 = ADVANCED_FACE ( 'NONE', ( #4556 ), #3410, .F. ) ;
#1874 = ORIENTED_EDGE ( 'NONE', *, *, #1993, .F. ) ;
#1875 = VECTOR ( 'NONE', #1640, 1000.000000000000000 ) ;
#1876 = VECTOR ( 'NONE', #3773, 1000.000000000000000 ) ;
#1877 = ORIENTED_EDGE ( 'NONE', *, *, #4387, .T. ) ;
#1878 = CARTESIAN_POINT ( 'NONE',  ( 21.00000000000001066, 9.041451884327386779, 23.00000000000000711 ) ) ;
#1879 = CARTESIAN_POINT ( 'NONE',  ( -24.99999999999999645, 25.00000000000000000, -13.99999999999999822 ) ) ;
#1880 = EDGE_CURVE ( 'NONE', #497, #2967, #199, .T. ) ;
#1881 = DIRECTION ( 'NONE',  ( -1.000000000000000000, 0.000000000000000000, 0.000000000000000000 ) ) ;
#1882 = CARTESIAN_POINT ( 'NONE',  ( -19.99999999999998934, 8.964466094067269353, 38.96446609406727646 ) ) ;
#1883 = ORIENTED_EDGE ( 'NONE', *, *, #294, .F. ) ;
#1884 = DIRECTION ( 'NONE',  ( 0.000000000000000000, -1.000000000000000000, 0.000000000000000000 ) ) ;
#1885 = CARTESIAN_POINT ( 'NONE',  ( -19.99999999999998934, 25.00000000000000000, 25.75735931288071967 ) ) ;
#1886 = AXIS2_PLACEMENT_3D ( 'NONE', #3706, #568, #917 ) ;
#1887 = DIRECTION ( 'NONE',  ( -0.8660254037844385966, -0.4999999999999999445, 0.000000000000000000 ) ) ;
#1888 = ORIENTED_EDGE ( 'NONE', *, *, #2141, .T. ) ;
#1889 = CARTESIAN_POINT ( 'NONE',  ( 21.99999999999998579, 21.99095139045256175, -29.99999999999999289 ) ) ;
#1890 = AXIS2_PLACEMENT_3D ( 'NONE', #1533, #2653, #2278 ) ;
#1891 = CYLINDRICAL_SURFACE ( 'NONE', #1145, 1.000000000000000888 ) ;
#1892 = ORIENTED_EDGE ( 'NONE', *, *, #3551, .T. ) ;
#1893 = DIRECTION ( 'NONE',  ( 5.782411586589358625E-17, -0.000000000000000000, 1.000000000000000000 ) ) ;
#1894 = ORIENTED_EDGE ( 'NONE', *, *, #1011, .F. ) ;
#1895 = VECTOR ( 'NONE', #448, 1000.000000000000000 ) ;
#1896 = DIRECTION ( 'NONE',  ( 0.000000000000000000, 0.000000000000000000, -1.000000000000000000 ) ) ;
#1897 = ADVANCED_FACE ( 'NONE', ( #2340, #3777 ), #564, .T. ) ;
#1898 = DIRECTION ( 'NONE',  ( -1.040834085586084848E-15, 0.000000000000000000, 1.000000000000000000 ) ) ;
#1899 = VERTEX_POINT ( 'NONE', #2148 ) ;
#1900 = LINE ( 'NONE', #1600, #3457 ) ;
#1901 = CARTESIAN_POINT ( 'NONE',  ( 8.750000000000000000, 25.00000000000000000, -20.99999999999999645 ) ) ;
#1902 = CARTESIAN_POINT ( 'NONE',  ( -23.33108930670761794, 20.62007923247692887, 4.269389328244557191 ) ) ;
#1903 = AXIS2_PLACEMENT_3D ( 'NONE', #1134, #3652, #438 ) ;
#1904 = EDGE_CURVE ( 'NONE', #3996, #933, #1048, .T. ) ;
#1905 = CARTESIAN_POINT ( 'NONE',  ( -24.19999999999998508, 22.02454114921626172, -27.79999999999999716 ) ) ;
#1906 = CARTESIAN_POINT ( 'NONE',  ( -26.99999999999999289, 6.000000000000000000, 30.00000000000000711 ) ) ;
#1907 = AXIS2_PLACEMENT_3D ( 'NONE', #3037, #161, #2982 ) ;
#1908 = VERTEX_POINT ( 'NONE', #4275 ) ;
#1909 = EDGE_CURVE ( 'NONE', #74, #4629, #4161, .T. ) ;
#1910 = DIRECTION ( 'NONE',  ( -1.000000000000000000, 0.000000000000000000, 0.000000000000000000 ) ) ;
#1911 = DIRECTION ( 'NONE',  ( 0.000000000000000000, -0.7071067811865474617, -0.7071067811865476838 ) ) ;
#1912 = VECTOR ( 'NONE', #2749, 1000.000000000000000 ) ;
#1913 = FACE_OUTER_BOUND ( 'NONE', #4541, .T. ) ;
#1914 = ORIENTED_EDGE ( 'NONE', *, *, #254, .F. ) ;
#1915 = CARTESIAN_POINT ( 'NONE',  ( 21.99999999999998579, 13.86691298581655118, -29.99999999999999289 ) ) ;
#1916 = DIRECTION ( 'NONE',  ( 1.000000000000000000, 0.000000000000000000, 5.782411586589358625E-17 ) ) ;
#1917 = ORIENTED_EDGE ( 'NONE', *, *, #4013, .F. ) ;
#1918 = CARTESIAN_POINT ( 'NONE',  ( 27.00000000000000000, 25.00000000000000000, -6.000000000000004441 ) ) ;
#1919 = VERTEX_POINT ( 'NONE', #1003 ) ;
#1920 = LINE ( 'NONE', #541, #4595 ) ;
#1921 = DIRECTION ( 'NONE',  ( -1.000000000000000000, 0.000000000000000000, 5.782411586589358625E-17 ) ) ;
#1922 = EDGE_CURVE ( 'NONE', #3679, #4613, #2853, .T. ) ;
#1923 = ORIENTED_EDGE ( 'NONE', *, *, #2284, .T. ) ;
#1924 = CARTESIAN_POINT ( 'NONE',  ( -15.99999999999998224, 25.00000000000000000, 25.75735931288072678 ) ) ;
#1925 = CARTESIAN_POINT ( 'NONE',  ( -19.99999999999998934, 21.46446609406727291, 26.46446609406726935 ) ) ;
#1926 = CARTESIAN_POINT ( 'NONE',  ( -18.75491773041153110, 19.00004510938274649, -0.4458018855762654886 ) ) ;
#1927 = CARTESIAN_POINT ( 'NONE',  ( 22.83190403645161837, 19.88299806238661915, 3.315738078774669084 ) ) ;
#1928 = CARTESIAN_POINT ( 'NONE',  ( -12.99999999999999822, 25.00000000000000000, 2.255140518769848828E-15 ) ) ;
#1929 = DIRECTION ( 'NONE',  ( 0.7071067811865489050, -0.7071067811865461294, 4.088782444489006946E-17 ) ) ;
#1930 = EDGE_CURVE ( 'NONE', #2381, #3804, #1712, .T. ) ;
#1931 = EDGE_LOOP ( 'NONE', ( #4557, #2694, #105, #446 ) ) ;
#1932 = DIRECTION ( 'NONE',  ( -1.000000000000000000, 0.000000000000000000, 0.000000000000000000 ) ) ;
#1933 =( NAMED_UNIT ( * ) PLANE_ANGLE_UNIT ( ) SI_UNIT ( $, .RADIAN. ) );
#1934 = EDGE_CURVE ( 'NONE', #1352, #532, #2562, .T. ) ;
#1935 =( BOUNDED_CURVE ( )  B_SPLINE_CURVE ( 3, ( #659, #679, #362, #3175 ),
 .UNSPECIFIED., .F., .T. ) 
 B_SPLINE_CURVE_WITH_KNOTS ( ( 4, 4 ),
 ( 3.141592653589789563, 4.712388980384689674 ),
 .UNSPECIFIED. ) 
 CURVE ( )  GEOMETRIC_REPRESENTATION_ITEM ( )  RATIONAL_B_SPLINE_CURVE ( ( 1.000000000000000000, 0.8047378541243641603, 0.8047378541243641603, 1.000000000000000000 ) ) 
 REPRESENTATION_ITEM ( '' )  );
#1936 = DIRECTION ( 'NONE',  ( 0.000000000000000000, -1.000000000000000000, 0.000000000000000000 ) ) ;
#1937 = EDGE_LOOP ( 'NONE', ( #2603, #4056, #4032, #4160, #154 ) ) ;
#1938 = EDGE_LOOP ( 'NONE', ( #2913, #4412, #2241, #739 ) ) ;
#1939 = CARTESIAN_POINT ( 'NONE',  ( -5.124846422798131407, 19.16484396181937200, 20.17635633284633201 ) ) ;
#1940 = PLANE ( 'NONE',  #2852 ) ;
#1941 = EDGE_LOOP ( 'NONE', ( #1217, #2741, #2063, #2450 ) ) ;
#1942 = CARTESIAN_POINT ( 'NONE',  ( 0.000000000000000000, 0.000000000000000000, -26.99999999999999645 ) ) ;
#1943 = ORIENTED_EDGE ( 'NONE', *, *, #2587, .T. ) ;
#1944 = DIRECTION ( 'NONE',  ( -0.000000000000000000, -0.7071067811865474617, 0.7071067811865476838 ) ) ;
#1945 = DIRECTION ( 'NONE',  ( -0.000000000000000000, -0.000000000000000000, -1.000000000000000000 ) ) ;
#1946 = ORIENTED_EDGE ( 'NONE', *, *, #1411, .F. ) ;
#1947 = DIRECTION ( 'NONE',  ( -0.000000000000000000, -0.000000000000000000, -1.000000000000000000 ) ) ;
#1948 = FACE_OUTER_BOUND ( 'NONE', #2918, .T. ) ;
#1949 = CARTESIAN_POINT ( 'NONE',  ( -17.00000000283767676, 20.97248647200995109, 4.452932232125370149 ) ) ;
#1950 = PRODUCT_DEFINITION_SHAPE ( 'NONE', 'NONE',  #4150 ) ;
#1951 = CARTESIAN_POINT ( 'NONE',  ( 21.34408512719862472, 1.416481418320721275, -28.41648141832072127 ) ) ;
#1952 = AXIS2_PLACEMENT_3D ( 'NONE', #4584, #2067, #2392 ) ;
#1953 = DIRECTION ( 'NONE',  ( -1.000000000000000000, 0.000000000000000000, 1.734723475976807094E-16 ) ) ;
#1954 = EDGE_LOOP ( 'NONE', ( #688, #1561, #2970, #4624 ) ) ;
#1955 = CARTESIAN_POINT ( 'NONE',  ( 8.658535071503260738, 8.000000000000000000, 12.32882800593795558 ) ) ;
#1956 = LINE ( 'NONE', #4481, #3985 ) ;
#1957 = AXIS2_PLACEMENT_3D ( 'NONE', #24, #2580, #2210 ) ;
#1958 = CARTESIAN_POINT ( 'NONE',  ( 17.12970428582454474, 20.50925748075272281, -3.985129355382890370 ) ) ;
#1959 = ORIENTED_EDGE ( 'NONE', *, *, #4244, .T. ) ;
#1960 = ORIENTED_EDGE ( 'NONE', *, *, #4255, .F. ) ;
#1961 = CARTESIAN_POINT ( 'NONE',  ( -1.025519719278851438, 17.30117016861739998, 19.53815955635018753 ) ) ;
#1962 = FACE_OUTER_BOUND ( 'NONE', #1683, .T. ) ;
#1963 = ORIENTED_EDGE ( 'NONE', *, *, #201, .F. ) ;
#1964 = DIRECTION ( 'NONE',  ( 0.000000000000000000, -1.000000000000000000, 0.000000000000000000 ) ) ;
#1965 = EDGE_LOOP ( 'NONE', ( #2127, #3991 ) ) ;
#1966 = EDGE_CURVE ( 'NONE', #1229, #1635, #635, .T. ) ;
#1967 = DIRECTION ( 'NONE',  ( 5.782411586589358625E-17, 0.000000000000000000, 1.000000000000000000 ) ) ;
#1968 = AXIS2_PLACEMENT_3D ( 'NONE', #419, #440, #1844 ) ;
#1969 = LINE ( 'NONE', #2344, #4306 ) ;
#1970 = CIRCLE ( 'NONE', #2494, 2.249999999999998668 ) ;
#1971 = EDGE_LOOP ( 'NONE', ( #1053, #4487 ) ) ;
#1972 = DIRECTION ( 'NONE',  ( 0.000000000000000000, -0.7071067811865474617, 0.7071067811865474617 ) ) ;
#1973 = CARTESIAN_POINT ( 'NONE',  ( 15.00000000000000000, 10.00000000000000000, -20.20568056140707824 ) ) ;
#1974 = CARTESIAN_POINT ( 'NONE',  ( -22.60051930908420204, 19.02544817897058849, 0.6724889474728170669 ) ) ;
#1975 = VECTOR ( 'NONE', #360, 999.9999999999998863 ) ;
#1976 = FACE_BOUND ( 'NONE', #2777, .T. ) ;
#1977 = VERTEX_POINT ( 'NONE', #1734 ) ;
#1978 = AXIS2_PLACEMENT_3D ( 'NONE', #281, #3886, #4526 ) ;
#1979 = CYLINDRICAL_SURFACE ( 'NONE', #3035, 2.249999999999998668 ) ;
#1980 = LINE ( 'NONE', #2257, #2201 ) ;
#1981 = VERTEX_POINT ( 'NONE', #33 ) ;
#1982 = ORIENTED_EDGE ( 'NONE', *, *, #1244, .T. ) ;
#1983 = ADVANCED_FACE ( 'NONE', ( #3171 ), #1027, .F. ) ;
#1984 = CARTESIAN_POINT ( 'NONE',  ( -4.737276591905499323, 18.84543467878650702, 20.08007977924601661 ) ) ;
#1985 = CARTESIAN_POINT ( 'NONE',  ( -12.99999999999999289, 25.00000000000000000, 6.000000000000003553 ) ) ;
#1986 = AXIS2_PLACEMENT_3D ( 'NONE', #1973, #824, #208 ) ;
#1987 = ORIENTED_EDGE ( 'NONE', *, *, #4589, .T. ) ;
#1988 = CARTESIAN_POINT ( 'NONE',  ( -21.00000000000000000, 4.999999999999995559, -19.99999999999998934 ) ) ;
#1989 = ADVANCED_FACE ( 'NONE', ( #4295 ), #3547, .F. ) ;
#1990 = EDGE_LOOP ( 'NONE', ( #2642, #375, #300, #1162 ) ) ;
#1991 = FACE_OUTER_BOUND ( 'NONE', #1185, .T. ) ;
#1992 = CARTESIAN_POINT ( 'NONE',  ( 25.00000000000000000, 25.00000000000000355, -3.411622836087720356E-15 ) ) ;
#1993 = EDGE_CURVE ( 'NONE', #3350, #4000, #3335, .T. ) ;
#1994 = ORIENTED_EDGE ( 'NONE', *, *, #2330, .T. ) ;
#1995 = CARTESIAN_POINT ( 'NONE',  ( 18.00667409058086932, 2.999999999999981792, -29.99999999999999289 ) ) ;
#1996 = CARTESIAN_POINT ( 'NONE',  ( -24.99999999999999289, 16.00000000000000000, 6.374053428813181377 ) ) ;
#1997 = LINE ( 'NONE', #2980, #4227 ) ;
#1998 = ORIENTED_EDGE ( 'NONE', *, *, #3061, .T. ) ;
#1999 = DIRECTION ( 'NONE',  ( -0.000000000000000000, -0.000000000000000000, -1.000000000000000000 ) ) ;
#2000 = DIRECTION ( 'NONE',  ( -0.000000000000000000, 0.000000000000000000, 1.000000000000000000 ) ) ;
#2001 =( BOUNDED_CURVE ( )  B_SPLINE_CURVE ( 3, ( #4563, #1265, #210, #576 ),
 .UNSPECIFIED., .F., .T. ) 
 B_SPLINE_CURVE_WITH_KNOTS ( ( 4, 4 ),
 ( 0.000000000000000000, 3.141592653589793116 ),
 .UNSPECIFIED. ) 
 CURVE ( )  GEOMETRIC_REPRESENTATION_ITEM ( )  RATIONAL_B_SPLINE_CURVE ( ( 1.000000000000000000, 0.3333333333333333703, 0.3333333333333333703, 1.000000000000000000 ) ) 
 REPRESENTATION_ITEM ( '' )  );
#2002 = LINE ( 'NONE', #2682, #2872 ) ;
#2003 = ORIENTED_EDGE ( 'NONE', *, *, #484, .F. ) ;
#2004 = ORIENTED_EDGE ( 'NONE', *, *, #308, .F. ) ;
#2005 = CARTESIAN_POINT ( 'NONE',  ( -6.957382537636214614, 21.54822539830834316, 20.71977410205220238 ) ) ;
#2006 = DIRECTION ( 'NONE',  ( 0.000000000000000000, 0.000000000000000000, 1.000000000000000000 ) ) ;
#2007 = ADVANCED_FACE ( 'NONE', ( #675, #3197 ), #3917, .T. ) ;
#2008 = ADVANCED_FACE ( 'NONE', ( #2832 ), #4577, .F. ) ;
#2009 = CARTESIAN_POINT ( 'NONE',  ( 21.40848846705154784, 22.57343168262929822, -29.99999999999999289 ) ) ;
#2010 = ORIENTED_EDGE ( 'NONE', *, *, #1090, .F. ) ;
#2011 = CARTESIAN_POINT ( 'NONE',  ( 25.00000000000000000, 16.00000000000000711, -29.99999999999999289 ) ) ;
#2012 = ORIENTED_EDGE ( 'NONE', *, *, #1781, .F. ) ;
#2013 = DIRECTION ( 'NONE',  ( -1.000000000000000000, 0.000000000000000000, 0.000000000000000000 ) ) ;
#2014 = EDGE_CURVE ( 'NONE', #38, #3813, #3178, .T. ) ;
#2015 = ORIENTED_EDGE ( 'NONE', *, *, #2794, .F. ) ;
#2016 = DIRECTION ( 'NONE',  ( 0.000000000000000000, -1.000000000000000000, 0.000000000000000000 ) ) ;
#2017 = DIRECTION ( 'NONE',  ( -0.8660254037844384856, 0.5000000000000001110, 0.000000000000000000 ) ) ;
#2018 = CARTESIAN_POINT ( 'NONE',  ( -17.47107091965507664, 19.97746727992595339, -3.289509650440925803 ) ) ;
#2019 = EDGE_CURVE ( 'NONE', #4015, #1106, #13, .T. ) ;
#2020 = ADVANCED_FACE ( 'NONE', ( #1417 ), #3142, .F. ) ;
#2021 = AXIS2_PLACEMENT_3D ( 'NONE', #2952, #1190, #4046 ) ;
#2022 = ORIENTED_EDGE ( 'NONE', *, *, #1648, .T. ) ;
#2023 = CARTESIAN_POINT ( 'NONE',  ( 22.00000000000001421, 0.000000000000000000, 24.58578643762690064 ) ) ;
#2024 = DIRECTION ( 'NONE',  ( 5.782411586589358625E-17, -0.000000000000000000, 1.000000000000000000 ) ) ;
#2025 = CIRCLE ( 'NONE', #1663, 8.000000000000000000 ) ;
#2026 = CARTESIAN_POINT ( 'NONE',  ( -8.749999999999994671, 25.00000000000000000, 21.00000000000000355 ) ) ;
#2027 = ORIENTED_EDGE ( 'NONE', *, *, #756, .T. ) ;
#2028 = ORIENTED_EDGE ( 'NONE', *, *, #2960, .T. ) ;
#2029 = DIRECTION ( 'NONE',  ( -0.7071067811865493491, -0.7071067811865456854, -0.000000000000000000 ) ) ;
#2030 = CYLINDRICAL_SURFACE ( 'NONE', #754, 1.799999999999999600 ) ;
#2031 =( BOUNDED_CURVE ( )  B_SPLINE_CURVE ( 3, ( #3353, #1570, #545, #1626 ),
 .UNSPECIFIED., .F., .T. ) 
 B_SPLINE_CURVE_WITH_KNOTS ( ( 4, 4 ),
 ( 1.852276400025736125, 3.141592653589793116 ),
 .UNSPECIFIED. ) 
 CURVE ( )  GEOMETRIC_REPRESENTATION_ITEM ( )  RATIONAL_B_SPLINE_CURVE ( ( 1.000000000000000000, 0.8662035025903010999, 0.8662035025903010999, 1.000000000000000000 ) ) 
 REPRESENTATION_ITEM ( '' )  );
#2032 = VERTEX_POINT ( 'NONE', #1351 ) ;
#2033 = LINE ( 'NONE', #1942, #3911 ) ;
#2034 = ORIENTED_EDGE ( 'NONE', *, *, #3853, .T. ) ;
#2035 = AXIS2_PLACEMENT_3D ( 'NONE', #738, #1789, #808 ) ;
#2036 = LINE ( 'NONE', #658, #338 ) ;
#2037 = ORIENTED_EDGE ( 'NONE', *, *, #476, .T. ) ;
#2038 = DIRECTION ( 'NONE',  ( 0.000000000000000000, 0.000000000000000000, -1.000000000000000000 ) ) ;
#2039 = ADVANCED_FACE ( 'NONE', ( #2784 ), #4234, .F. ) ;
#2040 = DIRECTION ( 'NONE',  ( 0.000000000000000000, 0.7071067811865473507, -0.7071067811865475727 ) ) ;
#2041 = CARTESIAN_POINT ( 'NONE',  ( -24.99999999999999289, 16.00000000000000000, -5.463181128721338098 ) ) ;
#2042 = CARTESIAN_POINT ( 'NONE',  ( 23.83834258856007793, 21.00142959116857355, 4.583801262738355753 ) ) ;
#2043 = AXIS2_PLACEMENT_3D ( 'NONE', #486, #2843, #2910 ) ;
#2044 = CARTESIAN_POINT ( 'NONE',  ( -25.00000000000000000, 25.00000000000000000, -26.99999999999999645 ) ) ;
#2045 = ORIENTED_EDGE ( 'NONE', *, *, #2367, .F. ) ;
#2046 = EDGE_CURVE ( 'NONE', #3481, #1285, #2591, .T. ) ;
#2047 = DIRECTION ( 'NONE',  ( -1.000000000000000000, -0.000000000000000000, -5.782411586589358625E-17 ) ) ;
#2048 = CARTESIAN_POINT ( 'NONE',  ( -18.00667409058085866, 2.999999999999981792, -29.99999999999999289 ) ) ;
#2049 = AXIS2_PLACEMENT_3D ( 'NONE', #1312, #4238, #1006 ) ;
#2050 = CARTESIAN_POINT ( 'NONE',  ( 5.000000000000000888, 25.00000000000000000, 26.00000000000000711 ) ) ;
#2051 = AXIS2_PLACEMENT_3D ( 'NONE', #3966, #102, #3612 ) ;
#2052 = CARTESIAN_POINT ( 'NONE',  ( -10.00000000000000000, 8.000000000000000000, 13.00000000000000355 ) ) ;
#2053 = ORIENTED_EDGE ( 'NONE', *, *, #1095, .T. ) ;
#2054 = VERTEX_POINT ( 'NONE', #1821 ) ;
#2055 = CARTESIAN_POINT ( 'NONE',  ( -16.99999999999997868, 21.14285714285714590, 4.595916554898692219 ) ) ;
#2056 = CARTESIAN_POINT ( 'NONE',  ( -25.00000000000000000, 25.00000000000000000, -29.99999999999999289 ) ) ;
#2057 = VECTOR ( 'NONE', #969, 1000.000000000000000 ) ;
#2058 = CARTESIAN_POINT ( 'NONE',  ( 21.99999999999998579, 21.99095139045256175, -29.99999999999999289 ) ) ;
#2059 = CARTESIAN_POINT ( 'NONE',  ( 22.00000000000000711, 0.000000000000000000, -25.75735931288068770 ) ) ;
#2060 = ORIENTED_EDGE ( 'NONE', *, *, #3808, .F. ) ;
#2061 = CARTESIAN_POINT ( 'NONE',  ( -22.84807621135332312, 13.19134295108990784, 25.00000000000000355 ) ) ;
#2062 = AXIS2_PLACEMENT_3D ( 'NONE', #579, #3426, #4480 ) ;
#2063 = ORIENTED_EDGE ( 'NONE', *, *, #3200, .T. ) ;
#2064 = CYLINDRICAL_SURFACE ( 'NONE', #1294, 2.249999999999998668 ) ;
#2065 = CIRCLE ( 'NONE', #351, 3.500000000000002665 ) ;
#2066 = VERTEX_POINT ( 'NONE', #3261 ) ;
#2067 = DIRECTION ( 'NONE',  ( 0.000000000000000000, 1.000000000000000000, 0.000000000000000000 ) ) ;
#2068 = CARTESIAN_POINT ( 'NONE',  ( -22.98559021147540449, 20.17378831699430464, -3.753314910705120244 ) ) ;
#2069 = EDGE_CURVE ( 'NONE', #979, #2402, #461, .T. ) ;
#2070 = CARTESIAN_POINT ( 'NONE',  ( -26.99999999999998934, 0.000000000000000000, 25.00000000000000355 ) ) ;
#2071 = ORIENTED_EDGE ( 'NONE', *, *, #4438, .T. ) ;
#2072 = DIRECTION ( 'NONE',  ( -5.782411586589358625E-17, 0.000000000000000000, -1.000000000000000000 ) ) ;
#2073 = EDGE_CURVE ( 'NONE', #3851, #1977, #796, .T. ) ;
#2074 = CARTESIAN_POINT ( 'NONE',  ( 0.000000000000000000, 0.000000000000000000, 30.00000000000000711 ) ) ;
#2075 = LINE ( 'NONE', #4623, #785 ) ;
#2076 = EDGE_LOOP ( 'NONE', ( #2529, #3969, #3284, #4137, #2456, #3513, #862 ) ) ;
#2077 = EDGE_LOOP ( 'NONE', ( #2928, #919, #3384, #2554 ) ) ;
#2078 = FACE_OUTER_BOUND ( 'NONE', #1113, .T. ) ;
#2079 = DIRECTION ( 'NONE',  ( -1.000000000000000000, 0.000000000000000000, 0.000000000000000000 ) ) ;
#2080 = FACE_OUTER_BOUND ( 'NONE', #3664, .T. ) ;
#2081 = LINE ( 'NONE', #3169, #3490 ) ;
#2082 = VERTEX_POINT ( 'NONE', #3362 ) ;
#2083 = DIRECTION ( 'NONE',  ( -0.000000000000000000, 0.7071067811865474617, 0.7071067811865476838 ) ) ;
#2084 = ORIENTED_EDGE ( 'NONE', *, *, #423, .F. ) ;
#2085 = ADVANCED_FACE ( 'NONE', ( #743 ), #814, .F. ) ;
#2086 = PLANE ( 'NONE',  #3559 ) ;
#2087 = DIRECTION ( 'NONE',  ( 0.8660254037844383745, 0.5000000000000004441, 0.000000000000000000 ) ) ;
#2088 = ORIENTED_EDGE ( 'NONE', *, *, #2156, .T. ) ;
#2089 = CARTESIAN_POINT ( 'NONE',  ( -18.72756036319232464, 19.01450680955107231, -0.4749516075494924494 ) ) ;
#2090 = CARTESIAN_POINT ( 'NONE',  ( -17.13017763634420021, 20.50817435557435431, -3.983912553706800974 ) ) ;
#2091 = ORIENTED_EDGE ( 'NONE', *, *, #2268, .F. ) ;
#2092 = DIRECTION ( 'NONE',  ( -0.7071067811865456854, 0.7071067811865493491, 4.088782444488987841E-17 ) ) ;
#2093 = FACE_OUTER_BOUND ( 'NONE', #1937, .T. ) ;
#2094 = CARTESIAN_POINT ( 'NONE',  ( -21.99999999999998579, 0.000000000000000000, 24.00000000000000355 ) ) ;
#2095 = ORIENTED_EDGE ( 'NONE', *, *, #1131, .F. ) ;
#2096 = VERTEX_POINT ( 'NONE', #2609 ) ;
#2097 = DIRECTION ( 'NONE',  ( 1.734723475976807094E-16, -0.000000000000000000, 1.000000000000000000 ) ) ;
#2098 = DIRECTION ( 'NONE',  ( -1.000000000000000000, 0.000000000000000000, 0.000000000000000000 ) ) ;
#2099 = ADVANCED_FACE ( 'NONE', ( #2240 ), #1513, .F. ) ;
#2100 = DIRECTION ( 'NONE',  ( 1.000000000000000000, -0.000000000000000000, -5.782411586589358625E-17 ) ) ;
#2101 = AXIS2_PLACEMENT_3D ( 'NONE', #2834, #1379, #2504 ) ;
#2102 = CARTESIAN_POINT ( 'NONE',  ( 21.00000000000000355, 5.000000000000003553, -19.99999999999998934 ) ) ;
#2103 = ORIENTED_EDGE ( 'NONE', *, *, #1295, .F. ) ;
#2104 = CIRCLE ( 'NONE', #535, 1.499999999999999556 ) ;
#2105 = DIRECTION ( 'NONE',  ( -1.000000000000000000, -0.000000000000000000, 1.734723475976807094E-16 ) ) ;
#2106 = EDGE_CURVE ( 'NONE', #1229, #3080, #4410, .T. ) ;
#2107 = VECTOR ( 'NONE', #1319, 1000.000000000000000 ) ;
#2108 = ORIENTED_EDGE ( 'NONE', *, *, #4152, .F. ) ;
#2109 = ORIENTED_EDGE ( 'NONE', *, *, #1758, .F. ) ;
#2110 = AXIS2_PLACEMENT_3D ( 'NONE', #3366, #3387, #1896 ) ;
#2111 = CARTESIAN_POINT ( 'NONE',  ( -17.14164577600363160, 20.48163575129138891, 3.954178164222118763 ) ) ;
#2112 = CARTESIAN_POINT ( 'NONE',  ( -25.00000000000000000, 16.00000000000000000, -6.812463305075559639 ) ) ;
#2113 =( BOUNDED_CURVE ( )  B_SPLINE_CURVE ( 3, ( #218, #4136, #909, #4461 ),
 .UNSPECIFIED., .F., .T. ) 
 B_SPLINE_CURVE_WITH_KNOTS ( ( 4, 4 ),
 ( 0.000000000000000000, 3.141592653589793116 ),
 .UNSPECIFIED. ) 
 CURVE ( )  GEOMETRIC_REPRESENTATION_ITEM ( )  RATIONAL_B_SPLINE_CURVE ( ( 1.000000000000000000, 0.3333333333333333703, 0.3333333333333333703, 1.000000000000000000 ) ) 
 REPRESENTATION_ITEM ( '' )  );
#2114 = ORIENTED_EDGE ( 'NONE', *, *, #2268, .T. ) ;
#2115 = DIRECTION ( 'NONE',  ( -0.7071067811865456854, 0.7071067811865493491, 4.088782444488987841E-17 ) ) ;
#2116 = AXIS2_PLACEMENT_3D ( 'NONE', #2435, #2478, #3846 ) ;
#2117 = CARTESIAN_POINT ( 'NONE',  ( -25.00000000000000000, 25.00000000000000000, -29.99999999999999289 ) ) ;
#2118 = ORIENTED_EDGE ( 'NONE', *, *, #524, .F. ) ;
#2119 = VECTOR ( 'NONE', #2179, 1000.000000000000000 ) ;
#2120 = DIRECTION ( 'NONE',  ( -0.000000000000000000, -0.000000000000000000, 1.000000000000000000 ) ) ;
#2121 = DIRECTION ( 'NONE',  ( -0.000000000000000000, -0.000000000000000000, 1.000000000000000000 ) ) ;
#2122 = AXIS2_PLACEMENT_3D ( 'NONE', #1050, #1514, #2223 ) ;
#2123 = EDGE_CURVE ( 'NONE', #764, #620, #1485, .T. ) ;
#2124 = DIRECTION ( 'NONE',  ( 0.4999999999999995559, -0.8660254037844389297, 0.000000000000000000 ) ) ;
#2125 = EDGE_LOOP ( 'NONE', ( #2419, #2690, #540, #3008 ) ) ;
#2126 = CARTESIAN_POINT ( 'NONE',  ( 9.999999999999998224, 0.000000000000000000, 23.00000000000000711 ) ) ;
#2127 = ORIENTED_EDGE ( 'NONE', *, *, #2950, .F. ) ;
#2128 = CIRCLE ( 'NONE', #1452, 4.999999999999997335 ) ;
#2129 = CARTESIAN_POINT ( 'NONE',  ( -19.99999999999998934, 52.87867965644036872, 2.121320343559652155 ) ) ;
#2130 = CIRCLE ( 'NONE', #3421, 2.249999999999998668 ) ;
#2131 = EDGE_CURVE ( 'NONE', #4555, #4117, #4529, .T. ) ;
#2132 = ORIENTED_EDGE ( 'NONE', *, *, #312, .F. ) ;
#2133 = EDGE_LOOP ( 'NONE', ( #3087, #1139, #1666, #2726 ) ) ;
#2134 = CARTESIAN_POINT ( 'NONE',  ( -8.685471832259427316, 7.960955151856066614, 12.27498976453114210 ) ) ;
#2135 = AXIS2_PLACEMENT_3D ( 'NONE', #3227, #1428, #2863 ) ;
#2136 = EDGE_CURVE ( 'NONE', #3073, #3919, #3695, .T. ) ;
#2137 = ADVANCED_FACE ( 'NONE', ( #1866 ), #923, .T. ) ;
#2138 = DIRECTION ( 'NONE',  ( -1.000000000000000000, 0.000000000000000000, 0.000000000000000000 ) ) ;
#2139 = DIRECTION ( 'NONE',  ( 1.734723475976807094E-16, -1.000000000000000000, 0.000000000000000000 ) ) ;
#2140 = DIRECTION ( 'NONE',  ( -0.000000000000000000, -1.000000000000000000, -0.000000000000000000 ) ) ;
#2141 = EDGE_CURVE ( 'NONE', #2143, #3574, #1544, .T. ) ;
#2142 = CARTESIAN_POINT ( 'NONE',  ( 26.00000000000000711, 7.732050807568858097, 25.00000000000000355 ) ) ;
#2143 = VERTEX_POINT ( 'NONE', #836 ) ;
#2144 = CARTESIAN_POINT ( 'NONE',  ( -19.99999999999998934, 11.39271726867382029, -41.48596238776656264 ) ) ;
#2145 = CARTESIAN_POINT ( 'NONE',  ( 25.00000000000000000, 25.00000000000000000, -26.99999999999996803 ) ) ;
#2146 = DIRECTION ( 'NONE',  ( -1.000000000000000000, 0.000000000000000000, 0.000000000000000000 ) ) ;
#2147 = VERTEX_POINT ( 'NONE', #146 ) ;
#2148 = CARTESIAN_POINT ( 'NONE',  ( 25.99999999999998934, 6.938893903907228378E-15, 25.00000000000000355 ) ) ;
#2149 = ORIENTED_EDGE ( 'NONE', *, *, #1653, .F. ) ;
#2150 = FACE_OUTER_BOUND ( 'NONE', #1796, .T. ) ;
#2151 = EDGE_LOOP ( 'NONE', ( #2542, #2835, #2883, #160 ) ) ;
#2152 = CARTESIAN_POINT ( 'NONE',  ( -19.99999999999998934, 25.00000000000000000, 20.10050506338832932 ) ) ;
#2153 = VERTEX_POINT ( 'NONE', #3675 ) ;
#2154 = DIRECTION ( 'NONE',  ( 0.000000000000000000, -1.000000000000000000, -0.000000000000000000 ) ) ;
#2155 = DIRECTION ( 'NONE',  ( -1.000000000000000000, 0.000000000000000000, 0.000000000000000000 ) ) ;
#2156 = EDGE_CURVE ( 'NONE', #3425, #1037, #2483, .T. ) ;
#2157 = CARTESIAN_POINT ( 'NONE',  ( 21.00000000000000000, 5.000000000000004441, -15.00000000000000000 ) ) ;
#2158 = ORIENTED_EDGE ( 'NONE', *, *, #1502, .F. ) ;
#2159 = EDGE_CURVE ( 'NONE', #306, #1037, #422, .T. ) ;
#2160 = CARTESIAN_POINT ( 'NONE',  ( -19.99999999999998934, 51.46446609406726935, 3.535533905932749299 ) ) ;
#2161 = DIRECTION ( 'NONE',  ( 0.8660254037844383745, 0.5000000000000004441, 0.000000000000000000 ) ) ;
#2162 = CARTESIAN_POINT ( 'NONE',  ( 25.00000000000000000, 16.00000000000000355, -3.548225028267374181 ) ) ;
#2163 = CARTESIAN_POINT ( 'NONE',  ( 18.10548357903859795, 19.40192356707739307, 2.169167088030234503 ) ) ;
#2164 = ORIENTED_EDGE ( 'NONE', *, *, #3655, .T. ) ;
#2165 = EDGE_CURVE ( 'NONE', #1292, #4008, #2211, .T. ) ;
#2166 = DIRECTION ( 'NONE',  ( 0.000000000000000000, 0.000000000000000000, 1.000000000000000000 ) ) ;
#2167 = FACE_OUTER_BOUND ( 'NONE', #49, .T. ) ;
#2168 = VERTEX_POINT ( 'NONE', #2606 ) ;
#2169 = DIRECTION ( 'NONE',  ( -0.000000000000000000, 0.000000000000000000, 1.000000000000000000 ) ) ;
#2170 = CARTESIAN_POINT ( 'NONE',  ( 16.00000000000000355, 25.00000000000000000, -25.75735931288073033 ) ) ;
#2171 = AXIS2_PLACEMENT_3D ( 'NONE', #2959, #159, #2303 ) ;
#2172 = CIRCLE ( 'NONE', #1195, 1.500000000000001332 ) ;
#2173 = ORIENTED_EDGE ( 'NONE', *, *, #2323, .T. ) ;
#2174 = DIRECTION ( 'NONE',  ( 0.000000000000000000, -0.7071067811865474617, 0.7071067811865476838 ) ) ;
#2175 = ORIENTED_EDGE ( 'NONE', *, *, #2842, .F. ) ;
#2176 = DIRECTION ( 'NONE',  ( -0.8660254037844388186, -0.4999999999999997780, 0.000000000000000000 ) ) ;
#2177 = VECTOR ( 'NONE', #3289, 1000.000000000000000 ) ;
#2178 = AXIS2_PLACEMENT_3D ( 'NONE', #325, #2115, #3835 ) ;
#2179 = DIRECTION ( 'NONE',  ( -0.000000000000000000, -1.000000000000000000, -0.000000000000000000 ) ) ;
#2180 = EDGE_CURVE ( 'NONE', #4435, #1285, #3427, .T. ) ;
#2181 = ORIENTED_EDGE ( 'NONE', *, *, #34, .F. ) ;
#2182 = ORIENTED_EDGE ( 'NONE', *, *, #2605, .F. ) ;
#2183 = DIRECTION ( 'NONE',  ( -0.000000000000000000, -1.000000000000000000, -0.000000000000000000 ) ) ;
#2184 = CARTESIAN_POINT ( 'NONE',  ( 21.00000000000000000, 5.000000000000004441, 20.00000000000000355 ) ) ;
#2185 = VECTOR ( 'NONE', #4126, 1000.000000000000000 ) ;
#2186 = LINE ( 'NONE', #1812, #1669 ) ;
#2187 = ORIENTED_EDGE ( 'NONE', *, *, #484, .T. ) ;
#2188 = DIRECTION ( 'NONE',  ( 0.000000000000000000, 0.7071067811865474617, 0.7071067811865476838 ) ) ;
#2189 = DIRECTION ( 'NONE',  ( -0.000000000000000000, -1.000000000000000000, -0.000000000000000000 ) ) ;
#2190 = CIRCLE ( 'NONE', #40, 1.799999999999999600 ) ;
#2191 = EDGE_CURVE ( 'NONE', #282, #2896, #4081, .T. ) ;
#2192 = EDGE_CURVE ( 'NONE', #1122, #1403, #1409, .T. ) ;
#2193 = DIRECTION ( 'NONE',  ( 1.000000000000000000, -0.000000000000000000, -5.782411586589358625E-17 ) ) ;
#2194 = CARTESIAN_POINT ( 'NONE',  ( -26.99999999999998934, 0.000000000000000000, 25.00000000000000355 ) ) ;
#2195 = ORIENTED_EDGE ( 'NONE', *, *, #2370, .F. ) ;
#2196 = DIRECTION ( 'NONE',  ( -0.7071067811865473507, 0.7071067811865477948, -4.088782444488997702E-17 ) ) ;
#2197 = CIRCLE ( 'NONE', #3258, 6.000000000000000888 ) ;
#2198 = DIRECTION ( 'NONE',  ( 0.000000000000000000, 0.7071067811865474617, 0.7071067811865476838 ) ) ;
#2199 = ORIENTED_EDGE ( 'NONE', *, *, #1592, .F. ) ;
#2200 = LINE ( 'NONE', #3316, #2623 ) ;
#2201 = VECTOR ( 'NONE', #3699, 1000.000000000000000 ) ;
#2202 = ORIENTED_EDGE ( 'NONE', *, *, #3913, .F. ) ;
#2203 = CARTESIAN_POINT ( 'NONE',  ( 24.60000000000000853, 4.282748532117874873, -27.39999999999997371 ) ) ;
#2204 = CARTESIAN_POINT ( 'NONE',  ( 20.00000000000001066, 8.917843534520903503, -39.01108865361364764 ) ) ;
#2205 = AXIS2_PLACEMENT_3D ( 'NONE', #307, #1771, #651 ) ;
#2206 = VERTEX_POINT ( 'NONE', #2886 ) ;
#2207 = ORIENTED_EDGE ( 'NONE', *, *, #1785, .T. ) ;
#2208 = AXIS2_PLACEMENT_3D ( 'NONE', #3002, #156, #2626 ) ;
#2209 = CARTESIAN_POINT ( 'NONE',  ( 25.00000000000000000, 16.00000000000000355, -15.00000000000000178 ) ) ;
#2210 = DIRECTION ( 'NONE',  ( 0.000000000000000000, -0.7071067811865474617, -0.7071067811865474617 ) ) ;
#2211 =( BOUNDED_CURVE ( )  B_SPLINE_CURVE ( 3, ( #1464, #2895, #2331, #3337 ),
 .UNSPECIFIED., .F., .T. ) 
 B_SPLINE_CURVE_WITH_KNOTS ( ( 4, 4 ),
 ( 4.712388980384688786, 6.283185307179586232 ),
 .UNSPECIFIED. ) 
 CURVE ( )  GEOMETRIC_REPRESENTATION_ITEM ( )  RATIONAL_B_SPLINE_CURVE ( ( 1.000000000000000000, 0.8047378541243648264, 0.8047378541243648264, 1.000000000000000000 ) ) 
 REPRESENTATION_ITEM ( '' )  );
#2212 = EDGE_CURVE ( 'NONE', #1635, #607, #3301, .T. ) ;
#2213 = CARTESIAN_POINT ( 'NONE',  ( 17.00000000000000355, 20.96251133710079273, -4.444560556986291822 ) ) ;
#2214 = CARTESIAN_POINT ( 'NONE',  ( -21.00000000000000000, 4.999999999999995559, -19.99999999999998934 ) ) ;
#2215 = ORIENTED_EDGE ( 'NONE', *, *, #2848, .T. ) ;
#2216 = CARTESIAN_POINT ( 'NONE',  ( 11.70710678118649462, -11.70710678118655501, 24.00000000000000355 ) ) ;
#2217 = EDGE_CURVE ( 'NONE', #4008, #4226, #4005, .T. ) ;
#2218 = DIRECTION ( 'NONE',  ( -1.000000000000000000, -0.000000000000000000, 1.734723475976807587E-16 ) ) ;
#2219 = CARTESIAN_POINT ( 'NONE',  ( -19.99999999999998934, 18.98959235991435790, 23.98959235991435435 ) ) ;
#2220 = ORIENTED_EDGE ( 'NONE', *, *, #2787, .T. ) ;
#2221 = DIRECTION ( 'NONE',  ( 1.000000000000000000, 0.000000000000000000, 0.000000000000000000 ) ) ;
#2222 = ADVANCED_FACE ( 'NONE', ( #88 ), #2582, .F. ) ;
#2223 = DIRECTION ( 'NONE',  ( -1.000000000000000000, 0.000000000000000000, 0.000000000000000000 ) ) ;
#2224 = ORIENTED_EDGE ( 'NONE', *, *, #2522, .T. ) ;
#2225 = CARTESIAN_POINT ( 'NONE',  ( 20.00000000000001066, 21.46446609406727291, 26.46446609406726935 ) ) ;
#2226 = ORIENTED_EDGE ( 'NONE', *, *, #2950, .T. ) ;
#2227 = ADVANCED_FACE ( 'NONE', ( #4477, #4049 ), #2324, .T. ) ;
#2228 = CARTESIAN_POINT ( 'NONE',  ( 21.99999999999998579, 13.86691298581655118, -29.99999999999999289 ) ) ;
#2229 = DIRECTION ( 'NONE',  ( 0.000000000000000000, -0.7071067811865479058, 0.7071067811865471286 ) ) ;
#2230 = EDGE_LOOP ( 'NONE', ( #669, #179, #3994, #235 ) ) ;
#2231 = ORIENTED_EDGE ( 'NONE', *, *, #3432, .F. ) ;
#2232 = DIRECTION ( 'NONE',  ( 0.000000000000000000, 0.000000000000000000, -1.000000000000000000 ) ) ;
#2233 = LINE ( 'NONE', #3666, #4591 ) ;
#2234 = FACE_OUTER_BOUND ( 'NONE', #1851, .T. ) ;
#2235 = DIRECTION ( 'NONE',  ( 1.000000000000000000, 0.000000000000000000, 0.000000000000000000 ) ) ;
#2236 = ORIENTED_EDGE ( 'NONE', *, *, #3075, .T. ) ;
#2237 = CARTESIAN_POINT ( 'NONE',  ( 9.999999999999998224, 8.000000000000000000, 21.50000000000000355 ) ) ;
#2238 = DIRECTION ( 'NONE',  ( -3.321935142255503394E-16, 0.7659860924831148887, 0.6428571428571427937 ) ) ;
#2239 = ORIENTED_EDGE ( 'NONE', *, *, #2242, .F. ) ;
#2240 = FACE_OUTER_BOUND ( 'NONE', #1776, .T. ) ;
#2241 = ORIENTED_EDGE ( 'NONE', *, *, #287, .F. ) ;
#2242 = EDGE_CURVE ( 'NONE', #3804, #2988, #3926, .T. ) ;
#2243 = VERTEX_POINT ( 'NONE', #4104 ) ;
#2244 = CARTESIAN_POINT ( 'NONE',  ( 22.00000000000000711, 0.000000000000000000, -1.272130549049659193E-15 ) ) ;
#2245 = CARTESIAN_POINT ( 'NONE',  ( -10.00000000000000178, 8.000000000000000000, 24.50000000000000355 ) ) ;
#2246 = EDGE_CURVE ( 'NONE', #655, #3199, #2957, .T. ) ;
#2247 = ORIENTED_EDGE ( 'NONE', *, *, #1441, .T. ) ;
#2248 = AXIS2_PLACEMENT_3D ( 'NONE', #4163, #1231, #560 ) ;
#2249 = CARTESIAN_POINT ( 'NONE',  ( 17.50000000000000355, 2.979274057836316825, 23.00000000000000711 ) ) ;
#2250 = CARTESIAN_POINT ( 'NONE',  ( 20.00000000000001066, 51.46446609406726935, 3.535533905932749299 ) ) ;
#2251 = CARTESIAN_POINT ( 'NONE',  ( 21.00000000000000711, 0.9585481156726252117, 30.00000000000000711 ) ) ;
#2252 = AXIS2_PLACEMENT_3D ( 'NONE', #3690, #4028, #386 ) ;
#2253 = CARTESIAN_POINT ( 'NONE',  ( 25.00000000000000355, 2.999999999999981792, 20.00000000000000355 ) ) ;
#2254 = DIRECTION ( 'NONE',  ( 5.782411586589358625E-17, -0.000000000000000000, 1.000000000000000000 ) ) ;
#2255 = CARTESIAN_POINT ( 'NONE',  ( 8.685471832259489489, 7.960955151856090595, 12.27498976453116697 ) ) ;
#2256 = AXIS2_PLACEMENT_3D ( 'NONE', #1803, #1830, #380 ) ;
#2257 = CARTESIAN_POINT ( 'NONE',  ( 20.40859859593160408, -0.8419828528814652380, -26.15801714711852455 ) ) ;
#2258 = ORIENTED_EDGE ( 'NONE', *, *, #2420, .F. ) ;
#2259 = CARTESIAN_POINT ( 'NONE',  ( 21.00000000000000355, 5.000000000000003553, -19.99999999999998934 ) ) ;
#2260 = ADVANCED_FACE ( 'NONE', ( #4030 ), #807, .T. ) ;
#2261 = AXIS2_PLACEMENT_3D ( 'NONE', #311, #2083, #3239 ) ;
#2262 = VERTEX_POINT ( 'NONE', #899 ) ;
#2263 = CARTESIAN_POINT ( 'NONE',  ( 0.000000000000000000, 25.00000000000000000, 31.00000000000000355 ) ) ;
#2264 = EDGE_LOOP ( 'NONE', ( #2635, #3517, #2281, #4499 ) ) ;
#2265 = AXIS2_PLACEMENT_3D ( 'NONE', #2369, #3849, #4277 ) ;
#2266 = DIRECTION ( 'NONE',  ( 0.000000000000000000, 0.000000000000000000, -1.000000000000000000 ) ) ;
#2267 = DIRECTION ( 'NONE',  ( 0.000000000000000000, 0.7071067811865474617, -0.7071067811865475727 ) ) ;
#2268 = EDGE_CURVE ( 'NONE', #3902, #3570, #854, .T. ) ;
#2269 = CIRCLE ( 'NONE', #2646, 6.000000000000000888 ) ;
#2270 = VERTEX_POINT ( 'NONE', #3396 ) ;
#2271 = CYLINDRICAL_SURFACE ( 'NONE', #2543, 2.000000000000003109 ) ;
#2272 = DIRECTION ( 'NONE',  ( 0.000000000000000000, -1.000000000000000000, 0.000000000000000000 ) ) ;
#2273 = CARTESIAN_POINT ( 'NONE',  ( -24.99999999999999289, 16.00000000000000000, 6.815783894109756602 ) ) ;
#2274 = ADVANCED_FACE ( 'NONE', ( #2234 ), #3355, .F. ) ;
#2275 = CIRCLE ( 'NONE', #346, 3.500000000000002665 ) ;
#2276 = ADVANCED_FACE ( 'NONE', ( #827 ), #3762, .F. ) ;
#2277 = CARTESIAN_POINT ( 'NONE',  ( 23.08355841262946839, 20.32564918901689310, 3.945672848239819785 ) ) ;
#2278 = DIRECTION ( 'NONE',  ( -1.000000000000000000, 0.000000000000000000, -0.000000000000000000 ) ) ;
#2279 = PLANE ( 'NONE',  #988 ) ;
#2280 = AXIS2_PLACEMENT_3D ( 'NONE', #2214, #1769, #436 ) ;
#2281 = ORIENTED_EDGE ( 'NONE', *, *, #3056, .F. ) ;
#2282 = DIRECTION ( 'NONE',  ( -0.000000000000000000, -0.000000000000000000, 1.000000000000000000 ) ) ;
#2283 = CYLINDRICAL_SURFACE ( 'NONE', #4364, 3.250000000000000000 ) ;
#2284 = EDGE_CURVE ( 'NONE', #1543, #2054, #3667, .T. ) ;
#2285 = CIRCLE ( 'NONE', #2208, 3.599999999999999201 ) ;
#2286 = CARTESIAN_POINT ( 'NONE',  ( 22.83235340672606739, 19.88401429566536294, -3.317444651379056975 ) ) ;
#2287 = CARTESIAN_POINT ( 'NONE',  ( 21.00000000000000000, 5.000000000000004441, 23.00000000000000711 ) ) ;
#2288 = ORIENTED_EDGE ( 'NONE', *, *, #416, .T. ) ;
#2289 = ORIENTED_EDGE ( 'NONE', *, *, #3234, .F. ) ;
#2290 = CARTESIAN_POINT ( 'NONE',  ( 6.150802920991103484, 20.25827082095294784, 20.46212608964722790 ) ) ;
#2291 = ORIENTED_EDGE ( 'NONE', *, *, #248, .T. ) ;
#2292 = DIRECTION ( 'NONE',  ( 1.000000000000000000, 0.000000000000000000, -1.734723475976807587E-16 ) ) ;
#2293 = VERTEX_POINT ( 'NONE', #3691 ) ;
#2294 = CARTESIAN_POINT ( 'NONE',  ( 20.00000000000001066, 50.09687509124053406, -4.996370027852210960 ) ) ;
#2295 = CARTESIAN_POINT ( 'NONE',  ( -19.99999999999998934, 12.97918471982872646, -29.99999999999999289 ) ) ;
#2296 = ORIENTED_EDGE ( 'NONE', *, *, #1295, .T. ) ;
#2297 = CARTESIAN_POINT ( 'NONE',  ( -17.40000000000000213, 4.999999999999996447, -19.99999999999998934 ) ) ;
#2298 = EDGE_CURVE ( 'NONE', #242, #4278, #399, .T. ) ;
#2299 = CARTESIAN_POINT ( 'NONE',  ( 26.99999999999998934, 0.000000000000000000, 25.00000000000000355 ) ) ;
#2300 = CARTESIAN_POINT ( 'NONE',  ( -18.11960359028859102, 19.39160660350530918, 2.143147790219571025 ) ) ;
#2301 = DIRECTION ( 'NONE',  ( -0.7071067811865493491, -0.7071067811865456854, 4.088782444489009411E-17 ) ) ;
#2302 = EDGE_CURVE ( 'NONE', #4417, #4282, #503, .T. ) ;
#2303 = DIRECTION ( 'NONE',  ( 2.312964634635742957E-16, 0.000000000000000000, 1.000000000000000000 ) ) ;
#2304 = VERTEX_POINT ( 'NONE', #158 ) ;
#2305 = ADVANCED_FACE ( 'NONE', ( #1573 ), #3006, .F. ) ;
#2306 = CARTESIAN_POINT ( 'NONE',  ( 25.99999999999998934, 1.000000000000007105, 30.00000000000000711 ) ) ;
#2307 = PLANE ( 'NONE',  #2399 ) ;
#2308 = EDGE_CURVE ( 'NONE', #914, #755, #3774, .T. ) ;
#2309 = CARTESIAN_POINT ( 'NONE',  ( 25.00000000000000000, 16.00000000000000355, -5.000678177254060053 ) ) ;
#2310 = CYLINDRICAL_SURFACE ( 'NONE', #1080, 4.000000000000000000 ) ;
#2311 = ORIENTED_EDGE ( 'NONE', *, *, #2481, .T. ) ;
#2312 = EDGE_LOOP ( 'NONE', ( #3864, #2677, #1605, #511 ) ) ;
#2313 = CARTESIAN_POINT ( 'NONE',  ( -5.824630716932683860, 19.88142432898984424, 20.36762979226187653 ) ) ;
#2314 = DIRECTION ( 'NONE',  ( -0.000000000000000000, -1.000000000000000000, -0.000000000000000000 ) ) ;
#2315 = ORIENTED_EDGE ( 'NONE', *, *, #3944, .T. ) ;
#2316 = DIRECTION ( 'NONE',  ( 1.652117596168387756E-16, 0.000000000000000000, 1.000000000000000000 ) ) ;
#2317 = VERTEX_POINT ( 'NONE', #2443 ) ;
#2318 = DIRECTION ( 'NONE',  ( -1.000000000000000000, 0.000000000000000000, 0.000000000000000000 ) ) ;
#2319 = DIRECTION ( 'NONE',  ( 0.000000000000000000, -1.000000000000000000, 0.000000000000000000 ) ) ;
#2320 = VERTEX_POINT ( 'NONE', #3830 ) ;
#2321 = CARTESIAN_POINT ( 'NONE',  ( 21.34408512719862472, 1.416481418320721275, -28.41648141832072127 ) ) ;
#2322 = CARTESIAN_POINT ( 'NONE',  ( -17.67973559864710964, 19.75462137622007219, 2.921050240298911582 ) ) ;
#2323 = EDGE_CURVE ( 'NONE', #937, #4112, #3129, .T. ) ;
#2324 = PLANE ( 'NONE',  #1890 ) ;
#2325 = CYLINDRICAL_SURFACE ( 'NONE', #2171, 7.500000000000000000 ) ;
#2326 = EDGE_LOOP ( 'NONE', ( #3154, #3368, #953, #2770 ) ) ;
#2327 = DIRECTION ( 'NONE',  ( -0.000000000000000000, 0.000000000000000000, 1.000000000000000000 ) ) ;
#2328 = VECTOR ( 'NONE', #4437, 1000.000000000000000 ) ;
#2329 = AXIS2_PLACEMENT_3D ( 'NONE', #1579, #3010, #3445 ) ;
#2330 = EDGE_CURVE ( 'NONE', #566, #1111, #2001, .T. ) ;
#2331 = CARTESIAN_POINT ( 'NONE',  ( 25.00000000000000355, 9.464101615137739287, 24.58578643762690419 ) ) ;
#2332 = DIRECTION ( 'NONE',  ( 0.000000000000000000, 0.000000000000000000, -1.000000000000000000 ) ) ;
#2333 = EDGE_LOOP ( 'NONE', ( #1412, #2247, #3770, #2173, #971, #636 ) ) ;
#2334 = CIRCLE ( 'NONE', #462, 2.249999999999998668 ) ;
#2335 = VERTEX_POINT ( 'NONE', #2418 ) ;
#2336 = CARTESIAN_POINT ( 'NONE',  ( -6.297327100030794433, 20.47563111850315565, 20.50794993496560181 ) ) ;
#2337 = DIRECTION ( 'NONE',  ( 0.000000000000000000, -0.7071067811865473507, -0.7071067811865477948 ) ) ;
#2338 = EDGE_CURVE ( 'NONE', #4613, #2389, #644, .T. ) ;
#2339 = ORIENTED_EDGE ( 'NONE', *, *, #3295, .T. ) ;
#2340 = FACE_BOUND ( 'NONE', #2555, .T. ) ;
#2341 = ORIENTED_EDGE ( 'NONE', *, *, #3016, .F. ) ;
#2342 = CARTESIAN_POINT ( 'NONE',  ( 25.00000000000000000, 2.999999999999981792, -26.99999999999996803 ) ) ;
#2343 = VECTOR ( 'NONE', #125, 1000.000000000000000 ) ;
#2344 = CARTESIAN_POINT ( 'NONE',  ( -24.50000000000000711, 2.979274057836319489, 23.00000000000000711 ) ) ;
#2345 = AXIS2_PLACEMENT_3D ( 'NONE', #3527, #613, #980 ) ;
#2346 = CARTESIAN_POINT ( 'NONE',  ( -19.99999999999998934, 25.00000000000000000, 20.10050506338832932 ) ) ;
#2347 = PLANE ( 'NONE',  #3640 ) ;
#2348 = CARTESIAN_POINT ( 'NONE',  ( -24.99999999999999645, 16.00000000000000000, -3.547710893153566580 ) ) ;
#2349 = VECTOR ( 'NONE', #2193, 1000.000000000000000 ) ;
#2350 = DIRECTION ( 'NONE',  ( 1.000000000000000000, 0.000000000000000000, -1.734723475976807094E-16 ) ) ;
#2351 = ORIENTED_EDGE ( 'NONE', *, *, #3913, .T. ) ;
#2352 = CIRCLE ( 'NONE', #2280, 3.599999999999999201 ) ;
#2353 = CARTESIAN_POINT ( 'NONE',  ( 9.999999999999998224, 8.000000000000000000, 24.50000000000000711 ) ) ;
#2354 = DIRECTION ( 'NONE',  ( 1.734723475976807094E-16, 0.000000000000000000, 1.000000000000000000 ) ) ;
#2355 = ADVANCED_FACE ( 'NONE', ( #3512 ), #2364, .T. ) ;
#2356 = CIRCLE ( 'NONE', #2205, 5.000000000000000888 ) ;
#2357 = DIRECTION ( 'NONE',  ( 0.000000000000000000, -1.000000000000000000, -2.168404344971008868E-16 ) ) ;
#2358 = EDGE_LOOP ( 'NONE', ( #2458, #1519, #4300, #2195 ) ) ;
#2359 = VERTEX_POINT ( 'NONE', #1079 ) ;
#2360 = FACE_OUTER_BOUND ( 'NONE', #2684, .T. ) ;
#2361 = CARTESIAN_POINT ( 'NONE',  ( 17.50000000000000355, 7.020725942163693389, 23.00000000000000711 ) ) ;
#2362 = VECTOR ( 'NONE', #2047, 1000.000000000000000 ) ;
#2363 = EDGE_CURVE ( 'NONE', #4368, #2988, #3956, .T. ) ;
#2364 =( BOUNDED_SURFACE ( )  B_SPLINE_SURFACE ( 3, 2, ( 
 ( #299, #1720, #3153 ),
 ( #1650, #2699, #4153 ),
 ( #3012, #4407, #1177 ),
 ( #1958, #2986, #143 ),
 ( #1610, #1227, #215 ),
 ( #4109, #4455, #2965 ),
 ( #859, #1632, #122 ),
 ( #4426, #3742, #1560 ),
 ( #3720, #1541, #1202 ),
 ( #3697, #2286, #508 ),
 ( #882, #3039, #2309 ),
 ( #1250, #2681, #4131 ),
 ( #903, #114, #2162 ),
 ( #1503, #1810, #1532 ),
 ( #4335, #434, #2932 ),
 ( #2956, #3033, #575 ),
 ( #523, #4519, #595 ),
 ( #3442, #874, #547 ),
 ( #3395, #251, #2652 ),
 ( #4497, #183, #4475 ),
 ( #851, #228, #2674 ),
 ( #2724, #1649, #898 ),
 ( #3760, #1927, #1289 ),
 ( #1193, #947, #3807 ),
 ( #4075, #2277, #3372 ),
 ( #1572, #4448, #3004 ),
 ( #684, #710, #1674 ),
 ( #3878, #2042, #3103 ),
 ( #3489, #4562, #1336 ),
 ( #2768, #986, #2416 ),
 ( #3855, #3662, #381 ),
 ( #2927, #108, #2881 ) ),
 .UNSPECIFIED., .F., .F., .T. ) 
 B_SPLINE_SURFACE_WITH_KNOTS ( ( 4, 2, 2, 2, 2, 2, 2, 2, 2, 2, 2, 2, 2, 2, 2, 4 ),
 ( 3, 3 ),
 ( 0.01322639321673903419, 0.01477060382883747802, 0.01631481444093592012, 0.01785902505303436222, 0.01940323566513280779, 0.02094744627723125335, 0.02249165688932969545, 0.02403586750142813755, 0.02558007811352658312, 0.02866849933772347078, 0.03021270994982191288, 0.03175692056192035845, 0.03330113117401879708, 0.03484534178611724264, 0.03638955239821568821, 0.03793376301031413378 ),
 ( 0.000000000000000000, 1.000000000000000000 ),
 .UNSPECIFIED. ) 
 GEOMETRIC_REPRESENTATION_ITEM ( )  RATIONAL_B_SPLINE_SURFACE ( (
 ( 1.000000000000000000, 0.7071067811865477948, 1.000000000000000000),
 ( 1.000000000000000000, 0.7184057020197458510, 1.000000000000000000),
 ( 1.000000000000000000, 0.7302540469817609958, 1.000000000000000000),
 ( 1.000000000000000000, 0.7541508185394821817, 1.000000000000000000),
 ( 1.000000000000000000, 0.7661985061107611239, 1.000000000000000000),
 ( 1.000000000000000000, 0.7897963291595092583, 1.000000000000000000),
 ( 1.000000000000000000, 0.8012540753914960678, 1.000000000000000000),
 ( 1.000000000000000000, 0.8226788485026189646, 1.000000000000000000),
 ( 1.000000000000000000, 0.8327089040954891441, 1.000000000000000000),
 ( 1.000000000000000000, 0.8510940020066743994, 1.000000000000000000),
 ( 1.000000000000000000, 0.8594514296013345822, 1.000000000000000000),
 ( 1.000000000000000000, 0.8741993033538429936, 1.000000000000000000),
 ( 1.000000000000000000, 0.8805698378827040429, 1.000000000000000000),
 ( 1.000000000000000000, 0.8908108114781791986, 1.000000000000000000),
 ( 1.000000000000000000, 0.8947308550884426337, 1.000000000000000000),
 ( 1.000000000000000000, 0.9000208668053282235, 1.000000000000000000),
 ( 1.000000000000000000, 0.9013902899416271763, 1.000000000000000000),
 ( 1.000000000000000000, 0.9013828665843702792, 1.000000000000000000),
 ( 1.000000000000000000, 0.8959669332436559497, 1.000000000000000000),
 ( 1.000000000000000000, 0.8805779915697841131, 1.000000000000000000),
 ( 1.000000000000000000, 0.8741925014311745512, 1.000000000000000000),
 ( 1.000000000000000000, 0.8594926254881382066, 1.000000000000000000),
 ( 1.000000000000000000, 0.8511555449035347332, 1.000000000000000000),
 ( 1.000000000000000000, 0.8327893099104628494, 1.000000000000000000),
 ( 1.000000000000000000, 0.8227578037483807005, 1.000000000000000000),
 ( 1.000000000000000000, 0.8012968750826076070, 1.000000000000000000),
 ( 1.000000000000000000, 0.7897899962914034511, 1.000000000000000000),
 ( 1.000000000000000000, 0.7662686402039760036, 1.000000000000000000),
 ( 1.000000000000000000, 0.7542402985009102334, 1.000000000000000000),
 ( 1.000000000000000000, 0.7303340186793960687, 1.000000000000000000),
 ( 1.000000000000000000, 0.7184567136531946341, 1.000000000000000000),
 ( 1.000000000000000000, 0.7071067811865233699, 1.000000000000000000) ) ) 
 REPRESENTATION_ITEM ( '' )  SURFACE ( )  );
#2365 = EDGE_LOOP ( 'NONE', ( #2810, #3291, #3141, #3751, #4564, #4403, #2739, #3800 ) ) ;
#2366 = CARTESIAN_POINT ( 'NONE',  ( -24.99999999999999289, 9.464101615137758827, 25.00000000000000355 ) ) ;
#2367 = EDGE_CURVE ( 'NONE', #3099, #674, #2948, .T. ) ;
#2368 = VERTEX_POINT ( 'NONE', #3998 ) ;
#2369 = CARTESIAN_POINT ( 'NONE',  ( 25.00000000000000000, 25.00000000000000000, -29.99999999999999289 ) ) ;
#2370 = EDGE_CURVE ( 'NONE', #2479, #3538, #190, .T. ) ;
#2371 = EDGE_LOOP ( 'NONE', ( #3064, #4459, #2569, #1015, #3041, #4192, #2132, #2858, #2003, #1800, #3638, #2149, #2465, #2826, #68, #3308, #363 ) ) ;
#2372 = CYLINDRICAL_SURFACE ( 'NONE', #1952, 1.000000000000000888 ) ;
#2373 = CARTESIAN_POINT ( 'NONE',  ( -18.65936296154098883, 19.04894218276123752, -0.8808034649558602602 ) ) ;
#2374 = DIRECTION ( 'NONE',  ( 0.7071067811865477948, 0.7071067811865472397, -1.226634733346699804E-16 ) ) ;
#2375 = ORIENTED_EDGE ( 'NONE', *, *, #705, .T. ) ;
#2376 = CARTESIAN_POINT ( 'NONE',  ( -12.99999999999999822, 25.00000000000000355, 2.255140518769849223E-15 ) ) ;
#2377 = DIRECTION ( 'NONE',  ( -1.000000000000000000, 0.000000000000000000, -0.000000000000000000 ) ) ;
#2378 = CARTESIAN_POINT ( 'NONE',  ( 15.00000000000000000, 10.00000000000000000, -18.40568056140707753 ) ) ;
#2379 = CARTESIAN_POINT ( 'NONE',  ( 13.00000000000000355, 25.00000000000000000, 7.499999999999997335 ) ) ;
#2380 = ORIENTED_EDGE ( 'NONE', *, *, #3802, .F. ) ;
#2381 = VERTEX_POINT ( 'NONE', #4396 ) ;
#2382 = CYLINDRICAL_SURFACE ( 'NONE', #3349, 1.499999999999999556 ) ;
#2383 = DIRECTION ( 'NONE',  ( 0.000000000000000000, 0.000000000000000000, -1.000000000000000000 ) ) ;
#2384 = DIRECTION ( 'NONE',  ( 0.000000000000000000, -0.7071067811865474617, -0.7071067811865476838 ) ) ;
#2385 = ADVANCED_FACE ( 'NONE', ( #1144 ), #4305, .F. ) ;
#2386 = FACE_OUTER_BOUND ( 'NONE', #940, .T. ) ;
#2387 = ORIENTED_EDGE ( 'NONE', *, *, #1850, .T. ) ;
#2388 = CARTESIAN_POINT ( 'NONE',  ( -8.749999999999996447, 25.00000000000000000, 7.500000000000001776 ) ) ;
#2389 = VERTEX_POINT ( 'NONE', #1783 ) ;
#2390 = DIRECTION ( 'NONE',  ( 0.000000000000000000, 0.7071067811865474617, 0.7071067811865476838 ) ) ;
#2391 = ORIENTED_EDGE ( 'NONE', *, *, #966, .F. ) ;
#2392 = DIRECTION ( 'NONE',  ( 0.000000000000000000, 0.000000000000000000, 1.000000000000000000 ) ) ;
#2393 = PLANE ( 'NONE',  #1383 ) ;
#2394 = CARTESIAN_POINT ( 'NONE',  ( -24.99999999999999645, 16.00000000000000000, -4.998119575105173240 ) ) ;
#2395 = EDGE_CURVE ( 'NONE', #819, #3902, #4329, .T. ) ;
#2396 = CARTESIAN_POINT ( 'NONE',  ( 8.750000000000003553, 25.00000000000000000, 1.951563910473907587E-15 ) ) ;
#2397 = AXIS2_PLACEMENT_3D ( 'NONE', #1381, #2790, #3487 ) ;
#2398 = CARTESIAN_POINT ( 'NONE',  ( -14.00000000000000178, -1.898202538678397557E-15, 20.00000000000000355 ) ) ;
#2399 = AXIS2_PLACEMENT_3D ( 'NONE', #4108, #2377, #2000 ) ;
#2400 = CARTESIAN_POINT ( 'NONE',  ( -21.99999999999998934, 0.000000000000000000, 24.58578643762690419 ) ) ;
#2401 = VERTEX_POINT ( 'NONE', #802 ) ;
#2402 = VERTEX_POINT ( 'NONE', #4024 ) ;
#2403 = CARTESIAN_POINT ( 'NONE',  ( -8.749999999999998224, 25.00000000000000000, 1.517883041479705813E-15 ) ) ;
#2404 = CARTESIAN_POINT ( 'NONE',  ( 17.40000000000000568, 5.000000000000003553, -29.99999999999999289 ) ) ;
#2405 = CARTESIAN_POINT ( 'NONE',  ( -12.99999999999999289, 12.97918471982870692, 30.00000000000001421 ) ) ;
#2406 = VERTEX_POINT ( 'NONE', #733 ) ;
#2407 = DIRECTION ( 'NONE',  ( 0.000000000000000000, 0.000000000000000000, -1.000000000000000000 ) ) ;
#2408 = ORIENTED_EDGE ( 'NONE', *, *, #4188, .F. ) ;
#2409 = EDGE_CURVE ( 'NONE', #907, #3934, #1166, .T. ) ;
#2410 = PLANE ( 'NONE',  #2265 ) ;
#2411 = VERTEX_POINT ( 'NONE', #2527 ) ;
#2412 = DIRECTION ( 'NONE',  ( 0.000000000000000000, -1.000000000000000000, 0.000000000000000000 ) ) ;
#2413 = VECTOR ( 'NONE', #3696, 1000.000000000000000 ) ;
#2414 = CARTESIAN_POINT ( 'NONE',  ( -3.250000000000000000, 25.00000000000000000, 30.00000000000000355 ) ) ;
#2415 = ADVANCED_FACE ( 'NONE', ( #2596 ), #1473, .F. ) ;
#2416 = CARTESIAN_POINT ( 'NONE',  ( 25.00000000000002132, 15.99999999999987566, 10.03586171448428743 ) ) ;
#2417 = AXIS2_PLACEMENT_3D ( 'NONE', #1670, #2814, #1029 ) ;
#2418 = CARTESIAN_POINT ( 'NONE',  ( -17.40000000000000213, 4.999999999999996447, -19.99999999999998934 ) ) ;
#2419 = ORIENTED_EDGE ( 'NONE', *, *, #219, .T. ) ;
#2420 = EDGE_CURVE ( 'NONE', #1599, #1791, #1970, .T. ) ;
#2421 = ADVANCED_FACE ( 'NONE', ( #366 ), #2903, .T. ) ;
#2422 = CARTESIAN_POINT ( 'NONE',  ( 14.00000000000000178, 12.00000000000000000, 4.633249580710796955 ) ) ;
#2423 = CARTESIAN_POINT ( 'NONE',  ( 25.00000000000000000, 0.000000000000000000, -15.00000000000000178 ) ) ;
#2424 = AXIS2_PLACEMENT_3D ( 'NONE', #335, #3140, #2476 ) ;
#2425 = CARTESIAN_POINT ( 'NONE',  ( 17.00000000000000000, 21.14285714285714590, 4.595916554898686890 ) ) ;
#2426 = CIRCLE ( 'NONE', #3188, 1.799999999999999600 ) ;
#2427 = CARTESIAN_POINT ( 'NONE',  ( 24.60000000000000497, 5.000000000000004441, -19.99999999999998934 ) ) ;
#2428 = ORIENTED_EDGE ( 'NONE', *, *, #852, .F. ) ;
#2429 = ORIENTED_EDGE ( 'NONE', *, *, #2678, .F. ) ;
#2430 = ADVANCED_FACE ( 'NONE', ( #20 ), #3972, .F. ) ;
#2431 = DIRECTION ( 'NONE',  ( 0.4999999999999977796, 0.7071067811865490160, 0.5000000000000001110 ) ) ;
#2432 = LINE ( 'NONE', #1395, #4086 ) ;
#2433 = FACE_BOUND ( 'NONE', #3973, .T. ) ;
#2434 = ORIENTED_EDGE ( 'NONE', *, *, #3892, .F. ) ;
#2435 = CARTESIAN_POINT ( 'NONE',  ( -21.00000000000000000, 4.999999999999995559, -19.99999999999998934 ) ) ;
#2436 = VECTOR ( 'NONE', #69, 1000.000000000000114 ) ;
#2437 = ORIENTED_EDGE ( 'NONE', *, *, #4387, .F. ) ;
#2438 = LINE ( 'NONE', #3173, #1818 ) ;
#2439 = FACE_OUTER_BOUND ( 'NONE', #4357, .T. ) ;
#2440 = ORIENTED_EDGE ( 'NONE', *, *, #4432, .F. ) ;
#2441 = CARTESIAN_POINT ( 'NONE',  ( -18.75587571088005845, 18.99953231496740358, 0.4626619453292525330 ) ) ;
#2442 = CARTESIAN_POINT ( 'NONE',  ( -24.99999999999998224, 16.00000000000012434, -9.295795958738276354 ) ) ;
#2443 = CARTESIAN_POINT ( 'NONE',  ( -5.000000000000000888, 25.00000000000000000, 26.00000000000000711 ) ) ;
#2444 = EDGE_CURVE ( 'NONE', #242, #1747, #4351, .T. ) ;
#2445 = ORIENTED_EDGE ( 'NONE', *, *, #3264, .F. ) ;
#2446 = CARTESIAN_POINT ( 'NONE',  ( 22.00000000000000711, 0.000000000000000000, 24.00000000000000355 ) ) ;
#2447 = CARTESIAN_POINT ( 'NONE',  ( -16.99999999999998934, 25.00000000000000355, 2.949029909160571666E-15 ) ) ;
#2448 = DIRECTION ( 'NONE',  ( -1.000000000000000000, 0.000000000000000000, -0.000000000000000000 ) ) ;
#2449 = ORIENTED_EDGE ( 'NONE', *, *, #340, .T. ) ;
#2450 = ORIENTED_EDGE ( 'NONE', *, *, #3715, .F. ) ;
#2451 = CARTESIAN_POINT ( 'NONE',  ( 10.00000000000000000, 8.000000000000000000, 13.00000000000000711 ) ) ;
#2452 = FACE_OUTER_BOUND ( 'NONE', #747, .T. ) ;
#2453 = EDGE_CURVE ( 'NONE', #3996, #3042, #631, .T. ) ;
#2454 = CARTESIAN_POINT ( 'NONE',  ( -10.00000000000000000, 15.00000000000000178, 35.00000000000000000 ) ) ;
#2455 = FACE_BOUND ( 'NONE', #4325, .T. ) ;
#2456 = ORIENTED_EDGE ( 'NONE', *, *, #2818, .F. ) ;
#2457 = DIRECTION ( 'NONE',  ( 0.000000000000000000, 0.7071067811865474617, -0.7071067811865475727 ) ) ;
#2458 = ORIENTED_EDGE ( 'NONE', *, *, #3213, .F. ) ;
#2459 = FACE_OUTER_BOUND ( 'NONE', #3643, .T. ) ;
#2460 = ORIENTED_EDGE ( 'NONE', *, *, #3312, .F. ) ;
#2461 = DIRECTION ( 'NONE',  ( -0.000000000000000000, 0.7071067811865474617, -0.7071067811865476838 ) ) ;
#2462 = EDGE_LOOP ( 'NONE', ( #3212, #2428, #3549, #4140, #782, #557 ) ) ;
#2463 = CARTESIAN_POINT ( 'NONE',  ( 25.00000000000000355, 25.00000000000000000, 30.00000000000000711 ) ) ;
#2464 = CARTESIAN_POINT ( 'NONE',  ( -23.33053255995353226, 20.61955562814508269, -4.268911741680231131 ) ) ;
#2465 = ORIENTED_EDGE ( 'NONE', *, *, #3213, .T. ) ;
#2466 = DIRECTION ( 'NONE',  ( 0.000000000000000000, 0.000000000000000000, 1.000000000000000000 ) ) ;
#2467 = LINE ( 'NONE', #665, #3832 ) ;
#2468 = EDGE_CURVE ( 'NONE', #4546, #4000, #752, .T. ) ;
#2469 = DIRECTION ( 'NONE',  ( 0.000000000000000000, 0.000000000000000000, -1.000000000000000000 ) ) ;
#2470 = ORIENTED_EDGE ( 'NONE', *, *, #3491, .F. ) ;
#2471 = DIRECTION ( 'NONE',  ( -0.000000000000000000, 0.7071067811865474617, 0.7071067811865476838 ) ) ;
#2472 = CARTESIAN_POINT ( 'NONE',  ( 21.00000000000000355, 5.000000000000003553, -19.99999999999998934 ) ) ;
#2473 = ADVANCED_FACE ( 'NONE', ( #3414 ), #941, .F. ) ;
#2474 = DIRECTION ( 'NONE',  ( -5.782411586589358625E-17, 0.000000000000000000, -1.000000000000000000 ) ) ;
#2475 = VECTOR ( 'NONE', #2087, 1000.000000000000114 ) ;
#2476 = DIRECTION ( 'NONE',  ( 1.000000000000000000, 0.000000000000000000, 0.000000000000000000 ) ) ;
#2477 = ORIENTED_EDGE ( 'NONE', *, *, #1125, .F. ) ;
#2478 = DIRECTION ( 'NONE',  ( -0.000000000000000000, -0.000000000000000000, -1.000000000000000000 ) ) ;
#2479 = VERTEX_POINT ( 'NONE', #3071 ) ;
#2480 = EDGE_CURVE ( 'NONE', #1026, #1307, #3484, .T. ) ;
#2481 = EDGE_CURVE ( 'NONE', #2359, #3262, #1188, .T. ) ;
#2482 = LINE ( 'NONE', #1114, #2801 ) ;
#2483 =( BOUNDED_CURVE ( )  B_SPLINE_CURVE ( 3, ( #2567, #4016, #3309, #3610 ),
 .UNSPECIFIED., .F., .T. ) 
 B_SPLINE_CURVE_WITH_KNOTS ( ( 4, 4 ),
 ( 3.141592653589793116, 3.749838232499993484 ),
 .UNSPECIFIED. ) 
 CURVE ( )  GEOMETRIC_REPRESENTATION_ITEM ( )  RATIONAL_B_SPLINE_CURVE ( ( 1.000000000000000000, 0.9694066705879991197, 0.9694066705879991197, 1.000000000000000000 ) ) 
 REPRESENTATION_ITEM ( '' )  );
#2484 = ORIENTED_EDGE ( 'NONE', *, *, #1302, .T. ) ;
#2485 = CARTESIAN_POINT ( 'NONE',  ( -14.00000000000000178, 12.00000000000000000, -15.00000000000000178 ) ) ;
#2486 = ORIENTED_EDGE ( 'NONE', *, *, #554, .F. ) ;
#2487 = VECTOR ( 'NONE', #599, 1000.000000000000000 ) ;
#2488 = DIRECTION ( 'NONE',  ( 0.000000000000000000, 0.7071067811865474617, -0.7071067811865475727 ) ) ;
#2489 = ORIENTED_EDGE ( 'NONE', *, *, #1652, .T. ) ;
#2490 = CARTESIAN_POINT ( 'NONE',  ( 25.00000000000000000, 2.999999999999981792, -15.00000000000000178 ) ) ;
#2491 = AXIS2_PLACEMENT_3D ( 'NONE', #2126, #3571, #357 ) ;
#2492 = CARTESIAN_POINT ( 'NONE',  ( 17.48207648156407856, 19.96496492351295871, 3.269833574855304459 ) ) ;
#2493 = ORIENTED_EDGE ( 'NONE', *, *, #2898, .F. ) ;
#2494 = AXIS2_PLACEMENT_3D ( 'NONE', #2157, #3294, #1854 ) ;
#2495 = CYLINDRICAL_SURFACE ( 'NONE', #1013, 2.000000000000003109 ) ;
#2496 = AXIS2_PLACEMENT_3D ( 'NONE', #4273, #1396, #11 ) ;
#2497 = CARTESIAN_POINT ( 'NONE',  ( -16.99999999999998579, 25.00000000000000355, 14.00000000000000533 ) ) ;
#2498 = CARTESIAN_POINT ( 'NONE',  ( -21.00000000000000000, 5.000000000000004441, 30.00000000000000711 ) ) ;
#2499 = EDGE_CURVE ( 'NONE', #3429, #4117, #3708, .T. ) ;
#2500 = VERTEX_POINT ( 'NONE', #1215 ) ;
#2501 = DIRECTION ( 'NONE',  ( 0.000000000000000000, 0.000000000000000000, -1.000000000000000000 ) ) ;
#2502 = VECTOR ( 'NONE', #2936, 1000.000000000000000 ) ;
#2503 = ORIENTED_EDGE ( 'NONE', *, *, #618, .T. ) ;
#2504 = DIRECTION ( 'NONE',  ( 0.000000000000000000, 0.000000000000000000, -1.000000000000000000 ) ) ;
#2505 = ORIENTED_EDGE ( 'NONE', *, *, #3803, .F. ) ;
#2506 = DIRECTION ( 'NONE',  ( -0.000000000000000000, -0.000000000000000000, -1.000000000000000000 ) ) ;
#2507 = VECTOR ( 'NONE', #2727, 1000.000000000000000 ) ;
#2508 = CARTESIAN_POINT ( 'NONE',  ( 0.000000000000000000, 25.00000000000000000, 18.00000000000000711 ) ) ;
#2509 = ORIENTED_EDGE ( 'NONE', *, *, #3475, .F. ) ;
#2510 = DIRECTION ( 'NONE',  ( -0.000000000000000000, -0.7071067811865473507, -0.7071067811865476838 ) ) ;
#2511 = CYLINDRICAL_SURFACE ( 'NONE', #760, 3.499999999999999556 ) ;
#2512 = CARTESIAN_POINT ( 'NONE',  ( 18.39984275304101047, 19.20441879678787700, 1.567969719820977437 ) ) ;
#2513 = DIRECTION ( 'NONE',  ( 0.000000000000000000, 0.000000000000000000, -1.000000000000000000 ) ) ;
#2514 = EDGE_LOOP ( 'NONE', ( #2762, #1004, #1736, #1762, #4180, #2594 ) ) ;
#2515 = CARTESIAN_POINT ( 'NONE',  ( -17.50000000000000711, 2.979274057836317713, 23.00000000000000711 ) ) ;
#2516 = CYLINDRICAL_SURFACE ( 'NONE', #1076, 6.000000000000000888 ) ;
#2517 = DIRECTION ( 'NONE',  ( -1.000000000000000000, -0.000000000000000000, 1.734723475976807587E-16 ) ) ;
#2518 = VERTEX_POINT ( 'NONE', #4492 ) ;
#2519 = DIRECTION ( 'NONE',  ( 0.000000000000000000, -0.7071067811865475727, -0.7071067811865475727 ) ) ;
#2520 = ORIENTED_EDGE ( 'NONE', *, *, #2764, .F. ) ;
#2521 = DIRECTION ( 'NONE',  ( 0.000000000000000000, -1.156482317317871133E-15, 1.000000000000000000 ) ) ;
#2522 = EDGE_CURVE ( 'NONE', #4375, #1156, #1969, .T. ) ;
#2523 = ORIENTED_EDGE ( 'NONE', *, *, #3181, .F. ) ;
#2524 = DIRECTION ( 'NONE',  ( 0.000000000000000000, -1.000000000000000000, 0.000000000000000000 ) ) ;
#2525 = ORIENTED_EDGE ( 'NONE', *, *, #2338, .T. ) ;
#2526 = FACE_OUTER_BOUND ( 'NONE', #3364, .T. ) ;
#2527 = CARTESIAN_POINT ( 'NONE',  ( -25.99999999999998934, 6.938893903907228378E-15, 30.00000000000000711 ) ) ;
#2528 = EDGE_CURVE ( 'NONE', #3825, #2406, #777, .T. ) ;
#2529 = ORIENTED_EDGE ( 'NONE', *, *, #1790, .F. ) ;
#2530 = LINE ( 'NONE', #3974, #3979 ) ;
#2531 = CARTESIAN_POINT ( 'NONE',  ( 26.99999999999998934, 0.000000000000000000, 30.00000000000000711 ) ) ;
#2532 = DIRECTION ( 'NONE',  ( 5.782411586589358625E-17, -0.000000000000000000, 1.000000000000000000 ) ) ;
#2533 = ADVANCED_FACE ( 'NONE', ( #1284 ), #468, .F. ) ;
#2534 = CARTESIAN_POINT ( 'NONE',  ( 17.21285252550292455, 20.34554831175729461, 3.792516952817593268 ) ) ;
#2535 = ORIENTED_EDGE ( 'NONE', *, *, #4330, .T. ) ;
#2536 = FACE_OUTER_BOUND ( 'NONE', #578, .T. ) ;
#2537 = DIRECTION ( 'NONE',  ( 0.000000000000000000, -1.000000000000000000, 0.000000000000000000 ) ) ;
#2538 = CARTESIAN_POINT ( 'NONE',  ( -18.75000000000000355, 5.000000000000004441, 23.00000000000000711 ) ) ;
#2539 = CARTESIAN_POINT ( 'NONE',  ( -15.00000000000000355, 25.00000000000000000, 35.00000000000000000 ) ) ;
#2540 = ORIENTED_EDGE ( 'NONE', *, *, #2363, .F. ) ;
#2541 = DIRECTION ( 'NONE',  ( -1.000000000000000000, -0.000000000000000000, -0.000000000000000000 ) ) ;
#2542 = ORIENTED_EDGE ( 'NONE', *, *, #4029, .F. ) ;
#2543 = AXIS2_PLACEMENT_3D ( 'NONE', #4072, #3053, #4494 ) ;
#2544 = DIRECTION ( 'NONE',  ( 1.000000000000000000, -0.000000000000000000, -5.782411586589358625E-17 ) ) ;
#2545 = EDGE_CURVE ( 'NONE', #2168, #4314, #1521, .T. ) ;
#2546 = CIRCLE ( 'NONE', #243, 2.249999999999998668 ) ;
#2547 = ORIENTED_EDGE ( 'NONE', *, *, #1863, .T. ) ;
#2548 = ORIENTED_EDGE ( 'NONE', *, *, #2330, .F. ) ;
#2549 = EDGE_CURVE ( 'NONE', #1512, #4001, #1548, .T. ) ;
#2550 = PLANE ( 'NONE',  #4151 ) ;
#2551 = TOROIDAL_SURFACE ( 'NONE', #4516, 14.00000000000000178, 8.000000000000000000 ) ;
#2552 = CARTESIAN_POINT ( 'NONE',  ( 15.00000000000000000, 10.00000000000000000, -22.00568056140707540 ) ) ;
#2553 = CIRCLE ( 'NONE', #2110, 1.799999999999999600 ) ;
#2554 = ORIENTED_EDGE ( 'NONE', *, *, #611, .F. ) ;
#2555 = EDGE_LOOP ( 'NONE', ( #1399, #725 ) ) ;
#2556 = EDGE_CURVE ( 'NONE', #1204, #2206, #4004, .T. ) ;
#2557 = CYLINDRICAL_SURFACE ( 'NONE', #1085, 2.000000000000003109 ) ;
#2558 = FACE_OUTER_BOUND ( 'NONE', #2125, .T. ) ;
#2559 = CARTESIAN_POINT ( 'NONE',  ( -25.99999999999998934, 1.000000000000007105, 25.00000000000000355 ) ) ;
#2560 = VERTEX_POINT ( 'NONE', #496 ) ;
#2561 = CARTESIAN_POINT ( 'NONE',  ( -14.00000000000000178, 11.99999999999999822, 20.00000000000000355 ) ) ;
#2562 = CIRCLE ( 'NONE', #3843, 6.000000000000000888 ) ;
#2563 = EDGE_CURVE ( 'NONE', #253, #3247, #477, .T. ) ;
#2564 = AXIS2_PLACEMENT_3D ( 'NONE', #4144, #543, #2620 ) ;
#2565 = CARTESIAN_POINT ( 'NONE',  ( 13.00000000000000178, 25.00000000000000355, -2.255140518769849223E-15 ) ) ;
#2566 = ORIENTED_EDGE ( 'NONE', *, *, #1288, .T. ) ;
#2567 = CARTESIAN_POINT ( 'NONE',  ( 20.00000000000001066, 12.97918471982872646, -29.99999999999999289 ) ) ;
#2568 = CARTESIAN_POINT ( 'NONE',  ( 20.00000000000001066, 24.99999999999999645, -20.10050506338833642 ) ) ;
#2569 = ORIENTED_EDGE ( 'NONE', *, *, #1623, .F. ) ;
#2570 = CYLINDRICAL_SURFACE ( 'NONE', #685, 2.249999999999998668 ) ;
#2571 = AXIS2_PLACEMENT_3D ( 'NONE', #4427, #2659, #1633 ) ;
#2572 = EDGE_LOOP ( 'NONE', ( #2540, #1466, #3681, #1330, #2182, #4133 ) ) ;
#2573 = DIRECTION ( 'NONE',  ( 2.891205793294677833E-16, 0.000000000000000000, 1.000000000000000000 ) ) ;
#2574 = CARTESIAN_POINT ( 'NONE',  ( -19.99999999999998934, 22.87867965644038648, -29.99999999999999289 ) ) ;
#2575 = CIRCLE ( 'NONE', #1309, 3.500000000000002665 ) ;
#2576 = EDGE_LOOP ( 'NONE', ( #3160, #3619 ) ) ;
#2577 = VERTEX_POINT ( 'NONE', #153 ) ;
#2578 = AXIS2_PLACEMENT_3D ( 'NONE', #4148, #4473, #1551 ) ;
#2579 = CARTESIAN_POINT ( 'NONE',  ( 18.75000000000000355, 5.000000000000004441, 23.00000000000000711 ) ) ;
#2580 = DIRECTION ( 'NONE',  ( 0.000000000000000000, -0.7071067811865474617, 0.7071067811865476838 ) ) ;
#2581 = EDGE_CURVE ( 'NONE', #1183, #742, #555, .T. ) ;
#2582 = PLANE ( 'NONE',  #3017 ) ;
#2583 = DIRECTION ( 'NONE',  ( 0.000000000000000000, -1.000000000000000000, 0.000000000000000000 ) ) ;
#2584 = CARTESIAN_POINT ( 'NONE',  ( -25.99999999999999289, 7.732050807568882078, 25.00000000000000355 ) ) ;
#2585 = ORIENTED_EDGE ( 'NONE', *, *, #3105, .F. ) ;
#2586 = CARTESIAN_POINT ( 'NONE',  ( 15.00000000000000000, 0.000000000000000000, -22.00568056140707540 ) ) ;
#2587 = EDGE_CURVE ( 'NONE', #3592, #996, #3183, .T. ) ;
#2588 =( BOUNDED_CURVE ( )  B_SPLINE_CURVE ( 3, ( #3232, #29, #1023, #285 ),
 .UNSPECIFIED., .F., .T. ) 
 B_SPLINE_CURVE_WITH_KNOTS ( ( 4, 4 ),
 ( 3.141592653589793116, 6.283185307179586232 ),
 .UNSPECIFIED. ) 
 CURVE ( )  GEOMETRIC_REPRESENTATION_ITEM ( )  RATIONAL_B_SPLINE_CURVE ( ( 1.000000000000000000, 0.3333333333333333703, 0.3333333333333333703, 1.000000000000000000 ) ) 
 REPRESENTATION_ITEM ( '' )  );
#2589 = DIRECTION ( 'NONE',  ( 0.000000000000000000, -0.7071067811865474617, 0.7071067811865476838 ) ) ;
#2590 = ORIENTED_EDGE ( 'NONE', *, *, #2395, .T. ) ;
#2591 = LINE ( 'NONE', #1112, #1065 ) ;
#2592 = EDGE_CURVE ( 'NONE', #3919, #216, #224, .T. ) ;
#2593 = ORIENTED_EDGE ( 'NONE', *, *, #308, .T. ) ;
#2594 = ORIENTED_EDGE ( 'NONE', *, *, #4220, .T. ) ;
#2595 = DIRECTION ( 'NONE',  ( 0.7071067811865466846, 0.000000000000000000, 0.7071067811865483499 ) ) ;
#2596 = FACE_OUTER_BOUND ( 'NONE', #3809, .T. ) ;
#2597 = ORIENTED_EDGE ( 'NONE', *, *, #1386, .T. ) ;
#2598 = CARTESIAN_POINT ( 'NONE',  ( 21.00000000000000355, 0.9585481156726225471, 30.00000000000000711 ) ) ;
#2599 = CARTESIAN_POINT ( 'NONE',  ( -26.99999999999999289, 6.000000000000000000, 25.00000000000000355 ) ) ;
#2600 = CARTESIAN_POINT ( 'NONE',  ( 20.00000000000001066, 8.917843534520903503, -39.01108865361364764 ) ) ;
#2601 = DIRECTION ( 'NONE',  ( 1.734723475976807094E-16, 0.000000000000000000, 1.000000000000000000 ) ) ;
#2602 = LINE ( 'NONE', #829, #828 ) ;
#2603 = ORIENTED_EDGE ( 'NONE', *, *, #1131, .T. ) ;
#2604 = FACE_OUTER_BOUND ( 'NONE', #1317, .T. ) ;
#2605 = EDGE_CURVE ( 'NONE', #3804, #3386, #1853, .T. ) ;
#2606 = CARTESIAN_POINT ( 'NONE',  ( -19.99999999999998934, 20.05025253169416644, -25.05025253169417354 ) ) ;
#2607 = DIRECTION ( 'NONE',  ( 1.734723475976807094E-16, 0.000000000000000000, 1.000000000000000000 ) ) ;
#2608 = ORIENTED_EDGE ( 'NONE', *, *, #1794, .F. ) ;
#2609 = CARTESIAN_POINT ( 'NONE',  ( 14.00000000000000178, 0.000000000000000000, 20.00000000000000355 ) ) ;
#2610 = EDGE_CURVE ( 'NONE', #3073, #2320, #1644, .T. ) ;
#2611 = ORIENTED_EDGE ( 'NONE', *, *, #911, .F. ) ;
#2612 = VECTOR ( 'NONE', #3688, 1000.000000000000114 ) ;
#2613 = CYLINDRICAL_SURFACE ( 'NONE', #3078, 1.000000000000000000 ) ;
#2614 = ADVANCED_FACE ( 'NONE', ( #177 ), #1597, .F. ) ;
#2615 = EDGE_CURVE ( 'NONE', #1445, #1732, #4213, .T. ) ;
#2616 = EDGE_LOOP ( 'NONE', ( #3900, #1807, #2408, #2091 ) ) ;
#2617 = PLANE ( 'NONE',  #3088 ) ;
#2618 = AXIS2_PLACEMENT_3D ( 'NONE', #1535, #505, #4402 ) ;
#2619 = AXIS2_PLACEMENT_3D ( 'NONE', #3567, #1706, #354 ) ;
#2620 = DIRECTION ( 'NONE',  ( 1.734723475976807094E-16, -0.000000000000000000, 1.000000000000000000 ) ) ;
#2621 = EDGE_CURVE ( 'NONE', #2317, #2402, #1331, .T. ) ;
#2622 = ORIENTED_EDGE ( 'NONE', *, *, #2323, .F. ) ;
#2623 = VECTOR ( 'NONE', #3637, 1000.000000000000000 ) ;
#2624 = VECTOR ( 'NONE', #2354, 1000.000000000000000 ) ;
#2625 = FACE_OUTER_BOUND ( 'NONE', #4084, .T. ) ;
#2626 = DIRECTION ( 'NONE',  ( -1.000000000000000000, 0.000000000000000000, 0.000000000000000000 ) ) ;
#2627 = CARTESIAN_POINT ( 'NONE',  ( -24.74803476901653809, 21.20484858036448372, 4.647943146088032051 ) ) ;
#2628 = CARTESIAN_POINT ( 'NONE',  ( 24.99999999999999289, 9.464101615137758827, 25.00000000000000355 ) ) ;
#2629 = CARTESIAN_POINT ( 'NONE',  ( 21.00000000000000355, 16.00000000000000000, 20.00000000000000355 ) ) ;
#2630 = ORIENTED_EDGE ( 'NONE', *, *, #4058, .T. ) ;
#2631 = CARTESIAN_POINT ( 'NONE',  ( 8.658535071503260738, 8.000000000000000000, 12.32882800593795558 ) ) ;
#2632 = CARTESIAN_POINT ( 'NONE',  ( 10.00000000000000000, 0.000000000000000000, 14.50000000000000533 ) ) ;
#2633 = CIRCLE ( 'NONE', #1059, 3.500000000000002665 ) ;
#2634 = CARTESIAN_POINT ( 'NONE',  ( -10.00000000000000000, 0.000000000000000000, 13.00000000000000355 ) ) ;
#2635 = ORIENTED_EDGE ( 'NONE', *, *, #2480, .T. ) ;
#2636 = ORIENTED_EDGE ( 'NONE', *, *, #2545, .T. ) ;
#2637 = FACE_OUTER_BOUND ( 'NONE', #4376, .T. ) ;
#2638 = AXIS2_PLACEMENT_3D ( 'NONE', #1245, #1194, #2601 ) ;
#2639 = EDGE_CURVE ( 'NONE', #4342, #1223, #4379, .T. ) ;
#2640 = ORIENTED_EDGE ( 'NONE', *, *, #476, .F. ) ;
#2641 = CARTESIAN_POINT ( 'NONE',  ( 17.50000000000000355, 7.020725942163693389, 30.00000000000000711 ) ) ;
#2642 = ORIENTED_EDGE ( 'NONE', *, *, #1534, .F. ) ;
#2643 = VECTOR ( 'NONE', #1831, 1000.000000000000000 ) ;
#2644 = CARTESIAN_POINT ( 'NONE',  ( 22.84807621135332312, 13.19134295108990784, 30.00000000000000711 ) ) ;
#2645 = DIRECTION ( 'NONE',  ( -0.000000000000000000, -0.000000000000000000, 1.000000000000000000 ) ) ;
#2646 = AXIS2_PLACEMENT_3D ( 'NONE', #2757, #2100, #2829 ) ;
#2647 = ORIENTED_EDGE ( 'NONE', *, *, #4040, .F. ) ;
#2648 = CARTESIAN_POINT ( 'NONE',  ( 23.25000000000000000, 5.000000000000004441, -19.99999999999998934 ) ) ;
#2649 = DIRECTION ( 'NONE',  ( 1.000000000000000000, 0.000000000000000000, 0.000000000000000000 ) ) ;
#2650 = CARTESIAN_POINT ( 'NONE',  ( -22.98633411393185000, 20.17502490064251930, 3.754993021896229521 ) ) ;
#2651 = VECTOR ( 'NONE', #1483, 1000.000000000000000 ) ;
#2652 = CARTESIAN_POINT ( 'NONE',  ( 25.00000000000061107, 15.99999999999915801, 2.055208084919234235 ) ) ;
#2653 = DIRECTION ( 'NONE',  ( 0.000000000000000000, 0.000000000000000000, -1.000000000000000000 ) ) ;
#2654 = DIRECTION ( 'NONE',  ( 0.000000000000000000, 0.000000000000000000, -1.000000000000000000 ) ) ;
#2655 = AXIS2_PLACEMENT_3D ( 'NONE', #999, #2431, #2846 ) ;
#2656 = ORIENTED_EDGE ( 'NONE', *, *, #2605, .T. ) ;
#2657 = DIRECTION ( 'NONE',  ( 0.000000000000000000, 1.000000000000000000, 0.000000000000000000 ) ) ;
#2658 = VECTOR ( 'NONE', #1338, 1000.000000000000000 ) ;
#2659 = DIRECTION ( 'NONE',  ( -0.000000000000000000, -0.7071067811865473507, -0.7071067811865476838 ) ) ;
#2660 = ORIENTED_EDGE ( 'NONE', *, *, #3731, .T. ) ;
#2661 = CARTESIAN_POINT ( 'NONE',  ( 5.832577103012095421, 19.87201080031193356, 20.36760121249749034 ) ) ;
#2662 = DIRECTION ( 'NONE',  ( -0.000000000000000000, -0.7071067811865474617, 0.7071067811865476838 ) ) ;
#2663 = ORIENTED_EDGE ( 'NONE', *, *, #1154, .F. ) ;
#2664 = DIRECTION ( 'NONE',  ( 0.000000000000000000, -0.7071067811865475727, -0.7071067811865475727 ) ) ;
#2665 = VERTEX_POINT ( 'NONE', #3899 ) ;
#2666 = CARTESIAN_POINT ( 'NONE',  ( 3.250000000000000000, 25.00000000000000000, 31.00000000000000355 ) ) ;
#2667 = EDGE_CURVE ( 'NONE', #1280, #937, #2036, .T. ) ;
#2668 = CARTESIAN_POINT ( 'NONE',  ( 12.07106781186548083, 12.92893218813452805, 30.00000000000000355 ) ) ;
#2669 = ORIENTED_EDGE ( 'NONE', *, *, #1540, .F. ) ;
#2670 = FACE_OUTER_BOUND ( 'NONE', #15, .T. ) ;
#2671 = CARTESIAN_POINT ( 'NONE',  ( -18.64355781292534076, 19.06083062407423867, 0.8799967071617645908 ) ) ;
#2672 = EDGE_CURVE ( 'NONE', #1791, #1599, #2937, .T. ) ;
#2673 = B_SPLINE_CURVE_WITH_KNOTS ( 'NONE', 3,
 ( #447, #3318, #2134, #364 ),
 .UNSPECIFIED., .F., .F.,
 ( 4, 4 ),
 ( 0.000000000000000000, 0.0002149379708595951157 ),
 .UNSPECIFIED. ) ;
#2674 = CARTESIAN_POINT ( 'NONE',  ( 24.99999999999975131, 16.00000000000040501, 4.041879762488933991 ) ) ;
#2675 = CARTESIAN_POINT ( 'NONE',  ( 21.00000000000000711, 0.9585481156726252117, 23.00000000000000711 ) ) ;
#2676 = DIRECTION ( 'NONE',  ( -0.000000000000000000, -0.7071067811865473507, -0.7071067811865477948 ) ) ;
#2677 = ORIENTED_EDGE ( 'NONE', *, *, #2444, .T. ) ;
#2678 = EDGE_CURVE ( 'NONE', #819, #4298, #596, .T. ) ;
#2679 = CARTESIAN_POINT ( 'NONE',  ( 22.00000000000000711, 0.000000000000000000, 24.00000000000000355 ) ) ;
#2680 = CARTESIAN_POINT ( 'NONE',  ( 20.00000000000001066, 11.43933982822018436, 41.43933982822019146 ) ) ;
#2681 = CARTESIAN_POINT ( 'NONE',  ( 22.69035030854032442, 19.49111505771411856, -2.536266795568441257 ) ) ;
#2682 = CARTESIAN_POINT ( 'NONE',  ( -24.99999999999999289, 16.00000000000000000, 20.00000000000000355 ) ) ;
#2683 = ORIENTED_EDGE ( 'NONE', *, *, #3491, .T. ) ;
#2684 = EDGE_LOOP ( 'NONE', ( #3705, #3793, #4276, #3365 ) ) ;
#2685 = CARTESIAN_POINT ( 'NONE',  ( -5.655923466148828460, 19.69569241494587786, 20.31988979443819687 ) ) ;
#2686 = CARTESIAN_POINT ( 'NONE',  ( 10.00000000000000178, 25.00000000000000000, 35.00000000000000000 ) ) ;
#2687 =( BOUNDED_CURVE ( )  B_SPLINE_CURVE ( 3, ( #1024, #4230, #1001, #2454 ),
 .UNSPECIFIED., .F., .T. ) 
 B_SPLINE_CURVE_WITH_KNOTS ( ( 4, 4 ),
 ( 1.570796326794897002, 3.141592653589793116 ),
 .UNSPECIFIED. ) 
 CURVE ( )  GEOMETRIC_REPRESENTATION_ITEM ( )  RATIONAL_B_SPLINE_CURVE ( ( 1.000000000000000000, 0.8047378541243650485, 0.8047378541243650485, 1.000000000000000000 ) ) 
 REPRESENTATION_ITEM ( '' )  );
#2688 = ORIENTED_EDGE ( 'NONE', *, *, #3853, .F. ) ;
#2689 = DIRECTION ( 'NONE',  ( 0.000000000000000000, 0.000000000000000000, 1.000000000000000000 ) ) ;
#2690 = ORIENTED_EDGE ( 'NONE', *, *, #2409, .F. ) ;
#2691 = CARTESIAN_POINT ( 'NONE',  ( 10.00000000000000178, 25.00000000000000000, 35.00000000000000000 ) ) ;
#2692 = CARTESIAN_POINT ( 'NONE',  ( 20.00000000000001066, 52.92530221598672568, -2.167942903106015340 ) ) ;
#2693 = EDGE_CURVE ( 'NONE', #3775, #2304, #961, .T. ) ;
#2694 = ORIENTED_EDGE ( 'NONE', *, *, #985, .F. ) ;
#2695 = CARTESIAN_POINT ( 'NONE',  ( -25.00000000000000000, 25.00000000000000000, -29.99999999999999289 ) ) ;
#2696 = CARTESIAN_POINT ( 'NONE',  ( 20.00000000000001066, 20.05025253169415578, 25.05025253169417709 ) ) ;
#2697 = CARTESIAN_POINT ( 'NONE',  ( -24.49920635655658785, 21.19998593053124836, 4.670578616036956454 ) ) ;
#2698 = AXIS2_PLACEMENT_3D ( 'NONE', #1427, #2862, #1081 ) ;
#2699 = CARTESIAN_POINT ( 'NONE',  ( 24.74803476901636046, 21.20484858036185116, -4.647943146088766575 ) ) ;
#2700 = PRESENTATION_LAYER_ASSIGNMENT (  '', '', ( #1350 ) ) ;
#2701 = DIRECTION ( 'NONE',  ( 0.000000000000000000, 1.000000000000000000, 0.000000000000000000 ) ) ;
#2702 = ADVANCED_FACE ( 'NONE', ( #339 ), #2410, .F. ) ;
#2703 = ORIENTED_EDGE ( 'NONE', *, *, #4040, .T. ) ;
#2704 = CARTESIAN_POINT ( 'NONE',  ( 8.715876302904872475, 7.923124399708971310, 12.22228721137564378 ) ) ;
#2705 = DIRECTION ( 'NONE',  ( 1.000000000000000000, 0.000000000000000000, 0.000000000000000000 ) ) ;
#2706 = ADVANCED_FACE ( 'NONE', ( #2459 ), #4539, .T. ) ;
#2707 = LINE ( 'NONE', #4110, #4245 ) ;
#2708 = ORIENTED_EDGE ( 'NONE', *, *, #3075, .F. ) ;
#2709 = VECTOR ( 'NONE', #2595, 1000.000000000000000 ) ;
#2710 = ORIENTED_EDGE ( 'NONE', *, *, #4194, .T. ) ;
#2711 = DIRECTION ( 'NONE',  ( -5.782411586589358625E-17, 0.000000000000000000, 1.000000000000000000 ) ) ;
#2712 = LINE ( 'NONE', #534, #383 ) ;
#2713 = ADVANCED_FACE ( 'NONE', ( #638, #2786 ), #2086, .T. ) ;
#2714 = EDGE_LOOP ( 'NONE', ( #2981, #2375, #647, #4145 ) ) ;
#2715 = DIRECTION ( 'NONE',  ( 0.000000000000000000, 0.000000000000000000, -1.000000000000000000 ) ) ;
#2716 = EDGE_LOOP ( 'NONE', ( #194, #173, #2656, #2315, #967, #1189, #2084, #3473, #4020, #4389, #2088, #4195, #384, #789, #1255, #1074 ) ) ;
#2717 =( BOUNDED_CURVE ( )  B_SPLINE_CURVE ( 3, ( #3440, #1924, #3369, #2346 ),
 .UNSPECIFIED., .F., .T. ) 
 B_SPLINE_CURVE_WITH_KNOTS ( ( 4, 4 ),
 ( 0.000000000000000000, 3.141592653589793116 ),
 .UNSPECIFIED. ) 
 CURVE ( )  GEOMETRIC_REPRESENTATION_ITEM ( )  RATIONAL_B_SPLINE_CURVE ( ( 1.000000000000000000, 0.3333333333333333703, 0.3333333333333333703, 1.000000000000000000 ) ) 
 REPRESENTATION_ITEM ( '' )  );
#2718 = VECTOR ( 'NONE', #3480, 1000.000000000000000 ) ;
#2719 = CARTESIAN_POINT ( 'NONE',  ( 21.00000000000000355, 5.000000000000003553, -19.99999999999998934 ) ) ;
#2720 = ORIENTED_EDGE ( 'NONE', *, *, #3951, .T. ) ;
#2721 = DIRECTION ( 'NONE',  ( 0.000000000000000000, 0.000000000000000000, -1.000000000000000000 ) ) ;
#2722 = CARTESIAN_POINT ( 'NONE',  ( -19.99999999999998934, 18.98959235991436145, -23.98959235991435435 ) ) ;
#2723 = CARTESIAN_POINT ( 'NONE',  ( -24.99999999999999645, 16.00000000000000000, -2.055208084919230682 ) ) ;
#2724 = CARTESIAN_POINT ( 'NONE',  ( 18.12016645798652448, 19.39121315279546209, 2.142051246443826606 ) ) ;
#2725 = AXIS2_PLACEMENT_3D ( 'NONE', #3521, #309, #3893 ) ;
#2726 = ORIENTED_EDGE ( 'NONE', *, *, #201, .T. ) ;
#2727 = DIRECTION ( 'NONE',  ( 0.000000000000000000, -1.000000000000000000, 0.000000000000000000 ) ) ;
#2728 = ADVANCED_FACE ( 'NONE', ( #2833 ), #2064, .F. ) ;
#2729 = VECTOR ( 'NONE', #1630, 999.9999999999998863 ) ;
#2730 = PLANE ( 'NONE',  #252 ) ;
#2731 = DIRECTION ( 'NONE',  ( 0.000000000000000000, -1.000000000000000000, 0.000000000000000000 ) ) ;
#2732 = ORIENTED_EDGE ( 'NONE', *, *, #1269, .T. ) ;
#2733 = ORIENTED_EDGE ( 'NONE', *, *, #1922, .T. ) ;
#2734 = CARTESIAN_POINT ( 'NONE',  ( 7.647301964755448545, 23.71661737285152682, 20.96226338509374187 ) ) ;
#2735 = DIRECTION ( 'NONE',  ( 2.312964634635742957E-16, 0.000000000000000000, 1.000000000000000000 ) ) ;
#2736 = CIRCLE ( 'NONE', #2578, 5.000000000000000888 ) ;
#2737 = EDGE_CURVE ( 'NONE', #4397, #1770, #853, .T. ) ;
#2738 = CARTESIAN_POINT ( 'NONE',  ( -15.00000000000000000, 0.000000000000000000, -20.20568056140707824 ) ) ;
#2739 = ORIENTED_EDGE ( 'NONE', *, *, #1966, .T. ) ;
#2740 = CARTESIAN_POINT ( 'NONE',  ( -21.00000000000000000, 4.999999999999995559, -29.99999999999999289 ) ) ;
#2741 = ORIENTED_EDGE ( 'NONE', *, *, #524, .T. ) ;
#2742 = EDGE_CURVE ( 'NONE', #4471, #2096, #2438, .T. ) ;
#2743 = CYLINDRICAL_SURFACE ( 'NONE', #998, 3.499999999999999556 ) ;
#2744 = ORIENTED_EDGE ( 'NONE', *, *, #761, .F. ) ;
#2745 = CARTESIAN_POINT ( 'NONE',  ( -18.30479931911416003, 19.26446531688136687, -1.774087794721613154 ) ) ;
#2746 = DIRECTION ( 'NONE',  ( 1.000000000000000000, 0.000000000000000000, 0.000000000000000000 ) ) ;
#2747 = CARTESIAN_POINT ( 'NONE',  ( -5.000000000000000888, 25.00000000000000000, 35.00000000000000000 ) ) ;
#2748 = ORIENTED_EDGE ( 'NONE', *, *, #1266, .F. ) ;
#2749 = DIRECTION ( 'NONE',  ( 5.782411586589358625E-17, 0.000000000000000000, 1.000000000000000000 ) ) ;
#2750 = ADVANCED_FACE ( 'NONE', ( #3456, #1378 ), #244, .T. ) ;
#2751 = LINE ( 'NONE', #3133, #2057 ) ;
#2752 = ORIENTED_EDGE ( 'NONE', *, *, #2046, .T. ) ;
#2753 = ORIENTED_EDGE ( 'NONE', *, *, #3138, .T. ) ;
#2754 = ADVANCED_FACE ( 'NONE', ( #3097 ), #2743, .F. ) ;
#2755 = CARTESIAN_POINT ( 'NONE',  ( 9.999999999999998224, 0.000000000000000000, 21.50000000000000355 ) ) ;
#2756 = LINE ( 'NONE', #4114, #683 ) ;
#2757 = CARTESIAN_POINT ( 'NONE',  ( 17.00000000000000355, 25.00000000000000355, -2.949029909160572455E-15 ) ) ;
#2758 = DIRECTION ( 'NONE',  ( 1.000000000000000000, 0.000000000000000000, 0.000000000000000000 ) ) ;
#2759 = ORIENTED_EDGE ( 'NONE', *, *, #611, .T. ) ;
#2760 = LINE ( 'NONE', #4191, #457 ) ;
#2761 = ADVANCED_FACE ( 'NONE', ( #2150 ), #4324, .F. ) ;
#2762 = ORIENTED_EDGE ( 'NONE', *, *, #148, .T. ) ;
#2763 = DIRECTION ( 'NONE',  ( 1.734723475976807094E-16, 0.000000000000000000, 1.000000000000000000 ) ) ;
#2764 = EDGE_CURVE ( 'NONE', #4618, #3247, #424, .T. ) ;
#2765 = ORIENTED_EDGE ( 'NONE', *, *, #2769, .F. ) ;
#2766 = CARTESIAN_POINT ( 'NONE',  ( -19.99999999999998934, 25.00000000000000000, -25.75735931288072678 ) ) ;
#2767 = CYLINDRICAL_SURFACE ( 'NONE', #537, 2.000000000000003109 ) ;
#2768 = CARTESIAN_POINT ( 'NONE',  ( 17.02960371119772631, 20.81087875677146926, 4.301083591960805919 ) ) ;
#2769 = EDGE_CURVE ( 'NONE', #2518, #261, #3635, .T. ) ;
#2770 = ORIENTED_EDGE ( 'NONE', *, *, #4269, .F. ) ;
#2771 = FACE_OUTER_BOUND ( 'NONE', #3448, .T. ) ;
#2772 = DIRECTION ( 'NONE',  ( -0.8660254037844389297, -0.4999999999999995004, 0.000000000000000000 ) ) ;
#2773 = AXIS2_PLACEMENT_3D ( 'NONE', #1043, #4601, #1369 ) ;
#2774 = DIRECTION ( 'NONE',  ( 5.782411586589358625E-17, -0.000000000000000000, -1.000000000000000000 ) ) ;
#2775 = DIRECTION ( 'NONE',  ( 0.000000000000000000, 0.000000000000000000, -1.000000000000000000 ) ) ;
#2776 = ORIENTED_EDGE ( 'NONE', *, *, #288, .F. ) ;
#2777 = EDGE_LOOP ( 'NONE', ( #3663, #1526 ) ) ;
#2778 = DIRECTION ( 'NONE',  ( -1.000000000000000000, 0.000000000000000000, 5.782411586589358625E-17 ) ) ;
#2779 = CIRCLE ( 'NONE', #98, 2.249999999999998668 ) ;
#2780 = DIRECTION ( 'NONE',  ( -0.000000000000000000, -0.000000000000000000, -1.000000000000000000 ) ) ;
#2781 = VECTOR ( 'NONE', #1491, 1000.000000000000000 ) ;
#2782 = CYLINDRICAL_SURFACE ( 'NONE', #2496, 1.799999999999999600 ) ;
#2783 = EDGE_LOOP ( 'NONE', ( #4184, #3922, #1236, #3669 ) ) ;
#2784 = FACE_OUTER_BOUND ( 'NONE', #803, .T. ) ;
#2785 = VERTEX_POINT ( 'NONE', #3943 ) ;
#2786 = FACE_OUTER_BOUND ( 'NONE', #391, .T. ) ;
#2787 = EDGE_CURVE ( 'NONE', #216, #2320, #3024, .T. ) ;
#2788 = CARTESIAN_POINT ( 'NONE',  ( -12.99999999999999645, 25.00000000000000000, 7.500000000000002665 ) ) ;
#2789 = ORIENTED_EDGE ( 'NONE', *, *, #4514, .T. ) ;
#2790 = DIRECTION ( 'NONE',  ( -0.000000000000000000, -1.000000000000000000, -0.000000000000000000 ) ) ;
#2791 = VECTOR ( 'NONE', #1398, 1000.000000000000000 ) ;
#2792 = CARTESIAN_POINT ( 'NONE',  ( -24.99999999999999289, 16.00000000000000000, -6.370357849706006270 ) ) ;
#2793 = EDGE_CURVE ( 'NONE', #1204, #367, #772, .T. ) ;
#2794 = EDGE_CURVE ( 'NONE', #734, #3945, #3776, .T. ) ;
#2795 = AXIS2_PLACEMENT_3D ( 'NONE', #1259, #2267, #3367 ) ;
#2796 = PRODUCT_DEFINITION_CONTEXT ( 'detailed design', #501, 'design' ) ;
#2797 = EDGE_LOOP ( 'NONE', ( #2585, #1874 ) ) ;
#2798 = CARTESIAN_POINT ( 'NONE',  ( -24.99999999999998934, 25.00000000000000000, 30.00000000000000711 ) ) ;
#2799 = DIRECTION ( 'NONE',  ( -0.000000000000000000, -0.000000000000000000, -1.000000000000000000 ) ) ;
#2800 = EDGE_CURVE ( 'NONE', #3093, #497, #1798, .T. ) ;
#2801 = VECTOR ( 'NONE', #2198, 1000.000000000000000 ) ;
#2802 = TOROIDAL_SURFACE ( 'NONE', #4012, 14.00000000000000178, 8.000000000000000000 ) ;
#2803 = CARTESIAN_POINT ( 'NONE',  ( 14.00000000000000178, -1.898202538678397557E-15, 20.00000000000000355 ) ) ;
#2804 = VERTEX_POINT ( 'NONE', #3266 ) ;
#2805 = EDGE_LOOP ( 'NONE', ( #4253, #3794, #2445, #7 ) ) ;
#2806 = LINE ( 'NONE', #4626, #788 ) ;
#2807 = VECTOR ( 'NONE', #139, 1000.000000000000000 ) ;
#2808 = CARTESIAN_POINT ( 'NONE',  ( -24.99999999999999645, 16.00000000000000000, -10.72380529476360245 ) ) ;
#2809 = DIRECTION ( 'NONE',  ( 0.000000000000000000, 0.000000000000000000, -1.000000000000000000 ) ) ;
#2810 = ORIENTED_EDGE ( 'NONE', *, *, #4525, .F. ) ;
#2811 = CARTESIAN_POINT ( 'NONE',  ( 0.000000000000000000, 25.00000000000000000, 31.00000000000000355 ) ) ;
#2812 = AXIS2_PLACEMENT_3D ( 'NONE', #2250, #319, #2040 ) ;
#2813 = ORIENTED_EDGE ( 'NONE', *, *, #4102, .F. ) ;
#2814 = DIRECTION ( 'NONE',  ( 0.000000000000000000, -0.7071067811865474617, 0.7071067811865476838 ) ) ;
#2815 = PLANE ( 'NONE',  #2101 ) ;
#2816 = EDGE_LOOP ( 'NONE', ( #1699, #1914, #2669, #506 ) ) ;
#2817 = CARTESIAN_POINT ( 'NONE',  ( -18.11055648942728524, 19.39823870013227136, 2.159726611694451570 ) ) ;
#2818 = EDGE_CURVE ( 'NONE', #2406, #4115, #343, .T. ) ;
#2819 = LINE ( 'NONE', #1335, #3391 ) ;
#2820 = ORIENTED_EDGE ( 'NONE', *, *, #1171, .F. ) ;
#2821 = EDGE_CURVE ( 'NONE', #4435, #2243, #3341, .T. ) ;
#2822 = CARTESIAN_POINT ( 'NONE',  ( 22.00000000000000711, 0.000000000000000000, -1.272130549049659193E-15 ) ) ;
#2823 = CARTESIAN_POINT ( 'NONE',  ( 5.000000000000000888, 25.00000000000000000, 26.00000000000000711 ) ) ;
#2824 = EDGE_CURVE ( 'NONE', #2096, #3130, #35, .T. ) ;
#2825 = LINE ( 'NONE', #4550, #3782 ) ;
#2826 = ORIENTED_EDGE ( 'NONE', *, *, #3624, .T. ) ;
#2827 = PLANE ( 'NONE',  #2655 ) ;
#2828 = DIRECTION ( 'NONE',  ( 0.000000000000000000, 0.000000000000000000, -1.000000000000000000 ) ) ;
#2829 = DIRECTION ( 'NONE',  ( 0.000000000000000000, 1.734723475976806897E-15, 1.000000000000000000 ) ) ;
#2830 = CARTESIAN_POINT ( 'NONE',  ( 0.000000000000000000, 0.000000000000000000, 0.000000000000000000 ) ) ;
#2831 = ORIENTED_EDGE ( 'NONE', *, *, #4496, .F. ) ;
#2832 = FACE_OUTER_BOUND ( 'NONE', #952, .T. ) ;
#2833 = FACE_OUTER_BOUND ( 'NONE', #1469, .T. ) ;
#2834 = CARTESIAN_POINT ( 'NONE',  ( -14.00000000000000178, 0.000000000000000000, 6.360652745248293994E-16 ) ) ;
#2835 = ORIENTED_EDGE ( 'NONE', *, *, #3944, .F. ) ;
#2836 = LINE ( 'NONE', #250, #1353 ) ;
#2837 =( BOUNDED_CURVE ( )  B_SPLINE_CURVE ( 3, ( #3960, #1434, #1482, #4315 ),
 .UNSPECIFIED., .F., .T. ) 
 B_SPLINE_CURVE_WITH_KNOTS ( ( 4, 4 ),
 ( 3.141592653589793116, 6.283185307179586232 ),
 .UNSPECIFIED. ) 
 CURVE ( )  GEOMETRIC_REPRESENTATION_ITEM ( )  RATIONAL_B_SPLINE_CURVE ( ( 1.000000000000000000, 0.3333333333333333703, 0.3333333333333333703, 1.000000000000000000 ) ) 
 REPRESENTATION_ITEM ( '' )  );
#2838 = EDGE_CURVE ( 'NONE', #3988, #840, #1094, .T. ) ;
#2839 = ORIENTED_EDGE ( 'NONE', *, *, #3081, .T. ) ;
#2840 = CARTESIAN_POINT ( 'NONE',  ( 14.00000000000000178, 11.99999999999999822, 20.00000000000000355 ) ) ;
#2841 = CARTESIAN_POINT ( 'NONE',  ( 17.00000000000000711, 25.00000000000000000, 5.999999999999997335 ) ) ;
#2842 = EDGE_CURVE ( 'NONE', #3425, #3398, #2482, .T. ) ;
#2843 = DIRECTION ( 'NONE',  ( -1.000000000000000000, 0.000000000000000000, 1.734723475976807094E-16 ) ) ;
#2844 = CARTESIAN_POINT ( 'NONE',  ( 18.64951162431579945, 19.05425212489530296, -0.9163499663341491130 ) ) ;
#2845 = ORIENTED_EDGE ( 'NONE', *, *, #2444, .F. ) ;
#2846 = DIRECTION ( 'NONE',  ( 0.7071067811865491270, 0.000000000000000000, -0.7071067811865459074 ) ) ;
#2847 = PLANE ( 'NONE',  #2773 ) ;
#2848 = EDGE_CURVE ( 'NONE', #2785, #4112, #2874, .T. ) ;
#2849 = CIRCLE ( 'NONE', #536, 2.000000000000002665 ) ;
#2850 = LINE ( 'NONE', #290, #1603 ) ;
#2851 = ORIENTED_EDGE ( 'NONE', *, *, #1494, .T. ) ;
#2852 = AXIS2_PLACEMENT_3D ( 'NONE', #3383, #1587, #3019 ) ;
#2853 = LINE ( 'NONE', #2061, #1214 ) ;
#2854 = ORIENTED_EDGE ( 'NONE', *, *, #1588, .T. ) ;
#2855 = CIRCLE ( 'NONE', #835, 8.000000000000000000 ) ;
#2856 = ORIENTED_EDGE ( 'NONE', *, *, #894, .T. ) ;
#2857 = DIRECTION ( 'NONE',  ( -0.8660254037844387076, -0.4999999999999997780, 0.000000000000000000 ) ) ;
#2858 = ORIENTED_EDGE ( 'NONE', *, *, #1574, .F. ) ;
#2859 = CARTESIAN_POINT ( 'NONE',  ( -24.50000000000000711, 7.020725942163696054, 30.00000000000000711 ) ) ;
#2860 = FACE_OUTER_BOUND ( 'NONE', #2371, .T. ) ;
#2861 = CARTESIAN_POINT ( 'NONE',  ( -24.99999999999999289, 25.00000000000000355, 4.336808689942017736E-15 ) ) ;
#2862 = DIRECTION ( 'NONE',  ( 0.000000000000000000, 0.000000000000000000, 1.000000000000000000 ) ) ;
#2863 = DIRECTION ( 'NONE',  ( 0.8660254037844383745, 0.5000000000000004441, 0.000000000000000000 ) ) ;
#2864 = LINE ( 'NONE', #4400, #170 ) ;
#2865 = CARTESIAN_POINT ( 'NONE',  ( 17.03261404414213942, 20.79660285899145222, 4.287383549608269284 ) ) ;
#2866 = ORIENTED_EDGE ( 'NONE', *, *, #1708, .F. ) ;
#2867 = DIRECTION ( 'NONE',  ( 0.000000000000000000, -1.000000000000000000, 0.000000000000000000 ) ) ;
#2868 = EDGE_CURVE ( 'NONE', #730, #1366, #2197, .T. ) ;
#2869 = AXIS2_PLACEMENT_3D ( 'NONE', #2102, #1773, #3569 ) ;
#2870 = LINE ( 'NONE', #1066, #271 ) ;
#2871 = EDGE_LOOP ( 'NONE', ( #2951, #2114, #4515, #63, #4042, #2597 ) ) ;
#2872 = VECTOR ( 'NONE', #3768, 1000.000000000000000 ) ;
#2873 = EDGE_CURVE ( 'NONE', #2206, #1026, #3219, .T. ) ;
#2874 = LINE ( 'NONE', #1418, #3104 ) ;
#2875 = VECTOR ( 'NONE', #3746, 1000.000000000000000 ) ;
#2876 = ORIENTED_EDGE ( 'NONE', *, *, #1487, .T. ) ;
#2877 = EDGE_CURVE ( 'NONE', #2896, #730, #1847, .T. ) ;
#2878 = ORIENTED_EDGE ( 'NONE', *, *, #3685, .F. ) ;
#2879 = LINE ( 'NONE', #3293, #2781 ) ;
#2880 = CIRCLE ( 'NONE', #1158, 3.599999999999999201 ) ;
#2881 = CARTESIAN_POINT ( 'NONE',  ( 25.00000000000000355, 16.00000000000000000, 10.72380529476432010 ) ) ;
#2882 = ORIENTED_EDGE ( 'NONE', *, *, #3138, .F. ) ;
#2883 = ORIENTED_EDGE ( 'NONE', *, *, #3373, .T. ) ;
#2884 = DIRECTION ( 'NONE',  ( 0.000000000000000000, 0.000000000000000000, 1.000000000000000000 ) ) ;
#2885 = CARTESIAN_POINT ( 'NONE',  ( 8.750000000000005329, 7.886538598597003791, 12.17084380241115049 ) ) ;
#2886 = CARTESIAN_POINT ( 'NONE',  ( 14.99999999999998934, 25.00000000000000000, 30.00000000000000711 ) ) ;
#2887 = CARTESIAN_POINT ( 'NONE',  ( 25.99999999999998934, 6.938893903907228378E-15, 25.00000000000000355 ) ) ;
#2888 =( BOUNDED_CURVE ( )  B_SPLINE_CURVE ( 3, ( #3575, #729, #3147, #1446 ),
 .UNSPECIFIED., .F., .T. ) 
 B_SPLINE_CURVE_WITH_KNOTS ( ( 4, 4 ),
 ( 3.141592653589793116, 4.430908907153846776 ),
 .UNSPECIFIED. ) 
 CURVE ( )  GEOMETRIC_REPRESENTATION_ITEM ( )  RATIONAL_B_SPLINE_CURVE ( ( 1.000000000000000000, 0.8662035025903016550, 0.8662035025903016550, 1.000000000000000000 ) ) 
 REPRESENTATION_ITEM ( '' )  );
#2889 = EDGE_LOOP ( 'NONE', ( #202, #1870, #2566, #2028, #220, #1517 ) ) ;
#2890 = FACE_OUTER_BOUND ( 'NONE', #1380, .T. ) ;
#2891 = FILL_AREA_STYLE ('',( #3961 ) ) ;
#2892 = EDGE_CURVE ( 'NONE', #2577, #4314, #3573, .T. ) ;
#2893 = DIRECTION ( 'NONE',  ( -1.000000000000000000, 0.000000000000000000, 0.000000000000000000 ) ) ;
#2894 = ORIENTED_EDGE ( 'NONE', *, *, #3741, .F. ) ;
#2895 = CARTESIAN_POINT ( 'NONE',  ( 25.41421356237309936, 8.746662679923435491, 25.00000000000000355 ) ) ;
#2896 = VERTEX_POINT ( 'NONE', #1486 ) ;
#2897 = DIRECTION ( 'NONE',  ( 0.000000000000000000, 0.000000000000000000, -1.000000000000000000 ) ) ;
#2898 = EDGE_CURVE ( 'NONE', #861, #2785, #3020, .T. ) ;
#2899 = ORIENTED_EDGE ( 'NONE', *, *, #3624, .F. ) ;
#2900 = CARTESIAN_POINT ( 'NONE',  ( -21.00000000000000000, 5.000000000000004441, 30.00000000000000711 ) ) ;
#2901 = ORIENTED_EDGE ( 'NONE', *, *, #1817, .T. ) ;
#2902 = LINE ( 'NONE', #3577, #1128 ) ;
#2903 = PLANE ( 'NONE',  #4608 ) ;
#2904 = EDGE_CURVE ( 'NONE', #253, #3080, #4367, .T. ) ;
#2905 = ORIENTED_EDGE ( 'NONE', *, *, #1540, .T. ) ;
#2906 = VERTEX_POINT ( 'NONE', #1516 ) ;
#2907 = CARTESIAN_POINT ( 'NONE',  ( 0.000000000000000000, 25.00000000000000000, 31.00000000000000355 ) ) ;
#2908 = DIRECTION ( 'NONE',  ( 0.8660254037844385966, -0.4999999999999999445, 0.000000000000000000 ) ) ;
#2909 = ADVANCED_FACE ( 'NONE', ( #3797 ), #1891, .T. ) ;
#2910 = DIRECTION ( 'NONE',  ( 2.891205793294677833E-16, 0.000000000000000000, 1.000000000000000000 ) ) ;
#2911 = FACE_OUTER_BOUND ( 'NONE', #2264, .T. ) ;
#2912 = CARTESIAN_POINT ( 'NONE',  ( -10.00000000000000178, 8.000000000000000000, 23.00000000000000355 ) ) ;
#2913 = ORIENTED_EDGE ( 'NONE', *, *, #2073, .T. ) ;
#2914 = CARTESIAN_POINT ( 'NONE',  ( 21.99999999999998579, 25.00000000000000000, -29.99999999999999289 ) ) ;
#2915 = PLANE ( 'NONE',  #4512 ) ;
#2916 = DIRECTION ( 'NONE',  ( -8.590786576291858771E-17, 0.7659860924831148887, -0.6428571428571427937 ) ) ;
#2917 = DIRECTION ( 'NONE',  ( -0.000000000000000000, -1.000000000000000000, -0.000000000000000000 ) ) ;
#2918 = EDGE_LOOP ( 'NONE', ( #3433, #856, #268, #1677 ) ) ;
#2919 = CARTESIAN_POINT ( 'NONE',  ( -16.99999999999998934, 25.00000000000000355, 2.949029909160571666E-15 ) ) ;
#2920 = VECTOR ( 'NONE', #2121, 1000.000000000000000 ) ;
#2921 = LINE ( 'NONE', #841, #2328 ) ;
#2922 = EDGE_LOOP ( 'NONE', ( #3967, #1549, #916, #4394, #885, #1495, #1659 ) ) ;
#2923 = CARTESIAN_POINT ( 'NONE',  ( -17.50000000000000711, 2.979274057836317713, 23.00000000000000711 ) ) ;
#2924 = CIRCLE ( 'NONE', #25, 2.249999999999998668 ) ;
#2925 = VECTOR ( 'NONE', #1679, 1000.000000000000000 ) ;
#2926 = EDGE_CURVE ( 'NONE', #674, #1229, #2432, .T. ) ;
#2927 = CARTESIAN_POINT ( 'NONE',  ( 17.00000000000001066, 21.14285714285751538, 4.595916554898990647 ) ) ;
#2928 = ORIENTED_EDGE ( 'NONE', *, *, #1528, .T. ) ;
#2929 = CARTESIAN_POINT ( 'NONE',  ( -13.00000000000000000, 25.00000000000000000, -7.499999999999997335 ) ) ;
#2930 = CARTESIAN_POINT ( 'NONE',  ( 25.00000000000000355, 2.999999999999981792, 24.00000000000000000 ) ) ;
#2931 = EDGE_CURVE ( 'NONE', #4537, #323, #1730, .T. ) ;
#2932 = CARTESIAN_POINT ( 'NONE',  ( 25.00000000000043343, 15.99999999999944933, -2.053325650059703023 ) ) ;
#2933 = CARTESIAN_POINT ( 'NONE',  ( -15.00000000000000355, 25.00000000000000000, 35.00000000000000000 ) ) ;
#2934 = DIRECTION ( 'NONE',  ( 0.000000000000000000, 1.000000000000000000, 0.000000000000000000 ) ) ;
#2935 = ORIENTED_EDGE ( 'NONE', *, *, #3891, .T. ) ;
#2936 = DIRECTION ( 'NONE',  ( -0.000000000000000000, -0.000000000000000000, 1.000000000000000000 ) ) ;
#2937 = CIRCLE ( 'NONE', #928, 2.249999999999998668 ) ;
#2938 = DIRECTION ( 'NONE',  ( 0.000000000000000000, 1.000000000000000000, 0.000000000000000000 ) ) ;
#2939 = ORIENTED_EDGE ( 'NONE', *, *, #792, .F. ) ;
#2940 = DIRECTION ( 'NONE',  ( 1.000000000000000000, 0.000000000000000000, -0.000000000000000000 ) ) ;
#2941 = CIRCLE ( 'NONE', #2869, 3.599999999999999201 ) ;
#2942 = DIRECTION ( 'NONE',  ( -0.000000000000000000, -0.7071067811865474617, 0.7071067811865476838 ) ) ;
#2943 = ORIENTED_EDGE ( 'NONE', *, *, #219, .F. ) ;
#2944 = DIRECTION ( 'NONE',  ( 1.734723475976807094E-16, 0.000000000000000000, 1.000000000000000000 ) ) ;
#2945 = VECTOR ( 'NONE', #1438, 1000.000000000000000 ) ;
#2946 = ORIENTED_EDGE ( 'NONE', *, *, #2180, .T. ) ;
#2947 = DIRECTION ( 'NONE',  ( 1.000000000000000000, -0.000000000000000000, 0.000000000000000000 ) ) ;
#2948 = LINE ( 'NONE', #1451, #1895 ) ;
#2949 = AXIS2_PLACEMENT_3D ( 'NONE', #3648, #2166, #3282 ) ;
#2950 = EDGE_CURVE ( 'NONE', #4314, #2168, #1224, .T. ) ;
#2951 = ORIENTED_EDGE ( 'NONE', *, *, #1781, .T. ) ;
#2952 = CARTESIAN_POINT ( 'NONE',  ( -19.99999999999998934, 8.917843534520903503, -39.01108865361364764 ) ) ;
#2953 = VECTOR ( 'NONE', #324, 1000.000000000000000 ) ;
#2954 = DIRECTION ( 'NONE',  ( 0.000000000000000000, 0.000000000000000000, -1.000000000000000000 ) ) ;
#2955 = CARTESIAN_POINT ( 'NONE',  ( 25.00000000000000355, 25.00000000000000000, 13.99999999999999822 ) ) ;
#2956 = CARTESIAN_POINT ( 'NONE',  ( 18.73149306115606549, 19.01242416359335863, -0.4439174290668003731 ) ) ;
#2957 = LINE ( 'NONE', #1221, #4374 ) ;
#2958 =( BOUNDED_CURVE ( )  B_SPLINE_CURVE ( 3, ( #3111, #3159, #1297, #3838 ),
 .UNSPECIFIED., .F., .T. ) 
 B_SPLINE_CURVE_WITH_KNOTS ( ( 4, 4 ),
 ( 0.000000000000000000, 3.141592653589793116 ),
 .UNSPECIFIED. ) 
 CURVE ( )  GEOMETRIC_REPRESENTATION_ITEM ( )  RATIONAL_B_SPLINE_CURVE ( ( 1.000000000000000000, 0.3333333333333333703, 0.3333333333333333703, 1.000000000000000000 ) ) 
 REPRESENTATION_ITEM ( '' )  );
#2959 = CARTESIAN_POINT ( 'NONE',  ( 13.00000000000000178, 25.00000000000000355, -2.255140518769849223E-15 ) ) ;
#2960 = EDGE_CURVE ( 'NONE', #2804, #1365, #2269, .T. ) ;
#2961 = ORIENTED_EDGE ( 'NONE', *, *, #1288, .F. ) ;
#2962 = DIRECTION ( 'NONE',  ( 0.6785983445458482199, -0.6785983445458453334, 0.2810846377148217279 ) ) ;
#2963 = ADVANCED_FACE ( 'NONE', ( #332 ), #3543, .F. ) ;
#2964 = EDGE_CURVE ( 'NONE', #2988, #1280, #4272, .T. ) ;
#2965 = CARTESIAN_POINT ( 'NONE',  ( 25.00000000000000000, 16.00000000000000355, -8.098699445802029828 ) ) ;
#2966 = CYLINDRICAL_SURFACE ( 'NONE', #2571, 2.000000000000003109 ) ;
#2967 = VERTEX_POINT ( 'NONE', #2808 ) ;
#2968 = DIRECTION ( 'NONE',  ( -0.000000000000000000, -0.000000000000000000, -1.000000000000000000 ) ) ;
#2969 = EDGE_CURVE ( 'NONE', #306, #1268, #1707, .T. ) ;
#2970 = ORIENTED_EDGE ( 'NONE', *, *, #3971, .F. ) ;
#2971 = CARTESIAN_POINT ( 'NONE',  ( -8.749999999999998224, 8.000000000000000000, 4.987329993433320396E-15 ) ) ;
#2972 = EDGE_LOOP ( 'NONE', ( #3417, #2608, #3269, #1840 ) ) ;
#2973 = CARTESIAN_POINT ( 'NONE',  ( -25.00000000000000000, 2.999999999999981792, -29.99999999999999289 ) ) ;
#2974 = DIRECTION ( 'NONE',  ( 0.000000000000000000, 0.000000000000000000, -1.000000000000000000 ) ) ;
#2975 = ORIENTED_EDGE ( 'NONE', *, *, #3257, .T. ) ;
#2976 = LINE ( 'NONE', #2297, #4508 ) ;
#2977 = CARTESIAN_POINT ( 'NONE',  ( 24.60000000000000497, 5.000000000000004441, -19.99999999999998934 ) ) ;
#2978 = CARTESIAN_POINT ( 'NONE',  ( -18.32472798988373697, 19.25141424594604445, -1.732234183952675810 ) ) ;
#2979 = CARTESIAN_POINT ( 'NONE',  ( 22.43862659955728134, 1.521577968863570884, -27.47056891309838988 ) ) ;
#2980 = CARTESIAN_POINT ( 'NONE',  ( 14.00000000000000178, 12.00000000000000000, -15.00000000000000178 ) ) ;
#2981 = ORIENTED_EDGE ( 'NONE', *, *, #2069, .F. ) ;
#2982 = DIRECTION ( 'NONE',  ( -1.000000000000000000, 0.000000000000000000, 0.000000000000000000 ) ) ;
#2983 = PLANE ( 'NONE',  #4431 ) ;
#2984 = ADVANCED_FACE ( 'NONE', ( #239, #586 ), #632, .T. ) ;
#2985 =( BOUNDED_CURVE ( )  B_SPLINE_CURVE ( 3, ( #956, #2405, #654, #3915 ),
 .UNSPECIFIED., .F., .T. ) 
 B_SPLINE_CURVE_WITH_KNOTS ( ( 4, 4 ),
 ( 3.141592653589793116, 6.283185307179586232 ),
 .UNSPECIFIED. ) 
 CURVE ( )  GEOMETRIC_REPRESENTATION_ITEM ( )  RATIONAL_B_SPLINE_CURVE ( ( 1.000000000000000000, 0.3333333333333333703, 0.3333333333333333703, 1.000000000000000000 ) ) 
 REPRESENTATION_ITEM ( '' )  );
#2986 = CARTESIAN_POINT ( 'NONE',  ( 24.04541567955344661, 21.09711579230155820, -4.637476287947931652 ) ) ;
#2987 = DIRECTION ( 'NONE',  ( 0.000000000000000000, 1.000000000000000000, 0.000000000000000000 ) ) ;
#2988 = VERTEX_POINT ( 'NONE', #1664 ) ;
#2989 = ORIENTED_EDGE ( 'NONE', *, *, #3143, .T. ) ;
#2990 = CARTESIAN_POINT ( 'NONE',  ( -1.777075447557705301, 17.45216615706919328, 19.59676297721143357 ) ) ;
#2991 = ORIENTED_EDGE ( 'NONE', *, *, #3250, .T. ) ;
#2992 = CARTESIAN_POINT ( 'NONE',  ( 8.750000000000003553, 25.00000000000000000, -1.517883041479706996E-15 ) ) ;
#2993 = EDGE_LOOP ( 'NONE', ( #2486, #2181 ) ) ;
#2994 = EDGE_CURVE ( 'NONE', #2243, #3947, #3502, .T. ) ;
#2995 = DIRECTION ( 'NONE',  ( 0.000000000000000000, -1.000000000000000000, 0.000000000000000000 ) ) ;
#2996 = PRODUCT ( 'Gearbox - Top', 'Gearbox - Top', '', ( #4217 ) ) ;
#2997 = VECTOR ( 'NONE', #1662, 1000.000000000000000 ) ;
#2998 = DIRECTION ( 'NONE',  ( 0.000000000000000000, 0.000000000000000000, -1.000000000000000000 ) ) ;
#2999 = ORIENTED_EDGE ( 'NONE', *, *, #1788, .T. ) ;
#3000 = AXIS2_PLACEMENT_3D ( 'NONE', #825, #3279, #806 ) ;
#3001 = DIRECTION ( 'NONE',  ( 0.000000000000000000, -1.000000000000000000, 0.000000000000000000 ) ) ;
#3002 = CARTESIAN_POINT ( 'NONE',  ( 21.00000000000000355, 5.000000000000003553, -29.99999999999999289 ) ) ;
#3003 = CARTESIAN_POINT ( 'NONE',  ( -23.83946201761420980, 21.00210517514937081, 4.584288614772995984 ) ) ;
#3004 = CARTESIAN_POINT ( 'NONE',  ( 25.00000000000000355, 16.00000000000000355, 7.675522517596230720 ) ) ;
#3005 = VECTOR ( 'NONE', #1423, 1000.000000000000000 ) ;
#3006 = PLANE ( 'NONE',  #4231 ) ;
#3007 = CARTESIAN_POINT ( 'NONE',  ( -16.99999999999997158, 25.00000000000000000, -5.999999999999996447 ) ) ;
#3008 = ORIENTED_EDGE ( 'NONE', *, *, #2192, .T. ) ;
#3009 = CARTESIAN_POINT ( 'NONE',  ( 8.750000000000005329, 7.886538598597003791, 12.17084380241115049 ) ) ;
#3010 = DIRECTION ( 'NONE',  ( -0.5000000000000000000, -0.8660254037844387076, 0.000000000000000000 ) ) ;
#3011 = AXIS2_PLACEMENT_3D ( 'NONE', #4105, #900, #2654 ) ;
#3012 = CARTESIAN_POINT ( 'NONE',  ( 17.02936486664203741, 20.81194160525301839, -4.302114739927233700 ) ) ;
#3013 = DIRECTION ( 'NONE',  ( 0.000000000000000000, -1.000000000000000000, 0.000000000000000000 ) ) ;
#3014 = ORIENTED_EDGE ( 'NONE', *, *, #2136, .F. ) ;
#3015 = ORIENTED_EDGE ( 'NONE', *, *, #4578, .T. ) ;
#3016 = EDGE_CURVE ( 'NONE', #4199, #1696, #1709, .T. ) ;
#3017 = AXIS2_PLACEMENT_3D ( 'NONE', #2675, #453, #4401 ) ;
#3018 = CARTESIAN_POINT ( 'NONE',  ( -3.450157443695547332, 18.04207194221800847, 19.81488940744722171 ) ) ;
#3019 = DIRECTION ( 'NONE',  ( 0.7071067811865466846, -0.000000000000000000, 0.7071067811865483499 ) ) ;
#3020 =( BOUNDED_CURVE ( )  B_SPLINE_CURVE ( 3, ( #1137, #1777, #1254, #1182 ),
 .UNSPECIFIED., .F., .T. ) 
 B_SPLINE_CURVE_WITH_KNOTS ( ( 4, 4 ),
 ( 2.621838273886160753, 3.507878301498026818 ),
 .UNSPECIFIED. ) 
 CURVE ( )  GEOMETRIC_REPRESENTATION_ITEM ( )  RATIONAL_B_SPLINE_CURVE ( ( 1.000000000000000000, 0.9356407974847966713, 0.9356407974847966713, 1.000000000000000000 ) ) 
 REPRESENTATION_ITEM ( '' )  );
#3021 = EDGE_LOOP ( 'NONE', ( #1463, #3728 ) ) ;
#3022 = DIRECTION ( 'NONE',  ( 0.000000000000000000, -1.000000000000000000, 0.000000000000000000 ) ) ;
#3023 = VERTEX_POINT ( 'NONE', #2404 ) ;
#3024 = CIRCLE ( 'NONE', #2051, 2.249999999999998668 ) ;
#3025 = FACE_OUTER_BOUND ( 'NONE', #4022, .T. ) ;
#3026 = CARTESIAN_POINT ( 'NONE',  ( -14.00000000000000178, 12.00000000000000000, 7.000000000000014211 ) ) ;
#3027 = CIRCLE ( 'NONE', #1376, 1.799999999999999600 ) ;
#3028 = EDGE_LOOP ( 'NONE', ( #2505, #3778, #1174, #997, #2339, #2593, #3888, #1725, #3149, #3870, #1357, #3237, #3486, #4159, #1726, #2882, #3325 ) ) ;
#3029 = DIRECTION ( 'NONE',  ( -0.000000000000000000, -0.000000000000000000, 1.000000000000000000 ) ) ;
#3030 = DIRECTION ( 'NONE',  ( -0.000000000000000000, -0.000000000000000000, -1.000000000000000000 ) ) ;
#3031 = CARTESIAN_POINT ( 'NONE',  ( -24.04541567955257264, 21.09711579229982092, 4.637476287947683851 ) ) ;
#3032 = AXIS2_PLACEMENT_3D ( 'NONE', #120, #1132, #1157 ) ;
#3033 = CARTESIAN_POINT ( 'NONE',  ( 22.60051930908421980, 19.02544817896701801, -0.6724889474736712724 ) ) ;
#3034 = CARTESIAN_POINT ( 'NONE',  ( 8.750000000000003553, 25.00000000000000000, 1.951563910473907587E-15 ) ) ;
#3035 = AXIS2_PLACEMENT_3D ( 'NONE', #3790, #1999, #1910 ) ;
#3036 = ORIENTED_EDGE ( 'NONE', *, *, #2737, .T. ) ;
#3037 = CARTESIAN_POINT ( 'NONE',  ( -21.00000000000000000, 4.999999999999995559, -19.99999999999998934 ) ) ;
#3038 = DIRECTION ( 'NONE',  ( 1.000000000000000000, 0.000000000000000000, -5.782411586589358625E-17 ) ) ;
#3039 = CARTESIAN_POINT ( 'NONE',  ( 22.77517092940736276, 19.74385051114930079, -3.072222390739924869 ) ) ;
#3040 = CARTESIAN_POINT ( 'NONE',  ( -19.99999999999998934, 12.97918471982872646, -29.99999999999999289 ) ) ;
#3041 = ORIENTED_EDGE ( 'NONE', *, *, #2621, .F. ) ;
#3042 = VERTEX_POINT ( 'NONE', #289 ) ;
#3043 = CARTESIAN_POINT ( 'NONE',  ( -14.00000000000000178, 0.000000000000000000, -15.00000000000000178 ) ) ;
#3044 = CARTESIAN_POINT ( 'NONE',  ( -17.50000000000000711, 7.020725942163698718, 23.00000000000000711 ) ) ;
#3045 = EDGE_CURVE ( 'NONE', #3199, #1115, #4612, .T. ) ;
#3046 = ORIENTED_EDGE ( 'NONE', *, *, #992, .F. ) ;
#3047 = DIRECTION ( 'NONE',  ( -1.000000000000000000, 0.000000000000000000, 0.000000000000000000 ) ) ;
#3048 = ORIENTED_EDGE ( 'NONE', *, *, #2549, .F. ) ;
#3049 = DIRECTION ( 'NONE',  ( 0.000000000000000000, -1.000000000000000000, 0.000000000000000000 ) ) ;
#3050 = CARTESIAN_POINT ( 'NONE',  ( 10.00000000000000533, 15.00000000000000711, 32.07106781186548261 ) ) ;
#3051 = ADVANCED_FACE ( 'NONE', ( #653 ), #974, .F. ) ;
#3052 = EDGE_LOOP ( 'NONE', ( #3409, #1946 ) ) ;
#3053 = DIRECTION ( 'NONE',  ( -0.000000000000000000, -0.7071067811865474617, 0.7071067811865476838 ) ) ;
#3054 = CARTESIAN_POINT ( 'NONE',  ( -10.00000000000000178, 25.00000000000000000, 30.00000000000000711 ) ) ;
#3055 = CARTESIAN_POINT ( 'NONE',  ( -17.37156692731571184, 20.10091222701055713, 3.470871191078485740 ) ) ;
#3056 = EDGE_CURVE ( 'NONE', #493, #494, #2687, .T. ) ;
#3057 = ADVANCED_FACE ( 'NONE', ( #2080 ), #3477, .T. ) ;
#3058 = DIRECTION ( 'NONE',  ( 1.000000000000000000, 0.000000000000000000, 0.000000000000000000 ) ) ;
#3059 = EDGE_LOOP ( 'NONE', ( #2854, #2535, #1373, #4489 ) ) ;
#3060 = DIRECTION ( 'NONE',  ( -0.000000000000000000, -1.000000000000000000, -0.000000000000000000 ) ) ;
#3061 = EDGE_CURVE ( 'NONE', #1645, #3679, #1070, .T. ) ;
#3062 = DIRECTION ( 'NONE',  ( 1.000000000000000000, 0.000000000000000000, 0.000000000000000000 ) ) ;
#3063 = EDGE_LOOP ( 'NONE', ( #588, #4583, #1877, #4288, #3789 ) ) ;
#3064 = ORIENTED_EDGE ( 'NONE', *, *, #1904, .F. ) ;
#3065 = CARTESIAN_POINT ( 'NONE',  ( 0.5010857591414753509, 17.24938955432329024, 19.51737785048958784 ) ) ;
#3066 = CARTESIAN_POINT ( 'NONE',  ( -7.750000000000000000, 25.00000000000000000, 18.00000000000000711 ) ) ;
#3067 = ORIENTED_EDGE ( 'NONE', *, *, #4164, .T. ) ;
#3068 = CARTESIAN_POINT ( 'NONE',  ( -18.75000000000000355, 5.000000000000004441, -19.99999999999998934 ) ) ;
#3069 = ORIENTED_EDGE ( 'NONE', *, *, #2246, .T. ) ;
#3070 = CARTESIAN_POINT ( 'NONE',  ( 7.750000000000000000, 25.00000000000000000, 26.00000000000000711 ) ) ;
#3071 = CARTESIAN_POINT ( 'NONE',  ( -24.99999999999999289, 25.00000000000000000, 14.00000000000000533 ) ) ;
#3072 =( BOUNDED_SURFACE ( )  B_SPLINE_SURFACE ( 3, 2, ( 
 ( #182, #3786, #897 ),
 ( #1949, #2627, #474 ),
 ( #574, #2697, #1552 ),
 ( #4176, #3031, #1220 ),
 ( #3371, #3003, #3394 ),
 ( #3055, #4100, #4447 ),
 ( #4149, #1902, #922 ),
 ( #2322, #502, #2273 ),
 ( #4495, #2650, #1996 ),
 ( #157, #1627, #873 ),
 ( #2300, #3735, #946 ),
 ( #522, #4419, #4474 ),
 ( #1602, #1242, #227 ),
 ( #3441, #1647, #3759 ),
 ( #2671, #4124, #1192 ),
 ( #546, #1974, #4518 ),
 ( #1264, #4074, #3076 ),
 ( #1926, #850, #209 ),
 ( #2373, #1287, #2723 ),
 ( #3354, #135, #2348 ),
 ( #2978, #3714, #1673 ),
 ( #3128, #682, #2394 ),
 ( #1743, #3877, #2041 ),
 ( #1763, #2068, #2792 ),
 ( #3180, #4636, #2112 ),
 ( #2018, #2464, #3854 ),
 ( #642, #1054, #3102 ),
 ( #3205, #3806, #1719 ),
 ( #2090, #3488, #2442 ),
 ( #3904, #274, #1012 ),
 ( #984, #3152, #617 ),
 ( #1698, #320, #4586 ) ),
 .UNSPECIFIED., .F., .F., .T. ) 
 B_SPLINE_SURFACE_WITH_KNOTS ( ( 4, 2, 2, 2, 2, 2, 2, 2, 2, 2, 2, 2, 2, 2, 2, 4 ),
 ( 3, 3 ),
 ( 0.01322639321673888500, 0.01477060382883732884, 0.01631481444093577093, 0.01785902505303421303, 0.01940323566513265513, 0.02094744627723109723, 0.02249165688932953933, 0.02403586750142798489, 0.02558007811352642699, 0.02866849933772331466, 0.03021270994982175676, 0.03175692056192019885, 0.03330113117401864442, 0.03484534178611708305, 0.03638955239821552168, 0.03793376301031396725 ),
 ( 0.000000000000000000, 1.000000000000000000 ),
 .UNSPECIFIED. ) 
 GEOMETRIC_REPRESENTATION_ITEM ( )  RATIONAL_B_SPLINE_SURFACE ( (
 ( 1.000000000000000000, 0.7071067811865463515, 1.000000000000000000),
 ( 1.000000000000000000, 0.7184057020197444077, 1.000000000000000000),
 ( 1.000000000000000000, 0.7302540469817596636, 1.000000000000000000),
 ( 1.000000000000000000, 0.7541508185394808494, 1.000000000000000000),
 ( 1.000000000000000000, 0.7661985061108174122, 1.000000000000000000),
 ( 1.000000000000000000, 0.7897963291594505275, 1.000000000000000000),
 ( 1.000000000000000000, 0.8012540753914380032, 1.000000000000000000),
 ( 1.000000000000000000, 0.8226788485026749198, 1.000000000000000000),
 ( 1.000000000000000000, 0.8327089040955734101, 1.000000000000000000),
 ( 1.000000000000000000, 0.8510940020065879130, 1.000000000000000000),
 ( 1.000000000000000000, 0.8594514296013048282, 1.000000000000000000),
 ( 1.000000000000000000, 0.8741993033538707492, 1.000000000000000000),
 ( 1.000000000000000000, 0.8805698378826745110, 1.000000000000000000),
 ( 1.000000000000000000, 0.8908108114782069542, 1.000000000000000000),
 ( 1.000000000000000000, 0.8947308550884988110, 1.000000000000000000),
 ( 1.000000000000000000, 0.9000208668052703809, 1.000000000000000000),
 ( 1.000000000000000000, 0.9013902899416552650, 1.000000000000000000),
 ( 1.000000000000000000, 0.9013828665843118815, 1.000000000000000000),
 ( 1.000000000000000000, 0.8959669332437122380, 1.000000000000000000),
 ( 1.000000000000000000, 0.8805779915697544702, 1.000000000000000000),
 ( 1.000000000000000000, 0.8741925014311737741, 1.000000000000000000),
 ( 1.000000000000000000, 0.8594926254881374295, 1.000000000000000000),
 ( 1.000000000000000000, 0.8511555449035621557, 1.000000000000000000),
 ( 1.000000000000000000, 0.8327893099104333174, 1.000000000000000000),
 ( 1.000000000000000000, 0.8227578037484368778, 1.000000000000000000),
 ( 1.000000000000000000, 0.8012968750825494313, 1.000000000000000000),
 ( 1.000000000000000000, 0.7897899962913736971, 1.000000000000000000),
 ( 1.000000000000000000, 0.7662686402040037592, 1.000000000000000000),
 ( 1.000000000000000000, 0.7542402985009091232, 1.000000000000000000),
 ( 1.000000000000000000, 0.7303340186793949584, 1.000000000000000000),
 ( 1.000000000000000000, 0.7184567136531930798, 1.000000000000000000),
 ( 1.000000000000000000, 0.7071067811865227037, 1.000000000000000000) ) ) 
 REPRESENTATION_ITEM ( '' )  SURFACE ( )  );
#3073 = VERTEX_POINT ( 'NONE', #2538 ) ;
#3074 = DIRECTION ( 'NONE',  ( 0.7071067811865473507, -0.7071067811865477948, 0.000000000000000000 ) ) ;
#3075 = EDGE_CURVE ( 'NONE', #3130, #3099, #1793, .T. ) ;
#3076 = CARTESIAN_POINT ( 'NONE',  ( -24.99999999999964828, 16.00000000000044054, 0.5179758226557974465 ) ) ;
#3077 = AXIS2_PLACEMENT_3D ( 'NONE', #4418, #3784, #1972 ) ;
#3078 = AXIS2_PLACEMENT_3D ( 'NONE', #401, #425, #1140 ) ;
#3079 = CIRCLE ( 'NONE', #2248, 1.499999999999999556 ) ;
#3080 = VERTEX_POINT ( 'NONE', #2145 ) ;
#3081 = EDGE_CURVE ( 'NONE', #2804, #3247, #3562, .T. ) ;
#3082 = CARTESIAN_POINT ( 'NONE',  ( 0.000000000000000000, 0.000000000000000000, 35.00000000000000000 ) ) ;
#3083 = CARTESIAN_POINT ( 'NONE',  ( -15.00000000000000000, 10.00000000000000000, -18.40568056140707753 ) ) ;
#3084 = AXIS2_PLACEMENT_3D ( 'NONE', #1608, #4130, #1655 ) ;
#3085 = ADVANCED_FACE ( 'NONE', ( #767 ), #2516, .F. ) ;
#3086 = FACE_OUTER_BOUND ( 'NONE', #4439, .T. ) ;
#3087 = ORIENTED_EDGE ( 'NONE', *, *, #4164, .F. ) ;
#3088 = AXIS2_PLACEMENT_3D ( 'NONE', #3780, #3049, #131 ) ;
#3089 = ORIENTED_EDGE ( 'NONE', *, *, #1502, .T. ) ;
#3090 = CARTESIAN_POINT ( 'NONE',  ( 2.017467441043568677, 17.49991853793822116, 19.61530564007211552 ) ) ;
#3091 = DIRECTION ( 'NONE',  ( 0.000000000000000000, -1.000000000000000000, 0.000000000000000000 ) ) ;
#3092 = CARTESIAN_POINT ( 'NONE',  ( 21.00000000000001066, 9.041451884327386779, 23.00000000000000711 ) ) ;
#3093 = VERTEX_POINT ( 'NONE', #697 ) ;
#3094 = LINE ( 'NONE', #2011, #1875 ) ;
#3095 = ORIENTED_EDGE ( 'NONE', *, *, #77, .F. ) ;
#3096 = AXIS2_PLACEMENT_3D ( 'NONE', #978, #2457, #1440 ) ;
#3097 = FACE_OUTER_BOUND ( 'NONE', #2151, .T. ) ;
#3098 = VECTOR ( 'NONE', #295, 1000.000000000000000 ) ;
#3099 = VERTEX_POINT ( 'NONE', #1862 ) ;
#3100 = CARTESIAN_POINT ( 'NONE',  ( -17.13863626128316042, 20.48853865240586103, -3.961934090271379105 ) ) ;
#3101 = APPLICATION_PROTOCOL_DEFINITION ( 'draft international standard', 'automotive_design', 1998, #501 ) ;
#3102 = CARTESIAN_POINT ( 'NONE',  ( -25.00000000000005684, 15.99999999999977085, -8.098869255804061140 ) ) ;
#3103 = CARTESIAN_POINT ( 'NONE',  ( 25.00000000000000000, 16.00000000000000355, 8.908535665967949768 ) ) ;
#3104 = VECTOR ( 'NONE', #14, 1000.000000000000000 ) ;
#3105 = EDGE_CURVE ( 'NONE', #4000, #3350, #1000, .T. ) ;
#3106 = ORIENTED_EDGE ( 'NONE', *, *, #3748, .F. ) ;
#3107 = VECTOR ( 'NONE', #234, 1000.000000000000000 ) ;
#3108 = CARTESIAN_POINT ( 'NONE',  ( -14.00000000000000178, 12.00000000000000000, -15.00000000000000178 ) ) ;
#3109 = AXIS2_PLACEMENT_3D ( 'NONE', #3719, #2657, #1248 ) ;
#3110 = ADVANCED_FACE ( 'NONE', ( #4604 ), #2782, .F. ) ;
#3111 = CARTESIAN_POINT ( 'NONE',  ( 20.00000000000001066, 22.87867965644038648, -29.99999999999999289 ) ) ;
#3112 = ORIENTED_EDGE ( 'NONE', *, *, #1880, .F. ) ;
#3113 = ORIENTED_EDGE ( 'NONE', *, *, #4103, .T. ) ;
#3114 = CARTESIAN_POINT ( 'NONE',  ( 24.00000000000001776, 25.00000000000000000, 20.10050506338832577 ) ) ;
#3115 = CARTESIAN_POINT ( 'NONE',  ( 8.750000000000005329, 8.000000000000000000, 12.32882800593795558 ) ) ;
#3116 = VECTOR ( 'NONE', #3859, 1000.000000000000000 ) ;
#3117 = EDGE_CURVE ( 'NONE', #861, #3574, #3478, .T. ) ;
#3118 = EDGE_CURVE ( 'NONE', #3723, #755, #3120, .T. ) ;
#3119 = DIRECTION ( 'NONE',  ( 0.000000000000000000, 0.7071067811865475727, -0.7071067811865475727 ) ) ;
#3120 = LINE ( 'NONE', #355, #3412 ) ;
#3121 = VERTEX_POINT ( 'NONE', #1710 ) ;
#3122 = DIRECTION ( 'NONE',  ( -0.000000000000000000, -1.000000000000000000, -0.000000000000000000 ) ) ;
#3123 = ORIENTED_EDGE ( 'NONE', *, *, #2737, .F. ) ;
#3124 = ADVANCED_FACE ( 'NONE', ( #3195 ), #1372, .F. ) ;
#3125 = CARTESIAN_POINT ( 'NONE',  ( -26.99999999999998934, 0.000000000000000000, 30.00000000000000711 ) ) ;
#3126 = ORIENTED_EDGE ( 'NONE', *, *, #107, .T. ) ;
#3127 = CARTESIAN_POINT ( 'NONE',  ( 24.50000000000000355, 2.979274057836315048, 30.00000000000000711 ) ) ;
#3128 = CARTESIAN_POINT ( 'NONE',  ( -18.12016645798648895, 19.39121315279552960, -2.142051246444028223 ) ) ;
#3129 = LINE ( 'NONE', #2044, #264 ) ;
#3130 = VERTEX_POINT ( 'NONE', #1753 ) ;
#3131 = LINE ( 'NONE', #1678, #2507 ) ;
#3132 = CARTESIAN_POINT ( 'NONE',  ( -21.99999999999999289, 25.00000000000000000, -29.99999999999999289 ) ) ;
#3133 = CARTESIAN_POINT ( 'NONE',  ( 13.00000000000000355, 25.00000000000000000, 7.499999999999996447 ) ) ;
#3134 = VERTEX_POINT ( 'NONE', #2059 ) ;
#3135 = ORIENTED_EDGE ( 'NONE', *, *, #985, .T. ) ;
#3136 = DIRECTION ( 'NONE',  ( 5.782411586589358625E-17, -1.334402673828314079E-16, 1.000000000000000000 ) ) ;
#3137 = CARTESIAN_POINT ( 'NONE',  ( -15.00000000000000000, 10.00000000000000178, 30.00000000000000711 ) ) ;
#3138 = EDGE_CURVE ( 'NONE', #1239, #1919, #4575, .T. ) ;
#3139 = DIRECTION ( 'NONE',  ( 0.000000000000000000, 0.000000000000000000, -1.000000000000000000 ) ) ;
#3140 = DIRECTION ( 'NONE',  ( 1.734723475976807341E-16, -1.000000000000000000, 0.000000000000000000 ) ) ;
#3141 = ORIENTED_EDGE ( 'NONE', *, *, #2159, .F. ) ;
#3142 = CYLINDRICAL_SURFACE ( 'NONE', #846, 2.249999999999998668 ) ;
#3143 = EDGE_CURVE ( 'NONE', #1629, #1747, #4538, .T. ) ;
#3144 = ORIENTED_EDGE ( 'NONE', *, *, #2556, .F. ) ;
#3145 = EDGE_CURVE ( 'NONE', #1292, #3454, #4258, .T. ) ;
#3146 = DIRECTION ( 'NONE',  ( 5.782411586589358625E-17, 0.000000000000000000, -1.000000000000000000 ) ) ;
#3147 = CARTESIAN_POINT ( 'NONE',  ( -23.59946529415434213, 7.995825961772499824, -28.40053470584565076 ) ) ;
#3148 = EDGE_CURVE ( 'NONE', #510, #2317, #1046, .T. ) ;
#3149 = ORIENTED_EDGE ( 'NONE', *, *, #1788, .F. ) ;
#3150 = CARTESIAN_POINT ( 'NONE',  ( -18.10548357903857308, 19.40192356707740018, -2.169167088030229618 ) ) ;
#3151 =( LENGTH_UNIT ( ) NAMED_UNIT ( * ) SI_UNIT ( .MILLI., .METRE. ) );
#3152 = CARTESIAN_POINT ( 'NONE',  ( -24.74691740044156063, 21.20512349094914839, -4.648173864997951377 ) ) ;
#3153 = CARTESIAN_POINT ( 'NONE',  ( 25.00000000000000000, 16.00000000000000355, -10.72380529476361311 ) ) ;
#3154 = ORIENTED_EDGE ( 'NONE', *, *, #2302, .T. ) ;
#3155 = CARTESIAN_POINT ( 'NONE',  ( 26.00000000000000711, 2.585786437626880652, 25.00000000000000355 ) ) ;
#3156 = PLANE ( 'NONE',  #612 ) ;
#3157 = AXIS2_PLACEMENT_3D ( 'NONE', #3725, #2662, #2337 ) ;
#3158 = CARTESIAN_POINT ( 'NONE',  ( -23.99999999999999645, 25.00000000000000000, -20.10050506338833287 ) ) ;
#3159 = CARTESIAN_POINT ( 'NONE',  ( 13.00000000000001066, 22.87867965644039003, -29.99999999999999289 ) ) ;
#3160 = ORIENTED_EDGE ( 'NONE', *, *, #1176, .T. ) ;
#3161 = ORIENTED_EDGE ( 'NONE', *, *, #4322, .T. ) ;
#3162 = CARTESIAN_POINT ( 'NONE',  ( -17.50000000000000711, 7.020725942163698718, 30.00000000000000711 ) ) ;
#3163 = AXIS2_PLACEMENT_3D ( 'NONE', #3553, #4239, #4279 ) ;
#3164 = CARTESIAN_POINT ( 'NONE',  ( -15.00000000000000000, 10.00000000000000000, -22.00568056140707540 ) ) ;
#3165 = VECTOR ( 'NONE', #1099, 1000.000000000000000 ) ;
#3166 = DIRECTION ( 'NONE',  ( -0.000000000000000000, 1.000000000000000000, 0.000000000000000000 ) ) ;
#3167 = AXIS2_PLACEMENT_3D ( 'NONE', #1479, #3582, #762 ) ;
#3168 = EDGE_CURVE ( 'NONE', #1111, #566, #2985, .T. ) ;
#3169 = CARTESIAN_POINT ( 'NONE',  ( 27.00000000000000000, 25.00000000000000000, -6.000000000000004441 ) ) ;
#3170 = EDGE_LOOP ( 'NONE', ( #798, #2164 ) ) ;
#3171 = FACE_OUTER_BOUND ( 'NONE', #2077, .T. ) ;
#3172 = ORIENTED_EDGE ( 'NONE', *, *, #254, .T. ) ;
#3173 = CARTESIAN_POINT ( 'NONE',  ( 14.00000000000000178, -1.898202538678397557E-15, 20.00000000000000355 ) ) ;
#3174 = ADVANCED_FACE ( 'NONE', ( #3869, #2455, #4628, #2433, #975, #673, #2386 ), #699, .F. ) ;
#3175 = CARTESIAN_POINT ( 'NONE',  ( -25.99999999999999289, 2.585786437626909962, 25.00000000000000355 ) ) ;
#3176 = ORIENTED_EDGE ( 'NONE', *, *, #3117, .F. ) ;
#3177 = DIRECTION ( 'NONE',  ( 0.000000000000000000, -1.000000000000000000, 0.000000000000000000 ) ) ;
#3178 = CIRCLE ( 'NONE', #2491, 1.500000000000001332 ) ;
#3179 =( NAMED_UNIT ( * ) PLANE_ANGLE_UNIT ( ) SI_UNIT ( $, .RADIAN. ) );
#3180 = CARTESIAN_POINT ( 'NONE',  ( -17.68055361105853507, 19.75381223342031944, -2.919627130704893769 ) ) ;
#3181 = EDGE_CURVE ( 'NONE', #996, #3592, #2941, .T. ) ;
#3182 = EDGE_CURVE ( 'NONE', #1365, #282, #2081, .T. ) ;
#3183 = CIRCLE ( 'NONE', #1142, 3.599999999999999201 ) ;
#3184 = VERTEX_POINT ( 'NONE', #3545 ) ;
#3185 = FACE_BOUND ( 'NONE', #800, .T. ) ;
#3186 = DIRECTION ( 'NONE',  ( 0.000000000000000000, -1.000000000000000000, 0.000000000000000000 ) ) ;
#3187 = VECTOR ( 'NONE', #838, 1000.000000000000000 ) ;
#3188 = AXIS2_PLACEMENT_3D ( 'NONE', #4183, #2731, #600 ) ;
#3189 = FACE_BOUND ( 'NONE', #629, .T. ) ;
#3190 = EDGE_LOOP ( 'NONE', ( #2878, #2215, #2622, #78, #4599, #2239, #660, #236 ) ) ;
#3191 = ORIENTED_EDGE ( 'NONE', *, *, #2106, .T. ) ;
#3192 = CARTESIAN_POINT ( 'NONE',  ( 9.999999999999998224, 8.000000000000000000, 21.50000000000000355 ) ) ;
#3193 = VECTOR ( 'NONE', #4600, 1000.000000000000000 ) ;
#3194 = DIRECTION ( 'NONE',  ( 0.000000000000000000, 0.000000000000000000, -1.000000000000000000 ) ) ;
#3195 = FACE_OUTER_BOUND ( 'NONE', #230, .T. ) ;
#3196 = ORIENTED_EDGE ( 'NONE', *, *, #2610, .T. ) ;
#3197 = FACE_BOUND ( 'NONE', #728, .T. ) ;
#3198 = VECTOR ( 'NONE', #368, 1000.000000000000000 ) ;
#3199 = VERTEX_POINT ( 'NONE', #633 ) ;
#3200 = EDGE_CURVE ( 'NONE', #1179, #4392, #2850, .T. ) ;
#3201 = CARTESIAN_POINT ( 'NONE',  ( 8.750000000000003553, 25.00000000000000000, 1.951563910473907587E-15 ) ) ;
#3202 = EDGE_LOOP ( 'NONE', ( #17, #2022 ) ) ;
#3203 = LINE ( 'NONE', #4633, #1278 ) ;
#3204 = ORIENTED_EDGE ( 'NONE', *, *, #2131, .F. ) ;
#3205 = CARTESIAN_POINT ( 'NONE',  ( -17.20128236834608515, 20.36631830592192927, -3.817943856831982785 ) ) ;
#3206 = EDGE_CURVE ( 'NONE', #134, #36, #606, .T. ) ;
#3207 = ORIENTED_EDGE ( 'NONE', *, *, #3767, .F. ) ;
#3208 = EDGE_CURVE ( 'NONE', #2368, #32, #2128, .T. ) ;
#3209 = CYLINDRICAL_SURFACE ( 'NONE', #4321, 1.799999999999999600 ) ;
#3210 = B_SPLINE_CURVE_WITH_KNOTS ( 'NONE', 3,
 ( #3363, #4485, #1660, #3431, #3382, #3772, #4530, #2005, #1586, #2336, #1253, #2313, #2685, #1939, #1984, #147, #3018, #1636, #4135, #1563, #2990, #1961, #3449, #3065, #512, #3090, #4505, #4085, #1276, #237, #908, #1614, #3405, #2661, #2290, #1300, #559, #166, #4430, #4113, #197, #2734, #1208, #217, #4186, #4162 ),
 .UNSPECIFIED., .F., .F.,
 ( 4, 2, 2, 2, 2, 2, 2, 2, 2, 2, 2, 2, 2, 2, 2, 2, 2, 2, 2, 2, 2, 2, 4 ),
 ( 0.000000000000000000, 0.001527375450413394169, 0.002291063175620086049, 0.003054750900826777495, 0.004582126351240160822, 0.005345814076446847064, 0.006109501801653533307, 0.007636877252066904924, 0.009164252702480274806, 0.009927940427686960181, 0.01069162815289364556, 0.01221900360330701284, 0.01374637905372038012, 0.01527375450413374740, 0.01680112995454711294, 0.01756481767975379485, 0.01832850540496047675, 0.01985588085537383016, 0.02061956858058050859, 0.02138325630578718356, 0.02291063175620053002, 0.02367431948140720152, 0.02443800720661387302 ),
 .UNSPECIFIED. ) ;
#3211 = DIRECTION ( 'NONE',  ( 1.000000000000000000, 0.000000000000000000, 0.000000000000000000 ) ) ;
#3212 = ORIENTED_EDGE ( 'NONE', *, *, #1384, .F. ) ;
#3213 = EDGE_CURVE ( 'NONE', #3604, #2479, #711, .T. ) ;
#3214 = CARTESIAN_POINT ( 'NONE',  ( 8.750000000000005329, 25.00000000000000000, 7.499999999999998224 ) ) ;
#3215 = CARTESIAN_POINT ( 'NONE',  ( -24.99999999999998934, 9.464101615137757051, 24.58578643762690419 ) ) ;
#3216 = DIRECTION ( 'NONE',  ( -1.000000000000000000, -0.000000000000000000, 1.734723475976807587E-16 ) ) ;
#3217 = ORIENTED_EDGE ( 'NONE', *, *, #4244, .F. ) ;
#3218 = DIRECTION ( 'NONE',  ( 0.000000000000000000, -1.156482317317871133E-15, -1.000000000000000000 ) ) ;
#3219 = LINE ( 'NONE', #704, #4310 ) ;
#3220 = ORIENTED_EDGE ( 'NONE', *, *, #3145, .T. ) ;
#3221 = DIRECTION ( 'NONE',  ( -0.000000000000000000, -0.000000000000000000, -1.000000000000000000 ) ) ;
#3222 = ORIENTED_EDGE ( 'NONE', *, *, #72, .F. ) ;
#3223 = CARTESIAN_POINT ( 'NONE',  ( -15.00000000000000000, 0.000000000000000000, -22.00568056140707540 ) ) ;
#3224 = CARTESIAN_POINT ( 'NONE',  ( 24.50000000000000355, 7.020725942163699607, 23.00000000000000711 ) ) ;
#3225 = EDGE_CURVE ( 'NONE', #2389, #1732, #73, .T. ) ;
#3226 = DIRECTION ( 'NONE',  ( -1.734723475976807094E-16, 0.000000000000000000, -1.000000000000000000 ) ) ;
#3227 = CARTESIAN_POINT ( 'NONE',  ( -21.00000000000000355, 0.9585481156726277652, 23.00000000000000711 ) ) ;
#3228 = CARTESIAN_POINT ( 'NONE',  ( 10.00000000000000000, 8.000000000000000000, 11.50000000000000711 ) ) ;
#3229 = CARTESIAN_POINT ( 'NONE',  ( 17.14164577600365647, 20.48163575129138181, -3.954178164222117875 ) ) ;
#3230 = ORIENTED_EDGE ( 'NONE', *, *, #287, .T. ) ;
#3231 = LINE ( 'NONE', #2144, #3268 ) ;
#3232 = CARTESIAN_POINT ( 'NONE',  ( 20.00000000000001066, 12.97918471982870869, 30.00000000000000711 ) ) ;
#3233 = MECHANICAL_DESIGN_GEOMETRIC_PRESENTATION_REPRESENTATION (  '', ( #1350 ), #1799 ) ;
#3234 = EDGE_CURVE ( 'NONE', #3492, #3315, #2275, .T. ) ;
#3235 = CIRCLE ( 'NONE', #95, 1.499999999999999556 ) ;
#3236 = CARTESIAN_POINT ( 'NONE',  ( -19.99999999999998934, 21.46446609406727291, 26.46446609406726935 ) ) ;
#3237 = ORIENTED_EDGE ( 'NONE', *, *, #3200, .F. ) ;
#3238 = VECTOR ( 'NONE', #46, 1000.000000000000000 ) ;
#3239 = DIRECTION ( 'NONE',  ( 0.000000000000000000, -0.7071067811865474617, 0.7071067811865474617 ) ) ;
#3240 = CARTESIAN_POINT ( 'NONE',  ( -24.50000000000000711, 7.020725942163696054, 23.00000000000000711 ) ) ;
#3241 = ORIENTED_EDGE ( 'NONE', *, *, #2019, .T. ) ;
#3242 = LINE ( 'NONE', #3901, #3319 ) ;
#3243 = ORIENTED_EDGE ( 'NONE', *, *, #107, .F. ) ;
#3244 = DIRECTION ( 'NONE',  ( 0.000000000000000000, -0.000000000000000000, -1.000000000000000000 ) ) ;
#3245 = DIRECTION ( 'NONE',  ( -5.782411586589358625E-17, 0.000000000000000000, -1.000000000000000000 ) ) ;
#3246 = CIRCLE ( 'NONE', #3999, 2.000000000000002665 ) ;
#3247 = VERTEX_POINT ( 'NONE', #3987 ) ;
#3248 = LINE ( 'NONE', #3644, #1014 ) ;
#3249 = DIRECTION ( 'NONE',  ( 1.000000000000000000, 0.000000000000000000, 0.000000000000000000 ) ) ;
#3250 = EDGE_CURVE ( 'NONE', #4278, #242, #1531, .T. ) ;
#3251 = DIRECTION ( 'NONE',  ( -0.000000000000000000, -0.000000000000000000, -1.000000000000000000 ) ) ;
#3252 = FACE_OUTER_BOUND ( 'NONE', #2312, .T. ) ;
#3253 = ORIENTED_EDGE ( 'NONE', *, *, #2764, .T. ) ;
#3254 = AXIS2_PLACEMENT_3D ( 'NONE', #4171, #1568, #4093 ) ;
#3255 = CARTESIAN_POINT ( 'NONE',  ( -19.99999999999998934, 12.97918471982872646, -29.99999999999999289 ) ) ;
#3256 = CARTESIAN_POINT ( 'NONE',  ( -16.99999999999998934, 21.14285714285714235, -4.595916554898686890 ) ) ;
#3257 = EDGE_CURVE ( 'NONE', #4278, #1629, #2870, .T. ) ;
#3258 = AXIS2_PLACEMENT_3D ( 'NONE', #3918, #2544, #2521 ) ;
#3259 = DIRECTION ( 'NONE',  ( 0.000000000000000000, -0.7071067811865474617, -0.7071067811865474617 ) ) ;
#3260 = EDGE_LOOP ( 'NONE', ( #4493, #4190, #1923, #3847 ) ) ;
#3261 = CARTESIAN_POINT ( 'NONE',  ( -18.75000000000000355, 5.000000000000004441, -15.00000000000000000 ) ) ;
#3262 = VERTEX_POINT ( 'NONE', #1864 ) ;
#3263 = CIRCLE ( 'NONE', #1005, 1.499999999999999556 ) ;
#3264 = EDGE_CURVE ( 'NONE', #1141, #1899, #3933, .T. ) ;
#3265 = ADVANCED_FACE ( 'NONE', ( #1110 ), #417, .T. ) ;
#3266 = CARTESIAN_POINT ( 'NONE',  ( 17.00000000000000355, 21.14285714285714590, -4.595916554898693107 ) ) ;
#3267 = B_SPLINE_CURVE_WITH_KNOTS ( 'NONE', 3,
 ( #1955, #2255, #2704, #3009 ),
 .UNSPECIFIED., .F., .F.,
 ( 4, 4 ),
 ( 0.000000000000000000, 0.0002149379708596080177 ),
 .UNSPECIFIED. ) ;
#3268 = VECTOR ( 'NONE', #2188, 1000.000000000000000 ) ;
#3269 = ORIENTED_EDGE ( 'NONE', *, *, #1468, .F. ) ;
#3270 = FACE_OUTER_BOUND ( 'NONE', #2816, .T. ) ;
#3271 = ORIENTED_EDGE ( 'NONE', *, *, #1238, .F. ) ;
#3272 = ADVANCED_FACE ( 'NONE', ( #2167 ), #812, .F. ) ;
#3273 = CARTESIAN_POINT ( 'NONE',  ( 0.000000000000000000, 25.00000000000000000, 0.000000000000000000 ) ) ;
#3274 = AXIS2_PLACEMENT_3D ( 'NONE', #301, #949, #4224 ) ;
#3275 = DIRECTION ( 'NONE',  ( -0.000000000000000000, -0.000000000000000000, 1.000000000000000000 ) ) ;
#3276 = ORIENTED_EDGE ( 'NONE', *, *, #2842, .T. ) ;
#3277 = ORIENTED_EDGE ( 'NONE', *, *, #4284, .T. ) ;
#3278 = CARTESIAN_POINT ( 'NONE',  ( 7.750000000000000000, 25.00000000000000000, 21.00000000000000355 ) ) ;
#3279 = DIRECTION ( 'NONE',  ( -1.000000000000000000, -0.000000000000000000, 1.734723475976807587E-16 ) ) ;
#3280 = CARTESIAN_POINT ( 'NONE',  ( 18.56303398334085486, 19.10611546968422303, 1.144297019399071802 ) ) ;
#3281 = ORIENTED_EDGE ( 'NONE', *, *, #2621, .T. ) ;
#3282 = DIRECTION ( 'NONE',  ( -1.000000000000000000, 0.000000000000000000, 0.000000000000000000 ) ) ;
#3283 = CARTESIAN_POINT ( 'NONE',  ( -26.99999999999998934, 1.000000000000014211, 25.00000000000000355 ) ) ;
#3284 = ORIENTED_EDGE ( 'NONE', *, *, #1095, .F. ) ;
#3285 = DIRECTION ( 'NONE',  ( -0.000000000000000000, 0.7071067811865474617, -0.7071067811865476838 ) ) ;
#3286 = EDGE_CURVE ( 'NONE', #3833, #3538, #1303, .T. ) ;
#3287 = CARTESIAN_POINT ( 'NONE',  ( 27.00000000000000000, 25.00000000000000000, 5.999999999999995559 ) ) ;
#3288 = EDGE_LOOP ( 'NONE', ( #1030, #551 ) ) ;
#3289 = DIRECTION ( 'NONE',  ( -1.000000000000000000, -0.000000000000000000, 1.734723475976807587E-16 ) ) ;
#3290 = EDGE_CURVE ( 'NONE', #4199, #3481, #3630, .T. ) ;
#3291 = ORIENTED_EDGE ( 'NONE', *, *, #174, .F. ) ;
#3292 = CARTESIAN_POINT ( 'NONE',  ( -16.99999999999997868, 21.14285714285714590, 4.595916554898692219 ) ) ;
#3293 = CARTESIAN_POINT ( 'NONE',  ( -14.00000000000000178, 11.99999999999999822, 20.00000000000000355 ) ) ;
#3294 = DIRECTION ( 'NONE',  ( -5.782411586589358625E-17, 0.000000000000000000, -1.000000000000000000 ) ) ;
#3295 = EDGE_CURVE ( 'NONE', #198, #775, #4014, .T. ) ;
#3296 = ORIENTED_EDGE ( 'NONE', *, *, #3286, .F. ) ;
#3297 = EDGE_LOOP ( 'NONE', ( #430, #1826, #245, #3586 ) ) ;
#3298 = CARTESIAN_POINT ( 'NONE',  ( 26.99999999999998934, 1.000000000000014211, 25.00000000000000355 ) ) ;
#3299 = DIRECTION ( 'NONE',  ( -0.000000000000000000, -0.000000000000000000, -1.000000000000000000 ) ) ;
#3300 = CARTESIAN_POINT ( 'NONE',  ( 23.99332590941914134, 2.999999999999981792, -28.00667409058083024 ) ) ;
#3301 =( BOUNDED_CURVE ( )  B_SPLINE_CURVE ( 3, ( #3300, #116, #2979, #1951 ),
 .UNSPECIFIED., .F., .T. ) 
 B_SPLINE_CURVE_WITH_KNOTS ( ( 4, 4 ),
 ( 2.775307005681563854, 3.661347033293429920 ),
 .UNSPECIFIED. ) 
 CURVE ( )  GEOMETRIC_REPRESENTATION_ITEM ( )  RATIONAL_B_SPLINE_CURVE ( ( 1.000000000000000000, 0.9356407974847966713, 0.9356407974847966713, 1.000000000000000000 ) ) 
 REPRESENTATION_ITEM ( '' )  );
#3302 = DIRECTION ( 'NONE',  ( 0.000000000000000000, 0.7071067811865477948, 0.7071067811865472397 ) ) ;
#3303 = ORIENTED_EDGE ( 'NONE', *, *, #3715, .T. ) ;
#3304 = DIRECTION ( 'NONE',  ( -5.782411586589358625E-17, 1.334402673828314079E-16, -1.000000000000000000 ) ) ;
#3305 = CARTESIAN_POINT ( 'NONE',  ( -15.00000000000000000, 10.00000000000000000, -20.20568056140707824 ) ) ;
#3306 = CARTESIAN_POINT ( 'NONE',  ( 15.00000000000000000, 0.000000000000000000, -20.20568056140707824 ) ) ;
#3307 = FACE_OUTER_BOUND ( 'NONE', #4479, .T. ) ;
#3308 = ORIENTED_EDGE ( 'NONE', *, *, #3208, .T. ) ;
#3309 = CARTESIAN_POINT ( 'NONE',  ( 21.40848846705155140, 13.28443269363981472, -29.99999999999999289 ) ) ;
#3310 = VECTOR ( 'NONE', #1834, 1000.000000000000000 ) ;
#3311 = CARTESIAN_POINT ( 'NONE',  ( -25.00000000000000000, 0.000000000000000000, -15.00000000000000178 ) ) ;
#3312 = EDGE_CURVE ( 'NONE', #1366, #4618, #121, .T. ) ;
#3313 = VECTOR ( 'NONE', #1008, 1000.000000000000000 ) ;
#3314 = AXIS2_PLACEMENT_3D ( 'NONE', #4573, #3890, #1345 ) ;
#3315 = VERTEX_POINT ( 'NONE', #2219 ) ;
#3316 = CARTESIAN_POINT ( 'NONE',  ( -26.99999999999999289, 6.000000000000000000, 25.00000000000000355 ) ) ;
#3317 = ORIENTED_EDGE ( 'NONE', *, *, #1290, .T. ) ;
#3318 = CARTESIAN_POINT ( 'NONE',  ( -8.715876302905488870, 7.923124399709166710, 12.22228721137581076 ) ) ;
#3319 = VECTOR ( 'NONE', #3221, 1000.000000000000000 ) ;
#3320 = CIRCLE ( 'NONE', #691, 6.000000000000000888 ) ;
#3321 = DIRECTION ( 'NONE',  ( -1.000000000000000000, 0.000000000000000000, 0.000000000000000000 ) ) ;
#3322 = ADVANCED_FACE ( 'NONE', ( #3307 ), #96, .F. ) ;
#3323 = CIRCLE ( 'NONE', #1283, 2.249999999999998668 ) ;
#3324 = ORIENTED_EDGE ( 'NONE', *, *, #2528, .T. ) ;
#3325 = ORIENTED_EDGE ( 'NONE', *, *, #1011, .T. ) ;
#3326 = DIRECTION ( 'NONE',  ( -0.000000000000000000, -0.000000000000000000, 1.000000000000000000 ) ) ;
#3327 = LINE ( 'NONE', #4378, #4434 ) ;
#3328 = EDGE_CURVE ( 'NONE', #1488, #3775, #1151, .T. ) ;
#3329 = ADVANCED_FACE ( 'NONE', ( #4318 ), #4293, .F. ) ;
#3330 = DIRECTION ( 'NONE',  ( -0.000000000000000000, -0.000000000000000000, -1.000000000000000000 ) ) ;
#3331 = DIRECTION ( 'NONE',  ( 5.782411586589358625E-17, -0.000000000000000000, -1.000000000000000000 ) ) ;
#3332 = ORIENTED_EDGE ( 'NONE', *, *, #1405, .F. ) ;
#3333 = LINE ( 'NONE', #740, #4177 ) ;
#3334 = CARTESIAN_POINT ( 'NONE',  ( -10.00000000000000000, 15.00000000000000178, 35.00000000000000000 ) ) ;
#3335 = CIRCLE ( 'NONE', #625, 1.799999999999999600 ) ;
#3336 =( BOUNDED_CURVE ( )  B_SPLINE_CURVE ( 3, ( #3255, #3584, #3606, #4358 ),
 .UNSPECIFIED., .F., .T. ) 
 B_SPLINE_CURVE_WITH_KNOTS ( ( 4, 4 ),
 ( 3.141592653589793116, 6.283185307179586232 ),
 .UNSPECIFIED. ) 
 CURVE ( )  GEOMETRIC_REPRESENTATION_ITEM ( )  RATIONAL_B_SPLINE_CURVE ( ( 1.000000000000000000, 0.3333333333333333703, 0.3333333333333333703, 1.000000000000000000 ) ) 
 REPRESENTATION_ITEM ( '' )  );
#3337 = CARTESIAN_POINT ( 'NONE',  ( 24.99999999999999289, 9.464101615137758827, 24.00000000000000000 ) ) ;
#3338 = CARTESIAN_POINT ( 'NONE',  ( 8.750000000000003553, 25.00000000000000355, -1.517883041479706602E-15 ) ) ;
#3339 = ORIENTED_EDGE ( 'NONE', *, *, #4302, .F. ) ;
#3340 = CARTESIAN_POINT ( 'NONE',  ( 24.20000000000002061, 22.02454114921634698, -27.79999999999994387 ) ) ;
#3341 = CIRCLE ( 'NONE', #2122, 4.000000000000000000 ) ;
#3342 = DIRECTION ( 'NONE',  ( 0.000000000000000000, 0.000000000000000000, 1.000000000000000000 ) ) ;
#3343 = ORIENTED_EDGE ( 'NONE', *, *, #2014, .T. ) ;
#3344 = DIRECTION ( 'NONE',  ( 0.000000000000000000, 0.000000000000000000, -1.000000000000000000 ) ) ;
#3345 = AXIS2_PLACEMENT_3D ( 'NONE', #2497, #2938, #1462 ) ;
#3346 = EDGE_LOOP ( 'NONE', ( #2899, #379, #1230, #2946, #3554, #1397, #943, #3217 ) ) ;
#3347 = FACE_OUTER_BOUND ( 'NONE', #3821, .T. ) ;
#3348 = DIRECTION ( 'NONE',  ( 0.000000000000000000, 0.000000000000000000, 1.000000000000000000 ) ) ;
#3349 = AXIS2_PLACEMENT_3D ( 'NONE', #2451, #4256, #353 ) ;
#3350 = VERTEX_POINT ( 'NONE', #3585 ) ;
#3351 = CYLINDRICAL_SURFACE ( 'NONE', #3463, 1.000000000000000888 ) ;
#3352 = CIRCLE ( 'NONE', #4391, 7.500000000000000000 ) ;
#3353 = CARTESIAN_POINT ( 'NONE',  ( 21.99999999999998579, 8.458323293158123590, -29.99999999999999289 ) ) ;
#3354 = CARTESIAN_POINT ( 'NONE',  ( -18.42031094744575270, 19.19173302147978788, -1.520447525642006248 ) ) ;
#3355 = CYLINDRICAL_SURFACE ( 'NONE', #4449, 5.000000000000000888 ) ;
#3356 = DIRECTION ( 'NONE',  ( 1.000000000000000000, -0.000000000000000000, -5.782411586589358625E-17 ) ) ;
#3357 = VERTEX_POINT ( 'NONE', #1091 ) ;
#3358 = DIRECTION ( 'NONE',  ( -0.8660254037844385966, -0.4999999999999999445, 0.000000000000000000 ) ) ;
#3359 = LINE ( 'NONE', #140, #4062 ) ;
#3360 = EDGE_CURVE ( 'NONE', #2147, #3875, #3563, .T. ) ;
#3361 = EDGE_LOOP ( 'NONE', ( #3857, #1848, #4607, #2108 ) ) ;
#3362 = CARTESIAN_POINT ( 'NONE',  ( 20.00000000000001066, 23.93933982822019502, -28.93933982822018436 ) ) ;
#3363 = CARTESIAN_POINT ( 'NONE',  ( -7.750000000000000000, 25.00000000000000000, 21.00000000000000355 ) ) ;
#3364 = EDGE_LOOP ( 'NONE', ( #2851, #663, #4625, #2291 ) ) ;
#3365 = ORIENTED_EDGE ( 'NONE', *, *, #1688, .T. ) ;
#3366 = CARTESIAN_POINT ( 'NONE',  ( -15.00000000000000000, 10.00000000000000000, -20.20568056140707824 ) ) ;
#3367 = DIRECTION ( 'NONE',  ( 0.000000000000000000, 0.7071067811865477948, 0.7071067811865472397 ) ) ;
#3368 = ORIENTED_EDGE ( 'NONE', *, *, #992, .T. ) ;
#3369 = CARTESIAN_POINT ( 'NONE',  ( -15.99999999999998224, 25.00000000000000000, 20.10050506338832577 ) ) ;
#3370 = DIRECTION ( 'NONE',  ( 0.000000000000000000, -0.7071067811865474617, 0.7071067811865476838 ) ) ;
#3371 = CARTESIAN_POINT ( 'NONE',  ( -17.20080375082412161, 20.36712086280909517, 3.818957807137239424 ) ) ;
#3372 = CARTESIAN_POINT ( 'NONE',  ( 25.00000000000000355, 16.00000000000000355, 6.812463305077349318 ) ) ;
#3373 = EDGE_CURVE ( 'NONE', #3386, #4629, #1251, .T. ) ;
#3374 = DIRECTION ( 'NONE',  ( 1.734723475976807094E-16, -0.000000000000000000, 1.000000000000000000 ) ) ;
#3375 = LINE ( 'NONE', #4050, #92 ) ;
#3376 = EDGE_LOOP ( 'NONE', ( #4429, #2813, #519, #3755 ) ) ;
#3377 = CARTESIAN_POINT ( 'NONE',  ( -19.99999999999998934, 50.05025253169416999, 4.949747468305845999 ) ) ;
#3378 = LINE ( 'NONE', #927, #2925 ) ;
#3379 = CARTESIAN_POINT ( 'NONE',  ( -21.99999999999998579, -1.898202538678397557E-15, 20.00000000000000355 ) ) ;
#3380 = ORIENTED_EDGE ( 'NONE', *, *, #2468, .T. ) ;
#3381 = EDGE_LOOP ( 'NONE', ( #2509, #3703 ) ) ;
#3382 = CARTESIAN_POINT ( 'NONE',  ( -7.486923276520428772, 22.98161331039998601, 20.90422556446714353 ) ) ;
#3383 = CARTESIAN_POINT ( 'NONE',  ( 23.87867965644037227, 0.000000000000000000, -23.87867965644031543 ) ) ;
#3384 = ORIENTED_EDGE ( 'NONE', *, *, #1652, .F. ) ;
#3385 = CARTESIAN_POINT ( 'NONE',  ( -18.00667409058085866, 2.999999999999981792, -29.99999999999999289 ) ) ;
#3386 = VERTEX_POINT ( 'NONE', #3040 ) ;
#3387 = DIRECTION ( 'NONE',  ( 0.000000000000000000, -1.000000000000000000, 0.000000000000000000 ) ) ;
#3388 = AXIS2_PLACEMENT_3D ( 'NONE', #1089, #3649, #483 ) ;
#3389 = ORIENTED_EDGE ( 'NONE', *, *, #2994, .F. ) ;
#3390 = VECTOR ( 'NONE', #3614, 1000.000000000000000 ) ;
#3391 = VECTOR ( 'NONE', #4265, 1000.000000000000000 ) ;
#3392 = CARTESIAN_POINT ( 'NONE',  ( 14.00000000000000178, 0.000000000000000000, -15.00000000000000178 ) ) ;
#3393 = CARTESIAN_POINT ( 'NONE',  ( 14.00000000000000178, 0.000000000000000000, 6.360652745248293994E-16 ) ) ;
#3394 = CARTESIAN_POINT ( 'NONE',  ( -24.99999999999999289, 16.00000000000000000, 8.910901550032864549 ) ) ;
#3395 = CARTESIAN_POINT ( 'NONE',  ( 18.65936296153924090, 19.04894218276123752, 0.8808034649558589280 ) ) ;
#3396 = CARTESIAN_POINT ( 'NONE',  ( -10.00000000000000000, 0.000000000000000000, 11.50000000000000355 ) ) ;
#3397 = LINE ( 'NONE', #136, #2185 ) ;
#3398 = VERTEX_POINT ( 'NONE', #1273 ) ;
#3399 = LINE ( 'NONE', #3377, #2729 ) ;
#3400 = CARTESIAN_POINT ( 'NONE',  ( 21.34408512719862472, 1.416481418320721275, -28.41648141832072127 ) ) ;
#3401 = EDGE_CURVE ( 'NONE', #1285, #36, #2707, .T. ) ;
#3402 = CARTESIAN_POINT ( 'NONE',  ( -24.50000000000000711, 2.979274057836319489, 23.00000000000000711 ) ) ;
#3403 = ORIENTED_EDGE ( 'NONE', *, *, #3655, .F. ) ;
#3404 = ORIENTED_EDGE ( 'NONE', *, *, #4571, .T. ) ;
#3405 = CARTESIAN_POINT ( 'NONE',  ( 5.299050749982813002, 19.33910401325186257, 20.22345469308052657 ) ) ;
#3406 = LINE ( 'NONE', #3115, #4060 ) ;
#3407 = EDGE_CURVE ( 'NONE', #2967, #3538, #2002, .T. ) ;
#3408 = AXIS2_PLACEMENT_3D ( 'NONE', #3781, #569, #1898 ) ;
#3409 = ORIENTED_EDGE ( 'NONE', *, *, #3143, .F. ) ;
#3410 = PLANE ( 'NONE',  #3771 ) ;
#3411 = VERTEX_POINT ( 'NONE', #1203 ) ;
#3412 = VECTOR ( 'NONE', #3522, 1000.000000000000000 ) ;
#3413 = FACE_OUTER_BOUND ( 'NONE', #4259, .T. ) ;
#3414 = FACE_OUTER_BOUND ( 'NONE', #164, .T. ) ;
#3415 = CIRCLE ( 'NONE', #4312, 2.249999999999998668 ) ;
#3416 = ADVANCED_FACE ( 'NONE', ( #4408 ), #2966, .F. ) ;
#3417 = ORIENTED_EDGE ( 'NONE', *, *, #4035, .T. ) ;
#3418 = FACE_OUTER_BOUND ( 'NONE', #1865, .T. ) ;
#3419 = CARTESIAN_POINT ( 'NONE',  ( 15.00000000000000000, 10.00000000000000000, -22.00568056140707540 ) ) ;
#3420 = FACE_OUTER_BOUND ( 'NONE', #1460, .T. ) ;
#3421 = AXIS2_PLACEMENT_3D ( 'NONE', #4501, #2327, #1198 ) ;
#3422 = DIRECTION ( 'NONE',  ( 0.000000000000000000, -1.000000000000000000, 0.000000000000000000 ) ) ;
#3423 = CARTESIAN_POINT ( 'NONE',  ( -24.99999999999999289, 25.00000000000000355, 4.336808689942017736E-15 ) ) ;
#3424 = CIRCLE ( 'NONE', #1539, 3.250000000000000000 ) ;
#3425 = VERTEX_POINT ( 'NONE', #556 ) ;
#3426 = DIRECTION ( 'NONE',  ( -0.000000000000000000, -1.000000000000000000, -0.000000000000000000 ) ) ;
#3427 = LINE ( 'NONE', #4054, #2413 ) ;
#3428 = DIRECTION ( 'NONE',  ( -1.000000000000000000, 0.000000000000000000, -0.000000000000000000 ) ) ;
#3429 = VERTEX_POINT ( 'NONE', #860 ) ;
#3430 = ORIENTED_EDGE ( 'NONE', *, *, #2246, .F. ) ;
#3431 = CARTESIAN_POINT ( 'NONE',  ( -7.549096378761948500, 23.22850060722261034, 20.92663835268902872 ) ) ;
#3432 = EDGE_CURVE ( 'NONE', #1223, #4342, #3415, .T. ) ;
#3433 = ORIENTED_EDGE ( 'NONE', *, *, #2824, .T. ) ;
#3434 = CARTESIAN_POINT ( 'NONE',  ( -22.00000000000000355, 0.000000000000000000, 3.816391647148975608E-15 ) ) ;
#3435 = ORIENTED_EDGE ( 'NONE', *, *, #1442, .T. ) ;
#3436 = LINE ( 'NONE', #2644, #1205 ) ;
#3437 = DIRECTION ( 'NONE',  ( -1.000000000000000000, 0.000000000000000000, 0.000000000000000000 ) ) ;
#3438 = EDGE_CURVE ( 'NONE', #4546, #4551, #3027, .T. ) ;
#3439 = EDGE_LOOP ( 'NONE', ( #3123, #3964, #2520, #1032, #3981, #3207 ) ) ;
#3440 = CARTESIAN_POINT ( 'NONE',  ( -19.99999999999998934, 25.00000000000000000, 25.75735931288071967 ) ) ;
#3441 = CARTESIAN_POINT ( 'NONE',  ( -18.57925972908035561, 19.09678376768413344, 1.095236736255991383 ) ) ;
#3442 = CARTESIAN_POINT ( 'NONE',  ( 18.75491773041337140, 19.00004510938274649, 0.4458018855762633237 ) ) ;
#3443 = ORIENTED_EDGE ( 'NONE', *, *, #34, .T. ) ;
#3444 = CARTESIAN_POINT ( 'NONE',  ( -19.99999999999998934, 24.99999999999999645, -20.10050506338833642 ) ) ;
#3445 = DIRECTION ( 'NONE',  ( 0.8660254037844385966, -0.4999999999999999445, 0.000000000000000000 ) ) ;
#3446 = DIRECTION ( 'NONE',  ( 0.8660254037844385966, -0.4999999999999999445, 0.000000000000000000 ) ) ;
#3447 = ORIENTED_EDGE ( 'NONE', *, *, #2678, .T. ) ;
#3448 = EDGE_LOOP ( 'NONE', ( #2683, #3089, #3241, #3230, #4483, #1342 ) ) ;
#3449 = CARTESIAN_POINT ( 'NONE',  ( -0.5197939381383146484, 17.25062173587313552, 19.51786712115062983 ) ) ;
#3450 = CYLINDRICAL_SURFACE ( 'NONE', #3157, 2.000000000000003109 ) ;
#3451 = CARTESIAN_POINT ( 'NONE',  ( 20.00000000000001066, 22.87867965644038648, -29.99999999999999289 ) ) ;
#3452 = EDGE_LOOP ( 'NONE', ( #2045, #2663, #2477, #1161 ) ) ;
#3453 = CARTESIAN_POINT ( 'NONE',  ( 21.00000000000000000, 12.00000000000000000, -15.00000000000000178 ) ) ;
#3454 = VERTEX_POINT ( 'NONE', #4055 ) ;
#3455 = ADVANCED_FACE ( 'NONE', ( #4457 ), #531, .F. ) ;
#3456 = FACE_OUTER_BOUND ( 'NONE', #1077, .T. ) ;
#3457 = VECTOR ( 'NONE', #3029, 1000.000000000000000 ) ;
#3458 = ORIENTED_EDGE ( 'NONE', *, *, #815, .F. ) ;
#3459 = CARTESIAN_POINT ( 'NONE',  ( -23.25000000000000000, 5.000000000000004441, 20.00000000000000355 ) ) ;
#3460 =( NAMED_UNIT ( * ) SI_UNIT ( $, .STERADIAN. ) SOLID_ANGLE_UNIT ( ) );
#3461 = DIRECTION ( 'NONE',  ( -0.000000000000000000, -0.000000000000000000, -1.000000000000000000 ) ) ;
#3462 = VECTOR ( 'NONE', #186, 1000.000000000000114 ) ;
#3463 = AXIS2_PLACEMENT_3D ( 'NONE', #4121, #207, #4097 ) ;
#3464 = EDGE_CURVE ( 'NONE', #3130, #4605, #3792, .T. ) ;
#3465 = CIRCLE ( 'NONE', #1200, 1.499999999999999556 ) ;
#3466 = CIRCLE ( 'NONE', #608, 7.750000000000000000 ) ;
#3467 = ORIENTED_EDGE ( 'NONE', *, *, #113, .T. ) ;
#3468 = ADVANCED_FACE ( 'NONE', ( #883 ), #2310, .T. ) ;
#3469 = DIRECTION ( 'NONE',  ( -0.000000000000000000, 0.7071067811865474617, 0.7071067811865476838 ) ) ;
#3470 = FACE_OUTER_BOUND ( 'NONE', #2230, .T. ) ;
#3471 = AXIS2_PLACEMENT_3D ( 'NONE', #715, #2140, #1339 ) ;
#3472 = FACE_BOUND ( 'NONE', #439, .T. ) ;
#3473 = ORIENTED_EDGE ( 'NONE', *, *, #3921, .T. ) ;
#3474 = ORIENTED_EDGE ( 'NONE', *, *, #1064, .F. ) ;
#3475 = EDGE_CURVE ( 'NONE', #2270, #84, #3263, .T. ) ;
#3476 = CARTESIAN_POINT ( 'NONE',  ( 24.00000000000001776, 25.00000000000000000, 25.75735931288072678 ) ) ;
#3477 = PLANE ( 'NONE',  #2725 ) ;
#3478 = LINE ( 'NONE', #3894, #3779 ) ;
#3479 = ORIENTED_EDGE ( 'NONE', *, *, #3118, .T. ) ;
#3480 = DIRECTION ( 'NONE',  ( -1.000000000000000000, -0.000000000000000000, 1.734723475976807587E-16 ) ) ;
#3481 = VERTEX_POINT ( 'NONE', #3379 ) ;
#3482 = VECTOR ( 'NONE', #2541, 1000.000000000000000 ) ;
#3483 = DIRECTION ( 'NONE',  ( -0.7071067811865491270, -0.000000000000000000, 0.7071067811865459074 ) ) ;
#3484 =( BOUNDED_CURVE ( )  B_SPLINE_CURVE ( 3, ( #844, #2668, #3050, #4442 ),
 .UNSPECIFIED., .F., .T. ) 
 B_SPLINE_CURVE_WITH_KNOTS ( ( 4, 4 ),
 ( 1.570796326794897002, 3.141592653589793116 ),
 .UNSPECIFIED. ) 
 CURVE ( )  GEOMETRIC_REPRESENTATION_ITEM ( )  RATIONAL_B_SPLINE_CURVE ( ( 1.000000000000000000, 0.8047378541243650485, 0.8047378541243650485, 1.000000000000000000 ) ) 
 REPRESENTATION_ITEM ( '' )  );
#3485 = VECTOR ( 'NONE', #3422, 1000.000000000000000 ) ;
#3486 = ORIENTED_EDGE ( 'NONE', *, *, #1262, .F. ) ;
#3487 = DIRECTION ( 'NONE',  ( 0.000000000000000000, 0.000000000000000000, -1.000000000000000000 ) ) ;
#3488 = CARTESIAN_POINT ( 'NONE',  ( -24.04382711365339276, 21.09652324122715328, -4.637178376854141248 ) ) ;
#3489 = CARTESIAN_POINT ( 'NONE',  ( 17.13017763634423574, 20.50817435557358692, 3.983912553705998505 ) ) ;
#3490 = VECTOR ( 'NONE', #3216, 1000.000000000000000 ) ;
#3491 = EDGE_CURVE ( 'NONE', #4375, #4262, #3743, .T. ) ;
#3492 = VERTEX_POINT ( 'NONE', #4482 ) ;
#3493 = VECTOR ( 'NONE', #1040, 1000.000000000000000 ) ;
#3494 = CARTESIAN_POINT ( 'NONE',  ( -10.00000000000000178, 8.000000000000000000, 21.50000000000000000 ) ) ;
#3495 = CIRCLE ( 'NONE', #939, 2.249999999999998668 ) ;
#3496 = FACE_OUTER_BOUND ( 'NONE', #2714, .T. ) ;
#3497 = CARTESIAN_POINT ( 'NONE',  ( 22.00000000000000711, -1.898202538678397557E-15, 20.00000000000000355 ) ) ;
#3498 = VERTEX_POINT ( 'NONE', #193 ) ;
#3499 = ORIENTED_EDGE ( 'NONE', *, *, #2123, .T. ) ;
#3500 = LINE ( 'NONE', #3866, #3568 ) ;
#3501 = FACE_BOUND ( 'NONE', #3021, .T. ) ;
#3502 = LINE ( 'NONE', #3868, #119 ) ;
#3503 = CARTESIAN_POINT ( 'NONE',  ( -24.99999999999999645, 3.000000000000014211, 24.00000000000000000 ) ) ;
#3504 = ORIENTED_EDGE ( 'NONE', *, *, #3208, .F. ) ;
#3505 = DIRECTION ( 'NONE',  ( 1.000000000000000000, 0.000000000000000000, 0.000000000000000000 ) ) ;
#3506 = ORIENTED_EDGE ( 'NONE', *, *, #605, .F. ) ;
#3507 = DIRECTION ( 'NONE',  ( -1.000000000000000000, 0.000000000000000000, -5.782411586589358625E-17 ) ) ;
#3508 = CARTESIAN_POINT ( 'NONE',  ( 20.00000000000001066, 12.97918471982870869, 30.00000000000000711 ) ) ;
#3509 = ORIENTED_EDGE ( 'NONE', *, *, #3168, .F. ) ;
#3510 = DIRECTION ( 'NONE',  ( -0.000000000000000000, -0.000000000000000000, 1.000000000000000000 ) ) ;
#3511 = LINE ( 'NONE', #345, #1581 ) ;
#3512 = FACE_OUTER_BOUND ( 'NONE', #1148, .T. ) ;
#3513 = ORIENTED_EDGE ( 'NONE', *, *, #4152, .T. ) ;
#3514 = DIRECTION ( 'NONE',  ( -0.000000000000000000, 0.7071067811865474617, -0.7071067811865476838 ) ) ;
#3515 = EDGE_CURVE ( 'NONE', #1696, #1512, #4132, .T. ) ;
#3516 = DIRECTION ( 'NONE',  ( 0.000000000000000000, -1.000000000000000000, 0.000000000000000000 ) ) ;
#3517 = ORIENTED_EDGE ( 'NONE', *, *, #1471, .F. ) ;
#3518 = ORIENTED_EDGE ( 'NONE', *, *, #1442, .F. ) ;
#3519 = CARTESIAN_POINT ( 'NONE',  ( -19.99999999999998934, 21.46446609406727291, -26.46446609406726935 ) ) ;
#3520 = LINE ( 'NONE', #9, #4219 ) ;
#3521 = CARTESIAN_POINT ( 'NONE',  ( -10.00000000000000000, 8.000000000000000000, 13.00000000000000355 ) ) ;
#3522 = DIRECTION ( 'NONE',  ( -0.000000000000000000, -1.000000000000000000, -0.000000000000000000 ) ) ;
#3523 = ORIENTED_EDGE ( 'NONE', *, *, #1159, .F. ) ;
#3524 = CARTESIAN_POINT ( 'NONE',  ( -16.99999999999997868, 25.00000000000000355, 2.949029909160570088E-15 ) ) ;
#3525 = EDGE_LOOP ( 'NONE', ( #222, #3565, #356, #1439, #680, #4241, #2590, #2012 ) ) ;
#3526 = EDGE_CURVE ( 'NONE', #607, #809, #1980, .T. ) ;
#3527 = CARTESIAN_POINT ( 'NONE',  ( 21.00000000000000000, 5.000000000000004441, 23.00000000000000711 ) ) ;
#3528 = CARTESIAN_POINT ( 'NONE',  ( -21.00000000000000355, 0.9585481156726277652, 23.00000000000000711 ) ) ;
#3529 = ORIENTED_EDGE ( 'NONE', *, *, #1244, .F. ) ;
#3530 = CARTESIAN_POINT ( 'NONE',  ( -18.40496998569800269, 19.20122091067050007, 1.556298440831002106 ) ) ;
#3531 = DIRECTION ( 'NONE',  ( 1.734723475976807094E-16, 0.000000000000000000, 1.000000000000000000 ) ) ;
#3532 = VECTOR ( 'NONE', #3001, 1000.000000000000000 ) ;
#3533 = ORIENTED_EDGE ( 'NONE', *, *, #3438, .F. ) ;
#3534 = PLANE ( 'NONE',  #3274 ) ;
#3535 = CARTESIAN_POINT ( 'NONE',  ( 0.000000000000000000, 25.00000000000000000, 30.00000000000000355 ) ) ;
#3536 = AXIS2_PLACEMENT_3D ( 'NONE', #2472, #696, #2098 ) ;
#3537 = DIRECTION ( 'NONE',  ( 1.000000000000000000, 0.000000000000000000, -0.000000000000000000 ) ) ;
#3538 = VERTEX_POINT ( 'NONE', #487 ) ;
#3539 = ORIENTED_EDGE ( 'NONE', *, *, #1846, .F. ) ;
#3540 = ADVANCED_FACE ( 'NONE', ( #1913 ), #2802, .T. ) ;
#3541 = CARTESIAN_POINT ( 'NONE',  ( 26.99999999999999289, 6.000000000000000000, 25.00000000000000355 ) ) ;
#3542 = LINE ( 'NONE', #331, #2920 ) ;
#3543 = CYLINDRICAL_SURFACE ( 'NONE', #4170, 1.499999999999999556 ) ;
#3544 = AXIS2_PLACEMENT_3D ( 'NONE', #751, #4372, #2176 ) ;
#3545 = CARTESIAN_POINT ( 'NONE',  ( -21.00000000000000355, 0.9585481156726252117, 30.00000000000000711 ) ) ;
#3546 = ORIENTED_EDGE ( 'NONE', *, *, #1064, .T. ) ;
#3547 = CYLINDRICAL_SURFACE ( 'NONE', #2116, 3.599999999999999201 ) ;
#3548 = EDGE_CURVE ( 'NONE', #2096, #3570, #144, .T. ) ;
#3549 = ORIENTED_EDGE ( 'NONE', *, *, #3879, .F. ) ;
#3550 = CARTESIAN_POINT ( 'NONE',  ( 8.750000000000003553, 25.00000000000000000, -1.517883041479706996E-15 ) ) ;
#3551 = EDGE_CURVE ( 'NONE', #1481, #1845, #2751, .T. ) ;
#3552 = VERTEX_POINT ( 'NONE', #3564 ) ;
#3553 = CARTESIAN_POINT ( 'NONE',  ( -16.99999999999997868, 25.00000000000000355, 2.949029909160570088E-15 ) ) ;
#3554 = ORIENTED_EDGE ( 'NONE', *, *, #3401, .T. ) ;
#3555 = CARTESIAN_POINT ( 'NONE',  ( -17.03355231695760708, 20.79210126772943923, 4.283074678005860392 ) ) ;
#3556 = AXIS2_PLACEMENT_3D ( 'NONE', #525, #478, #185 ) ;
#3557 = DIRECTION ( 'NONE',  ( 0.000000000000000000, -1.000000000000000000, 0.000000000000000000 ) ) ;
#3558 = EDGE_CURVE ( 'NONE', #84, #2270, #48, .T. ) ;
#3559 = AXIS2_PLACEMENT_3D ( 'NONE', #1400, #3146, #3507 ) ;
#3560 = ORIENTED_EDGE ( 'NONE', *, *, #1574, .T. ) ;
#3561 = FACE_OUTER_BOUND ( 'NONE', #2358, .T. ) ;
#3562 = CIRCLE ( 'NONE', #3930, 8.000000000000000000 ) ;
#3563 = CIRCLE ( 'NONE', #1687, 1.500000000000001332 ) ;
#3564 = CARTESIAN_POINT ( 'NONE',  ( -25.99999999999999289, 2.585786437626909962, 25.00000000000000355 ) ) ;
#3565 = ORIENTED_EDGE ( 'NONE', *, *, #3836, .T. ) ;
#3566 = DIRECTION ( 'NONE',  ( 0.000000000000000000, -0.7071067811865474617, 0.7071067811865474617 ) ) ;
#3567 = CARTESIAN_POINT ( 'NONE',  ( -8.749999999999998224, 25.00000000000000355, 1.517883041479706602E-15 ) ) ;
#3568 = VECTOR ( 'NONE', #1323, 1000.000000000000000 ) ;
#3569 = DIRECTION ( 'NONE',  ( -1.000000000000000000, 0.000000000000000000, 0.000000000000000000 ) ) ;
#3570 = VERTEX_POINT ( 'NONE', #3497 ) ;
#3571 = DIRECTION ( 'NONE',  ( 0.000000000000000000, -1.000000000000000000, 0.000000000000000000 ) ) ;
#3572 = VECTOR ( 'NONE', #1407, 1000.000000000000227 ) ;
#3573 = LINE ( 'NONE', #2129, #1975 ) ;
#3574 = VERTEX_POINT ( 'NONE', #4225 ) ;
#3575 = CARTESIAN_POINT ( 'NONE',  ( -24.60000000000000142, 4.999999999999995559, -27.39999999999999503 ) ) ;
#3576 = ORIENTED_EDGE ( 'NONE', *, *, #3105, .T. ) ;
#3577 = CARTESIAN_POINT ( 'NONE',  ( 13.00000000000000178, 25.00000000000000000, -2.255140518769849223E-15 ) ) ;
#3578 = FACE_OUTER_BOUND ( 'NONE', #2805, .T. ) ;
#3579 = CARTESIAN_POINT ( 'NONE',  ( -10.00000000000000178, 25.00000000000000000, 35.00000000000000000 ) ) ;
#3580 = LINE ( 'NONE', #369, #3238 ) ;
#3581 = EDGE_CURVE ( 'NONE', #933, #32, #4252, .T. ) ;
#3582 = DIRECTION ( 'NONE',  ( -5.782411586589358625E-17, -0.000000000000000000, 1.000000000000000000 ) ) ;
#3583 = VERTEX_POINT ( 'NONE', #2026 ) ;
#3584 = CARTESIAN_POINT ( 'NONE',  ( -12.99999999999999289, 12.97918471982872823, -29.99999999999999289 ) ) ;
#3585 = CARTESIAN_POINT ( 'NONE',  ( 15.00000000000000000, 0.000000000000000000, -18.40568056140707753 ) ) ;
#3586 = ORIENTED_EDGE ( 'NONE', *, *, #382, .T. ) ;
#3587 = DIRECTION ( 'NONE',  ( 0.000000000000000000, -0.000000000000000000, 1.000000000000000000 ) ) ;
#3588 = DIRECTION ( 'NONE',  ( -0.000000000000000000, -0.000000000000000000, 1.000000000000000000 ) ) ;
#3589 = ADVANCED_FACE ( 'NONE', ( #3472, #3812, #3189, #1321, #3086 ), #1019, .F. ) ;
#3590 = ORIENTED_EDGE ( 'NONE', *, *, #2960, .F. ) ;
#3591 = DIRECTION ( 'NONE',  ( 0.000000000000000000, -0.7071067811865475727, -0.7071067811865475727 ) ) ;
#3592 = VERTEX_POINT ( 'NONE', #2427 ) ;
#3593 = CARTESIAN_POINT ( 'NONE',  ( 13.00000000000000000, 25.00000000000000000, -6.000000000000003553 ) ) ;
#3594 = ADVANCED_FACE ( 'NONE', ( #4568 ), #649, .F. ) ;
#3595 = CARTESIAN_POINT ( 'NONE',  ( 23.99332590941914134, 2.999999999999981792, -28.00667409058083024 ) ) ;
#3596 = CARTESIAN_POINT ( 'NONE',  ( 0.000000000000000000, 25.00000000000000000, 31.00000000000000355 ) ) ;
#3597 = CARTESIAN_POINT ( 'NONE',  ( 20.00000000000001066, 21.46446609406726225, -26.46446609406726935 ) ) ;
#3598 = EDGE_CURVE ( 'NONE', #840, #134, #3651, .T. ) ;
#3599 = CARTESIAN_POINT ( 'NONE',  ( 9.999999999999998224, 8.000000000000000000, 23.00000000000000711 ) ) ;
#3600 = DIRECTION ( 'NONE',  ( -0.000000000000000000, 0.000000000000000000, 1.000000000000000000 ) ) ;
#3601 = AXIS2_PLACEMENT_3D ( 'NONE', #3597, #44, #1454 ) ;
#3602 = CARTESIAN_POINT ( 'NONE',  ( 17.13863626128317819, 20.48853865240586458, 3.961934090271385323 ) ) ;
#3603 = ADVANCED_FACE ( 'NONE', ( #951 ), #1341, .F. ) ;
#3604 = VERTEX_POINT ( 'NONE', #1724 ) ;
#3605 = EDGE_CURVE ( 'NONE', #1268, #3425, #2958, .T. ) ;
#3606 = CARTESIAN_POINT ( 'NONE',  ( -12.99999999999999289, 22.87867965644039003, -29.99999999999999289 ) ) ;
#3607 = VECTOR ( 'NONE', #585, 1000.000000000000000 ) ;
#3608 = DIRECTION ( 'NONE',  ( -0.5000000000000000000, 0.8660254037844387076, 0.000000000000000000 ) ) ;
#3609 = ORIENTED_EDGE ( 'NONE', *, *, #2672, .T. ) ;
#3610 = CARTESIAN_POINT ( 'NONE',  ( 21.99999999999998579, 13.86691298581655118, -29.99999999999999289 ) ) ;
#3611 = CIRCLE ( 'NONE', #3167, 2.249999999999998668 ) ;
#3612 = DIRECTION ( 'NONE',  ( -1.000000000000000000, 0.000000000000000000, 0.000000000000000000 ) ) ;
#3613 = ORIENTED_EDGE ( 'NONE', *, *, #347, .T. ) ;
#3614 = DIRECTION ( 'NONE',  ( -0.000000000000000000, -0.000000000000000000, 1.000000000000000000 ) ) ;
#3615 = ORIENTED_EDGE ( 'NONE', *, *, #1534, .T. ) ;
#3616 = LINE ( 'NONE', #403, #615 ) ;
#3617 = DIRECTION ( 'NONE',  ( 0.000000000000000000, 0.7071067811865474617, 0.7071067811865476838 ) ) ;
#3618 = VECTOR ( 'NONE', #3374, 1000.000000000000000 ) ;
#3619 = ORIENTED_EDGE ( 'NONE', *, *, #3360, .T. ) ;
#3620 = ORIENTED_EDGE ( 'NONE', *, *, #314, .F. ) ;
#3621 = DIRECTION ( 'NONE',  ( -0.000000000000000000, -0.000000000000000000, -1.000000000000000000 ) ) ;
#3622 = CYLINDRICAL_SURFACE ( 'NONE', #3000, 6.000000000000000888 ) ;
#3623 = AXIS2_PLACEMENT_3D ( 'NONE', #821, #42, #3321 ) ;
#3624 = EDGE_CURVE ( 'NONE', #2479, #2153, #2075, .T. ) ;
#3625 = CARTESIAN_POINT ( 'NONE',  ( 18.75587571088010819, 18.99953231496741068, -0.4626619453292425410 ) ) ;
#3626 = ORIENTED_EDGE ( 'NONE', *, *, #1966, .F. ) ;
#3627 = VECTOR ( 'NONE', #2124, 1000.000000000000000 ) ;
#3628 = CARTESIAN_POINT ( 'NONE',  ( 24.50000000000000355, 7.020725942163699607, 30.00000000000000711 ) ) ;
#3629 = AXIS2_PLACEMENT_3D ( 'NONE', #2565, #2517, #4362 ) ;
#3630 = LINE ( 'NONE', #1160, #1832 ) ;
#3631 = ORIENTED_EDGE ( 'NONE', *, *, #4424, .F. ) ;
#3632 = CARTESIAN_POINT ( 'NONE',  ( -17.50000000000000711, 7.020725942163698718, 30.00000000000000711 ) ) ;
#3633 = ORIENTED_EDGE ( 'NONE', *, *, #288, .T. ) ;
#3634 = AXIS2_PLACEMENT_3D ( 'NONE', #2912, #4007, #2513 ) ;
#3635 = LINE ( 'NONE', #3240, #1524 ) ;
#3636 = AXIS2_PLACEMENT_3D ( 'NONE', #1745, #1786, #4283 ) ;
#3637 = DIRECTION ( 'NONE',  ( 0.000000000000000000, 0.000000000000000000, 1.000000000000000000 ) ) ;
#3638 = ORIENTED_EDGE ( 'NONE', *, *, #786, .F. ) ;
#3639 = FACE_OUTER_BOUND ( 'NONE', #1507, .T. ) ;
#3640 = AXIS2_PLACEMENT_3D ( 'NONE', #3393, #1529, #2954 ) ;
#3641 = CARTESIAN_POINT ( 'NONE',  ( -20.72078258788497251, 22.87867965644039003, -29.99999999999999645 ) ) ;
#3642 = ORIENTED_EDGE ( 'NONE', *, *, #4209, .T. ) ;
#3643 = EDGE_LOOP ( 'NONE', ( #3841, #310, #4569, #4570, #317, #1869, #400 ) ) ;
#3644 = CARTESIAN_POINT ( 'NONE',  ( 25.00000000000000355, 2.999999999999981792, 24.00000000000000000 ) ) ;
#3645 = LINE ( 'NONE', #4334, #1056 ) ;
#3646 = CARTESIAN_POINT ( 'NONE',  ( 18.63139166354756071, 19.06762505054428303, 0.9266257181271141397 ) ) ;
#3647 = VERTEX_POINT ( 'NONE', #2379 ) ;
#3648 = CARTESIAN_POINT ( 'NONE',  ( 0.000000000000000000, 0.000000000000000000, 25.00000000000000355 ) ) ;
#3649 = DIRECTION ( 'NONE',  ( 0.000000000000000000, 1.000000000000000000, 0.000000000000000000 ) ) ;
#3650 = ADVANCED_FACE ( 'NONE', ( #4597 ), #1364, .F. ) ;
#3651 =( BOUNDED_CURVE ( )  B_SPLINE_CURVE ( 3, ( #667, #259, #2400, #2094 ),
 .UNSPECIFIED., .F., .T. ) 
 B_SPLINE_CURVE_WITH_KNOTS ( ( 4, 4 ),
 ( 1.570796326794906328, 3.141592653589793116 ),
 .UNSPECIFIED. ) 
 CURVE ( )  GEOMETRIC_REPRESENTATION_ITEM ( )  RATIONAL_B_SPLINE_CURVE ( ( 1.000000000000000000, 0.8047378541243672689, 0.8047378541243672689, 1.000000000000000000 ) ) 
 REPRESENTATION_ITEM ( '' )  );
#3652 = DIRECTION ( 'NONE',  ( 0.000000000000000000, -0.7659860924831149998, -0.6428571428571430157 ) ) ;
#3653 = ORIENTED_EDGE ( 'NONE', *, *, #4087, .T. ) ;
#3654 = CARTESIAN_POINT ( 'NONE',  ( 25.00000000000000000, 25.00000000000000000, -26.99999999999996803 ) ) ;
#3655 = EDGE_CURVE ( 'NONE', #655, #431, #2426, .T. ) ;
#3656 = CARTESIAN_POINT ( 'NONE',  ( 14.00000000000000178, 0.000000000000000000, 7.000000000000003553 ) ) ;
#3657 = EDGE_LOOP ( 'NONE', ( #2199, #3499, #1613, #1252, #2437, #3479, #328 ) ) ;
#3658 = DIRECTION ( 'NONE',  ( 0.000000000000000000, -0.7071067811865474617, -0.7071067811865474617 ) ) ;
#3659 = EDGE_CURVE ( 'NONE', #2518, #4375, #2825, .T. ) ;
#3660 = ORIENTED_EDGE ( 'NONE', *, *, #2824, .F. ) ;
#3661 = CARTESIAN_POINT ( 'NONE',  ( -17.50000000000000711, 7.020725942163698718, 23.00000000000000711 ) ) ;
#3662 = CARTESIAN_POINT ( 'NONE',  ( 24.74691740044292843, 21.20512349094588345, 4.648173865006257621 ) ) ;
#3663 = ORIENTED_EDGE ( 'NONE', *, *, #314, .T. ) ;
#3664 = EDGE_LOOP ( 'NONE', ( #3633, #2207, #3324, #1784, #4527 ) ) ;
#3665 = LINE ( 'NONE', #2531, #3198 ) ;
#3666 = CARTESIAN_POINT ( 'NONE',  ( -24.50000000000000711, 2.979274057836319489, 30.00000000000000711 ) ) ;
#3667 = LINE ( 'NONE', #4380, #1816 ) ;
#3668 = PLANE ( 'NONE',  #1430 ) ;
#3669 = ORIENTED_EDGE ( 'NONE', *, *, #2284, .F. ) ;
#3670 = DIRECTION ( 'NONE',  ( -0.000000000000000000, -1.000000000000000000, -0.000000000000000000 ) ) ;
#3671 = CARTESIAN_POINT ( 'NONE',  ( 24.60000000000000497, 5.000000000000004441, -27.39999999999996660 ) ) ;
#3672 = ADVANCED_FACE ( 'NONE', ( #3252 ), #1480, .F. ) ;
#3673 = DIRECTION ( 'NONE',  ( -0.000000000000000000, -0.000000000000000000, -1.000000000000000000 ) ) ;
#3674 = ORIENTED_EDGE ( 'NONE', *, *, #504, .F. ) ;
#3675 = CARTESIAN_POINT ( 'NONE',  ( -24.99999999999998934, 25.00000000000000000, 30.00000000000000711 ) ) ;
#3676 = VECTOR ( 'NONE', #1281, 1000.000000000000000 ) ;
#3677 = VECTOR ( 'NONE', #2154, 1000.000000000000000 ) ;
#3678 = EDGE_CURVE ( 'NONE', #1527, #2335, #2352, .T. ) ;
#3679 = VERTEX_POINT ( 'NONE', #2584 ) ;
#3680 = CARTESIAN_POINT ( 'NONE',  ( 18.75000000000000355, 5.000000000000004441, -15.00000000000000000 ) ) ;
#3681 = ORIENTED_EDGE ( 'NONE', *, *, #1909, .T. ) ;
#3682 = DIRECTION ( 'NONE',  ( -0.6785983445458486640, -0.6785983445458451113, 0.2810846377148206177 ) ) ;
#3683 = CIRCLE ( 'NONE', #388, 2.249999999999998668 ) ;
#3684 = CARTESIAN_POINT ( 'NONE',  ( -19.99999999999998934, 21.46446609406726225, -26.46446609406726935 ) ) ;
#3685 = EDGE_CURVE ( 'NONE', #2785, #3498, #4436, .T. ) ;
#3686 = VECTOR ( 'NONE', #1105, 1000.000000000000000 ) ;
#3687 = ORIENTED_EDGE ( 'NONE', *, *, #3148, .T. ) ;
#3688 = DIRECTION ( 'NONE',  ( 0.8660254037844385966, -0.4999999999999999445, 0.000000000000000000 ) ) ;
#3689 = CARTESIAN_POINT ( 'NONE',  ( 14.00000000000000178, 12.00000000000000000, -15.00000000000000178 ) ) ;
#3690 = CARTESIAN_POINT ( 'NONE',  ( 24.50000000000000355, 2.979274057836315048, 23.00000000000000711 ) ) ;
#3691 = CARTESIAN_POINT ( 'NONE',  ( -19.99999999999998934, 22.87867965644035095, 27.87867965644036872 ) ) ;
#3692 = LINE ( 'NONE', #479, #4142 ) ;
#3693 = ORIENTED_EDGE ( 'NONE', *, *, #163, .F. ) ;
#3694 = LINE ( 'NONE', #482, #4470 ) ;
#3695 = CIRCLE ( 'NONE', #1675, 2.249999999999998668 ) ;
#3696 = DIRECTION ( 'NONE',  ( 0.000000000000000000, -1.000000000000000000, -0.000000000000000000 ) ) ;
#3697 = CARTESIAN_POINT ( 'NONE',  ( 18.01003794011766956, 19.47212310267835278, -2.342783486495435330 ) ) ;
#3698 = VECTOR ( 'NONE', #132, 1000.000000000000000 ) ;
#3699 = DIRECTION ( 'NONE',  ( -0.2810846377148217279, -0.6785983445458451113, 0.6785983445458483310 ) ) ;
#3700 = ORIENTED_EDGE ( 'NONE', *, *, #652, .F. ) ;
#3701 = VECTOR ( 'NONE', #377, 1000.000000000000000 ) ;
#3702 = CARTESIAN_POINT ( 'NONE',  ( -25.99999999999998934, 1.000000000000007105, 25.00000000000000355 ) ) ;
#3703 = ORIENTED_EDGE ( 'NONE', *, *, #3558, .F. ) ;
#3704 = AXIS2_PLACEMENT_3D ( 'NONE', #2194, #4388, #794 ) ;
#3705 = ORIENTED_EDGE ( 'NONE', *, *, #2123, .F. ) ;
#3706 = CARTESIAN_POINT ( 'NONE',  ( 20.00000000000001066, 21.46446609406727291, -26.46446609406726935 ) ) ;
#3707 = ADVANCED_FACE ( 'NONE', ( #4313, #2637 ), #4460, .T. ) ;
#3708 = LINE ( 'NONE', #2692, #115 ) ;
#3709 = VECTOR ( 'NONE', #3358, 1000.000000000000114 ) ;
#3710 = ORIENTED_EDGE ( 'NONE', *, *, #51, .T. ) ;
#3711 = CARTESIAN_POINT ( 'NONE',  ( 19.99056509100524082, 1.286518058788974628, -28.28651805878897463 ) ) ;
#3712 = AXIS2_PLACEMENT_3D ( 'NONE', #648, #1722, #1318 ) ;
#3713 = FACE_BOUND ( 'NONE', #187, .T. ) ;
#3714 = CARTESIAN_POINT ( 'NONE',  ( -22.69040042694417281, 19.49121896633289097, -2.536408996118906245 ) ) ;
#3715 = EDGE_CURVE ( 'NONE', #1620, #4392, #3210, .T. ) ;
#3716 = CARTESIAN_POINT ( 'NONE',  ( -21.99999999999999289, 21.99095139045253688, -29.99999999999999289 ) ) ;
#3717 = FACE_OUTER_BOUND ( 'NONE', #4215, .T. ) ;
#3718 = EDGE_LOOP ( 'NONE', ( #1401, #2894, #2905, #1135 ) ) ;
#3719 = CARTESIAN_POINT ( 'NONE',  ( -16.99999999999999289, 25.00000000000000355, -13.99999999999999822 ) ) ;
#3720 = CARTESIAN_POINT ( 'NONE',  ( 17.79012755090179354, 19.65363025826434651, -2.731737183769983091 ) ) ;
#3721 = DIRECTION ( 'NONE',  ( 0.000000000000000000, -0.000000000000000000, -1.000000000000000000 ) ) ;
#3722 = ORIENTED_EDGE ( 'NONE', *, *, #2615, .F. ) ;
#3723 = VERTEX_POINT ( 'NONE', #3724 ) ;
#3724 = CARTESIAN_POINT ( 'NONE',  ( 8.750000000000005329, 8.000000000000000000, 12.17084380241114872 ) ) ;
#3725 = CARTESIAN_POINT ( 'NONE',  ( -19.99999999999998934, 51.51108865361363343, -3.582156465479112928 ) ) ;
#3726 = EDGE_LOOP ( 'NONE', ( #2351, #1612, #3204, #822 ) ) ;
#3727 = CARTESIAN_POINT ( 'NONE',  ( 15.00000000000000000, 10.00000000000000000, -20.20568056140707824 ) ) ;
#3728 = ORIENTED_EDGE ( 'NONE', *, *, #3432, .T. ) ;
#3729 = DIRECTION ( 'NONE',  ( -1.000000000000000000, 0.000000000000000000, 0.000000000000000000 ) ) ;
#3730 = CARTESIAN_POINT ( 'NONE',  ( -18.75000000000000355, 5.000000000000004441, 30.00000000000000711 ) ) ;
#3731 = EDGE_CURVE ( 'NONE', #970, #4417, #934, .T. ) ;
#3732 = ORIENTED_EDGE ( 'NONE', *, *, #2848, .F. ) ;
#3733 = CYLINDRICAL_SURFACE ( 'NONE', #2021, 3.499999999999999556 ) ;
#3734 = PLANE ( 'NONE',  #793 ) ;
#3735 = CARTESIAN_POINT ( 'NONE',  ( -22.77517092940644616, 19.74385051115023160, 3.072222390740039444 ) ) ;
#3736 = DIRECTION ( 'NONE',  ( -1.734723475976807341E-16, 1.000000000000000000, 0.000000000000000000 ) ) ;
#3737 = FACE_OUTER_BOUND ( 'NONE', #1130, .T. ) ;
#3738 = ADVANCED_FACE ( 'NONE', ( #2360 ), #2382, .F. ) ;
#3739 = VERTEX_POINT ( 'NONE', #284 ) ;
#3740 = LINE ( 'NONE', #2353, #4619 ) ;
#3741 = EDGE_CURVE ( 'NONE', #36, #1645, #1368, .T. ) ;
#3742 = CARTESIAN_POINT ( 'NONE',  ( 23.08439404391565830, 20.32677816997489373, -3.947009676408183232 ) ) ;
#3743 = LINE ( 'NONE', #3402, #4090 ) ;
#3744 = ORIENTED_EDGE ( 'NONE', *, *, #1186, .F. ) ;
#3745 = ORIENTED_EDGE ( 'NONE', *, *, #248, .F. ) ;
#3746 = DIRECTION ( 'NONE',  ( -1.000000000000000000, -0.000000000000000000, 1.734723475976807587E-16 ) ) ;
#3747 = CARTESIAN_POINT ( 'NONE',  ( 25.99999999999998934, 6.938893903907228378E-15, 30.00000000000000711 ) ) ;
#3748 = EDGE_CURVE ( 'NONE', #819, #4127, #695, .T. ) ;
#3749 = ORIENTED_EDGE ( 'NONE', *, *, #3056, .T. ) ;
#3750 = DIRECTION ( 'NONE',  ( 1.000000000000000000, 0.000000000000000000, 0.000000000000000000 ) ) ;
#3751 = ORIENTED_EDGE ( 'NONE', *, *, #3921, .F. ) ;
#3752 = CYLINDRICAL_SURFACE ( 'NONE', #1510, 3.599999999999999201 ) ;
#3753 = CIRCLE ( 'NONE', #2619, 7.500000000000000000 ) ;
#3754 = CARTESIAN_POINT ( 'NONE',  ( -10.00000000000000000, 8.000000000000000000, 13.00000000000000355 ) ) ;
#3755 = ORIENTED_EDGE ( 'NONE', *, *, #1431, .T. ) ;
#3756 = CIRCLE ( 'NONE', #4146, 3.250000000000000000 ) ;
#3757 = CARTESIAN_POINT ( 'NONE',  ( -19.99999999999998934, 23.93933982822019502, -28.93933982822018436 ) ) ;
#3758 = FACE_OUTER_BOUND ( 'NONE', #1274, .T. ) ;
#3759 = CARTESIAN_POINT ( 'NONE',  ( -24.99999999999999289, 16.00000000000000000, 2.555552384601979643 ) ) ;
#3760 = CARTESIAN_POINT ( 'NONE',  ( 18.01082344038159277, 19.47152601977192532, 2.341363340882726796 ) ) ;
#3761 = AXIS2_PLACEMENT_3D ( 'NONE', #1642, #843, #4468 ) ;
#3762 = PLANE ( 'NONE',  #3556 ) ;
#3763 = FACE_OUTER_BOUND ( 'NONE', #4210, .T. ) ;
#3764 = ORIENTED_EDGE ( 'NONE', *, *, #3081, .F. ) ;
#3765 = DIRECTION ( 'NONE',  ( 1.000000000000000000, 0.000000000000000000, 0.000000000000000000 ) ) ;
#3766 = DIRECTION ( 'NONE',  ( 0.000000000000000000, 0.7071067811865474617, -0.7071067811865475727 ) ) ;
#3767 = EDGE_CURVE ( 'NONE', #1770, #2500, #972, .T. ) ;
#3768 = DIRECTION ( 'NONE',  ( 1.734723475976807094E-16, 0.000000000000000000, 1.000000000000000000 ) ) ;
#3769 = ORIENTED_EDGE ( 'NONE', *, *, #4194, .F. ) ;
#3770 = ORIENTED_EDGE ( 'NONE', *, *, #416, .F. ) ;
#3771 = AXIS2_PLACEMENT_3D ( 'NONE', #515, #172, #1591 ) ;
#3772 = CARTESIAN_POINT ( 'NONE',  ( -7.337569785375779752, 22.49241657726042121, 20.85120036489214002 ) ) ;
#3773 = DIRECTION ( 'NONE',  ( -1.734723475976807094E-16, 1.000000000000000000, -0.000000000000000000 ) ) ;
#3774 = CIRCLE ( 'NONE', #1598, 21.00000000000000000 ) ;
#3775 = VERTEX_POINT ( 'NONE', #3214 ) ;
#3776 =( BOUNDED_CURVE ( )  B_SPLINE_CURVE ( 3, ( #2568, #1825, #2170, #745 ),
 .UNSPECIFIED., .F., .T. ) 
 B_SPLINE_CURVE_WITH_KNOTS ( ( 4, 4 ),
 ( 3.141592653589793116, 6.283185307179586232 ),
 .UNSPECIFIED. ) 
 CURVE ( )  GEOMETRIC_REPRESENTATION_ITEM ( )  RATIONAL_B_SPLINE_CURVE ( ( 1.000000000000000000, 0.3333333333333333703, 0.3333333333333333703, 1.000000000000000000 ) ) 
 REPRESENTATION_ITEM ( '' )  );
#3777 = FACE_OUTER_BOUND ( 'NONE', #4327, .T. ) ;
#3778 = ORIENTED_EDGE ( 'NONE', *, *, #2793, .F. ) ;
#3779 = VECTOR ( 'NONE', #1025, 1000.000000000000000 ) ;
#3780 = CARTESIAN_POINT ( 'NONE',  ( 15.00000000000000000, 10.00000000000000000, -20.20568056140707824 ) ) ;
#3781 = CARTESIAN_POINT ( 'NONE',  ( 15.00000000000000355, 25.00000000000000000, 35.00000000000000000 ) ) ;
#3782 = VECTOR ( 'NONE', #1155, 1000.000000000000000 ) ;
#3783 = EDGE_LOOP ( 'NONE', ( #4274, #963, #1092, #4260, #2037, #2187, #4270 ) ) ;
#3784 = DIRECTION ( 'NONE',  ( -0.000000000000000000, 0.7071067811865474617, 0.7071067811865476838 ) ) ;
#3785 = CYLINDRICAL_SURFACE ( 'NONE', #3867, 5.000000000000000888 ) ;
#3786 = CARTESIAN_POINT ( 'NONE',  ( -24.99999999999999289, 21.14285714285716011, 4.595916554898671791 ) ) ;
#3787 = DIRECTION ( 'NONE',  ( 1.652117596168387756E-16, 0.000000000000000000, 1.000000000000000000 ) ) ;
#3788 = PLANE ( 'NONE',  #178 ) ;
#3789 = ORIENTED_EDGE ( 'NONE', *, *, #1592, .T. ) ;
#3790 = CARTESIAN_POINT ( 'NONE',  ( 21.00000000000000000, 5.000000000000004441, 30.00000000000000711 ) ) ;
#3791 = FACE_OUTER_BOUND ( 'NONE', #2871, .T. ) ;
#3792 = LINE ( 'NONE', #1228, #411 ) ;
#3793 = ORIENTED_EDGE ( 'NONE', *, *, #196, .F. ) ;
#3794 = ORIENTED_EDGE ( 'NONE', *, *, #1302, .F. ) ;
#3795 = EDGE_CURVE ( 'NONE', #2401, #970, #1728, .T. ) ;
#3796 = LINE ( 'NONE', #2686, #1876 ) ;
#3797 = FACE_OUTER_BOUND ( 'NONE', #1002, .T. ) ;
#3798 = ORIENTED_EDGE ( 'NONE', *, *, #3605, .F. ) ;
#3799 = LINE ( 'NONE', #958, #4433 ) ;
#3800 = ORIENTED_EDGE ( 'NONE', *, *, #1036, .F. ) ;
#3801 = CARTESIAN_POINT ( 'NONE',  ( -5.000000000000000888, 25.00000000000000000, 26.00000000000000711 ) ) ;
#3802 = EDGE_CURVE ( 'NONE', #4629, #74, #2575, .T. ) ;
#3803 = EDGE_CURVE ( 'NONE', #367, #3042, #4572, .T. ) ;
#3804 = VERTEX_POINT ( 'NONE', #602 ) ;
#3805 = CARTESIAN_POINT ( 'NONE',  ( -19.99999999999998934, 24.99999999999999645, -20.10050506338833642 ) ) ;
#3806 = CARTESIAN_POINT ( 'NONE',  ( -23.83834258855823407, 21.00142959116858776, -4.583801262739027216 ) ) ;
#3807 = CARTESIAN_POINT ( 'NONE',  ( 24.99999999999981881, 16.00000000000036948, 6.370357849704233466 ) ) ;
#3808 = EDGE_CURVE ( 'NONE', #933, #367, #2356, .T. ) ;
#3809 = EDGE_LOOP ( 'NONE', ( #816, #171, #103, #4025, #3276, #3277 ) ) ;
#3810 = DIRECTION ( 'NONE',  ( -1.000000000000000000, 0.000000000000000000, 1.734723475976807094E-16 ) ) ;
#3811 = DIRECTION ( 'NONE',  ( 0.000000000000000000, -0.7071067811865474617, -0.7071067811865474617 ) ) ;
#3812 = FACE_BOUND ( 'NONE', #348, .T. ) ;
#3813 = VERTEX_POINT ( 'NONE', #2755 ) ;
#3814 = ORIENTED_EDGE ( 'NONE', *, *, #1922, .F. ) ;
#3815 = CARTESIAN_POINT ( 'NONE',  ( -19.99999999999998934, 11.43933982822018436, 41.43933982822019146 ) ) ;
#3816 = DIRECTION ( 'NONE',  ( -0.8660254037844384856, 0.5000000000000002220, 0.000000000000000000 ) ) ;
#3817 = CARTESIAN_POINT ( 'NONE',  ( -10.00000000000000000, 8.000000000000000000, 13.00000000000000355 ) ) ;
#3818 = DIRECTION ( 'NONE',  ( 0.000000000000000000, 0.000000000000000000, -1.000000000000000000 ) ) ;
#3819 = VERTEX_POINT ( 'NONE', #3842 ) ;
#3820 = CARTESIAN_POINT ( 'NONE',  ( 13.00000000000000000, 25.00000000000000000, -7.500000000000001776 ) ) ;
#3821 = EDGE_LOOP ( 'NONE', ( #1337, #2387 ) ) ;
#3822 = DIRECTION ( 'NONE',  ( 0.000000000000000000, 0.7071067811865474617, -0.7071067811865475727 ) ) ;
#3823 = EDGE_CURVE ( 'NONE', #3454, #1981, #262, .T. ) ;
#3824 = VECTOR ( 'NONE', #110, 1000.000000000000000 ) ;
#3825 = VERTEX_POINT ( 'NONE', #8 ) ;
#3826 = CARTESIAN_POINT ( 'NONE',  ( -18.31027957696391439, 19.26088230651315314, 1.762576749609242599 ) ) ;
#3827 = CARTESIAN_POINT ( 'NONE',  ( 5.000000000000000888, 25.00000000000000000, 30.00000000000000711 ) ) ;
#3828 = COLOUR_RGB ( '',0.7921568627450980005, 0.8196078431372548767, 0.9333333333333333481 ) ;
#3829 = EDGE_CURVE ( 'NONE', #566, #3492, #670, .T. ) ;
#3830 = CARTESIAN_POINT ( 'NONE',  ( -18.75000000000000355, 5.000000000000004441, 20.00000000000000355 ) ) ;
#3831 = AXIS2_PLACEMENT_3D ( 'NONE', #2740, #2715, #3047 ) ;
#3832 = VECTOR ( 'NONE', #2799, 1000.000000000000000 ) ;
#3833 = VERTEX_POINT ( 'NONE', #2055 ) ;
#3834 = PLANE ( 'NONE',  #492 ) ;
#3835 = DIRECTION ( 'NONE',  ( -5.782411586589358625E-17, 0.000000000000000000, -1.000000000000000000 ) ) ;
#3836 = EDGE_CURVE ( 'NONE', #4618, #775, #4390, .T. ) ;
#3837 = AXIS2_PLACEMENT_3D ( 'NONE', #1153, #3331, #2235 ) ;
#3838 = CARTESIAN_POINT ( 'NONE',  ( 20.00000000000001066, 12.97918471982872646, -29.99999999999999289 ) ) ;
#3839 = ORIENTED_EDGE ( 'NONE', *, *, #3401, .F. ) ;
#3840 = AXIS2_PLACEMENT_3D ( 'NONE', #2629, #2254, #3058 ) ;
#3841 = ORIENTED_EDGE ( 'NONE', *, *, #3118, .F. ) ;
#3842 = CARTESIAN_POINT ( 'NONE',  ( 18.75000000000000355, 5.000000000000004441, -19.99999999999998934 ) ) ;
#3843 = AXIS2_PLACEMENT_3D ( 'NONE', #3524, #2105, #3218 ) ;
#3844 = DIRECTION ( 'NONE',  ( 0.000000000000000000, -0.000000000000000000, 1.000000000000000000 ) ) ;
#3845 = ORIENTED_EDGE ( 'NONE', *, *, #4122, .T. ) ;
#3846 = DIRECTION ( 'NONE',  ( -1.000000000000000000, 0.000000000000000000, 0.000000000000000000 ) ) ;
#3847 = ORIENTED_EDGE ( 'NONE', *, *, #1146, .T. ) ;
#3848 = VECTOR ( 'NONE', #1945, 1000.000000000000000 ) ;
#3849 = DIRECTION ( 'NONE',  ( -1.000000000000000000, 0.000000000000000000, 5.782411586589358625E-17 ) ) ;
#3850 = VECTOR ( 'NONE', #893, 1000.000000000000000 ) ;
#3851 = VERTEX_POINT ( 'NONE', #3162 ) ;
#3852 = FACE_OUTER_BOUND ( 'NONE', #3718, .T. ) ;
#3853 = EDGE_CURVE ( 'NONE', #97, #3819, #3495, .T. ) ;
#3854 = CARTESIAN_POINT ( 'NONE',  ( -25.00000000000000000, 16.00000000000000000, -7.675522517598015071 ) ) ;
#3855 = CARTESIAN_POINT ( 'NONE',  ( 17.00000000175257853, 20.97172388622570338, 4.452292228705926114 ) ) ;
#3856 = AXIS2_PLACEMENT_3D ( 'NONE', #2738, #955, #3139 ) ;
#3857 = ORIENTED_EDGE ( 'NONE', *, *, #2528, .F. ) ;
#3858 = VECTOR ( 'NONE', #304, 1000.000000000000000 ) ;
#3859 = DIRECTION ( 'NONE',  ( -0.000000000000000000, -0.000000000000000000, 1.000000000000000000 ) ) ;
#3860 = PLANE ( 'NONE',  #2178 ) ;
#3861 =( BOUNDED_CURVE ( )  B_SPLINE_CURVE ( 3, ( #2152, #37, #4582, #4326 ),
 .UNSPECIFIED., .F., .T. ) 
 B_SPLINE_CURVE_WITH_KNOTS ( ( 4, 4 ),
 ( 3.141592653589793116, 6.283185307179586232 ),
 .UNSPECIFIED. ) 
 CURVE ( )  GEOMETRIC_REPRESENTATION_ITEM ( )  RATIONAL_B_SPLINE_CURVE ( ( 1.000000000000000000, 0.3333333333333333703, 0.3333333333333333703, 1.000000000000000000 ) ) 
 REPRESENTATION_ITEM ( '' )  );
#3862 = VECTOR ( 'NONE', #831, 1000.000000000000000 ) ;
#3863 = DIRECTION ( 'NONE',  ( 0.000000000000000000, 0.000000000000000000, 1.000000000000000000 ) ) ;
#3864 = ORIENTED_EDGE ( 'NONE', *, *, #2298, .F. ) ;
#3865 = ORIENTED_EDGE ( 'NONE', *, *, #746, .F. ) ;
#3866 = CARTESIAN_POINT ( 'NONE',  ( -10.00000000000000000, 10.00000000000000178, 30.00000000000000711 ) ) ;
#3867 = AXIS2_PLACEMENT_3D ( 'NONE', #1169, #3326, #1263 ) ;
#3868 = CARTESIAN_POINT ( 'NONE',  ( -20.99999999999999645, 12.00000000000000000, -15.00000000000000178 ) ) ;
#3869 = FACE_BOUND ( 'NONE', #3052, .T. ) ;
#3870 = ORIENTED_EDGE ( 'NONE', *, *, #2693, .T. ) ;
#3871 = DIRECTION ( 'NONE',  ( -0.4999999999999995559, -0.8660254037844389297, 0.000000000000000000 ) ) ;
#3872 = ORIENTED_EDGE ( 'NONE', *, *, #504, .T. ) ;
#3873 = DIRECTION ( 'NONE',  ( 0.000000000000000000, 0.7071067811865477948, 0.7071067811865472397 ) ) ;
#3874 = CARTESIAN_POINT ( 'NONE',  ( 20.00000000000001066, 22.87867965644035806, -27.87867965644036872 ) ) ;
#3875 = VERTEX_POINT ( 'NONE', #3192 ) ;
#3876 = CYLINDRICAL_SURFACE ( 'NONE', #2397, 1.500000000000001332 ) ;
#3877 = CARTESIAN_POINT ( 'NONE',  ( -22.83190403645072308, 19.88299806238752154, -3.315738078773900366 ) ) ;
#3878 = CARTESIAN_POINT ( 'NONE',  ( 17.20128236834612068, 20.36631830592182624, 3.817943856831846450 ) ) ;
#3879 = EDGE_CURVE ( 'NONE', #261, #1156, #2806, .T. ) ;
#3880 = DIRECTION ( 'NONE',  ( -1.000000000000000000, 0.000000000000000000, 1.734723475976807094E-16 ) ) ;
#3881 = ORIENTED_EDGE ( 'NONE', *, *, #2563, .T. ) ;
#3882 = DIRECTION ( 'NONE',  ( 0.000000000000000000, -0.7071067811865475727, -0.7071067811865475727 ) ) ;
#3883 = DIRECTION ( 'NONE',  ( 0.4999999999999995004, -0.8660254037844389297, 0.000000000000000000 ) ) ;
#3884 = ADVANCED_FACE ( 'NONE', ( #2078 ), #2827, .F. ) ;
#3885 = CARTESIAN_POINT ( 'NONE',  ( -21.99999999999998934, 0.000000000000000000, 3.816391647148973241E-15 ) ) ;
#3886 = DIRECTION ( 'NONE',  ( 1.000000000000000000, 0.000000000000000000, -1.734723475976807094E-16 ) ) ;
#3887 = VERTEX_POINT ( 'NONE', #1413 ) ;
#3888 = ORIENTED_EDGE ( 'NONE', *, *, #2877, .F. ) ;
#3889 = DIRECTION ( 'NONE',  ( 0.000000000000000000, 0.000000000000000000, 1.000000000000000000 ) ) ;
#3890 = DIRECTION ( 'NONE',  ( -0.000000000000000000, 0.000000000000000000, 1.000000000000000000 ) ) ;
#3891 = EDGE_CURVE ( 'NONE', #1026, #493, #3500, .T. ) ;
#3892 = EDGE_CURVE ( 'NONE', #3429, #1343, #302, .T. ) ;
#3893 = DIRECTION ( 'NONE',  ( 0.000000000000000000, -0.000000000000000000, -1.000000000000000000 ) ) ;
#3894 = CARTESIAN_POINT ( 'NONE',  ( -22.23702572067780636, 3.572230709491619915, -30.57223070949163102 ) ) ;
#3895 = ORIENTED_EDGE ( 'NONE', *, *, #1392, .T. ) ;
#3896 = DIRECTION ( 'NONE',  ( 0.000000000000000000, 0.000000000000000000, -1.000000000000000000 ) ) ;
#3897 = ORIENTED_EDGE ( 'NONE', *, *, #2610, .F. ) ;
#3898 = EDGE_CURVE ( 'NONE', #1855, #145, #4289, .T. ) ;
#3899 = CARTESIAN_POINT ( 'NONE',  ( 25.00000000000000355, 16.00000000000000000, 20.00000000000000355 ) ) ;
#3900 = ORIENTED_EDGE ( 'NONE', *, *, #2395, .F. ) ;
#3901 = CARTESIAN_POINT ( 'NONE',  ( 23.25000000000000000, 5.000000000000004441, 30.00000000000000711 ) ) ;
#3902 = VERTEX_POINT ( 'NONE', #4404 ) ;
#3903 = CARTESIAN_POINT ( 'NONE',  ( 25.00000000000000000, 25.00000000000000000, -14.00000000000000533 ) ) ;
#3904 = CARTESIAN_POINT ( 'NONE',  ( -17.02960371119769079, 20.81087875677071608, -4.301083591960016328 ) ) ;
#3905 = EDGE_LOOP ( 'NONE', ( #3281, #3404, #4535, #4352 ) ) ;
#3906 = FACE_OUTER_BOUND ( 'NONE', #3452, .T. ) ;
#3907 = DIRECTION ( 'NONE',  ( 0.000000000000000000, 0.000000000000000000, 1.000000000000000000 ) ) ;
#3908 = AXIS2_PLACEMENT_3D ( 'NONE', #1815, #4034, #811 ) ;
#3909 = ORIENTED_EDGE ( 'NONE', *, *, #2453, .F. ) ;
#3910 = CARTESIAN_POINT ( 'NONE',  ( -24.99999999999998934, 9.464101615137758827, 24.00000000000000355 ) ) ;
#3911 = VECTOR ( 'NONE', #3750, 1000.000000000000000 ) ;
#3912 = LINE ( 'NONE', #2056, #1575 ) ;
#3913 = EDGE_CURVE ( 'NONE', #1343, #3429, #2837, .T. ) ;
#3914 = VECTOR ( 'NONE', #867, 1000.000000000000000 ) ;
#3915 = CARTESIAN_POINT ( 'NONE',  ( -19.99999999999998934, 22.87867965644037227, 30.00000000000000711 ) ) ;
#3916 = ORIENTED_EDGE ( 'NONE', *, *, #4491, .F. ) ;
#3917 = PLANE ( 'NONE',  #4303 ) ;
#3918 = CARTESIAN_POINT ( 'NONE',  ( 17.00000000000000355, 25.00000000000000355, -2.949029909160572455E-15 ) ) ;
#3919 = VERTEX_POINT ( 'NONE', #4010 ) ;
#3920 = DIRECTION ( 'NONE',  ( 1.000000000000000000, 0.000000000000000000, -1.734723475976807094E-16 ) ) ;
#3921 = EDGE_CURVE ( 'NONE', #260, #306, #456, .T. ) ;
#3922 = ORIENTED_EDGE ( 'NONE', *, *, #694, .T. ) ;
#3923 = VECTOR ( 'NONE', #4125, 1000.000000000000000 ) ;
#3924 = FACE_OUTER_BOUND ( 'NONE', #3376, .T. ) ;
#3925 = AXIS2_PLACEMENT_3D ( 'NONE', #3754, #2319, #2974 ) ;
#3926 =( BOUNDED_CURVE ( )  B_SPLINE_CURVE ( 3, ( #4450, #1172, #1905, #3716 ),
 .UNSPECIFIED., .F., .T. ) 
 B_SPLINE_CURVE_WITH_KNOTS ( ( 4, 4 ),
 ( 4.705154850624510665, 6.630256346393882616 ),
 .UNSPECIFIED. ) 
 CURVE ( )  GEOMETRIC_REPRESENTATION_ITEM ( )  RATIONAL_B_SPLINE_CURVE ( ( 1.000000000000000000, 0.7142857142857148567, 0.7142857142857148567, 1.000000000000000000 ) ) 
 REPRESENTATION_ITEM ( '' )  );
#3927 = FACE_OUTER_BOUND ( 'NONE', #1585, .T. ) ;
#3928 = CARTESIAN_POINT ( 'NONE',  ( -24.50000000000000711, 2.979274057836319489, 23.00000000000000711 ) ) ;
#3929 = CARTESIAN_POINT ( 'NONE',  ( 20.00000000000001066, 24.99999999999999645, -20.10050506338833642 ) ) ;
#3930 = AXIS2_PLACEMENT_3D ( 'NONE', #3986, #2916, #4360 ) ;
#3931 = CARTESIAN_POINT ( 'NONE',  ( 24.50000000000000355, 2.979274057836315048, 23.00000000000000711 ) ) ;
#3932 = CARTESIAN_POINT ( 'NONE',  ( 17.38468415539897904, 20.08369844105887836, 3.446314602172484864 ) ) ;
#3933 = CIRCLE ( 'NONE', #858, 1.000000000000000888 ) ;
#3934 = VERTEX_POINT ( 'NONE', #3628 ) ;
#3935 = CARTESIAN_POINT ( 'NONE',  ( 20.00000000000001066, 51.51108865361363343, -3.582156465479112928 ) ) ;
#3936 = CARTESIAN_POINT ( 'NONE',  ( -25.00000000000000000, 25.00000000000000000, -29.99999999999999289 ) ) ;
#3937 = CIRCLE ( 'NONE', #1609, 1.000000000000000888 ) ;
#3938 = ADVANCED_FACE ( 'NONE', ( #372 ), #1088, .F. ) ;
#3939 = CARTESIAN_POINT ( 'NONE',  ( 21.00000000000000000, 5.000000000000004441, 30.00000000000000711 ) ) ;
#3940 = ORIENTED_EDGE ( 'NONE', *, *, #1528, .F. ) ;
#3941 = CARTESIAN_POINT ( 'NONE',  ( -17.50000000000000711, 2.979274057836317713, 23.00000000000000711 ) ) ;
#3942 = ORIENTED_EDGE ( 'NONE', *, *, #2499, .F. ) ;
#3943 = CARTESIAN_POINT ( 'NONE',  ( -23.99332590941914489, 2.999999999999981792, -28.00667409058085155 ) ) ;
#3944 = EDGE_CURVE ( 'NONE', #3386, #4368, #3336, .T. ) ;
#3945 = VERTEX_POINT ( 'NONE', #50 ) ;
#3946 = LINE ( 'NONE', #4261, #3313 ) ;
#3947 = VERTEX_POINT ( 'NONE', #1508 ) ;
#3948 = LINE ( 'NONE', #731, #3677 ) ;
#3949 = PLANE ( 'NONE',  #1584 ) ;
#3950 = CARTESIAN_POINT ( 'NONE',  ( 25.00000000000000000, 2.999999999999981792, -29.99999999999999289 ) ) ;
#3951 = EDGE_CURVE ( 'NONE', #1115, #3199, #491, .T. ) ;
#3952 = CARTESIAN_POINT ( 'NONE',  ( -10.00000000000000178, 25.00000000000000000, 35.00000000000000000 ) ) ;
#3953 = CARTESIAN_POINT ( 'NONE',  ( -19.99999999999998934, 22.87867965644038648, -29.99999999999999289 ) ) ;
#3954 = LINE ( 'NONE', #3228, #460 ) ;
#3955 = ADVANCED_FACE ( 'NONE', ( #2536 ), #393, .F. ) ;
#3956 =( BOUNDED_CURVE ( )  B_SPLINE_CURVE ( 3, ( #2574, #3641, #779, #1523 ),
 .UNSPECIFIED., .F., .T. ) 
 B_SPLINE_CURVE_WITH_KNOTS ( ( 4, 4 ),
 ( 0.000000000000000000, 0.6082455789102101384 ),
 .UNSPECIFIED. ) 
 CURVE ( )  GEOMETRIC_REPRESENTATION_ITEM ( )  RATIONAL_B_SPLINE_CURVE ( ( 1.000000000000000000, 0.9694066705879980095, 0.9694066705879980095, 1.000000000000000000 ) ) 
 REPRESENTATION_ITEM ( '' )  );
#3957 = FACE_OUTER_BOUND ( 'NONE', #4111, .T. ) ;
#3958 = CARTESIAN_POINT ( 'NONE',  ( -23.99332590941914489, 2.999999999999981792, -28.00667409058085155 ) ) ;
#3959 = ORIENTED_EDGE ( 'NONE', *, *, #1290, .F. ) ;
#3960 = CARTESIAN_POINT ( 'NONE',  ( 20.00000000000001066, 25.00000000000000000, 20.10050506338832932 ) ) ;
#3961 = FILL_AREA_STYLE_COLOUR ( '', #3828 ) ;
#3962 = CARTESIAN_POINT ( 'NONE',  ( 27.00000000000000000, 25.00000000000000355, -4.683753385137378366E-15 ) ) ;
#3963 = CARTESIAN_POINT ( 'NONE',  ( 9.999999999999998224, 8.000000000000000000, 23.00000000000000711 ) ) ;
#3964 = ORIENTED_EDGE ( 'NONE', *, *, #1767, .F. ) ;
#3965 = ORIENTED_EDGE ( 'NONE', *, *, #1688, .F. ) ;
#3966 = CARTESIAN_POINT ( 'NONE',  ( -21.00000000000000000, 5.000000000000004441, 20.00000000000000355 ) ) ;
#3967 = ORIENTED_EDGE ( 'NONE', *, *, #4122, .F. ) ;
#3968 = CARTESIAN_POINT ( 'NONE',  ( 21.00000000000001066, 9.041451884327386779, 30.00000000000000711 ) ) ;
#3969 = ORIENTED_EDGE ( 'NONE', *, *, #1785, .F. ) ;
#3970 = CARTESIAN_POINT ( 'NONE',  ( 0.000000000000000000, 25.00000000000000000, 31.00000000000000355 ) ) ;
#3971 = EDGE_CURVE ( 'NONE', #1855, #1122, #3982, .T. ) ;
#3972 = PLANE ( 'NONE',  #3623 ) ;
#3973 = EDGE_LOOP ( 'NONE', ( #1963, #891 ) ) ;
#3974 = CARTESIAN_POINT ( 'NONE',  ( 11.70710678118649462, -11.70710678118655501, 25.00000000000000355 ) ) ;
#3975 = ADVANCED_FACE ( 'NONE', ( #2890 ), #4385, .F. ) ;
#3976 = CARTESIAN_POINT ( 'NONE',  ( -15.00000000000000355, 25.00000000000000000, 30.00000000000000711 ) ) ;
#3977 = DIRECTION ( 'NONE',  ( 1.000000000000000000, 0.000000000000000000, 0.000000000000000000 ) ) ;
#3978 = EDGE_CURVE ( 'NONE', #2665, #4618, #1538, .T. ) ;
#3979 = VECTOR ( 'NONE', #1240, 1000.000000000000000 ) ;
#3980 = CARTESIAN_POINT ( 'NONE',  ( 18.00058809871956811, 19.47965718150942394, 2.359653751542208244 ) ) ;
#3981 = ORIENTED_EDGE ( 'NONE', *, *, #1386, .F. ) ;
#3982 = LINE ( 'NONE', #4033, #2436 ) ;
#3983 = SURFACE_STYLE_USAGE ( .BOTH. , #1108 ) ;
#3984 = AXIS2_PLACEMENT_3D ( 'NONE', #3034, #1953, #855 ) ;
#3985 = VECTOR ( 'NONE', #256, 1000.000000000000000 ) ;
#3986 = CARTESIAN_POINT ( 'NONE',  ( 17.00000000000000000, 16.00000000000000355, -10.72380529476361488 ) ) ;
#3987 = CARTESIAN_POINT ( 'NONE',  ( 25.00000000000000000, 16.00000000000000355, -10.72380529476361488 ) ) ;
#3988 = VERTEX_POINT ( 'NONE', #4338 ) ;
#3989 = VECTOR ( 'NONE', #3461, 1000.000000000000000 ) ;
#3990 = DIRECTION ( 'NONE',  ( -1.000000000000000000, 0.000000000000000000, 0.000000000000000000 ) ) ;
#3991 = ORIENTED_EDGE ( 'NONE', *, *, #2545, .F. ) ;
#3992 = AXIS2_PLACEMENT_3D ( 'NONE', #1621, #2995, #1258 ) ;
#3993 = DIRECTION ( 'NONE',  ( 1.734723475976807834E-16, -1.000000000000000000, -0.000000000000000000 ) ) ;
#3994 = ORIENTED_EDGE ( 'NONE', *, *, #3659, .F. ) ;
#3995 = CARTESIAN_POINT ( 'NONE',  ( -3.250000000000000000, 25.00000000000000000, 30.00000000000000355 ) ) ;
#3996 = VERTEX_POINT ( 'NONE', #765 ) ;
#3997 = LINE ( 'NONE', #3970, #3005 ) ;
#3998 = CARTESIAN_POINT ( 'NONE',  ( -15.00000000000000711, 25.00000000000000000, 30.00000000000000711 ) ) ;
#3999 = AXIS2_PLACEMENT_3D ( 'NONE', #267, #1692, #2664 ) ;
#4000 = VERTEX_POINT ( 'NONE', #2586 ) ;
#4001 = VERTEX_POINT ( 'NONE', #2561 ) ;
#4002 = FACE_OUTER_BOUND ( 'NONE', #2133, .T. ) ;
#4003 = LINE ( 'NONE', #1857, #1279 ) ;
#4004 = CIRCLE ( 'NONE', #3408, 4.999999999999997335 ) ;
#4005 = LINE ( 'NONE', #2628, #3923 ) ;
#4006 = CARTESIAN_POINT ( 'NONE',  ( 21.99999999999998579, 25.00000000000000000, -29.99999999999999289 ) ) ;
#4007 = DIRECTION ( 'NONE',  ( -0.000000000000000000, -1.000000000000000000, -0.000000000000000000 ) ) ;
#4008 = VERTEX_POINT ( 'NONE', #1792 ) ;
#4009 = VECTOR ( 'NONE', #3166, 1000.000000000000000 ) ;
#4010 = CARTESIAN_POINT ( 'NONE',  ( -23.25000000000000000, 5.000000000000004441, 23.00000000000000711 ) ) ;
#4011 = DIRECTION ( 'NONE',  ( 1.000000000000000000, 0.000000000000000000, 0.000000000000000000 ) ) ;
#4012 = AXIS2_PLACEMENT_3D ( 'NONE', #327, #1702, #1657 ) ;
#4013 = EDGE_CURVE ( 'NONE', #3875, #3813, #810, .T. ) ;
#4014 = LINE ( 'NONE', #458, #2651 ) ;
#4015 = VERTEX_POINT ( 'NONE', #2515 ) ;
#4016 = CARTESIAN_POINT ( 'NONE',  ( 20.72078258788497607, 12.97918471982872823, -29.99999999999999289 ) ) ;
#4017 = AXIS2_PLACEMENT_3D ( 'NONE', #4423, #3514, #3882 ) ;
#4018 = DIRECTION ( 'NONE',  ( 0.000000000000000000, 1.000000000000000000, 0.000000000000000000 ) ) ;
#4019 = AXIS2_PLACEMENT_3D ( 'NONE', #23, #1808, #407 ) ;
#4020 = ORIENTED_EDGE ( 'NONE', *, *, #2969, .T. ) ;
#4021 = CARTESIAN_POINT ( 'NONE',  ( -8.749999999999996447, 8.000000000000000000, 12.32882800593795913 ) ) ;
#4022 = EDGE_LOOP ( 'NONE', ( #4294, #3113, #1859, #2789, #2901, #2053, #2776, #3161, #3560, #3303, #1275, #870 ) ) ;
#4023 = CARTESIAN_POINT ( 'NONE',  ( 17.40000000000000568, 5.000000000000003553, -19.99999999999998934 ) ) ;
#4024 = CARTESIAN_POINT ( 'NONE',  ( -5.000000000000000888, 25.00000000000000000, 30.00000000000000711 ) ) ;
#4025 = ORIENTED_EDGE ( 'NONE', *, *, #2156, .F. ) ;
#4026 = ORIENTED_EDGE ( 'NONE', *, *, #1868, .T. ) ;
#4027 = DIRECTION ( 'NONE',  ( 1.000000000000000000, 0.000000000000000000, -1.734723475976807094E-16 ) ) ;
#4028 = DIRECTION ( 'NONE',  ( 1.000000000000000000, -0.000000000000000000, 0.000000000000000000 ) ) ;
#4029 = EDGE_CURVE ( 'NONE', #4368, #74, #3231, .T. ) ;
#4030 = FACE_OUTER_BOUND ( 'NONE', #1931, .T. ) ;
#4031 = DIRECTION ( 'NONE',  ( 1.000000000000000000, 0.000000000000000000, 0.000000000000000000 ) ) ;
#4032 = ORIENTED_EDGE ( 'NONE', *, *, #3145, .F. ) ;
#4033 = CARTESIAN_POINT ( 'NONE',  ( 21.00000000000000711, 0.9585481156726252117, 23.00000000000000711 ) ) ;
#4034 = DIRECTION ( 'NONE',  ( -1.000000000000000000, 0.000000000000000000, 5.782411586589358625E-17 ) ) ;
#4035 = EDGE_CURVE ( 'NONE', #4112, #2143, #3333, .T. ) ;
#4036 = DIRECTION ( 'NONE',  ( 0.000000000000000000, 0.000000000000000000, -1.000000000000000000 ) ) ;
#4037 = ORIENTED_EDGE ( 'NONE', *, *, #4578, .F. ) ;
#4038 = DIRECTION ( 'NONE',  ( -0.8660254037844384856, 0.5000000000000002220, 0.000000000000000000 ) ) ;
#4039 = ADVANCED_FACE ( 'NONE', ( #413 ), #2495, .F. ) ;
#4040 = EDGE_CURVE ( 'NONE', #3919, #3073, #2130, .T. ) ;
#4041 = ORIENTED_EDGE ( 'NONE', *, *, #818, .T. ) ;
#4042 = ORIENTED_EDGE ( 'NONE', *, *, #605, .T. ) ;
#4043 = CARTESIAN_POINT ( 'NONE',  ( -21.00000000000000000, 5.000000000000004441, -19.99999999999998934 ) ) ;
#4044 = DIRECTION ( 'NONE',  ( 1.000000000000000000, 0.000000000000000000, 0.000000000000000000 ) ) ;
#4045 = EDGE_LOOP ( 'NONE', ( #4370, #1448, #2158, #3126 ) ) ;
#4046 = DIRECTION ( 'NONE',  ( 0.000000000000000000, -0.7071067811865479058, 0.7071067811865471286 ) ) ;
#4047 = CYLINDRICAL_SURFACE ( 'NONE', #2812, 2.000000000000003109 ) ;
#4048 = LINE ( 'NONE', #2251, #1426 ) ;
#4049 = FACE_BOUND ( 'NONE', #4503, .T. ) ;
#4050 = CARTESIAN_POINT ( 'NONE',  ( -17.50000000000000711, 2.979274057836317713, 23.00000000000000711 ) ) ;
#4051 = ORIENTED_EDGE ( 'NONE', *, *, #672, .F. ) ;
#4052 = LINE ( 'NONE', #1270, #3862 ) ;
#4053 = DIRECTION ( 'NONE',  ( 0.000000000000000000, 0.7071067811865475727, -0.7071067811865475727 ) ) ;
#4054 = CARTESIAN_POINT ( 'NONE',  ( -25.00000000000000000, -1.898202538678397557E-15, 20.00000000000000355 ) ) ;
#4055 = CARTESIAN_POINT ( 'NONE',  ( 26.99999999999999289, 6.000000000000000000, 25.00000000000000355 ) ) ;
#4056 = ORIENTED_EDGE ( 'NONE', *, *, #3823, .F. ) ;
#4057 = CARTESIAN_POINT ( 'NONE',  ( 20.00000000000001066, 21.46446609406726225, 26.46446609406726580 ) ) ;
#4058 = EDGE_CURVE ( 'NONE', #866, #1352, #126, .T. ) ;
#4059 = VECTOR ( 'NONE', #2857, 1000.000000000000114 ) ;
#4060 = VECTOR ( 'NONE', #603, 1000.000000000000000 ) ;
#4061 = AXIS2_PLACEMENT_3D ( 'NONE', #2225, #2174, #3658 ) ;
#4062 = VECTOR ( 'NONE', #2189, 1000.000000000000000 ) ;
#4063 = ORIENTED_EDGE ( 'NONE', *, *, #463, .T. ) ;
#4064 = DIRECTION ( 'NONE',  ( 0.000000000000000000, 0.000000000000000000, -1.000000000000000000 ) ) ;
#4065 = ADVANCED_FACE ( 'NONE', ( #507 ), #528, .T. ) ;
#4066 = ORIENTED_EDGE ( 'NONE', *, *, #1272, .F. ) ;
#4067 = PLANE ( 'NONE',  #1886 ) ;
#4068 = DIRECTION ( 'NONE',  ( 0.000000000000000000, -0.7071067811865474617, -0.7071067811865476838 ) ) ;
#4069 = ADVANCED_FACE ( 'NONE', ( #2604 ), #188, .F. ) ;
#4070 = VECTOR ( 'NONE', #950, 1000.000000000000000 ) ;
#4071 = EDGE_LOOP ( 'NONE', ( #2220, #3317 ) ) ;
#4072 = CARTESIAN_POINT ( 'NONE',  ( -19.99999999999998934, 51.51108865361363343, -3.582156465479112928 ) ) ;
#4073 = DIRECTION ( 'NONE',  ( -1.000000000000000000, -0.000000000000000000, -0.000000000000000000 ) ) ;
#4074 = CARTESIAN_POINT ( 'NONE',  ( -22.59807279487134224, 18.99995440611105124, 0.3358295492138573812 ) ) ;
#4075 = CARTESIAN_POINT ( 'NONE',  ( 17.68055361105857060, 19.75381223342129644, 2.919627130706502260 ) ) ;
#4076 = DIRECTION ( 'NONE',  ( 0.000000000000000000, -1.000000000000000000, 0.000000000000000000 ) ) ;
#4077 = CARTESIAN_POINT ( 'NONE',  ( 24.50000000000000355, 2.979274057836315048, 30.00000000000000711 ) ) ;
#4078 = VERTEX_POINT ( 'NONE', #2631 ) ;
#4079 = CARTESIAN_POINT ( 'NONE',  ( -8.749999999999996447, 8.000000000000000000, 12.17084380241116293 ) ) ;
#4080 = CARTESIAN_POINT ( 'NONE',  ( -17.50000000000000711, 2.979274057836317713, 30.00000000000000711 ) ) ;
#4081 = CIRCLE ( 'NONE', #2043, 6.000000000000000888 ) ;
#4082 = AXIS2_PLACEMENT_3D ( 'NONE', #2861, #4373, #429 ) ;
#4083 = ORIENTED_EDGE ( 'NONE', *, *, #3182, .F. ) ;
#4084 = EDGE_LOOP ( 'NONE', ( #2845, #614, #2975, #2989 ) ) ;
#4085 = CARTESIAN_POINT ( 'NONE',  ( 3.446855293978751789, 18.03990231622613294, 19.81415137696576423 ) ) ;
#4086 = VECTOR ( 'NONE', #2474, 1000.000000000000000 ) ;
#4087 = EDGE_CURVE ( 'NONE', #4169, #2168, #3399, .T. ) ;
#4088 = ORIENTED_EDGE ( 'NONE', *, *, #1863, .F. ) ;
#4089 = DIRECTION ( 'NONE',  ( 1.734723475976807094E-16, -0.000000000000000000, 1.000000000000000000 ) ) ;
#4090 = VECTOR ( 'NONE', #3446, 1000.000000000000114 ) ;
#4091 = ORIENTED_EDGE ( 'NONE', *, *, #1154, .T. ) ;
#4092 = CARTESIAN_POINT ( 'NONE',  ( 17.40000000000000568, 5.000000000000003553, -19.99999999999998934 ) ) ;
#4093 = DIRECTION ( 'NONE',  ( -1.000000000000000000, 0.000000000000000000, 0.000000000000000000 ) ) ;
#4094 = VECTOR ( 'NONE', #3304, 1000.000000000000000 ) ;
#4095 = EDGE_CURVE ( 'NONE', #272, #3887, #4052, .T. ) ;
#4096 = ORIENTED_EDGE ( 'NONE', *, *, #3598, .T. ) ;
#4097 = DIRECTION ( 'NONE',  ( 0.000000000000000000, 0.000000000000000000, 1.000000000000000000 ) ) ;
#4098 = VECTOR ( 'NONE', #2649, 1000.000000000000000 ) ;
#4099 = DIRECTION ( 'NONE',  ( 0.000000000000000000, -0.7071067811865476838, -0.7071067811865474617 ) ) ;
#4100 = CARTESIAN_POINT ( 'NONE',  ( -23.48253090091308337, 20.76250757911051537, 4.398969199829292798 ) ) ;
#4101 = EDGE_CURVE ( 'NONE', #3357, #293, #3937, .T. ) ;
#4102 = EDGE_CURVE ( 'NONE', #1106, #3851, #1607, .T. ) ;
#4103 = EDGE_CURVE ( 'NONE', #4078, #755, #3267, .T. ) ;
#4104 = CARTESIAN_POINT ( 'NONE',  ( -20.99999999999998934, 11.99999999999999822, 20.00000000000000355 ) ) ;
#4105 = CARTESIAN_POINT ( 'NONE',  ( -10.00000000000000178, 0.000000000000000000, 23.00000000000000355 ) ) ;
#4106 = ORIENTED_EDGE ( 'NONE', *, *, #3016, .T. ) ;
#4107 = DIRECTION ( 'NONE',  ( -0.000000000000000000, -0.000000000000000000, -1.000000000000000000 ) ) ;
#4108 = CARTESIAN_POINT ( 'NONE',  ( -24.50000000000000711, 7.020725942163696054, 23.00000000000000711 ) ) ;
#4109 = CARTESIAN_POINT ( 'NONE',  ( 17.37156692731484853, 20.10091222701155544, -3.470871191079786922 ) ) ;
#4110 = CARTESIAN_POINT ( 'NONE',  ( -25.00000000000000000, 3.000000000000009770, -29.99999999999999289 ) ) ;
#4111 = EDGE_LOOP ( 'NONE', ( #2010, #466, #1313, #329 ) ) ;
#4112 = VERTEX_POINT ( 'NONE', #1225 ) ;
#4113 = CARTESIAN_POINT ( 'NONE',  ( 7.345733679985001707, 22.47858418796971236, 20.85339115395520437 ) ) ;
#4114 = CARTESIAN_POINT ( 'NONE',  ( 17.50000000000000355, 7.020725942163693389, 23.00000000000000711 ) ) ;
#4115 = VERTEX_POINT ( 'NONE', #4079 ) ;
#4116 = DIRECTION ( 'NONE',  ( 1.734723475976807094E-16, 0.000000000000000000, 1.000000000000000000 ) ) ;
#4117 = VERTEX_POINT ( 'NONE', #926 ) ;
#4118 = CARTESIAN_POINT ( 'NONE',  ( -19.99999999999998934, 21.46446609406727291, 26.46446609406726935 ) ) ;
#4119 = CARTESIAN_POINT ( 'NONE',  ( -19.99999999999998934, 50.09687509124053406, -4.996370027852210960 ) ) ;
#4120 = ORIENTED_EDGE ( 'NONE', *, *, #3225, .T. ) ;
#4121 = CARTESIAN_POINT ( 'NONE',  ( 26.00000000000000711, 25.00000000000000000, 24.00000000000000000 ) ) ;
#4122 = EDGE_CURVE ( 'NONE', #2335, #1527, #200, .T. ) ;
#4123 = LINE ( 'NONE', #2977, #127 ) ;
#4124 = CARTESIAN_POINT ( 'NONE',  ( -22.61339281352170971, 19.12237555317734916, 1.322536726890508385 ) ) ;
#4125 = DIRECTION ( 'NONE',  ( 0.000000000000000000, 0.000000000000000000, 1.000000000000000000 ) ) ;
#4126 = DIRECTION ( 'NONE',  ( 0.000000000000000000, 1.000000000000000000, -0.000000000000000000 ) ) ;
#4127 = VERTEX_POINT ( 'NONE', #2679 ) ;
#4128 = EDGE_CURVE ( 'NONE', #1210, #145, #4129, .T. ) ;
#4129 = LINE ( 'NONE', #902, #1082 ) ;
#4130 = DIRECTION ( 'NONE',  ( 5.782411586589358625E-17, -0.000000000000000000, -1.000000000000000000 ) ) ;
#4131 = CARTESIAN_POINT ( 'NONE',  ( 25.00000000000000000, 16.00000000000000355, -4.041558235417763711 ) ) ;
#4132 = LINE ( 'NONE', #1582, #3107 ) ;
#4133 = ORIENTED_EDGE ( 'NONE', *, *, #2242, .T. ) ;
#4134 = EDGE_LOOP ( 'NONE', ( #2391, #2258, #1, #2688 ) ) ;
#4135 = CARTESIAN_POINT ( 'NONE',  ( -2.514803925176404942, 17.66493462953371818, 19.67747912260479382 ) ) ;
#4136 = CARTESIAN_POINT ( 'NONE',  ( 24.00000000000001776, 25.00000000000000000, -25.75735931288073033 ) ) ;
#4137 = ORIENTED_EDGE ( 'NONE', *, *, #561, .F. ) ;
#4138 = AXIS2_PLACEMENT_3D ( 'NONE', #2695, #920, #180 ) ;
#4139 = CARTESIAN_POINT ( 'NONE',  ( -24.99999999999999289, 16.00000000000000000, 20.00000000000000355 ) ) ;
#4140 = ORIENTED_EDGE ( 'NONE', *, *, #4157, .F. ) ;
#4141 = CARTESIAN_POINT ( 'NONE',  ( -22.00000000000000355, 0.000000000000000000, -15.00000000000000178 ) ) ;
#4142 = VECTOR ( 'NONE', #1421, 1000.000000000000000 ) ;
#4143 = VECTOR ( 'NONE', #1697, 1000.000000000000000 ) ;
#4144 = CARTESIAN_POINT ( 'NONE',  ( -25.00000000000000000, 2.999999999999981792, -29.99999999999999289 ) ) ;
#4145 = ORIENTED_EDGE ( 'NONE', *, *, #4571, .F. ) ;
#4146 = AXIS2_PLACEMENT_3D ( 'NONE', #3535, #3907, #350 ) ;
#4147 = DIRECTION ( 'NONE',  ( -1.000000000000000000, 0.000000000000000000, 5.782411586589358625E-17 ) ) ;
#4148 = CARTESIAN_POINT ( 'NONE',  ( 0.000000000000000000, 25.00000000000000000, 30.00000000000000711 ) ) ;
#4149 = CARTESIAN_POINT ( 'NONE',  ( -17.47070073724406569, 19.97792708408345064, 3.290184651410186678 ) ) ;
#4150 = PRODUCT_DEFINITION ( 'UNKNOWN', '', #570, #2796 ) ;
#4151 = AXIS2_PLACEMENT_3D ( 'NONE', #3273, #4328, #62 ) ;
#4152 = EDGE_CURVE ( 'NONE', #2406, #2270, #3694, .T. ) ;
#4153 = CARTESIAN_POINT ( 'NONE',  ( 25.00000000000000000, 16.00000000000000355, -10.39014137468339172 ) ) ;
#4154 = CARTESIAN_POINT ( 'NONE',  ( 26.99999999999998934, 0.000000000000000000, 25.00000000000000355 ) ) ;
#4155 = ORIENTED_EDGE ( 'NONE', *, *, #1243, .T. ) ;
#4156 = LINE ( 'NONE', #1578, #3709 ) ;
#4157 = EDGE_CURVE ( 'NONE', #1977, #261, #4156, .T. ) ;
#4158 = CARTESIAN_POINT ( 'NONE',  ( 21.00000000000000355, 16.00000000000000000, 7.000000000000015099 ) ) ;
#4159 = ORIENTED_EDGE ( 'NONE', *, *, #727, .F. ) ;
#4160 = ORIENTED_EDGE ( 'NONE', *, *, #2165, .T. ) ;
#4161 = CIRCLE ( 'NONE', #2261, 3.500000000000002665 ) ;
#4162 = CARTESIAN_POINT ( 'NONE',  ( 7.750000000000000000, 25.00000000000000000, 21.00000000000000355 ) ) ;
#4163 = CARTESIAN_POINT ( 'NONE',  ( 10.00000000000000000, 0.000000000000000000, 13.00000000000000711 ) ) ;
#4164 = EDGE_CURVE ( 'NONE', #2147, #38, #3740, .T. ) ;
#4165 = ADVANCED_FACE ( 'NONE', ( #4453 ), #1979, .F. ) ;
#4166 = VECTOR ( 'NONE', #918, 1000.000000000000000 ) ;
#4167 = ORIENTED_EDGE ( 'NONE', *, *, #1993, .T. ) ;
#4168 = LINE ( 'NONE', #2366, #387 ) ;
#4169 = VERTEX_POINT ( 'NONE', #3444 ) ;
#4170 = AXIS2_PLACEMENT_3D ( 'NONE', #3817, #604, #3194 ) ;
#4171 = CARTESIAN_POINT ( 'NONE',  ( -21.00000000000000000, 4.999999999999995559, -29.99999999999999289 ) ) ;
#4172 = AXIS2_PLACEMENT_3D ( 'NONE', #769, #2238, #374 ) ;
#4173 = ORIENTED_EDGE ( 'NONE', *, *, #3803, .T. ) ;
#4174 = CARTESIAN_POINT ( 'NONE',  ( -18.75455666751667749, 19.00023838144623411, -0.2403698176208353410 ) ) ;
#4175 = DIRECTION ( 'NONE',  ( 0.5000000000000002220, 0.8660254037844385966, 0.000000000000000000 ) ) ;
#4176 = CARTESIAN_POINT ( 'NONE',  ( -17.12970428582539739, 20.50925748075271926, 3.985129355382882377 ) ) ;
#4177 = VECTOR ( 'NONE', #2962, 1000.000000000000000 ) ;
#4178 = EDGE_CURVE ( 'NONE', #1899, #402, #231, .T. ) ;
#4179 = VECTOR ( 'NONE', #2139, 1000.000000000000000 ) ;
#4180 = ORIENTED_EDGE ( 'NONE', *, *, #2931, .T. ) ;
#4181 = FACE_OUTER_BOUND ( 'NONE', #149, .T. ) ;
#4182 = EDGE_CURVE ( 'NONE', #2293, #3262, #4317, .T. ) ;
#4183 = CARTESIAN_POINT ( 'NONE',  ( -15.00000000000000000, 10.00000000000000000, -20.20568056140707824 ) ) ;
#4184 = ORIENTED_EDGE ( 'NONE', *, *, #1347, .F. ) ;
#4185 = VERTEX_POINT ( 'NONE', #968 ) ;
#4186 = CARTESIAN_POINT ( 'NONE',  ( 7.750000000000000888, 24.74155809459170285, 20.99999999999999645 ) ) ;
#4187 = DIRECTION ( 'NONE',  ( -0.000000000000000000, -0.000000000000000000, 1.000000000000000000 ) ) ;
#4188 = EDGE_CURVE ( 'NONE', #3570, #4127, #1387, .T. ) ;
#4189 = DIRECTION ( 'NONE',  ( 0.000000000000000000, -0.7071067811865474617, -0.7071067811865476838 ) ) ;
#4190 = ORIENTED_EDGE ( 'NONE', *, *, #1269, .F. ) ;
#4191 = CARTESIAN_POINT ( 'NONE',  ( 13.00000000000000355, 25.00000000000000000, 7.499999999999996447 ) ) ;
#4192 = ORIENTED_EDGE ( 'NONE', *, *, #3148, .F. ) ;
#4193 = CARTESIAN_POINT ( 'NONE',  ( -19.99999999999998934, 8.917843534520903503, -39.01108865361364764 ) ) ;
#4194 = EDGE_CURVE ( 'NONE', #4127, #402, #100, .T. ) ;
#4195 = ORIENTED_EDGE ( 'NONE', *, *, #174, .T. ) ;
#4196 = CARTESIAN_POINT ( 'NONE',  ( -17.47506805083291326, 19.94763600809943682, 3.265326902847204060 ) ) ;
#4197 = CARTESIAN_POINT ( 'NONE',  ( -8.749999999999998224, 25.00000000000000000, -7.499999999999998224 ) ) ;
#4198 = CARTESIAN_POINT ( 'NONE',  ( -25.00000000000000000, 3.000000000000009770, -29.99999999999999289 ) ) ;
#4199 = VERTEX_POINT ( 'NONE', #2398 ) ;
#4200 = DIRECTION ( 'NONE',  ( 0.000000000000000000, 0.000000000000000000, -1.000000000000000000 ) ) ;
#4201 = CARTESIAN_POINT ( 'NONE',  ( -24.99999999999998934, 9.464101615137758827, 30.00000000000000711 ) ) ;
#4202 = CARTESIAN_POINT ( 'NONE',  ( 20.00000000000001066, 22.87867965644038648, -29.99999999999999289 ) ) ;
#4203 = CARTESIAN_POINT ( 'NONE',  ( -10.00000000000000000, 0.000000000000000000, 13.00000000000000355 ) ) ;
#4204 = ORIENTED_EDGE ( 'NONE', *, *, #4182, .T. ) ;
#4205 = EDGE_LOOP ( 'NONE', ( #165, #634, #527, #650 ) ) ;
#4206 = CARTESIAN_POINT ( 'NONE',  ( 21.00000000000000000, 5.000000000000004441, -19.99999999999998934 ) ) ;
#4207 = CARTESIAN_POINT ( 'NONE',  ( 15.00000000000000000, 10.00000000000000000, -20.20568056140707824 ) ) ;
#4208 = CARTESIAN_POINT ( 'NONE',  ( -14.00000000000000178, 0.000000000000000000, 7.000000000000003553 ) ) ;
#4209 = EDGE_CURVE ( 'NONE', #1908, #3023, #2880, .T. ) ;
#4210 = EDGE_LOOP ( 'NONE', ( #4083, #3872, #1556, #2503, #1691, #1490, #2288, #2630, #1433, #130, #1096, #865, #225, #1624, #4088, #3135 ) ) ;
#4211 = CARTESIAN_POINT ( 'NONE',  ( -5.000000000000000888, 25.00000000000000000, 31.00000000000000355 ) ) ;
#4212 = ORIENTED_EDGE ( 'NONE', *, *, #3264, .T. ) ;
#4213 = LINE ( 'NONE', #3125, #1749 ) ;
#4214 = EDGE_CURVE ( 'NONE', #2317, #1247, #4545, .T. ) ;
#4215 = EDGE_LOOP ( 'NONE', ( #2071, #3631, #4037, #592 ) ) ;
#4216 = CARTESIAN_POINT ( 'NONE',  ( -11.70710678118655146, -11.70710678118654258, 25.00000000000000355 ) ) ;
#4217 = PRODUCT_CONTEXT ( 'NONE', #1209, 'mechanical' ) ;
#4218 = CARTESIAN_POINT ( 'NONE',  ( 23.25000000000000000, 5.000000000000004441, 30.00000000000000711 ) ) ;
#4219 = VECTOR ( 'NONE', #1063, 1000.000000000000000 ) ;
#4220 = EDGE_CURVE ( 'NONE', #323, #2560, #3131, .T. ) ;
#4221 = CIRCLE ( 'NONE', #1504, 1.499999999999999556 ) ;
#4222 = AXIS2_PLACEMENT_3D ( 'NONE', #4621, #2772, #3883 ) ;
#4223 = ORIENTED_EDGE ( 'NONE', *, *, #2821, .F. ) ;
#4224 = DIRECTION ( 'NONE',  ( 1.000000000000000000, 0.000000000000000000, 0.000000000000000000 ) ) ;
#4225 = CARTESIAN_POINT ( 'NONE',  ( -20.75735931288071257, 0.000000000000000000, -26.99999999999999645 ) ) ;
#4226 = VERTEX_POINT ( 'NONE', #4620 ) ;
#4227 = VECTOR ( 'NONE', #3356, 1000.000000000000000 ) ;
#4228 = ORIENTED_EDGE ( 'NONE', *, *, #839, .T. ) ;
#4229 = DIRECTION ( 'NONE',  ( -1.000000000000000000, 0.000000000000000000, 0.000000000000000000 ) ) ;
#4230 = CARTESIAN_POINT ( 'NONE',  ( -12.07106781186547551, 12.92893218813452805, 30.00000000000000355 ) ) ;
#4231 = AXIS2_PLACEMENT_3D ( 'NONE', #4198, #2374, #4521 ) ;
#4232 = CARTESIAN_POINT ( 'NONE',  ( 0.000000000000000000, 25.00000000000000000, 26.00000000000000711 ) ) ;
#4233 = ORIENTED_EDGE ( 'NONE', *, *, #1735, .T. ) ;
#4234 = PLANE ( 'NONE',  #109 ) ;
#4235 = ORIENTED_EDGE ( 'NONE', *, *, #1171, .T. ) ;
#4236 = ADVANCED_FACE ( 'NONE', ( #3906 ), #3834, .F. ) ;
#4237 = AXIS2_PLACEMENT_3D ( 'NONE', #3596, #82, #1121 ) ;
#4238 = DIRECTION ( 'NONE',  ( -5.782411586589358625E-17, 0.000000000000000000, -1.000000000000000000 ) ) ;
#4239 = DIRECTION ( 'NONE',  ( -1.000000000000000000, -0.000000000000000000, 1.734723475976807094E-16 ) ) ;
#4240 = AXIS2_PLACEMENT_3D ( 'NONE', #1467, #2942, #1867 ) ;
#4241 = ORIENTED_EDGE ( 'NONE', *, *, #4406, .T. ) ;
#4242 = CARTESIAN_POINT ( 'NONE',  ( 9.999999999999998224, 0.000000000000000000, 23.00000000000000711 ) ) ;
#4243 = DIRECTION ( 'NONE',  ( 1.734723475976807094E-16, 0.000000000000000000, 1.000000000000000000 ) ) ;
#4244 = EDGE_CURVE ( 'NONE', #2153, #668, #349, .T. ) ;
#4245 = VECTOR ( 'NONE', #2607, 1000.000000000000000 ) ;
#4246 = ORIENTED_EDGE ( 'NONE', *, *, #3515, .T. ) ;
#4247 = VECTOR ( 'NONE', #2097, 1000.000000000000000 ) ;
#4248 = CARTESIAN_POINT ( 'NONE',  ( -19.99999999999998934, 22.87867965644035806, -27.87867965644036872 ) ) ;
#4249 = LINE ( 'NONE', #2823, #1665 ) ;
#4250 = VECTOR ( 'NONE', #4333, 1000.000000000000000 ) ;
#4251 = CARTESIAN_POINT ( 'NONE',  ( 17.00000000000000355, 20.96240957554487139, 4.444475153160110104 ) ) ;
#4252 = LINE ( 'NONE', #692, #3858 ) ;
#4253 = ORIENTED_EDGE ( 'NONE', *, *, #4101, .T. ) ;
#4254 = EDGE_LOOP ( 'NONE', ( #1282, #437, #4167, #1760 ) ) ;
#4255 = EDGE_CURVE ( 'NONE', #1512, #3947, #623, .T. ) ;
#4256 = DIRECTION ( 'NONE',  ( -0.000000000000000000, -1.000000000000000000, -0.000000000000000000 ) ) ;
#4257 = DIRECTION ( 'NONE',  ( -1.000000000000000000, 0.000000000000000000, 0.000000000000000000 ) ) ;
#4258 = LINE ( 'NONE', #1348, #3627 ) ;
#4259 = EDGE_LOOP ( 'NONE', ( #628, #4634, #418, #4337, #4464 ) ) ;
#4260 = ORIENTED_EDGE ( 'NONE', *, *, #3795, .T. ) ;
#4261 = CARTESIAN_POINT ( 'NONE',  ( -15.00000000000000000, 10.00000000000000000, -22.00568056140707540 ) ) ;
#4262 = VERTEX_POINT ( 'NONE', #1700 ) ;
#4263 = CARTESIAN_POINT ( 'NONE',  ( -17.68924733048734410, 19.73689905502568465, 2.910159946326465352 ) ) ;
#4264 = CARTESIAN_POINT ( 'NONE',  ( 25.00000000000000000, 16.00000000000000355, 10.72380529476360600 ) ) ;
#4265 = DIRECTION ( 'NONE',  ( 1.000000000000000000, 0.000000000000000000, 0.000000000000000000 ) ) ;
#4266 = ADVANCED_FACE ( 'NONE', ( #3185, #2771 ), #3534, .T. ) ;
#4267 = ORIENTED_EDGE ( 'NONE', *, *, #1474, .F. ) ;
#4268 = DIRECTION ( 'NONE',  ( 0.000000000000000000, 0.000000000000000000, -1.000000000000000000 ) ) ;
#4269 = EDGE_CURVE ( 'NONE', #4417, #1481, #3352, .T. ) ;
#4270 = ORIENTED_EDGE ( 'NONE', *, *, #4322, .F. ) ;
#4271 = PLANE ( 'NONE',  #3314 ) ;
#4272 = LINE ( 'NONE', #1045, #4009 ) ;
#4273 = CARTESIAN_POINT ( 'NONE',  ( -15.00000000000000000, 10.00000000000000000, -20.20568056140707824 ) ) ;
#4274 = ORIENTED_EDGE ( 'NONE', *, *, #1593, .F. ) ;
#4275 = CARTESIAN_POINT ( 'NONE',  ( 18.00667409058086932, 2.999999999999981792, -29.99999999999999289 ) ) ;
#4276 = ORIENTED_EDGE ( 'NONE', *, *, #750, .T. ) ;
#4277 = DIRECTION ( 'NONE',  ( 5.782411586589358625E-17, 0.000000000000000000, 1.000000000000000000 ) ) ;
#4278 = VERTEX_POINT ( 'NONE', #3494 ) ;
#4279 = DIRECTION ( 'NONE',  ( 0.000000000000000000, 1.734723475976806897E-15, -1.000000000000000000 ) ) ;
#4280 = ORIENTED_EDGE ( 'NONE', *, *, #257, .F. ) ;
#4281 = LINE ( 'NONE', #4218, #3989 ) ;
#4282 = VERTEX_POINT ( 'NONE', #664 ) ;
#4283 = DIRECTION ( 'NONE',  ( 1.652117596168387756E-16, 0.000000000000000000, 1.000000000000000000 ) ) ;
#4284 = EDGE_CURVE ( 'NONE', #3398, #2082, #2065, .T. ) ;
#4285 = CIRCLE ( 'NONE', #4590, 21.00000000000000000 ) ;
#4286 = CIRCLE ( 'NONE', #1123, 7.500000000000000000 ) ;
#4287 = CARTESIAN_POINT ( 'NONE',  ( 18.72756036319236017, 19.01450680955107941, 0.4749516075495026080 ) ) ;
#4288 = ORIENTED_EDGE ( 'NONE', *, *, #196, .T. ) ;
#4289 = LINE ( 'NONE', #790, #2502 ) ;
#4290 = CARTESIAN_POINT ( 'NONE',  ( -8.749999999999998224, 25.00000000000000000, 1.517883041479705813E-15 ) ) ;
#4291 = EDGE_CURVE ( 'NONE', #4605, #4471, #278, .T. ) ;
#4292 = CIRCLE ( 'NONE', #1741, 1.000000000000000888 ) ;
#4293 = CYLINDRICAL_SURFACE ( 'NONE', #1606, 2.249999999999998668 ) ;
#4294 = ORIENTED_EDGE ( 'NONE', *, *, #359, .F. ) ;
#4295 = FACE_OUTER_BOUND ( 'NONE', #2922, .T. ) ;
#4296 = ADVANCED_FACE ( 'NONE', ( #4181 ), #4547, .F. ) ;
#4297 = DIRECTION ( 'NONE',  ( 0.000000000000000000, -0.7071067811865479058, 0.7071067811865471286 ) ) ;
#4298 = VERTEX_POINT ( 'NONE', #3155 ) ;
#4299 = CARTESIAN_POINT ( 'NONE',  ( -24.60000000000000142, 4.999999999999995559, -19.99999999999998934 ) ) ;
#4300 = ORIENTED_EDGE ( 'NONE', *, *, #3286, .T. ) ;
#4301 = CARTESIAN_POINT ( 'NONE',  ( 20.00000000000001066, 12.97918471982870869, 30.00000000000000711 ) ) ;
#4302 = EDGE_CURVE ( 'NONE', #2206, #198, #1362, .T. ) ;
#4303 = AXIS2_PLACEMENT_3D ( 'NONE', #4630, #1374, #3587 ) ;
#4304 = CARTESIAN_POINT ( 'NONE',  ( 15.00000000000000711, 10.00000000000000178, 30.00000000000000711 ) ) ;
#4305 = CYLINDRICAL_SURFACE ( 'NONE', #4454, 7.750000000000000000 ) ;
#4306 = VECTOR ( 'NONE', #2645, 1000.000000000000000 ) ;
#4307 = EDGE_LOOP ( 'NONE', ( #2004, #1693, #2460, #1856 ) ) ;
#4308 = DIRECTION ( 'NONE',  ( -0.000000000000000000, -1.000000000000000000, -0.000000000000000000 ) ) ;
#4309 = CARTESIAN_POINT ( 'NONE',  ( 24.50000000000000355, 7.020725942163699607, 30.00000000000000711 ) ) ;
#4310 = VECTOR ( 'NONE', #3993, 1000.000000000000000 ) ;
#4311 = DIRECTION ( 'NONE',  ( -0.000000000000000000, 0.000000000000000000, 1.000000000000000000 ) ) ;
#4312 = AXIS2_PLACEMENT_3D ( 'NONE', #2287, #3721, #3062 ) ;
#4313 = FACE_BOUND ( 'NONE', #601, .T. ) ;
#4314 = VERTEX_POINT ( 'NONE', #4248 ) ;
#4315 = CARTESIAN_POINT ( 'NONE',  ( 20.00000000000001066, 25.00000000000000000, 25.75735931288071967 ) ) ;
#4316 = DIRECTION ( 'NONE',  ( 1.734723475976807094E-16, -0.000000000000000000, 1.000000000000000000 ) ) ;
#4317 = CIRCLE ( 'NONE', #4017, 2.000000000000002665 ) ;
#4318 = FACE_OUTER_BOUND ( 'NONE', #4552, .T. ) ;
#4319 = ORIENTED_EDGE ( 'NONE', *, *, #2563, .F. ) ;
#4320 = DIRECTION ( 'NONE',  ( -0.000000000000000000, -1.000000000000000000, -0.000000000000000000 ) ) ;
#4321 = AXIS2_PLACEMENT_3D ( 'NONE', #385, #2183, #65 ) ;
#4322 = EDGE_CURVE ( 'NONE', #1594, #3583, #942, .T. ) ;
#4323 = ORIENTED_EDGE ( 'NONE', *, *, #113, .F. ) ;
#4324 = CYLINDRICAL_SURFACE ( 'NONE', #4240, 2.000000000000003109 ) ;
#4325 = EDGE_LOOP ( 'NONE', ( #3965, #1883 ) ) ;
#4326 = CARTESIAN_POINT ( 'NONE',  ( -19.99999999999998934, 25.00000000000000000, 25.75735931288071967 ) ) ;
#4327 = EDGE_LOOP ( 'NONE', ( #932, #3845 ) ) ;
#4328 = DIRECTION ( 'NONE',  ( 0.000000000000000000, 1.000000000000000000, 0.000000000000000000 ) ) ;
#4329 = LINE ( 'NONE', #3950, #4533 ) ;
#4330 = EDGE_CURVE ( 'NONE', #538, #2293, #1477, .T. ) ;
#4331 = ORIENTED_EDGE ( 'NONE', *, *, #2838, .T. ) ;
#4332 = CARTESIAN_POINT ( 'NONE',  ( -24.99999999999998934, 3.000000000000009770, 24.00000000000000000 ) ) ;
#4333 = DIRECTION ( 'NONE',  ( -1.734723475976807834E-16, 1.000000000000000000, -0.000000000000000000 ) ) ;
#4334 = CARTESIAN_POINT ( 'NONE',  ( 20.00000000000001066, 50.05025253169416999, 4.949747468305845999 ) ) ;
#4335 = CARTESIAN_POINT ( 'NONE',  ( 18.64355781292448455, 19.06083062407424222, -0.8799967071618087777 ) ) ;
#4336 = CARTESIAN_POINT ( 'NONE',  ( 17.68458087940267731, 19.75032290914724697, 2.912778788456424461 ) ) ;
#4337 = ORIENTED_EDGE ( 'NONE', *, *, #1580, .T. ) ;
#4338 = CARTESIAN_POINT ( 'NONE',  ( -25.99999999999998934, 6.938893903907228378E-15, 25.00000000000000355 ) ) ;
#4339 = SURFACE_STYLE_FILL_AREA ( #2891 ) ;
#4340 = CARTESIAN_POINT ( 'NONE',  ( -24.99999999999999289, 9.464101615137758827, 24.00000000000000355 ) ) ;
#4341 = DIRECTION ( 'NONE',  ( -0.7071067811865473507, 0.7071067811865477948, -0.000000000000000000 ) ) ;
#4342 = VERTEX_POINT ( 'NONE', #2579 ) ;
#4343 = DIRECTION ( 'NONE',  ( -1.734723475976807094E-16, 0.000000000000000000, -1.000000000000000000 ) ) ;
#4344 =( BOUNDED_CURVE ( )  B_SPLINE_CURVE ( 3, ( #3385, #1308, #938, #539 ),
 .UNSPECIFIED., .F., .T. ) 
 B_SPLINE_CURVE_WITH_KNOTS ( ( 4, 4 ),
 ( 2.159827297011175151, 3.237317982556544127 ),
 .UNSPECIFIED. ) 
 CURVE ( )  GEOMETRIC_REPRESENTATION_ITEM ( )  RATIONAL_B_SPLINE_CURVE ( ( 1.000000000000000000, 0.9055687136966895645, 0.9055687136966895645, 1.000000000000000000 ) ) 
 REPRESENTATION_ITEM ( '' )  );
#4345 = DIRECTION ( 'NONE',  ( 1.000000000000000000, -7.372574772901444351E-15, 0.000000000000000000 ) ) ;
#4346 = ADVANCED_FACE ( 'NONE', ( #783 ), #2557, .F. ) ;
#4347 = ORIENTED_EDGE ( 'NONE', *, *, #148, .F. ) ;
#4348 = CARTESIAN_POINT ( 'NONE',  ( 21.00000000000000000, 5.000000000000004441, 20.00000000000000355 ) ) ;
#4349 = EDGE_LOOP ( 'NONE', ( #2547, #1703, #2999, #906 ) ) ;
#4350 = FACE_OUTER_BOUND ( 'NONE', #1764, .T. ) ;
#4351 = LINE ( 'NONE', #2245, #2643 ) ;
#4352 = ORIENTED_EDGE ( 'NONE', *, *, #4214, .F. ) ;
#4353 = CARTESIAN_POINT ( 'NONE',  ( -21.00000000000000000, 16.00000000000000000, -29.99999999999999289 ) ) ;
#4354 = LINE ( 'NONE', #3, #3572 ) ;
#4355 = DIRECTION ( 'NONE',  ( 1.734723475976807094E-16, -0.000000000000000000, 1.000000000000000000 ) ) ;
#4356 = CYLINDRICAL_SURFACE ( 'NONE', #326, 3.499999999999998668 ) ;
#4357 = EDGE_LOOP ( 'NONE', ( #2341, #4523, #3048, #118 ) ) ;
#4358 = CARTESIAN_POINT ( 'NONE',  ( -19.99999999999998934, 22.87867965644038648, -29.99999999999999289 ) ) ;
#4359 = VECTOR ( 'NONE', #3510, 1000.000000000000000 ) ;
#4360 = DIRECTION ( 'NONE',  ( 0.000000000000000000, 0.6428571428571429047, 0.7659860924831148887 ) ) ;
#4361 = VECTOR ( 'NONE', #2944, 1000.000000000000000 ) ;
#4362 = DIRECTION ( 'NONE',  ( 2.312964634635742957E-16, 0.000000000000000000, 1.000000000000000000 ) ) ;
#4363 = EDGE_LOOP ( 'NONE', ( #3430, #3523, #2876, #2720 ) ) ;
#4364 = AXIS2_PLACEMENT_3D ( 'NONE', #232, #881, #2705 ) ;
#4365 = DIRECTION ( 'NONE',  ( 0.000000000000000000, 0.000000000000000000, 1.000000000000000000 ) ) ;
#4366 = VECTOR ( 'NONE', #1967, 1000.000000000000000 ) ;
#4367 = LINE ( 'NONE', #888, #3187 ) ;
#4368 = VERTEX_POINT ( 'NONE', #3953 ) ;
#4369 = CARTESIAN_POINT ( 'NONE',  ( 20.00000000000001066, 23.93933982822019146, 28.93933982822018436 ) ) ;
#4370 = ORIENTED_EDGE ( 'NONE', *, *, #1384, .T. ) ;
#4371 = EDGE_CURVE ( 'NONE', #1239, #2032, #3424, .T. ) ;
#4372 = DIRECTION ( 'NONE',  ( -0.4999999999999997780, 0.8660254037844388186, 0.000000000000000000 ) ) ;
#4373 = DIRECTION ( 'NONE',  ( 1.000000000000000000, 0.000000000000000000, -1.734723475976807094E-16 ) ) ;
#4374 = VECTOR ( 'NONE', #875, 1000.000000000000000 ) ;
#4375 = VERTEX_POINT ( 'NONE', #3928 ) ;
#4376 = EDGE_LOOP ( 'NONE', ( #4413, #657, #266, #4246, #895, #195 ) ) ;
#4377 = EDGE_CURVE ( 'NONE', #493, #2368, #1499, .T. ) ;
#4378 = CARTESIAN_POINT ( 'NONE',  ( -25.99999999999998934, 6.938893903907228378E-15, 25.00000000000000355 ) ) ;
#4379 = CIRCLE ( 'NONE', #2345, 2.249999999999998668 ) ;
#4380 = CARTESIAN_POINT ( 'NONE',  ( -23.25000000000000000, 5.000000000000004441, 30.00000000000000711 ) ) ;
#4381 = ADVANCED_FACE ( 'NONE', ( #4002 ), #757, .F. ) ;
#4382 = CARTESIAN_POINT ( 'NONE',  ( 20.00000000000001066, 25.00000000000000000, 20.10050506338832932 ) ) ;
#4383 = ORIENTED_EDGE ( 'NONE', *, *, #4371, .T. ) ;
#4384 = VECTOR ( 'NONE', #76, 1000.000000000000000 ) ;
#4385 = PLANE ( 'NONE',  #3032 ) ;
#4386 = DIRECTION ( 'NONE',  ( 0.000000000000000000, 0.000000000000000000, -1.000000000000000000 ) ) ;
#4387 = EDGE_CURVE ( 'NONE', #3723, #3411, #276, .T. ) ;
#4388 = DIRECTION ( 'NONE',  ( -1.000000000000000000, 0.000000000000000000, 0.000000000000000000 ) ) ;
#4389 = ORIENTED_EDGE ( 'NONE', *, *, #3605, .T. ) ;
#4390 = CIRCLE ( 'NONE', #4544, 14.00000000000000178 ) ;
#4391 = AXIS2_PLACEMENT_3D ( 'NONE', #2376, #3810, #990 ) ;
#4392 = VERTEX_POINT ( 'NONE', #3278 ) ;
#4393 = CARTESIAN_POINT ( 'NONE',  ( 10.00000000000000000, 0.000000000000000000, 13.00000000000000711 ) ) ;
#4394 = ORIENTED_EDGE ( 'NONE', *, *, #1811, .T. ) ;
#4395 = CYLINDRICAL_SURFACE ( 'NONE', #176, 2.249999999999998668 ) ;
#4396 = CARTESIAN_POINT ( 'NONE',  ( -21.99999999999999289, 8.458323293158112932, -29.99999999999999289 ) ) ;
#4397 = VERTEX_POINT ( 'NONE', #2209 ) ;
#4398 = DIRECTION ( 'NONE',  ( -0.000000000000000000, -0.000000000000000000, -1.000000000000000000 ) ) ;
#4399 = FACE_OUTER_BOUND ( 'NONE', #3905, .T. ) ;
#4400 = CARTESIAN_POINT ( 'NONE',  ( 18.75000000000000355, 5.000000000000004441, 30.00000000000000711 ) ) ;
#4401 = DIRECTION ( 'NONE',  ( 0.8660254037844383745, 0.5000000000000004441, 0.000000000000000000 ) ) ;
#4402 = DIRECTION ( 'NONE',  ( 0.000000000000000000, -1.000000000000000000, 0.000000000000000000 ) ) ;
#4403 = ORIENTED_EDGE ( 'NONE', *, *, #2106, .F. ) ;
#4404 = CARTESIAN_POINT ( 'NONE',  ( 25.00000000000000000, 2.999999999999981792, 20.00000000000000355 ) ) ;
#4405 = CARTESIAN_POINT ( 'NONE',  ( 0.000000000000000000, 25.00000000000000000, 26.00000000000000711 ) ) ;
#4406 = EDGE_CURVE ( 'NONE', #4008, #819, #3248, .T. ) ;
#4407 = CARTESIAN_POINT ( 'NONE',  ( 24.49920635655568901, 21.19998593052941871, -4.670578616036758390 ) ) ;
#4408 = FACE_OUTER_BOUND ( 'NONE', #128, .T. ) ;
#4409 = ORIENTED_EDGE ( 'NONE', *, *, #1238, .T. ) ;
#4410 = LINE ( 'NONE', #3654, #2343 ) ;
#4411 = EDGE_CURVE ( 'NONE', #4392, #2304, #432, .T. ) ;
#4412 = ORIENTED_EDGE ( 'NONE', *, *, #981, .F. ) ;
#4413 = ORIENTED_EDGE ( 'NONE', *, *, #2800, .F. ) ;
#4414 = CARTESIAN_POINT ( 'NONE',  ( 17.50000000000000355, 2.979274057836316825, 30.00000000000000711 ) ) ;
#4415 = ADVANCED_BREP_SHAPE_REPRESENTATION ( 'Gearbox - Top', ( #567, #420 ), #56 ) ;
#4416 = CARTESIAN_POINT ( 'NONE',  ( -20.72078258788497251, 12.97918471982872823, -29.99999999999999645 ) ) ;
#4417 = VERTEX_POINT ( 'NONE', #2929 ) ;
#4418 = CARTESIAN_POINT ( 'NONE',  ( 20.00000000000001066, 21.46446609406727291, -26.46446609406726935 ) ) ;
#4419 = CARTESIAN_POINT ( 'NONE',  ( -22.69035030854120194, 19.49111505771325170, 2.536266795568333343 ) ) ;
#4420 = DIRECTION ( 'NONE',  ( 0.000000000000000000, 0.000000000000000000, -1.000000000000000000 ) ) ;
#4421 = DIRECTION ( 'NONE',  ( 0.000000000000000000, 0.000000000000000000, 1.000000000000000000 ) ) ;
#4422 = ORIENTED_EDGE ( 'NONE', *, *, #2136, .T. ) ;
#4423 = CARTESIAN_POINT ( 'NONE',  ( -19.99999999999998934, 21.46446609406726225, 26.46446609406726580 ) ) ;
#4424 = EDGE_CURVE ( 'NONE', #1141, #3357, #1083, .T. ) ;
#4425 = CLOSED_SHELL ( 'NONE', ( #469, #1989, #3672, #4069, #737, #3650, #4443, #390, #141, #868, #2473, #1983, #4039, #333, #3416, #929, #2728, #4165, #1727, #3329, #3603, #1559, #1049, #621, #1018, #3589, #87, #2702, #1436, #1873, #3594, #3051, #2020, #4346, #4616, #57, #2761, #2007, #3174, #1233, #2706, #2085, #3272, #2276, #1360, #2260, #4522, #571, #1016, #60, #4610, #3707, #445, #2713, #1501, #2614, #2750, #1325, #4581, #2415, #1211, #2754, #2984, #1329, #1465, #3468, #6, #4532, #1181, #3110, #549, #646, #587, #3322, #286, #987, #4476, #4266, #442, #3975, #3455, #1071, #4635, #768, #2222, #3265, #2421, #2909, #4296, #1449, #26, #666, #3955, #2305, #4236, #409, #2430, #3884, #2533, #676, #133, #3938, #1676, #233, #3085, #845, #499, #2355, #3540, #2137, #901, #702, #2039, #2385, #4065, #1249, #2008, #1355, #3124, #1311, #2274, #2963, #3057, #3738, #904, #4381, #712, #169, #1044, #1119, #1897, #2227, #2099 ) ) ;
#4426 = CARTESIAN_POINT ( 'NONE',  ( 17.67973559864625344, 19.75462137622022141, -2.921050240299143841 ) ) ;
#4427 = CARTESIAN_POINT ( 'NONE',  ( 20.00000000000001066, 51.46446609406726935, 3.535533905932749299 ) ) ;
#4428 = ORIENTED_EDGE ( 'NONE', *, *, #1553, .T. ) ;
#4429 = ORIENTED_EDGE ( 'NONE', *, *, #441, .T. ) ;
#4430 = CARTESIAN_POINT ( 'NONE',  ( 7.053861782283238568, 21.77986891492760790, 20.75297860246099546 ) ) ;
#4431 = AXIS2_PLACEMENT_3D ( 'NONE', #529, #2024, #3038 ) ;
#4432 = EDGE_CURVE ( 'NONE', #32, #494, #1456, .T. ) ;
#4433 = VECTOR ( 'NONE', #4488, 1000.000000000000000 ) ;
#4434 = VECTOR ( 'NONE', #758, 1000.000000000000000 ) ;
#4435 = VERTEX_POINT ( 'NONE', #805 ) ;
#4436 =( BOUNDED_CURVE ( )  B_SPLINE_CURVE ( 3, ( #3958, #584, #533, #490 ),
 .UNSPECIFIED., .F., .T. ) 
 B_SPLINE_CURVE_WITH_KNOTS ( ( 4, 4 ),
 ( 2.552561683373514523, 3.141592653589793116 ),
 .UNSPECIFIED. ) 
 CURVE ( )  GEOMETRIC_REPRESENTATION_ITEM ( )  RATIONAL_B_SPLINE_CURVE ( ( 1.000000000000000000, 0.9712952651971040741, 0.9712952651971040741, 1.000000000000000000 ) ) 
 REPRESENTATION_ITEM ( '' )  );
#4437 = DIRECTION ( 'NONE',  ( 1.000000000000000000, 0.000000000000000000, -1.734723475976807587E-16 ) ) ;
#4438 = EDGE_CURVE ( 'NONE', #1981, #3357, #3665, .T. ) ;
#4439 = EDGE_LOOP ( 'NONE', ( #2935, #957, #2611, #1959, #405, #4510, #4484, #1987, #4444, #4528, #2095, #4267, #3339, #1744 ) ) ;
#4440 = DIRECTION ( 'NONE',  ( -1.000000000000000000, 0.000000000000000000, 0.000000000000000000 ) ) ;
#4441 = AXIS2_PLACEMENT_3D ( 'NONE', #1604, #4421, #877 ) ;
#4442 = CARTESIAN_POINT ( 'NONE',  ( 10.00000000000000355, 15.00000000000000178, 35.00000000000000000 ) ) ;
#4443 = ADVANCED_FACE ( 'NONE', ( #451 ), #3209, .F. ) ;
#4444 = ORIENTED_EDGE ( 'NONE', *, *, #4101, .F. ) ;
#4445 = CARTESIAN_POINT ( 'NONE',  ( 13.00000000000000000, 25.00000000000000000, -7.500000000000002665 ) ) ;
#4446 = LINE ( 'NONE', #473, #205 ) ;
#4447 = CARTESIAN_POINT ( 'NONE',  ( -24.99999999999999289, 16.00000000000000000, 8.098699445803825725 ) ) ;
#4448 = CARTESIAN_POINT ( 'NONE',  ( 23.33053255995353581, 20.61955562814324239, 4.268911741678414806 ) ) ;
#4449 = AXIS2_PLACEMENT_3D ( 'NONE', #2933, #3736, #1881 ) ;
#4450 = CARTESIAN_POINT ( 'NONE',  ( -21.99999999999999289, 13.86691298581657961, -29.99999999999999289 ) ) ;
#4451 = CARTESIAN_POINT ( 'NONE',  ( 0.000000000000000000, 25.00000000000000000, 0.000000000000000000 ) ) ;
#4452 = EDGE_LOOP ( 'NONE', ( #3798, #212, #3467, #2175 ) ) ;
#4453 = FACE_OUTER_BOUND ( 'NONE', #544, .T. ) ;
#4454 = AXIS2_PLACEMENT_3D ( 'NONE', #2508, #3275, #4044 ) ;
#4455 = CARTESIAN_POINT ( 'NONE',  ( 23.48253090091221651, 20.76250757911139644, -4.398969199829320331 ) ) ;
#4456 = AXIS2_PLACEMENT_3D ( 'NONE', #4574, #2780, #4257 ) ;
#4457 = FACE_OUTER_BOUND ( 'NONE', #3297, .T. ) ;
#4458 = ORIENTED_EDGE ( 'NONE', *, *, #1405, .T. ) ;
#4459 = ORIENTED_EDGE ( 'NONE', *, *, #1708, .T. ) ;
#4460 = PLANE ( 'NONE',  #275 ) ;
#4461 = CARTESIAN_POINT ( 'NONE',  ( 20.00000000000001066, 24.99999999999999645, -20.10050506338833642 ) ) ;
#4462 = AXIS2_PLACEMENT_3D ( 'NONE', #265, #1690, #2809 ) ;
#4463 = EDGE_CURVE ( 'NONE', #907, #4537, #4354, .T. ) ;
#4464 = ORIENTED_EDGE ( 'NONE', *, *, #1823, .T. ) ;
#4465 = DIRECTION ( 'NONE',  ( -1.734723475976807094E-16, 0.000000000000000000, -1.000000000000000000 ) ) ;
#4466 = AXIS2_PLACEMENT_3D ( 'NONE', #1682, #2469, #2448 ) ;
#4467 = EDGE_LOOP ( 'NONE', ( #3865, #3539, #1998, #2733, #4233 ) ) ;
#4468 = DIRECTION ( 'NONE',  ( 1.652117596168387756E-16, 0.000000000000000000, 1.000000000000000000 ) ) ;
#4469 = CARTESIAN_POINT ( 'NONE',  ( 20.00000000000001066, 8.964466094067269353, 38.96446609406727646 ) ) ;
#4470 = VECTOR ( 'NONE', #880, 1000.000000000000000 ) ;
#4471 = VERTEX_POINT ( 'NONE', #2840 ) ;
#4472 = CARTESIAN_POINT ( 'NONE',  ( 21.99999999999998579, 8.458323293158123590, -29.99999999999999289 ) ) ;
#4473 = DIRECTION ( 'NONE',  ( 0.000000000000000000, 0.000000000000000000, 1.000000000000000000 ) ) ;
#4474 = CARTESIAN_POINT ( 'NONE',  ( -24.99999999999999289, 16.00000000000000000, 4.041558235416867539 ) ) ;
#4475 = CARTESIAN_POINT ( 'NONE',  ( 24.99999999999969802, 16.00000000000042633, 3.547710893153570133 ) ) ;
#4476 = ADVANCED_FACE ( 'NONE', ( #1058 ), #714, .F. ) ;
#4477 = FACE_OUTER_BOUND ( 'NONE', #1327, .T. ) ;
#4478 = CARTESIAN_POINT ( 'NONE',  ( -21.00000000000000355, 0.9585481156726277652, 30.00000000000000711 ) ) ;
#4479 = EDGE_LOOP ( 'NONE', ( #1322, #2765, #2831, #1234 ) ) ;
#4480 = DIRECTION ( 'NONE',  ( 0.000000000000000000, 0.000000000000000000, -1.000000000000000000 ) ) ;
#4481 = CARTESIAN_POINT ( 'NONE',  ( 14.00000000000000178, 11.99999999999999822, 20.00000000000000355 ) ) ;
#4482 = CARTESIAN_POINT ( 'NONE',  ( -19.99999999999998934, 23.93933982822019146, 28.93933982822018436 ) ) ;
#4483 = ORIENTED_EDGE ( 'NONE', *, *, #4496, .T. ) ;
#4484 = ORIENTED_EDGE ( 'NONE', *, *, #817, .T. ) ;
#4485 = CARTESIAN_POINT ( 'NONE',  ( -7.750000000000001776, 24.48322311409235397, 21.00000000000001066 ) ) ;
#4486 = PLANE ( 'NONE',  #910 ) ;
#4487 = ORIENTED_EDGE ( 'NONE', *, *, #3045, .F. ) ;
#4488 = DIRECTION ( 'NONE',  ( 1.734723475976807094E-16, -0.000000000000000000, 1.000000000000000000 ) ) ;
#4489 = ORIENTED_EDGE ( 'NONE', *, *, #2481, .F. ) ;
#4490 = DIRECTION ( 'NONE',  ( 0.4999999999999995559, -0.8660254037844389297, 0.000000000000000000 ) ) ;
#4491 = EDGE_CURVE ( 'NONE', #3592, #514, #4123, .T. ) ;
#4492 = CARTESIAN_POINT ( 'NONE',  ( -24.50000000000000711, 7.020725942163696054, 23.00000000000000711 ) ) ;
#4493 = ORIENTED_EDGE ( 'NONE', *, *, #694, .F. ) ;
#4494 = DIRECTION ( 'NONE',  ( 0.000000000000000000, -0.7071067811865473507, -0.7071067811865477948 ) ) ;
#4495 = CARTESIAN_POINT ( 'NONE',  ( -17.79012755090264619, 19.65363025826470533, 2.731737183770749144 ) ) ;
#4496 = EDGE_CURVE ( 'NONE', #2262, #2518, #4446, .T. ) ;
#4497 = CARTESIAN_POINT ( 'NONE',  ( 18.42031094744669062, 19.19173302147978788, 1.520447525642004694 ) ) ;
#4498 = FACE_OUTER_BOUND ( 'NONE', #4349, .T. ) ;
#4499 = ORIENTED_EDGE ( 'NONE', *, *, #3891, .F. ) ;
#4500 = EDGE_CURVE ( 'NONE', #3023, #64, #2285, .T. ) ;
#4501 = CARTESIAN_POINT ( 'NONE',  ( -21.00000000000000000, 5.000000000000004441, 23.00000000000000711 ) ) ;
#4502 = CARTESIAN_POINT ( 'NONE',  ( 15.00000000000000000, 10.00000000000000000, -20.20568056140707824 ) ) ;
#4503 = EDGE_LOOP ( 'NONE', ( #4041, #2034 ) ) ;
#4504 = ORIENTED_EDGE ( 'NONE', *, *, #3526, .F. ) ;
#4505 = CARTESIAN_POINT ( 'NONE',  ( 2.502875305904131320, 17.64749115006319968, 19.67191318018127433 ) ) ;
#4506 = FACE_OUTER_BOUND ( 'NONE', #3059, .T. ) ;
#4507 = ORIENTED_EDGE ( 'NONE', *, *, #1811, .F. ) ;
#4508 = VECTOR ( 'NONE', #1947, 1000.000000000000000 ) ;
#4509 = CARTESIAN_POINT ( 'NONE',  ( -10.00000000000000000, 8.000000000000000000, 13.00000000000000355 ) ) ;
#4510 = ORIENTED_EDGE ( 'NONE', *, *, #2615, .T. ) ;
#4511 = VECTOR ( 'NONE', #3122, 1000.000000000000000 ) ;
#4512 = AXIS2_PLACEMENT_3D ( 'NONE', #3305, #2537, #1175 ) ;
#4513 = CARTESIAN_POINT ( 'NONE',  ( -21.99999999999999289, 13.86691298581657961, -29.99999999999999289 ) ) ;
#4514 = EDGE_CURVE ( 'NONE', #914, #2401, #872, .T. ) ;
#4515 = ORIENTED_EDGE ( 'NONE', *, *, #3548, .F. ) ;
#4516 = AXIS2_PLACEMENT_3D ( 'NONE', #2447, #4566, #1388 ) ;
#4517 = CARTESIAN_POINT ( 'NONE',  ( -17.21285252550289968, 20.34554831175729817, -3.792516952817594600 ) ) ;
#4518 = CARTESIAN_POINT ( 'NONE',  ( -24.99999999999999289, 16.00000000000000000, 1.035807334472809815 ) ) ;
#4519 = CARTESIAN_POINT ( 'NONE',  ( 22.59807279487225529, 18.99995440611104414, -0.3358295492133344107 ) ) ;
#4520 = VECTOR ( 'NONE', #4440, 1000.000000000000000 ) ;
#4521 = DIRECTION ( 'NONE',  ( 1.734723475976807094E-16, -0.000000000000000000, 1.000000000000000000 ) ) ;
#4522 = ADVANCED_FACE ( 'NONE', ( #4399 ), #3785, .F. ) ;
#4523 = ORIENTED_EDGE ( 'NONE', *, *, #279, .F. ) ;
#4524 = CARTESIAN_POINT ( 'NONE',  ( 20.00000000000001066, 21.46446609406727291, -26.46446609406726935 ) ) ;
#4525 = EDGE_CURVE ( 'NONE', #64, #514, #2031, .T. ) ;
#4526 = DIRECTION ( 'NONE',  ( -1.734723475976807094E-16, 0.000000000000000000, -1.000000000000000000 ) ) ;
#4527 = ORIENTED_EDGE ( 'NONE', *, *, #1593, .T. ) ;
#4528 = ORIENTED_EDGE ( 'NONE', *, *, #4438, .F. ) ;
#4529 = CIRCLE ( 'NONE', #548, 2.000000000000002665 ) ;
#4530 = CARTESIAN_POINT ( 'NONE',  ( -7.250362714155431654, 22.25061908201920602, 20.82058719760522081 ) ) ;
#4531 = CARTESIAN_POINT ( 'NONE',  ( 13.00000000000000178, 25.00000000000000355, -2.255140518769849223E-15 ) ) ;
#4532 = ADVANCED_FACE ( 'NONE', ( #3758 ), #500, .F. ) ;
#4533 = VECTOR ( 'NONE', #3245, 1000.000000000000000 ) ;
#4534 = CARTESIAN_POINT ( 'NONE',  ( 20.72078258788497962, 22.87867965644038648, -29.99999999999999289 ) ) ;
#4535 = ORIENTED_EDGE ( 'NONE', *, *, #727, .T. ) ;
#4536 = LINE ( 'NONE', #241, #3676 ) ;
#4537 = VERTEX_POINT ( 'NONE', #1878 ) ;
#4538 = CIRCLE ( 'NONE', #4462, 1.500000000000001332 ) ;
#4539 = PLANE ( 'NONE',  #1216 ) ;
#4540 = AXIS2_PLACEMENT_3D ( 'NONE', #1511, #3608, #1887 ) ;
#4541 = EDGE_LOOP ( 'NONE', ( #3674, #3590, #2839, #4319 ) ) ;
#4542 = CARTESIAN_POINT ( 'NONE',  ( -17.38468415539896128, 20.08369844105888191, -3.446314602172482644 ) ) ;
#4543 = CARTESIAN_POINT ( 'NONE',  ( -19.99999999999998934, 51.46446609406726935, 3.535533905932749299 ) ) ;
#4544 = AXIS2_PLACEMENT_3D ( 'NONE', #1685, #2778, #1750 ) ;
#4545 = CIRCLE ( 'NONE', #716, 5.000000000000000888 ) ;
#4546 = VERTEX_POINT ( 'NONE', #3419 ) ;
#4547 = PLANE ( 'NONE',  #3712 ) ;
#4548 = LINE ( 'NONE', #2423, #2107 ) ;
#4549 = EDGE_CURVE ( 'NONE', #976, #1919, #1191, .T. ) ;
#4550 = CARTESIAN_POINT ( 'NONE',  ( -24.50000000000000711, 7.020725942163696054, 23.00000000000000711 ) ) ;
#4551 = VERTEX_POINT ( 'NONE', #111 ) ;
#4552 = EDGE_LOOP ( 'NONE', ( #1711, #1618, #449, #1057 ) ) ;
#4553 = CARTESIAN_POINT ( 'NONE',  ( 20.00000000000001066, 25.00000000000000000, 20.10050506338832932 ) ) ;
#4554 = DIRECTION ( 'NONE',  ( 0.000000000000000000, 0.000000000000000000, -1.000000000000000000 ) ) ;
#4555 = VERTEX_POINT ( 'NONE', #2696 ) ;
#4556 = FACE_OUTER_BOUND ( 'NONE', #3525, .T. ) ;
#4557 = ORIENTED_EDGE ( 'NONE', *, *, #2191, .F. ) ;
#4558 = CARTESIAN_POINT ( 'NONE',  ( 26.00000000000000711, 2.585786437626880652, 25.00000000000000355 ) ) ;
#4559 = ORIENTED_EDGE ( 'NONE', *, *, #1125, .T. ) ;
#4560 = CARTESIAN_POINT ( 'NONE',  ( -10.00000000000000178, 8.000000000000000000, 24.50000000000000355 ) ) ;
#4561 = PLANE ( 'NONE',  #322 ) ;
#4562 = CARTESIAN_POINT ( 'NONE',  ( 24.04382711365341052, 21.09652324122537337, 4.637178376853272610 ) ) ;
#4563 = CARTESIAN_POINT ( 'NONE',  ( -19.99999999999998934, 22.87867965644037227, 30.00000000000000711 ) ) ;
#4564 = ORIENTED_EDGE ( 'NONE', *, *, #618, .F. ) ;
#4565 = CARTESIAN_POINT ( 'NONE',  ( 0.000000000000000000, 25.00000000000000000, 26.00000000000000711 ) ) ;
#4566 = DIRECTION ( 'NONE',  ( 1.000000000000000000, 0.000000000000000000, -1.734723475976807094E-16 ) ) ;
#4567 = CARTESIAN_POINT ( 'NONE',  ( -19.99999999999998934, 25.00000000000000000, -25.75735931288072678 ) ) ;
#4568 = FACE_OUTER_BOUND ( 'NONE', #2333, .T. ) ;
#4569 = ORIENTED_EDGE ( 'NONE', *, *, #1377, .T. ) ;
#4570 = ORIENTED_EDGE ( 'NONE', *, *, #2693, .F. ) ;
#4571 = EDGE_CURVE ( 'NONE', #2402, #976, #2736, .T. ) ;
#4572 = LINE ( 'NONE', #1022, #1232 ) ;
#4573 = CARTESIAN_POINT ( 'NONE',  ( 0.000000000000000000, 0.000000000000000000, 23.00000000000000711 ) ) ;
#4574 = CARTESIAN_POINT ( 'NONE',  ( 21.00000000000000000, 5.000000000000004441, 30.00000000000000711 ) ) ;
#4575 = LINE ( 'NONE', #1326, #269 ) ;
#4576 = ORIENTED_EDGE ( 'NONE', *, *, #4463, .F. ) ;
#4577 = CYLINDRICAL_SURFACE ( 'NONE', #470, 5.000000000000000888 ) ;
#4578 = EDGE_CURVE ( 'NONE', #3454, #1141, #849, .T. ) ;
#4579 = ORIENTED_EDGE ( 'NONE', *, *, #51, .F. ) ;
#4580 = CARTESIAN_POINT ( 'NONE',  ( 25.41421356237309936, 2.828427124746163646, 24.99999999999999645 ) ) ;
#4581 = ADVANCED_FACE ( 'NONE', ( #921, #3713 ), #3734, .T. ) ;
#4582 = CARTESIAN_POINT ( 'NONE',  ( -23.99999999999999645, 25.00000000000000000, 25.75735931288072678 ) ) ;
#4583 = ORIENTED_EDGE ( 'NONE', *, *, #622, .F. ) ;
#4584 = CARTESIAN_POINT ( 'NONE',  ( -25.99999999999999289, 0.000000000000000000, 24.00000000000000355 ) ) ;
#4585 = SHAPE_DEFINITION_REPRESENTATION ( #1950, #4415 ) ;
#4586 = CARTESIAN_POINT ( 'NONE',  ( -24.99999999999999645, 16.00000000000000000, -10.72380529476431299 ) ) ;
#4587 = CIRCLE ( 'NONE', #3840, 4.000000000000000000 ) ;
#4588 = VECTOR ( 'NONE', #3766, 1000.000000000000000 ) ;
#4589 = EDGE_CURVE ( 'NONE', #2411, #293, #521, .T. ) ;
#4590 = AXIS2_PLACEMENT_3D ( 'NONE', #890, #1328, #2316 ) ;
#4591 = VECTOR ( 'NONE', #2908, 1000.000000000000114 ) ;
#4592 = ORIENTED_EDGE ( 'NONE', *, *, #4178, .F. ) ;
#4593 = CARTESIAN_POINT ( 'NONE',  ( 21.00000000000000355, 5.000000000000003553, -29.99999999999999289 ) ) ;
#4594 = CARTESIAN_POINT ( 'NONE',  ( 9.999999999999998224, 8.000000000000000000, 23.00000000000000711 ) ) ;
#4595 = VECTOR ( 'NONE', #3682, 1000.000000000000227 ) ;
#4596 = CARTESIAN_POINT ( 'NONE',  ( -23.99999999999999645, 25.00000000000000000, -25.75735931288073033 ) ) ;
#4597 = FACE_OUTER_BOUND ( 'NONE', #3361, .T. ) ;
#4598 = ORIENTED_EDGE ( 'NONE', *, *, #705, .F. ) ;
#4599 = ORIENTED_EDGE ( 'NONE', *, *, #2964, .F. ) ;
#4600 = DIRECTION ( 'NONE',  ( 0.000000000000000000, 0.7071067811865474617, -0.7071067811865475727 ) ) ;
#4601 = DIRECTION ( 'NONE',  ( 0.000000000000000000, -1.000000000000000000, 0.000000000000000000 ) ) ;
#4602 = DIRECTION ( 'NONE',  ( -1.734723475976807094E-16, -0.000000000000000000, -1.000000000000000000 ) ) ;
#4603 = AXIS2_PLACEMENT_3D ( 'NONE', #2259, #2968, #3990 ) ;
#4604 = FACE_OUTER_BOUND ( 'NONE', #4363, .T. ) ;
#4605 = VERTEX_POINT ( 'NONE', #3689 ) ;
#4606 = CARTESIAN_POINT ( 'NONE',  ( 15.00000000000000000, 0.000000000000000000, -20.20568056140707824 ) ) ;
#4607 = ORIENTED_EDGE ( 'NONE', *, *, #3558, .T. ) ;
#4608 = AXIS2_PLACEMENT_3D ( 'NONE', #1872, #1493, #1806 ) ;
#4609 = DIRECTION ( 'NONE',  ( -0.000000000000000000, -1.000000000000000000, -0.000000000000000000 ) ) ;
#4610 = ADVANCED_FACE ( 'NONE', ( #1948 ), #2347, .T. ) ;
#4611 = LINE ( 'NONE', #1739, #21 ) ;
#4612 = CIRCLE ( 'NONE', #3856, 1.799999999999999600 ) ;
#4613 = VERTEX_POINT ( 'NONE', #2599 ) ;
#4614 = CARTESIAN_POINT ( 'NONE',  ( -16.99999999999999289, 20.96240957554485362, -4.444475153160108327 ) ) ;
#4615 = DIRECTION ( 'NONE',  ( 0.000000000000000000, -0.000000000000000000, -1.000000000000000000 ) ) ;
#4616 = ADVANCED_FACE ( 'NONE', ( #1601 ), #4047, .F. ) ;
#4617 = AXIS2_PLACEMENT_3D ( 'NONE', #2117, #3863, #3537 ) ;
#4618 = VERTEX_POINT ( 'NONE', #4264 ) ;
#4619 = VECTOR ( 'NONE', #3060, 1000.000000000000000 ) ;
#4620 = CARTESIAN_POINT ( 'NONE',  ( 24.99999999999999289, 9.464101615137758827, 30.00000000000000711 ) ) ;
#4621 = CARTESIAN_POINT ( 'NONE',  ( 22.84807621135332312, 13.19134295108990784, 25.00000000000000355 ) ) ;
#4622 = VECTOR ( 'NONE', #1241, 1000.000000000000000 ) ;
#4623 = CARTESIAN_POINT ( 'NONE',  ( -25.00000000000000000, 25.00000000000000000, -29.99999999999999289 ) ) ;
#4624 = ORIENTED_EDGE ( 'NONE', *, *, #3898, .T. ) ;
#4625 = ORIENTED_EDGE ( 'NONE', *, *, #2931, .F. ) ;
#4626 = CARTESIAN_POINT ( 'NONE',  ( -24.50000000000000711, 7.020725942163696054, 30.00000000000000711 ) ) ;
#4627 = CARTESIAN_POINT ( 'NONE',  ( -19.99999999999998934, 21.46446609406726225, -26.46446609406726935 ) ) ;
#4628 = FACE_BOUND ( 'NONE', #3381, .T. ) ;
#4629 = VERTEX_POINT ( 'NONE', #2722 ) ;
#4630 = CARTESIAN_POINT ( 'NONE',  ( 0.000000000000000000, 25.00000000000000000, 0.000000000000000000 ) ) ;
#4631 = DIRECTION ( 'NONE',  ( -5.782411586589358625E-17, 0.000000000000000000, -1.000000000000000000 ) ) ;
#4632 = ORIENTED_EDGE ( 'NONE', *, *, #2409, .T. ) ;
#4633 = CARTESIAN_POINT ( 'NONE',  ( 8.750000000000007105, 25.00000000000000000, 21.00000000000000355 ) ) ;
#4634 = ORIENTED_EDGE ( 'NONE', *, *, #3678, .F. ) ;
#4635 = ADVANCED_FACE ( 'NONE', ( #249 ), #2393, .F. ) ;
#4636 = CARTESIAN_POINT ( 'NONE',  ( -23.08355841262945773, 20.32564918901515227, -3.945672848238062524 ) ) ;
ENDSEC;
END-ISO-10303-21;
