ISO-10303-21;
HEADER;
FILE_DESCRIPTION (( 'STEP AP214' ),
    '1' );
FILE_NAME ('Gearbox.STEP',
    '2026-06-29T12:46:56',
    ( '' ),
    ( '' ),
    'SwSTEP 2.0',
    'SolidWorks 2026',
    '' );
FILE_SCHEMA (( 'AUTOMOTIVE_DESIGN' ));
ENDSEC;

DATA;
#1 = FACE_OUTER_BOUND ( 'NONE', #1144, .T. ) ;
#2 = EDGE_CURVE ( 'NONE', #2135, #1962, #2164, .T. ) ;
#3 = CARTESIAN_POINT ( 'NONE',  ( 20.00000000000000000, 12.67766952966369587, -10.60660171779822036 ) ) ;
#4 = ORIENTED_EDGE ( 'NONE', *, *, #1839, .F. ) ;
#5 = EDGE_CURVE ( 'NONE', #1086, #72, #2006, .T. ) ;
#6 = ORIENTED_EDGE ( 'NONE', *, *, #1616, .F. ) ;
#7 = DIRECTION ( 'NONE',  ( 0.000000000000000000, -0.7071067811865474617, 0.7071067811865474617 ) ) ;
#8 = LINE ( 'NONE', #1917, #1114 ) ;
#9 = FACE_OUTER_BOUND ( 'NONE', #486, .T. ) ;
#10 = ORIENTED_EDGE ( 'NONE', *, *, #396, .F. ) ;
#11 = DIRECTION ( 'NONE',  ( -0.000000000000000000, -0.000000000000000000, -1.000000000000000000 ) ) ;
#12 = DIRECTION ( 'NONE',  ( 0.000000000000000000, -0.000000000000000000, -1.000000000000000000 ) ) ;
#13 = VECTOR ( 'NONE', #456, 1000.000000000000000 ) ;
#14 = DIRECTION ( 'NONE',  ( -1.000000000000000000, -0.000000000000000000, 1.734723475976807094E-16 ) ) ;
#15 = EDGE_CURVE ( 'NONE', #740, #1692, #1651, .T. ) ;
#16 = ORIENTED_EDGE ( 'NONE', *, *, #47, .T. ) ;
#17 = EDGE_CURVE ( 'NONE', #1271, #1758, #1087, .T. ) ;
#18 = VERTEX_POINT ( 'NONE', #1641 ) ;
#19 = CARTESIAN_POINT ( 'NONE',  ( 9.999999999999998224, 10.00000000000000000, -19.99999999999998934 ) ) ;
#20 = DIRECTION ( 'NONE',  ( -0.000000000000000000, -1.000000000000000000, -0.000000000000000000 ) ) ;
#21 = ORIENTED_EDGE ( 'NONE', *, *, #893, .T. ) ;
#22 = DIRECTION ( 'NONE',  ( 0.000000000000000000, 0.000000000000000000, 1.000000000000000000 ) ) ;
#23 = DIRECTION ( 'NONE',  ( 5.782411586589358625E-17, 0.000000000000000000, 1.000000000000000000 ) ) ;
#24 = VECTOR ( 'NONE', #1794, 1000.000000000000000 ) ;
#25 = CARTESIAN_POINT ( 'NONE',  ( 13.00000000000000178, 7.000000000000000888, -15.49999999999999289 ) ) ;
#26 = VECTOR ( 'NONE', #1440, 1000.000000000000000 ) ;
#27 = ORIENTED_EDGE ( 'NONE', *, *, #145, .T. ) ;
#28 = AXIS2_PLACEMENT_3D ( 'NONE', #485, #630, #1532 ) ;
#29 = ORIENTED_EDGE ( 'NONE', *, *, #2099, .F. ) ;
#30 = AXIS2_PLACEMENT_3D ( 'NONE', #108, #1658, #808 ) ;
#31 = DIRECTION ( 'NONE',  ( 0.000000000000000000, 0.000000000000000000, -1.000000000000000000 ) ) ;
#32 = LINE ( 'NONE', #1590, #1673 ) ;
#33 = ORIENTED_EDGE ( 'NONE', *, *, #126, .T. ) ;
#34 = CARTESIAN_POINT ( 'NONE',  ( -25.00000000000000000, 25.00000000000000000, -29.99999999999999289 ) ) ;
#35 = DIRECTION ( 'NONE',  ( 1.000000000000000000, 0.000000000000000000, -1.734723475976807094E-16 ) ) ;
#36 = VECTOR ( 'NONE', #417, 1000.000000000000000 ) ;
#37 = DIRECTION ( 'NONE',  ( 0.000000000000000000, 0.7071067811865474617, -0.7071067811865476838 ) ) ;
#38 = ORIENTED_EDGE ( 'NONE', *, *, #1744, .T. ) ;
#39 = VERTEX_POINT ( 'NONE', #1465 ) ;
#40 = CARTESIAN_POINT ( 'NONE',  ( -10.00000000000000178, 0.000000000000000000, -19.99999999999998934 ) ) ;
#41 = CARTESIAN_POINT ( 'NONE',  ( 7.750000000000000000, 25.00000000000000000, 21.00000000000000355 ) ) ;
#42 = ORIENTED_EDGE ( 'NONE', *, *, #854, .F. ) ;
#43 = CARTESIAN_POINT ( 'NONE',  ( -21.99999999999998579, 25.00000000000000000, -29.99999999999999289 ) ) ;
#44 = CARTESIAN_POINT ( 'NONE',  ( -13.00000000000000178, 6.999999999999998224, 20.00000000000000711 ) ) ;
#45 = DIRECTION ( 'NONE',  ( 0.000000000000000000, -0.7071067811865476838, -0.7071067811865474617 ) ) ;
#46 = ORIENTED_EDGE ( 'NONE', *, *, #2267, .F. ) ;
#47 = EDGE_CURVE ( 'NONE', #992, #1022, #1279, .T. ) ;
#48 = CIRCLE ( 'NONE', #1323, 1.750000000000001554 ) ;
#49 = ORIENTED_EDGE ( 'NONE', *, *, #1429, .T. ) ;
#50 = DIRECTION ( 'NONE',  ( 0.000000000000000000, -0.7071067811865474617, 0.7071067811865477948 ) ) ;
#51 = FACE_OUTER_BOUND ( 'NONE', #369, .T. ) ;
#52 = ORIENTED_EDGE ( 'NONE', *, *, #1445, .T. ) ;
#53 = CARTESIAN_POINT ( 'NONE',  ( 20.00000000000000000, 15.00000000000000000, -19.99999999999998934 ) ) ;
#54 = CARTESIAN_POINT ( 'NONE',  ( -13.00000000000000178, 1.999999999999950262, 20.00000000000000711 ) ) ;
#55 = FACE_OUTER_BOUND ( 'NONE', #1763, .T. ) ;
#56 = VECTOR ( 'NONE', #2269, 1000.000000000000000 ) ;
#57 = ORIENTED_EDGE ( 'NONE', *, *, #396, .T. ) ;
#58 = AXIS2_PLACEMENT_3D ( 'NONE', #2140, #381, #1408 ) ;
#59 = ORIENTED_EDGE ( 'NONE', *, *, #2099, .T. ) ;
#60 = AXIS2_PLACEMENT_3D ( 'NONE', #887, #2075, #1245 ) ;
#61 = CIRCLE ( 'NONE', #939, 1.750000000000008438 ) ;
#62 = DIRECTION ( 'NONE',  ( 0.000000000000000000, -1.000000000000000000, 0.000000000000000000 ) ) ;
#63 = DIRECTION ( 'NONE',  ( 0.000000000000000000, -1.000000000000000000, 0.000000000000000000 ) ) ;
#65 = VERTEX_POINT ( 'NONE', #1994 ) ;
#64 = VECTOR ( 'NONE', #744, 1000.000000000000000 ) ;
#66 = CARTESIAN_POINT ( 'NONE',  ( -19.99999999999999645, 25.00000000000000000, -20.24192641962564565 ) ) ;
#67 = CYLINDRICAL_SURFACE ( 'NONE', #1010, 5.000000000000000000 ) ;
#68 = PRODUCT ( 'Gearbox', 'Gearbox', '', ( #1586 ) ) ;
#69 = DIRECTION ( 'NONE',  ( -1.000000000000000000, 0.000000000000000000, 0.000000000000000000 ) ) ;
#70 = DIRECTION ( 'NONE',  ( 1.000000000000000000, 0.000000000000000000, 0.000000000000000000 ) ) ;
#71 = VECTOR ( 'NONE', #971, 1000.000000000000000 ) ;
#72 = VERTEX_POINT ( 'NONE', #2198 ) ;
#73 = EDGE_CURVE ( 'NONE', #1940, #1417, #852, .T. ) ;
#74 = FACE_OUTER_BOUND ( 'NONE', #799, .T. ) ;
#75 = CARTESIAN_POINT ( 'NONE',  ( -25.00000000000000000, 25.00000000000000000, -29.99999999999999289 ) ) ;
#76 = VERTEX_POINT ( 'NONE', #1836 ) ;
#77 = CARTESIAN_POINT ( 'NONE',  ( -16.19999999999999929, 25.00000000000000000, -20.24192641962565276 ) ) ;
#78 = DIRECTION ( 'NONE',  ( 2.891205793294677833E-16, 0.000000000000000000, 1.000000000000000000 ) ) ;
#79 = CYLINDRICAL_SURFACE ( 'NONE', #1411, 7.599999999999999645 ) ;
#80 = CARTESIAN_POINT ( 'NONE',  ( 0.000000000000000000, 25.00000000000000000, 35.00000000000000000 ) ) ;
#81 = EDGE_LOOP ( 'NONE', ( #1551, #1678, #2085, #383 ) ) ;
#82 = CARTESIAN_POINT ( 'NONE',  ( -25.00000000000000000, 4.999999999999990230, -29.99999999999999289 ) ) ;
#83 = DIRECTION ( 'NONE',  ( -0.000000000000000000, -0.000000000000000000, -1.000000000000000000 ) ) ;
#84 = EDGE_CURVE ( 'NONE', #1434, #874, #2049, .T. ) ;
#85 = ORIENTED_EDGE ( 'NONE', *, *, #918, .T. ) ;
#86 = CARTESIAN_POINT ( 'NONE',  ( 7.345733679985001707, 22.47858418796971236, 20.85339115395520437 ) ) ;
#87 = CARTESIAN_POINT ( 'NONE',  ( 25.00000000000000355, 25.00000000000000000, 13.99999999999999822 ) ) ;
#88 = DIRECTION ( 'NONE',  ( -1.000000000000000000, -0.000000000000000000, -5.782411586589358625E-17 ) ) ;
#89 = EDGE_CURVE ( 'NONE', #1488, #851, #699, .T. ) ;
#90 = ORIENTED_EDGE ( 'NONE', *, *, #1480, .F. ) ;
#91 = LINE ( 'NONE', #580, #1520 ) ;
#92 = CARTESIAN_POINT ( 'NONE',  ( -18.25000000000000000, 15.00000000000000000, -29.99999999999999289 ) ) ;
#93 = ORIENTED_EDGE ( 'NONE', *, *, #497, .F. ) ;
#94 = CIRCLE ( 'NONE', #1934, 1.899999999999997913 ) ;
#95 = CARTESIAN_POINT ( 'NONE',  ( -20.00000000000000000, 15.00000000000000000, -19.99999999999998934 ) ) ;
#96 = VERTEX_POINT ( 'NONE', #1500 ) ;
#97 = CARTESIAN_POINT ( 'NONE',  ( 2.017467441043568677, 17.49991853793822116, 19.61530564007211552 ) ) ;
#98 = VECTOR ( 'NONE', #510, 1000.000000000000000 ) ;
#99 = AXIS2_PLACEMENT_3D ( 'NONE', #1424, #586, #574 ) ;
#100 = DIRECTION ( 'NONE',  ( 0.000000000000000000, 0.7071067811865475727, -0.7071067811865475727 ) ) ;
#101 = FACE_OUTER_BOUND ( 'NONE', #631, .T. ) ;
#102 = ORIENTED_EDGE ( 'NONE', *, *, #648, .T. ) ;
#103 = CARTESIAN_POINT ( 'NONE',  ( -12.99999999999999645, 25.00000000000000000, -5.999999999999998224 ) ) ;
#104 = FACE_OUTER_BOUND ( 'NONE', #412, .T. ) ;
#105 = ORIENTED_EDGE ( 'NONE', *, *, #374, .F. ) ;
#106 = DIRECTION ( 'NONE',  ( 0.000000000000000000, 0.7071067811865475727, -0.7071067811865475727 ) ) ;
#107 = DIRECTION ( 'NONE',  ( -1.000000000000000000, 0.000000000000000000, 0.000000000000000000 ) ) ;
#108 = CARTESIAN_POINT ( 'NONE',  ( 0.000000000000000000, 0.000000000000000000, 0.000000000000000000 ) ) ;
#109 = DIRECTION ( 'NONE',  ( 5.782411586589358625E-17, 0.000000000000000000, 1.000000000000000000 ) ) ;
#110 = EDGE_CURVE ( 'NONE', #2186, #1563, #1662, .T. ) ;
#111 = VERTEX_POINT ( 'NONE', #92 ) ;
#112 = PLANE ( 'NONE',  #1451 ) ;
#113 = ORIENTED_EDGE ( 'NONE', *, *, #769, .T. ) ;
#114 = ADVANCED_FACE ( 'NONE', ( #104 ), #2185, .F. ) ;
#115 = ORIENTED_EDGE ( 'NONE', *, *, #2017, .T. ) ;
#116 = CARTESIAN_POINT ( 'NONE',  ( -19.99999999999999645, 28.53553390593274131, 26.46446609406726935 ) ) ;
#117 = VERTEX_POINT ( 'NONE', #592 ) ;
#118 = CARTESIAN_POINT ( 'NONE',  ( 5.832577103012095421, 19.87201080031193356, 20.36760121249749034 ) ) ;
#119 = AXIS2_PLACEMENT_3D ( 'NONE', #116, #1307, #106 ) ;
#120 = CYLINDRICAL_SURFACE ( 'NONE', #2272, 1.899999999999999911 ) ;
#121 = FACE_OUTER_BOUND ( 'NONE', #700, .T. ) ;
#122 = ORIENTED_EDGE ( 'NONE', *, *, #2263, .T. ) ;
#123 = CARTESIAN_POINT ( 'NONE',  ( 20.00000000000000000, 15.00000000000000000, -19.99999999999998934 ) ) ;
#124 = CARTESIAN_POINT ( 'NONE',  ( 13.00000000000000178, 0.000000000000000000, -15.49999999999999467 ) ) ;
#125 = EDGE_CURVE ( 'NONE', #408, #117, #1456, .T. ) ;
#126 = EDGE_CURVE ( 'NONE', #328, #1758, #950, .T. ) ;
#127 = ORIENTED_EDGE ( 'NONE', *, *, #1480, .T. ) ;
#128 = CARTESIAN_POINT ( 'NONE',  ( 13.00000000000000000, 25.00000000000000000, -7.600000000000001421 ) ) ;
#129 = VECTOR ( 'NONE', #949, 1000.000000000000000 ) ;
#130 = ORIENTED_EDGE ( 'NONE', *, *, #584, .T. ) ;
#131 = CARTESIAN_POINT ( 'NONE',  ( -6.145176465747899996, 20.27105232706989923, 20.46160341129648330 ) ) ;
#132 = DIRECTION ( 'NONE',  ( 1.000000000000000000, 0.000000000000000000, 0.000000000000000000 ) ) ;
#133 = CARTESIAN_POINT ( 'NONE',  ( 25.00000000000000000, 7.000000000000000000, 7.000000000000005329 ) ) ;
#134 = VECTOR ( 'NONE', #1930, 1000.000000000000000 ) ;
#135 = ORIENTED_EDGE ( 'NONE', *, *, #155, .F. ) ;
#136 = TOROIDAL_SURFACE ( 'NONE', #171, 14.00000000000000178, 8.000000000000000000 ) ;
#137 = CIRCLE ( 'NONE', #1453, 1.750000000000001554 ) ;
#138 = CARTESIAN_POINT ( 'NONE',  ( -8.750000000000000000, 25.00000000000000000, -20.99999999999999645 ) ) ;
#139 = CARTESIAN_POINT ( 'NONE',  ( 6.333333333333322379, 20.66666666666661811, -45.66666666666668561 ) ) ;
#140 = AXIS2_PLACEMENT_3D ( 'NONE', #1175, #1870, #2215 ) ;
#141 = CARTESIAN_POINT ( 'NONE',  ( 9.999999999999994671, 10.00000000000000000, 20.00000000000001066 ) ) ;
#142 = ORIENTED_EDGE ( 'NONE', *, *, #1432, .T. ) ;
#143 = LINE ( 'NONE', #1540, #494 ) ;
#144 = VECTOR ( 'NONE', #1407, 1000.000000000000000 ) ;
#145 = EDGE_CURVE ( 'NONE', #1725, #690, #1848, .T. ) ;
#146 = ORIENTED_EDGE ( 'NONE', *, *, #1327, .T. ) ;
#147 = CYLINDRICAL_SURFACE ( 'NONE', #1560, 5.000000000000000888 ) ;
#148 = CARTESIAN_POINT ( 'NONE',  ( 14.99999999999998934, 25.00000000000000000, 30.00000000000000711 ) ) ;
#149 = EDGE_LOOP ( 'NONE', ( #1922, #1334, #1183, #1317 ) ) ;
#150 = CARTESIAN_POINT ( 'NONE',  ( 9.999999999999994671, 0.000000000000000000, 18.25000000000000355 ) ) ;
#151 = ORIENTED_EDGE ( 'NONE', *, *, #145, .F. ) ;
#152 = DIRECTION ( 'NONE',  ( -0.000000000000000000, -1.000000000000000000, -0.000000000000000000 ) ) ;
#153 = VERTEX_POINT ( 'NONE', #275 ) ;
#154 = FACE_OUTER_BOUND ( 'NONE', #1447, .T. ) ;
#155 = EDGE_CURVE ( 'NONE', #2221, #323, #1827, .T. ) ;
#156 = LINE ( 'NONE', #356, #689 ) ;
#157 = ORIENTED_EDGE ( 'NONE', *, *, #2065, .F. ) ;
#158 = EDGE_CURVE ( 'NONE', #1434, #1491, #1303, .T. ) ;
#159 = FACE_OUTER_BOUND ( 'NONE', #538, .T. ) ;
#160 = ORIENTED_EDGE ( 'NONE', *, *, #824, .T. ) ;
#161 = APPLICATION_PROTOCOL_DEFINITION ( 'draft international standard', 'automotive_design', 1998, #865 ) ;
#162 = EDGE_LOOP ( 'NONE', ( #1444, #293, #1680, #2264 ) ) ;
#163 = DIRECTION ( 'NONE',  ( 0.000000000000000000, 0.000000000000000000, -1.000000000000000000 ) ) ;
#164 = CARTESIAN_POINT ( 'NONE',  ( -5.000000000000000888, 25.00000000000000000, 26.00000000000000711 ) ) ;
#165 = VECTOR ( 'NONE', #706, 1000.000000000000000 ) ;
#166 = FACE_OUTER_BOUND ( 'NONE', #969, .T. ) ;
#167 = ORIENTED_EDGE ( 'NONE', *, *, #2130, .F. ) ;
#168 = EDGE_CURVE ( 'NONE', #1476, #1508, #2219, .T. ) ;
#169 = DIRECTION ( 'NONE',  ( -1.000000000000000000, 0.000000000000000000, 5.782411586589358625E-17 ) ) ;
#170 = VECTOR ( 'NONE', #1697, 1000.000000000000000 ) ;
#171 = AXIS2_PLACEMENT_3D ( 'NONE', #1956, #1976, #1448 ) ;
#172 = AXIS2_PLACEMENT_3D ( 'NONE', #321, #450, #109 ) ;
#173 = CYLINDRICAL_SURFACE ( 'NONE', #1446, 7.599999999999999645 ) ;
#174 = ORIENTED_EDGE ( 'NONE', *, *, #669, .F. ) ;
#175 = AXIS2_PLACEMENT_3D ( 'NONE', #531, #1219, #7 ) ;
#176 = ORIENTED_EDGE ( 'NONE', *, *, #737, .T. ) ;
#177 = DIRECTION ( 'NONE',  ( 0.000000000000000000, 0.000000000000000000, 1.000000000000000000 ) ) ;
#178 = DIRECTION ( 'NONE',  ( 0.000000000000000000, 0.000000000000000000, 1.000000000000000000 ) ) ;
#179 = DIRECTION ( 'NONE',  ( -1.000000000000000000, 0.000000000000000000, 1.734723475976807094E-16 ) ) ;
#180 = ORIENTED_EDGE ( 'NONE', *, *, #1060, .T. ) ;
#181 = CARTESIAN_POINT ( 'NONE',  ( 9.999999999999994671, 10.00000000000000000, 20.00000000000001066 ) ) ;
#182 = PLANE ( 'NONE',  #2229 ) ;
#183 = EDGE_CURVE ( 'NONE', #1731, #874, #479, .T. ) ;
#184 = EDGE_CURVE ( 'NONE', #1488, #1431, #1418, .T. ) ;
#185 = ORIENTED_EDGE ( 'NONE', *, *, #2196, .F. ) ;
#186 = EDGE_CURVE ( 'NONE', #318, #1476, #1422, .T. ) ;
#187 = ORIENTED_EDGE ( 'NONE', *, *, #2132, .F. ) ;
#188 = LINE ( 'NONE', #1026, #1337 ) ;
#189 = DIRECTION ( 'NONE',  ( 0.000000000000000000, 1.000000000000000000, 2.478176394252581141E-16 ) ) ;
#190 = ORIENTED_EDGE ( 'NONE', *, *, #2237, .T. ) ;
#191 = CARTESIAN_POINT ( 'NONE',  ( -19.99999999999999645, 12.67766952966369587, 10.60660171779822036 ) ) ;
#192 = CARTESIAN_POINT ( 'NONE',  ( 5.000000000000000888, 25.00000000000000000, 31.00000000000000355 ) ) ;
#193 = LINE ( 'NONE', #1583, #24 ) ;
#194 = EDGE_LOOP ( 'NONE', ( #1090, #2034, #1358, #1438 ) ) ;
#195 = VERTEX_POINT ( 'NONE', #312 ) ;
#196 = CARTESIAN_POINT ( 'NONE',  ( -3.250000000000000000, 25.00000000000000000, 31.00000000000000355 ) ) ;
#197 = DIRECTION ( 'NONE',  ( 1.000000000000000000, 0.000000000000000000, -0.000000000000000000 ) ) ;
#198 = ORIENTED_EDGE ( 'NONE', *, *, #997, .F. ) ;
#199 = CYLINDRICAL_SURFACE ( 'NONE', #1207, 1.750000000000001554 ) ;
#200 = DIRECTION ( 'NONE',  ( 0.000000000000000000, 1.334402673828313093E-16, -1.000000000000000000 ) ) ;
#201 = AXIS2_PLACEMENT_3D ( 'NONE', #1454, #786, #407 ) ;
#202 = DIRECTION ( 'NONE',  ( 0.000000000000000000, -0.7071067811865474617, -0.7071067811865476838 ) ) ;
#203 = AXIS2_PLACEMENT_3D ( 'NONE', #249, #947, #78 ) ;
#204 = EDGE_LOOP ( 'NONE', ( #135, #38, #905, #2115 ) ) ;
#205 = VECTOR ( 'NONE', #928, 1000.000000000000114 ) ;
#206 = ORIENTED_EDGE ( 'NONE', *, *, #1344, .F. ) ;
#207 = CARTESIAN_POINT ( 'NONE',  ( 25.00000000000000000, 0.000000000000000000, -15.49999999999999467 ) ) ;
#208 = CARTESIAN_POINT ( 'NONE',  ( -8.749999999999998224, 25.00000000000000000, 4.987329993433320396E-15 ) ) ;
#209 = ADVANCED_FACE ( 'NONE', ( #1729 ), #659, .F. ) ;
#210 = ORIENTED_EDGE ( 'NONE', *, *, #425, .F. ) ;
#211 = CARTESIAN_POINT ( 'NONE',  ( -12.99999999999999645, 25.00000000000000000, 7.600000000000002309 ) ) ;
#212 = LINE ( 'NONE', #224, #549 ) ;
#213 = EDGE_CURVE ( 'NONE', #1308, #1504, #877, .T. ) ;
#214 = AXIS2_PLACEMENT_3D ( 'NONE', #1153, #1131, #1119 ) ;
#215 = FACE_OUTER_BOUND ( 'NONE', #1198, .T. ) ;
#216 = ORIENTED_EDGE ( 'NONE', *, *, #1811, .F. ) ;
#217 = ORIENTED_EDGE ( 'NONE', *, *, #540, .T. ) ;
#218 = DIRECTION ( 'NONE',  ( 0.000000000000000000, 0.7071067811865474617, 0.7071067811865476838 ) ) ;
#219 = FACE_OUTER_BOUND ( 'NONE', #1147, .T. ) ;
#220 = UNCERTAINTY_MEASURE_WITH_UNIT (LENGTH_MEASURE( 1.000000000000000082E-05 ), #2097, 'distance_accuracy_value', 'NONE');
#221 = ORIENTED_EDGE ( 'NONE', *, *, #1132, .F. ) ;
#222 = FACE_OUTER_BOUND ( 'NONE', #2098, .T. ) ;
#223 = ADVANCED_FACE ( 'NONE', ( #1876 ), #1338, .T. ) ;
#224 = CARTESIAN_POINT ( 'NONE',  ( 9.999999999999994671, 10.00000000000000000, 21.75000000000001776 ) ) ;
#225 = EDGE_CURVE ( 'NONE', #913, #1975, #1510, .T. ) ;
#226 = DIRECTION ( 'NONE',  ( 0.7071067811865435759, -0.7071067811865514585, 4.088782444488976131E-17 ) ) ;
#227 = EDGE_LOOP ( 'NONE', ( #660, #749, #1467, #445 ) ) ;
#228 = ORIENTED_EDGE ( 'NONE', *, *, #2182, .F. ) ;
#229 = DIRECTION ( 'NONE',  ( 0.000000000000000000, 0.000000000000000000, -1.000000000000000000 ) ) ;
#230 = CARTESIAN_POINT ( 'NONE',  ( 10.00000000000000533, 14.99999999999999289, 32.07106781186548261 ) ) ;
#231 = ORIENTED_EDGE ( 'NONE', *, *, #2020, .F. ) ;
#232 = FACE_OUTER_BOUND ( 'NONE', #303, .T. ) ;
#233 = CARTESIAN_POINT ( 'NONE',  ( 9.999999999999994671, 10.00000000000000000, 21.75000000000001776 ) ) ;
#234 = EDGE_CURVE ( 'NONE', #1618, #1831, #302, .T. ) ;
#235 = DIRECTION ( 'NONE',  ( 0.000000000000000000, -1.000000000000000000, -2.478176394252581141E-16 ) ) ;
#236 = STYLED_ITEM ( 'NONE', ( #489 ), #980 ) ;
#237 = EDGE_CURVE ( 'NONE', #334, #1752, #1698, .T. ) ;
#238 = CARTESIAN_POINT ( 'NONE',  ( 13.00000000000000178, 6.999999999999998224, 20.00000000000000711 ) ) ;
#239 = AXIS2_PLACEMENT_3D ( 'NONE', #1769, #1248, #1750 ) ;
#240 = VECTOR ( 'NONE', #1108, 1000.000000000000000 ) ;
#241 = VERTEX_POINT ( 'NONE', #124 ) ;
#242 = VECTOR ( 'NONE', #1967, 1000.000000000000000 ) ;
#243 = CIRCLE ( 'NONE', #611, 1.750000000000008438 ) ;
#244 = CYLINDRICAL_SURFACE ( 'NONE', #1116, 1.899999999999999911 ) ;
#245 = CARTESIAN_POINT ( 'NONE',  ( -19.99999999999999645, 14.02117241391813529, -9.263098833543777388 ) ) ;
#247 = ORIENTED_EDGE ( 'NONE', *, *, #266, .F. ) ;
#246 = VECTOR ( 'NONE', #1669, 1000.000000000000000 ) ;
#248 = CARTESIAN_POINT ( 'NONE',  ( 21.75000000000000355, 15.00000000000000000, -19.99999999999998934 ) ) ;
#249 = CARTESIAN_POINT ( 'NONE',  ( 13.00000000000000178, 25.00000000000000355, -2.255140518769848039E-15 ) ) ;
#250 = ADVANCED_FACE ( 'NONE', ( #2245 ), #1898, .F. ) ;
#251 = ADVANCED_FACE ( 'NONE', ( #1234 ), #823, .F. ) ;
#252 = DIRECTION ( 'NONE',  ( -1.000000000000000000, -0.000000000000000000, 1.734723475976807587E-16 ) ) ;
#253 = ORIENTED_EDGE ( 'NONE', *, *, #360, .F. ) ;
#254 = ADVANCED_FACE ( 'NONE', ( #546 ), #2116, .F. ) ;
#255 = EDGE_CURVE ( 'NONE', #1696, #777, #1728, .T. ) ;
#256 = ORIENTED_EDGE ( 'NONE', *, *, #1101, .F. ) ;
#257 = PLANE ( 'NONE',  #654 ) ;
#258 = LINE ( 'NONE', #1621, #1524 ) ;
#259 = ORIENTED_EDGE ( 'NONE', *, *, #468, .T. ) ;
#260 = CARTESIAN_POINT ( 'NONE',  ( -7.698836123903743278, 23.97594566791381610, 20.98096575699789312 ) ) ;
#261 = CARTESIAN_POINT ( 'NONE',  ( -17.99999999999999289, 7.000000000000000888, -15.49999999999999289 ) ) ;
#262 = EDGE_LOOP ( 'NONE', ( #957, #1619 ) ) ;
#263 = FACE_OUTER_BOUND ( 'NONE', #2243, .T. ) ;
#264 = DIRECTION ( 'NONE',  ( -0.000000000000000000, -1.000000000000000000, -0.000000000000000000 ) ) ;
#265 = ORIENTED_EDGE ( 'NONE', *, *, #543, .T. ) ;
#266 = EDGE_CURVE ( 'NONE', #1962, #1612, #2052, .T. ) ;
#267 = DIRECTION ( 'NONE',  ( 0.000000000000000000, 0.000000000000000000, 1.000000000000000000 ) ) ;
#268 = ORIENTED_EDGE ( 'NONE', *, *, #1951, .F. ) ;
#269 = CARTESIAN_POINT ( 'NONE',  ( -3.450157443695547332, 18.04207194221800847, 19.81488940744722171 ) ) ;
#270 = AXIS2_PLACEMENT_3D ( 'NONE', #504, #1217, #1382 ) ;
#271 = PLANE ( 'NONE',  #1717 ) ;
#272 = DIRECTION ( 'NONE',  ( 0.000000000000000000, 0.000000000000000000, -1.000000000000000000 ) ) ;
#273 = ORIENTED_EDGE ( 'NONE', *, *, #1314, .T. ) ;
#274 = FACE_OUTER_BOUND ( 'NONE', #2086, .T. ) ;
#275 = CARTESIAN_POINT ( 'NONE',  ( 25.00000000000000000, 0.000000000000000000, -15.49999999999999467 ) ) ;
#276 = VERTEX_POINT ( 'NONE', #1191 ) ;
#277 = AXIS2_PLACEMENT_3D ( 'NONE', #809, #1695, #846 ) ;
#278 = EDGE_CURVE ( 'NONE', #898, #111, #326, .T. ) ;
#279 = DIRECTION ( 'NONE',  ( -1.000000000000000000, 0.000000000000000000, 0.000000000000000000 ) ) ;
#280 = ORIENTED_EDGE ( 'NONE', *, *, #1299, .F. ) ;
#281 = CARTESIAN_POINT ( 'NONE',  ( -4.737276591905499323, 18.84543467878650702, 20.08007977924601661 ) ) ;
#282 = CIRCLE ( 'NONE', #1637, 1.750000000000001554 ) ;
#283 = CARTESIAN_POINT ( 'NONE',  ( -10.00000000000000178, 25.00000000000000000, 30.00000000000000711 ) ) ;
#284 = DIRECTION ( 'NONE',  ( 1.734723475976807094E-16, -0.000000000000000000, 1.000000000000000000 ) ) ;
#285 = ORIENTED_EDGE ( 'NONE', *, *, #2017, .F. ) ;
#286 = VECTOR ( 'NONE', #2050, 1000.000000000000000 ) ;
#287 = DIRECTION ( 'NONE',  ( 0.000000000000000000, -1.675832461991115304E-16, -1.000000000000000000 ) ) ;
#288 = DIRECTION ( 'NONE',  ( -0.7071067811865483499, -0.000000000000000000, 0.7071067811865466846 ) ) ;
#290 = ORIENTED_EDGE ( 'NONE', *, *, #1285, .F. ) ;
#289 = VECTOR ( 'NONE', #1676, 1000.000000000000000 ) ;
#291 = AXIS2_PLACEMENT_3D ( 'NONE', #714, #1941, #370 ) ;
#292 = CARTESIAN_POINT ( 'NONE',  ( 25.00000000000000000, 0.000000000000000000, -29.99999999999999289 ) ) ;
#293 = ORIENTED_EDGE ( 'NONE', *, *, #2130, .T. ) ;
#294 = CARTESIAN_POINT ( 'NONE',  ( -7.337569785375779752, 22.49241657726042121, 20.85120036489214002 ) ) ;
#295 = DIRECTION ( 'NONE',  ( -0.000000000000000000, -1.000000000000000000, -0.000000000000000000 ) ) ;
#296 = CARTESIAN_POINT ( 'NONE',  ( 26.00000000000001776, 25.00000000000000000, -25.99999999999995737 ) ) ;
#297 = ORIENTED_EDGE ( 'NONE', *, *, #543, .F. ) ;
#298 = EDGE_CURVE ( 'NONE', #1141, #1929, #1276, .T. ) ;
#299 = CARTESIAN_POINT ( 'NONE',  ( 17.00000000000000000, 25.00000000000000000, -6.000000000000003553 ) ) ;
#300 =( BOUNDED_CURVE ( )  B_SPLINE_CURVE ( 3, ( #541, #1404, #1553, #532 ),
 .UNSPECIFIED., .F., .T. ) 
 B_SPLINE_CURVE_WITH_KNOTS ( ( 4, 4 ),
 ( 0.000000000000000000, 3.141592653589793116 ),
 .UNSPECIFIED. ) 
 CURVE ( )  GEOMETRIC_REPRESENTATION_ITEM ( )  RATIONAL_B_SPLINE_CURVE ( ( 1.000000000000000000, 0.3333333333333333703, 0.3333333333333333703, 1.000000000000000000 ) ) 
 REPRESENTATION_ITEM ( '' )  );
#301 = EDGE_CURVE ( 'NONE', #1251, #1491, #1169, .T. ) ;
#302 = LINE ( 'NONE', #671, #1796 ) ;
#303 = EDGE_LOOP ( 'NONE', ( #1498, #1852, #397, #2180 ) ) ;
#304 = DIRECTION ( 'NONE',  ( 0.000000000000000000, -1.000000000000000000, 0.000000000000000000 ) ) ;
#305 = VERTEX_POINT ( 'NONE', #1078 ) ;
#306 = CARTESIAN_POINT ( 'NONE',  ( -6.957382537636214614, 21.54822539830834316, 20.71977410205220238 ) ) ;
#307 = DIRECTION ( 'NONE',  ( 0.7071067811865514585, -0.7071067811865435759, -9.435651794974556889E-17 ) ) ;
#308 = DIRECTION ( 'NONE',  ( -0.000000000000000000, -0.000000000000000000, -1.000000000000000000 ) ) ;
#309 = ORIENTED_EDGE ( 'NONE', *, *, #571, .T. ) ;
#310 = CYLINDRICAL_SURFACE ( 'NONE', #2079, 1.750000000000001554 ) ;
#311 = EDGE_CURVE ( 'NONE', #1742, #1797, #1052, .T. ) ;
#312 = CARTESIAN_POINT ( 'NONE',  ( -15.00000000000000711, 25.00000000000000000, 30.00000000000000711 ) ) ;
#313 = LINE ( 'NONE', #1123, #1628 ) ;
#314 = EDGE_CURVE ( 'NONE', #1591, #2094, #1354, .T. ) ;
#315 = EDGE_LOOP ( 'NONE', ( #1110, #1555, #1541, #886, #1155, #16, #617, #1903, #1968, #206, #1151, #909, #256, #1699, #1095, #1294 ) ) ;
#316 = LINE ( 'NONE', #1866, #1103 ) ;
#317 = AXIS2_PLACEMENT_3D ( 'NONE', #1409, #382, #1961 ) ;
#318 = VERTEX_POINT ( 'NONE', #248 ) ;
#319 = PLANE ( 'NONE',  #1016 ) ;
#320 = DIRECTION ( 'NONE',  ( 0.000000000000000000, -1.000000000000000000, 0.000000000000000000 ) ) ;
#321 = CARTESIAN_POINT ( 'NONE',  ( 17.00000000000000000, 25.00000000000000355, -2.949029909160571272E-15 ) ) ;
#322 = VECTOR ( 'NONE', #1070, 1000.000000000000000 ) ;
#323 = VERTEX_POINT ( 'NONE', #608 ) ;
#324 = AXIS2_PLACEMENT_3D ( 'NONE', #19, #1938, #677 ) ;
#325 = DIRECTION ( 'NONE',  ( 0.000000000000000000, -0.7071067811865473507, 0.7071067811865476838 ) ) ;
#326 = LINE ( 'NONE', #881, #1092 ) ;
#327 = CARTESIAN_POINT ( 'NONE',  ( -8.749999999999994671, 25.00000000000000000, 21.00000000000000355 ) ) ;
#328 = VERTEX_POINT ( 'NONE', #2161 ) ;
#329 = VERTEX_POINT ( 'NONE', #211 ) ;
#330 = CARTESIAN_POINT ( 'NONE',  ( -25.00000000000000000, 25.00000000000000000, -26.99999999999998224 ) ) ;
#331 = EDGE_CURVE ( 'NONE', #1891, #461, #2025, .T. ) ;
#332 = LINE ( 'NONE', #863, #1562 ) ;
#333 = CYLINDRICAL_SURFACE ( 'NONE', #581, 1.749999999999994671 ) ;
#334 = VERTEX_POINT ( 'NONE', #1969 ) ;
#335 = CARTESIAN_POINT ( 'NONE',  ( -20.00000000000000000, 15.00000000000000000, -19.99999999999998934 ) ) ;
#336 = SURFACE_STYLE_USAGE ( .BOTH. , #1664 ) ;
#337 =( BOUNDED_CURVE ( )  B_SPLINE_CURVE ( 3, ( #1273, #1076, #230, #401 ),
 .UNSPECIFIED., .F., .T. ) 
 B_SPLINE_CURVE_WITH_KNOTS ( ( 4, 4 ),
 ( 1.570796326794897002, 3.141592653589793116 ),
 .UNSPECIFIED. ) 
 CURVE ( )  GEOMETRIC_REPRESENTATION_ITEM ( )  RATIONAL_B_SPLINE_CURVE ( ( 1.000000000000000000, 0.8047378541243650485, 0.8047378541243650485, 1.000000000000000000 ) ) 
 REPRESENTATION_ITEM ( '' )  );
#338 = ORIENTED_EDGE ( 'NONE', *, *, #1104, .F. ) ;
#339 = ADVANCED_FACE ( 'NONE', ( #773 ), #1999, .F. ) ;
#340 = EDGE_LOOP ( 'NONE', ( #1138, #2203 ) ) ;
#341 = CARTESIAN_POINT ( 'NONE',  ( -16.19999999999999929, 25.00000000000000000, 20.24192641962565276 ) ) ;
#342 = CARTESIAN_POINT ( 'NONE',  ( 21.75000000000000355, 15.00000000000000000, -19.99999999999998934 ) ) ;
#343 = DIRECTION ( 'NONE',  ( -0.000000000000000000, -1.000000000000000000, -0.000000000000000000 ) ) ;
#344 = EDGE_CURVE ( 'NONE', #153, #1563, #910, .T. ) ;
#345 = ORIENTED_EDGE ( 'NONE', *, *, #2003, .F. ) ;
#346 = AXIS2_PLACEMENT_3D ( 'NONE', #1184, #1890, #2212 ) ;
#347 = LINE ( 'NONE', #705, #429 ) ;
#348 = CARTESIAN_POINT ( 'NONE',  ( -19.99999999999999645, 12.67766952966369587, -10.60660171779822036 ) ) ;
#349 = ORIENTED_EDGE ( 'NONE', *, *, #2143, .T. ) ;
#350 = ORIENTED_EDGE ( 'NONE', *, *, #1569, .T. ) ;
#351 = CARTESIAN_POINT ( 'NONE',  ( -19.99999999999999645, 25.00000000000000000, 25.61593795664341044 ) ) ;
#352 = ADVANCED_FACE ( 'NONE', ( #232 ), #199, .F. ) ;
#353 = ADVANCED_FACE ( 'NONE', ( #222 ), #2181, .F. ) ;
#354 = DIRECTION ( 'NONE',  ( -0.000000000000000000, -0.000000000000000000, 1.000000000000000000 ) ) ;
#355 = CIRCLE ( 'NONE', #464, 1.750000000000001554 ) ;
#356 = CARTESIAN_POINT ( 'NONE',  ( -10.00000000000000000, 15.00000000000000355, 35.00000000000000000 ) ) ;
#357 = EDGE_LOOP ( 'NONE', ( #1627, #1362, #1667, #1609 ) ) ;
#358 = PLANE ( 'NONE',  #1599 ) ;
#359 = AXIS2_PLACEMENT_3D ( 'NONE', #1028, #499, #1519 ) ;
#360 = EDGE_CURVE ( 'NONE', #1752, #992, #598, .T. ) ;
#361 = VECTOR ( 'NONE', #2179, 1000.000000000000000 ) ;
#362 = EDGE_CURVE ( 'NONE', #18, #992, #438, .T. ) ;
#363 = CARTESIAN_POINT ( 'NONE',  ( 9.999999999999998224, 0.000000000000000000, -19.99999999999998934 ) ) ;
#364 = AXIS2_PLACEMENT_3D ( 'NONE', #1031, #506, #163 ) ;
#365 = ORIENTED_EDGE ( 'NONE', *, *, #1571, .F. ) ;
#366 = ORIENTED_EDGE ( 'NONE', *, *, #168, .F. ) ;
#367 = LINE ( 'NONE', #1385, #1932 ) ;
#368 = PLANE ( 'NONE',  #2002 ) ;
#369 = EDGE_LOOP ( 'NONE', ( #573, #1741 ) ) ;
#370 = DIRECTION ( 'NONE',  ( 2.282530889443167515E-16, 0.000000000000000000, 1.000000000000000000 ) ) ;
#371 = DIRECTION ( 'NONE',  ( -1.000000000000000000, 0.000000000000000000, 1.734723475976807094E-16 ) ) ;
#372 = AXIS2_PLACEMENT_3D ( 'NONE', #1820, #413, #1791 ) ;
#373 = FACE_OUTER_BOUND ( 'NONE', #340, .T. ) ;
#374 = EDGE_CURVE ( 'NONE', #1216, #195, #1439, .T. ) ;
#375 = ORIENTED_EDGE ( 'NONE', *, *, #84, .T. ) ;
#376 = VERTEX_POINT ( 'NONE', #1959 ) ;
#377 = LINE ( 'NONE', #742, #2039 ) ;
#378 = CARTESIAN_POINT ( 'NONE',  ( 20.00000000000000000, 25.00000000000000000, -20.24192641962564565 ) ) ;
#379 = ORIENTED_EDGE ( 'NONE', *, *, #158, .T. ) ;
#380 = CARTESIAN_POINT ( 'NONE',  ( 0.000000000000000000, 25.00000000000000000, 18.00000000000000711 ) ) ;
#381 = DIRECTION ( 'NONE',  ( -0.000000000000000000, -0.000000000000000000, 1.000000000000000000 ) ) ;
#382 = DIRECTION ( 'NONE',  ( 0.000000000000000000, -1.000000000000000000, 0.000000000000000000 ) ) ;
#383 = ORIENTED_EDGE ( 'NONE', *, *, #458, .T. ) ;
#384 = EDGE_CURVE ( 'NONE', #408, #2221, #1989, .T. ) ;
#385 = EDGE_LOOP ( 'NONE', ( #1045, #2274 ) ) ;
#386 = CARTESIAN_POINT ( 'NONE',  ( 21.99999999999998579, 4.999999999999990230, -29.99999999999999289 ) ) ;
#387 = LINE ( 'NONE', #1788, #455 ) ;
#388 = VERTEX_POINT ( 'NONE', #2149 ) ;
#389 = CARTESIAN_POINT ( 'NONE',  ( 13.00000000000000355, 1.999999999999953149, 20.00000000000000711 ) ) ;
#390 = CARTESIAN_POINT ( 'NONE',  ( 7.750000000000000000, 25.00000000000000000, 18.00000000000000711 ) ) ;
#391 = DIRECTION ( 'NONE',  ( 0.000000000000000000, 0.7071067811865475727, -0.7071067811865475727 ) ) ;
#392 = AXIS2_PLACEMENT_3D ( 'NONE', #1928, #1027, #1756 ) ;
#393 = ORIENTED_EDGE ( 'NONE', *, *, #394, .T. ) ;
#394 = EDGE_CURVE ( 'NONE', #1431, #1246, #919, .T. ) ;
#395 = AXIS2_PLACEMENT_3D ( 'NONE', #595, #564, #1787 ) ;
#396 = EDGE_CURVE ( 'NONE', #1417, #627, #588, .T. ) ;
#397 = ORIENTED_EDGE ( 'NONE', *, *, #2152, .T. ) ;
#398 = ADVANCED_FACE ( 'NONE', ( #1275 ), #1623, .F. ) ;
#399 = CIRCLE ( 'NONE', #364, 1.750000000000001554 ) ;
#400 = CARTESIAN_POINT ( 'NONE',  ( 13.00000000000000355, 25.00000000000000000, 7.599999999999996092 ) ) ;
#401 = CARTESIAN_POINT ( 'NONE',  ( 10.00000000000000355, 15.00000000000000000, 35.00000000000000000 ) ) ;
#402 = ADVANCED_FACE ( 'NONE', ( #2023 ), #493, .T. ) ;
#403 = ORIENTED_EDGE ( 'NONE', *, *, #824, .F. ) ;
#404 = CARTESIAN_POINT ( 'NONE',  ( 20.00000000000000000, 27.19203102167829300, -27.80796897832170345 ) ) ;
#405 = DIRECTION ( 'NONE',  ( 0.000000000000000000, -0.7071067811865475727, -0.7071067811865475727 ) ) ;
#406 = VECTOR ( 'NONE', #995, 1000.000000000000114 ) ;
#407 = DIRECTION ( 'NONE',  ( 1.000000000000000000, 0.000000000000000000, 0.000000000000000000 ) ) ;
#408 = VERTEX_POINT ( 'NONE', #1832 ) ;
#409 = ORIENTED_EDGE ( 'NONE', *, *, #1886, .F. ) ;
#410 = CARTESIAN_POINT ( 'NONE',  ( 13.00000000000000178, 1.999999999999956257, -15.49999999999999467 ) ) ;
#411 = DIRECTION ( 'NONE',  ( 0.000000000000000000, 0.000000000000000000, -1.000000000000000000 ) ) ;
#412 = EDGE_LOOP ( 'NONE', ( #2022, #2176, #1134, #1874 ) ) ;
#413 = DIRECTION ( 'NONE',  ( -0.000000000000000000, -0.7071067811865474617, 0.7071067811865476838 ) ) ;
#414 = EDGE_CURVE ( 'NONE', #1434, #447, #1880, .T. ) ;
#415 = DIRECTION ( 'NONE',  ( 0.000000000000000000, -0.7071067811865474617, -0.7071067811865474617 ) ) ;
#416 = DIRECTION ( 'NONE',  ( -1.000000000000000000, -0.000000000000000000, -5.782411586589358625E-17 ) ) ;
#417 = DIRECTION ( 'NONE',  ( 1.734723475976807587E-16, -1.000000000000000000, -0.000000000000000000 ) ) ;
#418 = ORIENTED_EDGE ( 'NONE', *, *, #1715, .T. ) ;
#419 = PRODUCT_DEFINITION_FORMATION_WITH_SPECIFIED_SOURCE ( 'ANY', '', #68, .NOT_KNOWN. ) ;
#420 = FACE_OUTER_BOUND ( 'NONE', #750, .T. ) ;
#421 = DIRECTION ( 'NONE',  ( 0.000000000000000000, 0.000000000000000000, -1.000000000000000000 ) ) ;
#422 = ORIENTED_EDGE ( 'NONE', *, *, #801, .T. ) ;
#423 = DIRECTION ( 'NONE',  ( 0.000000000000000000, 0.000000000000000000, -1.000000000000000000 ) ) ;
#424 = LINE ( 'NONE', #1113, #788 ) ;
#425 = EDGE_CURVE ( 'NONE', #1351, #2018, #944, .T. ) ;
#426 = CARTESIAN_POINT ( 'NONE',  ( 20.00000000000000000, 15.00000000000000000, -19.99999999999998934 ) ) ;
#427 = CIRCLE ( 'NONE', #1707, 7.599999999999999645 ) ;
#428 = DIRECTION ( 'NONE',  ( 0.000000000000000000, 0.000000000000000000, 1.000000000000000000 ) ) ;
#429 = VECTOR ( 'NONE', #200, 1000.000000000000000 ) ;
#430 = AXIS2_PLACEMENT_3D ( 'NONE', #1459, #31, #605 ) ;
#431 = ORIENTED_EDGE ( 'NONE', *, *, #237, .T. ) ;
#432 = VECTOR ( 'NONE', #284, 1000.000000000000000 ) ;
#433 = VECTOR ( 'NONE', #1263, 1000.000000000000000 ) ;
#434 = DIRECTION ( 'NONE',  ( 0.000000000000000000, -1.000000000000000000, 0.000000000000000000 ) ) ;
#435 = CARTESIAN_POINT ( 'NONE',  ( -21.75000000000000355, 15.00000000000000000, -19.99999999999998934 ) ) ;
#437 = ORIENTED_EDGE ( 'NONE', *, *, #936, .F. ) ;
#436 = AXIS2_PLACEMENT_3D ( 'NONE', #702, #1927, #1765 ) ;
#438 = LINE ( 'NONE', #34, #1416 ) ;
#439 = CARTESIAN_POINT ( 'NONE',  ( -19.99999999999999645, 28.53553390593273420, -26.46446609406726225 ) ) ;
#440 = ORIENTED_EDGE ( 'NONE', *, *, #991, .F. ) ;
#441 = PLANE ( 'NONE',  #646 ) ;
#442 = AXIS2_PLACEMENT_3D ( 'NONE', #2043, #1768, #1778 ) ;
#443 = CARTESIAN_POINT ( 'NONE',  ( 15.00000000000000533, 15.00000000000000000, 30.00000000000000711 ) ) ;
#444 = AXIS2_PLACEMENT_3D ( 'NONE', #380, #889, #488 ) ;
#445 = ORIENTED_EDGE ( 'NONE', *, *, #314, .T. ) ;
#446 = PLANE ( 'NONE',  #1401 ) ;
#447 = VERTEX_POINT ( 'NONE', #1693 ) ;
#448 = DIRECTION ( 'NONE',  ( -0.000000000000000000, -0.000000000000000000, -1.000000000000000000 ) ) ;
#449 = PLANE ( 'NONE',  #436 ) ;
#450 = DIRECTION ( 'NONE',  ( -1.000000000000000000, 0.000000000000000000, 5.782411586589358625E-17 ) ) ;
#451 = ORIENTED_EDGE ( 'NONE', *, *, #73, .F. ) ;
#452 = CARTESIAN_POINT ( 'NONE',  ( -24.99999999999998934, 25.00000000000000000, 30.00000000000000711 ) ) ;
#453 = DIRECTION ( 'NONE',  ( -0.000000000000000000, -0.000000000000000000, -1.000000000000000000 ) ) ;
#454 = ORIENTED_EDGE ( 'NONE', *, *, #1257, .F. ) ;
#455 = VECTOR ( 'NONE', #1631, 1000.000000000000000 ) ;
#456 = DIRECTION ( 'NONE',  ( -0.000000000000000000, -0.000000000000000000, 1.000000000000000000 ) ) ;
#457 = ORIENTED_EDGE ( 'NONE', *, *, #994, .F. ) ;
#458 = EDGE_CURVE ( 'NONE', #1508, #2230, #1159, .T. ) ;
#459 = CARTESIAN_POINT ( 'NONE',  ( -7.750000000000001776, 24.48322311409235397, 21.00000000000001066 ) ) ;
#460 = LINE ( 'NONE', #1494, #872 ) ;
#461 = VERTEX_POINT ( 'NONE', #2214 ) ;
#462 = CARTESIAN_POINT ( 'NONE',  ( 0.000000000000000000, 25.00000000000000000, 0.000000000000000000 ) ) ;
#463 = DIRECTION ( 'NONE',  ( 0.000000000000000000, -0.7071067811865474617, -0.7071067811865476838 ) ) ;
#464 = AXIS2_PLACEMENT_3D ( 'NONE', #426, #2150, #69 ) ;
#465 = ORIENTED_EDGE ( 'NONE', *, *, #225, .T. ) ;
#466 = VECTOR ( 'NONE', #670, 1000.000000000000000 ) ;
#467 = DIRECTION ( 'NONE',  ( 1.000000000000000000, 0.000000000000000000, 0.000000000000000000 ) ) ;
#468 = EDGE_CURVE ( 'NONE', #195, #1431, #727, .T. ) ;
#469 = ORIENTED_EDGE ( 'NONE', *, *, #1990, .T. ) ;
#470 = CARTESIAN_POINT ( 'NONE',  ( 2.502875305904131320, 17.64749115006319968, 19.67191318018127433 ) ) ;
#471 = AXIS2_PLACEMENT_3D ( 'NONE', #855, #1602, #1386 ) ;
#472 =( GEOMETRIC_REPRESENTATION_CONTEXT ( 3 ) GLOBAL_UNCERTAINTY_ASSIGNED_CONTEXT ( ( #1719 ) ) GLOBAL_UNIT_ASSIGNED_CONTEXT ( ( #682, #792, #849 ) ) REPRESENTATION_CONTEXT ( 'NONE', 'WORKASPACE' ) );
#473 = FACE_BOUND ( 'NONE', #1915, .T. ) ;
#474 = CARTESIAN_POINT ( 'NONE',  ( -21.99999999999998579, 4.999999999999990230, -29.99999999999999289 ) ) ;
#475 = EDGE_CURVE ( 'NONE', #1051, #329, #514, .T. ) ;
#476 = VECTOR ( 'NONE', #566, 1000.000000000000000 ) ;
#477 = ORIENTED_EDGE ( 'NONE', *, *, #311, .T. ) ;
#478 = DIRECTION ( 'NONE',  ( -1.000000000000000000, 0.000000000000000000, 0.000000000000000000 ) ) ;
#479 = LINE ( 'NONE', #1069, #2240 ) ;
#480 = EDGE_LOOP ( 'NONE', ( #2045, #1767, #572, #2146 ) ) ;
#481 = DIRECTION ( 'NONE',  ( 0.000000000000000000, 0.000000000000000000, -1.000000000000000000 ) ) ;
#482 = EDGE_LOOP ( 'NONE', ( #623, #1764 ) ) ;
#483 = CARTESIAN_POINT ( 'NONE',  ( 7.750000000000000000, 25.00000000000000000, 21.00000000000000355 ) ) ;
#484 = LINE ( 'NONE', #2024, #1825 ) ;
#485 = CARTESIAN_POINT ( 'NONE',  ( 0.000000000000000000, 25.00000000000000000, 26.00000000000000711 ) ) ;
#486 = EDGE_LOOP ( 'NONE', ( #2038, #894, #157, #151 ) ) ;
#487 = LINE ( 'NONE', #559, #2000 ) ;
#488 = DIRECTION ( 'NONE',  ( 1.000000000000000000, 0.000000000000000000, 0.000000000000000000 ) ) ;
#489 = PRESENTATION_STYLE_ASSIGNMENT (( #336 ) ) ;
#490 = ORIENTED_EDGE ( 'NONE', *, *, #384, .F. ) ;
#491 = DIRECTION ( 'NONE',  ( 0.000000000000000000, 0.000000000000000000, 1.000000000000000000 ) ) ;
#492 = EDGE_LOOP ( 'NONE', ( #2160, #1884 ) ) ;
#493 = PLANE ( 'NONE',  #1638 ) ;
#494 = VECTOR ( 'NONE', #1050, 1000.000000000000000 ) ;
#495 = DIRECTION ( 'NONE',  ( 1.000000000000000000, 0.000000000000000000, -1.734723475976807094E-16 ) ) ;
#496 = CARTESIAN_POINT ( 'NONE',  ( 13.00000000000000000, 25.00000000000000000, -7.600000000000002309 ) ) ;
#497 = EDGE_CURVE ( 'NONE', #1758, #1271, #1904, .T. ) ;
#498 = ORIENTED_EDGE ( 'NONE', *, *, #2003, .T. ) ;
#499 = DIRECTION ( 'NONE',  ( -1.000000000000000000, -0.000000000000000000, 1.734723475976807094E-16 ) ) ;
#500 = DIRECTION ( 'NONE',  ( 0.000000000000000000, 0.000000000000000000, -1.000000000000000000 ) ) ;
#501 = LINE ( 'NONE', #778, #931 ) ;
#502 = EDGE_CURVE ( 'NONE', #18, #913, #1542, .T. ) ;
#503 = ORIENTED_EDGE ( 'NONE', *, *, #1883, .F. ) ;
#504 = CARTESIAN_POINT ( 'NONE',  ( 0.000000000000000000, 0.000000000000000000, 0.000000000000000000 ) ) ;
#505 = EDGE_LOOP ( 'NONE', ( #1259, #1392, #393, #2058, #1435, #1024 ) ) ;
#506 = DIRECTION ( 'NONE',  ( 0.000000000000000000, -1.000000000000000000, 0.000000000000000000 ) ) ;
#507 = VECTOR ( 'NONE', #1333, 1000.000000000000000 ) ;
#508 = VECTOR ( 'NONE', #1394, 1000.000000000000000 ) ;
#509 = CARTESIAN_POINT ( 'NONE',  ( -20.00000000000000000, 15.00000000000000000, -29.99999999999999289 ) ) ;
#510 = DIRECTION ( 'NONE',  ( -0.000000000000000000, -1.000000000000000000, -0.000000000000000000 ) ) ;
#511 = VECTOR ( 'NONE', #287, 1000.000000000000000 ) ;
#512 = VERTEX_POINT ( 'NONE', #1734 ) ;
#513 = DIRECTION ( 'NONE',  ( 1.000000000000000000, 0.000000000000000000, -1.734723475976807094E-16 ) ) ;
#514 = CIRCLE ( 'NONE', #1304, 7.599999999999999645 ) ;
#515 = ADVANCED_FACE ( 'NONE', ( #1199 ), #1916, .F. ) ;
#516 = DIRECTION ( 'NONE',  ( -1.000000000000000000, 0.000000000000000000, 1.734723475976807094E-16 ) ) ;
#517 = VERTEX_POINT ( 'NONE', #2260 ) ;
#518 = EDGE_CURVE ( 'NONE', #2217, #842, #1202, .T. ) ;
#519 = SHAPE_DEFINITION_REPRESENTATION ( #569, #1120 ) ;
#520 = ORIENTED_EDGE ( 'NONE', *, *, #2155, .F. ) ;
#521 = CARTESIAN_POINT ( 'NONE',  ( -16.19999999999999929, 25.00000000000000000, 25.61593795664341044 ) ) ;
#522 = PLANE ( 'NONE',  #1600 ) ;
#523 = CARTESIAN_POINT ( 'NONE',  ( 8.750000000000005329, 25.00000000000000000, 7.599999999999997868 ) ) ;
#524 = EDGE_LOOP ( 'NONE', ( #1369, #760, #614, #2076 ) ) ;
#525 = PLANE ( 'NONE',  #1634 ) ;
#526 = CARTESIAN_POINT ( 'NONE',  ( -25.00000000000000000, 0.000000000000000000, -29.99999999999999289 ) ) ;
#527 = ORIENTED_EDGE ( 'NONE', *, *, #184, .F. ) ;
#528 = EDGE_CURVE ( 'NONE', #1022, #334, #2250, .T. ) ;
#529 = ADVANCED_FACE ( 'NONE', ( #154 ), #319, .T. ) ;
#530 = ORIENTED_EDGE ( 'NONE', *, *, #991, .T. ) ;
#531 = CARTESIAN_POINT ( 'NONE',  ( 20.00000000000000000, 12.67766952966369587, 10.60660171779822036 ) ) ;
#532 = CARTESIAN_POINT ( 'NONE',  ( 20.00000000000000000, 25.00000000000000000, 25.61593795664341044 ) ) ;
#533 = DIRECTION ( 'NONE',  ( 1.000000000000000000, 0.000000000000000000, -0.000000000000000000 ) ) ;
#534 = ORIENTED_EDGE ( 'NONE', *, *, #1557, .F. ) ;
#535 = EDGE_CURVE ( 'NONE', #673, #1834, #1346, .T. ) ;
#536 = DIRECTION ( 'NONE',  ( 0.000000000000000000, 0.000000000000000000, -1.000000000000000000 ) ) ;
#537 = LINE ( 'NONE', #739, #1525 ) ;
#538 = EDGE_LOOP ( 'NONE', ( #228, #1177, #57, #1107 ) ) ;
#539 = ORIENTED_EDGE ( 'NONE', *, *, #1274, .F. ) ;
#540 = EDGE_CURVE ( 'NONE', #1305, #1086, #1871, .T. ) ;
#541 = CARTESIAN_POINT ( 'NONE',  ( 20.00000000000000000, 25.00000000000000000, 20.24192641962564565 ) ) ;
#542 = VECTOR ( 'NONE', #1398, 1000.000000000000000 ) ;
#543 = EDGE_CURVE ( 'NONE', #1815, #1797, #676, .T. ) ;
#544 = LINE ( 'NONE', #1230, #866 ) ;
#545 = ORIENTED_EDGE ( 'NONE', *, *, #1808, .F. ) ;
#546 = FACE_OUTER_BOUND ( 'NONE', #965, .T. ) ;
#547 = CIRCLE ( 'NONE', #201, 5.000000000000000888 ) ;
#548 = DIRECTION ( 'NONE',  ( 0.000000000000000000, -0.7071067811865475727, -0.7071067811865475727 ) ) ;
#549 = VECTOR ( 'NONE', #1833, 1000.000000000000000 ) ;
#550 = AXIS2_PLACEMENT_3D ( 'NONE', #1109, #2158, #1957 ) ;
#551 = DIRECTION ( 'NONE',  ( 0.000000000000000000, 1.000000000000000000, 0.000000000000000000 ) ) ;
#552 = AXIS2_PLACEMENT_3D ( 'NONE', #1682, #320, #1149 ) ;
#553 = VERTEX_POINT ( 'NONE', #1754 ) ;
#554 = VERTEX_POINT ( 'NONE', #1577 ) ;
#555 = PLANE ( 'NONE',  #649 ) ;
#556 = CARTESIAN_POINT ( 'NONE',  ( 9.999999999999994671, 10.00000000000000000, 20.00000000000001066 ) ) ;
#557 = ORIENTED_EDGE ( 'NONE', *, *, #1689, .F. ) ;
#558 = CARTESIAN_POINT ( 'NONE',  ( -22.99999999999999645, 3.999999999999985345, -28.99999999999998579 ) ) ;
#559 = CARTESIAN_POINT ( 'NONE',  ( 25.00000000000001066, 25.00000000000000000, 5.999999999999996447 ) ) ;
#560 = EDGE_CURVE ( 'NONE', #1099, #892, #399, .T. ) ;
#561 = LINE ( 'NONE', #1606, #1896 ) ;
#562 = VERTEX_POINT ( 'NONE', #1907 ) ;
#563 = ORIENTED_EDGE ( 'NONE', *, *, #1445, .F. ) ;
#564 = DIRECTION ( 'NONE',  ( -1.000000000000000000, -0.000000000000000000, 1.734723475976807094E-16 ) ) ;
#565 = DIRECTION ( 'NONE',  ( 1.000000000000000000, -0.000000000000000000, -5.782411586589358625E-17 ) ) ;
#566 = DIRECTION ( 'NONE',  ( 1.000000000000000000, 0.000000000000000000, 0.000000000000000000 ) ) ;
#567 = DIRECTION ( 'NONE',  ( 1.000000000000000000, 0.000000000000000000, 0.000000000000000000 ) ) ;
#568 = EDGE_CURVE ( 'NONE', #842, #96, #1677, .T. ) ;
#569 = PRODUCT_DEFINITION_SHAPE ( 'NONE', 'NONE',  #1782 ) ;
#570 = LINE ( 'NONE', #1780, #1596 ) ;
#571 = EDGE_CURVE ( 'NONE', #241, #954, #2100, .T. ) ;
#572 = ORIENTED_EDGE ( 'NONE', *, *, #1639, .T. ) ;
#573 = ORIENTED_EDGE ( 'NONE', *, *, #1193, .T. ) ;
#574 = DIRECTION ( 'NONE',  ( 0.000000000000000000, -0.7071067811865474617, -0.7071067811865474617 ) ) ;
#575 = DIRECTION ( 'NONE',  ( 1.734723475976807094E-16, 0.000000000000000000, 1.000000000000000000 ) ) ;
#576 = ORIENTED_EDGE ( 'NONE', *, *, #2078, .T. ) ;
#577 = CARTESIAN_POINT ( 'NONE',  ( -10.00000000000000178, 25.00000000000000000, 35.00000000000000000 ) ) ;
#578 = CARTESIAN_POINT ( 'NONE',  ( -19.99999999999999645, 25.00000000000000000, 25.61593795664341044 ) ) ;
#579 = VECTOR ( 'NONE', #983, 1000.000000000000000 ) ;
#580 = CARTESIAN_POINT ( 'NONE',  ( -25.00000000000000000, 4.999999999999990230, -29.99999999999999289 ) ) ;
#581 = AXIS2_PLACEMENT_3D ( 'NONE', #1414, #343, #703 ) ;
#582 = ORIENTED_EDGE ( 'NONE', *, *, #1009, .T. ) ;
#583 = AXIS2_PLACEMENT_3D ( 'NONE', #1436, #1620, #770 ) ;
#584 = EDGE_CURVE ( 'NONE', #1426, #2238, #710, .T. ) ;
#585 = EDGE_LOOP ( 'NONE', ( #1280, #167, #1910, #187 ) ) ;
#586 = DIRECTION ( 'NONE',  ( -0.000000000000000000, -0.7071067811865474617, 0.7071067811865476838 ) ) ;
#587 = ORIENTED_EDGE ( 'NONE', *, *, #1390, .T. ) ;
#588 = LINE ( 'NONE', #404, #2044 ) ;
#589 = DIRECTION ( 'NONE',  ( -3.469446951953614189E-16, -1.000000000000000000, 0.000000000000000000 ) ) ;
#590 = AXIS2_PLACEMENT_3D ( 'NONE', #946, #1111, #1633 ) ;
#591 = CARTESIAN_POINT ( 'NONE',  ( -15.00000000000000000, 10.00000000000000178, 30.00000000000000711 ) ) ;
#592 = CARTESIAN_POINT ( 'NONE',  ( 13.00000000000000178, 0.000000000000000000, 20.00000000000000711 ) ) ;
#593 = EDGE_CURVE ( 'NONE', #1731, #719, #989, .T. ) ;
#594 = ORIENTED_EDGE ( 'NONE', *, *, #183, .F. ) ;
#595 = CARTESIAN_POINT ( 'NONE',  ( 25.00000000000001066, 25.00000000000000355, -4.336808689942018525E-15 ) ) ;
#596 = CARTESIAN_POINT ( 'NONE',  ( 9.999999999999994671, 0.000000000000000000, 20.00000000000001066 ) ) ;
#597 = ORIENTED_EDGE ( 'NONE', *, *, #1721, .F. ) ;
#598 = LINE ( 'NONE', #43, #1156 ) ;
#599 = CARTESIAN_POINT ( 'NONE',  ( -10.00000000000000178, 10.00000000000000000, 21.75000000000001066 ) ) ;
#600 = EDGE_CURVE ( 'NONE', #276, #1692, #460, .T. ) ;
#601 = DIRECTION ( 'NONE',  ( 1.226634733346701529E-16, -0.7071067811865460184, 0.7071067811865489050 ) ) ;
#602 = CARTESIAN_POINT ( 'NONE',  ( 9.999999999999998224, 10.00000000000000000, -19.99999999999998934 ) ) ;
#603 = CIRCLE ( 'NONE', #2178, 1.750000000000001554 ) ;
#604 = ORIENTED_EDGE ( 'NONE', *, *, #278, .T. ) ;
#605 = DIRECTION ( 'NONE',  ( -1.000000000000000000, 0.000000000000000000, 0.000000000000000000 ) ) ;
#606 = LINE ( 'NONE', #929, #1772 ) ;
#607 = ORIENTED_EDGE ( 'NONE', *, *, #1250, .F. ) ;
#608 = CARTESIAN_POINT ( 'NONE',  ( 25.00000000000000000, 6.999999999999998224, 20.00000000000000711 ) ) ;
#609 = CARTESIAN_POINT ( 'NONE',  ( 25.00000000000001066, 25.00000000000000000, 5.999999999999996447 ) ) ;
#610 = EDGE_CURVE ( 'NONE', #1324, #1423, #694, .T. ) ;
#611 = AXIS2_PLACEMENT_3D ( 'NONE', #1996, #434, #1829 ) ;
#612 = CARTESIAN_POINT ( 'NONE',  ( 20.00000000000000000, 27.19203102167830011, 27.80796897832171055 ) ) ;
#613 = CIRCLE ( 'NONE', #933, 7.750000000000000000 ) ;
#614 = ORIENTED_EDGE ( 'NONE', *, *, #1616, .T. ) ;
#615 = LINE ( 'NONE', #695, #831 ) ;
#616 = FACE_OUTER_BOUND ( 'NONE', #1478, .T. ) ;
#617 = ORIENTED_EDGE ( 'NONE', *, *, #2020, .T. ) ;
#618 = CARTESIAN_POINT ( 'NONE',  ( 20.00000000000000000, 12.67766952966369587, 10.60660171779822036 ) ) ;
#619 = CARTESIAN_POINT ( 'NONE',  ( -19.99999999999999645, 27.19203102167829300, -27.80796897832170345 ) ) ;
#620 = ORIENTED_EDGE ( 'NONE', *, *, #964, .F. ) ;
#621 = DIRECTION ( 'NONE',  ( 0.7071067811865514585, 0.7071067811865435759, 9.435651794974556889E-17 ) ) ;
#622 = ADVANCED_FACE ( 'NONE', ( #1515 ), #120, .F. ) ;
#623 = ORIENTED_EDGE ( 'NONE', *, *, #693, .F. ) ;
#624 = ORIENTED_EDGE ( 'NONE', *, *, #84, .F. ) ;
#625 = DIRECTION ( 'NONE',  ( 0.000000000000000000, 1.000000000000000000, 0.000000000000000000 ) ) ;
#626 = DIRECTION ( 'NONE',  ( 0.000000000000000000, 0.000000000000000000, -1.000000000000000000 ) ) ;
#627 = VERTEX_POINT ( 'NONE', #819 ) ;
#628 = CARTESIAN_POINT ( 'NONE',  ( 3.891817056496010174, 18.27924467207211734, 19.89767706266991354 ) ) ;
#629 = LINE ( 'NONE', #655, #1527 ) ;
#630 = DIRECTION ( 'NONE',  ( 0.000000000000000000, 0.000000000000000000, 1.000000000000000000 ) ) ;
#631 = EDGE_LOOP ( 'NONE', ( #1945, #604, #1714, #534 ) ) ;
#632 = CARTESIAN_POINT ( 'NONE',  ( -25.00000000000000000, 0.000000000000000000, -29.99999999999999289 ) ) ;
#633 = CARTESIAN_POINT ( 'NONE',  ( 23.79999999999999716, 25.00000000000000000, -20.24192641962565276 ) ) ;
#634 = EDGE_CURVE ( 'NONE', #1099, #1324, #1854, .T. ) ;
#635 = ORIENTED_EDGE ( 'NONE', *, *, #922, .T. ) ;
#636 = CIRCLE ( 'NONE', #1773, 5.000000000000000888 ) ;
#637 = ADVANCED_FACE ( 'NONE', ( #979 ), #271, .T. ) ;
#638 = EDGE_CURVE ( 'NONE', #2018, #1598, #629, .T. ) ;
#639 = ORIENTED_EDGE ( 'NONE', *, *, #1571, .T. ) ;
#640 = CARTESIAN_POINT ( 'NONE',  ( 6.150802920991103484, 20.25827082095294784, 20.46212608964722790 ) ) ;
#641 = CARTESIAN_POINT ( 'NONE',  ( 0.000000000000000000, 25.00000000000000000, 26.00000000000000711 ) ) ;
#642 = DIRECTION ( 'NONE',  ( -0.000000000000000000, -1.000000000000000000, -0.000000000000000000 ) ) ;
#643 = EDGE_LOOP ( 'NONE', ( #1774, #545, #265, #1706 ) ) ;
#644 = DIRECTION ( 'NONE',  ( -1.000000000000000000, 0.000000000000000000, 0.000000000000000000 ) ) ;
#645 = DIRECTION ( 'NONE',  ( 0.000000000000000000, 1.000000000000000000, 0.000000000000000000 ) ) ;
#646 = AXIS2_PLACEMENT_3D ( 'NONE', #1441, #621, #1826 ) ;
#647 = ORIENTED_EDGE ( 'NONE', *, *, #1685, .T. ) ;
#648 = EDGE_CURVE ( 'NONE', #1567, #821, #2036, .T. ) ;
#649 = AXIS2_PLACEMENT_3D ( 'NONE', #1042, #178, #878 ) ;
#650 = CARTESIAN_POINT ( 'NONE',  ( 20.00000000000000000, 25.00000000000000000, 25.61593795664341044 ) ) ;
#651 = ORIENTED_EDGE ( 'NONE', *, *, #2196, .T. ) ;
#652 = CARTESIAN_POINT ( 'NONE',  ( -1.025519719278851438, 17.30117016861739998, 19.53815955635018753 ) ) ;
#653 = AXIS2_PLACEMENT_3D ( 'NONE', #2148, #764, #575 ) ;
#654 = AXIS2_PLACEMENT_3D ( 'NONE', #1306, #1355, #1912 ) ;
#655 = CARTESIAN_POINT ( 'NONE',  ( 8.750000000000007105, 25.00000000000000000, 21.00000000000000355 ) ) ;
#656 = CARTESIAN_POINT ( 'NONE',  ( 17.00000000000000000, 25.00000000000000000, 5.999999999999998224 ) ) ;
#657 = VERTEX_POINT ( 'NONE', #2205 ) ;
#658 = CARTESIAN_POINT ( 'NONE',  ( 20.00000000000000000, 25.00000000000000000, -25.61593795664341044 ) ) ;
#659 = CYLINDRICAL_SURFACE ( 'NONE', #1648, 21.00000000000000000 ) ;
#660 = ORIENTED_EDGE ( 'NONE', *, *, #1427, .F. ) ;
#661 = EDGE_CURVE ( 'NONE', #241, #153, #1319, .T. ) ;
#662 = DIRECTION ( 'NONE',  ( -1.000000000000000000, -0.000000000000000000, 1.734723475976807587E-16 ) ) ;
#663 = ORIENTED_EDGE ( 'NONE', *, *, #314, .F. ) ;
#664 = CARTESIAN_POINT ( 'NONE',  ( 5.110726118428091880, 19.16846463143880541, 20.17476507629404026 ) ) ;
#665 = CARTESIAN_POINT ( 'NONE',  ( -19.99999999999999645, 25.00000000000000000, -25.61593795664341044 ) ) ;
#666 = CARTESIAN_POINT ( 'NONE',  ( -10.00000000000000178, 0.000000000000000000, -21.74999999999999289 ) ) ;
#667 = ORIENTED_EDGE ( 'NONE', *, *, #1162, .T. ) ;
#668 = ADVANCED_FACE ( 'NONE', ( #1003, #1893, #473, #797, #833 ), #1163, .F. ) ;
#669 = EDGE_CURVE ( 'NONE', #76, #1618, #484, .T. ) ;
#670 = DIRECTION ( 'NONE',  ( 1.734723475976807094E-16, 0.000000000000000000, 1.000000000000000000 ) ) ;
#671 = CARTESIAN_POINT ( 'NONE',  ( -13.00000000000000178, 7.000000000000000888, -15.49999999999999289 ) ) ;
#672 = LINE ( 'NONE', #1366, #1192 ) ;
#673 = VERTEX_POINT ( 'NONE', #87 ) ;
#674 = CIRCLE ( 'NONE', #2066, 1.750000000000001554 ) ;
#675 = ORIENTED_EDGE ( 'NONE', *, *, #1808, .T. ) ;
#676 = LINE ( 'NONE', #1743, #1342 ) ;
#677 = DIRECTION ( 'NONE',  ( 0.000000000000000000, 0.000000000000000000, -1.000000000000000000 ) ) ;
#678 = CARTESIAN_POINT ( 'NONE',  ( -10.00000000000000178, 25.00000000000000000, 35.00000000000000000 ) ) ;
#679 = ORIENTED_EDGE ( 'NONE', *, *, #762, .F. ) ;
#680 = EDGE_CURVE ( 'NONE', #2230, #1508, #2125, .T. ) ;
#681 = CARTESIAN_POINT ( 'NONE',  ( -24.99999999999999645, 25.00000000000000000, -13.99999999999999822 ) ) ;
#682 =( LENGTH_UNIT ( ) NAMED_UNIT ( * ) SI_UNIT ( .MILLI., .METRE. ) );
#683 = ORIENTED_EDGE ( 'NONE', *, *, #360, .T. ) ;
#684 = DIRECTION ( 'NONE',  ( 0.000000000000000000, -1.000000000000000000, 0.000000000000000000 ) ) ;
#685 = VERTEX_POINT ( 'NONE', #783 ) ;
#686 = CARTESIAN_POINT ( 'NONE',  ( -10.00000000000000178, 10.00000000000000000, -19.99999999999998934 ) ) ;
#687 = DIRECTION ( 'NONE',  ( 1.000000000000000000, 0.000000000000000000, 0.000000000000000000 ) ) ;
#688 = FACE_OUTER_BOUND ( 'NONE', #643, .T. ) ;
#689 = VECTOR ( 'NONE', #731, 1000.000000000000000 ) ;
#690 = VERTEX_POINT ( 'NONE', #1881 ) ;
#691 = CIRCLE ( 'NONE', #2121, 1.750000000000001554 ) ;
#692 = CARTESIAN_POINT ( 'NONE',  ( 13.00000000000000178, 7.000000000000000000, 7.000000000000006217 ) ) ;
#693 = EDGE_CURVE ( 'NONE', #461, #1891, #2107, .T. ) ;
#694 = CIRCLE ( 'NONE', #552, 1.750000000000001554 ) ;
#695 = CARTESIAN_POINT ( 'NONE',  ( -25.00000000000000000, 7.000000000000000888, -15.49999999999999289 ) ) ;
#696 = ORIENTED_EDGE ( 'NONE', *, *, #994, .T. ) ;
#697 = EDGE_CURVE ( 'NONE', #461, #1591, #2241, .T. ) ;
#698 = CARTESIAN_POINT ( 'NONE',  ( 20.00000000000000000, 25.00000000000000000, 20.24192641962564565 ) ) ;
#699 = CIRCLE ( 'NONE', #839, 5.000000000000000888 ) ;
#700 = EDGE_LOOP ( 'NONE', ( #102, #717, #2200, #1388 ) ) ;
#701 = DIRECTION ( 'NONE',  ( -0.000000000000000000, -1.000000000000000000, -0.000000000000000000 ) ) ;
#702 = CARTESIAN_POINT ( 'NONE',  ( 13.00000000000000178, 0.000000000000000000, -15.49999999999999467 ) ) ;
#703 = DIRECTION ( 'NONE',  ( 0.000000000000000000, 0.000000000000000000, -1.000000000000000000 ) ) ;
#704 = EDGE_LOOP ( 'NONE', ( #780, #465, #2027, #2124, #290, #431 ) ) ;
#705 = CARTESIAN_POINT ( 'NONE',  ( -13.00000000000000178, 1.999999999999952704, 9.607699251563792933E-16 ) ) ;
#706 = DIRECTION ( 'NONE',  ( 1.734723475976807094E-16, 0.000000000000000000, 1.000000000000000000 ) ) ;
#707 = ORIENTED_EDGE ( 'NONE', *, *, #1285, .T. ) ;
#708 = ADVANCED_FACE ( 'NONE', ( #2012 ), #449, .F. ) ;
#709 = ORIENTED_EDGE ( 'NONE', *, *, #1085, .T. ) ;
#710 = LINE ( 'NONE', #1703, #1237 ) ;
#711 = CARTESIAN_POINT ( 'NONE',  ( 9.999999999999994671, 10.00000000000000000, 18.25000000000000355 ) ) ;
#712 = DIRECTION ( 'NONE',  ( 2.282530889443167515E-16, 0.000000000000000000, 1.000000000000000000 ) ) ;
#713 = ORIENTED_EDGE ( 'NONE', *, *, #1811, .T. ) ;
#714 = CARTESIAN_POINT ( 'NONE',  ( 8.750000000000003553, 25.00000000000000355, -1.517883041479706602E-15 ) ) ;
#715 = CARTESIAN_POINT ( 'NONE',  ( 25.00000000000000000, 25.00000000000000000, -29.99999999999999289 ) ) ;
#716 = DIRECTION ( 'NONE',  ( 0.000000000000000000, 0.7071067811865474617, -0.7071067811865476838 ) ) ;
#717 = ORIENTED_EDGE ( 'NONE', *, *, #2155, .T. ) ;
#718 = ADVANCED_FACE ( 'NONE', ( #2074 ), #147, .F. ) ;
#719 = VERTEX_POINT ( 'NONE', #1211 ) ;
#720 = DIRECTION ( 'NONE',  ( 0.000000000000000000, 0.000000000000000000, -1.000000000000000000 ) ) ;
#721 = EDGE_LOOP ( 'NONE', ( #1771, #2134, #160, #93 ) ) ;
#722 = CARTESIAN_POINT ( 'NONE',  ( 17.00000000000000000, 25.00000000000000355, -14.00000000000000533 ) ) ;
#723 = FACE_BOUND ( 'NONE', #888, .T. ) ;
#724 = VECTOR ( 'NONE', #2001, 1000.000000000000000 ) ;
#725 = VECTOR ( 'NONE', #189, 1000.000000000000000 ) ;
#726 = CARTESIAN_POINT ( 'NONE',  ( -10.00000000000000178, 10.00000000000000000, 18.25000000000001066 ) ) ;
#727 = CIRCLE ( 'NONE', #1048, 4.999999999999997335 ) ;
#728 = ORIENTED_EDGE ( 'NONE', *, *, #1837, .T. ) ;
#729 = EDGE_LOOP ( 'NONE', ( #90, #1356, #345, #1603 ) ) ;
#730 = DIRECTION ( 'NONE',  ( -1.734723475976806848E-16, 1.000000000000000000, -0.000000000000000000 ) ) ;
#731 = DIRECTION ( 'NONE',  ( 1.000000000000000000, -1.734723475976806848E-16, 0.000000000000000000 ) ) ;
#732 = EDGE_LOOP ( 'NONE', ( #309, #1347, #1312, #2071 ) ) ;
#733 = DIRECTION ( 'NONE',  ( -0.000000000000000000, 1.000000000000000000, 0.000000000000000000 ) ) ;
#734 = ADVANCED_FACE ( 'NONE', ( #1755 ), #555, .F. ) ;
#735 = EDGE_CURVE ( 'NONE', #1351, #1567, #188, .T. ) ;
#736 = CARTESIAN_POINT ( 'NONE',  ( 18.25000000000000000, 15.00000000000000000, -19.99999999999998934 ) ) ;
#737 = EDGE_CURVE ( 'NONE', #690, #1379, #367, .T. ) ;
#738 = EDGE_CURVE ( 'NONE', #1379, #195, #1578, .T. ) ;
#739 = CARTESIAN_POINT ( 'NONE',  ( 0.000000000000000000, 25.00000000000000000, 26.00000000000000711 ) ) ;
#740 = VERTEX_POINT ( 'NONE', #2088 ) ;
#741 = ORIENTED_EDGE ( 'NONE', *, *, #1179, .F. ) ;
#742 = CARTESIAN_POINT ( 'NONE',  ( 10.00000000000000178, 25.00000000000000000, 35.00000000000000000 ) ) ;
#743 = LINE ( 'NONE', #1806, #242 ) ;
#744 = DIRECTION ( 'NONE',  ( 0.7071067811865435759, 0.7071067811865515695, -4.088782444488976131E-17 ) ) ;
#745 = CYLINDRICAL_SURFACE ( 'NONE', #827, 1.750000000000008438 ) ;
#746 = VECTOR ( 'NONE', #1158, 1000.000000000000000 ) ;
#747 = DIRECTION ( 'NONE',  ( 0.000000000000000000, 0.000000000000000000, -1.000000000000000000 ) ) ;
#748 = EDGE_CURVE ( 'NONE', #318, #2230, #2276, .T. ) ;
#749 = ORIENTED_EDGE ( 'NONE', *, *, #331, .T. ) ;
#750 = EDGE_LOOP ( 'NONE', ( #557, #825, #437, #2253 ) ) ;
#751 = CARTESIAN_POINT ( 'NONE',  ( 13.00000000000000355, 25.00000000000000000, 7.599999999999996092 ) ) ;
#752 = DIRECTION ( 'NONE',  ( -1.000000000000000000, 0.000000000000000000, -0.000000000000000000 ) ) ;
#753 = ORIENTED_EDGE ( 'NONE', *, *, #47, .F. ) ;
#754 = CARTESIAN_POINT ( 'NONE',  ( -16.19999999999999929, 25.00000000000000000, -25.61593795664341044 ) ) ;
#755 = AXIS2_PLACEMENT_3D ( 'NONE', #1594, #202, #391 ) ;
#756 = CARTESIAN_POINT ( 'NONE',  ( -7.750000000000000000, 25.00000000000000000, 26.00000000000000711 ) ) ;
#757 = CARTESIAN_POINT ( 'NONE',  ( -10.00000000000000178, 10.00000000000000000, 20.00000000000001066 ) ) ;
#758 = VECTOR ( 'NONE', #2170, 1000.000000000000000 ) ;
#759 = ORIENTED_EDGE ( 'NONE', *, *, #936, .T. ) ;
#760 = ORIENTED_EDGE ( 'NONE', *, *, #1250, .T. ) ;
#761 = AXIS2_PLACEMENT_3D ( 'NONE', #1403, #1552, #1722 ) ;
#762 = EDGE_CURVE ( 'NONE', #512, #1141, #1244, .T. ) ;
#763 = CYLINDRICAL_SURFACE ( 'NONE', #583, 1.899999999999999911 ) ;
#764 = DIRECTION ( 'NONE',  ( -1.000000000000000000, 0.000000000000000000, 1.734723475976807094E-16 ) ) ;
#765 = DIRECTION ( 'NONE',  ( -1.000000000000000000, 1.734723475976807094E-16, 0.000000000000000000 ) ) ;
#766 = CARTESIAN_POINT ( 'NONE',  ( -13.00000000000000178, 0.000000000000000000, -15.49999999999999467 ) ) ;
#767 = CARTESIAN_POINT ( 'NONE',  ( 9.999999999999998224, 10.00000000000000000, -21.74999999999998579 ) ) ;
#768 = EDGE_LOOP ( 'NONE', ( #2144, #1580, #1012, #366 ) ) ;
#769 = EDGE_CURVE ( 'NONE', #2194, #305, #8, .T. ) ;
#770 = DIRECTION ( 'NONE',  ( 0.000000000000000000, 0.7071067811865475727, -0.7071067811865475727 ) ) ;
#771 = DIRECTION ( 'NONE',  ( 0.000000000000000000, -0.000000000000000000, -1.000000000000000000 ) ) ;
#772 = ORIENTED_EDGE ( 'NONE', *, *, #610, .F. ) ;
#773 = FACE_OUTER_BOUND ( 'NONE', #1232, .T. ) ;
#774 = CARTESIAN_POINT ( 'NONE',  ( -19.99999999999999645, 11.33416664540925289, -11.95010460205265801 ) ) ;
#775 = AXIS2_PLACEMENT_3D ( 'NONE', #208, #908, #1611 ) ;
#776 = DIRECTION ( 'NONE',  ( 1.000000000000000000, 0.000000000000000000, 0.000000000000000000 ) ) ;
#777 = VERTEX_POINT ( 'NONE', #711 ) ;
#778 = CARTESIAN_POINT ( 'NONE',  ( 25.00000000000000000, 25.00000000000000000, -29.99999999999999289 ) ) ;
#779 = CARTESIAN_POINT ( 'NONE',  ( -10.00000000000000178, 0.000000000000000000, 20.00000000000001066 ) ) ;
#780 = ORIENTED_EDGE ( 'NONE', *, *, #1058, .F. ) ;
#781 = CARTESIAN_POINT ( 'NONE',  ( 20.00000000000000000, 15.00000000000000000, -29.99999999999999289 ) ) ;
#782 = EDGE_CURVE ( 'NONE', #2189, #2135, #2080, .T. ) ;
#783 = CARTESIAN_POINT ( 'NONE',  ( 25.00000000000000000, 7.000000000000000888, -15.49999999999999289 ) ) ;
#784 = CARTESIAN_POINT ( 'NONE',  ( -10.00000000000000000, 10.00000000000000178, 35.00000000000000000 ) ) ;
#785 = EDGE_LOOP ( 'NONE', ( #142, #1781, #1511, #2010, #810, #1906, #1655, #59, #1595, #198, #1222, #1315 ) ) ;
#786 = DIRECTION ( 'NONE',  ( 0.000000000000000000, 0.000000000000000000, 1.000000000000000000 ) ) ;
#787 = DIRECTION ( 'NONE',  ( -0.000000000000000000, -1.000000000000000000, -0.000000000000000000 ) ) ;
#788 = VECTOR ( 'NONE', #1822, 1000.000000000000000 ) ;
#789 = CIRCLE ( 'NONE', #2122, 7.599999999999999645 ) ;
#790 = AXIS2_PLACEMENT_3D ( 'NONE', #1220, #1966, #1601 ) ;
#791 = ORIENTED_EDGE ( 'NONE', *, *, #1569, .F. ) ;
#792 =( NAMED_UNIT ( * ) PLANE_ANGLE_UNIT ( ) SI_UNIT ( $, .RADIAN. ) );
#793 = LINE ( 'NONE', #1000, #1365 ) ;
#794 = PRODUCT_DEFINITION_CONTEXT ( 'detailed design', #865, 'design' ) ;
#795 = ORIENTED_EDGE ( 'NONE', *, *, #2152, .F. ) ;
#796 = CARTESIAN_POINT ( 'NONE',  ( 6.945128561067579476, 21.55147929787550254, 20.71616240688632615 ) ) ;
#797 = FACE_BOUND ( 'NONE', #2236, .T. ) ;
#798 = CARTESIAN_POINT ( 'NONE',  ( -25.00000000000000000, 7.000000000000000888, -15.49999999999999289 ) ) ;
#799 = EDGE_LOOP ( 'NONE', ( #620, #2171, #1074, #1225 ) ) ;
#800 = ADVANCED_FACE ( 'NONE', ( #1723 ), #522, .F. ) ;
#801 = EDGE_CURVE ( 'NONE', #829, #111, #1900, .T. ) ;
#802 = LINE ( 'NONE', #2055, #2119 ) ;
#803 = DIRECTION ( 'NONE',  ( 1.000000000000000000, 0.000000000000000000, 0.000000000000000000 ) ) ;
#804 = ORIENTED_EDGE ( 'NONE', *, *, #518, .T. ) ;
#805 = DIRECTION ( 'NONE',  ( 1.000000000000000000, -0.000000000000000000, -5.782411586589358625E-17 ) ) ;
#806 = EDGE_LOOP ( 'NONE', ( #498, #1287, #1367, #1243, #741 ) ) ;
#807 = CARTESIAN_POINT ( 'NONE',  ( 6.572440493133936634, 20.88551412576394739, 20.59409274330199935 ) ) ;
#808 = DIRECTION ( 'NONE',  ( 0.000000000000000000, -0.000000000000000000, 1.000000000000000000 ) ) ;
#809 = CARTESIAN_POINT ( 'NONE',  ( 13.00000000000000178, 25.00000000000000355, -2.255140518769849223E-15 ) ) ;
#810 = ORIENTED_EDGE ( 'NONE', *, *, #344, .F. ) ;
#811 = CARTESIAN_POINT ( 'NONE',  ( -19.99999999999999645, 29.87903679018717540, -25.12096320981282460 ) ) ;
#812 = DIRECTION ( 'NONE',  ( -1.000000000000000000, -0.000000000000000000, 1.734723475976807094E-16 ) ) ;
#813 =( BOUNDED_CURVE ( )  B_SPLINE_CURVE ( 3, ( #650, #1011, #2032, #2009 ),
 .UNSPECIFIED., .F., .T. ) 
 B_SPLINE_CURVE_WITH_KNOTS ( ( 4, 4 ),
 ( 3.141592653589793116, 6.283185307179586232 ),
 .UNSPECIFIED. ) 
 CURVE ( )  GEOMETRIC_REPRESENTATION_ITEM ( )  RATIONAL_B_SPLINE_CURVE ( ( 1.000000000000000000, 0.3333333333333333703, 0.3333333333333333703, 1.000000000000000000 ) ) 
 REPRESENTATION_ITEM ( '' )  );
#814 = VERTEX_POINT ( 'NONE', #1746 ) ;
#815 = AXIS2_PLACEMENT_3D ( 'NONE', #1503, #805, #1718 ) ;
#816 = FACE_OUTER_BOUND ( 'NONE', #1283, .T. ) ;
#817 = ORIENTED_EDGE ( 'NONE', *, *, #1639, .F. ) ;
#818 = CARTESIAN_POINT ( 'NONE',  ( 7.737105010886131673, 24.48437562920431887, 20.99523104712053723 ) ) ;
#819 = CARTESIAN_POINT ( 'NONE',  ( 20.00000000000000000, 11.33416664540925289, -11.95010460205265801 ) ) ;
#820 = DIRECTION ( 'NONE',  ( 0.000000000000000000, -1.000000000000000000, 0.000000000000000000 ) ) ;
#821 = VERTEX_POINT ( 'NONE', #164 ) ;
#822 = DIRECTION ( 'NONE',  ( -0.000000000000000000, -0.000000000000000000, -1.000000000000000000 ) ) ;
#823 = PLANE ( 'NONE',  #1572 ) ;
#824 = EDGE_CURVE ( 'NONE', #2247, #1271, #332, .T. ) ;
#825 = ORIENTED_EDGE ( 'NONE', *, *, #5, .T. ) ;
#826 = EDGE_CURVE ( 'NONE', #2247, #328, #300, .T. ) ;
#827 = AXIS2_PLACEMENT_3D ( 'NONE', #1793, #1636, #1659 ) ;
#828 = CARTESIAN_POINT ( 'NONE',  ( 9.999999999999998224, 10.00000000000000000, -21.74999999999998579 ) ) ;
#829 = VERTEX_POINT ( 'NONE', #2102 ) ;
#830 = CARTESIAN_POINT ( 'NONE',  ( -2.027578930161937798, 17.51559311280716003, 19.62116260970541148 ) ) ;
#831 = VECTOR ( 'NONE', #2256, 1000.000000000000000 ) ;
#832 = ADVANCED_FACE ( 'NONE', ( #1229 ), #1053, .T. ) ;
#833 = FACE_BOUND ( 'NONE', #1850, .T. ) ;
#834 = LINE ( 'NONE', #1361, #1044 ) ;
#835 = AXIS2_PLACEMENT_3D ( 'NONE', #53, #1450, #107 ) ;
#836 = ORIENTED_EDGE ( 'NONE', *, *, #15, .F. ) ;
#837 = CARTESIAN_POINT ( 'NONE',  ( -7.750000000000000000, 25.00000000000000000, 21.00000000000000355 ) ) ;
#838 = CARTESIAN_POINT ( 'NONE',  ( -8.749999999999998224, 25.00000000000000000, 4.987329993433320396E-15 ) ) ;
#839 = AXIS2_PLACEMENT_3D ( 'NONE', #80, #428, #803 ) ;
#840 = LINE ( 'NONE', #2187, #56 ) ;
#842 = VERTEX_POINT ( 'NONE', #1065 ) ;
#841 = VECTOR ( 'NONE', #1168, 1000.000000000000114 ) ;
#843 = ORIENTED_EDGE ( 'NONE', *, *, #1744, .F. ) ;
#844 = DIRECTION ( 'NONE',  ( -1.000000000000000000, 0.000000000000000000, 0.000000000000000000 ) ) ;
#845 = DIRECTION ( 'NONE',  ( -0.000000000000000000, -0.000000000000000000, 1.000000000000000000 ) ) ;
#846 = DIRECTION ( 'NONE',  ( 1.734723475976807094E-16, 0.000000000000000000, 1.000000000000000000 ) ) ;
#847 = ORIENTED_EDGE ( 'NONE', *, *, #1298, .T. ) ;
#848 = CARTESIAN_POINT ( 'NONE',  ( -12.99999999999999822, 25.00000000000000000, 2.255140518769848828E-15 ) ) ;
#849 =( NAMED_UNIT ( * ) SI_UNIT ( $, .STERADIAN. ) SOLID_ANGLE_UNIT ( ) );
#850 = ORIENTED_EDGE ( 'NONE', *, *, #638, .F. ) ;
#851 = VERTEX_POINT ( 'NONE', #1610 ) ;
#852 =( BOUNDED_CURVE ( )  B_SPLINE_CURVE ( 3, ( #1106, #633, #2029, #2016 ),
 .UNSPECIFIED., .F., .T. ) 
 B_SPLINE_CURVE_WITH_KNOTS ( ( 4, 4 ),
 ( 0.000000000000000000, 3.141592653589793116 ),
 .UNSPECIFIED. ) 
 CURVE ( )  GEOMETRIC_REPRESENTATION_ITEM ( )  RATIONAL_B_SPLINE_CURVE ( ( 1.000000000000000000, 0.3333333333333333703, 0.3333333333333333703, 1.000000000000000000 ) ) 
 REPRESENTATION_ITEM ( '' )  );
#853 = DIRECTION ( 'NONE',  ( -1.000000000000000000, 0.000000000000000000, 1.734723475976807094E-16 ) ) ;
#854 = EDGE_CURVE ( 'NONE', #329, #657, #1775, .T. ) ;
#855 = CARTESIAN_POINT ( 'NONE',  ( 15.00000000000000355, 25.00000000000000000, 35.00000000000000000 ) ) ;
#856 = EDGE_LOOP ( 'NONE', ( #185, #33, #1206, #403 ) ) ;
#857 = CARTESIAN_POINT ( 'NONE',  ( 20.00000000000000000, 28.53553390593273420, -26.46446609406726225 ) ) ;
#858 = ORIENTED_EDGE ( 'NONE', *, *, #384, .T. ) ;
#859 = ORIENTED_EDGE ( 'NONE', *, *, #854, .T. ) ;
#860 = CARTESIAN_POINT ( 'NONE',  ( -16.99999999999998579, 25.00000000000000355, 14.00000000000000533 ) ) ;
#861 = VECTOR ( 'NONE', #2244, 1000.000000000000000 ) ;
#862 = CIRCLE ( 'NONE', #1041, 8.000000000000000000 ) ;
#863 = CARTESIAN_POINT ( 'NONE',  ( 20.00000000000000000, 29.87903679018718250, 25.12096320981282815 ) ) ;
#864 = CARTESIAN_POINT ( 'NONE',  ( 0.000000000000000000, 25.00000000000000000, 31.00000000000000355 ) ) ;
#865 = APPLICATION_CONTEXT ( 'automotive_design' ) ;
#866 = VECTOR ( 'NONE', #1054, 1000.000000000000000 ) ;
#867 = ORIENTED_EDGE ( 'NONE', *, *, #1710, .F. ) ;
#868 = AXIS2_PLACEMENT_3D ( 'NONE', #906, #218, #915 ) ;
#869 = CARTESIAN_POINT ( 'NONE',  ( -21.75000000000000355, 15.00000000000000000, -19.99999999999998934 ) ) ;
#870 = ADVANCED_FACE ( 'NONE', ( #1075 ), #244, .F. ) ;
#871 = EDGE_CURVE ( 'NONE', #1797, #1742, #1674, .T. ) ;
#872 = VECTOR ( 'NONE', #1694, 1000.000000000000000 ) ;
#873 = CARTESIAN_POINT ( 'NONE',  ( 13.00000000000000178, 25.00000000000000355, -2.255140518769849223E-15 ) ) ;
#874 = VERTEX_POINT ( 'NONE', #196 ) ;
#875 = EDGE_LOOP ( 'NONE', ( #1573, #1039, #2120, #904 ) ) ;
#876 = CARTESIAN_POINT ( 'NONE',  ( 13.00000000000000178, 0.000000000000000000, -15.49999999999999467 ) ) ;
#877 = CIRCLE ( 'NONE', #2166, 8.000000000000000000 ) ;
#878 = DIRECTION ( 'NONE',  ( 1.000000000000000000, 0.000000000000000000, -0.000000000000000000 ) ) ;
#879 = CARTESIAN_POINT ( 'NONE',  ( 0.000000000000000000, 0.000000000000000000, 35.00000000000000000 ) ) ;
#880 = ORIENTED_EDGE ( 'NONE', *, *, #922, .F. ) ;
#881 = CARTESIAN_POINT ( 'NONE',  ( -18.25000000000000000, 15.00000000000000000, -19.99999999999998934 ) ) ;
#882 = CARTESIAN_POINT ( 'NONE',  ( -12.99999999999999822, 25.00000000000000000, 2.255140518769848828E-15 ) ) ;
#883 = EDGE_LOOP ( 'NONE', ( #713, #1576 ) ) ;
#884 = EDGE_CURVE ( 'NONE', #111, #829, #691, .T. ) ;
#885 = DIRECTION ( 'NONE',  ( 1.734723475976807094E-16, -0.000000000000000000, 1.000000000000000000 ) ) ;
#886 = ORIENTED_EDGE ( 'NONE', *, *, #1784, .T. ) ;
#887 = CARTESIAN_POINT ( 'NONE',  ( -12.99999999999999467, 25.00000000000000355, 2.255140518769849617E-15 ) ) ;
#888 = EDGE_LOOP ( 'NONE', ( #1017, #1406 ) ) ;
#889 = DIRECTION ( 'NONE',  ( -0.000000000000000000, -0.000000000000000000, 1.000000000000000000 ) ) ;
#890 = CARTESIAN_POINT ( 'NONE',  ( -12.99999999999999289, 25.00000000000000000, 6.000000000000003553 ) ) ;
#891 = FACE_OUTER_BOUND ( 'NONE', #721, .T. ) ;
#892 = VERTEX_POINT ( 'NONE', #1253 ) ;
#893 = EDGE_CURVE ( 'NONE', #1563, #1975, #1643, .T. ) ;
#894 = ORIENTED_EDGE ( 'NONE', *, *, #920, .F. ) ;
#895 = CARTESIAN_POINT ( 'NONE',  ( -18.25000000000000000, 15.00000000000000000, -19.99999999999998934 ) ) ;
#896 = DIRECTION ( 'NONE',  ( -0.000000000000000000, -1.000000000000000000, -0.000000000000000000 ) ) ;
#897 = ADVANCED_FACE ( 'NONE', ( #74 ), #136, .T. ) ;
#898 = VERTEX_POINT ( 'NONE', #895 ) ;
#899 = ADVANCED_FACE ( 'NONE', ( #420 ), #763, .F. ) ;
#900 = DIRECTION ( 'NONE',  ( 0.000000000000000000, -0.7071067811865475727, -0.7071067811865475727 ) ) ;
#901 = FACE_OUTER_BOUND ( 'NONE', #1955, .T. ) ;
#902 = VECTOR ( 'NONE', #536, 1000.000000000000000 ) ;
#903 = CARTESIAN_POINT ( 'NONE',  ( 8.750000000000000000, 25.00000000000000000, -20.99999999999999645 ) ) ;
#904 = ORIENTED_EDGE ( 'NONE', *, *, #769, .F. ) ;
#905 = ORIENTED_EDGE ( 'NONE', *, *, #1132, .T. ) ;
#906 = CARTESIAN_POINT ( 'NONE',  ( -19.99999999999999645, 12.67766952966369587, 10.60660171779822036 ) ) ;
#907 = EDGE_CURVE ( 'NONE', #2135, #2189, #1485, .T. ) ;
#908 = DIRECTION ( 'NONE',  ( -1.000000000000000000, 0.000000000000000000, 1.734723475976807094E-16 ) ) ;
#909 = ORIENTED_EDGE ( 'NONE', *, *, #584, .F. ) ;
#910 = LINE ( 'NONE', #1471, #1021 ) ;
#911 = PLANE ( 'NONE',  #1899 ) ;
#912 = DIRECTION ( 'NONE',  ( 0.000000000000000000, -1.000000000000000000, 0.000000000000000000 ) ) ;
#913 = VERTEX_POINT ( 'NONE', #386 ) ;
#914 = ORIENTED_EDGE ( 'NONE', *, *, #2019, .F. ) ;
#915 = DIRECTION ( 'NONE',  ( 0.000000000000000000, -0.7071067811865474617, 0.7071067811865474617 ) ) ;
#916 = FACE_OUTER_BOUND ( 'NONE', #917, .T. ) ;
#917 = EDGE_LOOP ( 'NONE', ( #176, #1383, #105, #728, #1289, #1252, #1008, #27 ) ) ;
#918 = EDGE_CURVE ( 'NONE', #447, #1731, #1635, .T. ) ;
#919 = LINE ( 'NONE', #577, #433 ) ;
#920 = EDGE_CURVE ( 'NONE', #554, #1035, #377, .T. ) ;
#921 = LINE ( 'NONE', #1971, #1079 ) ;
#922 = EDGE_CURVE ( 'NONE', #1929, #305, #2169, .T. ) ;
#923 = DIRECTION ( 'NONE',  ( -0.000000000000000000, -0.7071067811865474617, 0.7071067811865476838 ) ) ;
#924 = EDGE_CURVE ( 'NONE', #1841, #627, #1861, .T. ) ;
#925 = ORIENTED_EDGE ( 'NONE', *, *, #593, .T. ) ;
#926 = ADVANCED_FACE ( 'NONE', ( #2136 ), #1798, .F. ) ;
#927 = ORIENTED_EDGE ( 'NONE', *, *, #1715, .F. ) ;
#928 = DIRECTION ( 'NONE',  ( -4.088782444489006946E-17, 0.7071067811865460184, -0.7071067811865489050 ) ) ;
#929 = CARTESIAN_POINT ( 'NONE',  ( 13.00000000000000178, -1.653273178848926669E-15, 20.00000000000000711 ) ) ;
#930 = DIRECTION ( 'NONE',  ( -1.000000000000000000, 0.000000000000000000, 0.000000000000000000 ) ) ;
#931 = VECTOR ( 'NONE', #1558, 1000.000000000000000 ) ;
#932 = CARTESIAN_POINT ( 'NONE',  ( -23.79999999999999361, 25.00000000000000000, 20.24192641962565276 ) ) ;
#933 = AXIS2_PLACEMENT_3D ( 'NONE', #2091, #1759, #567 ) ;
#934 = LINE ( 'NONE', #2197, #129 ) ;
#935 = EDGE_CURVE ( 'NONE', #153, #685, #2147, .T. ) ;
#936 = EDGE_CURVE ( 'NONE', #2278, #72, #1381, .T. ) ;
#937 = CIRCLE ( 'NONE', #1154, 4.999999999999997335 ) ;
#938 = CARTESIAN_POINT ( 'NONE',  ( 0.000000000000000000, 25.00000000000000000, 31.00000000000000355 ) ) ;
#939 = AXIS2_PLACEMENT_3D ( 'NONE', #141, #1537, #2246 ) ;
#940 = VECTOR ( 'NONE', #448, 1000.000000000000000 ) ;
#941 = ORIENTED_EDGE ( 'NONE', *, *, #1073, .T. ) ;
#942 = DIRECTION ( 'NONE',  ( -1.000000000000000000, 0.000000000000000000, 0.000000000000000000 ) ) ;
#943 = DIRECTION ( 'NONE',  ( -1.000000000000000000, 0.000000000000000000, 0.000000000000000000 ) ) ;
#944 = B_SPLINE_CURVE_WITH_KNOTS ( 'NONE', 3,
 ( #1668, #459, #260, #2035, #1148, #294, #1479, #306, #1002, #988, #131, #1702, #1853, #1656, #281, #1492, #269, #1868, #966, #830, #1531, #652, #955, #2239, #1318, #97, #470, #1139, #628, #977, #2190, #664, #1681, #118, #640, #807, #1505, #796, #2204, #86, #1309, #1359, #1331, #818, #2061, #483 ),
 .UNSPECIFIED., .F., .F.,
 ( 4, 2, 2, 2, 2, 2, 2, 2, 2, 2, 2, 2, 2, 2, 2, 2, 2, 2, 2, 2, 2, 2, 4 ),
 ( 0.000000000000000000, 0.001527375450413394169, 0.002291063175620086049, 0.003054750900826777495, 0.004582126351240160822, 0.005345814076446847064, 0.006109501801653533307, 0.007636877252066904924, 0.009164252702480274806, 0.009927940427686960181, 0.01069162815289364556, 0.01221900360330701284, 0.01374637905372038012, 0.01527375450413374740, 0.01680112995454711294, 0.01756481767975379485, 0.01832850540496047675, 0.01985588085537383016, 0.02061956858058050859, 0.02138325630578718356, 0.02291063175620053002, 0.02367431948140720152, 0.02443800720661387302 ),
 .UNSPECIFIED. ) ;
#945 = ORIENTED_EDGE ( 'NONE', *, *, #560, .T. ) ;
#946 = CARTESIAN_POINT ( 'NONE',  ( 0.000000000000000000, 25.00000000000000000, 31.00000000000000355 ) ) ;
#947 = DIRECTION ( 'NONE',  ( -1.000000000000000000, 0.000000000000000000, 1.734723475976807094E-16 ) ) ;
#948 = VECTOR ( 'NONE', #1592, 1000.000000000000000 ) ;
#949 = DIRECTION ( 'NONE',  ( 0.000000000000000000, -1.334402673828313093E-16, 1.000000000000000000 ) ) ;
#950 = LINE ( 'NONE', #612, #1869 ) ;
#951 = ORIENTED_EDGE ( 'NONE', *, *, #155, .T. ) ;
#952 = LINE ( 'NONE', #82, #2123 ) ;
#953 = DIRECTION ( 'NONE',  ( -0.000000000000000000, -1.000000000000000000, -0.000000000000000000 ) ) ;
#954 = VERTEX_POINT ( 'NONE', #410 ) ;
#955 = CARTESIAN_POINT ( 'NONE',  ( -0.5197939381383146484, 17.25062173587313552, 19.51786712115062983 ) ) ;
#956 = CARTESIAN_POINT ( 'NONE',  ( -19.99999999999999645, 12.67766952966369587, -10.60660171779822036 ) ) ;
#957 = ORIENTED_EDGE ( 'NONE', *, *, #801, .F. ) ;
#958 = DIRECTION ( 'NONE',  ( -0.000000000000000000, -1.000000000000000000, -0.000000000000000000 ) ) ;
#959 = DIRECTION ( 'NONE',  ( 1.000000000000000000, 0.000000000000000000, 0.000000000000000000 ) ) ;
#960 = PRODUCT_RELATED_PRODUCT_CATEGORY ( 'part', '', ( #68 ) ) ;
#961 = ORIENTED_EDGE ( 'NONE', *, *, #661, .T. ) ;
#962 = FILL_AREA_STYLE_COLOUR ( '', #1518 ) ;
#963 = CARTESIAN_POINT ( 'NONE',  ( 17.99999999999999289, 6.999999999999998224, 20.00000000000000711 ) ) ;
#964 = EDGE_CURVE ( 'NONE', #1391, #2217, #862, .T. ) ;
#965 = EDGE_LOOP ( 'NONE', ( #1254, #1321, #52, #210 ) ) ;
#966 = CARTESIAN_POINT ( 'NONE',  ( -2.514803925176404942, 17.66493462953371818, 19.67747912260479382 ) ) ;
#967 = DIRECTION ( 'NONE',  ( 1.734723475976807094E-16, -0.000000000000000000, 1.000000000000000000 ) ) ;
#968 = CARTESIAN_POINT ( 'NONE',  ( -20.00000000000000000, 15.00000000000000000, -19.99999999999998934 ) ) ;
#969 = EDGE_LOOP ( 'NONE', ( #867, #2259, #1584, #1049 ) ) ;
#970 = FACE_BOUND ( 'NONE', #1533, .T. ) ;
#971 = DIRECTION ( 'NONE',  ( 1.000000000000000000, -0.000000000000000000, -5.782411586589358625E-17 ) ) ;
#972 = VECTOR ( 'NONE', #88, 1000.000000000000000 ) ;
#973 = VECTOR ( 'NONE', #1272, 1000.000000000000000 ) ;
#974 = ORIENTED_EDGE ( 'NONE', *, *, #1135, .T. ) ;
#975 = DIRECTION ( 'NONE',  ( 0.000000000000000000, -1.000000000000000000, 0.000000000000000000 ) ) ;
#976 = ORIENTED_EDGE ( 'NONE', *, *, #2101, .F. ) ;
#977 = CARTESIAN_POINT ( 'NONE',  ( 4.518035816515166836, 18.69818078603788081, 20.03268830590594618 ) ) ;
#978 = ADVANCED_FACE ( 'NONE', ( #1205 ), #257, .F. ) ;
#979 = FACE_OUTER_BOUND ( 'NONE', #1004, .T. ) ;
#980 = MANIFOLD_SOLID_BREP ( 'Fillet2', #1534 ) ;
#981 = DIRECTION ( 'NONE',  ( 0.000000000000000000, 0.000000000000000000, 1.000000000000000000 ) ) ;
#982 = ORIENTED_EDGE ( 'NONE', *, *, #1089, .F. ) ;
#983 = DIRECTION ( 'NONE',  ( -0.000000000000000000, -1.675832461991115304E-16, -1.000000000000000000 ) ) ;
#984 = DIRECTION ( 'NONE',  ( 0.000000000000000000, -0.7071067811865474617, -0.7071067811865476838 ) ) ;
#985 = ORIENTED_EDGE ( 'NONE', *, *, #1442, .F. ) ;
#986 = CARTESIAN_POINT ( 'NONE',  ( -25.00000000000000000, 0.000000000000000000, -24.99999999999998224 ) ) ;
#987 = VERTEX_POINT ( 'NONE', #2083 ) ;
#988 = CARTESIAN_POINT ( 'NONE',  ( -6.297327100030794433, 20.47563111850315565, 20.50794993496560181 ) ) ;
#989 = LINE ( 'NONE', #283, #246 ) ;
#990 = LINE ( 'NONE', #678, #1963 ) ;
#991 = EDGE_CURVE ( 'NONE', #512, #1598, #2033, .T. ) ;
#992 = VERTEX_POINT ( 'NONE', #1489 ) ;
#993 = DIRECTION ( 'NONE',  ( 0.000000000000000000, 0.000000000000000000, -1.000000000000000000 ) ) ;
#994 = EDGE_CURVE ( 'NONE', #814, #673, #501, .T. ) ;
#995 = DIRECTION ( 'NONE',  ( 0.5773502691896273964, 0.5773502691896237327, -0.5773502691896260641 ) ) ;
#996 = EDGE_CURVE ( 'NONE', #1417, #1940, #999, .T. ) ;
#997 = EDGE_CURVE ( 'NONE', #1502, #987, #840, .T. ) ;
#998 = ORIENTED_EDGE ( 'NONE', *, *, #1992, .T. ) ;
#999 =( BOUNDED_CURVE ( )  B_SPLINE_CURVE ( 3, ( #1888, #1902, #1549, #1020 ),
 .UNSPECIFIED., .F., .T. ) 
 B_SPLINE_CURVE_WITH_KNOTS ( ( 4, 4 ),
 ( 3.141592653589793116, 6.283185307179586232 ),
 .UNSPECIFIED. ) 
 CURVE ( )  GEOMETRIC_REPRESENTATION_ITEM ( )  RATIONAL_B_SPLINE_CURVE ( ( 1.000000000000000000, 0.3333333333333333703, 0.3333333333333333703, 1.000000000000000000 ) ) 
 REPRESENTATION_ITEM ( '' )  );
#1000 = CARTESIAN_POINT ( 'NONE',  ( 13.00000000000000178, 25.00000000000000000, -2.255140518769849223E-15 ) ) ;
#1001 = ORIENTED_EDGE ( 'NONE', *, *, #738, .F. ) ;
#1002 = CARTESIAN_POINT ( 'NONE',  ( -6.719002612269008523, 21.10481407133374532, 20.64003933680285741 ) ) ;
#1003 = FACE_OUTER_BOUND ( 'NONE', #785, .T. ) ;
#1004 = EDGE_LOOP ( 'NONE', ( #1143, #843, #490, #1213 ) ) ;
#1005 = FACE_BOUND ( 'NONE', #1737, .T. ) ;
#1006 = CARTESIAN_POINT ( 'NONE',  ( 8.750000000000003553, 25.00000000000000000, 1.951563910473907587E-15 ) ) ;
#1007 = CARTESIAN_POINT ( 'NONE',  ( 10.00000000000000178, 25.00000000000000000, 35.00000000000000000 ) ) ;
#1008 = ORIENTED_EDGE ( 'NONE', *, *, #1009, .F. ) ;
#1009 = EDGE_CURVE ( 'NONE', #1725, #814, #313, .T. ) ;
#1010 = AXIS2_PLACEMENT_3D ( 'NONE', #784, #765, #589 ) ;
#1011 = CARTESIAN_POINT ( 'NONE',  ( 16.20000000000000284, 25.00000000000000000, 25.61593795664341044 ) ) ;
#1012 = ORIENTED_EDGE ( 'NONE', *, *, #680, .T. ) ;
#1013 = DIRECTION ( 'NONE',  ( 0.000000000000000000, 0.000000000000000000, 1.000000000000000000 ) ) ;
#1014 = DIRECTION ( 'NONE',  ( 5.782411586589358625E-17, -0.000000000000000000, 1.000000000000000000 ) ) ;
#1015 = DIRECTION ( 'NONE',  ( -0.7071067811865466846, 0.000000000000000000, -0.7071067811865483499 ) ) ;
#1016 = AXIS2_PLACEMENT_3D ( 'NONE', #686, #1025, #1384 ) ;
#1017 = ORIENTED_EDGE ( 'NONE', *, *, #458, .F. ) ;
#1018 = CARTESIAN_POINT ( 'NONE',  ( -10.00000000000000178, 25.00000000000000000, 35.00000000000000000 ) ) ;
#1019 = DIRECTION ( 'NONE',  ( 1.652117596168387756E-16, 0.000000000000000000, 1.000000000000000000 ) ) ;
#1020 = CARTESIAN_POINT ( 'NONE',  ( 20.00000000000000000, 25.00000000000000000, -20.24192641962564565 ) ) ;
#1022 = VERTEX_POINT ( 'NONE', #1653 ) ;
#1021 = VECTOR ( 'NONE', #1428, 1000.000000000000000 ) ;
#1023 = CARTESIAN_POINT ( 'NONE',  ( 21.75000000000000355, 15.00000000000000000, -29.99999999999999289 ) ) ;
#1024 = ORIENTED_EDGE ( 'NONE', *, *, #1721, .T. ) ;
#1025 = DIRECTION ( 'NONE',  ( 0.000000000000000000, -1.000000000000000000, 0.000000000000000000 ) ) ;
#1026 = CARTESIAN_POINT ( 'NONE',  ( -7.750000000000000000, 25.00000000000000000, 18.00000000000000711 ) ) ;
#1027 = DIRECTION ( 'NONE',  ( 0.000000000000000000, 0.7071067811865474617, 0.7071067811865476838 ) ) ;
#1028 = CARTESIAN_POINT ( 'NONE',  ( 25.00000000000001066, 25.00000000000000355, -4.336808689942018525E-15 ) ) ;
#1029 = VERTEX_POINT ( 'NONE', #327 ) ;
#1030 = ORIENTED_EDGE ( 'NONE', *, *, #610, .T. ) ;
#1031 = CARTESIAN_POINT ( 'NONE',  ( -10.00000000000000178, 10.00000000000000000, 20.00000000000001066 ) ) ;
#1032 = EDGE_CURVE ( 'NONE', #1831, #740, #615, .T. ) ;
#1033 = DIRECTION ( 'NONE',  ( 0.000000000000000000, 0.000000000000000000, -1.000000000000000000 ) ) ;
#1034 = CYLINDRICAL_SURFACE ( 'NONE', #2040, 1.750000000000001554 ) ;
#1035 = VERTEX_POINT ( 'NONE', #1007 ) ;
#1036 = DIRECTION ( 'NONE',  ( 1.734723475976807094E-16, 0.000000000000000000, 1.000000000000000000 ) ) ;
#1037 = PLANE ( 'NONE',  #1335 ) ;
#1038 = ORIENTED_EDGE ( 'NONE', *, *, #935, .T. ) ;
#1039 = ORIENTED_EDGE ( 'NONE', *, *, #2222, .F. ) ;
#1040 = DIRECTION ( 'NONE',  ( 2.282530889443167515E-16, 0.000000000000000000, 1.000000000000000000 ) ) ;
#1041 = AXIS2_PLACEMENT_3D ( 'NONE', #2057, #625, #267 ) ;
#1042 = CARTESIAN_POINT ( 'NONE',  ( 0.000000000000000000, 0.000000000000000000, 30.00000000000000711 ) ) ;
#1043 = DIRECTION ( 'NONE',  ( -1.040834085586084848E-15, 0.000000000000000000, 1.000000000000000000 ) ) ;
#1044 = VECTOR ( 'NONE', #1188, 1000.000000000000000 ) ;
#1045 = ORIENTED_EDGE ( 'NONE', *, *, #907, .T. ) ;
#1046 = EDGE_CURVE ( 'NONE', #1326, #1785, #243, .T. ) ;
#1047 = DIRECTION ( 'NONE',  ( 0.000000000000000000, -1.334402673828313093E-16, 1.000000000000000000 ) ) ;
#1048 = AXIS2_PLACEMENT_3D ( 'NONE', #1514, #2225, #1348 ) ;
#1049 = ORIENTED_EDGE ( 'NONE', *, *, #266, .T. ) ;
#1050 = DIRECTION ( 'NONE',  ( 0.000000000000000000, -1.334402673828313093E-16, 1.000000000000000000 ) ) ;
#1051 = VERTEX_POINT ( 'NONE', #1712 ) ;
#1052 = CIRCLE ( 'NONE', #1873, 1.750000000000001554 ) ;
#1053 = PLANE ( 'NONE',  #790 ) ;
#1054 = DIRECTION ( 'NONE',  ( 0.000000000000000000, 1.000000000000000000, 2.478176394252581141E-16 ) ) ;
#1055 = EDGE_LOOP ( 'NONE', ( #1913, #914 ) ) ;
#1056 = CARTESIAN_POINT ( 'NONE',  ( -10.00000000000000178, 25.00000000000000000, 35.00000000000000000 ) ) ;
#1057 = PLANE ( 'NONE',  #239 ) ;
#1058 = EDGE_CURVE ( 'NONE', #913, #1752, #952, .T. ) ;
#1059 = DIRECTION ( 'NONE',  ( -1.000000000000000000, -0.000000000000000000, 1.734723475976807587E-16 ) ) ;
#1060 = EDGE_CURVE ( 'NONE', #777, #1696, #61, .T. ) ;
#1061 = EDGE_CURVE ( 'NONE', #1308, #562, #672, .T. ) ;
#1062 = EDGE_LOOP ( 'NONE', ( #375, #976, #1859, #1096 ) ) ;
#1063 = ADVANCED_FACE ( 'NONE', ( #215 ), #2093, .T. ) ;
#1064 = ORIENTED_EDGE ( 'NONE', *, *, #1837, .F. ) ;
#1065 = CARTESIAN_POINT ( 'NONE',  ( -16.99999999999998224, 25.00000000000000000, 6.000000000000003553 ) ) ;
#1066 = CIRCLE ( 'NONE', #815, 6.000000000000000888 ) ;
#1067 = CARTESIAN_POINT ( 'NONE',  ( -8.749999999999998224, 25.00000000000000355, 1.517883041479706602E-15 ) ) ;
#1068 = ORIENTED_EDGE ( 'NONE', *, *, #1839, .T. ) ;
#1069 = CARTESIAN_POINT ( 'NONE',  ( -3.250000000000000000, 25.00000000000000000, 40.00000000000000711 ) ) ;
#1070 = DIRECTION ( 'NONE',  ( 0.000000000000000000, -1.000000000000000000, -0.000000000000000000 ) ) ;
#1071 = LINE ( 'NONE', #526, #165 ) ;
#1072 = EDGE_LOOP ( 'NONE', ( #759, #2128 ) ) ;
#1073 = EDGE_CURVE ( 'NONE', #2238, #1051, #193, .T. ) ;
#1074 = ORIENTED_EDGE ( 'NONE', *, *, #568, .F. ) ;
#1075 = FACE_OUTER_BOUND ( 'NONE', #480, .T. ) ;
#1076 = CARTESIAN_POINT ( 'NONE',  ( 12.07106781186548083, 12.92893218813451917, 30.00000000000000355 ) ) ;
#1077 = VERTEX_POINT ( 'NONE', #1944 ) ;
#1078 = CARTESIAN_POINT ( 'NONE',  ( 13.00000000000000355, 25.00000000000000000, 7.599999999999996980 ) ) ;
#1079 = VECTOR ( 'NONE', #1624, 1000.000000000000000 ) ;
#1080 = CARTESIAN_POINT ( 'NONE',  ( -10.00000000000000178, 10.00000000000000000, -18.24999999999998934 ) ) ;
#1081 = CIRCLE ( 'NONE', #392, 1.899999999999997913 ) ;
#1082 = VECTOR ( 'NONE', #1281, 1000.000000000000000 ) ;
#1083 = LINE ( 'NONE', #903, #1936 ) ;
#1084 = ORIENTED_EDGE ( 'NONE', *, *, #1689, .T. ) ;
#1085 = EDGE_CURVE ( 'NONE', #1692, #1502, #1071, .T. ) ;
#1086 = VERTEX_POINT ( 'NONE', #1215 ) ;
#1087 = CIRCLE ( 'NONE', #214, 1.899999999999997913 ) ;
#1088 = PLANE ( 'NONE',  #653 ) ;
#1089 = EDGE_CURVE ( 'NONE', #1504, #39, #1249, .T. ) ;
#1090 = ORIENTED_EDGE ( 'NONE', *, *, #1344, .T. ) ;
#1091 = DIRECTION ( 'NONE',  ( 0.000000000000000000, -0.7071067811865473507, 0.7071067811865476838 ) ) ;
#1092 = VECTOR ( 'NONE', #11, 1000.000000000000000 ) ;
#1093 = CARTESIAN_POINT ( 'NONE',  ( -25.00000000000000000, 25.00000000000000000, -29.99999999999999289 ) ) ;
#1094 = CARTESIAN_POINT ( 'NONE',  ( -12.00000000000002487, 0.9999999999999631406, 20.00000000000000711 ) ) ;
#1095 = ORIENTED_EDGE ( 'NONE', *, *, #2141, .F. ) ;
#1096 = ORIENTED_EDGE ( 'NONE', *, *, #158, .F. ) ;
#1097 = DIRECTION ( 'NONE',  ( 0.000000000000000000, -0.7071067811865475727, -0.7071067811865475727 ) ) ;
#1098 = DIRECTION ( 'NONE',  ( -0.000000000000000000, -1.000000000000000000, -0.000000000000000000 ) ) ;
#1099 = VERTEX_POINT ( 'NONE', #726 ) ;
#1100 = DIRECTION ( 'NONE',  ( -1.734723475976807834E-16, 1.000000000000000000, 0.000000000000000000 ) ) ;
#1101 = EDGE_CURVE ( 'NONE', #512, #1426, #1083, .T. ) ;
#1102 = CARTESIAN_POINT ( 'NONE',  ( 25.00000000000000000, 0.000000000000000000, -24.99999999999998224 ) ) ;
#1103 = VECTOR ( 'NONE', #1145, 1000.000000000000114 ) ;
#1104 = EDGE_CURVE ( 'NONE', #1612, #1962, #1226, .T. ) ;
#1105 = CARTESIAN_POINT ( 'NONE',  ( -17.99999999999999289, 6.999999999999998224, 20.00000000000000711 ) ) ;
#1106 = CARTESIAN_POINT ( 'NONE',  ( 20.00000000000000000, 25.00000000000000000, -20.24192641962564565 ) ) ;
#1107 = ORIENTED_EDGE ( 'NONE', *, *, #1302, .T. ) ;
#1108 = DIRECTION ( 'NONE',  ( 1.000000000000000000, 0.000000000000000000, -1.734723475976807587E-16 ) ) ;
#1109 = CARTESIAN_POINT ( 'NONE',  ( 20.00000000000000000, 15.00000000000000000, -19.99999999999998934 ) ) ;
#1110 = ORIENTED_EDGE ( 'NONE', *, *, #1061, .F. ) ;
#1111 = DIRECTION ( 'NONE',  ( 0.000000000000000000, 0.000000000000000000, 1.000000000000000000 ) ) ;
#1112 = AXIS2_PLACEMENT_3D ( 'NONE', #766, #1675, #235 ) ;
#1113 = CARTESIAN_POINT ( 'NONE',  ( 9.999999999999998224, 10.00000000000000000, -18.24999999999999645 ) ) ;
#1114 = VECTOR ( 'NONE', #2261, 1000.000000000000000 ) ;
#1115 = AXIS2_PLACEMENT_3D ( 'NONE', #1374, #1152, #478 ) ;
#1116 = AXIS2_PLACEMENT_3D ( 'NONE', #1805, #50, #1097 ) ;
#1117 = DIRECTION ( 'NONE',  ( -1.000000000000000000, 0.000000000000000000, 1.734723475976807094E-16 ) ) ;
#1118 = ADVANCED_FACE ( 'NONE', ( #373 ), #1037, .T. ) ;
#1119 = DIRECTION ( 'NONE',  ( 0.000000000000000000, -0.7071067811865474617, 0.7071067811865474617 ) ) ;
#1120 = ADVANCED_BREP_SHAPE_REPRESENTATION ( 'Gearbox', ( #980, #270 ), #1290 ) ;
#1121 = VECTOR ( 'NONE', #132, 1000.000000000000000 ) ;
#1122 = EDGE_LOOP ( 'NONE', ( #1629, #285, #1979, #1672 ) ) ;
#1123 = CARTESIAN_POINT ( 'NONE',  ( -24.99999999999998934, 25.00000000000000000, 30.00000000000000711 ) ) ;
#1124 = PLANE ( 'NONE',  #2231 ) ;
#1125 = CARTESIAN_POINT ( 'NONE',  ( -19.99999999999999645, 25.00000000000000000, -25.61593795664341044 ) ) ;
#1126 = AXIS2_PLACEMENT_3D ( 'NONE', #602, #787, #1487 ) ;
#1127 = FACE_OUTER_BOUND ( 'NONE', #1526, .T. ) ;
#1128 = AXIS2_PLACEMENT_3D ( 'NONE', #838, #1536, #2056 ) ;
#1129 = ORIENTED_EDGE ( 'NONE', *, *, #425, .T. ) ;
#1130 = FACE_OUTER_BOUND ( 'NONE', #2213, .T. ) ;
#1131 = DIRECTION ( 'NONE',  ( 0.000000000000000000, 0.7071067811865474617, 0.7071067811865476838 ) ) ;
#1132 = EDGE_CURVE ( 'NONE', #376, #685, #2142, .T. ) ;
#1133 = EDGE_CURVE ( 'NONE', #1399, #2217, #561, .T. ) ;
#1134 = ORIENTED_EDGE ( 'NONE', *, *, #1104, .T. ) ;
#1135 = EDGE_CURVE ( 'NONE', #376, #954, #570, .T. ) ;
#1136 = DIRECTION ( 'NONE',  ( -1.000000000000000000, 0.000000000000000000, 0.000000000000000000 ) ) ;
#1137 = DIRECTION ( 'NONE',  ( 5.782411586589358625E-17, 0.000000000000000000, -1.000000000000000000 ) ) ;
#1138 = ORIENTED_EDGE ( 'NONE', *, *, #1302, .F. ) ;
#1139 = CARTESIAN_POINT ( 'NONE',  ( 3.446855293978751789, 18.03990231622613294, 19.81415137696576423 ) ) ;
#1140 = LINE ( 'NONE', #296, #1561 ) ;
#1141 = VERTEX_POINT ( 'NONE', #2106 ) ;
#1142 = CARTESIAN_POINT ( 'NONE',  ( -10.00000000000000000, 15.00000000000000355, 35.00000000000000000 ) ) ;
#1143 = ORIENTED_EDGE ( 'NONE', *, *, #1135, .F. ) ;
#1144 = EDGE_LOOP ( 'NONE', ( #1396, #847, #1985, #520 ) ) ;
#1145 = DIRECTION ( 'NONE',  ( 0.000000000000000000, -0.7071067811865473507, 0.7071067811865476838 ) ) ;
#1146 = EDGE_CURVE ( 'NONE', #65, #1242, #537, .T. ) ;
#1147 = EDGE_LOOP ( 'NONE', ( #1461, #679, #530, #4 ) ) ;
#1148 = CARTESIAN_POINT ( 'NONE',  ( -7.486923276520428772, 22.98161331039998601, 20.90422556446714353 ) ) ;
#1149 = DIRECTION ( 'NONE',  ( 0.000000000000000000, 0.000000000000000000, -1.000000000000000000 ) ) ;
#1150 = LINE ( 'NONE', #1855, #432 ) ;
#1151 = ORIENTED_EDGE ( 'NONE', *, *, #1073, .F. ) ;
#1152 = DIRECTION ( 'NONE',  ( -0.000000000000000000, -0.000000000000000000, -1.000000000000000000 ) ) ;
#1153 = CARTESIAN_POINT ( 'NONE',  ( 20.00000000000000000, 12.67766952966369587, 10.60660171779822036 ) ) ;
#1154 = AXIS2_PLACEMENT_3D ( 'NONE', #1939, #896, #1043 ) ;
#1155 = ORIENTED_EDGE ( 'NONE', *, *, #362, .T. ) ;
#1156 = VECTOR ( 'NONE', #733, 1000.000000000000000 ) ;
#1157 = ADVANCED_FACE ( 'NONE', ( #1258 ), #1762, .T. ) ;
#1158 = DIRECTION ( 'NONE',  ( -5.782411586589357392E-17, -0.000000000000000000, -1.000000000000000000 ) ) ;
#1160 = ORIENTED_EDGE ( 'NONE', *, *, #1849, .T. ) ;
#1159 = CIRCLE ( 'NONE', #1970, 1.750000000000001554 ) ;
#1161 = DIRECTION ( 'NONE',  ( 0.000000000000000000, 0.7071067811865474617, 0.7071067811865476838 ) ) ;
#1162 = EDGE_CURVE ( 'NONE', #1975, #39, #1921, .T. ) ;
#1163 = PLANE ( 'NONE',  #30 ) ;
#1164 = CARTESIAN_POINT ( 'NONE',  ( -3.250000000000000000, 25.00000000000000000, 30.00000000000000711 ) ) ;
#1165 = ORIENTED_EDGE ( 'NONE', *, *, #1058, .T. ) ;
#1166 = ADVANCED_FACE ( 'NONE', ( #1241 ), #173, .F. ) ;
#1167 = LINE ( 'NONE', #1875, #579 ) ;
#1168 = DIRECTION ( 'NONE',  ( 0.5773502691896256200, -0.5773502691896246208, 0.5773502691896269523 ) ) ;
#1169 = CIRCLE ( 'NONE', #590, 5.000000000000000888 ) ;
#1170 = ORIENTED_EDGE ( 'NONE', *, *, #638, .T. ) ;
#1171 = PLANE ( 'NONE',  #1986 ) ;
#1172 = ORIENTED_EDGE ( 'NONE', *, *, #125, .F. ) ;
#1173 = APPLICATION_CONTEXT ( 'automotive_design' ) ;
#1174 = CARTESIAN_POINT ( 'NONE',  ( 3.250000000000000000, 25.00000000000000000, 40.00000000000000711 ) ) ;
#1175 = CARTESIAN_POINT ( 'NONE',  ( 20.00000000000000000, 15.00000000000000000, -29.99999999999999289 ) ) ;
#1176 = PLANE ( 'NONE',  #277 ) ;
#1177 = ORIENTED_EDGE ( 'NONE', *, *, #73, .T. ) ;
#1178 = ADVANCED_FACE ( 'NONE', ( #891 ), #2133, .F. ) ;
#1179 = EDGE_CURVE ( 'NONE', #1291, #517, #2015, .T. ) ;
#1180 = LINE ( 'NONE', #632, #170 ) ;
#1181 = DIRECTION ( 'NONE',  ( 0.000000000000000000, 0.000000000000000000, 1.000000000000000000 ) ) ;
#1182 = DIRECTION ( 'NONE',  ( 1.652117596168387756E-16, 0.000000000000000000, 1.000000000000000000 ) ) ;
#1183 = ORIENTED_EDGE ( 'NONE', *, *, #1687, .T. ) ;
#1184 = CARTESIAN_POINT ( 'NONE',  ( 0.000000000000000000, 25.00000000000000000, 0.000000000000000000 ) ) ;
#1185 = ORIENTED_EDGE ( 'NONE', *, *, #2237, .F. ) ;
#1186 = DIRECTION ( 'NONE',  ( 0.000000000000000000, 0.7071067811865490160, 0.7071067811865461294 ) ) ;
#1187 = CARTESIAN_POINT ( 'NONE',  ( 13.00000000000000178, 0.000000000000000000, -15.49999999999999467 ) ) ;
#1188 = DIRECTION ( 'NONE',  ( 0.000000000000000000, 1.334402673828313093E-16, -1.000000000000000000 ) ) ;
#1189 = ORIENTED_EDGE ( 'NONE', *, *, #560, .F. ) ;
#1190 = DIRECTION ( 'NONE',  ( -2.478176394252581141E-16, 0.000000000000000000, -1.000000000000000000 ) ) ;
#1191 = CARTESIAN_POINT ( 'NONE',  ( -13.00000000000000178, -1.653273178848926669E-15, 20.00000000000000711 ) ) ;
#1192 = VECTOR ( 'NONE', #2070, 1000.000000000000000 ) ;
#1193 = EDGE_CURVE ( 'NONE', #1476, #318, #355, .T. ) ;
#1194 = AXIS2_PLACEMENT_3D ( 'NONE', #757, #958, #747 ) ;
#1195 = ORIENTED_EDGE ( 'NONE', *, *, #255, .F. ) ;
#1196 = CIRCLE ( 'NONE', #203, 6.000000000000000888 ) ;
#1197 = AXIS2_PLACEMENT_3D ( 'NONE', #40, #62, #1468 ) ;
#1198 = EDGE_LOOP ( 'NONE', ( #663, #817 ) ) ;
#1199 = FACE_OUTER_BOUND ( 'NONE', #704, .T. ) ;
#1200 = DIRECTION ( 'NONE',  ( -1.000000000000000000, 0.000000000000000000, 0.000000000000000000 ) ) ;
#1201 = DIRECTION ( 'NONE',  ( 0.000000000000000000, 0.000000000000000000, -1.000000000000000000 ) ) ;
#1202 = CIRCLE ( 'NONE', #761, 6.000000000000000888 ) ;
#1203 = ORIENTED_EDGE ( 'NONE', *, *, #568, .T. ) ;
#1204 = FACE_OUTER_BOUND ( 'NONE', #883, .T. ) ;
#1205 = FACE_OUTER_BOUND ( 'NONE', #729, .T. ) ;
#1206 = ORIENTED_EDGE ( 'NONE', *, *, #17, .F. ) ;
#1207 = AXIS2_PLACEMENT_3D ( 'NONE', #1255, #1462, #423 ) ;
#1208 = LINE ( 'NONE', #1914, #1473 ) ;
#1209 = ORIENTED_EDGE ( 'NONE', *, *, #1990, .F. ) ;
#1210 = DIRECTION ( 'NONE',  ( 0.000000000000000000, -1.000000000000000000, 0.000000000000000000 ) ) ;
#1211 = CARTESIAN_POINT ( 'NONE',  ( -5.000000000000000888, 25.00000000000000000, 30.00000000000000711 ) ) ;
#1212 = CARTESIAN_POINT ( 'NONE',  ( 9.999999999999998224, 0.000000000000000000, -21.74999999999998579 ) ) ;
#1213 = ORIENTED_EDGE ( 'NONE', *, *, #2270, .F. ) ;
#1214 = CARTESIAN_POINT ( 'NONE',  ( -12.99999999999999822, 25.00000000000000355, 2.255140518769849223E-15 ) ) ;
#1215 = CARTESIAN_POINT ( 'NONE',  ( -19.99999999999999645, 25.00000000000000000, 25.61593795664341044 ) ) ;
#1216 = VERTEX_POINT ( 'NONE', #452 ) ;
#1217 = DIRECTION ( 'NONE',  ( 0.000000000000000000, 0.000000000000000000, 1.000000000000000000 ) ) ;
#1218 = VERTEX_POINT ( 'NONE', #1105 ) ;
#1219 = DIRECTION ( 'NONE',  ( 0.000000000000000000, 0.7071067811865474617, 0.7071067811865476838 ) ) ;
#1220 = CARTESIAN_POINT ( 'NONE',  ( -13.00000000000000178, 7.000000000000000888, -15.49999999999999289 ) ) ;
#1221 = CARTESIAN_POINT ( 'NONE',  ( -10.00000000000000178, 10.00000000000000000, 20.00000000000001066 ) ) ;
#1222 = ORIENTED_EDGE ( 'NONE', *, *, #1085, .F. ) ;
#1223 = PLANE ( 'NONE',  #2266 ) ;
#1224 = DIRECTION ( 'NONE',  ( 1.000000000000000000, 0.000000000000000000, 0.000000000000000000 ) ) ;
#1225 = ORIENTED_EDGE ( 'NONE', *, *, #518, .F. ) ;
#1226 = CIRCLE ( 'NONE', #1233, 1.749999999999994671 ) ;
#1227 = EDGE_LOOP ( 'NONE', ( #1269, #216, #2271, #422 ) ) ;
#1228 = AXIS2_PLACEMENT_3D ( 'NONE', #2208, #513, #1190 ) ;
#1229 = FACE_OUTER_BOUND ( 'NONE', #524, .T. ) ;
#1230 = CARTESIAN_POINT ( 'NONE',  ( -13.00000000000000178, 0.000000000000000000, -15.49999999999999467 ) ) ;
#1231 = AXIS2_PLACEMENT_3D ( 'NONE', #1282, #1098, #1987 ) ;
#1232 = EDGE_LOOP ( 'NONE', ( #1559, #1001, #2110, #1684 ) ) ;
#1233 = AXIS2_PLACEMENT_3D ( 'NONE', #363, #912, #1617 ) ;
#1234 = FACE_OUTER_BOUND ( 'NONE', #1789, .T. ) ;
#1235 = ADVANCED_FACE ( 'NONE', ( #55 ), #441, .F. ) ;
#1236 =( BOUNDED_CURVE ( )  B_SPLINE_CURVE ( 3, ( #591, #1474, #2184, #1661 ),
 .UNSPECIFIED., .F., .T. ) 
 B_SPLINE_CURVE_WITH_KNOTS ( ( 4, 4 ),
 ( 1.570796326794897002, 3.141592653589793116 ),
 .UNSPECIFIED. ) 
 CURVE ( )  GEOMETRIC_REPRESENTATION_ITEM ( )  RATIONAL_B_SPLINE_CURVE ( ( 1.000000000000000000, 0.8047378541243650485, 0.8047378541243650485, 1.000000000000000000 ) ) 
 REPRESENTATION_ITEM ( '' )  );
#1237 = VECTOR ( 'NONE', #967, 1000.000000000000000 ) ;
#1238 = CARTESIAN_POINT ( 'NONE',  ( 25.00000000000000000, 25.00000000000000000, -14.00000000000000533 ) ) ;
#1239 = ADVANCED_FACE ( 'NONE', ( #2163 ), #1464, .T. ) ;
#1240 = ADVANCED_FACE ( 'NONE', ( #263 ), #79, .F. ) ;
#1241 = FACE_OUTER_BOUND ( 'NONE', #2224, .T. ) ;
#1242 = VERTEX_POINT ( 'NONE', #1486 ) ;
#1243 = ORIENTED_EDGE ( 'NONE', *, *, #1849, .F. ) ;
#1244 = LINE ( 'NONE', #1947, #1521 ) ;
#1245 = DIRECTION ( 'NONE',  ( 2.891205793294677833E-16, 0.000000000000000000, 1.000000000000000000 ) ) ;
#1246 = VERTEX_POINT ( 'NONE', #1142 ) ;
#1247 = DIRECTION ( 'NONE',  ( 0.000000000000000000, -1.000000000000000000, 0.000000000000000000 ) ) ;
#1248 = DIRECTION ( 'NONE',  ( 0.000000000000000000, 0.000000000000000000, 1.000000000000000000 ) ) ;
#1249 = LINE ( 'NONE', #1933, #1931 ) ;
#1250 = EDGE_CURVE ( 'NONE', #1618, #1218, #934, .T. ) ;
#1251 = VERTEX_POINT ( 'NONE', #2004 ) ;
#1252 = ORIENTED_EDGE ( 'NONE', *, *, #2078, .F. ) ;
#1253 = CARTESIAN_POINT ( 'NONE',  ( -10.00000000000000178, 10.00000000000000000, 21.75000000000001066 ) ) ;
#1254 = ORIENTED_EDGE ( 'NONE', *, *, #735, .T. ) ;
#1255 = CARTESIAN_POINT ( 'NONE',  ( -10.00000000000000178, 10.00000000000000000, 20.00000000000001066 ) ) ;
#1256 = FACE_OUTER_BOUND ( 'NONE', #194, .T. ) ;
#1257 = EDGE_CURVE ( 'NONE', #1800, #305, #427, .T. ) ;
#1258 = FACE_OUTER_BOUND ( 'NONE', #1964, .T. ) ;
#1259 = ORIENTED_EDGE ( 'NONE', *, *, #89, .F. ) ;
#1260 = ORIENTED_EDGE ( 'NONE', *, *, #2114, .T. ) ;
#1261 = FACE_OUTER_BOUND ( 'NONE', #1483, .T. ) ;
#1262 = ORIENTED_EDGE ( 'NONE', *, *, #1665, .F. ) ;
#1263 = DIRECTION ( 'NONE',  ( 1.734723475976807341E-16, -1.000000000000000000, 0.000000000000000000 ) ) ;
#1264 = AXIS2_PLACEMENT_3D ( 'NONE', #956, #2173, #415 ) ;
#1265 = CARTESIAN_POINT ( 'NONE',  ( -19.99999999999999645, 25.00000000000000000, 20.24192641962564565 ) ) ;
#1266 = AXIS2_PLACEMENT_3D ( 'NONE', #1350, #308, #1705 ) ;
#1267 = CARTESIAN_POINT ( 'NONE',  ( 0.000000000000000000, 25.00000000000000000, 0.000000000000000000 ) ) ;
#1268 = VECTOR ( 'NONE', #295, 1000.000000000000000 ) ;
#1269 = ORIENTED_EDGE ( 'NONE', *, *, #278, .F. ) ;
#1270 = ADVANCED_FACE ( 'NONE', ( #1130 ), #1650, .F. ) ;
#1271 = VERTEX_POINT ( 'NONE', #1640 ) ;
#1272 = DIRECTION ( 'NONE',  ( 0.000000000000000000, 1.000000000000000000, 2.478176394252581141E-16 ) ) ;
#1273 = CARTESIAN_POINT ( 'NONE',  ( 15.00000000000000711, 9.999999999999996447, 30.00000000000000711 ) ) ;
#1274 = EDGE_CURVE ( 'NONE', #1379, #1246, #1236, .T. ) ;
#1275 = FACE_OUTER_BOUND ( 'NONE', #768, .T. ) ;
#1276 = CIRCLE ( 'NONE', #291, 7.599999999999999645 ) ;
#1277 = CARTESIAN_POINT ( 'NONE',  ( -5.000000000000000888, 25.00000000000000000, 31.00000000000000355 ) ) ;
#1278 = DIRECTION ( 'NONE',  ( 0.000000000000000000, -0.7071067811865474617, -0.7071067811865474617 ) ) ;
#1279 = LINE ( 'NONE', #1475, #1493 ) ;
#1280 = ORIENTED_EDGE ( 'NONE', *, *, #213, .F. ) ;
#1281 = DIRECTION ( 'NONE',  ( 1.000000000000000000, 0.000000000000000000, -1.734723475976807587E-16 ) ) ;
#1282 = CARTESIAN_POINT ( 'NONE',  ( -10.00000000000000178, 10.00000000000000000, -19.99999999999998934 ) ) ;
#1283 = EDGE_LOOP ( 'NONE', ( #6, #1958, #127, #1642, #836 ) ) ;
#1284 = DIRECTION ( 'NONE',  ( -1.000000000000000000, -0.000000000000000000, -0.000000000000000000 ) ) ;
#1285 = EDGE_CURVE ( 'NONE', #334, #2186, #91, .T. ) ;
#1286 = CARTESIAN_POINT ( 'NONE',  ( -23.79999999999999361, 25.00000000000000000, 25.61593795664341044 ) ) ;
#1287 = ORIENTED_EDGE ( 'NONE', *, *, #669, .T. ) ;
#1288 = DIRECTION ( 'NONE',  ( 0.000000000000000000, -0.000000000000000000, 1.000000000000000000 ) ) ;
#1289 = ORIENTED_EDGE ( 'NONE', *, *, #997, .T. ) ;
#1290 =( GEOMETRIC_REPRESENTATION_CONTEXT ( 3 ) GLOBAL_UNCERTAINTY_ASSIGNED_CONTEXT ( ( #220 ) ) GLOBAL_UNIT_ASSIGNED_CONTEXT ( ( #2097, #1368, #2248 ) ) REPRESENTATION_CONTEXT ( 'NONE', 'WORKASPACE' ) );
#1291 = VERTEX_POINT ( 'NONE', #1802 ) ;
#1292 = CARTESIAN_POINT ( 'NONE',  ( 25.00000000000000000, 4.999999999999992006, -29.99999999999999289 ) ) ;
#1293 = CYLINDRICAL_SURFACE ( 'NONE', #1231, 1.750000000000001554 ) ;
#1294 = ORIENTED_EDGE ( 'NONE', *, *, #2222, .T. ) ;
#1295 = ADVANCED_FACE ( 'NONE', ( #274, #970 ), #2174, .T. ) ;
#1296 = VECTOR ( 'NONE', #416, 1000.000000000000000 ) ;
#1297 = CARTESIAN_POINT ( 'NONE',  ( -25.00000000000000000, -1.653273178848926669E-15, 20.00000000000000711 ) ) ;
#1298 = EDGE_CURVE ( 'NONE', #719, #1077, #547, .T. ) ;
#1299 = EDGE_CURVE ( 'NONE', #1218, #1622, #1993, .T. ) ;
#1300 = AXIS2_PLACEMENT_3D ( 'NONE', #439, #1615, #405 ) ;
#1301 = DIRECTION ( 'NONE',  ( 2.282530889443167515E-16, 0.000000000000000000, 1.000000000000000000 ) ) ;
#1302 = EDGE_CURVE ( 'NONE', #627, #1841, #94, .T. ) ;
#1303 = LINE ( 'NONE', #938, #1644 ) ;
#1304 = AXIS2_PLACEMENT_3D ( 'NONE', #1892, #853, #1040 ) ;
#1305 = VERTEX_POINT ( 'NONE', #1983 ) ;
#1306 = CARTESIAN_POINT ( 'NONE',  ( -13.00000000000000178, 0.000000000000000000, 6.938893903907230350E-16 ) ) ;
#1307 = DIRECTION ( 'NONE',  ( 0.000000000000000000, -0.7071067811865474617, -0.7071067811865476838 ) ) ;
#1308 = VERTEX_POINT ( 'NONE', #299 ) ;
#1309 = CARTESIAN_POINT ( 'NONE',  ( 7.494902779869025977, 22.96232349191875599, 20.90698694750737729 ) ) ;
#1310 = DIRECTION ( 'NONE',  ( 0.000000000000000000, -0.7071067811865473507, 0.7071067811865476838 ) ) ;
#1311 = FACE_OUTER_BOUND ( 'NONE', #2257, .T. ) ;
#1312 = ORIENTED_EDGE ( 'NONE', *, *, #125, .T. ) ;
#1313 = CARTESIAN_POINT ( 'NONE',  ( 13.00000000000000178, 25.00000000000000355, -2.255140518769849223E-15 ) ) ;
#1314 = EDGE_CURVE ( 'NONE', #96, #1391, #2153, .T. ) ;
#1315 = ORIENTED_EDGE ( 'NONE', *, *, #600, .F. ) ;
#1316 = LINE ( 'NONE', #128, #1739 ) ;
#1317 = ORIENTED_EDGE ( 'NONE', *, *, #89, .T. ) ;
#1318 = CARTESIAN_POINT ( 'NONE',  ( 1.019554750455133885, 17.30052567222554316, 19.53789989653313697 ) ) ;
#1319 = LINE ( 'NONE', #1187, #286 ) ;
#1320 = FACE_OUTER_BOUND ( 'NONE', #732, .T. ) ;
#1321 = ORIENTED_EDGE ( 'NONE', *, *, #1501, .T. ) ;
#1322 = FACE_OUTER_BOUND ( 'NONE', #315, .T. ) ;
#1323 = AXIS2_PLACEMENT_3D ( 'NONE', #779, #975, #626 ) ;
#1324 = VERTEX_POINT ( 'NONE', #1336 ) ;
#1325 = ADVANCED_FACE ( 'NONE', ( #1204 ), #1363, .T. ) ;
#1326 = VERTEX_POINT ( 'NONE', #150 ) ;
#1327 = EDGE_CURVE ( 'NONE', #2186, #517, #1180, .T. ) ;
#1328 = PLANE ( 'NONE',  #346 ) ;
#1329 = ORIENTED_EDGE ( 'NONE', *, *, #1133, .T. ) ;
#1330 = EDGE_CURVE ( 'NONE', #117, #241, #1167, .T. ) ;
#1331 = CARTESIAN_POINT ( 'NONE',  ( 7.685888765479251816, 23.97249023074347463, 20.97641101065229918 ) ) ;
#1332 = DIRECTION ( 'NONE',  ( 0.000000000000000000, 1.334402673828313093E-16, -1.000000000000000000 ) ) ;
#1333 = DIRECTION ( 'NONE',  ( 0.000000000000000000, -1.334402673828313093E-16, 1.000000000000000000 ) ) ;
#1334 = ORIENTED_EDGE ( 'NONE', *, *, #301, .F. ) ;
#1335 = AXIS2_PLACEMENT_3D ( 'NONE', #3, #716, #1570 ) ;
#1336 = CARTESIAN_POINT ( 'NONE',  ( -10.00000000000000178, 0.000000000000000000, 18.25000000000001066 ) ) ;
#1337 = VECTOR ( 'NONE', #845, 1000.000000000000000 ) ;
#1338 = PLANE ( 'NONE',  #1496 ) ;
#1339 = AXIS2_PLACEMENT_3D ( 'NONE', #596, #1799, #411 ) ;
#1340 = AXIS2_PLACEMENT_3D ( 'NONE', #348, #37, #45 ) ;
#1341 = EDGE_LOOP ( 'NONE', ( #130, #1517, #1867, #1828 ) ) ;
#1342 = VECTOR ( 'NONE', #701, 1000.000000000000000 ) ;
#1343 = DIRECTION ( 'NONE',  ( 0.000000000000000000, 0.000000000000000000, 1.000000000000000000 ) ) ;
#1344 = EDGE_CURVE ( 'NONE', #1051, #1399, #1885, .T. ) ;
#1345 = ADVANCED_FACE ( 'NONE', ( #1499 ), #310, .F. ) ;
#1347 = ORIENTED_EDGE ( 'NONE', *, *, #2270, .T. ) ;
#1346 = CIRCLE ( 'NONE', #1387, 8.000000000000000000 ) ;
#1348 = DIRECTION ( 'NONE',  ( 0.000000000000000000, 0.000000000000000000, 1.000000000000000000 ) ) ;
#1349 = DIRECTION ( 'NONE',  ( 0.000000000000000000, -0.7071067811865474617, -0.7071067811865476838 ) ) ;
#1350 = CARTESIAN_POINT ( 'NONE',  ( -20.00000000000000000, 15.00000000000000000, -19.99999999999998934 ) ) ;
#1351 = VERTEX_POINT ( 'NONE', #837 ) ;
#1352 = CARTESIAN_POINT ( 'NONE',  ( -10.00000000000000178, 0.000000000000000000, 21.75000000000001066 ) ) ;
#1353 = DIRECTION ( 'NONE',  ( 0.000000000000000000, 0.7071067811865474617, 0.7071067811865476838 ) ) ;
#1354 = CIRCLE ( 'NONE', #372, 1.899999999999997913 ) ;
#1355 = DIRECTION ( 'NONE',  ( 1.000000000000000000, 0.000000000000000000, -0.000000000000000000 ) ) ;
#1356 = ORIENTED_EDGE ( 'NONE', *, *, #1539, .T. ) ;
#1357 = FACE_OUTER_BOUND ( 'NONE', #1402, .T. ) ;
#1358 = ORIENTED_EDGE ( 'NONE', *, *, #1458, .T. ) ;
#1359 = CARTESIAN_POINT ( 'NONE',  ( 7.647301964755448545, 23.71661737285152682, 20.96226338509374187 ) ) ;
#1360 = CARTESIAN_POINT ( 'NONE',  ( -23.79999999999999361, 25.00000000000000000, -25.61593795664341044 ) ) ;
#1361 = CARTESIAN_POINT ( 'NONE',  ( 17.99999999999999289, 7.000000000000002665, -15.49999999999999289 ) ) ;
#1362 = ORIENTED_EDGE ( 'NONE', *, *, #1162, .F. ) ;
#1363 = PLANE ( 'NONE',  #1378 ) ;
#1364 = DIRECTION ( 'NONE',  ( 0.000000000000000000, -1.000000000000000000, 0.000000000000000000 ) ) ;
#1365 = VECTOR ( 'NONE', #1490, 1000.000000000000000 ) ;
#1366 = CARTESIAN_POINT ( 'NONE',  ( 25.00000000000001066, 25.00000000000000000, -6.000000000000005329 ) ) ;
#1367 = ORIENTED_EDGE ( 'NONE', *, *, #234, .T. ) ;
#1368 =( NAMED_UNIT ( * ) PLANE_ANGLE_UNIT ( ) SI_UNIT ( $, .RADIAN. ) );
#1369 = ORIENTED_EDGE ( 'NONE', *, *, #234, .F. ) ;
#1370 = CARTESIAN_POINT ( 'NONE',  ( -25.00000000000000000, 4.999999999999990230, -29.99999999999999289 ) ) ;
#1371 = CARTESIAN_POINT ( 'NONE',  ( 13.00000000000000178, -1.653273178848926669E-15, 20.00000000000000711 ) ) ;
#1372 = CARTESIAN_POINT ( 'NONE',  ( -10.00000000000000178, 0.000000000000000000, -18.24999999999998934 ) ) ;
#1373 = ORIENTED_EDGE ( 'NONE', *, *, #528, .T. ) ;
#1374 = CARTESIAN_POINT ( 'NONE',  ( 0.000000000000000000, 25.00000000000000000, 40.00000000000000711 ) ) ;
#1375 = ADVANCED_FACE ( 'NONE', ( #1686 ), #1911, .F. ) ;
#1376 = FILL_AREA_STYLE ('',( #962 ) ) ;
#1377 = ADVANCED_FACE ( 'NONE', ( #1322, #1005, #2028 ), #112, .T. ) ;
#1378 = AXIS2_PLACEMENT_3D ( 'NONE', #335, #993, #1897 ) ;
#1379 = VERTEX_POINT ( 'NONE', #1548 ) ;
#1380 = AXIS2_PLACEMENT_3D ( 'NONE', #1545, #2216, #981 ) ;
#1381 = CIRCLE ( 'NONE', #868, 1.899999999999997913 ) ;
#1382 = DIRECTION ( 'NONE',  ( 1.000000000000000000, 0.000000000000000000, 0.000000000000000000 ) ) ;
#1383 = ORIENTED_EDGE ( 'NONE', *, *, #738, .T. ) ;
#1384 = DIRECTION ( 'NONE',  ( 0.000000000000000000, -0.000000000000000000, -1.000000000000000000 ) ) ;
#1385 = CARTESIAN_POINT ( 'NONE',  ( -10.00000000000000178, 10.00000000000000178, 30.00000000000000711 ) ) ;
#1386 = DIRECTION ( 'NONE',  ( 1.000000000000000000, 0.000000000000000000, 0.000000000000000000 ) ) ;
#1387 = AXIS2_PLACEMENT_3D ( 'NONE', #2087, #1925, #1013 ) ;
#1388 = ORIENTED_EDGE ( 'NONE', *, *, #1501, .F. ) ;
#1389 = CARTESIAN_POINT ( 'NONE',  ( -10.00000000000000178, 10.00000000000000000, 20.00000000000001066 ) ) ;
#1390 = EDGE_CURVE ( 'NONE', #96, #1216, #1708, .T. ) ;
#1391 = VERTEX_POINT ( 'NONE', #681 ) ;
#1392 = ORIENTED_EDGE ( 'NONE', *, *, #184, .T. ) ;
#1393 = DIRECTION ( 'NONE',  ( 0.000000000000000000, -1.000000000000000000, 0.000000000000000000 ) ) ;
#1394 = DIRECTION ( 'NONE',  ( -0.000000000000000000, -0.000000000000000000, -1.000000000000000000 ) ) ;
#1395 = FACE_OUTER_BOUND ( 'NONE', #1062, .T. ) ;
#1396 = ORIENTED_EDGE ( 'NONE', *, *, #2226, .T. ) ;
#1397 = FACE_BOUND ( 'NONE', #262, .T. ) ;
#1398 = DIRECTION ( 'NONE',  ( 1.000000000000000000, -0.000000000000000000, -5.782411586589358625E-17 ) ) ;
#1399 = VERTEX_POINT ( 'NONE', #103 ) ;
#1400 = ADVANCED_FACE ( 'NONE', ( #2233 ), #2067, .F. ) ;
#1401 = AXIS2_PLACEMENT_3D ( 'NONE', #1679, #1137, #1512 ) ;
#1402 = EDGE_LOOP ( 'NONE', ( #1995, #2072, #594, #925, #1889, #1412, #1720, #791, #46, #42, #1550, #927, #1203, #587, #1838, #259, #527 ) ) ;
#1403 = CARTESIAN_POINT ( 'NONE',  ( -16.99999999999998224, 25.00000000000000355, 2.949029909160570088E-15 ) ) ;
#1404 = CARTESIAN_POINT ( 'NONE',  ( 23.79999999999999716, 25.00000000000000000, 20.24192641962565276 ) ) ;
#1405 = CARTESIAN_POINT ( 'NONE',  ( 25.00000000000000000, 1.999999999999981792, -26.99999999999996803 ) ) ;
#1406 = ORIENTED_EDGE ( 'NONE', *, *, #680, .F. ) ;
#1407 = DIRECTION ( 'NONE',  ( -1.000000000000000000, -0.000000000000000000, -0.000000000000000000 ) ) ;
#1408 = DIRECTION ( 'NONE',  ( 1.000000000000000000, 0.000000000000000000, 0.000000000000000000 ) ) ;
#1409 = CARTESIAN_POINT ( 'NONE',  ( 9.999999999999994671, 10.00000000000000000, 20.00000000000001066 ) ) ;
#1410 = EDGE_LOOP ( 'NONE', ( #945, #998 ) ) ;
#1411 = AXIS2_PLACEMENT_3D ( 'NONE', #1313, #252, #1301 ) ;
#1412 = ORIENTED_EDGE ( 'NONE', *, *, #648, .F. ) ;
#1413 = DIRECTION ( 'NONE',  ( -1.734723475976808327E-16, 1.000000000000000000, -0.000000000000000000 ) ) ;
#1414 = CARTESIAN_POINT ( 'NONE',  ( 9.999999999999998224, 10.00000000000000000, -19.99999999999998934 ) ) ;
#1415 = VECTOR ( 'NONE', #642, 1000.000000000000000 ) ;
#1417 = VERTEX_POINT ( 'NONE', #658 ) ;
#1416 = VECTOR ( 'NONE', #1284, 1000.000000000000000 ) ;
#1418 = LINE ( 'NONE', #1056, #144 ) ;
#1419 = VECTOR ( 'NONE', #1310, 1000.000000000000114 ) ;
#1420 = CYLINDRICAL_SURFACE ( 'NONE', #1671, 1.899999999999999911 ) ;
#1421 = EDGE_LOOP ( 'NONE', ( #982, #1690, #457, #576, #349, #1209, #2090, #1457, #1819, #21, #667 ) ) ;
#1422 = CIRCLE ( 'NONE', #442, 1.750000000000001554 ) ;
#1423 = VERTEX_POINT ( 'NONE', #1352 ) ;
#1424 = CARTESIAN_POINT ( 'NONE',  ( 20.00000000000000000, 12.67766952966369587, -10.60660171779822036 ) ) ;
#1425 = PLANE ( 'NONE',  #2145 ) ;
#1426 = VERTEX_POINT ( 'NONE', #138 ) ;
#1427 = EDGE_CURVE ( 'NONE', #1891, #2094, #1535, .T. ) ;
#1428 = DIRECTION ( 'NONE',  ( -5.782411586589357392E-17, -0.000000000000000000, -1.000000000000000000 ) ) ;
#1429 = EDGE_CURVE ( 'NONE', #1305, #2278, #802, .T. ) ;
#1430 = LINE ( 'NONE', #2265, #322 ) ;
#1431 = VERTEX_POINT ( 'NONE', #1018 ) ;
#1432 = EDGE_CURVE ( 'NONE', #276, #1291, #2077, .T. ) ;
#1433 = DIRECTION ( 'NONE',  ( -1.000000000000000000, -0.000000000000000000, 1.734723475976807094E-16 ) ) ;
#1434 = VERTEX_POINT ( 'NONE', #1509 ) ;
#1435 = ORIENTED_EDGE ( 'NONE', *, *, #920, .T. ) ;
#1436 = CARTESIAN_POINT ( 'NONE',  ( -19.99999999999999645, 28.53553390593274131, 26.46446609406726935 ) ) ;
#1437 = CIRCLE ( 'NONE', #775, 21.00000000000000000 ) ;
#1438 = ORIENTED_EDGE ( 'NONE', *, *, #475, .F. ) ;
#1439 = LINE ( 'NONE', #2139, #476 ) ;
#1440 = DIRECTION ( 'NONE',  ( -0.000000000000000000, -1.000000000000000000, -0.000000000000000000 ) ) ;
#1441 = CARTESIAN_POINT ( 'NONE',  ( -17.99999999999999289, 7.000000000000000888, -15.49999999999999289 ) ) ;
#1442 = EDGE_CURVE ( 'NONE', #2194, #1834, #487, .T. ) ;
#1443 = ADVANCED_FACE ( 'NONE', ( #1 ), #1920, .F. ) ;
#1444 = ORIENTED_EDGE ( 'NONE', *, *, #1442, .T. ) ;
#1445 = EDGE_CURVE ( 'NONE', #1242, #2018, #1960, .T. ) ;
#1446 = AXIS2_PLACEMENT_3D ( 'NONE', #873, #1059, #1770 ) ;
#1447 = EDGE_LOOP ( 'NONE', ( #675, #122 ) ) ;
#1448 = DIRECTION ( 'NONE',  ( -1.734723475976807094E-16, 0.000000000000000000, -1.000000000000000000 ) ) ;
#1449 = PLANE ( 'NONE',  #550 ) ;
#1450 = DIRECTION ( 'NONE',  ( -0.000000000000000000, -0.000000000000000000, -1.000000000000000000 ) ) ;
#1451 = AXIS2_PLACEMENT_3D ( 'NONE', #462, #1727, #2042 ) ;
#1452 = CYLINDRICAL_SURFACE ( 'NONE', #1300, 1.899999999999999911 ) ;
#1453 = AXIS2_PLACEMENT_3D ( 'NONE', #2252, #820, #272 ) ;
#1454 = CARTESIAN_POINT ( 'NONE',  ( 0.000000000000000000, 25.00000000000000000, 30.00000000000000711 ) ) ;
#1455 = VECTOR ( 'NONE', #1393, 1000.000000000000000 ) ;
#1456 = LINE ( 'NONE', #2175, #1726 ) ;
#1457 = ORIENTED_EDGE ( 'NONE', *, *, #935, .F. ) ;
#1458 = EDGE_CURVE ( 'NONE', #1529, #329, #1738, .T. ) ;
#1459 = CARTESIAN_POINT ( 'NONE',  ( 0.000000000000000000, 25.00000000000000000, 30.00000000000000711 ) ) ;
#1460 = CARTESIAN_POINT ( 'NONE',  ( 9.999999999999998224, 10.00000000000000000, -19.99999999999998934 ) ) ;
#1461 = ORIENTED_EDGE ( 'NONE', *, *, #298, .F. ) ;
#1462 = DIRECTION ( 'NONE',  ( -0.000000000000000000, -1.000000000000000000, -0.000000000000000000 ) ) ;
#1463 = FACE_OUTER_BOUND ( 'NONE', #227, .T. ) ;
#1464 = PLANE ( 'NONE',  #1112 ) ;
#1465 = CARTESIAN_POINT ( 'NONE',  ( 25.00000000000000000, 25.00000000000000000, -26.99999999999996803 ) ) ;
#1466 = ADVANCED_FACE ( 'NONE', ( #159 ), #1420, .F. ) ;
#1467 = ORIENTED_EDGE ( 'NONE', *, *, #697, .T. ) ;
#1468 = DIRECTION ( 'NONE',  ( 0.000000000000000000, 0.000000000000000000, -1.000000000000000000 ) ) ;
#1469 = CYLINDRICAL_SURFACE ( 'NONE', #2254, 1.750000000000001554 ) ;
#1470 = ADVANCED_FACE ( 'NONE', ( #1593 ), #1223, .T. ) ;
#1471 = CARTESIAN_POINT ( 'NONE',  ( 25.00000000000000000, 0.000000000000000000, -29.99999999999999289 ) ) ;
#1472 = LINE ( 'NONE', #609, #1484 ) ;
#1473 = VECTOR ( 'NONE', #885, 1000.000000000000000 ) ;
#1474 = CARTESIAN_POINT ( 'NONE',  ( -12.07106781186547551, 12.92893218813452449, 30.00000000000000355 ) ) ;
#1475 = CARTESIAN_POINT ( 'NONE',  ( -25.99999999999996092, 25.00000000000000000, -26.00000000000002132 ) ) ;
#1476 = VERTEX_POINT ( 'NONE', #736 ) ;
#1477 = CARTESIAN_POINT ( 'NONE',  ( 0.000000000000000000, 25.00000000000000000, 26.00000000000000711 ) ) ;
#1478 = EDGE_LOOP ( 'NONE', ( #1632, #2249, #49, #409 ) ) ;
#1479 = CARTESIAN_POINT ( 'NONE',  ( -7.250362714155431654, 22.25061908201920602, 20.82058719760522081 ) ) ;
#1480 = EDGE_CURVE ( 'NONE', #1622, #276, #1430, .T. ) ;
#1481 = CARTESIAN_POINT ( 'NONE',  ( -23.79999999999999361, 25.00000000000000000, -20.24192641962565276 ) ) ;
#1482 = CARTESIAN_POINT ( 'NONE',  ( 8.750000000000007105, 25.00000000000000000, 21.00000000000000355 ) ) ;
#1483 = EDGE_LOOP ( 'NONE', ( #1748, #647, #477, #297 ) ) ;
#1484 = VECTOR ( 'NONE', #2206, 1000.000000000000000 ) ;
#1485 = CIRCLE ( 'NONE', #2082, 1.749999999999994671 ) ;
#1486 = CARTESIAN_POINT ( 'NONE',  ( 7.750000000000000000, 25.00000000000000000, 26.00000000000000711 ) ) ;
#1487 = DIRECTION ( 'NONE',  ( 0.000000000000000000, 0.000000000000000000, -1.000000000000000000 ) ) ;
#1488 = VERTEX_POINT ( 'NONE', #2131 ) ;
#1489 = CARTESIAN_POINT ( 'NONE',  ( -21.99999999999998579, 25.00000000000000000, -29.99999999999999289 ) ) ;
#1490 = DIRECTION ( 'NONE',  ( 1.734723475976807094E-16, -0.000000000000000000, 1.000000000000000000 ) ) ;
#1491 = VERTEX_POINT ( 'NONE', #192 ) ;
#1492 = CARTESIAN_POINT ( 'NONE',  ( -3.893520974491186504, 18.27980965875990194, 19.89792250491171188 ) ) ;
#1493 = VECTOR ( 'NONE', #288, 1000.000000000000000 ) ;
#1494 = CARTESIAN_POINT ( 'NONE',  ( -13.00000000000000178, -1.653273178848926669E-15, 20.00000000000000711 ) ) ;
#1495 = LINE ( 'NONE', #2026, #1415 ) ;
#1496 = AXIS2_PLACEMENT_3D ( 'NONE', #191, #1353, #1709 ) ;
#1497 = ADVANCED_FACE ( 'NONE', ( #2105 ), #358, .F. ) ;
#1498 = ORIENTED_EDGE ( 'NONE', *, *, #1992, .F. ) ;
#1499 = FACE_OUTER_BOUND ( 'NONE', #81, .T. ) ;
#1500 = CARTESIAN_POINT ( 'NONE',  ( -24.99999999999999289, 25.00000000000000000, 14.00000000000000533 ) ) ;
#1501 = EDGE_CURVE ( 'NONE', #1567, #1242, #613, .T. ) ;
#1502 = VERTEX_POINT ( 'NONE', #1779 ) ;
#1503 = CARTESIAN_POINT ( 'NONE',  ( 17.00000000000000000, 25.00000000000000355, -2.949029909160570877E-15 ) ) ;
#1504 = VERTEX_POINT ( 'NONE', #1238 ) ;
#1505 = CARTESIAN_POINT ( 'NONE',  ( 6.704244552369679866, 21.10382100709433928, 20.63665353580158879 ) ) ;
#1506 = DIRECTION ( 'NONE',  ( -0.7071067811865435759, 0.7071067811865514585, 1.343457088903539473E-16 ) ) ;
#1507 = LINE ( 'NONE', #2262, #725 ) ;
#1508 = VERTEX_POINT ( 'NONE', #1582 ) ;
#1509 = CARTESIAN_POINT ( 'NONE',  ( 3.250000000000000000, 25.00000000000000000, 31.00000000000000355 ) ) ;
#1510 = LINE ( 'NONE', #139, #841 ) ;
#1511 = ORIENTED_EDGE ( 'NONE', *, *, #1327, .F. ) ;
#1512 = DIRECTION ( 'NONE',  ( -1.000000000000000000, 0.000000000000000000, -5.782411586589358625E-17 ) ) ;
#1513 = ORIENTED_EDGE ( 'NONE', *, *, #255, .T. ) ;
#1514 = CARTESIAN_POINT ( 'NONE',  ( -15.00000000000000355, 25.00000000000000000, 35.00000000000000000 ) ) ;
#1515 = FACE_OUTER_BOUND ( 'NONE', #856, .T. ) ;
#1516 = DIRECTION ( 'NONE',  ( 0.000000000000000000, 0.000000000000000000, -1.000000000000000000 ) ) ;
#1517 = ORIENTED_EDGE ( 'NONE', *, *, #1901, .T. ) ;
#1518 = COLOUR_RGB ( '',0.7921568627450980005, 0.8196078431372548767, 0.9333333333333333481 ) ;
#1519 = DIRECTION ( 'NONE',  ( 0.000000000000000000, 0.000000000000000000, 1.000000000000000000 ) ) ;
#1520 = VECTOR ( 'NONE', #601, 1000.000000000000114 ) ;
#1521 = VECTOR ( 'NONE', #2251, 1000.000000000000000 ) ;
#1522 = DIRECTION ( 'NONE',  ( 0.7071067811865466846, 0.000000000000000000, 0.7071067811865483499 ) ) ;
#1523 = VECTOR ( 'NONE', #1568, 1000.000000000000000 ) ;
#1524 = VECTOR ( 'NONE', #953, 1000.000000000000000 ) ;
#1525 = VECTOR ( 'NONE', #1224, 1000.000000000000000 ) ;
#1526 = EDGE_LOOP ( 'NONE', ( #1195, #639, #2211, #1185 ) ) ;
#1527 = VECTOR ( 'NONE', #495, 1000.000000000000000 ) ;
#1528 = LINE ( 'NONE', #292, #746 ) ;
#1529 = VERTEX_POINT ( 'NONE', #890 ) ;
#1530 = ADVANCED_FACE ( 'NONE', ( #2117 ), #182, .F. ) ;
#1531 = CARTESIAN_POINT ( 'NONE',  ( -1.777075447557705301, 17.45216615706919328, 19.59676297721143357 ) ) ;
#1532 = DIRECTION ( 'NONE',  ( 1.000000000000000000, 0.000000000000000000, -0.000000000000000000 ) ) ;
#1533 = EDGE_LOOP ( 'NONE', ( #1924, #651 ) ) ;
#1534 = CLOSED_SHELL ( 'NONE', ( #870, #353, #899, #622, #398, #1749, #1574, #2046, #114, #352, #1400, #1295, #734, #2068, #1377, #1614, #1530, #2167, #1547, #668, #209, #2031, #250, #1240, #1543, #1166, #1736, #1443, #1270, #1470, #1856, #2096, #2005, #529, #1857, #1157, #515, #2095, #1325, #1345, #2084, #800, #1497, #708, #1790, #637, #1239, #832, #2210, #978, #1235, #2220, #251, #1178, #402, #2195, #223, #1466, #1118, #1585, #1063, #1375, #926, #1760, #897, #1745, #254, #1943, #718, #1926, #1978, #1625, #339 ) ) ;
#1535 = LINE ( 'NONE', #811, #1786 ) ;
#1536 = DIRECTION ( 'NONE',  ( -1.000000000000000000, 0.000000000000000000, 1.734723475976807094E-16 ) ) ;
#1537 = DIRECTION ( 'NONE',  ( 0.000000000000000000, -1.000000000000000000, 0.000000000000000000 ) ) ;
#1538 = ORIENTED_EDGE ( 'NONE', *, *, #535, .T. ) ;
#1539 = EDGE_CURVE ( 'NONE', #1622, #76, #347, .T. ) ;
#1540 = CARTESIAN_POINT ( 'NONE',  ( 13.00000000000000178, 1.999999999999951372, 20.00000000000000711 ) ) ;
#1541 = ORIENTED_EDGE ( 'NONE', *, *, #1089, .T. ) ;
#1542 = LINE ( 'NONE', #2275, #1455 ) ;
#1543 = ADVANCED_FACE ( 'NONE', ( #1256 ), #525, .F. ) ;
#1544 = CARTESIAN_POINT ( 'NONE',  ( -15.00000000000000355, 25.00000000000000000, 30.00000000000000711 ) ) ;
#1545 = CARTESIAN_POINT ( 'NONE',  ( 13.00000000000000178, 0.000000000000000000, 6.938893903907230350E-16 ) ) ;
#1546 = ORIENTED_EDGE ( 'NONE', *, *, #15, .T. ) ;
#1547 = ADVANCED_FACE ( 'NONE', ( #723, #1397, #901 ), #1057, .F. ) ;
#1548 = CARTESIAN_POINT ( 'NONE',  ( -15.00000000000000000, 10.00000000000000178, 30.00000000000000711 ) ) ;
#1549 = CARTESIAN_POINT ( 'NONE',  ( 16.20000000000000284, 25.00000000000000000, -20.24192641962565276 ) ) ;
#1550 = ORIENTED_EDGE ( 'NONE', *, *, #1458, .F. ) ;
#1551 = ORIENTED_EDGE ( 'NONE', *, *, #748, .F. ) ;
#1552 = DIRECTION ( 'NONE',  ( -1.000000000000000000, -0.000000000000000000, 1.734723475976807094E-16 ) ) ;
#1553 = CARTESIAN_POINT ( 'NONE',  ( 23.79999999999999716, 25.00000000000000000, 25.61593795664341044 ) ) ;
#1554 = DIRECTION ( 'NONE',  ( 0.000000000000000000, -1.000000000000000000, 0.000000000000000000 ) ) ;
#1555 = ORIENTED_EDGE ( 'NONE', *, *, #213, .T. ) ;
#1556 = DIRECTION ( 'NONE',  ( 0.000000000000000000, -1.000000000000000000, 0.000000000000000000 ) ) ;
#1557 = EDGE_CURVE ( 'NONE', #2064, #829, #1950, .T. ) ;
#1558 = DIRECTION ( 'NONE',  ( -5.782411586589357392E-17, -0.000000000000000000, -1.000000000000000000 ) ) ;
#1559 = ORIENTED_EDGE ( 'NONE', *, *, #468, .F. ) ;
#1560 = AXIS2_PLACEMENT_3D ( 'NONE', #1908, #354, #687 ) ;
#1561 = VECTOR ( 'NONE', #1015, 1000.000000000000000 ) ;
#1562 = VECTOR ( 'NONE', #1565, 1000.000000000000000 ) ;
#1563 = VERTEX_POINT ( 'NONE', #1102 ) ;
#1564 = DIRECTION ( 'NONE',  ( 0.000000000000000000, 1.000000000000000000, 2.478176394252581141E-16 ) ) ;
#1565 = DIRECTION ( 'NONE',  ( 0.000000000000000000, -0.7071067811865474617, -0.7071067811865476838 ) ) ;
#1566 = CYLINDRICAL_SURFACE ( 'NONE', #471, 5.000000000000000888 ) ;
#1567 = VERTEX_POINT ( 'NONE', #756 ) ;
#1568 = DIRECTION ( 'NONE',  ( -0.000000000000000000, -0.000000000000000000, -1.000000000000000000 ) ) ;
#1569 = EDGE_CURVE ( 'NONE', #1029, #1351, #921, .T. ) ;
#1570 = DIRECTION ( 'NONE',  ( 0.000000000000000000, -0.7071067811865476838, -0.7071067811865474617 ) ) ;
#1571 = EDGE_CURVE ( 'NONE', #1696, #1785, #212, .T. ) ;
#1573 = ORIENTED_EDGE ( 'NONE', *, *, #1711, .F. ) ;
#1572 = AXIS2_PLACEMENT_3D ( 'NONE', #1887, #1522, #1247 ) ;
#1574 = ADVANCED_FACE ( 'NONE', ( #1127 ), #745, .F. ) ;
#1575 = LINE ( 'NONE', #1905, #1587 ) ;
#1576 = ORIENTED_EDGE ( 'NONE', *, *, #2126, .T. ) ;
#1577 = CARTESIAN_POINT ( 'NONE',  ( 10.00000000000000355, 15.00000000000000000, 35.00000000000000000 ) ) ;
#1578 = LINE ( 'NONE', #1544, #1817 ) ;
#1579 = CYLINDRICAL_SURFACE ( 'NONE', #1860, 1.750000000000008438 ) ;
#1580 = ORIENTED_EDGE ( 'NONE', *, *, #748, .T. ) ;
#1581 = DIRECTION ( 'NONE',  ( 0.000000000000000000, 0.000000000000000000, -1.000000000000000000 ) ) ;
#1582 = CARTESIAN_POINT ( 'NONE',  ( 18.25000000000000000, 15.00000000000000000, -29.99999999999999289 ) ) ;
#1583 = CARTESIAN_POINT ( 'NONE',  ( 13.00000000000000000, 25.00000000000000000, -7.600000000000001421 ) ) ;
#1584 = ORIENTED_EDGE ( 'NONE', *, *, #2, .T. ) ;
#1585 = ADVANCED_FACE ( 'NONE', ( #1463 ), #1452, .F. ) ;
#1586 = PRODUCT_CONTEXT ( 'NONE', #1173, 'mechanical' ) ;
#1587 = VECTOR ( 'NONE', #152, 1000.000000000000000 ) ;
#1588 = ORIENTED_EDGE ( 'NONE', *, *, #1539, .F. ) ;
#1589 = DIRECTION ( 'NONE',  ( -1.000000000000000000, 1.734723475976807587E-16, -0.000000000000000000 ) ) ;
#1590 = CARTESIAN_POINT ( 'NONE',  ( 5.000000000000000888, 25.00000000000000000, 31.00000000000000355 ) ) ;
#1591 = VERTEX_POINT ( 'NONE', #774 ) ;
#1592 = DIRECTION ( 'NONE',  ( -0.000000000000000000, -0.000000000000000000, -1.000000000000000000 ) ) ;
#1593 = FACE_OUTER_BOUND ( 'NONE', #1410, .T. ) ;
#1594 = CARTESIAN_POINT ( 'NONE',  ( 20.00000000000000000, 28.53553390593274131, 26.46446609406726935 ) ) ;
#1595 = ORIENTED_EDGE ( 'NONE', *, *, #2143, .F. ) ;
#1596 = VECTOR ( 'NONE', #1952, 1000.000000000000000 ) ;
#1597 = AXIS2_PLACEMENT_3D ( 'NONE', #1267, #1972, #1288 ) ;
#1598 = VERTEX_POINT ( 'NONE', #1482 ) ;
#1599 = AXIS2_PLACEMENT_3D ( 'NONE', #692, #1942, #1047 ) ;
#1600 = AXIS2_PLACEMENT_3D ( 'NONE', #1371, #1014, #2112 ) ;
#1601 = DIRECTION ( 'NONE',  ( 0.000000000000000000, 1.334402673828313093E-16, -1.000000000000000000 ) ) ;
#1602 = DIRECTION ( 'NONE',  ( 1.734723475976807094E-16, -1.000000000000000000, 0.000000000000000000 ) ) ;
#1603 = ORIENTED_EDGE ( 'NONE', *, *, #1432, .F. ) ;
#1604 = CARTESIAN_POINT ( 'NONE',  ( -10.00000000000000178, 0.000000000000000000, -19.99999999999998934 ) ) ;
#1605 = DIRECTION ( 'NONE',  ( 0.000000000000000000, -0.7071067811865474617, 0.7071067811865477948 ) ) ;
#1606 = CARTESIAN_POINT ( 'NONE',  ( 25.00000000000001066, 25.00000000000000000, -6.000000000000005329 ) ) ;
#1607 = ORIENTED_EDGE ( 'NONE', *, *, #634, .T. ) ;
#1608 = AXIS2_PLACEMENT_3D ( 'NONE', #1863, #453, #959 ) ;
#1609 = ORIENTED_EDGE ( 'NONE', *, *, #502, .F. ) ;
#1610 = CARTESIAN_POINT ( 'NONE',  ( 5.000000000000000888, 25.00000000000000000, 35.00000000000000000 ) ) ;
#1611 = DIRECTION ( 'NONE',  ( 1.652117596168387756E-16, 0.000000000000000000, 1.000000000000000000 ) ) ;
#1612 = VERTEX_POINT ( 'NONE', #1981 ) ;
#1613 = CARTESIAN_POINT ( 'NONE',  ( 20.00000000000000000, 28.53553390593273420, -26.46446609406726225 ) ) ;
#1614 = ADVANCED_FACE ( 'NONE', ( #2193 ), #911, .F. ) ;
#1615 = DIRECTION ( 'NONE',  ( 0.000000000000000000, -0.7071067811865474617, 0.7071067811865477948 ) ) ;
#1616 = EDGE_CURVE ( 'NONE', #1218, #740, #1801, .T. ) ;
#1617 = DIRECTION ( 'NONE',  ( 0.000000000000000000, 0.000000000000000000, -1.000000000000000000 ) ) ;
#1618 = VERTEX_POINT ( 'NONE', #261 ) ;
#1619 = ORIENTED_EDGE ( 'NONE', *, *, #884, .F. ) ;
#1620 = DIRECTION ( 'NONE',  ( 0.000000000000000000, -0.7071067811865474617, -0.7071067811865476838 ) ) ;
#1621 = CARTESIAN_POINT ( 'NONE',  ( 25.00000000000000355, 25.00000000000000000, 30.00000000000000711 ) ) ;
#1622 = VERTEX_POINT ( 'NONE', #54 ) ;
#1623 = CYLINDRICAL_SURFACE ( 'NONE', #835, 1.750000000000001554 ) ;
#1624 = DIRECTION ( 'NONE',  ( 1.000000000000000000, 0.000000000000000000, -1.734723475976807094E-16 ) ) ;
#1625 = ADVANCED_FACE ( 'NONE', ( #1311 ), #67, .F. ) ;
#1626 = CARTESIAN_POINT ( 'NONE',  ( 20.00000000000000000, 12.67766952966369587, -10.60660171779822036 ) ) ;
#1627 = ORIENTED_EDGE ( 'NONE', *, *, #1784, .F. ) ;
#1628 = VECTOR ( 'NONE', #2201, 1000.000000000000000 ) ;
#1629 = ORIENTED_EDGE ( 'NONE', *, *, #918, .F. ) ;
#1630 = DIRECTION ( 'NONE',  ( 0.000000000000000000, 0.000000000000000000, -1.000000000000000000 ) ) ;
#1631 = DIRECTION ( 'NONE',  ( 1.000000000000000000, 0.000000000000000000, 0.000000000000000000 ) ) ;
#1632 = ORIENTED_EDGE ( 'NONE', *, *, #5, .F. ) ;
#1633 = DIRECTION ( 'NONE',  ( 1.000000000000000000, 0.000000000000000000, 0.000000000000000000 ) ) ;
#1634 = AXIS2_PLACEMENT_3D ( 'NONE', #1214, #371, #1036 ) ;
#1635 = CIRCLE ( 'NONE', #430, 3.250000000000000000 ) ;
#1636 = DIRECTION ( 'NONE',  ( -0.000000000000000000, -1.000000000000000000, -0.000000000000000000 ) ) ;
#1637 = AXIS2_PLACEMENT_3D ( 'NONE', #1221, #1554, #1201 ) ;
#1638 = AXIS2_PLACEMENT_3D ( 'NONE', #618, #1161, #2048 ) ;
#1639 = EDGE_CURVE ( 'NONE', #2094, #1591, #1783, .T. ) ;
#1640 = CARTESIAN_POINT ( 'NONE',  ( 20.00000000000000000, 14.02117241391813529, 9.263098833543777388 ) ) ;
#1641 = CARTESIAN_POINT ( 'NONE',  ( 21.99999999999998579, 25.00000000000000000, -29.99999999999999289 ) ) ;
#1642 = ORIENTED_EDGE ( 'NONE', *, *, #600, .T. ) ;
#1643 = LINE ( 'NONE', #1292, #205 ) ;
#1644 = VECTOR ( 'NONE', #70, 1000.000000000000000 ) ;
#1645 = LINE ( 'NONE', #1997, #758 ) ;
#1646 = ORIENTED_EDGE ( 'NONE', *, *, #1060, .F. ) ;
#1647 = DIRECTION ( 'NONE',  ( 0.000000000000000000, 0.000000000000000000, -1.000000000000000000 ) ) ;
#1648 = AXIS2_PLACEMENT_3D ( 'NONE', #1006, #812, #1019 ) ;
#1649 = LINE ( 'NONE', #599, #724 ) ;
#1650 = CYLINDRICAL_SURFACE ( 'NONE', #1194, 1.750000000000001554 ) ;
#1651 = LINE ( 'NONE', #2209, #289 ) ;
#1652 = ORIENTED_EDGE ( 'NONE', *, *, #2054, .F. ) ;
#1653 = CARTESIAN_POINT ( 'NONE',  ( -25.00000000000000000, 25.00000000000000000, -26.99999999999998224 ) ) ;
#1654 = CARTESIAN_POINT ( 'NONE',  ( -20.00000000000000000, 15.00000000000000000, -19.99999999999998934 ) ) ;
#1655 = ORIENTED_EDGE ( 'NONE', *, *, #1330, .F. ) ;
#1656 = CARTESIAN_POINT ( 'NONE',  ( -5.124846422798131407, 19.16484396181937200, 20.17635633284633201 ) ) ;
#1657 = CIRCLE ( 'NONE', #1843, 14.00000000000000178 ) ;
#1658 = DIRECTION ( 'NONE',  ( 0.000000000000000000, 1.000000000000000000, 0.000000000000000000 ) ) ;
#1659 = DIRECTION ( 'NONE',  ( 0.000000000000000000, 0.000000000000000000, -1.000000000000000000 ) ) ;
#1660 = EDGE_LOOP ( 'NONE', ( #1329, #804, #418, #503 ) ) ;
#1661 = CARTESIAN_POINT ( 'NONE',  ( -10.00000000000000000, 15.00000000000000355, 35.00000000000000000 ) ) ;
#1662 = LINE ( 'NONE', #1984, #2199 ) ;
#1663 = ORIENTED_EDGE ( 'NONE', *, *, #502, .T. ) ;
#1664 = SURFACE_SIDE_STYLE ('',( #1730 ) ) ;
#1665 = EDGE_CURVE ( 'NONE', #892, #1423, #1649, .T. ) ;
#1666 = CARTESIAN_POINT ( 'NONE',  ( 9.999999999999998224, 10.00000000000000000, -18.24999999999999645 ) ) ;
#1667 = ORIENTED_EDGE ( 'NONE', *, *, #225, .F. ) ;
#1668 = CARTESIAN_POINT ( 'NONE',  ( -7.750000000000000000, 25.00000000000000000, 21.00000000000000355 ) ) ;
#1669 = DIRECTION ( 'NONE',  ( -1.000000000000000000, -0.000000000000000000, -0.000000000000000000 ) ) ;
#1670 = CARTESIAN_POINT ( 'NONE',  ( -10.00000000000000178, 10.00000000000000000, -21.74999999999999289 ) ) ;
#1671 = AXIS2_PLACEMENT_3D ( 'NONE', #857, #1605, #548 ) ;
#1672 = ORIENTED_EDGE ( 'NONE', *, *, #593, .F. ) ;
#1673 = VECTOR ( 'NONE', #2127, 1000.000000000000000 ) ;
#1674 = CIRCLE ( 'NONE', #1197, 1.750000000000001554 ) ;
#1675 = DIRECTION ( 'NONE',  ( -5.782411586589358625E-17, -2.478176394252581141E-16, 1.000000000000000000 ) ) ;
#1676 = DIRECTION ( 'NONE',  ( 0.000000000000000000, -1.000000000000000000, -0.000000000000000000 ) ) ;
#1677 = CIRCLE ( 'NONE', #2235, 8.000000000000000000 ) ;
#1678 = ORIENTED_EDGE ( 'NONE', *, *, #1193, .F. ) ;
#1679 = CARTESIAN_POINT ( 'NONE',  ( -13.00000000000000178, -1.653273178848926669E-15, 20.00000000000000711 ) ) ;
#1680 = ORIENTED_EDGE ( 'NONE', *, *, #1061, .T. ) ;
#1681 = CARTESIAN_POINT ( 'NONE',  ( 5.299050749982813002, 19.33910401325186257, 20.22345469308052657 ) ) ;
#1682 = CARTESIAN_POINT ( 'NONE',  ( -10.00000000000000178, 0.000000000000000000, 20.00000000000001066 ) ) ;
#1683 = CARTESIAN_POINT ( 'NONE',  ( 20.00000000000000000, 14.02117241391813529, -9.263098833543777388 ) ) ;
#1684 = ORIENTED_EDGE ( 'NONE', *, *, #394, .F. ) ;
#1685 = EDGE_CURVE ( 'NONE', #388, #1742, #2013, .T. ) ;
#1686 = FACE_OUTER_BOUND ( 'NONE', #162, .T. ) ;
#1687 = EDGE_CURVE ( 'NONE', #1251, #1488, #2183, .T. ) ;
#1688 = CARTESIAN_POINT ( 'NONE',  ( -19.99999999999999645, 27.19203102167830011, 27.80796897832171055 ) ) ;
#1689 = EDGE_CURVE ( 'NONE', #1086, #1305, #1704, .T. ) ;
#1690 = ORIENTED_EDGE ( 'NONE', *, *, #2132, .T. ) ;
#1691 = CYLINDRICAL_SURFACE ( 'NONE', #119, 1.899999999999999911 ) ;
#1692 = VERTEX_POINT ( 'NONE', #1297 ) ;
#1693 = CARTESIAN_POINT ( 'NONE',  ( 3.250000000000000000, 25.00000000000000000, 30.00000000000000711 ) ) ;
#1694 = DIRECTION ( 'NONE',  ( -1.000000000000000000, -0.000000000000000000, -5.782411586589358625E-17 ) ) ;
#1695 = DIRECTION ( 'NONE',  ( -1.000000000000000000, 0.000000000000000000, 1.734723475976807094E-16 ) ) ;
#1696 = VERTEX_POINT ( 'NONE', #233 ) ;
#1697 = DIRECTION ( 'NONE',  ( 1.734723475976807094E-16, 0.000000000000000000, 1.000000000000000000 ) ) ;
#1698 = LINE ( 'NONE', #558, #406 ) ;
#1699 = ORIENTED_EDGE ( 'NONE', *, *, #762, .T. ) ;
#1700 = CARTESIAN_POINT ( 'NONE',  ( 13.00000000000000355, 25.00000000000000000, 5.999999999999998224 ) ) ;
#1701 = ORIENTED_EDGE ( 'NONE', *, *, #571, .F. ) ;
#1702 = CARTESIAN_POINT ( 'NONE',  ( -5.824630716932683860, 19.88142432898984424, 20.36762979226187653 ) ) ;
#1703 = CARTESIAN_POINT ( 'NONE',  ( -8.749999999999998224, 25.00000000000000000, 1.517883041479705813E-15 ) ) ;
#1704 =( BOUNDED_CURVE ( )  B_SPLINE_CURVE ( 3, ( #578, #1286, #932, #1265 ),
 .UNSPECIFIED., .F., .T. ) 
 B_SPLINE_CURVE_WITH_KNOTS ( ( 4, 4 ),
 ( 3.141592653589793116, 6.283185307179586232 ),
 .UNSPECIFIED. ) 
 CURVE ( )  GEOMETRIC_REPRESENTATION_ITEM ( )  RATIONAL_B_SPLINE_CURVE ( ( 1.000000000000000000, 0.3333333333333333703, 0.3333333333333333703, 1.000000000000000000 ) ) 
 REPRESENTATION_ITEM ( '' )  );
#1705 = DIRECTION ( 'NONE',  ( -1.000000000000000000, 0.000000000000000000, 0.000000000000000000 ) ) ;
#1706 = ORIENTED_EDGE ( 'NONE', *, *, #871, .T. ) ;
#1707 = AXIS2_PLACEMENT_3D ( 'NONE', #1847, #1117, #1812 ) ;
#1708 = LINE ( 'NONE', #2255, #466 ) ;
#1709 = DIRECTION ( 'NONE',  ( 0.000000000000000000, -0.7071067811865476838, 0.7071067811865474617 ) ) ;
#1710 = EDGE_CURVE ( 'NONE', #2189, #1612, #424, .T. ) ;
#1711 = EDGE_CURVE ( 'NONE', #562, #2194, #1196, .T. ) ;
#1712 = CARTESIAN_POINT ( 'NONE',  ( -13.00000000000000000, 25.00000000000000000, -7.599999999999996980 ) ) ;
#1713 = AXIS2_PLACEMENT_3D ( 'NONE', #864, #1735, #197 ) ;
#1714 = ORIENTED_EDGE ( 'NONE', *, *, #884, .T. ) ;
#1715 = EDGE_CURVE ( 'NONE', #842, #1529, #1472, .T. ) ;
#1716 = EDGE_CURVE ( 'NONE', #685, #323, #2063, .T. ) ;
#1717 = AXIS2_PLACEMENT_3D ( 'NONE', #2062, #307, #1332 ) ;
#1718 = DIRECTION ( 'NONE',  ( 0.000000000000000000, -1.156482317317871133E-15, 1.000000000000000000 ) ) ;
#1719 = UNCERTAINTY_MEASURE_WITH_UNIT (LENGTH_MEASURE( 1.000000000000000082E-05 ), #682, 'distance_accuracy_value', 'NONE');
#1720 = ORIENTED_EDGE ( 'NONE', *, *, #735, .F. ) ;
#1721 = EDGE_CURVE ( 'NONE', #1035, #851, #990, .T. ) ;
#1722 = DIRECTION ( 'NONE',  ( 0.000000000000000000, -1.156482317317871133E-15, -1.000000000000000000 ) ) ;
#1723 = FACE_OUTER_BOUND ( 'NONE', #1919, .T. ) ;
#1724 = DIRECTION ( 'NONE',  ( -1.000000000000000000, -0.000000000000000000, -0.000000000000000000 ) ) ;
#1725 = VERTEX_POINT ( 'NONE', #148 ) ;
#1726 = VECTOR ( 'NONE', #1813, 1000.000000000000000 ) ;
#1727 = DIRECTION ( 'NONE',  ( 0.000000000000000000, 1.000000000000000000, 0.000000000000000000 ) ) ;
#1728 = CIRCLE ( 'NONE', #2092, 1.750000000000008438 ) ;
#1729 = FACE_OUTER_BOUND ( 'NONE', #1877, .T. ) ;
#1730 = SURFACE_STYLE_FILL_AREA ( #1376 ) ;
#1731 = VERTEX_POINT ( 'NONE', #1164 ) ;
#1732 = CARTESIAN_POINT ( 'NONE',  ( -10.00000000000000178, 10.00000000000000000, -19.99999999999998934 ) ) ;
#1733 = EDGE_LOOP ( 'NONE', ( #365, #1646, #190, #1846 ) ) ;
#1734 = CARTESIAN_POINT ( 'NONE',  ( 8.750000000000000000, 25.00000000000000000, -20.99999999999999645 ) ) ;
#1735 = DIRECTION ( 'NONE',  ( 0.000000000000000000, 0.000000000000000000, 1.000000000000000000 ) ) ;
#1736 = ADVANCED_FACE ( 'NONE', ( #2051 ), #1176, .T. ) ;
#1737 = EDGE_LOOP ( 'NONE', ( #1803, #451 ) ) ;
#1738 = LINE ( 'NONE', #882, #134 ) ;
#1739 = VECTOR ( 'NONE', #662, 1000.000000000000000 ) ;
#1740 = CARTESIAN_POINT ( 'NONE',  ( 8.750000000000003553, 25.00000000000000000, 1.951563910473907587E-15 ) ) ;
#1741 = ORIENTED_EDGE ( 'NONE', *, *, #186, .T. ) ;
#1742 = VERTEX_POINT ( 'NONE', #1372 ) ;
#1743 = CARTESIAN_POINT ( 'NONE',  ( -10.00000000000000178, 10.00000000000000000, -21.74999999999999289 ) ) ;
#1744 = EDGE_CURVE ( 'NONE', #2221, #376, #834, .T. ) ;
#1745 = ADVANCED_FACE ( 'NONE', ( #121 ), #2037, .F. ) ;
#1746 = CARTESIAN_POINT ( 'NONE',  ( 25.00000000000000355, 25.00000000000000000, 30.00000000000000711 ) ) ;
#1747 = DIRECTION ( 'NONE',  ( -0.000000000000000000, -1.000000000000000000, -0.000000000000000000 ) ) ;
#1748 = ORIENTED_EDGE ( 'NONE', *, *, #2263, .F. ) ;
#1749 = ADVANCED_FACE ( 'NONE', ( #101 ), #1882, .F. ) ;
#1750 = DIRECTION ( 'NONE',  ( 1.000000000000000000, 0.000000000000000000, -0.000000000000000000 ) ) ;
#1751 = DIRECTION ( 'NONE',  ( -5.782411586589357392E-17, -0.000000000000000000, -1.000000000000000000 ) ) ;
#1752 = VERTEX_POINT ( 'NONE', #474 ) ;
#1753 = ORIENTED_EDGE ( 'NONE', *, *, #871, .F. ) ;
#1754 = CARTESIAN_POINT ( 'NONE',  ( 25.00000000000000000, -1.653273178848926669E-15, 20.00000000000000711 ) ) ;
#1755 = FACE_OUTER_BOUND ( 'NONE', #1122, .T. ) ;
#1756 = DIRECTION ( 'NONE',  ( 0.000000000000000000, -0.7071067811865474617, 0.7071067811865474617 ) ) ;
#1757 = AXIS2_PLACEMENT_3D ( 'NONE', #1370, #1186, #844 ) ;
#1758 = VERTEX_POINT ( 'NONE', #1872 ) ;
#1759 = DIRECTION ( 'NONE',  ( 0.000000000000000000, 0.000000000000000000, 1.000000000000000000 ) ) ;
#1760 = ADVANCED_FACE ( 'NONE', ( #1894 ), #2156, .T. ) ;
#1761 = VECTOR ( 'NONE', #463, 1000.000000000000000 ) ;
#1762 = PLANE ( 'NONE',  #317 ) ;
#1763 = EDGE_LOOP ( 'NONE', ( #174, #1588, #280, #607 ) ) ;
#1764 = ORIENTED_EDGE ( 'NONE', *, *, #331, .F. ) ;
#1765 = DIRECTION ( 'NONE',  ( 0.000000000000000000, 1.000000000000000000, 2.478176394252581141E-16 ) ) ;
#1766 = CARTESIAN_POINT ( 'NONE',  ( -10.00000000000000178, 10.00000000000000000, -19.99999999999998934 ) ) ;
#1767 = ORIENTED_EDGE ( 'NONE', *, *, #1427, .T. ) ;
#1768 = DIRECTION ( 'NONE',  ( 0.000000000000000000, 0.000000000000000000, -1.000000000000000000 ) ) ;
#1769 = CARTESIAN_POINT ( 'NONE',  ( -25.00000000000000000, 25.00000000000000000, -29.99999999999999289 ) ) ;
#1770 = DIRECTION ( 'NONE',  ( 2.282530889443167515E-16, 0.000000000000000000, 1.000000000000000000 ) ) ;
#1771 = ORIENTED_EDGE ( 'NONE', *, *, #126, .F. ) ;
#1772 = VECTOR ( 'NONE', #565, 1000.000000000000000 ) ;
#1773 = AXIS2_PLACEMENT_3D ( 'NONE', #1477, #491, #467 ) ;
#1774 = ORIENTED_EDGE ( 'NONE', *, *, #1685, .F. ) ;
#1775 = LINE ( 'NONE', #400, #240 ) ;
#1776 = FACE_OUTER_BOUND ( 'NONE', #505, .T. ) ;
#1777 = ORIENTED_EDGE ( 'NONE', *, *, #528, .F. ) ;
#1778 = DIRECTION ( 'NONE',  ( -1.000000000000000000, 0.000000000000000000, 0.000000000000000000 ) ) ;
#1779 = CARTESIAN_POINT ( 'NONE',  ( -24.99999999999998934, 0.000000000000000000, 30.00000000000000711 ) ) ;
#1780 = CARTESIAN_POINT ( 'NONE',  ( 13.00000000000000178, 1.999999999999956701, -15.49999999999999467 ) ) ;
#1781 = ORIENTED_EDGE ( 'NONE', *, *, #1179, .T. ) ;
#1782 = PRODUCT_DEFINITION ( 'UNKNOWN', '', #419, #794 ) ;
#1783 = CIRCLE ( 'NONE', #1264, 1.899999999999997913 ) ;
#1784 = EDGE_CURVE ( 'NONE', #39, #18, #1140, .T. ) ;
#1785 = VERTEX_POINT ( 'NONE', #2242 ) ;
#1786 = VECTOR ( 'NONE', #325, 1000.000000000000114 ) ;
#1787 = DIRECTION ( 'NONE',  ( 0.000000000000000000, 0.000000000000000000, 1.000000000000000000 ) ) ;
#1788 = CARTESIAN_POINT ( 'NONE',  ( 0.000000000000000000, 25.00000000000000000, 31.00000000000000355 ) ) ;
#1789 = EDGE_LOOP ( 'NONE', ( #753, #253, #1807, #1777 ) ) ;
#1790 = ADVANCED_FACE ( 'NONE', ( #1320 ), #1845, .F. ) ;
#1791 = DIRECTION ( 'NONE',  ( 0.000000000000000000, -0.7071067811865474617, -0.7071067811865474617 ) ) ;
#1792 = VECTOR ( 'NONE', #1210, 1000.000000000000000 ) ;
#1793 = CARTESIAN_POINT ( 'NONE',  ( 9.999999999999994671, 10.00000000000000000, 20.00000000000001066 ) ) ;
#1794 = DIRECTION ( 'NONE',  ( -1.000000000000000000, -0.000000000000000000, 1.734723475976807587E-16 ) ) ;
#1795 = ORIENTED_EDGE ( 'NONE', *, *, #924, .T. ) ;
#1796 = VECTOR ( 'NONE', #2129, 1000.000000000000000 ) ;
#1797 = VERTEX_POINT ( 'NONE', #666 ) ;
#1798 = CYLINDRICAL_SURFACE ( 'NONE', #395, 6.000000000000000888 ) ;
#1799 = DIRECTION ( 'NONE',  ( 0.000000000000000000, -1.000000000000000000, 0.000000000000000000 ) ) ;
#1800 = VERTEX_POINT ( 'NONE', #496 ) ;
#1801 = LINE ( 'NONE', #44, #972 ) ;
#1802 = CARTESIAN_POINT ( 'NONE',  ( -13.00000000000000178, 0.000000000000000000, -15.49999999999999467 ) ) ;
#1803 = ORIENTED_EDGE ( 'NONE', *, *, #996, .F. ) ;
#1804 = ORIENTED_EDGE ( 'NONE', *, *, #2141, .T. ) ;
#1805 = CARTESIAN_POINT ( 'NONE',  ( -19.99999999999999645, 28.53553390593273420, -26.46446609406726225 ) ) ;
#1806 = CARTESIAN_POINT ( 'NONE',  ( 5.000000000000000888, 25.00000000000000000, 26.00000000000000711 ) ) ;
#1807 = ORIENTED_EDGE ( 'NONE', *, *, #237, .F. ) ;
#1808 = EDGE_CURVE ( 'NONE', #1815, #388, #137, .T. ) ;
#1809 = CARTESIAN_POINT ( 'NONE',  ( -15.00000000000000355, 25.00000000000000000, 35.00000000000000000 ) ) ;
#1810 = DIRECTION ( 'NONE',  ( -0.000000000000000000, -0.000000000000000000, 1.000000000000000000 ) ) ;
#1811 = EDGE_CURVE ( 'NONE', #2064, #898, #2081, .T. ) ;
#1812 = DIRECTION ( 'NONE',  ( 2.282530889443167515E-16, 0.000000000000000000, 1.000000000000000000 ) ) ;
#1813 = DIRECTION ( 'NONE',  ( -0.000000000000000000, -1.000000000000000000, -0.000000000000000000 ) ) ;
#1814 = VECTOR ( 'NONE', #551, 1000.000000000000000 ) ;
#1815 = VERTEX_POINT ( 'NONE', #1670 ) ;
#1816 = CARTESIAN_POINT ( 'NONE',  ( -20.00000000000000000, 15.00000000000000000, -29.99999999999999289 ) ) ;
#1817 = VECTOR ( 'NONE', #1413, 1000.000000000000000 ) ;
#1818 = LINE ( 'NONE', #75, #361 ) ;
#1819 = ORIENTED_EDGE ( 'NONE', *, *, #344, .T. ) ;
#1820 = CARTESIAN_POINT ( 'NONE',  ( -19.99999999999999645, 12.67766952966369587, -10.60660171779822036 ) ) ;
#1821 = AXIS2_PLACEMENT_3D ( 'NONE', #509, #1033, #1200 ) ;
#1822 = DIRECTION ( 'NONE',  ( -0.000000000000000000, -1.000000000000000000, -0.000000000000000000 ) ) ;
#1823 = CIRCLE ( 'NONE', #1339, 1.750000000000008438 ) ;
#1824 = MECHANICAL_DESIGN_GEOMETRIC_PRESENTATION_REPRESENTATION (  '', ( #236 ), #472 ) ;
#1825 = VECTOR ( 'NONE', #1506, 1000.000000000000000 ) ;
#1826 = DIRECTION ( 'NONE',  ( 0.000000000000000000, -1.334402673828313093E-16, 1.000000000000000000 ) ) ;
#1827 = LINE ( 'NONE', #238, #71 ) ;
#1828 = ORIENTED_EDGE ( 'NONE', *, *, #2114, .F. ) ;
#1829 = DIRECTION ( 'NONE',  ( 0.000000000000000000, 0.000000000000000000, -1.000000000000000000 ) ) ;
#1830 = CARTESIAN_POINT ( 'NONE',  ( -24.99999999999998934, 25.00000000000000000, 30.00000000000000711 ) ) ;
#1831 = VERTEX_POINT ( 'NONE', #798 ) ;
#1832 = CARTESIAN_POINT ( 'NONE',  ( 13.00000000000000178, 1.999999999999951372, 20.00000000000000711 ) ) ;
#1833 = DIRECTION ( 'NONE',  ( -0.000000000000000000, -1.000000000000000000, -0.000000000000000000 ) ) ;
#1834 = VERTEX_POINT ( 'NONE', #656 ) ;
#1835 = CARTESIAN_POINT ( 'NONE',  ( -13.00000000000000178, 0.000000000000000000, -15.49999999999999467 ) ) ;
#1836 = CARTESIAN_POINT ( 'NONE',  ( -13.00000000000000178, 1.999999999999954925, -15.49999999999999467 ) ) ;
#1837 = EDGE_CURVE ( 'NONE', #1216, #1502, #1495, .T. ) ;
#1838 = ORIENTED_EDGE ( 'NONE', *, *, #374, .T. ) ;
#1839 = EDGE_CURVE ( 'NONE', #1929, #1598, #1150, .T. ) ;
#1840 = CARTESIAN_POINT ( 'NONE',  ( 21.99999999999998579, 25.00000000000000000, -29.99999999999999289 ) ) ;
#1841 = VERTEX_POINT ( 'NONE', #1683 ) ;
#1842 = DIRECTION ( 'NONE',  ( -1.000000000000000000, 0.000000000000000000, 0.000000000000000000 ) ) ;
#1843 = AXIS2_PLACEMENT_3D ( 'NONE', #2059, #1851, #1343 ) ;
#1844 = CARTESIAN_POINT ( 'NONE',  ( 20.00000000000000000, 28.53553390593274131, 26.46446609406726935 ) ) ;
#1845 = PLANE ( 'NONE',  #1380 ) ;
#1846 = ORIENTED_EDGE ( 'NONE', *, *, #1046, .T. ) ;
#1847 = CARTESIAN_POINT ( 'NONE',  ( 13.00000000000000178, 25.00000000000000355, -2.255140518769849223E-15 ) ) ;
#1848 = LINE ( 'NONE', #443, #36 ) ;
#1849 = EDGE_CURVE ( 'NONE', #517, #1831, #1507, .T. ) ;
#1850 = EDGE_LOOP ( 'NONE', ( #772, #795 ) ) ;
#1851 = DIRECTION ( 'NONE',  ( -1.000000000000000000, 0.000000000000000000, 5.782411586589358625E-17 ) ) ;
#1852 = ORIENTED_EDGE ( 'NONE', *, *, #1665, .T. ) ;
#1853 = CARTESIAN_POINT ( 'NONE',  ( -5.655923466148828460, 19.69569241494587786, 20.31988979443819687 ) ) ;
#1854 = LINE ( 'NONE', #2227, #1268 ) ;
#1855 = CARTESIAN_POINT ( 'NONE',  ( 8.750000000000003553, 25.00000000000000000, -1.517883041479706996E-15 ) ) ;
#1856 = ADVANCED_FACE ( 'NONE', ( #166 ), #333, .F. ) ;
#1857 = ADVANCED_FACE ( 'NONE', ( #2277 ), #1579, .F. ) ;
#1858 = VECTOR ( 'NONE', #226, 1000.000000000000000 ) ;
#1859 = ORIENTED_EDGE ( 'NONE', *, *, #301, .T. ) ;
#1860 = AXIS2_PLACEMENT_3D ( 'NONE', #556, #1747, #1909 ) ;
#1861 = CIRCLE ( 'NONE', #99, 1.899999999999997913 ) ;
#1862 = CARTESIAN_POINT ( 'NONE',  ( -13.00000000000000178, -1.592040838891559293E-15, -2.499999999999992450 ) ) ;
#1863 = CARTESIAN_POINT ( 'NONE',  ( 0.000000000000000000, 25.00000000000000000, 31.00000000000000355 ) ) ;
#1864 = VECTOR ( 'NONE', #1564, 1000.000000000000000 ) ;
#1865 = ORIENTED_EDGE ( 'NONE', *, *, #183, .T. ) ;
#1866 = CARTESIAN_POINT ( 'NONE',  ( 20.00000000000000000, 29.87903679018717540, -25.12096320981282460 ) ) ;
#1867 = ORIENTED_EDGE ( 'NONE', *, *, #2267, .T. ) ;
#1868 = CARTESIAN_POINT ( 'NONE',  ( -2.752720556193106738, 17.75096614365740066, 19.70944340719081112 ) ) ;
#1869 = VECTOR ( 'NONE', #984, 1000.000000000000000 ) ;
#1870 = DIRECTION ( 'NONE',  ( 0.000000000000000000, 0.000000000000000000, -1.000000000000000000 ) ) ;
#1871 =( BOUNDED_CURVE ( )  B_SPLINE_CURVE ( 3, ( #2073, #341, #521, #351 ),
 .UNSPECIFIED., .F., .T. ) 
 B_SPLINE_CURVE_WITH_KNOTS ( ( 4, 4 ),
 ( 0.000000000000000000, 3.141592653589793116 ),
 .UNSPECIFIED. ) 
 CURVE ( )  GEOMETRIC_REPRESENTATION_ITEM ( )  RATIONAL_B_SPLINE_CURVE ( ( 1.000000000000000000, 0.3333333333333333703, 0.3333333333333333703, 1.000000000000000000 ) ) 
 REPRESENTATION_ITEM ( '' )  );
#1872 = CARTESIAN_POINT ( 'NONE',  ( 20.00000000000000000, 11.33416664540925289, 11.95010460205265801 ) ) ;
#1873 = AXIS2_PLACEMENT_3D ( 'NONE', #1604, #1980, #1647 ) ;
#1874 = ORIENTED_EDGE ( 'NONE', *, *, #2, .F. ) ;
#1875 = CARTESIAN_POINT ( 'NONE',  ( 13.00000000000000178, -1.592040838891559293E-15, -2.499999999999992450 ) ) ;
#1876 = FACE_OUTER_BOUND ( 'NONE', #1072, .T. ) ;
#1877 = EDGE_LOOP ( 'NONE', ( #350, #1129, #1170, #440, #2104, #1260 ) ) ;
#1878 = DIRECTION ( 'NONE',  ( -0.7071067811865483499, 0.000000000000000000, 0.7071067811865466846 ) ) ;
#1879 = EDGE_LOOP ( 'NONE', ( #624, #2060, #85, #1865 ) ) ;
#1880 = LINE ( 'NONE', #1174, #940 ) ;
#1881 = CARTESIAN_POINT ( 'NONE',  ( 15.00000000000000711, 9.999999999999996447, 30.00000000000000711 ) ) ;
#1882 = CYLINDRICAL_SURFACE ( 'NONE', #1266, 1.750000000000001554 ) ;
#1883 = EDGE_CURVE ( 'NONE', #1399, #1529, #2268, .T. ) ;
#1884 = ORIENTED_EDGE ( 'NONE', *, *, #497, .T. ) ;
#1885 = LINE ( 'NONE', #848, #861 ) ;
#1886 = EDGE_CURVE ( 'NONE', #72, #2278, #1081, .T. ) ;
#1887 = CARTESIAN_POINT ( 'NONE',  ( -25.00000000000000000, 25.00000000000000000, -26.99999999999998224 ) ) ;
#1888 = CARTESIAN_POINT ( 'NONE',  ( 20.00000000000000000, 25.00000000000000000, -25.61593795664341044 ) ) ;
#1889 = ORIENTED_EDGE ( 'NONE', *, *, #2226, .F. ) ;
#1890 = DIRECTION ( 'NONE',  ( 0.000000000000000000, 1.000000000000000000, 0.000000000000000000 ) ) ;
#1891 = VERTEX_POINT ( 'NONE', #2089 ) ;
#1892 = CARTESIAN_POINT ( 'NONE',  ( -12.99999999999999822, 25.00000000000000355, 2.255140518769849223E-15 ) ) ;
#1893 = FACE_BOUND ( 'NONE', #1055, .T. ) ;
#1894 = FACE_OUTER_BOUND ( 'NONE', #585, .T. ) ;
#1895 = ORIENTED_EDGE ( 'NONE', *, *, #1390, .F. ) ;
#1896 = VECTOR ( 'NONE', #1433, 1000.000000000000000 ) ;
#1897 = DIRECTION ( 'NONE',  ( -1.000000000000000000, 0.000000000000000000, -0.000000000000000000 ) ) ;
#1898 = PLANE ( 'NONE',  #1128 ) ;
#1899 = AXIS2_PLACEMENT_3D ( 'NONE', #1093, #1991, #2162 ) ;
#1900 = CIRCLE ( 'NONE', #1821, 1.750000000000001554 ) ;
#1901 = EDGE_CURVE ( 'NONE', #2238, #657, #789, .T. ) ;
#1902 = CARTESIAN_POINT ( 'NONE',  ( 16.20000000000000284, 25.00000000000000000, -25.61593795664341044 ) ) ;
#1903 = ORIENTED_EDGE ( 'NONE', *, *, #964, .T. ) ;
#1904 = CIRCLE ( 'NONE', #175, 1.899999999999997913 ) ;
#1905 = CARTESIAN_POINT ( 'NONE',  ( 9.999999999999994671, 10.00000000000000000, 18.25000000000000355 ) ) ;
#1906 = ORIENTED_EDGE ( 'NONE', *, *, #661, .F. ) ;
#1907 = CARTESIAN_POINT ( 'NONE',  ( 13.00000000000000000, 25.00000000000000000, -6.000000000000003553 ) ) ;
#1908 = CARTESIAN_POINT ( 'NONE',  ( 0.000000000000000000, 25.00000000000000000, 31.00000000000000355 ) ) ;
#1909 = DIRECTION ( 'NONE',  ( 0.000000000000000000, 0.000000000000000000, -1.000000000000000000 ) ) ;
#1910 = ORIENTED_EDGE ( 'NONE', *, *, #535, .F. ) ;
#1911 = CYLINDRICAL_SURFACE ( 'NONE', #359, 6.000000000000000888 ) ;
#1912 = DIRECTION ( 'NONE',  ( 0.000000000000000000, 0.000000000000000000, 1.000000000000000000 ) ) ;
#1913 = ORIENTED_EDGE ( 'NONE', *, *, #1046, .F. ) ;
#1914 = CARTESIAN_POINT ( 'NONE',  ( -8.749999999999998224, 25.00000000000000000, 1.517883041479705813E-15 ) ) ;
#1915 = EDGE_LOOP ( 'NONE', ( #1753, #2108 ) ) ;
#1916 = PLANE ( 'NONE',  #1757 ) ;
#1917 = CARTESIAN_POINT ( 'NONE',  ( 13.00000000000000178, 25.00000000000000000, -2.255140518769849223E-15 ) ) ;
#1918 = LINE ( 'NONE', #2113, #98 ) ;
#1919 = EDGE_LOOP ( 'NONE', ( #1172, #858, #951, #469, #29 ) ) ;
#1920 = CYLINDRICAL_SURFACE ( 'NONE', #58, 5.000000000000000888 ) ;
#1921 = LINE ( 'NONE', #2118, #1814 ) ;
#1922 = ORIENTED_EDGE ( 'NONE', *, *, #1982, .T. ) ;
#1923 = APPLICATION_PROTOCOL_DEFINITION ( 'draft international standard', 'automotive_design', 1998, #1173 ) ;
#1924 = ORIENTED_EDGE ( 'NONE', *, *, #826, .T. ) ;
#1925 = DIRECTION ( 'NONE',  ( 0.000000000000000000, 1.000000000000000000, 0.000000000000000000 ) ) ;
#1926 = ADVANCED_FACE ( 'NONE', ( #1395 ), #1948, .T. ) ;
#1927 = DIRECTION ( 'NONE',  ( -5.782411586589358625E-17, 2.478176394252581141E-16, -1.000000000000000000 ) ) ;
#1928 = CARTESIAN_POINT ( 'NONE',  ( -19.99999999999999645, 12.67766952966369587, 10.60660171779822036 ) ) ;
#1929 = VERTEX_POINT ( 'NONE', #523 ) ;
#1930 = DIRECTION ( 'NONE',  ( 1.734723475976807094E-16, -0.000000000000000000, 1.000000000000000000 ) ) ;
#1931 = VECTOR ( 'NONE', #1751, 1000.000000000000000 ) ;
#1932 = VECTOR ( 'NONE', #1589, 1000.000000000000000 ) ;
#1933 = CARTESIAN_POINT ( 'NONE',  ( 25.00000000000000000, 25.00000000000000000, -29.99999999999999289 ) ) ;
#1934 = AXIS2_PLACEMENT_3D ( 'NONE', #1626, #923, #1278 ) ;
#1935 = ORIENTED_EDGE ( 'NONE', *, *, #298, .T. ) ;
#1936 = VECTOR ( 'NONE', #14, 1000.000000000000000 ) ;
#1937 = EDGE_LOOP ( 'NONE', ( #221, #974, #1701, #961, #1038 ) ) ;
#1938 = DIRECTION ( 'NONE',  ( 0.000000000000000000, -1.000000000000000000, 0.000000000000000000 ) ) ;
#1939 = CARTESIAN_POINT ( 'NONE',  ( 15.00000000000000355, 25.00000000000000000, 35.00000000000000000 ) ) ;
#1940 = VERTEX_POINT ( 'NONE', #378 ) ;
#1941 = DIRECTION ( 'NONE',  ( -1.000000000000000000, 0.000000000000000000, 1.734723475976807094E-16 ) ) ;
#1942 = DIRECTION ( 'NONE',  ( 7.716065482320657445E-33, 1.000000000000000000, 1.334402673828313093E-16 ) ) ;
#1943 = ADVANCED_FACE ( 'NONE', ( #1776 ), #368, .T. ) ;
#1944 = CARTESIAN_POINT ( 'NONE',  ( 5.000000000000000888, 25.00000000000000000, 30.00000000000000711 ) ) ;
#1945 = ORIENTED_EDGE ( 'NONE', *, *, #2126, .F. ) ;
#1946 = ORIENTED_EDGE ( 'NONE', *, *, #1954, .T. ) ;
#1947 = CARTESIAN_POINT ( 'NONE',  ( 8.750000000000003553, 25.00000000000000000, -1.517883041479706996E-15 ) ) ;
#1948 = PLANE ( 'NONE',  #1713 ) ;
#1949 = CARTESIAN_POINT ( 'NONE',  ( 9.999999999999998224, 0.000000000000000000, -19.99999999999998934 ) ) ;
#1950 = LINE ( 'NONE', #869, #1523 ) ;
#1951 = EDGE_CURVE ( 'NONE', #1246, #554, #156, .T. ) ;
#1952 = DIRECTION ( 'NONE',  ( -0.7071067811865435759, -0.7071067811865515695, -1.343457088903539720E-16 ) ) ;
#1953 = ORIENTED_EDGE ( 'NONE', *, *, #2182, .T. ) ;
#1954 = EDGE_CURVE ( 'NONE', #1035, #1725, #937, .T. ) ;
#1955 = EDGE_LOOP ( 'NONE', ( #2138, #1663, #1165, #683 ) ) ;
#1956 = CARTESIAN_POINT ( 'NONE',  ( -16.99999999999998934, 25.00000000000000355, 2.949029909160571666E-15 ) ) ;
#1957 = DIRECTION ( 'NONE',  ( -1.000000000000000000, 0.000000000000000000, -0.000000000000000000 ) ) ;
#1958 = ORIENTED_EDGE ( 'NONE', *, *, #1299, .T. ) ;
#1959 = CARTESIAN_POINT ( 'NONE',  ( 17.99999999999999289, 7.000000000000000888, -15.49999999999999289 ) ) ;
#1960 = LINE ( 'NONE', #390, #902 ) ;
#1961 = DIRECTION ( 'NONE',  ( 0.000000000000000000, -0.000000000000000000, -1.000000000000000000 ) ) ;
#1962 = VERTEX_POINT ( 'NONE', #1212 ) ;
#1963 = VECTOR ( 'NONE', #1724, 1000.000000000000000 ) ;
#1964 = EDGE_LOOP ( 'NONE', ( #180, #1513 ) ) ;
#1965 = AXIS2_PLACEMENT_3D ( 'NONE', #968, #1516, #2228 ) ;
#1966 = DIRECTION ( 'NONE',  ( 7.716065482320658814E-33, -1.000000000000000000, -1.334402673828313093E-16 ) ) ;
#1967 = DIRECTION ( 'NONE',  ( 0.000000000000000000, 0.000000000000000000, -1.000000000000000000 ) ) ;
#1968 = ORIENTED_EDGE ( 'NONE', *, *, #1133, .F. ) ;
#1969 = CARTESIAN_POINT ( 'NONE',  ( -25.00000000000000000, 1.999999999999994005, -26.99999999999998224 ) ) ;
#1970 = AXIS2_PLACEMENT_3D ( 'NONE', #781, #2011, #1842 ) ;
#1971 = CARTESIAN_POINT ( 'NONE',  ( 8.750000000000007105, 25.00000000000000000, 21.00000000000000355 ) ) ;
#1972 = DIRECTION ( 'NONE',  ( 0.000000000000000000, 1.000000000000000000, 0.000000000000000000 ) ) ;
#1973 = ORIENTED_EDGE ( 'NONE', *, *, #1146, .F. ) ;
#1974 = AXIS2_PLACEMENT_3D ( 'NONE', #1949, #2069, #500 ) ;
#1975 = VERTEX_POINT ( 'NONE', #1405 ) ;
#1976 = DIRECTION ( 'NONE',  ( 1.000000000000000000, 0.000000000000000000, -1.734723475976807094E-16 ) ) ;
#1977 = FACE_OUTER_BOUND ( 'NONE', #385, .T. ) ;
#1978 = ADVANCED_FACE ( 'NONE', ( #9 ), #1566, .F. ) ;
#1979 = ORIENTED_EDGE ( 'NONE', *, *, #1298, .F. ) ;
#1980 = DIRECTION ( 'NONE',  ( 0.000000000000000000, -1.000000000000000000, 0.000000000000000000 ) ) ;
#1981 = CARTESIAN_POINT ( 'NONE',  ( 9.999999999999998224, 0.000000000000000000, -18.24999999999999645 ) ) ;
#1982 = EDGE_CURVE ( 'NONE', #851, #1491, #32, .T. ) ;
#1983 = CARTESIAN_POINT ( 'NONE',  ( -19.99999999999999645, 25.00000000000000000, 20.24192641962564565 ) ) ;
#1984 = CARTESIAN_POINT ( 'NONE',  ( 0.000000000000000000, 0.000000000000000000, -24.99999999999998224 ) ) ;
#1985 = ORIENTED_EDGE ( 'NONE', *, *, #2054, .T. ) ;
#1986 = AXIS2_PLACEMENT_3D ( 'NONE', #1840, #1878, #304 ) ;
#1987 = DIRECTION ( 'NONE',  ( 0.000000000000000000, 0.000000000000000000, -1.000000000000000000 ) ) ;
#1988 = ORIENTED_EDGE ( 'NONE', *, *, #2065, .T. ) ;
#1989 = LINE ( 'NONE', #389, #64 ) ;
#1990 = EDGE_CURVE ( 'NONE', #323, #553, #1918, .T. ) ;
#1991 = DIRECTION ( 'NONE',  ( 1.000000000000000000, 0.000000000000000000, -1.734723475976807094E-16 ) ) ;
#1992 = EDGE_CURVE ( 'NONE', #892, #1099, #282, .T. ) ;
#1993 = LINE ( 'NONE', #1094, #1858 ) ;
#1994 = CARTESIAN_POINT ( 'NONE',  ( 5.000000000000000888, 25.00000000000000000, 26.00000000000000711 ) ) ;
#1995 = ORIENTED_EDGE ( 'NONE', *, *, #1687, .F. ) ;
#1996 = CARTESIAN_POINT ( 'NONE',  ( 9.999999999999994671, 0.000000000000000000, 20.00000000000001066 ) ) ;
#1997 = CARTESIAN_POINT ( 'NONE',  ( -10.00000000000000178, 25.00000000000000000, 30.00000000000000711 ) ) ;
#1998 = ORIENTED_EDGE ( 'NONE', *, *, #475, .T. ) ;
#1999 = CYLINDRICAL_SURFACE ( 'NONE', #2008, 5.000000000000000888 ) ;
#2000 = VECTOR ( 'NONE', #35, 1000.000000000000000 ) ;
#2001 = DIRECTION ( 'NONE',  ( -0.000000000000000000, -1.000000000000000000, -0.000000000000000000 ) ) ;
#2002 = AXIS2_PLACEMENT_3D ( 'NONE', #879, #2103, #533 ) ;
#2003 = EDGE_CURVE ( 'NONE', #1291, #76, #544, .T. ) ;
#2004 = CARTESIAN_POINT ( 'NONE',  ( -5.000000000000000888, 25.00000000000000000, 31.00000000000000355 ) ) ;
#2005 = ADVANCED_FACE ( 'NONE', ( #688 ), #1034, .F. ) ;
#2006 = LINE ( 'NONE', #1688, #1761 ) ;
#2007 = ORIENTED_EDGE ( 'NONE', *, *, #737, .F. ) ;
#2008 = AXIS2_PLACEMENT_3D ( 'NONE', #1809, #1100, #930 ) ;
#2009 = CARTESIAN_POINT ( 'NONE',  ( 20.00000000000000000, 25.00000000000000000, 20.24192641962564565 ) ) ;
#2010 = ORIENTED_EDGE ( 'NONE', *, *, #110, .T. ) ;
#2011 = DIRECTION ( 'NONE',  ( 0.000000000000000000, 0.000000000000000000, -1.000000000000000000 ) ) ;
#2012 = FACE_OUTER_BOUND ( 'NONE', #1937, .T. ) ;
#2013 = LINE ( 'NONE', #1080, #26 ) ;
#2014 = ORIENTED_EDGE ( 'NONE', *, *, #1901, .F. ) ;
#2015 = LINE ( 'NONE', #1835, #1296 ) ;
#2016 = CARTESIAN_POINT ( 'NONE',  ( 20.00000000000000000, 25.00000000000000000, -25.61593795664341044 ) ) ;
#2017 = EDGE_CURVE ( 'NONE', #1077, #447, #1645, .T. ) ;
#2018 = VERTEX_POINT ( 'NONE', #41 ) ;
#2019 = EDGE_CURVE ( 'NONE', #1785, #1326, #1823, .T. ) ;
#2020 = EDGE_CURVE ( 'NONE', #1022, #1391, #1818, .T. ) ;
#2021 = CARTESIAN_POINT ( 'NONE',  ( -5.000000000000000888, 25.00000000000000000, 26.00000000000000711 ) ) ;
#2022 = ORIENTED_EDGE ( 'NONE', *, *, #782, .F. ) ;
#2023 = FACE_OUTER_BOUND ( 'NONE', #492, .T. ) ;
#2024 = CARTESIAN_POINT ( 'NONE',  ( -12.00000000000002487, 0.9999999999999660272, -15.49999999999999467 ) ) ;
#2025 =( BOUNDED_CURVE ( )  B_SPLINE_CURVE ( 3, ( #66, #77, #754, #1125 ),
 .UNSPECIFIED., .F., .T. ) 
 B_SPLINE_CURVE_WITH_KNOTS ( ( 4, 4 ),
 ( 0.000000000000000000, 3.141592653589793116 ),
 .UNSPECIFIED. ) 
 CURVE ( )  GEOMETRIC_REPRESENTATION_ITEM ( )  RATIONAL_B_SPLINE_CURVE ( ( 1.000000000000000000, 0.3333333333333333703, 0.3333333333333333703, 1.000000000000000000 ) ) 
 REPRESENTATION_ITEM ( '' )  );
#2026 = CARTESIAN_POINT ( 'NONE',  ( -24.99999999999998934, 25.00000000000000000, 30.00000000000000711 ) ) ;
#2027 = ORIENTED_EDGE ( 'NONE', *, *, #893, .F. ) ;
#2028 = FACE_BOUND ( 'NONE', #482, .T. ) ;
#2029 = CARTESIAN_POINT ( 'NONE',  ( 23.79999999999999716, 25.00000000000000000, -25.61593795664341044 ) ) ;
#2030 = ORIENTED_EDGE ( 'NONE', *, *, #1032, .T. ) ;
#2031 = ADVANCED_FACE ( 'NONE', ( #219 ), #1088, .T. ) ;
#2032 = CARTESIAN_POINT ( 'NONE',  ( 16.20000000000000284, 25.00000000000000000, 20.24192641962565276 ) ) ;
#2033 = CIRCLE ( 'NONE', #2232, 21.00000000000000000 ) ;
#2034 = ORIENTED_EDGE ( 'NONE', *, *, #1883, .T. ) ;
#2035 = CARTESIAN_POINT ( 'NONE',  ( -7.549096378761948500, 23.22850060722261034, 20.92663835268902872 ) ) ;
#2036 = LINE ( 'NONE', #641, #1121 ) ;
#2037 = PLANE ( 'NONE',  #28 ) ;
#2038 = ORIENTED_EDGE ( 'NONE', *, *, #1954, .F. ) ;
#2039 = VECTOR ( 'NONE', #730, 1000.000000000000000 ) ;
#2040 = AXIS2_PLACEMENT_3D ( 'NONE', #1766, #20, #720 ) ;
#2041 = PRESENTATION_LAYER_ASSIGNMENT (  '', '', ( #236 ) ) ;
#2042 = DIRECTION ( 'NONE',  ( 0.000000000000000000, -0.000000000000000000, 1.000000000000000000 ) ) ;
#2043 = CARTESIAN_POINT ( 'NONE',  ( 20.00000000000000000, 15.00000000000000000, -19.99999999999998934 ) ) ;
#2044 = VECTOR ( 'NONE', #1091, 1000.000000000000114 ) ;
#2045 = ORIENTED_EDGE ( 'NONE', *, *, #693, .T. ) ;
#2046 = ADVANCED_FACE ( 'NONE', ( #1261 ), #1293, .F. ) ;
#2047 = FACE_OUTER_BOUND ( 'NONE', #357, .T. ) ;
#2048 = DIRECTION ( 'NONE',  ( 0.000000000000000000, -0.7071067811865476838, 0.7071067811865474617 ) ) ;
#2049 = CIRCLE ( 'NONE', #1608, 3.250000000000000000 ) ;
#2050 = DIRECTION ( 'NONE',  ( 1.000000000000000000, -0.000000000000000000, -5.782411586589358625E-17 ) ) ;
#2051 = FACE_OUTER_BOUND ( 'NONE', #875, .T. ) ;
#2052 = CIRCLE ( 'NONE', #1974, 1.749999999999994671 ) ;
#2053 = EDGE_LOOP ( 'NONE', ( #1895, #273, #231, #1373, #707, #146, #1160, #2030, #1546, #709, #1064 ) ) ;
#2054 = EDGE_CURVE ( 'NONE', #1077, #65, #743, .T. ) ;
#2055 = CARTESIAN_POINT ( 'NONE',  ( -19.99999999999999645, 29.87903679018718250, 25.12096320981282815 ) ) ;
#2056 = DIRECTION ( 'NONE',  ( 1.734723475976807094E-16, 0.000000000000000000, 1.000000000000000000 ) ) ;
#2057 = CARTESIAN_POINT ( 'NONE',  ( -16.99999999999999289, 25.00000000000000355, -13.99999999999999822 ) ) ;
#2058 = ORIENTED_EDGE ( 'NONE', *, *, #1951, .T. ) ;
#2059 = CARTESIAN_POINT ( 'NONE',  ( 25.00000000000000000, 25.00000000000000355, -3.411622836087719962E-15 ) ) ;
#2060 = ORIENTED_EDGE ( 'NONE', *, *, #414, .T. ) ;
#2061 = CARTESIAN_POINT ( 'NONE',  ( 7.750000000000000888, 24.74155809459170285, 20.99999999999999645 ) ) ;
#2062 = CARTESIAN_POINT ( 'NONE',  ( 13.00000000000000178, 1.999999999999954037, 9.607699251563794905E-16 ) ) ;
#2063 = LINE ( 'NONE', #133, #507 ) ;
#2064 = VERTEX_POINT ( 'NONE', #435 ) ;
#2065 = EDGE_CURVE ( 'NONE', #690, #554, #337, .T. ) ;
#2066 = AXIS2_PLACEMENT_3D ( 'NONE', #95, #481, #279 ) ;
#2067 = CYLINDRICAL_SURFACE ( 'NONE', #1115, 3.250000000000000000 ) ;
#2068 = ADVANCED_FACE ( 'NONE', ( #916 ), #1124, .F. ) ;
#2069 = DIRECTION ( 'NONE',  ( 0.000000000000000000, -1.000000000000000000, 0.000000000000000000 ) ) ;
#2070 = DIRECTION ( 'NONE',  ( -1.000000000000000000, -0.000000000000000000, 1.734723475976807094E-16 ) ) ;
#2071 = ORIENTED_EDGE ( 'NONE', *, *, #1330, .T. ) ;
#2072 = ORIENTED_EDGE ( 'NONE', *, *, #2101, .T. ) ;
#2073 = CARTESIAN_POINT ( 'NONE',  ( -19.99999999999999645, 25.00000000000000000, 20.24192641962564565 ) ) ;
#2074 = FACE_OUTER_BOUND ( 'NONE', #149, .T. ) ;
#2075 = DIRECTION ( 'NONE',  ( -1.000000000000000000, 0.000000000000000000, 1.734723475976807094E-16 ) ) ;
#2076 = ORIENTED_EDGE ( 'NONE', *, *, #1032, .F. ) ;
#2077 = LINE ( 'NONE', #1862, #511 ) ;
#2078 = EDGE_CURVE ( 'NONE', #814, #987, #258, .T. ) ;
#2079 = AXIS2_PLACEMENT_3D ( 'NONE', #123, #822, #644 ) ;
#2080 = CIRCLE ( 'NONE', #324, 1.749999999999994671 ) ;
#2081 = CIRCLE ( 'NONE', #1965, 1.750000000000001554 ) ;
#2082 = AXIS2_PLACEMENT_3D ( 'NONE', #2177, #2157, #1630 ) ;
#2083 = CARTESIAN_POINT ( 'NONE',  ( 25.00000000000000355, 0.000000000000000000, 30.00000000000000711 ) ) ;
#2084 = ADVANCED_FACE ( 'NONE', ( #51 ), #1449, .T. ) ;
#2085 = ORIENTED_EDGE ( 'NONE', *, *, #168, .T. ) ;
#2086 = EDGE_LOOP ( 'NONE', ( #2151, #597, #1946, #582, #696, #1538, #985, #113, #880, #1068, #850, #563, #1973, #1652, #115, #2154, #379 ) ) ;
#2087 = CARTESIAN_POINT ( 'NONE',  ( 17.00000000000000000, 25.00000000000000355, 13.99999999999999822 ) ) ;
#2088 = CARTESIAN_POINT ( 'NONE',  ( -25.00000000000000000, 6.999999999999998224, 20.00000000000000711 ) ) ;
#2089 = CARTESIAN_POINT ( 'NONE',  ( -19.99999999999999645, 25.00000000000000000, -20.24192641962564565 ) ) ;
#2090 = ORIENTED_EDGE ( 'NONE', *, *, #1716, .F. ) ;
#2091 = CARTESIAN_POINT ( 'NONE',  ( 0.000000000000000000, 25.00000000000000000, 26.00000000000000711 ) ) ;
#2092 = AXIS2_PLACEMENT_3D ( 'NONE', #181, #1364, #1581 ) ;
#2093 = PLANE ( 'NONE',  #1340 ) ;
#2094 = VERTEX_POINT ( 'NONE', #245 ) ;
#2095 = ADVANCED_FACE ( 'NONE', ( #2137 ), #1469, .F. ) ;
#2096 = ADVANCED_FACE ( 'NONE', ( #1977 ), #1425, .T. ) ;
#2097 =( LENGTH_UNIT ( ) NAMED_UNIT ( * ) SI_UNIT ( .MILLI., .METRE. ) );
#2098 = EDGE_LOOP ( 'NONE', ( #2207, #1953, #1795, #10 ) ) ;
#2099 = EDGE_CURVE ( 'NONE', #117, #553, #606, .T. ) ;
#2100 = LINE ( 'NONE', #876, #1864 ) ;
#2101 = EDGE_CURVE ( 'NONE', #1251, #874, #387, .T. ) ;
#2102 = CARTESIAN_POINT ( 'NONE',  ( -21.75000000000000355, 15.00000000000000000, -29.99999999999999289 ) ) ;
#2103 = DIRECTION ( 'NONE',  ( 0.000000000000000000, 0.000000000000000000, 1.000000000000000000 ) ) ;
#2104 = ORIENTED_EDGE ( 'NONE', *, *, #1101, .T. ) ;
#2105 = FACE_OUTER_BOUND ( 'NONE', #204, .T. ) ;
#2106 = CARTESIAN_POINT ( 'NONE',  ( 8.750000000000001776, 25.00000000000000000, -7.600000000000001421 ) ) ;
#2107 =( BOUNDED_CURVE ( )  B_SPLINE_CURVE ( 3, ( #665, #1360, #1481, #2192 ),
 .UNSPECIFIED., .F., .T. ) 
 B_SPLINE_CURVE_WITH_KNOTS ( ( 4, 4 ),
 ( 3.141592653589793116, 6.283185307179586232 ),
 .UNSPECIFIED. ) 
 CURVE ( )  GEOMETRIC_REPRESENTATION_ITEM ( )  RATIONAL_B_SPLINE_CURVE ( ( 1.000000000000000000, 0.3333333333333333703, 0.3333333333333333703, 1.000000000000000000 ) ) 
 REPRESENTATION_ITEM ( '' )  );
#2108 = ORIENTED_EDGE ( 'NONE', *, *, #311, .F. ) ;
#2109 = CARTESIAN_POINT ( 'NONE',  ( -8.749999999999998224, 25.00000000000000000, -7.599999999999997868 ) ) ;
#2110 = ORIENTED_EDGE ( 'NONE', *, *, #1274, .T. ) ;
#2111 = DIRECTION ( 'NONE',  ( 0.000000000000000000, 1.000000000000000000, 0.000000000000000000 ) ) ;
#2112 = DIRECTION ( 'NONE',  ( 1.000000000000000000, 0.000000000000000000, -5.782411586589358625E-17 ) ) ;
#2113 = CARTESIAN_POINT ( 'NONE',  ( 25.00000000000000000, -1.653273178848926669E-15, 20.00000000000000711 ) ) ;
#2114 = EDGE_CURVE ( 'NONE', #1426, #1029, #1437, .T. ) ;
#2115 = ORIENTED_EDGE ( 'NONE', *, *, #1716, .T. ) ;
#2116 = CYLINDRICAL_SURFACE ( 'NONE', #444, 7.750000000000000000 ) ;
#2117 = FACE_OUTER_BOUND ( 'NONE', #1421, .T. ) ;
#2118 = CARTESIAN_POINT ( 'NONE',  ( 25.00000000000000000, 25.00000000000000000, -26.99999999999996803 ) ) ;
#2119 = VECTOR ( 'NONE', #2218, 1000.000000000000000 ) ;
#2120 = ORIENTED_EDGE ( 'NONE', *, *, #1257, .T. ) ;
#2121 = AXIS2_PLACEMENT_3D ( 'NONE', #1816, #229, #942 ) ;
#2122 = AXIS2_PLACEMENT_3D ( 'NONE', #1067, #179, #712 ) ;
#2123 = VECTOR ( 'NONE', #1136, 1000.000000000000000 ) ;
#2124 = ORIENTED_EDGE ( 'NONE', *, *, #110, .F. ) ;
#2125 = CIRCLE ( 'NONE', #140, 1.750000000000001554 ) ;
#2126 = EDGE_CURVE ( 'NONE', #898, #2064, #674, .T. ) ;
#2127 = DIRECTION ( 'NONE',  ( 0.000000000000000000, 0.000000000000000000, -1.000000000000000000 ) ) ;
#2128 = ORIENTED_EDGE ( 'NONE', *, *, #1886, .T. ) ;
#2129 = DIRECTION ( 'NONE',  ( -1.000000000000000000, -0.000000000000000000, -5.782411586589358625E-17 ) ) ;
#2130 = EDGE_CURVE ( 'NONE', #1834, #1308, #1066, .T. ) ;
#2131 = CARTESIAN_POINT ( 'NONE',  ( -5.000000000000000888, 25.00000000000000000, 35.00000000000000000 ) ) ;
#2132 = EDGE_CURVE ( 'NONE', #1504, #673, #1657, .T. ) ;
#2133 = CYLINDRICAL_SURFACE ( 'NONE', #755, 1.899999999999999911 ) ;
#2134 = ORIENTED_EDGE ( 'NONE', *, *, #826, .F. ) ;
#2135 = VERTEX_POINT ( 'NONE', #828 ) ;
#2136 = FACE_OUTER_BOUND ( 'NONE', #1660, .T. ) ;
#2137 = FACE_OUTER_BOUND ( 'NONE', #1227, .T. ) ;
#2138 = ORIENTED_EDGE ( 'NONE', *, *, #362, .F. ) ;
#2139 = CARTESIAN_POINT ( 'NONE',  ( -24.99999999999998934, 25.00000000000000000, 30.00000000000000711 ) ) ;
#2140 = CARTESIAN_POINT ( 'NONE',  ( 0.000000000000000000, 25.00000000000000000, 26.00000000000000711 ) ) ;
#2141 = EDGE_CURVE ( 'NONE', #1800, #1141, #1316, .T. ) ;
#2142 = LINE ( 'NONE', #25, #542 ) ;
#2143 = EDGE_CURVE ( 'NONE', #987, #553, #1528, .T. ) ;
#2144 = ORIENTED_EDGE ( 'NONE', *, *, #186, .F. ) ;
#2145 = AXIS2_PLACEMENT_3D ( 'NONE', #1460, #63, #771 ) ;
#2146 = ORIENTED_EDGE ( 'NONE', *, *, #697, .F. ) ;
#2147 = LINE ( 'NONE', #207, #973 ) ;
#2148 = CARTESIAN_POINT ( 'NONE',  ( 8.750000000000003553, 25.00000000000000000, 1.951563910473907587E-15 ) ) ;
#2149 = CARTESIAN_POINT ( 'NONE',  ( -10.00000000000000178, 10.00000000000000000, -18.24999999999998934 ) ) ;
#2150 = DIRECTION ( 'NONE',  ( 0.000000000000000000, 0.000000000000000000, -1.000000000000000000 ) ) ;
#2151 = ORIENTED_EDGE ( 'NONE', *, *, #1982, .F. ) ;
#2152 = EDGE_CURVE ( 'NONE', #1423, #1324, #48, .T. ) ;
#2153 = CIRCLE ( 'NONE', #1228, 14.00000000000000178 ) ;
#2154 = ORIENTED_EDGE ( 'NONE', *, *, #414, .F. ) ;
#2155 = EDGE_CURVE ( 'NONE', #821, #65, #636, .T. ) ;
#2156 = TOROIDAL_SURFACE ( 'NONE', #172, 14.00000000000000178, 8.000000000000000000 ) ;
#2157 = DIRECTION ( 'NONE',  ( 0.000000000000000000, -1.000000000000000000, 0.000000000000000000 ) ) ;
#2158 = DIRECTION ( 'NONE',  ( 0.000000000000000000, 0.000000000000000000, -1.000000000000000000 ) ) ;
#2160 = ORIENTED_EDGE ( 'NONE', *, *, #17, .T. ) ;
#2159 = AXIS2_PLACEMENT_3D ( 'NONE', #1613, #2172, #900 ) ;
#2161 = CARTESIAN_POINT ( 'NONE',  ( 20.00000000000000000, 25.00000000000000000, 25.61593795664341044 ) ) ;
#2162 = DIRECTION ( 'NONE',  ( -1.734723475976807094E-16, 0.000000000000000000, -1.000000000000000000 ) ) ;
#2163 = FACE_OUTER_BOUND ( 'NONE', #806, .T. ) ;
#2164 = LINE ( 'NONE', #767, #2165 ) ;
#2165 = VECTOR ( 'NONE', #264, 1000.000000000000000 ) ;
#2166 = AXIS2_PLACEMENT_3D ( 'NONE', #722, #645, #1181 ) ;
#2167 = ADVANCED_FACE ( 'NONE', ( #1357, #2188 ), #1328, .T. ) ;
#2168 = EDGE_LOOP ( 'NONE', ( #217, #1084 ) ) ;
#2169 = LINE ( 'NONE', #751, #1082 ) ;
#2170 = DIRECTION ( 'NONE',  ( -1.000000000000000000, -0.000000000000000000, -0.000000000000000000 ) ) ;
#2171 = ORIENTED_EDGE ( 'NONE', *, *, #1314, .F. ) ;
#2172 = DIRECTION ( 'NONE',  ( 0.000000000000000000, -0.7071067811865474617, 0.7071067811865477948 ) ) ;
#2173 = DIRECTION ( 'NONE',  ( -0.000000000000000000, -0.7071067811865474617, 0.7071067811865476838 ) ) ;
#2174 = PLANE ( 'NONE',  #1597 ) ;
#2175 = CARTESIAN_POINT ( 'NONE',  ( 13.00000000000000178, -1.653273178848926669E-15, 20.00000000000000711 ) ) ;
#2176 = ORIENTED_EDGE ( 'NONE', *, *, #1710, .T. ) ;
#2177 = CARTESIAN_POINT ( 'NONE',  ( 9.999999999999998224, 10.00000000000000000, -19.99999999999998934 ) ) ;
#2178 = AXIS2_PLACEMENT_3D ( 'NONE', #1732, #684, #2273 ) ;
#2179 = DIRECTION ( 'NONE',  ( 1.734723475976807094E-16, 0.000000000000000000, 1.000000000000000000 ) ) ;
#2180 = ORIENTED_EDGE ( 'NONE', *, *, #634, .F. ) ;
#2181 = CYLINDRICAL_SURFACE ( 'NONE', #2159, 1.899999999999999911 ) ;
#2182 = EDGE_CURVE ( 'NONE', #1940, #1841, #316, .T. ) ;
#2183 = LINE ( 'NONE', #1277, #2191 ) ;
#2184 = CARTESIAN_POINT ( 'NONE',  ( -10.00000000000000355, 15.00000000000000178, 32.07106781186548261 ) ) ;
#2185 = CYLINDRICAL_SURFACE ( 'NONE', #1126, 1.749999999999994671 ) ;
#2186 = VERTEX_POINT ( 'NONE', #986 ) ;
#2187 = CARTESIAN_POINT ( 'NONE',  ( -24.99999999999998934, 0.000000000000000000, 30.00000000000000711 ) ) ;
#2188 = FACE_BOUND ( 'NONE', #2168, .T. ) ;
#2189 = VERTEX_POINT ( 'NONE', #1666 ) ;
#2190 = CARTESIAN_POINT ( 'NONE',  ( 4.720080479822748920, 18.84799492227456597, 20.07936214529919283 ) ) ;
#2191 = VECTOR ( 'NONE', #1810, 1000.000000000000000 ) ;
#2192 = CARTESIAN_POINT ( 'NONE',  ( -19.99999999999999645, 25.00000000000000000, -20.24192641962564565 ) ) ;
#2193 = FACE_OUTER_BOUND ( 'NONE', #2053, .T. ) ;
#2194 = VERTEX_POINT ( 'NONE', #1700 ) ;
#2195 = ADVANCED_FACE ( 'NONE', ( #616 ), #1691, .F. ) ;
#2196 = EDGE_CURVE ( 'NONE', #328, #2247, #813, .T. ) ;
#2197 = CARTESIAN_POINT ( 'NONE',  ( -17.99999999999999289, 7.000000000000000888, -15.49999999999999289 ) ) ;
#2198 = CARTESIAN_POINT ( 'NONE',  ( -19.99999999999999645, 11.33416664540925289, 11.95010460205265801 ) ) ;
#2200 = ORIENTED_EDGE ( 'NONE', *, *, #1146, .T. ) ;
#2199 = VECTOR ( 'NONE', #776, 1000.000000000000000 ) ;
#2201 = DIRECTION ( 'NONE',  ( 1.000000000000000000, 0.000000000000000000, 0.000000000000000000 ) ) ;
#2202 = LINE ( 'NONE', #2021, #13 ) ;
#2203 = ORIENTED_EDGE ( 'NONE', *, *, #924, .F. ) ;
#2204 = CARTESIAN_POINT ( 'NONE',  ( 7.053861782283238568, 21.77986891492760790, 20.75297860246099546 ) ) ;
#2205 = CARTESIAN_POINT ( 'NONE',  ( -8.749999999999996447, 25.00000000000000000, 7.600000000000001421 ) ) ;
#2206 = DIRECTION ( 'NONE',  ( 1.000000000000000000, 0.000000000000000000, -1.734723475976807094E-16 ) ) ;
#2207 = ORIENTED_EDGE ( 'NONE', *, *, #996, .T. ) ;
#2208 = CARTESIAN_POINT ( 'NONE',  ( -24.99999999999999289, 25.00000000000000355, 4.336808689942017736E-15 ) ) ;
#2209 = CARTESIAN_POINT ( 'NONE',  ( -25.00000000000000000, -1.653273178848926669E-15, 20.00000000000000711 ) ) ;
#2210 = ADVANCED_FACE ( 'NONE', ( #816 ), #446, .T. ) ;
#2211 = ORIENTED_EDGE ( 'NONE', *, *, #2019, .T. ) ;
#2212 = DIRECTION ( 'NONE',  ( 0.000000000000000000, -0.000000000000000000, 1.000000000000000000 ) ) ;
#2213 = EDGE_LOOP ( 'NONE', ( #1262, #1189, #1607, #1030 ) ) ;
#2214 = CARTESIAN_POINT ( 'NONE',  ( -19.99999999999999645, 25.00000000000000000, -25.61593795664341044 ) ) ;
#2215 = DIRECTION ( 'NONE',  ( -1.000000000000000000, 0.000000000000000000, 0.000000000000000000 ) ) ;
#2216 = DIRECTION ( 'NONE',  ( -1.000000000000000000, 0.000000000000000000, 0.000000000000000000 ) ) ;
#2217 = VERTEX_POINT ( 'NONE', #2223 ) ;
#2218 = DIRECTION ( 'NONE',  ( 0.000000000000000000, -0.7071067811865474617, -0.7071067811865476838 ) ) ;
#2219 = LINE ( 'NONE', #2234, #948 ) ;
#2220 = ADVANCED_FACE ( 'NONE', ( #2047 ), #1171, .F. ) ;
#2221 = VERTEX_POINT ( 'NONE', #963 ) ;
#2222 = EDGE_CURVE ( 'NONE', #1800, #562, #793, .T. ) ;
#2223 = CARTESIAN_POINT ( 'NONE',  ( -16.99999999999998224, 25.00000000000000000, -5.999999999999998224 ) ) ;
#2224 = EDGE_LOOP ( 'NONE', ( #1804, #1935, #635, #454 ) ) ;
#2225 = DIRECTION ( 'NONE',  ( -0.000000000000000000, -1.000000000000000000, -0.000000000000000000 ) ) ;
#2226 = EDGE_CURVE ( 'NONE', #821, #719, #2202, .T. ) ;
#2227 = CARTESIAN_POINT ( 'NONE',  ( -10.00000000000000178, 10.00000000000000000, 18.25000000000001066 ) ) ;
#2228 = DIRECTION ( 'NONE',  ( -1.000000000000000000, 0.000000000000000000, 0.000000000000000000 ) ) ;
#2229 = AXIS2_PLACEMENT_3D ( 'NONE', #715, #169, #23 ) ;
#2230 = VERTEX_POINT ( 'NONE', #1023 ) ;
#2231 = AXIS2_PLACEMENT_3D ( 'NONE', #1830, #421, #752 ) ;
#2232 = AXIS2_PLACEMENT_3D ( 'NONE', #1740, #516, #1182 ) ;
#2233 = FACE_OUTER_BOUND ( 'NONE', #1879, .T. ) ;
#2234 = CARTESIAN_POINT ( 'NONE',  ( 18.25000000000000000, 15.00000000000000000, -19.99999999999998934 ) ) ;
#2235 = AXIS2_PLACEMENT_3D ( 'NONE', #860, #2111, #177 ) ;
#2236 = EDGE_LOOP ( 'NONE', ( #247, #338 ) ) ;
#2237 = EDGE_CURVE ( 'NONE', #777, #1326, #1575, .T. ) ;
#2238 = VERTEX_POINT ( 'NONE', #2109 ) ;
#2239 = CARTESIAN_POINT ( 'NONE',  ( 0.5010857591414753509, 17.24938955432329024, 19.51737785048958784 ) ) ;
#2240 = VECTOR ( 'NONE', #22, 1000.000000000000000 ) ;
#2241 = LINE ( 'NONE', #619, #1419 ) ;
#2242 = CARTESIAN_POINT ( 'NONE',  ( 9.999999999999994671, 0.000000000000000000, 21.75000000000001776 ) ) ;
#2243 = EDGE_LOOP ( 'NONE', ( #941, #1998, #859, #2014 ) ) ;
#2244 = DIRECTION ( 'NONE',  ( 1.734723475976807094E-16, -0.000000000000000000, 1.000000000000000000 ) ) ;
#2245 = FACE_OUTER_BOUND ( 'NONE', #1341, .T. ) ;
#2246 = DIRECTION ( 'NONE',  ( 0.000000000000000000, 0.000000000000000000, -1.000000000000000000 ) ) ;
#2247 = VERTEX_POINT ( 'NONE', #698 ) ;
#2248 =( NAMED_UNIT ( * ) SI_UNIT ( $, .STERADIAN. ) SOLID_ANGLE_UNIT ( ) );
#2249 = ORIENTED_EDGE ( 'NONE', *, *, #540, .F. ) ;
#2250 = LINE ( 'NONE', #330, #1792 ) ;
#2251 = DIRECTION ( 'NONE',  ( 1.734723475976807094E-16, -0.000000000000000000, 1.000000000000000000 ) ) ;
#2252 = CARTESIAN_POINT ( 'NONE',  ( -10.00000000000000178, 10.00000000000000000, -19.99999999999998934 ) ) ;
#2253 = ORIENTED_EDGE ( 'NONE', *, *, #1429, .F. ) ;
#2254 = AXIS2_PLACEMENT_3D ( 'NONE', #1654, #83, #943 ) ;
#2255 = CARTESIAN_POINT ( 'NONE',  ( -25.00000000000000000, 25.00000000000000000, -29.99999999999999289 ) ) ;
#2256 = DIRECTION ( 'NONE',  ( 0.000000000000000000, -1.334402673828313339E-16, 1.000000000000000000 ) ) ;
#2257 = EDGE_LOOP ( 'NONE', ( #1988, #268, #539, #2007 ) ) ;
#2258 = CARTESIAN_POINT ( 'NONE',  ( -19.99999999999999645, 14.02117241391813529, 9.263098833543777388 ) ) ;
#2259 = ORIENTED_EDGE ( 'NONE', *, *, #907, .F. ) ;
#2260 = CARTESIAN_POINT ( 'NONE',  ( -25.00000000000000000, 0.000000000000000000, -15.49999999999999467 ) ) ;
#2261 = DIRECTION ( 'NONE',  ( 1.734723475976807094E-16, -0.000000000000000000, 1.000000000000000000 ) ) ;
#2262 = CARTESIAN_POINT ( 'NONE',  ( -25.00000000000000000, 0.000000000000000000, -15.49999999999999467 ) ) ;
#2263 = EDGE_CURVE ( 'NONE', #388, #1815, #603, .T. ) ;
#2264 = ORIENTED_EDGE ( 'NONE', *, *, #1711, .T. ) ;
#2265 = CARTESIAN_POINT ( 'NONE',  ( -13.00000000000000178, -1.653273178848926669E-15, 20.00000000000000711 ) ) ;
#2266 = AXIS2_PLACEMENT_3D ( 'NONE', #1389, #1556, #12 ) ;
#2267 = EDGE_CURVE ( 'NONE', #657, #1029, #1208, .T. ) ;
#2268 = CIRCLE ( 'NONE', #60, 6.000000000000000888 ) ;
#2269 = DIRECTION ( 'NONE',  ( 1.000000000000000000, 0.000000000000000000, 0.000000000000000000 ) ) ;
#2270 = EDGE_CURVE ( 'NONE', #954, #408, #143, .T. ) ;
#2271 = ORIENTED_EDGE ( 'NONE', *, *, #1557, .T. ) ;
#2272 = AXIS2_PLACEMENT_3D ( 'NONE', #1844, #1349, #100 ) ;
#2273 = DIRECTION ( 'NONE',  ( 0.000000000000000000, 0.000000000000000000, -1.000000000000000000 ) ) ;
#2274 = ORIENTED_EDGE ( 'NONE', *, *, #782, .T. ) ;
#2275 = CARTESIAN_POINT ( 'NONE',  ( 21.99999999999998579, 25.00000000000000000, -29.99999999999999289 ) ) ;
#2276 = LINE ( 'NONE', #342, #508 ) ;
#2277 = FACE_OUTER_BOUND ( 'NONE', #1733, .T. ) ;
#2278 = VERTEX_POINT ( 'NONE', #2258 ) ;
ENDSEC;
END-ISO-10303-21;
