ISO-10303-21;
HEADER;
FILE_DESCRIPTION (( 'STEP AP214' ),
    '1' );
FILE_NAME ('Motor-Mount.STEP',
    '2026-05-11T14:23:52',
    ( '' ),
    ( '' ),
    'SwSTEP 2.0',
    'SolidWorks 2026',
    '' );
FILE_SCHEMA (( 'AUTOMOTIVE_DESIGN' ));
ENDSEC;

DATA;
#1 = DIRECTION ( 'NONE',  ( 0.000000000000000000, 0.000000000000000000, 1.000000000000000000 ) ) ;
#2 = ORIENTED_EDGE ( 'NONE', *, *, #1254, .F. ) ;
#3 = FACE_OUTER_BOUND ( 'NONE', #995, .T. ) ;
#4 = VECTOR ( 'NONE', #1184, 1000.000000000000000 ) ;
#5 = CIRCLE ( 'NONE', #1169, 1.499999999999996891 ) ;
#6 = CARTESIAN_POINT ( 'NONE',  ( -5.499999999999999112, 3.999999999999994671, 18.49999999999999645 ) ) ;
#7 = CARTESIAN_POINT ( 'NONE',  ( 4.999999999999996447, 3.499999999999996003, -20.00000000000000355 ) ) ;
#8 = CIRCLE ( 'NONE', #1304, 1.000000000000000000 ) ;
#9 = DIRECTION ( 'NONE',  ( 1.000000000000000000, 0.000000000000000000, -1.301042606982605567E-16 ) ) ;
#10 = AXIS2_PLACEMENT_3D ( 'NONE', #998, #1309, #1327 ) ;
#11 = DIRECTION ( 'NONE',  ( -1.000000000000000000, 0.000000000000000000, 0.000000000000000000 ) ) ;
#12 = AXIS2_PLACEMENT_3D ( 'NONE', #454, #150, #1447 ) ;
#13 = ORIENTED_EDGE ( 'NONE', *, *, #105, .F. ) ;
#14 = AXIS2_PLACEMENT_3D ( 'NONE', #1730, #283, #1236 ) ;
#15 = CARTESIAN_POINT ( 'NONE',  ( 6.500000000000005329, 14.17468245269451188, 7.750000000000000888 ) ) ;
#16 = ADVANCED_FACE ( 'NONE', ( #1472 ), #378, .F. ) ;
#17 = EDGE_LOOP ( 'NONE', ( #763, #352, #68, #1859 ) ) ;
#18 = DIRECTION ( 'NONE',  ( -1.000000000000000000, -0.000000000000000000, 1.301042606982605074E-16 ) ) ;
#19 = VERTEX_POINT ( 'NONE', #355 ) ;
#20 = DIRECTION ( 'NONE',  ( 1.000000000000000000, -1.128474576789395597E-32, 1.519290839321567800E-64 ) ) ;
#21 = CARTESIAN_POINT ( 'NONE',  ( -5.000000000000003553, 0.000000000000000000, -20.00000000000000355 ) ) ;
#22 = PLANE ( 'NONE',  #873 ) ;
#23 = EDGE_CURVE ( 'NONE', #729, #718, #52, .T. ) ;
#24 = CARTESIAN_POINT ( 'NONE',  ( 5.130885661847897516, 3.630885661847875756, -19.99999999171438958 ) ) ;
#25 = ORIENTED_EDGE ( 'NONE', *, *, #2034, .T. ) ;
#26 = CARTESIAN_POINT ( 'NONE',  ( -5.433915790249876032, 4.801747370749578359, 19.25172605281076699 ) ) ;
#27 = ORIENTED_EDGE ( 'NONE', *, *, #1961, .T. ) ;
#28 = DIRECTION ( 'NONE',  ( -1.000000000000000000, 0.000000000000000000, 0.000000000000000000 ) ) ;
#29 = EDGE_LOOP ( 'NONE', ( #1881, #1388, #158, #553 ) ) ;
#30 = CARTESIAN_POINT ( 'NONE',  ( 0.000000000000000000, 0.000000000000000000, -10.00000000000000000 ) ) ;
#31 = DIRECTION ( 'NONE',  ( -1.000000000000000000, -0.000000000000000000, 1.301042606982605074E-16 ) ) ;
#32 = FACE_OUTER_BOUND ( 'NONE', #693, .T. ) ;
#33 = FACE_OUTER_BOUND ( 'NONE', #17, .T. ) ;
#34 = CARTESIAN_POINT ( 'NONE',  ( 5.307273380556391196, 4.421820141668986182, 19.69950020189064332 ) ) ;
#35 = ORIENTED_EDGE ( 'NONE', *, *, #289, .F. ) ;
#36 = ORIENTED_EDGE ( 'NONE', *, *, #1039, .F. ) ;
#37 = CARTESIAN_POINT ( 'NONE',  ( 3.500000000000000444, 44.37867965644034740, 19.37867965644034740 ) ) ;
#38 = ORIENTED_EDGE ( 'NONE', *, *, #292, .T. ) ;
#39 = EDGE_CURVE ( 'NONE', #1224, #1854, #235, .T. ) ;
#40 = PLANE ( 'NONE',  #411 ) ;
#41 = CIRCLE ( 'NONE', #203, 1.499999999999996891 ) ;
#42 = LINE ( 'NONE', #800, #767 ) ;
#43 = CIRCLE ( 'NONE', #602, 1.000000000000000000 ) ;
#44 = DIRECTION ( 'NONE',  ( 0.000000000000000000, 0.000000000000000000, 1.000000000000000000 ) ) ;
#45 = CARTESIAN_POINT ( 'NONE',  ( 5.499999999934561679, 4.999999999999994671, 18.59817583765531879 ) ) ;
#46 = AXIS2_PLACEMENT_3D ( 'NONE', #570, #1865, #405 ) ;
#47 = AXIS2_PLACEMENT_3D ( 'NONE', #89, #1194, #1364 ) ;
#48 = ORIENTED_EDGE ( 'NONE', *, *, #1215, .F. ) ;
#49 = CARTESIAN_POINT ( 'NONE',  ( 6.500000000000004441, 24.99999999999999645, -4.315124646492307647E-15 ) ) ;
#50 = VERTEX_POINT ( 'NONE', #502 ) ;
#51 = DIRECTION ( 'NONE',  ( 0.000000000000000000, -1.000000000000000000, 0.000000000000000000 ) ) ;
#52 = LINE ( 'NONE', #1163, #1839 ) ;
#53 = DIRECTION ( 'NONE',  ( 0.000000000000000000, 0.000000000000000000, 1.000000000000000000 ) ) ;
#54 = ADVANCED_FACE ( 'NONE', ( #1451 ), #161, .F. ) ;
#55 = CARTESIAN_POINT ( 'NONE',  ( 1.999999999999997780, 24.99999999999999645, -7.000000000000000888 ) ) ;
#56 = DIRECTION ( 'NONE',  ( -1.301042606982605074E-16, 8.673617379884034239E-17, -1.000000000000000000 ) ) ;
#57 = ORIENTED_EDGE ( 'NONE', *, *, #647, .F. ) ;
#58 = FACE_OUTER_BOUND ( 'NONE', #386, .T. ) ;
#59 = CARTESIAN_POINT ( 'NONE',  ( 1.999999999999998668, 24.99999999999999645, 2.749999999999994227 ) ) ;
#60 = DIRECTION ( 'NONE',  ( -1.000000000000000000, -0.000000000000000000, 1.301042606982605074E-16 ) ) ;
#61 = EDGE_CURVE ( 'NONE', #286, #959, #42, .T. ) ;
#62 = LINE ( 'NONE', #1821, #707 ) ;
#63 = CARTESIAN_POINT ( 'NONE',  ( 4.999999999999998224, 3.499999999999996003, -20.00000000000000355 ) ) ;
#64 = LINE ( 'NONE', #1002, #1673 ) ;
#65 = EDGE_CURVE ( 'NONE', #1708, #1246, #834, .T. ) ;
#66 = VERTEX_POINT ( 'NONE', #1131 ) ;
#67 = CARTESIAN_POINT ( 'NONE',  ( 3.499999999999999556, 35.82531754730548101, 7.749999999999992895 ) ) ;
#68 = ORIENTED_EDGE ( 'NONE', *, *, #2060, .F. ) ;
#69 = FACE_OUTER_BOUND ( 'NONE', #963, .T. ) ;
#70 = CARTESIAN_POINT ( 'NONE',  ( 1.999999999999996669, 45.00000000000000000, -20.00000000000000355 ) ) ;
#71 = CARTESIAN_POINT ( 'NONE',  ( 6.499999994035254858, 4.999999994035262851, 18.66387239871184889 ) ) ;
#72 = VECTOR ( 'NONE', #836, 1000.000000000000000 ) ;
#73 = AXIS2_PLACEMENT_3D ( 'NONE', #1473, #1626, #555 ) ;
#74 = EDGE_LOOP ( 'NONE', ( #1734, #1376, #599, #760 ) ) ;
#75 = CARTESIAN_POINT ( 'NONE',  ( -2.000000000000000888, 43.50000000000000000, 1.249999999999994671 ) ) ;
#76 = CIRCLE ( 'NONE', #1973, 1.500000000000001332 ) ;
#77 = ORIENTED_EDGE ( 'NONE', *, *, #1222, .F. ) ;
#78 = VECTOR ( 'NONE', #733, 1000.000000000000000 ) ;
#79 = CARTESIAN_POINT ( 'NONE',  ( 3.499999999999999556, 14.17468245269451188, 7.750000000000000888 ) ) ;
#80 = DIRECTION ( 'NONE',  ( -1.000000000000000000, 0.000000000000000000, 0.000000000000000000 ) ) ;
#81 = DIRECTION ( 'NONE',  ( -1.000000000000000000, 0.000000000000000000, 1.301042606982605074E-16 ) ) ;
#82 = EDGE_LOOP ( 'NONE', ( #542, #1054, #533, #91 ) ) ;
#83 = CARTESIAN_POINT ( 'NONE',  ( -2.000000000000000888, 43.50000000000000000, -1.250000000000005551 ) ) ;
#84 = ORIENTED_EDGE ( 'NONE', *, *, #361, .T. ) ;
#85 = DIRECTION ( 'NONE',  ( 0.000000000000000000, -1.000000000000000000, 0.000000000000000000 ) ) ;
#86 = CARTESIAN_POINT ( 'NONE',  ( -5.496776951960131719, 4.990330855880390715, -18.69634717512330013 ) ) ;
#87 = FACE_OUTER_BOUND ( 'NONE', #156, .T. ) ;
#88 = EDGE_LOOP ( 'NONE', ( #35, #1185 ) ) ;
#89 = CARTESIAN_POINT ( 'NONE',  ( -3.500000000000001776, 14.17468245269451543, -6.250000000000004441 ) ) ;
#90 = DIRECTION ( 'NONE',  ( -1.000000000000000000, 1.128474576789396008E-32, -0.000000000000000000 ) ) ;
#91 = ORIENTED_EDGE ( 'NONE', *, *, #1456, .T. ) ;
#92 = CARTESIAN_POINT ( 'NONE',  ( -5.000000000000003553, 3.499999999999996003, -20.00000000000000355 ) ) ;
#93 = EDGE_CURVE ( 'NONE', #838, #1708, #1427, .T. ) ;
#94 = CARTESIAN_POINT ( 'NONE',  ( -6.394230665565027394, 4.894230665565033611, -19.11837504407760946 ) ) ;
#95 = FACE_OUTER_BOUND ( 'NONE', #1785, .T. ) ;
#96 = VERTEX_POINT ( 'NONE', #1277 ) ;
#97 = CARTESIAN_POINT ( 'NONE',  ( 0.9999999999999986677, 45.00000000000000000, -1.250000000000005995 ) ) ;
#98 = VECTOR ( 'NONE', #549, 1000.000000000000000 ) ;
#99 = LINE ( 'NONE', #1547, #933 ) ;
#100 = DIRECTION ( 'NONE',  ( 0.000000000000000000, 0.000000000000000000, 1.000000000000000000 ) ) ;
#101 = EDGE_LOOP ( 'NONE', ( #364, #507, #402, #291 ) ) ;
#102 = CIRCLE ( 'NONE', #346, 1.000000000000000000 ) ;
#103 = AXIS2_PLACEMENT_3D ( 'NONE', #1119, #1581, #159 ) ;
#104 = CARTESIAN_POINT ( 'NONE',  ( 3.499999999999998668, 24.99999999999999645, -3.924811864397524473E-15 ) ) ;
#105 = EDGE_CURVE ( 'NONE', #1537, #1708, #1936, .T. ) ;
#106 = ORIENTED_EDGE ( 'NONE', *, *, #1961, .F. ) ;
#107 = CARTESIAN_POINT ( 'NONE',  ( 5.496776951960125501, 4.990330855880390715, -18.69634717512330013 ) ) ;
#108 = EDGE_CURVE ( 'NONE', #1167, #792, #734, .T. ) ;
#109 = DIRECTION ( 'NONE',  ( -1.000000000000000000, 0.000000000000000000, 1.301042606982605321E-16 ) ) ;
#110 = EDGE_LOOP ( 'NONE', ( #167, #1832, #48, #1562 ) ) ;
#111 = DIRECTION ( 'NONE',  ( 0.000000000000000000, -0.000000000000000000, 1.000000000000000000 ) ) ;
#112 = CARTESIAN_POINT ( 'NONE',  ( 5.130885661847886858, 3.630885661847858437, 19.99999999171438247 ) ) ;
#113 = ORIENTED_EDGE ( 'NONE', *, *, #1227, .T. ) ;
#114 = DIRECTION ( 'NONE',  ( 0.000000000000000000, 0.000000000000000000, 1.000000000000000000 ) ) ;
#115 = CARTESIAN_POINT ( 'NONE',  ( -6.477205669890457429, 4.977205669890436113, -18.82492459606817548 ) ) ;
#116 = EDGE_LOOP ( 'NONE', ( #1409, #1338, #1118, #181 ) ) ;
#117 = CARTESIAN_POINT ( 'NONE',  ( -5.500000000000004441, 4.999999999999998224, -18.50000000000000355 ) ) ;
#118 = ADVANCED_FACE ( 'NONE', ( #1145 ), #331, .F. ) ;
#119 = EDGE_CURVE ( 'NONE', #1212, #231, #1904, .T. ) ;
#120 = VERTEX_POINT ( 'NONE', #814 ) ;
#121 = CARTESIAN_POINT ( 'NONE',  ( -5.265091678140623621, 3.765091678140698228, 19.98741665692900682 ) ) ;
#122 = ORIENTED_EDGE ( 'NONE', *, *, #228, .F. ) ;
#123 = CYLINDRICAL_SURFACE ( 'NONE', #677, 1.000000000000000000 ) ;
#124 = CARTESIAN_POINT ( 'NONE',  ( -3.500000000000003553, 45.00000000000000000, -18.50000000000000355 ) ) ;
#125 = ORIENTED_EDGE ( 'NONE', *, *, #1667, .F. ) ;
#126 = LINE ( 'NONE', #1407, #1336 ) ;
#127 =( BOUNDED_CURVE ( )  B_SPLINE_CURVE ( 3, ( #630, #1251, #1112, #1748 ),
 .UNSPECIFIED., .F., .F. ) 
 B_SPLINE_CURVE_WITH_KNOTS ( ( 4, 4 ),
 ( 3.141592653589793560, 4.712388980384689674 ),
 .UNSPECIFIED. ) 
 CURVE ( )  GEOMETRIC_REPRESENTATION_ITEM ( )  RATIONAL_B_SPLINE_CURVE ( ( 1.000000000000000000, 0.8047378541243650485, 0.8047378541243650485, 1.000000000000000000 ) ) 
 REPRESENTATION_ITEM ( '' )  );
#128 = VERTEX_POINT ( 'NONE', #21 ) ;
#129 = AXIS2_PLACEMENT_3D ( 'NONE', #1058, #1525, #111 ) ;
#130 = SHAPE_DEFINITION_REPRESENTATION ( #669, #1715 ) ;
#131 = EDGE_CURVE ( 'NONE', #1537, #1159, #1286, .T. ) ;
#132 = FACE_OUTER_BOUND ( 'NONE', #1243, .T. ) ;
#133 = AXIS2_PLACEMENT_3D ( 'NONE', #769, #1594, #155 ) ;
#134 = DIRECTION ( 'NONE',  ( 0.000000000000000000, 0.000000000000000000, 1.000000000000000000 ) ) ;
#135 = VERTEX_POINT ( 'NONE', #204 ) ;
#136 = CARTESIAN_POINT ( 'NONE',  ( 5.499999999999996447, 4.999999999999998224, -18.50000000000000355 ) ) ;
#137 = ADVANCED_FACE ( 'NONE', ( #1950 ), #1797, .F. ) ;
#138 = VECTOR ( 'NONE', #1052, 1000.000000000000000 ) ;
#139 = LINE ( 'NONE', #1262, #1234 ) ;
#140 = AXIS2_PLACEMENT_3D ( 'NONE', #1040, #1684, #80 ) ;
#141 = ORIENTED_EDGE ( 'NONE', *, *, #370, .T. ) ;
#142 = CIRCLE ( 'NONE', #943, 1.500000000000001332 ) ;
#143 = DIRECTION ( 'NONE',  ( -1.000000000000000000, -0.000000000000000000, 1.301042606982605074E-16 ) ) ;
#144 = DIRECTION ( 'NONE',  ( -1.000000000000000000, -0.000000000000000000, 1.301042606982605074E-16 ) ) ;
#145 = VERTEX_POINT ( 'NONE', #1389 ) ;
#146 = EDGE_CURVE ( 'NONE', #1449, #1619, #259, .T. ) ;
#147 = CARTESIAN_POINT ( 'NONE',  ( -5.901183129446721409, 4.401183129446735620, 19.75167855023905261 ) ) ;
#148 = FACE_OUTER_BOUND ( 'NONE', #913, .T. ) ;
#149 = ORIENTED_EDGE ( 'NONE', *, *, #517, .T. ) ;
#150 = DIRECTION ( 'NONE',  ( -1.000000000000000000, -0.000000000000000000, 1.301042606982605074E-16 ) ) ;
#151 = ADVANCED_FACE ( 'NONE', ( #2023 ), #1238, .F. ) ;
#152 = CYLINDRICAL_SURFACE ( 'NONE', #776, 1.500000000000000000 ) ;
#153 = VERTEX_POINT ( 'NONE', #1066 ) ;
#154 = LINE ( 'NONE', #1615, #1540 ) ;
#155 = DIRECTION ( 'NONE',  ( 0.000000000000000000, 0.000000000000000000, 1.000000000000000000 ) ) ;
#156 = EDGE_LOOP ( 'NONE', ( #288, #520, #1141, #1892 ) ) ;
#157 = CARTESIAN_POINT ( 'NONE',  ( -5.682068154080512912, 4.182068154080475608, 19.88012564345322986 ) ) ;
#158 = ORIENTED_EDGE ( 'NONE', *, *, #1197, .T. ) ;
#159 = DIRECTION ( 'NONE',  ( 0.000000000000000000, 0.000000000000000000, -1.000000000000000000 ) ) ;
#160 = DIRECTION ( 'NONE',  ( -1.301042606982605567E-16, 0.000000000000000000, -1.000000000000000000 ) ) ;
#161 = CYLINDRICAL_SURFACE ( 'NONE', #1034, 1.500000000000002220 ) ;
#162 = FACE_BOUND ( 'NONE', #1099, .T. ) ;
#163 = ADVANCED_FACE ( 'NONE', ( #1650 ), #1690, .T. ) ;
#164 = CARTESIAN_POINT ( 'NONE',  ( -6.499999999999999112, 3.999999999999994671, 18.49999999999999645 ) ) ;
#165 = EDGE_LOOP ( 'NONE', ( #1235, #1059, #1072, #1507, #987, #349, #1181, #27 ) ) ;
#166 = CYLINDRICAL_SURFACE ( 'NONE', #1402, 1.000000000000000000 ) ;
#167 = ORIENTED_EDGE ( 'NONE', *, *, #1916, .T. ) ;
#168 = DIRECTION ( 'NONE',  ( 1.000000000000000000, 0.000000000000000000, -1.301042606982605074E-16 ) ) ;
#169 = VECTOR ( 'NONE', #1545, 1000.000000000000000 ) ;
#170 = AXIS2_PLACEMENT_3D ( 'NONE', #1990, #564, #1192 ) ;
#171 = DIRECTION ( 'NONE',  ( -1.000000000000000000, 0.000000000000000000, 1.301042606982605074E-16 ) ) ;
#172 = DIRECTION ( 'NONE',  ( -1.000000000000000000, 0.000000000000000000, 1.301042606982605074E-16 ) ) ;
#173 = ADVANCED_FACE ( 'NONE', ( #1882, #744, #272 ), #578, .F. ) ;
#174 = CARTESIAN_POINT ( 'NONE',  ( -3.500000000000003553, 45.00000000000000000, -20.00000000000000355 ) ) ;
#175 = CARTESIAN_POINT ( 'NONE',  ( 5.065461631044779978, 3.696384893134344818, -20.00000000000000355 ) ) ;
#176 = AXIS2_PLACEMENT_3D ( 'NONE', #1674, #244, #1847 ) ;
#177 = ORIENTED_EDGE ( 'NONE', *, *, #201, .T. ) ;
#178 = CARTESIAN_POINT ( 'NONE',  ( -3.500000000000001776, 35.82531754730548101, -6.250000000000002665 ) ) ;
#179 = ORIENTED_EDGE ( 'NONE', *, *, #1553, .T. ) ;
#180 = CARTESIAN_POINT ( 'NONE',  ( -3.500000000000003553, 5.999999999999998224, -18.50000000000000355 ) ) ;
#181 = ORIENTED_EDGE ( 'NONE', *, *, #926, .F. ) ;
#182 = CARTESIAN_POINT ( 'NONE',  ( 6.500000000000001776, 3.999999999999994671, 18.49999999999999645 ) ) ;
#183 = CARTESIAN_POINT ( 'NONE',  ( 5.499999999999996447, 4.999999999999998224, -18.50000000000000355 ) ) ;
#184 = FACE_BOUND ( 'NONE', #1466, .T. ) ;
#185 = CARTESIAN_POINT ( 'NONE',  ( -4.999999999999998224, 45.00000000000000000, 19.99999999999999645 ) ) ;
#186 = CARTESIAN_POINT ( 'NONE',  ( -1.999999999999998224, 5.999999999999994671, 18.49999999999999645 ) ) ;
#187 = EDGE_LOOP ( 'NONE', ( #977, #1459, #746, #282 ) ) ;
#188 = EDGE_CURVE ( 'NONE', #1743, #1841, #1474, .T. ) ;
#189 = ORIENTED_EDGE ( 'NONE', *, *, #246, .T. ) ;
#190 = CARTESIAN_POINT ( 'NONE',  ( -3.500000000000000000, 24.99999999999999645, 6.999999999999995559 ) ) ;
#191 = ORIENTED_EDGE ( 'NONE', *, *, #1202, .F. ) ;
#192 = FACE_OUTER_BOUND ( 'NONE', #1863, .T. ) ;
#193 = DIRECTION ( 'NONE',  ( 1.301042606982605074E-16, -8.673617379884034239E-17, 1.000000000000000000 ) ) ;
#194 = DIRECTION ( 'NONE',  ( -1.000000000000000000, 0.000000000000000000, 1.084202172485504681E-16 ) ) ;
#195 = DIRECTION ( 'NONE',  ( -1.000000000000000000, -0.000000000000000000, 1.301042606982605074E-16 ) ) ;
#196 = CARTESIAN_POINT ( 'NONE',  ( 6.128200527441173939, 4.628200527441147294, 19.55402460371082896 ) ) ;
#197 = EDGE_LOOP ( 'NONE', ( #1050, #1104, #229, #505 ) ) ;
#198 = ADVANCED_FACE ( 'NONE', ( #545 ), #2003, .F. ) ;
#199 = FACE_OUTER_BOUND ( 'NONE', #1252, .T. ) ;
#200 = ORIENTED_EDGE ( 'NONE', *, *, #690, .T. ) ;
#201 = EDGE_CURVE ( 'NONE', #1595, #360, #853, .T. ) ;
#202 = CARTESIAN_POINT ( 'NONE',  ( 6.499999999999999112, 0.000000000000000000, -8.456776945386931627E-16 ) ) ;
#203 = AXIS2_PLACEMENT_3D ( 'NONE', #178, #1455, #1085 ) ;
#204 = CARTESIAN_POINT ( 'NONE',  ( 3.500000000000000888, 43.50000000000000000, 18.49999999999998934 ) ) ;
#205 = CIRCLE ( 'NONE', #133, 1.500000000000001332 ) ;
#206 = FILL_AREA_STYLE ('',( #356 ) ) ;
#207 = COLOUR_RGB ( '',0.7921568627450980005, 0.8196078431372548767, 0.9333333333333333481 ) ;
#208 = DIRECTION ( 'NONE',  ( -1.000000000000000000, -0.000000000000000000, 1.301042606982605321E-16 ) ) ;
#209 = CARTESIAN_POINT ( 'NONE',  ( 5.901183129446725850, 4.401183129446732956, 19.75167855023905261 ) ) ;
#210 = VECTOR ( 'NONE', #1796, 1000.000000000000000 ) ;
#211 = CIRCLE ( 'NONE', #813, 1.500000000000001332 ) ;
#212 = EDGE_CURVE ( 'NONE', #1167, #749, #99, .T. ) ;
#213 = ORIENTED_EDGE ( 'NONE', *, *, #1437, .F. ) ;
#214 = CARTESIAN_POINT ( 'NONE',  ( -6.500000000000004441, 4.999999999999998224, -20.00000000000000355 ) ) ;
#215 = ORIENTED_EDGE ( 'NONE', *, *, #1387, .F. ) ;
#216 = DIRECTION ( 'NONE',  ( 1.301042606982605567E-16, -8.673617379884037937E-17, 1.000000000000000000 ) ) ;
#217 = CARTESIAN_POINT ( 'NONE',  ( -3.499999999999998224, 45.00000000000000000, 19.99999999999999645 ) ) ;
#218 = EDGE_CURVE ( 'NONE', #1479, #770, #1365, .T. ) ;
#219 = DIRECTION ( 'NONE',  ( 0.000000000000000000, 0.000000000000000000, 1.000000000000000000 ) ) ;
#220 = DIRECTION ( 'NONE',  ( -1.301042606982605321E-16, -1.322952888730927319E-16, -1.000000000000000000 ) ) ;
#221 = DIRECTION ( 'NONE',  ( 0.000000000000000000, -1.000000000000000000, 0.000000000000000000 ) ) ;
#222 = ORIENTED_EDGE ( 'NONE', *, *, #802, .F. ) ;
#223 = LINE ( 'NONE', #1955, #1649 ) ;
#224 = PRODUCT ( 'Motor-Mount', 'Motor-Mount', '', ( #304 ) ) ;
#225 = ORIENTED_EDGE ( 'NONE', *, *, #500, .F. ) ;
#226 = DIRECTION ( 'NONE',  ( 0.000000000000000000, 0.000000000000000000, -1.000000000000000000 ) ) ;
#227 = DIRECTION ( 'NONE',  ( -1.000000000000000000, -0.000000000000000000, 1.301042606982605074E-16 ) ) ;
#228 = EDGE_CURVE ( 'NONE', #1302, #667, #509, .T. ) ;
#229 = ORIENTED_EDGE ( 'NONE', *, *, #1589, .T. ) ;
#230 = DIRECTION ( 'NONE',  ( 1.084202172485504681E-16, 0.000000000000000000, 1.000000000000000000 ) ) ;
#231 = VERTEX_POINT ( 'NONE', #587 ) ;
#232 = DIRECTION ( 'NONE',  ( -1.000000000000000000, 0.000000000000000000, 1.084202172485504681E-16 ) ) ;
#233 = ADVANCED_FACE ( 'NONE', ( #1328 ), #790, .T. ) ;
#234 = SURFACE_STYLE_FILL_AREA ( #206 ) ;
#235 = CIRCLE ( 'NONE', #404, 2.499999999999999556 ) ;
#236 = ADVANCED_FACE ( 'NONE', ( #132 ), #166, .F. ) ;
#237 = CARTESIAN_POINT ( 'NONE',  ( 0.9999999999999986677, 45.00000000000000000, -1.250000000000005995 ) ) ;
#238 = CIRCLE ( 'NONE', #514, 1.900000000000000577 ) ;
#239 = EDGE_CURVE ( 'NONE', #1621, #1479, #900, .T. ) ;
#240 = ORIENTED_EDGE ( 'NONE', *, *, #1191, .T. ) ;
#241 = AXIS2_PLACEMENT_3D ( 'NONE', #833, #1624, #1935 ) ;
#242 = ORIENTED_EDGE ( 'NONE', *, *, #119, .T. ) ;
#243 = AXIS2_PLACEMENT_3D ( 'NONE', #1757, #296, #619 ) ;
#244 = DIRECTION ( 'NONE',  ( 1.000000000000000000, 0.000000000000000000, -1.301042606982605321E-16 ) ) ;
#245 = CARTESIAN_POINT ( 'NONE',  ( -5.499999999934562567, 4.999999999999995559, -18.59817583765533300 ) ) ;
#246 = EDGE_CURVE ( 'NONE', #375, #1249, #1136, .T. ) ;
#247 = DIRECTION ( 'NONE',  ( 0.000000000000000000, 0.000000000000000000, 1.000000000000000000 ) ) ;
#248 = ORIENTED_EDGE ( 'NONE', *, *, #1400, .F. ) ;
#249 = CARTESIAN_POINT ( 'NONE',  ( 3.499999999999997335, 24.99999999999999645, -14.00000000000000711 ) ) ;
#250 = CARTESIAN_POINT ( 'NONE',  ( -5.755428405311183937, 3.751809468437036443, 19.81067960955681428 ) ) ;
#251 = EDGE_LOOP ( 'NONE', ( #1398, #1217, #2062, #1033 ) ) ;
#252 = LINE ( 'NONE', #1528, #78 ) ;
#253 = EDGE_CURVE ( 'NONE', #535, #486, #1299, .T. ) ;
#254 = DIRECTION ( 'NONE',  ( -1.000000000000000000, 0.000000000000000000, 1.084202172485504681E-16 ) ) ;
#255 = CARTESIAN_POINT ( 'NONE',  ( 5.265091678140623621, 3.765091678140658704, -19.98741665692887182 ) ) ;
#256 = CARTESIAN_POINT ( 'NONE',  ( -5.292893218813455647, 4.378679656440353618, -20.00000000000000000 ) ) ;
#257 = ORIENTED_EDGE ( 'NONE', *, *, #65, .T. ) ;
#258 = FACE_BOUND ( 'NONE', #808, .T. ) ;
#259 = LINE ( 'NONE', #1396, #1566 ) ;
#260 = CARTESIAN_POINT ( 'NONE',  ( 3.500000000000000888, 45.00000000000000000, 18.49999999999998934 ) ) ;
#261 = ORIENTED_EDGE ( 'NONE', *, *, #239, .F. ) ;
#262 = ADVANCED_FACE ( 'NONE', ( #940 ), #1258, .F. ) ;
#263 = DIRECTION ( 'NONE',  ( 0.000000000000000000, 0.000000000000000000, 1.000000000000000000 ) ) ;
#264 = EDGE_CURVE ( 'NONE', #2028, #153, #635, .T. ) ;
#265 = CARTESIAN_POINT ( 'NONE',  ( 1.999999999999995337, 45.00000000000000000, -20.00000000000000355 ) ) ;
#266 = AXIS2_PLACEMENT_3D ( 'NONE', #1861, #433, #604 ) ;
#267 = CARTESIAN_POINT ( 'NONE',  ( 5.000000000000001776, 3.999999999999994671, 19.99999999999999645 ) ) ;
#268 = VERTEX_POINT ( 'NONE', #1754 ) ;
#269 = CIRCLE ( 'NONE', #1970, 1.500000000000001332 ) ;
#270 = PLANE ( 'NONE',  #1373 ) ;
#271 = CIRCLE ( 'NONE', #1607, 1.500000000000001332 ) ;
#272 = FACE_OUTER_BOUND ( 'NONE', #165, .T. ) ;
#273 = CARTESIAN_POINT ( 'NONE',  ( -1.999999999999998224, 45.00000000000000000, 19.99999999999999645 ) ) ;
#274 = ORIENTED_EDGE ( 'NONE', *, *, #1255, .T. ) ;
#275 = AXIS2_PLACEMENT_3D ( 'NONE', #1702, #889, #2006 ) ;
#276 = CARTESIAN_POINT ( 'NONE',  ( -4.499999999999998224, 3.499999999999994671, 19.99999999999999645 ) ) ;
#277 = AXIS2_PLACEMENT_3D ( 'NONE', #1097, #309, #1261 ) ;
#278 = CARTESIAN_POINT ( 'NONE',  ( -5.500000000000003553, 4.999999999999995559, -18.50000000000000355 ) ) ;
#279 = ORIENTED_EDGE ( 'NONE', *, *, #2064, .T. ) ;
#280 = EDGE_CURVE ( 'NONE', #1621, #145, #1444, .T. ) ;
#281 = CARTESIAN_POINT ( 'NONE',  ( 1.999999999999998224, 24.99999999999999645, -3.729655473350134464E-15 ) ) ;
#282 = ORIENTED_EDGE ( 'NONE', *, *, #1360, .T. ) ;
#283 = DIRECTION ( 'NONE',  ( 0.000000000000000000, 0.000000000000000000, 1.000000000000000000 ) ) ;
#284 = DIRECTION ( 'NONE',  ( 0.000000000000000000, 0.000000000000000000, -1.000000000000000000 ) ) ;
#285 = CARTESIAN_POINT ( 'NONE',  ( 0.000000000000000000, 10.00000000000000000, 10.00000000000000000 ) ) ;
#286 = VERTEX_POINT ( 'NONE', #1767 ) ;
#287 = PLANE ( 'NONE',  #313 ) ;
#288 = ORIENTED_EDGE ( 'NONE', *, *, #865, .F. ) ;
#289 = EDGE_CURVE ( 'NONE', #636, #1661, #41, .T. ) ;
#290 = DIRECTION ( 'NONE',  ( -1.000000000000000000, 0.000000000000000000, 1.301042606982605567E-16 ) ) ;
#291 = ORIENTED_EDGE ( 'NONE', *, *, #661, .F. ) ;
#292 = EDGE_CURVE ( 'NONE', #1246, #1249, #573, .T. ) ;
#293 = CARTESIAN_POINT ( 'NONE',  ( -6.423389135037608888, 3.974463045012523565, 18.98332354028681479 ) ) ;
#294 = DIRECTION ( 'NONE',  ( 1.239088197126291310E-16, 0.000000000000000000, 1.000000000000000000 ) ) ;
#295 = EDGE_LOOP ( 'NONE', ( #906, #1793, #818, #1161 ) ) ;
#296 = DIRECTION ( 'NONE',  ( -1.000000000000000000, -0.000000000000000000, 1.301042606982605074E-16 ) ) ;
#297 = CARTESIAN_POINT ( 'NONE',  ( -5.921820141669035920, 3.807273380556363218, -19.69950020189061490 ) ) ;
#298 = ORIENTED_EDGE ( 'NONE', *, *, #1573, .F. ) ;
#299 = ADVANCED_FACE ( 'NONE', ( #594 ), #1697, .T. ) ;
#300 = CARTESIAN_POINT ( 'NONE',  ( 6.500000000000005329, 35.82531754730548101, 4.749999999999988454 ) ) ;
#301 = EDGE_CURVE ( 'NONE', #308, #1315, #1401, .T. ) ;
#302 = EDGE_LOOP ( 'NONE', ( #1325, #141, #483, #877, #1974, #665, #1768, #1927, #438, #1273 ) ) ;
#303 = AXIS2_PLACEMENT_3D ( 'NONE', #695, #2014, #1173 ) ;
#304 = PRODUCT_CONTEXT ( 'NONE', #1826, 'mechanical' ) ;
#305 = CARTESIAN_POINT ( 'NONE',  ( 0.000000000000000000, 10.00000000000000000, -10.00000000000000000 ) ) ;
#306 = VECTOR ( 'NONE', #1394, 1000.000000000000000 ) ;
#307 = FACE_OUTER_BOUND ( 'NONE', #1993, .T. ) ;
#308 = VERTEX_POINT ( 'NONE', #1385 ) ;
#309 = DIRECTION ( 'NONE',  ( 0.000000000000000000, -1.000000000000000000, 0.000000000000000000 ) ) ;
#310 = CIRCLE ( 'NONE', #1810, 1.500000000000001332 ) ;
#311 = VECTOR ( 'NONE', #1760, 1000.000000000000000 ) ;
#312 = CARTESIAN_POINT ( 'NONE',  ( -5.265091678140705334, 3.765091678140677800, -19.98741665692886826 ) ) ;
#313 = AXIS2_PLACEMENT_3D ( 'NONE', #1895, #168, #1597 ) ;
#314 = FACE_BOUND ( 'NONE', #88, .T. ) ;
#315 = LINE ( 'NONE', #1891, #306 ) ;
#316 = ORIENTED_EDGE ( 'NONE', *, *, #562, .F. ) ;
#317 = APPLICATION_PROTOCOL_DEFINITION ( 'draft international standard', 'automotive_design', 1998, #1048 ) ;
#318 = DIRECTION ( 'NONE',  ( 0.000000000000000000, 0.000000000000000000, 1.000000000000000000 ) ) ;
#319 = EDGE_CURVE ( 'NONE', #1932, #308, #1998, .T. ) ;
#320 = DIRECTION ( 'NONE',  ( 0.000000000000000000, 0.000000000000000000, 1.000000000000000000 ) ) ;
#321 = EDGE_CURVE ( 'NONE', #1129, #1537, #1551, .T. ) ;
#322 = DIRECTION ( 'NONE',  ( 0.000000000000000000, -1.000000000000000000, 0.000000000000000000 ) ) ;
#323 = ORIENTED_EDGE ( 'NONE', *, *, #1517, .T. ) ;
#324 = CARTESIAN_POINT ( 'NONE',  ( -6.500000000000004441, 3.999999999999998224, -18.50000000000000355 ) ) ;
#325 = CARTESIAN_POINT ( 'NONE',  ( -4.499999999999998224, 4.999999999999994671, 18.50000000000000355 ) ) ;
#326 = EDGE_LOOP ( 'NONE', ( #1958, #1412, #1972, #1550 ) ) ;
#327 = ORIENTED_EDGE ( 'NONE', *, *, #488, .F. ) ;
#328 = CARTESIAN_POINT ( 'NONE',  ( 1.999999999999997780, 24.99999999999999645, -2.750000000000002220 ) ) ;
#329 = ORIENTED_EDGE ( 'NONE', *, *, #1651, .T. ) ;
#330 = CARTESIAN_POINT ( 'NONE',  ( -5.130885661847888635, 3.630885661847821577, -19.99999999171439669 ) ) ;
#331 = CYLINDRICAL_SURFACE ( 'NONE', #439, 1.900000000000000577 ) ;
#332 = EDGE_CURVE ( 'NONE', #360, #66, #1003, .T. ) ;
#333 = CARTESIAN_POINT ( 'NONE',  ( -6.499999999999999112, 0.000000000000000000, 18.49999999999999645 ) ) ;
#334 = CARTESIAN_POINT ( 'NONE',  ( 3.500000000000000000, 25.00000000000000000, 12.49999999999999467 ) ) ;
#335 = VERTEX_POINT ( 'NONE', #721 ) ;
#336 = CARTESIAN_POINT ( 'NONE',  ( -6.499999994035266404, 4.999999994035262851, 18.66387239871185599 ) ) ;
#337 = ORIENTED_EDGE ( 'NONE', *, *, #1222, .T. ) ;
#338 = CARTESIAN_POINT ( 'NONE',  ( -3.500000000000002665, 24.99999999999999645, -11.00000000000000355 ) ) ;
#339 = EDGE_CURVE ( 'NONE', #1489, #1384, #1223, .T. ) ;
#340 = AXIS2_PLACEMENT_3D ( 'NONE', #1122, #1298, #513 ) ;
#341 = EDGE_LOOP ( 'NONE', ( #1623, #113 ) ) ;
#342 = DIRECTION ( 'NONE',  ( 1.239088197126291310E-16, 0.000000000000000000, 1.000000000000000000 ) ) ;
#343 = ORIENTED_EDGE ( 'NONE', *, *, #517, .F. ) ;
#344 = VECTOR ( 'NONE', #957, 1000.000000000000000 ) ;
#345 = LINE ( 'NONE', #333, #772 ) ;
#346 = AXIS2_PLACEMENT_3D ( 'NONE', #2017, #1218, #568 ) ;
#347 = LINE ( 'NONE', #55, #1703 ) ;
#348 = CIRCLE ( 'NONE', #103, 1.500000000000001332 ) ;
#349 = ORIENTED_EDGE ( 'NONE', *, *, #1502, .T. ) ;
#350 = ORIENTED_EDGE ( 'NONE', *, *, #108, .F. ) ;
#351 = DIRECTION ( 'NONE',  ( 0.000000000000000000, -1.000000000000000000, 0.000000000000000000 ) ) ;
#352 = ORIENTED_EDGE ( 'NONE', *, *, #945, .F. ) ;
#353 =( BOUNDED_CURVE ( )  B_SPLINE_CURVE ( 3, ( #1614, #354, #662, #182 ),
 .UNSPECIFIED., .F., .T. ) 
 B_SPLINE_CURVE_WITH_KNOTS ( ( 4, 4 ),
 ( 1.570796326794896558, 3.141592653589793116 ),
 .UNSPECIFIED. ) 
 CURVE ( )  GEOMETRIC_REPRESENTATION_ITEM ( )  RATIONAL_B_SPLINE_CURVE ( ( 1.000000000000000000, 0.8047378541243649375, 0.8047378541243649375, 1.000000000000000000 ) ) 
 REPRESENTATION_ITEM ( '' )  );
#354 = CARTESIAN_POINT ( 'NONE',  ( 5.878679656440359835, 3.792893218813447209, 19.99999999999999645 ) ) ;
#355 = CARTESIAN_POINT ( 'NONE',  ( -3.499999999999998224, 5.999999999999994671, 18.50000000000000000 ) ) ;
#356 = FILL_AREA_STYLE_COLOUR ( '', #207 ) ;
#357 = CARTESIAN_POINT ( 'NONE',  ( 4.999999999999997335, 3.499999999999996003, -20.00000000000000355 ) ) ;
#358 = CARTESIAN_POINT ( 'NONE',  ( 5.496776951960130830, 4.990330855880389826, 18.69634717512329303 ) ) ;
#359 = EDGE_CURVE ( 'NONE', #658, #120, #914, .T. ) ;
#360 = VERTEX_POINT ( 'NONE', #904 ) ;
#361 = EDGE_CURVE ( 'NONE', #1159, #1655, #1053, .T. ) ;
#362 = ORIENTED_EDGE ( 'NONE', *, *, #1501, .F. ) ;
#363 = CARTESIAN_POINT ( 'NONE',  ( -6.500000000000004441, 3.499999999999994671, 18.49999999999999645 ) ) ;
#364 = ORIENTED_EDGE ( 'NONE', *, *, #495, .T. ) ;
#365 = CARTESIAN_POINT ( 'NONE',  ( 0.000000000000000000, 10.00000000000000000, 10.00000000000000000 ) ) ;
#366 = DIRECTION ( 'NONE',  ( 0.000000000000000000, 0.000000000000000000, 1.000000000000000000 ) ) ;
#367 = CARTESIAN_POINT ( 'NONE',  ( 4.999999999999997335, 0.000000000000000000, -20.00000000000000355 ) ) ;
#368 = DIRECTION ( 'NONE',  ( 1.000000000000000000, 0.000000000000000000, 0.000000000000000000 ) ) ;
#369 = DIRECTION ( 'NONE',  ( 0.000000000000000000, 0.000000000000000000, -1.000000000000000000 ) ) ;
#370 = EDGE_CURVE ( 'NONE', #1688, #335, #1530, .T. ) ;
#371 = ORIENTED_EDGE ( 'NONE', *, *, #572, .F. ) ;
#372 = PLANE ( 'NONE',  #1848 ) ;
#373 = EDGE_CURVE ( 'NONE', #1127, #539, #919, .T. ) ;
#374 = EDGE_CURVE ( 'NONE', #1416, #1726, #705, .T. ) ;
#375 = VERTEX_POINT ( 'NONE', #557 ) ;
#376 = CARTESIAN_POINT ( 'NONE',  ( -3.500000000000000888, 24.99999999999999645, -3.014082039509701538E-15 ) ) ;
#377 = AXIS2_PLACEMENT_3D ( 'NONE', #1744, #496, #1 ) ;
#378 = CYLINDRICAL_SURFACE ( 'NONE', #1005, 1.500000000000002220 ) ;
#379 = VECTOR ( 'NONE', #1245, 1000.000000000000000 ) ;
#380 = DIRECTION ( 'NONE',  ( -1.000000000000000000, -0.000000000000000000, 1.301042606982605074E-16 ) ) ;
#381 = AXIS2_PLACEMENT_3D ( 'NONE', #1253, #1571, #815 ) ;
#382 = DIRECTION ( 'NONE',  ( -0.000000000000000000, -1.000000000000000000, -0.000000000000000000 ) ) ;
#383 = CARTESIAN_POINT ( 'NONE',  ( 5.682068154080515576, 4.182068154080472056, 19.88012564345322986 ) ) ;
#384 = CIRCLE ( 'NONE', #1542, 1.500000000000001332 ) ;
#385 = CIRCLE ( 'NONE', #1044, 1.000000000000000000 ) ;
#386 = EDGE_LOOP ( 'NONE', ( #595, #261, #1556, #1395 ) ) ;
#387 = FACE_OUTER_BOUND ( 'NONE', #1827, .T. ) ;
#388 = VERTEX_POINT ( 'NONE', #1045 ) ;
#389 = DIRECTION ( 'NONE',  ( -0.000000000000000000, 1.000000000000000000, -0.000000000000000000 ) ) ;
#390 = CARTESIAN_POINT ( 'NONE',  ( -3.500000000000002665, 24.99999999999999645, -12.50000000000000355 ) ) ;
#391 = DIRECTION ( 'NONE',  ( -1.000000000000000000, 0.000000000000000000, 0.000000000000000000 ) ) ;
#392 = CARTESIAN_POINT ( 'NONE',  ( 6.301747370749585464, 3.933915790249855604, 19.25172605281076699 ) ) ;
#393 = ORIENTED_EDGE ( 'NONE', *, *, #488, .T. ) ;
#394 = DIRECTION ( 'NONE',  ( 0.000000000000000000, 0.000000000000000000, 1.000000000000000000 ) ) ;
#395 = ORIENTED_EDGE ( 'NONE', *, *, #1227, .F. ) ;
#396 = LINE ( 'NONE', #1028, #847 ) ;
#397 = EDGE_CURVE ( 'NONE', #1093, #749, #511, .T. ) ;
#398 = CARTESIAN_POINT ( 'NONE',  ( -4.500000000000003553, 3.499999999999998224, -20.00000000000000355 ) ) ;
#399 = CARTESIAN_POINT ( 'NONE',  ( 6.499999999999997335, 3.999999999934555017, -18.59817583765532589 ) ) ;
#400 = CARTESIAN_POINT ( 'NONE',  ( -3.500000000000000888, 43.50000000000000000, 1.249999999999994671 ) ) ;
#401 = ORIENTED_EDGE ( 'NONE', *, *, #1320, .T. ) ;
#402 = ORIENTED_EDGE ( 'NONE', *, *, #1502, .F. ) ;
#403 = CARTESIAN_POINT ( 'NONE',  ( -5.000000000000003553, 45.00000000000000000, -20.00000000000000355 ) ) ;
#404 = AXIS2_PLACEMENT_3D ( 'NONE', #1805, #824, #1461 ) ;
#405 = DIRECTION ( 'NONE',  ( 0.000000000000000000, 0.000000000000000000, 1.000000000000000000 ) ) ;
#406 = CARTESIAN_POINT ( 'NONE',  ( 5.433915790249875144, 4.801747370749580135, -19.25172605281077409 ) ) ;
#407 = EDGE_CURVE ( 'NONE', #1932, #703, #546, .T. ) ;
#408 = ADVANCED_FACE ( 'NONE', ( #95 ), #410, .F. ) ;
#409 = AXIS2_PLACEMENT_3D ( 'NONE', #174, #9, #983 ) ;
#410 = PLANE ( 'NONE',  #1368 ) ;
#411 = AXIS2_PLACEMENT_3D ( 'NONE', #202, #1483, #673 ) ;
#412 = ORIENTED_EDGE ( 'NONE', *, *, #1629, .T. ) ;
#413 = DIRECTION ( 'NONE',  ( 0.000000000000000000, 1.000000000000000000, -1.445602896647337931E-16 ) ) ;
#414 = VECTOR ( 'NONE', #1612, 1000.000000000000000 ) ;
#415 = CARTESIAN_POINT ( 'NONE',  ( -5.392621891784082244, 3.630873963928043846, 19.96095898797703683 ) ) ;
#416 = EDGE_LOOP ( 'NONE', ( #316, #830, #1020, #1113 ) ) ;
#417 = CIRCLE ( 'NONE', #1110, 1.900000000000000577 ) ;
#418 = CARTESIAN_POINT ( 'NONE',  ( 3.499999999999999112, 24.99999999999999645, 2.749999999999994227 ) ) ;
#419 = CARTESIAN_POINT ( 'NONE',  ( 1.999999999999995337, 5.999999999999998224, -20.00000000000000355 ) ) ;
#420 = CARTESIAN_POINT ( 'NONE',  ( -4.999999999999998224, 3.499999999999994671, 19.99999999999999645 ) ) ;
#421 = ORIENTED_EDGE ( 'NONE', *, *, #1290, .F. ) ;
#422 = DIRECTION ( 'NONE',  ( 0.000000000000000000, -0.000000000000000000, 1.000000000000000000 ) ) ;
#423 = CARTESIAN_POINT ( 'NONE',  ( -5.130873963928028303, 3.892621891784146193, 19.96095898797700841 ) ) ;
#424 = EDGE_CURVE ( 'NONE', #1595, #575, #706, .T. ) ;
#425 = VERTEX_POINT ( 'NONE', #1522 ) ;
#426 = LINE ( 'NONE', #1060, #609 ) ;
#427 = CARTESIAN_POINT ( 'NONE',  ( -5.484008328443105817, 4.952024985329291695, -18.88892379092509799 ) ) ;
#428 = CARTESIAN_POINT ( 'NONE',  ( 5.449416487498755401, 4.848249462496244888, -19.16472675680845228 ) ) ;
#429 = ADVANCED_FACE ( 'NONE', ( #87 ), #1720, .T. ) ;
#430 = CARTESIAN_POINT ( 'NONE',  ( -4.499999999999998224, 3.499999999999994671, 18.49999999999999645 ) ) ;
#431 = EDGE_LOOP ( 'NONE', ( #440, #1815 ) ) ;
#432 = FACE_BOUND ( 'NONE', #887, .T. ) ;
#433 = DIRECTION ( 'NONE',  ( -1.000000000000000000, -0.000000000000000000, 1.301042606982605074E-16 ) ) ;
#434 = CARTESIAN_POINT ( 'NONE',  ( -3.500000000000001776, 35.82531754730548101, -6.250000000000002665 ) ) ;
#435 = ORIENTED_EDGE ( 'NONE', *, *, #1108, .T. ) ;
#436 = CARTESIAN_POINT ( 'NONE',  ( 6.499999999999996447, 3.999999999999998224, -18.50000000000000355 ) ) ;
#437 = CARTESIAN_POINT ( 'NONE',  ( -6.490330855880397820, 3.996776951960124169, -18.69634717512330013 ) ) ;
#438 = ORIENTED_EDGE ( 'NONE', *, *, #1337, .T. ) ;
#439 = AXIS2_PLACEMENT_3D ( 'NONE', #674, #1310, #965 ) ;
#440 = ORIENTED_EDGE ( 'NONE', *, *, #1618, .T. ) ;
#441 = VECTOR ( 'NONE', #1115, 1000.000000000000000 ) ;
#442 = CIRCLE ( 'NONE', #1442, 6.999999999999997335 ) ;
#443 = CARTESIAN_POINT ( 'NONE',  ( 3.499999999999998224, 24.99999999999999645, -2.750000000000002220 ) ) ;
#444 = ORIENTED_EDGE ( 'NONE', *, *, #1039, .T. ) ;
#445 = CIRCLE ( 'NONE', #1877, 1.900000000000000577 ) ;
#446 = CYLINDRICAL_SURFACE ( 'NONE', #277, 1.500000000000001332 ) ;
#447 = AXIS2_PLACEMENT_3D ( 'NONE', #867, #2001, #394 ) ;
#448 = EDGE_LOOP ( 'NONE', ( #869, #1811, #1347, #1431 ) ) ;
#449 = CYLINDRICAL_SURFACE ( 'NONE', #1303, 1.500000000000000000 ) ;
#450 = ORIENTED_EDGE ( 'NONE', *, *, #1829, .T. ) ;
#451 = CARTESIAN_POINT ( 'NONE',  ( -6.499999999999996447, 4.999999999999994671, 18.49999999999999645 ) ) ;
#452 = DIRECTION ( 'NONE',  ( -1.000000000000000000, 0.000000000000000000, 1.301042606982605074E-16 ) ) ;
#453 = EDGE_LOOP ( 'NONE', ( #2044, #757, #1432, #1075 ) ) ;
#454 = CARTESIAN_POINT ( 'NONE',  ( 6.500000000000005329, 25.00000000000000000, 12.49999999999999467 ) ) ;
#455 = EDGE_CURVE ( 'NONE', #1871, #153, #205, .T. ) ;
#456 = CARTESIAN_POINT ( 'NONE',  ( -5.130873963928071824, 3.892621891784179500, -19.96095898797700485 ) ) ;
#457 = ORIENTED_EDGE ( 'NONE', *, *, #1987, .F. ) ;
#458 = DIRECTION ( 'NONE',  ( -1.000000000000000000, 0.000000000000000000, 1.301042606982605321E-16 ) ) ;
#459 = DIRECTION ( 'NONE',  ( -1.000000000000000000, 0.000000000000000000, 1.084202172485504681E-16 ) ) ;
#460 = EDGE_LOOP ( 'NONE', ( #1187, #1925, #57, #1878 ) ) ;
#461 = CARTESIAN_POINT ( 'NONE',  ( -6.202225496247608660, 4.702225496247605996, 19.46556032481981191 ) ) ;
#462 = CARTESIAN_POINT ( 'NONE',  ( -2.000000000000003553, 5.999999999999998224, -20.00000000000000355 ) ) ;
#463 = ORIENTED_EDGE ( 'NONE', *, *, #131, .T. ) ;
#464 = DIRECTION ( 'NONE',  ( 0.000000000000000000, 0.000000000000000000, 1.000000000000000000 ) ) ;
#465 = LINE ( 'NONE', #922, #574 ) ;
#466 = ORIENTED_EDGE ( 'NONE', *, *, #1329, .F. ) ;
#467 = DIRECTION ( 'NONE',  ( -1.000000000000000000, 0.000000000000000000, 1.084202172485504681E-16 ) ) ;
#468 = DIRECTION ( 'NONE',  ( -1.000000000000000000, 0.000000000000000000, 0.000000000000000000 ) ) ;
#469 = EDGE_LOOP ( 'NONE', ( #1008, #122 ) ) ;
#470 = VECTOR ( 'NONE', #1435, 1000.000000000000000 ) ;
#471 = CARTESIAN_POINT ( 'NONE',  ( -5.484008328443100488, 4.952024985329290807, 18.88892379092509088 ) ) ;
#472 = VECTOR ( 'NONE', #504, 1000.000000000000000 ) ;
#473 = DIRECTION ( 'NONE',  ( 0.000000000000000000, 0.000000000000000000, 1.000000000000000000 ) ) ;
#474 = ORIENTED_EDGE ( 'NONE', *, *, #1046, .T. ) ;
#475 = DIRECTION ( 'NONE',  ( -1.000000000000000000, 0.000000000000000000, 1.084202172485504681E-16 ) ) ;
#476 = VECTOR ( 'NONE', #143, 1000.000000000000000 ) ;
#477 = CIRCLE ( 'NONE', #1371, 1.500000000000001332 ) ;
#478 = DIRECTION ( 'NONE',  ( 0.000000000000000000, -1.000000000000000000, 0.000000000000000000 ) ) ;
#479 = AXIS2_PLACEMENT_3D ( 'NONE', #363, #1006, #1813 ) ;
#480 = VERTEX_POINT ( 'NONE', #1764 ) ;
#481 = CARTESIAN_POINT ( 'NONE',  ( 3.499999999999996447, 45.00000000000000000, -18.50000000000000355 ) ) ;
#482 = LINE ( 'NONE', #1742, #441 ) ;
#483 = ORIENTED_EDGE ( 'NONE', *, *, #2064, .F. ) ;
#484 = ADVANCED_FACE ( 'NONE', ( #1585 ), #449, .T. ) ;
#485 = DIRECTION ( 'NONE',  ( 0.000000000000000000, -1.000000000000000000, 0.000000000000000000 ) ) ;
#486 = VERTEX_POINT ( 'NONE', #1751 ) ;
#487 = CARTESIAN_POINT ( 'NONE',  ( -4.999999999999998224, 45.00000000000000000, 18.49999999999999645 ) ) ;
#488 = EDGE_CURVE ( 'NONE', #1384, #961, #1646, .T. ) ;
#489 = DIRECTION ( 'NONE',  ( 0.000000000000000000, 0.000000000000000000, -1.000000000000000000 ) ) ;
#490 = CARTESIAN_POINT ( 'NONE',  ( 5.499999999999996447, 3.999999999999998224, -18.50000000000000355 ) ) ;
#491 = UNCERTAINTY_MEASURE_WITH_UNIT (LENGTH_MEASURE( 1.000000000000000082E-05 ), #1966, 'distance_accuracy_value', 'NONE');
#492 = DIRECTION ( 'NONE',  ( 1.000000000000000000, 0.000000000000000000, -0.000000000000000000 ) ) ;
#493 = CARTESIAN_POINT ( 'NONE',  ( 5.000000000000001776, 3.499999999999994671, 19.99999999999999645 ) ) ;
#494 = ORIENTED_EDGE ( 'NONE', *, *, #994, .F. ) ;
#495 = EDGE_CURVE ( 'NONE', #360, #1358, #1132, .T. ) ;
#496 = DIRECTION ( 'NONE',  ( -1.000000000000000000, -0.000000000000000000, 1.301042606982605074E-16 ) ) ;
#497 = VERTEX_POINT ( 'NONE', #1574 ) ;
#498 = CARTESIAN_POINT ( 'NONE',  ( 6.499999999999996447, 0.000000000000000000, -20.00000000000000355 ) ) ;
#499 = ORIENTED_EDGE ( 'NONE', *, *, #1501, .T. ) ;
#500 = EDGE_CURVE ( 'NONE', #1356, #231, #795, .T. ) ;
#501 = CARTESIAN_POINT ( 'NONE',  ( -5.065461631044796853, 3.696384893134314176, -20.00000000000000355 ) ) ;
#502 = CARTESIAN_POINT ( 'NONE',  ( 3.499999999999996447, 5.999999999999998224, -18.50000000000000355 ) ) ;
#503 = LINE ( 'NONE', #1091, #476 ) ;
#504 = DIRECTION ( 'NONE',  ( -1.301042606982605074E-16, 8.673617379884034239E-17, -1.000000000000000000 ) ) ;
#505 = ORIENTED_EDGE ( 'NONE', *, *, #280, .F. ) ;
#506 = EDGE_CURVE ( 'NONE', #1619, #120, #315, .T. ) ;
#507 = ORIENTED_EDGE ( 'NONE', *, *, #966, .F. ) ;
#508 = VECTOR ( 'NONE', #1840, 1000.000000000000000 ) ;
#509 = CIRCLE ( 'NONE', #303, 1.900000000000000577 ) ;
#510 = ORIENTED_EDGE ( 'NONE', *, *, #373, .T. ) ;
#511 = CIRCLE ( 'NONE', #737, 1.500000000000001332 ) ;
#512 = FACE_OUTER_BOUND ( 'NONE', #1956, .T. ) ;
#513 = DIRECTION ( 'NONE',  ( 0.000000000000000000, 0.000000000000000000, 1.000000000000000000 ) ) ;
#514 = AXIS2_PLACEMENT_3D ( 'NONE', #1740, #1287, #1100 ) ;
#515 = DIRECTION ( 'NONE',  ( -1.000000000000000000, -0.000000000000000000, 1.301042606982605074E-16 ) ) ;
#516 = CIRCLE ( 'NONE', #1944, 6.999999999999997335 ) ;
#517 = EDGE_CURVE ( 'NONE', #811, #1726, #126, .T. ) ;
#518 = CARTESIAN_POINT ( 'NONE',  ( 5.499999999999996447, 4.999999999999998224, -20.00000000000000355 ) ) ;
#519 = CIRCLE ( 'NONE', #1076, 2.499999999999999556 ) ;
#520 = ORIENTED_EDGE ( 'NONE', *, *, #1386, .T. ) ;
#521 = ORIENTED_EDGE ( 'NONE', *, *, #530, .T. ) ;
#522 = CARTESIAN_POINT ( 'NONE',  ( -2.000000000000003553, 45.00000000000000000, -20.00000000000000355 ) ) ;
#523 = EDGE_LOOP ( 'NONE', ( #1279, #1208 ) ) ;
#524 = EDGE_CURVE ( 'NONE', #961, #1159, #43, .T. ) ;
#525 = CARTESIAN_POINT ( 'NONE',  ( 1.999999999999999556, 24.99999999999999645, 6.999999999999993783 ) ) ;
#526 = VERTEX_POINT ( 'NONE', #614 ) ;
#527 = CYLINDRICAL_SURFACE ( 'NONE', #73, 1.500000000000000000 ) ;
#528 = CARTESIAN_POINT ( 'NONE',  ( 0.000000000000000000, 0.000000000000000000, 8.099999999999999645 ) ) ;
#529 = CARTESIAN_POINT ( 'NONE',  ( 6.500000000000001776, 4.999999999999994671, 18.49999999999999645 ) ) ;
#530 = EDGE_CURVE ( 'NONE', #1230, #1127, #783, .T. ) ;
#531 = ORIENTED_EDGE ( 'NONE', *, *, #1374, .T. ) ;
#532 = DIRECTION ( 'NONE',  ( -1.000000000000000000, 0.000000000000000000, 1.301042606982605074E-16 ) ) ;
#533 = ORIENTED_EDGE ( 'NONE', *, *, #926, .T. ) ;
#534 = LINE ( 'NONE', #1162, #1647 ) ;
#535 = VERTEX_POINT ( 'NONE', #632 ) ;
#536 = CARTESIAN_POINT ( 'NONE',  ( -3.499999999999999112, 25.00000000000000000, 10.99999999999999645 ) ) ;
#537 = CARTESIAN_POINT ( 'NONE',  ( 6.423389135037612441, 3.974463045012523565, 18.98332354028681479 ) ) ;
#538 = EDGE_CURVE ( 'NONE', #878, #1212, #624, .T. ) ;
#539 = VERTEX_POINT ( 'NONE', #1267 ) ;
#540 = DIRECTION ( 'NONE',  ( -1.000000000000000000, 0.000000000000000000, 1.301042606982605321E-16 ) ) ;
#541 = EDGE_CURVE ( 'NONE', #792, #1167, #1567, .T. ) ;
#542 = ORIENTED_EDGE ( 'NONE', *, *, #912, .F. ) ;
#543 = DIRECTION ( 'NONE',  ( 1.000000000000000000, -1.128474576789395597E-32, 1.519290839321567800E-64 ) ) ;
#544 = VECTOR ( 'NONE', #1117, 1000.000000000000000 ) ;
#545 = FACE_OUTER_BOUND ( 'NONE', #1499, .T. ) ;
#546 = CIRCLE ( 'NONE', #170, 7.000000000000293099 ) ;
#547 = AXIS2_PLACEMENT_3D ( 'NONE', #1750, #801, #1417 ) ;
#548 = CARTESIAN_POINT ( 'NONE',  ( 2.000000000000000444, 5.999999999999994671, 18.49999999999999645 ) ) ;
#549 = DIRECTION ( 'NONE',  ( -1.000000000000000000, -0.000000000000000000, -0.000000000000000000 ) ) ;
#550 = CIRCLE ( 'NONE', #2007, 1.500000000000002220 ) ;
#551 = ORIENTED_EDGE ( 'NONE', *, *, #541, .T. ) ;
#552 = LINE ( 'NONE', #97, #1975 ) ;
#553 = ORIENTED_EDGE ( 'NONE', *, *, #455, .T. ) ;
#554 = LINE ( 'NONE', #989, #1741 ) ;
#555 = DIRECTION ( 'NONE',  ( 0.000000000000000000, -1.000000000000000000, 0.000000000000000000 ) ) ;
#556 = CARTESIAN_POINT ( 'NONE',  ( 6.499999994035250417, 4.999999994035249529, -18.66387239871186310 ) ) ;
#557 = CARTESIAN_POINT ( 'NONE',  ( 3.500000000000000888, 5.999999999999994671, 18.49999999999998579 ) ) ;
#558 = ORIENTED_EDGE ( 'NONE', *, *, #61, .F. ) ;
#559 = ORIENTED_EDGE ( 'NONE', *, *, #1689, .F. ) ;
#560 = CARTESIAN_POINT ( 'NONE',  ( -5.878679656440362500, 3.792893218813447209, -20.00000000000000355 ) ) ;
#561 = ADVANCED_FACE ( 'NONE', ( #1912 ), #1671, .T. ) ;
#562 = EDGE_CURVE ( 'NONE', #1064, #915, #1440, .T. ) ;
#563 = FACE_OUTER_BOUND ( 'NONE', #1515, .T. ) ;
#564 = DIRECTION ( 'NONE',  ( 1.000000000000000000, -0.000000000000000000, -1.301042606982605321E-16 ) ) ;
#565 = ORIENTED_EDGE ( 'NONE', *, *, #65, .F. ) ;
#566 = DIRECTION ( 'NONE',  ( -1.000000000000000000, 0.000000000000000000, 1.084202172485504681E-16 ) ) ;
#567 = ORIENTED_EDGE ( 'NONE', *, *, #1197, .F. ) ;
#568 = DIRECTION ( 'NONE',  ( 1.000000000000000000, 0.000000000000000000, 0.000000000000000000 ) ) ;
#569 = VECTOR ( 'NONE', #1851, 1000.000000000000000 ) ;
#570 = CARTESIAN_POINT ( 'NONE',  ( -3.500000000000000000, 35.82531754730548101, 6.249999999999992895 ) ) ;
#571 = AXIS2_PLACEMENT_3D ( 'NONE', #1134, #1157, #1959 ) ;
#572 = EDGE_CURVE ( 'NONE', #658, #1932, #482, .T. ) ;
#573 = LINE ( 'NONE', #1211, #4 ) ;
#574 = VECTOR ( 'NONE', #791, 1000.000000000000000 ) ;
#575 = VERTEX_POINT ( 'NONE', #325 ) ;
#576 = CARTESIAN_POINT ( 'NONE',  ( 4.499999999999995559, 3.499999999999998224, -18.50000000000000355 ) ) ;
#577 = AXIS2_PLACEMENT_3D ( 'NONE', #659, #351, #1926 ) ;
#578 = PLANE ( 'NONE',  #129 ) ;
#579 = ORIENTED_EDGE ( 'NONE', *, *, #506, .F. ) ;
#580 = DIRECTION ( 'NONE',  ( 1.000000000000000000, 0.000000000000000000, 0.000000000000000000 ) ) ;
#581 = CARTESIAN_POINT ( 'NONE',  ( -6.348249462496253770, 3.949416487498754957, -19.16472675680845228 ) ) ;
#582 = CARTESIAN_POINT ( 'NONE',  ( 6.301747370749580135, 3.933915790249873812, -19.25172605281077409 ) ) ;
#583 = DIRECTION ( 'NONE',  ( -1.000000000000000000, 0.000000000000000000, 0.000000000000000000 ) ) ;
#584 = ADVANCED_FACE ( 'NONE', ( #958 ), #644, .F. ) ;
#585 = ORIENTED_EDGE ( 'NONE', *, *, #945, .T. ) ;
#586 = CARTESIAN_POINT ( 'NONE',  ( 6.499999999999997335, 3.999999999999995559, -19.37867965644035806 ) ) ;
#587 = CARTESIAN_POINT ( 'NONE',  ( -3.500000000000001776, 14.17468245269451543, -7.750000000000003553 ) ) ;
#588 = DIRECTION ( 'NONE',  ( -1.000000000000000000, 0.000000000000000000, 0.000000000000000000 ) ) ;
#589 = ORIENTED_EDGE ( 'NONE', *, *, #188, .F. ) ;
#590 = CARTESIAN_POINT ( 'NONE',  ( -3.500000000000000888, 43.50000000000000000, -1.250000000000005329 ) ) ;
#591 = CARTESIAN_POINT ( 'NONE',  ( -6.202225496247615766, 4.702225496247622871, -19.46556032481981546 ) ) ;
#592 = ORIENTED_EDGE ( 'NONE', *, *, #826, .T. ) ;
#593 = CARTESIAN_POINT ( 'NONE',  ( 6.130080186835219713, 3.876693395611730431, -19.49124015672442312 ) ) ;
#594 = FACE_OUTER_BOUND ( 'NONE', #1587, .T. ) ;
#595 = ORIENTED_EDGE ( 'NONE', *, *, #218, .F. ) ;
#596 = CARTESIAN_POINT ( 'NONE',  ( 0.000000000000000000, 10.00000000000000000, 10.00000000000000000 ) ) ;
#597 = FACE_OUTER_BOUND ( 'NONE', #1962, .T. ) ;
#598 = CARTESIAN_POINT ( 'NONE',  ( 3.499999999999996447, 43.50000000000000000, -18.50000000000000355 ) ) ;
#599 = ORIENTED_EDGE ( 'NONE', *, *, #606, .T. ) ;
#600 = DIRECTION ( 'NONE',  ( -1.000000000000000000, 0.000000000000000000, 0.000000000000000000 ) ) ;
#601 = EDGE_LOOP ( 'NONE', ( #2025, #1047, #327 ) ) ;
#602 = AXIS2_PLACEMENT_3D ( 'NONE', #949, #2043, #600 ) ;
#603 = AXIS2_PLACEMENT_3D ( 'NONE', #1344, #221, #857 ) ;
#604 = DIRECTION ( 'NONE',  ( 0.000000000000000000, 0.000000000000000000, 1.000000000000000000 ) ) ;
#605 = CARTESIAN_POINT ( 'NONE',  ( -5.499999999999999112, 4.999999999999994671, 20.00000000000000355 ) ) ;
#606 = EDGE_CURVE ( 'NONE', #1845, #636, #697, .T. ) ;
#607 = CIRCLE ( 'NONE', #1481, 1.499999999999998668 ) ;
#608 = CARTESIAN_POINT ( 'NONE',  ( -3.500000000000003553, 43.50000000000000000, -20.00000000000000355 ) ) ;
#609 = VECTOR ( 'NONE', #1694, 1000.000000000000000 ) ;
#610 = EDGE_CURVE ( 'NONE', #286, #375, #1199, .T. ) ;
#611 = DIRECTION ( 'NONE',  ( -1.000000000000000000, -0.000000000000000000, 1.301042606982605321E-16 ) ) ;
#612 = EDGE_LOOP ( 'NONE', ( #1170, #1636, #1546, #1260 ) ) ;
#613 = CARTESIAN_POINT ( 'NONE',  ( 4.500000000000000888, 3.499999999999994671, 19.99999999999999645 ) ) ;
#614 = CARTESIAN_POINT ( 'NONE',  ( 1.999999999999999556, 24.99999999999999645, 6.999999999999993783 ) ) ;
#615 = EDGE_LOOP ( 'NONE', ( #343, #2004, #1914, #191 ) ) ;
#616 =( BOUNDED_CURVE ( )  B_SPLINE_CURVE ( 3, ( #1316, #1622, #1803, #522 ),
 .UNSPECIFIED., .F., .T. ) 
 B_SPLINE_CURVE_WITH_KNOTS ( ( 4, 4 ),
 ( 1.570796326794896780, 3.141592653589793116 ),
 .UNSPECIFIED. ) 
 CURVE ( )  GEOMETRIC_REPRESENTATION_ITEM ( )  RATIONAL_B_SPLINE_CURVE ( ( 1.000000000000000000, 0.8047378541243650485, 0.8047378541243650485, 1.000000000000000000 ) ) 
 REPRESENTATION_ITEM ( '' )  );
#617 = DIRECTION ( 'NONE',  ( -1.000000000000000000, 0.000000000000000000, 0.000000000000000000 ) ) ;
#618 = LINE ( 'NONE', #605, #1007 ) ;
#619 = DIRECTION ( 'NONE',  ( 0.000000000000000000, 0.000000000000000000, 1.000000000000000000 ) ) ;
#620 = CARTESIAN_POINT ( 'NONE',  ( -5.977472092058357056, 4.477472092058366826, -19.69639340368161839 ) ) ;
#621 = EDGE_CURVE ( 'NONE', #1025, #1661, #816, .T. ) ;
#622 = ADVANCED_FACE ( 'NONE', ( #1627 ), #1177, .F. ) ;
#623 = FACE_OUTER_BOUND ( 'NONE', #302, .T. ) ;
#624 = LINE ( 'NONE', #1418, #1506 ) ;
#625 = ORIENTED_EDGE ( 'NONE', *, *, #146, .T. ) ;
#626 = DIRECTION ( 'NONE',  ( -1.084202172485504681E-16, 8.673617379884035472E-17, -1.000000000000000000 ) ) ;
#627 = CYLINDRICAL_SURFACE ( 'NONE', #1642, 6.999999999999997335 ) ;
#628 = EDGE_LOOP ( 'NONE', ( #225, #681, #1193, #242 ) ) ;
#629 = CARTESIAN_POINT ( 'NONE',  ( 4.500000000000000888, 5.999999999999994671, 18.50000000000000000 ) ) ;
#630 = CARTESIAN_POINT ( 'NONE',  ( -1.999999999999998668, 45.00000000000000000, 19.99999999999999645 ) ) ;
#631 = LINE ( 'NONE', #1123, #638 ) ;
#632 = CARTESIAN_POINT ( 'NONE',  ( 2.326828918379970872E-16, 10.00000000000000000, -8.099999999999999645 ) ) ;
#633 = ORIENTED_EDGE ( 'NONE', *, *, #541, .F. ) ;
#634 = AXIS2_PLACEMENT_3D ( 'NONE', #596, #2031, #907 ) ;
#635 = LINE ( 'NONE', #1272, #544 ) ;
#636 = VERTEX_POINT ( 'NONE', #1015 ) ;
#637 = DIRECTION ( 'NONE',  ( -1.000000000000000000, 0.000000000000000000, 0.000000000000000000 ) ) ;
#638 = VECTOR ( 'NONE', #1727, 1000.000000000000000 ) ;
#639 = VECTOR ( 'NONE', #901, 1000.000000000000000 ) ;
#640 = CARTESIAN_POINT ( 'NONE',  ( 4.999999999999996447, 0.000000000000000000, -20.00000000000000355 ) ) ;
#641 = AXIS2_PLACEMENT_3D ( 'NONE', #629, #1735, #1873 ) ;
#642 = CARTESIAN_POINT ( 'NONE',  ( 5.499999999999997335, 4.999999999999997335, -19.37867965644035451 ) ) ;
#643 = DIRECTION ( 'NONE',  ( -0.000000000000000000, -1.000000000000000000, -0.000000000000000000 ) ) ;
#644 = PLANE ( 'NONE',  #1405 ) ;
#645 = ORIENTED_EDGE ( 'NONE', *, *, #212, .T. ) ;
#646 = DIRECTION ( 'NONE',  ( -1.000000000000000000, -0.000000000000000000, 1.301042606982605074E-16 ) ) ;
#647 = EDGE_CURVE ( 'NONE', #961, #1708, #1331, .T. ) ;
#648 = EDGE_CURVE ( 'NONE', #1230, #1084, #1439, .T. ) ;
#649 = ORIENTED_EDGE ( 'NONE', *, *, #239, .T. ) ;
#650 = LINE ( 'NONE', #498, #1144 ) ;
#651 = ORIENTED_EDGE ( 'NONE', *, *, #715, .T. ) ;
#652 = CARTESIAN_POINT ( 'NONE',  ( -5.392621891784187937, 3.630873963928064718, -19.96095898797700485 ) ) ;
#653 = CARTESIAN_POINT ( 'NONE',  ( 4.499999999999995559, 4.999999999999998224, -18.50000000000000355 ) ) ;
#654 = DIRECTION ( 'NONE',  ( -0.000000000000000000, 1.000000000000000000, -0.000000000000000000 ) ) ;
#655 = LINE ( 'NONE', #185, #72 ) ;
#656 = EDGE_LOOP ( 'NONE', ( #450, #997 ) ) ;
#657 = CARTESIAN_POINT ( 'NONE',  ( -5.496776951960126389, 4.990330855880389826, 18.69634717512329303 ) ) ;
#658 = VERTEX_POINT ( 'NONE', #856 ) ;
#659 = CARTESIAN_POINT ( 'NONE',  ( 0.000000000000000000, 10.00000000000000000, -10.00000000000000000 ) ) ;
#660 = ORIENTED_EDGE ( 'NONE', *, *, #332, .T. ) ;
#661 = EDGE_CURVE ( 'NONE', #360, #775, #655, .T. ) ;
#662 = CARTESIAN_POINT ( 'NONE',  ( 6.500000000000003553, 3.999999999999994671, 19.37867965644035451 ) ) ;
#663 = DIRECTION ( 'NONE',  ( 0.000000000000000000, 0.000000000000000000, 1.000000000000000000 ) ) ;
#664 = CARTESIAN_POINT ( 'NONE',  ( 1.999999999999995337, 5.999999999999998224, -18.50000000000000355 ) ) ;
#665 = ORIENTED_EDGE ( 'NONE', *, *, #301, .F. ) ;
#666 = EDGE_CURVE ( 'NONE', #1025, #1845, #1073, .T. ) ;
#667 = VERTEX_POINT ( 'NONE', #528 ) ;
#668 = FACE_OUTER_BOUND ( 'NONE', #612, .T. ) ;
#669 = PRODUCT_DEFINITION_SHAPE ( 'NONE', 'NONE',  #1738 ) ;
#670 = AXIS2_PLACEMENT_3D ( 'NONE', #281, #1980, #892 ) ;
#671 = ORIENTED_EDGE ( 'NONE', *, *, #1824, .T. ) ;
#672 = AXIS2_PLACEMENT_3D ( 'NONE', #186, #1800, #369 ) ;
#673 = DIRECTION ( 'NONE',  ( -1.301042606982605074E-16, 0.000000000000000000, -1.000000000000000000 ) ) ;
#674 = CARTESIAN_POINT ( 'NONE',  ( 0.000000000000000000, 10.00000000000000000, -10.00000000000000000 ) ) ;
#675 = AXIS2_PLACEMENT_3D ( 'NONE', #30, #51, #1471 ) ;
#676 = SURFACE_SIDE_STYLE ('',( #234 ) ) ;
#677 = AXIS2_PLACEMENT_3D ( 'NONE', #764, #779, #1414 ) ;
#678 = DIRECTION ( 'NONE',  ( -1.000000000000000000, 0.000000000000000000, 1.084202172485504681E-16 ) ) ;
#679 = CARTESIAN_POINT ( 'NONE',  ( 6.394230665565012295, 4.894230665565018512, 19.11837504407760235 ) ) ;
#680 = AXIS2_PLACEMENT_3D ( 'NONE', #83, #1680, #413 ) ;
#681 = ORIENTED_EDGE ( 'NONE', *, *, #1633, .F. ) ;
#682 = CARTESIAN_POINT ( 'NONE',  ( 0.9999999999999985567, 31.88748865697795054, -1.250000000000004885 ) ) ;
#683 = EDGE_LOOP ( 'NONE', ( #589, #651, #1991, #1866 ) ) ;
#684 = DIRECTION ( 'NONE',  ( 0.000000000000000000, 0.000000000000000000, 1.000000000000000000 ) ) ;
#685 = DIRECTION ( 'NONE',  ( 0.000000000000000000, -1.000000000000000000, 0.000000000000000000 ) ) ;
#686 = CARTESIAN_POINT ( 'NONE',  ( 0.9999999999999986677, 31.88748865697795054, 1.249999999999996003 ) ) ;
#687 = ADVANCED_FACE ( 'NONE', ( #1148 ), #1313, .F. ) ;
#688 = CARTESIAN_POINT ( 'NONE',  ( 2.326828918379971365E-16, 10.00000000000000000, 11.90000000000000036 ) ) ;
#689 = FACE_OUTER_BOUND ( 'NONE', #937, .T. ) ;
#690 = EDGE_CURVE ( 'NONE', #388, #1315, #347, .T. ) ;
#691 = ORIENTED_EDGE ( 'NONE', *, *, #495, .F. ) ;
#692 = PLANE ( 'NONE',  #1342 ) ;
#693 = EDGE_LOOP ( 'NONE', ( #1393, #1116, #860, #2030 ) ) ;
#694 = DIRECTION ( 'NONE',  ( -1.000000000000000000, 0.000000000000000000, 0.000000000000000000 ) ) ;
#695 = CARTESIAN_POINT ( 'NONE',  ( 0.000000000000000000, 0.000000000000000000, 10.00000000000000000 ) ) ;
#696 = LINE ( 'NONE', #1660, #1875 ) ;
#697 = LINE ( 'NONE', #1487, #935 ) ;
#698 = DIRECTION ( 'NONE',  ( 0.000000000000000000, 1.000000000000000000, 0.000000000000000000 ) ) ;
#699 = ADVANCED_FACE ( 'NONE', ( #1931 ), #1165, .F. ) ;
#700 = ADVANCED_FACE ( 'NONE', ( #33 ), #2036, .T. ) ;
#701 = ORIENTED_EDGE ( 'NONE', *, *, #939, .T. ) ;
#702 = CARTESIAN_POINT ( 'NONE',  ( 3.499999999999996447, 45.00000000000000000, -20.00000000000000355 ) ) ;
#703 = VERTEX_POINT ( 'NONE', #1941 ) ;
#704 = DIRECTION ( 'NONE',  ( -1.000000000000000000, 0.000000000000000000, 1.301042606982605321E-16 ) ) ;
#705 = CIRCLE ( 'NONE', #670, 2.749999999999998224 ) ;
#706 = CIRCLE ( 'NONE', #1266, 1.500000000000001332 ) ;
#707 = VECTOR ( 'NONE', #1023, 1000.000000000000000 ) ;
#708 = EDGE_CURVE ( 'NONE', #1479, #1621, #841, .T. ) ;
#709 = CARTESIAN_POINT ( 'NONE',  ( 6.423389135037608000, 3.974463045012524010, -18.98332354028682190 ) ) ;
#710 = CARTESIAN_POINT ( 'NONE',  ( 3.499999999999997780, 14.17468245269451543, -4.750000000000007994 ) ) ;
#711 = CIRCLE ( 'NONE', #140, 2.500000000000000000 ) ;
#712 = AXIS2_PLACEMENT_3D ( 'NONE', #1860, #422, #1213 ) ;
#713 = ORIENTED_EDGE ( 'NONE', *, *, #1022, .F. ) ;
#714 = DIRECTION ( 'NONE',  ( -1.301042606982605321E-16, -1.488321999822292987E-16, -1.000000000000000000 ) ) ;
#715 = EDGE_CURVE ( 'NONE', #1743, #1302, #848, .T. ) ;
#716 = ADVANCED_FACE ( 'NONE', ( #1322 ), #1350, .T. ) ;
#717 = CARTESIAN_POINT ( 'NONE',  ( 6.499999999999997335, 3.999999999999995559, -18.50000000000000355 ) ) ;
#718 = VERTEX_POINT ( 'NONE', #1186 ) ;
#719 = CARTESIAN_POINT ( 'NONE',  ( 3.499999999999997780, 14.17468245269451543, -6.250000000000006217 ) ) ;
#720 = CARTESIAN_POINT ( 'NONE',  ( -3.500000000000001776, 14.17468245269451543, -4.750000000000006217 ) ) ;
#721 = CARTESIAN_POINT ( 'NONE',  ( -3.500000000000000888, 43.50000000000000000, 1.249999999999994893 ) ) ;
#722 = ORIENTED_EDGE ( 'NONE', *, *, #2049, .F. ) ;
#723 = CYLINDRICAL_SURFACE ( 'NONE', #447, 1.500000000000001332 ) ;
#724 = ORIENTED_EDGE ( 'NONE', *, *, #610, .F. ) ;
#725 = DIRECTION ( 'NONE',  ( 0.000000000000000000, 0.000000000000000000, -1.000000000000000000 ) ) ;
#726 = CARTESIAN_POINT ( 'NONE',  ( -6.336082918170694356, 4.836082918170672151, -19.24792886681053261 ) ) ;
#727 = CARTESIAN_POINT ( 'NONE',  ( 5.397553822052665318, 4.692661466158049244, -19.41498464624803688 ) ) ;
#728 = DIRECTION ( 'NONE',  ( 1.239088197126291310E-16, 0.000000000000000000, 1.000000000000000000 ) ) ;
#729 = VERTEX_POINT ( 'NONE', #1983 ) ;
#730 = CARTESIAN_POINT ( 'NONE',  ( 0.000000000000000000, 0.000000000000000000, -11.90000000000000036 ) ) ;
#731 = CARTESIAN_POINT ( 'NONE',  ( -5.307273380556352116, 4.421820141668987958, 19.69950020189064332 ) ) ;
#732 = VERTEX_POINT ( 'NONE', #1086 ) ;
#733 = DIRECTION ( 'NONE',  ( -1.084202172485504681E-16, 8.673617379884037937E-17, -1.000000000000000000 ) ) ;
#734 = CIRCLE ( 'NONE', #340, 1.500000000000001332 ) ;
#735 = CARTESIAN_POINT ( 'NONE',  ( -5.474463045012533335, 4.923389135037607112, -18.98332354028682190 ) ) ;
#736 = ADVANCED_FACE ( 'NONE', ( #307 ), #627, .F. ) ;
#737 = AXIS2_PLACEMENT_3D ( 'NONE', #1032, #81, #1355 ) ;
#738 = VECTOR ( 'NONE', #56, 1000.000000000000000 ) ;
#739 = CARTESIAN_POINT ( 'NONE',  ( -5.292893218813451206, 4.378679656440352730, 19.99999999999999289 ) ) ;
#740 = VECTOR ( 'NONE', #543, 1000.000000000000000 ) ;
#741 = ORIENTED_EDGE ( 'NONE', *, *, #1283, .T. ) ;
#742 = CARTESIAN_POINT ( 'NONE',  ( -3.500000000000000888, 45.00000000000000000, 1.249999999999994671 ) ) ;
#743 = VECTOR ( 'NONE', #1918, 1000.000000000000000 ) ;
#744 = FACE_BOUND ( 'NONE', #1999, .T. ) ;
#745 = FACE_OUTER_BOUND ( 'NONE', #601, .T. ) ;
#746 = ORIENTED_EDGE ( 'NONE', *, *, #407, .T. ) ;
#747 = CARTESIAN_POINT ( 'NONE',  ( -4.500000000000003553, 5.999999999999998224, -18.50000000000000355 ) ) ;
#748 = CARTESIAN_POINT ( 'NONE',  ( 4.499999999999995559, 4.999999999999998224, -18.50000000000000355 ) ) ;
#749 = VERTEX_POINT ( 'NONE', #1078 ) ;
#750 = CARTESIAN_POINT ( 'NONE',  ( 6.477205669890452988, 4.977205669890451212, -18.82492459606817192 ) ) ;
#751 = CARTESIAN_POINT ( 'NONE',  ( -3.500000000000000888, 24.99999999999999645, -3.014082039509701538E-15 ) ) ;
#752 = EDGE_LOOP ( 'NONE', ( #1758, #701, #822, #713 ) ) ;
#753 = CARTESIAN_POINT ( 'NONE',  ( -4.999999999999998224, 3.499999999999996003, 19.99999999999999645 ) ) ;
#754 = CARTESIAN_POINT ( 'NONE',  ( 5.065461631044785307, 3.696384893134343486, 19.99999999999999645 ) ) ;
#755 = CARTESIAN_POINT ( 'NONE',  ( 6.500000000000004441, 24.99999999999999645, 2.749999999999993783 ) ) ;
#756 = CARTESIAN_POINT ( 'NONE',  ( -6.452024985329298801, 3.984008328443098268, -18.88892379092509799 ) ) ;
#757 = ORIENTED_EDGE ( 'NONE', *, *, #621, .T. ) ;
#758 = CARTESIAN_POINT ( 'NONE',  ( -5.878679656440357171, 3.792893218813447209, 19.99999999999999645 ) ) ;
#759 = EDGE_CURVE ( 'NONE', #526, #388, #1101, .T. ) ;
#760 = ORIENTED_EDGE ( 'NONE', *, *, #289, .T. ) ;
#761 = ADVANCED_FACE ( 'NONE', ( #148 ), #1536, .T. ) ;
#762 = CARTESIAN_POINT ( 'NONE',  ( 1.999999999999998668, 24.99999999999999645, -3.729655473350134464E-15 ) ) ;
#763 = ORIENTED_EDGE ( 'NONE', *, *, #1189, .T. ) ;
#764 = CARTESIAN_POINT ( 'NONE',  ( -4.500000000000003553, 5.999999999999998224, -20.00000000000000711 ) ) ;
#765 = CARTESIAN_POINT ( 'NONE',  ( -5.251809468437026673, 4.255428405311083573, -19.81067960955686402 ) ) ;
#766 = EDGE_LOOP ( 'NONE', ( #633, #1220, #1943, #1151 ) ) ;
#767 = VECTOR ( 'NONE', #981, 1000.000000000000000 ) ;
#768 = VECTOR ( 'NONE', #1475, 1000.000000000000000 ) ;
#769 = CARTESIAN_POINT ( 'NONE',  ( -3.500000000000002665, 24.99999999999999645, -12.50000000000000355 ) ) ;
#770 = VERTEX_POINT ( 'NONE', #2032 ) ;
#771 = VECTOR ( 'NONE', #1880, 1000.000000000000000 ) ;
#772 = VECTOR ( 'NONE', #654, 1000.000000000000000 ) ;
#773 = CARTESIAN_POINT ( 'NONE',  ( -6.452024985329293472, 3.984008328443097380, 18.88892379092509088 ) ) ;
#774 = LINE ( 'NONE', #273, #1874 ) ;
#775 = VERTEX_POINT ( 'NONE', #1067 ) ;
#776 = AXIS2_PLACEMENT_3D ( 'NONE', #1590, #160, #1600 ) ;
#777 = EDGE_CURVE ( 'NONE', #1127, #66, #618, .T. ) ;
#778 = ADVANCED_FACE ( 'NONE', ( #1723 ), #1248, .T. ) ;
#779 = DIRECTION ( 'NONE',  ( 1.301042606982605567E-16, -8.673617379884035472E-17, 1.000000000000000000 ) ) ;
#780 = FACE_OUTER_BOUND ( 'NONE', #1761, .T. ) ;
#781 = VERTEX_POINT ( 'NONE', #462 ) ;
#782 = DIRECTION ( 'NONE',  ( 0.000000000000000000, 0.000000000000000000, 1.000000000000000000 ) ) ;
#783 = LINE ( 'NONE', #803, #379 ) ;
#784 = ORIENTED_EDGE ( 'NONE', *, *, #1516, .T. ) ;
#785 = CARTESIAN_POINT ( 'NONE',  ( -5.397553822052666206, 4.692661466158048356, 19.41498464624802978 ) ) ;
#786 = DIRECTION ( 'NONE',  ( 0.000000000000000000, -0.000000000000000000, -1.000000000000000000 ) ) ;
#787 = EDGE_LOOP ( 'NONE', ( #215, #1308, #248, #1900 ) ) ;
#788 = FACE_OUTER_BOUND ( 'NONE', #416, .T. ) ;
#789 = EDGE_CURVE ( 'NONE', #1661, #636, #5, .T. ) ;
#790 =( BOUNDED_SURFACE ( )  B_SPLINE_SURFACE ( 3, 2, ( 
 ( #753, #1965, #1207 ),
 ( #916, #1712, #1554 ),
 ( #423, #121, #415 ),
 ( #886, #1681, #250 ),
 ( #731, #157, #1915 ),
 ( #1126, #147, #1563 ),
 ( #785, #1901, #960 ),
 ( #26, #972, #1577 ),
 ( #1722, #461, #1410 ),
 ( #1280, #1107, #293 ),
 ( #471, #819, #773 ),
 ( #657, #1420, #952 ),
 ( #2056, #336, #797 ),
 ( #928, #451, #1609 ) ),
 .UNSPECIFIED., .F., .F., .F. ) 
 B_SPLINE_SURFACE_WITH_KNOTS ( ( 4, 2, 2, 2, 2, 2, 4 ),
 ( 3, 3 ),
 ( 1.570796326794896558, 1.963495408493620697, 2.356194490192344837, 2.552544031041707129, 2.748893571891068976, 2.945243112740430824, 3.141592653589793116 ),
 ( 0.000000000000000000, 1.000000000000000000 ),
 .UNSPECIFIED. ) 
 GEOMETRIC_REPRESENTATION_ITEM ( )  RATIONAL_B_SPLINE_SURFACE ( (
 ( 1.000000000000000000, 1.000000000000000000, 1.000000000000000000),
 ( 1.000000000000000000, 1.000158598892028960, 1.000000000000000000),
 ( 1.000000000000000000, 0.9867291651255416518, 1.000000000000000000),
 ( 1.000000000000000000, 0.9386556746367711312, 1.000000000000000000),
 ( 1.000000000000000000, 0.9038128289597446852, 1.000000000000000000),
 ( 1.000000000000000000, 0.8471316911967842200, 1.000000000000000000),
 ( 1.000000000000000000, 0.8275942267605700398, 1.000000000000000000),
 ( 1.000000000000000000, 0.7902180514827708002, 1.000000000000000000),
 ( 1.000000000000000000, 0.7723967724090458065, 1.000000000000000000),
 ( 1.000000000000000000, 0.7418334672881584657, 1.000000000000000000),
 ( 1.000000000000000000, 0.7291288573898069281, 1.000000000000000000),
 ( 1.000000000000000000, 0.7117460391535104236, 1.000000000000000000),
 ( 1.000000000000000000, 0.7070717008705416085, 1.000000000000000000),
 ( 1.000000000000000000, 0.7071067811865475727, 1.000000000000000000) ) ) 
 REPRESENTATION_ITEM ( '' )  SURFACE ( )  );
#791 = DIRECTION ( 'NONE',  ( -1.301042606982605567E-16, 8.673617379884034239E-17, -1.000000000000000000 ) ) ;
#792 = VERTEX_POINT ( 'NONE', #2024 ) ;
#793 = EDGE_CURVE ( 'NONE', #145, #770, #269, .T. ) ;
#794 = LINE ( 'NONE', #613, #344 ) ;
#795 = LINE ( 'NONE', #2065, #1938 ) ;
#796 = ORIENTED_EDGE ( 'NONE', *, *, #1629, .F. ) ;
#797 = CARTESIAN_POINT ( 'NONE',  ( -6.499999999999998224, 3.999999999934554129, 18.59817583765532589 ) ) ;
#798 = FACE_OUTER_BOUND ( 'NONE', #1082, .T. ) ;
#799 = DIRECTION ( 'NONE',  ( 0.000000000000000000, 0.000000000000000000, -1.000000000000000000 ) ) ;
#800 = CARTESIAN_POINT ( 'NONE',  ( 2.000000000000001332, 45.00000000000000000, 19.99999999999999645 ) ) ;
#801 = DIRECTION ( 'NONE',  ( -0.000000000000000000, -1.000000000000000000, -0.000000000000000000 ) ) ;
#802 = EDGE_CURVE ( 'NONE', #1526, #729, #774, .T. ) ;
#803 = CARTESIAN_POINT ( 'NONE',  ( -5.500000000000004441, 4.999999999999998224, -18.50000000000000355 ) ) ;
#804 = ORIENTED_EDGE ( 'NONE', *, *, #530, .F. ) ;
#805 = VECTOR ( 'NONE', #90, 1000.000000000000000 ) ;
#806 = DIRECTION ( 'NONE',  ( 0.000000000000000000, 0.000000000000000000, 1.000000000000000000 ) ) ;
#807 = AXIS2_PLACEMENT_3D ( 'NONE', #1777, #195, #984 ) ;
#808 = EDGE_LOOP ( 'NONE', ( #1138, #1755 ) ) ;
#809 = CARTESIAN_POINT ( 'NONE',  ( 6.500000000000004441, 14.17468245269451543, -6.250000000000006217 ) ) ;
#810 = CIRCLE ( 'NONE', #938, 1.500000000000002220 ) ;
#811 = VERTEX_POINT ( 'NONE', #443 ) ;
#812 = CARTESIAN_POINT ( 'NONE',  ( -6.130080186835225931, 3.876693395611724657, -19.49124015672442312 ) ) ;
#813 = AXIS2_PLACEMENT_3D ( 'NONE', #1026, #885, #894 ) ;
#814 = CARTESIAN_POINT ( 'NONE',  ( -2.000000000000000888, 45.00000000000000000, -1.250000000000005773 ) ) ;
#815 = DIRECTION ( 'NONE',  ( 0.000000000000000000, 0.000000000000000000, 1.000000000000000000 ) ) ;
#816 = LINE ( 'NONE', #1822, #768 ) ;
#817 = EDGE_CURVE ( 'NONE', #1084, #781, #1775, .T. ) ;
#818 = ORIENTED_EDGE ( 'NONE', *, *, #1022, .T. ) ;
#819 = CARTESIAN_POINT ( 'NONE',  ( -6.394230665565035387, 4.894230665565032723, 19.11837504407760235 ) ) ;
#820 = ORIENTED_EDGE ( 'NONE', *, *, #1030, .F. ) ;
#821 = CARTESIAN_POINT ( 'NONE',  ( -3.499999999999998224, 0.000000000000000000, 19.99999999999999645 ) ) ;
#822 = ORIENTED_EDGE ( 'NONE', *, *, #1254, .T. ) ;
#823 = CYLINDRICAL_SURFACE ( 'NONE', #1174, 1.900000000000000577 ) ;
#824 = DIRECTION ( 'NONE',  ( 0.000000000000000000, 0.000000000000000000, 1.000000000000000000 ) ) ;
#825 = FACE_BOUND ( 'NONE', #1868, .T. ) ;
#826 = EDGE_CURVE ( 'NONE', #909, #1249, #1779, .T. ) ;
#827 = DIRECTION ( 'NONE',  ( 0.000000000000000000, 1.000000000000000000, 0.000000000000000000 ) ) ;
#828 = ORIENTED_EDGE ( 'NONE', *, *, #1916, .F. ) ;
#829 = ADVANCED_FACE ( 'NONE', ( #1379 ), #2057, .T. ) ;
#830 = ORIENTED_EDGE ( 'NONE', *, *, #966, .T. ) ;
#831 = CARTESIAN_POINT ( 'NONE',  ( 1.999999999999999556, 45.00000000000000000, 19.99999999999999645 ) ) ;
#832 = ORIENTED_EDGE ( 'NONE', *, *, #759, .T. ) ;
#833 = CARTESIAN_POINT ( 'NONE',  ( 2.000000000000000888, 45.00000000000000000, 18.49999999999998934 ) ) ;
#834 = LINE ( 'NONE', #653, #470 ) ;
#835 = PRESENTATION_STYLE_ASSIGNMENT (( #1462 ) ) ;
#836 = DIRECTION ( 'NONE',  ( 0.000000000000000000, -1.000000000000000000, 0.000000000000000000 ) ) ;
#837 = CARTESIAN_POINT ( 'NONE',  ( 5.474463045012530671, 4.923389135037605335, 18.98332354028681479 ) ) ;
#838 = VERTEX_POINT ( 'NONE', #1216 ) ;
#839 = AXIS2_PLACEMENT_3D ( 'NONE', #305, #485, #1924 ) ;
#840 = DIRECTION ( 'NONE',  ( 0.000000000000000000, 0.000000000000000000, -1.000000000000000000 ) ) ;
#841 = CIRCLE ( 'NONE', #1604, 1.500000000000001332 ) ;
#842 = EDGE_CURVE ( 'NONE', #135, #375, #1691, .T. ) ;
#843 = AXIS2_PLACEMENT_3D ( 'NONE', #1652, #515, #219 ) ;
#844 = DIRECTION ( 'NONE',  ( 1.000000000000000000, -1.128474576789396008E-32, 0.000000000000000000 ) ) ;
#845 = ORIENTED_EDGE ( 'NONE', *, *, #994, .T. ) ;
#846 = ADVANCED_FACE ( 'NONE', ( #745 ), #1559, .T. ) ;
#847 = VECTOR ( 'NONE', #1664, 1000.000000000000000 ) ;
#848 = LINE ( 'NONE', #688, #2000 ) ;
#849 = DIRECTION ( 'NONE',  ( -0.000000000000000000, -1.000000000000000000, -0.000000000000000000 ) ) ;
#850 = ORIENTED_EDGE ( 'NONE', *, *, #802, .T. ) ;
#851 = DIRECTION ( 'NONE',  ( 1.128474576789395597E-32, 1.000000000000000000, 8.673617379884034239E-17 ) ) ;
#852 = CARTESIAN_POINT ( 'NONE',  ( -2.000000000000000888, 45.00000000000000000, 1.249999999999994449 ) ) ;
#853 = LINE ( 'NONE', #1820, #805 ) ;
#854 = CARTESIAN_POINT ( 'NONE',  ( 3.500000000000000000, 25.00000000000000000, 13.99999999999999645 ) ) ;
#855 = EDGE_CURVE ( 'NONE', #718, #19, #1105, .T. ) ;
#856 = CARTESIAN_POINT ( 'NONE',  ( 0.9999999999999986677, 45.00000000000000000, -1.250000000000005995 ) ) ;
#857 = DIRECTION ( 'NONE',  ( 0.000000000000000000, 0.000000000000000000, -1.000000000000000000 ) ) ;
#858 = ORIENTED_EDGE ( 'NONE', *, *, #1120, .T. ) ;
#859 = LINE ( 'NONE', #821, #414 ) ;
#860 = ORIENTED_EDGE ( 'NONE', *, *, #2049, .T. ) ;
#861 = EDGE_CURVE ( 'NONE', #1841, #667, #64, .T. ) ;
#862 = CARTESIAN_POINT ( 'NONE',  ( 4.999999999999996447, 0.000000000000000000, -18.50000000000000355 ) ) ;
#863 = FACE_OUTER_BOUND ( 'NONE', #1523, .T. ) ;
#864 = CARTESIAN_POINT ( 'NONE',  ( 5.397553822052669759, 4.692661466158057237, 19.41498464624801201 ) ) ;
#865 = EDGE_CURVE ( 'NONE', #1358, #1035, #1016, .T. ) ;
#866 = ORIENTED_EDGE ( 'NONE', *, *, #319, .F. ) ;
#867 = CARTESIAN_POINT ( 'NONE',  ( 6.500000000000005329, 14.17468245269451188, 6.249999999999999112 ) ) ;
#868 = CARTESIAN_POINT ( 'NONE',  ( 6.499999999999996447, 4.999999999999996447, -18.50000000000000355 ) ) ;
#869 = ORIENTED_EDGE ( 'NONE', *, *, #715, .F. ) ;
#870 = CARTESIAN_POINT ( 'NONE',  ( -3.500000000000000000, 14.17468245269451188, 6.250000000000000888 ) ) ;
#871 = AXIS2_PLACEMENT_3D ( 'NONE', #1214, #1533, #1699 ) ;
#872 = DIRECTION ( 'NONE',  ( 1.577021341797098300E-16, 0.000000000000000000, 1.000000000000000000 ) ) ;
#873 = AXIS2_PLACEMENT_3D ( 'NONE', #1910, #782, #492 ) ;
#874 = CIRCLE ( 'NONE', #46, 1.500000000000002220 ) ;
#875 = AXIS2_PLACEMENT_3D ( 'NONE', #719, #232, #1985 ) ;
#876 = CARTESIAN_POINT ( 'NONE',  ( -6.500000000000004441, 4.999999999999998224, -20.00000000000000355 ) ) ;
#877 = ORIENTED_EDGE ( 'NONE', *, *, #1527, .F. ) ;
#878 = VERTEX_POINT ( 'NONE', #710 ) ;
#879 = DIRECTION ( 'NONE',  ( 0.000000000000000000, -1.000000000000000000, 0.000000000000000000 ) ) ;
#880 = LINE ( 'NONE', #1706, #639 ) ;
#881 = CARTESIAN_POINT ( 'NONE',  ( 5.376693395611714443, 4.630080186835234812, -19.49124015672440535 ) ) ;
#882 = ADVANCED_FACE ( 'NONE', ( #689 ), #1323, .T. ) ;
#883 = DIRECTION ( 'NONE',  ( 1.128474576789395597E-32, 1.000000000000000000, 8.673617379884034239E-17 ) ) ;
#884 = ORIENTED_EDGE ( 'NONE', *, *, #1872, .F. ) ;
#885 = DIRECTION ( 'NONE',  ( -0.000000000000000000, -1.000000000000000000, -0.000000000000000000 ) ) ;
#886 = CARTESIAN_POINT ( 'NONE',  ( -5.251809468437058648, 4.255428405311115547, 19.81067960955684271 ) ) ;
#887 = EDGE_LOOP ( 'NONE', ( #1792, #551 ) ) ;
#888 = ADVANCED_FACE ( 'NONE', ( #1496 ), #1109, .T. ) ;
#889 = DIRECTION ( 'NONE',  ( -1.000000000000000000, 0.000000000000000000, 1.084202172485504681E-16 ) ) ;
#890 = DIRECTION ( 'NONE',  ( 0.000000000000000000, 0.000000000000000000, -1.000000000000000000 ) ) ;
#891 = CARTESIAN_POINT ( 'NONE',  ( 5.977472092058383701, 4.477472092058350839, -19.69639340368160774 ) ) ;
#892 = DIRECTION ( 'NONE',  ( 1.577021341797098300E-16, 0.000000000000000000, 1.000000000000000000 ) ) ;
#893 = ORIENTED_EDGE ( 'NONE', *, *, #2021, .F. ) ;
#894 = DIRECTION ( 'NONE',  ( 0.000000000000000000, 0.000000000000000000, 1.000000000000000000 ) ) ;
#895 = DIRECTION ( 'NONE',  ( -1.000000000000000000, -0.000000000000000000, -0.000000000000000000 ) ) ;
#896 = DIRECTION ( 'NONE',  ( 0.000000000000000000, -1.000000000000000000, 0.000000000000000000 ) ) ;
#897 = ORIENTED_EDGE ( 'NONE', *, *, #506, .T. ) ;
#898 = CARTESIAN_POINT ( 'NONE',  ( -3.500000000000001776, 35.82531754730548101, -7.750000000000000000 ) ) ;
#899 = EDGE_CURVE ( 'NONE', #1096, #128, #1332, .T. ) ;
#900 = CIRCLE ( 'NONE', #1602, 1.500000000000001332 ) ;
#901 = DIRECTION ( 'NONE',  ( -1.000000000000000000, -0.000000000000000000, 1.301042606982605321E-16 ) ) ;
#902 = AXIS2_PLACEMENT_3D ( 'NONE', #1421, #1894, #2015 ) ;
#903 = STYLED_ITEM ( 'NONE', ( #835 ), #1092 ) ;
#904 = CARTESIAN_POINT ( 'NONE',  ( -4.999999999999998224, 3.499999999999994671, 19.99999999999999645 ) ) ;
#905 = CIRCLE ( 'NONE', #675, 1.900000000000000577 ) ;
#906 = ORIENTED_EDGE ( 'NONE', *, *, #939, .F. ) ;
#907 = DIRECTION ( 'NONE',  ( 0.000000000000000000, 0.000000000000000000, -1.000000000000000000 ) ) ;
#908 = CARTESIAN_POINT ( 'NONE',  ( 5.000000000000003553, 3.499999999999994671, 19.99999999999999645 ) ) ;
#909 = VERTEX_POINT ( 'NONE', #968 ) ;
#910 = CARTESIAN_POINT ( 'NONE',  ( -2.000000000000003553, 45.00000000000000000, -20.00000000000000355 ) ) ;
#911 = CARTESIAN_POINT ( 'NONE',  ( -6.500000000000002665, 4.999999999999995559, -18.50000000000000355 ) ) ;
#912 = EDGE_CURVE ( 'NONE', #535, #480, #631, .T. ) ;
#913 = EDGE_LOOP ( 'NONE', ( #956, #2011 ) ) ;
#914 = LINE ( 'NONE', #237, #569 ) ;
#915 = VERTEX_POINT ( 'NONE', #1584 ) ;
#916 = CARTESIAN_POINT ( 'NONE',  ( -5.065461631044781754, 3.696384893134346594, 19.99999999999999645 ) ) ;
#917 = CARTESIAN_POINT ( 'NONE',  ( 1.999999999999998668, 24.99999999999999645, -3.729655473350134464E-15 ) ) ;
#918 = VERTEX_POINT ( 'NONE', #1265 ) ;
#919 =( BOUNDED_CURVE ( )  B_SPLINE_CURVE ( 3, ( #117, #1346, #256, #1514 ),
 .UNSPECIFIED., .F., .T. ) 
 B_SPLINE_CURVE_WITH_KNOTS ( ( 4, 4 ),
 ( 0.000000000000000000, 1.570796326794896780 ),
 .UNSPECIFIED. ) 
 CURVE ( )  GEOMETRIC_REPRESENTATION_ITEM ( )  RATIONAL_B_SPLINE_CURVE ( ( 1.000000000000000000, 0.8047378541243649375, 0.8047378541243649375, 1.000000000000000000 ) ) 
 REPRESENTATION_ITEM ( '' )  );
#920 = DIRECTION ( 'NONE',  ( 1.084202172485504681E-16, -0.000000000000000000, 1.000000000000000000 ) ) ;
#921 = EDGE_CURVE ( 'NONE', #1096, #1129, #2037, .T. ) ;
#922 = CARTESIAN_POINT ( 'NONE',  ( -4.500000000000003553, 4.999999999999998224, -20.00000000000000355 ) ) ;
#923 = EDGE_LOOP ( 'NONE', ( #1027, #1004, #1289, #1729 ) ) ;
#924 = CARTESIAN_POINT ( 'NONE',  ( 5.292893218813452094, 4.378679656440352730, 19.99999999999999645 ) ) ;
#925 = EDGE_CURVE ( 'NONE', #1841, #1743, #238, .T. ) ;
#926 = EDGE_CURVE ( 'NONE', #486, #1954, #154, .T. ) ;
#927 = EDGE_LOOP ( 'NONE', ( #1518, #1018, #1610, #804 ) ) ;
#928 = CARTESIAN_POINT ( 'NONE',  ( -5.499999999999998224, 4.999999999999994671, 18.49999999999999645 ) ) ;
#929 = DIRECTION ( 'NONE',  ( 1.239088197126291310E-16, 0.000000000000000000, 1.000000000000000000 ) ) ;
#930 = ORIENTED_EDGE ( 'NONE', *, *, #1360, .F. ) ;
#931 = FACE_OUTER_BOUND ( 'NONE', #628, .T. ) ;
#932 = CARTESIAN_POINT ( 'NONE',  ( 3.499999999999997780, 14.17468245269451543, -7.750000000000005329 ) ) ;
#933 = VECTOR ( 'NONE', #1493, 1000.000000000000000 ) ;
#934 = DIRECTION ( 'NONE',  ( -1.000000000000000000, -0.000000000000000000, 1.301042606982605074E-16 ) ) ;
#935 = VECTOR ( 'NONE', #992, 1000.000000000000000 ) ;
#936 = CARTESIAN_POINT ( 'NONE',  ( -6.499999999999999112, 3.999999999999994671, 19.37867965644035451 ) ) ;
#937 = EDGE_LOOP ( 'NONE', ( #1852, #213, #1454, #1634 ) ) ;
#938 = AXIS2_PLACEMENT_3D ( 'NONE', #1321, #194, #1486 ) ;
#939 = EDGE_CURVE ( 'NONE', #425, #268, #1244, .T. ) ;
#940 = FACE_OUTER_BOUND ( 'NONE', #1739, .T. ) ;
#941 = DIRECTION ( 'NONE',  ( 0.000000000000000000, -1.000000000000000000, 0.000000000000000000 ) ) ;
#942 = ORIENTED_EDGE ( 'NONE', *, *, #690, .F. ) ;
#943 = AXIS2_PLACEMENT_3D ( 'NONE', #75, #714, #1524 ) ;
#944 = DIRECTION ( 'NONE',  ( 0.000000000000000000, -1.000000000000000000, 0.000000000000000000 ) ) ;
#945 = EDGE_CURVE ( 'NONE', #1246, #50, #8, .T. ) ;
#946 = CARTESIAN_POINT ( 'NONE',  ( -5.755428405311091566, 3.751809468437018236, -19.81067960955686402 ) ) ;
#947 = ORIENTED_EDGE ( 'NONE', *, *, #1056, .T. ) ;
#948 = LINE ( 'NONE', #481, #1478 ) ;
#949 = CARTESIAN_POINT ( 'NONE',  ( 5.500000000000001776, 3.999999999999994671, 18.49999999999999645 ) ) ;
#950 = ORIENTED_EDGE ( 'NONE', *, *, #455, .F. ) ;
#951 = ADVANCED_FACE ( 'NONE', ( #1438 ), #22, .F. ) ;
#952 = CARTESIAN_POINT ( 'NONE',  ( -6.490330855880392491, 3.996776951960123281, 18.69634717512329303 ) ) ;
#953 = CYLINDRICAL_SURFACE ( 'NONE', #1274, 1.500000000000001332 ) ;
#954 = EDGE_CURVE ( 'NONE', #1606, #811, #1269, .T. ) ;
#955 = FACE_OUTER_BOUND ( 'NONE', #1766, .T. ) ;
#956 = ORIENTED_EDGE ( 'NONE', *, *, #925, .T. ) ;
#957 = DIRECTION ( 'NONE',  ( -1.000000000000000000, 1.128474576789396008E-32, -0.000000000000000000 ) ) ;
#958 = FACE_OUTER_BOUND ( 'NONE', #1445, .T. ) ;
#959 = VERTEX_POINT ( 'NONE', #1930 ) ;
#960 = CARTESIAN_POINT ( 'NONE',  ( -6.192661466158046579, 3.897553822052662653, 19.41498464624803688 ) ) ;
#961 = VERTEX_POINT ( 'NONE', #2053 ) ;
#962 = CYLINDRICAL_SURFACE ( 'NONE', #12, 1.500000000000001332 ) ;
#963 = EDGE_LOOP ( 'NONE', ( #1465, #1569, #463, #84 ) ) ;
#964 = CYLINDRICAL_SURFACE ( 'NONE', #2039, 6.999999999999997335 ) ;
#965 = DIRECTION ( 'NONE',  ( 0.000000000000000000, 0.000000000000000000, -1.000000000000000000 ) ) ;
#966 = EDGE_CURVE ( 'NONE', #1064, #1358, #345, .T. ) ;
#967 = PRODUCT_DEFINITION_CONTEXT ( 'detailed design', #1048, 'design' ) ;
#968 = CARTESIAN_POINT ( 'NONE',  ( 4.500000000000000000, 3.499999999999994671, 19.99999999999999645 ) ) ;
#969 = DIRECTION ( 'NONE',  ( -1.000000000000000000, -0.000000000000000000, 1.301042606982605074E-16 ) ) ;
#970 = ORIENTED_EDGE ( 'NONE', *, *, #39, .T. ) ;
#971 = AXIS2_PLACEMENT_3D ( 'NONE', #217, #284, #1225 ) ;
#972 = CARTESIAN_POINT ( 'NONE',  ( -6.128200527441203249, 4.628200527441182821, 19.55402460371083251 ) ) ;
#973 = AXIS2_PLACEMENT_3D ( 'NONE', #1411, #100, #2046 ) ;
#974 = ORIENTED_EDGE ( 'NONE', *, *, #1056, .F. ) ;
#975 = DIRECTION ( 'NONE',  ( 0.000000000000000000, 0.000000000000000000, 1.000000000000000000 ) ) ;
#976 = AXIS2_PLACEMENT_3D ( 'NONE', #1939, #380, #53 ) ;
#977 = ORIENTED_EDGE ( 'NONE', *, *, #1987, .T. ) ;
#978 = CIRCLE ( 'NONE', #1510, 1.500000000000001332 ) ;
#979 = DIRECTION ( 'NONE',  ( -0.000000000000000000, -1.000000000000000000, -0.000000000000000000 ) ) ;
#980 = CIRCLE ( 'NONE', #47, 1.499999999999998668 ) ;
#981 = DIRECTION ( 'NONE',  ( -0.000000000000000000, 1.000000000000000000, -0.000000000000000000 ) ) ;
#982 = ADVANCED_FACE ( 'NONE', ( #184, #1593, #1921, #162, #314, #825, #623 ), #1603, .F. ) ;
#983 = DIRECTION ( 'NONE',  ( -1.301042606982605567E-16, 0.000000000000000000, -1.000000000000000000 ) ) ;
#984 = DIRECTION ( 'NONE',  ( 0.000000000000000000, 0.000000000000000000, 1.000000000000000000 ) ) ;
#985 = ORIENTED_EDGE ( 'NONE', *, *, #1598, .F. ) ;
#986 = EDGE_CURVE ( 'NONE', #1845, #1025, #1570, .T. ) ;
#987 = ORIENTED_EDGE ( 'NONE', *, *, #1801, .F. ) ;
#988 = DIRECTION ( 'NONE',  ( 0.000000000000000000, 0.000000000000000000, 1.000000000000000000 ) ) ;
#989 = CARTESIAN_POINT ( 'NONE',  ( 5.499999999999996447, 3.499999999999996003, -20.00000000000000355 ) ) ;
#990 = DIRECTION ( 'NONE',  ( 0.000000000000000000, 0.000000000000000000, 1.000000000000000000 ) ) ;
#991 = DIRECTION ( 'NONE',  ( 0.000000000000000000, -1.000000000000000000, 0.000000000000000000 ) ) ;
#992 = DIRECTION ( 'NONE',  ( -1.000000000000000000, -0.000000000000000000, 1.301042606982605074E-16 ) ) ;
#993 = CARTESIAN_POINT ( 'NONE',  ( 6.500000000000002665, 3.999999999934567896, 18.59817583765531879 ) ) ;
#994 = EDGE_CURVE ( 'NONE', #50, #96, #948, .T. ) ;
#995 = EDGE_LOOP ( 'NONE', ( #1404, #1981, #1770, #2019 ) ) ;
#996 = CARTESIAN_POINT ( 'NONE',  ( 4.499999999999995559, 3.499999999999998224, -20.00000000000000355 ) ) ;
#997 = ORIENTED_EDGE ( 'NONE', *, *, #253, .T. ) ;
#998 = CARTESIAN_POINT ( 'NONE',  ( 0.000000000000000000, 45.00000000000000000, 0.000000000000000000 ) ) ;
#999 = DIRECTION ( 'NONE',  ( 1.000000000000000000, 0.000000000000000000, 0.000000000000000000 ) ) ;
#1000 =( NAMED_UNIT ( * ) SI_UNIT ( $, .STERADIAN. ) SOLID_ANGLE_UNIT ( ) );
#1001 = CARTESIAN_POINT ( 'NONE',  ( 3.499999999999999556, 14.17468245269451188, 6.249999999999999112 ) ) ;
#1002 = CARTESIAN_POINT ( 'NONE',  ( 0.000000000000000000, 10.00000000000000000, 8.099999999999999645 ) ) ;
#1003 =( BOUNDED_CURVE ( )  B_SPLINE_CURVE ( 3, ( #420, #739, #1063, #2020 ),
 .UNSPECIFIED., .F., .T. ) 
 B_SPLINE_CURVE_WITH_KNOTS ( ( 4, 4 ),
 ( 1.570796326794896780, 3.141592653589793116 ),
 .UNSPECIFIED. ) 
 CURVE ( )  GEOMETRIC_REPRESENTATION_ITEM ( )  RATIONAL_B_SPLINE_CURVE ( ( 1.000000000000000000, 0.8047378541243650485, 0.8047378541243650485, 1.000000000000000000 ) ) 
 REPRESENTATION_ITEM ( '' )  );
#1004 = ORIENTED_EDGE ( 'NONE', *, *, #1659, .F. ) ;
#1005 = AXIS2_PLACEMENT_3D ( 'NONE', #1591, #1772, #366 ) ;
#1006 = DIRECTION ( 'NONE',  ( -1.000000000000000000, 1.128474576789395734E-32, 0.000000000000000000 ) ) ;
#1007 = VECTOR ( 'NONE', #1239, 1000.000000000000000 ) ;
#1008 = ORIENTED_EDGE ( 'NONE', *, *, #1850, .F. ) ;
#1009 = AXIS2_PLACEMENT_3D ( 'NONE', #1745, #698, #318 ) ;
#1010 = DIRECTION ( 'NONE',  ( 1.239088197126291310E-16, 0.000000000000000000, 1.000000000000000000 ) ) ;
#1011 = DIRECTION ( 'NONE',  ( 0.000000000000000000, 0.000000000000000000, 1.000000000000000000 ) ) ;
#1012 = AXIS2_PLACEMENT_3D ( 'NONE', #747, #263, #580 ) ;
#1013 = DIRECTION ( 'NONE',  ( -1.000000000000000000, -0.000000000000000000, 1.301042606982605321E-16 ) ) ;
#1014 = VECTOR ( 'NONE', #1182, 1000.000000000000000 ) ;
#1015 = CARTESIAN_POINT ( 'NONE',  ( -3.500000000000001776, 35.82531754730548101, -4.750000000000006217 ) ) ;
#1016 = LINE ( 'NONE', #1640, #738 ) ;
#1017 = CIRCLE ( 'NONE', #1146, 1.500000000000001332 ) ;
#1018 = ORIENTED_EDGE ( 'NONE', *, *, #1632, .F. ) ;
#1019 = CARTESIAN_POINT ( 'NONE',  ( 0.000000000000000000, 0.000000000000000000, 10.00000000000000000 ) ) ;
#1020 = ORIENTED_EDGE ( 'NONE', *, *, #865, .T. ) ;
#1021 = DIRECTION ( 'NONE',  ( -0.000000000000000000, -1.000000000000000000, -0.000000000000000000 ) ) ;
#1022 = EDGE_CURVE ( 'NONE', #1948, #732, #503, .T. ) ;
#1023 = DIRECTION ( 'NONE',  ( 1.084202172485504681E-16, -0.000000000000000000, 1.000000000000000000 ) ) ;
#1024 = CARTESIAN_POINT ( 'NONE',  ( 0.000000000000000000, 10.00000000000000000, -10.00000000000000000 ) ) ;
#1025 = VERTEX_POINT ( 'NONE', #1133 ) ;
#1026 = CARTESIAN_POINT ( 'NONE',  ( -5.000000000000003553, 0.000000000000000000, -18.50000000000000355 ) ) ;
#1027 = ORIENTED_EDGE ( 'NONE', *, *, #1324, .T. ) ;
#1028 = CARTESIAN_POINT ( 'NONE',  ( -4.500000000000003553, 3.499999999999996003, -20.00000000000000355 ) ) ;
#1029 = LINE ( 'NONE', #686, #1339 ) ;
#1030 = EDGE_CURVE ( 'NONE', #1035, #915, #1898, .T. ) ;
#1031 =( BOUNDED_CURVE ( )  B_SPLINE_CURVE ( 3, ( #1992, #1833, #586, #1843 ),
 .UNSPECIFIED., .F., .T. ) 
 B_SPLINE_CURVE_WITH_KNOTS ( ( 4, 4 ),
 ( 1.570796326794896558, 3.141592653589793116 ),
 .UNSPECIFIED. ) 
 CURVE ( )  GEOMETRIC_REPRESENTATION_ITEM ( )  RATIONAL_B_SPLINE_CURVE ( ( 1.000000000000000000, 0.8047378541243649375, 0.8047378541243649375, 1.000000000000000000 ) ) 
 REPRESENTATION_ITEM ( '' )  );
#1032 = CARTESIAN_POINT ( 'NONE',  ( -3.499999999999999112, 25.00000000000000000, 12.49999999999999645 ) ) ;
#1033 = ORIENTED_EDGE ( 'NONE', *, *, #321, .F. ) ;
#1034 = AXIS2_PLACEMENT_3D ( 'NONE', #1929, #31, #663 ) ;
#1035 = VERTEX_POINT ( 'NONE', #324 ) ;
#1036 = CARTESIAN_POINT ( 'NONE',  ( -6.500000000000004441, 3.499999999999994671, 18.49999999999999645 ) ) ;
#1037 = AXIS2_PLACEMENT_3D ( 'NONE', #1952, #678, #1653 ) ;
#1038 = CIRCLE ( 'NONE', #2002, 2.749999999999998224 ) ;
#1039 = EDGE_CURVE ( 'NONE', #1384, #909, #794, .T. ) ;
#1040 = CARTESIAN_POINT ( 'NONE',  ( 4.500000000000000888, 5.999999999999994671, 19.99999999999999645 ) ) ;
#1041 = PRESENTATION_LAYER_ASSIGNMENT (  '', '', ( #903 ) ) ;
#1042 = CARTESIAN_POINT ( 'NONE',  ( 6.348249462496246665, 3.949416487498754069, -19.16472675680845228 ) ) ;
#1043 = CIRCLE ( 'NONE', #1814, 1.000000000000000000 ) ;
#1044 = AXIS2_PLACEMENT_3D ( 'NONE', #1423, #2059, #637 ) ;
#1045 = CARTESIAN_POINT ( 'NONE',  ( 1.999999999999997780, 24.99999999999999645, -7.000000000000000888 ) ) ;
#1046 = EDGE_CURVE ( 'NONE', #388, #526, #442, .T. ) ;
#1047 = ORIENTED_EDGE ( 'NONE', *, *, #524, .F. ) ;
#1048 = APPLICATION_CONTEXT ( 'automotive_design' ) ;
#1049 =( LENGTH_UNIT ( ) NAMED_UNIT ( * ) SI_UNIT ( .MILLI., .METRE. ) );
#1050 = ORIENTED_EDGE ( 'NONE', *, *, #708, .F. ) ;
#1051 = CARTESIAN_POINT ( 'NONE',  ( -3.500000000000000888, 31.88748865697795054, 1.249999999999996447 ) ) ;
#1052 = DIRECTION ( 'NONE',  ( 0.000000000000000000, -1.000000000000000000, 1.322952888730927319E-16 ) ) ;
#1053 = LINE ( 'NONE', #1710, #169 ) ;
#1054 = ORIENTED_EDGE ( 'NONE', *, *, #1829, .F. ) ;
#1055 =( NAMED_UNIT ( * ) PLANE_ANGLE_UNIT ( ) SI_UNIT ( $, .RADIAN. ) );
#1056 = EDGE_CURVE ( 'NONE', #153, #1871, #310, .T. ) ;
#1057 = ADVANCED_FACE ( 'NONE', ( #1183 ), #527, .T. ) ;
#1058 = CARTESIAN_POINT ( 'NONE',  ( 0.000000000000000000, 0.000000000000000000, 0.000000000000000000 ) ) ;
#1059 = ORIENTED_EDGE ( 'NONE', *, *, #921, .T. ) ;
#1060 = CARTESIAN_POINT ( 'NONE',  ( -3.499999999999998224, 45.00000000000000000, 18.49999999999999645 ) ) ;
#1061 = CARTESIAN_POINT ( 'NONE',  ( -6.301747370749590793, 3.933915790249873812, -19.25172605281076699 ) ) ;
#1062 = CARTESIAN_POINT ( 'NONE',  ( 5.484008328443099600, 4.952024985329291695, -18.88892379092509799 ) ) ;
#1063 = CARTESIAN_POINT ( 'NONE',  ( -5.499999999999998224, 4.999999999999997335, 19.37867965644035451 ) ) ;
#1064 = VERTEX_POINT ( 'NONE', #1156 ) ;
#1065 = DIRECTION ( 'NONE',  ( -0.000000000000000000, 1.000000000000000000, -1.488321999822293233E-16 ) ) ;
#1066 = CARTESIAN_POINT ( 'NONE',  ( -3.500000000000002665, 24.99999999999999645, -14.00000000000000533 ) ) ;
#1067 = CARTESIAN_POINT ( 'NONE',  ( -4.999999999999997335, 0.000000000000000000, 19.99999999999999645 ) ) ;
#1068 = EDGE_CURVE ( 'NONE', #1948, #425, #810, .T. ) ;
#1069 = CARTESIAN_POINT ( 'NONE',  ( -6.500000000000005329, 3.999999999999994671, -19.37867965644035806 ) ) ;
#1070 = VECTOR ( 'NONE', #1378, 1000.000000000000000 ) ;
#1071 = LINE ( 'NONE', #265, #1232 ) ;
#1072 = ORIENTED_EDGE ( 'NONE', *, *, #1889, .F. ) ;
#1073 = CIRCLE ( 'NONE', #1037, 1.499999999999996891 ) ;
#1074 = AXIS2_PLACEMENT_3D ( 'NONE', #1383, #1392, #890 ) ;
#1075 = ORIENTED_EDGE ( 'NONE', *, *, #606, .F. ) ;
#1076 = AXIS2_PLACEMENT_3D ( 'NONE', #1794, #840, #28 ) ;
#1077 = CARTESIAN_POINT ( 'NONE',  ( 6.500000000000004441, 35.82531754730548101, -6.250000000000004441 ) ) ;
#1078 = CARTESIAN_POINT ( 'NONE',  ( -3.499999999999999112, 25.00000000000000000, 13.99999999999999822 ) ) ;
#1079 = ORIENTED_EDGE ( 'NONE', *, *, #1632, .T. ) ;
#1080 = LINE ( 'NONE', #608, #2041 ) ;
#1081 = CARTESIAN_POINT ( 'NONE',  ( -6.500000000000003553, 3.999999999934555017, -18.59817583765532589 ) ) ;
#1082 = EDGE_LOOP ( 'NONE', ( #1268, #494, #2040, #77 ) ) ;
#1083 = CARTESIAN_POINT ( 'NONE',  ( -2.000000000000000888, 43.50000000000000000, 2.602085213965212614E-16 ) ) ;
#1084 = VERTEX_POINT ( 'NONE', #398 ) ;
#1085 = DIRECTION ( 'NONE',  ( 0.000000000000000000, 0.000000000000000000, 1.000000000000000000 ) ) ;
#1086 = CARTESIAN_POINT ( 'NONE',  ( -3.500000000000000000, 35.82531754730548101, 7.749999999999994671 ) ) ;
#1087 = ORIENTED_EDGE ( 'NONE', *, *, #826, .F. ) ;
#1088 = LINE ( 'NONE', #1275, #743 ) ;
#1089 = CARTESIAN_POINT ( 'NONE',  ( -5.000000000000002665, 3.499999999999993783, -20.00000000000000355 ) ) ;
#1090 = ORIENTED_EDGE ( 'NONE', *, *, #1718, .F. ) ;
#1091 = CARTESIAN_POINT ( 'NONE',  ( 6.500000000000005329, 35.82531754730548101, 7.749999999999992895 ) ) ;
#1092 = MANIFOLD_SOLID_BREP ( 'Fillet2', #1228 ) ;
#1093 = VERTEX_POINT ( 'NONE', #536 ) ;
#1094 = DIRECTION ( 'NONE',  ( -0.000000000000000000, -0.000000000000000000, 1.000000000000000000 ) ) ;
#1095 = CARTESIAN_POINT ( 'NONE',  ( 4.500000000000000000, 3.499999999999994671, 18.49999999999999645 ) ) ;
#1096 = VERTEX_POINT ( 'NONE', #367 ) ;
#1097 = CARTESIAN_POINT ( 'NONE',  ( 1.999999999999995337, 45.00000000000000000, -18.50000000000000355 ) ) ;
#1098 = CARTESIAN_POINT ( 'NONE',  ( 0.9999999999999986677, 45.00000000000000000, 1.249999999999994005 ) ) ;
#1099 = EDGE_LOOP ( 'NONE', ( #1714, #2 ) ) ;
#1100 = DIRECTION ( 'NONE',  ( 0.000000000000000000, 0.000000000000000000, -1.000000000000000000 ) ) ;
#1101 = CIRCLE ( 'NONE', #1905, 6.999999999999997335 ) ;
#1102 = CARTESIAN_POINT ( 'NONE',  ( -6.500000000000004441, 0.000000000000000000, -20.00000000000000355 ) ) ;
#1103 = ADVANCED_FACE ( 'NONE', ( #32 ), #1637, .F. ) ;
#1104 = ORIENTED_EDGE ( 'NONE', *, *, #218, .T. ) ;
#1105 = CIRCLE ( 'NONE', #672, 1.500000000000001332 ) ;
#1106 = AXIS2_PLACEMENT_3D ( 'NONE', #862, #85, #725 ) ;
#1107 = CARTESIAN_POINT ( 'NONE',  ( -6.336082918170689027, 4.836082918170686362, 19.24792886681052551 ) ) ;
#1108 = EDGE_CURVE ( 'NONE', #703, #1648, #1029, .T. ) ;
#1109 = CYLINDRICAL_SURFACE ( 'NONE', #1009, 1.500000000000001332 ) ;
#1110 = AXIS2_PLACEMENT_3D ( 'NONE', #1019, #1306, #1946 ) ;
#1111 = FACE_OUTER_BOUND ( 'NONE', #110, .T. ) ;
#1112 = CARTESIAN_POINT ( 'NONE',  ( -3.499999999999996891, 44.37867965644034030, 19.37867965644035451 ) ) ;
#1113 = ORIENTED_EDGE ( 'NONE', *, *, #1030, .T. ) ;
#1114 = DIRECTION ( 'NONE',  ( -0.000000000000000000, 1.000000000000000000, -0.000000000000000000 ) ) ;
#1115 = DIRECTION ( 'NONE',  ( 0.000000000000000000, -1.000000000000000000, 1.322952888730927319E-16 ) ) ;
#1116 = ORIENTED_EDGE ( 'NONE', *, *, #500, .T. ) ;
#1117 = DIRECTION ( 'NONE',  ( -1.000000000000000000, -0.000000000000000000, 1.301042606982605074E-16 ) ) ;
#1118 = ORIENTED_EDGE ( 'NONE', *, *, #1598, .T. ) ;
#1119 = CARTESIAN_POINT ( 'NONE',  ( -2.000000000000003553, 5.999999999999998224, -18.50000000000000355 ) ) ;
#1120 = EDGE_CURVE ( 'NONE', #959, #1449, #1311, .T. ) ;
#1121 = CARTESIAN_POINT ( 'NONE',  ( -5.537307204076369338, 4.037307204076380884, -19.92874584099969582 ) ) ;
#1122 = CARTESIAN_POINT ( 'NONE',  ( 3.500000000000000000, 25.00000000000000000, 12.49999999999999467 ) ) ;
#1123 = CARTESIAN_POINT ( 'NONE',  ( 2.326828918379971365E-16, 10.00000000000000000, -8.099999999999999645 ) ) ;
#1124 = DIRECTION ( 'NONE',  ( -1.301042606982605567E-16, 0.000000000000000000, -1.000000000000000000 ) ) ;
#1125 = ORIENTED_EDGE ( 'NONE', *, *, #1437, .T. ) ;
#1126 = CARTESIAN_POINT ( 'NONE',  ( -5.376693395611733095, 4.630080186835233924, 19.49124015672439825 ) ) ;
#1127 = VERTEX_POINT ( 'NONE', #1951 ) ;
#1128 = DIRECTION ( 'NONE',  ( -1.301042606982605074E-16, -0.000000000000000000, -1.000000000000000000 ) ) ;
#1129 = VERTEX_POINT ( 'NONE', #1789 ) ;
#1130 = LINE ( 'NONE', #1098, #1307 ) ;
#1131 = CARTESIAN_POINT ( 'NONE',  ( -5.499999999999999112, 4.999999999999994671, 18.49999999999999645 ) ) ;
#1132 =( BOUNDED_CURVE ( )  B_SPLINE_CURVE ( 3, ( #1605, #758, #936, #164 ),
 .UNSPECIFIED., .F., .T. ) 
 B_SPLINE_CURVE_WITH_KNOTS ( ( 4, 4 ),
 ( 1.570796326794896558, 3.141592653589793116 ),
 .UNSPECIFIED. ) 
 CURVE ( )  GEOMETRIC_REPRESENTATION_ITEM ( )  RATIONAL_B_SPLINE_CURVE ( ( 1.000000000000000000, 0.8047378541243649375, 0.8047378541243649375, 1.000000000000000000 ) ) 
 REPRESENTATION_ITEM ( '' )  );
#1133 = CARTESIAN_POINT ( 'NONE',  ( 3.499999999999997780, 35.82531754730548101, -7.750000000000001776 ) ) ;
#1134 = CARTESIAN_POINT ( 'NONE',  ( 0.000000000000000000, 10.00000000000000000, -10.00000000000000000 ) ) ;
#1135 = ORIENTED_EDGE ( 'NONE', *, *, #842, .F. ) ;
#1136 = CIRCLE ( 'NONE', #1535, 1.000000000000000000 ) ;
#1137 = AXIS2_PLACEMENT_3D ( 'NONE', #1024, #382, #1463 ) ;
#1138 = ORIENTED_EDGE ( 'NONE', *, *, #986, .T. ) ;
#1139 = CARTESIAN_POINT ( 'NONE',  ( 1.999999999999998668, 24.99999999999999645, -3.729655473350134464E-15 ) ) ;
#1140 = AXIS2_PLACEMENT_3D ( 'NONE', #1095, #588, #473 ) ;
#1141 = ORIENTED_EDGE ( 'NONE', *, *, #777, .F. ) ;
#1142 = CIRCLE ( 'NONE', #1675, 1.500000000000001332 ) ;
#1143 = CARTESIAN_POINT ( 'NONE',  ( 4.999999999999999112, 0.000000000000000000, 19.99999999999999645 ) ) ;
#1144 = VECTOR ( 'NONE', #1128, 1000.000000000000000 ) ;
#1145 = FACE_OUTER_BOUND ( 'NONE', #82, .T. ) ;
#1146 = AXIS2_PLACEMENT_3D ( 'NONE', #576, #1206, #1532 ) ;
#1147 = ADVANCED_FACE ( 'NONE', ( #863 ), #1175, .F. ) ;
#1148 = FACE_OUTER_BOUND ( 'NONE', #656, .T. ) ;
#1149 = CARTESIAN_POINT ( 'NONE',  ( 5.433915790249880473, 4.801747370749566812, 19.25172605281078475 ) ) ;
#1150 = ORIENTED_EDGE ( 'NONE', *, *, #374, .T. ) ;
#1151 = ORIENTED_EDGE ( 'NONE', *, *, #212, .F. ) ;
#1152 = CARTESIAN_POINT ( 'NONE',  ( 3.500000000000000888, 43.50000000000000000, 18.49999999999998934 ) ) ;
#1153 = ORIENTED_EDGE ( 'NONE', *, *, #93, .F. ) ;
#1154 = CYLINDRICAL_SURFACE ( 'NONE', #241, 1.500000000000001332 ) ;
#1155 = DIRECTION ( 'NONE',  ( 0.000000000000000000, 0.000000000000000000, 1.000000000000000000 ) ) ;
#1156 = CARTESIAN_POINT ( 'NONE',  ( -6.499999999999999112, 0.000000000000000000, 18.49999999999999645 ) ) ;
#1157 = DIRECTION ( 'NONE',  ( -0.000000000000000000, 1.000000000000000000, 0.000000000000000000 ) ) ;
#1158 = CARTESIAN_POINT ( 'NONE',  ( 5.484008328443104929, 4.952024985329290807, 18.88892379092509088 ) ) ;
#1159 = VERTEX_POINT ( 'NONE', #1341 ) ;
#1160 = FACE_BOUND ( 'NONE', #1503, .T. ) ;
#1161 = ORIENTED_EDGE ( 'NONE', *, *, #1830, .T. ) ;
#1162 = CARTESIAN_POINT ( 'NONE',  ( -2.000000000000003553, 45.00000000000000000, -20.00000000000000355 ) ) ;
#1163 = CARTESIAN_POINT ( 'NONE',  ( -1.999999999999998224, 45.00000000000000000, 19.99999999999999645 ) ) ;
#1164 = DIRECTION ( 'NONE',  ( 0.000000000000000000, 0.000000000000000000, 1.000000000000000000 ) ) ;
#1165 = CYLINDRICAL_SURFACE ( 'NONE', #1137, 1.900000000000000577 ) ;
#1166 = CARTESIAN_POINT ( 'NONE',  ( 6.192661466158056349, 3.897553822052677752, 19.41498464624802978 ) ) ;
#1167 = VERTEX_POINT ( 'NONE', #854 ) ;
#1168 = CARTESIAN_POINT ( 'NONE',  ( 6.500000000000005329, 14.17468245269451188, 6.249999999999999112 ) ) ;
#1169 = AXIS2_PLACEMENT_3D ( 'NONE', #434, #1883, #1701 ) ;
#1170 = ORIENTED_EDGE ( 'NONE', *, *, #424, .T. ) ;
#1171 =( GEOMETRIC_REPRESENTATION_CONTEXT ( 3 ) GLOBAL_UNCERTAINTY_ASSIGNED_CONTEXT ( ( #491 ) ) GLOBAL_UNIT_ASSIGNED_CONTEXT ( ( #1966, #1798, #1000 ) ) REPRESENTATION_CONTEXT ( 'NONE', 'WORKASPACE' ) );
#1172 = DIRECTION ( 'NONE',  ( -1.000000000000000000, 0.000000000000000000, 1.301042606982605321E-16 ) ) ;
#1173 = DIRECTION ( 'NONE',  ( 0.000000000000000000, 0.000000000000000000, -1.000000000000000000 ) ) ;
#1174 = AXIS2_PLACEMENT_3D ( 'NONE', #365, #1021, #226 ) ;
#1175 = CYLINDRICAL_SURFACE ( 'NONE', #843, 1.500000000000001332 ) ;
#1176 = TOROIDAL_SURFACE ( 'NONE', #641, 2.500000000000000000, 1.500000000000000000 ) ;
#1177 = CYLINDRICAL_SURFACE ( 'NONE', #807, 2.749999999999998224 ) ;
#1178 = CARTESIAN_POINT ( 'NONE',  ( 6.336082918170694356, 4.836082918170686362, 19.24792886681052551 ) ) ;
#1179 = EDGE_LOOP ( 'NONE', ( #660, #2066, #691 ) ) ;
#1180 = FACE_BOUND ( 'NONE', #341, .T. ) ;
#1181 = ORIENTED_EDGE ( 'NONE', *, *, #562, .T. ) ;
#1182 = DIRECTION ( 'NONE',  ( -0.000000000000000000, 1.000000000000000000, 0.000000000000000000 ) ) ;
#1183 = FACE_OUTER_BOUND ( 'NONE', #927, .T. ) ;
#1184 = DIRECTION ( 'NONE',  ( 1.084202172485504681E-16, -8.673617379884034239E-17, 1.000000000000000000 ) ) ;
#1185 = ORIENTED_EDGE ( 'NONE', *, *, #789, .F. ) ;
#1186 = CARTESIAN_POINT ( 'NONE',  ( -1.999999999999998224, 5.999999999999994671, 19.99999999999999645 ) ) ;
#1187 = ORIENTED_EDGE ( 'NONE', *, *, #131, .F. ) ;
#1188 = FACE_OUTER_BOUND ( 'NONE', #2058, .T. ) ;
#1189 = EDGE_CURVE ( 'NONE', #1224, #50, #271, .T. ) ;
#1190 = CARTESIAN_POINT ( 'NONE',  ( 2.326828918379970872E-16, 0.000000000000000000, 11.90000000000000036 ) ) ;
#1191 = EDGE_CURVE ( 'NONE', #96, #135, #62, .T. ) ;
#1192 = DIRECTION ( 'NONE',  ( -1.239088197126238801E-16, 0.000000000000000000, -1.000000000000000000 ) ) ;
#1193 = ORIENTED_EDGE ( 'NONE', *, *, #538, .T. ) ;
#1194 = DIRECTION ( 'NONE',  ( -1.000000000000000000, 0.000000000000000000, 1.301042606982605074E-16 ) ) ;
#1195 = AXIS2_PLACEMENT_3D ( 'NONE', #751, #109, #728 ) ;
#1196 = ORIENTED_EDGE ( 'NONE', *, *, #1527, .T. ) ;
#1197 = EDGE_CURVE ( 'NONE', #918, #1871, #696, .T. ) ;
#1198 = LINE ( 'NONE', #755, #1781 ) ;
#1199 = CIRCLE ( 'NONE', #1670, 1.500000000000001332 ) ;
#1200 = CARTESIAN_POINT ( 'NONE',  ( 1.999999999999998224, 24.99999999999999645, -3.729655473350134464E-15 ) ) ;
#1201 = CARTESIAN_POINT ( 'NONE',  ( 6.192661466158051020, 3.897553822052663541, -19.41498464624803688 ) ) ;
#1202 = EDGE_CURVE ( 'NONE', #1726, #1416, #1038, .T. ) ;
#1203 =( GEOMETRIC_REPRESENTATION_CONTEXT ( 3 ) GLOBAL_UNCERTAINTY_ASSIGNED_CONTEXT ( ( #1762 ) ) GLOBAL_UNIT_ASSIGNED_CONTEXT ( ( #1049, #1055, #1357 ) ) REPRESENTATION_CONTEXT ( 'NONE', 'WORKASPACE' ) );
#1204 = CARTESIAN_POINT ( 'NONE',  ( 6.499999999999996447, 3.999999999999998224, -18.50000000000000355 ) ) ;
#1205 = ORIENTED_EDGE ( 'NONE', *, *, #1589, .F. ) ;
#1206 = DIRECTION ( 'NONE',  ( 1.000000000000000000, -0.000000000000000000, 0.000000000000000000 ) ) ;
#1207 = CARTESIAN_POINT ( 'NONE',  ( -4.999999999999998224, 3.499999999999995115, 19.99999999999999645 ) ) ;
#1208 = ORIENTED_EDGE ( 'NONE', *, *, #397, .F. ) ;
#1209 = PLANE ( 'NONE',  #176 ) ;
#1210 = CARTESIAN_POINT ( 'NONE',  ( 3.499999999999997780, 14.17468245269451543, -6.250000000000006217 ) ) ;
#1211 = CARTESIAN_POINT ( 'NONE',  ( 4.499999999999995559, 4.999999999999998224, -20.00000000000000355 ) ) ;
#1212 = VERTEX_POINT ( 'NONE', #720 ) ;
#1213 = DIRECTION ( 'NONE',  ( 1.000000000000000000, 0.000000000000000000, 0.000000000000000000 ) ) ;
#1214 = CARTESIAN_POINT ( 'NONE',  ( -5.000000000000003553, 45.00000000000000000, -18.50000000000000355 ) ) ;
#1215 = EDGE_CURVE ( 'NONE', #1449, #96, #1780, .T. ) ;
#1216 = CARTESIAN_POINT ( 'NONE',  ( 4.999999999999996447, 3.499999999999996003, -20.00000000000000355 ) ) ;
#1217 = ORIENTED_EDGE ( 'NONE', *, *, #1320, .F. ) ;
#1218 = DIRECTION ( 'NONE',  ( -0.000000000000000000, -0.000000000000000000, -1.000000000000000000 ) ) ;
#1219 = CARTESIAN_POINT ( 'NONE',  ( 3.499999999999994671, 44.37867965644034740, -19.37867965644035806 ) ) ;
#1220 = ORIENTED_EDGE ( 'NONE', *, *, #1667, .T. ) ;
#1221 = CARTESIAN_POINT ( 'NONE',  ( 5.901183129446701869, 4.401183129446736508, -19.75167855023905616 ) ) ;
#1222 = EDGE_CURVE ( 'NONE', #1449, #1224, #1071, .T. ) ;
#1223 = LINE ( 'NONE', #267, #508 ) ;
#1224 = VERTEX_POINT ( 'NONE', #419 ) ;
#1225 = DIRECTION ( 'NONE',  ( -1.000000000000000000, 0.000000000000000000, -0.000000000000000000 ) ) ;
#1226 = CARTESIAN_POINT ( 'NONE',  ( 5.265091678140628062, 3.765091678140695119, 19.98741665692901393 ) ) ;
#1227 = EDGE_CURVE ( 'NONE', #811, #1606, #1508, .T. ) ;
#1228 = CLOSED_SHELL ( 'NONE', ( #736, #262, #151, #16, #1756, #1997, #1103, #1296, #699, #1887, #982, #1467, #622, #1996, #951, #198, #173, #1693, #299, #1947, #1429, #118, #687, #1470, #761, #1709, #1817, #1147, #54, #137, #1753, #1837, #1345, #1747, #429, #829, #236, #408, #584, #1641, #888, #846, #1592, #1759, #1425, #1733, #1776, #700, #778, #716, #1534, #484, #1382, #561, #1812, #233, #1686, #1370, #882, #1580, #1057, #1312, #163 ) ) ;
#1229 = CARTESIAN_POINT ( 'NONE',  ( 2.878679656440352286, 45.00000000000000000, -20.00000000000000355 ) ) ;
#1230 = VERTEX_POINT ( 'NONE', #1520 ) ;
#1231 = AXIS2_PLACEMENT_3D ( 'NONE', #1728, #2029, #11 ) ;
#1232 = VECTOR ( 'NONE', #1876, 1000.000000000000000 ) ;
#1233 = DIRECTION ( 'NONE',  ( 0.000000000000000000, 0.000000000000000000, 1.000000000000000000 ) ) ;
#1234 = VECTOR ( 'NONE', #20, 1000.000000000000000 ) ;
#1235 = ORIENTED_EDGE ( 'NONE', *, *, #899, .F. ) ;
#1236 = DIRECTION ( 'NONE',  ( 1.000000000000000000, 0.000000000000000000, 0.000000000000000000 ) ) ;
#1237 = CIRCLE ( 'NONE', #680, 1.500000000000001332 ) ;
#1238 = CYLINDRICAL_SURFACE ( 'NONE', #1264, 1.499999999999996891 ) ;
#1239 = DIRECTION ( 'NONE',  ( 1.301042606982605074E-16, -8.673617379884034239E-17, 1.000000000000000000 ) ) ;
#1240 =( BOUNDED_CURVE ( )  B_SPLINE_CURVE ( 3, ( #831, #1468, #37, #1152 ),
 .UNSPECIFIED., .F., .F. ) 
 B_SPLINE_CURVE_WITH_KNOTS ( ( 4, 4 ),
 ( 3.141592653589792672, 4.712388980384689674 ),
 .UNSPECIFIED. ) 
 CURVE ( )  GEOMETRIC_REPRESENTATION_ITEM ( )  RATIONAL_B_SPLINE_CURVE ( ( 1.000000000000000000, 0.8047378541243649375, 0.8047378541243649375, 1.000000000000000000 ) ) 
 REPRESENTATION_ITEM ( '' )  );
#1241 = CYLINDRICAL_SURFACE ( 'NONE', #1544, 1.500000000000000000 ) ;
#1242 = DIRECTION ( 'NONE',  ( -0.000000000000000000, 1.000000000000000000, -1.488321999822293233E-16 ) ) ;
#1243 = EDGE_LOOP ( 'NONE', ( #1749, #585, #1560, #189 ) ) ;
#1244 = LINE ( 'NONE', #300, #1908 ) ;
#1245 = DIRECTION ( 'NONE',  ( -1.000000000000000000, 1.128474576789395597E-32, -1.519290839321567800E-64 ) ) ;
#1246 = VERTEX_POINT ( 'NONE', #748 ) ;
#1247 = DIRECTION ( 'NONE',  ( -1.000000000000000000, 0.000000000000000000, 1.084202172485504681E-16 ) ) ;
#1248 = CYLINDRICAL_SURFACE ( 'NONE', #902, 1.500000000000000000 ) ;
#1249 = VERTEX_POINT ( 'NONE', #1676 ) ;
#1250 = DIRECTION ( 'NONE',  ( -1.301042606982605567E-16, -0.000000000000000000, -1.000000000000000000 ) ) ;
#1251 = CARTESIAN_POINT ( 'NONE',  ( -2.878679656440354950, 45.00000000000000000, 19.99999999999999645 ) ) ;
#1252 = EDGE_LOOP ( 'NONE', ( #395, #149, #1884, #1333 ) ) ;
#1253 = CARTESIAN_POINT ( 'NONE',  ( 3.499999999999997780, 35.82531754730548101, -6.250000000000004441 ) ) ;
#1254 = EDGE_CURVE ( 'NONE', #268, #732, #874, .T. ) ;
#1255 = EDGE_CURVE ( 'NONE', #1356, #878, #607, .T. ) ;
#1256 = CARTESIAN_POINT ( 'NONE',  ( -4.499999999999998224, 5.999999999999994671, 18.50000000000000000 ) ) ;
#1257 = ORIENTED_EDGE ( 'NONE', *, *, #1068, .T. ) ;
#1258 = CYLINDRICAL_SURFACE ( 'NONE', #377, 1.500000000000001332 ) ;
#1259 = DIRECTION ( 'NONE',  ( 1.301042606982605567E-16, -0.000000000000000000, 1.000000000000000000 ) ) ;
#1260 = ORIENTED_EDGE ( 'NONE', *, *, #201, .F. ) ;
#1261 = DIRECTION ( 'NONE',  ( 0.000000000000000000, 0.000000000000000000, -1.000000000000000000 ) ) ;
#1262 = CARTESIAN_POINT ( 'NONE',  ( 5.500000000000001776, 4.999999999999994671, 18.49999999999999645 ) ) ;
#1263 = EDGE_LOOP ( 'NONE', ( #1317, #257, #38, #1721 ) ) ;
#1264 = AXIS2_PLACEMENT_3D ( 'NONE', #1077, #60, #1011 ) ;
#1265 = CARTESIAN_POINT ( 'NONE',  ( 3.499999999999997335, 24.99999999999999645, -11.00000000000000533 ) ) ;
#1266 = AXIS2_PLACEMENT_3D ( 'NONE', #430, #583, #247 ) ;
#1267 = CARTESIAN_POINT ( 'NONE',  ( -5.000000000000003553, 3.499999999999996003, -20.00000000000000355 ) ) ;
#1268 = ORIENTED_EDGE ( 'NONE', *, *, #1215, .T. ) ;
#1269 = CIRCLE ( 'NONE', #1844, 2.749999999999998224 ) ;
#1270 = APPLICATION_PROTOCOL_DEFINITION ( 'draft international standard', 'automotive_design', 1998, #1826 ) ;
#1271 = CIRCLE ( 'NONE', #1846, 6.999999999999997335 ) ;
#1272 = CARTESIAN_POINT ( 'NONE',  ( 6.500000000000002665, 24.99999999999999645, -14.00000000000000711 ) ) ;
#1273 = ORIENTED_EDGE ( 'NONE', *, *, #1485, .T. ) ;
#1274 = AXIS2_PLACEMENT_3D ( 'NONE', #487, #944, #1588 ) ;
#1275 = CARTESIAN_POINT ( 'NONE',  ( 6.500000000000005329, 25.00000000000000000, 10.99999999999999467 ) ) ;
#1276 = CARTESIAN_POINT ( 'NONE',  ( -5.376693395611733095, 4.630080186835217049, -19.49124015672442312 ) ) ;
#1277 = CARTESIAN_POINT ( 'NONE',  ( 3.499999999999996447, 43.50000000000000000, -18.50000000000000355 ) ) ;
#1278 = DIRECTION ( 'NONE',  ( 1.000000000000000000, 0.000000000000000000, 0.000000000000000000 ) ) ;
#1279 = ORIENTED_EDGE ( 'NONE', *, *, #1374, .F. ) ;
#1280 = CARTESIAN_POINT ( 'NONE',  ( -5.474463045012526230, 4.923389135037605335, 18.98332354028681479 ) ) ;
#1281 = ORIENTED_EDGE ( 'NONE', *, *, #777, .T. ) ;
#1282 = CYLINDRICAL_SURFACE ( 'NONE', #1816, 1.500000000000001332 ) ;
#1283 = EDGE_CURVE ( 'NONE', #1663, #308, #1995, .T. ) ;
#1284 = EDGE_LOOP ( 'NONE', ( #1679, #565, #1153, #1491 ) ) ;
#1285 = CYLINDRICAL_SURFACE ( 'NONE', #1707, 1.500000000000001332 ) ;
#1286 = LINE ( 'NONE', #1625, #1773 ) ;
#1287 = DIRECTION ( 'NONE',  ( 0.000000000000000000, -1.000000000000000000, 0.000000000000000000 ) ) ;
#1288 = DIRECTION ( 'NONE',  ( 0.000000000000000000, 1.000000000000000000, -1.322952888730927319E-16 ) ) ;
#1289 = ORIENTED_EDGE ( 'NONE', *, *, #855, .F. ) ;
#1290 = EDGE_CURVE ( 'NONE', #909, #286, #711, .T. ) ;
#1291 = CARTESIAN_POINT ( 'NONE',  ( 3.499999999999999556, 14.17468245269451188, 6.249999999999999112 ) ) ;
#1292 = ORIENTED_EDGE ( 'NONE', *, *, #793, .F. ) ;
#1293 = CARTESIAN_POINT ( 'NONE',  ( -3.500000000000000000, 35.82531754730548101, 6.249999999999992895 ) ) ;
#1294 = ORIENTED_EDGE ( 'NONE', *, *, #1801, .T. ) ;
#1295 = EDGE_CURVE ( 'NONE', #2047, #1526, #880, .T. ) ;
#1296 = ADVANCED_FACE ( 'NONE', ( #1988 ), #1541, .F. ) ;
#1297 = CARTESIAN_POINT ( 'NONE',  ( 3.499999999999999556, 14.17468245269451188, 4.749999999999998224 ) ) ;
#1298 = DIRECTION ( 'NONE',  ( -1.000000000000000000, 0.000000000000000000, 1.084202172485504681E-16 ) ) ;
#1299 = CIRCLE ( 'NONE', #839, 1.900000000000000577 ) ;
#1300 = DIRECTION ( 'NONE',  ( 0.000000000000000000, 0.000000000000000000, 1.000000000000000000 ) ) ;
#1301 = CARTESIAN_POINT ( 'NONE',  ( 5.376693395611719772, 4.630080186835232148, 19.49124015672439825 ) ) ;
#1302 = VERTEX_POINT ( 'NONE', #1190 ) ;
#1303 = AXIS2_PLACEMENT_3D ( 'NONE', #1083, #1124, #290 ) ;
#1304 = AXIS2_PLACEMENT_3D ( 'NONE', #1428, #1452, #1278 ) ;
#1305 = EDGE_LOOP ( 'NONE', ( #1457, #1984, #1802, #222 ) ) ;
#1306 = DIRECTION ( 'NONE',  ( 0.000000000000000000, -1.000000000000000000, 0.000000000000000000 ) ) ;
#1307 = VECTOR ( 'NONE', #1242, 1000.000000000000000 ) ;
#1308 = ORIENTED_EDGE ( 'NONE', *, *, #361, .F. ) ;
#1309 = DIRECTION ( 'NONE',  ( 0.000000000000000000, 1.000000000000000000, 0.000000000000000000 ) ) ;
#1310 = DIRECTION ( 'NONE',  ( -0.000000000000000000, -1.000000000000000000, -0.000000000000000000 ) ) ;
#1311 = LINE ( 'NONE', #70, #1940 ) ;
#1312 = ADVANCED_FACE ( 'NONE', ( #563 ), #1986, .T. ) ;
#1313 = PLANE ( 'NONE',  #571 ) ;
#1314 = CARTESIAN_POINT ( 'NONE',  ( 6.500000000000002665, 3.999999999999994671, 18.49999999999999645 ) ) ;
#1315 = VERTEX_POINT ( 'NONE', #1568 ) ;
#1316 = CARTESIAN_POINT ( 'NONE',  ( -3.500000000000003553, 43.50000000000000000, -18.50000000000000355 ) ) ;
#1317 = ORIENTED_EDGE ( 'NONE', *, *, #647, .T. ) ;
#1318 = LINE ( 'NONE', #1957, #740 ) ;
#1319 = ORIENTED_EDGE ( 'NONE', *, *, #2052, .F. ) ;
#1320 = EDGE_CURVE ( 'NONE', #838, #1096, #1886, .T. ) ;
#1321 = CARTESIAN_POINT ( 'NONE',  ( 3.499999999999999556, 35.82531754730548101, 6.249999999999991118 ) ) ;
#1322 = FACE_OUTER_BOUND ( 'NONE', #2022, .T. ) ;
#1323 = CYLINDRICAL_SURFACE ( 'NONE', #603, 1.500000000000001332 ) ;
#1324 = EDGE_CURVE ( 'NONE', #729, #1688, #127, .T. ) ;
#1325 = ORIENTED_EDGE ( 'NONE', *, *, #1659, .T. ) ;
#1326 = CARTESIAN_POINT ( 'NONE',  ( 0.000000000000000000, 10.00000000000000000, 8.099999999999999645 ) ) ;
#1327 = DIRECTION ( 'NONE',  ( 0.000000000000000000, -0.000000000000000000, 1.000000000000000000 ) ) ;
#1328 = FACE_OUTER_BOUND ( 'NONE', #1179, .T. ) ;
#1329 = EDGE_CURVE ( 'NONE', #1249, #961, #139, .T. ) ;
#1330 = DIRECTION ( 'NONE',  ( -1.000000000000000000, 0.000000000000000000, 1.301042606982605074E-16 ) ) ;
#1331 = LINE ( 'NONE', #518, #472 ) ;
#1332 = LINE ( 'NONE', #1969, #98 ) ;
#1333 = ORIENTED_EDGE ( 'NONE', *, *, #1620, .F. ) ;
#1334 = VECTOR ( 'NONE', #1687, 1000.000000000000000 ) ;
#1335 = FACE_OUTER_BOUND ( 'NONE', #2055, .T. ) ;
#1336 = VECTOR ( 'NONE', #969, 1000.000000000000000 ) ;
#1337 = EDGE_CURVE ( 'NONE', #497, #1888, #1919, .T. ) ;
#1338 = ORIENTED_EDGE ( 'NONE', *, *, #912, .T. ) ;
#1339 = VECTOR ( 'NONE', #1013, 1000.000000000000000 ) ;
#1340 = PLANE ( 'NONE',  #10 ) ;
#1341 = CARTESIAN_POINT ( 'NONE',  ( 6.500000000000001776, 3.999999999999994671, 18.49999999999999645 ) ) ;
#1342 = AXIS2_PLACEMENT_3D ( 'NONE', #1139, #540, #1784 ) ;
#1343 = CARTESIAN_POINT ( 'NONE',  ( 6.490330855880391603, 3.996776951960124169, -18.69634717512330013 ) ) ;
#1344 = CARTESIAN_POINT ( 'NONE',  ( -2.000000000000003553, 45.00000000000000000, -18.50000000000000355 ) ) ;
#1345 = ADVANCED_FACE ( 'NONE', ( #955 ), #964, .F. ) ;
#1346 = CARTESIAN_POINT ( 'NONE',  ( -5.500000000000003553, 4.999999999999995559, -19.37867965644035806 ) ) ;
#1347 = ORIENTED_EDGE ( 'NONE', *, *, #861, .T. ) ;
#1348 = EDGE_CURVE ( 'NONE', #575, #1230, #465, .T. ) ;
#1349 = CARTESIAN_POINT ( 'NONE',  ( 0.9999999999999986677, 45.00000000000000000, 1.249999999999994005 ) ) ;
#1350 =( BOUNDED_SURFACE ( )  B_SPLINE_SURFACE ( 3, 2, ( 
 ( #357, #63, #1807 ),
 ( #175, #24, #1453 ),
 ( #1685, #255, #1696 ),
 ( #2009, #1831, #1838 ),
 ( #1354, #1372, #1521 ),
 ( #881, #1221, #593 ),
 ( #727, #891, #1201 ),
 ( #406, #1849, #582 ),
 ( #428, #1543, #1042 ),
 ( #1666, #1857, #709 ),
 ( #1062, #1677, #1989 ),
 ( #107, #750, #1343 ),
 ( #1978, #556, #399 ),
 ( #1513, #868, #717 ) ),
 .UNSPECIFIED., .F., .F., .F. ) 
 B_SPLINE_SURFACE_WITH_KNOTS ( ( 4, 2, 2, 2, 2, 2, 4 ),
 ( 3, 3 ),
 ( 1.570796326794896558, 1.963495408493620697, 2.356194490192344837, 2.552544031041707129, 2.748893571891068976, 2.945243112740430824, 3.141592653589793116 ),
 ( 0.000000000000000000, 1.000000000000000000 ),
 .UNSPECIFIED. ) 
 GEOMETRIC_REPRESENTATION_ITEM ( )  RATIONAL_B_SPLINE_SURFACE ( (
 ( 1.000000000000000000, 1.000000000000000000, 1.000000000000000000),
 ( 1.000000000000000000, 1.000158598892032291, 1.000000000000000000),
 ( 1.000000000000000000, 0.9867291651255366558, 1.000000000000000000),
 ( 1.000000000000000000, 0.9386556746367761273, 1.000000000000000000),
 ( 1.000000000000000000, 0.9038128289597355813, 1.000000000000000000),
 ( 1.000000000000000000, 0.8471316911967885499, 1.000000000000000000),
 ( 1.000000000000000000, 0.8275942267605721492, 1.000000000000000000),
 ( 1.000000000000000000, 0.7902180514827688018, 1.000000000000000000),
 ( 1.000000000000000000, 0.7723967724090419207, 1.000000000000000000),
 ( 1.000000000000000000, 0.7418334672881623515, 1.000000000000000000),
 ( 1.000000000000000000, 0.7291288573898065950, 1.000000000000000000),
 ( 1.000000000000000000, 0.7117460391535100905, 1.000000000000000000),
 ( 1.000000000000000000, 0.7070717008705418305, 1.000000000000000000),
 ( 1.000000000000000000, 0.7071067811865475727, 1.000000000000000000) ) ) 
 REPRESENTATION_ITEM ( '' )  SURFACE ( )  );
#1351 = ORIENTED_EDGE ( 'NONE', *, *, #2052, .T. ) ;
#1352 = DIRECTION ( 'NONE',  ( 0.000000000000000000, -1.000000000000000000, 0.000000000000000000 ) ) ;
#1353 = DIRECTION ( 'NONE',  ( -1.000000000000000000, 0.000000000000000000, 1.084202172485504681E-16 ) ) ;
#1354 = CARTESIAN_POINT ( 'NONE',  ( 5.307273380556385867, 4.421820141668988846, -19.69950020189065043 ) ) ;
#1355 = DIRECTION ( 'NONE',  ( 0.000000000000000000, 0.000000000000000000, 1.000000000000000000 ) ) ;
#1356 = VERTEX_POINT ( 'NONE', #932 ) ;
#1357 =( NAMED_UNIT ( * ) SI_UNIT ( $, .STERADIAN. ) SOLID_ANGLE_UNIT ( ) );
#1358 = VERTEX_POINT ( 'NONE', #1583 ) ;
#1359 = DIRECTION ( 'NONE',  ( -1.000000000000000000, 0.000000000000000000, 1.301042606982605074E-16 ) ) ;
#1360 = EDGE_CURVE ( 'NONE', #703, #2047, #1130, .T. ) ;
#1361 = CARTESIAN_POINT ( 'NONE',  ( -5.397553822052670647, 4.692661466158049244, -19.41498464624803688 ) ) ;
#1362 = DIRECTION ( 'NONE',  ( 0.000000000000000000, -8.673617379884034239E-17, 1.000000000000000000 ) ) ;
#1363 = EDGE_LOOP ( 'NONE', ( #106, #820, #179, #796 ) ) ;
#1364 = DIRECTION ( 'NONE',  ( 0.000000000000000000, 0.000000000000000000, 1.000000000000000000 ) ) ;
#1365 = LINE ( 'NONE', #1869, #1070 ) ;
#1366 = ORIENTED_EDGE ( 'NONE', *, *, #1872, .T. ) ;
#1367 = CARTESIAN_POINT ( 'NONE',  ( 6.500000000000001776, 0.000000000000000000, 18.49999999999999645 ) ) ;
#1368 = AXIS2_PLACEMENT_3D ( 'NONE', #1375, #1678, #2010 ) ;
#1369 = DIRECTION ( 'NONE',  ( 1.000000000000000000, -0.000000000000000000, -1.301042606982605321E-16 ) ) ;
#1370 = ADVANCED_FACE ( 'NONE', ( #780 ), #152, .T. ) ;
#1371 = AXIS2_PLACEMENT_3D ( 'NONE', #1460, #979, #1786 ) ;
#1372 = CARTESIAN_POINT ( 'NONE',  ( 5.682068154080544886, 4.182068154080475608, -19.88012564345323696 ) ) ;
#1373 = AXIS2_PLACEMENT_3D ( 'NONE', #702, #566, #230 ) ;
#1374 = EDGE_CURVE ( 'NONE', #749, #1093, #1142, .T. ) ;
#1375 = CARTESIAN_POINT ( 'NONE',  ( 0.9999999999999986677, 45.00000000000000000, 1.249999999999994005 ) ) ;
#1376 = ORIENTED_EDGE ( 'NONE', *, *, #986, .F. ) ;
#1377 = FACE_BOUND ( 'NONE', #1552, .T. ) ;
#1378 = DIRECTION ( 'NONE',  ( -1.000000000000000000, -0.000000000000000000, 1.301042606982605074E-16 ) ) ;
#1379 = FACE_OUTER_BOUND ( 'NONE', #460, .T. ) ;
#1380 = ORIENTED_EDGE ( 'NONE', *, *, #1909, .F. ) ;
#1381 = CARTESIAN_POINT ( 'NONE',  ( 3.499999999999997335, 24.99999999999999645, -12.50000000000000533 ) ) ;
#1382 = ADVANCED_FACE ( 'NONE', ( #1450 ), #1285, .T. ) ;
#1383 = CARTESIAN_POINT ( 'NONE',  ( 0.000000000000000000, 10.00000000000000000, 10.00000000000000000 ) ) ;
#1384 = VERTEX_POINT ( 'NONE', #1434 ) ;
#1385 = CARTESIAN_POINT ( 'NONE',  ( -3.500000000000000888, 31.88748865697795054, -1.250000000000003775 ) ) ;
#1386 = EDGE_CURVE ( 'NONE', #1358, #66, #1043, .T. ) ;
#1387 = EDGE_CURVE ( 'NONE', #1655, #1489, #477, .T. ) ;
#1388 = ORIENTED_EDGE ( 'NONE', *, *, #1618, .F. ) ;
#1389 = CARTESIAN_POINT ( 'NONE',  ( -3.500000000000000000, 14.17468245269451188, 7.750000000000002665 ) ) ;
#1390 = CARTESIAN_POINT ( 'NONE',  ( 5.392621891784120436, 3.630873963928043402, 19.96095898797702262 ) ) ;
#1391 = DIRECTION ( 'NONE',  ( -1.000000000000000000, -0.000000000000000000, 1.301042606982605074E-16 ) ) ;
#1392 = DIRECTION ( 'NONE',  ( -0.000000000000000000, -1.000000000000000000, -0.000000000000000000 ) ) ;
#1393 = ORIENTED_EDGE ( 'NONE', *, *, #1255, .F. ) ;
#1394 = DIRECTION ( 'NONE',  ( 1.301042606982605567E-16, -0.000000000000000000, 1.000000000000000000 ) ) ;
#1395 = ORIENTED_EDGE ( 'NONE', *, *, #793, .T. ) ;
#1396 = CARTESIAN_POINT ( 'NONE',  ( -3.500000000000003553, 45.00000000000000000, -20.00000000000000355 ) ) ;
#1397 = DIRECTION ( 'NONE',  ( -1.000000000000000000, 0.000000000000000000, 1.301042606982605321E-16 ) ) ;
#1398 = ORIENTED_EDGE ( 'NONE', *, *, #921, .F. ) ;
#1399 = FACE_OUTER_BOUND ( 'NONE', #29, .T. ) ;
#1400 = EDGE_CURVE ( 'NONE', #1384, #1159, #353, .T. ) ;
#1401 = CIRCLE ( 'NONE', #1195, 6.999999999999997335 ) ;
#1402 = AXIS2_PLACEMENT_3D ( 'NONE', #2045, #626, #617 ) ;
#1403 = CARTESIAN_POINT ( 'NONE',  ( -5.196384893134326610, 3.565461631044750668, -20.00000000000000355 ) ) ;
#1404 = ORIENTED_EDGE ( 'NONE', *, *, #1348, .F. ) ;
#1405 = AXIS2_PLACEMENT_3D ( 'NONE', #1922, #220, #1288 ) ;
#1406 = VECTOR ( 'NONE', #896, 1000.000000000000000 ) ;
#1407 = CARTESIAN_POINT ( 'NONE',  ( 6.500000000000004441, 24.99999999999999645, -2.750000000000002665 ) ) ;
#1408 = VECTOR ( 'NONE', #216, 1000.000000000000000 ) ;
#1409 = ORIENTED_EDGE ( 'NONE', *, *, #253, .F. ) ;
#1410 = CARTESIAN_POINT ( 'NONE',  ( -6.348249462496247553, 3.949416487498753181, 19.16472675680844517 ) ) ;
#1411 = CARTESIAN_POINT ( 'NONE',  ( -4.500000000000003553, 5.999999999999998224, -20.00000000000000355 ) ) ;
#1412 = ORIENTED_EDGE ( 'NONE', *, *, #817, .F. ) ;
#1413 = EDGE_CURVE ( 'NONE', #1854, #838, #554, .T. ) ;
#1414 = DIRECTION ( 'NONE',  ( 1.000000000000000000, 0.000000000000000000, 0.000000000000000000 ) ) ;
#1415 = DIRECTION ( 'NONE',  ( 0.000000000000000000, 0.000000000000000000, 1.000000000000000000 ) ) ;
#1416 = VERTEX_POINT ( 'NONE', #59 ) ;
#1417 = DIRECTION ( 'NONE',  ( 0.000000000000000000, 0.000000000000000000, 1.000000000000000000 ) ) ;
#1418 = CARTESIAN_POINT ( 'NONE',  ( 6.500000000000004441, 14.17468245269451543, -4.750000000000007994 ) ) ;
#1419 = ORIENTED_EDGE ( 'NONE', *, *, #1046, .F. ) ;
#1420 = CARTESIAN_POINT ( 'NONE',  ( -6.477205669890438777, 4.977205669890435225, 18.82492459606816482 ) ) ;
#1421 = CARTESIAN_POINT ( 'NONE',  ( -3.500000000000003553, 3.499999999999996003, -18.50000000000000355 ) ) ;
#1422 = EDGE_LOOP ( 'NONE', ( #649, #1923 ) ) ;
#1423 = CARTESIAN_POINT ( 'NONE',  ( -4.499999999999998224, 5.999999999999994671, 18.50000000000000000 ) ) ;
#1424 = CARTESIAN_POINT ( 'NONE',  ( -3.499999999999999112, 25.00000000000000000, 12.49999999999999645 ) ) ;
#1425 = ADVANCED_FACE ( 'NONE', ( #192 ), #1154, .T. ) ;
#1426 = ORIENTED_EDGE ( 'NONE', *, *, #119, .F. ) ;
#1427 =( BOUNDED_CURVE ( )  B_SPLINE_CURVE ( 3, ( #7, #1787, #642, #183 ),
 .UNSPECIFIED., .F., .T. ) 
 B_SPLINE_CURVE_WITH_KNOTS ( ( 4, 4 ),
 ( 1.570796326794896780, 3.141592653589793116 ),
 .UNSPECIFIED. ) 
 CURVE ( )  GEOMETRIC_REPRESENTATION_ITEM ( )  RATIONAL_B_SPLINE_CURVE ( ( 1.000000000000000000, 0.8047378541243650485, 0.8047378541243650485, 1.000000000000000000 ) ) 
 REPRESENTATION_ITEM ( '' )  );
#1428 = CARTESIAN_POINT ( 'NONE',  ( 4.499999999999996447, 5.999999999999998224, -18.50000000000000355 ) ) ;
#1429 = ADVANCED_FACE ( 'NONE', ( #69 ), #40, .T. ) ;
#1430 = CARTESIAN_POINT ( 'NONE',  ( 5.500000000000001776, 4.999999999999994671, 18.49999999999999645 ) ) ;
#1431 = ORIENTED_EDGE ( 'NONE', *, *, #1850, .T. ) ;
#1432 = ORIENTED_EDGE ( 'NONE', *, *, #789, .T. ) ;
#1433 = DIRECTION ( 'NONE',  ( 1.000000000000000000, 0.000000000000000000, -1.084202172485504804E-16 ) ) ;
#1434 = CARTESIAN_POINT ( 'NONE',  ( 5.000000000000001776, 3.499999999999994671, 19.99999999999999645 ) ) ;
#1435 = DIRECTION ( 'NONE',  ( -1.000000000000000000, 1.128474576789395597E-32, -1.519290839321567800E-64 ) ) ;
#1436 = AXIS2_PLACEMENT_3D ( 'NONE', #876, #883, #1362 ) ;
#1437 = EDGE_CURVE ( 'NONE', #781, #1619, #534, .T. ) ;
#1438 = FACE_OUTER_BOUND ( 'NONE', #1482, .T. ) ;
#1439 = CIRCLE ( 'NONE', #1477, 1.500000000000001332 ) ;
#1440 = LINE ( 'NONE', #1102, #771 ) ;
#1441 = ORIENTED_EDGE ( 'NONE', *, *, #319, .T. ) ;
#1442 = AXIS2_PLACEMENT_3D ( 'NONE', #1890, #458, #1977 ) ;
#1443 = VECTOR ( 'NONE', #322, 1000.000000000000000 ) ;
#1444 = LINE ( 'NONE', #15, #1806 ) ;
#1445 = EDGE_LOOP ( 'NONE', ( #1682, #1351, #741, #866, #371 ) ) ;
#1446 = CIRCLE ( 'NONE', #1879, 1.500000000000002220 ) ;
#1447 = DIRECTION ( 'NONE',  ( 0.000000000000000000, 0.000000000000000000, 1.000000000000000000 ) ) ;
#1448 = VECTOR ( 'NONE', #1065, 1000.000000000000000 ) ;
#1449 = VERTEX_POINT ( 'NONE', #1804 ) ;
#1450 = FACE_OUTER_BOUND ( 'NONE', #923, .T. ) ;
#1451 = FACE_OUTER_BOUND ( 'NONE', #295, .T. ) ;
#1452 = DIRECTION ( 'NONE',  ( -0.000000000000000000, -0.000000000000000000, -1.000000000000000000 ) ) ;
#1453 = CARTESIAN_POINT ( 'NONE',  ( 5.196384893134365690, 3.565461631044784863, -20.00000000000000355 ) ) ;
#1454 = ORIENTED_EDGE ( 'NONE', *, *, #1704, .F. ) ;
#1455 = DIRECTION ( 'NONE',  ( -1.000000000000000000, 0.000000000000000000, 1.301042606982605074E-16 ) ) ;
#1456 = EDGE_CURVE ( 'NONE', #1954, #480, #905, .T. ) ;
#1457 = ORIENTED_EDGE ( 'NONE', *, *, #2034, .F. ) ;
#1458 = DIRECTION ( 'NONE',  ( -1.000000000000000000, -0.000000000000000000, 1.301042606982605074E-16 ) ) ;
#1459 = ORIENTED_EDGE ( 'NONE', *, *, #572, .T. ) ;
#1460 = CARTESIAN_POINT ( 'NONE',  ( 5.000000000000001776, 0.000000000000000000, 18.49999999999999645 ) ) ;
#1461 = DIRECTION ( 'NONE',  ( 1.000000000000000000, 0.000000000000000000, 0.000000000000000000 ) ) ;
#1462 = SURFACE_STYLE_USAGE ( .BOTH. , #676 ) ;
#1463 = DIRECTION ( 'NONE',  ( 0.000000000000000000, 0.000000000000000000, -1.000000000000000000 ) ) ;
#1464 = CARTESIAN_POINT ( 'NONE',  ( 6.477205669890470752, 4.977205669890449435, 18.82492459606816482 ) ) ;
#1465 = ORIENTED_EDGE ( 'NONE', *, *, #1889, .T. ) ;
#1466 = EDGE_LOOP ( 'NONE', ( #1426, #722 ) ) ;
#1467 = ADVANCED_FACE ( 'NONE', ( #512 ), #1340, .T. ) ;
#1468 = CARTESIAN_POINT ( 'NONE',  ( 2.878679656440357615, 45.00000000000000000, 19.99999999999998579 ) ) ;
#1469 = ORIENTED_EDGE ( 'NONE', *, *, #359, .F. ) ;
#1470 = ADVANCED_FACE ( 'NONE', ( #1964 ), #823, .F. ) ;
#1471 = DIRECTION ( 'NONE',  ( 0.000000000000000000, 0.000000000000000000, 1.000000000000000000 ) ) ;
#1472 = FACE_OUTER_BOUND ( 'NONE', #752, .T. ) ;
#1473 = CARTESIAN_POINT ( 'NONE',  ( -3.500000000000003553, 3.499999999999996003, -18.50000000000000355 ) ) ;
#1474 = CIRCLE ( 'NONE', #634, 1.900000000000000577 ) ;
#1475 = DIRECTION ( 'NONE',  ( -1.000000000000000000, -0.000000000000000000, 1.301042606982605074E-16 ) ) ;
#1476 = CARTESIAN_POINT ( 'NONE',  ( 5.449416487498760731, 4.848249462496244000, 19.16472675680844517 ) ) ;
#1477 = AXIS2_PLACEMENT_3D ( 'NONE', #1616, #391, #44 ) ;
#1478 = VECTOR ( 'NONE', #1114, 1000.000000000000000 ) ;
#1479 = VERTEX_POINT ( 'NONE', #1297 ) ;
#1480 = CYLINDRICAL_SURFACE ( 'NONE', #1783, 2.749999999999998224 ) ;
#1481 = AXIS2_PLACEMENT_3D ( 'NONE', #1210, #254, #1549 ) ;
#1482 = EDGE_LOOP ( 'NONE', ( #1834, #401, #1672, #412, #1079, #1657, #1125, #1782, #337, #970 ) ) ;
#1483 = DIRECTION ( 'NONE',  ( 1.000000000000000000, 0.000000000000000000, -1.301042606982605074E-16 ) ) ;
#1484 = ORIENTED_EDGE ( 'NONE', *, *, #2012, .F. ) ;
#1485 = EDGE_CURVE ( 'NONE', #1888, #19, #1771, .T. ) ;
#1486 = DIRECTION ( 'NONE',  ( 0.000000000000000000, 0.000000000000000000, 1.000000000000000000 ) ) ;
#1487 = CARTESIAN_POINT ( 'NONE',  ( 6.500000000000004441, 35.82531754730548101, -4.750000000000007994 ) ) ;
#1488 = CARTESIAN_POINT ( 'NONE',  ( 6.202225496247613101, 4.702225496247605996, 19.46556032481981191 ) ) ;
#1489 = VERTEX_POINT ( 'NONE', #1143 ) ;
#1490 = DIRECTION ( 'NONE',  ( 0.000000000000000000, -8.673617379884034239E-17, 1.000000000000000000 ) ) ;
#1491 = ORIENTED_EDGE ( 'NONE', *, *, #1413, .F. ) ;
#1492 = CARTESIAN_POINT ( 'NONE',  ( -3.500000000000000888, 24.99999999999999645, -3.014082039509701538E-15 ) ) ;
#1493 = DIRECTION ( 'NONE',  ( -1.000000000000000000, -0.000000000000000000, 1.301042606982605074E-16 ) ) ;
#1494 = DIRECTION ( 'NONE',  ( 0.000000000000000000, 0.000000000000000000, -1.000000000000000000 ) ) ;
#1495 = DIRECTION ( 'NONE',  ( -0.000000000000000000, -1.000000000000000000, -0.000000000000000000 ) ) ;
#1496 = FACE_OUTER_BOUND ( 'NONE', #787, .T. ) ;
#1497 = ORIENTED_EDGE ( 'NONE', *, *, #246, .F. ) ;
#1498 = FACE_BOUND ( 'NONE', #1422, .T. ) ;
#1499 = EDGE_LOOP ( 'NONE', ( #1294, #1711, #444, #1669, #1897, #884, #1778, #671, #177, #1613 ) ) ;
#1500 = CARTESIAN_POINT ( 'NONE',  ( -4.999999999999998224, 0.000000000000000000, 18.49999999999999645 ) ) ;
#1501 = EDGE_CURVE ( 'NONE', #526, #1945, #1949, .T. ) ;
#1502 = EDGE_CURVE ( 'NONE', #775, #1064, #76, .T. ) ;
#1503 = EDGE_LOOP ( 'NONE', ( #1150, #2033 ) ) ;
#1504 = AXIS2_PLACEMENT_3D ( 'NONE', #1601, #172, #990 ) ;
#1505 = FACE_OUTER_BOUND ( 'NONE', #197, .T. ) ;
#1506 = VECTOR ( 'NONE', #2054, 1000.000000000000000 ) ;
#1507 = ORIENTED_EDGE ( 'NONE', *, *, #1387, .T. ) ;
#1508 = CIRCLE ( 'NONE', #1572, 2.749999999999998224 ) ;
#1509 = DIRECTION ( 'NONE',  ( -1.000000000000000000, 0.000000000000000000, 1.084202172485504681E-16 ) ) ;
#1510 = AXIS2_PLACEMENT_3D ( 'NONE', #1381, #1509, #114 ) ;
#1511 = CARTESIAN_POINT ( 'NONE',  ( -6.128200527441205026, 4.628200527441183709, -19.55402460371083961 ) ) ;
#1512 = CIRCLE ( 'NONE', #875, 1.499999999999998668 ) ;
#1513 = CARTESIAN_POINT ( 'NONE',  ( 5.499999999999997335, 4.999999999999995559, -18.50000000000000355 ) ) ;
#1514 = CARTESIAN_POINT ( 'NONE',  ( -5.000000000000003553, 3.499999999999996003, -20.00000000000000355 ) ) ;
#1515 = EDGE_LOOP ( 'NONE', ( #893, #510, #1917 ) ) ;
#1516 = EDGE_CURVE ( 'NONE', #66, #575, #1318, .T. ) ;
#1517 = EDGE_CURVE ( 'NONE', #1315, #1945, #516, .T. ) ;
#1518 = ORIENTED_EDGE ( 'NONE', *, *, #648, .T. ) ;
#1519 = DIRECTION ( 'NONE',  ( 0.000000000000000000, 0.000000000000000000, 1.000000000000000000 ) ) ;
#1520 = CARTESIAN_POINT ( 'NONE',  ( -4.500000000000003553, 4.999999999999998224, -18.50000000000000355 ) ) ;
#1521 = CARTESIAN_POINT ( 'NONE',  ( 5.921820141669027038, 3.807273380556349895, -19.69950020189061846 ) ) ;
#1522 = CARTESIAN_POINT ( 'NONE',  ( 3.499999999999999556, 35.82531754730548101, 4.749999999999988454 ) ) ;
#1523 = EDGE_LOOP ( 'NONE', ( #125, #350, #645, #531 ) ) ;
#1524 = DIRECTION ( 'NONE',  ( 0.000000000000000000, -1.000000000000000000, 1.445602896647337931E-16 ) ) ;
#1525 = DIRECTION ( 'NONE',  ( 0.000000000000000000, 1.000000000000000000, 0.000000000000000000 ) ) ;
#1526 = VERTEX_POINT ( 'NONE', #852 ) ;
#1527 = EDGE_CURVE ( 'NONE', #1945, #1648, #1271, .T. ) ;
#1528 = CARTESIAN_POINT ( 'NONE',  ( 3.499999999999996447, 5.999999999999998224, -20.00000000000000711 ) ) ;
#1529 = CARTESIAN_POINT ( 'NONE',  ( -6.500000000000003553, 3.999999999999995559, -18.50000000000000355 ) ) ;
#1530 = LINE ( 'NONE', #400, #1334 ) ;
#1531 = ORIENTED_EDGE ( 'NONE', *, *, #301, .T. ) ;
#1532 = DIRECTION ( 'NONE',  ( 0.000000000000000000, 0.000000000000000000, -1.000000000000000000 ) ) ;
#1533 = DIRECTION ( 'NONE',  ( -0.000000000000000000, 1.000000000000000000, 0.000000000000000000 ) ) ;
#1534 = ADVANCED_FACE ( 'NONE', ( #1818 ), #1658, .T. ) ;
#1535 = AXIS2_PLACEMENT_3D ( 'NONE', #1893, #1094, #1731 ) ;
#1536 = PLANE ( 'NONE',  #1809 ) ;
#1537 = VERTEX_POINT ( 'NONE', #436 ) ;
#1538 = DIRECTION ( 'NONE',  ( 0.000000000000000000, 0.000000000000000000, 1.000000000000000000 ) ) ;
#1539 = AXIS2_PLACEMENT_3D ( 'NONE', #334, #459, #1233 ) ;
#1540 = VECTOR ( 'NONE', #643, 1000.000000000000000 ) ;
#1541 = CYLINDRICAL_SURFACE ( 'NONE', #1074, 1.900000000000000577 ) ;
#1542 = AXIS2_PLACEMENT_3D ( 'NONE', #870, #1359, #1519 ) ;
#1543 = CARTESIAN_POINT ( 'NONE',  ( 6.202225496247608660, 4.702225496247620207, -19.46556032481981902 ) ) ;
#1544 = AXIS2_PLACEMENT_3D ( 'NONE', #1557, #920, #1433 ) ;
#1545 = DIRECTION ( 'NONE',  ( 0.000000000000000000, -1.000000000000000000, 0.000000000000000000 ) ) ;
#1546 = ORIENTED_EDGE ( 'NONE', *, *, #332, .F. ) ;
#1547 = CARTESIAN_POINT ( 'NONE',  ( 6.500000000000005329, 25.00000000000000000, 13.99999999999999645 ) ) ;
#1548 = CARTESIAN_POINT ( 'NONE',  ( 5.196384893134371019, 3.565461631044783530, 19.99999999999999645 ) ) ;
#1549 = DIRECTION ( 'NONE',  ( 0.000000000000000000, 0.000000000000000000, 1.000000000000000000 ) ) ;
#1550 = ORIENTED_EDGE ( 'NONE', *, *, #1582, .F. ) ;
#1551 = LINE ( 'NONE', #1204, #1967 ) ;
#1552 = EDGE_LOOP ( 'NONE', ( #1692, #274 ) ) ;
#1553 = EDGE_CURVE ( 'NONE', #1035, #539, #1765, .T. ) ;
#1554 = CARTESIAN_POINT ( 'NONE',  ( -5.196384893134386118, 3.565461631044791524, 19.99999999999999645 ) ) ;
#1555 = DIRECTION ( 'NONE',  ( -1.000000000000000000, -0.000000000000000000, 1.301042606982605321E-16 ) ) ;
#1556 = ORIENTED_EDGE ( 'NONE', *, *, #280, .T. ) ;
#1557 = CARTESIAN_POINT ( 'NONE',  ( 1.999999999999998668, 43.50000000000000000, -2.168404344971007882E-16 ) ) ;
#1558 = CARTESIAN_POINT ( 'NONE',  ( -5.682068154080522682, 4.182068154080514688, -19.88012564345321209 ) ) ;
#1559 =( BOUNDED_SURFACE ( )  B_SPLINE_SURFACE ( 3, 2, ( 
 ( #1862, #908, #1870 ),
 ( #1548, #112, #754 ),
 ( #1390, #1226, #1713 ),
 ( #1808, #1960, #1628 ),
 ( #1823, #383, #34 ),
 ( #1979, #209, #1301 ),
 ( #1166, #1654, #864 ),
 ( #392, #196, #1149 ),
 ( #1617, #1488, #1476 ),
 ( #537, #1178, #837 ),
 ( #1942, #679, #1158 ),
 ( #1791, #1464, #358 ),
 ( #993, #71, #45 ),
 ( #1314, #529, #1953 ) ),
 .UNSPECIFIED., .F., .F., .F. ) 
 B_SPLINE_SURFACE_WITH_KNOTS ( ( 4, 2, 2, 2, 2, 2, 4 ),
 ( 3, 3 ),
 ( 1.570796326794896558, 1.963495408493620697, 2.356194490192344837, 2.552544031041707129, 2.748893571891068976, 2.945243112740430824, 3.141592653589793116 ),
 ( 0.000000000000000000, 1.000000000000000000 ),
 .UNSPECIFIED. ) 
 GEOMETRIC_REPRESENTATION_ITEM ( )  RATIONAL_B_SPLINE_SURFACE ( (
 ( 1.000000000000000000, 1.000000000000000000, 1.000000000000000000),
 ( 1.000000000000000000, 1.000158598892032291, 1.000000000000000000),
 ( 1.000000000000000000, 0.9867291651255367668, 1.000000000000000000),
 ( 1.000000000000000000, 0.9386556746367762383, 1.000000000000000000),
 ( 1.000000000000000000, 0.9038128289597358034, 1.000000000000000000),
 ( 1.000000000000000000, 0.8471316911967887719, 1.000000000000000000),
 ( 1.000000000000000000, 0.8275942267605701508, 1.000000000000000000),
 ( 1.000000000000000000, 0.7902180514827709112, 1.000000000000000000),
 ( 1.000000000000000000, 0.7723967724090458065, 1.000000000000000000),
 ( 1.000000000000000000, 0.7418334672881584657, 1.000000000000000000),
 ( 1.000000000000000000, 0.7291288573898013770, 1.000000000000000000),
 ( 1.000000000000000000, 0.7117460391535159747, 1.000000000000000000),
 ( 1.000000000000000000, 0.7070717008705373896, 1.000000000000000000),
 ( 1.000000000000000000, 0.7071067811865475727, 1.000000000000000000) ) ) 
 REPRESENTATION_ITEM ( '' )  SURFACE ( )  );
#1560 = ORIENTED_EDGE ( 'NONE', *, *, #1651, .F. ) ;
#1561 = CARTESIAN_POINT ( 'NONE',  ( 5.500000000000000000, 4.999999999999994671, 19.37867965644035451 ) ) ;
#1562 = ORIENTED_EDGE ( 'NONE', *, *, #1120, .F. ) ;
#1563 = CARTESIAN_POINT ( 'NONE',  ( -6.130080186835236589, 3.876693395611729542, 19.49124015672439825 ) ) ;
#1564 = CARTESIAN_POINT ( 'NONE',  ( -3.500000000000000000, 14.17468245269451188, 6.250000000000000888 ) ) ;
#1565 = CYLINDRICAL_SURFACE ( 'NONE', #1575, 1.499999999999998668 ) ;
#1566 = VECTOR ( 'NONE', #895, 1000.000000000000000 ) ;
#1567 = CIRCLE ( 'NONE', #1539, 1.500000000000001332 ) ;
#1568 = CARTESIAN_POINT ( 'NONE',  ( -3.500000000000001776, 24.99999999999999645, -7.000000000000000000 ) ) ;
#1569 = ORIENTED_EDGE ( 'NONE', *, *, #321, .T. ) ;
#1570 = CIRCLE ( 'NONE', #381, 1.499999999999996891 ) ;
#1571 = DIRECTION ( 'NONE',  ( -1.000000000000000000, 0.000000000000000000, 1.084202172485504681E-16 ) ) ;
#1572 = AXIS2_PLACEMENT_3D ( 'NONE', #104, #1353, #872 ) ;
#1573 = EDGE_CURVE ( 'NONE', #2028, #918, #2005, .T. ) ;
#1574 = CARTESIAN_POINT ( 'NONE',  ( -3.500000000000003553, 43.50000000000000000, -18.50000000000000355 ) ) ;
#1575 = AXIS2_PLACEMENT_3D ( 'NONE', #809, #2048, #464 ) ;
#1576 = ORIENTED_EDGE ( 'NONE', *, *, #407, .F. ) ;
#1577 = CARTESIAN_POINT ( 'NONE',  ( -6.301747370749585464, 3.933915790249872924, 19.25172605281075988 ) ) ;
#1578 = DIRECTION ( 'NONE',  ( 1.301042606982605074E-16, -8.673617379884034239E-17, 1.000000000000000000 ) ) ;
#1579 = ORIENTED_EDGE ( 'NONE', *, *, #1456, .F. ) ;
#1580 = ADVANCED_FACE ( 'NONE', ( #2026 ), #1911, .T. ) ;
#1581 = DIRECTION ( 'NONE',  ( -0.000000000000000000, -1.000000000000000000, -0.000000000000000000 ) ) ;
#1582 = EDGE_CURVE ( 'NONE', #1888, #1230, #102, .T. ) ;
#1583 = CARTESIAN_POINT ( 'NONE',  ( -6.499999999999999112, 3.999999999999994671, 18.49999999999999645 ) ) ;
#1584 = CARTESIAN_POINT ( 'NONE',  ( -6.500000000000004441, 0.000000000000000000, -18.50000000000000355 ) ) ;
#1585 = FACE_OUTER_BOUND ( 'NONE', #1305, .T. ) ;
#1586 = PRODUCT_RELATED_PRODUCT_CATEGORY ( 'part', '', ( #224 ) ) ;
#1587 = EDGE_LOOP ( 'NONE', ( #1281, #784, #1934, #521 ) ) ;
#1588 = DIRECTION ( 'NONE',  ( 0.000000000000000000, 0.000000000000000000, -1.000000000000000000 ) ) ;
#1589 = EDGE_CURVE ( 'NONE', #770, #145, #384, .T. ) ;
#1590 = CARTESIAN_POINT ( 'NONE',  ( -2.000000000000000888, 43.50000000000000000, 2.602085213965212614E-16 ) ) ;
#1591 = CARTESIAN_POINT ( 'NONE',  ( 6.500000000000005329, 35.82531754730548101, 6.249999999999991118 ) ) ;
#1592 = ADVANCED_FACE ( 'NONE', ( #1188 ), #1835, .T. ) ;
#1593 = FACE_BOUND ( 'NONE', #1752, .T. ) ;
#1594 = DIRECTION ( 'NONE',  ( -1.000000000000000000, 0.000000000000000000, 1.301042606982605074E-16 ) ) ;
#1595 = VERTEX_POINT ( 'NONE', #276 ) ;
#1596 = ORIENTED_EDGE ( 'NONE', *, *, #264, .T. ) ;
#1597 = DIRECTION ( 'NONE',  ( -1.301042606982605074E-16, 0.000000000000000000, -1.000000000000000000 ) ) ;
#1598 = EDGE_CURVE ( 'NONE', #480, #1954, #445, .T. ) ;
#1599 = EDGE_LOOP ( 'NONE', ( #1907, #1090, #1933, #1698 ) ) ;
#1600 = DIRECTION ( 'NONE',  ( -1.000000000000000000, 0.000000000000000000, 1.301042606982605567E-16 ) ) ;
#1601 = CARTESIAN_POINT ( 'NONE',  ( -3.500000000000001776, 14.17468245269451543, -6.250000000000004441 ) ) ;
#1602 = AXIS2_PLACEMENT_3D ( 'NONE', #1291, #1247, #806 ) ;
#1603 = PLANE ( 'NONE',  #409 ) ;
#1604 = AXIS2_PLACEMENT_3D ( 'NONE', #1001, #1790, #1639 ) ;
#1605 = CARTESIAN_POINT ( 'NONE',  ( -4.999999999999998224, 3.499999999999994671, 19.99999999999999645 ) ) ;
#1606 = VERTEX_POINT ( 'NONE', #418 ) ;
#1607 = AXIS2_PLACEMENT_3D ( 'NONE', #664, #991, #1494 ) ;
#1608 = AXIS2_PLACEMENT_3D ( 'NONE', #1036, #1828, #1352 ) ;
#1609 = CARTESIAN_POINT ( 'NONE',  ( -6.499999999999998224, 3.999999999999994671, 18.49999999999999645 ) ) ;
#1610 = ORIENTED_EDGE ( 'NONE', *, *, #373, .F. ) ;
#1611 = CIRCLE ( 'NONE', #712, 1.000000000000000000 ) ;
#1612 = DIRECTION ( 'NONE',  ( 1.000000000000000000, 0.000000000000000000, 0.000000000000000000 ) ) ;
#1613 = ORIENTED_EDGE ( 'NONE', *, *, #661, .T. ) ;
#1614 = CARTESIAN_POINT ( 'NONE',  ( 5.000000000000001776, 3.499999999999994671, 19.99999999999999645 ) ) ;
#1615 = CARTESIAN_POINT ( 'NONE',  ( 0.000000000000000000, 10.00000000000000000, -11.90000000000000036 ) ) ;
#1616 = CARTESIAN_POINT ( 'NONE',  ( -4.500000000000003553, 3.499999999999998224, -18.50000000000000355 ) ) ;
#1617 = CARTESIAN_POINT ( 'NONE',  ( 6.348249462496251994, 3.949416487498753181, 19.16472675680844517 ) ) ;
#1618 = EDGE_CURVE ( 'NONE', #918, #2028, #978, .T. ) ;
#1619 = VERTEX_POINT ( 'NONE', #910 ) ;
#1620 = EDGE_CURVE ( 'NONE', #1606, #1416, #1198, .T. ) ;
#1621 = VERTEX_POINT ( 'NONE', #79 ) ;
#1622 = CARTESIAN_POINT ( 'NONE',  ( -3.500000000000003109, 44.37867965644034030, -19.37867965644035451 ) ) ;
#1623 = ORIENTED_EDGE ( 'NONE', *, *, #954, .T. ) ;
#1624 = DIRECTION ( 'NONE',  ( 0.000000000000000000, -1.000000000000000000, 0.000000000000000000 ) ) ;
#1625 = CARTESIAN_POINT ( 'NONE',  ( 6.499999999999999112, 3.999999999999996447, -4.987329993433321383E-16 ) ) ;
#1626 = DIRECTION ( 'NONE',  ( -1.000000000000000000, 1.128474576789395734E-32, 0.000000000000000000 ) ) ;
#1627 = FACE_OUTER_BOUND ( 'NONE', #615, .T. ) ;
#1628 = CARTESIAN_POINT ( 'NONE',  ( 5.251809468437063089, 4.255428405311113771, 19.81067960955684271 ) ) ;
#1629 = EDGE_CURVE ( 'NONE', #128, #539, #1855, .T. ) ;
#1630 = ORIENTED_EDGE ( 'NONE', *, *, #1295, .F. ) ;
#1631 = FACE_OUTER_BOUND ( 'NONE', #1263, .T. ) ;
#1632 = EDGE_CURVE ( 'NONE', #539, #1084, #396, .T. ) ;
#1633 = EDGE_CURVE ( 'NONE', #878, #1356, #1512, .T. ) ;
#1634 = ORIENTED_EDGE ( 'NONE', *, *, #1337, .F. ) ;
#1635 = DIRECTION ( 'NONE',  ( -0.000000000000000000, -1.000000000000000000, -0.000000000000000000 ) ) ;
#1636 = ORIENTED_EDGE ( 'NONE', *, *, #1516, .F. ) ;
#1637 = CYLINDRICAL_SURFACE ( 'NONE', #976, 1.499999999999998668 ) ;
#1638 = AXIS2_PLACEMENT_3D ( 'NONE', #490, #1155, #999 ) ;
#1639 = DIRECTION ( 'NONE',  ( 0.000000000000000000, 0.000000000000000000, 1.000000000000000000 ) ) ;
#1640 = CARTESIAN_POINT ( 'NONE',  ( -6.500000000000004441, 3.999999999999998224, -20.00000000000000355 ) ) ;
#1641 = ADVANCED_FACE ( 'NONE', ( #1683 ), #1209, .F. ) ;
#1642 = AXIS2_PLACEMENT_3D ( 'NONE', #917, #1555, #294 ) ;
#1643 = AXIS2_PLACEMENT_3D ( 'NONE', #1732, #1578, #1902 ) ;
#1644 = ORIENTED_EDGE ( 'NONE', *, *, #93, .T. ) ;
#1645 = CARTESIAN_POINT ( 'NONE',  ( 3.499999999999997780, 35.82531754730548101, -4.750000000000007994 ) ) ;
#1646 =( BOUNDED_CURVE ( )  B_SPLINE_CURVE ( 3, ( #493, #924, #1561, #1430 ),
 .UNSPECIFIED., .F., .F. ) 
 B_SPLINE_CURVE_WITH_KNOTS ( ( 4, 4 ),
 ( 1.570796326794896780, 3.141592653589793116 ),
 .UNSPECIFIED. ) 
 CURVE ( )  GEOMETRIC_REPRESENTATION_ITEM ( )  RATIONAL_B_SPLINE_CURVE ( ( 1.000000000000000000, 0.8047378541243650485, 0.8047378541243650485, 1.000000000000000000 ) ) 
 REPRESENTATION_ITEM ( '' )  );
#1647 = VECTOR ( 'NONE', #389, 1000.000000000000000 ) ;
#1648 = VERTEX_POINT ( 'NONE', #1051 ) ;
#1649 = VECTOR ( 'NONE', #1769, 1000.000000000000000 ) ;
#1650 = FACE_OUTER_BOUND ( 'NONE', #1363, .T. ) ;
#1651 = EDGE_CURVE ( 'NONE', #375, #50, #252, .T. ) ;
#1652 = CARTESIAN_POINT ( 'NONE',  ( 6.500000000000005329, 25.00000000000000000, 12.49999999999999467 ) ) ;
#1653 = DIRECTION ( 'NONE',  ( 0.000000000000000000, 0.000000000000000000, 1.000000000000000000 ) ) ;
#1654 = CARTESIAN_POINT ( 'NONE',  ( 5.977472092058389919, 4.477472092058395248, 19.69639340368160774 ) ) ;
#1655 = VERTEX_POINT ( 'NONE', #1367 ) ;
#1656 = DIRECTION ( 'NONE',  ( 0.000000000000000000, 0.000000000000000000, 1.000000000000000000 ) ) ;
#1657 = ORIENTED_EDGE ( 'NONE', *, *, #817, .T. ) ;
#1658 = CYLINDRICAL_SURFACE ( 'NONE', #1106, 1.500000000000001332 ) ;
#1659 = EDGE_CURVE ( 'NONE', #19, #1688, #426, .T. ) ;
#1660 = CARTESIAN_POINT ( 'NONE',  ( 6.500000000000002665, 24.99999999999999645, -11.00000000000000533 ) ) ;
#1661 = VERTEX_POINT ( 'NONE', #898 ) ;
#1662 = FACE_BOUND ( 'NONE', #2016, .T. ) ;
#1663 = VERTEX_POINT ( 'NONE', #590 ) ;
#1664 = DIRECTION ( 'NONE',  ( 1.000000000000000000, -1.128474576789396008E-32, 0.000000000000000000 ) ) ;
#1665 = DIRECTION ( 'NONE',  ( -1.084202172485504681E-16, 0.000000000000000000, -1.000000000000000000 ) ) ;
#1666 = CARTESIAN_POINT ( 'NONE',  ( 5.474463045012525342, 4.923389135037606223, -18.98332354028682190 ) ) ;
#1667 = EDGE_CURVE ( 'NONE', #792, #1093, #1088, .T. ) ;
#1668 = DIRECTION ( 'NONE',  ( -1.000000000000000000, -0.000000000000000000, 1.301042606982605321E-16 ) ) ;
#1669 = ORIENTED_EDGE ( 'NONE', *, *, #1290, .T. ) ;
#1670 = AXIS2_PLACEMENT_3D ( 'NONE', #548, #827, #1968 ) ;
#1671 = TOROIDAL_SURFACE ( 'NONE', #1842, 2.500000000000000000, 1.500000000000000000 ) ;
#1672 = ORIENTED_EDGE ( 'NONE', *, *, #899, .T. ) ;
#1673 = VECTOR ( 'NONE', #849, 1000.000000000000000 ) ;
#1674 = CARTESIAN_POINT ( 'NONE',  ( 0.9999999999999986677, 24.99999999999969447, -4.141652298894626149E-15 ) ) ;
#1675 = AXIS2_PLACEMENT_3D ( 'NONE', #1424, #171, #1415 ) ;
#1676 = CARTESIAN_POINT ( 'NONE',  ( 4.500000000000000000, 4.999999999999994671, 18.50000000000000355 ) ) ;
#1677 = CARTESIAN_POINT ( 'NONE',  ( 6.394230665565020288, 4.894230665565020288, -19.11837504407760946 ) ) ;
#1678 = DIRECTION ( 'NONE',  ( 1.301042606982605321E-16, 1.488321999822292987E-16, 1.000000000000000000 ) ) ;
#1679 = ORIENTED_EDGE ( 'NONE', *, *, #2060, .T. ) ;
#1680 = DIRECTION ( 'NONE',  ( 1.301042606982605321E-16, 1.322952888730927319E-16, 1.000000000000000000 ) ) ;
#1681 = CARTESIAN_POINT ( 'NONE',  ( -5.537307204076443057, 4.037307204076363121, 19.92874584099953950 ) ) ;
#1682 = ORIENTED_EDGE ( 'NONE', *, *, #359, .T. ) ;
#1683 = FACE_OUTER_BOUND ( 'NONE', #187, .T. ) ;
#1684 = DIRECTION ( 'NONE',  ( 0.000000000000000000, 0.000000000000000000, -1.000000000000000000 ) ) ;
#1685 = CARTESIAN_POINT ( 'NONE',  ( 5.130873963928027415, 3.892621891784145749, -19.96095898797701551 ) ) ;
#1686 = ADVANCED_FACE ( 'NONE', ( #1746 ), #953, .T. ) ;
#1687 = DIRECTION ( 'NONE',  ( -1.301042606982605567E-16, -0.000000000000000000, -1.000000000000000000 ) ) ;
#1688 = VERTEX_POINT ( 'NONE', #1716 ) ;
#1689 = EDGE_CURVE ( 'NONE', #1663, #497, #1080, .T. ) ;
#1690 = CYLINDRICAL_SURFACE ( 'NONE', #871, 1.500000000000001332 ) ;
#1691 = LINE ( 'NONE', #260, #1406 ) ;
#1692 = ORIENTED_EDGE ( 'NONE', *, *, #1633, .T. ) ;
#1693 = ADVANCED_FACE ( 'NONE', ( #788 ), #287, .F. ) ;
#1694 = DIRECTION ( 'NONE',  ( -0.000000000000000000, 1.000000000000000000, -0.000000000000000000 ) ) ;
#1695 = CARTESIAN_POINT ( 'NONE',  ( 1.999999999999995337, 45.00000000000000000, -20.00000000000000355 ) ) ;
#1696 = CARTESIAN_POINT ( 'NONE',  ( 5.392621891784115107, 3.630873963928044734, -19.96095898797702972 ) ) ;
#1697 = PLANE ( 'NONE',  #1436 ) ;
#1698 = ORIENTED_EDGE ( 'NONE', *, *, #1824, .F. ) ;
#1699 = DIRECTION ( 'NONE',  ( 0.000000000000000000, 0.000000000000000000, 1.000000000000000000 ) ) ;
#1700 = VECTOR ( 'NONE', #1668, 1000.000000000000000 ) ;
#1701 = DIRECTION ( 'NONE',  ( 0.000000000000000000, 0.000000000000000000, 1.000000000000000000 ) ) ;
#1702 = CARTESIAN_POINT ( 'NONE',  ( 3.499999999999997335, 24.99999999999999645, -12.50000000000000533 ) ) ;
#1703 = VECTOR ( 'NONE', #208, 1000.000000000000000 ) ;
#1704 = EDGE_CURVE ( 'NONE', #1888, #781, #348, .T. ) ;
#1705 = VECTOR ( 'NONE', #2042, 1000.000000000000000 ) ;
#1706 = CARTESIAN_POINT ( 'NONE',  ( 0.9999999999999986677, 45.00000000000000000, 1.249999999999994005 ) ) ;
#1707 = AXIS2_PLACEMENT_3D ( 'NONE', #2061, #478, #799 ) ;
#1708 = VERTEX_POINT ( 'NONE', #136 ) ;
#1709 = ADVANCED_FACE ( 'NONE', ( #931 ), #1565, .F. ) ;
#1710 = CARTESIAN_POINT ( 'NONE',  ( 6.500000000000001776, 0.000000000000000000, 18.49999999999999645 ) ) ;
#1711 = ORIENTED_EDGE ( 'NONE', *, *, #339, .T. ) ;
#1712 = CARTESIAN_POINT ( 'NONE',  ( -5.130885661847875312, 3.630885661847872647, 19.99999999171438603 ) ) ;
#1713 = CARTESIAN_POINT ( 'NONE',  ( 5.130873963928031856, 3.892621891784143973, 19.96095898797700841 ) ) ;
#1714 = ORIENTED_EDGE ( 'NONE', *, *, #1830, .F. ) ;
#1715 = ADVANCED_BREP_SHAPE_REPRESENTATION ( 'Motor-Mount', ( #1092, #14 ), #1203 ) ;
#1716 = CARTESIAN_POINT ( 'NONE',  ( -3.499999999999998224, 43.50000000000000000, 18.49999999999999645 ) ) ;
#1717 = CARTESIAN_POINT ( 'NONE',  ( -5.433915790249881361, 4.801747370749579247, -19.25172605281077765 ) ) ;
#1718 = EDGE_CURVE ( 'NONE', #575, #19, #385, .T. ) ;
#1719 = ORIENTED_EDGE ( 'NONE', *, *, #842, .T. ) ;
#1720 = CYLINDRICAL_SURFACE ( 'NONE', #1231, 1.000000000000000000 ) ;
#1721 = ORIENTED_EDGE ( 'NONE', *, *, #1329, .T. ) ;
#1722 = CARTESIAN_POINT ( 'NONE',  ( -5.449416487498756290, 4.848249462496244000, 19.16472675680844517 ) ) ;
#1723 = FACE_OUTER_BOUND ( 'NONE', #1284, .T. ) ;
#1724 = CYLINDRICAL_SURFACE ( 'NONE', #243, 1.500000000000001332 ) ;
#1725 = CARTESIAN_POINT ( 'NONE',  ( -5.000000000000000888, 3.499999999999995115, -20.00000000000000355 ) ) ;
#1726 = VERTEX_POINT ( 'NONE', #328 ) ;
#1727 = DIRECTION ( 'NONE',  ( -0.000000000000000000, -1.000000000000000000, -0.000000000000000000 ) ) ;
#1728 = CARTESIAN_POINT ( 'NONE',  ( -5.500000000000004441, 3.999999999999998224, -20.00000000000000355 ) ) ;
#1729 = ORIENTED_EDGE ( 'NONE', *, *, #23, .F. ) ;
#1730 = CARTESIAN_POINT ( 'NONE',  ( 0.000000000000000000, 0.000000000000000000, 0.000000000000000000 ) ) ;
#1731 = DIRECTION ( 'NONE',  ( -1.000000000000000000, 0.000000000000000000, 0.000000000000000000 ) ) ;
#1732 = CARTESIAN_POINT ( 'NONE',  ( 5.499999999999999112, 3.999999999999996447, -3.686287386450716555E-16 ) ) ;
#1733 = ADVANCED_FACE ( 'NONE', ( #1111 ), #1241, .T. ) ;
#1734 = ORIENTED_EDGE ( 'NONE', *, *, #621, .F. ) ;
#1735 = DIRECTION ( 'NONE',  ( 0.000000000000000000, 0.000000000000000000, -1.000000000000000000 ) ) ;
#1736 = AXIS2_PLACEMENT_3D ( 'NONE', #1799, #1300, #368 ) ;
#1737 = CARTESIAN_POINT ( 'NONE',  ( -6.192661466158051908, 3.897553822052663541, -19.41498464624804399 ) ) ;
#1738 = PRODUCT_DEFINITION ( 'UNKNOWN', '', #1819, #967 ) ;
#1739 = EDGE_LOOP ( 'NONE', ( #298, #1596, #947, #567 ) ) ;
#1740 = CARTESIAN_POINT ( 'NONE',  ( 0.000000000000000000, 10.00000000000000000, 10.00000000000000000 ) ) ;
#1741 = VECTOR ( 'NONE', #844, 1000.000000000000000 ) ;
#1742 = CARTESIAN_POINT ( 'NONE',  ( 0.9999999999999986677, 45.00000000000000000, -1.250000000000005995 ) ) ;
#1743 = VERTEX_POINT ( 'NONE', #2035 ) ;
#1744 = CARTESIAN_POINT ( 'NONE',  ( 6.500000000000002665, 24.99999999999999645, -12.50000000000000533 ) ) ;
#1745 = CARTESIAN_POINT ( 'NONE',  ( 5.000000000000001776, 0.000000000000000000, 18.49999999999999645 ) ) ;
#1746 = FACE_OUTER_BOUND ( 'NONE', #101, .T. ) ;
#1747 = ADVANCED_FACE ( 'NONE', ( #3 ), #123, .F. ) ;
#1748 = CARTESIAN_POINT ( 'NONE',  ( -3.499999999999998224, 43.50000000000000000, 18.49999999999999645 ) ) ;
#1749 = ORIENTED_EDGE ( 'NONE', *, *, #292, .F. ) ;
#1750 = CARTESIAN_POINT ( 'NONE',  ( 4.999999999999996447, 0.000000000000000000, -18.50000000000000355 ) ) ;
#1751 = CARTESIAN_POINT ( 'NONE',  ( 0.000000000000000000, 10.00000000000000000, -11.90000000000000036 ) ) ;
#1752 = EDGE_LOOP ( 'NONE', ( #1292, #1205 ) ) ;
#1753 = ADVANCED_FACE ( 'NONE', ( #1399 ), #1724, .F. ) ;
#1754 = CARTESIAN_POINT ( 'NONE',  ( -3.500000000000000000, 35.82531754730548101, 4.749999999999990230 ) ) ;
#1755 = ORIENTED_EDGE ( 'NONE', *, *, #666, .T. ) ;
#1756 = ADVANCED_FACE ( 'NONE', ( #1885 ), #962, .F. ) ;
#1757 = CARTESIAN_POINT ( 'NONE',  ( 6.500000000000002665, 24.99999999999999645, -12.50000000000000533 ) ) ;
#1758 = ORIENTED_EDGE ( 'NONE', *, *, #1788, .F. ) ;
#1759 = ADVANCED_FACE ( 'NONE', ( #597 ), #1176, .T. ) ;
#1760 = DIRECTION ( 'NONE',  ( -0.000000000000000000, -1.000000000000000000, 0.000000000000000000 ) ) ;
#1761 = EDGE_LOOP ( 'NONE', ( #1319, #579, #1380, #559 ) ) ;
#1762 = UNCERTAINTY_MEASURE_WITH_UNIT (LENGTH_MEASURE( 1.000000000000000082E-05 ), #1049, 'distance_accuracy_value', 'NONE');
#1763 = DIRECTION ( 'NONE',  ( 1.577021341797098300E-16, 0.000000000000000000, 1.000000000000000000 ) ) ;
#1764 = CARTESIAN_POINT ( 'NONE',  ( 2.326828918379970872E-16, 0.000000000000000000, -8.099999999999999645 ) ) ;
#1765 =( BOUNDED_CURVE ( )  B_SPLINE_CURVE ( 3, ( #1994, #1069, #560, #92 ),
 .UNSPECIFIED., .F., .F. ) 
 B_SPLINE_CURVE_WITH_KNOTS ( ( 4, 4 ),
 ( 0.000000000000000000, 1.570796326794896558 ),
 .UNSPECIFIED. ) 
 CURVE ( )  GEOMETRIC_REPRESENTATION_ITEM ( )  RATIONAL_B_SPLINE_CURVE ( ( 1.000000000000000000, 0.8047378541243649375, 0.8047378541243649375, 1.000000000000000000 ) ) 
 REPRESENTATION_ITEM ( '' )  );
#1766 = EDGE_LOOP ( 'NONE', ( #942, #2051, #499, #1196, #1795, #1576, #1441, #1531 ) ) ;
#1767 = CARTESIAN_POINT ( 'NONE',  ( 2.000000000000000888, 5.999999999999994671, 19.99999999999999645 ) ) ;
#1768 = ORIENTED_EDGE ( 'NONE', *, *, #1283, .F. ) ;
#1769 = DIRECTION ( 'NONE',  ( 1.000000000000000000, 0.000000000000000000, 0.000000000000000000 ) ) ;
#1770 = ORIENTED_EDGE ( 'NONE', *, *, #1485, .F. ) ;
#1771 = LINE ( 'NONE', #1976, #1408 ) ;
#1772 = DIRECTION ( 'NONE',  ( -1.000000000000000000, -0.000000000000000000, 1.301042606982605074E-16 ) ) ;
#1773 = VECTOR ( 'NONE', #193, 1000.000000000000000 ) ;
#1774 = CARTESIAN_POINT ( 'NONE',  ( -6.500000000000004441, 0.000000000000000000, -18.50000000000000355 ) ) ;
#1775 = CIRCLE ( 'NONE', #973, 2.500000000000000000 ) ;
#1776 = ADVANCED_FACE ( 'NONE', ( #798 ), #446, .T. ) ;
#1777 = CARTESIAN_POINT ( 'NONE',  ( 6.500000000000004441, 24.99999999999999645, -4.315124646492307647E-15 ) ) ;
#1778 = ORIENTED_EDGE ( 'NONE', *, *, #23, .T. ) ;
#1779 = CIRCLE ( 'NONE', #1140, 1.500000000000001332 ) ;
#1780 =( BOUNDED_CURVE ( )  B_SPLINE_CURVE ( 3, ( #1695, #1229, #1219, #598 ),
 .UNSPECIFIED., .F., .F. ) 
 B_SPLINE_CURVE_WITH_KNOTS ( ( 4, 4 ),
 ( 3.141592653589793116, 4.712388980384689674 ),
 .UNSPECIFIED. ) 
 CURVE ( )  GEOMETRIC_REPRESENTATION_ITEM ( )  RATIONAL_B_SPLINE_CURVE ( ( 1.000000000000000000, 0.8047378541243649375, 0.8047378541243649375, 1.000000000000000000 ) ) 
 REPRESENTATION_ITEM ( '' )  );
#1781 = VECTOR ( 'NONE', #1391, 1000.000000000000000 ) ;
#1782 = ORIENTED_EDGE ( 'NONE', *, *, #146, .F. ) ;
#1783 = AXIS2_PLACEMENT_3D ( 'NONE', #49, #18, #988 ) ;
#1784 = DIRECTION ( 'NONE',  ( 1.301042606982605321E-16, 0.000000000000000000, 1.000000000000000000 ) ) ;
#1785 = EDGE_LOOP ( 'NONE', ( #279, #25, #1630, #930, #435 ) ) ;
#1786 = DIRECTION ( 'NONE',  ( 5.204170427930416550E-15, 0.000000000000000000, 1.000000000000000000 ) ) ;
#1787 = CARTESIAN_POINT ( 'NONE',  ( 5.292893218813449430, 4.378679656440352730, -20.00000000000000711 ) ) ;
#1788 = EDGE_CURVE ( 'NONE', #425, #1948, #1446, .T. ) ;
#1789 = CARTESIAN_POINT ( 'NONE',  ( 6.499999999999996447, 0.000000000000000000, -18.50000000000000355 ) ) ;
#1790 = DIRECTION ( 'NONE',  ( -1.000000000000000000, 0.000000000000000000, 1.084202172485504681E-16 ) ) ;
#1791 = CARTESIAN_POINT ( 'NONE',  ( 6.490330855880396932, 3.996776951960123281, 18.69634717512329303 ) ) ;
#1792 = ORIENTED_EDGE ( 'NONE', *, *, #108, .T. ) ;
#1793 = ORIENTED_EDGE ( 'NONE', *, *, #1068, .F. ) ;
#1794 = CARTESIAN_POINT ( 'NONE',  ( -4.499999999999998224, 5.999999999999994671, 19.99999999999999645 ) ) ;
#1795 = ORIENTED_EDGE ( 'NONE', *, *, #1108, .F. ) ;
#1796 = DIRECTION ( 'NONE',  ( -1.000000000000000000, -0.000000000000000000, 1.301042606982605321E-16 ) ) ;
#1797 = CYLINDRICAL_SURFACE ( 'NONE', #266, 1.499999999999996891 ) ;
#1798 =( NAMED_UNIT ( * ) PLANE_ANGLE_UNIT ( ) SI_UNIT ( $, .RADIAN. ) );
#1799 = CARTESIAN_POINT ( 'NONE',  ( 4.499999999999996447, 5.999999999999998224, -18.50000000000000355 ) ) ;
#1800 = DIRECTION ( 'NONE',  ( 0.000000000000000000, -1.000000000000000000, 0.000000000000000000 ) ) ;
#1801 = EDGE_CURVE ( 'NONE', #775, #1489, #859, .T. ) ;
#1802 = ORIENTED_EDGE ( 'NONE', *, *, #1324, .F. ) ;
#1803 = CARTESIAN_POINT ( 'NONE',  ( -2.878679656440361168, 45.00000000000000000, -20.00000000000000711 ) ) ;
#1804 = CARTESIAN_POINT ( 'NONE',  ( 1.999999999999995337, 45.00000000000000000, -20.00000000000000355 ) ) ;
#1805 = CARTESIAN_POINT ( 'NONE',  ( 4.499999999999996447, 5.999999999999998224, -20.00000000000000355 ) ) ;
#1806 = VECTOR ( 'NONE', #646, 1000.000000000000000 ) ;
#1807 = CARTESIAN_POINT ( 'NONE',  ( 4.999999999999999112, 3.499999999999996003, -20.00000000000000355 ) ) ;
#1808 = CARTESIAN_POINT ( 'NONE',  ( 5.755428405311156403, 3.751809468437035999, 19.81067960955682850 ) ) ;
#1809 = AXIS2_PLACEMENT_3D ( 'NONE', #285, #941, #786 ) ;
#1810 = AXIS2_PLACEMENT_3D ( 'NONE', #390, #1330, #1164 ) ;
#1811 = ORIENTED_EDGE ( 'NONE', *, *, #925, .F. ) ;
#1812 = ADVANCED_FACE ( 'NONE', ( #668 ), #1963, .T. ) ;
#1813 = DIRECTION ( 'NONE',  ( 0.000000000000000000, -1.000000000000000000, 0.000000000000000000 ) ) ;
#1814 = AXIS2_PLACEMENT_3D ( 'NONE', #6, #489, #694 ) ;
#1815 = ORIENTED_EDGE ( 'NONE', *, *, #1573, .T. ) ;
#1816 = AXIS2_PLACEMENT_3D ( 'NONE', #1168, #1458, #1656 ) ;
#1817 = ADVANCED_FACE ( 'NONE', ( #58 ), #1282, .F. ) ;
#1818 = FACE_OUTER_BOUND ( 'NONE', #251, .T. ) ;
#1819 = PRODUCT_DEFINITION_FORMATION_WITH_SPECIFIED_SOURCE ( 'ANY', '', #224, .NOT_KNOWN. ) ;
#1820 = CARTESIAN_POINT ( 'NONE',  ( -5.499999999999999112, 3.499999999999994671, 19.99999999999999645 ) ) ;
#1821 = CARTESIAN_POINT ( 'NONE',  ( 3.500000000000000888, 43.50000000000000000, 19.99999999999999645 ) ) ;
#1822 = CARTESIAN_POINT ( 'NONE',  ( 6.500000000000004441, 35.82531754730548101, -7.750000000000001776 ) ) ;
#1823 = CARTESIAN_POINT ( 'NONE',  ( 5.921820141669032367, 3.807273380556348119, 19.69950020189061135 ) ) ;
#1824 = EDGE_CURVE ( 'NONE', #718, #1595, #519, .T. ) ;
#1825 = ORIENTED_EDGE ( 'NONE', *, *, #610, .T. ) ;
#1826 = APPLICATION_CONTEXT ( 'automotive_design' ) ;
#1827 = EDGE_LOOP ( 'NONE', ( #832, #474 ) ) ;
#1828 = DIRECTION ( 'NONE',  ( -1.000000000000000000, 1.128474576789395734E-32, 0.000000000000000000 ) ) ;
#1829 = EDGE_CURVE ( 'NONE', #486, #535, #1913, .T. ) ;
#1830 = EDGE_CURVE ( 'NONE', #732, #268, #550, .T. ) ;
#1831 = CARTESIAN_POINT ( 'NONE',  ( 5.537307204076442169, 4.037307204076400424, -19.92874584099969937 ) ) ;
#1832 = ORIENTED_EDGE ( 'NONE', *, *, #1191, .F. ) ;
#1833 = CARTESIAN_POINT ( 'NONE',  ( 5.878679656440354506, 3.792893218813448986, -20.00000000000000000 ) ) ;
#1834 = ORIENTED_EDGE ( 'NONE', *, *, #1413, .T. ) ;
#1835 = CYLINDRICAL_SURFACE ( 'NONE', #1608, 1.500000000000000000 ) ;
#1836 = CARTESIAN_POINT ( 'NONE',  ( -3.500000000000000888, 45.00000000000000000, -1.250000000000005551 ) ) ;
#1837 = ADVANCED_FACE ( 'NONE', ( #387, #1160 ), #692, .T. ) ;
#1838 = CARTESIAN_POINT ( 'NONE',  ( 5.755428405311151074, 3.751809468437037332, -19.81067960955683560 ) ) ;
#1839 = VECTOR ( 'NONE', #685, 1000.000000000000000 ) ;
#1840 = DIRECTION ( 'NONE',  ( -0.000000000000000000, 1.000000000000000000, -0.000000000000000000 ) ) ;
#1841 = VERTEX_POINT ( 'NONE', #1326 ) ;
#1842 = AXIS2_PLACEMENT_3D ( 'NONE', #1256, #1899, #468 ) ;
#1843 = CARTESIAN_POINT ( 'NONE',  ( 6.499999999999996447, 3.999999999999998224, -18.50000000000000355 ) ) ;
#1844 = AXIS2_PLACEMENT_3D ( 'NONE', #2063, #467, #1763 ) ;
#1845 = VERTEX_POINT ( 'NONE', #1645 ) ;
#1846 = AXIS2_PLACEMENT_3D ( 'NONE', #1492, #1172, #342 ) ;
#1847 = DIRECTION ( 'NONE',  ( -1.301042606982605321E-16, 0.000000000000000000, -1.000000000000000000 ) ) ;
#1848 = AXIS2_PLACEMENT_3D ( 'NONE', #214, #851, #1490 ) ;
#1849 = CARTESIAN_POINT ( 'NONE',  ( 6.128200527441169498, 4.628200527441199696, -19.55402460371083961 ) ) ;
#1850 = EDGE_CURVE ( 'NONE', #667, #1302, #417, .T. ) ;
#1851 = DIRECTION ( 'NONE',  ( -1.000000000000000000, -0.000000000000000000, 1.301042606982605321E-16 ) ) ;
#1852 = ORIENTED_EDGE ( 'NONE', *, *, #1909, .T. ) ;
#1853 = DIRECTION ( 'NONE',  ( -0.000000000000000000, -0.000000000000000000, -1.000000000000000000 ) ) ;
#1854 = VERTEX_POINT ( 'NONE', #996 ) ;
#1855 = LINE ( 'NONE', #403, #1014 ) ;
#1856 = CARTESIAN_POINT ( 'NONE',  ( -6.499999994035270845, 4.999999994035233541, -18.66387239871185599 ) ) ;
#1857 = CARTESIAN_POINT ( 'NONE',  ( 6.336082918170687250, 4.836082918170671263, -19.24792886681053261 ) ) ;
#1858 = DIRECTION ( 'NONE',  ( -0.000000000000000000, 1.000000000000000000, 0.000000000000000000 ) ) ;
#1859 = ORIENTED_EDGE ( 'NONE', *, *, #39, .F. ) ;
#1860 = CARTESIAN_POINT ( 'NONE',  ( -5.500000000000004441, 3.999999999999998224, -18.50000000000000355 ) ) ;
#1861 = CARTESIAN_POINT ( 'NONE',  ( 6.500000000000004441, 35.82531754730548101, -6.250000000000004441 ) ) ;
#1862 = CARTESIAN_POINT ( 'NONE',  ( 5.000000000000004441, 3.499999999999994671, 19.99999999999999645 ) ) ;
#1863 = EDGE_LOOP ( 'NONE', ( #1825, #1135, #828, #558 ) ) ;
#1864 = CARTESIAN_POINT ( 'NONE',  ( 0.000000000000000000, 0.000000000000000000, -10.00000000000000000 ) ) ;
#1865 = DIRECTION ( 'NONE',  ( -1.000000000000000000, 0.000000000000000000, 1.301042606982605074E-16 ) ) ;
#1866 = ORIENTED_EDGE ( 'NONE', *, *, #861, .F. ) ;
#1867 = CARTESIAN_POINT ( 'NONE',  ( 0.9999999999999986677, 31.88748865697795054, -1.250000000000004441 ) ) ;
#1868 = EDGE_LOOP ( 'NONE', ( #950, #974 ) ) ;
#1869 = CARTESIAN_POINT ( 'NONE',  ( 6.500000000000005329, 14.17468245269451188, 4.749999999999998224 ) ) ;
#1870 = CARTESIAN_POINT ( 'NONE',  ( 5.000000000000002665, 3.499999999999994671, 19.99999999999999645 ) ) ;
#1871 = VERTEX_POINT ( 'NONE', #338 ) ;
#1872 = EDGE_CURVE ( 'NONE', #729, #959, #223, .T. ) ;
#1873 = DIRECTION ( 'NONE',  ( -1.000000000000000000, 0.000000000000000000, 0.000000000000000000 ) ) ;
#1874 = VECTOR ( 'NONE', #1259, 1000.000000000000000 ) ;
#1875 = VECTOR ( 'NONE', #227, 1000.000000000000000 ) ;
#1876 = DIRECTION ( 'NONE',  ( 0.000000000000000000, -1.000000000000000000, 0.000000000000000000 ) ) ;
#1877 = AXIS2_PLACEMENT_3D ( 'NONE', #1864, #879, #1538 ) ;
#1878 = ORIENTED_EDGE ( 'NONE', *, *, #524, .T. ) ;
#1879 = AXIS2_PLACEMENT_3D ( 'NONE', #1903, #475, #320 ) ;
#1880 = DIRECTION ( 'NONE',  ( -1.301042606982605074E-16, -0.000000000000000000, -1.000000000000000000 ) ) ;
#1881 = ORIENTED_EDGE ( 'NONE', *, *, #264, .F. ) ;
#1882 = FACE_BOUND ( 'NONE', #469, .T. ) ;
#1883 = DIRECTION ( 'NONE',  ( -1.000000000000000000, 0.000000000000000000, 1.301042606982605074E-16 ) ) ;
#1884 = ORIENTED_EDGE ( 'NONE', *, *, #374, .F. ) ;
#1885 = FACE_OUTER_BOUND ( 'NONE', #766, .T. ) ;
#1886 = LINE ( 'NONE', #640, #311 ) ;
#1887 = ADVANCED_FACE ( 'NONE', ( #199 ), #1480, .F. ) ;
#1888 = VERTEX_POINT ( 'NONE', #180 ) ;
#1889 = EDGE_CURVE ( 'NONE', #1655, #1129, #650, .T. ) ;
#1890 = CARTESIAN_POINT ( 'NONE',  ( 1.999999999999998668, 24.99999999999999645, -3.729655473350134464E-15 ) ) ;
#1891 = CARTESIAN_POINT ( 'NONE',  ( -2.000000000000000888, 45.00000000000000000, -1.250000000000005773 ) ) ;
#1892 = ORIENTED_EDGE ( 'NONE', *, *, #2021, .T. ) ;
#1893 = CARTESIAN_POINT ( 'NONE',  ( 4.500000000000000888, 5.999999999999994671, 18.50000000000000000 ) ) ;
#1894 = DIRECTION ( 'NONE',  ( -1.000000000000000000, 1.128474576789395734E-32, 0.000000000000000000 ) ) ;
#1895 = CARTESIAN_POINT ( 'NONE',  ( -6.500000000000001776, 0.000000000000000000, 8.456776945386935571E-16 ) ) ;
#1896 = DIRECTION ( 'NONE',  ( 1.239088197126291310E-16, 0.000000000000000000, 1.000000000000000000 ) ) ;
#1897 = ORIENTED_EDGE ( 'NONE', *, *, #61, .T. ) ;
#1898 = LINE ( 'NONE', #1774, #1705 ) ;
#1899 = DIRECTION ( 'NONE',  ( 0.000000000000000000, 0.000000000000000000, -1.000000000000000000 ) ) ;
#1900 = ORIENTED_EDGE ( 'NONE', *, *, #339, .F. ) ;
#1901 = CARTESIAN_POINT ( 'NONE',  ( -5.977472092058351727, 4.477472092058366826, 19.69639340368161129 ) ) ;
#1902 = DIRECTION ( 'NONE',  ( 1.000000000000000000, 0.000000000000000000, -1.301042606982605567E-16 ) ) ;
#1903 = CARTESIAN_POINT ( 'NONE',  ( 3.499999999999999556, 35.82531754730548101, 6.249999999999991118 ) ) ;
#1904 = CIRCLE ( 'NONE', #1504, 1.499999999999998668 ) ;
#1905 = AXIS2_PLACEMENT_3D ( 'NONE', #762, #1397, #929 ) ;
#1906 = CARTESIAN_POINT ( 'NONE',  ( -5.000000000000001776, 3.499999999999994227, -20.00000000000000355 ) ) ;
#1907 = ORIENTED_EDGE ( 'NONE', *, *, #855, .T. ) ;
#1908 = VECTOR ( 'NONE', #934, 1000.000000000000000 ) ;
#1909 = EDGE_CURVE ( 'NONE', #497, #1619, #616, .T. ) ;
#1910 = CARTESIAN_POINT ( 'NONE',  ( -3.500000000000003553, 45.00000000000000000, -20.00000000000000355 ) ) ;
#1911 = TOROIDAL_SURFACE ( 'NONE', #1012, 2.500000000000000000, 1.500000000000000000 ) ;
#1912 = FACE_OUTER_BOUND ( 'NONE', #1599, .T. ) ;
#1913 = CIRCLE ( 'NONE', #577, 1.900000000000000577 ) ;
#1914 = ORIENTED_EDGE ( 'NONE', *, *, #1620, .T. ) ;
#1915 = CARTESIAN_POINT ( 'NONE',  ( -5.921820141668991511, 3.807273380556349007, 19.69950020189064332 ) ) ;
#1916 = EDGE_CURVE ( 'NONE', #959, #135, #1240, .T. ) ;
#1917 = ORIENTED_EDGE ( 'NONE', *, *, #1553, .F. ) ;
#1918 = DIRECTION ( 'NONE',  ( -1.000000000000000000, -0.000000000000000000, 1.301042606982605074E-16 ) ) ;
#1919 = LINE ( 'NONE', #124, #1443 ) ;
#1920 = ORIENTED_EDGE ( 'NONE', *, *, #1788, .T. ) ;
#1921 = FACE_BOUND ( 'NONE', #523, .T. ) ;
#1922 = CARTESIAN_POINT ( 'NONE',  ( 0.9999999999999986677, 45.00000000000000000, -1.250000000000005995 ) ) ;
#1923 = ORIENTED_EDGE ( 'NONE', *, *, #708, .T. ) ;
#1924 = DIRECTION ( 'NONE',  ( 0.000000000000000000, 0.000000000000000000, 1.000000000000000000 ) ) ;
#1925 = ORIENTED_EDGE ( 'NONE', *, *, #105, .T. ) ;
#1926 = DIRECTION ( 'NONE',  ( 0.000000000000000000, 0.000000000000000000, 1.000000000000000000 ) ) ;
#1927 = ORIENTED_EDGE ( 'NONE', *, *, #1689, .T. ) ;
#1928 = CARTESIAN_POINT ( 'NONE',  ( -5.901183129446724962, 4.401183129446716968, -19.75167855023906682 ) ) ;
#1929 = CARTESIAN_POINT ( 'NONE',  ( 6.500000000000005329, 35.82531754730548101, 6.249999999999991118 ) ) ;
#1930 = CARTESIAN_POINT ( 'NONE',  ( 1.999999999999999556, 45.00000000000000000, 19.99999999999999645 ) ) ;
#1931 = FACE_OUTER_BOUND ( 'NONE', #116, .T. ) ;
#1932 = VERTEX_POINT ( 'NONE', #682 ) ;
#1933 = ORIENTED_EDGE ( 'NONE', *, *, #424, .F. ) ;
#1934 = ORIENTED_EDGE ( 'NONE', *, *, #1348, .T. ) ;
#1935 = DIRECTION ( 'NONE',  ( 0.000000000000000000, 0.000000000000000000, -1.000000000000000000 ) ) ;
#1936 = CIRCLE ( 'NONE', #1638, 1.000000000000000000 ) ;
#1937 = ORIENTED_EDGE ( 'NONE', *, *, #1295, .T. ) ;
#1938 = VECTOR ( 'NONE', #144, 1000.000000000000000 ) ;
#1939 = CARTESIAN_POINT ( 'NONE',  ( 6.500000000000004441, 14.17468245269451543, -6.250000000000006217 ) ) ;
#1940 = VECTOR ( 'NONE', #1665, 1000.000000000000000 ) ;
#1941 = CARTESIAN_POINT ( 'NONE',  ( 0.9999999999999986677, 31.88748865697795054, 1.249999999999996003 ) ) ;
#1942 = CARTESIAN_POINT ( 'NONE',  ( 6.452024985329297913, 3.984008328443097380, 18.88892379092509088 ) ) ;
#1943 = ORIENTED_EDGE ( 'NONE', *, *, #397, .T. ) ;
#1944 = AXIS2_PLACEMENT_3D ( 'NONE', #376, #704, #1010 ) ;
#1945 = VERTEX_POINT ( 'NONE', #190 ) ;
#1946 = DIRECTION ( 'NONE',  ( 0.000000000000000000, 0.000000000000000000, -1.000000000000000000 ) ) ;
#1947 = ADVANCED_FACE ( 'NONE', ( #1631 ), #372, .T. ) ;
#1948 = VERTEX_POINT ( 'NONE', #67 ) ;
#1949 = LINE ( 'NONE', #525, #210 ) ;
#1950 = FACE_OUTER_BOUND ( 'NONE', #74, .T. ) ;
#1951 = CARTESIAN_POINT ( 'NONE',  ( -5.500000000000004441, 4.999999999999998224, -18.50000000000000355 ) ) ;
#1952 = CARTESIAN_POINT ( 'NONE',  ( 3.499999999999997780, 35.82531754730548101, -6.250000000000004441 ) ) ;
#1953 = CARTESIAN_POINT ( 'NONE',  ( 5.500000000000002665, 4.999999999999994671, 18.49999999999999645 ) ) ;
#1954 = VERTEX_POINT ( 'NONE', #730 ) ;
#1955 = CARTESIAN_POINT ( 'NONE',  ( -3.499999999999998224, 45.00000000000000000, 19.99999999999999645 ) ) ;
#1956 = EDGE_LOOP ( 'NONE', ( #1937, #850, #1366, #858, #625, #897, #1469, #457 ) ) ;
#1957 = CARTESIAN_POINT ( 'NONE',  ( -4.499999999999998224, 4.999999999999994671, 18.49999999999999645 ) ) ;
#1958 = ORIENTED_EDGE ( 'NONE', *, *, #1704, .T. ) ;
#1959 = DIRECTION ( 'NONE',  ( 0.000000000000000000, 0.000000000000000000, 1.000000000000000000 ) ) ;
#1960 = CARTESIAN_POINT ( 'NONE',  ( 5.537307204076448386, 4.037307204076360456, 19.92874584099954305 ) ) ;
#1961 = EDGE_CURVE ( 'NONE', #915, #128, #211, .T. ) ;
#1962 = EDGE_LOOP ( 'NONE', ( #592, #1497, #724, #421 ) ) ;
#1963 = CYLINDRICAL_SURFACE ( 'NONE', #479, 1.500000000000000000 ) ;
#1964 = FACE_OUTER_BOUND ( 'NONE', #448, .T. ) ;
#1965 = CARTESIAN_POINT ( 'NONE',  ( -4.999999999999998224, 3.499999999999995559, 19.99999999999999645 ) ) ;
#1966 =( LENGTH_UNIT ( ) NAMED_UNIT ( * ) SI_UNIT ( .MILLI., .METRE. ) );
#1967 = VECTOR ( 'NONE', #1858, 1000.000000000000000 ) ;
#1968 = DIRECTION ( 'NONE',  ( 0.000000000000000000, 0.000000000000000000, 1.000000000000000000 ) ) ;
#1969 = CARTESIAN_POINT ( 'NONE',  ( -3.500000000000003553, 0.000000000000000000, -20.00000000000000355 ) ) ;
#1970 = AXIS2_PLACEMENT_3D ( 'NONE', #1564, #452, #134 ) ;
#1971 = MECHANICAL_DESIGN_GEOMETRIC_PRESENTATION_REPRESENTATION (  '', ( #903 ), #1171 ) ;
#1972 = ORIENTED_EDGE ( 'NONE', *, *, #648, .F. ) ;
#1973 = AXIS2_PLACEMENT_3D ( 'NONE', #1500, #1635, #684 ) ;
#1974 = ORIENTED_EDGE ( 'NONE', *, *, #1517, .F. ) ;
#1975 = VECTOR ( 'NONE', #1853, 1000.000000000000000 ) ;
#1976 = CARTESIAN_POINT ( 'NONE',  ( -3.500000000000003553, 5.999999999999998224, -20.00000000000000711 ) ) ;
#1977 = DIRECTION ( 'NONE',  ( 1.239088197126291310E-16, 0.000000000000000000, 1.000000000000000000 ) ) ;
#1978 = CARTESIAN_POINT ( 'NONE',  ( 5.499999999934556350, 4.999999999999995559, -18.59817583765533300 ) ) ;
#1979 = CARTESIAN_POINT ( 'NONE',  ( 6.130080186835225042, 3.876693395611728654, 19.49124015672441601 ) ) ;
#1980 = DIRECTION ( 'NONE',  ( 1.000000000000000000, -0.000000000000000000, -1.301042606982605321E-16 ) ) ;
#1981 = ORIENTED_EDGE ( 'NONE', *, *, #1718, .T. ) ;
#1982 = LINE ( 'NONE', #742, #1448 ) ;
#1983 = CARTESIAN_POINT ( 'NONE',  ( -1.999999999999998668, 45.00000000000000000, 19.99999999999999645 ) ) ;
#1984 = ORIENTED_EDGE ( 'NONE', *, *, #370, .F. ) ;
#1985 = DIRECTION ( 'NONE',  ( 0.000000000000000000, 0.000000000000000000, 1.000000000000000000 ) ) ;
#1986 =( BOUNDED_SURFACE ( )  B_SPLINE_SURFACE ( 3, 2, ( 
 ( #278, #911, #1529 ),
 ( #245, #1856, #1081 ),
 ( #86, #115, #437 ),
 ( #427, #94, #756 ),
 ( #735, #726, #2027 ),
 ( #2018, #591, #581 ),
 ( #1717, #1511, #1061 ),
 ( #1361, #620, #1737 ),
 ( #1276, #1928, #812 ),
 ( #2038, #1558, #297 ),
 ( #765, #1121, #946 ),
 ( #456, #312, #652 ),
 ( #501, #330, #1403 ),
 ( #1089, #1906, #1725 ) ),
 .UNSPECIFIED., .F., .F., .T. ) 
 B_SPLINE_SURFACE_WITH_KNOTS ( ( 4, 2, 2, 2, 2, 2, 4 ),
 ( 3, 3 ),
 ( 6.283185307179586232, 6.479534848028948524, 6.675884388878310816, 6.872233929727672219, 7.068583470577034511, 7.461282552275758206, 7.853981633974482790 ),
 ( 0.000000000000000000, 1.000000000000000000 ),
 .UNSPECIFIED. ) 
 GEOMETRIC_REPRESENTATION_ITEM ( )  RATIONAL_B_SPLINE_SURFACE ( (
 ( 1.000000000000000000, 0.7071067811865477948, 1.000000000000000000),
 ( 1.000000000000000000, 0.7070717008705381668, 1.000000000000000000),
 ( 1.000000000000000000, 0.7117460391535140873, 1.000000000000000000),
 ( 1.000000000000000000, 0.7291288573898032643, 1.000000000000000000),
 ( 1.000000000000000000, 0.7418334672881623515, 1.000000000000000000),
 ( 1.000000000000000000, 0.7723967724090418097, 1.000000000000000000),
 ( 1.000000000000000000, 0.7902180514827710223, 1.000000000000000000),
 ( 1.000000000000000000, 0.8275942267605701508, 1.000000000000000000),
 ( 1.000000000000000000, 0.8471316911967892160, 1.000000000000000000),
 ( 1.000000000000000000, 0.9038128289597342491, 1.000000000000000000),
 ( 1.000000000000000000, 0.9386556746367810122, 1.000000000000000000),
 ( 1.000000000000000000, 0.9867291651255317708, 1.000000000000000000),
 ( 1.000000000000000000, 1.000158598892036288, 1.000000000000000000),
 ( 1.000000000000000000, 1.000000000000000000, 1.000000000000000000) ) ) 
 REPRESENTATION_ITEM ( '' )  SURFACE ( )  );
#1987 = EDGE_CURVE ( 'NONE', #2047, #658, #552, .T. ) ;
#1988 = FACE_OUTER_BOUND ( 'NONE', #683, .T. ) ;
#1989 = CARTESIAN_POINT ( 'NONE',  ( 6.452024985329292583, 3.984008328443098268, -18.88892379092509799 ) ) ;
#1990 = CARTESIAN_POINT ( 'NONE',  ( 0.9999999999999986677, 24.99999999999969447, -4.141652298894626149E-15 ) ) ;
#1991 = ORIENTED_EDGE ( 'NONE', *, *, #228, .T. ) ;
#1992 = CARTESIAN_POINT ( 'NONE',  ( 4.999999999999996447, 3.499999999999996003, -20.00000000000000355 ) ) ;
#1993 = EDGE_LOOP ( 'NONE', ( #1419, #200, #323, #362 ) ) ;
#1994 = CARTESIAN_POINT ( 'NONE',  ( -6.500000000000004441, 3.999999999999998224, -18.50000000000000355 ) ) ;
#1995 = LINE ( 'NONE', #1836, #138 ) ;
#1996 = ADVANCED_FACE ( 'NONE', ( #2013, #1180, #258, #1662, #432, #1498, #1377, #1335 ), #270, .F. ) ;
#1997 = ADVANCED_FACE ( 'NONE', ( #1505 ), #723, .F. ) ;
#1998 = LINE ( 'NONE', #1867, #1700 ) ;
#1999 = EDGE_LOOP ( 'NONE', ( #1579, #985 ) ) ;
#2000 = VECTOR ( 'NONE', #1495, 1000.000000000000000 ) ;
#2001 = DIRECTION ( 'NONE',  ( -1.000000000000000000, -0.000000000000000000, 1.301042606982605074E-16 ) ) ;
#2002 = AXIS2_PLACEMENT_3D ( 'NONE', #1200, #1369, #2008 ) ;
#2003 = PLANE ( 'NONE',  #971 ) ;
#2004 = ORIENTED_EDGE ( 'NONE', *, *, #954, .F. ) ;
#2005 = CIRCLE ( 'NONE', #275, 1.500000000000001332 ) ;
#2006 = DIRECTION ( 'NONE',  ( 0.000000000000000000, 0.000000000000000000, 1.000000000000000000 ) ) ;
#2007 = AXIS2_PLACEMENT_3D ( 'NONE', #1293, #532, #975 ) ;
#2008 = DIRECTION ( 'NONE',  ( 1.577021341797098300E-16, 0.000000000000000000, 1.000000000000000000 ) ) ;
#2009 = CARTESIAN_POINT ( 'NONE',  ( 5.251809468437057760, 4.255428405311115547, -19.81067960955684981 ) ) ;
#2010 = DIRECTION ( 'NONE',  ( 0.000000000000000000, -1.000000000000000000, 1.488321999822292987E-16 ) ) ;
#2011 = ORIENTED_EDGE ( 'NONE', *, *, #188, .T. ) ;
#2012 = EDGE_CURVE ( 'NONE', #838, #1537, #1031, .T. ) ;
#2013 = FACE_BOUND ( 'NONE', #431, .T. ) ;
#2014 = DIRECTION ( 'NONE',  ( 0.000000000000000000, -1.000000000000000000, 0.000000000000000000 ) ) ;
#2015 = DIRECTION ( 'NONE',  ( 0.000000000000000000, -1.000000000000000000, 0.000000000000000000 ) ) ;
#2016 = EDGE_LOOP ( 'NONE', ( #1257, #1920 ) ) ;
#2017 = CARTESIAN_POINT ( 'NONE',  ( -4.500000000000003553, 5.999999999999998224, -18.50000000000000355 ) ) ;
#2018 = CARTESIAN_POINT ( 'NONE',  ( -5.449416487498762507, 4.848249462496245776, -19.16472675680845228 ) ) ;
#2019 = ORIENTED_EDGE ( 'NONE', *, *, #1582, .T. ) ;
#2020 = CARTESIAN_POINT ( 'NONE',  ( -5.499999999999999112, 4.999999999999994671, 18.49999999999999645 ) ) ;
#2021 = EDGE_CURVE ( 'NONE', #1127, #1035, #1611, .T. ) ;
#2022 = EDGE_LOOP ( 'NONE', ( #1644, #13, #1484 ) ) ;
#2023 = FACE_OUTER_BOUND ( 'NONE', #453, .T. ) ;
#2024 = CARTESIAN_POINT ( 'NONE',  ( 3.500000000000000000, 25.00000000000000000, 10.99999999999999467 ) ) ;
#2025 = ORIENTED_EDGE ( 'NONE', *, *, #1400, .T. ) ;
#2026 = FACE_OUTER_BOUND ( 'NONE', #326, .T. ) ;
#2027 = CARTESIAN_POINT ( 'NONE',  ( -6.423389135037614217, 3.974463045012525786, -18.98332354028682190 ) ) ;
#2028 = VERTEX_POINT ( 'NONE', #249 ) ;
#2029 = DIRECTION ( 'NONE',  ( -1.301042606982605074E-16, 8.673617379884034239E-17, -1.000000000000000000 ) ) ;
#2030 = ORIENTED_EDGE ( 'NONE', *, *, #538, .F. ) ;
#2031 = DIRECTION ( 'NONE',  ( 0.000000000000000000, -1.000000000000000000, 0.000000000000000000 ) ) ;
#2032 = CARTESIAN_POINT ( 'NONE',  ( -3.500000000000000000, 14.17468245269451188, 4.749999999999999112 ) ) ;
#2033 = ORIENTED_EDGE ( 'NONE', *, *, #1202, .T. ) ;
#2034 = EDGE_CURVE ( 'NONE', #335, #1526, #142, .T. ) ;
#2035 = CARTESIAN_POINT ( 'NONE',  ( 2.326828918379970872E-16, 10.00000000000000000, 11.90000000000000036 ) ) ;
#2036 = TOROIDAL_SURFACE ( 'NONE', #1736, 2.500000000000000000, 1.500000000000000000 ) ;
#2037 = CIRCLE ( 'NONE', #547, 1.500000000000001332 ) ;
#2038 = CARTESIAN_POINT ( 'NONE',  ( -5.307273380556370768, 4.421820141669027926, -19.69950020189061490 ) ) ;
#2039 = AXIS2_PLACEMENT_3D ( 'NONE', #2050, #611, #1896 ) ;
#2040 = ORIENTED_EDGE ( 'NONE', *, *, #1189, .F. ) ;
#2041 = VECTOR ( 'NONE', #1250, 1000.000000000000000 ) ;
#2042 = DIRECTION ( 'NONE',  ( -0.000000000000000000, -1.000000000000000000, -0.000000000000000000 ) ) ;
#2043 = DIRECTION ( 'NONE',  ( 0.000000000000000000, 0.000000000000000000, -1.000000000000000000 ) ) ;
#2044 = ORIENTED_EDGE ( 'NONE', *, *, #666, .F. ) ;
#2045 = CARTESIAN_POINT ( 'NONE',  ( 4.499999999999996447, 5.999999999999998224, -20.00000000000000711 ) ) ;
#2046 = DIRECTION ( 'NONE',  ( 1.000000000000000000, 0.000000000000000000, 0.000000000000000000 ) ) ;
#2047 = VERTEX_POINT ( 'NONE', #1349 ) ;
#2048 = DIRECTION ( 'NONE',  ( -1.000000000000000000, -0.000000000000000000, 1.301042606982605074E-16 ) ) ;
#2049 = EDGE_CURVE ( 'NONE', #231, #1212, #980, .T. ) ;
#2050 = CARTESIAN_POINT ( 'NONE',  ( 1.999999999999998668, 24.99999999999999645, -3.729655473350134464E-15 ) ) ;
#2051 = ORIENTED_EDGE ( 'NONE', *, *, #759, .F. ) ;
#2052 = EDGE_CURVE ( 'NONE', #120, #1663, #1237, .T. ) ;
#2053 = CARTESIAN_POINT ( 'NONE',  ( 5.500000000000001776, 4.999999999999994671, 18.49999999999999645 ) ) ;
#2054 = DIRECTION ( 'NONE',  ( -1.000000000000000000, -0.000000000000000000, 1.301042606982605074E-16 ) ) ;
#2055 = EDGE_LOOP ( 'NONE', ( #329, #845, #240, #1719 ) ) ;
#2056 = CARTESIAN_POINT ( 'NONE',  ( -5.499999999934557238, 4.999999999999994671, 18.59817583765531879 ) ) ;
#2057 = CYLINDRICAL_SURFACE ( 'NONE', #1643, 1.000000000000000000 ) ;
#2058 = EDGE_LOOP ( 'NONE', ( #393, #466, #1087, #36 ) ) ;
#2059 = DIRECTION ( 'NONE',  ( -0.000000000000000000, -0.000000000000000000, 1.000000000000000000 ) ) ;
#2060 = EDGE_CURVE ( 'NONE', #1854, #1246, #1017, .T. ) ;
#2061 = CARTESIAN_POINT ( 'NONE',  ( -1.999999999999998224, 45.00000000000000000, 18.49999999999999645 ) ) ;
#2062 = ORIENTED_EDGE ( 'NONE', *, *, #2012, .T. ) ;
#2063 = CARTESIAN_POINT ( 'NONE',  ( 3.499999999999998668, 24.99999999999999645, -3.924811864397524473E-15 ) ) ;
#2064 = EDGE_CURVE ( 'NONE', #1648, #335, #1982, .T. ) ;
#2065 = CARTESIAN_POINT ( 'NONE',  ( 6.500000000000004441, 14.17468245269451543, -7.750000000000005329 ) ) ;
#2066 = ORIENTED_EDGE ( 'NONE', *, *, #1386, .F. ) ;
ENDSEC;
END-ISO-10303-21;
