ISO-10303-21;
HEADER;
FILE_DESCRIPTION (( 'STEP AP214' ),
    '1' );
FILE_NAME ('Rear-Top-Suspension-Arm.STEP',
    '2026-06-29T18:39:05',
    ( '' ),
    ( '' ),
    'SwSTEP 2.0',
    'SolidWorks 2026',
    '' );
FILE_SCHEMA (( 'AUTOMOTIVE_DESIGN' ));
ENDSEC;

DATA;
#1 = CIRCLE ( 'NONE', #798, 2.250000000000001776 ) ;
#2 = CARTESIAN_POINT ( 'NONE',  ( -14.03049878776889692, 0.07197282501866493487, 41.42501199077208440 ) ) ;
#3 = VECTOR ( 'NONE', #1962, 1000.000000000000000 ) ;
#4 = DIRECTION ( 'NONE',  ( 0.000000000000000000, 0.9782523089410951611, -0.2074184660328389773 ) ) ;
#5 = CARTESIAN_POINT ( 'NONE',  ( 10.08994279943170902, 12.00000000000000000, 14.22598176875283649 ) ) ;
#6 = DIRECTION ( 'NONE',  ( 0.000000000000000000, 0.000000000000000000, -1.000000000000000000 ) ) ;
#7 = VECTOR ( 'NONE', #2323, 1000.000000000000000 ) ;
#8 = DIRECTION ( 'NONE',  ( 0.000000000000000000, 1.000000000000000000, 0.000000000000000000 ) ) ;
#9 = EDGE_LOOP ( 'NONE', ( #1304, #206, #959, #1806 ) ) ;
#10 = AXIS2_PLACEMENT_3D ( 'NONE', #583, #115, #3005 ) ;
#11 = CARTESIAN_POINT ( 'NONE',  ( -0.1904478628200045320, 0.000000000000000000, -12.03359361332782207 ) ) ;
#12 = EDGE_CURVE ( 'NONE', #2272, #2413, #911, .T. ) ;
#13 = EDGE_CURVE ( 'NONE', #2429, #1324, #1379, .T. ) ;
#14 = PLANE ( 'NONE',  #808 ) ;
#15 = DIRECTION ( 'NONE',  ( 0.000000000000000000, 1.000000000000000000, 0.000000000000000000 ) ) ;
#16 = ADVANCED_FACE ( 'NONE', ( #1897 ), #684, .F. ) ;
#17 = DIRECTION ( 'NONE',  ( 0.7071067811865527908, 0.000000000000000000, 0.7071067811865422437 ) ) ;
#18 = ORIENTED_EDGE ( 'NONE', *, *, #277, .F. ) ;
#19 = CARTESIAN_POINT ( 'NONE',  ( 12.25000000000000355, 0.000000000000000000, -22.60292456913803250 ) ) ;
#20 = CARTESIAN_POINT ( 'NONE',  ( -17.25000000000001776, 6.000000000000000000, 38.75000000000000711 ) ) ;
#21 = FACE_OUTER_BOUND ( 'NONE', #83, .T. ) ;
#22 = ORIENTED_EDGE ( 'NONE', *, *, #656, .F. ) ;
#23 = PRODUCT_DEFINITION_SHAPE ( 'NONE', 'NONE',  #540 ) ;
#24 = DIRECTION ( 'NONE',  ( 8.673617379884034239E-17, 0.000000000000000000, 1.000000000000000000 ) ) ;
#25 = DIRECTION ( 'NONE',  ( 0.000000000000000000, 0.000000000000000000, 1.000000000000000000 ) ) ;
#26 = CARTESIAN_POINT ( 'NONE',  ( 10.08994279943171080, 12.00000000000000000, -1.546096169889713767 ) ) ;
#27 = EDGE_CURVE ( 'NONE', #1599, #2258, #1659, .T. ) ;
#28 = EDGE_CURVE ( 'NONE', #2862, #995, #425, .T. ) ;
#29 = LINE ( 'NONE', #988, #2022 ) ;
#30 = CARTESIAN_POINT ( 'NONE',  ( -11.75000000000000888, 0.000000000000000000, 16.10292456913795789 ) ) ;
#31 = EDGE_LOOP ( 'NONE', ( #925, #1145, #2512, #971, #1195, #572, #802 ) ) ;
#32 = ADVANCED_FACE ( 'NONE', ( #407 ), #213, .F. ) ;
#33 = CARTESIAN_POINT ( 'NONE',  ( -17.24369769024708887, 8.228357800772348796, -38.39144832936156604 ) ) ;
#34 = CARTESIAN_POINT ( 'NONE',  ( -16.62055969550056744, 10.15743979473691994, 43.52003967755356939 ) ) ;
#35 = EDGE_LOOP ( 'NONE', ( #2797, #692, #2759, #1390 ) ) ;
#36 = CARTESIAN_POINT ( 'NONE',  ( -12.25000000000001066, 0.000000000000000000, -1.249999999999728884 ) ) ;
#37 = VECTOR ( 'NONE', #2889, 1000.000000000000000 ) ;
#38 = DIRECTION ( 'NONE',  ( 0.000000000000000000, 0.000000000000000000, -1.000000000000000000 ) ) ;
#39 = FACE_BOUND ( 'NONE', #2050, .T. ) ;
#40 = AXIS2_PLACEMENT_3D ( 'NONE', #2586, #1832, #924 ) ;
#41 = ORIENTED_EDGE ( 'NONE', *, *, #1200, .F. ) ;
#42 = AXIS2_PLACEMENT_3D ( 'NONE', #282, #2752, #1252 ) ;
#43 = PLANE ( 'NONE',  #2226 ) ;
#44 = DIRECTION ( 'NONE',  ( -0.000000000000000000, 1.000000000000000000, -0.000000000000000000 ) ) ;
#45 = EDGE_CURVE ( 'NONE', #2313, #523, #3065, .T. ) ;
#46 = ORIENTED_EDGE ( 'NONE', *, *, #723, .T. ) ;
#47 = AXIS2_PLACEMENT_3D ( 'NONE', #2481, #2971, #2697 ) ;
#48 = EDGE_CURVE ( 'NONE', #2986, #2458, #1444, .T. ) ;
#49 = VERTEX_POINT ( 'NONE', #54 ) ;
#50 = CARTESIAN_POINT ( 'NONE',  ( 5.214876645977557068, 12.00000000000000000, -5.921162323343799549 ) ) ;
#51 = VECTOR ( 'NONE', #1205, 1000.000000000000000 ) ;
#52 = ADVANCED_FACE ( 'NONE', ( #718 ), #2688, .F. ) ;
#53 = CARTESIAN_POINT ( 'NONE',  ( -11.39644660940672516, 12.00000000000000000, -28.89644660940672338 ) ) ;
#54 = CARTESIAN_POINT ( 'NONE',  ( -11.75000000000001066, 12.00000000000000000, -0.5428932188131913028 ) ) ;
#55 = CARTESIAN_POINT ( 'NONE',  ( 17.24999999999998579, 4.000000000000000000, -43.75000000000000000 ) ) ;
#56 = EDGE_CURVE ( 'NONE', #2886, #2915, #1702, .T. ) ;
#57 = ORIENTED_EDGE ( 'NONE', *, *, #2775, .F. ) ;
#58 = CARTESIAN_POINT ( 'NONE',  ( 0.000000000000000000, 0.000000000000000000, -40.74999999999999289 ) ) ;
#59 = VECTOR ( 'NONE', #2356, 1000.000000000000000 ) ;
#60 = FACE_OUTER_BOUND ( 'NONE', #2260, .T. ) ;
#61 = CARTESIAN_POINT ( 'NONE',  ( 6.482675631477932576, 12.00000000000000000, -29.06761937508843729 ) ) ;
#62 = AXIS2_PLACEMENT_3D ( 'NONE', #1785, #827, #2082 ) ;
#63 = ORIENTED_EDGE ( 'NONE', *, *, #1398, .T. ) ;
#64 = VECTOR ( 'NONE', #2276, 1000.000000000000000 ) ;
#65 = LINE ( 'NONE', #333, #2285 ) ;
#66 = DIRECTION ( 'NONE',  ( 0.000000000000000000, 0.000000000000000000, 1.000000000000000000 ) ) ;
#67 = ORIENTED_EDGE ( 'NONE', *, *, #2461, .T. ) ;
#68 = ORIENTED_EDGE ( 'NONE', *, *, #1486, .T. ) ;
#69 = LINE ( 'NONE', #2958, #196 ) ;
#70 = LINE ( 'NONE', #2721, #2732 ) ;
#71 = FACE_OUTER_BOUND ( 'NONE', #847, .T. ) ;
#72 = PLANE ( 'NONE',  #1838 ) ;
#73 = EDGE_CURVE ( 'NONE', #1171, #1383, #2249, .T. ) ;
#74 = EDGE_LOOP ( 'NONE', ( #1245, #897, #1362, #3078 ) ) ;
#75 = LINE ( 'NONE', #1516, #1931 ) ;
#76 = ORIENTED_EDGE ( 'NONE', *, *, #2130, .T. ) ;
#77 = B_SPLINE_CURVE_WITH_KNOTS ( 'NONE', 3,
 ( #870, #1592, #1846, #2549, #1319, #1572, #350, #129, #1125, #1108, #1092, #2108, #3056, #369, #1339, #2056, #1857, #3018 ),
 .UNSPECIFIED., .F., .F.,
 ( 4, 2, 2, 2, 2, 2, 2, 2, 4 ),
 ( -1.264911580359485810E-05, 0.001540938485617771633, 0.002317732286328454735, 0.003094526087039137837, 0.003871319887749820939, 0.004648113688460504475, 0.005036510588815846026, 0.005424907489171186710, 0.006201701289881868077 ),
 .UNSPECIFIED. ) ;
#78 = FACE_BOUND ( 'NONE', #2793, .T. ) ;
#79 = ADVANCED_FACE ( 'NONE', ( #738 ), #1466, .F. ) ;
#80 = CARTESIAN_POINT ( 'NONE',  ( -17.12298334620743390, 9.000000000000001776, -43.75000000000000000 ) ) ;
#81 = CYLINDRICAL_SURFACE ( 'NONE', #1323, 0.5000000000000004441 ) ;
#82 = VERTEX_POINT ( 'NONE', #1226 ) ;
#83 = EDGE_LOOP ( 'NONE', ( #2870, #1086, #57, #618 ) ) ;
#84 = CARTESIAN_POINT ( 'NONE',  ( 17.24999999999998579, 12.00000000000000000, -43.75000000000000000 ) ) ;
#85 = CARTESIAN_POINT ( 'NONE',  ( 17.24217666697163409, 8.250050919413645545, -38.57311454310794829 ) ) ;
#86 = PLANE ( 'NONE',  #1563 ) ;
#87 = DIRECTION ( 'NONE',  ( -1.000000000000000000, -0.000000000000000000, -0.000000000000000000 ) ) ;
#88 = ORIENTED_EDGE ( 'NONE', *, *, #154, .T. ) ;
#89 = CARTESIAN_POINT ( 'NONE',  ( -17.24369769024707821, 3.771642199227648984, 38.39144832936158025 ) ) ;
#90 = CARTESIAN_POINT ( 'NONE',  ( -17.25000000000001776, 4.000000000000000000, 37.71922359359558641 ) ) ;
#91 = ORIENTED_EDGE ( 'NONE', *, *, #56, .F. ) ;
#92 = EDGE_CURVE ( 'NONE', #2131, #2649, #2411, .T. ) ;
#93 = EDGE_CURVE ( 'NONE', #335, #2750, #267, .T. ) ;
#94 = DIRECTION ( 'NONE',  ( 0.000000000000000000, 0.000000000000000000, 1.000000000000000000 ) ) ;
#95 = ORIENTED_EDGE ( 'NONE', *, *, #2974, .F. ) ;
#96 = AXIS2_PLACEMENT_3D ( 'NONE', #1494, #2172, #6 ) ;
#97 = DIRECTION ( 'NONE',  ( 1.000000000000000000, -0.000000000000000000, 0.000000000000000000 ) ) ;
#98 = AXIS2_PLACEMENT_3D ( 'NONE', #2614, #2085, #516 ) ;
#99 = DIRECTION ( 'NONE',  ( 1.000000000000000000, 0.000000000000000000, -1.084202172485504434E-16 ) ) ;
#100 = ORIENTED_EDGE ( 'NONE', *, *, #2434, .F. ) ;
#101 = ORIENTED_EDGE ( 'NONE', *, *, #1873, .T. ) ;
#102 = DIRECTION ( 'NONE',  ( 0.000000000000000000, 0.000000000000000000, 1.000000000000000000 ) ) ;
#103 = VECTOR ( 'NONE', #44, 1000.000000000000000 ) ;
#104 = CARTESIAN_POINT ( 'NONE',  ( 17.24999999999998579, 8.082469599857931897, -37.87923812117988831 ) ) ;
#105 = FACE_OUTER_BOUND ( 'NONE', #2948, .T. ) ;
#106 = CARTESIAN_POINT ( 'NONE',  ( -6.851697898724197877, 0.000000000000000000, 4.148302101276019727 ) ) ;
#107 = ORIENTED_EDGE ( 'NONE', *, *, #1387, .F. ) ;
#108 = DIRECTION ( 'NONE',  ( 0.000000000000000000, 0.000000000000000000, -1.000000000000000000 ) ) ;
#109 = DIRECTION ( 'NONE',  ( 0.000000000000000000, 0.000000000000000000, 1.000000000000000000 ) ) ;
#110 = ORIENTED_EDGE ( 'NONE', *, *, #2139, .T. ) ;
#111 = AXIS2_PLACEMENT_3D ( 'NONE', #1944, #1693, #488 ) ;
#112 = LINE ( 'NONE', #1072, #1066 ) ;
#113 = VERTEX_POINT ( 'NONE', #484 ) ;
#114 = AXIS2_PLACEMENT_3D ( 'NONE', #796, #316, #712 ) ;
#115 = DIRECTION ( 'NONE',  ( 1.000000000000000000, 0.000000000000000000, 0.000000000000000000 ) ) ;
#116 = AXIS2_PLACEMENT_3D ( 'NONE', #2142, #1197, #2101 ) ;
#117 = ORIENTED_EDGE ( 'NONE', *, *, #1218, .F. ) ;
#118 = ORIENTED_EDGE ( 'NONE', *, *, #306, .T. ) ;
#119 = FACE_OUTER_BOUND ( 'NONE', #920, .T. ) ;
#120 = CARTESIAN_POINT ( 'NONE',  ( 17.24366446680624421, 8.228966894538810806, -38.39460569019797731 ) ) ;
#121 = DIRECTION ( 'NONE',  ( 0.000000000000000000, -1.000000000000000000, 0.000000000000000000 ) ) ;
#122 = DIRECTION ( 'NONE',  ( -0.000000000000000000, -1.000000000000000000, 0.000000000000000000 ) ) ;
#123 = ORIENTED_EDGE ( 'NONE', *, *, #2741, .F. ) ;
#124 = DIRECTION ( 'NONE',  ( 0.000000000000000000, 0.000000000000000000, 1.000000000000000000 ) ) ;
#125 = CARTESIAN_POINT ( 'NONE',  ( -12.25000000000001421, 0.000000000000000000, -29.75000000000000000 ) ) ;
#126 = ORIENTED_EDGE ( 'NONE', *, *, #3088, .T. ) ;
#127 = CARTESIAN_POINT ( 'NONE',  ( 15.86305196752734581, 0.9631394494411019691, -42.96162718988809104 ) ) ;
#128 = ORIENTED_EDGE ( 'NONE', *, *, #2855, .F. ) ;
#129 = CARTESIAN_POINT ( 'NONE',  ( -15.69374440310097540, 0.8260846878426244544, -42.82592149099394874 ) ) ;
#130 = ORIENTED_EDGE ( 'NONE', *, *, #1371, .F. ) ;
#131 = EDGE_CURVE ( 'NONE', #2561, #432, #1210, .T. ) ;
#132 = EDGE_CURVE ( 'NONE', #1535, #2827, #227, .T. ) ;
#133 = ORIENTED_EDGE ( 'NONE', *, *, #3104, .T. ) ;
#134 = CARTESIAN_POINT ( 'NONE',  ( -16.62054963025775578, 1.842544384366861188, 43.52003312697993209 ) ) ;
#135 = DIRECTION ( 'NONE',  ( -0.000000000000000000, 1.000000000000000000, 0.000000000000000000 ) ) ;
#136 = CARTESIAN_POINT ( 'NONE',  ( -7.205251289317469165, 0.000000000000000000, 4.501855491869296344 ) ) ;
#137 = ORIENTED_EDGE ( 'NONE', *, *, #2656, .F. ) ;
#138 = CARTESIAN_POINT ( 'NONE',  ( -17.24366446680625842, 3.771033105461192303, 39.10539430980202269 ) ) ;
#139 = LINE ( 'NONE', #379, #2885 ) ;
#140 = ORIENTED_EDGE ( 'NONE', *, *, #650, .F. ) ;
#141 = DIRECTION ( 'NONE',  ( -0.000000000000000000, -1.000000000000000000, -0.000000000000000000 ) ) ;
#142 = VERTEX_POINT ( 'NONE', #952 ) ;
#143 = CARTESIAN_POINT ( 'NONE',  ( 13.24999999999998757, 4.000000000000000000, -43.75000000000000000 ) ) ;
#144 = CIRCLE ( 'NONE', #2516, 0.5000000000000004441 ) ;
#145 = ORIENTED_EDGE ( 'NONE', *, *, #2196, .F. ) ;
#146 = AXIS2_PLACEMENT_3D ( 'NONE', #265, #2421, #1235 ) ;
#147 = FACE_OUTER_BOUND ( 'NONE', #2151, .T. ) ;
#148 = EDGE_CURVE ( 'NONE', #49, #3015, #992, .T. ) ;
#149 = EDGE_CURVE ( 'NONE', #630, #2258, #945, .T. ) ;
#150 = DIRECTION ( 'NONE',  ( -0.3647612498231170841, 0.000000000000000000, 0.9311010850748040468 ) ) ;
#151 = CARTESIAN_POINT ( 'NONE',  ( -4.749326103440164815, 12.00000000000000000, -0.3964570517447096321 ) ) ;
#152 = AXIS2_PLACEMENT_3D ( 'NONE', #1654, #221, #17 ) ;
#153 = DIRECTION ( 'NONE',  ( 1.000000000000000000, -0.000000000000000000, -1.084202172485504434E-16 ) ) ;
#154 = EDGE_CURVE ( 'NONE', #2939, #2121, #288, .T. ) ;
#155 = CARTESIAN_POINT ( 'NONE',  ( 6.749999999999984901, 0.000000000000000000, -29.75000000000000000 ) ) ;
#156 = ORIENTED_EDGE ( 'NONE', *, *, #2852, .T. ) ;
#157 = CARTESIAN_POINT ( 'NONE',  ( -17.25000000000001421, 12.00000000000000000, -40.74999999999999289 ) ) ;
#158 = ORIENTED_EDGE ( 'NONE', *, *, #2528, .T. ) ;
#159 = CARTESIAN_POINT ( 'NONE',  ( -17.12298334620743390, 9.000000000000001776, -43.75000000000000000 ) ) ;
#160 = CIRCLE ( 'NONE', #1927, 0.5000000000000004441 ) ;
#161 = DIRECTION ( 'NONE',  ( 0.000000000000000000, 0.000000000000000000, 1.000000000000000000 ) ) ;
#162 = CIRCLE ( 'NONE', #2674, 2.999999999999999112 ) ;
#163 = AXIS2_PLACEMENT_3D ( 'NONE', #2011, #2977, #805 ) ;
#164 = VERTEX_POINT ( 'NONE', #969 ) ;
#165 = ORIENTED_EDGE ( 'NONE', *, *, #2621, .T. ) ;
#166 = DIRECTION ( 'NONE',  ( -1.982541115402065110E-16, 0.000000000000000000, -1.000000000000000000 ) ) ;
#167 = DIRECTION ( 'NONE',  ( -0.7071067811865434649, 0.000000000000000000, 0.7071067811865516806 ) ) ;
#168 = CARTESIAN_POINT ( 'NONE',  ( 11.75000000000000355, 0.000000000000000000, -23.10292456913803250 ) ) ;
#169 = VECTOR ( 'NONE', #2622, 1000.000000000000000 ) ;
#170 = CARTESIAN_POINT ( 'NONE',  ( 15.34180016651413858, 11.41613793484149930, 42.53819355716503736 ) ) ;
#171 = DIRECTION ( 'NONE',  ( 1.000000000000000000, 0.000000000000000000, 0.000000000000000000 ) ) ;
#172 = CARTESIAN_POINT ( 'NONE',  ( -13.25000000000000178, 12.00000000000000000, 40.74999999999999289 ) ) ;
#173 = EDGE_CURVE ( 'NONE', #400, #1106, #1940, .T. ) ;
#174 = VERTEX_POINT ( 'NONE', #1044 ) ;
#175 = CARTESIAN_POINT ( 'NONE',  ( 4.749326103440155933, 12.00000000000000000, -6.103542948255357814 ) ) ;
#176 = CARTESIAN_POINT ( 'NONE',  ( -12.25000000000001066, 0.000000000000000000, -0.04289321881319131669 ) ) ;
#177 = EDGE_CURVE ( 'NONE', #3015, #2272, #694, .T. ) ;
#178 = ORIENTED_EDGE ( 'NONE', *, *, #994, .F. ) ;
#179 = ORIENTED_EDGE ( 'NONE', *, *, #2090, .T. ) ;
#180 = CARTESIAN_POINT ( 'NONE',  ( 6.482675631477932576, 0.000000000000000000, -29.06761937508843729 ) ) ;
#181 = CARTESIAN_POINT ( 'NONE',  ( 17.25000000000000355, 4.000000000000000000, 43.75000000000000000 ) ) ;
#182 = DIRECTION ( 'NONE',  ( -0.7071067811865530128, 0.000000000000000000, -0.7071067811865421326 ) ) ;
#183 = CARTESIAN_POINT ( 'NONE',  ( 13.64146747908888457, 12.00000000000000178, -41.08902070093343184 ) ) ;
#184 = DIRECTION ( 'NONE',  ( 1.000000000000000000, 0.000000000000000000, -1.084202172485504434E-16 ) ) ;
#185 = ORIENTED_EDGE ( 'NONE', *, *, #385, .F. ) ;
#186 = CARTESIAN_POINT ( 'NONE',  ( -15.34180016651414746, 11.41613793484149753, -42.53819355716503736 ) ) ;
#187 = EDGE_CURVE ( 'NONE', #714, #888, #1561, .T. ) ;
#188 = ADVANCED_FACE ( 'NONE', ( #1328 ), #1545, .F. ) ;
#189 = CARTESIAN_POINT ( 'NONE',  ( 0.000000000000000000, 0.000000000000000000, 40.74999999999999289 ) ) ;
#190 = ORIENTED_EDGE ( 'NONE', *, *, #1604, .F. ) ;
#191 = LINE ( 'NONE', #3043, #1762 ) ;
#192 = CYLINDRICAL_SURFACE ( 'NONE', #2634, 4.000000000000000000 ) ;
#193 = CARTESIAN_POINT ( 'NONE',  ( -11.28444945746260686, 12.00000000000000000, 16.28530519404951704 ) ) ;
#194 = EDGE_CURVE ( 'NONE', #2594, #493, #2708, .T. ) ;
#195 = EDGE_LOOP ( 'NONE', ( #697, #326, #1313, #397 ) ) ;
#196 = VECTOR ( 'NONE', #2212, 1000.000000000000000 ) ;
#197 = LINE ( 'NONE', #1168, #961 ) ;
#198 = DIRECTION ( 'NONE',  ( 0.000000000000000000, -0.6687558152689846436, -0.7434821178373530737 ) ) ;
#199 = DIRECTION ( 'NONE',  ( -0.7071067811865434649, 0.000000000000000000, 0.7071067811865516806 ) ) ;
#200 = ORIENTED_EDGE ( 'NONE', *, *, #2781, .F. ) ;
#201 = CARTESIAN_POINT ( 'NONE',  ( 15.15820304746479863, 0.4785338113949950678, 42.38530666686967407 ) ) ;
#202 = CARTESIAN_POINT ( 'NONE',  ( 4.750000000000004441, 9.000000000000001776, 30.25000000000000000 ) ) ;
#203 = ADVANCED_FACE ( 'NONE', ( #2522 ), #86, .F. ) ;
#204 = AXIS2_PLACEMENT_3D ( 'NONE', #773, #1748, #2414 ) ;
#205 = AXIS2_PLACEMENT_3D ( 'NONE', #1717, #1735, #2678 ) ;
#206 = ORIENTED_EDGE ( 'NONE', *, *, #2693, .F. ) ;
#207 = CARTESIAN_POINT ( 'NONE',  ( -6.620370370370388002, 0.000000000000000000, 4.379629629629827825 ) ) ;
#208 = ORIENTED_EDGE ( 'NONE', *, *, #2620, .T. ) ;
#209 = CARTESIAN_POINT ( 'NONE',  ( -6.620370370370388002, 12.00000000000000000, 4.379629629629827825 ) ) ;
#210 = LINE ( 'NONE', #168, #1256 ) ;
#211 = EDGE_CURVE ( 'NONE', #666, #2919, #826, .T. ) ;
#212 = CARTESIAN_POINT ( 'NONE',  ( 13.25000000000000355, 12.00000000000000000, 40.74999999999999289 ) ) ;
#213 = PLANE ( 'NONE',  #3019 ) ;
#214 = LINE ( 'NONE', #2388, #1377 ) ;
#215 = ORIENTED_EDGE ( 'NONE', *, *, #132, .F. ) ;
#216 = PLANE ( 'NONE',  #2279 ) ;
#217 = CARTESIAN_POINT ( 'NONE',  ( -0.4217753911738151285, 12.00000000000000000, -12.26492114168162750 ) ) ;
#218 = DIRECTION ( 'NONE',  ( 0.000000000000000000, 0.000000000000000000, 1.000000000000000000 ) ) ;
#219 = ORIENTED_EDGE ( 'NONE', *, *, #2427, .F. ) ;
#220 = ORIENTED_EDGE ( 'NONE', *, *, #725, .T. ) ;
#221 = DIRECTION ( 'NONE',  ( -0.7071067811865422437, 0.000000000000000000, 0.7071067811865527908 ) ) ;
#222 = EDGE_CURVE ( 'NONE', #1324, #558, #1579, .T. ) ;
#223 = ORIENTED_EDGE ( 'NONE', *, *, #2531, .F. ) ;
#224 = DIRECTION ( 'NONE',  ( 1.000000000000000000, 0.000000000000000000, -1.084202172485504434E-16 ) ) ;
#225 = EDGE_LOOP ( 'NONE', ( #548, #329, #835, #371 ) ) ;
#226 = CARTESIAN_POINT ( 'NONE',  ( 14.78847960197578892, 11.69797829930714173, -42.07398365981395472 ) ) ;
#227 = LINE ( 'NONE', #2198, #787 ) ;
#228 = CARTESIAN_POINT ( 'NONE',  ( 11.75000000000000355, 0.000000000000000000, -6.457106781186878308 ) ) ;
#229 = VERTEX_POINT ( 'NONE', #2251 ) ;
#230 = CARTESIAN_POINT ( 'NONE',  ( 9.943496190024982084, 0.000000000000000000, -1.899649560482989274 ) ) ;
#231 = LINE ( 'NONE', #1871, #1388 ) ;
#232 = EDGE_LOOP ( 'NONE', ( #2217, #3109, #820, #1130 ) ) ;
#233 = CARTESIAN_POINT ( 'NONE',  ( -17.25000000000000000, 12.00000000000000000, 43.75000000000000000 ) ) ;
#234 = ORIENTED_EDGE ( 'NONE', *, *, #758, .T. ) ;
#235 = EDGE_CURVE ( 'NONE', #164, #2247, #2740, .T. ) ;
#236 = CARTESIAN_POINT ( 'NONE',  ( 0.4217753911737965877, 12.00000000000000000, 5.764921141681574213 ) ) ;
#237 = DIRECTION ( 'NONE',  ( 0.000000000000000000, 0.000000000000000000, -1.000000000000000000 ) ) ;
#238 = DIRECTION ( 'NONE',  ( 0.000000000000000000, -1.000000000000000000, 0.000000000000000000 ) ) ;
#239 = B_SPLINE_CURVE_WITH_KNOTS ( 'NONE', 3,
 ( #433, #3089, #2771, #603, #1576, #134, #505, #2167, #2626, #3115, #679, #2896, #1904, #1233, #2668, #2643, #2, #947, #2195, #1207 ),
 .UNSPECIFIED., .F., .F.,
 ( 4, 2, 2, 2, 2, 2, 2, 2, 2, 4 ),
 ( 0.000000000000000000, 0.0007709845487687677894, 0.001156476823153151793, 0.001541969097537535579, 0.002312953646306306187, 0.003083938195075076796, 0.003854922743843847404, 0.004625907292612617579, 0.005396891841381388187, 0.006167876390150158795 ),
 .UNSPECIFIED. ) ;
#240 = ORIENTED_EDGE ( 'NONE', *, *, #1320, .T. ) ;
#241 = DIRECTION ( 'NONE',  ( -0.000000000000000000, -1.000000000000000000, -0.000000000000000000 ) ) ;
#242 = CARTESIAN_POINT ( 'NONE',  ( 12.25000000000000355, 12.00000000000000000, -6.457106781186878308 ) ) ;
#243 = CARTESIAN_POINT ( 'NONE',  ( 12.25000000000000355, 0.000000000000000000, 23.25000000000000000 ) ) ;
#244 = AXIS2_PLACEMENT_3D ( 'NONE', #1439, #977, #2436 ) ;
#245 = AXIS2_PLACEMENT_3D ( 'NONE', #1539, #1321, #295 ) ;
#246 = ORIENTED_EDGE ( 'NONE', *, *, #927, .T. ) ;
#247 = CARTESIAN_POINT ( 'NONE',  ( 6.851697898724181002, 12.00000000000000000, -10.64830210127608545 ) ) ;
#248 = AXIS2_PLACEMENT_3D ( 'NONE', #2899, #1225, #266 ) ;
#249 = AXIS2_PLACEMENT_3D ( 'NONE', #1396, #184, #1151 ) ;
#250 = VECTOR ( 'NONE', #2206, 1000.000000000000000 ) ;
#251 = ORIENTED_EDGE ( 'NONE', *, *, #2487, .T. ) ;
#252 = DIRECTION ( 'NONE',  ( 0.000000000000000000, 1.000000000000000000, -0.000000000000000000 ) ) ;
#253 = CARTESIAN_POINT ( 'NONE',  ( -16.18696844167991955, 10.72484453409094485, 43.21272331817511514 ) ) ;
#254 = VECTOR ( 'NONE', #252, 1000.000000000000000 ) ;
#255 = DIRECTION ( 'NONE',  ( 0.000000000000000000, 0.000000000000000000, 1.000000000000000000 ) ) ;
#256 = VERTEX_POINT ( 'NONE', #2269 ) ;
#257 = DIRECTION ( 'NONE',  ( 1.000000000000000000, -0.000000000000000000, 0.000000000000000000 ) ) ;
#258 = CARTESIAN_POINT ( 'NONE',  ( -0.7753287817670861948, 0.000000000000000000, -11.91136775108835266 ) ) ;
#259 = ADVANCED_FACE ( 'NONE', ( #2048 ), #303, .F. ) ;
#260 = EDGE_CURVE ( 'NONE', #1737, #441, #2818, .T. ) ;
#261 = CARTESIAN_POINT ( 'NONE',  ( -17.25000000000002487, 8.000000000000000000, -39.78077640640441359 ) ) ;
#262 = B_SPLINE_CURVE_WITH_KNOTS ( 'NONE', 3,
 ( #859, #1085, #2049, #2556, #3011, #1813, #2490, #393, #2774, #590 ),
 .UNSPECIFIED., .F., .F.,
 ( 4, 2, 2, 2, 4 ),
 ( 0.000000000000000000, 0.0005323771605743159987, 0.001064754321148631997, 0.001597131481722947888, 0.002129508642297263995 ),
 .UNSPECIFIED. ) ;
#263 = EDGE_CURVE ( 'NONE', #1582, #1004, #1345, .T. ) ;
#264 = DIRECTION ( 'NONE',  ( 1.000000000000000000, 0.000000000000000000, 0.000000000000000000 ) ) ;
#265 = CARTESIAN_POINT ( 'NONE',  ( 11.75000000000000355, 0.000000000000000000, -6.457106781186878308 ) ) ;
#266 = DIRECTION ( 'NONE',  ( 0.000000000000000000, 0.000000000000000000, -1.000000000000000000 ) ) ;
#267 = LINE ( 'NONE', #2647, #2163 ) ;
#268 = CARTESIAN_POINT ( 'NONE',  ( 11.39644660940673049, 12.00000000000000000, -6.103553390593602579 ) ) ;
#269 = ORIENTED_EDGE ( 'NONE', *, *, #1796, .T. ) ;
#270 = CARTESIAN_POINT ( 'NONE',  ( 11.39644660940671628, 12.00000000000000000, 22.39644660940672338 ) ) ;
#271 = B_SPLINE_CURVE_WITH_KNOTS ( 'NONE', 3,
 ( #760, #1716, #3126, #2650, #1484, #499, #1214, #2175, #1469, #2202 ),
 .UNSPECIFIED., .F., .F.,
 ( 4, 2, 2, 2, 4 ),
 ( 0.000000000000000000, 0.0005323771605743161071, 0.001064754321148632214, 0.001597131481722948321, 0.002129508642297264429 ),
 .UNSPECIFIED. ) ;
#272 = DIRECTION ( 'NONE',  ( 0.000000000000000000, -1.000000000000000000, 0.000000000000000000 ) ) ;
#273 = DIRECTION ( 'NONE',  ( -1.000000000000000000, 0.000000000000000000, 0.000000000000000000 ) ) ;
#274 = ORIENTED_EDGE ( 'NONE', *, *, #384, .F. ) ;
#275 = EDGE_CURVE ( 'NONE', #580, #2265, #144, .T. ) ;
#276 = DIRECTION ( 'NONE',  ( 0.000000000000000000, 0.000000000000000000, -1.000000000000000000 ) ) ;
#277 = EDGE_CURVE ( 'NONE', #113, #2981, #1363, .T. ) ;
#278 = LINE ( 'NONE', #2714, #103 ) ;
#279 = ORIENTED_EDGE ( 'NONE', *, *, #458, .F. ) ;
#280 = ADVANCED_FACE ( 'NONE', ( #105 ), #1099, .F. ) ;
#281 = ORIENTED_EDGE ( 'NONE', *, *, #1697, .T. ) ;
#282 = CARTESIAN_POINT ( 'NONE',  ( 13.24999999999998757, 8.000000000000000000, -43.75000000000000000 ) ) ;
#283 = DIRECTION ( 'NONE',  ( 1.000000000000000000, 0.000000000000000000, -0.000000000000000000 ) ) ;
#284 = CARTESIAN_POINT ( 'NONE',  ( -15.86307754383576452, 11.03683834148121079, 42.96164743558708210 ) ) ;
#285 = CARTESIAN_POINT ( 'NONE',  ( 17.24999999999999645, 7.999999999999998224, 35.73987923788652665 ) ) ;
#286 = ORIENTED_EDGE ( 'NONE', *, *, #2025, .T. ) ;
#287 = CARTESIAN_POINT ( 'NONE',  ( -14.60126771477838403, 11.77005140543648309, -41.91466380895068511 ) ) ;
#288 = CIRCLE ( 'NONE', #96, 2.250000000000001776 ) ;
#289 = CARTESIAN_POINT ( 'NONE',  ( -4.749999999999995559, 12.00000000000000000, 40.74999999999999289 ) ) ;
#290 = PLANE ( 'NONE',  #421 ) ;
#291 = CIRCLE ( 'NONE', #1366, 2.250000000000001776 ) ;
#292 = ORIENTED_EDGE ( 'NONE', *, *, #1371, .T. ) ;
#293 = AXIS2_PLACEMENT_3D ( 'NONE', #3073, #1595, #627 ) ;
#294 = CARTESIAN_POINT ( 'NONE',  ( -17.24369769024707821, 8.228357800772348796, 39.10855167063841975 ) ) ;
#295 = DIRECTION ( 'NONE',  ( -3.469446951953614189E-15, 0.000000000000000000, 1.000000000000000000 ) ) ;
#296 = ORIENTED_EDGE ( 'NONE', *, *, #1078, .F. ) ;
#297 = EDGE_CURVE ( 'NONE', #2764, #3114, #1955, .T. ) ;
#298 = ADVANCED_FACE ( 'NONE', ( #71 ), #1761, .F. ) ;
#299 = ORIENTED_EDGE ( 'NONE', *, *, #822, .F. ) ;
#300 = CARTESIAN_POINT ( 'NONE',  ( 1.680596404110214381, 0.000000000000000000, -16.80968029470235336 ) ) ;
#301 = VECTOR ( 'NONE', #1705, 1000.000000000000000 ) ;
#302 = FACE_OUTER_BOUND ( 'NONE', #1095, .T. ) ;
#303 = CYLINDRICAL_SURFACE ( 'NONE', #1814, 0.5000000000000004441 ) ;
#304 = DIRECTION ( 'NONE',  ( -3.619488763857433016E-17, -0.9509005838701902746, -0.3094964936721114057 ) ) ;
#305 = CIRCLE ( 'NONE', #2630, 0.5000000000000004441 ) ;
#306 = EDGE_CURVE ( 'NONE', #2313, #453, #1292, .T. ) ;
#307 = ORIENTED_EDGE ( 'NONE', *, *, #2736, .T. ) ;
#308 = DIRECTION ( 'NONE',  ( 0.000000000000000000, 0.000000000000000000, 1.000000000000000000 ) ) ;
#309 = VECTOR ( 'NONE', #2648, 999.9999999999998863 ) ;
#310 = VECTOR ( 'NONE', #2410, 1000.000000000000000 ) ;
#311 = LINE ( 'NONE', #2239, #2177 ) ;
#312 = ORIENTED_EDGE ( 'NONE', *, *, #2280, .F. ) ;
#313 = DIRECTION ( 'NONE',  ( -0.000000000000000000, -1.000000000000000000, -0.000000000000000000 ) ) ;
#314 = ORIENTED_EDGE ( 'NONE', *, *, #13, .F. ) ;
#315 = VECTOR ( 'NONE', #273, 1000.000000000000000 ) ;
#316 = DIRECTION ( 'NONE',  ( 0.000000000000000000, -1.000000000000000000, 0.000000000000000000 ) ) ;
#317 = CARTESIAN_POINT ( 'NONE',  ( 17.10926545576557345, 9.142723513245897493, 40.40295047527703787 ) ) ;
#318 = B_SPLINE_CURVE_WITH_KNOTS ( 'NONE', 3,
 ( #2273, #1788, #3000, #89, #1348, #2311, #138, #1102, #1048, #1998 ),
 .UNSPECIFIED., .F., .F.,
 ( 4, 2, 2, 2, 4 ),
 ( 0.000000000000000000, 0.0005323771605743162156, 0.001064754321148632431, 0.001597131481722948755, 0.002129508642297264862 ),
 .UNSPECIFIED. ) ;
#319 = VERTEX_POINT ( 'NONE', #641 ) ;
#320 = ORIENTED_EDGE ( 'NONE', *, *, #1435, .T. ) ;
#321 = DIRECTION ( 'NONE',  ( 1.000000000000000000, 0.000000000000000000, -1.084202172485504434E-16 ) ) ;
#322 = EDGE_CURVE ( 'NONE', #2981, #2764, #2081, .T. ) ;
#323 = FACE_OUTER_BOUND ( 'NONE', #913, .T. ) ;
#324 = DIRECTION ( 'NONE',  ( 0.000000000000000000, 0.000000000000000000, -1.000000000000000000 ) ) ;
#325 = CARTESIAN_POINT ( 'NONE',  ( 16.74050207612652486, 2.046440362682406811, 39.58827175039272106 ) ) ;
#326 = ORIENTED_EDGE ( 'NONE', *, *, #978, .F. ) ;
#327 = CARTESIAN_POINT ( 'NONE',  ( 12.25000000000000355, 12.00000000000000000, -22.60292456913803250 ) ) ;
#328 = CARTESIAN_POINT ( 'NONE',  ( -11.75000000000001066, 0.000000000000000000, -0.04289321881319131669 ) ) ;
#329 = ORIENTED_EDGE ( 'NONE', *, *, #1094, .T. ) ;
#330 = CARTESIAN_POINT ( 'NONE',  ( -11.75000000000001243, 0.000000000000000000, -22.88603896932110970 ) ) ;
#331 = EDGE_CURVE ( 'NONE', #2111, #2389, #1148, .T. ) ;
#332 = ORIENTED_EDGE ( 'NONE', *, *, #1756, .F. ) ;
#333 = CARTESIAN_POINT ( 'NONE',  ( 12.25000000000000355, 12.00000000000000000, -5.250000000000342837 ) ) ;
#334 = ORIENTED_EDGE ( 'NONE', *, *, #1934, .F. ) ;
#335 = VERTEX_POINT ( 'NONE', #2369 ) ;
#336 = DIRECTION ( 'NONE',  ( 0.000000000000000000, 0.000000000000000000, 1.000000000000000000 ) ) ;
#337 = FACE_OUTER_BOUND ( 'NONE', #2073, .T. ) ;
#338 = CARTESIAN_POINT ( 'NONE',  ( -17.25000000000001421, 2.999999999999999112, -43.75000000000000000 ) ) ;
#339 = CARTESIAN_POINT ( 'NONE',  ( 14.24999999999999822, 3.297255550226283471, 35.74525279390251598 ) ) ;
#340 = CARTESIAN_POINT ( 'NONE',  ( -4.749999999999995559, 3.000000000000000000, 27.25000000000000000 ) ) ;
#341 = EDGE_CURVE ( 'NONE', #2320, #1535, #851, .T. ) ;
#342 = ORIENTED_EDGE ( 'NONE', *, *, #2044, .T. ) ;
#343 = CARTESIAN_POINT ( 'NONE',  ( 14.24999999999999467, 6.000000000000000000, 38.75000000000000711 ) ) ;
#344 = CARTESIAN_POINT ( 'NONE',  ( -0.1904478628200045320, 12.00000000000000000, -12.03359361332782207 ) ) ;
#345 = ORIENTED_EDGE ( 'NONE', *, *, #3051, .T. ) ;
#346 = FACE_OUTER_BOUND ( 'NONE', #1767, .T. ) ;
#347 = ORIENTED_EDGE ( 'NONE', *, *, #423, .F. ) ;
#348 = AXIS2_PLACEMENT_3D ( 'NONE', #575, #1783, #1084 ) ;
#349 = EDGE_CURVE ( 'NONE', #1804, #441, #405, .T. ) ;
#350 = CARTESIAN_POINT ( 'NONE',  ( -15.34183614223782222, 0.5838842715063120581, -42.53822331036374038 ) ) ;
#351 = AXIS2_PLACEMENT_3D ( 'NONE', #980, #2399, #2868 ) ;
#352 = FACE_OUTER_BOUND ( 'NONE', #881, .T. ) ;
#353 = ORIENTED_EDGE ( 'NONE', *, *, #349, .F. ) ;
#354 = ORIENTED_EDGE ( 'NONE', *, *, #1268, .F. ) ;
#355 = CARTESIAN_POINT ( 'NONE',  ( 4.749326103440154156, 12.00000000000000000, -6.103542948255354261 ) ) ;
#356 = AXIS2_PLACEMENT_3D ( 'NONE', #2005, #2245, #66 ) ;
#357 = CARTESIAN_POINT ( 'NONE',  ( 17.24760696713125085, 8.144638337135246431, -38.04634885399126887 ) ) ;
#358 = DIRECTION ( 'NONE',  ( -0.000000000000000000, -1.000000000000000000, -0.000000000000000000 ) ) ;
#359 = VERTEX_POINT ( 'NONE', #878 ) ;
#360 = CARTESIAN_POINT ( 'NONE',  ( 13.24999999999999645, 8.000000000000000000, -2.626866977907735556E-15 ) ) ;
#361 = LINE ( 'NONE', #1103, #2282 ) ;
#362 = EDGE_LOOP ( 'NONE', ( #1965, #1091, #1566, #41, #2267 ) ) ;
#363 = AXIS2_PLACEMENT_3D ( 'NONE', #578, #2295, #124 ) ;
#364 = CARTESIAN_POINT ( 'NONE',  ( 16.96959027141523535, 2.507268663689380617, -43.71853860337449760 ) ) ;
#365 = CIRCLE ( 'NONE', #2581, 2.250000000000001776 ) ;
#366 = VERTEX_POINT ( 'NONE', #193 ) ;
#367 = AXIS2_PLACEMENT_3D ( 'NONE', #1993, #1782, #2772 ) ;
#368 = ADVANCED_FACE ( 'NONE', ( #1359 ), #2339, .F. ) ;
#369 = CARTESIAN_POINT ( 'NONE',  ( -16.74710438310016158, 2.054368980883311657, -43.59931020939211521 ) ) ;
#370 =( GEOMETRIC_REPRESENTATION_CONTEXT ( 3 ) GLOBAL_UNCERTAINTY_ASSIGNED_CONTEXT ( ( #1671 ) ) GLOBAL_UNIT_ASSIGNED_CONTEXT ( ( #2821, #3093, #1424 ) ) REPRESENTATION_CONTEXT ( 'NONE', 'WORKASPACE' ) );
#371 = ORIENTED_EDGE ( 'NONE', *, *, #2736, .F. ) ;
#372 = ORIENTED_EDGE ( 'NONE', *, *, #1933, .T. ) ;
#373 = DIRECTION ( 'NONE',  ( 0.000000000000000000, 0.000000000000000000, 1.000000000000000000 ) ) ;
#374 = CARTESIAN_POINT ( 'NONE',  ( 17.24761604952912109, 8.144341424426743359, -39.45422840348008009 ) ) ;
#375 = CARTESIAN_POINT ( 'NONE',  ( 11.28444945746260153, 12.00000000000000000, -22.78530519404959165 ) ) ;
#376 = CARTESIAN_POINT ( 'NONE',  ( -1.215045861572832786, 12.00000000000000000, 10.49206091961386633 ) ) ;
#377 = VERTEX_POINT ( 'NONE', #420 ) ;
#378 = DIRECTION ( 'NONE',  ( -1.000000000000000000, -0.000000000000000000, 0.000000000000000000 ) ) ;
#379 = CARTESIAN_POINT ( 'NONE',  ( 4.750000000000004441, 0.000000000000000000, 30.25000000000000000 ) ) ;
#380 = ORIENTED_EDGE ( 'NONE', *, *, #2302, .T. ) ;
#381 = CARTESIAN_POINT ( 'NONE',  ( 16.34252357285147284, 1.451781842371164588, -43.32874079318900584 ) ) ;
#382 = ORIENTED_EDGE ( 'NONE', *, *, #2629, .F. ) ;
#383 = CYLINDRICAL_SURFACE ( 'NONE', #1529, 4.000000000000000000 ) ;
#384 = EDGE_CURVE ( 'NONE', #844, #1249, #435, .T. ) ;
#385 = EDGE_CURVE ( 'NONE', #1093, #2685, #2464, .T. ) ;
#386 = EDGE_CURVE ( 'NONE', #1633, #537, #210, .T. ) ;
#387 = ORIENTED_EDGE ( 'NONE', *, *, #2801, .T. ) ;
#388 = VERTEX_POINT ( 'NONE', #1133 ) ;
#389 = LINE ( 'NONE', #2539, #903 ) ;
#390 = ADVANCED_FACE ( 'NONE', ( #2062 ), #2820, .F. ) ;
#391 = LINE ( 'NONE', #1406, #2028 ) ;
#392 = CARTESIAN_POINT ( 'NONE',  ( -17.25000000000001421, 8.000000000000000000, -43.75000000000000000 ) ) ;
#393 = CARTESIAN_POINT ( 'NONE',  ( 17.24760696713125085, 3.855361662864758898, -39.45365114600873824 ) ) ;
#394 = CARTESIAN_POINT ( 'NONE',  ( 4.750000000000004441, 0.000000000000000000, 27.25000000000000000 ) ) ;
#395 = ORIENTED_EDGE ( 'NONE', *, *, #2758, .F. ) ;
#396 = DIRECTION ( 'NONE',  ( 1.000000000000000000, 0.000000000000000000, 0.000000000000000000 ) ) ;
#397 = ORIENTED_EDGE ( 'NONE', *, *, #2712, .F. ) ;
#398 = CARTESIAN_POINT ( 'NONE',  ( 14.24999999999999822, 8.702744449773719637, 41.75474720609749113 ) ) ;
#399 = CIRCLE ( 'NONE', #790, 2.250000000000001776 ) ;
#400 = VERTEX_POINT ( 'NONE', #3061 ) ;
#401 = ORIENTED_EDGE ( 'NONE', *, *, #1032, .F. ) ;
#402 = CARTESIAN_POINT ( 'NONE',  ( 17.22920764175099251, 3.529365087192777750, 35.69603869681412078 ) ) ;
#403 = EDGE_CURVE ( 'NONE', #1845, #2973, #1597, .T. ) ;
#404 = DIRECTION ( 'NONE',  ( 0.000000000000000000, 0.000000000000000000, 1.000000000000000000 ) ) ;
#405 = LINE ( 'NONE', #2837, #2970 ) ;
#406 = CARTESIAN_POINT ( 'NONE',  ( 17.12298334620740548, 9.000000000000001776, -43.75000000000000000 ) ) ;
#407 = FACE_OUTER_BOUND ( 'NONE', #74, .T. ) ;
#408 = CARTESIAN_POINT ( 'NONE',  ( -4.749999999999995559, 0.000000000000000000, 40.74999999999999289 ) ) ;
#409 = EDGE_LOOP ( 'NONE', ( #1954, #1899, #1770, #380, #1867, #101 ) ) ;
#410 = CARTESIAN_POINT ( 'NONE',  ( -11.39644660940672516, 12.00000000000000000, -28.89644660940672338 ) ) ;
#411 = AXIS2_PLACEMENT_3D ( 'NONE', #343, #378, #108 ) ;
#412 = FACE_OUTER_BOUND ( 'NONE', #682, .T. ) ;
#413 = VECTOR ( 'NONE', #1410, 1000.000000000000000 ) ;
#414 = VECTOR ( 'NONE', #153, 1000.000000000000000 ) ;
#415 = VECTOR ( 'NONE', #1527, 1000.000000000000000 ) ;
#416 = ORIENTED_EDGE ( 'NONE', *, *, #799, .T. ) ;
#417 = CIRCLE ( 'NONE', #2030, 3.000000000000002665 ) ;
#418 = CARTESIAN_POINT ( 'NONE',  ( 0.7753287817670682092, 0.000000000000000000, 5.411367751088298483 ) ) ;
#419 = CARTESIAN_POINT ( 'NONE',  ( 10.08994279943171080, 0.000000000000000000, -1.546096169889712879 ) ) ;
#420 = CARTESIAN_POINT ( 'NONE',  ( 6.017125088940531441, 12.00000000000000000, -29.75000000000000000 ) ) ;
#421 = AXIS2_PLACEMENT_3D ( 'NONE', #2726, #1736, #1499 ) ;
#422 = EDGE_CURVE ( 'NONE', #2125, #229, #739, .T. ) ;
#423 = EDGE_CURVE ( 'NONE', #1479, #2862, #2769, .T. ) ;
#424 = DIRECTION ( 'NONE',  ( 0.000000000000000000, -0.6687558152689846436, -0.7434821178373530737 ) ) ;
#425 = LINE ( 'NONE', #2359, #2256 ) ;
#426 = CARTESIAN_POINT ( 'NONE',  ( -17.25000000000001421, 8.000000000000000000, -40.74999999999999289 ) ) ;
#427 = ORIENTED_EDGE ( 'NONE', *, *, #1137, .F. ) ;
#428 = CARTESIAN_POINT ( 'NONE',  ( 10.08994279943170902, 0.000000000000000000, 15.43308854993937373 ) ) ;
#429 = ADVANCED_FACE ( 'NONE', ( #1641 ), #1423, .F. ) ;
#430 = CARTESIAN_POINT ( 'NONE',  ( 14.24999999999999822, 4.749184812456125115, 42.59301895649019087 ) ) ;
#431 = ORIENTED_EDGE ( 'NONE', *, *, #1605, .T. ) ;
#432 = VERTEX_POINT ( 'NONE', #392 ) ;
#433 = CARTESIAN_POINT ( 'NONE',  ( -17.12298334620741969, 2.999999999999999112, 43.75000000000000000 ) ) ;
#434 = DIRECTION ( 'NONE',  ( 0.000000000000000000, 0.000000000000000000, -1.000000000000000000 ) ) ;
#435 = LINE ( 'NONE', #2805, #2666 ) ;
#436 = EDGE_LOOP ( 'NONE', ( #2814, #2591, #2076, #1335 ) ) ;
#437 =( NAMED_UNIT ( * ) SI_UNIT ( $, .STERADIAN. ) SOLID_ANGLE_UNIT ( ) );
#438 = ORIENTED_EDGE ( 'NONE', *, *, #1606, .T. ) ;
#439 = EDGE_CURVE ( 'NONE', #2238, #388, #3075, .T. ) ;
#440 = CARTESIAN_POINT ( 'NONE',  ( -6.482675631477970768, 12.00000000000000000, 22.56761937508844085 ) ) ;
#441 = VERTEX_POINT ( 'NONE', #2601 ) ;
#442 = CARTESIAN_POINT ( 'NONE',  ( 4.750000000000004441, 3.000000000000000000, 30.25000000000000000 ) ) ;
#443 = CARTESIAN_POINT ( 'NONE',  ( 4.750000000000004441, 9.000000000000001776, 27.25000000000000000 ) ) ;
#444 = ORIENTED_EDGE ( 'NONE', *, *, #1933, .F. ) ;
#445 = ORIENTED_EDGE ( 'NONE', *, *, #222, .T. ) ;
#446 = CARTESIAN_POINT ( 'NONE',  ( 14.24999999999999822, 3.297255550226283471, 35.74525279390251598 ) ) ;
#447 = VECTOR ( 'NONE', #1115, 1000.000000000000000 ) ;
#448 = ORIENTED_EDGE ( 'NONE', *, *, #1505, .T. ) ;
#449 = CYLINDRICAL_SURFACE ( 'NONE', #2181, 0.5000000000000004441 ) ;
#450 = DIRECTION ( 'NONE',  ( 1.000000000000000000, -0.000000000000000000, -1.084202172485504434E-16 ) ) ;
#451 = DIRECTION ( 'NONE',  ( 1.000000000000000000, -0.000000000000000000, -1.084202172485504434E-16 ) ) ;
#452 = DIRECTION ( 'NONE',  ( 0.000000000000000000, 1.000000000000000000, 0.000000000000000000 ) ) ;
#453 = VERTEX_POINT ( 'NONE', #1407 ) ;
#454 = CARTESIAN_POINT ( 'NONE',  ( 17.05760320182136525, 2.746783789620149463, 43.75000000000000711 ) ) ;
#455 = DIRECTION ( 'NONE',  ( -0.000000000000000000, 1.000000000000000000, 0.000000000000000000 ) ) ;
#456 = VECTOR ( 'NONE', #2147, 1000.000000000000000 ) ;
#457 = EDGE_CURVE ( 'NONE', #801, #3058, #1895, .T. ) ;
#458 = EDGE_CURVE ( 'NONE', #782, #2548, #3021, .T. ) ;
#459 = ORIENTED_EDGE ( 'NONE', *, *, #2506, .F. ) ;
#460 = AXIS2_PLACEMENT_3D ( 'NONE', #258, #272, #2456 ) ;
#461 = ORIENTED_EDGE ( 'NONE', *, *, #889, .F. ) ;
#463 = DIRECTION ( 'NONE',  ( 1.000000000000000000, 0.000000000000000000, 0.000000000000000000 ) ) ;
#462 = AXIS2_PLACEMENT_3D ( 'NONE', #228, #452, #2858 ) ;
#464 = CIRCLE ( 'NONE', #1974, 2.250000000000001776 ) ;
#465 = ORIENTED_EDGE ( 'NONE', *, *, #131, .F. ) ;
#466 = EDGE_CURVE ( 'NONE', #1908, #1599, #291, .T. ) ;
#467 = CARTESIAN_POINT ( 'NONE',  ( 4.749326103440154156, 0.000000000000000000, -6.103542948255354261 ) ) ;
#468 = ORIENTED_EDGE ( 'NONE', *, *, #725, .F. ) ;
#469 = CIRCLE ( 'NONE', #716, 0.4999999999999995559 ) ;
#470 = CARTESIAN_POINT ( 'NONE',  ( 14.60131678952774870, 11.77003367542913104, -41.91470564332815485 ) ) ;
#471 = DIRECTION ( 'NONE',  ( -1.586032892321652236E-16, -0.000000000000000000, -1.000000000000000000 ) ) ;
#472 = CARTESIAN_POINT ( 'NONE',  ( 4.750000000000004441, 6.000000000000000000, 36.50000000000000711 ) ) ;
#473 = ORIENTED_EDGE ( 'NONE', *, *, #1568, .T. ) ;
#474 = DIRECTION ( 'NONE',  ( 1.000000000000000000, 0.000000000000000000, 1.009364629870436131E-16 ) ) ;
#475 = CARTESIAN_POINT ( 'NONE',  ( 5.214876645977557068, 12.00000000000000000, -5.921162323343799549 ) ) ;
#476 = EDGE_CURVE ( 'NONE', #2238, #1071, #2124, .T. ) ;
#477 = EDGE_CURVE ( 'NONE', #2510, #1564, #3083, .T. ) ;
#478 = ADVANCED_FACE ( 'NONE', ( #337 ), #2995, .T. ) ;
#479 = PLANE ( 'NONE',  #1316 ) ;
#480 = ORIENTED_EDGE ( 'NONE', *, *, #173, .F. ) ;
#481 = FACE_OUTER_BOUND ( 'NONE', #436, .T. ) ;
#482 = EDGE_CURVE ( 'NONE', #453, #2537, #2822, .T. ) ;
#483 = CARTESIAN_POINT ( 'NONE',  ( -17.24218305599749002, 8.249948894814846057, -38.57182150652902664 ) ) ;
#484 = CARTESIAN_POINT ( 'NONE',  ( -6.739700746780067142, 0.000000000000000000, 4.684236116780854609 ) ) ;
#485 = PLANE ( 'NONE',  #1930 ) ;
#486 = ORIENTED_EDGE ( 'NONE', *, *, #1452, .F. ) ;
#487 = CYLINDRICAL_SURFACE ( 'NONE', #1878, 3.000000000000002665 ) ;
#488 = DIRECTION ( 'NONE',  ( 0.000000000000000000, 0.000000000000000000, 1.000000000000000000 ) ) ;
#489 = LINE ( 'NONE', #1461, #1843 ) ;
#490 = VECTOR ( 'NONE', #451, 1000.000000000000000 ) ;
#491 = EDGE_LOOP ( 'NONE', ( #68, #2580, #795, #2352, #220 ) ) ;
#492 = CARTESIAN_POINT ( 'NONE',  ( 5.214876645977557068, 0.000000000000000000, -6.421162323343798661 ) ) ;
#493 = VERTEX_POINT ( 'NONE', #2926 ) ;
#494 = EDGE_CURVE ( 'NONE', #1643, #2723, #1158, .T. ) ;
#495 = FACE_BOUND ( 'NONE', #766, .T. ) ;
#496 = CARTESIAN_POINT ( 'NONE',  ( -17.12298334620741969, 9.000000000000001776, 43.75000000000000000 ) ) ;
#497 = CARTESIAN_POINT ( 'NONE',  ( -12.25000000000001066, 0.000000000000000000, -7.113961030678631836 ) ) ;
#498 = ORIENTED_EDGE ( 'NONE', *, *, #614, .T. ) ;
#499 = CARTESIAN_POINT ( 'NONE',  ( -17.24217666697166251, 3.749949080586352679, -38.57311454310794829 ) ) ;
#500 = CARTESIAN_POINT ( 'NONE',  ( -17.25000000000001776, 6.000000000000000000, 36.50000000000000711 ) ) ;
#501 = DIRECTION ( 'NONE',  ( 0.000000000000000000, -1.000000000000000000, 0.000000000000000000 ) ) ;
#502 = PRODUCT ( 'Rear-Top-Suspension-Arm', 'Rear-Top-Suspension-Arm', '', ( #2587 ) ) ;
#503 = EDGE_LOOP ( 'NONE', ( #279, #2449, #772, #1727 ) ) ;
#504 = AXIS2_PLACEMENT_3D ( 'NONE', #646, #1889, #2845 ) ;
#505 = CARTESIAN_POINT ( 'NONE',  ( -16.55358797779621938, 1.741552318551929046, 43.47544130712351063 ) ) ;
#506 = STYLED_ITEM ( 'NONE', ( #2509 ), #1620 ) ;
#507 = AXIS2_PLACEMENT_3D ( 'NONE', #581, #1552, #1315 ) ;
#508 = ORIENTED_EDGE ( 'NONE', *, *, #1270, .F. ) ;
#509 = AXIS2_PLACEMENT_3D ( 'NONE', #2689, #2199, #255 ) ;
#510 = CARTESIAN_POINT ( 'NONE',  ( -11.75000000000001243, 0.000000000000000000, -23.38603896932110970 ) ) ;
#511 = DIRECTION ( 'NONE',  ( 1.000000000000000000, -0.000000000000000000, -1.084202172485504434E-16 ) ) ;
#512 = CIRCLE ( 'NONE', #1127, 0.5000000000000004441 ) ;
#513 = DIRECTION ( 'NONE',  ( -1.982541115402065110E-16, 0.000000000000000000, -1.000000000000000000 ) ) ;
#514 = ADVANCED_FACE ( 'NONE', ( #1909 ), #1208, .F. ) ;
#515 = EDGE_CURVE ( 'NONE', #1106, #1582, #1918, .T. ) ;
#516 = DIRECTION ( 'NONE',  ( 0.000000000000000000, 0.000000000000000000, 1.000000000000000000 ) ) ;
#517 = ORIENTED_EDGE ( 'NONE', *, *, #1402, .T. ) ;
#518 = VECTOR ( 'NONE', #313, 1000.000000000000000 ) ;
#519 = CARTESIAN_POINT ( 'NONE',  ( -17.25000000000000000, 2.999999999999999112, 40.74999999999999289 ) ) ;
#520 = EDGE_CURVE ( 'NONE', #558, #2563, #1199, .T. ) ;
#521 = LINE ( 'NONE', #2473, #1678 ) ;
#522 = DIRECTION ( 'NONE',  ( 0.000000000000000000, 1.000000000000000000, 0.000000000000000000 ) ) ;
#523 = VERTEX_POINT ( 'NONE', #966 ) ;
#524 = ADVANCED_FACE ( 'NONE', ( #2898 ), #803, .F. ) ;
#525 = DIRECTION ( 'NONE',  ( 1.000000000000000000, 0.000000000000000000, 0.000000000000000000 ) ) ;
#526 = VERTEX_POINT ( 'NONE', #1798 ) ;
#527 = ORIENTED_EDGE ( 'NONE', *, *, #1902, .F. ) ;
#528 = CARTESIAN_POINT ( 'NONE',  ( -0.8614924709795610536, 12.00000000000000000, 10.13850752902058794 ) ) ;
#529 = CARTESIAN_POINT ( 'NONE',  ( 17.24999999999999645, 4.000000000000000000, 41.76012076211348045 ) ) ;
#530 = DIRECTION ( 'NONE',  ( 0.000000000000000000, 0.000000000000000000, 1.000000000000000000 ) ) ;
#531 = CARTESIAN_POINT ( 'NONE',  ( -12.25000000000001243, 0.000000000000000000, -24.09314575050764518 ) ) ;
#532 = ORIENTED_EDGE ( 'NONE', *, *, #1413, .T. ) ;
#533 = CARTESIAN_POINT ( 'NONE',  ( 14.24999999999999822, 9.953559637317594522, 37.91172824960729315 ) ) ;
#534 = EDGE_CURVE ( 'NONE', #666, #714, #3121, .T. ) ;
#535 = DIRECTION ( 'NONE',  ( -1.000000000000000000, 0.000000000000000000, -0.000000000000000000 ) ) ;
#536 = DIRECTION ( 'NONE',  ( 1.586032892321652236E-16, -0.000000000000000000, 1.000000000000000000 ) ) ;
#537 = VERTEX_POINT ( 'NONE', #2738 ) ;
#538 = EDGE_CURVE ( 'NONE', #1599, #2886, #399, .T. ) ;
#539 = DIRECTION ( 'NONE',  ( 0.000000000000000000, 0.000000000000000000, -1.000000000000000000 ) ) ;
#540 = PRODUCT_DEFINITION ( 'UNKNOWN', '', #1632, #715 ) ;
#541 = CARTESIAN_POINT ( 'NONE',  ( -4.749999999999995559, 0.000000000000000000, 27.25000000000000000 ) ) ;
#542 = ORIENTED_EDGE ( 'NONE', *, *, #886, .F. ) ;
#543 = EDGE_LOOP ( 'NONE', ( #2168, #1975, #571, #749 ) ) ;
#544 = FACE_OUTER_BOUND ( 'NONE', #2118, .T. ) ;
#545 = DIRECTION ( 'NONE',  ( 0.000000000000000000, 0.000000000000000000, 1.000000000000000000 ) ) ;
#546 = DIRECTION ( 'NONE',  ( 0.000000000000000000, 0.000000000000000000, -1.000000000000000000 ) ) ;
#547 = CARTESIAN_POINT ( 'NONE',  ( 0.000000000000000000, 12.00000000000000000, 0.000000000000000000 ) ) ;
#548 = ORIENTED_EDGE ( 'NONE', *, *, #2461, .F. ) ;
#549 = CARTESIAN_POINT ( 'NONE',  ( 17.24999999999999645, 7.250815187543865115, 34.90698104350980913 ) ) ;
#550 = CARTESIAN_POINT ( 'NONE',  ( -11.39644660940673759, 0.000000000000000000, -0.3964466094064661994 ) ) ;
#551 = CARTESIAN_POINT ( 'NONE',  ( -11.04289321881345565, 12.00000000000000000, -29.75000000000000000 ) ) ;
#552 = AXIS2_PLACEMENT_3D ( 'NONE', #2555, #858, #1165 ) ;
#553 = ORIENTED_EDGE ( 'NONE', *, *, #2343, .T. ) ;
#554 = DIRECTION ( 'NONE',  ( 0.7071067811865529018, 0.000000000000000000, 0.7071067811865422437 ) ) ;
#555 = EDGE_CURVE ( 'NONE', #335, #1737, #1977, .T. ) ;
#556 = DIRECTION ( 'NONE',  ( 1.000000000000000000, -0.000000000000000000, -0.000000000000000000 ) ) ;
#557 = ORIENTED_EDGE ( 'NONE', *, *, #2661, .T. ) ;
#558 = VERTEX_POINT ( 'NONE', #1081 ) ;
#559 = DIRECTION ( 'NONE',  ( -0.000000000000000000, -1.000000000000000000, -0.000000000000000000 ) ) ;
#560 = DIRECTION ( 'NONE',  ( -0.000000000000000000, -1.000000000000000000, -0.000000000000000000 ) ) ;
#561 = DIRECTION ( 'NONE',  ( 0.000000000000000000, 0.000000000000000000, 1.000000000000000000 ) ) ;
#562 = DIRECTION ( 'NONE',  ( -0.000000000000000000, -1.000000000000000000, -0.000000000000000000 ) ) ;
#563 = VECTOR ( 'NONE', #513, 1000.000000000000000 ) ;
#564 = ORIENTED_EDGE ( 'NONE', *, *, #3029, .T. ) ;
#565 = DIRECTION ( 'NONE',  ( 1.000000000000000000, -0.000000000000000000, -1.084202172485504434E-16 ) ) ;
#566 = ORIENTED_EDGE ( 'NONE', *, *, #154, .F. ) ;
#567 = ORIENTED_EDGE ( 'NONE', *, *, #1504, .F. ) ;
#568 = CIRCLE ( 'NONE', #1337, 0.4999999999999995559 ) ;
#569 = CARTESIAN_POINT ( 'NONE',  ( -17.25000000000001776, 8.000000000000000000, 37.71922359359558641 ) ) ;
#570 = CARTESIAN_POINT ( 'NONE',  ( 0.7753287817670682092, 0.000000000000000000, 5.411367751088298483 ) ) ;
#571 = ORIENTED_EDGE ( 'NONE', *, *, #48, .F. ) ;
#572 = ORIENTED_EDGE ( 'NONE', *, *, #341, .T. ) ;
#573 = DIRECTION ( 'NONE',  ( 1.000000000000000000, 0.000000000000000000, -1.084202172485504434E-16 ) ) ;
#574 = LINE ( 'NONE', #2290, #812 ) ;
#575 = CARTESIAN_POINT ( 'NONE',  ( -11.75000000000001066, 0.000000000000000000, -0.04289321881319131669 ) ) ;
#576 = CARTESIAN_POINT ( 'NONE',  ( -13.25000000000000355, 0.000000000000000000, 40.74999999999999289 ) ) ;
#577 = ORIENTED_EDGE ( 'NONE', *, *, #649, .T. ) ;
#578 = CARTESIAN_POINT ( 'NONE',  ( -1.215045861572832786, 0.000000000000000000, 10.49206091961386633 ) ) ;
#579 = CARTESIAN_POINT ( 'NONE',  ( 5.568430036570827468, 0.000000000000000000, -6.274715713937075279 ) ) ;
#580 = VERTEX_POINT ( 'NONE', #824 ) ;
#581 = CARTESIAN_POINT ( 'NONE',  ( 6.749999999999984901, 0.000000000000000000, -29.75000000000000000 ) ) ;
#582 = ORIENTED_EDGE ( 'NONE', *, *, #650, .T. ) ;
#583 = CARTESIAN_POINT ( 'NONE',  ( 12.25000000000000355, 0.000000000000000000, -5.250000000000342837 ) ) ;
#584 = DIRECTION ( 'NONE',  ( 0.000000000000000000, 0.000000000000000000, -1.000000000000000000 ) ) ;
#585 = EDGE_LOOP ( 'NONE', ( #2058, #2374, #1188, #1234, #2138, #1224 ) ) ;
#586 = VERTEX_POINT ( 'NONE', #2046 ) ;
#587 = DIRECTION ( 'NONE',  ( -0.000000000000000000, -1.000000000000000000, -0.000000000000000000 ) ) ;
#588 = CARTESIAN_POINT ( 'NONE',  ( -1.680596404110234365, 0.000000000000000000, 10.30968029470230896 ) ) ;
#589 = DIRECTION ( 'NONE',  ( 0.000000000000000000, 1.000000000000000000, 0.000000000000000000 ) ) ;
#590 = CARTESIAN_POINT ( 'NONE',  ( 17.24999999999998934, 4.000000000000000000, -39.78077640640442070 ) ) ;
#591 = ORIENTED_EDGE ( 'NONE', *, *, #2994, .T. ) ;
#592 = CARTESIAN_POINT ( 'NONE',  ( 4.750000000000004441, 0.000000000000000000, 43.75000000000000000 ) ) ;
#593 = LINE ( 'NONE', #125, #708 ) ;
#594 = ORIENTED_EDGE ( 'NONE', *, *, #2095, .T. ) ;
#595 = CARTESIAN_POINT ( 'NONE',  ( 4.750000000000004441, 6.000000000000000000, 41.00000000000000711 ) ) ;
#596 = ORIENTED_EDGE ( 'NONE', *, *, #1734, .T. ) ;
#597 = AXIS2_PLACEMENT_3D ( 'NONE', #806, #2997, #2944 ) ;
#598 = CARTESIAN_POINT ( 'NONE',  ( 17.18778494058680906, 3.297255550226283471, 35.74525279390251598 ) ) ;
#599 = CIRCLE ( 'NONE', #244, 2.250000000000001776 ) ;
#600 = ORIENTED_EDGE ( 'NONE', *, *, #1719, .T. ) ;
#601 = AXIS2_PLACEMENT_3D ( 'NONE', #2407, #463, #2150 ) ;
#602 = ORIENTED_EDGE ( 'NONE', *, *, #1711, .F. ) ;
#603 = CARTESIAN_POINT ( 'NONE',  ( -16.80689123325212009, 2.165763261676114215, 43.63405971970198038 ) ) ;
#604 = CARTESIAN_POINT ( 'NONE',  ( 17.24999999999998579, 12.00000000000000000, -43.75000000000000000 ) ) ;
#605 = CARTESIAN_POINT ( 'NONE',  ( 14.24999999999999822, 8.702744449773719637, 41.75474720609749113 ) ) ;
#606 = DIRECTION ( 'NONE',  ( -0.000000000000000000, -1.000000000000000000, -0.000000000000000000 ) ) ;
#607 = VECTOR ( 'NONE', #3097, 999.9999999999998863 ) ;
#608 = VERTEX_POINT ( 'NONE', #1290 ) ;
#609 = FACE_OUTER_BOUND ( 'NONE', #2859, .T. ) ;
#610 = FACE_OUTER_BOUND ( 'NONE', #1976, .T. ) ;
#611 = ORIENTED_EDGE ( 'NONE', *, *, #1163, .T. ) ;
#612 = VECTOR ( 'NONE', #2692, 1000.000000000000000 ) ;
#613 = EDGE_CURVE ( 'NONE', #1152, #2304, #2976, .T. ) ;
#614 = EDGE_CURVE ( 'NONE', #890, #1558, #2916, .T. ) ;
#615 = CARTESIAN_POINT ( 'NONE',  ( 17.12298334620740548, 9.000000000000001776, -43.75000000000000000 ) ) ;
#616 = ADVANCED_FACE ( 'NONE', ( #544 ), #1542, .F. ) ;
#617 = VECTOR ( 'NONE', #2159, 1000.000000000000000 ) ;
#618 = ORIENTED_EDGE ( 'NONE', *, *, #1882, .T. ) ;
#619 = VECTOR ( 'NONE', #3116, 1000.000000000000000 ) ;
#620 = CARTESIAN_POINT ( 'NONE',  ( 5.214876645977557068, 0.000000000000000000, -5.921162323343799549 ) ) ;
#621 = AXIS2_PLACEMENT_3D ( 'NONE', #1739, #1142, #1075 ) ;
#622 = EDGE_CURVE ( 'NONE', #2649, #2041, #1419, .T. ) ;
#623 = CIRCLE ( 'NONE', #817, 2.250000000000001776 ) ;
#624 = EDGE_LOOP ( 'NONE', ( #353, #165, #1823, #2143, #1442, #1662, #2695, #2517, #2935 ) ) ;
#625 = EDGE_CURVE ( 'NONE', #1991, #377, #69, .T. ) ;
#626 = ORIENTED_EDGE ( 'NONE', *, *, #177, .T. ) ;
#627 = DIRECTION ( 'NONE',  ( -0.7071067811865531239, 0.000000000000000000, -0.7071067811865420216 ) ) ;
#628 = DIRECTION ( 'NONE',  ( 0.000000000000000000, 1.000000000000000000, 0.000000000000000000 ) ) ;
#629 = CARTESIAN_POINT ( 'NONE',  ( -11.39644660940674115, 0.000000000000000000, -23.23959235991438632 ) ) ;
#630 = VERTEX_POINT ( 'NONE', #783 ) ;
#631 = DIRECTION ( 'NONE',  ( 0.9311010850748040468, 0.000000000000000000, 0.3647612498231170841 ) ) ;
#632 = ORIENTED_EDGE ( 'NONE', *, *, #2021, .F. ) ;
#633 = DIRECTION ( 'NONE',  ( -1.000000000000000000, 0.000000000000000000, 0.000000000000000000 ) ) ;
#634 = ORIENTED_EDGE ( 'NONE', *, *, #1682, .F. ) ;
#635 = DIRECTION ( 'NONE',  ( -0.000000000000000000, -1.000000000000000000, -0.000000000000000000 ) ) ;
#636 = EDGE_CURVE ( 'NONE', #3114, #113, #2266, .T. ) ;
#637 = ORIENTED_EDGE ( 'NONE', *, *, #2000, .F. ) ;
#638 = ORIENTED_EDGE ( 'NONE', *, *, #2990, .F. ) ;
#639 = DIRECTION ( 'NONE',  ( 0.000000000000000000, 0.000000000000000000, -1.000000000000000000 ) ) ;
#640 = LINE ( 'NONE', #1609, #1681 ) ;
#641 = CARTESIAN_POINT ( 'NONE',  ( -12.25000000000001243, 12.00000000000000000, -22.88603896932110970 ) ) ;
#642 = LINE ( 'NONE', #2615, #2925 ) ;
#643 = ORIENTED_EDGE ( 'NONE', *, *, #1397, .T. ) ;
#644 = CARTESIAN_POINT ( 'NONE',  ( 5.214876645977557068, 0.000000000000000000, -5.921162323343799549 ) ) ;
#645 = ORIENTED_EDGE ( 'NONE', *, *, #2107, .F. ) ;
#646 = CARTESIAN_POINT ( 'NONE',  ( -17.25000000000002487, 6.000000000000000000, -38.74999999999999289 ) ) ;
#647 = DIRECTION ( 'NONE',  ( 0.000000000000000000, 0.000000000000000000, 1.000000000000000000 ) ) ;
#648 = ORIENTED_EDGE ( 'NONE', *, *, #2193, .F. ) ;
#649 = EDGE_CURVE ( 'NONE', #1704, #537, #1053, .T. ) ;
#650 = EDGE_CURVE ( 'NONE', #319, #1122, #2523, .T. ) ;
#651 = VECTOR ( 'NONE', #639, 1000.000000000000000 ) ;
#652 = ORIENTED_EDGE ( 'NONE', *, *, #1253, .T. ) ;
#653 = CARTESIAN_POINT ( 'NONE',  ( 6.017125088940531441, 0.000000000000000000, -29.25000000000000000 ) ) ;
#654 = DIRECTION ( 'NONE',  ( 0.000000000000000000, -1.000000000000000000, 0.000000000000000000 ) ) ;
#655 = CARTESIAN_POINT ( 'NONE',  ( -0.1904478628200045320, 0.000000000000000000, -12.03359361332782207 ) ) ;
#656 = EDGE_CURVE ( 'NONE', #2973, #2125, #2377, .T. ) ;
#657 = CARTESIAN_POINT ( 'NONE',  ( 14.78843378967249222, 11.69799749065190575, 42.07394482186219875 ) ) ;
#658 = ORIENTED_EDGE ( 'NONE', *, *, #1553, .T. ) ;
#659 = DIRECTION ( 'NONE',  ( -0.7071067811865516806, 0.000000000000000000, -0.7071067811865434649 ) ) ;
#660 = VERTEX_POINT ( 'NONE', #528 ) ;
#661 = DIRECTION ( 'NONE',  ( 0.000000000000000000, -1.000000000000000000, 0.000000000000000000 ) ) ;
#662 = AXIS2_PLACEMENT_3D ( 'NONE', #328, #1296, #109 ) ;
#663 = FACE_OUTER_BOUND ( 'NONE', #195, .T. ) ;
#664 = VECTOR ( 'NONE', #628, 1000.000000000000000 ) ;
#665 = ORIENTED_EDGE ( 'NONE', *, *, #306, .F. ) ;
#666 = VERTEX_POINT ( 'NONE', #355 ) ;
#667 = DIRECTION ( 'NONE',  ( -1.000000000000000000, -0.000000000000000000, -0.000000000000000000 ) ) ;
#668 = DIRECTION ( 'NONE',  ( 1.586032892321652236E-16, -0.000000000000000000, 1.000000000000000000 ) ) ;
#669 = DIRECTION ( 'NONE',  ( 0.000000000000000000, 0.000000000000000000, 1.000000000000000000 ) ) ;
#670 = CIRCLE ( 'NONE', #2137, 2.250000000000001776 ) ;
#671 = ORIENTED_EDGE ( 'NONE', *, *, #2253, .T. ) ;
#672 = CARTESIAN_POINT ( 'NONE',  ( 14.60126771477837160, 11.77005140543648487, 41.91466380895068511 ) ) ;
#673 = FACE_OUTER_BOUND ( 'NONE', #1488, .T. ) ;
#674 = ORIENTED_EDGE ( 'NONE', *, *, #828, .F. ) ;
#675 = CARTESIAN_POINT ( 'NONE',  ( -17.25000000000001421, 4.000000000000000000, -43.75000000000000000 ) ) ;
#676 = LINE ( 'NONE', #217, #2183 ) ;
#677 = VERTEX_POINT ( 'NONE', #2486 ) ;
#678 = ORIENTED_EDGE ( 'NONE', *, *, #797, .F. ) ;
#679 = CARTESIAN_POINT ( 'NONE',  ( -15.69371547918905740, 0.8260622275691197336, 42.82589818624734335 ) ) ;
#680 = DIRECTION ( 'NONE',  ( 0.3647612498231168066, -0.000000000000000000, -0.9311010850748041578 ) ) ;
#681 = DIRECTION ( 'NONE',  ( -2.602085213965208275E-15, 0.000000000000000000, 1.000000000000000000 ) ) ;
#682 = EDGE_LOOP ( 'NONE', ( #1040, #2467, #145, #1695 ) ) ;
#683 = CARTESIAN_POINT ( 'NONE',  ( 16.55358797779621938, 10.25844768144806984, 43.47544130712350352 ) ) ;
#684 = PLANE ( 'NONE',  #1860 ) ;
#685 = DIRECTION ( 'NONE',  ( 0.000000000000000000, 0.000000000000000000, 1.000000000000000000 ) ) ;
#686 = ADVANCED_FACE ( 'NONE', ( #1024 ), #2700, .F. ) ;
#687 = ORIENTED_EDGE ( 'NONE', *, *, #2710, .T. ) ;
#688 = CYLINDRICAL_SURFACE ( 'NONE', #2422, 0.5000000000000004441 ) ;
#689 = CYLINDRICAL_SURFACE ( 'NONE', #967, 3.000000000000002665 ) ;
#690 = EDGE_CURVE ( 'NONE', #2966, #2561, #996, .T. ) ;
#691 = ORIENTED_EDGE ( 'NONE', *, *, #1294, .T. ) ;
#692 = ORIENTED_EDGE ( 'NONE', *, *, #2990, .T. ) ;
#693 = CARTESIAN_POINT ( 'NONE',  ( 14.24999999999999822, 4.749184812456125115, 42.59301895649019087 ) ) ;
#694 = CIRCLE ( 'NONE', #348, 0.5000000000000000000 ) ;
#695 = LINE ( 'NONE', #419, #7 ) ;
#696 = AXIS2_PLACEMENT_3D ( 'NONE', #856, #3044, #876 ) ;
#697 = ORIENTED_EDGE ( 'NONE', *, *, #1402, .F. ) ;
#698 = VERTEX_POINT ( 'NONE', #300 ) ;
#699 = AXIS2_PLACEMENT_3D ( 'NONE', #1492, #2941, #768 ) ;
#700 = CARTESIAN_POINT ( 'NONE',  ( 16.62055969550055323, 10.15743979473692349, -43.52003967755358360 ) ) ;
#701 = CARTESIAN_POINT ( 'NONE',  ( -16.74710438310015803, 9.945631019116691007, 43.59931020939213653 ) ) ;
#702 = CARTESIAN_POINT ( 'NONE',  ( -13.25000000000000888, 8.000000000000000000, 2.101493582326190574E-15 ) ) ;
#703 = VERTEX_POINT ( 'NONE', #2010 ) ;
#704 = CYLINDRICAL_SURFACE ( 'NONE', #860, 3.000000000000002665 ) ;
#705 = ADVANCED_FACE ( 'NONE', ( #119 ), #2501, .F. ) ;
#706 = CARTESIAN_POINT ( 'NONE',  ( 11.75000000000000355, 12.00000000000000000, -22.60292456913803250 ) ) ;
#707 = EDGE_CURVE ( 'NONE', #2725, #2939, #1370, .T. ) ;
#708 = VECTOR ( 'NONE', #2052, 1000.000000000000000 ) ;
#710 = DIRECTION ( 'NONE',  ( -0.000000000000000000, 1.000000000000000000, -0.000000000000000000 ) ) ;
#709 = VECTOR ( 'NONE', #685, 1000.000000000000000 ) ;
#711 = AXIS2_PLACEMENT_3D ( 'NONE', #2127, #3091, #150 ) ;
#712 = DIRECTION ( 'NONE',  ( 0.000000000000000000, 0.000000000000000000, -1.000000000000000000 ) ) ;
#713 = AXIS2_PLACEMENT_3D ( 'NONE', #620, #2534, #852 ) ;
#714 = VERTEX_POINT ( 'NONE', #1405 ) ;
#715 = PRODUCT_DEFINITION_CONTEXT ( 'detailed design', #2478, 'design' ) ;
#716 = AXIS2_PLACEMENT_3D ( 'NONE', #1364, #141, #2763 ) ;
#717 = DIRECTION ( 'NONE',  ( 0.000000000000000000, 1.000000000000000000, 0.000000000000000000 ) ) ;
#718 = FACE_OUTER_BOUND ( 'NONE', #9, .T. ) ;
#719 = CARTESIAN_POINT ( 'NONE',  ( -17.25000000000002487, 4.000000000000000000, -39.78077640640441359 ) ) ;
#720 = ORIENTED_EDGE ( 'NONE', *, *, #1314, .F. ) ;
#721 = FACE_OUTER_BOUND ( 'NONE', #1289, .T. ) ;
#722 = CARTESIAN_POINT ( 'NONE',  ( -17.25000000000001421, 2.999999999999999112, -40.74999999999999289 ) ) ;
#723 = EDGE_CURVE ( 'NONE', #2041, #1614, #2367, .T. ) ;
#724 = CARTESIAN_POINT ( 'NONE',  ( 4.750000000000004441, 0.000000000000000000, 43.75000000000000000 ) ) ;
#725 = EDGE_CURVE ( 'NONE', #2563, #1258, #1113, .T. ) ;
#726 = LINE ( 'NONE', #2268, #415 ) ;
#727 = CARTESIAN_POINT ( 'NONE',  ( 0.1904478628199861301, 0.000000000000000000, 5.533593613327767002 ) ) ;
#728 = FACE_OUTER_BOUND ( 'NONE', #1169, .T. ) ;
#729 = ORIENTED_EDGE ( 'NONE', *, *, #1824, .F. ) ;
#730 = LINE ( 'NONE', #1966, #301 ) ;
#731 = CARTESIAN_POINT ( 'NONE',  ( -6.750000000000023093, 0.000000000000000000, 23.25000000000000000 ) ) ;
#732 = CARTESIAN_POINT ( 'NONE',  ( -6.482675631477970768, 0.000000000000000000, 22.56761937508844085 ) ) ;
#733 = FACE_BOUND ( 'NONE', #2036, .T. ) ;
#734 = EDGE_CURVE ( 'NONE', #1249, #660, #1096, .T. ) ;
#735 = VECTOR ( 'NONE', #1278, 1000.000000000000114 ) ;
#736 = ORIENTED_EDGE ( 'NONE', *, *, #2623, .F. ) ;
#737 = PLANE ( 'NONE',  #1380 ) ;
#738 = FACE_OUTER_BOUND ( 'NONE', #1342, .T. ) ;
#739 = CIRCLE ( 'NONE', #1513, 0.5000000000000004441 ) ;
#740 = CARTESIAN_POINT ( 'NONE',  ( -11.39644660940673759, 12.00000000000000000, -0.3964466094064661994 ) ) ;
#741 = ORIENTED_EDGE ( 'NONE', *, *, #2216, .T. ) ;
#742 = VECTOR ( 'NONE', #2233, 1000.000000000000114 ) ;
#743 = DIRECTION ( 'NONE',  ( 1.000000000000000000, -0.000000000000000000, -0.000000000000000000 ) ) ;
#744 = DIRECTION ( 'NONE',  ( 0.000000000000000000, 0.6687558152689846436, 0.7434821178373530737 ) ) ;
#745 = LINE ( 'NONE', #2706, #2292 ) ;
#746 = ORIENTED_EDGE ( 'NONE', *, *, #2682, .F. ) ;
#747 = CARTESIAN_POINT ( 'NONE',  ( -17.25000000000002487, 6.000000000000000000, -38.74999999999999289 ) ) ;
#748 = AXIS2_PLACEMENT_3D ( 'NONE', #360, #2037, #1332 ) ;
#749 = ORIENTED_EDGE ( 'NONE', *, *, #2880, .T. ) ;
#750 = AXIS2_PLACEMENT_3D ( 'NONE', #702, #1661, #2402 ) ;
#751 = AXIS2_PLACEMENT_3D ( 'NONE', #2711, #2003, #554 ) ;
#752 = ORIENTED_EDGE ( 'NONE', *, *, #1415, .F. ) ;
#753 = ADVANCED_FACE ( 'NONE', ( #147 ), #2336, .F. ) ;
#754 = DIRECTION ( 'NONE',  ( -0.3647612498231173062, -0.000000000000000000, 0.9311010850748040468 ) ) ;
#755 = CARTESIAN_POINT ( 'NONE',  ( -4.749999999999995559, 6.000000000000000000, 38.75000000000000711 ) ) ;
#756 = AXIS2_PLACEMENT_3D ( 'NONE', #2514, #2300, #161 ) ;
#757 = FACE_BOUND ( 'NONE', #31, .T. ) ;
#758 = EDGE_CURVE ( 'NONE', #2144, #782, #191, .T. ) ;
#759 = VERTEX_POINT ( 'NONE', #2059 ) ;
#760 = CARTESIAN_POINT ( 'NONE',  ( -17.25000000000002487, 4.000000000000000000, -39.78077640640441359 ) ) ;
#761 = CARTESIAN_POINT ( 'NONE',  ( -17.25000000000002487, 6.000000000000000000, -40.99999999999999289 ) ) ;
#762 = CARTESIAN_POINT ( 'NONE',  ( -12.10355339059328372, 0.000000000000000000, -6.760407640085355219 ) ) ;
#763 = ORIENTED_EDGE ( 'NONE', *, *, #1184, .F. ) ;
#764 = LINE ( 'NONE', #2261, #1722 ) ;
#765 = DIRECTION ( 'NONE',  ( 0.000000000000000000, 0.000000000000000000, 1.000000000000000000 ) ) ;
#766 = EDGE_LOOP ( 'NONE', ( #88, #691 ) ) ;
#767 = ORIENTED_EDGE ( 'NONE', *, *, #275, .T. ) ;
#768 = DIRECTION ( 'NONE',  ( 1.982541115402065110E-16, 0.000000000000000000, 1.000000000000000000 ) ) ;
#769 = CARTESIAN_POINT ( 'NONE',  ( -13.25000000000001599, 8.000000000000000000, -43.75000000000000000 ) ) ;
#770 = CARTESIAN_POINT ( 'NONE',  ( 9.589942799431709020, 0.000000000000000000, 14.22598176875283649 ) ) ;
#771 = CARTESIAN_POINT ( 'NONE',  ( 17.25000000000000000, 8.687810609846559728, 36.50454531959235993 ) ) ;
#772 = ORIENTED_EDGE ( 'NONE', *, *, #3029, .F. ) ;
#773 = CARTESIAN_POINT ( 'NONE',  ( -17.25000000000002487, 6.000000000000000000, -38.74999999999999289 ) ) ;
#774 = DIRECTION ( 'NONE',  ( -1.982541115402065110E-16, 0.000000000000000000, -1.000000000000000000 ) ) ;
#775 = EDGE_CURVE ( 'NONE', #1438, #1608, #389, .T. ) ;
#776 = CARTESIAN_POINT ( 'NONE',  ( 11.04289321881344499, 0.000000000000000000, 23.25000000000000000 ) ) ;
#777 = VERTEX_POINT ( 'NONE', #180 ) ;
#778 = CARTESIAN_POINT ( 'NONE',  ( -11.75000000000001243, 0.000000000000000000, -23.38603896932110970 ) ) ;
#779 = EDGE_CURVE ( 'NONE', #2543, #2055, #1849, .T. ) ;
#780 = LINE ( 'NONE', #1002, #2018 ) ;
#781 = ORIENTED_EDGE ( 'NONE', *, *, #2968, .F. ) ;
#782 = VERTEX_POINT ( 'NONE', #1829 ) ;
#783 = CARTESIAN_POINT ( 'NONE',  ( -4.749999999999995559, 6.000000000000000000, 36.50000000000000711 ) ) ;
#784 = PLANE ( 'NONE',  #367 ) ;
#785 = DIRECTION ( 'NONE',  ( 3.469446951953611033E-15, 0.000000000000000000, 1.000000000000000000 ) ) ;
#786 = DIRECTION ( 'NONE',  ( 0.000000000000000000, 0.000000000000000000, -1.000000000000000000 ) ) ;
#787 = VECTOR ( 'NONE', #1202, 1000.000000000000000 ) ;
#788 = EDGE_LOOP ( 'NONE', ( #2379, #2113, #1054, #208, #2857 ) ) ;
#789 = CARTESIAN_POINT ( 'NONE',  ( 17.10926545576557345, 2.857276486754104727, 37.09704952472296924 ) ) ;
#790 = AXIS2_PLACEMENT_3D ( 'NONE', #2686, #573, #1008 ) ;
#791 = SURFACE_STYLE_USAGE ( .BOTH. , #1118 ) ;
#792 = ORIENTED_EDGE ( 'NONE', *, *, #1486, .F. ) ;
#793 = CARTESIAN_POINT ( 'NONE',  ( 6.749999999999984901, 0.000000000000000000, -29.75000000000000000 ) ) ;
#794 = AXIS2_PLACEMENT_3D ( 'NONE', #2993, #321, #2468 ) ;
#795 = ORIENTED_EDGE ( 'NONE', *, *, #1163, .F. ) ;
#796 = CARTESIAN_POINT ( 'NONE',  ( 7.205251289317453178, 0.000000000000000000, -11.00185549186936029 ) ) ;
#797 = EDGE_CURVE ( 'NONE', #1884, #1496, #2803, .T. ) ;
#798 = AXIS2_PLACEMENT_3D ( 'NONE', #747, #99, #1723 ) ;
#799 = EDGE_CURVE ( 'NONE', #1324, #3096, #2789, .T. ) ;
#800 = CARTESIAN_POINT ( 'NONE',  ( 17.24999999999998579, 4.000000000000000000, -43.75000000000000000 ) ) ;
#801 = VERTEX_POINT ( 'NONE', #3059 ) ;
#802 = ORIENTED_EDGE ( 'NONE', *, *, #2974, .T. ) ;
#803 = PLANE ( 'NONE',  #949 ) ;
#804 = DIRECTION ( 'NONE',  ( 1.586032892321652236E-16, -0.000000000000000000, 1.000000000000000000 ) ) ;
#805 = DIRECTION ( 'NONE',  ( -1.000000000000000000, 0.000000000000000000, -0.000000000000000000 ) ) ;
#806 = CARTESIAN_POINT ( 'NONE',  ( -17.25000000000002487, 6.000000000000000000, -38.74999999999999289 ) ) ;
#807 = DIRECTION ( 'NONE',  ( 0.000000000000000000, 0.9782523089410951611, -0.2074184660328389773 ) ) ;
#808 = AXIS2_PLACEMENT_3D ( 'NONE', #2664, #2087, #1088 ) ;
#809 = ORIENTED_EDGE ( 'NONE', *, *, #457, .T. ) ;
#810 = CARTESIAN_POINT ( 'NONE',  ( 4.750000000000004441, 0.000000000000000000, 40.74999999999999289 ) ) ;
#811 = VECTOR ( 'NONE', #562, 1000.000000000000000 ) ;
#812 = VECTOR ( 'NONE', #135, 1000.000000000000000 ) ;
#813 = CARTESIAN_POINT ( 'NONE',  ( -12.25000000000001066, 0.000000000000000000, -1.249999999999728884 ) ) ;
#814 = ORIENTED_EDGE ( 'NONE', *, *, #275, .F. ) ;
#815 = CARTESIAN_POINT ( 'NONE',  ( 16.74709694511556890, 2.054355505257710046, -43.59930579550363916 ) ) ;
#816 = ORIENTED_EDGE ( 'NONE', *, *, #1270, .T. ) ;
#817 = AXIS2_PLACEMENT_3D ( 'NONE', #2932, #1707, #1262 ) ;
#818 = DIRECTION ( 'NONE',  ( 0.000000000000000000, -1.000000000000000000, 0.000000000000000000 ) ) ;
#819 = DIRECTION ( 'NONE',  ( 0.000000000000000000, 0.000000000000000000, -1.000000000000000000 ) ) ;
#820 = ORIENTED_EDGE ( 'NONE', *, *, #1398, .F. ) ;
#821 = EDGE_CURVE ( 'NONE', #1338, #1582, #1162, .T. ) ;
#822 = EDGE_CURVE ( 'NONE', #2055, #2537, #1391, .T. ) ;
#823 = ORIENTED_EDGE ( 'NONE', *, *, #937, .T. ) ;
#824 = CARTESIAN_POINT ( 'NONE',  ( -0.4217753911738150174, 12.00000000000000000, -12.26492114168162750 ) ) ;
#825 = DIRECTION ( 'NONE',  ( 0.000000000000000000, 0.000000000000000000, 1.000000000000000000 ) ) ;
#826 = LINE ( 'NONE', #3010, #735 ) ;
#827 = DIRECTION ( 'NONE',  ( 0.000000000000000000, -1.000000000000000000, 0.000000000000000000 ) ) ;
#828 = EDGE_CURVE ( 'NONE', #2275, #1438, #1191, .T. ) ;
#829 = VERTEX_POINT ( 'NONE', #2321 ) ;
#830 = DIRECTION ( 'NONE',  ( 1.009364629870436254E-16, 0.000000000000000000, -1.000000000000000000 ) ) ;
#831 = EDGE_LOOP ( 'NONE', ( #1828, #1198, #1051, #401 ) ) ;
#832 = CARTESIAN_POINT ( 'NONE',  ( -13.25000000000000888, 0.000000000000000000, 2.101493582326190574E-15 ) ) ;
#833 = ORIENTED_EDGE ( 'NONE', *, *, #978, .T. ) ;
#834 = CARTESIAN_POINT ( 'NONE',  ( 4.750000000000004441, 9.000000000000001776, 43.75000000000000000 ) ) ;
#835 = ORIENTED_EDGE ( 'NONE', *, *, #1959, .F. ) ;
#836 = ORIENTED_EDGE ( 'NONE', *, *, #1501, .T. ) ;
#837 = CARTESIAN_POINT ( 'NONE',  ( 11.75000000000000355, 0.000000000000000000, -22.60292456913803250 ) ) ;
#838 = EDGE_CURVE ( 'NONE', #777, #1991, #2667, .T. ) ;
#839 = EDGE_CURVE ( 'NONE', #2258, #630, #950, .T. ) ;
#840 = CARTESIAN_POINT ( 'NONE',  ( 17.25000000000000000, 8.000000000000000000, 41.90374984524579816 ) ) ;
#841 = CARTESIAN_POINT ( 'NONE',  ( -0.7753287817670861948, 12.00000000000000000, -11.91136775108835266 ) ) ;
#842 = LINE ( 'NONE', #3027, #414 ) ;
#843 = EDGE_CURVE ( 'NONE', #908, #3106, #239, .T. ) ;
#844 = VERTEX_POINT ( 'NONE', #1921 ) ;
#845 = FACE_OUTER_BOUND ( 'NONE', #2776, .T. ) ;
#846 = CARTESIAN_POINT ( 'NONE',  ( 6.749999999999984901, 0.000000000000000000, -29.75000000000000000 ) ) ;
#847 = EDGE_LOOP ( 'NONE', ( #2902, #591, #566, #2816 ) ) ;
#848 = CARTESIAN_POINT ( 'NONE',  ( 14.78843378967247091, 0.3020025093480960265, -42.07394482186219875 ) ) ;
#849 = ADVANCED_FACE ( 'NONE', ( #963 ), #479, .F. ) ;
#850 = ORIENTED_EDGE ( 'NONE', *, *, #73, .F. ) ;
#851 = CIRCLE ( 'NONE', #1917, 0.5000000000000004441 ) ;
#852 = DIRECTION ( 'NONE',  ( 0.000000000000000000, 0.000000000000000000, -1.000000000000000000 ) ) ;
#853 = ADVANCED_FACE ( 'NONE', ( #733, #1936 ), #2184, .F. ) ;
#854 = ORIENTED_EDGE ( 'NONE', *, *, #2766, .T. ) ;
#855 = DIRECTION ( 'NONE',  ( 1.982541115402065110E-16, -0.000000000000000000, 1.000000000000000000 ) ) ;
#856 = CARTESIAN_POINT ( 'NONE',  ( 0.000000000000000000, 9.000000000000001776, -40.74999999999999289 ) ) ;
#857 = DIRECTION ( 'NONE',  ( 1.982541115402065110E-16, 0.000000000000000000, 1.000000000000000000 ) ) ;
#858 = DIRECTION ( 'NONE',  ( 0.000000000000000000, 0.000000000000000000, 1.000000000000000000 ) ) ;
#859 = CARTESIAN_POINT ( 'NONE',  ( 17.24999999999998934, 4.000000000000000000, -37.71922359359557930 ) ) ;
#860 = AXIS2_PLACEMENT_3D ( 'NONE', #1677, #2283, #1153 ) ;
#861 = ORIENTED_EDGE ( 'NONE', *, *, #867, .F. ) ;
#862 = LINE ( 'NONE', #344, #2583 ) ;
#863 = ORIENTED_EDGE ( 'NONE', *, *, #1734, .F. ) ;
#864 = AXIS2_PLACEMENT_3D ( 'NONE', #1242, #986, #38 ) ;
#865 = CARTESIAN_POINT ( 'NONE',  ( 13.24999999999998934, 0.000000000000000000, -40.74999999999999289 ) ) ;
#866 = ADVANCED_FACE ( 'NONE', ( #1477 ), #1698, .F. ) ;
#867 = EDGE_CURVE ( 'NONE', #703, #1884, #1510, .T. ) ;
#868 = EDGE_LOOP ( 'NONE', ( #2999, #1629, #792, #1840, #2140, #2354 ) ) ;
#869 = AXIS2_PLACEMENT_3D ( 'NONE', #2969, #818, #2628 ) ;
#870 = CARTESIAN_POINT ( 'NONE',  ( -13.25000000000001599, 0.000000000000000000, -40.74999999999999289 ) ) ;
#871 = VECTOR ( 'NONE', #122, 1000.000000000000000 ) ;
#872 = ADVANCED_FACE ( 'NONE', ( #2906 ), #1892, .F. ) ;
#873 = ORIENTED_EDGE ( 'NONE', *, *, #322, .F. ) ;
#874 = ORIENTED_EDGE ( 'NONE', *, *, #1650, .F. ) ;
#875 = CARTESIAN_POINT ( 'NONE',  ( 17.25000000000000355, 8.000000000000000000, 40.74999999999999289 ) ) ;
#876 = DIRECTION ( 'NONE',  ( 0.000000000000000000, 0.000000000000000000, -1.000000000000000000 ) ) ;
#877 = DIRECTION ( 'NONE',  ( 0.7071067811865434649, 0.000000000000000000, -0.7071067811865516806 ) ) ;
#878 = CARTESIAN_POINT ( 'NONE',  ( 5.568430036570827468, 12.00000000000000000, -6.274715713937075279 ) ) ;
#879 = CARTESIAN_POINT ( 'NONE',  ( -17.25000000000001776, 6.000000000000000000, 36.50000000000000711 ) ) ;
#880 = CARTESIAN_POINT ( 'NONE',  ( -0.1904478628200045320, 0.000000000000000000, -12.03359361332782207 ) ) ;
#881 = EDGE_LOOP ( 'NONE', ( #3103, #3054, #1019, #1541 ) ) ;
#882 = DIRECTION ( 'NONE',  ( 0.3647612498231169731, -0.000000000000000000, -0.9311010850748041578 ) ) ;
#883 =( BOUNDED_CURVE ( )  B_SPLINE_CURVE ( 3, ( #2955, #2229, #317, #2683 ),
 .UNSPECIFIED., .F., .F. ) 
 B_SPLINE_CURVE_WITH_KNOTS ( ( 4, 4 ),
 ( 4.202145292866067194, 4.535786302820927318 ),
 .UNSPECIFIED. ) 
 CURVE ( )  GEOMETRIC_REPRESENTATION_ITEM ( )  RATIONAL_B_SPLINE_CURVE ( ( 1.000000000000000000, 0.9907451324753770994, 0.9907451324753770994, 1.000000000000000000 ) ) 
 REPRESENTATION_ITEM ( '' )  );
#884 = ORIENTED_EDGE ( 'NONE', *, *, #1685, .T. ) ;
#885 = CARTESIAN_POINT ( 'NONE',  ( -16.55358797779622293, 10.25844768144807340, -43.47544130712351773 ) ) ;
#886 = EDGE_CURVE ( 'NONE', #2919, #2389, #1709, .T. ) ;
#887 = LINE ( 'NONE', #2317, #2734 ) ;
#888 = VERTEX_POINT ( 'NONE', #492 ) ;
#889 = EDGE_CURVE ( 'NONE', #400, #1303, #1668, .T. ) ;
#890 = VERTEX_POINT ( 'NONE', #247 ) ;
#891 = CARTESIAN_POINT ( 'NONE',  ( 17.25000000000000000, 3.764223246857250071, 35.64624181029756755 ) ) ;
#892 = CARTESIAN_POINT ( 'NONE',  ( 17.25000000000000355, 8.000000000000000000, 40.74999999999999289 ) ) ;
#893 = DIRECTION ( 'NONE',  ( 0.000000000000000000, 1.000000000000000000, 0.000000000000000000 ) ) ;
#894 = CARTESIAN_POINT ( 'NONE',  ( 16.34252357285149415, 10.54821815762884185, 43.32874079318901295 ) ) ;
#895 = VERTEX_POINT ( 'NONE', #1222 ) ;
#896 = CARTESIAN_POINT ( 'NONE',  ( 6.851697898724181002, 0.000000000000000000, -10.64830210127608545 ) ) ;
#897 = ORIENTED_EDGE ( 'NONE', *, *, #2531, .T. ) ;
#898 = CARTESIAN_POINT ( 'NONE',  ( -15.86305196752737423, 11.03686055055889881, -42.96162718988809104 ) ) ;
#899 = DIRECTION ( 'NONE',  ( -0.7071067811865516806, 0.000000000000000000, -0.7071067811865434649 ) ) ;
#900 = EDGE_CURVE ( 'NONE', #558, #2275, #2864, .T. ) ;
#901 = AXIS2_PLACEMENT_3D ( 'NONE', #3108, #1938, #2169 ) ;
#902 = ORIENTED_EDGE ( 'NONE', *, *, #92, .F. ) ;
#903 = VECTOR ( 'NONE', #166, 1000.000000000000000 ) ;
#904 = DIRECTION ( 'NONE',  ( -0.000000000000000000, -1.000000000000000000, -0.000000000000000000 ) ) ;
#905 = EDGE_CURVE ( 'NONE', #493, #1614, #599, .T. ) ;
#906 = CARTESIAN_POINT ( 'NONE',  ( -12.10355339059328372, 12.00000000000000000, -6.760407640085355219 ) ) ;
#907 = CARTESIAN_POINT ( 'NONE',  ( 4.750000000000004441, 12.00000000000000000, 0.000000000000000000 ) ) ;
#908 = VERTEX_POINT ( 'NONE', #2380 ) ;
#909 = CIRCLE ( 'NONE', #1167, 0.4999999999999995559 ) ;
#910 = CARTESIAN_POINT ( 'NONE',  ( 13.64192539050960917, 11.98559535494692518, 41.08941818106088562 ) ) ;
#911 = LINE ( 'NONE', #1119, #1905 ) ;
#912 = DIRECTION ( 'NONE',  ( -1.000000000000000000, -0.000000000000000000, -0.000000000000000000 ) ) ;
#913 = EDGE_LOOP ( 'NONE', ( #600, #2525, #1112, #1007, #240, #1129 ) ) ;
#914 = DIRECTION ( 'NONE',  ( 0.000000000000000000, 1.000000000000000000, 0.000000000000000000 ) ) ;
#915 = VECTOR ( 'NONE', #2067, 1000.000000000000000 ) ;
#916 = CARTESIAN_POINT ( 'NONE',  ( 9.236389408838435955, 0.000000000000000000, 14.57953515934611133 ) ) ;
#917 = CIRCLE ( 'NONE', #1384, 0.5000000000000004441 ) ;
#918 = VECTOR ( 'NONE', #1916, 1000.000000000000000 ) ;
#919 = CIRCLE ( 'NONE', #1128, 0.5000000000000004441 ) ;
#920 = EDGE_LOOP ( 'NONE', ( #3035, #3033, #1996, #2182 ) ) ;
#921 = CARTESIAN_POINT ( 'NONE',  ( 17.25000000000000355, 8.235776753142753037, 41.85375818970244666 ) ) ;
#922 = EDGE_CURVE ( 'NONE', #2548, #113, #2396, .T. ) ;
#923 = LINE ( 'NONE', #892, #1223 ) ;
#924 = DIRECTION ( 'NONE',  ( 0.000000000000000000, 0.6687558152689846436, 0.7434821178373530737 ) ) ;
#925 = ORIENTED_EDGE ( 'NONE', *, *, #734, .F. ) ;
#926 = LINE ( 'NONE', #2360, #617 ) ;
#927 = EDGE_CURVE ( 'NONE', #2627, #2725, #1571, .T. ) ;
#928 = ORIENTED_EDGE ( 'NONE', *, *, #386, .F. ) ;
#929 = FACE_OUTER_BOUND ( 'NONE', #3124, .T. ) ;
#930 = LINE ( 'NONE', #957, #918 ) ;
#931 = ORIENTED_EDGE ( 'NONE', *, *, #1591, .F. ) ;
#932 = VERTEX_POINT ( 'NONE', #2881 ) ;
#933 = DIRECTION ( 'NONE',  ( -0.000000000000000000, -1.000000000000000000, -0.000000000000000000 ) ) ;
#934 = ORIENTED_EDGE ( 'NONE', *, *, #2095, .F. ) ;
#935 = LINE ( 'NONE', #2585, #1630 ) ;
#936 = EDGE_CURVE ( 'NONE', #1093, #2779, #278, .T. ) ;
#937 = EDGE_CURVE ( 'NONE', #2546, #2538, #1874, .T. ) ;
#938 = ADVANCED_FACE ( 'NONE', ( #1039 ), #2498, .F. ) ;
#939 =( NAMED_UNIT ( * ) PLANE_ANGLE_UNIT ( ) SI_UNIT ( $, .RADIAN. ) );
#940 = ORIENTED_EDGE ( 'NONE', *, *, #1605, .F. ) ;
#941 = DIRECTION ( 'NONE',  ( -1.982541115402065110E-16, 0.000000000000000000, -1.000000000000000000 ) ) ;
#942 = ORIENTED_EDGE ( 'NONE', *, *, #1028, .F. ) ;
#943 = FACE_OUTER_BOUND ( 'NONE', #225, .T. ) ;
#944 = CYLINDRICAL_SURFACE ( 'NONE', #1589, 3.000000000000002665 ) ;
#945 = CIRCLE ( 'NONE', #1462, 2.250000000000001776 ) ;
#946 = EDGE_LOOP ( 'NONE', ( #1274, #638, #1450, #954 ) ) ;
#947 = CARTESIAN_POINT ( 'NONE',  ( -13.64192539050960562, 0.01440464505308083031, 41.08941818106086430 ) ) ;
#948 = LINE ( 'NONE', #2244, #250 ) ;
#949 = AXIS2_PLACEMENT_3D ( 'NONE', #1275, #1759, #2450 ) ;
#950 = CIRCLE ( 'NONE', #1110, 2.250000000000001776 ) ;
#951 = DIRECTION ( 'NONE',  ( 1.000000000000000000, 0.000000000000000000, 0.000000000000000000 ) ) ;
#952 = CARTESIAN_POINT ( 'NONE',  ( 11.04289321881344499, 0.000000000000000000, 23.25000000000000000 ) ) ;
#953 = DIRECTION ( 'NONE',  ( 0.7071067811865434649, 0.000000000000000000, -0.7071067811865516806 ) ) ;
#954 = ORIENTED_EDGE ( 'NONE', *, *, #1796, .F. ) ;
#955 = CARTESIAN_POINT ( 'NONE',  ( -13.25000000000001421, 12.00000000000000000, -40.74999999999999289 ) ) ;
#956 = ADVANCED_FACE ( 'NONE', ( #2463 ), #1956, .T. ) ;
#957 = CARTESIAN_POINT ( 'NONE',  ( 6.749999999999984901, 12.00000000000000000, -29.75000000000000000 ) ) ;
#958 = VECTOR ( 'NONE', #2430, 1000.000000000000000 ) ;
#959 = ORIENTED_EDGE ( 'NONE', *, *, #707, .T. ) ;
#960 = AXIS2_PLACEMENT_3D ( 'NONE', #1227, #8, #1964 ) ;
#961 = VECTOR ( 'NONE', #2358, 1000.000000000000000 ) ;
#962 = EDGE_CURVE ( 'NONE', #2800, #2966, #1, .T. ) ;
#963 = FACE_OUTER_BOUND ( 'NONE', #1751, .T. ) ;
#964 = CIRCLE ( 'NONE', #1174, 4.000000000000000000 ) ;
#965 = VERTEX_POINT ( 'NONE', #2209 ) ;
#966 = CARTESIAN_POINT ( 'NONE',  ( -0.3097782392296844489, 0.000000000000000000, -11.72898712617679529 ) ) ;
#967 = AXIS2_PLACEMENT_3D ( 'NONE', #722, #1216, #1694 ) ;
#968 = DIRECTION ( 'NONE',  ( -0.000000000000000000, -0.000000000000000000, -1.000000000000000000 ) ) ;
#969 = CARTESIAN_POINT ( 'NONE',  ( 11.28444945746260153, 0.000000000000000000, -22.78530519404959165 ) ) ;
#970 = CARTESIAN_POINT ( 'NONE',  ( -17.25000000000002487, 8.000000000000000000, -37.71922359359557220 ) ) ;
#971 = ORIENTED_EDGE ( 'NONE', *, *, #494, .T. ) ;
#972 = LINE ( 'NONE', #985, #2533 ) ;
#973 = DIRECTION ( 'NONE',  ( -0.3647612498231171396, -0.000000000000000000, 0.9311010850748041578 ) ) ;
#974 = DIRECTION ( 'NONE',  ( 1.000000000000000000, 0.000000000000000000, -1.084202172485504434E-16 ) ) ;
#975 = ADVANCED_FACE ( 'NONE', ( #352 ), #2026, .F. ) ;
#976 =( BOUNDED_CURVE ( )  B_SPLINE_CURVE ( 3, ( #2724, #1031, #789, #2760 ),
 .UNSPECIFIED., .F., .F. ) 
 B_SPLINE_CURVE_WITH_KNOTS ( ( 4, 4 ),
 ( 4.202145292866067194, 4.535786302820927318 ),
 .UNSPECIFIED. ) 
 CURVE ( )  GEOMETRIC_REPRESENTATION_ITEM ( )  RATIONAL_B_SPLINE_CURVE ( ( 1.000000000000000000, 0.9907451324753770994, 0.9907451324753770994, 1.000000000000000000 ) ) 
 REPRESENTATION_ITEM ( '' )  );
#977 = DIRECTION ( 'NONE',  ( 1.000000000000000000, 0.000000000000000000, -1.084202172485504434E-16 ) ) ;
#978 = EDGE_CURVE ( 'NONE', #2333, #388, #780, .T. ) ;
#979 = ORIENTED_EDGE ( 'NONE', *, *, #1902, .T. ) ;
#980 = CARTESIAN_POINT ( 'NONE',  ( 4.750000000000004441, 3.000000000000000000, 27.25000000000000000 ) ) ;
#981 = CARTESIAN_POINT ( 'NONE',  ( 14.24999999999999822, 0.000000000000000000, 3.508429501975565652E-16 ) ) ;
#982 = CARTESIAN_POINT ( 'NONE',  ( -15.69374440310095409, 11.17391531215737643, 42.82592149099394874 ) ) ;
#983 = FACE_BOUND ( 'NONE', #2964, .T. ) ;
#984 = ORIENTED_EDGE ( 'NONE', *, *, #73, .T. ) ;
#985 = CARTESIAN_POINT ( 'NONE',  ( -4.749999999999995559, 0.000000000000000000, 43.75000000000000000 ) ) ;
#986 = DIRECTION ( 'NONE',  ( 1.000000000000000000, -0.000000000000000000, -1.084202172485504434E-16 ) ) ;
#987 = DIRECTION ( 'NONE',  ( 0.000000000000000000, 0.000000000000000000, -1.000000000000000000 ) ) ;
#988 = CARTESIAN_POINT ( 'NONE',  ( -6.750000000000023093, 12.00000000000000000, 23.25000000000000000 ) ) ;
#989 = EDGE_LOOP ( 'NONE', ( #2441, #3084, #814, #1575 ) ) ;
#990 = AXIS2_PLACEMENT_3D ( 'NONE', #1528, #2489, #324 ) ;
#991 = LINE ( 'NONE', #1011, #2132 ) ;
#992 = LINE ( 'NONE', #1963, #2415 ) ;
#993 = CARTESIAN_POINT ( 'NONE',  ( 0.4217753911737965322, 12.00000000000000000, 5.764921141681574213 ) ) ;
#994 = EDGE_CURVE ( 'NONE', #759, #2494, #1212, .T. ) ;
#995 = VERTEX_POINT ( 'NONE', #1266 ) ;
#996 = CIRCLE ( 'NONE', #794, 2.250000000000001776 ) ;
#997 = LINE ( 'NONE', #1549, #2882 ) ;
#998 = DIRECTION ( 'NONE',  ( -1.000000000000000000, -0.000000000000000000, -0.000000000000000000 ) ) ;
#999 = CARTESIAN_POINT ( 'NONE',  ( 9.589942799431710796, 0.000000000000000000, -1.546096169889712879 ) ) ;
#1000 = VERTEX_POINT ( 'NONE', #800 ) ;
#1001 = DIRECTION ( 'NONE',  ( 0.3647612498231168621, 0.000000000000000000, -0.9311010850748041578 ) ) ;
#1002 = CARTESIAN_POINT ( 'NONE',  ( 4.750000000000004441, 12.00000000000000000, 27.25000000000000000 ) ) ;
#1003 = AXIS2_PLACEMENT_3D ( 'NONE', #155, #631, #2778 ) ;
#1004 = VERTEX_POINT ( 'NONE', #541 ) ;
#1005 = AXIS2_PLACEMENT_3D ( 'NONE', #644, #1613, #94 ) ;
#1006 = VECTOR ( 'NONE', #1098, 1000.000000000000000 ) ;
#1007 = ORIENTED_EDGE ( 'NONE', *, *, #2657, .T. ) ;
#1008 = DIRECTION ( 'NONE',  ( 0.000000000000000000, 0.000000000000000000, -1.000000000000000000 ) ) ;
#1009 = ADVANCED_FACE ( 'NONE', ( #1973 ), #1520, .F. ) ;
#1010 = ADVANCED_FACE ( 'NONE', ( #1774 ), #1506, .F. ) ;
#1011 = CARTESIAN_POINT ( 'NONE',  ( 6.620370370370371127, 0.000000000000000000, -10.87962962962989089 ) ) ;
#1012 = CARTESIAN_POINT ( 'NONE',  ( -13.64146747908889701, 12.00000000000000178, 41.08902070093343895 ) ) ;
#1013 = CARTESIAN_POINT ( 'NONE',  ( 14.24999999999999467, 6.000000000000000000, 36.50000000000000711 ) ) ;
#1014 = EDGE_LOOP ( 'NONE', ( #2745, #2956, #2953, #2029 ) ) ;
#1015 = VECTOR ( 'NONE', #2679, 1000.000000000000000 ) ;
#1016 = DIRECTION ( 'NONE',  ( -0.000000000000000000, -0.000000000000000000, 1.000000000000000000 ) ) ;
#1017 = LINE ( 'NONE', #1261, #2079 ) ;
#1018 = FACE_OUTER_BOUND ( 'NONE', #2610, .T. ) ;
#1019 = ORIENTED_EDGE ( 'NONE', *, *, #1568, .F. ) ;
#1020 = CARTESIAN_POINT ( 'NONE',  ( -13.25000000000001421, 12.00000000000000000, -40.74999999999999289 ) ) ;
#1021 = CARTESIAN_POINT ( 'NONE',  ( -7.205251289317469165, 0.000000000000000000, 4.501855491869296344 ) ) ;
#1022 = EDGE_LOOP ( 'NONE', ( #1500, #763, #1034, #665 ) ) ;
#1023 = EDGE_LOOP ( 'NONE', ( #2394, #1280, #594, #459, #1887, #2315 ) ) ;
#1024 = FACE_OUTER_BOUND ( 'NONE', #1135, .T. ) ;
#1025 = CARTESIAN_POINT ( 'NONE',  ( 17.24218305599746159, 8.249948894814846057, -38.92817849347096626 ) ) ;
#1026 = CARTESIAN_POINT ( 'NONE',  ( 4.750000000000004441, 3.000000000000000000, 30.25000000000000000 ) ) ;
#1027 = CARTESIAN_POINT ( 'NONE',  ( -1.215045861572832786, 0.000000000000000000, 10.49206091961386633 ) ) ;
#1028 = EDGE_CURVE ( 'NONE', #2389, #2986, #909, .T. ) ;
#1029 = EDGE_CURVE ( 'NONE', #2762, #703, #883, .T. ) ;
#1030 = ORIENTED_EDGE ( 'NONE', *, *, #2815, .F. ) ;
#1031 = CARTESIAN_POINT ( 'NONE',  ( 16.95877843012566899, 2.436443335844508340, 38.39002213376265615 ) ) ;
#1032 = EDGE_CURVE ( 'NONE', #2538, #1643, #1302, .T. ) ;
#1033 = CARTESIAN_POINT ( 'NONE',  ( 17.25000000000000355, 8.000000000000000000, 43.75000000000000000 ) ) ;
#1034 = ORIENTED_EDGE ( 'NONE', *, *, #482, .F. ) ;
#1035 = CARTESIAN_POINT ( 'NONE',  ( -11.39644660940673759, 0.000000000000000000, -0.3964466094064671431 ) ) ;
#1036 = ADVANCED_FACE ( 'NONE', ( #1740 ), #81, .F. ) ;
#1037 = ORIENTED_EDGE ( 'NONE', *, *, #2605, .F. ) ;
#1038 = CARTESIAN_POINT ( 'NONE',  ( -6.620370370370388002, 0.000000000000000000, 4.379629629629827825 ) ) ;
#1039 = FACE_OUTER_BOUND ( 'NONE', #35, .T. ) ;
#1040 = ORIENTED_EDGE ( 'NONE', *, *, #1781, .F. ) ;
#1041 = EDGE_LOOP ( 'NONE', ( #2365, #480, #2751, #1525 ) ) ;
#1042 = DIRECTION ( 'NONE',  ( -1.000000000000000000, 0.000000000000000000, 1.982541115402065110E-16 ) ) ;
#1043 = LINE ( 'NONE', #2061, #1433 ) ;
#1044 = CARTESIAN_POINT ( 'NONE',  ( 17.24999999999998934, 8.000000000000000000, -37.71922359359557930 ) ) ;
#1045 = CARTESIAN_POINT ( 'NONE',  ( 17.24999999999998934, 6.000000000000000000, -36.50000000000000000 ) ) ;
#1046 = VECTOR ( 'NONE', #589, 1000.000000000000000 ) ;
#1047 = ORIENTED_EDGE ( 'NONE', *, *, #439, .T. ) ;
#1048 = CARTESIAN_POINT ( 'NONE',  ( -17.25000000000000000, 3.917530400142069436, 39.62076187882011880 ) ) ;
#1049 = VECTOR ( 'NONE', #2791, 1000.000000000000000 ) ;
#1050 = DIRECTION ( 'NONE',  ( 0.000000000000000000, 0.000000000000000000, -1.000000000000000000 ) ) ;
#1051 = ORIENTED_EDGE ( 'NONE', *, *, #494, .F. ) ;
#1052 = CARTESIAN_POINT ( 'NONE',  ( 4.750000000000004441, 6.000000000000000000, 38.75000000000000711 ) ) ;
#1053 = CIRCLE ( 'NONE', #2972, 0.5000000000000004441 ) ;
#1054 = ORIENTED_EDGE ( 'NONE', *, *, #131, .T. ) ;
#1055 = EDGE_CURVE ( 'NONE', #1643, #1875, #29, .T. ) ;
#1056 = CARTESIAN_POINT ( 'NONE',  ( -17.25000000000000000, 8.082469599857928344, 37.87923812117989542 ) ) ;
#1057 = DIRECTION ( 'NONE',  ( 0.000000000000000000, -1.000000000000000000, 0.000000000000000000 ) ) ;
#1058 = ORIENTED_EDGE ( 'NONE', *, *, #2720, .T. ) ;
#1059 = CIRCLE ( 'NONE', #504, 2.250000000000001776 ) ;
#1060 = EDGE_CURVE ( 'NONE', #2111, #666, #2917, .T. ) ;
#1061 = ORIENTED_EDGE ( 'NONE', *, *, #187, .T. ) ;
#1062 = CARTESIAN_POINT ( 'NONE',  ( -6.739700746780067142, 0.000000000000000000, 4.684236116780854609 ) ) ;
#1063 = CIRCLE ( 'NONE', #2129, 0.5000000000000004441 ) ;
#1064 = LINE ( 'NONE', #2033, #1006 ) ;
#1065 = DIRECTION ( 'NONE',  ( 0.000000000000000000, 0.3094964936721113502, -0.9509005838701902746 ) ) ;
#1066 = VECTOR ( 'NONE', #2040, 1000.000000000000000 ) ;
#1067 = VECTOR ( 'NONE', #1760, 1000.000000000000000 ) ;
#1068 = EDGE_LOOP ( 'NONE', ( #395, #1919, #347, #1777 ) ) ;
#1069 = CARTESIAN_POINT ( 'NONE',  ( -11.04289321881345565, 0.000000000000000000, -29.25000000000000000 ) ) ;
#1070 = CARTESIAN_POINT ( 'NONE',  ( 9.589942799431710796, 0.000000000000000000, -1.546096169889712879 ) ) ;
#1071 = VERTEX_POINT ( 'NONE', #1615 ) ;
#1072 = CARTESIAN_POINT ( 'NONE',  ( 14.24999999999999822, 8.702744449773719637, 41.75474720609749113 ) ) ;
#1073 = ORIENTED_EDGE ( 'NONE', *, *, #12, .T. ) ;
#1074 = AXIS2_PLACEMENT_3D ( 'NONE', #2123, #1173, #1679 ) ;
#1075 = DIRECTION ( 'NONE',  ( 6.938893903907222067E-15, 0.000000000000000000, 1.000000000000000000 ) ) ;
#1076 = EDGE_CURVE ( 'NONE', #2563, #1152, #1412, .T. ) ;
#1077 = ADVANCED_FACE ( 'NONE', ( #1900 ), #688, .F. ) ;
#1078 = EDGE_CURVE ( 'NONE', #801, #2510, #1059, .T. ) ;
#1079 = ORIENTED_EDGE ( 'NONE', *, *, #2655, .T. ) ;
#1080 = ORIENTED_EDGE ( 'NONE', *, *, #260, .F. ) ;
#1081 = CARTESIAN_POINT ( 'NONE',  ( 14.24999999999999822, 3.297255550226283471, 35.74525279390251598 ) ) ;
#1082 = EDGE_CURVE ( 'NONE', #82, #1786, #2575, .T. ) ;
#1083 = CARTESIAN_POINT ( 'NONE',  ( -11.39644660940674115, 12.00000000000000000, -23.23959235991438632 ) ) ;
#1084 = DIRECTION ( 'NONE',  ( 0.000000000000000000, 0.000000000000000000, 1.000000000000000000 ) ) ;
#1085 = CARTESIAN_POINT ( 'NONE',  ( 17.24999999999998579, 3.917529431104564530, -37.87924000138882974 ) ) ;
#1086 = ORIENTED_EDGE ( 'NONE', *, *, #1912, .T. ) ;
#1087 = CYLINDRICAL_SURFACE ( 'NONE', #1622, 0.5000000000000004441 ) ;
#1088 = DIRECTION ( 'NONE',  ( -1.586032892321652236E-16, 0.000000000000000000, -1.000000000000000000 ) ) ;
#1089 = ORIENTED_EDGE ( 'NONE', *, *, #843, .T. ) ;
#1090 = DIRECTION ( 'NONE',  ( -0.000000000000000000, -0.000000000000000000, -1.000000000000000000 ) ) ;
#1091 = ORIENTED_EDGE ( 'NONE', *, *, #867, .T. ) ;
#1092 = CARTESIAN_POINT ( 'NONE',  ( -16.34253954721773283, 1.451801537325312808, -43.32875237913440003 ) ) ;
#1093 = VERTEX_POINT ( 'NONE', #1140 ) ;
#1094 = EDGE_CURVE ( 'NONE', #2690, #1687, #2200, .T. ) ;
#1095 = EDGE_LOOP ( 'NONE', ( #3099, #1990, #1947, #1228 ) ) ;
#1096 = LINE ( 'NONE', #2565, #2072 ) ;
#1097 = EDGE_CURVE ( 'NONE', #1496, #2232, #1265, .T. ) ;
#1098 = DIRECTION ( 'NONE',  ( 0.7071067811865527908, 0.000000000000000000, 0.7071067811865422437 ) ) ;
#1099 = CYLINDRICAL_SURFACE ( 'NONE', #597, 2.250000000000001776 ) ;
#1100 = FACE_OUTER_BOUND ( 'NONE', #3004, .T. ) ;
#1101 = ORIENTED_EDGE ( 'NONE', *, *, #905, .F. ) ;
#1102 = CARTESIAN_POINT ( 'NONE',  ( -17.24760696713126507, 3.855361662864757566, 39.45365114600875955 ) ) ;
#1103 = CARTESIAN_POINT ( 'NONE',  ( 10.08994279943170902, 12.00000000000000000, 15.43308854993937373 ) ) ;
#1104 = ORIENTED_EDGE ( 'NONE', *, *, #384, .T. ) ;
#1105 = LINE ( 'NONE', #832, #2727 ) ;
#1106 = VERTEX_POINT ( 'NONE', #442 ) ;
#1107 = AXIS2_PLACEMENT_3D ( 'NONE', #2012, #358, #2756 ) ;
#1108 = CARTESIAN_POINT ( 'NONE',  ( -16.18696844167993021, 1.275155465909055819, -43.21272331817510093 ) ) ;
#1109 = AXIS2_PLACEMENT_3D ( 'NONE', #2116, #1865, #669 ) ;
#1110 = AXIS2_PLACEMENT_3D ( 'NONE', #2833, #667, #1639 ) ;
#1111 = VERTEX_POINT ( 'NONE', #675 ) ;
#1112 = ORIENTED_EDGE ( 'NONE', *, *, #2434, .T. ) ;
#1113 = LINE ( 'NONE', #2353, #3026 ) ;
#1114 = DIRECTION ( 'NONE',  ( 1.000000000000000000, 0.000000000000000000, 0.000000000000000000 ) ) ;
#1115 = DIRECTION ( 'NONE',  ( 0.000000000000000000, 1.000000000000000000, -0.000000000000000000 ) ) ;
#1116 = LINE ( 'NONE', #879, #1175 ) ;
#1117 = ADVANCED_FACE ( 'NONE', ( #929 ), #216, .F. ) ;
#1118 = SURFACE_SIDE_STYLE ('',( #2326 ) ) ;
#1119 = CARTESIAN_POINT ( 'NONE',  ( -12.25000000000001066, 12.00000000000000000, -0.04289321881319127505 ) ) ;
#1120 = VECTOR ( 'NONE', #1565, 1000.000000000000114 ) ;
#1121 = CARTESIAN_POINT ( 'NONE',  ( 14.22229988326885319, 0.1149202101332255921, -41.59020306042194903 ) ) ;
#1122 = VERTEX_POINT ( 'NONE', #3110 ) ;
#1123 = AXIS2_PLACEMENT_3D ( 'NONE', #1493, #1254, #2451 ) ;
#1124 = CARTESIAN_POINT ( 'NONE',  ( -17.05760219702881031, 9.253220101924709340, -43.74999999999998579 ) ) ;
#1125 = CARTESIAN_POINT ( 'NONE',  ( -15.86307754383576452, 0.9631616585187913193, -42.96164743558707499 ) ) ;
#1126 = AXIS2_PLACEMENT_3D ( 'NONE', #1833, #606, #2998 ) ;
#1127 = AXIS2_PLACEMENT_3D ( 'NONE', #3036, #635, #2562 ) ;
#1128 = AXIS2_PLACEMENT_3D ( 'NONE', #706, #1414, #2405 ) ;
#1129 = ORIENTED_EDGE ( 'NONE', *, *, #936, .T. ) ;
#1130 = ORIENTED_EDGE ( 'NONE', *, *, #779, .T. ) ;
#1131 = DIRECTION ( 'NONE',  ( 1.982541115402065110E-16, -0.000000000000000000, 1.000000000000000000 ) ) ;
#1132 = CARTESIAN_POINT ( 'NONE',  ( 17.24999999999998579, 8.000000000000000000, -43.75000000000000000 ) ) ;
#1133 = CARTESIAN_POINT ( 'NONE',  ( 4.750000000000004441, 12.00000000000000000, 27.25000000000000000 ) ) ;
#1134 = CARTESIAN_POINT ( 'NONE',  ( 13.24999999999998757, 12.00000000000000000, -40.74999999999999289 ) ) ;
#1135 = EDGE_LOOP ( 'NONE', ( #2472, #46, #1101, #2454, #2146 ) ) ;
#1136 = ADVANCED_FACE ( 'NONE', ( #943 ), #704, .T. ) ;
#1137 = EDGE_CURVE ( 'NONE', #2131, #2105, #2914, .T. ) ;
#1138 = CARTESIAN_POINT ( 'NONE',  ( -4.749999999999995559, 12.00000000000000000, 0.000000000000000000 ) ) ;
#1139 = EDGE_LOOP ( 'NONE', ( #95, #2403, #1618, #1637 ) ) ;
#1140 = CARTESIAN_POINT ( 'NONE',  ( -4.749999999999995559, 2.999999999999999112, 43.75000000000000000 ) ) ;
#1141 = ADVANCED_FACE ( 'NONE', ( #2691 ), #2928, .F. ) ;
#1142 = DIRECTION ( 'NONE',  ( -0.000000000000000000, -1.000000000000000000, -0.000000000000000000 ) ) ;
#1143 = ADVANCED_FACE ( 'NONE', ( #2676 ), #487, .T. ) ;
#1144 = ORIENTED_EDGE ( 'NONE', *, *, #1457, .T. ) ;
#1145 = ORIENTED_EDGE ( 'NONE', *, *, #1522, .T. ) ;
#1146 = DIRECTION ( 'NONE',  ( 0.000000000000000000, 1.000000000000000000, 0.000000000000000000 ) ) ;
#1147 = DIRECTION ( 'NONE',  ( -0.7071067811865516806, 0.000000000000000000, -0.7071067811865434649 ) ) ;
#1148 = LINE ( 'NONE', #1373, #2207 ) ;
#1149 = CARTESIAN_POINT ( 'NONE',  ( 14.03287506759019188, 11.94258171084164211, -41.42802364963765172 ) ) ;
#1150 = ORIENTED_EDGE ( 'NONE', *, *, #1644, .F. ) ;
#1151 = DIRECTION ( 'NONE',  ( 0.000000000000000000, 0.000000000000000000, 1.000000000000000000 ) ) ;
#1152 = VERTEX_POINT ( 'NONE', #533 ) ;
#1153 = DIRECTION ( 'NONE',  ( 0.000000000000000000, 0.000000000000000000, -1.000000000000000000 ) ) ;
#1154 = FACE_OUTER_BOUND ( 'NONE', #1619, .T. ) ;
#1155 = AXIS2_PLACEMENT_3D ( 'NONE', #136, #1512, #561 ) ;
#1156 = EDGE_CURVE ( 'NONE', #1004, #2685, #972, .T. ) ;
#1157 = DIRECTION ( 'NONE',  ( 1.000000000000000000, 0.000000000000000000, -1.084202172485504434E-16 ) ) ;
#1158 = CIRCLE ( 'NONE', #901, 0.5000000000000004441 ) ;
#1159 = ORIENTED_EDGE ( 'NONE', *, *, #1230, .F. ) ;
#1160 = VECTOR ( 'NONE', #2817, 999.9999999999998863 ) ;
#1161 = ORIENTED_EDGE ( 'NONE', *, *, #922, .T. ) ;
#1162 = LINE ( 'NONE', #2305, #651 ) ;
#1163 = EDGE_CURVE ( 'NONE', #1152, #2762, #730, .T. ) ;
#1164 = DIRECTION ( 'NONE',  ( 0.000000000000000000, 1.000000000000000000, 0.000000000000000000 ) ) ;
#1165 = DIRECTION ( 'NONE',  ( 1.000000000000000000, 0.000000000000000000, -0.000000000000000000 ) ) ;
#1166 = ORIENTED_EDGE ( 'NONE', *, *, #1606, .F. ) ;
#1167 = AXIS2_PLACEMENT_3D ( 'NONE', #570, #1794, #765 ) ;
#1168 = CARTESIAN_POINT ( 'NONE',  ( 17.24999999999999645, 8.702744449773719637, 41.75474720609749113 ) ) ;
#1169 = EDGE_LOOP ( 'NONE', ( #1755, #1058, #557, #1836, #110, #2962, #833, #1906 ) ) ;
#1170 = DIRECTION ( 'NONE',  ( 0.7071067811865516806, 0.000000000000000000, 0.7071067811865434649 ) ) ;
#1171 = VERTEX_POINT ( 'NONE', #2949 ) ;
#1172 = DIRECTION ( 'NONE',  ( -1.000000000000000000, 0.000000000000000000, 0.000000000000000000 ) ) ;
#1173 = DIRECTION ( 'NONE',  ( 0.000000000000000000, -1.000000000000000000, 0.000000000000000000 ) ) ;
#1174 = AXIS2_PLACEMENT_3D ( 'NONE', #2540, #2790, #2554 ) ;
#1175 = VECTOR ( 'NONE', #2309, 1000.000000000000000 ) ;
#1176 = AXIS2_PLACEMENT_3D ( 'NONE', #2332, #2811, #647 ) ;
#1177 = EDGE_CURVE ( 'NONE', #3006, #2681, #1497, .T. ) ;
#1178 = ADVANCED_FACE ( 'NONE', ( #721 ), #1983, .F. ) ;
#1179 = ORIENTED_EDGE ( 'NONE', *, *, #1781, .T. ) ;
#1180 = EDGE_CURVE ( 'NONE', #49, #2897, #2381, .T. ) ;
#1181 = DIRECTION ( 'NONE',  ( 0.3647612498231168066, -0.000000000000000000, -0.9311010850748041578 ) ) ;
#1182 = LINE ( 'NONE', #209, #1835 ) ;
#1183 = EDGE_LOOP ( 'NONE', ( #63, #3012, #3049, #1587, #1820, #1826, #2096, #2768, #2043 ) ) ;
#1184 = EDGE_CURVE ( 'NONE', #2537, #895, #1951, .T. ) ;
#1185 = CARTESIAN_POINT ( 'NONE',  ( 16.96959027141524956, 9.492731336310622936, 43.71853860337450470 ) ) ;
#1186 = VERTEX_POINT ( 'NONE', #230 ) ;
#1187 = CARTESIAN_POINT ( 'NONE',  ( 10.08994279943171080, 0.000000000000000000, -1.546096169889713767 ) ) ;
#1188 = ORIENTED_EDGE ( 'NONE', *, *, #1452, .T. ) ;
#1189 = CARTESIAN_POINT ( 'NONE',  ( 14.24999999999999822, 7.250815187543865115, 34.90698104350980913 ) ) ;
#1190 = CARTESIAN_POINT ( 'NONE',  ( 0.000000000000000000, 9.000000000000001776, 40.74999999999999289 ) ) ;
#1191 =( BOUNDED_CURVE ( )  B_SPLINE_CURVE ( 3, ( #1343, #402, #891, #1862 ),
 .UNSPECIFIED., .F., .F. ) 
 B_SPLINE_CURVE_WITH_KNOTS ( ( 4, 4 ),
 ( 4.535786302820928206, 4.712388980384689674 ),
 .UNSPECIFIED. ) 
 CURVE ( )  GEOMETRIC_REPRESENTATION_ITEM ( )  RATIONAL_B_SPLINE_CURVE ( ( 1.000000000000000000, 0.9974026461726049897, 0.9974026461726049897, 1.000000000000000000 ) ) 
 REPRESENTATION_ITEM ( '' )  );
#1192 = APPLICATION_CONTEXT ( 'automotive_design' ) ;
#1193 = ORIENTED_EDGE ( 'NONE', *, *, #2216, .F. ) ;
#1194 = CARTESIAN_POINT ( 'NONE',  ( 17.25000000000000000, 8.000000000000000000, 41.90374984524579816 ) ) ;
#1195 = ORIENTED_EDGE ( 'NONE', *, *, #1418, .F. ) ;
#1196 = FACE_OUTER_BOUND ( 'NONE', #2348, .T. ) ;
#1197 = DIRECTION ( 'NONE',  ( 0.000000000000000000, 0.000000000000000000, 1.000000000000000000 ) ) ;
#1198 = ORIENTED_EDGE ( 'NONE', *, *, #2766, .F. ) ;
#1199 = LINE ( 'NONE', #2155, #2165 ) ;
#1200 = EDGE_CURVE ( 'NONE', #2429, #2189, #1943, .T. ) ;
#1201 = CARTESIAN_POINT ( 'NONE',  ( 15.15820304746477731, 11.52146618860500560, -42.38530666686968118 ) ) ;
#1202 = DIRECTION ( 'NONE',  ( 0.000000000000000000, -1.000000000000000000, 0.000000000000000000 ) ) ;
#1203 = DIRECTION ( 'NONE',  ( -0.000000000000000000, -1.000000000000000000, -0.000000000000000000 ) ) ;
#1204 = EDGE_LOOP ( 'NONE', ( #1365, #2742, #1607, #1347 ) ) ;
#1205 = DIRECTION ( 'NONE',  ( 1.000000000000000000, -0.000000000000000000, -1.169476500658521966E-16 ) ) ;
#1206 = DIRECTION ( 'NONE',  ( -0.000000000000000000, -1.000000000000000000, -0.000000000000000000 ) ) ;
#1207 = CARTESIAN_POINT ( 'NONE',  ( -13.25000000000000355, 0.000000000000000000, 40.74999999999999289 ) ) ;
#1208 = CYLINDRICAL_SURFACE ( 'NONE', #146, 0.5000000000000004441 ) ;
#1209 = CARTESIAN_POINT ( 'NONE',  ( 17.12298334620742324, 2.999999999999999112, 43.75000000000000000 ) ) ;
#1210 = LINE ( 'NONE', #2633, #1665 ) ;
#1211 = LINE ( 'NONE', #55, #563 ) ;
#1212 = CIRCLE ( 'NONE', #245, 0.5000000000000000000 ) ;
#1213 = ORIENTED_EDGE ( 'NONE', *, *, #636, .F. ) ;
#1214 = CARTESIAN_POINT ( 'NONE',  ( -17.24366446680627263, 3.771033105461192303, -38.39460569019797731 ) ) ;
#1215 = LINE ( 'NONE', #1984, #2784 ) ;
#1216 = DIRECTION ( 'NONE',  ( -1.000000000000000000, 0.000000000000000000, 0.000000000000000000 ) ) ;
#1217 = VECTOR ( 'NONE', #1749, 999.9999999999998863 ) ;
#1218 = EDGE_CURVE ( 'NONE', #2413, #49, #2220, .T. ) ;
#1219 = ORIENTED_EDGE ( 'NONE', *, *, #277, .T. ) ;
#1220 = CIRCLE ( 'NONE', #1577, 4.000000000000000000 ) ;
#1222 = CARTESIAN_POINT ( 'NONE',  ( -5.568430036570841679, 0.000000000000000000, -0.2252842860629902244 ) ) ;
#1221 = AXIS2_PLACEMENT_3D ( 'NONE', #340, #87, #2542 ) ;
#1223 = VECTOR ( 'NONE', #1656, 1000.000000000000000 ) ;
#1224 = ORIENTED_EDGE ( 'NONE', *, *, #477, .T. ) ;
#1225 = DIRECTION ( 'NONE',  ( 0.000000000000000000, -1.000000000000000000, 0.000000000000000000 ) ) ;
#1226 = CARTESIAN_POINT ( 'NONE',  ( -11.39644660940672516, 0.000000000000000000, -28.89644660940672338 ) ) ;
#1227 = CARTESIAN_POINT ( 'NONE',  ( 9.589942799431709020, 0.000000000000000000, 14.22598176875283649 ) ) ;
#1228 = ORIENTED_EDGE ( 'NONE', *, *, #625, .F. ) ;
#1229 = FACE_OUTER_BOUND ( 'NONE', #2230, .T. ) ;
#1230 = EDGE_CURVE ( 'NONE', #2800, #2510, #271, .T. ) ;
#1231 = LINE ( 'NONE', #2203, #1326 ) ;
#1232 = FACE_BOUND ( 'NONE', #1269, .T. ) ;
#1233 = CARTESIAN_POINT ( 'NONE',  ( -14.78843378967248157, 0.3020025093480969147, 42.07394482186218454 ) ) ;
#1234 = ORIENTED_EDGE ( 'NONE', *, *, #2815, .T. ) ;
#1235 = DIRECTION ( 'NONE',  ( 0.000000000000000000, 0.000000000000000000, -1.000000000000000000 ) ) ;
#1236 = CARTESIAN_POINT ( 'NONE',  ( 11.04289321881344499, 0.000000000000000000, 22.75000000000000000 ) ) ;
#1237 = DIRECTION ( 'NONE',  ( 1.009364629870436254E-16, 0.000000000000000000, -1.000000000000000000 ) ) ;
#1238 = DIRECTION ( 'NONE',  ( 0.000000000000000000, 1.000000000000000000, 0.000000000000000000 ) ) ;
#1239 = ORIENTED_EDGE ( 'NONE', *, *, #297, .F. ) ;
#1240 = DIRECTION ( 'NONE',  ( -1.000000000000000000, 0.000000000000000000, 8.673617379884034239E-17 ) ) ;
#1241 = CLOSED_SHELL ( 'NONE', ( #1077, #3123, #2242, #975, #2947, #280, #1375, #298, #2895, #1816, #686, #1893, #52, #849, #616, #368, #1502, #1913, #2842, #2484, #853, #1841, #16, #1271, #1178, #1531, #866, #2709, #2835, #79, #705, #1117, #1957, #2112, #1247, #2156, #938, #2208, #2785, #32, #2060, #429, #1141, #2020, #2946, #956, #2437, #3086, #1036, #1987, #1010, #2569, #1731, #259, #1573, #2409, #753, #2160, #1009, #1436, #2513, #1300, #2075, #514, #2194, #2319, #1773, #1699, #390, #188, #2874, #872, #203, #524, #2431, #478, #2798, #1136, #1143, #2393, #1317, #2753, #2301, #1945 ) ) ;
#1242 = CARTESIAN_POINT ( 'NONE',  ( -17.25000000000001776, 6.000000000000000000, 38.75000000000000711 ) ) ;
#1243 = B_SPLINE_CURVE_WITH_KNOTS ( 'NONE', 3,
 ( #2937, #2497, #1538, #294, #1264, #2730, #1286, #1686, #1056, #569 ),
 .UNSPECIFIED., .F., .F.,
 ( 4, 2, 2, 2, 4 ),
 ( 0.000000000000000000, 0.0005323771605743163240, 0.001064754321148632648, 0.001597131481722948972, 0.002129508642297265296 ),
 .UNSPECIFIED. ) ;
#1244 = LINE ( 'NONE', #2204, #64 ) ;
#1245 = ORIENTED_EDGE ( 'NONE', *, *, #1055, .T. ) ;
#1246 = CARTESIAN_POINT ( 'NONE',  ( -12.25000000000000888, 12.00000000000000000, 16.10292456913795789 ) ) ;
#1247 = ADVANCED_FACE ( 'NONE', ( #1229 ), #2442, .F. ) ;
#1248 = DIRECTION ( 'NONE',  ( -1.000000000000000000, 0.000000000000000000, 0.000000000000000000 ) ) ;
#1249 = VERTEX_POINT ( 'NONE', #270 ) ;
#1250 = VECTOR ( 'NONE', #2439, 1000.000000000000000 ) ;
#1251 = ORIENTED_EDGE ( 'NONE', *, *, #2813, .T. ) ;
#1252 = DIRECTION ( 'NONE',  ( 1.000000000000000000, 8.673617379884035472E-16, 0.000000000000000000 ) ) ;
#1253 = EDGE_CURVE ( 'NONE', #698, #526, #997, .T. ) ;
#1254 = DIRECTION ( 'NONE',  ( 0.000000000000000000, -1.000000000000000000, 0.000000000000000000 ) ) ;
#1255 = DIRECTION ( 'NONE',  ( -1.000000000000000000, -0.000000000000000000, -0.000000000000000000 ) ) ;
#1256 = VECTOR ( 'NONE', #1657, 1000.000000000000000 ) ;
#1257 = FACE_OUTER_BOUND ( 'NONE', #1861, .T. ) ;
#1258 = VERTEX_POINT ( 'NONE', #549 ) ;
#1259 = AXIS2_PLACEMENT_3D ( 'NONE', #1526, #587, #102 ) ;
#1260 = DIRECTION ( 'NONE',  ( 0.000000000000000000, 0.000000000000000000, -1.000000000000000000 ) ) ;
#1261 = CARTESIAN_POINT ( 'NONE',  ( -6.750000000000023093, 12.00000000000000000, 23.25000000000000000 ) ) ;
#1262 = DIRECTION ( 'NONE',  ( 0.000000000000000000, 0.000000000000000000, 1.000000000000000000 ) ) ;
#1263 = ORIENTED_EDGE ( 'NONE', *, *, #403, .T. ) ;
#1264 = CARTESIAN_POINT ( 'NONE',  ( -17.24218305599747580, 8.249948894814846057, 38.92817849347098047 ) ) ;
#1265 = CIRCLE ( 'NONE', #1471, 4.000000000000000000 ) ;
#1266 = CARTESIAN_POINT ( 'NONE',  ( 11.39644660940673049, 0.000000000000000000, -6.103553390593602579 ) ) ;
#1267 = CIRCLE ( 'NONE', #205, 2.999999999999999112 ) ;
#1268 = EDGE_CURVE ( 'NONE', #2247, #1633, #160, .T. ) ;
#1269 = EDGE_LOOP ( 'NONE', ( #2435, #577, #2832, #2366, #2465, #1354, #2485 ) ) ;
#1270 = EDGE_CURVE ( 'NONE', #3096, #2275, #976, .T. ) ;
#1271 = ADVANCED_FACE ( 'NONE', ( #1997 ), #3013, .F. ) ;
#1272 = CIRCLE ( 'NONE', #1883, 4.000000000000000000 ) ;
#1273 = AXIS2_PLACEMENT_3D ( 'NONE', #2959, #2250, #2739 ) ;
#1274 = ORIENTED_EDGE ( 'NONE', *, *, #2921, .F. ) ;
#1275 = CARTESIAN_POINT ( 'NONE',  ( 14.24999999999999822, 9.953559637317594522, 37.91172824960729315 ) ) ;
#1276 = AXIS2_PLACEMENT_3D ( 'NONE', #1374, #2340, #2568 ) ;
#1277 = CARTESIAN_POINT ( 'NONE',  ( -17.25000000000001776, 8.000000000000000000, 39.78077640640442780 ) ) ;
#1278 = DIRECTION ( 'NONE',  ( -0.3647612498231171396, -0.000000000000000000, 0.9311010850748040468 ) ) ;
#1279 = LINE ( 'NONE', #1329, #1333 ) ;
#1280 = ORIENTED_EDGE ( 'NONE', *, *, #466, .F. ) ;
#1281 = DIRECTION ( 'NONE',  ( 0.000000000000000000, 1.000000000000000000, -0.000000000000000000 ) ) ;
#1282 = DIRECTION ( 'NONE',  ( -0.000000000000000000, -1.000000000000000000, -0.000000000000000000 ) ) ;
#1283 = ORIENTED_EDGE ( 'NONE', *, *, #1522, .F. ) ;
#1284 = FACE_OUTER_BOUND ( 'NONE', #3071, .T. ) ;
#1285 = EDGE_LOOP ( 'NONE', ( #611, #1653, #736, #1691 ) ) ;
#1286 = CARTESIAN_POINT ( 'NONE',  ( -17.24366446680625842, 8.228966894538809029, 38.39460569019798442 ) ) ;
#1287 = DIRECTION ( 'NONE',  ( 0.000000000000000000, 1.000000000000000000, -0.000000000000000000 ) ) ;
#1288 = ORIENTED_EDGE ( 'NONE', *, *, #1685, .F. ) ;
#1289 = EDGE_LOOP ( 'NONE', ( #2491, #1030, #281, #1914, #532, #1594, #1667, #251 ) ) ;
#1290 = CARTESIAN_POINT ( 'NONE',  ( 17.24999999999999645, 7.999999999999998224, 35.73987923788652665 ) ) ;
#1291 = PLANE ( 'NONE',  #163 ) ;
#1292 = LINE ( 'NONE', #151, #447 ) ;
#1293 = LINE ( 'NONE', #2979, #2086 ) ;
#1294 = EDGE_CURVE ( 'NONE', #2121, #2939, #1376, .T. ) ;
#1295 = EDGE_LOOP ( 'NONE', ( #461, #2161, #1490, #2084 ) ) ;
#1296 = DIRECTION ( 'NONE',  ( 0.000000000000000000, 1.000000000000000000, 0.000000000000000000 ) ) ;
#1297 = ORIENTED_EDGE ( 'NONE', *, *, #1553, .F. ) ;
#1298 = LINE ( 'NONE', #776, #1683 ) ;
#1299 = VERTEX_POINT ( 'NONE', #1533 ) ;
#1300 = ADVANCED_FACE ( 'NONE', ( #845 ), #1087, .F. ) ;
#1301 = DIRECTION ( 'NONE',  ( 0.000000000000000000, 1.000000000000000000, 0.000000000000000000 ) ) ;
#1302 = LINE ( 'NONE', #2989, #1827 ) ;
#1303 = VERTEX_POINT ( 'NONE', #1818 ) ;
#1304 = ORIENTED_EDGE ( 'NONE', *, *, #2994, .F. ) ;
#1305 = DIRECTION ( 'NONE',  ( 0.000000000000000000, 1.000000000000000000, -0.000000000000000000 ) ) ;
#1306 = LINE ( 'NONE', #1344, #1067 ) ;
#1307 = CARTESIAN_POINT ( 'NONE',  ( 14.24999999999999822, 2.046440362682406811, 39.58827175039272106 ) ) ;
#1308 = LINE ( 'NONE', #1346, #811 ) ;
#1309 = VECTOR ( 'NONE', #2978, 1000.000000000000000 ) ;
#1310 = ORIENTED_EDGE ( 'NONE', *, *, #422, .F. ) ;
#1311 = LINE ( 'NONE', #2492, #915 ) ;
#1312 = DIRECTION ( 'NONE',  ( -0.000000000000000000, -1.000000000000000000, -0.000000000000000000 ) ) ;
#1313 = ORIENTED_EDGE ( 'NONE', *, *, #1435, .F. ) ;
#1314 = EDGE_CURVE ( 'NONE', #677, #2210, #2777, .T. ) ;
#1315 = DIRECTION ( 'NONE',  ( -1.000000000000000000, 0.000000000000000000, 0.000000000000000000 ) ) ;
#1316 = AXIS2_PLACEMENT_3D ( 'NONE', #233, #1946, #1684 ) ;
#1317 = ADVANCED_FACE ( 'NONE', ( #609 ), #2544, .T. ) ;
#1318 = ORIENTED_EDGE ( 'NONE', *, *, #1156, .F. ) ;
#1319 = CARTESIAN_POINT ( 'NONE',  ( -14.78847960197582800, 0.3020217006928580528, -42.07398365981398314 ) ) ;
#1320 = EDGE_CURVE ( 'NONE', #908, #1093, #1311, .T. ) ;
#1321 = DIRECTION ( 'NONE',  ( -0.000000000000000000, -1.000000000000000000, -0.000000000000000000 ) ) ;
#1322 = ORIENTED_EDGE ( 'NONE', *, *, #1815, .F. ) ;
#1323 = AXIS2_PLACEMENT_3D ( 'NONE', #2262, #1057, #819 ) ;
#1324 = VERTEX_POINT ( 'NONE', #2743 ) ;
#1325 = DIRECTION ( 'NONE',  ( 0.000000000000000000, 1.000000000000000000, 0.000000000000000000 ) ) ;
#1326 = VECTOR ( 'NONE', #1282, 1000.000000000000000 ) ;
#1327 = CARTESIAN_POINT ( 'NONE',  ( 17.24999999999998934, 8.000000000000000000, -37.71922359359557930 ) ) ;
#1328 = FACE_OUTER_BOUND ( 'NONE', #2097, .T. ) ;
#1329 = CARTESIAN_POINT ( 'NONE',  ( -12.25000000000001243, 12.00000000000000000, -24.09314575050764518 ) ) ;
#1330 = AXIS2_PLACEMENT_3D ( 'NONE', #2213, #1924, #1939 ) ;
#1331 = EDGE_LOOP ( 'NONE', ( #2286, #984, #2940, #3080 ) ) ;
#1332 = DIRECTION ( 'NONE',  ( 1.000000000000000000, 0.000000000000000000, -1.982541115402065849E-16 ) ) ;
#1333 = VECTOR ( 'NONE', #1598, 1000.000000000000000 ) ;
#1334 = LINE ( 'NONE', #2274, #1120 ) ;
#1335 = ORIENTED_EDGE ( 'NONE', *, *, #1801, .T. ) ;
#1336 = CARTESIAN_POINT ( 'NONE',  ( 16.55358797779620517, 1.741552318551929046, -43.47544130712351063 ) ) ;
#1337 = AXIS2_PLACEMENT_3D ( 'NONE', #475, #1206, #2894 ) ;
#1338 = VERTEX_POINT ( 'NONE', #810 ) ;
#1339 = CARTESIAN_POINT ( 'NONE',  ( -16.80689738553340007, 2.165775323187821844, -43.63406313876592435 ) ) ;
#1340 = EDGE_CURVE ( 'NONE', #2827, #1859, #2223, .T. ) ;
#1341 = VERTEX_POINT ( 'NONE', #327 ) ;
#1342 = EDGE_LOOP ( 'NONE', ( #2854, #2754, #1420, #2166 ) ) ;
#1343 = CARTESIAN_POINT ( 'NONE',  ( 17.18778494058680906, 3.297255550226283471, 35.74525279390251598 ) ) ;
#1344 = CARTESIAN_POINT ( 'NONE',  ( -12.25000000000001066, 12.00000000000000000, -1.249999999999728884 ) ) ;
#1345 = LINE ( 'NONE', #2291, #2263 ) ;
#1346 = CARTESIAN_POINT ( 'NONE',  ( 6.739700746780051155, 0.000000000000000000, -11.18423611678091767 ) ) ;
#1347 = ORIENTED_EDGE ( 'NONE', *, *, #2306, .F. ) ;
#1348 = CARTESIAN_POINT ( 'NONE',  ( -17.24218305599747580, 3.750051105185157496, 38.57182150652904085 ) ) ;
#1349 = LINE ( 'NONE', #3032, #2337 ) ;
#1350 = VERTEX_POINT ( 'NONE', #2255 ) ;
#1351 = CARTESIAN_POINT ( 'NONE',  ( 14.24999999999999822, 8.702744449773719637, 41.75474720609749113 ) ) ;
#1352 = EDGE_LOOP ( 'NONE', ( #1554, #118, #1079, #553 ) ) ;
#1353 = DIRECTION ( 'NONE',  ( 0.000000000000000000, 0.000000000000000000, 1.000000000000000000 ) ) ;
#1354 = ORIENTED_EDGE ( 'NONE', *, *, #2781, .T. ) ;
#1355 = EDGE_CURVE ( 'NONE', #1564, #2886, #318, .T. ) ;
#1356 = ORIENTED_EDGE ( 'NONE', *, *, #2004, .F. ) ;
#1357 = CARTESIAN_POINT ( 'NONE',  ( 14.24999999999999822, 2.046440362682406811, 39.58827175039272106 ) ) ;
#1358 = DIRECTION ( 'NONE',  ( -0.7071067811865516806, 0.000000000000000000, -0.7071067811865434649 ) ) ;
#1359 = FACE_OUTER_BOUND ( 'NONE', #1521, .T. ) ;
#1360 = DIRECTION ( 'NONE',  ( -0.000000000000000000, -1.000000000000000000, -0.000000000000000000 ) ) ;
#1361 = FILL_AREA_STYLE ('',( #2558 ) ) ;
#1362 = ORIENTED_EDGE ( 'NONE', *, *, #1876, .F. ) ;
#1363 = CIRCLE ( 'NONE', #1155, 0.5000000000000004441 ) ;
#1364 = CARTESIAN_POINT ( 'NONE',  ( 0.7753287817670682092, 12.00000000000000000, 5.411367751088298483 ) ) ;
#1365 = ORIENTED_EDGE ( 'NONE', *, *, #187, .F. ) ;
#1366 = AXIS2_PLACEMENT_3D ( 'NONE', #2110, #1157, #3070 ) ;
#1367 = CARTESIAN_POINT ( 'NONE',  ( -4.749999999999995559, 6.000000000000000000, 41.00000000000000711 ) ) ;
#1368 = EDGE_LOOP ( 'NONE', ( #2002, #1089, #752, #185 ) ) ;
#1369 = VERTEX_POINT ( 'NONE', #500 ) ;
#1370 = LINE ( 'NONE', #1810, #2823 ) ;
#1371 = EDGE_CURVE ( 'NONE', #2053, #586, #75, .T. ) ;
#1372 = CARTESIAN_POINT ( 'NONE',  ( -11.75000000000001066, 12.00000000000000000, -7.113961030678630948 ) ) ;
#1373 = CARTESIAN_POINT ( 'NONE',  ( 0.1904478628199861301, 0.000000000000000000, 5.533593613327767002 ) ) ;
#1374 = CARTESIAN_POINT ( 'NONE',  ( -11.75000000000001243, 0.000000000000000000, -22.88603896932110970 ) ) ;
#1375 = ADVANCED_FACE ( 'NONE', ( #60 ), #2219, .F. ) ;
#1376 = CIRCLE ( 'NONE', #411, 2.250000000000001776 ) ;
#1377 = VECTOR ( 'NONE', #941, 1000.000000000000000 ) ;
#1378 = CARTESIAN_POINT ( 'NONE',  ( 15.69371547918906096, 11.17393777243088060, 42.82589818624735045 ) ) ;
#1379 = LINE ( 'NONE', #2372, #2316 ) ;
#1380 = AXIS2_PLACEMENT_3D ( 'NONE', #981, #283, #2922 ) ;
#1381 = LINE ( 'NONE', #1138, #709 ) ;
#1382 = AXIS2_PLACEMENT_3D ( 'NONE', #2188, #1703, #2924 ) ;
#1383 = VERTEX_POINT ( 'NONE', #2963 ) ;
#1384 = AXIS2_PLACEMENT_3D ( 'NONE', #2804, #1422, #3074 ) ;
#1385 = CARTESIAN_POINT ( 'NONE',  ( 16.80689738553339652, 2.165775323187822732, 43.63406313876593146 ) ) ;
#1386 = CARTESIAN_POINT ( 'NONE',  ( 1.215045861572812802, 0.000000000000000000, -16.99206091961391252 ) ) ;
#1387 = EDGE_CURVE ( 'NONE', #1496, #2053, #1231, .T. ) ;
#1388 = VECTOR ( 'NONE', #2136, 1000.000000000000000 ) ;
#1389 = EDGE_LOOP ( 'NONE', ( #1741, #2883, #3042, #314, #2009 ) ) ;
#1390 = ORIENTED_EDGE ( 'NONE', *, *, #235, .T. ) ;
#1391 = LINE ( 'NONE', #2126, #1160 ) ;
#1392 = DIRECTION ( 'NONE',  ( -0.000000000000000000, -0.000000000000000000, 1.000000000000000000 ) ) ;
#1393 = CARTESIAN_POINT ( 'NONE',  ( -11.75000000000001243, 0.000000000000000000, -22.88603896932110970 ) ) ;
#1394 = LINE ( 'NONE', #2102, #1881 ) ;
#1395 = ORIENTED_EDGE ( 'NONE', *, *, #403, .F. ) ;
#1396 = CARTESIAN_POINT ( 'NONE',  ( -17.25000000000002487, 6.000000000000000000, -38.74999999999999289 ) ) ;
#1397 = EDGE_CURVE ( 'NONE', #965, #2827, #305, .T. ) ;
#1398 = EDGE_CURVE ( 'NONE', #2543, #895, #1215, .T. ) ;
#1399 = ORIENTED_EDGE ( 'NONE', *, *, #93, .T. ) ;
#1400 = CARTESIAN_POINT ( 'NONE',  ( -15.69371547918907339, 11.17393777243088238, -42.82589818624735045 ) ) ;
#1401 = LINE ( 'NONE', #189, #1787 ) ;
#1402 = EDGE_CURVE ( 'NONE', #388, #2406, #1267, .T. ) ;
#1403 = ORIENTED_EDGE ( 'NONE', *, *, #797, .T. ) ;
#1404 = ORIENTED_EDGE ( 'NONE', *, *, #734, .T. ) ;
#1405 = CARTESIAN_POINT ( 'NONE',  ( 5.214876645977557068, 12.00000000000000000, -6.421162323343798661 ) ) ;
#1406 = CARTESIAN_POINT ( 'NONE',  ( -6.620370370370388002, 12.00000000000000000, 4.379629629629827825 ) ) ;
#1407 = CARTESIAN_POINT ( 'NONE',  ( -4.749326103440164815, 12.00000000000000000, -0.3964570517447102982 ) ) ;
#1408 = CARTESIAN_POINT ( 'NONE',  ( 15.69374440310094698, 11.17391531215737643, -42.82592149099394874 ) ) ;
#1409 = VERTEX_POINT ( 'NONE', #289 ) ;
#1410 = DIRECTION ( 'NONE',  ( 1.586032892321652236E-16, -0.000000000000000000, 1.000000000000000000 ) ) ;
#1411 = ORIENTED_EDGE ( 'NONE', *, *, #2064, .F. ) ;
#1412 = LINE ( 'NONE', #1189, #607 ) ;
#1413 = EDGE_CURVE ( 'NONE', #2966, #493, #2904, .T. ) ;
#1414 = DIRECTION ( 'NONE',  ( -0.000000000000000000, -1.000000000000000000, -0.000000000000000000 ) ) ;
#1415 = EDGE_CURVE ( 'NONE', #2685, #3106, #521, .T. ) ;
#1416 = VECTOR ( 'NONE', #2324, 1000.000000000000000 ) ;
#1417 = VECTOR ( 'NONE', #450, 1000.000000000000000 ) ;
#1418 = EDGE_CURVE ( 'NONE', #2320, #2723, #1017, .T. ) ;
#1419 = CIRCLE ( 'NONE', #42, 4.000000000000000000 ) ;
#1420 = ORIENTED_EDGE ( 'NONE', *, *, #211, .T. ) ;
#1421 = DIRECTION ( 'NONE',  ( 1.000000000000000000, -0.000000000000000000, -1.169476500658521966E-16 ) ) ;
#1422 = DIRECTION ( 'NONE',  ( 0.000000000000000000, 1.000000000000000000, 0.000000000000000000 ) ) ;
#1423 = PLANE ( 'NONE',  #2418 ) ;
#1424 =( NAMED_UNIT ( * ) SI_UNIT ( $, .STERADIAN. ) SOLID_ANGLE_UNIT ( ) );
#1425 = AXIS2_PLACEMENT_3D ( 'NONE', #1489, #1248, #2733 ) ;
#1426 = CARTESIAN_POINT ( 'NONE',  ( 15.15816362845010445, 11.52148768748862473, 42.38527373633375106 ) ) ;
#1427 = DIRECTION ( 'NONE',  ( -1.000000000000000000, 0.000000000000000000, 0.000000000000000000 ) ) ;
#1428 = LINE ( 'NONE', #1647, #1580 ) ;
#1429 = ORIENTED_EDGE ( 'NONE', *, *, #2395, .T. ) ;
#1430 = CARTESIAN_POINT ( 'NONE',  ( 14.78847960197582090, 0.3020217006928579973, 42.07398365981398314 ) ) ;
#1431 = CIRCLE ( 'NONE', #1721, 3.000000000000002665 ) ;
#1432 = CIRCLE ( 'NONE', #2929, 4.000000000000000000 ) ;
#1433 = VECTOR ( 'NONE', #3009, 1000.000000000000000 ) ;
#1434 = CIRCLE ( 'NONE', #1126, 0.5000000000000004441 ) ;
#1435 = EDGE_CURVE ( 'NONE', #1303, #2333, #162, .T. ) ;
#1436 = ADVANCED_FACE ( 'NONE', ( #1485 ), #2433, .F. ) ;
#1437 = CIRCLE ( 'NONE', #2091, 0.5000000000000000000 ) ;
#1438 = VERTEX_POINT ( 'NONE', #2651 ) ;
#1439 = CARTESIAN_POINT ( 'NONE',  ( 17.24999999999998934, 6.000000000000000000, -38.75000000000000000 ) ) ;
#1440 = EDGE_LOOP ( 'NONE', ( #2992, #431, #67, #2552, #1548, #1903, #2310, #3002 ) ) ;
#1441 = CARTESIAN_POINT ( 'NONE',  ( 17.24999999999999645, 4.749184812456125115, 42.59301895649019087 ) ) ;
#1442 = ORIENTED_EDGE ( 'NONE', *, *, #2428, .T. ) ;
#1443 = DIRECTION ( 'NONE',  ( -0.7071067811865530128, 0.000000000000000000, -0.7071067811865421326 ) ) ;
#1444 = LINE ( 'NONE', #727, #3117 ) ;
#1445 = LINE ( 'NONE', #172, #413 ) ;
#1446 = EDGE_LOOP ( 'NONE', ( #1853, #1104, #1404, #2770 ) ) ;
#1447 = CARTESIAN_POINT ( 'NONE',  ( -11.75000000000001066, 12.00000000000000000, -0.04289321881319131669 ) ) ;
#1448 = B_SPLINE_CURVE_WITH_KNOTS ( 'NONE', 3,
 ( #3064, #2571, #1185, #2824, #1866, #1645, #683, #894, #1896, #1852, #1378, #170, #1426, #657, #672, #2840, #3105, #910, #1628, #212 ),
 .UNSPECIFIED., .F., .F.,
 ( 4, 2, 2, 2, 2, 2, 2, 2, 2, 4 ),
 ( 0.000000000000000000, 0.0007709845487687671389, 0.001156476823153150708, 0.001541969097537534278, 0.002312953646306299682, 0.003083938195075065086, 0.003854922743843837429, 0.004625907292612610640, 0.005396891841381382983, 0.006167876390150156193 ),
 .UNSPECIFIED. ) ;
#1449 = DIRECTION ( 'NONE',  ( 0.000000000000000000, 0.000000000000000000, -1.000000000000000000 ) ) ;
#1450 = ORIENTED_EDGE ( 'NONE', *, *, #614, .F. ) ;
#1451 = CARTESIAN_POINT ( 'NONE',  ( 17.18778494058681261, 8.702744449773719637, 41.75474720609749113 ) ) ;
#1452 = EDGE_CURVE ( 'NONE', #829, #2844, #2951, .T. ) ;
#1453 = CYLINDRICAL_SURFACE ( 'NONE', #869, 0.5000000000000000000 ) ;
#1454 = CARTESIAN_POINT ( 'NONE',  ( -11.28444945746260686, 12.00000000000000000, 16.28530519404951704 ) ) ;
#1455 = CARTESIAN_POINT ( 'NONE',  ( -17.05760320182136169, 9.253216210379854090, 43.75000000000001421 ) ) ;
#1456 = PLANE ( 'NONE',  #2680 ) ;
#1457 = EDGE_CURVE ( 'NONE', #2210, #2238, #1431, .T. ) ;
#1458 = ORIENTED_EDGE ( 'NONE', *, *, #1314, .T. ) ;
#1459 = CARTESIAN_POINT ( 'NONE',  ( -13.44426994489845661, 12.00000000000000355, -40.91824266741912197 ) ) ;
#1460 = CARTESIAN_POINT ( 'NONE',  ( -17.25000000000001421, 8.000000000000000000, -40.74999999999999289 ) ) ;
#1461 = CARTESIAN_POINT ( 'NONE',  ( -17.25000000000000000, 12.00000000000000000, 43.75000000000000000 ) ) ;
#1462 = AXIS2_PLACEMENT_3D ( 'NONE', #755, #1255, #530 ) ;
#1463 = CARTESIAN_POINT ( 'NONE',  ( -4.749999999999995559, 0.000000000000000000, 30.25000000000000000 ) ) ;
#1464 = EDGE_CURVE ( 'NONE', #1859, #2546, #2443, .T. ) ;
#1465 = CARTESIAN_POINT ( 'NONE',  ( 16.74050207612652486, 2.046440362682406811, 39.58827175039272106 ) ) ;
#1466 = PLANE ( 'NONE',  #2065 ) ;
#1467 = FACE_BOUND ( 'NONE', #409, .T. ) ;
#1468 = ORIENTED_EDGE ( 'NONE', *, *, #2280, .T. ) ;
#1469 = CARTESIAN_POINT ( 'NONE',  ( -17.25000000000001421, 3.917530400142066771, -37.87923812117988831 ) ) ;
#1470 = DIRECTION ( 'NONE',  ( 0.7071067811865516806, 0.000000000000000000, 0.7071067811865434649 ) ) ;
#1471 = AXIS2_PLACEMENT_3D ( 'NONE', #2375, #2362, #1172 ) ;
#1472 = DIRECTION ( 'NONE',  ( 0.000000000000000000, 0.000000000000000000, -1.000000000000000000 ) ) ;
#1473 = CIRCLE ( 'NONE', #662, 0.5000000000000000000 ) ;
#1474 = CIRCLE ( 'NONE', #2284, 3.000000000000002665 ) ;
#1475 = AXIS2_PLACEMENT_3D ( 'NONE', #2850, #1392, #2819 ) ;
#1477 = FACE_OUTER_BOUND ( 'NONE', #1742, .T. ) ;
#1476 = CIRCLE ( 'NONE', #509, 0.5000000000000004441 ) ;
#1478 = AXIS2_PLACEMENT_3D ( 'NONE', #2644, #2446, #276 ) ;
#1479 = VERTEX_POINT ( 'NONE', #242 ) ;
#1480 = DIRECTION ( 'NONE',  ( 0.000000000000000000, -1.000000000000000000, 0.000000000000000000 ) ) ;
#1481 = CARTESIAN_POINT ( 'NONE',  ( -17.25000000000001421, 4.000000000000000000, -43.75000000000000000 ) ) ;
#1482 = CYLINDRICAL_SURFACE ( 'NONE', #2933, 0.5000000000000004441 ) ;
#1483 = VERTEX_POINT ( 'NONE', #550 ) ;
#1484 = CARTESIAN_POINT ( 'NONE',  ( -17.24218305599749002, 3.750051105185157496, -38.92817849347096626 ) ) ;
#1485 = FACE_OUTER_BOUND ( 'NONE', #989, .T. ) ;
#1486 = EDGE_CURVE ( 'NONE', #1258, #608, #311, .T. ) ;
#1487 = FACE_BOUND ( 'NONE', #1747, .T. ) ;
#1488 = EDGE_LOOP ( 'NONE', ( #934, #1601, #874, #850, #123, #427, #332, #465, #1802, #486 ) ) ;
#1489 = CARTESIAN_POINT ( 'NONE',  ( 0.000000000000000000, 3.000000000000000000, 27.25000000000000000 ) ) ;
#1490 = ORIENTED_EDGE ( 'NONE', *, *, #1591, .T. ) ;
#1491 = ORIENTED_EDGE ( 'NONE', *, *, #1937, .F. ) ;
#1492 = CARTESIAN_POINT ( 'NONE',  ( 17.24999999999998579, 12.00000000000000000, -43.75000000000000000 ) ) ;
#1493 = CARTESIAN_POINT ( 'NONE',  ( 6.017125088940531441, 0.000000000000000000, -29.25000000000000000 ) ) ;
#1494 = CARTESIAN_POINT ( 'NONE',  ( 14.24999999999999467, 6.000000000000000000, 38.75000000000000711 ) ) ;
#1495 = CARTESIAN_POINT ( 'NONE',  ( -17.25000000000002487, 6.000000000000000000, -40.99999999999999289 ) ) ;
#1496 = VERTEX_POINT ( 'NONE', #1033 ) ;
#1497 = LINE ( 'NONE', #58, #2920 ) ;
#1498 = DIRECTION ( 'NONE',  ( -1.000000000000000000, -0.000000000000000000, -0.000000000000000000 ) ) ;
#1499 = DIRECTION ( 'NONE',  ( 0.000000000000000000, -0.000000000000000000, 1.000000000000000000 ) ) ;
#1500 = ORIENTED_EDGE ( 'NONE', *, *, #2593, .F. ) ;
#1501 = EDGE_CURVE ( 'NONE', #3058, #1608, #2426, .T. ) ;
#1502 = ADVANCED_FACE ( 'NONE', ( #2178 ), #14, .F. ) ;
#1503 = CYLINDRICAL_SURFACE ( 'NONE', #114, 0.5000000000000004441 ) ;
#1504 = EDGE_CURVE ( 'NONE', #82, #256, #593, .T. ) ;
#1505 = EDGE_CURVE ( 'NONE', #1737, #2494, #361, .T. ) ;
#1506 = CYLINDRICAL_SURFACE ( 'NONE', #2530, 0.5000000000000004441 ) ;
#1507 = ORIENTED_EDGE ( 'NONE', *, *, #515, .T. ) ;
#1508 = ORIENTED_EDGE ( 'NONE', *, *, #2302, .F. ) ;
#1509 = DIRECTION ( 'NONE',  ( 1.982541115402065110E-16, 0.000000000000000000, 1.000000000000000000 ) ) ;
#1510 =( BOUNDED_CURVE ( )  B_SPLINE_CURVE ( 3, ( #1451, #2419, #921, #1194 ),
 .UNSPECIFIED., .F., .F. ) 
 B_SPLINE_CURVE_WITH_KNOTS ( ( 4, 4 ),
 ( 4.535786302820928206, 4.712388980384689674 ),
 .UNSPECIFIED. ) 
 CURVE ( )  GEOMETRIC_REPRESENTATION_ITEM ( )  RATIONAL_B_SPLINE_CURVE ( ( 1.000000000000000000, 0.9974026461726049897, 0.9974026461726049897, 1.000000000000000000 ) ) 
 REPRESENTATION_ITEM ( '' )  );
#1511 = CARTESIAN_POINT ( 'NONE',  ( -17.25000000000002487, 8.000000000000000000, -39.78077640640441359 ) ) ;
#1512 = DIRECTION ( 'NONE',  ( 0.000000000000000000, 1.000000000000000000, 0.000000000000000000 ) ) ;
#1513 = AXIS2_PLACEMENT_3D ( 'NONE', #1393, #893, #2613 ) ;
#1514 = CARTESIAN_POINT ( 'NONE',  ( -17.25000000000001421, 12.00000000000000000, -43.75000000000000000 ) ) ;
#1515 = ORIENTED_EDGE ( 'NONE', *, *, #649, .F. ) ;
#1516 = CARTESIAN_POINT ( 'NONE',  ( 17.24999999999998579, 4.000000000000000000, -43.75000000000000000 ) ) ;
#1517 = CARTESIAN_POINT ( 'NONE',  ( -17.25000000000000000, 8.000000000000000000, 43.75000000000000000 ) ) ;
#1518 = EDGE_LOOP ( 'NONE', ( #200, #269, #2975, #2264 ) ) ;
#1519 = FACE_OUTER_BOUND ( 'NONE', #1518, .T. ) ;
#1520 = CYLINDRICAL_SURFACE ( 'NONE', #2277, 0.4999999999999995559 ) ;
#1521 = EDGE_LOOP ( 'NONE', ( #2809, #1790, #179, #2653, #372, #979, #1574, #3100 ) ) ;
#1522 = EDGE_CURVE ( 'NONE', #1249, #1875, #1063, .T. ) ;
#1523 = VECTOR ( 'NONE', #3066, 1000.000000000000000 ) ;
#1524 = AXIS2_PLACEMENT_3D ( 'NONE', #2996, #1544, #825 ) ;
#1525 = ORIENTED_EDGE ( 'NONE', *, *, #263, .F. ) ;
#1526 = CARTESIAN_POINT ( 'NONE',  ( -11.75000000000001243, 12.00000000000000000, -22.88603896932110970 ) ) ;
#1527 = DIRECTION ( 'NONE',  ( 0.000000000000000000, 1.000000000000000000, 0.000000000000000000 ) ) ;
#1528 = CARTESIAN_POINT ( 'NONE',  ( -17.25000000000001776, 6.000000000000000000, 38.75000000000000711 ) ) ;
#1529 = AXIS2_PLACEMENT_3D ( 'NONE', #143, #2074, #3069 ) ;
#1530 = CARTESIAN_POINT ( 'NONE',  ( -11.75000000000001066, 0.000000000000000000, -0.5428932188131913028 ) ) ;
#1531 = ADVANCED_FACE ( 'NONE', ( #610 ), #2493, .F. ) ;
#1532 = ORIENTED_EDGE ( 'NONE', *, *, #2655, .F. ) ;
#1533 = CARTESIAN_POINT ( 'NONE',  ( 6.739700746780051155, 0.000000000000000000, -11.18423611678091767 ) ) ;
#1534 = CARTESIAN_POINT ( 'NONE',  ( 11.04289321881344499, 12.00000000000000000, 22.75000000000000000 ) ) ;
#1535 = VERTEX_POINT ( 'NONE', #2526 ) ;
#1536 = CARTESIAN_POINT ( 'NONE',  ( -5.214876645977566838, 0.000000000000000000, -0.5788376766562679521 ) ) ;
#1537 = ORIENTED_EDGE ( 'NONE', *, *, #2880, .F. ) ;
#1538 = CARTESIAN_POINT ( 'NONE',  ( -17.24761604952913885, 8.144341424426745135, 39.45422840348008009 ) ) ;
#1539 = CARTESIAN_POINT ( 'NONE',  ( 9.589942799431710796, 12.00000000000000000, -1.546096169889712879 ) ) ;
#1540 = VERTEX_POINT ( 'NONE', #3001 ) ;
#1541 = ORIENTED_EDGE ( 'NONE', *, *, #2584, .F. ) ;
#1542 = PLANE ( 'NONE',  #699 ) ;
#1543 = EDGE_CURVE ( 'NONE', #526, #2476, #1334, .T. ) ;
#1544 = DIRECTION ( 'NONE',  ( -0.000000000000000000, -1.000000000000000000, -0.000000000000000000 ) ) ;
#1545 = PLANE ( 'NONE',  #2460 ) ;
#1546 = CARTESIAN_POINT ( 'NONE',  ( -6.739700746780067142, 12.00000000000000000, 4.684236116780854609 ) ) ;
#1547 = EDGE_CURVE ( 'NONE', #2272, #782, #2296, .T. ) ;
#1548 = ORIENTED_EDGE ( 'NONE', *, *, #263, .T. ) ;
#1549 = CARTESIAN_POINT ( 'NONE',  ( 1.680596404110214381, 12.00000000000000000, -16.80968029470235336 ) ) ;
#1550 = DIRECTION ( 'NONE',  ( -0.7071067811865530128, 0.000000000000000000, -0.7071067811865421326 ) ) ;
#1551 = EDGE_LOOP ( 'NONE', ( #18, #1213, #1239, #873 ) ) ;
#1552 = DIRECTION ( 'NONE',  ( -0.000000000000000000, 0.000000000000000000, -1.000000000000000000 ) ) ;
#1553 = EDGE_CURVE ( 'NONE', #698, #777, #2257, .T. ) ;
#1554 = ORIENTED_EDGE ( 'NONE', *, *, #45, .F. ) ;
#1555 = DIRECTION ( 'NONE',  ( 0.000000000000000000, -1.000000000000000000, -0.000000000000000000 ) ) ;
#1556 = DIRECTION ( 'NONE',  ( 0.000000000000000000, 0.000000000000000000, -1.000000000000000000 ) ) ;
#1557 = ORIENTED_EDGE ( 'NONE', *, *, #2109, .T. ) ;
#1558 = VERTEX_POINT ( 'NONE', #1819 ) ;
#1559 = CARTESIAN_POINT ( 'NONE',  ( 7.205251289317453178, 12.00000000000000000, -11.00185549186936029 ) ) ;
#1560 = FACE_OUTER_BOUND ( 'NONE', #585, .T. ) ;
#1561 = LINE ( 'NONE', #2722, #1612 ) ;
#1562 = DIRECTION ( 'NONE',  ( -1.000000000000000000, -0.000000000000000000, -0.000000000000000000 ) ) ;
#1563 = AXIS2_PLACEMENT_3D ( 'NONE', #605, #1812, #2504 ) ;
#1564 = VERTEX_POINT ( 'NONE', #90 ) ;
#1565 = DIRECTION ( 'NONE',  ( 0.3647612498231170841, -0.000000000000000000, -0.9311010850748040468 ) ) ;
#1566 = ORIENTED_EDGE ( 'NONE', *, *, #1660, .T. ) ;
#1567 = DIRECTION ( 'NONE',  ( 1.000000000000000000, -0.000000000000000000, -1.169476500658521966E-16 ) ) ;
#1568 = EDGE_CURVE ( 'NONE', #1483, #3015, #1473, .T. ) ;
#1569 = VECTOR ( 'NONE', #710, 1000.000000000000000 ) ;
#1570 = VERTEX_POINT ( 'NONE', #579 ) ;
#1571 = CIRCLE ( 'NONE', #601, 2.250000000000001776 ) ;
#1572 = CARTESIAN_POINT ( 'NONE',  ( -15.15820304746481462, 0.4785338113949954564, -42.38530666686968829 ) ) ;
#1573 = ADVANCED_FACE ( 'NONE', ( #1803 ), #2761, .F. ) ;
#1574 = ORIENTED_EDGE ( 'NONE', *, *, #2620, .F. ) ;
#1575 = ORIENTED_EDGE ( 'NONE', *, *, #2378, .F. ) ;
#1576 = CARTESIAN_POINT ( 'NONE',  ( -16.74709694511558311, 2.054355505257710046, 43.59930579550363916 ) ) ;
#1577 = AXIS2_PLACEMENT_3D ( 'NONE', #2400, #2590, #2345 ) ;
#1578 = DIRECTION ( 'NONE',  ( -1.000000000000000000, 0.000000000000000000, 1.982541115402065110E-16 ) ) ;
#1579 = LINE ( 'NONE', #1307, #2006 ) ;
#1580 = VECTOR ( 'NONE', #1203, 1000.000000000000000 ) ;
#1581 = AXIS2_PLACEMENT_3D ( 'NONE', #1879, #1164, #404 ) ;
#1582 = VERTEX_POINT ( 'NONE', #394 ) ;
#1583 = CARTESIAN_POINT ( 'NONE',  ( 11.75000000000000355, 12.00000000000000000, -22.60292456913803250 ) ) ;
#1584 = CIRCLE ( 'NONE', #2228, 0.5000000000000004441 ) ;
#1585 = AXIS2_PLACEMENT_3D ( 'NONE', #1386, #2350, #1449 ) ;
#1586 = DIRECTION ( 'NONE',  ( 0.000000000000000000, -1.000000000000000000, 0.000000000000000000 ) ) ;
#1587 = ORIENTED_EDGE ( 'NONE', *, *, #2875, .T. ) ;
#1588 = CARTESIAN_POINT ( 'NONE',  ( -13.25000000000000178, 4.000000000000000000, 43.75000000000000000 ) ) ;
#1589 = AXIS2_PLACEMENT_3D ( 'NONE', #1190, #1651, #2861 ) ;
#1590 = ORIENTED_EDGE ( 'NONE', *, *, #1981, .T. ) ;
#1591 = EDGE_CURVE ( 'NONE', #1106, #2406, #139, .T. ) ;
#1592 = CARTESIAN_POINT ( 'NONE',  ( -13.64146747908466750, -4.040347158403012617E-16, -41.08902070093834169 ) ) ;
#1593 = ORIENTED_EDGE ( 'NONE', *, *, #520, .T. ) ;
#1594 = ORIENTED_EDGE ( 'NONE', *, *, #905, .T. ) ;
#1595 = DIRECTION ( 'NONE',  ( 0.7071067811865420216, 0.000000000000000000, -0.7071067811865531239 ) ) ;
#1596 = FACE_OUTER_BOUND ( 'NONE', #1795, .T. ) ;
#1597 = LINE ( 'NONE', #629, #1049 ) ;
#1598 = DIRECTION ( 'NONE',  ( 1.009364629870440322E-16, 0.000000000000000000, 1.000000000000000000 ) ) ;
#1599 = VERTEX_POINT ( 'NONE', #1600 ) ;
#1600 = CARTESIAN_POINT ( 'NONE',  ( -17.25000000000001776, 6.000000000000000000, 41.00000000000000711 ) ) ;
#1601 = ORIENTED_EDGE ( 'NONE', *, *, #2813, .F. ) ;
#1602 = LINE ( 'NONE', #157, #3038 ) ;
#1603 = FACE_OUTER_BOUND ( 'NONE', #2641, .T. ) ;
#1604 = EDGE_CURVE ( 'NONE', #359, #1570, #2983, .T. ) ;
#1605 = EDGE_CURVE ( 'NONE', #2681, #2690, #1349, .T. ) ;
#1606 = EDGE_CURVE ( 'NONE', #580, #1845, #862, .T. ) ;
#1607 = ORIENTED_EDGE ( 'NONE', *, *, #1060, .F. ) ;
#1608 = VERTEX_POINT ( 'NONE', #1839 ) ;
#1609 = CARTESIAN_POINT ( 'NONE',  ( -17.25000000000000000, 2.999999999999999112, 43.75000000000000000 ) ) ;
#1610 = CARTESIAN_POINT ( 'NONE',  ( 17.05760320182133682, 9.253216210379848761, -43.74999999999999289 ) ) ;
#1611 = ORIENTED_EDGE ( 'NONE', *, *, #2109, .F. ) ;
#1612 = VECTOR ( 'NONE', #1994, 1000.000000000000000 ) ;
#1613 = DIRECTION ( 'NONE',  ( 0.000000000000000000, 1.000000000000000000, 0.000000000000000000 ) ) ;
#1614 = VERTEX_POINT ( 'NONE', #2744 ) ;
#1615 = CARTESIAN_POINT ( 'NONE',  ( 13.25000000000000355, 12.00000000000000000, 40.74999999999999289 ) ) ;
#1616 = DIRECTION ( 'NONE',  ( 1.000000000000000000, 0.000000000000000000, 0.000000000000000000 ) ) ;
#1617 = VECTOR ( 'NONE', #1131, 1000.000000000000000 ) ;
#1618 = ORIENTED_EDGE ( 'NONE', *, *, #1397, .F. ) ;
#1619 = EDGE_LOOP ( 'NONE', ( #444, #2019, #1872, #1468 ) ) ;
#1620 = MANIFOLD_SOLID_BREP ( 'Fillet6', #1241 ) ;
#1621 = DIRECTION ( 'NONE',  ( 1.000000000000000000, -0.000000000000000000, -1.084202172485504434E-16 ) ) ;
#1622 = AXIS2_PLACEMENT_3D ( 'NONE', #1069, #2051, #1837 ) ;
#1623 = EDGE_CURVE ( 'NONE', #759, #359, #1394, .T. ) ;
#1624 = DIRECTION ( 'NONE',  ( 0.7071067811865516806, 0.000000000000000000, 0.7071067811865434649 ) ) ;
#1625 = CARTESIAN_POINT ( 'NONE',  ( -4.749999999999995559, 2.999999999999999112, 40.74999999999999289 ) ) ;
#1626 = CIRCLE ( 'NONE', #2536, 0.5000000000000004441 ) ;
#1627 = AXIS2_PLACEMENT_3D ( 'NONE', #2635, #953, #659 ) ;
#1628 = CARTESIAN_POINT ( 'NONE',  ( 13.44426994489844240, 12.00000000000000000, 40.91824266741912197 ) ) ;
#1629 = ORIENTED_EDGE ( 'NONE', *, *, #1937, .T. ) ;
#1630 = VECTOR ( 'NONE', #1907, 999.9999999999998863 ) ;
#1631 = DIRECTION ( 'NONE',  ( 0.000000000000000000, 0.000000000000000000, -1.000000000000000000 ) ) ;
#1632 = PRODUCT_DEFINITION_FORMATION_WITH_SPECIFIED_SOURCE ( 'ANY', '', #502, .NOT_KNOWN. ) ;
#1633 = VERTEX_POINT ( 'NONE', #1766 ) ;
#1634 = AXIS2_PLACEMENT_3D ( 'NONE', #2382, #167, #1624 ) ;
#1635 = CARTESIAN_POINT ( 'NONE',  ( 14.03287506759020431, 0.05741828915835956587, 41.42802364963765172 ) ) ;
#1636 = DIRECTION ( 'NONE',  ( 0.000000000000000000, 0.000000000000000000, -1.000000000000000000 ) ) ;
#1637 = ORIENTED_EDGE ( 'NONE', *, *, #2234, .F. ) ;
#1638 = EDGE_LOOP ( 'NONE', ( #1458, #1144, #1047, #517, #931, #1507, #1648, #307 ) ) ;
#1639 = DIRECTION ( 'NONE',  ( 0.000000000000000000, 0.000000000000000000, 1.000000000000000000 ) ) ;
#1640 = LINE ( 'NONE', #2866, #2589 ) ;
#1641 = FACE_OUTER_BOUND ( 'NONE', #2318, .T. ) ;
#1642 = EDGE_CURVE ( 'NONE', #2189, #586, #642, .T. ) ;
#1643 = VERTEX_POINT ( 'NONE', #1658 ) ;
#1644 = EDGE_CURVE ( 'NONE', #2232, #1071, #1448, .T. ) ;
#1645 = CARTESIAN_POINT ( 'NONE',  ( 16.62054963025776289, 10.15745561563313970, 43.52003312697991788 ) ) ;
#1646 = ORIENTED_EDGE ( 'NONE', *, *, #775, .F. ) ;
#1647 = CARTESIAN_POINT ( 'NONE',  ( -6.482675631477970768, 0.000000000000000000, 22.56761937508844085 ) ) ;
#1648 = ORIENTED_EDGE ( 'NONE', *, *, #821, .F. ) ;
#1649 = CARTESIAN_POINT ( 'NONE',  ( 11.75000000000000355, 0.000000000000000000, -22.60292456913803250 ) ) ;
#1650 = EDGE_CURVE ( 'NONE', #1383, #2507, #1220, .T. ) ;
#1651 = DIRECTION ( 'NONE',  ( -1.000000000000000000, 0.000000000000000000, 0.000000000000000000 ) ) ;
#1652 = ORIENTED_EDGE ( 'NONE', *, *, #1097, .T. ) ;
#1653 = ORIENTED_EDGE ( 'NONE', *, *, #1029, .T. ) ;
#1654 = CARTESIAN_POINT ( 'NONE',  ( -12.25000000000001421, 0.000000000000000000, -29.75000000000000000 ) ) ;
#1655 = VERTEX_POINT ( 'NONE', #1910 ) ;
#1656 = DIRECTION ( 'NONE',  ( 1.982541115402065110E-16, -0.000000000000000000, 1.000000000000000000 ) ) ;
#1657 = DIRECTION ( 'NONE',  ( 0.000000000000000000, -1.000000000000000000, 0.000000000000000000 ) ) ;
#1658 = CARTESIAN_POINT ( 'NONE',  ( -6.017125088940569633, 12.00000000000000000, 23.25000000000000000 ) ) ;
#1659 = LINE ( 'NONE', #2616, #490 ) ;
#1660 = EDGE_CURVE ( 'NONE', #1884, #2189, #197, .T. ) ;
#1661 = DIRECTION ( 'NONE',  ( -1.586032892321652236E-16, 0.000000000000000000, -1.000000000000000000 ) ) ;
#1662 = ORIENTED_EDGE ( 'NONE', *, *, #1623, .F. ) ;
#1663 = CARTESIAN_POINT ( 'NONE',  ( 15.86307754383576452, 0.9631616585187910973, 42.96164743558706789 ) ) ;
#1664 = LINE ( 'NONE', #243, #1724 ) ;
#1665 = VECTOR ( 'NONE', #471, 1000.000000000000000 ) ;
#1666 = AXIS2_PLACEMENT_3D ( 'NONE', #2032, #2289, #1743 ) ;
#1667 = ORIENTED_EDGE ( 'NONE', *, *, #1844, .T. ) ;
#1668 = LINE ( 'NONE', #1463, #1569 ) ;
#1669 = DIRECTION ( 'NONE',  ( -0.000000000000000000, -1.000000000000000000, 0.000000000000000000 ) ) ;
#1670 = ORIENTED_EDGE ( 'NONE', *, *, #1413, .F. ) ;
#1671 = UNCERTAINTY_MEASURE_WITH_UNIT (LENGTH_MEASURE( 1.000000000000000082E-05 ), #2821, 'distance_accuracy_value', 'NONE');
#1672 = CARTESIAN_POINT ( 'NONE',  ( 16.74710438310014027, 9.945631019116687455, -43.59931020939212232 ) ) ;
#1673 = CARTESIAN_POINT ( 'NONE',  ( 0.1904478628199861301, 0.000000000000000000, 5.533593613327767002 ) ) ;
#1674 = PLANE ( 'NONE',  #1627 ) ;
#1675 = AXIS2_PLACEMENT_3D ( 'NONE', #11, #1929, #2404 ) ;
#1676 = ORIENTED_EDGE ( 'NONE', *, *, #1863, .T. ) ;
#1677 = CARTESIAN_POINT ( 'NONE',  ( -17.25000000000000000, 2.999999999999999112, 40.74999999999999289 ) ) ;
#1678 = VECTOR ( 'NONE', #535, 1000.000000000000000 ) ;
#1679 = DIRECTION ( 'NONE',  ( 0.000000000000000000, 0.000000000000000000, -1.000000000000000000 ) ) ;
#1680 = AXIS2_PLACEMENT_3D ( 'NONE', #2347, #2891, #2104 ) ;
#1681 = VECTOR ( 'NONE', #2141, 1000.000000000000000 ) ;
#1682 = EDGE_CURVE ( 'NONE', #2704, #2973, #2603, .T. ) ;
#1683 = VECTOR ( 'NONE', #1969, 1000.000000000000000 ) ;
#1684 = DIRECTION ( 'NONE',  ( -1.000000000000000000, 0.000000000000000000, -0.000000000000000000 ) ) ;
#1685 = EDGE_CURVE ( 'NONE', #2331, #2649, #2942, .T. ) ;
#1686 = CARTESIAN_POINT ( 'NONE',  ( -17.24760696713126507, 8.144638337135244655, 38.04634885399127597 ) ) ;
#1687 = VERTEX_POINT ( 'NONE', #1209 ) ;
#1688 = CARTESIAN_POINT ( 'NONE',  ( 6.851697898724181890, 12.00000000000000000, -10.64830210127608545 ) ) ;
#1689 = CARTESIAN_POINT ( 'NONE',  ( -13.25000000000000178, 12.00000000000000000, 40.74999999999999289 ) ) ;
#1690 = CARTESIAN_POINT ( 'NONE',  ( 4.750000000000004441, 2.999999999999999112, 40.74999999999999289 ) ) ;
#1691 = ORIENTED_EDGE ( 'NONE', *, *, #613, .F. ) ;
#1692 = CARTESIAN_POINT ( 'NONE',  ( -14.03049878776890935, 11.92802717498133624, -41.42501199077209151 ) ) ;
#1693 = DIRECTION ( 'NONE',  ( 1.000000000000000000, 0.000000000000000000, -1.084202172485504434E-16 ) ) ;
#1694 = DIRECTION ( 'NONE',  ( 0.000000000000000000, 0.000000000000000000, 1.000000000000000000 ) ) ;
#1695 = ORIENTED_EDGE ( 'NONE', *, *, #1253, .F. ) ;
#1696 = EDGE_CURVE ( 'NONE', #1122, #2125, #2658, .T. ) ;
#1697 = EDGE_CURVE ( 'NONE', #2844, #2561, #3063, .T. ) ;
#1698 = PLANE ( 'NONE',  #152 ) ;
#1699 = ADVANCED_FACE ( 'NONE', ( #2438, #495 ), #737, .T. ) ;
#1700 = UNCERTAINTY_MEASURE_WITH_UNIT (LENGTH_MEASURE( 1.000000000000000082E-05 ), #2038, 'distance_accuracy_value', 'NONE');
#1701 = CARTESIAN_POINT ( 'NONE',  ( -17.24366446680627263, 8.228966894538809029, -39.10539430980201558 ) ) ;
#1702 = LINE ( 'NONE', #1481, #2967 ) ;
#1703 = DIRECTION ( 'NONE',  ( 0.000000000000000000, 1.000000000000000000, 0.000000000000000000 ) ) ;
#1704 = VERTEX_POINT ( 'NONE', #19 ) ;
#1705 = DIRECTION ( 'NONE',  ( 1.000000000000000000, -0.000000000000000000, -1.169476500658521966E-16 ) ) ;
#1706 = CARTESIAN_POINT ( 'NONE',  ( -4.749999999999995559, 9.000000000000001776, 27.25000000000000000 ) ) ;
#1707 = DIRECTION ( 'NONE',  ( 1.000000000000000000, 0.000000000000000000, -1.084202172485504434E-16 ) ) ;
#1708 = AXIS2_PLACEMENT_3D ( 'NONE', #20, #511, #237 ) ;
#1709 = LINE ( 'NONE', #2848, #3077 ) ;
#1710 = VECTOR ( 'NONE', #1305, 1000.000000000000000 ) ;
#1711 = EDGE_CURVE ( 'NONE', #586, #3096, #2170, .T. ) ;
#1712 = CARTESIAN_POINT ( 'NONE',  ( -17.25000000000000000, 9.000000000000001776, 43.75000000000000000 ) ) ;
#1713 = DIRECTION ( 'NONE',  ( -0.9311010850748041578, 0.000000000000000000, -0.3647612498231171951 ) ) ;
#1714 = FACE_OUTER_BOUND ( 'NONE', #1139, .T. ) ;
#1715 = ORIENTED_EDGE ( 'NONE', *, *, #3051, .F. ) ;
#1716 = CARTESIAN_POINT ( 'NONE',  ( -17.25000000000002132, 3.917529431104562754, -39.62075999861115605 ) ) ;
#1717 = CARTESIAN_POINT ( 'NONE',  ( 4.750000000000004441, 9.000000000000001776, 27.25000000000000000 ) ) ;
#1718 = CYLINDRICAL_SURFACE ( 'NONE', #2392, 0.5000000000000000000 ) ;
#1719 = EDGE_CURVE ( 'NONE', #2779, #1383, #2423, .T. ) ;
#1720 = ORIENTED_EDGE ( 'NONE', *, *, #625, .T. ) ;
#1721 = AXIS2_PLACEMENT_3D ( 'NONE', #2912, #998, #2931 ) ;
#1722 = VECTOR ( 'NONE', #97, 1000.000000000000000 ) ;
#1723 = DIRECTION ( 'NONE',  ( 0.000000000000000000, 0.000000000000000000, 1.000000000000000000 ) ) ;
#1724 = VECTOR ( 'NONE', #899, 1000.000000000000000 ) ;
#1725 = ORIENTED_EDGE ( 'NONE', *, *, #843, .F. ) ;
#1726 = AXIS2_PLACEMENT_3D ( 'NONE', #330, #1768, #2694 ) ;
#1727 = ORIENTED_EDGE ( 'NONE', *, *, #1801, .F. ) ;
#1728 = CARTESIAN_POINT ( 'NONE',  ( 17.07642183750528986, 2.646641453095224250, 40.25553888682715353 ) ) ;
#1729 = CARTESIAN_POINT ( 'NONE',  ( -16.55359945267357702, 10.25843080929339557, 43.47544904124090692 ) ) ;
#1730 = DIRECTION ( 'NONE',  ( 0.000000000000000000, 1.000000000000000000, 0.000000000000000000 ) ) ;
#1731 = ADVANCED_FACE ( 'NONE', ( #2888 ), #2670, .F. ) ;
#1732 = ORIENTED_EDGE ( 'NONE', *, *, #1230, .T. ) ;
#1733 = CARTESIAN_POINT ( 'NONE',  ( -13.64192539050961805, 11.98559535494692341, -41.08941818106088562 ) ) ;
#1734 = EDGE_CURVE ( 'NONE', #142, #844, #1626, .T. ) ;
#1735 = DIRECTION ( 'NONE',  ( 1.000000000000000000, 0.000000000000000000, 0.000000000000000000 ) ) ;
#1736 = DIRECTION ( 'NONE',  ( 0.000000000000000000, 1.000000000000000000, 0.000000000000000000 ) ) ;
#1737 = VERTEX_POINT ( 'NONE', #5 ) ;
#1738 = EDGE_CURVE ( 'NONE', #932, #1479, #2469, .T. ) ;
#1739 = CARTESIAN_POINT ( 'NONE',  ( 1.215045861572812802, 12.00000000000000000, -16.99206091961391252 ) ) ;
#1740 = FACE_OUTER_BOUND ( 'NONE', #2499, .T. ) ;
#1741 = ORIENTED_EDGE ( 'NONE', *, *, #1642, .T. ) ;
#1742 = EDGE_LOOP ( 'NONE', ( #567, #2519, #1676, #2154 ) ) ;
#1743 = DIRECTION ( 'NONE',  ( 0.000000000000000000, 0.000000000000000000, 1.000000000000000000 ) ) ;
#1744 = CARTESIAN_POINT ( 'NONE',  ( -17.25000000000001421, 8.082469599857937226, -39.62076187882009748 ) ) ;
#1745 = CARTESIAN_POINT ( 'NONE',  ( -7.205251289317469165, 12.00000000000000000, 4.501855491869296344 ) ) ;
#1746 = DIRECTION ( 'NONE',  ( 0.000000000000000000, 0.3094964936721113502, -0.9509005838701901636 ) ) ;
#1747 = EDGE_LOOP ( 'NONE', ( #2278, #76, #2246, #1179, #658, #2039 ) ) ;
#1748 = DIRECTION ( 'NONE',  ( 1.000000000000000000, -0.000000000000000000, -1.084202172485504434E-16 ) ) ;
#1749 = DIRECTION ( 'NONE',  ( -0.3647612498231171396, -0.000000000000000000, 0.9311010850748041578 ) ) ;
#1750 = CARTESIAN_POINT ( 'NONE',  ( -6.017125088940569633, 0.000000000000000000, 23.25000000000000000 ) ) ;
#1751 = EDGE_LOOP ( 'NONE', ( #107, #1652, #126, #720, #2698, #1590 ) ) ;
#1752 = EDGE_CURVE ( 'NONE', #164, #1299, #991, .T. ) ;
#1753 = DIRECTION ( 'NONE',  ( 0.000000000000000000, 0.000000000000000000, 1.000000000000000000 ) ) ;
#1754 = DIRECTION ( 'NONE',  ( 0.000000000000000000, -1.000000000000000000, 0.000000000000000000 ) ) ;
#1755 = ORIENTED_EDGE ( 'NONE', *, *, #476, .T. ) ;
#1756 = EDGE_CURVE ( 'NONE', #432, #2131, #2480, .T. ) ;
#1757 = AXIS2_PLACEMENT_3D ( 'NONE', #50, #1780, #336 ) ;
#1758 = ORIENTED_EDGE ( 'NONE', *, *, #27, .T. ) ;
#1759 = DIRECTION ( 'NONE',  ( 3.619488763857433016E-17, 0.9509005838701902746, 0.3094964936721115167 ) ) ;
#1760 = DIRECTION ( 'NONE',  ( 8.673617379884035472E-17, 0.000000000000000000, 1.000000000000000000 ) ) ;
#1761 = CYLINDRICAL_SURFACE ( 'NONE', #990, 2.250000000000001776 ) ;
#1762 = VECTOR ( 'NONE', #904, 1000.000000000000000 ) ;
#1763 = DIRECTION ( 'NONE',  ( 1.009364629870440322E-16, 0.000000000000000000, 1.000000000000000000 ) ) ;
#1764 = ORIENTED_EDGE ( 'NONE', *, *, #613, .T. ) ;
#1765 = DIRECTION ( 'NONE',  ( -0.000000000000000000, -1.000000000000000000, -0.000000000000000000 ) ) ;
#1766 = CARTESIAN_POINT ( 'NONE',  ( 11.75000000000000355, 12.00000000000000000, -23.10292456913803250 ) ) ;
#1767 = EDGE_LOOP ( 'NONE', ( #2707, #2830, #1037, #1720 ) ) ;
#1768 = DIRECTION ( 'NONE',  ( 0.000000000000000000, -1.000000000000000000, 0.000000000000000000 ) ) ;
#1769 = VECTOR ( 'NONE', #1181, 1000.000000000000227 ) ;
#1770 = ORIENTED_EDGE ( 'NONE', *, *, #1863, .F. ) ;
#1771 = CARTESIAN_POINT ( 'NONE',  ( 17.24999999999998579, 12.00000000000000000, -43.75000000000000000 ) ) ;
#1772 = AXIS2_PLACEMENT_3D ( 'NONE', #3031, #565, #2508 ) ;
#1773 = ADVANCED_FACE ( 'NONE', ( #302 ), #2687, .F. ) ;
#1774 = FACE_OUTER_BOUND ( 'NONE', #1551, .T. ) ;
#1775 = VECTOR ( 'NONE', #882, 1000.000000000000000 ) ;
#1776 = MECHANICAL_DESIGN_GEOMETRIC_PRESENTATION_REPRESENTATION (  '', ( #506 ), #2024 ) ;
#1777 = ORIENTED_EDGE ( 'NONE', *, *, #1738, .F. ) ;
#1778 = CIRCLE ( 'NONE', #1330, 0.5000000000000004441 ) ;
#1779 = EDGE_LOOP ( 'NONE', ( #387, #2624, #2631, #2984, #2045, #3030, #156, #1399, #158 ) ) ;
#1780 = DIRECTION ( 'NONE',  ( -0.000000000000000000, -1.000000000000000000, -0.000000000000000000 ) ) ;
#1781 = EDGE_CURVE ( 'NONE', #256, #698, #1778, .T. ) ;
#1782 = DIRECTION ( 'NONE',  ( 1.000000000000000000, 0.000000000000000000, -1.586032892321652236E-16 ) ) ;
#1783 = DIRECTION ( 'NONE',  ( 0.000000000000000000, 1.000000000000000000, 0.000000000000000000 ) ) ;
#1784 = CIRCLE ( 'NONE', #621, 0.5000000000000004441 ) ;
#1785 = CARTESIAN_POINT ( 'NONE',  ( 11.04289321881344499, 0.000000000000000000, 22.75000000000000000 ) ) ;
#1786 = VERTEX_POINT ( 'NONE', #53 ) ;
#1787 = VECTOR ( 'NONE', #3082, 1000.000000000000000 ) ;
#1788 = CARTESIAN_POINT ( 'NONE',  ( -17.25000000000001421, 3.917529431104562754, 37.87924000138883684 ) ) ;
#1789 = DIRECTION ( 'NONE',  ( 0.000000000000000000, -1.000000000000000000, -0.000000000000000000 ) ) ;
#1790 = ORIENTED_EDGE ( 'NONE', *, *, #622, .T. ) ;
#1791 = CARTESIAN_POINT ( 'NONE',  ( -0.4217753911738150174, 0.000000000000000000, -12.26492114168162750 ) ) ;
#1792 = ORIENTED_EDGE ( 'NONE', *, *, #2852, .F. ) ;
#1793 = CYLINDRICAL_SURFACE ( 'NONE', #1585, 0.5000000000000004441 ) ;
#1794 = DIRECTION ( 'NONE',  ( 0.000000000000000000, 1.000000000000000000, 0.000000000000000000 ) ) ;
#1795 = EDGE_LOOP ( 'NONE', ( #2699, #2597, #1318, #2737, #1891, #320, #2092, #671 ) ) ;
#1796 = EDGE_CURVE ( 'NONE', #2716, #890, #1978, .T. ) ;
#1797 = ORIENTED_EDGE ( 'NONE', *, *, #723, .F. ) ;
#1798 = CARTESIAN_POINT ( 'NONE',  ( 1.680596404110214381, 12.00000000000000000, -16.80968029470235336 ) ) ;
#1799 = LINE ( 'NONE', #3024, #664 ) ;
#1800 = DIRECTION ( 'NONE',  ( 0.000000000000000000, 0.000000000000000000, 1.000000000000000000 ) ) ;
#1801 = EDGE_CURVE ( 'NONE', #2548, #366, #2646, .T. ) ;
#1802 = ORIENTED_EDGE ( 'NONE', *, *, #1697, .F. ) ;
#1803 = FACE_OUTER_BOUND ( 'NONE', #2325, .T. ) ;
#1804 = VERTEX_POINT ( 'NONE', #236 ) ;
#1805 = CARTESIAN_POINT ( 'NONE',  ( 15.34180016651412082, 0.5838620651585021415, -42.53819355716505157 ) ) ;
#1806 = ORIENTED_EDGE ( 'NONE', *, *, #1294, .F. ) ;
#1807 = CYLINDRICAL_SURFACE ( 'NONE', #713, 0.4999999999999995559 ) ;
#1808 = ORIENTED_EDGE ( 'NONE', *, *, #1815, .T. ) ;
#1809 = ORIENTED_EDGE ( 'NONE', *, *, #1696, .T. ) ;
#1810 = CARTESIAN_POINT ( 'NONE',  ( -17.25000000000001776, 6.000000000000000000, 36.50000000000000711 ) ) ;
#1811 = PLANE ( 'NONE',  #2786 ) ;
#1812 = DIRECTION ( 'NONE',  ( 1.144043087021552000E-16, 0.2074184660328366736, 0.9782523089410957162 ) ) ;
#1813 = CARTESIAN_POINT ( 'NONE',  ( 17.24217666697163409, 3.749949080586352235, -38.92688545689205171 ) ) ;
#1814 = AXIS2_PLACEMENT_3D ( 'NONE', #770, #121, #546 ) ;
#1815 = EDGE_CURVE ( 'NONE', #1859, #2320, #726, .T. ) ;
#1816 = ADVANCED_FACE ( 'NONE', ( #1560 ), #784, .F. ) ;
#1817 = ORIENTED_EDGE ( 'NONE', *, *, #1340, .F. ) ;
#1818 = CARTESIAN_POINT ( 'NONE',  ( -4.749999999999995559, 9.000000000000001776, 30.25000000000000000 ) ) ;
#1819 = CARTESIAN_POINT ( 'NONE',  ( 6.739700746780051155, 12.00000000000000000, -11.18423611678091767 ) ) ;
#1820 = ORIENTED_EDGE ( 'NONE', *, *, #1682, .T. ) ;
#1821 = CARTESIAN_POINT ( 'NONE',  ( 14.03049878776888271, 0.07197282501866480997, -41.42501199077208440 ) ) ;
#1822 = AXIS2_PLACEMENT_3D ( 'NONE', #653, #1146, #373 ) ;
#1823 = ORIENTED_EDGE ( 'NONE', *, *, #211, .F. ) ;
#1824 = EDGE_CURVE ( 'NONE', #2413, #2144, #1306, .T. ) ;
#1825 = CARTESIAN_POINT ( 'NONE',  ( -0.3097782392296844489, 12.00000000000000000, -11.72898712617679529 ) ) ;
#1826 = ORIENTED_EDGE ( 'NONE', *, *, #656, .T. ) ;
#1827 = VECTOR ( 'NONE', #1287, 1000.000000000000000 ) ;
#1828 = ORIENTED_EDGE ( 'NONE', *, *, #937, .F. ) ;
#1829 = CARTESIAN_POINT ( 'NONE',  ( -12.25000000000000888, 0.000000000000000000, 16.10292456913795789 ) ) ;
#1830 = COLOUR_RGB ( '',0.7921568627450980005, 0.8196078431372548767, 0.9333333333333333481 ) ;
#1831 = FACE_OUTER_BOUND ( 'NONE', #868, .T. ) ;
#1832 = DIRECTION ( 'NONE',  ( -7.820942106358090068E-17, 0.7434821178373530737, -0.6687558152689846436 ) ) ;
#1833 = CARTESIAN_POINT ( 'NONE',  ( -11.75000000000000888, 12.00000000000000000, 16.10292456913795789 ) ) ;
#1834 = VECTOR ( 'NONE', #1886, 1000.000000000000000 ) ;
#1835 = VECTOR ( 'NONE', #680, 1000.000000000000227 ) ;
#1836 = ORIENTED_EDGE ( 'NONE', *, *, #2741, .T. ) ;
#1837 = DIRECTION ( 'NONE',  ( 0.000000000000000000, 0.000000000000000000, -1.000000000000000000 ) ) ;
#1838 = AXIS2_PLACEMENT_3D ( 'NONE', #1514, #2909, #2961 ) ;
#1839 = CARTESIAN_POINT ( 'NONE',  ( 17.24999999999998934, 4.000000000000000000, -37.71922359359557930 ) ) ;
#1840 = ORIENTED_EDGE ( 'NONE', *, *, #3104, .F. ) ;
#1841 = ADVANCED_FACE ( 'NONE', ( #2755, #1596 ), #2521, .F. ) ;
#1842 = CARTESIAN_POINT ( 'NONE',  ( 16.18694921853532165, 1.275134521433364254, -43.21270883588061906 ) ) ;
#1843 = VECTOR ( 'NONE', #1890, 1000.000000000000000 ) ;
#1844 = EDGE_CURVE ( 'NONE', #1614, #174, #2227, .T. ) ;
#1845 = VERTEX_POINT ( 'NONE', #1083 ) ;
#1846 = CARTESIAN_POINT ( 'NONE',  ( -14.03287506759021319, 0.05741828915835945485, -41.42802364963764461 ) ) ;
#1847 = PRODUCT_RELATED_PRODUCT_CATEGORY ( 'part', '', ( #502 ) ) ;
#1848 = ORIENTED_EDGE ( 'NONE', *, *, #1948, .F. ) ;
#1849 = LINE ( 'NONE', #2098, #1920 ) ;
#1850 = CARTESIAN_POINT ( 'NONE',  ( 6.017125088940531441, 0.000000000000000000, -29.75000000000000000 ) ) ;
#1851 = DIRECTION ( 'NONE',  ( 1.000000000000000000, 0.000000000000000000, 0.000000000000000000 ) ) ;
#1852 = CARTESIAN_POINT ( 'NONE',  ( 15.86305196752737068, 11.03686055055889881, 42.96162718988809104 ) ) ;
#1853 = ORIENTED_EDGE ( 'NONE', *, *, #2329, .F. ) ;
#1854 = DIRECTION ( 'NONE',  ( -1.000000000000000000, 0.000000000000000000, 0.000000000000000000 ) ) ;
#1855 = ORIENTED_EDGE ( 'NONE', *, *, #555, .T. ) ;
#1856 = CARTESIAN_POINT ( 'NONE',  ( -16.34252357285149770, 10.54821815762883652, -43.32874079318900584 ) ) ;
#1857 = CARTESIAN_POINT ( 'NONE',  ( -17.05760320182136525, 2.746783789620149907, -43.74999999999999289 ) ) ;
#1858 = EDGE_CURVE ( 'NONE', #1186, #759, #574, .T. ) ;
#1859 = VERTEX_POINT ( 'NONE', #588 ) ;
#1860 = AXIS2_PLACEMENT_3D ( 'NONE', #2327, #2088, #1427 ) ;
#1861 = EDGE_LOOP ( 'NONE', ( #416, #816, #2795, #2527 ) ) ;
#1862 = CARTESIAN_POINT ( 'NONE',  ( 17.25000000000000000, 4.000000000000000000, 35.59625015475420184 ) ) ;
#1863 = EDGE_CURVE ( 'NONE', #1786, #1350, #1064, .T. ) ;
#1864 = DIRECTION ( 'NONE',  ( -0.000000000000000000, -1.000000000000000000, -0.000000000000000000 ) ) ;
#1865 = DIRECTION ( 'NONE',  ( -0.000000000000000000, -1.000000000000000000, -0.000000000000000000 ) ) ;
#1866 = CARTESIAN_POINT ( 'NONE',  ( 16.74709694511558311, 9.945644494742293062, 43.59930579550363205 ) ) ;
#1867 = ORIENTED_EDGE ( 'NONE', *, *, #2322, .F. ) ;
#1868 = CYLINDRICAL_SURFACE ( 'NONE', #1680, 3.000000000000002665 ) ;
#1869 = ORIENTED_EDGE ( 'NONE', *, *, #3050, .T. ) ;
#1870 = DIRECTION ( 'NONE',  ( 1.009364629870436131E-16, 0.000000000000000000, -1.000000000000000000 ) ) ;
#1871 = CARTESIAN_POINT ( 'NONE',  ( 6.620370370370371127, 12.00000000000000000, -10.87962962962989089 ) ) ;
#1872 = ORIENTED_EDGE ( 'NONE', *, *, #1177, .F. ) ;
#1873 = EDGE_CURVE ( 'NONE', #377, #2476, #2930, .T. ) ;
#1874 = CIRCLE ( 'NONE', #356, 0.5000000000000004441 ) ;
#1875 = VERTEX_POINT ( 'NONE', #2047 ) ;
#1876 = EDGE_CURVE ( 'NONE', #2538, #142, #1043, .T. ) ;
#1877 = DIRECTION ( 'NONE',  ( 0.000000000000000000, 1.000000000000000000, 0.000000000000000000 ) ) ;
#1878 = AXIS2_PLACEMENT_3D ( 'NONE', #519, #257, #1260 ) ;
#1879 = CARTESIAN_POINT ( 'NONE',  ( -11.75000000000001066, 0.000000000000000000, -7.113961030678630948 ) ) ;
#1880 = DIRECTION ( 'NONE',  ( 0.000000000000000000, 0.000000000000000000, -1.000000000000000000 ) ) ;
#1881 = VECTOR ( 'NONE', #2632, 999.9999999999998863 ) ;
#1882 = EDGE_CURVE ( 'NONE', #229, #319, #1799, .T. ) ;
#1883 = AXIS2_PLACEMENT_3D ( 'NONE', #3016, #1090, #396 ) ;
#1884 = VERTEX_POINT ( 'NONE', #840 ) ;
#1885 = AXIS2_PLACEMENT_3D ( 'NONE', #769, #968, #951 ) ;
#1886 = DIRECTION ( 'NONE',  ( -1.000000000000000000, 0.000000000000000000, 0.000000000000000000 ) ) ;
#1887 = ORIENTED_EDGE ( 'NONE', *, *, #3028, .T. ) ;
#1888 = CIRCLE ( 'NONE', #756, 0.5000000000000004441 ) ;
#1889 = DIRECTION ( 'NONE',  ( 1.000000000000000000, 0.000000000000000000, -1.084202172485504434E-16 ) ) ;
#1890 = DIRECTION ( 'NONE',  ( -0.000000000000000000, -1.000000000000000000, -0.000000000000000000 ) ) ;
#1891 = ORIENTED_EDGE ( 'NONE', *, *, #889, .T. ) ;
#1892 = PLANE ( 'NONE',  #2330 ) ;
#1893 = ADVANCED_FACE ( 'NONE', ( #1831 ), #1811, .F. ) ;
#1894 = PLANE ( 'NONE',  #2083 ) ;
#1895 = LINE ( 'NONE', #2851, #1417 ) ;
#1896 = CARTESIAN_POINT ( 'NONE',  ( 16.18694921853533586, 10.72486547856663464, 43.21270883588061196 ) ) ;
#1897 = FACE_OUTER_BOUND ( 'NONE', #1295, .T. ) ;
#1898 = LINE ( 'NONE', #3095, #309 ) ;
#1899 = ORIENTED_EDGE ( 'NONE', *, *, #2196, .T. ) ;
#1900 = FACE_OUTER_BOUND ( 'NONE', #2361, .T. ) ;
#1901 = LINE ( 'NONE', #1932, #2934 ) ;
#1902 = EDGE_CURVE ( 'NONE', #2031, #1111, #964, .T. ) ;
#1903 = ORIENTED_EDGE ( 'NONE', *, *, #1156, .T. ) ;
#1904 = CARTESIAN_POINT ( 'NONE',  ( -15.15816362845009735, 0.4785123125113777132, 42.38527373633375106 ) ) ;
#1905 = VECTOR ( 'NONE', #2103, 1000.000000000000000 ) ;
#1906 = ORIENTED_EDGE ( 'NONE', *, *, #439, .F. ) ;
#1907 = DIRECTION ( 'NONE',  ( -0.7071067811865516806, 0.000000000000000000, -0.7071067811865434649 ) ) ;
#1908 = VERTEX_POINT ( 'NONE', #1277 ) ;
#1909 = FACE_OUTER_BOUND ( 'NONE', #1068, .T. ) ;
#1910 = CARTESIAN_POINT ( 'NONE',  ( 17.12298334620740548, 2.999999999999999112, -43.75000000000000000 ) ) ;
#1911 = FACE_OUTER_BOUND ( 'NONE', #1446, .T. ) ;
#1912 = EDGE_CURVE ( 'NONE', #2637, #2910, #70, .T. ) ;
#1913 = ADVANCED_FACE ( 'NONE', ( #323 ), #1291, .F. ) ;
#1914 = ORIENTED_EDGE ( 'NONE', *, *, #690, .F. ) ;
#1915 = CARTESIAN_POINT ( 'NONE',  ( 13.25000000000000533, 0.000000000000000000, 40.74999999999999289 ) ) ;
#1916 = DIRECTION ( 'NONE',  ( -1.000000000000000000, 0.000000000000000000, 0.000000000000000000 ) ) ;
#1917 = AXIS2_PLACEMENT_3D ( 'NONE', #3046, #2383, #681 ) ;
#1918 = CIRCLE ( 'NONE', #351, 2.999999999999999112 ) ;
#1919 = ORIENTED_EDGE ( 'NONE', *, *, #28, .F. ) ;
#1920 = VECTOR ( 'NONE', #1877, 1000.000000000000000 ) ;
#1921 = CARTESIAN_POINT ( 'NONE',  ( 11.39644660940671628, 0.000000000000000000, 22.39644660940672338 ) ) ;
#1922 = CARTESIAN_POINT ( 'NONE',  ( 6.620370370370371127, 12.00000000000000000, -10.87962962962989089 ) ) ;
#1923 = ORIENTED_EDGE ( 'NONE', *, *, #1464, .T. ) ;
#1924 = DIRECTION ( 'NONE',  ( 0.000000000000000000, 1.000000000000000000, 0.000000000000000000 ) ) ;
#1925 = CARTESIAN_POINT ( 'NONE',  ( -0.1904478628200045320, 0.000000000000000000, -12.03359361332782207 ) ) ;
#1926 = FACE_OUTER_BOUND ( 'NONE', #1014, .T. ) ;
#1927 = AXIS2_PLACEMENT_3D ( 'NONE', #1583, #1765, #308 ) ;
#1928 = ORIENTED_EDGE ( 'NONE', *, *, #1543, .T. ) ;
#1929 = DIRECTION ( 'NONE',  ( 0.9311010850748041578, 0.000000000000000000, 0.3647612498231169731 ) ) ;
#1930 = AXIS2_PLACEMENT_3D ( 'NONE', #547, #1238, #2672 ) ;
#1931 = VECTOR ( 'NONE', #774, 1000.000000000000000 ) ;
#1932 = CARTESIAN_POINT ( 'NONE',  ( 0.8614924709795438451, 0.000000000000000000, -16.63850752902063590 ) ) ;
#1933 = EDGE_CURVE ( 'NONE', #1655, #2031, #2503, .T. ) ;
#1934 = EDGE_CURVE ( 'NONE', #2910, #2543, #3039, .T. ) ;
#1935 = ORIENTED_EDGE ( 'NONE', *, *, #2584, .T. ) ;
#1936 = FACE_OUTER_BOUND ( 'NONE', #1638, .T. ) ;
#1937 = EDGE_CURVE ( 'NONE', #174, #608, #923, .T. ) ;
#1938 = DIRECTION ( 'NONE',  ( -0.000000000000000000, -1.000000000000000000, -0.000000000000000000 ) ) ;
#1939 = DIRECTION ( 'NONE',  ( 0.000000000000000000, 0.000000000000000000, 1.000000000000000000 ) ) ;
#1940 = LINE ( 'NONE', #1026, #1309 ) ;
#1941 = CARTESIAN_POINT ( 'NONE',  ( 12.25000000000000355, 0.000000000000000000, -5.250000000000342837 ) ) ;
#1942 = EDGE_LOOP ( 'NONE', ( #100, #1251, #2927, #2243, #2849 ) ) ;
#1943 = LINE ( 'NONE', #2911, #51 ) ;
#1944 = CARTESIAN_POINT ( 'NONE',  ( 17.24999999999998934, 6.000000000000000000, -38.75000000000000000 ) ) ;
#1945 = ADVANCED_FACE ( 'NONE', ( #3045 ), #192, .T. ) ;
#1946 = DIRECTION ( 'NONE',  ( 0.000000000000000000, 0.000000000000000000, -1.000000000000000000 ) ) ;
#1947 = ORIENTED_EDGE ( 'NONE', *, *, #1873, .F. ) ;
#1948 = EDGE_CURVE ( 'NONE', #366, #3114, #1182, .T. ) ;
#1949 = CARTESIAN_POINT ( 'NONE',  ( -17.25000000000001776, 4.000000000000000000, 39.78077640640442780 ) ) ;
#1950 = ORIENTED_EDGE ( 'NONE', *, *, #1961, .T. ) ;
#1951 = LINE ( 'NONE', #2705, #958 ) ;
#1952 = DIRECTION ( 'NONE',  ( -1.586032892321652236E-16, -0.000000000000000000, -1.000000000000000000 ) ) ;
#1953 = CARTESIAN_POINT ( 'NONE',  ( -17.25000000000002487, 4.000000000000000000, -37.71922359359557220 ) ) ;
#1954 = ORIENTED_EDGE ( 'NONE', *, *, #1543, .F. ) ;
#1955 = CIRCLE ( 'NONE', #2767, 0.5000000000000004441 ) ;
#1956 = CYLINDRICAL_SURFACE ( 'NONE', #1425, 2.999999999999999112 ) ;
#1957 = ADVANCED_FACE ( 'NONE', ( #2612 ), #1894, .F. ) ;
#1958 = ORIENTED_EDGE ( 'NONE', *, *, #1218, .T. ) ;
#1959 = EDGE_CURVE ( 'NONE', #677, #1687, #640, .T. ) ;
#1960 = VECTOR ( 'NONE', #1421, 1000.000000000000000 ) ;
#1961 = EDGE_CURVE ( 'NONE', #2764, #2897, #391, .T. ) ;
#1962 = DIRECTION ( 'NONE',  ( -1.000000000000000000, -0.000000000000000000, -0.000000000000000000 ) ) ;
#1963 = CARTESIAN_POINT ( 'NONE',  ( -11.75000000000001066, 0.000000000000000000, -0.5428932188131913028 ) ) ;
#1964 = DIRECTION ( 'NONE',  ( 0.000000000000000000, 0.000000000000000000, 1.000000000000000000 ) ) ;
#1965 = ORIENTED_EDGE ( 'NONE', *, *, #2623, .T. ) ;
#1966 = CARTESIAN_POINT ( 'NONE',  ( 14.24999999999999822, 9.953559637317594522, 37.91172824960729315 ) ) ;
#1967 = DIRECTION ( 'NONE',  ( 0.000000000000000000, 1.000000000000000000, 0.000000000000000000 ) ) ;
#1968 = AXIS2_PLACEMENT_3D ( 'NONE', #1447, #2190, #2663 ) ;
#1969 = DIRECTION ( 'NONE',  ( -0.000000000000000000, -1.000000000000000000, 0.000000000000000000 ) ) ;
#1970 = ORIENTED_EDGE ( 'NONE', *, *, #341, .F. ) ;
#1971 = VECTOR ( 'NONE', #1443, 999.9999999999998863 ) ;
#1972 = CARTESIAN_POINT ( 'NONE',  ( 14.24999999999999467, 6.000000000000000000, 41.00000000000000711 ) ) ;
#1973 = FACE_OUTER_BOUND ( 'NONE', #2500, .T. ) ;
#1974 = AXIS2_PLACEMENT_3D ( 'NONE', #2398, #224, #2884 ) ;
#1975 = ORIENTED_EDGE ( 'NONE', *, *, #2462, .T. ) ;
#1976 = EDGE_LOOP ( 'NONE', ( #1297, #652, #1928, #286 ) ) ;
#1977 = LINE ( 'NONE', #1992, #1710 ) ;
#1978 = LINE ( 'NONE', #1688, #2341 ) ;
#1979 = CARTESIAN_POINT ( 'NONE',  ( -15.34183614223780623, 11.41611572849369161, 42.53822331036374749 ) ) ;
#1980 = PLANE ( 'NONE',  #2636 ) ;
#1981 = EDGE_CURVE ( 'NONE', #1687, #2053, #2988, .T. ) ;
#1982 = ORIENTED_EDGE ( 'NONE', *, *, #1180, .T. ) ;
#1983 = CYLINDRICAL_SURFACE ( 'NONE', #204, 2.250000000000001776 ) ;
#1984 = CARTESIAN_POINT ( 'NONE',  ( -12.25000000000001066, 0.000000000000000000, -6.906854249492081266 ) ) ;
#1985 = DIRECTION ( 'NONE',  ( 0.000000000000000000, 0.000000000000000000, 1.000000000000000000 ) ) ;
#1986 = ORIENTED_EDGE ( 'NONE', *, *, #1547, .T. ) ;
#1987 = ADVANCED_FACE ( 'NONE', ( #2115 ), #449, .F. ) ;
#1988 = DIRECTION ( 'NONE',  ( 0.9311010850748042689, 0.000000000000000000, 0.3647612498231169176 ) ) ;
#1989 = DIRECTION ( 'NONE',  ( -0.3647612498231172506, 0.000000000000000000, 0.9311010850748040468 ) ) ;
#1990 = ORIENTED_EDGE ( 'NONE', *, *, #2025, .F. ) ;
#1991 = VERTEX_POINT ( 'NONE', #1850 ) ;
#1992 = CARTESIAN_POINT ( 'NONE',  ( 10.08994279943170902, 12.00000000000000000, 14.22598176875283649 ) ) ;
#1993 = CARTESIAN_POINT ( 'NONE',  ( -17.25000000000001421, 12.00000000000000000, -43.75000000000000000 ) ) ;
#1994 = DIRECTION ( 'NONE',  ( 0.000000000000000000, -1.000000000000000000, 0.000000000000000000 ) ) ;
#1995 = FACE_OUTER_BOUND ( 'NONE', #1942, .T. ) ;
#1996 = ORIENTED_EDGE ( 'NONE', *, *, #1623, .T. ) ;
#1997 = FACE_OUTER_BOUND ( 'NONE', #1023, .T. ) ;
#1998 = CARTESIAN_POINT ( 'NONE',  ( -17.25000000000001776, 4.000000000000000000, 39.78077640640442780 ) ) ;
#1999 = ORIENTED_EDGE ( 'NONE', *, *, #1660, .F. ) ;
#2000 = EDGE_CURVE ( 'NONE', #537, #164, #917, .T. ) ;
#2001 = CARTESIAN_POINT ( 'NONE',  ( 17.24999999999998934, 4.000000000000000000, -39.78077640640442070 ) ) ;
#2002 = ORIENTED_EDGE ( 'NONE', *, *, #1320, .F. ) ;
#2003 = DIRECTION ( 'NONE',  ( -0.7071067811865422437, 0.000000000000000000, 0.7071067811865529018 ) ) ;
#2004 = EDGE_CURVE ( 'NONE', #2055, #2637, #2432, .T. ) ;
#2005 = CARTESIAN_POINT ( 'NONE',  ( -6.017125088940569633, 0.000000000000000000, 22.75000000000000000 ) ) ;
#2006 = VECTOR ( 'NONE', #1065, 1000.000000000000000 ) ;
#2007 = ORIENTED_EDGE ( 'NONE', *, *, #12, .F. ) ;
#2008 = AXIS2_PLACEMENT_3D ( 'NONE', #1625, #1851, #2100 ) ;
#2009 = ORIENTED_EDGE ( 'NONE', *, *, #1200, .T. ) ;
#2010 = CARTESIAN_POINT ( 'NONE',  ( 17.18778494058681261, 8.702744449773719637, 41.75474720609749113 ) ) ;
#2011 = CARTESIAN_POINT ( 'NONE',  ( -17.25000000000000000, 12.00000000000000000, 43.75000000000000000 ) ) ;
#2012 = CARTESIAN_POINT ( 'NONE',  ( 9.589942799431709020, 12.00000000000000000, 14.22598176875283649 ) ) ;
#2013 = CYLINDRICAL_SURFACE ( 'NONE', #62, 0.5000000000000004441 ) ;
#2014 = ORIENTED_EDGE ( 'NONE', *, *, #828, .T. ) ;
#2015 = DIRECTION ( 'NONE',  ( -0.000000000000000000, 1.000000000000000000, -0.000000000000000000 ) ) ;
#2016 = ORIENTED_EDGE ( 'NONE', *, *, #779, .F. ) ;
#2017 = DIRECTION ( 'NONE',  ( 1.000000000000000000, 0.000000000000000000, 0.000000000000000000 ) ) ;
#2018 = VECTOR ( 'NONE', #556, 1000.000000000000000 ) ;
#2019 = ORIENTED_EDGE ( 'NONE', *, *, #2642, .T. ) ;
#2020 = ADVANCED_FACE ( 'NONE', ( #2368 ), #3102, .F. ) ;
#2021 = EDGE_CURVE ( 'NONE', #2981, #1483, #935, .T. ) ;
#2022 = VECTOR ( 'NONE', #525, 1000.000000000000000 ) ;
#2023 = CARTESIAN_POINT ( 'NONE',  ( -11.04289321881345565, 0.000000000000000000, -29.25000000000000000 ) ) ;
#2024 =( GEOMETRIC_REPRESENTATION_CONTEXT ( 3 ) GLOBAL_UNCERTAINTY_ASSIGNED_CONTEXT ( ( #1700 ) ) GLOBAL_UNIT_ASSIGNED_CONTEXT ( ( #2038, #939, #437 ) ) REPRESENTATION_CONTEXT ( 'NONE', 'WORKASPACE' ) );
#2025 = EDGE_CURVE ( 'NONE', #2476, #777, #1640, .T. ) ;
#2026 = CYLINDRICAL_SURFACE ( 'NONE', #47, 0.5000000000000000000 ) ;
#2027 = AXIS2_PLACEMENT_3D ( 'NONE', #2604, #199, #1170 ) ;
#2028 = VECTOR ( 'NONE', #1147, 999.9999999999998863 ) ;
#2029 = ORIENTED_EDGE ( 'NONE', *, *, #1457, .F. ) ;
#2030 = AXIS2_PLACEMENT_3D ( 'NONE', #2783, #1616, #1353 ) ;
#2031 = VERTEX_POINT ( 'NONE', #2080 ) ;
#2032 = CARTESIAN_POINT ( 'NONE',  ( -11.75000000000001243, 0.000000000000000000, -22.88603896932110970 ) ) ;
#2033 = CARTESIAN_POINT ( 'NONE',  ( -12.25000000000001421, 12.00000000000000000, -29.75000000000000000 ) ) ;
#2034 = DIRECTION ( 'NONE',  ( -1.000000000000000000, 0.000000000000000000, 0.000000000000000000 ) ) ;
#2035 = CARTESIAN_POINT ( 'NONE',  ( -13.25000000000001599, 0.000000000000000000, -40.74999999999999289 ) ) ;
#2036 = EDGE_LOOP ( 'NONE', ( #2867, #246 ) ) ;
#2037 = DIRECTION ( 'NONE',  ( 1.982541115402065110E-16, -0.000000000000000000, 1.000000000000000000 ) ) ;
#2038 =( LENGTH_UNIT ( ) NAMED_UNIT ( * ) SI_UNIT ( .MILLI., .METRE. ) );
#2039 = ORIENTED_EDGE ( 'NONE', *, *, #838, .T. ) ;
#2040 = DIRECTION ( 'NONE',  ( 0.000000000000000000, -0.9782523089410957162, 0.2074184660328366459 ) ) ;
#2041 = VERTEX_POINT ( 'NONE', #1132 ) ;
#2042 = FACE_OUTER_BOUND ( 'NONE', #3087, .T. ) ;
#2043 = ORIENTED_EDGE ( 'NONE', *, *, #1934, .T. ) ;
#2044 = EDGE_CURVE ( 'NONE', #2494, #2750, #695, .T. ) ;
#2045 = ORIENTED_EDGE ( 'NONE', *, *, #1028, .T. ) ;
#2046 = CARTESIAN_POINT ( 'NONE',  ( 17.24999999999999645, 4.000000000000000000, 41.76012076211348045 ) ) ;
#2047 = CARTESIAN_POINT ( 'NONE',  ( 11.04289321881344499, 12.00000000000000000, 23.25000000000000000 ) ) ;
#2048 = FACE_OUTER_BOUND ( 'NONE', #2297, .T. ) ;
#2049 = CARTESIAN_POINT ( 'NONE',  ( 17.24761604952912109, 3.855658575573256197, -38.04577159651993412 ) ) ;
#2050 = EDGE_LOOP ( 'NONE', ( #1986, #2201, #1161, #1219, #2838, #473, #626 ) ) ;
#2051 = DIRECTION ( 'NONE',  ( 0.000000000000000000, -1.000000000000000000, 0.000000000000000000 ) ) ;
#2052 = DIRECTION ( 'NONE',  ( 0.7071067811865527908, 0.000000000000000000, 0.7071067811865422437 ) ) ;
#2053 = VERTEX_POINT ( 'NONE', #181 ) ;
#2054 = CARTESIAN_POINT ( 'NONE',  ( 16.80689123325211298, 2.165763261676114215, -43.63405971970198038 ) ) ;
#2055 = VERTEX_POINT ( 'NONE', #906 ) ;
#2056 = CARTESIAN_POINT ( 'NONE',  ( -16.96959296918651106, 2.507276030693620150, -43.71853955493838129 ) ) ;
#2057 = ORIENTED_EDGE ( 'NONE', *, *, #148, .F. ) ;
#2058 = ORIENTED_EDGE ( 'NONE', *, *, #2193, .T. ) ;
#2059 = CARTESIAN_POINT ( 'NONE',  ( 9.943496190024982084, 12.00000000000000000, -1.899649560482989274 ) ) ;
#2060 = ADVANCED_FACE ( 'NONE', ( #2836 ), #2600, .F. ) ;
#2061 = CARTESIAN_POINT ( 'NONE',  ( -6.750000000000023093, 0.000000000000000000, 23.25000000000000000 ) ) ;
#2062 = FACE_OUTER_BOUND ( 'NONE', #491, .T. ) ;
#2063 = LINE ( 'NONE', #3047, #3041 ) ;
#2064 = EDGE_CURVE ( 'NONE', #2557, #1540, #948, .T. ) ;
#2065 = AXIS2_PLACEMENT_3D ( 'NONE', #1673, #1713, #2158 ) ;
#2066 = ORIENTED_EDGE ( 'NONE', *, *, #2395, .F. ) ;
#2067 = DIRECTION ( 'NONE',  ( 1.000000000000000000, -0.000000000000000000, 0.000000000000000000 ) ) ;
#2068 = VECTOR ( 'NONE', #804, 1000.000000000000000 ) ;
#2069 = DIRECTION ( 'NONE',  ( 1.982541115402065110E-16, -0.000000000000000000, 1.000000000000000000 ) ) ;
#2070 = EDGE_LOOP ( 'NONE', ( #632, #2847, #1950, #1935 ) ) ;
#2071 = DIRECTION ( 'NONE',  ( -0.000000000000000000, -0.000000000000000000, 1.000000000000000000 ) ) ;
#2072 = VECTOR ( 'NONE', #2553, 1000.000000000000000 ) ;
#2073 = EDGE_LOOP ( 'NONE', ( #2574, #884, #902, #2288 ) ) ;
#2074 = DIRECTION ( 'NONE',  ( -1.982541115402065110E-16, 0.000000000000000000, -1.000000000000000000 ) ) ;
#2075 = ADVANCED_FACE ( 'NONE', ( #2954 ), #1503, .F. ) ;
#2076 = ORIENTED_EDGE ( 'NONE', *, *, #922, .F. ) ;
#2077 = ORIENTED_EDGE ( 'NONE', *, *, #149, .T. ) ;
#2078 = DIRECTION ( 'NONE',  ( 1.000000000000000000, -0.000000000000000000, -1.169476500658521966E-16 ) ) ;
#2079 = VECTOR ( 'NONE', #973, 999.9999999999998863 ) ;
#2080 = CARTESIAN_POINT ( 'NONE',  ( -17.12298334620743390, 2.999999999999999112, -43.75000000000000000 ) ) ;
#2081 = LINE ( 'NONE', #2567, #1416 ) ;
#2082 = DIRECTION ( 'NONE',  ( 0.000000000000000000, 0.000000000000000000, -1.000000000000000000 ) ) ;
#2083 = AXIS2_PLACEMENT_3D ( 'NONE', #2099, #877, #1358 ) ;
#2084 = ORIENTED_EDGE ( 'NONE', *, *, #2712, .T. ) ;
#2085 = DIRECTION ( 'NONE',  ( -0.000000000000000000, -1.000000000000000000, -0.000000000000000000 ) ) ;
#2086 = VECTOR ( 'NONE', #807, 1000.000000000000114 ) ;
#2087 = DIRECTION ( 'NONE',  ( 1.000000000000000000, 0.000000000000000000, -1.586032892321652236E-16 ) ) ;
#2088 = DIRECTION ( 'NONE',  ( -0.000000000000000000, 0.000000000000000000, -1.000000000000000000 ) ) ;
#2089 = LINE ( 'NONE', #1351, #2483 ) ;
#2090 = EDGE_CURVE ( 'NONE', #2041, #1000, #2459, .T. ) ;
#2091 = AXIS2_PLACEMENT_3D ( 'NONE', #1536, #522, #2444 ) ;
#2092 = ORIENTED_EDGE ( 'NONE', *, *, #2812, .T. ) ;
#2093 = CARTESIAN_POINT ( 'NONE',  ( -16.80689123325213075, 9.834236738323884452, -43.63405971970199460 ) ) ;
#2094 = FACE_OUTER_BOUND ( 'NONE', #2532, .T. ) ;
#2095 = EDGE_CURVE ( 'NONE', #1908, #829, #1243, .T. ) ;
#2096 = ORIENTED_EDGE ( 'NONE', *, *, #422, .T. ) ;
#2097 = EDGE_LOOP ( 'NONE', ( #3022, #2014, #133, #468, #2496 ) ) ;
#2098 = CARTESIAN_POINT ( 'NONE',  ( -12.10355339059328372, 12.00000000000000000, -6.760407640085355219 ) ) ;
#2099 = CARTESIAN_POINT ( 'NONE',  ( -6.620370370370388002, 0.000000000000000000, 4.379629629629827825 ) ) ;
#2100 = DIRECTION ( 'NONE',  ( 0.000000000000000000, 0.000000000000000000, 1.000000000000000000 ) ) ;
#2101 = DIRECTION ( 'NONE',  ( 1.000000000000000000, 0.000000000000000000, 0.000000000000000000 ) ) ;
#2102 = CARTESIAN_POINT ( 'NONE',  ( 10.08994279943171080, 12.00000000000000000, -1.753202951076261673 ) ) ;
#2103 = DIRECTION ( 'NONE',  ( 0.000000000000000000, 1.000000000000000000, 0.000000000000000000 ) ) ;
#2104 = DIRECTION ( 'NONE',  ( 0.000000000000000000, 0.000000000000000000, 1.000000000000000000 ) ) ;
#2105 = VERTEX_POINT ( 'NONE', #1020 ) ;
#2106 = CARTESIAN_POINT ( 'NONE',  ( 17.12298334620742324, 2.999999999999999112, 43.75000000000000000 ) ) ;
#2107 = EDGE_CURVE ( 'NONE', #890, #2862, #2224, .T. ) ;
#2108 = CARTESIAN_POINT ( 'NONE',  ( -16.55359945267359478, 1.741569190706604875, -43.47544904124091403 ) ) ;
#2109 = EDGE_CURVE ( 'NONE', #1479, #1341, #65, .T. ) ;
#2110 = CARTESIAN_POINT ( 'NONE',  ( -17.25000000000001776, 6.000000000000000000, 38.75000000000000711 ) ) ;
#2111 = VERTEX_POINT ( 'NONE', #467 ) ;
#2112 = ADVANCED_FACE ( 'NONE', ( #481 ), #43, .F. ) ;
#2113 = ORIENTED_EDGE ( 'NONE', *, *, #690, .T. ) ;
#2114 = DIRECTION ( 'NONE',  ( 1.000000000000000000, -0.000000000000000000, -1.169476500658521966E-16 ) ) ;
#2115 = FACE_OUTER_BOUND ( 'NONE', #831, .T. ) ;
#2116 = CARTESIAN_POINT ( 'NONE',  ( 11.75000000000000355, 12.00000000000000000, -6.457106781186878308 ) ) ;
#2117 = CARTESIAN_POINT ( 'NONE',  ( 15.34183614223779024, 11.41611572849368983, -42.53822331036373328 ) ) ;
#2118 = EDGE_LOOP ( 'NONE', ( #1999, #1403, #2551, #292, #2222 ) ) ;
#2119 = AXIS2_PLACEMENT_3D ( 'NONE', #2308, #2773, #1800 ) ;
#2120 = CARTESIAN_POINT ( 'NONE',  ( -1.215045861572832786, 0.000000000000000000, 9.992060919613866332 ) ) ;
#2121 = VERTEX_POINT ( 'NONE', #1972 ) ;
#2122 = CARTESIAN_POINT ( 'NONE',  ( -16.96959027141525667, 9.492731336310621160, -43.71853860337450470 ) ) ;
#2123 = CARTESIAN_POINT ( 'NONE',  ( 5.214876645977557068, 0.000000000000000000, -5.921162323343799549 ) ) ;
#2124 = LINE ( 'NONE', #2608, #2518 ) ;
#2125 = VERTEX_POINT ( 'NONE', #778 ) ;
#2126 = CARTESIAN_POINT ( 'NONE',  ( -12.25000000000001066, 12.00000000000000000, -6.906854249492081266 ) ) ;
#2127 = CARTESIAN_POINT ( 'NONE',  ( -6.750000000000023093, 0.000000000000000000, 23.25000000000000000 ) ) ;
#2128 = DIRECTION ( 'NONE',  ( -0.000000000000000000, 1.000000000000000000, 0.000000000000000000 ) ) ;
#2129 = AXIS2_PLACEMENT_3D ( 'NONE', #1534, #1312, #2312 ) ;
#2130 = EDGE_CURVE ( 'NONE', #1540, #82, #2677, .T. ) ;
#2131 = VERTEX_POINT ( 'NONE', #80 ) ;
#2132 = VECTOR ( 'NONE', #754, 1000.000000000000000 ) ;
#2133 = CYLINDRICAL_SURFACE ( 'NONE', #750, 4.000000000000000000 ) ;
#2134 = ORIENTED_EDGE ( 'NONE', *, *, #482, .T. ) ;
#2135 = CARTESIAN_POINT ( 'NONE',  ( 16.18696844167992310, 1.275155465909056263, 43.21272331817511514 ) ) ;
#2136 = DIRECTION ( 'NONE',  ( -0.3647612498231173062, -0.000000000000000000, 0.9311010850748040468 ) ) ;
#2137 = AXIS2_PLACEMENT_3D ( 'NONE', #2221, #974, #987 ) ;
#2138 = ORIENTED_EDGE ( 'NONE', *, *, #1078, .T. ) ;
#2139 = EDGE_CURVE ( 'NONE', #1171, #1409, #764, .T. ) ;
#2140 = ORIENTED_EDGE ( 'NONE', *, *, #775, .T. ) ;
#2141 = DIRECTION ( 'NONE',  ( 1.000000000000000000, -0.000000000000000000, 0.000000000000000000 ) ) ;
#2142 = CARTESIAN_POINT ( 'NONE',  ( 0.000000000000000000, 0.000000000000000000, 0.000000000000000000 ) ) ;
#2143 = ORIENTED_EDGE ( 'NONE', *, *, #534, .T. ) ;
#2144 = VERTEX_POINT ( 'NONE', #1246 ) ;
#2145 = LINE ( 'NONE', #3107, #2225 ) ;
#2146 = ORIENTED_EDGE ( 'NONE', *, *, #2855, .T. ) ;
#2147 = DIRECTION ( 'NONE',  ( 0.000000000000000000, 1.000000000000000000, 0.000000000000000000 ) ) ;
#2148 = CARTESIAN_POINT ( 'NONE',  ( -4.749999999999995559, 12.00000000000000000, 27.25000000000000000 ) ) ;
#2149 = EDGE_LOOP ( 'NONE', ( #1166, #767, #1532, #2134, #299, #2892, #781, #582, #741 ) ) ;
#2150 = DIRECTION ( 'NONE',  ( 0.000000000000000000, 0.000000000000000000, -1.000000000000000000 ) ) ;
#2151 = EDGE_LOOP ( 'NONE', ( #942, #542, #2684, #1537 ) ) ;
#2152 = CYLINDRICAL_SURFACE ( 'NONE', #1478, 0.5000000000000004441 ) ;
#2153 = APPLICATION_PROTOCOL_DEFINITION ( 'draft international standard', 'automotive_design', 1998, #2478 ) ;
#2154 = ORIENTED_EDGE ( 'NONE', *, *, #2342, .T. ) ;
#2155 = CARTESIAN_POINT ( 'NONE',  ( 14.24999999999999822, 3.297255550226283471, 35.74525279390251598 ) ) ;
#2156 = ADVANCED_FACE ( 'NONE', ( #1519 ), #2479, .F. ) ;
#2157 = CARTESIAN_POINT ( 'NONE',  ( -17.24761604952914951, 8.144341424426745135, -38.04577159651993412 ) ) ;
#2158 = DIRECTION ( 'NONE',  ( -0.3647612498231171951, 0.000000000000000000, 0.9311010850748041578 ) ) ;
#2159 = DIRECTION ( 'NONE',  ( 1.009364629870440322E-16, 0.000000000000000000, 1.000000000000000000 ) ) ;
#2160 = ADVANCED_FACE ( 'NONE', ( #2987 ), #1453, .F. ) ;
#2161 = ORIENTED_EDGE ( 'NONE', *, *, #173, .T. ) ;
#2162 = CARTESIAN_POINT ( 'NONE',  ( -11.75000000000001066, 12.00000000000000000, -0.04289321881319131669 ) ) ;
#2163 = VECTOR ( 'NONE', #1237, 1000.000000000000000 ) ;
#2164 = CYLINDRICAL_SURFACE ( 'NONE', #1074, 0.4999999999999995559 ) ;
#2165 = VECTOR ( 'NONE', #4, 1000.000000000000114 ) ;
#2166 = ORIENTED_EDGE ( 'NONE', *, *, #886, .T. ) ;
#2167 = CARTESIAN_POINT ( 'NONE',  ( -16.34252357285149060, 1.451781842371164588, 43.32874079318900584 ) ) ;
#2168 = ORIENTED_EDGE ( 'NONE', *, *, #349, .T. ) ;
#2169 = DIRECTION ( 'NONE',  ( 0.000000000000000000, 0.000000000000000000, 1.000000000000000000 ) ) ;
#2170 =( BOUNDED_CURVE ( )  B_SPLINE_CURVE ( 3, ( #529, #3119, #1728, #1465 ),
 .UNSPECIFIED., .F., .T. ) 
 B_SPLINE_CURVE_WITH_KNOTS ( ( 4, 4 ),
 ( 4.712388980384689674, 5.222632667903310377 ),
 .UNSPECIFIED. ) 
 CURVE ( )  GEOMETRIC_REPRESENTATION_ITEM ( )  RATIONAL_B_SPLINE_CURVE ( ( 1.000000000000000000, 0.9784217026512518345, 0.9784217026512518345, 1.000000000000000000 ) ) 
 REPRESENTATION_ITEM ( '' )  );
#2171 = CARTESIAN_POINT ( 'NONE',  ( -17.24217666697166251, 8.250050919413645545, -38.92688545689204460 ) ) ;
#2172 = DIRECTION ( 'NONE',  ( -1.000000000000000000, -0.000000000000000000, 0.000000000000000000 ) ) ;
#2173 = CARTESIAN_POINT ( 'NONE',  ( -17.25000000000000000, 4.000000000000000000, 43.75000000000000000 ) ) ;
#2174 = ORIENTED_EDGE ( 'NONE', *, *, #1844, .F. ) ;
#2175 = CARTESIAN_POINT ( 'NONE',  ( -17.24760696713127928, 3.855361662864757566, -38.04634885399124755 ) ) ;
#2176 = VECTOR ( 'NONE', #786, 1000.000000000000000 ) ;
#2177 = VECTOR ( 'NONE', #744, 999.9999999999998863 ) ;
#2178 = FACE_OUTER_BOUND ( 'NONE', #788, .T. ) ;
#2179 = CYLINDRICAL_SURFACE ( 'NONE', #2640, 2.999999999999999112 ) ;
#2180 = CIRCLE ( 'NONE', #1221, 2.999999999999999112 ) ;
#2181 = AXIS2_PLACEMENT_3D ( 'NONE', #2566, #654, #434 ) ;
#2182 = ORIENTED_EDGE ( 'NONE', *, *, #1604, .T. ) ;
#2183 = VECTOR ( 'NONE', #455, 1000.000000000000000 ) ;
#2184 = PLANE ( 'NONE',  #2877 ) ;
#2185 = ORIENTED_EDGE ( 'NONE', *, *, #2642, .F. ) ;
#2186 = CARTESIAN_POINT ( 'NONE',  ( -17.25000000000002132, 8.082470568895434582, -37.87924000138882263 ) ) ;
#2187 = CARTESIAN_POINT ( 'NONE',  ( -16.34253954721770796, 10.54819846267468897, 43.32875237913440003 ) ) ;
#2188 = CARTESIAN_POINT ( 'NONE',  ( -0.7753287817670861948, 0.000000000000000000, -11.91136775108835266 ) ) ;
#2189 = VERTEX_POINT ( 'NONE', #1441 ) ;
#2190 = DIRECTION ( 'NONE',  ( -0.000000000000000000, -1.000000000000000000, -0.000000000000000000 ) ) ;
#2191 = CARTESIAN_POINT ( 'NONE',  ( -1.215045861572832786, 0.000000000000000000, 10.49206091961386633 ) ) ;
#2192 = LINE ( 'NONE', #1035, #1015 ) ;
#2193 = EDGE_CURVE ( 'NONE', #1564, #1369, #464, .T. ) ;
#2194 = ADVANCED_FACE ( 'NONE', ( #1196 ), #2152, .F. ) ;
#2195 = CARTESIAN_POINT ( 'NONE',  ( -13.44426994489838734, -4.260575724689129719E-16, 40.91824266741915750 ) ) ;
#2196 = EDGE_CURVE ( 'NONE', #526, #1350, #1784, .T. ) ;
#2197 = CARTESIAN_POINT ( 'NONE',  ( 12.25000000000000355, 12.00000000000000000, -6.457106781186878308 ) ) ;
#2198 = CARTESIAN_POINT ( 'NONE',  ( -1.215045861572832786, 0.000000000000000000, 9.992060919613866332 ) ) ;
#2199 = DIRECTION ( 'NONE',  ( 0.000000000000000000, 1.000000000000000000, 0.000000000000000000 ) ) ;
#2200 = B_SPLINE_CURVE_WITH_KNOTS ( 'NONE', 3,
 ( #1915, #2873, #1635, #2860, #1430, #201, #2828, #2595, #1663, #2135, #3081, #2619, #2607, #2390, #1385, #2349, #454, #2106 ),
 .UNSPECIFIED., .F., .F.,
 ( 4, 2, 2, 2, 2, 2, 2, 2, 4 ),
 ( -1.264911580359059752E-05, 0.001540938485617775753, 0.002317732286328458638, 0.003094526087039142174, 0.003871319887749825276, 0.004648113688460507945, 0.005036510588815847761, 0.005424907489171184975, 0.006201701289881870680 ),
 .UNSPECIFIED. ) ;
#2201 = ORIENTED_EDGE ( 'NONE', *, *, #458, .T. ) ;
#2202 = CARTESIAN_POINT ( 'NONE',  ( -17.25000000000002487, 4.000000000000000000, -37.71922359359557220 ) ) ;
#2203 = CARTESIAN_POINT ( 'NONE',  ( 17.25000000000000355, 12.00000000000000000, 43.75000000000000000 ) ) ;
#2204 = CARTESIAN_POINT ( 'NONE',  ( -17.25000000000001421, 12.00000000000000000, -43.75000000000000000 ) ) ;
#2205 = ORIENTED_EDGE ( 'NONE', *, *, #1340, .T. ) ;
#2206 = DIRECTION ( 'NONE',  ( -0.000000000000000000, -1.000000000000000000, -0.000000000000000000 ) ) ;
#2207 = VECTOR ( 'NONE', #3092, 1000.000000000000114 ) ;
#2208 = ADVANCED_FACE ( 'NONE', ( #2042 ), #2799, .F. ) ;
#2209 = CARTESIAN_POINT ( 'NONE',  ( -0.8614924709795610536, 0.000000000000000000, 10.13850752902058794 ) ) ;
#2210 = VERTEX_POINT ( 'NONE', #834 ) ;
#2211 = ORIENTED_EDGE ( 'NONE', *, *, #1912, .F. ) ;
#2212 = DIRECTION ( 'NONE',  ( 0.000000000000000000, 1.000000000000000000, 0.000000000000000000 ) ) ;
#2213 = CARTESIAN_POINT ( 'NONE',  ( 1.215045861572812802, 0.000000000000000000, -16.99206091961391252 ) ) ;
#2214 = DIRECTION ( 'NONE',  ( 1.586032892321652236E-16, -0.000000000000000000, 1.000000000000000000 ) ) ;
#2215 = CARTESIAN_POINT ( 'NONE',  ( 17.07642183750528631, 9.353358546904782855, 37.24446111317286068 ) ) ;
#2216 = EDGE_CURVE ( 'NONE', #1122, #1845, #1888, .T. ) ;
#2217 = ORIENTED_EDGE ( 'NONE', *, *, #822, .T. ) ;
#2218 = CARTESIAN_POINT ( 'NONE',  ( -14.22229988326888339, 11.88507978986677394, -41.59020306042194903 ) ) ;
#2219 = CYLINDRICAL_SURFACE ( 'NONE', #864, 2.250000000000001776 ) ;
#2220 = CIRCLE ( 'NONE', #2474, 0.5000000000000000000 ) ;
#2221 = CARTESIAN_POINT ( 'NONE',  ( -17.25000000000001776, 6.000000000000000000, 38.75000000000000711 ) ) ;
#2222 = ORIENTED_EDGE ( 'NONE', *, *, #1642, .F. ) ;
#2223 = CIRCLE ( 'NONE', #363, 0.5000000000000004441 ) ;
#2224 = LINE ( 'NONE', #1922, #2834 ) ;
#2225 = VECTOR ( 'NONE', #3122, 1000.000000000000000 ) ;
#2226 = AXIS2_PLACEMENT_3D ( 'NONE', #1038, #1988, #1001 ) ;
#2227 = B_SPLINE_CURVE_WITH_KNOTS ( 'NONE', 3,
 ( #2488, #2235, #374, #2307, #1025, #85, #120, #357, #104, #1327 ),
 .UNSPECIFIED., .F., .F.,
 ( 4, 2, 2, 2, 4 ),
 ( 0.000000000000000000, 0.0005323771605743163240, 0.001064754321148632648, 0.001597131481722948972, 0.002129508642297265296 ),
 .UNSPECIFIED. ) ;
#2229 = CARTESIAN_POINT ( 'NONE',  ( 16.95877843012566899, 9.563556664155491660, 39.10997786623735095 ) ) ;
#2228 = AXIS2_PLACEMENT_3D ( 'NONE', #376, #1360, #2792 ) ;
#2230 = EDGE_LOOP ( 'NONE', ( #2351, #1073, #2735, #234 ) ) ;
#2231 = CIRCLE ( 'NONE', #2839, 0.5000000000000000000 ) ;
#2232 = VERTEX_POINT ( 'NONE', #2281 ) ;
#2233 = DIRECTION ( 'NONE',  ( 0.000000000000000000, -0.3094964936721114057, 0.9509005838701901636 ) ) ;
#2234 = EDGE_CURVE ( 'NONE', #660, #965, #887, .T. ) ;
#2235 = CARTESIAN_POINT ( 'NONE',  ( 17.24999999999998579, 8.082470568895434582, -39.62075999861117026 ) ) ;
#2236 = DIRECTION ( 'NONE',  ( -3.469446951953611033E-15, 0.000000000000000000, 1.000000000000000000 ) ) ;
#2237 = LINE ( 'NONE', #993, #2588 ) ;
#2238 = VERTEX_POINT ( 'NONE', #2748 ) ;
#2239 = CARTESIAN_POINT ( 'NONE',  ( 17.24999999999999645, 7.250815187543865115, 34.90698104350980913 ) ) ;
#2240 = EDGE_LOOP ( 'NONE', ( #2669, #2645, #1848, #564, #729, #1958, #1982 ) ) ;
#2241 = CARTESIAN_POINT ( 'NONE',  ( -11.75000000000001066, 0.000000000000000000, -0.04289321881319131669 ) ) ;
#2242 = ADVANCED_FACE ( 'NONE', ( #2094 ), #1807, .F. ) ;
#2243 = ORIENTED_EDGE ( 'NONE', *, *, #538, .T. ) ;
#2244 = CARTESIAN_POINT ( 'NONE',  ( -11.04289321881345565, 0.000000000000000000, -29.75000000000000000 ) ) ;
#2245 = DIRECTION ( 'NONE',  ( 0.000000000000000000, 1.000000000000000000, 0.000000000000000000 ) ) ;
#2246 = ORIENTED_EDGE ( 'NONE', *, *, #1504, .T. ) ;
#2247 = VERTEX_POINT ( 'NONE', #2765 ) ;
#2248 = DIRECTION ( 'NONE',  ( 0.000000000000000000, 0.000000000000000000, 1.000000000000000000 ) ) ;
#2249 = B_SPLINE_CURVE_WITH_KNOTS ( 'NONE', 3,
 ( #1689, #1012, #2452, #2424, #2908, #2900, #1979, #982, #284, #253, #2187, #1729, #34, #701, #3120, #2659, #1455, #496 ),
 .UNSPECIFIED., .F., .F.,
 ( 4, 2, 2, 2, 2, 2, 2, 2, 4 ),
 ( -1.264911580359762451E-05, 0.001540938485617764043, 0.002317732286328444760, 0.003094526087039125694, 0.003871319887749806194, 0.004648113688460487128, 0.005036510588815832148, 0.005424907489171178036, 0.006201701289881863741 ),
 .UNSPECIFIED. ) ;
#2250 = DIRECTION ( 'NONE',  ( -1.000000000000000000, 0.000000000000000000, -0.000000000000000000 ) ) ;
#2251 = CARTESIAN_POINT ( 'NONE',  ( -12.25000000000001243, 0.000000000000000000, -22.88603896932110970 ) ) ;
#2252 = CARTESIAN_POINT ( 'NONE',  ( 12.25000000000000355, 0.000000000000000000, -22.60292456913803250 ) ) ;
#2253 = EDGE_CURVE ( 'NONE', #1409, #2779, #417, .T. ) ;
#2254 = ORIENTED_EDGE ( 'NONE', *, *, #1981, .F. ) ;
#2255 = CARTESIAN_POINT ( 'NONE',  ( 0.8614924709795455104, 12.00000000000000000, -16.63850752902063590 ) ) ;
#2256 = VECTOR ( 'NONE', #2387, 1000.000000000000000 ) ;
#2257 = LINE ( 'NONE', #846, #2729 ) ;
#2258 = VERTEX_POINT ( 'NONE', #1367 ) ;
#2259 = CARTESIAN_POINT ( 'NONE',  ( 13.25000000000000533, 0.000000000000000000, 40.74999999999999289 ) ) ;
#2260 = EDGE_LOOP ( 'NONE', ( #2609, #1758, #2788, #2606, #648, #2445 ) ) ;
#2261 = CARTESIAN_POINT ( 'NONE',  ( -4.749999999999995559, 12.00000000000000000, 40.74999999999999289 ) ) ;
#2262 = CARTESIAN_POINT ( 'NONE',  ( -1.215045861572832786, 0.000000000000000000, 10.49206091961386633 ) ) ;
#2263 = VECTOR ( 'NONE', #2034, 1000.000000000000000 ) ;
#2264 = ORIENTED_EDGE ( 'NONE', *, *, #28, .T. ) ;
#2265 = VERTEX_POINT ( 'NONE', #1825 ) ;
#2266 = LINE ( 'NONE', #1062, #3125 ) ;
#2267 = ORIENTED_EDGE ( 'NONE', *, *, #2710, .F. ) ;
#2268 = CARTESIAN_POINT ( 'NONE',  ( -1.680596404110235254, 12.00000000000000000, 10.30968029470230896 ) ) ;
#2269 = CARTESIAN_POINT ( 'NONE',  ( 0.8614924709795455104, 0.000000000000000000, -16.63850752902063590 ) ) ;
#2270 = VECTOR ( 'NONE', #855, 1000.000000000000000 ) ;
#2271 = CARTESIAN_POINT ( 'NONE',  ( 0.4217753911737965877, 0.000000000000000000, 5.764921141681574213 ) ) ;
#2272 = VERTEX_POINT ( 'NONE', #176 ) ;
#2273 = CARTESIAN_POINT ( 'NONE',  ( -17.25000000000001776, 4.000000000000000000, 37.71922359359558641 ) ) ;
#2274 = CARTESIAN_POINT ( 'NONE',  ( 6.749999999999984901, 12.00000000000000000, -29.75000000000000000 ) ) ;
#2275 = VERTEX_POINT ( 'NONE', #598 ) ;
#2276 = DIRECTION ( 'NONE',  ( -0.000000000000000000, -1.000000000000000000, -0.000000000000000000 ) ) ;
#2277 = AXIS2_PLACEMENT_3D ( 'NONE', #2938, #2749, #584 ) ;
#2278 = ORIENTED_EDGE ( 'NONE', *, *, #2605, .T. ) ;
#2279 = AXIS2_PLACEMENT_3D ( 'NONE', #428, #474, #1870 ) ;
#2280 = EDGE_CURVE ( 'NONE', #3006, #2031, #77, .T. ) ;
#2281 = CARTESIAN_POINT ( 'NONE',  ( 17.12298334620742324, 9.000000000000001776, 43.75000000000000000 ) ) ;
#2282 = VECTOR ( 'NONE', #830, 1000.000000000000000 ) ;
#2283 = DIRECTION ( 'NONE',  ( 1.000000000000000000, -0.000000000000000000, 0.000000000000000000 ) ) ;
#2284 = AXIS2_PLACEMENT_3D ( 'NONE', #1690, #912, #1631 ) ;
#2285 = VECTOR ( 'NONE', #539, 1000.000000000000000 ) ;
#2286 = ORIENTED_EDGE ( 'NONE', *, *, #2139, .F. ) ;
#2287 = CIRCLE ( 'NONE', #1176, 0.4999999999999995559 ) ;
#2288 = ORIENTED_EDGE ( 'NONE', *, *, #1137, .T. ) ;
#2289 = DIRECTION ( 'NONE',  ( 0.000000000000000000, 1.000000000000000000, 0.000000000000000000 ) ) ;
#2290 = CARTESIAN_POINT ( 'NONE',  ( 9.943496190024982084, 12.00000000000000000, -1.899649560482989274 ) ) ;
#2291 = CARTESIAN_POINT ( 'NONE',  ( 0.000000000000000000, 0.000000000000000000, 27.25000000000000000 ) ) ;
#2292 = VECTOR ( 'NONE', #536, 1000.000000000000000 ) ;
#2293 = CARTESIAN_POINT ( 'NONE',  ( -11.39644660940674115, 0.000000000000000000, -23.23959235991438632 ) ) ;
#2294 = ORIENTED_EDGE ( 'NONE', *, *, #1464, .F. ) ;
#2295 = DIRECTION ( 'NONE',  ( 0.000000000000000000, 1.000000000000000000, 0.000000000000000000 ) ) ;
#2296 = LINE ( 'NONE', #813, #2831 ) ;
#2297 = EDGE_LOOP ( 'NONE', ( #1792, #2865, #1080, #2299 ) ) ;
#2298 = CARTESIAN_POINT ( 'NONE',  ( 17.05760219702878189, 2.746779898075292436, -43.75000000000000711 ) ) ;
#2299 = ORIENTED_EDGE ( 'NONE', *, *, #555, .F. ) ;
#2300 = DIRECTION ( 'NONE',  ( -0.000000000000000000, -1.000000000000000000, -0.000000000000000000 ) ) ;
#2301 = ADVANCED_FACE ( 'NONE', ( #1603 ), #383, .T. ) ;
#2302 = EDGE_CURVE ( 'NONE', #1786, #2557, #512, .T. ) ;
#2303 = ORIENTED_EDGE ( 'NONE', *, *, #1738, .T. ) ;
#2304 = VERTEX_POINT ( 'NONE', #398 ) ;
#2305 = CARTESIAN_POINT ( 'NONE',  ( 4.750000000000004441, 0.000000000000000000, 43.75000000000000000 ) ) ;
#2306 = EDGE_CURVE ( 'NONE', #888, #2111, #2287, .T. ) ;
#2307 = CARTESIAN_POINT ( 'NONE',  ( 17.24369769024706756, 8.228357800772348796, -39.10855167063841975 ) ) ;
#2308 = CARTESIAN_POINT ( 'NONE',  ( 17.24999999999998934, 6.000000000000000000, -38.75000000000000000 ) ) ;
#2309 = DIRECTION ( 'NONE',  ( 1.000000000000000000, -0.000000000000000000, -1.084202172485504434E-16 ) ) ;
#2310 = ORIENTED_EDGE ( 'NONE', *, *, #1415, .T. ) ;
#2311 = CARTESIAN_POINT ( 'NONE',  ( -17.24217666697164475, 3.749949080586352679, 38.92688545689205881 ) ) ;
#2312 = DIRECTION ( 'NONE',  ( 0.000000000000000000, 0.000000000000000000, 1.000000000000000000 ) ) ;
#2313 = VERTEX_POINT ( 'NONE', #2576 ) ;
#2314 = LINE ( 'NONE', #2560, #1775 ) ;
#2315 = ORIENTED_EDGE ( 'NONE', *, *, #839, .F. ) ;
#2316 = VECTOR ( 'NONE', #198, 1000.000000000000000 ) ;
#2317 = CARTESIAN_POINT ( 'NONE',  ( -0.8614924709795607205, 0.000000000000000000, 10.13850752902059149 ) ) ;
#2318 = EDGE_LOOP ( 'NONE', ( #634, #2957, #438, #1263 ) ) ;
#2319 = ADVANCED_FACE ( 'NONE', ( #412 ), #1793, .F. ) ;
#2320 = VERTEX_POINT ( 'NONE', #3098 ) ;
#2321 = CARTESIAN_POINT ( 'NONE',  ( -17.25000000000001776, 8.000000000000000000, 37.71922359359558641 ) ) ;
#2322 = EDGE_CURVE ( 'NONE', #377, #2557, #930, .T. ) ;
#2323 = DIRECTION ( 'NONE',  ( -0.000000000000000000, -1.000000000000000000, 0.000000000000000000 ) ) ;
#2324 = DIRECTION ( 'NONE',  ( -0.000000000000000000, 1.000000000000000000, 0.000000000000000000 ) ) ;
#2325 = EDGE_LOOP ( 'NONE', ( #2578, #3113, #178, #2662 ) ) ;
#2326 = SURFACE_STYLE_FILL_AREA ( #1361 ) ;
#2327 = CARTESIAN_POINT ( 'NONE',  ( 4.750000000000004441, 0.000000000000000000, 30.25000000000000000 ) ) ;
#2328 = CARTESIAN_POINT ( 'NONE',  ( 13.44426994489840510, -4.256340559952858218E-16, -40.91824266741912908 ) ) ;
#2329 = EDGE_CURVE ( 'NONE', #844, #965, #1664, .T. ) ;
#2330 = AXIS2_PLACEMENT_3D ( 'NONE', #693, #3101, #2654 ) ;
#2331 = VERTEX_POINT ( 'NONE', #2363 ) ;
#2332 = CARTESIAN_POINT ( 'NONE',  ( 5.214876645977557068, 0.000000000000000000, -5.921162323343799549 ) ) ;
#2333 = VERTEX_POINT ( 'NONE', #2148 ) ;
#2334 = EDGE_LOOP ( 'NONE', ( #1193, #1809, #22, #1395 ) ) ;
#2336 = CYLINDRICAL_SURFACE ( 'NONE', #2715, 0.4999999999999995559 ) ;
#2335 = CIRCLE ( 'NONE', #960, 0.5000000000000004441 ) ;
#2337 = VECTOR ( 'NONE', #2069, 1000.000000000000000 ) ;
#2338 = DIRECTION ( 'NONE',  ( 3.469446951953617344E-15, 0.000000000000000000, 1.000000000000000000 ) ) ;
#2339 = PLANE ( 'NONE',  #552 ) ;
#2340 = DIRECTION ( 'NONE',  ( 0.000000000000000000, -1.000000000000000000, 0.000000000000000000 ) ) ;
#2341 = VECTOR ( 'NONE', #2943, 1000.000000000000000 ) ;
#2342 = EDGE_CURVE ( 'NONE', #1350, #256, #1901, .T. ) ;
#2343 = EDGE_CURVE ( 'NONE', #2265, #523, #2376, .T. ) ;
#2344 = ORIENTED_EDGE ( 'NONE', *, *, #13, .T. ) ;
#2345 = DIRECTION ( 'NONE',  ( -1.000000000000000000, 8.673617379884035472E-16, 0.000000000000000000 ) ) ;
#2346 = DIRECTION ( 'NONE',  ( -0.000000000000000000, 0.000000000000000000, 1.000000000000000000 ) ) ;
#2347 = CARTESIAN_POINT ( 'NONE',  ( 0.000000000000000000, 9.000000000000001776, 40.74999999999999289 ) ) ;
#2348 = EDGE_LOOP ( 'NONE', ( #928, #354, #2675, #637 ) ) ;
#2349 = CARTESIAN_POINT ( 'NONE',  ( 16.96959296918649684, 2.507276030693620150, 43.71853955493837418 ) ) ;
#2350 = DIRECTION ( 'NONE',  ( 0.000000000000000000, -1.000000000000000000, 0.000000000000000000 ) ) ;
#2351 = ORIENTED_EDGE ( 'NONE', *, *, #1547, .F. ) ;
#2352 = ORIENTED_EDGE ( 'NONE', *, *, #1076, .F. ) ;
#2353 = CARTESIAN_POINT ( 'NONE',  ( 14.24999999999999822, 7.250815187543865115, 34.90698104350980913 ) ) ;
#2354 = ORIENTED_EDGE ( 'NONE', *, *, #1501, .F. ) ;
#2355 = B_SPLINE_CURVE_WITH_KNOTS ( 'NONE', 3,
 ( #2529, #2298, #364, #2054, #815, #2547, #1336, #381, #1842, #127, #2573, #1805, #2511, #848, #3052, #1121, #1821, #2780, #2328, #865 ),
 .UNSPECIFIED., .F., .F.,
 ( 4, 2, 2, 2, 2, 2, 2, 2, 2, 4 ),
 ( 0.000000000000000000, 0.0007709845487687677894, 0.001156476823153151793, 0.001541969097537535579, 0.002312953646306306187, 0.003083938195075076796, 0.003854922743843847404, 0.004625907292612617579, 0.005396891841381388187, 0.006167876390150158795 ),
 .UNSPECIFIED. ) ;
#2356 = DIRECTION ( 'NONE',  ( -1.000000000000000000, 0.000000000000000000, 0.000000000000000000 ) ) ;
#2357 = DIRECTION ( 'NONE',  ( 0.7071067811865421326, 0.000000000000000000, -0.7071067811865530128 ) ) ;
#2358 = DIRECTION ( 'NONE',  ( 0.000000000000000000, -0.9782523089410957162, 0.2074184660328366459 ) ) ;
#2359 = CARTESIAN_POINT ( 'NONE',  ( 11.39644660940673226, 0.000000000000000000, -6.103553390593601691 ) ) ;
#2360 = CARTESIAN_POINT ( 'NONE',  ( -12.25000000000001243, 0.000000000000000000, -24.09314575050764518 ) ) ;
#2361 = EDGE_LOOP ( 'NONE', ( #2066, #2782, #1515, #2787 ) ) ;
#2362 = DIRECTION ( 'NONE',  ( -0.000000000000000000, -0.000000000000000000, 1.000000000000000000 ) ) ;
#2363 = CARTESIAN_POINT ( 'NONE',  ( 13.24999999999998757, 12.00000000000000000, -40.74999999999999289 ) ) ;
#2364 = DIRECTION ( 'NONE',  ( 0.000000000000000000, 1.000000000000000000, 0.000000000000000000 ) ) ;
#2365 = ORIENTED_EDGE ( 'NONE', *, *, #515, .F. ) ;
#2366 = ORIENTED_EDGE ( 'NONE', *, *, #1752, .T. ) ;
#2367 = LINE ( 'NONE', #875, #2270 ) ;
#2368 = FACE_OUTER_BOUND ( 'NONE', #232, .T. ) ;
#2369 = CARTESIAN_POINT ( 'NONE',  ( 10.08994279943170902, 0.000000000000000000, 14.22598176875283649 ) ) ;
#2370 = ORIENTED_EDGE ( 'NONE', *, *, #1696, .F. ) ;
#2371 = CARTESIAN_POINT ( 'NONE',  ( 16.18696844167991244, 10.72484453409094840, -43.21272331817511514 ) ) ;
#2372 = CARTESIAN_POINT ( 'NONE',  ( 14.24999999999999822, 4.749184812456125115, 42.59301895649019087 ) ) ;
#2373 = LINE ( 'NONE', #426, #1523 ) ;
#2374 = ORIENTED_EDGE ( 'NONE', *, *, #2506, .T. ) ;
#2375 = CARTESIAN_POINT ( 'NONE',  ( 13.25000000000000533, 8.000000000000000000, 43.75000000000000000 ) ) ;
#2376 = LINE ( 'NONE', #2391, #169 ) ;
#2377 = CIRCLE ( 'NONE', #1666, 0.5000000000000004441 ) ;
#2378 = EDGE_CURVE ( 'NONE', #2704, #580, #676, .T. ) ;
#2379 = ORIENTED_EDGE ( 'NONE', *, *, #962, .T. ) ;
#2380 = CARTESIAN_POINT ( 'NONE',  ( -17.12298334620741969, 2.999999999999999112, 43.75000000000000000 ) ) ;
#2381 = CIRCLE ( 'NONE', #1968, 0.5000000000000000000 ) ;
#2382 = CARTESIAN_POINT ( 'NONE',  ( -12.25000000000001066, 0.000000000000000000, -6.906854249492081266 ) ) ;
#2383 = DIRECTION ( 'NONE',  ( -0.000000000000000000, -1.000000000000000000, -0.000000000000000000 ) ) ;
#2384 = VECTOR ( 'NONE', #1480, 1000.000000000000000 ) ;
#2385 = CIRCLE ( 'NONE', #1005, 0.4999999999999995559 ) ;
#2386 = CARTESIAN_POINT ( 'NONE',  ( 15.86307754383574675, 11.03683834148120724, -42.96164743558707499 ) ) ;
#2387 = DIRECTION ( 'NONE',  ( -0.000000000000000000, -1.000000000000000000, -0.000000000000000000 ) ) ;
#2388 = CARTESIAN_POINT ( 'NONE',  ( 13.24999999999998757, 12.00000000000000000, -40.74999999999999289 ) ) ;
#2389 = VERTEX_POINT ( 'NONE', #2652 ) ;
#2390 = CARTESIAN_POINT ( 'NONE',  ( 16.74710438310015093, 2.054368980883311657, 43.59931020939213653 ) ) ;
#2391 = CARTESIAN_POINT ( 'NONE',  ( -0.3097782392296844489, 0.000000000000000000, -11.72898712617679529 ) ) ;
#2392 = AXIS2_PLACEMENT_3D ( 'NONE', #2241, #501, #1472 ) ;
#2393 = ADVANCED_FACE ( 'NONE', ( #3111 ), #944, .T. ) ;
#2394 = ORIENTED_EDGE ( 'NONE', *, *, #27, .F. ) ;
#2395 = EDGE_CURVE ( 'NONE', #1633, #1341, #919, .T. ) ;
#2396 = LINE ( 'NONE', #207, #1769 ) ;
#2397 = ORIENTED_EDGE ( 'NONE', *, *, #2720, .F. ) ;
#2398 = CARTESIAN_POINT ( 'NONE',  ( -17.25000000000001776, 6.000000000000000000, 38.75000000000000711 ) ) ;
#2399 = DIRECTION ( 'NONE',  ( 1.000000000000000000, 0.000000000000000000, 0.000000000000000000 ) ) ;
#2400 = CARTESIAN_POINT ( 'NONE',  ( -13.25000000000000178, 8.000000000000000000, 43.75000000000000000 ) ) ;
#2401 = DIRECTION ( 'NONE',  ( 0.7071067811865516806, 0.000000000000000000, 0.7071067811865434649 ) ) ;
#2402 = DIRECTION ( 'NONE',  ( -1.000000000000000000, 0.000000000000000000, 1.586032892321651989E-16 ) ) ;
#2403 = ORIENTED_EDGE ( 'NONE', *, *, #132, .T. ) ;
#2404 = DIRECTION ( 'NONE',  ( 0.3647612498231169731, 0.000000000000000000, -0.9311010850748041578 ) ) ;
#2405 = DIRECTION ( 'NONE',  ( 0.000000000000000000, 0.000000000000000000, 1.000000000000000000 ) ) ;
#2406 = VERTEX_POINT ( 'NONE', #202 ) ;
#2407 = CARTESIAN_POINT ( 'NONE',  ( 4.750000000000004441, 6.000000000000000000, 38.75000000000000711 ) ) ;
#2408 = ORIENTED_EDGE ( 'NONE', *, *, #2329, .T. ) ;
#2409 = ADVANCED_FACE ( 'NONE', ( #2417 ), #2164, .F. ) ;
#2410 = DIRECTION ( 'NONE',  ( 0.000000000000000000, 1.000000000000000000, -0.000000000000000000 ) ) ;
#2411 = LINE ( 'NONE', #2671, #1250 ) ;
#2412 = CARTESIAN_POINT ( 'NONE',  ( 0.3097782392296661302, 12.00000000000000000, 5.228987126176740219 ) ) ;
#2413 = VERTEX_POINT ( 'NONE', #2639 ) ;
#2414 = DIRECTION ( 'NONE',  ( 0.000000000000000000, 0.000000000000000000, -1.000000000000000000 ) ) ;
#2415 = VECTOR ( 'NONE', #2923, 1000.000000000000000 ) ;
#2416 = DIRECTION ( 'NONE',  ( 0.000000000000000000, 0.000000000000000000, 1.000000000000000000 ) ) ;
#2417 = FACE_OUTER_BOUND ( 'NONE', #1204, .T. ) ;
#2418 = AXIS2_PLACEMENT_3D ( 'NONE', #655, #2357, #182 ) ;
#2419 = CARTESIAN_POINT ( 'NONE',  ( 17.22920764175099606, 8.470634912807225803, 41.80396130318590053 ) ) ;
#2420 = EDGE_LOOP ( 'NONE', ( #2918, #1764, #687, #2344, #445, #1593 ) ) ;
#2421 = DIRECTION ( 'NONE',  ( 0.000000000000000000, -1.000000000000000000, 0.000000000000000000 ) ) ;
#2422 = AXIS2_PLACEMENT_3D ( 'NONE', #1649, #661, #2638 ) ;
#2423 = LINE ( 'NONE', #1712, #3 ) ;
#2424 = CARTESIAN_POINT ( 'NONE',  ( -14.60131678952777001, 11.77003367542913281, 41.91470564332815485 ) ) ;
#2425 = CARTESIAN_POINT ( 'NONE',  ( 14.24999999999999822, 2.046440362682406811, 39.58827175039272106 ) ) ;
#2426 = CIRCLE ( 'NONE', #111, 2.250000000000001776 ) ;
#2427 = EDGE_CURVE ( 'NONE', #2247, #1558, #231, .T. ) ;
#2428 = EDGE_CURVE ( 'NONE', #714, #359, #568, .T. ) ;
#2429 = VERTEX_POINT ( 'NONE', #430 ) ;
#2430 = DIRECTION ( 'NONE',  ( -0.000000000000000000, -1.000000000000000000, -0.000000000000000000 ) ) ;
#2431 = ADVANCED_FACE ( 'NONE', ( #1154 ), #689, .T. ) ;
#2432 = CIRCLE ( 'NONE', #2890, 0.4999999999999995559 ) ;
#2433 = CYLINDRICAL_SURFACE ( 'NONE', #460, 0.5000000000000004441 ) ;
#2434 = EDGE_CURVE ( 'NONE', #2507, #2915, #489, .T. ) ;
#2435 = ORIENTED_EDGE ( 'NONE', *, *, #2853, .T. ) ;
#2437 = ADVANCED_FACE ( 'NONE', ( #663 ), #2179, .T. ) ;
#2436 = DIRECTION ( 'NONE',  ( 0.000000000000000000, 0.000000000000000000, 1.000000000000000000 ) ) ;
#2438 = FACE_OUTER_BOUND ( 'NONE', #2420, .T. ) ;
#2439 = DIRECTION ( 'NONE',  ( 1.000000000000000000, -0.000000000000000000, -0.000000000000000000 ) ) ;
#2440 = DIRECTION ( 'NONE',  ( 0.000000000000000000, 0.000000000000000000, -1.000000000000000000 ) ) ;
#2441 = ORIENTED_EDGE ( 'NONE', *, *, #2875, .F. ) ;
#2442 = PLANE ( 'NONE',  #2577 ) ;
#2443 = LINE ( 'NONE', #731, #1217 ) ;
#2444 = DIRECTION ( 'NONE',  ( 0.000000000000000000, 0.000000000000000000, 1.000000000000000000 ) ) ;
#2445 = ORIENTED_EDGE ( 'NONE', *, *, #1355, .T. ) ;
#2446 = DIRECTION ( 'NONE',  ( 0.000000000000000000, -1.000000000000000000, 0.000000000000000000 ) ) ;
#2447 = DIRECTION ( 'NONE',  ( -0.9311010850748040468, 0.000000000000000000, -0.3647612498231172506 ) ) ;
#2448 = ORIENTED_EDGE ( 'NONE', *, *, #1355, .F. ) ;
#2449 = ORIENTED_EDGE ( 'NONE', *, *, #758, .F. ) ;
#2450 = DIRECTION ( 'NONE',  ( 0.000000000000000000, -0.3094964936721114612, 0.9509005838701901636 ) ) ;
#2451 = DIRECTION ( 'NONE',  ( 0.000000000000000000, 0.000000000000000000, -1.000000000000000000 ) ) ;
#2452 = CARTESIAN_POINT ( 'NONE',  ( -14.03287506759020253, 11.94258171084164211, 41.42802364963765172 ) ) ;
#2453 = LINE ( 'NONE', #1941, #2176 ) ;
#2454 = ORIENTED_EDGE ( 'NONE', *, *, #194, .F. ) ;
#2455 = CARTESIAN_POINT ( 'NONE',  ( -14.78843378967250111, 11.69799749065190397, -42.07394482186220586 ) ) ;
#2456 = DIRECTION ( 'NONE',  ( 0.000000000000000000, 0.000000000000000000, -1.000000000000000000 ) ) ;
#2457 = CARTESIAN_POINT ( 'NONE',  ( -11.28444945746260686, 0.000000000000000000, 16.28530519404951704 ) ) ;
#2458 = VERTEX_POINT ( 'NONE', #2596 ) ;
#2459 = LINE ( 'NONE', #1771, #619 ) ;
#2460 = AXIS2_PLACEMENT_3D ( 'NONE', #339, #2960, #2541 ) ;
#2461 = EDGE_CURVE ( 'NONE', #2690, #1338, #1401, .T. ) ;
#2462 = EDGE_CURVE ( 'NONE', #441, #2458, #2846, .T. ) ;
#2463 = FACE_OUTER_BOUND ( 'NONE', #1041, .T. ) ;
#2464 = CIRCLE ( 'NONE', #2008, 3.000000000000002665 ) ;
#2465 = ORIENTED_EDGE ( 'NONE', *, *, #2921, .T. ) ;
#2466 = AXIS2_PLACEMENT_3D ( 'NONE', #1559, #559, #2520 ) ;
#2467 = ORIENTED_EDGE ( 'NONE', *, *, #2342, .F. ) ;
#2468 = DIRECTION ( 'NONE',  ( 0.000000000000000000, 0.000000000000000000, 1.000000000000000000 ) ) ;
#2469 = LINE ( 'NONE', #2197, #254 ) ;
#2470 = DIRECTION ( 'NONE',  ( -0.000000000000000000, -1.000000000000000000, -0.000000000000000000 ) ) ;
#2471 = CARTESIAN_POINT ( 'NONE',  ( 16.74050207612652130, 9.953559637317594522, 37.91172824960729315 ) ) ;
#2472 = ORIENTED_EDGE ( 'NONE', *, *, #2090, .F. ) ;
#2473 = CARTESIAN_POINT ( 'NONE',  ( 0.000000000000000000, 0.000000000000000000, 40.74999999999999289 ) ) ;
#2474 = AXIS2_PLACEMENT_3D ( 'NONE', #2162, #241, #2903 ) ;
#2475 = CARTESIAN_POINT ( 'NONE',  ( 14.24999999999999822, 7.250815187543865115, 34.90698104350980913 ) ) ;
#2476 = VERTEX_POINT ( 'NONE', #61 ) ;
#2477 = AXIS2_PLACEMENT_3D ( 'NONE', #1070, #1586, #1050 ) ;
#2478 = APPLICATION_CONTEXT ( 'automotive_design' ) ;
#2479 = PLANE ( 'NONE',  #751 ) ;
#2480 = CIRCLE ( 'NONE', #1885, 4.000000000000000000 ) ;
#2481 = CARTESIAN_POINT ( 'NONE',  ( -11.75000000000001066, 0.000000000000000000, -0.04289321881319131669 ) ) ;
#2482 = EDGE_LOOP ( 'NONE', ( #312, #137, #1725, #3118, #91, #2448, #2559, #1159, #2718, #527 ) ) ;
#2483 = VECTOR ( 'NONE', #1567, 1000.000000000000000 ) ;
#2484 = ADVANCED_FACE ( 'NONE', ( #2952, #78, #1232, #39, #2665, #1487, #2495 ), #290, .F. ) ;
#2485 = ORIENTED_EDGE ( 'NONE', *, *, #2758, .T. ) ;
#2486 = CARTESIAN_POINT ( 'NONE',  ( 4.750000000000004441, 2.999999999999999112, 43.75000000000000000 ) ) ;
#2487 = EDGE_CURVE ( 'NONE', #174, #3058, #623, .T. ) ;
#2488 = CARTESIAN_POINT ( 'NONE',  ( 17.24999999999998934, 8.000000000000000000, -39.78077640640442070 ) ) ;
#2489 = DIRECTION ( 'NONE',  ( 1.000000000000000000, -0.000000000000000000, -1.084202172485504434E-16 ) ) ;
#2490 = CARTESIAN_POINT ( 'NONE',  ( 17.24366446680624421, 3.771033105461193635, -39.10539430980201558 ) ) ;
#2491 = ORIENTED_EDGE ( 'NONE', *, *, #457, .F. ) ;
#2492 = CARTESIAN_POINT ( 'NONE',  ( -17.25000000000000000, 2.999999999999999112, 43.75000000000000000 ) ) ;
#2493 = PLANE ( 'NONE',  #1003 ) ;
#2494 = VERTEX_POINT ( 'NONE', #26 ) ;
#2495 = FACE_OUTER_BOUND ( 'NONE', #1440, .T. ) ;
#2496 = ORIENTED_EDGE ( 'NONE', *, *, #520, .F. ) ;
#2497 = CARTESIAN_POINT ( 'NONE',  ( -17.25000000000001421, 8.082470568895434582, 39.62075999861117026 ) ) ;
#2498 = PLANE ( 'NONE',  #2879 ) ;
#2499 = EDGE_LOOP ( 'NONE', ( #215, #1970, #1322, #1817 ) ) ;
#2500 = EDGE_LOOP ( 'NONE', ( #334, #2211, #1356, #2016 ) ) ;
#2501 = PLANE ( 'NONE',  #293 ) ;
#2502 = CARTESIAN_POINT ( 'NONE',  ( -17.25000000000001421, 4.000000000000000000, -43.75000000000000000 ) ) ;
#2503 = LINE ( 'NONE', #338, #59 ) ;
#2504 = DIRECTION ( 'NONE',  ( 0.000000000000000000, -0.9782523089410957162, 0.2074184660328366736 ) ) ;
#2505 = FACE_OUTER_BOUND ( 'NONE', #2334, .T. ) ;
#2506 = EDGE_CURVE ( 'NONE', #1369, #829, #670, .T. ) ;
#2507 = VERTEX_POINT ( 'NONE', #1517 ) ;
#2508 = DIRECTION ( 'NONE',  ( 0.000000000000000000, 0.000000000000000000, -1.000000000000000000 ) ) ;
#2509 = PRESENTATION_STYLE_ASSIGNMENT (( #791 ) ) ;
#2510 = VERTEX_POINT ( 'NONE', #1953 ) ;
#2511 = CARTESIAN_POINT ( 'NONE',  ( 15.15816362845008314, 0.4785123125113767140, -42.38527373633375106 ) ) ;
#2512 = ORIENTED_EDGE ( 'NONE', *, *, #1055, .F. ) ;
#2513 = ADVANCED_FACE ( 'NONE', ( #1018 ), #2913, .F. ) ;
#2514 = CARTESIAN_POINT ( 'NONE',  ( -11.75000000000001243, 12.00000000000000000, -22.88603896932110970 ) ) ;
#2515 = CARTESIAN_POINT ( 'NONE',  ( 6.620370370370371127, 0.000000000000000000, -10.87962962962989089 ) ) ;
#2516 = AXIS2_PLACEMENT_3D ( 'NONE', #841, #2702, #785 ) ;
#2517 = ORIENTED_EDGE ( 'NONE', *, *, #1505, .F. ) ;
#2518 = VECTOR ( 'NONE', #3112, 1000.000000000000000 ) ;
#2519 = ORIENTED_EDGE ( 'NONE', *, *, #1082, .T. ) ;
#2520 = DIRECTION ( 'NONE',  ( 1.734723475976805517E-15, 0.000000000000000000, 1.000000000000000000 ) ) ;
#2521 = PLANE ( 'NONE',  #1273 ) ;
#2522 = FACE_OUTER_BOUND ( 'NONE', #362, .T. ) ;
#2523 = CIRCLE ( 'NONE', #1259, 0.5000000000000004441 ) ;
#2524 = CYLINDRICAL_SURFACE ( 'NONE', #1276, 0.5000000000000004441 ) ;
#2525 = ORIENTED_EDGE ( 'NONE', *, *, #1650, .T. ) ;
#2526 = CARTESIAN_POINT ( 'NONE',  ( -1.215045861572832786, 12.00000000000000000, 9.992060919613866332 ) ) ;
#2527 = ORIENTED_EDGE ( 'NONE', *, *, #222, .F. ) ;
#2528 = EDGE_CURVE ( 'NONE', #2750, #1186, #2231, .T. ) ;
#2529 = CARTESIAN_POINT ( 'NONE',  ( 17.12298334620740548, 2.999999999999999112, -43.75000000000000000 ) ) ;
#2530 = AXIS2_PLACEMENT_3D ( 'NONE', #1021, #1754, #1556 ) ;
#2531 = EDGE_CURVE ( 'NONE', #1875, #142, #1298, .T. ) ;
#2532 = EDGE_LOOP ( 'NONE', ( #3094, #1061, #746, #190 ) ) ;
#2533 = VECTOR ( 'NONE', #1016, 1000.000000000000000 ) ;
#2534 = DIRECTION ( 'NONE',  ( 0.000000000000000000, -1.000000000000000000, 0.000000000000000000 ) ) ;
#2535 = VECTOR ( 'NONE', #1789, 1000.000000000000000 ) ;
#2536 = AXIS2_PLACEMENT_3D ( 'NONE', #1236, #717, #545 ) ;
#2537 = VERTEX_POINT ( 'NONE', #2905 ) ;
#2538 = VERTEX_POINT ( 'NONE', #1750 ) ;
#2539 = CARTESIAN_POINT ( 'NONE',  ( 17.24999999999998579, 4.000000000000000000, -43.75000000000000000 ) ) ;
#2540 = CARTESIAN_POINT ( 'NONE',  ( -13.25000000000001599, 4.000000000000000000, -43.75000000000000000 ) ) ;
#2541 = DIRECTION ( 'NONE',  ( 0.000000000000000000, 0.9782523089410951611, -0.2074184660328389496 ) ) ;
#2542 = DIRECTION ( 'NONE',  ( 0.000000000000000000, 0.000000000000000000, 1.000000000000000000 ) ) ;
#2543 = VERTEX_POINT ( 'NONE', #762 ) ;
#2544 = CYLINDRICAL_SURFACE ( 'NONE', #748, 3.999999999999998224 ) ;
#2545 = CARTESIAN_POINT ( 'NONE',  ( 5.568430036570828356, 0.000000000000000000, -6.274715713937075279 ) ) ;
#2546 = VERTEX_POINT ( 'NONE', #732 ) ;
#2547 = CARTESIAN_POINT ( 'NONE',  ( 16.62054963025774867, 1.842544384366861188, -43.52003312697993209 ) ) ;
#2548 = VERTEX_POINT ( 'NONE', #2457 ) ;
#2549 = CARTESIAN_POINT ( 'NONE',  ( -14.60131678952778245, 0.2299663245708660764, -41.91470564332816195 ) ) ;
#2550 = EDGE_CURVE ( 'NONE', #1111, #2800, #745, .T. ) ;
#2551 = ORIENTED_EDGE ( 'NONE', *, *, #1387, .T. ) ;
#2552 = ORIENTED_EDGE ( 'NONE', *, *, #821, .T. ) ;
#2553 = DIRECTION ( 'NONE',  ( -0.7071067811865516806, 0.000000000000000000, -0.7071067811865434649 ) ) ;
#2554 = DIRECTION ( 'NONE',  ( 1.000000000000000000, 5.421010862427522170E-15, 0.000000000000000000 ) ) ;
#2555 = CARTESIAN_POINT ( 'NONE',  ( -17.25000000000001421, 12.00000000000000000, -43.75000000000000000 ) ) ;
#2556 = CARTESIAN_POINT ( 'NONE',  ( 17.24369769024706756, 3.771642199227648540, -38.39144832936158025 ) ) ;
#2557 = VERTEX_POINT ( 'NONE', #551 ) ;
#2558 = FILL_AREA_STYLE_COLOUR ( '', #1830 ) ;
#2559 = ORIENTED_EDGE ( 'NONE', *, *, #477, .F. ) ;
#2560 = CARTESIAN_POINT ( 'NONE',  ( -0.1904478628200045320, 12.00000000000000000, -12.03359361332782207 ) ) ;
#2561 = VERTEX_POINT ( 'NONE', #261 ) ;
#2562 = DIRECTION ( 'NONE',  ( 0.000000000000000000, 0.000000000000000000, 1.000000000000000000 ) ) ;
#2563 = VERTEX_POINT ( 'NONE', #2475 ) ;
#2564 = ORIENTED_EDGE ( 'NONE', *, *, #2853, .F. ) ;
#2565 = CARTESIAN_POINT ( 'NONE',  ( 12.25000000000000355, 12.00000000000000000, 23.25000000000000000 ) ) ;
#2566 = CARTESIAN_POINT ( 'NONE',  ( -6.017125088940569633, 0.000000000000000000, 22.75000000000000000 ) ) ;
#2567 = CARTESIAN_POINT ( 'NONE',  ( -6.851697898724197877, 12.00000000000000000, 4.148302101276019727 ) ) ;
#2568 = DIRECTION ( 'NONE',  ( 0.000000000000000000, 0.000000000000000000, -1.000000000000000000 ) ) ;
#2569 = ADVANCED_FACE ( 'NONE', ( #1284 ), #1718, .F. ) ;
#2570 = VECTOR ( 'NONE', #2114, 1000.000000000000000 ) ;
#2571 = CARTESIAN_POINT ( 'NONE',  ( 17.05760219702880320, 9.253220101924709340, 43.75000000000000711 ) ) ;
#2572 = CARTESIAN_POINT ( 'NONE',  ( -6.750000000000023093, 0.000000000000000000, 23.25000000000000000 ) ) ;
#2573 = CARTESIAN_POINT ( 'NONE',  ( 15.69371547918904319, 0.8260622275691196226, -42.82589818624734335 ) ) ;
#2574 = ORIENTED_EDGE ( 'NONE', *, *, #2661, .F. ) ;
#2575 = LINE ( 'NONE', #410, #456 ) ;
#2576 = CARTESIAN_POINT ( 'NONE',  ( -4.749326103440164815, 0.000000000000000000, -0.3964570517447102982 ) ) ;
#2577 = AXIS2_PLACEMENT_3D ( 'NONE', #36, #1240, #24 ) ;
#2578 = ORIENTED_EDGE ( 'NONE', *, *, #2528, .F. ) ;
#2579 = VECTOR ( 'NONE', #914, 1000.000000000000000 ) ;
#2580 = ORIENTED_EDGE ( 'NONE', *, *, #2950, .T. ) ;
#2582 = DIRECTION ( 'NONE',  ( 0.000000000000000000, -1.000000000000000000, 0.000000000000000000 ) ) ;
#2581 = AXIS2_PLACEMENT_3D ( 'NONE', #1052, #2017, #2985 ) ;
#2583 = VECTOR ( 'NONE', #1550, 999.9999999999998863 ) ;
#2584 = EDGE_CURVE ( 'NONE', #2897, #1483, #2192, .T. ) ;
#2585 = CARTESIAN_POINT ( 'NONE',  ( -6.620370370370388002, 0.000000000000000000, 4.379629629629827825 ) ) ;
#2586 = CARTESIAN_POINT ( 'NONE',  ( 14.24999999999999822, 7.250815187543865115, 34.90698104350980913 ) ) ;
#2587 = PRODUCT_CONTEXT ( 'NONE', #1192, 'mechanical' ) ;
#2588 = VECTOR ( 'NONE', #1730, 1000.000000000000000 ) ;
#2589 = VECTOR ( 'NONE', #1669, 1000.000000000000000 ) ;
#2590 = DIRECTION ( 'NONE',  ( -0.000000000000000000, -0.000000000000000000, 1.000000000000000000 ) ) ;
#2591 = ORIENTED_EDGE ( 'NONE', *, *, #636, .T. ) ;
#2592 = CARTESIAN_POINT ( 'NONE',  ( -4.749999999999995559, 9.000000000000001776, 43.75000000000000000 ) ) ;
#2593 = EDGE_CURVE ( 'NONE', #895, #2313, #1437, .T. ) ;
#2594 = VERTEX_POINT ( 'NONE', #2001 ) ;
#2595 = CARTESIAN_POINT ( 'NONE',  ( 15.69374440310096119, 0.8260846878426233442, 42.82592149099394874 ) ) ;
#2596 = CARTESIAN_POINT ( 'NONE',  ( 9.236389408838434179, 0.000000000000000000, 14.57953515934610955 ) ) ;
#2597 = ORIENTED_EDGE ( 'NONE', *, *, #385, .T. ) ;
#2598 = ORIENTED_EDGE ( 'NONE', *, *, #2130, .F. ) ;
#2599 = CARTESIAN_POINT ( 'NONE',  ( 17.25000000000000355, 8.000000000000000000, 40.74999999999999289 ) ) ;
#2600 = PLANE ( 'NONE',  #711 ) ;
#2601 = CARTESIAN_POINT ( 'NONE',  ( 9.236389408838434179, 12.00000000000000000, 14.57953515934610955 ) ) ;
#2602 = SHAPE_DEFINITION_REPRESENTATION ( #23, #2673 ) ;
#2603 = LINE ( 'NONE', #880, #1971 ) ;
#2604 = CARTESIAN_POINT ( 'NONE',  ( 0.1904478628199861301, 0.000000000000000000, 5.533593613327767002 ) ) ;
#2605 = EDGE_CURVE ( 'NONE', #1991, #1540, #2965, .T. ) ;
#2606 = ORIENTED_EDGE ( 'NONE', *, *, #3028, .F. ) ;
#2607 = CARTESIAN_POINT ( 'NONE',  ( 16.62055969550057100, 1.842560205263078510, 43.52003967755359781 ) ) ;
#2608 = CARTESIAN_POINT ( 'NONE',  ( 17.25000000000000355, 12.00000000000000000, 40.74999999999999289 ) ) ;
#2609 = ORIENTED_EDGE ( 'NONE', *, *, #538, .F. ) ;
#2610 = EDGE_LOOP ( 'NONE', ( #2370, #140, #2863, #1310 ) ) ;
#2611 = DIRECTION ( 'NONE',  ( 0.000000000000000000, 0.000000000000000000, -1.000000000000000000 ) ) ;
#2612 = FACE_OUTER_BOUND ( 'NONE', #2070, .T. ) ;
#2613 = DIRECTION ( 'NONE',  ( 0.000000000000000000, 0.000000000000000000, 1.000000000000000000 ) ) ;
#2614 = CARTESIAN_POINT ( 'NONE',  ( -5.214876645977566838, 12.00000000000000000, -0.5788376766562679521 ) ) ;
#2615 = CARTESIAN_POINT ( 'NONE',  ( 17.24999999999999645, 4.749184812456125115, 42.59301895649019087 ) ) ;
#2616 = CARTESIAN_POINT ( 'NONE',  ( -17.25000000000001776, 6.000000000000000000, 41.00000000000000711 ) ) ;
#2617 = CARTESIAN_POINT ( 'NONE',  ( -6.851697898724197877, 12.00000000000000000, 4.148302101276019727 ) ) ;
#2618 = ORIENTED_EDGE ( 'NONE', *, *, #622, .F. ) ;
#2619 = CARTESIAN_POINT ( 'NONE',  ( 16.55359945267358057, 1.741569190706605319, 43.47544904124090692 ) ) ;
#2620 = EDGE_CURVE ( 'NONE', #432, #1111, #1244, .T. ) ;
#2621 = EDGE_CURVE ( 'NONE', #1804, #2919, #469, .T. ) ;
#2622 = DIRECTION ( 'NONE',  ( -0.000000000000000000, -1.000000000000000000, 0.000000000000000000 ) ) ;
#2623 = EDGE_CURVE ( 'NONE', #2304, #703, #2089, .T. ) ;
#2624 = ORIENTED_EDGE ( 'NONE', *, *, #2682, .T. ) ;
#2625 = ORIENTED_EDGE ( 'NONE', *, *, #1097, .F. ) ;
#2626 = CARTESIAN_POINT ( 'NONE',  ( -16.18694921853533586, 1.275134521433364254, 43.21270883588061906 ) ) ;
#2627 = VERTEX_POINT ( 'NONE', #595 ) ;
#2628 = DIRECTION ( 'NONE',  ( 0.000000000000000000, 0.000000000000000000, -1.000000000000000000 ) ) ;
#2629 = EDGE_CURVE ( 'NONE', #1000, #1655, #1272, .T. ) ;
#2630 = AXIS2_PLACEMENT_3D ( 'NONE', #2191, #1967, #2416 ) ;
#2631 = ORIENTED_EDGE ( 'NONE', *, *, #2306, .T. ) ;
#2632 = DIRECTION ( 'NONE',  ( -0.7071067811865531239, 0.000000000000000000, -0.7071067811865420216 ) ) ;
#2633 = CARTESIAN_POINT ( 'NONE',  ( -17.25000000000001421, 8.000000000000000000, -40.74999999999999289 ) ) ;
#2634 = AXIS2_PLACEMENT_3D ( 'NONE', #3060, #668, #1114 ) ;
#2635 = CARTESIAN_POINT ( 'NONE',  ( 12.25000000000000355, 0.000000000000000000, 23.25000000000000000 ) ) ;
#2636 = AXIS2_PLACEMENT_3D ( 'NONE', #531, #2945, #1763 ) ;
#2637 = VERTEX_POINT ( 'NONE', #3034 ) ;
#2638 = DIRECTION ( 'NONE',  ( 0.000000000000000000, 0.000000000000000000, -1.000000000000000000 ) ) ;
#2639 = CARTESIAN_POINT ( 'NONE',  ( -12.25000000000001066, 12.00000000000000000, -0.04289321881319131669 ) ) ;
#2640 = AXIS2_PLACEMENT_3D ( 'NONE', #443, #2829, #1636 ) ;
#2641 = EDGE_LOOP ( 'NONE', ( #2991, #940, #2185, #382, #128, #1715, #1646, #674, #508, #602, #130, #2254 ) ) ;
#2642 = EDGE_CURVE ( 'NONE', #1655, #2681, #2355, .T. ) ;
#2643 = CARTESIAN_POINT ( 'NONE',  ( -14.22229988326886740, 0.1149202101332263554, 41.59020306042194903 ) ) ;
#2644 = CARTESIAN_POINT ( 'NONE',  ( 11.75000000000000355, 0.000000000000000000, -22.60292456913803250 ) ) ;
#2645 = ORIENTED_EDGE ( 'NONE', *, *, #297, .T. ) ;
#2646 = LINE ( 'NONE', #1454, #310 ) ;
#2647 = CARTESIAN_POINT ( 'NONE',  ( 10.08994279943170902, 0.000000000000000000, 15.43308854993937373 ) ) ;
#2648 = DIRECTION ( 'NONE',  ( -0.7071067811865531239, 0.000000000000000000, -0.7071067811865420216 ) ) ;
#2649 = VERTEX_POINT ( 'NONE', #615 ) ;
#2650 = CARTESIAN_POINT ( 'NONE',  ( -17.24369769024708887, 3.771642199227648984, -39.10855167063841265 ) ) ;
#2651 = CARTESIAN_POINT ( 'NONE',  ( 17.25000000000000000, 4.000000000000000000, 35.59625015475420184 ) ) ;
#2652 = CARTESIAN_POINT ( 'NONE',  ( 0.3097782392296661302, 0.000000000000000000, 5.228987126176740219 ) ) ;
#2653 = ORIENTED_EDGE ( 'NONE', *, *, #2629, .T. ) ;
#2654 = DIRECTION ( 'NONE',  ( 0.000000000000000000, -0.6687558152689846436, -0.7434821178373530737 ) ) ;
#2655 = EDGE_CURVE ( 'NONE', #453, #2265, #2314, .T. ) ;
#2656 = EDGE_CURVE ( 'NONE', #3106, #3006, #1105, .T. ) ;
#2657 = EDGE_CURVE ( 'NONE', #2915, #908, #1432, .T. ) ;
#2658 = LINE ( 'NONE', #510, #2384 ) ;
#2659 = CARTESIAN_POINT ( 'NONE',  ( -16.96959296918649329, 9.492723969306378962, 43.71853955493838839 ) ) ;
#2660 = FACE_BOUND ( 'NONE', #2149, .T. ) ;
#2661 = EDGE_CURVE ( 'NONE', #2331, #2105, #1602, .T. ) ;
#2662 = ORIENTED_EDGE ( 'NONE', *, *, #1858, .F. ) ;
#2663 = DIRECTION ( 'NONE',  ( 0.000000000000000000, 0.000000000000000000, 1.000000000000000000 ) ) ;
#2664 = CARTESIAN_POINT ( 'NONE',  ( -17.25000000000001421, 12.00000000000000000, -43.75000000000000000 ) ) ;
#2665 = FACE_BOUND ( 'NONE', #1779, .T. ) ;
#2666 = VECTOR ( 'NONE', #2128, 1000.000000000000000 ) ;
#2667 = CIRCLE ( 'NONE', #1822, 0.5000000000000004441 ) ;
#2668 = CARTESIAN_POINT ( 'NONE',  ( -14.60126771477836094, 0.2299485945635212913, 41.91466380895067800 ) ) ;
#2669 = ORIENTED_EDGE ( 'NONE', *, *, #1961, .F. ) ;
#2670 = CYLINDRICAL_SURFACE ( 'NONE', #248, 0.5000000000000004441 ) ;
#2671 = CARTESIAN_POINT ( 'NONE',  ( 17.24999999999998579, 9.000000000000001776, -43.75000000000000000 ) ) ;
#2672 = DIRECTION ( 'NONE',  ( 0.000000000000000000, -0.000000000000000000, 1.000000000000000000 ) ) ;
#2673 = ADVANCED_BREP_SHAPE_REPRESENTATION ( 'Rear-Top-Suspension-Arm', ( #1620, #116 ), #370 ) ;
#2674 = AXIS2_PLACEMENT_3D ( 'NONE', #1706, #1498, #25 ) ;
#2675 = ORIENTED_EDGE ( 'NONE', *, *, #235, .F. ) ;
#2676 = FACE_OUTER_BOUND ( 'NONE', #1368, .T. ) ;
#2677 = CIRCLE ( 'NONE', #3090, 0.5000000000000004441 ) ;
#2678 = DIRECTION ( 'NONE',  ( 0.000000000000000000, 0.000000000000000000, -1.000000000000000000 ) ) ;
#2679 = DIRECTION ( 'NONE',  ( 0.000000000000000000, -1.000000000000000000, -0.000000000000000000 ) ) ;
#2680 = AXIS2_PLACEMENT_3D ( 'NONE', #2425, #304, #1746 ) ;
#2681 = VERTEX_POINT ( 'NONE', #2808 ) ;
#2682 = EDGE_CURVE ( 'NONE', #1570, #888, #2385, .T. ) ;
#2683 = CARTESIAN_POINT ( 'NONE',  ( 17.18778494058681261, 8.702744449773719637, 41.75474720609749113 ) ) ;
#2684 = ORIENTED_EDGE ( 'NONE', *, *, #2621, .F. ) ;
#2685 = VERTEX_POINT ( 'NONE', #408 ) ;
#2686 = CARTESIAN_POINT ( 'NONE',  ( -17.25000000000001776, 6.000000000000000000, 38.75000000000000711 ) ) ;
#2687 = CYLINDRICAL_SURFACE ( 'NONE', #1123, 0.5000000000000004441 ) ;
#2688 = CYLINDRICAL_SURFACE ( 'NONE', #1708, 2.250000000000001776 ) ;
#2689 = CARTESIAN_POINT ( 'NONE',  ( 7.205251289317453178, 0.000000000000000000, -11.00185549186936029 ) ) ;
#2690 = VERTEX_POINT ( 'NONE', #2259 ) ;
#2691 = FACE_OUTER_BOUND ( 'NONE', #1352, .T. ) ;
#2692 = DIRECTION ( 'NONE',  ( 1.000000000000000000, -0.000000000000000000, -1.084202172485504434E-16 ) ) ;
#2693 = EDGE_CURVE ( 'NONE', #2725, #2627, #365, .T. ) ;
#2694 = DIRECTION ( 'NONE',  ( 0.000000000000000000, 0.000000000000000000, -1.000000000000000000 ) ) ;
#2695 = ORIENTED_EDGE ( 'NONE', *, *, #994, .T. ) ;
#2696 = DIRECTION ( 'NONE',  ( 0.7071067811865529018, 0.000000000000000000, 0.7071067811865422437 ) ) ;
#2697 = DIRECTION ( 'NONE',  ( 0.000000000000000000, 0.000000000000000000, -1.000000000000000000 ) ) ;
#2698 = ORIENTED_EDGE ( 'NONE', *, *, #1959, .T. ) ;
#2699 = ORIENTED_EDGE ( 'NONE', *, *, #936, .F. ) ;
#2700 = PLANE ( 'NONE',  #2717 ) ;
#2701 = CARTESIAN_POINT ( 'NONE',  ( -17.24760696713127928, 8.144638337135244655, -39.45365114600873824 ) ) ;
#2702 = DIRECTION ( 'NONE',  ( -0.000000000000000000, -1.000000000000000000, -0.000000000000000000 ) ) ;
#2703 = FACE_BOUND ( 'NONE', #624, .T. ) ;
#2704 = VERTEX_POINT ( 'NONE', #1791 ) ;
#2705 = CARTESIAN_POINT ( 'NONE',  ( -5.568430036570839903, 0.000000000000000000, -0.2252842860629899746 ) ) ;
#2706 = CARTESIAN_POINT ( 'NONE',  ( -17.25000000000001421, 4.000000000000000000, -43.75000000000000000 ) ) ;
#2707 = ORIENTED_EDGE ( 'NONE', *, *, #2322, .T. ) ;
#2708 = CIRCLE ( 'NONE', #2119, 2.250000000000001776 ) ;
#2709 = ADVANCED_FACE ( 'NONE', ( #346 ), #2746, .F. ) ;
#2710 = EDGE_CURVE ( 'NONE', #2304, #2429, #112, .T. ) ;
#2711 = CARTESIAN_POINT ( 'NONE',  ( 6.620370370370371127, 0.000000000000000000, -10.87962962962989089 ) ) ;
#2712 = EDGE_CURVE ( 'NONE', #2406, #1303, #3003, .T. ) ;
#2713 = VECTOR ( 'NONE', #1880, 1000.000000000000000 ) ;
#2714 = CARTESIAN_POINT ( 'NONE',  ( -4.749999999999995559, 0.000000000000000000, 43.75000000000000000 ) ) ;
#2715 = AXIS2_PLACEMENT_3D ( 'NONE', #418, #2582, #3023 ) ;
#2716 = VERTEX_POINT ( 'NONE', #896 ) ;
#2717 = AXIS2_PLACEMENT_3D ( 'NONE', #84, #1042, #1509 ) ;
#2718 = ORIENTED_EDGE ( 'NONE', *, *, #2550, .F. ) ;
#2719 = CARTESIAN_POINT ( 'NONE',  ( 14.24999999999999822, 9.953559637317594522, 37.91172824960729315 ) ) ;
#2720 = EDGE_CURVE ( 'NONE', #1071, #2331, #214, .T. ) ;
#2721 = CARTESIAN_POINT ( 'NONE',  ( -12.25000000000001066, 0.000000000000000000, -7.113961030678630948 ) ) ;
#2722 = CARTESIAN_POINT ( 'NONE',  ( 5.214876645977557068, 0.000000000000000000, -6.421162323343798661 ) ) ;
#2723 = VERTEX_POINT ( 'NONE', #440 ) ;
#2724 = CARTESIAN_POINT ( 'NONE',  ( 16.74050207612652486, 2.046440362682406811, 39.58827175039272106 ) ) ;
#2725 = VERTEX_POINT ( 'NONE', #472 ) ;
#2726 = CARTESIAN_POINT ( 'NONE',  ( 0.000000000000000000, 0.000000000000000000, 0.000000000000000000 ) ) ;
#2727 = VECTOR ( 'NONE', #2796, 1000.000000000000000 ) ;
#2728 = ORIENTED_EDGE ( 'NONE', *, *, #962, .F. ) ;
#2729 = VECTOR ( 'NONE', #2794, 1000.000000000000114 ) ;
#2730 = CARTESIAN_POINT ( 'NONE',  ( -17.24217666697164475, 8.250050919413645545, 38.57311454310794829 ) ) ;
#2731 = CIRCLE ( 'NONE', #1382, 0.5000000000000004441 ) ;
#2732 = VECTOR ( 'NONE', #560, 1000.000000000000000 ) ;
#2733 = DIRECTION ( 'NONE',  ( 0.000000000000000000, 0.000000000000000000, 1.000000000000000000 ) ) ;
#2734 = VECTOR ( 'NONE', #1555, 1000.000000000000000 ) ;
#2735 = ORIENTED_EDGE ( 'NONE', *, *, #1824, .T. ) ;
#2736 = EDGE_CURVE ( 'NONE', #1338, #677, #1474, .T. ) ;
#2737 = ORIENTED_EDGE ( 'NONE', *, *, #3053, .T. ) ;
#2738 = CARTESIAN_POINT ( 'NONE',  ( 11.75000000000000355, 0.000000000000000000, -23.10292456913803250 ) ) ;
#2739 = DIRECTION ( 'NONE',  ( -0.000000000000000000, 0.000000000000000000, 1.000000000000000000 ) ) ;
#2740 = LINE ( 'NONE', #375, #1046 ) ;
#2741 = EDGE_CURVE ( 'NONE', #2105, #1171, #1445, .T. ) ;
#2742 = ORIENTED_EDGE ( 'NONE', *, *, #534, .F. ) ;
#2743 = CARTESIAN_POINT ( 'NONE',  ( 14.24999999999999822, 2.046440362682406811, 39.58827175039272106 ) ) ;
#2744 = CARTESIAN_POINT ( 'NONE',  ( 17.24999999999998934, 8.000000000000000000, -39.78077640640442070 ) ) ;
#2745 = ORIENTED_EDGE ( 'NONE', *, *, #3088, .F. ) ;
#2746 = PLANE ( 'NONE',  #507 ) ;
#2747 = ORIENTED_EDGE ( 'NONE', *, *, #2950, .F. ) ;
#2748 = CARTESIAN_POINT ( 'NONE',  ( 4.750000000000004441, 12.00000000000000000, 40.74999999999999289 ) ) ;
#2749 = DIRECTION ( 'NONE',  ( 0.000000000000000000, -1.000000000000000000, 0.000000000000000000 ) ) ;
#2750 = VERTEX_POINT ( 'NONE', #1187 ) ;
#2751 = ORIENTED_EDGE ( 'NONE', *, *, #3053, .F. ) ;
#2752 = DIRECTION ( 'NONE',  ( -0.000000000000000000, -0.000000000000000000, -1.000000000000000000 ) ) ;
#2753 = ADVANCED_FACE ( 'NONE', ( #673 ), #2133, .T. ) ;
#2754 = ORIENTED_EDGE ( 'NONE', *, *, #1060, .T. ) ;
#2755 = FACE_BOUND ( 'NONE', #2807, .T. ) ;
#2756 = DIRECTION ( 'NONE',  ( 0.000000000000000000, 0.000000000000000000, 1.000000000000000000 ) ) ;
#2757 = LINE ( 'NONE', #2252, #871 ) ;
#2758 = EDGE_CURVE ( 'NONE', #995, #932, #2887, .T. ) ;
#2759 = ORIENTED_EDGE ( 'NONE', *, *, #1752, .F. ) ;
#2760 = CARTESIAN_POINT ( 'NONE',  ( 17.18778494058680906, 3.297255550226283471, 35.74525279390251598 ) ) ;
#2761 = CYLINDRICAL_SURFACE ( 'NONE', #2477, 0.5000000000000000000 ) ;
#2762 = VERTEX_POINT ( 'NONE', #2826 ) ;
#2763 = DIRECTION ( 'NONE',  ( 0.000000000000000000, 0.000000000000000000, 1.000000000000000000 ) ) ;
#2764 = VERTEX_POINT ( 'NONE', #2617 ) ;
#2765 = CARTESIAN_POINT ( 'NONE',  ( 11.28444945746260153, 12.00000000000000000, -22.78530519404959165 ) ) ;
#2766 = EDGE_CURVE ( 'NONE', #2723, #2546, #1428, .T. ) ;
#2767 = AXIS2_PLACEMENT_3D ( 'NONE', #1745, #2470, #2236 ) ;
#2768 = ORIENTED_EDGE ( 'NONE', *, *, #2775, .T. ) ;
#2769 = CIRCLE ( 'NONE', #1109, 0.5000000000000004441 ) ;
#2770 = ORIENTED_EDGE ( 'NONE', *, *, #2234, .T. ) ;
#2771 = CARTESIAN_POINT ( 'NONE',  ( -16.96959027141524956, 2.507268663689380617, 43.71853860337449760 ) ) ;
#2772 = DIRECTION ( 'NONE',  ( -1.586032892321652236E-16, 0.000000000000000000, -1.000000000000000000 ) ) ;
#2773 = DIRECTION ( 'NONE',  ( 1.000000000000000000, 0.000000000000000000, -1.084202172485504434E-16 ) ) ;
#2774 = CARTESIAN_POINT ( 'NONE',  ( 17.24999999999998579, 3.917530400142067659, -39.62076187882010458 ) ) ;
#2775 = EDGE_CURVE ( 'NONE', #229, #2910, #926, .T. ) ;
#2776 = EDGE_LOOP ( 'NONE', ( #2598, #1411, #1508, #2825 ) ) ;
#2777 = LINE ( 'NONE', #592, #2980 ) ;
#2778 = DIRECTION ( 'NONE',  ( 0.3647612498231170841, 0.000000000000000000, -0.9311010850748040468 ) ) ;
#2779 = VERTEX_POINT ( 'NONE', #2592 ) ;
#2780 = CARTESIAN_POINT ( 'NONE',  ( 13.64192539050958786, 0.01440464505308071581, -41.08941818106087140 ) ) ;
#2781 = EDGE_CURVE ( 'NONE', #2716, #995, #2145, .T. ) ;
#2782 = ORIENTED_EDGE ( 'NONE', *, *, #386, .T. ) ;
#2783 = CARTESIAN_POINT ( 'NONE',  ( -4.749999999999995559, 9.000000000000001776, 40.74999999999999289 ) ) ;
#2784 = VECTOR ( 'NONE', #1470, 999.9999999999998863 ) ;
#2785 = ADVANCED_FACE ( 'NONE', ( #1911 ), #1674, .F. ) ;
#2786 = AXIS2_PLACEMENT_3D ( 'NONE', #604, #1578, #857 ) ;
#2787 = ORIENTED_EDGE ( 'NONE', *, *, #3050, .F. ) ;
#2788 = ORIENTED_EDGE ( 'NONE', *, *, #149, .F. ) ;
#2789 = LINE ( 'NONE', #1357, #2570 ) ;
#2790 = DIRECTION ( 'NONE',  ( -0.000000000000000000, -0.000000000000000000, -1.000000000000000000 ) ) ;
#2791 = DIRECTION ( 'NONE',  ( 0.000000000000000000, -1.000000000000000000, -0.000000000000000000 ) ) ;
#2792 = DIRECTION ( 'NONE',  ( 0.000000000000000000, 0.000000000000000000, 1.000000000000000000 ) ) ;
#2793 = EDGE_LOOP ( 'NONE', ( #1923, #823, #3007, #596, #2408, #643, #2205 ) ) ;
#2794 = DIRECTION ( 'NONE',  ( 0.3647612498231170841, -0.000000000000000000, -0.9311010850748040468 ) ) ;
#2795 = ORIENTED_EDGE ( 'NONE', *, *, #900, .F. ) ;
#2796 = DIRECTION ( 'NONE',  ( -1.586032892321652236E-16, 0.000000000000000000, -1.000000000000000000 ) ) ;
#2797 = ORIENTED_EDGE ( 'NONE', *, *, #2427, .T. ) ;
#2798 = ADVANCED_FACE ( 'NONE', ( #1926 ), #1868, .T. ) ;
#2799 = PLANE ( 'NONE',  #10 ) ;
#2800 = VERTEX_POINT ( 'NONE', #719 ) ;
#2801 = EDGE_CURVE ( 'NONE', #1186, #1570, #1898, .T. ) ;
#2802 = ORIENTED_EDGE ( 'NONE', *, *, #423, .T. ) ;
#2803 = LINE ( 'NONE', #2599, #1617 ) ;
#2804 = CARTESIAN_POINT ( 'NONE',  ( 11.75000000000000355, 0.000000000000000000, -22.60292456913803250 ) ) ;
#2805 = CARTESIAN_POINT ( 'NONE',  ( 11.39644660940671628, 12.00000000000000000, 22.39644660940672338 ) ) ;
#2806 = CARTESIAN_POINT ( 'NONE',  ( 16.96959296918648263, 9.492723969306382514, -43.71853955493838839 ) ) ;
#2807 = EDGE_LOOP ( 'NONE', ( #2077, #2872 ) ) ;
#2808 = CARTESIAN_POINT ( 'NONE',  ( 13.24999999999998934, 0.000000000000000000, -40.74999999999999289 ) ) ;
#2809 = ORIENTED_EDGE ( 'NONE', *, *, #92, .T. ) ;
#2810 = CARTESIAN_POINT ( 'NONE',  ( -16.18694921853535007, 10.72486547856663641, -43.21270883588062617 ) ) ;
#2811 = DIRECTION ( 'NONE',  ( 0.000000000000000000, 1.000000000000000000, 0.000000000000000000 ) ) ;
#2812 = EDGE_CURVE ( 'NONE', #2333, #1409, #1381, .T. ) ;
#2813 = EDGE_CURVE ( 'NONE', #2507, #1908, #2373, .T. ) ;
#2814 = ORIENTED_EDGE ( 'NONE', *, *, #1948, .T. ) ;
#2815 = EDGE_CURVE ( 'NONE', #2844, #801, #2843, .T. ) ;
#2816 = ORIENTED_EDGE ( 'NONE', *, *, #707, .F. ) ;
#2817 = DIRECTION ( 'NONE',  ( 0.7071067811865516806, 0.000000000000000000, 0.7071067811865434649 ) ) ;
#2818 = CIRCLE ( 'NONE', #1107, 0.5000000000000004441 ) ;
#2819 = DIRECTION ( 'NONE',  ( -1.000000000000000000, 5.421010862427522170E-15, 0.000000000000000000 ) ) ;
#2820 = PLANE ( 'NONE',  #40 ) ;
#2821 =( LENGTH_UNIT ( ) NAMED_UNIT ( * ) SI_UNIT ( .MILLI., .METRE. ) );
#2822 = CIRCLE ( 'NONE', #98, 0.5000000000000000000 ) ;
#2823 = VECTOR ( 'NONE', #1621, 1000.000000000000000 ) ;
#2824 = CARTESIAN_POINT ( 'NONE',  ( 16.80689123325211298, 9.834236738323886229, 43.63405971970198038 ) ) ;
#2825 = ORIENTED_EDGE ( 'NONE', *, *, #1082, .F. ) ;
#2826 = CARTESIAN_POINT ( 'NONE',  ( 16.74050207612652130, 9.953559637317594522, 37.91172824960729315 ) ) ;
#2827 = VERTEX_POINT ( 'NONE', #2120 ) ;
#2828 = CARTESIAN_POINT ( 'NONE',  ( 15.34183614223780623, 0.5838842715063115030, 42.53822331036373328 ) ) ;
#2829 = DIRECTION ( 'NONE',  ( 1.000000000000000000, 0.000000000000000000, 0.000000000000000000 ) ) ;
#2830 = ORIENTED_EDGE ( 'NONE', *, *, #2064, .T. ) ;
#2831 = VECTOR ( 'NONE', #3014, 1000.000000000000000 ) ;
#2832 = ORIENTED_EDGE ( 'NONE', *, *, #2000, .T. ) ;
#2833 = CARTESIAN_POINT ( 'NONE',  ( -4.749999999999995559, 6.000000000000000000, 38.75000000000000711 ) ) ;
#2834 = VECTOR ( 'NONE', #2696, 1000.000000000000000 ) ;
#2835 = ADVANCED_FACE ( 'NONE', ( #3079 ), #2841, .F. ) ;
#2836 = FACE_OUTER_BOUND ( 'NONE', #3057, .T. ) ;
#2837 = CARTESIAN_POINT ( 'NONE',  ( 0.1904478628199861301, 12.00000000000000000, 5.533593613327767002 ) ) ;
#2838 = ORIENTED_EDGE ( 'NONE', *, *, #2021, .T. ) ;
#2839 = AXIS2_PLACEMENT_3D ( 'NONE', #999, #15, #1985 ) ;
#2840 = CARTESIAN_POINT ( 'NONE',  ( 14.22229988326887273, 11.88507978986677394, 41.59020306042195614 ) ) ;
#2841 = PLANE ( 'NONE',  #2027 ) ;
#2842 = ADVANCED_FACE ( 'NONE', ( #2660, #757, #983, #2901, #2703, #1467, #728 ), #485, .T. ) ;
#2843 = CIRCLE ( 'NONE', #249, 2.250000000000001776 ) ;
#2844 = VERTEX_POINT ( 'NONE', #970 ) ;
#2845 = DIRECTION ( 'NONE',  ( 0.000000000000000000, 0.000000000000000000, 1.000000000000000000 ) ) ;
#2846 = LINE ( 'NONE', #916, #518 ) ;
#2847 = ORIENTED_EDGE ( 'NONE', *, *, #322, .T. ) ;
#2848 = CARTESIAN_POINT ( 'NONE',  ( 0.3097782392296661302, 0.000000000000000000, 5.228987126176740219 ) ) ;
#2849 = ORIENTED_EDGE ( 'NONE', *, *, #56, .T. ) ;
#2850 = CARTESIAN_POINT ( 'NONE',  ( 13.25000000000000533, 4.000000000000000000, 43.75000000000000000 ) ) ;
#2851 = CARTESIAN_POINT ( 'NONE',  ( -17.25000000000002487, 6.000000000000000000, -36.49999999999999289 ) ) ;
#2852 = EDGE_CURVE ( 'NONE', #2458, #335, #2335, .T. ) ;
#2853 = EDGE_CURVE ( 'NONE', #932, #1704, #2453, .T. ) ;
#2854 = ORIENTED_EDGE ( 'NONE', *, *, #331, .F. ) ;
#2855 = EDGE_CURVE ( 'NONE', #2594, #1000, #1211, .T. ) ;
#2856 = CARTESIAN_POINT ( 'NONE',  ( 16.34253954721770086, 10.54819846267469075, -43.32875237913441424 ) ) ;
#2857 = ORIENTED_EDGE ( 'NONE', *, *, #2550, .T. ) ;
#2858 = DIRECTION ( 'NONE',  ( 0.000000000000000000, 0.000000000000000000, 1.000000000000000000 ) ) ;
#2859 = EDGE_LOOP ( 'NONE', ( #2174, #1797, #2618, #1288, #2397, #1150, #2625, #678, #861, #3040, #2747, #1491 ) ) ;
#2860 = CARTESIAN_POINT ( 'NONE',  ( 14.60131678952777357, 0.2299663245708661319, 41.91470564332816195 ) ) ;
#2861 = DIRECTION ( 'NONE',  ( 0.000000000000000000, 0.000000000000000000, 1.000000000000000000 ) ) ;
#2862 = VERTEX_POINT ( 'NONE', #268 ) ;
#2863 = ORIENTED_EDGE ( 'NONE', *, *, #1882, .F. ) ;
#2864 = LINE ( 'NONE', #446, #1960 ) ;
#2865 = ORIENTED_EDGE ( 'NONE', *, *, #2462, .F. ) ;
#2866 = CARTESIAN_POINT ( 'NONE',  ( 6.482675631477932576, 0.000000000000000000, -29.06761937508843729 ) ) ;
#2867 = ORIENTED_EDGE ( 'NONE', *, *, #2693, .T. ) ;
#2868 = DIRECTION ( 'NONE',  ( 0.000000000000000000, 0.000000000000000000, -1.000000000000000000 ) ) ;
#2869 = CARTESIAN_POINT ( 'NONE',  ( 16.55359945267356636, 10.25843080929339735, -43.47544904124092113 ) ) ;
#2870 = ORIENTED_EDGE ( 'NONE', *, *, #2968, .T. ) ;
#2871 = CARTESIAN_POINT ( 'NONE',  ( -4.749999999999995559, 9.000000000000001776, 30.25000000000000000 ) ) ;
#2872 = ORIENTED_EDGE ( 'NONE', *, *, #839, .T. ) ;
#2873 = CARTESIAN_POINT ( 'NONE',  ( 13.64146747908627511, -3.735415297391463509E-16, 41.08902070093644454 ) ) ;
#2874 = ADVANCED_FACE ( 'NONE', ( #1257 ), #1456, .F. ) ;
#2875 = EDGE_CURVE ( 'NONE', #523, #2704, #2731, .T. ) ;
#2876 = DIRECTION ( 'NONE',  ( -0.000000000000000000, -1.000000000000000000, -0.000000000000000000 ) ) ;
#2877 = AXIS2_PLACEMENT_3D ( 'NONE', #724, #264, #2611 ) ;
#2878 = ORIENTED_EDGE ( 'NONE', *, *, #194, .T. ) ;
#2879 = AXIS2_PLACEMENT_3D ( 'NONE', #2515, #2447, #1989 ) ;
#2880 = EDGE_CURVE ( 'NONE', #2986, #1804, #2237, .T. ) ;
#2881 = CARTESIAN_POINT ( 'NONE',  ( 12.25000000000000355, 0.000000000000000000, -6.457106781186878308 ) ) ;
#2882 = VECTOR ( 'NONE', #1281, 1000.000000000000000 ) ;
#2883 = ORIENTED_EDGE ( 'NONE', *, *, #1711, .T. ) ;
#2884 = DIRECTION ( 'NONE',  ( 0.000000000000000000, 0.000000000000000000, -1.000000000000000000 ) ) ;
#2885 = VECTOR ( 'NONE', #2015, 1000.000000000000000 ) ;
#2886 = VERTEX_POINT ( 'NONE', #1949 ) ;
#2887 = CIRCLE ( 'NONE', #462, 0.5000000000000004441 ) ;
#2888 = FACE_OUTER_BOUND ( 'NONE', #503, .T. ) ;
#2889 = DIRECTION ( 'NONE',  ( 0.3647612498231169731, -0.000000000000000000, -0.9311010850748041578 ) ) ;
#2890 = AXIS2_PLACEMENT_3D ( 'NONE', #1372, #1864, #2338 ) ;
#2891 = DIRECTION ( 'NONE',  ( -1.000000000000000000, 0.000000000000000000, 0.000000000000000000 ) ) ;
#2892 = ORIENTED_EDGE ( 'NONE', *, *, #2004, .T. ) ;
#2893 = CARTESIAN_POINT ( 'NONE',  ( -15.15816362845011511, 11.52148768748862473, -42.38527373633375817 ) ) ;
#2894 = DIRECTION ( 'NONE',  ( 0.000000000000000000, 0.000000000000000000, 1.000000000000000000 ) ) ;
#2895 = ADVANCED_FACE ( 'NONE', ( #1995 ), #72, .F. ) ;
#2896 = CARTESIAN_POINT ( 'NONE',  ( -15.34180016651413325, 0.5838620651585020305, 42.53819355716505157 ) ) ;
#2897 = VERTEX_POINT ( 'NONE', #740 ) ;
#2898 = FACE_OUTER_BOUND ( 'NONE', #1285, .T. ) ;
#2899 = CARTESIAN_POINT ( 'NONE',  ( -11.75000000000000888, 0.000000000000000000, 16.10292456913795789 ) ) ;
#2900 = CARTESIAN_POINT ( 'NONE',  ( -15.15820304746479152, 11.52146618860500560, 42.38530666686967407 ) ) ;
#2901 = FACE_BOUND ( 'NONE', #2240, .T. ) ;
#2902 = ORIENTED_EDGE ( 'NONE', *, *, #927, .F. ) ;
#2903 = DIRECTION ( 'NONE',  ( 0.000000000000000000, 0.000000000000000000, 1.000000000000000000 ) ) ;
#2904 = LINE ( 'NONE', #761, #612 ) ;
#2905 = CARTESIAN_POINT ( 'NONE',  ( -5.568430036570841679, 12.00000000000000000, -0.2252842860629902244 ) ) ;
#2906 = FACE_OUTER_BOUND ( 'NONE', #1389, .T. ) ;
#2907 = CARTESIAN_POINT ( 'NONE',  ( -17.25000000000002487, 8.000000000000000000, -37.71922359359557220 ) ) ;
#2908 = CARTESIAN_POINT ( 'NONE',  ( -14.78847960197580669, 11.69797829930714350, 42.07398365981396182 ) ) ;
#2909 = DIRECTION ( 'NONE',  ( 1.000000000000000000, 0.000000000000000000, -1.586032892321652236E-16 ) ) ;
#2910 = VERTEX_POINT ( 'NONE', #497 ) ;
#2911 = CARTESIAN_POINT ( 'NONE',  ( 14.24999999999999822, 4.749184812456125115, 42.59301895649019087 ) ) ;
#2912 = CARTESIAN_POINT ( 'NONE',  ( 4.750000000000004441, 9.000000000000001776, 40.74999999999999289 ) ) ;
#2913 = CYLINDRICAL_SURFACE ( 'NONE', #1726, 0.5000000000000004441 ) ;
#2914 = B_SPLINE_CURVE_WITH_KNOTS ( 'NONE', 3,
 ( #159, #1124, #2122, #2093, #3055, #3068, #885, #1856, #2810, #898, #1400, #186, #2893, #2455, #287, #2218, #1692, #1733, #1459, #955 ),
 .UNSPECIFIED., .F., .F.,
 ( 4, 2, 2, 2, 2, 2, 2, 2, 2, 4 ),
 ( 0.000000000000000000, 0.0007709845487687664884, 0.001156476823153149624, 0.001541969097537532977, 0.002312953646306303585, 0.003083938195075074194, 0.003854922743843844368, 0.004625907292612614977, 0.005396891841381385585, 0.006167876390150156193 ),
 .UNSPECIFIED. ) ;
#2915 = VERTEX_POINT ( 'NONE', #2173 ) ;
#2916 = CIRCLE ( 'NONE', #2466, 0.5000000000000004441 ) ;
#2917 = LINE ( 'NONE', #175, #2579 ) ;
#2918 = ORIENTED_EDGE ( 'NONE', *, *, #1076, .T. ) ;
#2919 = VERTEX_POINT ( 'NONE', #2412 ) ;
#2920 = VECTOR ( 'NONE', #743, 1000.000000000000000 ) ;
#2921 = EDGE_CURVE ( 'NONE', #1299, #2716, #1476, .T. ) ;
#2922 = DIRECTION ( 'NONE',  ( -0.000000000000000000, 0.000000000000000000, -1.000000000000000000 ) ) ;
#2923 = DIRECTION ( 'NONE',  ( 0.000000000000000000, -1.000000000000000000, 0.000000000000000000 ) ) ;
#2924 = DIRECTION ( 'NONE',  ( 0.000000000000000000, 0.000000000000000000, 1.000000000000000000 ) ) ;
#2925 = VECTOR ( 'NONE', #424, 1000.000000000000000 ) ;
#2926 = CARTESIAN_POINT ( 'NONE',  ( 17.24999999999998934, 6.000000000000000000, -41.00000000000000000 ) ) ;
#2927 = ORIENTED_EDGE ( 'NONE', *, *, #466, .T. ) ;
#2928 = PLANE ( 'NONE',  #1675 ) ;
#2929 = AXIS2_PLACEMENT_3D ( 'NONE', #1588, #2071, #633 ) ;
#2930 = CIRCLE ( 'NONE', #1524, 0.5000000000000004441 ) ;
#2931 = DIRECTION ( 'NONE',  ( 0.000000000000000000, 0.000000000000000000, -1.000000000000000000 ) ) ;
#2932 = CARTESIAN_POINT ( 'NONE',  ( 17.24999999999998934, 6.000000000000000000, -38.75000000000000000 ) ) ;
#2933 = AXIS2_PLACEMENT_3D ( 'NONE', #1027, #238, #2440 ) ;
#2934 = VECTOR ( 'NONE', #2876, 1000.000000000000000 ) ;
#2935 = ORIENTED_EDGE ( 'NONE', *, *, #260, .T. ) ;
#2936 =( BOUNDED_CURVE ( )  B_SPLINE_CURVE ( 3, ( #285, #771, #2215, #2471 ),
 .UNSPECIFIED., .F., .T. ) 
 B_SPLINE_CURVE_WITH_KNOTS ( ( 4, 4 ),
 ( 4.712388980384689674, 5.222632667903312154 ),
 .UNSPECIFIED. ) 
 CURVE ( )  GEOMETRIC_REPRESENTATION_ITEM ( )  RATIONAL_B_SPLINE_CURVE ( ( 1.000000000000000000, 0.9784217026512516124, 0.9784217026512516124, 1.000000000000000000 ) ) 
 REPRESENTATION_ITEM ( '' )  );
#2937 = CARTESIAN_POINT ( 'NONE',  ( -17.25000000000001776, 8.000000000000000000, 39.78077640640442780 ) ) ;
#2938 = CARTESIAN_POINT ( 'NONE',  ( -11.75000000000001066, 0.000000000000000000, -7.113961030678630948 ) ) ;
#2939 = VERTEX_POINT ( 'NONE', #1013 ) ;
#2940 = ORIENTED_EDGE ( 'NONE', *, *, #1719, .F. ) ;
#2941 = DIRECTION ( 'NONE',  ( -1.000000000000000000, 0.000000000000000000, 1.982541115402065110E-16 ) ) ;
#2942 = B_SPLINE_CURVE_WITH_KNOTS ( 'NONE', 3,
 ( #1134, #183, #1149, #470, #226, #1201, #2117, #1408, #2386, #2371, #2856, #2869, #700, #1672, #3048, #2806, #1610, #406 ),
 .UNSPECIFIED., .F., .F.,
 ( 4, 2, 2, 2, 2, 2, 2, 2, 4 ),
 ( -1.264911580359762451E-05, 0.001540938485617767079, 0.002317732286328447362, 0.003094526087039127429, 0.003871319887749808362, 0.004648113688460487995, 0.005036510588815833883, 0.005424907489171178036, 0.006201701289881863741 ),
 .UNSPECIFIED. ) ;
#2943 = DIRECTION ( 'NONE',  ( 0.000000000000000000, 1.000000000000000000, 0.000000000000000000 ) ) ;
#2944 = DIRECTION ( 'NONE',  ( 0.000000000000000000, 0.000000000000000000, -1.000000000000000000 ) ) ;
#2945 = DIRECTION ( 'NONE',  ( -1.000000000000000000, 0.000000000000000000, 1.009364629870440322E-16 ) ) ;
#2946 = ADVANCED_FACE ( 'NONE', ( #21 ), #1980, .F. ) ;
#2947 = ADVANCED_FACE ( 'NONE', ( #1714 ), #1482, .F. ) ;
#2948 = EDGE_LOOP ( 'NONE', ( #296, #809, #836, #345, #2878, #1670, #2728, #1732 ) ) ;
#2949 = CARTESIAN_POINT ( 'NONE',  ( -13.25000000000000178, 12.00000000000000000, 40.74999999999999289 ) ) ;
#2950 = EDGE_CURVE ( 'NONE', #608, #2762, #2936, .T. ) ;
#2951 = LINE ( 'NONE', #1460, #3085 ) ;
#2952 = FACE_BOUND ( 'NONE', #1183, .T. ) ;
#2953 = ORIENTED_EDGE ( 'NONE', *, *, #476, .F. ) ;
#2954 = FACE_OUTER_BOUND ( 'NONE', #946, .T. ) ;
#2955 = CARTESIAN_POINT ( 'NONE',  ( 16.74050207612652130, 9.953559637317594522, 37.91172824960729315 ) ) ;
#2956 = ORIENTED_EDGE ( 'NONE', *, *, #1644, .T. ) ;
#2957 = ORIENTED_EDGE ( 'NONE', *, *, #2378, .T. ) ;
#2958 = CARTESIAN_POINT ( 'NONE',  ( 6.017125088940531441, 12.00000000000000000, -29.75000000000000000 ) ) ;
#2959 = CARTESIAN_POINT ( 'NONE',  ( -4.749999999999995559, 0.000000000000000000, 43.75000000000000000 ) ) ;
#2960 = DIRECTION ( 'NONE',  ( -1.144043087021551507E-16, -0.2074184660328389773, -0.9782523089410952721 ) ) ;
#2961 = DIRECTION ( 'NONE',  ( -1.586032892321652236E-16, 0.000000000000000000, -1.000000000000000000 ) ) ;
#2962 = ORIENTED_EDGE ( 'NONE', *, *, #2812, .F. ) ;
#2963 = CARTESIAN_POINT ( 'NONE',  ( -17.12298334620741969, 9.000000000000001776, 43.75000000000000000 ) ) ;
#2964 = EDGE_LOOP ( 'NONE', ( #645, #498, #219, #3020, #1429, #1611, #2802 ) ) ;
#2965 = LINE ( 'NONE', #793, #315 ) ;
#2966 = VERTEX_POINT ( 'NONE', #1495 ) ;
#2967 = VECTOR ( 'NONE', #2214, 1000.000000000000000 ) ;
#2968 = EDGE_CURVE ( 'NONE', #319, #2637, #1279, .T. ) ;
#2969 = CARTESIAN_POINT ( 'NONE',  ( -5.214876645977566838, 0.000000000000000000, -0.5788376766562679521 ) ) ;
#2970 = VECTOR ( 'NONE', #3025, 999.9999999999998863 ) ;
#2971 = DIRECTION ( 'NONE',  ( 0.000000000000000000, -1.000000000000000000, 0.000000000000000000 ) ) ;
#2972 = AXIS2_PLACEMENT_3D ( 'NONE', #837, #1325, #2248 ) ;
#2973 = VERTEX_POINT ( 'NONE', #2293 ) ;
#2974 = EDGE_CURVE ( 'NONE', #1535, #660, #1584, .T. ) ;
#2975 = ORIENTED_EDGE ( 'NONE', *, *, #2107, .T. ) ;
#2976 = LINE ( 'NONE', #2719, #742 ) ;
#2977 = DIRECTION ( 'NONE',  ( 0.000000000000000000, 0.000000000000000000, -1.000000000000000000 ) ) ;
#2978 = DIRECTION ( 'NONE',  ( 1.000000000000000000, -0.000000000000000000, -0.000000000000000000 ) ) ;
#2979 = CARTESIAN_POINT ( 'NONE',  ( 17.24999999999999645, 3.297255550226283471, 35.74525279390251598 ) ) ;
#2980 = VECTOR ( 'NONE', #2982, 1000.000000000000000 ) ;
#2981 = VERTEX_POINT ( 'NONE', #106 ) ;
#2982 = DIRECTION ( 'NONE',  ( -0.000000000000000000, 1.000000000000000000, -0.000000000000000000 ) ) ;
#2983 = LINE ( 'NONE', #2545, #2535 ) ;
#2984 = ORIENTED_EDGE ( 'NONE', *, *, #331, .T. ) ;
#2985 = DIRECTION ( 'NONE',  ( 0.000000000000000000, 0.000000000000000000, -1.000000000000000000 ) ) ;
#2986 = VERTEX_POINT ( 'NONE', #2271 ) ;
#2987 = FACE_OUTER_BOUND ( 'NONE', #1022, .T. ) ;
#2988 = CIRCLE ( 'NONE', #1475, 4.000000000000000000 ) ;
#2989 = CARTESIAN_POINT ( 'NONE',  ( -6.017125088940569633, 12.00000000000000000, 23.25000000000000000 ) ) ;
#2990 = EDGE_CURVE ( 'NONE', #1558, #1299, #1308, .T. ) ;
#2991 = ORIENTED_EDGE ( 'NONE', *, *, #1094, .F. ) ;
#2992 = ORIENTED_EDGE ( 'NONE', *, *, #1177, .T. ) ;
#2993 = CARTESIAN_POINT ( 'NONE',  ( -17.25000000000002487, 6.000000000000000000, -38.74999999999999289 ) ) ;
#2994 = EDGE_CURVE ( 'NONE', #2627, #2121, #842, .T. ) ;
#2995 = CYLINDRICAL_SURFACE ( 'NONE', #696, 3.000000000000002665 ) ;
#2996 = CARTESIAN_POINT ( 'NONE',  ( 6.017125088940531441, 12.00000000000000000, -29.25000000000000000 ) ) ;
#2997 = DIRECTION ( 'NONE',  ( 1.000000000000000000, -0.000000000000000000, -1.084202172485504434E-16 ) ) ;
#2998 = DIRECTION ( 'NONE',  ( 0.000000000000000000, 0.000000000000000000, 1.000000000000000000 ) ) ;
#2999 = ORIENTED_EDGE ( 'NONE', *, *, #2487, .F. ) ;
#3000 = CARTESIAN_POINT ( 'NONE',  ( -17.24761604952913885, 3.855658575573258862, 38.04577159651994123 ) ) ;
#3001 = CARTESIAN_POINT ( 'NONE',  ( -11.04289321881345565, 0.000000000000000000, -29.75000000000000000 ) ) ;
#3002 = ORIENTED_EDGE ( 'NONE', *, *, #2656, .T. ) ;
#3003 = LINE ( 'NONE', #2871, #1834 ) ;
#3004 = EDGE_LOOP ( 'NONE', ( #863, #223, #1283, #274 ) ) ;
#3005 = DIRECTION ( 'NONE',  ( 0.000000000000000000, 0.000000000000000000, -1.000000000000000000 ) ) ;
#3006 = VERTEX_POINT ( 'NONE', #2035 ) ;
#3007 = ORIENTED_EDGE ( 'NONE', *, *, #1876, .T. ) ;
#3008 = DIRECTION ( 'NONE',  ( -0.000000000000000000, -1.000000000000000000, 0.000000000000000000 ) ) ;
#3009 = DIRECTION ( 'NONE',  ( 1.000000000000000000, 0.000000000000000000, 0.000000000000000000 ) ) ;
#3010 = CARTESIAN_POINT ( 'NONE',  ( 0.1904478628199861301, 12.00000000000000000, 5.533593613327767002 ) ) ;
#3011 = CARTESIAN_POINT ( 'NONE',  ( 17.24218305599746159, 3.750051105185157940, -38.57182150652903374 ) ) ;
#3012 = ORIENTED_EDGE ( 'NONE', *, *, #2593, .T. ) ;
#3013 = CYLINDRICAL_SURFACE ( 'NONE', #1772, 2.250000000000001776 ) ;
#3014 = DIRECTION ( 'NONE',  ( 8.673617379884035472E-17, 0.000000000000000000, 1.000000000000000000 ) ) ;
#3015 = VERTEX_POINT ( 'NONE', #1530 ) ;
#3016 = CARTESIAN_POINT ( 'NONE',  ( 13.24999999999998757, 4.000000000000000000, -43.75000000000000000 ) ) ;
#3017 = ORIENTED_EDGE ( 'NONE', *, *, #93, .F. ) ;
#3018 = CARTESIAN_POINT ( 'NONE',  ( -17.12298334620743390, 2.999999999999999112, -43.75000000000000000 ) ) ;
#3019 = AXIS2_PLACEMENT_3D ( 'NONE', #2572, #2346, #171 ) ;
#3020 = ORIENTED_EDGE ( 'NONE', *, *, #1268, .T. ) ;
#3021 = CIRCLE ( 'NONE', #3076, 0.5000000000000004441 ) ;
#3022 = ORIENTED_EDGE ( 'NONE', *, *, #900, .T. ) ;
#3023 = DIRECTION ( 'NONE',  ( 0.000000000000000000, 0.000000000000000000, -1.000000000000000000 ) ) ;
#3024 = CARTESIAN_POINT ( 'NONE',  ( -12.25000000000001243, 12.00000000000000000, -22.88603896932110970 ) ) ;
#3025 = DIRECTION ( 'NONE',  ( 0.7071067811865516806, 0.000000000000000000, 0.7071067811865434649 ) ) ;
#3026 = VECTOR ( 'NONE', #2078, 1000.000000000000000 ) ;
#3027 = CARTESIAN_POINT ( 'NONE',  ( -17.25000000000001776, 6.000000000000000000, 41.00000000000000711 ) ) ;
#3028 = EDGE_CURVE ( 'NONE', #1369, #630, #1116, .T. ) ;
#3029 = EDGE_CURVE ( 'NONE', #366, #2144, #1434, .T. ) ;
#3030 = ORIENTED_EDGE ( 'NONE', *, *, #48, .T. ) ;
#3031 = CARTESIAN_POINT ( 'NONE',  ( -17.25000000000001776, 6.000000000000000000, 38.75000000000000711 ) ) ;
#3032 = CARTESIAN_POINT ( 'NONE',  ( 13.24999999999999645, 0.000000000000000000, -2.626866977907735556E-15 ) ) ;
#3033 = ORIENTED_EDGE ( 'NONE', *, *, #1858, .T. ) ;
#3034 = CARTESIAN_POINT ( 'NONE',  ( -12.25000000000001066, 12.00000000000000000, -7.113961030678631836 ) ) ;
#3035 = ORIENTED_EDGE ( 'NONE', *, *, #2801, .F. ) ;
#3036 = CARTESIAN_POINT ( 'NONE',  ( -11.04289321881345565, 12.00000000000000000, -29.25000000000000000 ) ) ;
#3037 = PRESENTATION_LAYER_ASSIGNMENT (  '', '', ( #506 ) ) ;
#3038 = VECTOR ( 'NONE', #1854, 1000.000000000000000 ) ;
#3039 = CIRCLE ( 'NONE', #1581, 0.4999999999999995559 ) ;
#3040 = ORIENTED_EDGE ( 'NONE', *, *, #1029, .F. ) ;
#3041 = VECTOR ( 'NONE', #1562, 1000.000000000000000 ) ;
#3042 = ORIENTED_EDGE ( 'NONE', *, *, #799, .F. ) ;
#3043 = CARTESIAN_POINT ( 'NONE',  ( -12.25000000000000888, 0.000000000000000000, 16.10292456913795789 ) ) ;
#3044 = DIRECTION ( 'NONE',  ( 1.000000000000000000, 0.000000000000000000, 0.000000000000000000 ) ) ;
#3045 = FACE_OUTER_BOUND ( 'NONE', #2482, .T. ) ;
#3046 = CARTESIAN_POINT ( 'NONE',  ( -1.215045861572832786, 12.00000000000000000, 10.49206091961386633 ) ) ;
#3047 = CARTESIAN_POINT ( 'NONE',  ( 4.750000000000004441, 9.000000000000001776, 43.75000000000000000 ) ) ;
#3048 = CARTESIAN_POINT ( 'NONE',  ( 16.80689738553337520, 9.834224676812175048, -43.63406313876593146 ) ) ;
#3049 = ORIENTED_EDGE ( 'NONE', *, *, #45, .T. ) ;
#3050 = EDGE_CURVE ( 'NONE', #1341, #1704, #2757, .T. ) ;
#3051 = EDGE_CURVE ( 'NONE', #1608, #2594, #262, .T. ) ;
#3052 = CARTESIAN_POINT ( 'NONE',  ( 14.60126771477834673, 0.2299485945635204309, -41.91466380895067090 ) ) ;
#3053 = EDGE_CURVE ( 'NONE', #1004, #400, #2180, .T. ) ;
#3054 = ORIENTED_EDGE ( 'NONE', *, *, #148, .T. ) ;
#3055 = CARTESIAN_POINT ( 'NONE',  ( -16.74709694511559377, 9.945644494742293062, -43.59930579550363205 ) ) ;
#3056 = CARTESIAN_POINT ( 'NONE',  ( -16.62055969550058165, 1.842560205263078288, -43.52003967755359781 ) ) ;
#3057 = EDGE_LOOP ( 'NONE', ( #2294, #1808, #3067, #854 ) ) ;
#3058 = VERTEX_POINT ( 'NONE', #1045 ) ;
#3059 = CARTESIAN_POINT ( 'NONE',  ( -17.25000000000002487, 6.000000000000000000, -36.49999999999999289 ) ) ;
#3060 = CARTESIAN_POINT ( 'NONE',  ( -13.25000000000001599, 4.000000000000000000, -43.75000000000000000 ) ) ;
#3061 = CARTESIAN_POINT ( 'NONE',  ( -4.749999999999995559, 3.000000000000000000, 30.25000000000000000 ) ) ;
#3062 = APPLICATION_PROTOCOL_DEFINITION ( 'draft international standard', 'automotive_design', 1998, #1192 ) ;
#3063 = B_SPLINE_CURVE_WITH_KNOTS ( 'NONE', 3,
 ( #2907, #2186, #2157, #33, #483, #2171, #1701, #2701, #1744, #1511 ),
 .UNSPECIFIED., .F., .F.,
 ( 4, 2, 2, 2, 4 ),
 ( 0.000000000000000000, 0.0005323771605743158903, 0.001064754321148631781, 0.001597131481722947671, 0.002129508642297263561 ),
 .UNSPECIFIED. ) ;
#3064 = CARTESIAN_POINT ( 'NONE',  ( 17.12298334620742324, 9.000000000000001776, 43.75000000000000000 ) ) ;
#3065 = LINE ( 'NONE', #1925, #37 ) ;
#3066 = DIRECTION ( 'NONE',  ( -1.586032892321652236E-16, -0.000000000000000000, -1.000000000000000000 ) ) ;
#3067 = ORIENTED_EDGE ( 'NONE', *, *, #1418, .T. ) ;
#3068 = CARTESIAN_POINT ( 'NONE',  ( -16.62054963025777354, 10.15745561563314148, -43.52003312697993209 ) ) ;
#3069 = DIRECTION ( 'NONE',  ( -1.000000000000000000, 0.000000000000000000, 0.000000000000000000 ) ) ;
#3070 = DIRECTION ( 'NONE',  ( 0.000000000000000000, 0.000000000000000000, -1.000000000000000000 ) ) ;
#3071 = EDGE_LOOP ( 'NONE', ( #2057, #117, #2007, #3072 ) ) ;
#3072 = ORIENTED_EDGE ( 'NONE', *, *, #177, .F. ) ;
#3073 = CARTESIAN_POINT ( 'NONE',  ( 10.08994279943171080, 0.000000000000000000, -1.753202951076261673 ) ) ;
#3074 = DIRECTION ( 'NONE',  ( 0.000000000000000000, 0.000000000000000000, 1.000000000000000000 ) ) ;
#3075 = LINE ( 'NONE', #907, #2713 ) ;
#3076 = AXIS2_PLACEMENT_3D ( 'NONE', #30, #2364, #218 ) ;
#3077 = VECTOR ( 'NONE', #933, 1000.000000000000000 ) ;
#3078 = ORIENTED_EDGE ( 'NONE', *, *, #1032, .T. ) ;
#3079 = FACE_OUTER_BOUND ( 'NONE', #543, .T. ) ;
#3080 = ORIENTED_EDGE ( 'NONE', *, *, #2253, .F. ) ;
#3081 = CARTESIAN_POINT ( 'NONE',  ( 16.34253954721771152, 1.451801537325313030, 43.32875237913440003 ) ) ;
#3082 = DIRECTION ( 'NONE',  ( -1.000000000000000000, 0.000000000000000000, -0.000000000000000000 ) ) ;
#3083 = LINE ( 'NONE', #2502, #2068 ) ;
#3084 = ORIENTED_EDGE ( 'NONE', *, *, #2343, .F. ) ;
#3085 = VECTOR ( 'NONE', #1952, 1000.000000000000000 ) ;
#3086 = ADVANCED_FACE ( 'NONE', ( #1100 ), #2013, .F. ) ;
#3087 = EDGE_LOOP ( 'NONE', ( #2564, #2303, #1557, #1869 ) ) ;
#3088 = EDGE_CURVE ( 'NONE', #2232, #2210, #2063, .T. ) ;
#3089 = CARTESIAN_POINT ( 'NONE',  ( -17.05760219702879255, 2.746779898075292436, 43.75000000000000711 ) ) ;
#3090 = AXIS2_PLACEMENT_3D ( 'NONE', #2023, #1301, #1753 ) ;
#3091 = DIRECTION ( 'NONE',  ( -0.9311010850748040468, 0.000000000000000000, -0.3647612498231170841 ) ) ;
#3092 = DIRECTION ( 'NONE',  ( -0.3647612498231171396, -0.000000000000000000, 0.9311010850748040468 ) ) ;
#3093 =( NAMED_UNIT ( * ) PLANE_ANGLE_UNIT ( ) SI_UNIT ( $, .RADIAN. ) );
#3094 = ORIENTED_EDGE ( 'NONE', *, *, #2428, .F. ) ;
#3095 = CARTESIAN_POINT ( 'NONE',  ( 10.08994279943171080, 0.000000000000000000, -1.753202951076261673 ) ) ;
#3096 = VERTEX_POINT ( 'NONE', #325 ) ;
#3097 = DIRECTION ( 'NONE',  ( 0.000000000000000000, 0.6687558152689846436, 0.7434821178373530737 ) ) ;
#3098 = CARTESIAN_POINT ( 'NONE',  ( -1.680596404110234365, 12.00000000000000000, 10.30968029470230896 ) ) ;
#3099 = ORIENTED_EDGE ( 'NONE', *, *, #838, .F. ) ;
#3100 = ORIENTED_EDGE ( 'NONE', *, *, #1756, .T. ) ;
#3101 = DIRECTION ( 'NONE',  ( 7.820942106358092533E-17, -0.7434821178373530737, 0.6687558152689846436 ) ) ;
#3102 = PLANE ( 'NONE',  #1634 ) ;
#3103 = ORIENTED_EDGE ( 'NONE', *, *, #1180, .F. ) ;
#3104 = EDGE_CURVE ( 'NONE', #1438, #1258, #1293, .T. ) ;
#3105 = CARTESIAN_POINT ( 'NONE',  ( 14.03049878776890047, 11.92802717498133624, 41.42501199077209151 ) ) ;
#3106 = VERTEX_POINT ( 'NONE', #576 ) ;
#3107 = CARTESIAN_POINT ( 'NONE',  ( 6.620370370370371127, 0.000000000000000000, -10.87962962962989089 ) ) ;
#3108 = CARTESIAN_POINT ( 'NONE',  ( -6.017125088940569633, 12.00000000000000000, 22.75000000000000000 ) ) ;
#3109 = ORIENTED_EDGE ( 'NONE', *, *, #1184, .T. ) ;
#3110 = CARTESIAN_POINT ( 'NONE',  ( -11.75000000000001243, 12.00000000000000000, -23.38603896932110970 ) ) ;
#3111 = FACE_OUTER_BOUND ( 'NONE', #1331, .T. ) ;
#3112 = DIRECTION ( 'NONE',  ( 1.000000000000000000, -0.000000000000000000, 0.000000000000000000 ) ) ;
#3113 = ORIENTED_EDGE ( 'NONE', *, *, #2044, .F. ) ;
#3114 = VERTEX_POINT ( 'NONE', #1546 ) ;
#3115 = CARTESIAN_POINT ( 'NONE',  ( -15.86305196752736002, 0.9631394494411019691, 42.96162718988809104 ) ) ;
#3116 = DIRECTION ( 'NONE',  ( -0.000000000000000000, -1.000000000000000000, -0.000000000000000000 ) ) ;
#3117 = VECTOR ( 'NONE', #2401, 999.9999999999998863 ) ;
#3118 = ORIENTED_EDGE ( 'NONE', *, *, #2657, .F. ) ;
#3119 = CARTESIAN_POINT ( 'NONE',  ( 17.25000000000000355, 3.312189390153442936, 40.99545468040765428 ) ) ;
#3120 = CARTESIAN_POINT ( 'NONE',  ( -16.80689738553338941, 9.834224676812176824, 43.63406313876593146 ) ) ;
#3121 = CIRCLE ( 'NONE', #1757, 0.4999999999999995559 ) ;
#3122 = DIRECTION ( 'NONE',  ( 0.7071067811865529018, 0.000000000000000000, 0.7071067811865422437 ) ) ;
#3123 = ADVANCED_FACE ( 'NONE', ( #2505 ), #2524, .F. ) ;
#3124 = EDGE_LOOP ( 'NONE', ( #3017, #1855, #448, #342 ) ) ;
#3125 = VECTOR ( 'NONE', #3008, 1000.000000000000000 ) ;
#3126 = CARTESIAN_POINT ( 'NONE',  ( -17.24761604952914951, 3.855658575573258862, -39.45422840348007298 ) ) ;
ENDSEC;
END-ISO-10303-21;
