ISO-10303-21;
HEADER;
FILE_DESCRIPTION (( 'STEP AP214' ),
    '1' );
FILE_NAME ('Rear-Bottom-Suspension-Arm.STEP',
    '2026-05-11T14:16:55',
    ( '' ),
    ( '' ),
    'SwSTEP 2.0',
    'SolidWorks 2026',
    '' );
FILE_SCHEMA (( 'AUTOMOTIVE_DESIGN' ));
ENDSEC;

DATA;
#1 = FACE_OUTER_BOUND ( 'NONE', #2169, .T. ) ;
#2 = CARTESIAN_POINT ( 'NONE',  ( -15.00000000000000533, 4.000000000000000000, -39.49999999999999289 ) ) ;
#3 = VECTOR ( 'NONE', #3315, 1000.000000000000114 ) ;
#4 = ORIENTED_EDGE ( 'NONE', *, *, #1299, .T. ) ;
#5 = CARTESIAN_POINT ( 'NONE',  ( 13.49999999999999112, 0.000000000000000000, -42.50000000000000000 ) ) ;
#6 = AXIS2_PLACEMENT_3D ( 'NONE', #1322, #2131, #1917 ) ;
#7 = DIRECTION ( 'NONE',  ( 1.000000000000000000, -0.000000000000000000, -1.169476500658521966E-16 ) ) ;
#8 = ORIENTED_EDGE ( 'NONE', *, *, #2969, .T. ) ;
#9 = AXIS2_PLACEMENT_3D ( 'NONE', #2743, #3032, #1653 ) ;
#10 = CYLINDRICAL_SURFACE ( 'NONE', #2189, 0.5000000000000004441 ) ;
#11 = ADVANCED_FACE ( 'NONE', ( #1105 ), #2839, .F. ) ;
#12 = VECTOR ( 'NONE', #90, 1000.000000000000000 ) ;
#13 = ORIENTED_EDGE ( 'NONE', *, *, #3750, .T. ) ;
#14 = CARTESIAN_POINT ( 'NONE',  ( -9.146446609406718053, 0.000000000000000000, -24.64644660940672338 ) ) ;
#15 = VERTEX_POINT ( 'NONE', #3131 ) ;
#16 = EDGE_CURVE ( 'NONE', #2916, #2335, #449, .T. ) ;
#17 = LINE ( 'NONE', #3214, #308 ) ;
#18 = DIRECTION ( 'NONE',  ( 0.000000000000000000, 0.000000000000000000, -1.000000000000000000 ) ) ;
#19 = AXIS2_PLACEMENT_3D ( 'NONE', #775, #518, #2779 ) ;
#20 = DIRECTION ( 'NONE',  ( -0.000000000000000000, -1.000000000000000000, -0.000000000000000000 ) ) ;
#21 = ORIENTED_EDGE ( 'NONE', *, *, #2088, .F. ) ;
#22 = DIRECTION ( 'NONE',  ( 0.000000000000000000, -1.000000000000000000, 0.000000000000000000 ) ) ;
#23 = ORIENTED_EDGE ( 'NONE', *, *, #529, .T. ) ;
#24 = CARTESIAN_POINT ( 'NONE',  ( -13.50000000000000533, 8.000000000000000000, -42.50000000000000000 ) ) ;
#25 = VECTOR ( 'NONE', #3779, 1000.000000000000000 ) ;
#26 = FACE_OUTER_BOUND ( 'NONE', #1452, .T. ) ;
#27 = FACE_BOUND ( 'NONE', #3076, .T. ) ;
#28 = ORIENTED_EDGE ( 'NONE', *, *, #1009, .T. ) ;
#29 = EDGE_CURVE ( 'NONE', #594, #684, #2533, .T. ) ;
#30 = CARTESIAN_POINT ( 'NONE',  ( -4.999999999999997335, 8.000000000000000000, -44.50000000000000711 ) ) ;
#31 = ORIENTED_EDGE ( 'NONE', *, *, #3382, .T. ) ;
#32 = CARTESIAN_POINT ( 'NONE',  ( 12.00000000000000711, 4.000000000000000000, 41.74999999999999289 ) ) ;
#33 = EDGE_CURVE ( 'NONE', #313, #423, #2257, .T. ) ;
#34 = FACE_OUTER_BOUND ( 'NONE', #2188, .T. ) ;
#35 = DIRECTION ( 'NONE',  ( 0.000000000000000000, -1.000000000000000000, 0.000000000000000000 ) ) ;
#36 = ORIENTED_EDGE ( 'NONE', *, *, #2871, .T. ) ;
#37 = AXIS2_PLACEMENT_3D ( 'NONE', #2549, #3717, #171 ) ;
#38 = DIRECTION ( 'NONE',  ( 0.7071067811865427988, 0.000000000000000000, -0.7071067811865522357 ) ) ;
#39 = DIRECTION ( 'NONE',  ( 0.000000000000000000, 0.000000000000000000, -1.000000000000000000 ) ) ;
#40 = ORIENTED_EDGE ( 'NONE', *, *, #2822, .F. ) ;
#41 = CARTESIAN_POINT ( 'NONE',  ( 9.020317249214366839, 8.000000000000000000, -22.16907864732907996 ) ) ;
#42 = ORIENTED_EDGE ( 'NONE', *, *, #1721, .T. ) ;
#43 = CARTESIAN_POINT ( 'NONE',  ( -13.49999999999998046, 8.000000000000000000, 42.49999999999998579 ) ) ;
#44 = DIRECTION ( 'NONE',  ( 0.000000000000000000, -1.000000000000000000, 0.000000000000000000 ) ) ;
#45 = VECTOR ( 'NONE', #2903, 1000.000000000000000 ) ;
#46 = CARTESIAN_POINT ( 'NONE',  ( 13.50000000000000178, 6.000000000000000000, 42.49999999999998579 ) ) ;
#47 = VERTEX_POINT ( 'NONE', #2278 ) ;
#48 = FACE_OUTER_BOUND ( 'NONE', #1513, .T. ) ;
#49 = VECTOR ( 'NONE', #1017, 1000.000000000000000 ) ;
#50 = EDGE_CURVE ( 'NONE', #423, #68, #1366, .T. ) ;
#51 = FACE_OUTER_BOUND ( 'NONE', #1403, .T. ) ;
#52 = VERTEX_POINT ( 'NONE', #3072 ) ;
#53 = CIRCLE ( 'NONE', #3168, 0.5000000000000004441 ) ;
#54 = CARTESIAN_POINT ( 'NONE',  ( -13.49999999999998046, 8.000000000000000000, 44.49999999999999289 ) ) ;
#55 = ORIENTED_EDGE ( 'NONE', *, *, #2714, .T. ) ;
#56 = DIRECTION ( 'NONE',  ( 1.029029203971270602E-16, 0.000000000000000000, 1.000000000000000000 ) ) ;
#57 = ORIENTED_EDGE ( 'NONE', *, *, #2782, .T. ) ;
#58 = EDGE_CURVE ( 'NONE', #1862, #2121, #1307, .T. ) ;
#59 = DIRECTION ( 'NONE',  ( 0.000000000000000000, -0.000000000000000000, 1.000000000000000000 ) ) ;
#60 = CONICAL_SURFACE ( 'NONE', #249, 0.5000000000000004441, 0.7853981633974482790 ) ;
#61 = CARTESIAN_POINT ( 'NONE',  ( 12.00000000000000355, 0.5000000000000027756, 41.52072594216366497 ) ) ;
#62 = ORIENTED_EDGE ( 'NONE', *, *, #3558, .F. ) ;
#63 = VECTOR ( 'NONE', #1647, 1000.000000000000000 ) ;
#64 = LINE ( 'NONE', #43, #178 ) ;
#65 = CARTESIAN_POINT ( 'NONE',  ( -5.454545454545459471, 0.000000000000000000, 10.04545454545469774 ) ) ;
#66 = CIRCLE ( 'NONE', #1234, 0.5000000000000004441 ) ;
#67 = CARTESIAN_POINT ( 'NONE',  ( 9.915646712035636412, 0.000000000000000000, 1.693821305087370277 ) ) ;
#68 = VERTEX_POINT ( 'NONE', #3152 ) ;
#69 = LINE ( 'NONE', #1242, #2756 ) ;
#70 = AXIS2_PLACEMENT_3D ( 'NONE', #1921, #3383, #3677 ) ;
#71 = LINE ( 'NONE', #1198, #3119 ) ;
#72 = DIRECTION ( 'NONE',  ( 0.000000000000000000, 1.000000000000000000, 0.000000000000000000 ) ) ;
#73 = CARTESIAN_POINT ( 'NONE',  ( -14.36033125466089189, 0.8603312546609086509, 20.23504053025433791 ) ) ;
#74 = VERTEX_POINT ( 'NONE', #498 ) ;
#75 = ORIENTED_EDGE ( 'NONE', *, *, #2501, .T. ) ;
#76 = AXIS2_PLACEMENT_3D ( 'NONE', #1086, #2237, #1996 ) ;
#77 = DIRECTION ( 'NONE',  ( 1.000000000000000000, -0.000000000000000000, -1.169476500658521966E-16 ) ) ;
#78 = ORIENTED_EDGE ( 'NONE', *, *, #821, .T. ) ;
#79 = LINE ( 'NONE', #2904, #2179 ) ;
#80 = FACE_OUTER_BOUND ( 'NONE', #2317, .T. ) ;
#81 = ADVANCED_FACE ( 'NONE', ( #536 ), #1704, .F. ) ;
#82 = ORIENTED_EDGE ( 'NONE', *, *, #2156, .T. ) ;
#83 = VECTOR ( 'NONE', #2336, 1000.000000000000000 ) ;
#84 = CYLINDRICAL_SURFACE ( 'NONE', #1047, 2.250000000000001776 ) ;
#85 = DIRECTION ( 'NONE',  ( 0.7071067811865474617, 0.7071067811865474617, 0.000000000000000000 ) ) ;
#86 = LINE ( 'NONE', #1558, #881 ) ;
#87 = DIRECTION ( 'NONE',  ( 0.000000000000000000, 1.000000000000000000, 0.000000000000000000 ) ) ;
#88 = EDGE_LOOP ( 'NONE', ( #219, #2686, #2145, #1525, #2074, #636 ) ) ;
#89 = LINE ( 'NONE', #2426, #1761 ) ;
#90 = DIRECTION ( 'NONE',  ( 8.673617379884036705E-17, 1.224646799147353207E-16, 1.000000000000000000 ) ) ;
#91 = CARTESIAN_POINT ( 'NONE',  ( 0.01615177542392174509, 0.000000000000000000, 8.445083963558580820 ) ) ;
#92 = DIRECTION ( 'NONE',  ( 1.029029203971270602E-16, 0.000000000000000000, 1.000000000000000000 ) ) ;
#93 = ORIENTED_EDGE ( 'NONE', *, *, #1649, .T. ) ;
#94 = AXIS2_PLACEMENT_3D ( 'NONE', #3760, #2015, #2281 ) ;
#95 = CARTESIAN_POINT ( 'NONE',  ( 10.00000000000000178, 0.000000000000000000, -6.707106781186791267 ) ) ;
#96 = ORIENTED_EDGE ( 'NONE', *, *, #3181, .T. ) ;
#97 = CARTESIAN_POINT ( 'NONE',  ( -9.500000000000001776, 8.000000000000000000, 6.707106781186745081 ) ) ;
#98 = ORIENTED_EDGE ( 'NONE', *, *, #3122, .T. ) ;
#99 = CIRCLE ( 'NONE', #588, 0.5000000000000004441 ) ;
#100 = FACE_OUTER_BOUND ( 'NONE', #1052, .T. ) ;
#101 = CARTESIAN_POINT ( 'NONE',  ( 12.00000000000000355, 4.000000000000008882, 43.54145188432736546 ) ) ;
#102 = ORIENTED_EDGE ( 'NONE', *, *, #3405, .T. ) ;
#103 = EDGE_CURVE ( 'NONE', #2190, #594, #3719, .T. ) ;
#104 = ORIENTED_EDGE ( 'NONE', *, *, #2320, .T. ) ;
#105 = CARTESIAN_POINT ( 'NONE',  ( -15.00000000000000711, 8.000000000000000000, -44.50000000000000711 ) ) ;
#106 = LINE ( 'NONE', #720, #1122 ) ;
#107 = PLANE ( 'NONE',  #628 ) ;
#108 = DIRECTION ( 'NONE',  ( 0.000000000000000000, 0.000000000000000000, 1.000000000000000000 ) ) ;
#109 = ORIENTED_EDGE ( 'NONE', *, *, #2339, .T. ) ;
#110 = EDGE_CURVE ( 'NONE', #2866, #119, #3440, .T. ) ;
#111 = FACE_OUTER_BOUND ( 'NONE', #3299, .T. ) ;
#112 = DIRECTION ( 'NONE',  ( 0.000000000000000000, -1.000000000000000000, 0.000000000000000000 ) ) ;
#113 = CARTESIAN_POINT ( 'NONE',  ( 4.089506800367041173, 0.000000000000000000, -3.632318606581162790 ) ) ;
#114 = EDGE_LOOP ( 'NONE', ( #2721, #3155, #2248, #540, #3083, #13, #1176, #1933 ) ) ;
#115 = VECTOR ( 'NONE', #1427, 1000.000000000000000 ) ;
#116 = CARTESIAN_POINT ( 'NONE',  ( -4.331763378039132917, 0.000000000000000000, 24.99999999999998579 ) ) ;
#117 = ORIENTED_EDGE ( 'NONE', *, *, #1299, .F. ) ;
#118 = DIRECTION ( 'NONE',  ( -1.000000000000000000, -0.000000000000000000, -1.084202172485504434E-16 ) ) ;
#119 = VERTEX_POINT ( 'NONE', #247 ) ;
#120 = ADVANCED_FACE ( 'NONE', ( #1414 ), #1667, .F. ) ;
#121 = CARTESIAN_POINT ( 'NONE',  ( 5.000000000000002665, 5.000000000000000000, -29.50000000000000355 ) ) ;
#122 = MECHANICAL_DESIGN_GEOMETRIC_PRESENTATION_REPRESENTATION (  '', ( #490 ), #3535 ) ;
#123 = VERTEX_POINT ( 'NONE', #2820 ) ;
#124 = AXIS2_PLACEMENT_3D ( 'NONE', #3028, #112, #3618 ) ;
#125 = CARTESIAN_POINT ( 'NONE',  ( -16.68933982822007778, 8.000000000000000000, 16.68933982822027673 ) ) ;
#126 = DIRECTION ( 'NONE',  ( 0.000000000000000000, 0.000000000000000000, 1.000000000000000000 ) ) ;
#127 = CYLINDRICAL_SURFACE ( 'NONE', #2477, 2.250000000000001776 ) ;
#128 = EDGE_CURVE ( 'NONE', #684, #1318, #1926, .T. ) ;
#129 = AXIS2_PLACEMENT_3D ( 'NONE', #2505, #2976, #2144 ) ;
#130 = CARTESIAN_POINT ( 'NONE',  ( -15.00000000000000711, 8.000000000000000000, -44.50000000000000711 ) ) ;
#131 = ORIENTED_EDGE ( 'NONE', *, *, #3757, .T. ) ;
#132 = VECTOR ( 'NONE', #2497, 1000.000000000000000 ) ;
#133 = EDGE_CURVE ( 'NONE', #3660, #2621, #1070, .T. ) ;
#134 =( NAMED_UNIT ( * ) SI_UNIT ( $, .STERADIAN. ) SOLID_ANGLE_UNIT ( ) );
#135 = DIRECTION ( 'NONE',  ( -1.000000000000000000, -0.000000000000000000, 1.169476500658521966E-16 ) ) ;
#136 = AXIS2_PLACEMENT_3D ( 'NONE', #3715, #205, #3475 ) ;
#137 = EDGE_CURVE ( 'NONE', #2259, #2823, #86, .T. ) ;
#138 = LINE ( 'NONE', #1308, #930 ) ;
#139 = ORIENTED_EDGE ( 'NONE', *, *, #1885, .T. ) ;
#140 = DIRECTION ( 'NONE',  ( 0.7071067811865474617, 0.000000000000000000, 0.7071067811865474617 ) ) ;
#141 = FACE_OUTER_BOUND ( 'NONE', #1738, .T. ) ;
#142 = CARTESIAN_POINT ( 'NONE',  ( -0.01615177542392174509, 0.000000000000000000, -8.445083963558616347 ) ) ;
#143 = ORIENTED_EDGE ( 'NONE', *, *, #1766, .F. ) ;
#144 = VERTEX_POINT ( 'NONE', #1757 ) ;
#145 = DIRECTION ( 'NONE',  ( -1.000000000000000000, -3.761581922631320025E-32, 8.673617379884035472E-17 ) ) ;
#146 = CARTESIAN_POINT ( 'NONE',  ( 8.792893218813443212, 0.000000000000000000, 24.99999999999998579 ) ) ;
#147 = CYLINDRICAL_SURFACE ( 'NONE', #495, 2.000000000000001776 ) ;
#148 = ORIENTED_EDGE ( 'NONE', *, *, #2453, .F. ) ;
#149 = DIRECTION ( 'NONE',  ( -0.000000000000000000, 1.000000000000000000, -0.000000000000000000 ) ) ;
#150 = LINE ( 'NONE', #2794, #682 ) ;
#151 = LINE ( 'NONE', #3657, #2017 ) ;
#152 = CARTESIAN_POINT ( 'NONE',  ( 22.84514384271010101, -1.345143842710103232, 32.37252787922664510 ) ) ;
#153 = DIRECTION ( 'NONE',  ( 1.000000000000000000, -0.000000000000000000, -0.000000000000000000 ) ) ;
#154 = EDGE_CURVE ( 'NONE', #397, #3573, #871, .T. ) ;
#155 = ADVANCED_FACE ( 'NONE', ( #1465 ), #3590, .T. ) ;
#156 = VERTEX_POINT ( 'NONE', #886 ) ;
#157 = ORIENTED_EDGE ( 'NONE', *, *, #2558, .F. ) ;
#158 = CARTESIAN_POINT ( 'NONE',  ( -9.500000000000001776, 0.000000000000000000, 6.707106781186745081 ) ) ;
#159 = PLANE ( 'NONE',  #1225 ) ;
#160 = ORIENTED_EDGE ( 'NONE', *, *, #2550, .F. ) ;
#161 = LINE ( 'NONE', #698, #2133 ) ;
#162 = EDGE_LOOP ( 'NONE', ( #21, #319, #2836, #3471, #3358, #941, #215, #2981 ) ) ;
#163 = ORIENTED_EDGE ( 'NONE', *, *, #3296, .T. ) ;
#164 = DIRECTION ( 'NONE',  ( -0.7071067811865522357, 0.000000000000000000, -0.7071067811865427988 ) ) ;
#165 = CIRCLE ( 'NONE', #1751, 1.899999999999999689 ) ;
#166 = CARTESIAN_POINT ( 'NONE',  ( 11.99999999999996980, 4.269834899836144112E-31, -1.252613932469236611E-14 ) ) ;
#167 = CARTESIAN_POINT ( 'NONE',  ( -0.01615177542392174509, 8.000000000000000000, -8.445083963558616347 ) ) ;
#168 = EDGE_LOOP ( 'NONE', ( #2484, #1797, #1507, #2365 ) ) ;
#169 = CARTESIAN_POINT ( 'NONE',  ( -6.017979839966705491, 0.000000000000000000, 10.18912694122000140 ) ) ;
#170 = DIRECTION ( 'NONE',  ( -0.000000000000000000, -1.000000000000000000, -0.000000000000000000 ) ) ;
#171 = DIRECTION ( 'NONE',  ( 0.000000000000000000, 0.000000000000000000, -1.000000000000000000 ) ) ;
#172 = DIRECTION ( 'NONE',  ( -0.7071067811865475727, -0.000000000000000000, -0.7071067811865475727 ) ) ;
#173 = VERTEX_POINT ( 'NONE', #3288 ) ;
#174 = CARTESIAN_POINT ( 'NONE',  ( -1.348886878754494090, 0.000000000000000000, 14.85821990243216462 ) ) ;
#175 = LINE ( 'NONE', #2518, #1298 ) ;
#176 = ORIENTED_EDGE ( 'NONE', *, *, #635, .T. ) ;
#177 = CARTESIAN_POINT ( 'NONE',  ( -9.146446609406718053, 8.000000000000000000, -24.64644660940672338 ) ) ;
#178 = VECTOR ( 'NONE', #2093, 1000.000000000000114 ) ;
#179 = ORIENTED_EDGE ( 'NONE', *, *, #1084, .F. ) ;
#180 = ORIENTED_EDGE ( 'NONE', *, *, #3664, .F. ) ;
#181 = EDGE_CURVE ( 'NONE', #2586, #2079, #1368, .T. ) ;
#182 = LINE ( 'NONE', #3396, #917 ) ;
#183 = AXIS2_PLACEMENT_3D ( 'NONE', #3067, #2197, #1005 ) ;
#184 = CARTESIAN_POINT ( 'NONE',  ( -9.146446609406728712, 0.000000000000000000, 6.353553390593468464 ) ) ;
#185 = LINE ( 'NONE', #1989, #3360 ) ;
#186 = ORIENTED_EDGE ( 'NONE', *, *, #2972, .T. ) ;
#187 = VECTOR ( 'NONE', #1175, 1000.000000000000114 ) ;
#188 = PLANE ( 'NONE',  #923 ) ;
#189 = CARTESIAN_POINT ( 'NONE',  ( 12.00000000000000355, 0.5000000000000027756, 41.52072594216366497 ) ) ;
#190 = PRODUCT_DEFINITION_FORMATION_WITH_SPECIFIED_SOURCE ( 'ANY', '', #1327, .NOT_KNOWN. ) ;
#191 = EDGE_CURVE ( 'NONE', #2767, #1386, #681, .T. ) ;
#192 = EDGE_LOOP ( 'NONE', ( #2724, #2876, #2221, #576 ) ) ;
#193 = DIRECTION ( 'NONE',  ( 1.169476500658521966E-16, 0.000000000000000000, 1.000000000000000000 ) ) ;
#194 = DIRECTION ( 'NONE',  ( 0.000000000000000000, 1.000000000000000000, 0.000000000000000000 ) ) ;
#195 = EDGE_LOOP ( 'NONE', ( #3519, #1174, #666, #2934 ) ) ;
#196 = EDGE_LOOP ( 'NONE', ( #1496, #723, #2995, #3324 ) ) ;
#197 = EDGE_LOOP ( 'NONE', ( #2744, #779, #256, #1680 ) ) ;
#198 = EDGE_CURVE ( 'NONE', #1586, #1675, #3499, .T. ) ;
#199 = CARTESIAN_POINT ( 'NONE',  ( -4.811446128824767854, 8.000000000000000000, 24.85891683800421248 ) ) ;
#200 = LINE ( 'NONE', #1096, #3333 ) ;
#201 = VECTOR ( 'NONE', #556, 1000.000000000000000 ) ;
#202 = ADVANCED_FACE ( 'NONE', ( #853 ), #1740, .F. ) ;
#203 = CARTESIAN_POINT ( 'NONE',  ( -15.00000000000000533, 4.000000000000000000, -41.74999999999999289 ) ) ;
#204 = EDGE_LOOP ( 'NONE', ( #1209, #1770, #2275, #1420 ) ) ;
#205 = DIRECTION ( 'NONE',  ( 0.000000000000000000, 0.000000000000000000, 1.000000000000000000 ) ) ;
#206 = DIRECTION ( 'NONE',  ( 1.000000000000000000, 0.000000000000000000, -1.029029203971268260E-16 ) ) ;
#207 = DIRECTION ( 'NONE',  ( 0.000000000000000000, 0.000000000000000000, -1.000000000000000000 ) ) ;
#208 = AXIS2_PLACEMENT_3D ( 'NONE', #1652, #2535, #3053 ) ;
#209 = DIRECTION ( 'NONE',  ( 0.000000000000000000, 0.000000000000000000, -1.000000000000000000 ) ) ;
#210 = ORIENTED_EDGE ( 'NONE', *, *, #58, .F. ) ;
#211 = CARTESIAN_POINT ( 'NONE',  ( 4.331763378039131140, 0.000000000000000000, -25.00000000000000000 ) ) ;
#212 = DIRECTION ( 'NONE',  ( 1.000000000000000000, 0.000000000000000000, 0.000000000000000000 ) ) ;
#213 = ORIENTED_EDGE ( 'NONE', *, *, #1726, .F. ) ;
#214 = ORIENTED_EDGE ( 'NONE', *, *, #2734, .T. ) ;
#215 = ORIENTED_EDGE ( 'NONE', *, *, #2798, .T. ) ;
#216 = CARTESIAN_POINT ( 'NONE',  ( -0.01615177542392174509, 0.000000000000000000, -8.445083963558616347 ) ) ;
#217 = CARTESIAN_POINT ( 'NONE',  ( -10.00000000000000178, 8.000000000000000000, 6.707106781186745081 ) ) ;
#218 = DIRECTION ( 'NONE',  ( 0.000000000000000000, 1.000000000000000000, 0.000000000000000000 ) ) ;
#219 = ORIENTED_EDGE ( 'NONE', *, *, #2688, .T. ) ;
#220 = AXIS2_PLACEMENT_3D ( 'NONE', #2065, #3273, #3298 ) ;
#221 = LINE ( 'NONE', #1428, #3606 ) ;
#222 = CARTESIAN_POINT ( 'NONE',  ( 13.50000000000000178, 0.000000000000000000, 42.49999999999998579 ) ) ;
#223 = ORIENTED_EDGE ( 'NONE', *, *, #2451, .F. ) ;
#224 = ADVANCED_FACE ( 'NONE', ( #366 ), #107, .T. ) ;
#225 = LINE ( 'NONE', #246, #1720 ) ;
#226 = SURFACE_STYLE_USAGE ( .BOTH. , #2570 ) ;
#227 = ORIENTED_EDGE ( 'NONE', *, *, #1398, .T. ) ;
#228 = CARTESIAN_POINT ( 'NONE',  ( 0.000000000000000000, 6.000000000000000000, 42.49999999999998579 ) ) ;
#229 = ORIENTED_EDGE ( 'NONE', *, *, #2688, .F. ) ;
#230 = VERTEX_POINT ( 'NONE', #3498 ) ;
#231 = CIRCLE ( 'NONE', #605, 2.999999999999999112 ) ;
#232 = DIRECTION ( 'NONE',  ( 0.000000000000000000, 0.000000000000000000, 1.000000000000000000 ) ) ;
#233 = CARTESIAN_POINT ( 'NONE',  ( -9.500000000000005329, 0.000000000000000000, -17.22182540694803166 ) ) ;
#234 = VECTOR ( 'NONE', #1478, 1000.000000000000000 ) ;
#235 = CARTESIAN_POINT ( 'NONE',  ( -1.348886878754494090, 0.000000000000000000, 14.85821990243216462 ) ) ;
#236 = ORIENTED_EDGE ( 'NONE', *, *, #1333, .T. ) ;
#237 = CIRCLE ( 'NONE', #2672, 2.250000000000001776 ) ;
#238 = EDGE_CURVE ( 'NONE', #594, #890, #1154, .T. ) ;
#239 = CIRCLE ( 'NONE', #2575, 2.000000000000001776 ) ;
#240 = CARTESIAN_POINT ( 'NONE',  ( 14.99999999999999289, 1.500000000000001332, -44.50000000000000711 ) ) ;
#241 = ORIENTED_EDGE ( 'NONE', *, *, #3045, .T. ) ;
#242 = FACE_OUTER_BOUND ( 'NONE', #3466, .T. ) ;
#243 = EDGE_CURVE ( 'NONE', #2916, #3660, #2879, .T. ) ;
#244 = ADVANCED_FACE ( 'NONE', ( #2047 ), #1431, .T. ) ;
#245 = CIRCLE ( 'NONE', #2513, 2.250000000000001776 ) ;
#246 = CARTESIAN_POINT ( 'NONE',  ( 5.664426449373434203, 8.000000000000000000, -9.835573550626767414 ) ) ;
#247 = CARTESIAN_POINT ( 'NONE',  ( 4.811446128824766078, 8.000000000000000000, -24.85891683800422669 ) ) ;
#248 = EDGE_CURVE ( 'NONE', #711, #3231, #2034, .T. ) ;
#249 = AXIS2_PLACEMENT_3D ( 'NONE', #1868, #2378, #3023 ) ;
#250 = EDGE_CURVE ( 'NONE', #1568, #2597, #2816, .T. ) ;
#251 = ORIENTED_EDGE ( 'NONE', *, *, #773, .F. ) ;
#252 = CARTESIAN_POINT ( 'NONE',  ( 4.999999999999993783, 0.000000000000000000, -25.50000000000000355 ) ) ;
#253 = FACE_OUTER_BOUND ( 'NONE', #162, .T. ) ;
#254 = ORIENTED_EDGE ( 'NONE', *, *, #511, .F. ) ;
#255 = AXIS2_PLACEMENT_3D ( 'NONE', #1399, #2277, #3425 ) ;
#256 = ORIENTED_EDGE ( 'NONE', *, *, #110, .F. ) ;
#257 = CIRCLE ( 'NONE', #2387, 0.5000000000000004441 ) ;
#258 = LINE ( 'NONE', #305, #45 ) ;
#259 = CARTESIAN_POINT ( 'NONE',  ( 0.2260327702518966642, 0.000000000000000000, 8.654964958386553775 ) ) ;
#260 = ORIENTED_EDGE ( 'NONE', *, *, #2550, .T. ) ;
#261 = LINE ( 'NONE', #2289, #1764 ) ;
#262 = ADVANCED_FACE ( 'NONE', ( #1 ), #1169, .F. ) ;
#263 = CARTESIAN_POINT ( 'NONE',  ( -10.00000000000000533, 0.000000000000000000, -25.50000000000000000 ) ) ;
#264 = ORIENTED_EDGE ( 'NONE', *, *, #2397, .T. ) ;
#265 = LINE ( 'NONE', #2046, #3619 ) ;
#266 = DIRECTION ( 'NONE',  ( 0.000000000000000000, -2.682704640602072586E-16, -1.000000000000000000 ) ) ;
#267 = AXIS2_PLACEMENT_3D ( 'NONE', #725, #3044, #983 ) ;
#268 = EDGE_LOOP ( 'NONE', ( #229, #3149, #1400, #2176, #3136, #2067, #1802 ) ) ;
#269 = ADVANCED_FACE ( 'NONE', ( #1825, #2986 ), #744, .T. ) ;
#270 = CARTESIAN_POINT ( 'NONE',  ( -15.00000000000000533, 4.000000000000000000, -37.24999999999999289 ) ) ;
#271 = VERTEX_POINT ( 'NONE', #2211 ) ;
#272 = EDGE_CURVE ( 'NONE', #465, #654, #3376, .T. ) ;
#273 = FACE_OUTER_BOUND ( 'NONE', #2272, .T. ) ;
#274 = CIRCLE ( 'NONE', #2408, 0.5000000000000004441 ) ;
#275 = DIRECTION ( 'NONE',  ( 0.000000000000000000, -0.000000000000000000, 1.000000000000000000 ) ) ;
#276 = ORIENTED_EDGE ( 'NONE', *, *, #3694, .F. ) ;
#277 = CARTESIAN_POINT ( 'NONE',  ( 9.769200102628907700, 8.000000000000000000, 1.340267914494087442 ) ) ;
#278 = LINE ( 'NONE', #587, #670 ) ;
#279 = ORIENTED_EDGE ( 'NONE', *, *, #3622, .F. ) ;
#280 = AXIS2_PLACEMENT_3D ( 'NONE', #3543, #359, #895 ) ;
#281 = DIRECTION ( 'NONE',  ( 0.000000000000000000, -1.000000000000000000, 0.000000000000000000 ) ) ;
#282 = CARTESIAN_POINT ( 'NONE',  ( -15.00000000000000533, 4.000000000000000000, 41.74999999999999289 ) ) ;
#283 = CARTESIAN_POINT ( 'NONE',  ( 15.00000000000000178, 4.000000000000000000, -41.74999999999999289 ) ) ;
#284 = ORIENTED_EDGE ( 'NONE', *, *, #1180, .T. ) ;
#285 = DIRECTION ( 'NONE',  ( 0.000000000000000000, 0.000000000000000000, 1.000000000000000000 ) ) ;
#286 = EDGE_LOOP ( 'NONE', ( #3258, #3180 ) ) ;
#287 = DIRECTION ( 'NONE',  ( 0.000000000000000000, -1.000000000000000000, 0.000000000000000000 ) ) ;
#288 = LINE ( 'NONE', #1475, #590 ) ;
#289 = EDGE_CURVE ( 'NONE', #1318, #3008, #765, .T. ) ;
#290 = VERTEX_POINT ( 'NONE', #2770 ) ;
#291 = DIRECTION ( 'NONE',  ( 0.000000000000000000, 0.000000000000000000, -1.000000000000000000 ) ) ;
#292 = VECTOR ( 'NONE', #827, 1000.000000000000000 ) ;
#293 = ORIENTED_EDGE ( 'NONE', *, *, #2279, .F. ) ;
#294 = LINE ( 'NONE', #2631, #3554 ) ;
#295 = DIRECTION ( 'NONE',  ( 0.000000000000000000, 1.000000000000000000, 0.000000000000000000 ) ) ;
#296 = VECTOR ( 'NONE', #965, 1000.000000000000000 ) ;
#297 = CARTESIAN_POINT ( 'NONE',  ( -4.089506800367041173, 8.000000000000000000, 3.632318606581117493 ) ) ;
#298 = AXIS2_PLACEMENT_3D ( 'NONE', #1166, #1446, #3551 ) ;
#299 = ORIENTED_EDGE ( 'NONE', *, *, #715, .F. ) ;
#300 = AXIS2_PLACEMENT_3D ( 'NONE', #333, #3302, #2668 ) ;
#301 = ADVANCED_FACE ( 'NONE', ( #1616 ), #883, .T. ) ;
#302 = LINE ( 'NONE', #631, #2328 ) ;
#303 = VERTEX_POINT ( 'NONE', #3690 ) ;
#304 = CIRCLE ( 'NONE', #1661, 0.5000000000000004441 ) ;
#305 = CARTESIAN_POINT ( 'NONE',  ( 10.00000000000000178, 0.000000000000000000, -22.02799548533330309 ) ) ;
#306 = DIRECTION ( 'NONE',  ( 0.000000000000000000, 1.000000000000000000, 0.000000000000000000 ) ) ;
#307 = LINE ( 'NONE', #912, #3731 ) ;
#308 = VECTOR ( 'NONE', #1794, 1000.000000000000000 ) ;
#309 = ORIENTED_EDGE ( 'NONE', *, *, #243, .F. ) ;
#310 = EDGE_CURVE ( 'NONE', #317, #3231, #3609, .T. ) ;
#311 = AXIS2_PLACEMENT_3D ( 'NONE', #910, #2340, #2041 ) ;
#312 = CARTESIAN_POINT ( 'NONE',  ( -9.500000000000000000, 0.000000000000000000, 22.02799548533325691 ) ) ;
#313 = VERTEX_POINT ( 'NONE', #1869 ) ;
#314 = CARTESIAN_POINT ( 'NONE',  ( 5.454545454545459471, 0.000000000000000000, -10.04545454545473859 ) ) ;
#315 = LINE ( 'NONE', #1758, #921 ) ;
#316 = DIRECTION ( 'NONE',  ( 0.000000000000000000, 0.000000000000000000, -1.000000000000000000 ) ) ;
#317 = VERTEX_POINT ( 'NONE', #1019 ) ;
#318 = DIRECTION ( 'NONE',  ( -1.000000000000000000, -0.000000000000000000, -1.445602896647338917E-16 ) ) ;
#319 = ORIENTED_EDGE ( 'NONE', *, *, #181, .T. ) ;
#320 = DIRECTION ( 'NONE',  ( 0.000000000000000000, 0.000000000000000000, 1.000000000000000000 ) ) ;
#321 = DIRECTION ( 'NONE',  ( -1.000000000000000000, 0.000000000000000000, 9.144372052005619048E-17 ) ) ;
#322 = CARTESIAN_POINT ( 'NONE',  ( -9.020317249214365063, 7.999999999999996447, 22.16907864732903377 ) ) ;
#323 = EDGE_LOOP ( 'NONE', ( #3238, #972, #1839, #2206 ) ) ;
#324 = VERTEX_POINT ( 'NONE', #3672 ) ;
#325 = DIRECTION ( 'NONE',  ( -7.709882115452470278E-16, 0.000000000000000000, -1.000000000000000000 ) ) ;
#326 = CARTESIAN_POINT ( 'NONE',  ( -9.853553390593276617, 0.000000000000000000, -1.424621202458506986 ) ) ;
#327 = VERTEX_POINT ( 'NONE', #2174 ) ;
#328 = FACE_OUTER_BOUND ( 'NONE', #3724, .T. ) ;
#329 = DIRECTION ( 'NONE',  ( 0.7071067811865475727, 0.000000000000000000, 0.7071067811865475727 ) ) ;
#330 = EDGE_CURVE ( 'NONE', #1600, #47, #3081, .T. ) ;
#331 = VERTEX_POINT ( 'NONE', #1359 ) ;
#332 = AXIS2_PLACEMENT_3D ( 'NONE', #3255, #1814, #35 ) ;
#333 = CARTESIAN_POINT ( 'NONE',  ( 0.01615177542392174509, 0.000000000000000000, 8.445083963558580820 ) ) ;
#334 = ORIENTED_EDGE ( 'NONE', *, *, #1229, .F. ) ;
#335 = DIRECTION ( 'NONE',  ( -0.000000000000000000, -1.000000000000000000, -0.000000000000000000 ) ) ;
#336 = CARTESIAN_POINT ( 'NONE',  ( -14.99999999999999645, 6.499999999999984901, 42.49999999999998579 ) ) ;
#337 = DIRECTION ( 'NONE',  ( 8.673617379884035472E-17, 0.000000000000000000, 1.000000000000000000 ) ) ;
#338 = ORIENTED_EDGE ( 'NONE', *, *, #198, .T. ) ;
#339 = ORIENTED_EDGE ( 'NONE', *, *, #3529, .T. ) ;
#340 = CARTESIAN_POINT ( 'NONE',  ( -0.9953334881612208029, 0.000000000000000000, 14.50466651183888800 ) ) ;
#341 = DIRECTION ( 'NONE',  ( -0.2821663239915488397, -0.000000000000000000, 0.9593655015712708733 ) ) ;
#342 = CIRCLE ( 'NONE', #3785, 2.999999999999999112 ) ;
#343 = DIRECTION ( 'NONE',  ( 0.000000000000000000, 0.000000000000000000, 1.000000000000000000 ) ) ;
#344 = ORIENTED_EDGE ( 'NONE', *, *, #689, .T. ) ;
#345 = AXIS2_PLACEMENT_3D ( 'NONE', #813, #2031, #570 ) ;
#346 = CARTESIAN_POINT ( 'NONE',  ( -4.999999999999997335, 8.000000000000000000, -29.50000000000000355 ) ) ;
#347 = PLANE ( 'NONE',  #1664 ) ;
#348 = VECTOR ( 'NONE', #743, 1000.000000000000000 ) ;
#349 = CARTESIAN_POINT ( 'NONE',  ( -15.00000000000000000, 3.999999999999997335, 5.499999999999995559 ) ) ;
#350 = DIRECTION ( 'NONE',  ( 1.000000000000000000, -0.000000000000000000, -0.000000000000000000 ) ) ;
#351 = VERTEX_POINT ( 'NONE', #3335 ) ;
#352 = VECTOR ( 'NONE', #1064, 1000.000000000000000 ) ;
#353 = EDGE_CURVE ( 'NONE', #156, #1674, #1576, .T. ) ;
#354 = VECTOR ( 'NONE', #2180, 1000.000000000000000 ) ;
#355 = ORIENTED_EDGE ( 'NONE', *, *, #3664, .T. ) ;
#356 = ADVANCED_FACE ( 'NONE', ( #2229 ), #783, .T. ) ;
#357 = DIRECTION ( 'NONE',  ( -1.000000000000000000, 0.000000000000000000, 9.144372052005619048E-17 ) ) ;
#358 = VECTOR ( 'NONE', #658, 1000.000000000000000 ) ;
#359 = DIRECTION ( 'NONE',  ( 1.000000000000000000, -0.000000000000000000, 1.084202172485504557E-16 ) ) ;
#360 = CARTESIAN_POINT ( 'NONE',  ( 4.443060190960312461, 0.000000000000000000, -3.985871997174438519 ) ) ;
#361 = EDGE_LOOP ( 'NONE', ( #1654, #1555, #500, #3134 ) ) ;
#362 = EDGE_LOOP ( 'NONE', ( #596, #1865, #109, #3655 ) ) ;
#363 = VECTOR ( 'NONE', #194, 1000.000000000000000 ) ;
#364 = DIRECTION ( 'NONE',  ( 1.000000000000000000, -0.000000000000000000, 0.000000000000000000 ) ) ;
#365 = CYLINDRICAL_SURFACE ( 'NONE', #2080, 2.250000000000001776 ) ;
#366 = FACE_OUTER_BOUND ( 'NONE', #1363, .T. ) ;
#367 = DIRECTION ( 'NONE',  ( 0.000000000000000000, 0.000000000000000000, 1.000000000000000000 ) ) ;
#368 = ORIENTED_EDGE ( 'NONE', *, *, #544, .T. ) ;
#369 = CARTESIAN_POINT ( 'NONE',  ( -4.999999999999997335, 0.000000000000000000, 42.49999999999998579 ) ) ;
#370 = CARTESIAN_POINT ( 'NONE',  ( -1.348886878754494090, 0.000000000000000000, 14.35821990243216462 ) ) ;
#371 = FACE_OUTER_BOUND ( 'NONE', #3579, .T. ) ;
#372 = ADVANCED_FACE ( 'NONE', ( #3314 ), #127, .F. ) ;
#373 = DIRECTION ( 'NONE',  ( -1.169476500658521966E-16, 0.000000000000000000, -1.000000000000000000 ) ) ;
#374 = ORIENTED_EDGE ( 'NONE', *, *, #1491, .T. ) ;
#375 = AXIS2_PLACEMENT_3D ( 'NONE', #3404, #1139, #1957 ) ;
#376 = PLANE ( 'NONE',  #300 ) ;
#377 = ORIENTED_EDGE ( 'NONE', *, *, #1516, .T. ) ;
#378 = EDGE_CURVE ( 'NONE', #271, #2190, #1888, .T. ) ;
#379 = LINE ( 'NONE', #3015, #2874 ) ;
#380 = ORIENTED_EDGE ( 'NONE', *, *, #378, .T. ) ;
#381 = CARTESIAN_POINT ( 'NONE',  ( 5.000000000000002665, 3.000000000000000000, 32.49999999999998579 ) ) ;
#382 = AXIS2_PLACEMENT_3D ( 'NONE', #660, #3251, #1023 ) ;
#383 = EDGE_LOOP ( 'NONE', ( #1845, #2768, #961, #3184 ) ) ;
#384 = VERTEX_POINT ( 'NONE', #2750 ) ;
#385 = EDGE_CURVE ( 'NONE', #1304, #2022, #2643, .T. ) ;
#386 = VECTOR ( 'NONE', #3135, 1000.000000000000000 ) ;
#387 = CARTESIAN_POINT ( 'NONE',  ( 5.000000000000002665, 0.000000000000000000, 32.49999999999998579 ) ) ;
#388 = LINE ( 'NONE', #2985, #3550 ) ;
#389 = DIRECTION ( 'NONE',  ( -0.7071067811865517916, 0.000000000000000000, 0.7071067811865433539 ) ) ;
#390 = DIRECTION ( 'NONE',  ( -1.169476500658521966E-16, 0.000000000000000000, -1.000000000000000000 ) ) ;
#391 = VECTOR ( 'NONE', #3031, 1000.000000000000000 ) ;
#392 = ORIENTED_EDGE ( 'NONE', *, *, #2714, .F. ) ;
#393 = CARTESIAN_POINT ( 'NONE',  ( -15.00000000000000533, 4.000000000000000000, 41.74999999999999289 ) ) ;
#394 = DIRECTION ( 'NONE',  ( 0.2821663239915489507, -0.000000000000000000, -0.9593655015712708733 ) ) ;
#395 = DIRECTION ( 'NONE',  ( 0.000000000000000000, -1.000000000000000000, 0.000000000000000000 ) ) ;
#396 = LINE ( 'NONE', #461, #3531 ) ;
#397 = VERTEX_POINT ( 'NONE', #2192 ) ;
#398 = CIRCLE ( 'NONE', #1263, 2.250000000000001776 ) ;
#399 = ORIENTED_EDGE ( 'NONE', *, *, #2475, .F. ) ;
#400 = AXIS2_PLACEMENT_3D ( 'NONE', #3783, #3436, #545 ) ;
#401 = EDGE_CURVE ( 'NONE', #1163, #3277, #1264, .T. ) ;
#402 = CARTESIAN_POINT ( 'NONE',  ( 9.915646712035638188, 8.000000000000000000, 18.34457890017018755 ) ) ;
#403 = DIRECTION ( 'NONE',  ( 1.000000000000000000, -0.000000000000000000, -1.084202172485504557E-16 ) ) ;
#404 = ORIENTED_EDGE ( 'NONE', *, *, #1436, .T. ) ;
#405 = DIRECTION ( 'NONE',  ( 0.000000000000000000, 0.000000000000000000, 1.000000000000000000 ) ) ;
#406 = ORIENTED_EDGE ( 'NONE', *, *, #1059, .F. ) ;
#407 = ORIENTED_EDGE ( 'NONE', *, *, #1029, .F. ) ;
#408 = EDGE_CURVE ( 'NONE', #450, #820, #2548, .T. ) ;
#409 = DIRECTION ( 'NONE',  ( 1.169476500658521966E-16, 0.000000000000000000, 1.000000000000000000 ) ) ;
#410 = DIRECTION ( 'NONE',  ( -1.000000000000000000, -0.000000000000000000, -0.000000000000000000 ) ) ;
#411 = ADVANCED_FACE ( 'NONE', ( #1147 ), #878, .F. ) ;
#412 = CARTESIAN_POINT ( 'NONE',  ( -4.999999999999997335, 0.000000000000000000, 29.49999999999998934 ) ) ;
#413 = VERTEX_POINT ( 'NONE', #2846 ) ;
#414 = DIRECTION ( 'NONE',  ( -0.000000000000000000, -1.000000000000000000, -0.000000000000000000 ) ) ;
#415 =( NAMED_UNIT ( * ) PLANE_ANGLE_UNIT ( ) SI_UNIT ( $, .RADIAN. ) );
#416 = DIRECTION ( 'NONE',  ( 0.7071067811865474617, 0.000000000000000000, -0.7071067811865474617 ) ) ;
#417 = DIRECTION ( 'NONE',  ( 1.000000000000000000, -0.000000000000000000, 0.000000000000000000 ) ) ;
#418 = CIRCLE ( 'NONE', #2565, 0.5000000000000000000 ) ;
#419 = DIRECTION ( 'NONE',  ( 0.7071067811865475727, 0.000000000000000000, -0.7071067811865475727 ) ) ;
#420 = VERTEX_POINT ( 'NONE', #1442 ) ;
#421 = DIRECTION ( 'NONE',  ( -1.000000000000000000, -0.000000000000000000, 9.144372052005619048E-17 ) ) ;
#422 = DIRECTION ( 'NONE',  ( -6.938893903907222067E-15, 0.000000000000000000, 1.000000000000000000 ) ) ;
#423 = VERTEX_POINT ( 'NONE', #3748 ) ;
#424 = DIRECTION ( 'NONE',  ( 0.000000000000000000, 0.000000000000000000, -1.000000000000000000 ) ) ;
#425 = ADVANCED_FACE ( 'NONE', ( #1712, #3451, #2543, #805, #2560, #1732, #841 ), #1677, .T. ) ;
#426 = VECTOR ( 'NONE', #3500, 1000.000000000000227 ) ;
#427 = ORIENTED_EDGE ( 'NONE', *, *, #2885, .T. ) ;
#428 = ORIENTED_EDGE ( 'NONE', *, *, #2945, .F. ) ;
#429 = VECTOR ( 'NONE', #1992, 1000.000000000000000 ) ;
#430 = CARTESIAN_POINT ( 'NONE',  ( -9.853553390593276617, 8.000000000000000000, -1.424621202458506986 ) ) ;
#431 = CARTESIAN_POINT ( 'NONE',  ( 5.000000000000002665, 0.000000000000000000, -29.50000000000000355 ) ) ;
#432 = DIRECTION ( 'NONE',  ( 1.000000000000000000, -0.000000000000000000, 1.084202172485504557E-16 ) ) ;
#433 = EDGE_CURVE ( 'NONE', #1953, #762, #3457, .T. ) ;
#434 = CIRCLE ( 'NONE', #2865, 0.5000000000000004441 ) ;
#435 = LINE ( 'NONE', #1559, #2515 ) ;
#436 = ORIENTED_EDGE ( 'NONE', *, *, #1658, .T. ) ;
#437 = EDGE_CURVE ( 'NONE', #2814, #2708, #3158, .T. ) ;
#438 = CIRCLE ( 'NONE', #3432, 2.000000000000001776 ) ;
#439 = DIRECTION ( 'NONE',  ( 0.7071067811865475727, -0.7071067811865474617, 0.000000000000000000 ) ) ;
#440 = LINE ( 'NONE', #2216, #3671 ) ;
#441 = CARTESIAN_POINT ( 'NONE',  ( 5.000000000000002665, 8.000000000000000000, 29.49999999999998934 ) ) ;
#442 = AXIS2_PLACEMENT_3D ( 'NONE', #1692, #287, #1710 ) ;
#443 = DIRECTION ( 'NONE',  ( -0.000000000000000000, -1.000000000000000000, -0.000000000000000000 ) ) ;
#444 = ORIENTED_EDGE ( 'NONE', *, *, #2687, .T. ) ;
#445 = ORIENTED_EDGE ( 'NONE', *, *, #3673, .T. ) ;
#446 = LINE ( 'NONE', #2763, #1319 ) ;
#447 = DIRECTION ( 'NONE',  ( 0.000000000000000000, -1.000000000000000000, 0.000000000000000000 ) ) ;
#448 = ORIENTED_EDGE ( 'NONE', *, *, #3787, .F. ) ;
#449 = CIRCLE ( 'NONE', #19, 2.250000000000001776 ) ;
#450 = VERTEX_POINT ( 'NONE', #3143 ) ;
#451 = ORIENTED_EDGE ( 'NONE', *, *, #2418, .F. ) ;
#452 = VECTOR ( 'NONE', #3268, 1000.000000000000000 ) ;
#453 = ADVANCED_FACE ( 'NONE', ( #2868 ), #3179, .F. ) ;
#454 = CYLINDRICAL_SURFACE ( 'NONE', #2318, 0.5000000000000004441 ) ;
#455 = CARTESIAN_POINT ( 'NONE',  ( 35.14175254796937509, 21.64175254796937509, 25.27307753312572203 ) ) ;
#456 = FACE_OUTER_BOUND ( 'NONE', #1560, .T. ) ;
#457 = VERTEX_POINT ( 'NONE', #3710 ) ;
#458 = DIRECTION ( 'NONE',  ( 1.000000000000000000, -0.000000000000000000, -1.169476500658521966E-16 ) ) ;
#459 = DIRECTION ( 'NONE',  ( 0.000000000000000000, 0.000000000000000000, -1.000000000000000000 ) ) ;
#460 = LINE ( 'NONE', #152, #850 ) ;
#461 = CARTESIAN_POINT ( 'NONE',  ( -5.454545454545459471, 8.000000000000000000, 10.04545454545469774 ) ) ;
#462 = DIRECTION ( 'NONE',  ( 0.000000000000000000, 0.000000000000000000, 1.000000000000000000 ) ) ;
#463 = CARTESIAN_POINT ( 'NONE',  ( 13.99999999999997158, 0.4999999999999796274, -44.50000000000000711 ) ) ;
#464 = ADVANCED_FACE ( 'NONE', ( #2830 ), #1874, .T. ) ;
#465 = VERTEX_POINT ( 'NONE', #259 ) ;
#466 = FACE_OUTER_BOUND ( 'NONE', #734, .T. ) ;
#467 = LINE ( 'NONE', #1371, #132 ) ;
#468 = VERTEX_POINT ( 'NONE', #828 ) ;
#469 = ORIENTED_EDGE ( 'NONE', *, *, #243, .T. ) ;
#470 = ORIENTED_EDGE ( 'NONE', *, *, #1658, .F. ) ;
#471 = DIRECTION ( 'NONE',  ( -1.000000000000000000, 0.000000000000000000, -0.000000000000000000 ) ) ;
#472 = VECTOR ( 'NONE', #1531, 1000.000000000000000 ) ;
#473 = CARTESIAN_POINT ( 'NONE',  ( 0.2260327702518964699, 8.000000000000000000, 8.654964958386553775 ) ) ;
#474 = EDGE_CURVE ( 'NONE', #74, #2534, #1162, .T. ) ;
#475 = CYLINDRICAL_SURFACE ( 'NONE', #2676, 0.5000000000000004441 ) ;
#476 = ORIENTED_EDGE ( 'NONE', *, *, #2032, .F. ) ;
#477 = CARTESIAN_POINT ( 'NONE',  ( -14.99999999999999645, 8.000000000000000000, 44.49999999999999289 ) ) ;
#478 = DIRECTION ( 'NONE',  ( 0.000000000000000000, -1.000000000000000000, 0.000000000000000000 ) ) ;
#479 = CIRCLE ( 'NONE', #505, 2.250000000000001776 ) ;
#480 = ORIENTED_EDGE ( 'NONE', *, *, #1432, .T. ) ;
#481 = EDGE_CURVE ( 'NONE', #718, #2586, #527, .T. ) ;
#482 = CARTESIAN_POINT ( 'NONE',  ( -15.00000000000000000, 3.999999999999997335, 3.599999999999995204 ) ) ;
#483 = CARTESIAN_POINT ( 'NONE',  ( 13.50000000000000178, 8.000000000000000000, 44.49999999999999289 ) ) ;
#484 = VERTEX_POINT ( 'NONE', #1749 ) ;
#485 = DIRECTION ( 'NONE',  ( 1.000000000000000000, -0.000000000000000000, -1.169476500658521966E-16 ) ) ;
#486 = AXIS2_PLACEMENT_3D ( 'NONE', #125, #976, #2711 ) ;
#487 = ORIENTED_EDGE ( 'NONE', *, *, #905, .F. ) ;
#488 = EDGE_LOOP ( 'NONE', ( #3729, #3371, #1367, #3723 ) ) ;
#489 = DIRECTION ( 'NONE',  ( 0.000000000000000000, -1.000000000000000000, 0.000000000000000000 ) ) ;
#490 = STYLED_ITEM ( 'NONE', ( #1415 ), #2299 ) ;
#491 = DIRECTION ( 'NONE',  ( 1.000000000000000000, 2.846556599890768179E-32, -8.584654849926631488E-16 ) ) ;
#492 = DIRECTION ( 'NONE',  ( 0.000000000000000000, -1.000000000000000000, 0.000000000000000000 ) ) ;
#493 = ORIENTED_EDGE ( 'NONE', *, *, #330, .T. ) ;
#494 = VECTOR ( 'NONE', #416, 1000.000000000000114 ) ;
#495 = AXIS2_PLACEMENT_3D ( 'NONE', #1000, #722, #704 ) ;
#496 = FACE_OUTER_BOUND ( 'NONE', #3001, .T. ) ;
#497 = AXIS2_PLACEMENT_3D ( 'NONE', #502, #1962, #422 ) ;
#498 = CARTESIAN_POINT ( 'NONE',  ( 0.9953334881612225793, 8.000000000000000000, -14.50466651183891642 ) ) ;
#499 = AXIS2_PLACEMENT_3D ( 'NONE', #3359, #750, #3341 ) ;
#500 = ORIENTED_EDGE ( 'NONE', *, *, #2592, .F. ) ;
#501 = CARTESIAN_POINT ( 'NONE',  ( -13.50000000000000000, 6.499999999999999112, -10.99999999999994493 ) ) ;
#502 = CARTESIAN_POINT ( 'NONE',  ( -1.348886878754494090, 8.000000000000000000, 14.85821990243216462 ) ) ;
#503 = ADVANCED_FACE ( 'NONE', ( #565 ), #3123, .F. ) ;
#504 = ORIENTED_EDGE ( 'NONE', *, *, #3766, .F. ) ;
#505 = AXIS2_PLACEMENT_3D ( 'NONE', #2950, #2735, #661 ) ;
#506 = ORIENTED_EDGE ( 'NONE', *, *, #3344, .T. ) ;
#507 = CIRCLE ( 'NONE', #2795, 2.000000000000001776 ) ;
#508 = VERTEX_POINT ( 'NONE', #3490 ) ;
#509 = LINE ( 'NONE', #1375, #800 ) ;
#510 = CARTESIAN_POINT ( 'NONE',  ( -4.811446128824767854, 0.000000000000000000, 24.85891683800421248 ) ) ;
#511 = EDGE_CURVE ( 'NONE', #3705, #1483, #200, .T. ) ;
#512 = DIRECTION ( 'NONE',  ( 0.000000000000000000, 0.000000000000000000, -1.000000000000000000 ) ) ;
#513 = ORIENTED_EDGE ( 'NONE', *, *, #3301, .T. ) ;
#514 = DIRECTION ( 'NONE',  ( -0.000000000000000000, -1.000000000000000000, -0.000000000000000000 ) ) ;
#515 = PLANE ( 'NONE',  #2861 ) ;
#516 = DIRECTION ( 'NONE',  ( 0.000000000000000000, -1.000000000000000000, 0.000000000000000000 ) ) ;
#517 = VERTEX_POINT ( 'NONE', #510 ) ;
#518 = DIRECTION ( 'NONE',  ( 1.000000000000000000, 0.000000000000000000, 1.445602896647338917E-16 ) ) ;
#519 = VERTEX_POINT ( 'NONE', #217 ) ;
#520 = DIRECTION ( 'NONE',  ( 0.000000000000000000, 0.000000000000000000, -1.000000000000000000 ) ) ;
#521 = FACE_OUTER_BOUND ( 'NONE', #383, .T. ) ;
#522 = ORIENTED_EDGE ( 'NONE', *, *, #3377, .T. ) ;
#523 = ORIENTED_EDGE ( 'NONE', *, *, #1755, .F. ) ;
#524 = EDGE_CURVE ( 'NONE', #3687, #3438, #1116, .T. ) ;
#525 = ORIENTED_EDGE ( 'NONE', *, *, #3060, .T. ) ;
#526 = CARTESIAN_POINT ( 'NONE',  ( -4.999999999999997335, 0.000000000000000000, -44.50000000000000711 ) ) ;
#527 = LINE ( 'NONE', #1987, #3260 ) ;
#528 = DIRECTION ( 'NONE',  ( 1.000000000000000000, 0.000000000000000000, 0.000000000000000000 ) ) ;
#529 = EDGE_CURVE ( 'NONE', #3448, #1495, #2391, .T. ) ;
#530 = ORIENTED_EDGE ( 'NONE', *, *, #1766, .T. ) ;
#531 = EDGE_CURVE ( 'NONE', #1713, #2639, #79, .T. ) ;
#532 = FACE_BOUND ( 'NONE', #798, .T. ) ;
#533 = ADVANCED_FACE ( 'NONE', ( #2413 ), #1206, .F. ) ;
#534 = ORIENTED_EDGE ( 'NONE', *, *, #353, .F. ) ;
#535 = CARTESIAN_POINT ( 'NONE',  ( -14.99999999999999645, 2.000000000000000000, 44.49999999999999289 ) ) ;
#536 = FACE_OUTER_BOUND ( 'NONE', #1323, .T. ) ;
#537 = ORIENTED_EDGE ( 'NONE', *, *, #926, .F. ) ;
#538 = CARTESIAN_POINT ( 'NONE',  ( 13.49999999999999645, 0.000000000000000000, -1.578793275889004198E-15 ) ) ;
#539 = AXIS2_PLACEMENT_3D ( 'NONE', #1441, #2286, #3450 ) ;
#540 = ORIENTED_EDGE ( 'NONE', *, *, #909, .T. ) ;
#541 = ORIENTED_EDGE ( 'NONE', *, *, #789, .T. ) ;
#542 = VECTOR ( 'NONE', #1066, 1000.000000000000000 ) ;
#543 = FACE_OUTER_BOUND ( 'NONE', #3173, .T. ) ;
#544 = EDGE_CURVE ( 'NONE', #1691, #173, #1031, .T. ) ;
#545 = DIRECTION ( 'NONE',  ( 0.000000000000000000, 0.000000000000000000, -1.000000000000000000 ) ) ;
#546 = AXIS2_PLACEMENT_3D ( 'NONE', #1058, #2228, #2829 ) ;
#547 = EDGE_LOOP ( 'NONE', ( #857, #2213, #747, #3720 ) ) ;
#548 = DIRECTION ( 'NONE',  ( 0.000000000000000000, 1.000000000000000000, 0.000000000000000000 ) ) ;
#549 = SHAPE_DEFINITION_REPRESENTATION ( #2049, #745 ) ;
#550 = AXIS2_PLACEMENT_3D ( 'NONE', #1213, #2677, #900 ) ;
#551 = PLANE ( 'NONE',  #3286 ) ;
#552 = ORIENTED_EDGE ( 'NONE', *, *, #133, .T. ) ;
#553 = EDGE_CURVE ( 'NONE', #15, #2374, #2238, .T. ) ;
#554 = CIRCLE ( 'NONE', #2924, 0.5000000000000004441 ) ;
#555 = FACE_OUTER_BOUND ( 'NONE', #1091, .T. ) ;
#556 = DIRECTION ( 'NONE',  ( 1.000000000000000000, -0.000000000000000000, -1.084202172485504557E-16 ) ) ;
#557 = VECTOR ( 'NONE', #281, 1000.000000000000000 ) ;
#558 = EDGE_CURVE ( 'NONE', #2653, #3586, #933, .T. ) ;
#559 = VERTEX_POINT ( 'NONE', #41 ) ;
#560 = CARTESIAN_POINT ( 'NONE',  ( -12.87669446601686296, -0.6233055339831368169, -8.620498050762323672 ) ) ;
#561 = VERTEX_POINT ( 'NONE', #3583 ) ;
#562 = VECTOR ( 'NONE', #1104, 1000.000000000000000 ) ;
#563 = ORIENTED_EDGE ( 'NONE', *, *, #1860, .T. ) ;
#564 = CARTESIAN_POINT ( 'NONE',  ( -10.00000000000000533, 8.000000000000000000, -17.22182540694803166 ) ) ;
#565 = FACE_OUTER_BOUND ( 'NONE', #2010, .T. ) ;
#566 = ORIENTED_EDGE ( 'NONE', *, *, #1922, .T. ) ;
#567 = EDGE_CURVE ( 'NONE', #313, #3250, #288, .T. ) ;
#568 = DIRECTION ( 'NONE',  ( -1.169476500658521966E-16, 0.000000000000000000, -1.000000000000000000 ) ) ;
#569 = ORIENTED_EDGE ( 'NONE', *, *, #2525, .F. ) ;
#570 = DIRECTION ( 'NONE',  ( 0.000000000000000000, 0.000000000000000000, -1.000000000000000000 ) ) ;
#571 = LINE ( 'NONE', #535, #1838 ) ;
#572 = DIRECTION ( 'NONE',  ( 0.000000000000000000, 0.000000000000000000, 1.000000000000000000 ) ) ;
#573 = PLANE ( 'NONE',  #2196 ) ;
#574 = EDGE_CURVE ( 'NONE', #3105, #969, #600, .T. ) ;
#575 = CIRCLE ( 'NONE', #1681, 2.000000000000001776 ) ;
#576 = ORIENTED_EDGE ( 'NONE', *, *, #474, .T. ) ;
#577 = PLANE ( 'NONE',  #1736 ) ;
#578 = APPLICATION_CONTEXT ( 'automotive_design' ) ;
#579 = EDGE_CURVE ( 'NONE', #2091, #1816, #3261, .T. ) ;
#580 = ORIENTED_EDGE ( 'NONE', *, *, #2008, .F. ) ;
#581 = EDGE_CURVE ( 'NONE', #762, #484, #1767, .T. ) ;
#582 = CARTESIAN_POINT ( 'NONE',  ( -20.00000000000000000, -2.189506781424064468E-15, -2.378679656440412238 ) ) ;
#583 = DIRECTION ( 'NONE',  ( -1.000000000000000000, 0.000000000000000000, 0.000000000000000000 ) ) ;
#584 = VERTEX_POINT ( 'NONE', #1781 ) ;
#585 = CARTESIAN_POINT ( 'NONE',  ( 12.00000000000000533, 4.000000000000000000, 39.49999999999999289 ) ) ;
#586 = AXIS2_PLACEMENT_3D ( 'NONE', #3483, #3430, #520 ) ;
#587 = CARTESIAN_POINT ( 'NONE',  ( 5.000000000000002665, 8.000000000000000000, -44.50000000000000711 ) ) ;
#588 = AXIS2_PLACEMENT_3D ( 'NONE', #1863, #1591, #3017 ) ;
#589 = ORIENTED_EDGE ( 'NONE', *, *, #3323, .F. ) ;
#590 = VECTOR ( 'NONE', #2105, 1000.000000000000114 ) ;
#591 = CARTESIAN_POINT ( 'NONE',  ( 13.49999999999999112, 8.000000000000000000, -42.50000000000000000 ) ) ;
#592 = DIRECTION ( 'NONE',  ( -0.4999999999999996669, -0.7071067811865439090, -0.5000000000000056621 ) ) ;
#593 = CARTESIAN_POINT ( 'NONE',  ( 5.000000000000002665, 6.000000000000000000, -44.50000000000000711 ) ) ;
#594 = VERTEX_POINT ( 'NONE', #61 ) ;
#595 = DIRECTION ( 'NONE',  ( 0.000000000000000000, 0.000000000000000000, -1.000000000000000000 ) ) ;
#596 = ORIENTED_EDGE ( 'NONE', *, *, #3405, .F. ) ;
#597 = ADVANCED_FACE ( 'NONE', ( #2979 ), #2921, .F. ) ;
#598 = DIRECTION ( 'NONE',  ( 0.7071067811865520136, 0.000000000000000000, 0.7071067811865431318 ) ) ;
#599 = ADVANCED_FACE ( 'NONE', ( #26 ), #2938, .T. ) ;
#600 = LINE ( 'NONE', #973, #845 ) ;
#601 = ORIENTED_EDGE ( 'NONE', *, *, #3244, .F. ) ;
#602 = AXIS2_PLACEMENT_3D ( 'NONE', #3574, #962, #2991 ) ;
#603 = AXIS2_PLACEMENT_3D ( 'NONE', #3524, #2906, #914 ) ;
#604 = DIRECTION ( 'NONE',  ( -1.000000000000000000, 0.000000000000000000, 0.000000000000000000 ) ) ;
#605 = AXIS2_PLACEMENT_3D ( 'NONE', #2984, #679, #1257 ) ;
#606 = ORIENTED_EDGE ( 'NONE', *, *, #2028, .F. ) ;
#607 = DIRECTION ( 'NONE',  ( 0.000000000000000000, 0.000000000000000000, 1.000000000000000000 ) ) ;
#608 = VECTOR ( 'NONE', #629, 1000.000000000000000 ) ;
#609 = PLANE ( 'NONE',  #1899 ) ;
#610 = EDGE_CURVE ( 'NONE', #2208, #891, #3224, .T. ) ;
#611 = CIRCLE ( 'NONE', #1053, 2.999999999999999112 ) ;
#612 = VERTEX_POINT ( 'NONE', #336 ) ;
#613 = ORIENTED_EDGE ( 'NONE', *, *, #1755, .T. ) ;
#614 = VECTOR ( 'NONE', #1303, 1000.000000000000114 ) ;
#615 = CYLINDRICAL_SURFACE ( 'NONE', #3739, 2.250000000000001776 ) ;
#616 = ORIENTED_EDGE ( 'NONE', *, *, #773, .T. ) ;
#617 = EDGE_CURVE ( 'NONE', #52, #271, #1509, .T. ) ;
#618 = AXIS2_PLACEMENT_3D ( 'NONE', #1301, #2712, #1018 ) ;
#619 = DIRECTION ( 'NONE',  ( 0.000000000000000000, 0.000000000000000000, 1.000000000000000000 ) ) ;
#620 = CARTESIAN_POINT ( 'NONE',  ( -10.00000000000000178, 0.000000000000000000, 5.500000000000205169 ) ) ;
#621 = EDGE_LOOP ( 'NONE', ( #780, #1262, #832, #3138 ) ) ;
#622 = ORIENTED_EDGE ( 'NONE', *, *, #2069, .T. ) ;
#623 = CARTESIAN_POINT ( 'NONE',  ( 9.500000000000001776, 8.000000000000000000, -22.02799548533330309 ) ) ;
#624 = ADVANCED_FACE ( 'NONE', ( #100 ), #3327, .F. ) ;
#625 = LINE ( 'NONE', #2078, #989 ) ;
#626 = ORIENTED_EDGE ( 'NONE', *, *, #3525, .T. ) ;
#627 = DIRECTION ( 'NONE',  ( 0.000000000000000000, 0.000000000000000000, 1.000000000000000000 ) ) ;
#628 = AXIS2_PLACEMENT_3D ( 'NONE', #2895, #2295, #3461 ) ;
#629 = DIRECTION ( 'NONE',  ( -1.029029203971268260E-16, 0.000000000000000000, -1.000000000000000000 ) ) ;
#630 = EDGE_LOOP ( 'NONE', ( #1223, #1980, #1113, #2606, #448, #1864, #506 ) ) ;
#631 = CARTESIAN_POINT ( 'NONE',  ( -13.49999999999998046, 8.000000000000000000, 44.49999999999999289 ) ) ;
#632 = ORIENTED_EDGE ( 'NONE', *, *, #2283, .T. ) ;
#633 = FACE_OUTER_BOUND ( 'NONE', #693, .T. ) ;
#634 = CARTESIAN_POINT ( 'NONE',  ( 14.99999999999999289, 8.000000000000000000, -43.00000000000000000 ) ) ;
#635 = EDGE_CURVE ( 'NONE', #561, #873, #1272, .T. ) ;
#636 = ORIENTED_EDGE ( 'NONE', *, *, #2952, .T. ) ;
#637 = LINE ( 'NONE', #1534, #3164 ) ;
#638 = FACE_OUTER_BOUND ( 'NONE', #1054, .T. ) ;
#639 = EDGE_CURVE ( 'NONE', #1697, #324, #165, .T. ) ;
#640 = FACE_OUTER_BOUND ( 'NONE', #2521, .T. ) ;
#641 = ORIENTED_EDGE ( 'NONE', *, *, #1721, .F. ) ;
#642 = EDGE_CURVE ( 'NONE', #517, #2898, #99, .T. ) ;
#643 = CARTESIAN_POINT ( 'NONE',  ( -15.00000000000000711, 1.500000000000001110, -42.50000000000000000 ) ) ;
#644 = LINE ( 'NONE', #1810, #12 ) ;
#645 = CARTESIAN_POINT ( 'NONE',  ( 0.01615177542392174509, 8.000000000000000000, 8.445083963558580820 ) ) ;
#646 = FACE_OUTER_BOUND ( 'NONE', #3016, .T. ) ;
#647 = AXIS2_PLACEMENT_3D ( 'NONE', #121, #1294, #3626 ) ;
#648 = ORIENTED_EDGE ( 'NONE', *, *, #289, .F. ) ;
#649 = DIRECTION ( 'NONE',  ( 0.000000000000000000, -0.8660254037844384856, -0.5000000000000003331 ) ) ;
#650 = EDGE_LOOP ( 'NONE', ( #3434, #1377, #3411, #1098, #990, #3196, #1573 ) ) ;
#651 = CARTESIAN_POINT ( 'NONE',  ( -10.00000000000000533, 0.000000000000000000, -17.22182540694803166 ) ) ;
#652 = DIRECTION ( 'NONE',  ( -1.000000000000000000, -0.000000000000000000, 0.000000000000000000 ) ) ;
#653 = DIRECTION ( 'NONE',  ( 0.000000000000000000, -1.000000000000000000, 0.000000000000000000 ) ) ;
#654 = VERTEX_POINT ( 'NONE', #2437 ) ;
#655 = ORIENTED_EDGE ( 'NONE', *, *, #3501, .F. ) ;
#656 = DIRECTION ( 'NONE',  ( 1.000000000000000000, -0.000000000000000000, -1.084202172485504557E-16 ) ) ;
#657 = DIRECTION ( 'NONE',  ( 0.2821663239915489507, 0.000000000000000000, -0.9593655015712708733 ) ) ;
#658 = DIRECTION ( 'NONE',  ( -0.000000000000000000, 1.000000000000000000, -0.000000000000000000 ) ) ;
#659 = ORIENTED_EDGE ( 'NONE', *, *, #1643, .T. ) ;
#660 = CARTESIAN_POINT ( 'NONE',  ( 13.50000000000000178, 2.000000000000000000, 42.49999999999998579 ) ) ;
#661 = DIRECTION ( 'NONE',  ( 0.000000000000000000, 0.000000000000000000, -1.000000000000000000 ) ) ;
#662 = CARTESIAN_POINT ( 'NONE',  ( -4.999999999999997335, 8.000000000000000000, 42.49999999999998579 ) ) ;
#663 = AXIS2_PLACEMENT_3D ( 'NONE', #3353, #1936, #1390 ) ;
#664 = EDGE_CURVE ( 'NONE', #969, #2787, #3602, .T. ) ;
#665 = DIRECTION ( 'NONE',  ( -0.2821663239915486732, -0.000000000000000000, 0.9593655015712709844 ) ) ;
#666 = ORIENTED_EDGE ( 'NONE', *, *, #2706, .F. ) ;
#667 = AXIS2_PLACEMENT_3D ( 'NONE', #922, #1245, #1776 ) ;
#668 = EDGE_CURVE ( 'NONE', #2823, #2001, #993, .T. ) ;
#669 = CARTESIAN_POINT ( 'NONE',  ( -4.999999999999997335, 0.000000000000000000, 44.49999999999999289 ) ) ;
#670 = VECTOR ( 'NONE', #2629, 1000.000000000000000 ) ;
#671 = EDGE_LOOP ( 'NONE', ( #2152, #2128, #3712, #380, #1763, #1131 ) ) ;
#672 = PLANE ( 'NONE',  #1370 ) ;
#673 = CARTESIAN_POINT ( 'NONE',  ( 5.000000000000002665, 0.000000000000000000, 32.49999999999998579 ) ) ;
#674 = ORIENTED_EDGE ( 'NONE', *, *, #1735, .F. ) ;
#675 = DIRECTION ( 'NONE',  ( -0.7071067811865474617, 0.000000000000000000, -0.7071067811865474617 ) ) ;
#676 = FACE_OUTER_BOUND ( 'NONE', #1312, .T. ) ;
#677 = ORIENTED_EDGE ( 'NONE', *, *, #3222, .F. ) ;
#678 = ORIENTED_EDGE ( 'NONE', *, *, #2187, .F. ) ;
#679 = DIRECTION ( 'NONE',  ( 1.000000000000000000, 0.000000000000000000, -0.000000000000000000 ) ) ;
#680 = CARTESIAN_POINT ( 'NONE',  ( -15.00000000000000533, 4.000000000000000000, 39.49999999999999289 ) ) ;
#681 = LINE ( 'NONE', #3775, #2467 ) ;
#682 = VECTOR ( 'NONE', #3317, 1000.000000000000114 ) ;
#683 = DIRECTION ( 'NONE',  ( 0.7071067811865474617, 0.000000000000000000, -0.7071067811865474617 ) ) ;
#684 = VERTEX_POINT ( 'NONE', #3307 ) ;
#685 = LINE ( 'NONE', #1266, #945 ) ;
#686 = FACE_OUTER_BOUND ( 'NONE', #1214, .T. ) ;
#687 = CARTESIAN_POINT ( 'NONE',  ( 4.999999999999993783, 8.000000000000000000, -25.50000000000000355 ) ) ;
#688 = DIRECTION ( 'NONE',  ( -1.000000000000000000, -0.000000000000000000, -0.000000000000000000 ) ) ;
#689 = EDGE_CURVE ( 'NONE', #47, #2642, #2301, .T. ) ;
#690 = CARTESIAN_POINT ( 'NONE',  ( -4.999999999999997335, 3.000000000000000000, 32.49999999999998579 ) ) ;
#691 = ORIENTED_EDGE ( 'NONE', *, *, #401, .F. ) ;
#692 = VECTOR ( 'NONE', #1536, 1000.000000000000000 ) ;
#693 = EDGE_LOOP ( 'NONE', ( #2913, #700, #2243, #1418, #1189, #1709, #1919, #2265, #3442, #2862, #530, #1689, #2479, #2891, #1330, #902 ) ) ;
#694 = EDGE_CURVE ( 'NONE', #2625, #327, #3713, .T. ) ;
#695 = DIRECTION ( 'NONE',  ( 1.000000000000000000, 0.000000000000000000, 0.000000000000000000 ) ) ;
#696 = VERTEX_POINT ( 'NONE', #1882 ) ;
#697 = CARTESIAN_POINT ( 'NONE',  ( -6.017979839966705491, 0.000000000000000000, 10.18912694122000140 ) ) ;
#698 = CARTESIAN_POINT ( 'NONE',  ( -13.49999999999998046, 8.000000000000000000, 42.49999999999998579 ) ) ;
#699 = ORIENTED_EDGE ( 'NONE', *, *, #2233, .T. ) ;
#700 = ORIENTED_EDGE ( 'NONE', *, *, #1935, .T. ) ;
#701 = DIRECTION ( 'NONE',  ( 1.000000000000000000, -0.000000000000000000, 0.000000000000000000 ) ) ;
#702 = DIRECTION ( 'NONE',  ( 0.000000000000000000, 0.000000000000000000, -1.000000000000000000 ) ) ;
#703 = DIRECTION ( 'NONE',  ( -8.584654849926631488E-16, 0.000000000000000000, -1.000000000000000000 ) ) ;
#704 = DIRECTION ( 'NONE',  ( 0.000000000000000000, 0.000000000000000000, 1.000000000000000000 ) ) ;
#705 = VECTOR ( 'NONE', #2222, 1000.000000000000000 ) ;
#706 = VERTEX_POINT ( 'NONE', #381 ) ;
#707 = CARTESIAN_POINT ( 'NONE',  ( -4.999999999999997335, 0.000000000000000000, -32.50000000000000000 ) ) ;
#708 = CARTESIAN_POINT ( 'NONE',  ( -20.00000000000000000, 6.454653676892951886, -4.564129385141762363 ) ) ;
#709 = CARTESIAN_POINT ( 'NONE',  ( -15.00000000000000711, 6.000000000000000000, -43.00000000000000000 ) ) ;
#710 = ORIENTED_EDGE ( 'NONE', *, *, #408, .T. ) ;
#711 = VERTEX_POINT ( 'NONE', #690 ) ;
#712 = CARTESIAN_POINT ( 'NONE',  ( -9.146446609406718053, 8.000000000000000000, -24.64644660940672338 ) ) ;
#713 = LINE ( 'NONE', #3054, #1467 ) ;
#714 = CARTESIAN_POINT ( 'NONE',  ( 10.00000000000000178, 8.000000000000000000, -5.500000000000254907 ) ) ;
#715 = EDGE_CURVE ( 'NONE', #1410, #1342, #1222, .T. ) ;
#716 = EDGE_LOOP ( 'NONE', ( #309, #3112, #1349, #1455 ) ) ;
#717 = CIRCLE ( 'NONE', #37, 0.4999999999999865663 ) ;
#718 = VERTEX_POINT ( 'NONE', #3597 ) ;
#719 = DIRECTION ( 'NONE',  ( 0.000000000000000000, 0.000000000000000000, -1.000000000000000000 ) ) ;
#720 = CARTESIAN_POINT ( 'NONE',  ( -10.00000000000000178, 0.000000000000000000, 5.500000000000205169 ) ) ;
#721 = DIRECTION ( 'NONE',  ( 0.000000000000000000, 0.000000000000000000, -1.000000000000000000 ) ) ;
#722 = DIRECTION ( 'NONE',  ( -1.000000000000000000, 0.000000000000000000, 0.000000000000000000 ) ) ;
#723 = ORIENTED_EDGE ( 'NONE', *, *, #1001, .T. ) ;
#724 = CARTESIAN_POINT ( 'NONE',  ( 9.146446609406714501, 0.000000000000000000, 24.64644660940671272 ) ) ;
#725 = CARTESIAN_POINT ( 'NONE',  ( 4.089506800367041173, 8.000000000000000000, -3.632318606581162790 ) ) ;
#726 = AXIS2_PLACEMENT_3D ( 'NONE', #2354, #2637, #232 ) ;
#727 = CARTESIAN_POINT ( 'NONE',  ( 9.146446609406714501, 8.000000000000000000, 24.64644660940671272 ) ) ;
#728 = CARTESIAN_POINT ( 'NONE',  ( -13.50000000000000000, 0.000000000000000000, 1.578793275889004593E-15 ) ) ;
#729 = LINE ( 'NONE', #441, #847 ) ;
#730 = DIRECTION ( 'NONE',  ( -1.000000000000000000, 0.000000000000000000, 0.000000000000000000 ) ) ;
#731 = ORIENTED_EDGE ( 'NONE', *, *, #2940, .T. ) ;
#732 = VECTOR ( 'NONE', #955, 1000.000000000000000 ) ;
#733 = CIRCLE ( 'NONE', #2571, 0.5000000000000004441 ) ;
#734 = EDGE_LOOP ( 'NONE', ( #1434, #157, #1526, #2458 ) ) ;
#735 = LINE ( 'NONE', #1334, #1931 ) ;
#736 = CARTESIAN_POINT ( 'NONE',  ( 10.00000000000000178, 0.000000000000000000, 25.49999999999998934 ) ) ;
#737 = ORIENTED_EDGE ( 'NONE', *, *, #1901, .F. ) ;
#738 = CIRCLE ( 'NONE', #2736, 2.250000000000001776 ) ;
#739 = ORIENTED_EDGE ( 'NONE', *, *, #959, .F. ) ;
#740 = ADVANCED_FACE ( 'NONE', ( #1188 ), #2702, .T. ) ;
#741 = ORIENTED_EDGE ( 'NONE', *, *, #1504, .T. ) ;
#742 = CIRCLE ( 'NONE', #1714, 0.5000000000000004441 ) ;
#743 = DIRECTION ( 'NONE',  ( -0.000000000000000000, 1.000000000000000000, -0.000000000000000000 ) ) ;
#744 = PLANE ( 'NONE',  #1981 ) ;
#745 = ADVANCED_BREP_SHAPE_REPRESENTATION ( 'Rear-Bottom-Suspension-Arm', ( #2299, #136 ), #999 ) ;
#746 = FACE_OUTER_BOUND ( 'NONE', #196, .T. ) ;
#747 = ORIENTED_EDGE ( 'NONE', *, *, #1789, .F. ) ;
#748 = CIRCLE ( 'NONE', #2869, 0.5000000000000004441 ) ;
#749 = ADVANCED_FACE ( 'NONE', ( #3516 ), #1796, .F. ) ;
#750 = DIRECTION ( 'NONE',  ( -1.000000000000000000, -0.000000000000000000, -0.000000000000000000 ) ) ;
#751 = LINE ( 'NONE', #728, #2983 ) ;
#752 = DIRECTION ( 'NONE',  ( -0.000000000000000000, -1.000000000000000000, -0.000000000000000000 ) ) ;
#753 = VECTOR ( 'NONE', #3497, 1000.000000000000000 ) ;
#754 = DIRECTION ( 'NONE',  ( 0.000000000000000000, -1.000000000000000000, 0.000000000000000000 ) ) ;
#755 = DIRECTION ( 'NONE',  ( 0.000000000000000000, 0.000000000000000000, 1.000000000000000000 ) ) ;
#756 = DIRECTION ( 'NONE',  ( 0.000000000000000000, -1.000000000000000000, 0.000000000000000000 ) ) ;
#757 = DIRECTION ( 'NONE',  ( 0.2821663239915491728, -0.000000000000000000, -0.9593655015712707623 ) ) ;
#758 = DIRECTION ( 'NONE',  ( -0.4999999999999993339, -0.7071067811865442421, 0.5000000000000054401 ) ) ;
#759 = EDGE_LOOP ( 'NONE', ( #1965, #907, #3632, #1821 ) ) ;
#760 = VECTOR ( 'NONE', #3443, 1000.000000000000114 ) ;
#761 = ORIENTED_EDGE ( 'NONE', *, *, #2466, .T. ) ;
#762 = VERTEX_POINT ( 'NONE', #2100 ) ;
#763 = LINE ( 'NONE', #1320, #3534 ) ;
#764 = EDGE_CURVE ( 'NONE', #1883, #317, #2004, .T. ) ;
#765 = LINE ( 'NONE', #455, #3128 ) ;
#766 = CARTESIAN_POINT ( 'NONE',  ( -15.00000000000000711, 2.000000000000000000, -42.50000000000000000 ) ) ;
#767 = ORIENTED_EDGE ( 'NONE', *, *, #2466, .F. ) ;
#768 = VECTOR ( 'NONE', #1453, 1000.000000000000000 ) ;
#769 = ADVANCED_FACE ( 'NONE', ( #646 ), #1487, .F. ) ;
#770 = EDGE_CURVE ( 'NONE', #2079, #801, #2973, .T. ) ;
#771 = LINE ( 'NONE', #687, #3746 ) ;
#772 = DIRECTION ( 'NONE',  ( -0.7071067811865479058, 0.7071067811865470176, 0.000000000000000000 ) ) ;
#773 = EDGE_CURVE ( 'NONE', #2562, #1842, #2684, .T. ) ;
#774 = CARTESIAN_POINT ( 'NONE',  ( 4.443060190960313349, 0.000000000000000000, -3.985871997174438519 ) ) ;
#775 = CARTESIAN_POINT ( 'NONE',  ( 4.999999999999999112, 4.000000000000000000, 39.49999999999999289 ) ) ;
#776 = ORIENTED_EDGE ( 'NONE', *, *, #408, .F. ) ;
#777 = FACE_OUTER_BOUND ( 'NONE', #2762, .T. ) ;
#778 = CARTESIAN_POINT ( 'NONE',  ( 0.09990341005953244646, 0.000000000000000000, 8.160328405797502072 ) ) ;
#779 = ORIENTED_EDGE ( 'NONE', *, *, #1128, .F. ) ;
#780 = ORIENTED_EDGE ( 'NONE', *, *, #635, .F. ) ;
#781 = ORIENTED_EDGE ( 'NONE', *, *, #2386, .F. ) ;
#782 = FACE_OUTER_BOUND ( 'NONE', #2224, .T. ) ;
#783 = PLANE ( 'NONE',  #2943 ) ;
#784 = FACE_OUTER_BOUND ( 'NONE', #1719, .T. ) ;
#785 = EDGE_LOOP ( 'NONE', ( #2368, #3263, #2114, #1743, #622, #1172, #513, #2395, #1554 ) ) ;
#786 = EDGE_CURVE ( 'NONE', #2574, #413, #3699, .T. ) ;
#787 = PLANE ( 'NONE',  #1902 ) ;
#788 = LINE ( 'NONE', #2777, #3465 ) ;
#789 = EDGE_CURVE ( 'NONE', #397, #1883, #729, .T. ) ;
#790 = DIRECTION ( 'NONE',  ( 0.000000000000000000, 0.000000000000000000, 1.000000000000000000 ) ) ;
#791 = CARTESIAN_POINT ( 'NONE',  ( -15.00000000000000355, 1.500000000000001332, -9.499999999999959144 ) ) ;
#792 = DIRECTION ( 'NONE',  ( 0.000000000000000000, -1.000000000000000000, 0.000000000000000000 ) ) ;
#793 = FACE_BOUND ( 'NONE', #1984, .T. ) ;
#794 = VERTEX_POINT ( 'NONE', #1026 ) ;
#795 = CIRCLE ( 'NONE', #1281, 2.000000000000001776 ) ;
#796 = DIRECTION ( 'NONE',  ( 0.000000000000000000, 0.000000000000000000, 1.000000000000000000 ) ) ;
#797 = FACE_OUTER_BOUND ( 'NONE', #2288, .T. ) ;
#798 = EDGE_LOOP ( 'NONE', ( #2594, #1402 ) ) ;
#799 = EDGE_CURVE ( 'NONE', #2121, #68, #1085, .T. ) ;
#800 = VECTOR ( 'NONE', #3726, 1000.000000000000000 ) ;
#801 = VERTEX_POINT ( 'NONE', #1624 ) ;
#802 = ORIENTED_EDGE ( 'NONE', *, *, #2833, .T. ) ;
#803 = DIRECTION ( 'NONE',  ( 0.000000000000000000, 0.000000000000000000, -1.000000000000000000 ) ) ;
#804 = VECTOR ( 'NONE', #1220, 1000.000000000000114 ) ;
#805 = FACE_BOUND ( 'NONE', #2650, .T. ) ;
#806 = FACE_OUTER_BOUND ( 'NONE', #204, .T. ) ;
#807 = EDGE_LOOP ( 'NONE', ( #1236, #28, #2018, #1035 ) ) ;
#808 = AXIS2_PLACEMENT_3D ( 'NONE', #2510, #135, #459 ) ;
#809 = ADVANCED_FACE ( 'NONE', ( #2473 ), #2739, .F. ) ;
#810 = VECTOR ( 'NONE', #56, 1000.000000000000000 ) ;
#811 = DIRECTION ( 'NONE',  ( -0.7071067811865435759, 0.000000000000000000, 0.7071067811865514585 ) ) ;
#812 = AXIS2_PLACEMENT_3D ( 'NONE', #3006, #1575, #2675 ) ;
#813 = CARTESIAN_POINT ( 'NONE',  ( -8.792893218813448541, 0.000000000000000000, -24.99999999999999645 ) ) ;
#814 = PLANE ( 'NONE',  #2025 ) ;
#815 = CIRCLE ( 'NONE', #499, 2.999999999999999112 ) ;
#816 = FILL_AREA_STYLE ('',( #2316 ) ) ;
#817 = EDGE_LOOP ( 'NONE', ( #2440, #3236, #2014, #377, #445, #355, #1729 ) ) ;
#818 = CARTESIAN_POINT ( 'NONE',  ( -10.00000000000000533, 8.000000000000000000, -17.22182540694803166 ) ) ;
#819 = CARTESIAN_POINT ( 'NONE',  ( 5.000000000000002665, 0.000000000000000000, -44.50000000000000711 ) ) ;
#820 = VERTEX_POINT ( 'NONE', #1006 ) ;
#821 = EDGE_CURVE ( 'NONE', #794, #2557, #2251, .T. ) ;
#822 = CIRCLE ( 'NONE', #1846, 0.5000000000000004441 ) ;
#823 = ORIENTED_EDGE ( 'NONE', *, *, #433, .T. ) ;
#824 = ORIENTED_EDGE ( 'NONE', *, *, #1481, .F. ) ;
#825 = EDGE_CURVE ( 'NONE', #2412, #1121, #3364, .T. ) ;
#826 = UNCERTAINTY_MEASURE_WITH_UNIT (LENGTH_MEASURE( 1.000000000000000082E-05 ), #1997, 'distance_accuracy_value', 'NONE');
#827 = DIRECTION ( 'NONE',  ( 0.000000000000000000, 1.000000000000000000, 0.000000000000000000 ) ) ;
#828 = CARTESIAN_POINT ( 'NONE',  ( 5.664426449373434203, 0.000000000000000000, -9.835573550626767414 ) ) ;
#829 = CARTESIAN_POINT ( 'NONE',  ( -1.828569629540129693, 8.000000000000000000, 14.71713674043639131 ) ) ;
#830 = EDGE_LOOP ( 'NONE', ( #40, #2673 ) ) ;
#831 = FACE_OUTER_BOUND ( 'NONE', #323, .T. ) ;
#832 = ORIENTED_EDGE ( 'NONE', *, *, #1197, .T. ) ;
#833 = CYLINDRICAL_SURFACE ( 'NONE', #3487, 2.250000000000001776 ) ;
#834 = EDGE_CURVE ( 'NONE', #3431, #156, #396, .T. ) ;
#835 = VERTEX_POINT ( 'NONE', #3681 ) ;
#836 = LINE ( 'NONE', #538, #3388 ) ;
#837 = ORIENTED_EDGE ( 'NONE', *, *, #1480, .F. ) ;
#838 = CIRCLE ( 'NONE', #1620, 0.5000000000000004441 ) ;
#839 = ORIENTED_EDGE ( 'NONE', *, *, #310, .F. ) ;
#840 = CYLINDRICAL_SURFACE ( 'NONE', #3056, 2.999999999999999112 ) ;
#841 = FACE_OUTER_BOUND ( 'NONE', #2555, .T. ) ;
#842 = EDGE_CURVE ( 'NONE', #1396, #3627, #2512, .T. ) ;
#843 = DIRECTION ( 'NONE',  ( -1.000000000000000000, -0.000000000000000000, 1.169476500658521966E-16 ) ) ;
#844 = ORIENTED_EDGE ( 'NONE', *, *, #786, .F. ) ;
#845 = VECTOR ( 'NONE', #2125, 1000.000000000000000 ) ;
#846 = CARTESIAN_POINT ( 'NONE',  ( -4.999999999999997335, 6.000000000000000000, -44.50000000000000711 ) ) ;
#847 = VECTOR ( 'NONE', #153, 1000.000000000000000 ) ;
#848 = DIRECTION ( 'NONE',  ( 0.000000000000000000, 1.000000000000000000, 0.000000000000000000 ) ) ;
#849 = ORIENTED_EDGE ( 'NONE', *, *, #272, .F. ) ;
#850 = VECTOR ( 'NONE', #2797, 1000.000000000000000 ) ;
#851 = DIRECTION ( 'NONE',  ( 1.000000000000000000, -0.000000000000000000, -0.000000000000000000 ) ) ;
#852 = DIRECTION ( 'NONE',  ( 1.000000000000000000, -0.000000000000000000, 0.000000000000000000 ) ) ;
#853 = FACE_OUTER_BOUND ( 'NONE', #2884, .T. ) ;
#854 = VERTEX_POINT ( 'NONE', #2218 ) ;
#855 = LINE ( 'NONE', #252, #386 ) ;
#856 = ORIENTED_EDGE ( 'NONE', *, *, #1256, .F. ) ;
#857 = ORIENTED_EDGE ( 'NONE', *, *, #433, .F. ) ;
#858 = VECTOR ( 'NONE', #1994, 999.9999999999998863 ) ;
#859 = CARTESIAN_POINT ( 'NONE',  ( 14.00000000000000888, 7.499999999999992895, 41.52072594216367918 ) ) ;
#860 = DIRECTION ( 'NONE',  ( 0.4999999999999996669, -0.7071067811865439090, 0.5000000000000056621 ) ) ;
#861 = ORIENTED_EDGE ( 'NONE', *, *, #1397, .F. ) ;
#862 = CIRCLE ( 'NONE', #808, 0.4999999999999865663 ) ;
#863 = DIRECTION ( 'NONE',  ( -0.000000000000000000, -1.000000000000000000, -0.000000000000000000 ) ) ;
#864 = AXIS2_PLACEMENT_3D ( 'NONE', #46, #2330, #2379 ) ;
#865 = CARTESIAN_POINT ( 'NONE',  ( -15.00000000000000000, 3.999999999999997335, 3.599999999999995648 ) ) ;
#866 = EDGE_LOOP ( 'NONE', ( #2613, #276, #1774, #3110 ) ) ;
#867 = EDGE_CURVE ( 'NONE', #2691, #1586, #3320, .T. ) ;
#868 = FACE_OUTER_BOUND ( 'NONE', #1317, .T. ) ;
#869 = AXIS2_PLACEMENT_3D ( 'NONE', #130, #1041, #390 ) ;
#870 = LINE ( 'NONE', #3774, #557 ) ;
#871 = LINE ( 'NONE', #2423, #3562 ) ;
#872 = AXIS2_PLACEMENT_3D ( 'NONE', #3704, #1611, #3114 ) ;
#873 = VERTEX_POINT ( 'NONE', #774 ) ;
#874 = DIRECTION ( 'NONE',  ( 3.137360035391689410E-32, -1.000000000000000000, 2.682704640602072586E-16 ) ) ;
#875 = DIRECTION ( 'NONE',  ( -0.000000000000000000, 0.000000000000000000, -1.000000000000000000 ) ) ;
#876 = CIRCLE ( 'NONE', #3368, 0.5000000000000004441 ) ;
#877 = ORIENTED_EDGE ( 'NONE', *, *, #3247, .T. ) ;
#878 = PLANE ( 'NONE',  #1623 ) ;
#879 = AXIS2_PLACEMENT_3D ( 'NONE', #1270, #1508, #59 ) ;
#880 = ORIENTED_EDGE ( 'NONE', *, *, #1580, .F. ) ;
#881 = VECTOR ( 'NONE', #1259, 1000.000000000000000 ) ;
#882 = DIRECTION ( 'NONE',  ( -1.000000000000000000, 0.000000000000000000, 0.000000000000000000 ) ) ;
#883 = CONICAL_SURFACE ( 'NONE', #2819, 0.4999999999999865663, 0.7853981633974482790 ) ;
#884 = ORIENTED_EDGE ( 'NONE', *, *, #2236, .F. ) ;
#885 = CARTESIAN_POINT ( 'NONE',  ( 14.99999999999999289, 6.499999999999999112, -42.50000000000000000 ) ) ;
#886 = CARTESIAN_POINT ( 'NONE',  ( -9.146446609406728712, 8.000000000000000000, 6.353553390593469352 ) ) ;
#887 = EDGE_CURVE ( 'NONE', #457, #1342, #1160, .T. ) ;
#888 = DIRECTION ( 'NONE',  ( -0.7071067811865474617, 0.000000000000000000, 0.7071067811865474617 ) ) ;
#889 = CONICAL_SURFACE ( 'NONE', #2896, 0.5000000000000004441, 0.7853981633974477239 ) ;
#890 = VERTEX_POINT ( 'NONE', #3089 ) ;
#891 = VERTEX_POINT ( 'NONE', #2276 ) ;
#892 = VECTOR ( 'NONE', #1905, 1000.000000000000000 ) ;
#893 = VERTEX_POINT ( 'NONE', #1102 ) ;
#894 = FACE_OUTER_BOUND ( 'NONE', #866, .T. ) ;
#895 = DIRECTION ( 'NONE',  ( 0.000000000000000000, 0.000000000000000000, -1.000000000000000000 ) ) ;
#896 = CARTESIAN_POINT ( 'NONE',  ( 5.000000000000000888, 8.000000000000000000, 42.49999999999998579 ) ) ;
#897 = AXIS2_PLACEMENT_3D ( 'NONE', #2689, #38, #1204 ) ;
#898 = EDGE_LOOP ( 'NONE', ( #2717, #2809, #399, #3458 ) ) ;
#899 = ADVANCED_FACE ( 'NONE', ( #868 ), #2255, .F. ) ;
#900 = DIRECTION ( 'NONE',  ( 0.000000000000000000, 0.000000000000000000, 1.000000000000000000 ) ) ;
#901 = VECTOR ( 'NONE', #2325, 1000.000000000000000 ) ;
#902 = ORIENTED_EDGE ( 'NONE', *, *, #1256, .T. ) ;
#903 = CARTESIAN_POINT ( 'NONE',  ( 15.00000000000000355, 6.000000000000000000, 42.99999999999999289 ) ) ;
#904 = DIRECTION ( 'NONE',  ( 0.000000000000000000, 0.000000000000000000, 1.000000000000000000 ) ) ;
#905 = EDGE_CURVE ( 'NONE', #711, #706, #3736, .T. ) ;
#906 = CARTESIAN_POINT ( 'NONE',  ( -10.00000000000000533, 8.000000000000000000, -18.42893218813456713 ) ) ;
#907 = ORIENTED_EDGE ( 'NONE', *, *, #842, .F. ) ;
#908 = VERTEX_POINT ( 'NONE', #2855 ) ;
#909 = EDGE_CURVE ( 'NONE', #3627, #384, #2837, .T. ) ;
#910 = CARTESIAN_POINT ( 'NONE',  ( -1.348886878754494090, 0.000000000000000000, 14.85821990243216462 ) ) ;
#911 = DIRECTION ( 'NONE',  ( -0.7071067811865517916, 0.000000000000000000, 0.7071067811865433539 ) ) ;
#912 = CARTESIAN_POINT ( 'NONE',  ( -4.999999999999997335, 3.000000000000000000, -32.50000000000000000 ) ) ;
#913 = ORIENTED_EDGE ( 'NONE', *, *, #3098, .F. ) ;
#914 = DIRECTION ( 'NONE',  ( 0.000000000000000000, 0.000000000000000000, 1.000000000000000000 ) ) ;
#915 = VECTOR ( 'NONE', #1445, 1000.000000000000000 ) ;
#916 = LINE ( 'NONE', #3230, #1219 ) ;
#917 = VECTOR ( 'NONE', #1358, 1000.000000000000000 ) ;
#918 = VERTEX_POINT ( 'NONE', #3108 ) ;
#919 = EDGE_CURVE ( 'NONE', #3100, #2788, #3473, .T. ) ;
#920 = LINE ( 'NONE', #2081, #2456 ) ;
#921 = VECTOR ( 'NONE', #1486, 1000.000000000000000 ) ;
#922 = CARTESIAN_POINT ( 'NONE',  ( -20.00000000000000000, 3.999999999999997335, 5.499999999999996447 ) ) ;
#923 = AXIS2_PLACEMENT_3D ( 'NONE', #1698, #604, #3510 ) ;
#924 = VERTEX_POINT ( 'NONE', #2877 ) ;
#925 = ADVANCED_FACE ( 'NONE', ( #242 ), #3754, .F. ) ;
#926 = EDGE_CURVE ( 'NONE', #1483, #1389, #1080, .T. ) ;
#927 = CIRCLE ( 'NONE', #6, 0.5000000000000004441 ) ;
#928 = LINE ( 'NONE', #947, #2200 ) ;
#929 = ORIENTED_EDGE ( 'NONE', *, *, #16, .F. ) ;
#930 = VECTOR ( 'NONE', #730, 1000.000000000000000 ) ;
#931 = DIRECTION ( 'NONE',  ( -1.029029203971268260E-16, 0.000000000000000000, -1.000000000000000000 ) ) ;
#932 = EDGE_CURVE ( 'NONE', #2045, #3623, #1893, .T. ) ;
#933 = LINE ( 'NONE', #3241, #472 ) ;
#934 = PLANE ( 'NONE',  #2544 ) ;
#935 = EDGE_CURVE ( 'NONE', #384, #3786, #2656, .T. ) ;
#936 = ORIENTED_EDGE ( 'NONE', *, *, #574, .T. ) ;
#937 = ORIENTED_EDGE ( 'NONE', *, *, #2558, .T. ) ;
#938 = DIRECTION ( 'NONE',  ( -0.000000000000000000, 1.000000000000000000, -0.000000000000000000 ) ) ;
#939 = DIRECTION ( 'NONE',  ( -0.000000000000000000, -1.000000000000000000, -0.000000000000000000 ) ) ;
#940 = LINE ( 'NONE', #2907, #3424 ) ;
#941 = ORIENTED_EDGE ( 'NONE', *, *, #694, .T. ) ;
#942 = FACE_OUTER_BOUND ( 'NONE', #88, .T. ) ;
#943 = DIRECTION ( 'NONE',  ( 1.000000000000000000, -0.000000000000000000, -1.084202172485504557E-16 ) ) ;
#944 = DIRECTION ( 'NONE',  ( -1.169476500658521966E-16, 0.000000000000000000, -1.000000000000000000 ) ) ;
#945 = VECTOR ( 'NONE', #2966, 1000.000000000000227 ) ;
#946 = ORIENTED_EDGE ( 'NONE', *, *, #2569, .T. ) ;
#947 = CARTESIAN_POINT ( 'NONE',  ( 3.297713300147053772, 18.20228669985294800, 35.34175783505902757 ) ) ;
#948 = EDGE_CURVE ( 'NONE', #3345, #1939, #261, .T. ) ;
#949 = ORIENTED_EDGE ( 'NONE', *, *, #1567, .F. ) ;
#950 = CARTESIAN_POINT ( 'NONE',  ( -4.999999999999997335, 4.000000000000000000, -37.24999999999999289 ) ) ;
#951 = CARTESIAN_POINT ( 'NONE',  ( -18.93933982822020567, 8.000000000000000000, -3.439339828220195017 ) ) ;
#952 = CARTESIAN_POINT ( 'NONE',  ( -9.500000000000005329, 0.000000000000000000, -17.22182540694803166 ) ) ;
#953 = ORIENTED_EDGE ( 'NONE', *, *, #1158, .F. ) ;
#954 = EDGE_LOOP ( 'NONE', ( #2402, #3494, #493, #344, #1190, #96, #1292 ) ) ;
#955 = DIRECTION ( 'NONE',  ( 0.000000000000000000, 1.000000000000000000, 0.000000000000000000 ) ) ;
#956 = CARTESIAN_POINT ( 'NONE',  ( -4.999999999999997335, 5.000000000000000000, 32.49999999999998579 ) ) ;
#957 = EDGE_CURVE ( 'NONE', #3256, #303, #3472, .T. ) ;
#958 = CARTESIAN_POINT ( 'NONE',  ( -1.348886878754494090, 0.000000000000000000, 14.85821990243216462 ) ) ;
#959 = EDGE_CURVE ( 'NONE', #2621, #3660, #2366, .T. ) ;
#960 = CARTESIAN_POINT ( 'NONE',  ( 4.331763378039131140, 8.000000000000000000, -25.50000000000000355 ) ) ;
#961 = ORIENTED_EDGE ( 'NONE', *, *, #2853, .F. ) ;
#962 = DIRECTION ( 'NONE',  ( 0.7071067811865430208, 0.000000000000000000, -0.7071067811865521247 ) ) ;
#963 = EDGE_CURVE ( 'NONE', #3199, #2639, #1752, .T. ) ;
#964 = CARTESIAN_POINT ( 'NONE',  ( -15.00000000000000711, 1.500000000000015099, -44.50000000000000711 ) ) ;
#965 = DIRECTION ( 'NONE',  ( -8.673617379884035472E-17, 0.000000000000000000, -1.000000000000000000 ) ) ;
#966 = VERTEX_POINT ( 'NONE', #3769 ) ;
#967 = VECTOR ( 'NONE', #92, 1000.000000000000000 ) ;
#968 = LINE ( 'NONE', #669, #3289 ) ;
#969 = VERTEX_POINT ( 'NONE', #1498 ) ;
#970 = FACE_BOUND ( 'NONE', #817, .T. ) ;
#971 = FACE_OUTER_BOUND ( 'NONE', #2297, .T. ) ;
#972 = ORIENTED_EDGE ( 'NONE', *, *, #2035, .F. ) ;
#973 = CARTESIAN_POINT ( 'NONE',  ( 10.00000000000000178, 8.000000000000000000, -6.707106781186791267 ) ) ;
#974 = ORIENTED_EDGE ( 'NONE', *, *, #1497, .F. ) ;
#975 = VERTEX_POINT ( 'NONE', #2357 ) ;
#976 = DIRECTION ( 'NONE',  ( 0.4999999999999990563, -0.7071067811865445751, -0.5000000000000051070 ) ) ;
#977 = DIRECTION ( 'NONE',  ( 0.000000000000000000, 0.000000000000000000, 1.000000000000000000 ) ) ;
#978 = CARTESIAN_POINT ( 'NONE',  ( -11.18933982822008666, 0.000000000000000000, -11.18933982822022166 ) ) ;
#979 = LINE ( 'NONE', #167, #614 ) ;
#980 = ORIENTED_EDGE ( 'NONE', *, *, #1309, .F. ) ;
#981 = DIRECTION ( 'NONE',  ( -0.7071067811865517916, 0.000000000000000000, 0.7071067811865433539 ) ) ;
#982 = AXIS2_PLACEMENT_3D ( 'NONE', #2292, #2011, #3167 ) ;
#983 = DIRECTION ( 'NONE',  ( 0.000000000000000000, 0.000000000000000000, 1.000000000000000000 ) ) ;
#984 = DIRECTION ( 'NONE',  ( 0.000000000000000000, 0.000000000000000000, -1.000000000000000000 ) ) ;
#985 = CARTESIAN_POINT ( 'NONE',  ( 15.00000000000000355, 0.5000000000000016653, 37.47927405783629240 ) ) ;
#986 = EDGE_CURVE ( 'NONE', #2936, #2787, #2369, .T. ) ;
#987 = ORIENTED_EDGE ( 'NONE', *, *, #2563, .T. ) ;
#988 = AXIS2_PLACEMENT_3D ( 'NONE', #2383, #2082, #944 ) ;
#989 = VECTOR ( 'NONE', #2947, 1000.000000000000114 ) ;
#990 = ORIENTED_EDGE ( 'NONE', *, *, #1497, .T. ) ;
#991 = FACE_BOUND ( 'NONE', #1663, .T. ) ;
#992 = VECTOR ( 'NONE', #1376, 1000.000000000000000 ) ;
#993 = LINE ( 'NONE', #2150, #3203 ) ;
#994 = DIRECTION ( 'NONE',  ( -0.000000000000000000, -1.000000000000000000, -0.000000000000000000 ) ) ;
#995 = ORIENTED_EDGE ( 'NONE', *, *, #3225, .T. ) ;
#996 = ORIENTED_EDGE ( 'NONE', *, *, #2451, .T. ) ;
#997 = AXIS2_PLACEMENT_3D ( 'NONE', #2185, #1947, #1588 ) ;
#998 = DIRECTION ( 'NONE',  ( 0.000000000000000000, 0.000000000000000000, 1.000000000000000000 ) ) ;
#999 =( GEOMETRIC_REPRESENTATION_CONTEXT ( 3 ) GLOBAL_UNCERTAINTY_ASSIGNED_CONTEXT ( ( #2266 ) ) GLOBAL_UNIT_ASSIGNED_CONTEXT ( ( #1642, #415, #134 ) ) REPRESENTATION_CONTEXT ( 'NONE', 'WORKASPACE' ) );
#1000 = CARTESIAN_POINT ( 'NONE',  ( -15.00000000000000711, 2.000000000000000000, -42.50000000000000000 ) ) ;
#1001 = EDGE_CURVE ( 'NONE', #718, #801, #795, .T. ) ;
#1002 = ORIENTED_EDGE ( 'NONE', *, *, #1009, .F. ) ;
#1003 = EDGE_CURVE ( 'NONE', #559, #2936, #1109, .T. ) ;
#1004 = CARTESIAN_POINT ( 'NONE',  ( -4.999999999999997335, 0.000000000000000000, -42.50000000000000000 ) ) ;
#1005 = DIRECTION ( 'NONE',  ( 0.000000000000000000, 0.000000000000000000, -1.000000000000000000 ) ) ;
#1006 = CARTESIAN_POINT ( 'NONE',  ( -9.500000000000005329, 0.000000000000000000, -17.72182540694803166 ) ) ;
#1007 = VECTOR ( 'NONE', #3102, 1000.000000000000000 ) ;
#1008 = FACE_OUTER_BOUND ( 'NONE', #3620, .T. ) ;
#1009 = EDGE_CURVE ( 'NONE', #3256, #1386, #3215, .T. ) ;
#1010 = ORIENTED_EDGE ( 'NONE', *, *, #3300, .T. ) ;
#1011 = VECTOR ( 'NONE', #3024, 1000.000000000000000 ) ;
#1012 = DIRECTION ( 'NONE',  ( 0.000000000000000000, 0.000000000000000000, 1.000000000000000000 ) ) ;
#1013 = DIRECTION ( 'NONE',  ( 0.2821663239915489507, 0.000000000000000000, -0.9593655015712709844 ) ) ;
#1014 = ORIENTED_EDGE ( 'NONE', *, *, #3098, .T. ) ;
#1015 = EDGE_LOOP ( 'NONE', ( #837, #3063, #2455, #2261 ) ) ;
#1016 = AXIS2_PLACEMENT_3D ( 'NONE', #1879, #3095, #193 ) ;
#1017 = DIRECTION ( 'NONE',  ( 1.169476500658521966E-16, 0.000000000000000000, 1.000000000000000000 ) ) ;
#1018 = DIRECTION ( 'NONE',  ( 0.000000000000000000, 0.000000000000000000, 1.000000000000000000 ) ) ;
#1019 = CARTESIAN_POINT ( 'NONE',  ( 5.000000000000002665, 5.000000000000000000, 32.49999999999998579 ) ) ;
#1020 = LINE ( 'NONE', #3062, #1585 ) ;
#1021 = AXIS2_PLACEMENT_3D ( 'NONE', #1369, #2824, #796 ) ;
#1022 = ORIENTED_EDGE ( 'NONE', *, *, #2972, .F. ) ;
#1023 = DIRECTION ( 'NONE',  ( 0.000000000000000000, 0.000000000000000000, 1.000000000000000000 ) ) ;
#1024 = CARTESIAN_POINT ( 'NONE',  ( -15.00000000000000533, 4.000000000000000000, -37.24999999999999289 ) ) ;
#1025 = DIRECTION ( 'NONE',  ( 3.469446951953611033E-15, 0.000000000000000000, 1.000000000000000000 ) ) ;
#1026 = CARTESIAN_POINT ( 'NONE',  ( 4.089506800367041173, 0.000000000000000000, -4.132318606581162790 ) ) ;
#1027 = DIRECTION ( 'NONE',  ( 0.7071067811865522357, 0.000000000000000000, 0.7071067811865429098 ) ) ;
#1028 = EDGE_CURVE ( 'NONE', #873, #794, #418, .T. ) ;
#1029 = EDGE_CURVE ( 'NONE', #561, #331, #2872, .T. ) ;
#1030 = EDGE_LOOP ( 'NONE', ( #2552, #2264, #339, #2375, #1010, #3517, #1950 ) ) ;
#1031 = CIRCLE ( 'NONE', #1331, 0.5000000000000004441 ) ;
#1032 = ORIENTED_EDGE ( 'NONE', *, *, #668, .F. ) ;
#1033 = CARTESIAN_POINT ( 'NONE',  ( 4.999999999999993783, 0.000000000000000000, -25.50000000000000355 ) ) ;
#1034 = DIRECTION ( 'NONE',  ( 0.000000000000000000, 1.000000000000000000, -0.000000000000000000 ) ) ;
#1035 = ORIENTED_EDGE ( 'NONE', *, *, #3447, .F. ) ;
#1036 = ORIENTED_EDGE ( 'NONE', *, *, #2056, .T. ) ;
#1037 = ORIENTED_EDGE ( 'NONE', *, *, #574, .F. ) ;
#1038 = EDGE_CURVE ( 'NONE', #3245, #2726, #231, .T. ) ;
#1039 = DIRECTION ( 'NONE',  ( 1.169476500658521966E-16, -0.000000000000000000, 1.000000000000000000 ) ) ;
#1040 = CARTESIAN_POINT ( 'NONE',  ( -15.00000000000000533, 4.000000000000000000, -39.49999999999999289 ) ) ;
#1041 = DIRECTION ( 'NONE',  ( 1.000000000000000000, 0.000000000000000000, -1.169476500658521966E-16 ) ) ;
#1042 = EDGE_LOOP ( 'NONE', ( #2050, #824, #2870, #1629 ) ) ;
#1043 = LINE ( 'NONE', #727, #2085 ) ;
#1044 = CARTESIAN_POINT ( 'NONE',  ( 4.811446128824766078, 0.000000000000000000, -24.85891683800422669 ) ) ;
#1045 = AXIS2_PLACEMENT_3D ( 'NONE', #113, #1328, #790 ) ;
#1046 = CARTESIAN_POINT ( 'NONE',  ( 14.99999999999999289, 1.500000000000001332, -44.50000000000000711 ) ) ;
#1047 = AXIS2_PLACEMENT_3D ( 'NONE', #2153, #2420, #719 ) ;
#1048 = CIRCLE ( 'NONE', #183, 0.5000000000000004441 ) ;
#1049 = ORIENTED_EDGE ( 'NONE', *, *, #3501, .T. ) ;
#1050 = CARTESIAN_POINT ( 'NONE',  ( -13.49999999999998046, 6.000000000000000000, 42.49999999999998579 ) ) ;
#1051 = DIRECTION ( 'NONE',  ( 0.000000000000000000, 1.000000000000000000, 0.000000000000000000 ) ) ;
#1052 = EDGE_LOOP ( 'NONE', ( #3321, #4, #2773, #3688 ) ) ;
#1053 = AXIS2_PLACEMENT_3D ( 'NONE', #2026, #3476, #3183 ) ;
#1054 = EDGE_LOOP ( 'NONE', ( #3217, #1145, #3412, #1037 ) ) ;
#1055 = ORIENTED_EDGE ( 'NONE', *, *, #3093, .T. ) ;
#1056 = ADVANCED_FACE ( 'NONE', ( #3548 ), #84, .F. ) ;
#1057 = AXIS2_PLACEMENT_3D ( 'NONE', #766, #528, #2545 ) ;
#1058 = CARTESIAN_POINT ( 'NONE',  ( 14.99999999999999289, 8.000000000000000000, -44.50000000000000711 ) ) ;
#1059 = EDGE_CURVE ( 'NONE', #1386, #2091, #1847, .T. ) ;
#1060 = CARTESIAN_POINT ( 'NONE',  ( -15.00000000000000711, 6.499999999999999112, -42.50000000000000000 ) ) ;
#1061 = ORIENTED_EDGE ( 'NONE', *, *, #639, .F. ) ;
#1062 = VECTOR ( 'NONE', #3010, 1000.000000000000000 ) ;
#1063 = CARTESIAN_POINT ( 'NONE',  ( -4.999999999999994671, 8.000000000000000000, 25.49999999999998934 ) ) ;
#1064 = DIRECTION ( 'NONE',  ( 1.000000000000000000, 0.000000000000000000, 0.000000000000000000 ) ) ;
#1065 = LINE ( 'NONE', #1683, #1310 ) ;
#1066 = DIRECTION ( 'NONE',  ( -0.7071067811865517916, -0.000000000000000000, -0.7071067811865432429 ) ) ;
#1067 = LINE ( 'NONE', #3640, #1412 ) ;
#1068 = DIRECTION ( 'NONE',  ( -7.709882115452470278E-16, 0.000000000000000000, -1.000000000000000000 ) ) ;
#1069 = EDGE_LOOP ( 'NONE', ( #2435, #1235, #2312, #1271 ) ) ;
#1070 = CIRCLE ( 'NONE', #2530, 2.250000000000001776 ) ;
#1071 = LINE ( 'NONE', #3325, #1742 ) ;
#1072 = CARTESIAN_POINT ( 'NONE',  ( -1.828569629540129027, 7.999999999999996447, 14.71713674043638953 ) ) ;
#1073 = ORIENTED_EDGE ( 'NONE', *, *, #2088, .T. ) ;
#1074 = ORIENTED_EDGE ( 'NONE', *, *, #2415, .T. ) ;
#1075 = CARTESIAN_POINT ( 'NONE',  ( 3.609824049581406680, 8.000000000000000000, -3.773401768576936988 ) ) ;
#1076 = CARTESIAN_POINT ( 'NONE',  ( -4.999999999999997335, 5.000000000000000000, 32.49999999999998579 ) ) ;
#1077 = CARTESIAN_POINT ( 'NONE',  ( -13.49999999999998046, 0.000000000000000000, 42.49999999999998579 ) ) ;
#1078 = ORIENTED_EDGE ( 'NONE', *, *, #948, .F. ) ;
#1079 = EDGE_CURVE ( 'NONE', #966, #3245, #1574, .T. ) ;
#1080 = LINE ( 'NONE', #3147, #3103 ) ;
#1081 = DIRECTION ( 'NONE',  ( -0.000000000000000000, 1.000000000000000000, 0.000000000000000000 ) ) ;
#1082 = DIRECTION ( 'NONE',  ( -1.000000000000000000, 0.000000000000000000, -0.000000000000000000 ) ) ;
#1083 = CARTESIAN_POINT ( 'NONE',  ( -4.999999999999997335, 8.000000000000000000, 42.49999999999998579 ) ) ;
#1084 = EDGE_CURVE ( 'NONE', #2084, #3448, #2727, .T. ) ;
#1085 = LINE ( 'NONE', #3403, #1511 ) ;
#1086 = CARTESIAN_POINT ( 'NONE',  ( 5.000000000000000888, 6.000000000000000000, 42.49999999999998579 ) ) ;
#1087 = EDGE_CURVE ( 'NONE', #2691, #457, #3588, .T. ) ;
#1088 = ORIENTED_EDGE ( 'NONE', *, *, #553, .F. ) ;
#1089 = CARTESIAN_POINT ( 'NONE',  ( -9.146446609406728712, 0.000000000000000000, 6.353553390593469352 ) ) ;
#1090 = DIRECTION ( 'NONE',  ( -0.000000000000000000, -1.000000000000000000, -0.000000000000000000 ) ) ;
#1091 = EDGE_LOOP ( 'NONE', ( #2941, #1143, #2880, #148 ) ) ;
#1092 = VECTOR ( 'NONE', #424, 1000.000000000000000 ) ;
#1093 = ORIENTED_EDGE ( 'NONE', *, *, #154, .T. ) ;
#1094 = ORIENTED_EDGE ( 'NONE', *, *, #2475, .T. ) ;
#1095 = CYLINDRICAL_SURFACE ( 'NONE', #3418, 2.999999999999999112 ) ;
#1096 = CARTESIAN_POINT ( 'NONE',  ( -20.00000000000000000, -2.449293598294706119E-15, -4.500000000000001776 ) ) ;
#1097 = CARTESIAN_POINT ( 'NONE',  ( 1.828569629540129249, 8.000000000000000000, -14.71713674043642150 ) ) ;
#1098 = ORIENTED_EDGE ( 'NONE', *, *, #610, .T. ) ;
#1099 = CARTESIAN_POINT ( 'NONE',  ( -15.00000000000000000, 1.500000000000015099, 20.49999999999996447 ) ) ;
#1100 = DIRECTION ( 'NONE',  ( -1.169476500658521966E-16, 0.000000000000000000, -1.000000000000000000 ) ) ;
#1101 = ORIENTED_EDGE ( 'NONE', *, *, #1784, .T. ) ;
#1102 = CARTESIAN_POINT ( 'NONE',  ( -4.999999999999997335, 4.000000000000000000, 41.74999999999999289 ) ) ;
#1103 = ADVANCED_FACE ( 'NONE', ( #3005 ), #2462, .F. ) ;
#1104 = DIRECTION ( 'NONE',  ( -9.766872118231285101E-17, 2.146163712481650476E-16, 1.000000000000000000 ) ) ;
#1105 = FACE_OUTER_BOUND ( 'NONE', #1393, .T. ) ;
#1106 = EDGE_CURVE ( 'NONE', #706, #317, #3332, .T. ) ;
#1107 = CIRCLE ( 'NONE', #3700, 0.5000000000000004441 ) ;
#1108 = VERTEX_POINT ( 'NONE', #340 ) ;
#1109 = CIRCLE ( 'NONE', #2911, 0.5000000000000004441 ) ;
#1110 = DIRECTION ( 'NONE',  ( 0.000000000000000000, -1.000000000000000000, 0.000000000000000000 ) ) ;
#1111 = VERTEX_POINT ( 'NONE', #3037 ) ;
#1112 = ORIENTED_EDGE ( 'NONE', *, *, #2476, .F. ) ;
#1113 = ORIENTED_EDGE ( 'NONE', *, *, #2436, .F. ) ;
#1114 = DIRECTION ( 'NONE',  ( 8.673617379884035472E-17, 0.000000000000000000, 1.000000000000000000 ) ) ;
#1115 = CIRCLE ( 'NONE', #2075, 0.5000000000000004441 ) ;
#1116 = LINE ( 'NONE', #2355, #2775 ) ;
#1117 = CYLINDRICAL_SURFACE ( 'NONE', #3610, 0.5000000000000000000 ) ;
#1118 = VERTEX_POINT ( 'NONE', #2129 ) ;
#1119 = AXIS2_PLACEMENT_3D ( 'NONE', #3048, #2700, #1542 ) ;
#1120 = FACE_OUTER_BOUND ( 'NONE', #192, .T. ) ;
#1121 = VERTEX_POINT ( 'NONE', #3021 ) ;
#1122 = VECTOR ( 'NONE', #3038, 1000.000000000000000 ) ;
#1123 = DIRECTION ( 'NONE',  ( 1.169476500658521966E-16, 0.000000000000000000, 1.000000000000000000 ) ) ;
#1124 = VECTOR ( 'NONE', #1343, 1000.000000000000000 ) ;
#1125 = DIRECTION ( 'NONE',  ( 0.000000000000000000, 1.000000000000000000, 0.000000000000000000 ) ) ;
#1126 = ADVANCED_FACE ( 'NONE', ( #3312 ), #2441, .F. ) ;
#1127 = EDGE_LOOP ( 'NONE', ( #260, #3511, #3094, #3041 ) ) ;
#1128 = EDGE_CURVE ( 'NONE', #119, #2416, #1300, .T. ) ;
#1129 = FACE_OUTER_BOUND ( 'NONE', #2610, .T. ) ;
#1130 = ORIENTED_EDGE ( 'NONE', *, *, #3346, .F. ) ;
#1131 = ORIENTED_EDGE ( 'NONE', *, *, #238, .T. ) ;
#1132 = CARTESIAN_POINT ( 'NONE',  ( -4.999999999999997335, 5.000000000000000000, -29.50000000000000355 ) ) ;
#1133 = DIRECTION ( 'NONE',  ( 1.000000000000000000, 0.000000000000000000, -1.084202172485504434E-16 ) ) ;
#1134 = AXIS2_PLACEMENT_3D ( 'NONE', #2801, #295, #572 ) ;
#1135 = EDGE_LOOP ( 'NONE', ( #1705, #3033, #406, #1193 ) ) ;
#1136 = CYLINDRICAL_SURFACE ( 'NONE', #2324, 0.5000000000000002220 ) ;
#1137 = VERTEX_POINT ( 'NONE', #1595 ) ;
#1138 = DIRECTION ( 'NONE',  ( 0.000000000000000000, 0.000000000000000000, -1.000000000000000000 ) ) ;
#1139 = DIRECTION ( 'NONE',  ( -0.000000000000000000, -1.000000000000000000, -0.000000000000000000 ) ) ;
#1140 = CARTESIAN_POINT ( 'NONE',  ( 5.000000000000002665, 0.000000000000000000, 29.49999999999998934 ) ) ;
#1141 = ORIENTED_EDGE ( 'NONE', *, *, #198, .F. ) ;
#1142 = CYLINDRICAL_SURFACE ( 'NONE', #3137, 2.000000000000001776 ) ;
#1143 = ORIENTED_EDGE ( 'NONE', *, *, #401, .T. ) ;
#1144 = CIRCLE ( 'NONE', #3395, 1.899999999999999689 ) ;
#1145 = ORIENTED_EDGE ( 'NONE', *, *, #2663, .F. ) ;
#1146 = LINE ( 'NONE', #2057, #1700 ) ;
#1147 = FACE_OUTER_BOUND ( 'NONE', #3394, .T. ) ;
#1148 = EDGE_CURVE ( 'NONE', #3725, #612, #64, .T. ) ;
#1149 = ORIENTED_EDGE ( 'NONE', *, *, #1789, .T. ) ;
#1150 = DIRECTION ( 'NONE',  ( 0.000000000000000000, 0.000000000000000000, 1.000000000000000000 ) ) ;
#1151 = PLANE ( 'NONE',  #2136 ) ;
#1152 = EDGE_LOOP ( 'NONE', ( #1778, #2635, #1990, #2291 ) ) ;
#1153 = CYLINDRICAL_SURFACE ( 'NONE', #255, 2.000000000000001776 ) ;
#1154 = LINE ( 'NONE', #2013, #1479 ) ;
#1155 = DIRECTION ( 'NONE',  ( -0.000000000000000000, 1.000000000000000000, -0.000000000000000000 ) ) ;
#1156 = EDGE_LOOP ( 'NONE', ( #3211, #75, #2648, #2572, #2388 ) ) ;
#1157 = LINE ( 'NONE', #818, #2699 ) ;
#1158 = EDGE_CURVE ( 'NONE', #2087, #123, #1238, .T. ) ;
#1159 = ORIENTED_EDGE ( 'NONE', *, *, #2370, .F. ) ;
#1160 = CIRCLE ( 'NONE', #2615, 0.5000000000000000000 ) ;
#1161 = CARTESIAN_POINT ( 'NONE',  ( -4.999999999999997335, 6.000000000000000000, 44.49999999999999289 ) ) ;
#1162 = LINE ( 'NONE', #3195, #901 ) ;
#1163 = VERTEX_POINT ( 'NONE', #2109 ) ;
#1164 = EDGE_CURVE ( 'NONE', #1691, #74, #637, .T. ) ;
#1165 = CIRCLE ( 'NONE', #298, 0.5000000000000004441 ) ;
#1166 = CARTESIAN_POINT ( 'NONE',  ( -9.500000000000000000, 8.000000000000000000, 22.02799548533325691 ) ) ;
#1167 = EDGE_LOOP ( 'NONE', ( #131, #3206, #523, #1500 ) ) ;
#1168 = AXIS2_PLACEMENT_3D ( 'NONE', #3264, #1276, #977 ) ;
#1169 = PLANE ( 'NONE',  #2881 ) ;
#1170 = CARTESIAN_POINT ( 'NONE',  ( -0.01615177542392174509, 0.000000000000000000, -8.445083963558616347 ) ) ;
#1171 = VECTOR ( 'NONE', #3305, 1000.000000000000000 ) ;
#1172 = ORIENTED_EDGE ( 'NONE', *, *, #1197, .F. ) ;
#1173 = CARTESIAN_POINT ( 'NONE',  ( 13.49999999999999112, 8.000000000000000000, -42.50000000000000000 ) ) ;
#1174 = ORIENTED_EDGE ( 'NONE', *, *, #524, .F. ) ;
#1175 = DIRECTION ( 'NONE',  ( -0.6785983445458481089, -0.6785983445458481089, 0.2810846377148151221 ) ) ;
#1176 = ORIENTED_EDGE ( 'NONE', *, *, #511, .T. ) ;
#1177 = CARTESIAN_POINT ( 'NONE',  ( 5.000000000000002665, 8.000000000000000000, -42.50000000000000000 ) ) ;
#1178 = CIRCLE ( 'NONE', #1850, 2.250000000000001776 ) ;
#1179 = EDGE_LOOP ( 'NONE', ( #436, #2828, #2482, #3019 ) ) ;
#1180 = EDGE_CURVE ( 'NONE', #2335, #2916, #2256, .T. ) ;
#1181 = DIRECTION ( 'NONE',  ( 0.000000000000000000, 0.000000000000000000, -1.000000000000000000 ) ) ;
#1182 = VECTOR ( 'NONE', #1638, 1000.000000000000000 ) ;
#1183 = EDGE_LOOP ( 'NONE', ( #392, #655, #42, #3026 ) ) ;
#1184 = DIRECTION ( 'NONE',  ( 0.9593655015712708733, 0.000000000000000000, 0.2821663239915492283 ) ) ;
#1185 = DIRECTION ( 'NONE',  ( 0.000000000000000000, -1.000000000000000000, 0.000000000000000000 ) ) ;
#1186 = FACE_OUTER_BOUND ( 'NONE', #1135, .T. ) ;
#1187 = ADVANCED_FACE ( 'NONE', ( #2693, #2962 ), #1514, .F. ) ;
#1188 = FACE_OUTER_BOUND ( 'NONE', #3058, .T. ) ;
#1189 = ORIENTED_EDGE ( 'NONE', *, *, #2471, .T. ) ;
#1190 = ORIENTED_EDGE ( 'NONE', *, *, #3160, .T. ) ;
#1191 = LINE ( 'NONE', #1177, #3492 ) ;
#1192 = CARTESIAN_POINT ( 'NONE',  ( 9.146446609406714501, 8.000000000000000000, 24.64644660940671272 ) ) ;
#1193 = ORIENTED_EDGE ( 'NONE', *, *, #3247, .F. ) ;
#1194 = DIRECTION ( 'NONE',  ( 0.000000000000000000, 1.000000000000000000, 0.000000000000000000 ) ) ;
#1195 = CARTESIAN_POINT ( 'NONE',  ( 5.000000000000002665, 3.000000000000000000, -32.50000000000000000 ) ) ;
#1196 = VERTEX_POINT ( 'NONE', #199 ) ;
#1197 = EDGE_CURVE ( 'NONE', #331, #2704, #182, .T. ) ;
#1198 = CARTESIAN_POINT ( 'NONE',  ( -15.00000000000000533, 4.000000000000000000, 41.74999999999999289 ) ) ;
#1199 = DIRECTION ( 'NONE',  ( 0.000000000000000000, 0.000000000000000000, -1.000000000000000000 ) ) ;
#1200 = EDGE_CURVE ( 'NONE', #2066, #230, #1211, .T. ) ;
#1201 = ORIENTED_EDGE ( 'NONE', *, *, #1354, .T. ) ;
#1202 = EDGE_CURVE ( 'NONE', #2726, #2625, #3141, .T. ) ;
#1203 = ORIENTED_EDGE ( 'NONE', *, *, #2663, .T. ) ;
#1204 = DIRECTION ( 'NONE',  ( -0.7071067811865522357, 0.000000000000000000, -0.7071067811865427988 ) ) ;
#1205 = DIRECTION ( 'NONE',  ( -0.000000000000000000, 0.000000000000000000, -1.000000000000000000 ) ) ;
#1206 = CYLINDRICAL_SURFACE ( 'NONE', #280, 2.250000000000001776 ) ;
#1207 = FACE_OUTER_BOUND ( 'NONE', #3274, .T. ) ;
#1208 = ORIENTED_EDGE ( 'NONE', *, *, #3540, .T. ) ;
#1209 = ORIENTED_EDGE ( 'NONE', *, *, #3344, .F. ) ;
#1210 = DIRECTION ( 'NONE',  ( 0.7071067811865522357, 0.000000000000000000, 0.7071067811865429098 ) ) ;
#1211 = CIRCLE ( 'NONE', #663, 2.999999999999999112 ) ;
#1212 = CARTESIAN_POINT ( 'NONE',  ( 8.792893218813443212, 8.000000000000000000, 24.99999999999998579 ) ) ;
#1213 = CARTESIAN_POINT ( 'NONE',  ( -4.999999999999997335, 2.000000000000000000, 42.49999999999998579 ) ) ;
#1214 = EDGE_LOOP ( 'NONE', ( #3745, #1670, #1372, #3077 ) ) ;
#1215 = AXIS2_PLACEMENT_3D ( 'NONE', #1306, #3342, #3636 ) ;
#1216 = LINE ( 'NONE', #3339, #2532 ) ;
#1217 = CARTESIAN_POINT ( 'NONE',  ( 14.99999999999999289, 2.000000000000000000, -42.50000000000000000 ) ) ;
#1218 = EDGE_CURVE ( 'NONE', #1296, #450, #1986, .T. ) ;
#1219 = VECTOR ( 'NONE', #568, 1000.000000000000000 ) ;
#1220 = DIRECTION ( 'NONE',  ( 0.7071067811865474617, -0.7071067811865474617, 0.000000000000000000 ) ) ;
#1221 = VECTOR ( 'NONE', #7, 1000.000000000000000 ) ;
#1222 = LINE ( 'NONE', #906, #967 ) ;
#1223 = ORIENTED_EDGE ( 'NONE', *, *, #1916, .F. ) ;
#1224 = EDGE_CURVE ( 'NONE', #696, #450, #1340, .T. ) ;
#1225 = AXIS2_PLACEMENT_3D ( 'NONE', #1335, #758, #2203 ) ;
#1226 = CARTESIAN_POINT ( 'NONE',  ( -15.00000000000000533, 4.000000000000000000, -39.49999999999999289 ) ) ;
#1227 = ORIENTED_EDGE ( 'NONE', *, *, #1148, .T. ) ;
#1228 = EDGE_CURVE ( 'NONE', #1296, #1612, #2769, .T. ) ;
#1229 = EDGE_CURVE ( 'NONE', #1993, #966, #1913, .T. ) ;
#1230 = AXIS2_PLACEMENT_3D ( 'NONE', #819, #3446, #875 ) ;
#1231 = DIRECTION ( 'NONE',  ( 0.000000000000000000, 0.000000000000000000, 1.000000000000000000 ) ) ;
#1232 = CARTESIAN_POINT ( 'NONE',  ( -15.00000000000000000, 3.999999999999997335, 5.499999999999995559 ) ) ;
#1233 = DIRECTION ( 'NONE',  ( 0.000000000000000000, 0.000000000000000000, -1.000000000000000000 ) ) ;
#1234 = AXIS2_PLACEMENT_3D ( 'NONE', #2774, #2489, #3656 ) ;
#1235 = ORIENTED_EDGE ( 'NONE', *, *, #3331, .T. ) ;
#1236 = ORIENTED_EDGE ( 'NONE', *, *, #957, .F. ) ;
#1237 = ADVANCED_FACE ( 'NONE', ( #2524 ), #454, .F. ) ;
#1238 = LINE ( 'NONE', #1804, #2851 ) ;
#1239 = CARTESIAN_POINT ( 'NONE',  ( -9.500000000000005329, 8.000000000000000000, -17.22182540694803166 ) ) ;
#1240 = DIRECTION ( 'NONE',  ( 1.000000000000000000, -0.000000000000000000, 1.084202172485504557E-16 ) ) ;
#1241 = ORIENTED_EDGE ( 'NONE', *, *, #3750, .F. ) ;
#1242 = CARTESIAN_POINT ( 'NONE',  ( -20.00000000000002132, 1.500000000000000666, -4.500000000000001776 ) ) ;
#1243 = FACE_OUTER_BOUND ( 'NONE', #621, .T. ) ;
#1244 = PLANE ( 'NONE',  #1596 ) ;
#1245 = DIRECTION ( 'NONE',  ( -1.000000000000000000, 0.000000000000000000, 9.144372052005619048E-17 ) ) ;
#1246 = ADVANCED_FACE ( 'NONE', ( #1659 ), #2542, .F. ) ;
#1247 = DIRECTION ( 'NONE',  ( 0.6785983445458483310, -0.6785983445458483310, -0.2810846377148142339 ) ) ;
#1248 = ORIENTED_EDGE ( 'NONE', *, *, #1251, .F. ) ;
#1249 = DIRECTION ( 'NONE',  ( 0.000000000000000000, 0.000000000000000000, -1.000000000000000000 ) ) ;
#1250 = ORIENTED_EDGE ( 'NONE', *, *, #1889, .F. ) ;
#1251 = EDGE_CURVE ( 'NONE', #2557, #2045, #1615, .T. ) ;
#1252 = PLANE ( 'NONE',  #879 ) ;
#1253 = DIRECTION ( 'NONE',  ( -1.000000000000000000, 0.000000000000000000, 0.000000000000000000 ) ) ;
#1254 = DIRECTION ( 'NONE',  ( 1.000000000000000000, 0.000000000000000000, 0.000000000000000000 ) ) ;
#1255 = ORIENTED_EDGE ( 'NONE', *, *, #2822, .T. ) ;
#1256 = EDGE_CURVE ( 'NONE', #2001, #2990, #2210, .T. ) ;
#1257 = DIRECTION ( 'NONE',  ( 0.000000000000000000, 0.000000000000000000, -1.000000000000000000 ) ) ;
#1258 = LINE ( 'NONE', #2694, #1360 ) ;
#1259 = DIRECTION ( 'NONE',  ( -1.000000000000000000, 0.000000000000000000, 0.000000000000000000 ) ) ;
#1260 = ADVANCED_FACE ( 'NONE', ( #782 ), #3413, .F. ) ;
#1261 = CARTESIAN_POINT ( 'NONE',  ( 9.500000000000001776, 8.000000000000000000, -22.52799548533330309 ) ) ;
#1262 = ORIENTED_EDGE ( 'NONE', *, *, #1029, .T. ) ;
#1263 = AXIS2_PLACEMENT_3D ( 'NONE', #2573, #2605, #285 ) ;
#1264 = CIRCLE ( 'NONE', #2296, 2.000000000000001776 ) ;
#1265 = EDGE_CURVE ( 'NONE', #3586, #2562, #509, .T. ) ;
#1266 = CARTESIAN_POINT ( 'NONE',  ( -0.01615177542392174509, 8.000000000000000000, -8.445083963558616347 ) ) ;
#1267 = DIRECTION ( 'NONE',  ( -1.000000000000000000, -0.000000000000000000, -0.000000000000000000 ) ) ;
#1268 = CARTESIAN_POINT ( 'NONE',  ( -4.999999999999997335, 2.000000000000000000, -42.50000000000000000 ) ) ;
#1269 = ORIENTED_EDGE ( 'NONE', *, *, #1920, .F. ) ;
#1270 = CARTESIAN_POINT ( 'NONE',  ( 0.000000000000000000, 0.000000000000000000, 0.000000000000000000 ) ) ;
#1271 = ORIENTED_EDGE ( 'NONE', *, *, #2525, .T. ) ;
#1272 = LINE ( 'NONE', #2170, #2900 ) ;
#1273 = CYLINDRICAL_SURFACE ( 'NONE', #3420, 0.5000000000000004441 ) ;
#1274 = ORIENTED_EDGE ( 'NONE', *, *, #250, .F. ) ;
#1275 = DIRECTION ( 'NONE',  ( 1.000000000000000000, 0.000000000000000000, -0.000000000000000000 ) ) ;
#1276 = DIRECTION ( 'NONE',  ( 0.000000000000000000, 1.000000000000000000, 0.000000000000000000 ) ) ;
#1277 = CARTESIAN_POINT ( 'NONE',  ( 13.49999999999999645, 8.000000000000000000, -1.578793275889004198E-15 ) ) ;
#1278 = CARTESIAN_POINT ( 'NONE',  ( -4.999999999999997335, 0.000000000000000000, -44.50000000000000711 ) ) ;
#1279 = ORIENTED_EDGE ( 'NONE', *, *, #642, .F. ) ;
#1280 = DIRECTION ( 'NONE',  ( -1.000000000000000000, 0.000000000000000000, 0.000000000000000000 ) ) ;
#1281 = AXIS2_PLACEMENT_3D ( 'NONE', #2076, #3228, #1150 ) ;
#1282 = ADVANCED_FACE ( 'NONE', ( #2191 ), #1095, .T. ) ;
#1283 = ADVANCED_FACE ( 'NONE', ( #3375, #1968 ), #2559, .T. ) ;
#1284 = FACE_OUTER_BOUND ( 'NONE', #1891, .T. ) ;
#1285 = AXIS2_PLACEMENT_3D ( 'NONE', #1676, #145, #1114 ) ;
#1286 = CARTESIAN_POINT ( 'NONE',  ( 15.00000000000000533, 3.062177826491080612, 42.99999999999998579 ) ) ;
#1287 = ORIENTED_EDGE ( 'NONE', *, *, #558, .F. ) ;
#1288 = AXIS2_PLACEMENT_3D ( 'NONE', #620, #1510, #337 ) ;
#1289 = AXIS2_PLACEMENT_3D ( 'NONE', #3611, #87, #367 ) ;
#1290 = ORIENTED_EDGE ( 'NONE', *, *, #2692, .T. ) ;
#1291 = CARTESIAN_POINT ( 'NONE',  ( -5.538297089181069666, 0.000000000000000000, 10.33021010321577648 ) ) ;
#1292 = ORIENTED_EDGE ( 'NONE', *, *, #2946, .T. ) ;
#1293 = VECTOR ( 'NONE', #649, 1000.000000000000114 ) ;
#1294 = DIRECTION ( 'NONE',  ( 1.000000000000000000, 0.000000000000000000, -0.000000000000000000 ) ) ;
#1295 = DIRECTION ( 'NONE',  ( 1.169476500658521966E-16, 0.000000000000000000, 1.000000000000000000 ) ) ;
#1296 = VERTEX_POINT ( 'NONE', #2268 ) ;
#1297 = ORIENTED_EDGE ( 'NONE', *, *, #3144, .F. ) ;
#1298 = VECTOR ( 'NONE', #3391, 1000.000000000000000 ) ;
#1299 = EDGE_CURVE ( 'NONE', #1675, #1904, #763, .T. ) ;
#1300 = LINE ( 'NONE', #3628, #3730 ) ;
#1301 = CARTESIAN_POINT ( 'NONE',  ( 13.49999999999999112, 6.000000000000000000, -42.50000000000000000 ) ) ;
#1302 = AXIS2_PLACEMENT_3D ( 'NONE', #2968, #1267, #607 ) ;
#1303 = DIRECTION ( 'NONE',  ( -0.7071067811865522357, 0.000000000000000000, -0.7071067811865427988 ) ) ;
#1304 = VERTEX_POINT ( 'NONE', #1765 ) ;
#1305 = PLANE ( 'NONE',  #2036 ) ;
#1306 = CARTESIAN_POINT ( 'NONE',  ( -0.5795861608451681191, 0.000000000000000000, -8.301411567793312685 ) ) ;
#1307 = CIRCLE ( 'NONE', #76, 2.000000000000001776 ) ;
#1308 = CARTESIAN_POINT ( 'NONE',  ( -15.00000000000000711, 2.000000000000000000, -44.50000000000000711 ) ) ;
#1309 = EDGE_CURVE ( 'NONE', #1410, #2633, #1895, .T. ) ;
#1310 = VECTOR ( 'NONE', #2835, 1000.000000000000000 ) ;
#1311 = EDGE_LOOP ( 'NONE', ( #3477, #2664, #731, #1760 ) ) ;
#1312 = EDGE_LOOP ( 'NONE', ( #2108, #2901, #2242, #2043 ) ) ;
#1313 = CARTESIAN_POINT ( 'NONE',  ( 5.538297089181069666, 8.000000000000000000, -10.33021010321581734 ) ) ;
#1314 = CYLINDRICAL_SURFACE ( 'NONE', #2628, 2.000000000000001776 ) ;
#1315 = ORIENTED_EDGE ( 'NONE', *, *, #2359, .F. ) ;
#1316 = DIRECTION ( 'NONE',  ( -0.000000000000000000, -1.000000000000000000, -0.000000000000000000 ) ) ;
#1317 = EDGE_LOOP ( 'NONE', ( #3567, #2929, #2430, #3226 ) ) ;
#1318 = VERTEX_POINT ( 'NONE', #2607 ) ;
#1319 = VECTOR ( 'NONE', #3074, 1000.000000000000114 ) ;
#1320 = CARTESIAN_POINT ( 'NONE',  ( -3.609824049581406236, 8.000000000000000000, 3.773401768576891691 ) ) ;
#1321 = CARTESIAN_POINT ( 'NONE',  ( -5.454545454545459471, 0.000000000000000000, 10.04545454545469774 ) ) ;
#1322 = CARTESIAN_POINT ( 'NONE',  ( -9.500000000000001776, 0.000000000000000000, 6.707106781186745081 ) ) ;
#1323 = EDGE_LOOP ( 'NONE', ( #3316, #980, #674, #1512 ) ) ;
#1324 = CARTESIAN_POINT ( 'NONE',  ( -5.454545454545459471, 8.000000000000000000, 10.04545454545469774 ) ) ;
#1325 = CARTESIAN_POINT ( 'NONE',  ( -9.500000000000001776, 0.000000000000000000, 6.207106781186744193 ) ) ;
#1326 = EDGE_CURVE ( 'NONE', #2597, #3605, #1146, .T. ) ;
#1327 = PRODUCT ( 'Rear-Bottom-Suspension-Arm', 'Rear-Bottom-Suspension-Arm', '', ( #1991 ) ) ;
#1328 = DIRECTION ( 'NONE',  ( 0.000000000000000000, 1.000000000000000000, 0.000000000000000000 ) ) ;
#1329 = ADVANCED_FACE ( 'NONE', ( #894 ), #10, .F. ) ;
#1330 = ORIENTED_EDGE ( 'NONE', *, *, #668, .T. ) ;
#1331 = AXIS2_PLACEMENT_3D ( 'NONE', #2651, #3506, #2058 ) ;
#1332 = EDGE_LOOP ( 'NONE', ( #2852, #1820, #293, #1815 ) ) ;
#1333 = EDGE_CURVE ( 'NONE', #2787, #1339, #258, .T. ) ;
#1334 = CARTESIAN_POINT ( 'NONE',  ( 9.020317249214366839, 8.000000000000000000, -22.16907864732907640 ) ) ;
#1335 = CARTESIAN_POINT ( 'NONE',  ( -16.68933982822007778, 0.000000000000000000, 16.68933982822027673 ) ) ;
#1336 = ORIENTED_EDGE ( 'NONE', *, *, #1885, .F. ) ;
#1337 = VERTEX_POINT ( 'NONE', #1161 ) ;
#1338 = VECTOR ( 'NONE', #2511, 1000.000000000000000 ) ;
#1339 = VERTEX_POINT ( 'NONE', #2886 ) ;
#1340 = LINE ( 'NONE', #3435, #3218 ) ;
#1341 = PLANE ( 'NONE',  #129 ) ;
#1342 = VERTEX_POINT ( 'NONE', #3505 ) ;
#1343 = DIRECTION ( 'NONE',  ( -3.877041124311304639E-17, -0.5773502691896321704, -0.8164965809277215936 ) ) ;
#1344 = CARTESIAN_POINT ( 'NONE',  ( -4.811446128824767854, 0.000000000000000000, 24.85891683800421248 ) ) ;
#1345 = DIRECTION ( 'NONE',  ( -0.7071067811865439090, 0.000000000000000000, 0.7071067811865512365 ) ) ;
#1346 = CARTESIAN_POINT ( 'NONE',  ( -5.664426449373433314, 8.000000000000000000, 9.835573550626724781 ) ) ;
#1347 = DIRECTION ( 'NONE',  ( 0.000000000000000000, 0.000000000000000000, -1.000000000000000000 ) ) ;
#1348 = AXIS2_PLACEMENT_3D ( 'NONE', #952, #2106, #2373 ) ;
#1349 = ORIENTED_EDGE ( 'NONE', *, *, #2427, .T. ) ;
#1350 = CARTESIAN_POINT ( 'NONE',  ( 14.99999999999999289, 2.000000000000000000, -42.50000000000000000 ) ) ;
#1351 = CYLINDRICAL_SURFACE ( 'NONE', #9, 2.999999999999999112 ) ;
#1352 = ORIENTED_EDGE ( 'NONE', *, *, #3563, .T. ) ;
#1353 = AXIS2_PLACEMENT_3D ( 'NONE', #1409, #811, #1394 ) ;
#1354 = EDGE_CURVE ( 'NONE', #1118, #1533, #2971, .T. ) ;
#1355 = EDGE_LOOP ( 'NONE', ( #1960, #98, #2806, #1014 ) ) ;
#1356 = ORIENTED_EDGE ( 'NONE', *, *, #1504, .F. ) ;
#1357 = EDGE_CURVE ( 'NONE', #2204, #1108, #1422, .T. ) ;
#1358 = DIRECTION ( 'NONE',  ( -0.7071067811865521247, 0.000000000000000000, -0.7071067811865430208 ) ) ;
#1359 = CARTESIAN_POINT ( 'NONE',  ( 9.769200102628907700, 8.000000000000000000, 1.340267914494087442 ) ) ;
#1360 = VECTOR ( 'NONE', #85, 1000.000000000000114 ) ;
#1361 = ADVANCED_FACE ( 'NONE', ( #1457 ), #1473, .F. ) ;
#1362 = DIRECTION ( 'NONE',  ( 0.000000000000000000, 0.000000000000000000, 1.000000000000000000 ) ) ;
#1363 = EDGE_LOOP ( 'NONE', ( #3398, #2201, #2808, #3789 ) ) ;
#1364 = DIRECTION ( 'NONE',  ( 0.000000000000000000, 0.000000000000000000, 1.000000000000000000 ) ) ;
#1365 = LINE ( 'NONE', #2274, #3709 ) ;
#1366 = LINE ( 'NONE', #3701, #760 ) ;
#1367 = ORIENTED_EDGE ( 'NONE', *, *, #3594, .F. ) ;
#1368 = CIRCLE ( 'NONE', #3189, 2.000000000000001776 ) ;
#1369 = CARTESIAN_POINT ( 'NONE',  ( 15.00000000000000178, 4.000000000000000000, -39.49999999999999289 ) ) ;
#1370 = AXIS2_PLACEMENT_3D ( 'NONE', #1492, #619, #2089 ) ;
#1371 = CARTESIAN_POINT ( 'NONE',  ( -15.00000000000000533, 4.000000000000000000, -37.24999999999999289 ) ) ;
#1372 = ORIENTED_EDGE ( 'NONE', *, *, #617, .F. ) ;
#1373 = ORIENTED_EDGE ( 'NONE', *, *, #3301, .F. ) ;
#1374 = ORIENTED_EDGE ( 'NONE', *, *, #3160, .F. ) ;
#1375 = CARTESIAN_POINT ( 'NONE',  ( -20.00000000000003197, 1.500000000000015543, 15.49999999999999467 ) ) ;
#1376 = DIRECTION ( 'NONE',  ( 0.000000000000000000, 1.000000000000000000, 4.336808689942017736E-16 ) ) ;
#1377 = ORIENTED_EDGE ( 'NONE', *, *, #1909, .T. ) ;
#1378 = EDGE_CURVE ( 'NONE', #3661, #15, #1191, .T. ) ;
#1379 = LINE ( 'NONE', #2564, #1460 ) ;
#1380 = CARTESIAN_POINT ( 'NONE',  ( 10.00000000000000178, 8.000000000000000000, 25.49999999999998934 ) ) ;
#1381 = FACE_OUTER_BOUND ( 'NONE', #1156, .T. ) ;
#1382 = FACE_OUTER_BOUND ( 'NONE', #3643, .T. ) ;
#1383 = ORIENTED_EDGE ( 'NONE', *, *, #2207, .F. ) ;
#1384 = LINE ( 'NONE', #1033, #3639 ) ;
#1385 = CARTESIAN_POINT ( 'NONE',  ( 15.00000000000000355, 1.500000000000001110, 42.49999999999998579 ) ) ;
#1386 = VERTEX_POINT ( 'NONE', #24 ) ;
#1387 = VECTOR ( 'NONE', #306, 1000.000000000000000 ) ;
#1388 = ORIENTED_EDGE ( 'NONE', *, *, #2952, .F. ) ;
#1389 = VERTEX_POINT ( 'NONE', #582 ) ;
#1390 = DIRECTION ( 'NONE',  ( 0.000000000000000000, 0.000000000000000000, 1.000000000000000000 ) ) ;
#1391 = DIRECTION ( 'NONE',  ( -1.000000000000000000, -0.000000000000000000, 9.144372052005619048E-17 ) ) ;
#1392 = DIRECTION ( 'NONE',  ( 1.000000000000000000, -0.000000000000000000, -1.169476500658521966E-16 ) ) ;
#1393 = EDGE_LOOP ( 'NONE', ( #1274, #2923, #3004, #1948 ) ) ;
#1394 = DIRECTION ( 'NONE',  ( 0.7071067811865514585, 0.000000000000000000, 0.7071067811865435759 ) ) ;
#1395 = CARTESIAN_POINT ( 'NONE',  ( -9.500000000000005329, 0.000000000000000000, -17.72182540694803166 ) ) ;
#1396 = VERTEX_POINT ( 'NONE', #3765 ) ;
#1397 = EDGE_CURVE ( 'NONE', #2097, #3686, #1976, .T. ) ;
#1398 = EDGE_CURVE ( 'NONE', #1137, #1673, #822, .T. ) ;
#1399 = CARTESIAN_POINT ( 'NONE',  ( -15.00000000000000711, 2.000000000000000000, -42.50000000000000000 ) ) ;
#1400 = ORIENTED_EDGE ( 'NONE', *, *, #2687, .F. ) ;
#1401 = LINE ( 'NONE', #5, #83 ) ;
#1402 = ORIENTED_EDGE ( 'NONE', *, *, #3518, .F. ) ;
#1403 = EDGE_LOOP ( 'NONE', ( #1061, #55, #3763, #641 ) ) ;
#1404 = CARTESIAN_POINT ( 'NONE',  ( -0.9953334881612228013, 0.000000000000000000, 14.50466651183888800 ) ) ;
#1405 = VECTOR ( 'NONE', #1155, 1000.000000000000000 ) ;
#1406 = DIRECTION ( 'NONE',  ( 0.000000000000000000, 0.000000000000000000, 1.000000000000000000 ) ) ;
#1407 = ORIENTED_EDGE ( 'NONE', *, *, #2422, .T. ) ;
#1408 = VECTOR ( 'NONE', #2154, 1000.000000000000114 ) ;
#1409 = CARTESIAN_POINT ( 'NONE',  ( 0.01615177542392174509, 0.000000000000000000, 8.445083963558580820 ) ) ;
#1410 = VERTEX_POINT ( 'NONE', #564 ) ;
#1411 = EDGE_CURVE ( 'NONE', #1389, #2006, #2070, .T. ) ;
#1412 = VECTOR ( 'NONE', #1027, 1000.000000000000000 ) ;
#1413 = DIRECTION ( 'NONE',  ( 1.000000000000000000, -0.000000000000000000, 0.000000000000000000 ) ) ;
#1414 = FACE_OUTER_BOUND ( 'NONE', #268, .T. ) ;
#1415 = PRESENTATION_STYLE_ASSIGNMENT (( #226 ) ) ;
#1416 = ORIENTED_EDGE ( 'NONE', *, *, #2692, .F. ) ;
#1417 = DIRECTION ( 'NONE',  ( 1.169476500658521966E-16, 0.000000000000000000, 1.000000000000000000 ) ) ;
#1418 = ORIENTED_EDGE ( 'NONE', *, *, #1411, .T. ) ;
#1419 = ADVANCED_FACE ( 'NONE', ( #273 ), #1748, .F. ) ;
#1420 = ORIENTED_EDGE ( 'NONE', *, *, #1357, .F. ) ;
#1421 = CIRCLE ( 'NONE', #3561, 2.000000000000001776 ) ;
#1422 = LINE ( 'NONE', #1404, #2313 ) ;
#1423 = CARTESIAN_POINT ( 'NONE',  ( 12.00000000000000355, 7.499999999999992895, 41.52072594216367918 ) ) ;
#1424 = VECTOR ( 'NONE', #3682, 1000.000000000000000 ) ;
#1425 = CIRCLE ( 'NONE', #382, 2.000000000000001776 ) ;
#1426 = ORIENTED_EDGE ( 'NONE', *, *, #2143, .T. ) ;
#1427 = DIRECTION ( 'NONE',  ( 1.000000000000000000, -0.000000000000000000, -0.000000000000000000 ) ) ;
#1428 = CARTESIAN_POINT ( 'NONE',  ( -15.00000000000000711, 1.500000000000015099, -44.50000000000000711 ) ) ;
#1429 = VERTEX_POINT ( 'NONE', #859 ) ;
#1430 = FACE_OUTER_BOUND ( 'NONE', #2537, .T. ) ;
#1431 = PLANE ( 'NONE',  #2753 ) ;
#1432 = EDGE_CURVE ( 'NONE', #3250, #3055, #2845, .T. ) ;
#1433 = DIRECTION ( 'NONE',  ( -1.000000000000000000, 0.000000000000000000, -0.000000000000000000 ) ) ;
#1434 = ORIENTED_EDGE ( 'NONE', *, *, #1627, .F. ) ;
#1435 = LINE ( 'NONE', #270, #25 ) ;
#1436 = EDGE_CURVE ( 'NONE', #1137, #1632, #2019, .T. ) ;
#1437 = VECTOR ( 'NONE', #149, 1000.000000000000000 ) ;
#1438 = ORIENTED_EDGE ( 'NONE', *, *, #3525, .F. ) ;
#1439 = VECTOR ( 'NONE', #3698, 1000.000000000000000 ) ;
#1440 = ADVANCED_FACE ( 'NONE', ( #543 ), #840, .T. ) ;
#1441 = CARTESIAN_POINT ( 'NONE',  ( -4.999999999999997335, 4.000000000000000000, -39.49999999999999289 ) ) ;
#1442 = CARTESIAN_POINT ( 'NONE',  ( 15.00000000000000178, 4.000000000000001776, 35.45854811567260612 ) ) ;
#1443 = ORIENTED_EDGE ( 'NONE', *, *, #3666, .F. ) ;
#1444 = AXIS2_PLACEMENT_3D ( 'NONE', #142, #1571, #1013 ) ;
#1445 = DIRECTION ( 'NONE',  ( -0.000000000000000000, 1.000000000000000000, 0.000000000000000000 ) ) ;
#1446 = DIRECTION ( 'NONE',  ( -0.000000000000000000, -1.000000000000000000, -0.000000000000000000 ) ) ;
#1447 = ORIENTED_EDGE ( 'NONE', *, *, #1218, .T. ) ;
#1448 = CARTESIAN_POINT ( 'NONE',  ( 5.000000000000002665, 3.000000000000000000, 32.49999999999998579 ) ) ;
#1449 = LINE ( 'NONE', #3130, #753 ) ;
#1450 = CARTESIAN_POINT ( 'NONE',  ( -4.089506800367041173, 0.000000000000000000, 3.632318606581117493 ) ) ;
#1451 = PLANE ( 'NONE',  #1829 ) ;
#1452 = EDGE_LOOP ( 'NONE', ( #1049, #2595 ) ) ;
#1453 = DIRECTION ( 'NONE',  ( -1.169476500658521966E-16, 0.000000000000000000, -1.000000000000000000 ) ) ;
#1454 = DIRECTION ( 'NONE',  ( 0.000000000000000000, -1.000000000000000000, 0.000000000000000000 ) ) ;
#1455 = ORIENTED_EDGE ( 'NONE', *, *, #133, .F. ) ;
#1456 = AXIS2_PLACEMENT_3D ( 'NONE', #2547, #514, #2925 ) ;
#1457 = FACE_OUTER_BOUND ( 'NONE', #2446, .T. ) ;
#1458 = ORIENTED_EDGE ( 'NONE', *, *, #567, .T. ) ;
#1459 = EDGE_CURVE ( 'NONE', #1111, #156, #3555, .T. ) ;
#1460 = VECTOR ( 'NONE', #2529, 999.9999999999998863 ) ;
#1461 = DIRECTION ( 'NONE',  ( -1.000000000000000000, -0.000000000000000000, 9.144372052005619048E-17 ) ) ;
#1462 = ORIENTED_EDGE ( 'NONE', *, *, #1627, .T. ) ;
#1463 = VECTOR ( 'NONE', #2751, 1000.000000000000000 ) ;
#1464 = CARTESIAN_POINT ( 'NONE',  ( 15.00000000000000355, 6.499999999999999112, 42.49999999999998579 ) ) ;
#1465 = FACE_OUTER_BOUND ( 'NONE', #2103, .T. ) ;
#1466 = DIRECTION ( 'NONE',  ( -1.000000000000000000, -0.000000000000000000, 9.144372052005619048E-17 ) ) ;
#1467 = VECTOR ( 'NONE', #447, 1000.000000000000000 ) ;
#1468 = DIRECTION ( 'NONE',  ( 1.000000000000000000, 0.000000000000000000, 1.445602896647338917E-16 ) ) ;
#1469 = ORIENTED_EDGE ( 'NONE', *, *, #610, .F. ) ;
#1470 = AXIS2_PLACEMENT_3D ( 'NONE', #964, #3253, #2698 ) ;
#1471 = CARTESIAN_POINT ( 'NONE',  ( -4.999999999999997335, 0.000000000000000000, -32.50000000000000000 ) ) ;
#1472 = ORIENTED_EDGE ( 'NONE', *, *, #3140, .F. ) ;
#1473 = PLANE ( 'NONE',  #3233 ) ;
#1474 = VECTOR ( 'NONE', #516, 1000.000000000000000 ) ;
#1475 = CARTESIAN_POINT ( 'NONE',  ( 15.00000000000000355, 7.499999999999992895, 41.52072594216367918 ) ) ;
#1476 = DIRECTION ( 'NONE',  ( 0.000000000000000000, -1.000000000000000000, -0.000000000000000000 ) ) ;
#1477 = ORIENTED_EDGE ( 'NONE', *, *, #2812, .T. ) ;
#1478 = DIRECTION ( 'NONE',  ( 0.7071067811865517916, 0.000000000000000000, 0.7071067811865432429 ) ) ;
#1479 = VECTOR ( 'NONE', #266, 1000.000000000000000 ) ;
#1480 = EDGE_CURVE ( 'NONE', #2936, #3100, #379, .T. ) ;
#1481 = EDGE_CURVE ( 'NONE', #890, #1318, #1861, .T. ) ;
#1482 = FACE_OUTER_BOUND ( 'NONE', #195, .T. ) ;
#1483 = VERTEX_POINT ( 'NONE', #3600 ) ;
#1484 = ADVANCED_FACE ( 'NONE', ( #1569, #3541, #970, #1817, #991, #2122, #633 ), #1252, .F. ) ;
#1485 = DIRECTION ( 'NONE',  ( 0.000000000000000000, 0.000000000000000000, 1.000000000000000000 ) ) ;
#1486 = DIRECTION ( 'NONE',  ( -1.000000000000000000, 0.000000000000000000, -0.000000000000000000 ) ) ;
#1487 = PLANE ( 'NONE',  #332 ) ;
#1488 = ORIENTED_EDGE ( 'NONE', *, *, #664, .F. ) ;
#1489 = DIRECTION ( 'NONE',  ( -0.000000000000000000, 1.000000000000000000, -0.000000000000000000 ) ) ;
#1490 = ORIENTED_EDGE ( 'NONE', *, *, #2927, .T. ) ;
#1491 = EDGE_CURVE ( 'NONE', #1799, #3761, #1178, .T. ) ;
#1492 = CARTESIAN_POINT ( 'NONE',  ( -15.00000000000000711, 8.000000000000000000, -44.50000000000000711 ) ) ;
#1493 = CARTESIAN_POINT ( 'NONE',  ( 5.454545454545459471, 0.000000000000000000, -10.04545454545473859 ) ) ;
#1494 = CARTESIAN_POINT ( 'NONE',  ( -5.538297089181069666, 8.000000000000000000, 10.33021010321577648 ) ) ;
#1495 = VERTEX_POINT ( 'NONE', #3304 ) ;
#1496 = ORIENTED_EDGE ( 'NONE', *, *, #481, .F. ) ;
#1497 = EDGE_CURVE ( 'NONE', #891, #3546, #3126, .T. ) ;
#1498 = CARTESIAN_POINT ( 'NONE',  ( 10.00000000000000178, 8.000000000000000000, -6.707106781186791267 ) ) ;
#1499 = CARTESIAN_POINT ( 'NONE',  ( 14.99999999999999289, 1.499999999999999556, -42.50000000000000000 ) ) ;
#1500 = ORIENTED_EDGE ( 'NONE', *, *, #2975, .T. ) ;
#1501 = CARTESIAN_POINT ( 'NONE',  ( 5.538297089181069666, 0.000000000000000000, -10.33021010321581734 ) ) ;
#1502 = EDGE_CURVE ( 'NONE', #3605, #2814, #2707, .T. ) ;
#1503 = DIRECTION ( 'NONE',  ( 1.000000000000000000, 0.000000000000000000, 0.000000000000000000 ) ) ;
#1504 = EDGE_CURVE ( 'NONE', #2227, #47, #2410, .T. ) ;
#1505 = DIRECTION ( 'NONE',  ( 0.000000000000000000, -1.000000000000000000, 0.000000000000000000 ) ) ;
#1506 = ORIENTED_EDGE ( 'NONE', *, *, #2002, .F. ) ;
#1507 = ORIENTED_EDGE ( 'NONE', *, *, #2760, .F. ) ;
#1508 = DIRECTION ( 'NONE',  ( 0.000000000000000000, 1.000000000000000000, 0.000000000000000000 ) ) ;
#1509 = LINE ( 'NONE', #2671, #2716 ) ;
#1510 = DIRECTION ( 'NONE',  ( -1.000000000000000000, 0.000000000000000000, 8.673617379884035472E-17 ) ) ;
#1511 = VECTOR ( 'NONE', #417, 1000.000000000000000 ) ;
#1512 = ORIENTED_EDGE ( 'NONE', *, *, #2927, .F. ) ;
#1513 = EDGE_LOOP ( 'NONE', ( #2864, #522, #427, #1966 ) ) ;
#1514 = PLANE ( 'NONE',  #546 ) ;
#1515 = CARTESIAN_POINT ( 'NONE',  ( 9.500000000000001776, 0.000000000000000000, -6.707106781186791267 ) ) ;
#1516 = EDGE_CURVE ( 'NONE', #2788, #2051, #2978, .T. ) ;
#1517 = CYLINDRICAL_SURFACE ( 'NONE', #2449, 2.250000000000001776 ) ;
#1518 = ORIENTED_EDGE ( 'NONE', *, *, #3529, .F. ) ;
#1519 = VECTOR ( 'NONE', #3384, 1000.000000000000000 ) ;
#1520 = DIRECTION ( 'NONE',  ( 0.000000000000000000, 0.000000000000000000, -1.000000000000000000 ) ) ;
#1521 = CONICAL_SURFACE ( 'NONE', #1119, 0.5000000000000004441, 0.7853981633974477239 ) ;
#1522 = CARTESIAN_POINT ( 'NONE',  ( 15.00000000000000355, 2.000000000000000000, 42.99999999999999289 ) ) ;
#1523 = CIRCLE ( 'NONE', #812, 0.5000000000000000000 ) ;
#1524 = CARTESIAN_POINT ( 'NONE',  ( 0.000000000000000000, 0.000000000000000000, -42.50000000000000000 ) ) ;
#1525 = ORIENTED_EDGE ( 'NONE', *, *, #29, .F. ) ;
#1526 = ORIENTED_EDGE ( 'NONE', *, *, #3296, .F. ) ;
#1527 = VECTOR ( 'NONE', #2215, 1000.000000000000227 ) ;
#1528 = ADVANCED_FACE ( 'NONE', ( #2957 ), #672, .F. ) ;
#1529 = CARTESIAN_POINT ( 'NONE',  ( -9.020317249214365063, 0.000000000000000000, 22.16907864732903022 ) ) ;
#1530 = CARTESIAN_POINT ( 'NONE',  ( 14.99999999999999289, 6.000000000000000000, -42.50000000000000000 ) ) ;
#1531 = DIRECTION ( 'NONE',  ( 3.877041124311310185E-17, 0.5773502691896316152, 0.8164965809277219266 ) ) ;
#1532 = FACE_OUTER_BOUND ( 'NONE', #1884, .T. ) ;
#1533 = VERTEX_POINT ( 'NONE', #950 ) ;
#1534 = CARTESIAN_POINT ( 'NONE',  ( -10.00000000000000533, 8.000000000000000000, -25.50000000000000000 ) ) ;
#1535 = CARTESIAN_POINT ( 'NONE',  ( -5.454545454545459471, 0.000000000000000000, 10.04545454545469774 ) ) ;
#1536 = DIRECTION ( 'NONE',  ( -0.000000000000000000, 1.000000000000000000, -0.000000000000000000 ) ) ;
#1537 = DIRECTION ( 'NONE',  ( -0.2821663239915489507, -0.000000000000000000, 0.9593655015712708733 ) ) ;
#1538 = ORIENTED_EDGE ( 'NONE', *, *, #834, .T. ) ;
#1539 = CLOSED_SHELL ( 'NONE', ( #1246, #2166, #2199, #1237, #2998, #2310, #533, #2780, #3265, #1056, #1187, #1361, #1695, #3185, #2917, #2052, #1126, #2137, #1528, #2609, #425, #1484, #2225, #2262, #3271, #2667, #3419, #3088, #3512, #3092, #372, #2883, #3352, #3356, #3496, #2771, #3777, #740, #1744, #3591, #2647, #3084, #2601, #3120, #2095, #2581, #3197, #262, #2162, #3065, #597, #3614, #2949, #749, #1944, #1602, #624, #809, #2393, #3297, #3784, #1282, #1440, #1283, #453, #599, #224, #2918, #2308, #2472, #2405, #2967, #1260, #244, #301, #3429, #464, #3642, #356, #1788, #3248, #120, #769, #3190, #3637, #2567, #1827, #202, #3470, #3781, #1619, #2701, #11, #1419, #925, #1837, #3069, #2660, #3615, #81, #899, #1329, #3166, #3018, #2305, #2538, #3386, #1103, #411, #155, #269, #3509, #1769, #2029, #503, #2060, #3318 ) ) ;
#1540 = AXIS2_PLACEMENT_3D ( 'NONE', #2147, #2389, #2722 ) ;
#1541 = DIRECTION ( 'NONE',  ( 0.000000000000000000, -1.000000000000000000, 0.000000000000000000 ) ) ;
#1542 = DIRECTION ( 'NONE',  ( 0.000000000000000000, 0.000000000000000000, -1.000000000000000000 ) ) ;
#1543 = CARTESIAN_POINT ( 'NONE',  ( -14.99999999999999645, 2.000000000000000000, 42.49999999999998579 ) ) ;
#1544 = ORIENTED_EDGE ( 'NONE', *, *, #959, .T. ) ;
#1545 = EDGE_CURVE ( 'NONE', #3573, #1337, #1421, .T. ) ;
#1546 = ORIENTED_EDGE ( 'NONE', *, *, #248, .T. ) ;
#1547 = PLANE ( 'NONE',  #897 ) ;
#1548 = LINE ( 'NONE', #2148, #1171 ) ;
#1549 = ORIENTED_EDGE ( 'NONE', *, *, #2349, .F. ) ;
#1550 = CARTESIAN_POINT ( 'NONE',  ( -15.00000000000000000, 3.999999999999997335, 5.499999999999995559 ) ) ;
#1551 = CARTESIAN_POINT ( 'NONE',  ( -14.99999999999999645, 8.000000000000000000, 44.49999999999999289 ) ) ;
#1552 = PRODUCT_DEFINITION ( 'UNKNOWN', '', #190, #2577 ) ;
#1553 = EDGE_CURVE ( 'NONE', #519, #3687, #3240, .T. ) ;
#1554 = ORIENTED_EDGE ( 'NONE', *, *, #3202, .T. ) ;
#1555 = ORIENTED_EDGE ( 'NONE', *, *, #1922, .F. ) ;
#1556 = CARTESIAN_POINT ( 'NONE',  ( -15.00000000000000711, 1.500000000000001332, -44.50000000000000711 ) ) ;
#1557 = CARTESIAN_POINT ( 'NONE',  ( 9.415646712035638188, 8.000000000000000000, 17.13747211898364853 ) ) ;
#1558 = CARTESIAN_POINT ( 'NONE',  ( 0.000000000000000000, 0.000000000000000000, 29.49999999999998934 ) ) ;
#1559 = CARTESIAN_POINT ( 'NONE',  ( 4.999999999999993783, 8.000000000000000000, -25.50000000000000355 ) ) ;
#1560 = EDGE_LOOP ( 'NONE', ( #1881, #987, #566, #3051, #996, #2556 ) ) ;
#1561 = DIRECTION ( 'NONE',  ( 1.000000000000000000, -0.000000000000000000, 1.084202172485504557E-16 ) ) ;
#1562 = CYLINDRICAL_SURFACE ( 'NONE', #70, 2.000000000000001776 ) ;
#1563 = AXIS2_PLACEMENT_3D ( 'NONE', #697, #1843, #405 ) ;
#1564 = CARTESIAN_POINT ( 'NONE',  ( 8.792893218813443212, 0.000000000000000000, 25.49999999999998934 ) ) ;
#1565 = DIRECTION ( 'NONE',  ( -0.7071067811865513475, 0.000000000000000000, -0.7071067811865435759 ) ) ;
#1566 = ORIENTED_EDGE ( 'NONE', *, *, #2798, .F. ) ;
#1567 = EDGE_CURVE ( 'NONE', #2823, #711, #2053, .T. ) ;
#1568 = VERTEX_POINT ( 'NONE', #2167 ) ;
#1569 = FACE_BOUND ( 'NONE', #1963, .T. ) ;
#1570 = CARTESIAN_POINT ( 'NONE',  ( -15.00000000000000533, 4.000000000000000000, 39.49999999999999289 ) ) ;
#1571 = DIRECTION ( 'NONE',  ( 0.9593655015712709844, 0.000000000000000000, 0.2821663239915489507 ) ) ;
#1572 = VERTEX_POINT ( 'NONE', #651 ) ;
#1573 = ORIENTED_EDGE ( 'NONE', *, *, #3540, .F. ) ;
#1574 = LINE ( 'NONE', #3568, #2728 ) ;
#1575 = DIRECTION ( 'NONE',  ( 0.000000000000000000, 1.000000000000000000, 0.000000000000000000 ) ) ;
#1576 = LINE ( 'NONE', #184, #1011 ) ;
#1577 = CARTESIAN_POINT ( 'NONE',  ( -4.331763378039132917, 0.000000000000000000, 25.49999999999998934 ) ) ;
#1578 = EDGE_LOOP ( 'NONE', ( #3097, #2409, #2342, #839 ) ) ;
#1579 = AXIS2_PLACEMENT_3D ( 'NONE', #3638, #1345, #3070 ) ;
#1580 = EDGE_CURVE ( 'NONE', #3311, #3012, #1144, .T. ) ;
#1581 = VECTOR ( 'NONE', #2789, 1000.000000000000000 ) ;
#1582 = CARTESIAN_POINT ( 'NONE',  ( 3.609824049581406236, 0.000000000000000000, -3.773401768576937432 ) ) ;
#1583 = DIRECTION ( 'NONE',  ( 3.469446951953614189E-15, 0.000000000000000000, 1.000000000000000000 ) ) ;
#1584 = AXIS2_PLACEMENT_3D ( 'NONE', #2746, #1316, #3648 ) ;
#1585 = VECTOR ( 'NONE', #3357, 1000.000000000000000 ) ;
#1586 = VERTEX_POINT ( 'NONE', #1780 ) ;
#1587 = CARTESIAN_POINT ( 'NONE',  ( -13.49999999999998046, 6.000000000000000000, 44.49999999999999289 ) ) ;
#1588 = DIRECTION ( 'NONE',  ( 0.000000000000000000, 0.000000000000000000, -1.000000000000000000 ) ) ;
#1589 = ORIENTED_EDGE ( 'NONE', *, *, #2326, .T. ) ;
#1590 = AXIS2_PLACEMENT_3D ( 'NONE', #1679, #1392, #1362 ) ;
#1591 = DIRECTION ( 'NONE',  ( 0.000000000000000000, 1.000000000000000000, 0.000000000000000000 ) ) ;
#1592 = ORIENTED_EDGE ( 'NONE', *, *, #1378, .F. ) ;
#1593 = EDGE_LOOP ( 'NONE', ( #374, #2124, #3243, #606 ) ) ;
#1594 = CIRCLE ( 'NONE', #1717, 0.5000000000000004441 ) ;
#1595 = CARTESIAN_POINT ( 'NONE',  ( 5.664426449373434203, 8.000000000000000000, -9.835573550626767414 ) ) ;
#1596 = AXIS2_PLACEMENT_3D ( 'NONE', #3530, #1184, #1832 ) ;
#1597 = CARTESIAN_POINT ( 'NONE',  ( -15.00000000000000711, 6.000000000000000000, -42.50000000000000000 ) ) ;
#1598 = CARTESIAN_POINT ( 'NONE',  ( -9.500000000000005329, 0.000000000000000000, -17.22182540694803166 ) ) ;
#1599 = VECTOR ( 'NONE', #598, 999.9999999999998863 ) ;
#1600 = VERTEX_POINT ( 'NONE', #1529 ) ;
#1601 = CARTESIAN_POINT ( 'NONE',  ( -13.49999999999998046, 2.000000000000000000, 44.49999999999999289 ) ) ;
#1602 = ADVANCED_FACE ( 'NONE', ( #2937 ), #1547, .F. ) ;
#1603 = CARTESIAN_POINT ( 'NONE',  ( 0.09990341005953244646, 8.000000000000000000, 8.160328405797502072 ) ) ;
#1604 = LINE ( 'NONE', #2758, #354 ) ;
#1605 = LINE ( 'NONE', #1395, #1439 ) ;
#1606 = EDGE_CURVE ( 'NONE', #2697, #2208, #3641, .T. ) ;
#1607 = CARTESIAN_POINT ( 'NONE',  ( -0.09990341005953251585, 0.000000000000000000, -8.160328405797537599 ) ) ;
#1608 = EDGE_LOOP ( 'NONE', ( #180, #1352, #404, #1203 ) ) ;
#1609 = VERTEX_POINT ( 'NONE', #1610 ) ;
#1610 = CARTESIAN_POINT ( 'NONE',  ( -15.00000000000000711, 6.499999999999999112, -42.50000000000000000 ) ) ;
#1611 = DIRECTION ( 'NONE',  ( -0.000000000000000000, -1.000000000000000000, -0.000000000000000000 ) ) ;
#1612 = VERTEX_POINT ( 'NONE', #3347 ) ;
#1613 = VERTEX_POINT ( 'NONE', #2783 ) ;
#1614 = ORIENTED_EDGE ( 'NONE', *, *, #3515, .T. ) ;
#1615 = LINE ( 'NONE', #1075, #292 ) ;
#1616 = FACE_OUTER_BOUND ( 'NONE', #2516, .T. ) ;
#1617 = CARTESIAN_POINT ( 'NONE',  ( 5.454545454545459471, 8.000000000000000000, -10.04545454545473859 ) ) ;
#1618 = ORIENTED_EDGE ( 'NONE', *, *, #834, .F. ) ;
#1619 = ADVANCED_FACE ( 'NONE', ( #466 ), #1961, .F. ) ;
#1620 = AXIS2_PLACEMENT_3D ( 'NONE', #174, #3113, #2202 ) ;
#1621 = LINE ( 'NONE', #1894, #2523 ) ;
#1622 = DIRECTION ( 'NONE',  ( 0.7071067811865514585, 0.000000000000000000, 0.7071067811865435759 ) ) ;
#1623 = AXIS2_PLACEMENT_3D ( 'NONE', #3414, #860, #2580 ) ;
#1624 = CARTESIAN_POINT ( 'NONE',  ( 13.49999999999999112, 0.000000000000000000, -42.50000000000000000 ) ) ;
#1625 = CARTESIAN_POINT ( 'NONE',  ( 12.00000000000000533, 4.000000000000000000, 39.49999999999999289 ) ) ;
#1626 = EDGE_CURVE ( 'NONE', #1108, #2097, #838, .T. ) ;
#1627 = EDGE_CURVE ( 'NONE', #1111, #2478, #2184, .T. ) ;
#1628 = VECTOR ( 'NONE', #2624, 1000.000000000000000 ) ;
#1629 = ORIENTED_EDGE ( 'NONE', *, *, #29, .T. ) ;
#1630 = DIRECTION ( 'NONE',  ( 0.000000000000000000, 0.000000000000000000, -1.000000000000000000 ) ) ;
#1631 = FACE_OUTER_BOUND ( 'NONE', #3693, .T. ) ;
#1632 = VERTEX_POINT ( 'NONE', #2804 ) ;
#1633 = EDGE_CURVE ( 'NONE', #3705, #1495, #2496, .T. ) ;
#1634 = CARTESIAN_POINT ( 'NONE',  ( 12.00000000000000000, 4.000000000000001776, 35.45854811567260612 ) ) ;
#1635 = ORIENTED_EDGE ( 'NONE', *, *, #579, .F. ) ;
#1636 = ORIENTED_EDGE ( 'NONE', *, *, #3323, .T. ) ;
#1637 = CARTESIAN_POINT ( 'NONE',  ( 9.500000000000001776, 0.000000000000000000, -22.02799548533330309 ) ) ;
#1638 = DIRECTION ( 'NONE',  ( -1.000000000000000000, 0.000000000000000000, 0.000000000000000000 ) ) ;
#1639 = FACE_OUTER_BOUND ( 'NONE', #1015, .T. ) ;
#1640 = ORIENTED_EDGE ( 'NONE', *, *, #1459, .T. ) ;
#1641 = AXIS2_PLACEMENT_3D ( 'NONE', #3553, #1892, #1872 ) ;
#1642 =( LENGTH_UNIT ( ) NAMED_UNIT ( * ) SI_UNIT ( .MILLI., .METRE. ) );
#1643 = EDGE_CURVE ( 'NONE', #3277, #3256, #3369, .T. ) ;
#1644 = LINE ( 'NONE', #1954, #429 ) ;
#1645 = AXIS2_PLACEMENT_3D ( 'NONE', #2818, #1702, #2587 ) ;
#1646 = LINE ( 'NONE', #1046, #2181 ) ;
#1647 = DIRECTION ( 'NONE',  ( -1.169476500658521966E-16, 0.000000000000000000, -1.000000000000000000 ) ) ;
#1648 = DIRECTION ( 'NONE',  ( 0.000000000000000000, -1.000000000000000000, 0.000000000000000000 ) ) ;
#1649 = EDGE_CURVE ( 'NONE', #2416, #2710, #274, .T. ) ;
#1650 = VECTOR ( 'NONE', #1476, 1000.000000000000000 ) ;
#1651 = ORIENTED_EDGE ( 'NONE', *, *, #474, .F. ) ;
#1652 = CARTESIAN_POINT ( 'NONE',  ( 15.00000000000000178, 4.000000000000000000, -39.49999999999999289 ) ) ;
#1653 = DIRECTION ( 'NONE',  ( 0.000000000000000000, 0.000000000000000000, 1.000000000000000000 ) ) ;
#1654 = ORIENTED_EDGE ( 'NONE', *, *, #2853, .T. ) ;
#1655 = AXIS2_PLACEMENT_3D ( 'NONE', #312, #3210, #2641 ) ;
#1656 = ORIENTED_EDGE ( 'NONE', *, *, #1813, .F. ) ;
#1657 = ORIENTED_EDGE ( 'NONE', *, *, #799, .F. ) ;
#1658 = EDGE_CURVE ( 'NONE', #718, #2208, #1071, .T. ) ;
#1659 = FACE_OUTER_BOUND ( 'NONE', #1332, .T. ) ;
#1660 = DIRECTION ( 'NONE',  ( 0.2821663239915489507, -0.000000000000000000, -0.9593655015712708733 ) ) ;
#1661 = AXIS2_PLACEMENT_3D ( 'NONE', #1515, #2094, #126 ) ;
#1662 = LINE ( 'NONE', #203, #2626 ) ;
#1663 = EDGE_LOOP ( 'NONE', ( #176, #1852, #78, #102, #2027, #1094, #1858, #2284, #1477 ) ) ;
#1664 = AXIS2_PLACEMENT_3D ( 'NONE', #3234, #1503, #1520 ) ;
#1665 = LINE ( 'NONE', #1083, #2493 ) ;
#1666 = DIRECTION ( 'NONE',  ( 0.000000000000000000, 1.000000000000000000, 0.000000000000000000 ) ) ;
#1667 = PLANE ( 'NONE',  #2040 ) ;
#1668 = CARTESIAN_POINT ( 'NONE',  ( 9.500000000000001776, 0.000000000000000000, -22.02799548533330309 ) ) ;
#1669 = EDGE_CURVE ( 'NONE', #2898, #2974, #3646, .T. ) ;
#1670 = ORIENTED_EDGE ( 'NONE', *, *, #3378, .F. ) ;
#1671 = DIRECTION ( 'NONE',  ( 0.000000000000000000, 0.000000000000000000, 1.000000000000000000 ) ) ;
#1672 = CARTESIAN_POINT ( 'NONE',  ( 12.00000000000000000, 4.000000000000001776, 35.45854811567260612 ) ) ;
#1673 = VERTEX_POINT ( 'NONE', #1313 ) ;
#1674 = VERTEX_POINT ( 'NONE', #1089 ) ;
#1675 = VERTEX_POINT ( 'NONE', #3390 ) ;
#1676 = CARTESIAN_POINT ( 'NONE',  ( -20.00000000000000000, -5.642372883946980914E-31, 1.951563910473907981E-15 ) ) ;
#1677 = PLANE ( 'NONE',  #3328 ) ;
#1678 = EDGE_CURVE ( 'NONE', #2385, #1707, #2644, .T. ) ;
#1679 = CARTESIAN_POINT ( 'NONE',  ( 15.00000000000000355, 2.000000000000000000, 42.49999999999998579 ) ) ;
#1680 = ORIENTED_EDGE ( 'NONE', *, *, #2975, .F. ) ;
#1681 = AXIS2_PLACEMENT_3D ( 'NONE', #1050, #2618, #1982 ) ;
#1682 = CARTESIAN_POINT ( 'NONE',  ( 12.00000000000000355, 4.000000000000000000, 37.24999999999999289 ) ) ;
#1683 = CARTESIAN_POINT ( 'NONE',  ( -16.68933982822007778, 0.000000000000000000, 16.68933982822027673 ) ) ;
#1684 = EDGE_LOOP ( 'NONE', ( #2186, #3393, #2977, #1073 ) ) ;
#1685 = DIRECTION ( 'NONE',  ( 3.469446951953611033E-15, 0.000000000000000000, 1.000000000000000000 ) ) ;
#1686 = AXIS2_PLACEMENT_3D ( 'NONE', #2021, #1133, #2042 ) ;
#1687 = ORIENTED_EDGE ( 'NONE', *, *, #2592, .T. ) ;
#1688 = CARTESIAN_POINT ( 'NONE',  ( -13.49999999999998401, 0.000000000000000000, 19.87867965644033319 ) ) ;
#1689 = ORIENTED_EDGE ( 'NONE', *, *, #2390, .T. ) ;
#1690 = EDGE_CURVE ( 'NONE', #835, #2416, #1384, .T. ) ;
#1691 = VERTEX_POINT ( 'NONE', #712 ) ;
#1692 = CARTESIAN_POINT ( 'NONE',  ( 9.415646712035636412, 0.000000000000000000, 1.693821305087363394 ) ) ;
#1693 = DIRECTION ( 'NONE',  ( 1.012796358699208574E-16, 0.5000000000000001110, 0.8660254037844387076 ) ) ;
#1694 = EDGE_CURVE ( 'NONE', #2788, #559, #735, .T. ) ;
#1695 = ADVANCED_FACE ( 'NONE', ( #777 ), #3703, .F. ) ;
#1696 = CYLINDRICAL_SURFACE ( 'NONE', #2452, 0.5000000000000004441 ) ;
#1697 = VERTEX_POINT ( 'NONE', #482 ) ;
#1698 = CARTESIAN_POINT ( 'NONE',  ( -4.999999999999997335, 0.000000000000000000, -44.50000000000000711 ) ) ;
#1699 = ORIENTED_EDGE ( 'NONE', *, *, #3181, .F. ) ;
#1700 = VECTOR ( 'NONE', #3194, 1000.000000000000000 ) ;
#1701 = EDGE_CURVE ( 'NONE', #1707, #2385, #3635, .T. ) ;
#1702 = DIRECTION ( 'NONE',  ( 0.000000000000000000, 1.000000000000000000, 0.000000000000000000 ) ) ;
#1703 = DIRECTION ( 'NONE',  ( 4.292327424963322153E-16, 0.8660254037844381525, 0.5000000000000007772 ) ) ;
#1704 = CYLINDRICAL_SURFACE ( 'NONE', #3381, 0.5000000000000004441 ) ;
#1705 = ORIENTED_EDGE ( 'NONE', *, *, #3045, .F. ) ;
#1706 = CARTESIAN_POINT ( 'NONE',  ( 15.00000000000000355, 6.000000000000000000, 42.49999999999998579 ) ) ;
#1707 = VERTEX_POINT ( 'NONE', #1928 ) ;
#1708 = CIRCLE ( 'NONE', #2321, 0.5000000000000004441 ) ;
#1709 = ORIENTED_EDGE ( 'NONE', *, *, #2112, .T. ) ;
#1710 = DIRECTION ( 'NONE',  ( 0.000000000000000000, 0.000000000000000000, -1.000000000000000000 ) ) ;
#1711 = CIRCLE ( 'NONE', #3481, 0.5000000000000004441 ) ;
#1712 = FACE_BOUND ( 'NONE', #2282, .T. ) ;
#1713 = VERTEX_POINT ( 'NONE', #1587 ) ;
#1714 = AXIS2_PLACEMENT_3D ( 'NONE', #1557, #2110, #998 ) ;
#1715 = EDGE_CURVE ( 'NONE', #3449, #891, #446, .T. ) ;
#1716 = DIRECTION ( 'NONE',  ( 0.000000000000000000, 0.000000000000000000, 1.000000000000000000 ) ) ;
#1717 = AXIS2_PLACEMENT_3D ( 'NONE', #2825, #1090, #2554 ) ;
#1718 = DIRECTION ( 'NONE',  ( 0.000000000000000000, 0.000000000000000000, -1.000000000000000000 ) ) ;
#1719 = EDGE_LOOP ( 'NONE', ( #1141, #1112, #3153, #117 ) ) ;
#1720 = VECTOR ( 'NONE', #1666, 1000.000000000000000 ) ;
#1721 = EDGE_CURVE ( 'NONE', #324, #3311, #3662, .T. ) ;
#1722 = CARTESIAN_POINT ( 'NONE',  ( 15.00000000000000178, 4.000000000000001776, 35.45854811567260612 ) ) ;
#1723 = CIRCLE ( 'NONE', #1302, 2.250000000000001776 ) ;
#1724 = EDGE_CURVE ( 'NONE', #3725, #1713, #575, .T. ) ;
#1725 = FACE_OUTER_BOUND ( 'NONE', #2344, .T. ) ;
#1726 = EDGE_CURVE ( 'NONE', #3761, #1533, #1435, .T. ) ;
#1727 = ORIENTED_EDGE ( 'NONE', *, *, #1633, .T. ) ;
#1728 = FACE_OUTER_BOUND ( 'NONE', #3651, .T. ) ;
#1729 = ORIENTED_EDGE ( 'NONE', *, *, #3213, .T. ) ;
#1730 = EDGE_LOOP ( 'NONE', ( #3350, #1462, #1699, #534 ) ) ;
#1731 = DIRECTION ( 'NONE',  ( 1.734723475976805517E-15, 0.000000000000000000, 1.000000000000000000 ) ) ;
#1732 = FACE_BOUND ( 'NONE', #2888, .T. ) ;
#1733 = AXIS2_PLACEMENT_3D ( 'NONE', #958, #1185, #2713 ) ;
#1734 = ORIENTED_EDGE ( 'NONE', *, *, #1925, .F. ) ;
#1735 = EDGE_CURVE ( 'NONE', #1572, #1410, #1157, .T. ) ;
#1736 = AXIS2_PLACEMENT_3D ( 'NONE', #1745, #874, #2593 ) ;
#1737 = CARTESIAN_POINT ( 'NONE',  ( 10.00000000000000178, 8.000000000000000000, -22.02799548533330309 ) ) ;
#1738 = EDGE_LOOP ( 'NONE', ( #1592, #1975, #3675, #1088 ) ) ;
#1739 = DIRECTION ( 'NONE',  ( 0.000000000000000000, 0.000000000000000000, 1.000000000000000000 ) ) ;
#1740 = CYLINDRICAL_SURFACE ( 'NONE', #1733, 0.5000000000000004441 ) ;
#1741 = DIRECTION ( 'NONE',  ( -0.000000000000000000, -1.000000000000000000, -0.000000000000000000 ) ) ;
#1742 = VECTOR ( 'NONE', #140, 1000.000000000000114 ) ;
#1743 = ORIENTED_EDGE ( 'NONE', *, *, #932, .T. ) ;
#1744 = ADVANCED_FACE ( 'NONE', ( #2841 ), #1142, .T. ) ;
#1745 = CARTESIAN_POINT ( 'NONE',  ( 12.00000000000000355, 0.5000000000000027756, 41.52072594216366497 ) ) ;
#1746 = ORIENTED_EDGE ( 'NONE', *, *, #2755, .F. ) ;
#1747 = EDGE_CURVE ( 'NONE', #68, #3661, #2882, .T. ) ;
#1748 = CYLINDRICAL_SURFACE ( 'NONE', #442, 0.5000000000000000000 ) ;
#1749 = CARTESIAN_POINT ( 'NONE',  ( -4.999999999999997335, 4.000000000000000000, 37.24999999999999289 ) ) ;
#1750 = ORIENTED_EDGE ( 'NONE', *, *, #310, .T. ) ;
#1751 = AXIS2_PLACEMENT_3D ( 'NONE', #1550, #2745, #2709 ) ;
#1752 = LINE ( 'NONE', #2611, #3415 ) ;
#1753 = CARTESIAN_POINT ( 'NONE',  ( 15.00000000000000355, 1.500000000000001332, 42.09807621135328759 ) ) ;
#1754 = ORIENTED_EDGE ( 'NONE', *, *, #2885, .F. ) ;
#1755 = EDGE_CURVE ( 'NONE', #2710, #3156, #855, .T. ) ;
#1756 = LINE ( 'NONE', #314, #2873 ) ;
#1757 = CARTESIAN_POINT ( 'NONE',  ( 5.000000000000000888, 0.000000000000000000, 42.49999999999998579 ) ) ;
#1758 = CARTESIAN_POINT ( 'NONE',  ( 0.000000000000000000, 0.000000000000000000, 42.49999999999998579 ) ) ;
#1759 = ORIENTED_EDGE ( 'NONE', *, *, #1866, .T. ) ;
#1760 = ORIENTED_EDGE ( 'NONE', *, *, #1224, .T. ) ;
#1761 = VECTOR ( 'NONE', #3292, 1000.000000000000000 ) ;
#1762 = FACE_OUTER_BOUND ( 'NONE', #1167, .T. ) ;
#1763 = ORIENTED_EDGE ( 'NONE', *, *, #103, .T. ) ;
#1764 = VECTOR ( 'NONE', #2889, 1000.000000000000000 ) ;
#1765 = CARTESIAN_POINT ( 'NONE',  ( 8.792893218813443212, 0.000000000000000000, 25.49999999999998934 ) ) ;
#1766 = EDGE_CURVE ( 'NONE', #801, #1939, #836, .T. ) ;
#1767 = LINE ( 'NONE', #1818, #1628 ) ;
#1768 = CARTESIAN_POINT ( 'NONE',  ( -4.331763378039132917, 8.000000000000000000, 24.99999999999998579 ) ) ;
#1769 = ADVANCED_FACE ( 'NONE', ( #1999 ), #577, .F. ) ;
#1770 = ORIENTED_EDGE ( 'NONE', *, *, #1925, .T. ) ;
#1771 = COLOUR_RGB ( '',0.7921568627450980005, 0.8196078431372548767, 0.9333333333333333481 ) ;
#1772 = VECTOR ( 'NONE', #3011, 1000.000000000000114 ) ;
#1773 = CARTESIAN_POINT ( 'NONE',  ( -15.00000000000000533, 4.000000000000000000, 39.49999999999999289 ) ) ;
#1774 = ORIENTED_EDGE ( 'NONE', *, *, #1398, .F. ) ;
#1775 = LINE ( 'NONE', #1464, #3232 ) ;
#1776 = DIRECTION ( 'NONE',  ( 0.000000000000000000, 0.000000000000000000, 1.000000000000000000 ) ) ;
#1777 = CIRCLE ( 'NONE', #2270, 1.899999999999999689 ) ;
#1778 = ORIENTED_EDGE ( 'NONE', *, *, #1202, .F. ) ;
#1779 = EDGE_LOOP ( 'NONE', ( #2576, #3267 ) ) ;
#1780 = CARTESIAN_POINT ( 'NONE',  ( -4.443060190960314237, 0.000000000000000000, 3.985871997174398107 ) ) ;
#1781 = CARTESIAN_POINT ( 'NONE',  ( 8.792893218813443212, 8.000000000000000000, 25.49999999999998934 ) ) ;
#1782 = CARTESIAN_POINT ( 'NONE',  ( -0.9953334881612208029, 8.000000000000000000, 14.50466651183888800 ) ) ;
#1783 = ORIENTED_EDGE ( 'NONE', *, *, #1436, .F. ) ;
#1784 = EDGE_CURVE ( 'NONE', #801, #2697, #1401, .T. ) ;
#1785 = EDGE_LOOP ( 'NONE', ( #1255, #1636, #3668, #1878 ) ) ;
#1786 = DIRECTION ( 'NONE',  ( 3.469446951953611033E-15, 0.000000000000000000, 1.000000000000000000 ) ) ;
#1787 = AXIS2_PLACEMENT_3D ( 'NONE', #978, #592, #389 ) ;
#1788 = ADVANCED_FACE ( 'NONE', ( #2899 ), #889, .T. ) ;
#1789 = EDGE_CURVE ( 'NONE', #484, #893, #398, .T. ) ;
#1790 = VECTOR ( 'NONE', #1840, 1000.000000000000000 ) ;
#1791 = DIRECTION ( 'NONE',  ( 0.000000000000000000, -1.000000000000000000, 0.000000000000000000 ) ) ;
#1792 = ORIENTED_EDGE ( 'NONE', *, *, #1715, .F. ) ;
#1793 = PLANE ( 'NONE',  #3272 ) ;
#1794 = DIRECTION ( 'NONE',  ( -5.071795850738859728E-32, -1.000000000000000000, -4.336808689942017736E-16 ) ) ;
#1795 = LINE ( 'NONE', #2897, #296 ) ;
#1796 = PLANE ( 'NONE',  #220 ) ;
#1797 = ORIENTED_EDGE ( 'NONE', *, *, #3035, .T. ) ;
#1798 = DIRECTION ( 'NONE',  ( 0.6546536707079770867, -0.6546536707079770867, 0.3779644730092272531 ) ) ;
#1799 = VERTEX_POINT ( 'NONE', #3172 ) ;
#1800 = DIRECTION ( 'NONE',  ( -0.000000000000000000, -1.000000000000000000, 0.000000000000000000 ) ) ;
#1801 = DIRECTION ( 'NONE',  ( -0.9593655015712709844, 0.000000000000000000, -0.2821663239915490062 ) ) ;
#1802 = ORIENTED_EDGE ( 'NONE', *, *, #825, .F. ) ;
#1803 = ORIENTED_EDGE ( 'NONE', *, *, #3447, .T. ) ;
#1804 = CARTESIAN_POINT ( 'NONE',  ( -14.99999999999999645, 2.000000000000000000, 44.49999999999999289 ) ) ;
#1805 = FACE_OUTER_BOUND ( 'NONE', #716, .T. ) ;
#1806 = CYLINDRICAL_SURFACE ( 'NONE', #3047, 2.000000000000001776 ) ;
#1807 = VECTOR ( 'NONE', #2959, 1000.000000000000000 ) ;
#1808 = EDGE_LOOP ( 'NONE', ( #3220, #487, #949, #2419 ) ) ;
#1809 = CARTESIAN_POINT ( 'NONE',  ( -13.50000000000000178, 8.000000000000000000, -8.878679656440336743 ) ) ;
#1810 = CARTESIAN_POINT ( 'NONE',  ( -20.00000000000000000, 0.000000000000000000, 15.49999999999999467 ) ) ;
#1811 = CARTESIAN_POINT ( 'NONE',  ( 0.5795861608451680080, 0.000000000000000000, 8.301411567793277158 ) ) ;
#1812 = VECTOR ( 'NONE', #3658, 1000.000000000000000 ) ;
#1813 = EDGE_CURVE ( 'NONE', #2006, #3448, #3741, .T. ) ;
#1814 = DIRECTION ( 'NONE',  ( -0.7071067811865475727, 0.000000000000000000, 0.7071067811865475727 ) ) ;
#1815 = ORIENTED_EDGE ( 'NONE', *, *, #1333, .F. ) ;
#1816 = VERTEX_POINT ( 'NONE', #2260 ) ;
#1817 = FACE_BOUND ( 'NONE', #954, .T. ) ;
#1818 = CARTESIAN_POINT ( 'NONE',  ( -15.00000000000000533, 4.000000000000000000, 37.24999999999999289 ) ) ;
#1819 = DIRECTION ( 'NONE',  ( -1.000000000000000000, -0.000000000000000000, -0.000000000000000000 ) ) ;
#1820 = ORIENTED_EDGE ( 'NONE', *, *, #1480, .T. ) ;
#1821 = ORIENTED_EDGE ( 'NONE', *, *, #935, .F. ) ;
#1822 = DIRECTION ( 'NONE',  ( -0.000000000000000000, -1.000000000000000000, 0.000000000000000000 ) ) ;
#1823 = VECTOR ( 'NONE', #409, 1000.000000000000000 ) ;
#1824 = LINE ( 'NONE', #1848, #3174 ) ;
#1825 = FACE_OUTER_BOUND ( 'NONE', #671, .T. ) ;
#1826 = CARTESIAN_POINT ( 'NONE',  ( 4.999999999999999112, 4.000000000000000000, 41.74999999999999289 ) ) ;
#1827 = ADVANCED_FACE ( 'NONE', ( #1129 ), #3464, .F. ) ;
#1828 = ORIENTED_EDGE ( 'NONE', *, *, #2024, .F. ) ;
#1829 = AXIS2_PLACEMENT_3D ( 'NONE', #2616, #2912, #2646 ) ;
#1830 = CARTESIAN_POINT ( 'NONE',  ( 3.609824049581406236, 8.000000000000000000, -3.773401768576937432 ) ) ;
#1831 = CARTESIAN_POINT ( 'NONE',  ( 5.000000000000002665, 0.000000000000000000, -42.50000000000000000 ) ) ;
#1832 = DIRECTION ( 'NONE',  ( 0.2821663239915491728, 0.000000000000000000, -0.9593655015712707623 ) ) ;
#1833 = VECTOR ( 'NONE', #170, 1000.000000000000000 ) ;
#1834 = DIRECTION ( 'NONE',  ( 0.000000000000000000, 0.000000000000000000, 1.000000000000000000 ) ) ;
#1835 = AXIS2_PLACEMENT_3D ( 'NONE', #3397, #2914, #2561 ) ;
#1836 = ORIENTED_EDGE ( 'NONE', *, *, #3474, .T. ) ;
#1837 = ADVANCED_FACE ( 'NONE', ( #1728 ), #3154, .F. ) ;
#1838 = VECTOR ( 'NONE', #852, 1000.000000000000000 ) ;
#1839 = ORIENTED_EDGE ( 'NONE', *, *, #887, .F. ) ;
#1840 = DIRECTION ( 'NONE',  ( 8.673617379884035472E-17, 0.000000000000000000, 1.000000000000000000 ) ) ;
#1841 = DIRECTION ( 'NONE',  ( -1.000000000000000000, 0.000000000000000000, 0.000000000000000000 ) ) ;
#1842 = VERTEX_POINT ( 'NONE', #1688 ) ;
#1843 = DIRECTION ( 'NONE',  ( 0.000000000000000000, 1.000000000000000000, 0.000000000000000000 ) ) ;
#1844 = DIRECTION ( 'NONE',  ( -0.000000000000000000, -0.000000000000000000, -1.000000000000000000 ) ) ;
#1845 = ORIENTED_EDGE ( 'NONE', *, *, #531, .T. ) ;
#1846 = AXIS2_PLACEMENT_3D ( 'NONE', #2303, #3178, #1731 ) ;
#1847 = LINE ( 'NONE', #2396, #1823 ) ;
#1848 = CARTESIAN_POINT ( 'NONE',  ( -4.999999999999994671, 0.000000000000000000, 25.49999999999998934 ) ) ;
#1849 = DIRECTION ( 'NONE',  ( 0.000000000000000000, 1.000000000000000000, 0.000000000000000000 ) ) ;
#1850 = AXIS2_PLACEMENT_3D ( 'NONE', #3279, #118, #1231 ) ;
#1851 = DIRECTION ( 'NONE',  ( 0.7071067811865435759, 0.000000000000000000, -0.7071067811865515695 ) ) ;
#1852 = ORIENTED_EDGE ( 'NONE', *, *, #1028, .T. ) ;
#1853 = LINE ( 'NONE', #2754, #1437 ) ;
#1854 = CARTESIAN_POINT ( 'NONE',  ( 0.000000000000000000, 3.000000000000000000, -29.50000000000000355 ) ) ;
#1855 = DIRECTION ( 'NONE',  ( -0.000000000000000000, -1.000000000000000000, -0.000000000000000000 ) ) ;
#1856 = AXIS2_PLACEMENT_3D ( 'NONE', #3087, #3733, #2115 ) ;
#1857 = CARTESIAN_POINT ( 'NONE',  ( 5.000000000000002665, 5.000000000000000000, 29.49999999999998934 ) ) ;
#1858 = ORIENTED_EDGE ( 'NONE', *, *, #250, .T. ) ;
#1859 = EDGE_CURVE ( 'NONE', #2961, #1568, #1365, .T. ) ;
#1860 = EDGE_CURVE ( 'NONE', #2633, #820, #1605, .T. ) ;
#1861 = LINE ( 'NONE', #2433, #2588 ) ;
#1862 = VERTEX_POINT ( 'NONE', #2531 ) ;
#1863 = CARTESIAN_POINT ( 'NONE',  ( -4.331763378039132917, 0.000000000000000000, 24.99999999999998579 ) ) ;
#1864 = ORIENTED_EDGE ( 'NONE', *, *, #3489, .T. ) ;
#1865 = ORIENTED_EDGE ( 'NONE', *, *, #1251, .T. ) ;
#1866 = EDGE_CURVE ( 'NONE', #3345, #2703, #1646, .T. ) ;
#1867 = DIRECTION ( 'NONE',  ( 1.000000000000000000, 0.000000000000000000, 1.445602896647338917E-16 ) ) ;
#1868 = CARTESIAN_POINT ( 'NONE',  ( 15.00000000000000355, 2.000000000000000000, 42.49999999999998579 ) ) ;
#1869 = CARTESIAN_POINT ( 'NONE',  ( 15.00000000000000533, 6.499999999999995559, 42.09807621135330891 ) ) ;
#1870 = LINE ( 'NONE', #1617, #3170 ) ;
#1871 = ORIENTED_EDGE ( 'NONE', *, *, #1901, .T. ) ;
#1872 = DIRECTION ( 'NONE',  ( 0.000000000000000000, -0.8660254037844384856, -0.5000000000000003331 ) ) ;
#1873 = FACE_OUTER_BOUND ( 'NONE', #2361, .T. ) ;
#1874 = CONICAL_SURFACE ( 'NONE', #400, 0.4999999999999865663, 0.7853981633974477239 ) ;
#1875 = CARTESIAN_POINT ( 'NONE',  ( -4.999999999999994671, 8.000000000000000000, 25.49999999999998934 ) ) ;
#1876 = DIRECTION ( 'NONE',  ( 0.7071067811865512365, 0.000000000000000000, 0.7071067811865439090 ) ) ;
#1877 = AXIS2_PLACEMENT_3D ( 'NONE', #1543, #3559, #2140 ) ;
#1878 = ORIENTED_EDGE ( 'NONE', *, *, #2969, .F. ) ;
#1879 = CARTESIAN_POINT ( 'NONE',  ( 14.99999999999999289, 8.000000000000000000, -44.50000000000000711 ) ) ;
#1880 = DIRECTION ( 'NONE',  ( 0.000000000000000000, 0.000000000000000000, -1.000000000000000000 ) ) ;
#1881 = ORIENTED_EDGE ( 'NONE', *, *, #3669, .T. ) ;
#1882 = CARTESIAN_POINT ( 'NONE',  ( -9.146446609406737593, 8.000000000000000000, -17.57537879754130472 ) ) ;
#1883 = VERTEX_POINT ( 'NONE', #2817 ) ;
#1884 = EDGE_LOOP ( 'NONE', ( #428, #1055, #632, #2039, #3598, #3410, #3330, #57 ) ) ;
#1885 = EDGE_CURVE ( 'NONE', #3725, #3573, #1665, .T. ) ;
#1886 = EDGE_CURVE ( 'NONE', #2374, #3449, #3441, .T. ) ;
#1887 = DIRECTION ( 'NONE',  ( 0.000000000000000000, 0.000000000000000000, -1.000000000000000000 ) ) ;
#1888 = LINE ( 'NONE', #2730, #2892 ) ;
#1889 = EDGE_CURVE ( 'NONE', #3449, #718, #3362, .T. ) ;
#1890 = LINE ( 'NONE', #3654, #3223 ) ;
#1891 = EDGE_LOOP ( 'NONE', ( #476, #1383, #2280, #2055 ) ) ;
#1892 = DIRECTION ( 'NONE',  ( 1.012796358699208574E-16, -0.5000000000000003331, 0.8660254037844384856 ) ) ;
#1893 = CIRCLE ( 'NONE', #1456, 0.5000000000000000000 ) ;
#1894 = CARTESIAN_POINT ( 'NONE',  ( -15.00000000000000711, 1.500000000000001110, -42.50000000000000000 ) ) ;
#1895 = CIRCLE ( 'NONE', #726, 0.5000000000000004441 ) ;
#1896 = CIRCLE ( 'NONE', #1215, 0.5000000000000004441 ) ;
#1897 = DIRECTION ( 'NONE',  ( 1.000000000000000000, -0.000000000000000000, -0.000000000000000000 ) ) ;
#1898 = LINE ( 'NONE', #1380, #1812 ) ;
#1899 = AXIS2_PLACEMENT_3D ( 'NONE', #2953, #329, #395 ) ;
#1900 = CARTESIAN_POINT ( 'NONE',  ( -10.00000000000000000, 0.000000000000000000, 22.02799548533325691 ) ) ;
#1901 = EDGE_CURVE ( 'NONE', #508, #924, #460, .T. ) ;
#1902 = AXIS2_PLACEMENT_3D ( 'NONE', #263, #1941, #2234 ) ;
#1903 = ORIENTED_EDGE ( 'NONE', *, *, #3697, .F. ) ;
#1904 = VERTEX_POINT ( 'NONE', #3402 ) ;
#1905 = DIRECTION ( 'NONE',  ( -0.000000000000000000, 1.000000000000000000, 0.000000000000000000 ) ) ;
#1906 = FACE_OUTER_BOUND ( 'NONE', #807, .T. ) ;
#1907 = ORIENTED_EDGE ( 'NONE', *, *, #1545, .F. ) ;
#1908 = CIRCLE ( 'NONE', #1168, 0.5000000000000004441 ) ;
#1909 = EDGE_CURVE ( 'NONE', #3008, #2697, #788, .T. ) ;
#1910 = ORIENTED_EDGE ( 'NONE', *, *, #1724, .F. ) ;
#1911 = ORIENTED_EDGE ( 'NONE', *, *, #2028, .T. ) ;
#1912 = AXIS2_PLACEMENT_3D ( 'NONE', #2219, #443, #755 ) ;
#1913 = LINE ( 'NONE', #526, #2793 ) ;
#1914 = DIRECTION ( 'NONE',  ( 0.6546536707079771977, 0.6546536707079771977, -0.3779644730092270866 ) ) ;
#1915 = AXIS2_PLACEMENT_3D ( 'NONE', #1217, #2661, #627 ) ;
#1916 = EDGE_CURVE ( 'NONE', #2158, #2204, #1898, .T. ) ;
#1917 = DIRECTION ( 'NONE',  ( 0.000000000000000000, 0.000000000000000000, 1.000000000000000000 ) ) ;
#1918 = AXIS2_PLACEMENT_3D ( 'NONE', #97, #335, #2670 ) ;
#1919 = ORIENTED_EDGE ( 'NONE', *, *, #1229, .T. ) ;
#1920 = EDGE_CURVE ( 'NONE', #3105, #1339, #1955, .T. ) ;
#1921 = CARTESIAN_POINT ( 'NONE',  ( -14.99999999999999645, 2.000000000000000000, 42.49999999999998579 ) ) ;
#1922 = EDGE_CURVE ( 'NONE', #2151, #3199, #717, .T. ) ;
#1923 = LINE ( 'NONE', #91, #2198 ) ;
#1924 = DIRECTION ( 'NONE',  ( 1.000000000000000000, -0.000000000000000000, 0.000000000000000000 ) ) ;
#1925 = EDGE_CURVE ( 'NONE', #2132, #2097, #3422, .T. ) ;
#1926 = LINE ( 'NONE', #463, #1424 ) ;
#1927 = ORIENTED_EDGE ( 'NONE', *, *, #3331, .F. ) ;
#1928 = CARTESIAN_POINT ( 'NONE',  ( 15.00000000000000178, 4.000000000000000000, -37.24999999999999289 ) ) ;
#1929 = LINE ( 'NONE', #3075, #2454 ) ;
#1930 = ORIENTED_EDGE ( 'NONE', *, *, #1669, .T. ) ;
#1931 = VECTOR ( 'NONE', #3408, 1000.000000000000000 ) ;
#1932 = LINE ( 'NONE', #1634, #2258 ) ;
#1933 = ORIENTED_EDGE ( 'NONE', *, *, #926, .T. ) ;
#1934 = ORIENTED_EDGE ( 'NONE', *, *, #2871, .F. ) ;
#1935 = EDGE_CURVE ( 'NONE', #1842, #2653, #1065, .T. ) ;
#1936 = DIRECTION ( 'NONE',  ( -1.000000000000000000, 0.000000000000000000, 0.000000000000000000 ) ) ;
#1937 = DIRECTION ( 'NONE',  ( 1.000000000000000000, 0.000000000000000000, 0.000000000000000000 ) ) ;
#1938 = CARTESIAN_POINT ( 'NONE',  ( 9.062093321442370453, 8.000000000000000000, 17.49102550957692870 ) ) ;
#1939 = VERTEX_POINT ( 'NONE', #222 ) ;
#1940 = CYLINDRICAL_SURFACE ( 'NONE', #2810, 0.5000000000000004441 ) ;
#1941 = DIRECTION ( 'NONE',  ( -0.7071067811865429098, 0.000000000000000000, 0.7071067811865522357 ) ) ;
#1942 = DIRECTION ( 'NONE',  ( -0.000000000000000000, -1.000000000000000000, -0.000000000000000000 ) ) ;
#1943 = DIRECTION ( 'NONE',  ( 0.000000000000000000, -0.8660254037844384856, -0.5000000000000003331 ) ) ;
#1944 = ADVANCED_FACE ( 'NONE', ( #2217 ), #3385, .F. ) ;
#1945 = ORIENTED_EDGE ( 'NONE', *, *, #1690, .T. ) ;
#1946 = DIRECTION ( 'NONE',  ( 0.000000000000000000, -1.000000000000000000, 0.000000000000000000 ) ) ;
#1947 = DIRECTION ( 'NONE',  ( 1.000000000000000000, 0.000000000000000000, 0.000000000000000000 ) ) ;
#1948 = ORIENTED_EDGE ( 'NONE', *, *, #1326, .F. ) ;
#1949 = VERTEX_POINT ( 'NONE', #3009 ) ;
#1950 = ORIENTED_EDGE ( 'NONE', *, *, #1397, .T. ) ;
#1951 = CARTESIAN_POINT ( 'NONE',  ( 0.000000000000000000, 0.000000000000000000, 42.49999999999998579 ) ) ;
#1952 = CARTESIAN_POINT ( 'NONE',  ( -4.089506800367041173, 0.000000000000000000, 3.632318606581117493 ) ) ;
#1953 = VERTEX_POINT ( 'NONE', #393 ) ;
#1954 = CARTESIAN_POINT ( 'NONE',  ( 9.146446609406730488, 0.000000000000000000, -6.353553390593514649 ) ) ;
#1955 = LINE ( 'NONE', #1974, #2358 ) ;
#1956 = CARTESIAN_POINT ( 'NONE',  ( 15.00000000000000355, 8.000000000000000000, 42.99999999999999289 ) ) ;
#1957 = DIRECTION ( 'NONE',  ( 0.000000000000000000, 0.000000000000000000, 1.000000000000000000 ) ) ;
#1958 = DIRECTION ( 'NONE',  ( 0.000000000000000000, 0.000000000000000000, 1.000000000000000000 ) ) ;
#1959 = VECTOR ( 'NONE', #665, 1000.000000000000000 ) ;
#1960 = ORIENTED_EDGE ( 'NONE', *, *, #3182, .T. ) ;
#1961 = CYLINDRICAL_SURFACE ( 'NONE', #2293, 0.5000000000000004441 ) ;
#1962 = DIRECTION ( 'NONE',  ( -0.000000000000000000, -1.000000000000000000, -0.000000000000000000 ) ) ;
#1963 = EDGE_LOOP ( 'NONE', ( #3191, #338, #104, #1074, #1447, #710, #1490, #2165, #2942 ) ) ;
#1964 = AXIS2_PLACEMENT_3D ( 'NONE', #3361, #1855, #1025 ) ;
#1965 = ORIENTED_EDGE ( 'NONE', *, *, #909, .F. ) ;
#1966 = ORIENTED_EDGE ( 'NONE', *, *, #1128, .T. ) ;
#1967 = CIRCLE ( 'NONE', #3547, 2.000000000000001776 ) ;
#1968 = FACE_OUTER_BOUND ( 'NONE', #114, .T. ) ;
#1969 = DIRECTION ( 'NONE',  ( 0.000000000000000000, -1.000000000000000000, -0.000000000000000000 ) ) ;
#1970 = LINE ( 'NONE', #1060, #2578 ) ;
#1971 = ORIENTED_EDGE ( 'NONE', *, *, #1553, .F. ) ;
#1972 = VECTOR ( 'NONE', #1703, 1000.000000000000114 ) ;
#1973 = LINE ( 'NONE', #2250, #2623 ) ;
#1974 = CARTESIAN_POINT ( 'NONE',  ( 10.00000000000000178, 0.000000000000000000, -5.500000000000254907 ) ) ;
#1975 = ORIENTED_EDGE ( 'NONE', *, *, #3222, .T. ) ;
#1976 = CIRCLE ( 'NONE', #311, 0.5000000000000004441 ) ;
#1977 = DIRECTION ( 'NONE',  ( 0.000000000000000000, 0.8660254037844388186, -0.4999999999999997224 ) ) ;
#1978 = CARTESIAN_POINT ( 'NONE',  ( -9.500000000000005329, 0.000000000000000000, -17.22182540694803166 ) ) ;
#1979 = CARTESIAN_POINT ( 'NONE',  ( 5.000000000000000888, 0.000000000000000000, 44.49999999999999289 ) ) ;
#1980 = ORIENTED_EDGE ( 'NONE', *, *, #3176, .T. ) ;
#1981 = AXIS2_PLACEMENT_3D ( 'NONE', #166, #491, #703 ) ;
#1982 = DIRECTION ( 'NONE',  ( 0.000000000000000000, 0.000000000000000000, -1.000000000000000000 ) ) ;
#1983 = ORIENTED_EDGE ( 'NONE', *, *, #715, .T. ) ;
#1984 = EDGE_LOOP ( 'NONE', ( #1149, #3533 ) ) ;
#1985 = EDGE_LOOP ( 'NONE', ( #2394, #659, #2300, #2785 ) ) ;
#1986 = LINE ( 'NONE', #216, #2507 ) ;
#1987 = CARTESIAN_POINT ( 'NONE',  ( -15.00000000000000711, 2.000000000000000000, -44.50000000000000711 ) ) ;
#1988 = EDGE_CURVE ( 'NONE', #3448, #1483, #69, .T. ) ;
#1989 = CARTESIAN_POINT ( 'NONE',  ( 0.01615177542392174509, 8.000000000000000000, 8.445083963558580820 ) ) ;
#1990 = ORIENTED_EDGE ( 'NONE', *, *, #2002, .T. ) ;
#1991 = PRODUCT_CONTEXT ( 'NONE', #578, 'mechanical' ) ;
#1992 = DIRECTION ( 'NONE',  ( -0.000000000000000000, -1.000000000000000000, -0.000000000000000000 ) ) ;
#1993 = VERTEX_POINT ( 'NONE', #1004 ) ;
#1994 = DIRECTION ( 'NONE',  ( -3.877041124311320046E-17, 0.5773502691896312822, -0.8164965809277221487 ) ) ;
#1995 = AXIS2_PLACEMENT_3D ( 'NONE', #1350, #3684, #2480 ) ;
#1996 = DIRECTION ( 'NONE',  ( 0.000000000000000000, 0.000000000000000000, -1.000000000000000000 ) ) ;
#1997 =( LENGTH_UNIT ( ) NAMED_UNIT ( * ) SI_UNIT ( .MILLI., .METRE. ) );
#1998 = ORIENTED_EDGE ( 'NONE', *, *, #664, .T. ) ;
#1999 = FACE_OUTER_BOUND ( 'NONE', #1042, .T. ) ;
#2000 = ORIENTED_EDGE ( 'NONE', *, *, #986, .T. ) ;
#2001 = VERTEX_POINT ( 'NONE', #369 ) ;
#2002 = EDGE_CURVE ( 'NONE', #351, #230, #3633, .T. ) ;
#2003 = DIRECTION ( 'NONE',  ( 0.000000000000000000, -1.000000000000000000, 0.000000000000000000 ) ) ;
#2004 = CIRCLE ( 'NONE', #3337, 2.999999999999999112 ) ;
#2005 = DIRECTION ( 'NONE',  ( 0.000000000000000000, 1.000000000000000000, 0.000000000000000000 ) ) ;
#2006 = VERTEX_POINT ( 'NONE', #2177 ) ;
#2007 = CARTESIAN_POINT ( 'NONE',  ( -13.50000000000000533, 6.000000000000000000, -42.50000000000000000 ) ) ;
#2008 = EDGE_CURVE ( 'NONE', #1904, #2574, #685, .T. ) ;
#2009 = PLANE ( 'NONE',  #1353 ) ;
#2010 = EDGE_LOOP ( 'NONE', ( #3768, #1458, #480, #1388, #2183, #3560 ) ) ;
#2011 = DIRECTION ( 'NONE',  ( 0.000000000000000000, -1.000000000000000000, 0.000000000000000000 ) ) ;
#2012 = CARTESIAN_POINT ( 'NONE',  ( 14.00000000000001243, 7.499999999999984013, -1.422650729673760085E-15 ) ) ;
#2013 = CARTESIAN_POINT ( 'NONE',  ( 12.00000000000000355, 0.5000000000000027756, 41.52072594216366497 ) ) ;
#2014 = ORIENTED_EDGE ( 'NONE', *, *, #919, .T. ) ;
#2015 = DIRECTION ( 'NONE',  ( 0.000000000000000000, -1.000000000000000000, 0.000000000000000000 ) ) ;
#2016 = ORIENTED_EDGE ( 'NONE', *, *, #1224, .F. ) ;
#2017 = VECTOR ( 'NONE', #3596, 1000.000000000000000 ) ;
#2018 = ORIENTED_EDGE ( 'NONE', *, *, #191, .F. ) ;
#2019 = LINE ( 'NONE', #2622, #1599 ) ;
#2020 = CIRCLE ( 'NONE', #3542, 0.5000000000000004441 ) ;
#2021 = CARTESIAN_POINT ( 'NONE',  ( -15.00000000000000533, 4.000000000000000000, 39.49999999999999289 ) ) ;
#2022 = VERTEX_POINT ( 'NONE', #724 ) ;
#2023 = AXIS2_PLACEMENT_3D ( 'NONE', #2813, #3124, #3104 ) ;
#2024 = EDGE_CURVE ( 'NONE', #1939, #3599, #1425, .T. ) ;
#2025 = AXIS2_PLACEMENT_3D ( 'NONE', #2314, #2894, #1977 ) ;
#2026 = CARTESIAN_POINT ( 'NONE',  ( 5.000000000000002665, 3.000000000000000000, 29.49999999999998934 ) ) ;
#2027 = ORIENTED_EDGE ( 'NONE', *, *, #2348, .T. ) ;
#2028 = EDGE_CURVE ( 'NONE', #1799, #1118, #1216, .T. ) ;
#2029 = ADVANCED_FACE ( 'NONE', ( #942 ), #2134, .F. ) ;
#2030 = VECTOR ( 'NONE', #394, 1000.000000000000114 ) ;
#2031 = DIRECTION ( 'NONE',  ( 0.000000000000000000, -1.000000000000000000, 0.000000000000000000 ) ) ;
#2032 = EDGE_CURVE ( 'NONE', #351, #966, #342, .T. ) ;
#2033 = CARTESIAN_POINT ( 'NONE',  ( -15.00000000000000533, 4.000000000000000000, 39.49999999999999289 ) ) ;
#2034 = LINE ( 'NONE', #2614, #692 ) ;
#2035 = EDGE_CURVE ( 'NONE', #1342, #908, #3043, .T. ) ;
#2036 = AXIS2_PLACEMENT_3D ( 'NONE', #2468, #3340, #3252 ) ;
#2037 = EDGE_LOOP ( 'NONE', ( #2141, #616, #3667, #1687 ) ) ;
#2038 = DIRECTION ( 'NONE',  ( 0.000000000000000000, 1.000000000000000000, 0.000000000000000000 ) ) ;
#2039 = ORIENTED_EDGE ( 'NONE', *, *, #58, .T. ) ;
#2040 = AXIS2_PLACEMENT_3D ( 'NONE', #3366, #172, #756 ) ;
#2041 = DIRECTION ( 'NONE',  ( 0.000000000000000000, 0.000000000000000000, 1.000000000000000000 ) ) ;
#2042 = DIRECTION ( 'NONE',  ( 0.000000000000000000, 0.000000000000000000, -1.000000000000000000 ) ) ;
#2043 = ORIENTED_EDGE ( 'NONE', *, *, #2214, .F. ) ;
#2044 = CARTESIAN_POINT ( 'NONE',  ( -15.00000000000000533, 4.000000000000000000, -39.49999999999999289 ) ) ;
#2045 = VERTEX_POINT ( 'NONE', #1830 ) ;
#2046 = CARTESIAN_POINT ( 'NONE',  ( -12.87669446601686296, 8.623305533983137039, -8.620498050762323672 ) ) ;
#2047 = FACE_OUTER_BOUND ( 'NONE', #168, .T. ) ;
#2048 = CARTESIAN_POINT ( 'NONE',  ( -4.443060190960314237, 8.000000000000000000, 3.985871997174398107 ) ) ;
#2049 = PRODUCT_DEFINITION_SHAPE ( 'NONE', 'NONE',  #1552 ) ;
#2050 = ORIENTED_EDGE ( 'NONE', *, *, #128, .T. ) ;
#2051 = VERTEX_POINT ( 'NONE', #1501 ) ;
#2052 = ADVANCED_FACE ( 'NONE', ( #2590, #1382 ), #1793, .F. ) ;
#2053 = CIRCLE ( 'NONE', #2893, 2.999999999999999112 ) ;
#2054 = DIRECTION ( 'NONE',  ( 0.7071067811865514585, 0.000000000000000000, 0.7071067811865435759 ) ) ;
#2055 = ORIENTED_EDGE ( 'NONE', *, *, #1079, .F. ) ;
#2056 = EDGE_CURVE ( 'NONE', #290, #2338, #479, .T. ) ;
#2057 = CARTESIAN_POINT ( 'NONE',  ( 9.915646712035638188, 8.000000000000000000, 17.13747211898364853 ) ) ;
#2058 = DIRECTION ( 'NONE',  ( 0.000000000000000000, 0.000000000000000000, 1.000000000000000000 ) ) ;
#2059 = ORIENTED_EDGE ( 'NONE', *, *, #1909, .F. ) ;
#2060 = ADVANCED_FACE ( 'NONE', ( #686 ), #1305, .F. ) ;
#2061 = LINE ( 'NONE', #3526, #2376 ) ;
#2062 = ORIENTED_EDGE ( 'NONE', *, *, #2569, .F. ) ;
#2063 = DIRECTION ( 'NONE',  ( 1.445602896647338917E-16, 0.000000000000000000, -1.000000000000000000 ) ) ;
#2064 = CARTESIAN_POINT ( 'NONE',  ( 13.49999999999999112, 8.000000000000000000, -42.50000000000000000 ) ) ;
#2065 = CARTESIAN_POINT ( 'NONE',  ( -4.999999999999994671, 0.000000000000000000, 25.49999999999998934 ) ) ;
#2066 = VERTEX_POINT ( 'NONE', #346 ) ;
#2067 = ORIENTED_EDGE ( 'NONE', *, *, #2306, .F. ) ;
#2068 = AXIS2_PLACEMENT_3D ( 'NONE', #2007, #3454, #2598 ) ;
#2069 = EDGE_CURVE ( 'NONE', #3623, #2704, #3372, .T. ) ;
#2070 = LINE ( 'NONE', #3468, #2933 ) ;
#2071 = DIRECTION ( 'NONE',  ( 9.144372052005619048E-17, 0.000000000000000000, 1.000000000000000000 ) ) ;
#2072 = VECTOR ( 'NONE', #471, 1000.000000000000000 ) ;
#2073 = CARTESIAN_POINT ( 'NONE',  ( 5.000000000000000888, 0.000000000000000000, 44.49999999999999289 ) ) ;
#2074 = ORIENTED_EDGE ( 'NONE', *, *, #103, .F. ) ;
#2075 = AXIS2_PLACEMENT_3D ( 'NONE', #1668, #1125, #1958 ) ;
#2076 = CARTESIAN_POINT ( 'NONE',  ( 13.49999999999999112, 2.000000000000000000, -42.50000000000000000 ) ) ;
#2077 = CIRCLE ( 'NONE', #550, 2.000000000000001776 ) ;
#2078 = CARTESIAN_POINT ( 'NONE',  ( 13.28948822334848145, 6.024871130596435087, 44.71051177665151499 ) ) ;
#2079 = VERTEX_POINT ( 'NONE', #1831 ) ;
#2080 = AXIS2_PLACEMENT_3D ( 'NONE', #680, #656, #1887 ) ;
#2081 = CARTESIAN_POINT ( 'NONE',  ( 5.538297089181069666, 0.000000000000000000, -10.33021010321581734 ) ) ;
#2082 = DIRECTION ( 'NONE',  ( -0.7071067811865475727, 0.7071067811865475727, 8.269447640539548005E-17 ) ) ;
#2083 = AXIS2_PLACEMENT_3D ( 'NONE', #54, #419, #3090 ) ;
#2084 = VERTEX_POINT ( 'NONE', #643 ) ;
#2085 = VECTOR ( 'NONE', #1081, 1000.000000000000000 ) ;
#2086 = PLANE ( 'NONE',  #3049 ) ;
#2087 = VERTEX_POINT ( 'NONE', #1601 ) ;
#2088 = EDGE_CURVE ( 'NONE', #2586, #2374, #1853, .T. ) ;
#2089 = DIRECTION ( 'NONE',  ( 1.000000000000000000, 0.000000000000000000, -0.000000000000000000 ) ) ;
#2090 = CARTESIAN_POINT ( 'NONE',  ( -15.00000000000000355, 8.000000000000000000, -9.499999999999959144 ) ) ;
#2091 = VERTEX_POINT ( 'NONE', #1809 ) ;
#2092 = ORIENTED_EDGE ( 'NONE', *, *, #1200, .F. ) ;
#2093 = DIRECTION ( 'NONE',  ( -0.7071067811865474617, -0.7071067811865474617, 0.000000000000000000 ) ) ;
#2094 = DIRECTION ( 'NONE',  ( 0.000000000000000000, 1.000000000000000000, 0.000000000000000000 ) ) ;
#2095 = ADVANCED_FACE ( 'NONE', ( #1243 ), #2403, .F. ) ;
#2096 = DIRECTION ( 'NONE',  ( 1.000000000000000000, 0.000000000000000000, -1.084202172485504434E-16 ) ) ;
#2097 = VERTEX_POINT ( 'NONE', #370 ) ;
#2098 = CARTESIAN_POINT ( 'NONE',  ( 4.089506800367041173, 8.000000000000000000, -4.132318606581162790 ) ) ;
#2099 = DIRECTION ( 'NONE',  ( 0.000000000000000000, 0.000000000000000000, 1.000000000000000000 ) ) ;
#2100 = CARTESIAN_POINT ( 'NONE',  ( -15.00000000000000533, 4.000000000000000000, 37.24999999999999289 ) ) ;
#2101 = ORIENTED_EDGE ( 'NONE', *, *, #1378, .T. ) ;
#2102 = CARTESIAN_POINT ( 'NONE',  ( 15.00000000000000355, 4.000000000000008882, 43.54145188432736546 ) ) ;
#2103 = EDGE_LOOP ( 'NONE', ( #537, #2522, #1656, #3343 ) ) ;
#2104 = CARTESIAN_POINT ( 'NONE',  ( -4.999999999999997335, 6.000000000000000000, 42.49999999999998579 ) ) ;
#2105 = DIRECTION ( 'NONE',  ( 0.000000000000000000, -0.8660254037844385966, 0.5000000000000001110 ) ) ;
#2106 = DIRECTION ( 'NONE',  ( 0.000000000000000000, -1.000000000000000000, 0.000000000000000000 ) ) ;
#2107 = ORIENTED_EDGE ( 'NONE', *, *, #1164, .F. ) ;
#2108 = ORIENTED_EDGE ( 'NONE', *, *, #2069, .F. ) ;
#2109 = CARTESIAN_POINT ( 'NONE',  ( -13.50000000000000533, 0.000000000000000000, -42.50000000000000000 ) ) ;
#2110 = DIRECTION ( 'NONE',  ( -0.000000000000000000, -1.000000000000000000, -0.000000000000000000 ) ) ;
#2111 = DIRECTION ( 'NONE',  ( 0.9593655015712709844, 0.000000000000000000, 0.2821663239915490062 ) ) ;
#2112 = EDGE_CURVE ( 'NONE', #1163, #1993, #89, .T. ) ;
#2113 = CARTESIAN_POINT ( 'NONE',  ( -20.00000000000002132, -2.449293598294706119E-15, -4.500000000000001776 ) ) ;
#2114 = ORIENTED_EDGE ( 'NONE', *, *, #2339, .F. ) ;
#2115 = DIRECTION ( 'NONE',  ( -0.2821663239915488397, 0.000000000000000000, 0.9593655015712708733 ) ) ;
#2116 = EDGE_CURVE ( 'NONE', #1609, #918, #1107, .T. ) ;
#2117 = DIRECTION ( 'NONE',  ( -0.7071067811865474617, 0.000000000000000000, 0.7071067811865474617 ) ) ;
#2118 = LINE ( 'NONE', #645, #1959 ) ;
#2119 = ORIENTED_EDGE ( 'NONE', *, *, #932, .F. ) ;
#2120 = DIRECTION ( 'NONE',  ( -0.000000000000000000, 0.000000000000000000, 1.000000000000000000 ) ) ;
#2121 = VERTEX_POINT ( 'NONE', #896 ) ;
#2122 = FACE_BOUND ( 'NONE', #2519, .T. ) ;
#2123 = FACE_OUTER_BOUND ( 'NONE', #547, .T. ) ;
#2124 = ORIENTED_EDGE ( 'NONE', *, *, #1726, .T. ) ;
#2125 = DIRECTION ( 'NONE',  ( 0.000000000000000000, 1.000000000000000000, -0.000000000000000000 ) ) ;
#2126 = FACE_OUTER_BOUND ( 'NONE', #3115, .T. ) ;
#2127 = ORIENTED_EDGE ( 'NONE', *, *, #2035, .T. ) ;
#2128 = ORIENTED_EDGE ( 'NONE', *, *, #3718, .T. ) ;
#2129 = CARTESIAN_POINT ( 'NONE',  ( -4.999999999999997335, 4.000000000000000000, -41.74999999999999289 ) ) ;
#2130 = DIRECTION ( 'NONE',  ( 0.000000000000000000, 0.000000000000000000, 1.000000000000000000 ) ) ;
#2131 = DIRECTION ( 'NONE',  ( 0.000000000000000000, 1.000000000000000000, 0.000000000000000000 ) ) ;
#2132 = VERTEX_POINT ( 'NONE', #3242 ) ;
#2133 = VECTOR ( 'NONE', #1295, 1000.000000000000000 ) ;
#2134 = PLANE ( 'NONE',  #1641 ) ;
#2135 = CARTESIAN_POINT ( 'NONE',  ( -20.00000000000000000, 6.499999999999984901, 15.49999999999999822 ) ) ;
#2136 = AXIS2_PLACEMENT_3D ( 'NONE', #240, #3732, #2585 ) ;
#2137 = ADVANCED_FACE ( 'NONE', ( #80 ), #934, .F. ) ;
#2138 = DIRECTION ( 'NONE',  ( -0.000000000000000000, -1.000000000000000000, -0.000000000000000000 ) ) ;
#2139 = CONICAL_SURFACE ( 'NONE', #1057, 0.5000000000000004441, 0.7853981633974482790 ) ;
#2140 = DIRECTION ( 'NONE',  ( 0.000000000000000000, 0.000000000000000000, -1.000000000000000000 ) ) ;
#2141 = ORIENTED_EDGE ( 'NONE', *, *, #2563, .F. ) ;
#2142 = AXIS2_PLACEMENT_3D ( 'NONE', #673, #1205, #1841 ) ;
#2143 = EDGE_CURVE ( 'NONE', #2087, #2990, #507, .T. ) ;
#2144 = DIRECTION ( 'NONE',  ( -1.000000000000000000, 0.000000000000000000, 2.312964634635743450E-16 ) ) ;
#2145 = ORIENTED_EDGE ( 'NONE', *, *, #2370, .T. ) ;
#2146 = VECTOR ( 'NONE', #1413, 1000.000000000000000 ) ;
#2147 = CARTESIAN_POINT ( 'NONE',  ( 14.99999999999999289, 6.000000000000000000, -42.50000000000000000 ) ) ;
#2148 = CARTESIAN_POINT ( 'NONE',  ( -10.00000000000000178, 8.000000000000000000, 6.707106781186745081 ) ) ;
#2149 = ORIENTED_EDGE ( 'NONE', *, *, #2417, .T. ) ;
#2150 = CARTESIAN_POINT ( 'NONE',  ( -4.999999999999997335, 0.000000000000000000, 44.49999999999999289 ) ) ;
#2151 = VERTEX_POINT ( 'NONE', #2392 ) ;
#2152 = ORIENTED_EDGE ( 'NONE', *, *, #3399, .T. ) ;
#2153 = CARTESIAN_POINT ( 'NONE',  ( -15.00000000000000533, 4.000000000000000000, 39.49999999999999289 ) ) ;
#2154 = DIRECTION ( 'NONE',  ( -0.7071067811865513475, 0.000000000000000000, -0.7071067811865435759 ) ) ;
#2155 = DIRECTION ( 'NONE',  ( 1.169476500658521966E-16, -0.000000000000000000, 1.000000000000000000 ) ) ;
#2156 = EDGE_CURVE ( 'NONE', #1600, #3482, #3604, .T. ) ;
#2157 = DIRECTION ( 'NONE',  ( -1.000000000000000000, -0.000000000000000000, 0.000000000000000000 ) ) ;
#2158 = VERTEX_POINT ( 'NONE', #1192 ) ;
#2159 = CARTESIAN_POINT ( 'NONE',  ( -4.999999999999997335, 3.000000000000000000, -29.50000000000000355 ) ) ;
#2160 = CARTESIAN_POINT ( 'NONE',  ( -13.49999999999998046, 8.000000000000000000, 42.49999999999998579 ) ) ;
#2161 = LINE ( 'NONE', #709, #494 ) ;
#2162 = ADVANCED_FACE ( 'NONE', ( #2126 ), #3566, .F. ) ;
#2163 = CARTESIAN_POINT ( 'NONE',  ( -20.00000000000001421, 6.499999999999984901, 15.50000000000001421 ) ) ;
#2164 = CYLINDRICAL_SURFACE ( 'NONE', #3050, 0.5000000000000004441 ) ;
#2165 = ORIENTED_EDGE ( 'NONE', *, *, #3133, .T. ) ;
#2166 = ADVANCED_FACE ( 'NONE', ( #1207 ), #2414, .F. ) ;
#2167 = CARTESIAN_POINT ( 'NONE',  ( 9.062093321442370453, 0.000000000000000000, 17.49102550957692870 ) ) ;
#2168 = LINE ( 'NONE', #483, #363 ) ;
#2169 = EDGE_LOOP ( 'NONE', ( #3759, #741, #3407, #82 ) ) ;
#2170 = CARTESIAN_POINT ( 'NONE',  ( 9.915646712035636412, 0.000000000000000000, 1.486714523900815266 ) ) ;
#2171 = ORIENTED_EDGE ( 'NONE', *, *, #2306, .T. ) ;
#2172 = ORIENTED_EDGE ( 'NONE', *, *, #1516, .F. ) ;
#2173 = DIRECTION ( 'NONE',  ( -0.000000000000000000, -1.000000000000000000, -0.000000000000000000 ) ) ;
#2174 = CARTESIAN_POINT ( 'NONE',  ( 5.000000000000002665, 8.000000000000000000, -29.50000000000000355 ) ) ;
#2175 = DIRECTION ( 'NONE',  ( 0.000000000000000000, 1.000000000000000000, 0.000000000000000000 ) ) ;
#2176 = ORIENTED_EDGE ( 'NONE', *, *, #3594, .T. ) ;
#2177 = CARTESIAN_POINT ( 'NONE',  ( -13.50000000000000178, 0.000000000000000000, -8.878679656440336743 ) ) ;
#2178 = CARTESIAN_POINT ( 'NONE',  ( -20.00000000000000000, 6.499999999999999112, -4.500000000000001776 ) ) ;
#2179 = VECTOR ( 'NONE', #675, 1000.000000000000114 ) ;
#2180 = DIRECTION ( 'NONE',  ( -1.000000000000000000, 0.000000000000000000, -0.000000000000000000 ) ) ;
#2181 = VECTOR ( 'NONE', #1100, 1000.000000000000000 ) ;
#2182 = ORIENTED_EDGE ( 'NONE', *, *, #2417, .F. ) ;
#2183 = ORIENTED_EDGE ( 'NONE', *, *, #378, .F. ) ;
#2184 = LINE ( 'NONE', #2553, #3142 ) ;
#2185 = CARTESIAN_POINT ( 'NONE',  ( 0.000000000000000000, 6.000000000000000000, -42.50000000000000000 ) ) ;
#2186 = ORIENTED_EDGE ( 'NONE', *, *, #1886, .T. ) ;
#2187 = EDGE_CURVE ( 'NONE', #2974, #1196, #1708, .T. ) ;
#2188 = EDGE_LOOP ( 'NONE', ( #1022, #1651, #2253, #3508 ) ) ;
#2189 = AXIS2_PLACEMENT_3D ( 'NONE', #2919, #2003, #3782 ) ;
#2190 = VERTEX_POINT ( 'NONE', #101 ) ;
#2191 = FACE_OUTER_BOUND ( 'NONE', #1578, .T. ) ;
#2192 = CARTESIAN_POINT ( 'NONE',  ( -4.999999999999997335, 8.000000000000000000, 29.49999999999998934 ) ) ;
#2193 = CARTESIAN_POINT ( 'NONE',  ( -13.49999999999998046, 2.000000000000000000, 44.49999999999999289 ) ) ;
#2194 = ORIENTED_EDGE ( 'NONE', *, *, #2332, .T. ) ;
#2195 = LINE ( 'NONE', #708, #1124 ) ;
#2196 = AXIS2_PLACEMENT_3D ( 'NONE', #3406, #1433, #3426 ) ;
#2197 = DIRECTION ( 'NONE',  ( -1.000000000000000000, -0.000000000000000000, 1.169476500658521966E-16 ) ) ;
#2198 = VECTOR ( 'NONE', #1622, 1000.000000000000000 ) ;
#2199 = ADVANCED_FACE ( 'NONE', ( #676 ), #1273, .F. ) ;
#2200 = VECTOR ( 'NONE', #1798, 1000.000000000000114 ) ;
#2201 = ORIENTED_EDGE ( 'NONE', *, *, #1265, .T. ) ;
#2202 = DIRECTION ( 'NONE',  ( 0.000000000000000000, 0.000000000000000000, 1.000000000000000000 ) ) ;
#2203 = DIRECTION ( 'NONE',  ( 0.7071067811865517916, 0.000000000000000000, 0.7071067811865432429 ) ) ;
#2204 = VERTEX_POINT ( 'NONE', #1782 ) ;
#2205 = CIRCLE ( 'NONE', #1912, 0.5000000000000004441 ) ;
#2206 = ORIENTED_EDGE ( 'NONE', *, *, #1087, .F. ) ;
#2207 = EDGE_CURVE ( 'NONE', #2726, #351, #307, .T. ) ;
#2208 = VERTEX_POINT ( 'NONE', #2980 ) ;
#2209 = AXIS2_PLACEMENT_3D ( 'NONE', #2992, #1541, #984 ) ;
#2210 = LINE ( 'NONE', #1951, #2072 ) ;
#2211 = CARTESIAN_POINT ( 'NONE',  ( 12.00000000000000355, 7.499999999999992895, 41.52072594216367918 ) ) ;
#2212 = CARTESIAN_POINT ( 'NONE',  ( 4.331763378039131140, 8.000000000000000000, -25.50000000000000355 ) ) ;
#2213 = ORIENTED_EDGE ( 'NONE', *, *, #3622, .T. ) ;
#2214 = EDGE_CURVE ( 'NONE', #2704, #873, #2922, .T. ) ;
#2215 = DIRECTION ( 'NONE',  ( -0.2821663239915488397, -0.000000000000000000, 0.9593655015712708733 ) ) ;
#2216 = CARTESIAN_POINT ( 'NONE',  ( 5.000000000000000888, 6.000000000000000000, 44.49999999999999289 ) ) ;
#2217 = FACE_OUTER_BOUND ( 'NONE', #1069, .T. ) ;
#2218 = CARTESIAN_POINT ( 'NONE',  ( 5.000000000000000888, 2.000000000000000000, 44.49999999999999289 ) ) ;
#2219 = CARTESIAN_POINT ( 'NONE',  ( -1.348886878754494090, 8.000000000000000000, 14.85821990243216462 ) ) ;
#2220 = CARTESIAN_POINT ( 'NONE',  ( 15.00000000000000355, 6.499999999999999112, 42.49999999999998579 ) ) ;
#2221 = ORIENTED_EDGE ( 'NONE', *, *, #1164, .T. ) ;
#2222 = DIRECTION ( 'NONE',  ( 0.000000000000000000, 1.000000000000000000, -0.000000000000000000 ) ) ;
#2223 = DIRECTION ( 'NONE',  ( 1.000000000000000000, -0.000000000000000000, -1.169476500658521966E-16 ) ) ;
#2224 = EDGE_LOOP ( 'NONE', ( #2982, #3463, #3073, #179 ) ) ;
#2225 = ADVANCED_FACE ( 'NONE', ( #27, #1532 ), #2690, .F. ) ;
#2226 = ORIENTED_EDGE ( 'NONE', *, *, #50, .F. ) ;
#2227 = VERTEX_POINT ( 'NONE', #1494 ) ;
#2228 = DIRECTION ( 'NONE',  ( -1.000000000000000000, 0.000000000000000000, 1.169476500658521966E-16 ) ) ;
#2229 = FACE_OUTER_BOUND ( 'NONE', #3193, .T. ) ;
#2230 = DIRECTION ( 'NONE',  ( -1.169476500658521966E-16, 0.000000000000000000, -1.000000000000000000 ) ) ;
#2231 = ORIENTED_EDGE ( 'NONE', *, *, #2681, .T. ) ;
#2232 = EDGE_CURVE ( 'NONE', #3245, #2079, #2652, .T. ) ;
#2233 = EDGE_CURVE ( 'NONE', #3786, #3725, #161, .T. ) ;
#2234 = DIRECTION ( 'NONE',  ( 0.7071067811865522357, 0.000000000000000000, 0.7071067811865429098 ) ) ;
#2235 = CARTESIAN_POINT ( 'NONE',  ( 14.99999999999999289, 6.000000000000000000, -44.50000000000000711 ) ) ;
#2236 = EDGE_CURVE ( 'NONE', #1612, #2574, #3106, .T. ) ;
#2237 = DIRECTION ( 'NONE',  ( -1.000000000000000000, -0.000000000000000000, -1.445602896647338917E-16 ) ) ;
#2238 = CIRCLE ( 'NONE', #3150, 2.000000000000001776 ) ;
#2239 = ORIENTED_EDGE ( 'NONE', *, *, #887, .T. ) ;
#2240 = CARTESIAN_POINT ( 'NONE',  ( -15.00000000000000000, 3.999999999999997335, 7.399999999999995026 ) ) ;
#2241 = LINE ( 'NONE', #3326, #3116 ) ;
#2242 = ORIENTED_EDGE ( 'NONE', *, *, #1028, .F. ) ;
#2243 = ORIENTED_EDGE ( 'NONE', *, *, #3645, .F. ) ;
#2244 = ORIENTED_EDGE ( 'NONE', *, *, #799, .T. ) ;
#2245 = CARTESIAN_POINT ( 'NONE',  ( 5.000000000000002665, 5.000000000000000000, 29.49999999999998934 ) ) ;
#2246 = DIRECTION ( 'NONE',  ( -0.000000000000000000, -1.000000000000000000, -0.000000000000000000 ) ) ;
#2247 = LINE ( 'NONE', #3692, #187 ) ;
#2248 = ORIENTED_EDGE ( 'NONE', *, *, #2987, .T. ) ;
#2249 = EDGE_CURVE ( 'NONE', #3078, #420, #1932, .T. ) ;
#2250 = CARTESIAN_POINT ( 'NONE',  ( -13.49999999999998046, 0.000000000000000000, 42.49999999999998579 ) ) ;
#2251 = CIRCLE ( 'NONE', #1045, 0.5000000000000000000 ) ;
#2252 = DIRECTION ( 'NONE',  ( -1.169476500658521966E-16, 0.000000000000000000, -1.000000000000000000 ) ) ;
#2253 = ORIENTED_EDGE ( 'NONE', *, *, #2459, .F. ) ;
#2254 = EDGE_CURVE ( 'NONE', #2803, #1691, #2786, .T. ) ;
#2255 = CYLINDRICAL_SURFACE ( 'NONE', #345, 0.5000000000000004441 ) ;
#2256 = CIRCLE ( 'NONE', #3665, 2.250000000000001776 ) ;
#2257 = LINE ( 'NONE', #2220, #3064 ) ;
#2258 = VECTOR ( 'NONE', #485, 1000.000000000000000 ) ;
#2259 = VERTEX_POINT ( 'NONE', #1140 ) ;
#2260 = CARTESIAN_POINT ( 'NONE',  ( -20.00000000000000000, 8.000000000000000000, -2.378679656440412238 ) ) ;
#2261 = ORIENTED_EDGE ( 'NONE', *, *, #919, .F. ) ;
#2262 = ADVANCED_FACE ( 'NONE', ( #793, #1725 ), #573, .F. ) ;
#2263 = VECTOR ( 'NONE', #1461, 1000.000000000000000 ) ;
#2264 = ORIENTED_EDGE ( 'NONE', *, *, #642, .T. ) ;
#2265 = ORIENTED_EDGE ( 'NONE', *, *, #1079, .T. ) ;
#2266 = UNCERTAINTY_MEASURE_WITH_UNIT (LENGTH_MEASURE( 1.000000000000000082E-05 ), #1642, 'distance_accuracy_value', 'NONE');
#2267 = VECTOR ( 'NONE', #218, 1000.000000000000000 ) ;
#2268 = CARTESIAN_POINT ( 'NONE',  ( -0.2260327702518971638, 0.000000000000000000, -8.654964958386587526 ) ) ;
#2269 = CARTESIAN_POINT ( 'NONE',  ( 0.000000000000000000, 8.000000000000000000, 0.000000000000000000 ) ) ;
#2270 = AXIS2_PLACEMENT_3D ( 'NONE', #3478, #3460, #1739 ) ;
#2271 = CARTESIAN_POINT ( 'NONE',  ( 12.00000000000000000, 4.000000000000001776, 35.45854811567260612 ) ) ;
#2272 = EDGE_LOOP ( 'NONE', ( #3707, #3428, #1373, #407 ) ) ;
#2273 = DIRECTION ( 'NONE',  ( 1.169476500658521966E-16, 0.000000000000000000, 1.000000000000000000 ) ) ;
#2274 = CARTESIAN_POINT ( 'NONE',  ( 9.062093321442366900, 0.000000000000000000, 17.49102550957692515 ) ) ;
#2275 = ORIENTED_EDGE ( 'NONE', *, *, #1626, .F. ) ;
#2276 = CARTESIAN_POINT ( 'NONE',  ( 14.99999999999999289, 6.000000000000000000, -43.00000000000000000 ) ) ;
#2277 = DIRECTION ( 'NONE',  ( -1.000000000000000000, 0.000000000000000000, 0.000000000000000000 ) ) ;
#2278 = CARTESIAN_POINT ( 'NONE',  ( -5.538297089181069666, 0.000000000000000000, 10.33021010321577648 ) ) ;
#2279 = EDGE_CURVE ( 'NONE', #1339, #3100, #1115, .T. ) ;
#2280 = ORIENTED_EDGE ( 'NONE', *, *, #1038, .F. ) ;
#2281 = DIRECTION ( 'NONE',  ( 0.000000000000000000, 0.000000000000000000, -1.000000000000000000 ) ) ;
#2282 = EDGE_LOOP ( 'NONE', ( #3486, #2495, #580, #264, #2062, #2239, #299, #3582, #995 ) ) ;
#2283 = EDGE_CURVE ( 'NONE', #854, #1862, #3111, .T. ) ;
#2284 = ORIENTED_EDGE ( 'NONE', *, *, #2349, .T. ) ;
#2285 = EDGE_CURVE ( 'NONE', #654, #3706, #53, .T. ) ;
#2286 = DIRECTION ( 'NONE',  ( 1.000000000000000000, -0.000000000000000000, -0.000000000000000000 ) ) ;
#2287 = CARTESIAN_POINT ( 'NONE',  ( -15.00000000000000000, 3.999999999999997335, 5.499999999999995559 ) ) ;
#2288 = EDGE_LOOP ( 'NONE', ( #1871, #2792, #3392, #2498, #1208 ) ) ;
#2289 = CARTESIAN_POINT ( 'NONE',  ( 15.00000000000000355, 1.500000000000001110, 42.49999999999998579 ) ) ;
#2290 = FACE_OUTER_BOUND ( 'NONE', #2720, .T. ) ;
#2291 = ORIENTED_EDGE ( 'NONE', *, *, #3571, .T. ) ;
#2292 = CARTESIAN_POINT ( 'NONE',  ( 4.089506800367041173, 0.000000000000000000, -3.632318606581162790 ) ) ;
#2293 = AXIS2_PLACEMENT_3D ( 'NONE', #158, #1946, #1630 ) ;
#2294 = CARTESIAN_POINT ( 'NONE',  ( 9.500000000000001776, 8.000000000000000000, -6.707106781186791267 ) ) ;
#2295 = DIRECTION ( 'NONE',  ( -0.7071067811865432429, -3.066586833366766026E-16, 0.7071067811865517916 ) ) ;
#2296 = AXIS2_PLACEMENT_3D ( 'NONE', #3355, #2304, #3767 ) ;
#2297 = EDGE_LOOP ( 'NONE', ( #2732, #2905, #2506, #1750 ) ) ;
#2298 = DIRECTION ( 'NONE',  ( 0.000000000000000000, 0.000000000000000000, 1.000000000000000000 ) ) ;
#2299 = MANIFOLD_SOLID_BREP ( 'Cut-Extrude5', #1539 ) ;
#2300 = ORIENTED_EDGE ( 'NONE', *, *, #957, .T. ) ;
#2301 = CIRCLE ( 'NONE', #1563, 0.5000000000000004441 ) ;
#2302 = ORIENTED_EDGE ( 'NONE', *, *, #3764, .T. ) ;
#2303 = CARTESIAN_POINT ( 'NONE',  ( 6.017979839966705491, 8.000000000000000000, -10.18912694122004226 ) ) ;
#2304 = DIRECTION ( 'NONE',  ( 1.000000000000000000, 0.000000000000000000, 0.000000000000000000 ) ) ;
#2305 = ADVANCED_FACE ( 'NONE', ( #34 ), #3132, .F. ) ;
#2306 = EDGE_CURVE ( 'NONE', #1121, #3599, #2662, .T. ) ;
#2307 = ORIENTED_EDGE ( 'NONE', *, *, #3182, .F. ) ;
#2308 = ADVANCED_FACE ( 'NONE', ( #1186 ), #3270, .T. ) ;
#2309 = CARTESIAN_POINT ( 'NONE',  ( -12.43933982822016837, 8.000000000000000000, 20.93933982822013462 ) ) ;
#2310 = ADVANCED_FACE ( 'NONE', ( #51 ), #3557, .F. ) ;
#2311 = DIRECTION ( 'NONE',  ( 0.000000000000000000, 0.000000000000000000, 1.000000000000000000 ) ) ;
#2312 = ORIENTED_EDGE ( 'NONE', *, *, #3787, .T. ) ;
#2313 = VECTOR ( 'NONE', #3157, 1000.000000000000000 ) ;
#2314 = CARTESIAN_POINT ( 'NONE',  ( 12.00000000000000355, 0.5000000000000016653, 37.47927405783629240 ) ) ;
#2315 = DIRECTION ( 'NONE',  ( -1.000000000000000000, -0.000000000000000000, 0.000000000000000000 ) ) ;
#2316 = FILL_AREA_STYLE_COLOUR ( '', #1771 ) ;
#2317 = EDGE_LOOP ( 'NONE', ( #626, #3683, #1407, #3491 ) ) ;
#2318 = AXIS2_PLACEMENT_3D ( 'NONE', #3670, #489, #3652 ) ;
#2319 = DIRECTION ( 'NONE',  ( -1.000000000000000000, 0.000000000000000000, 0.000000000000000000 ) ) ;
#2320 = EDGE_CURVE ( 'NONE', #1675, #413, #2932, .T. ) ;
#2321 = AXIS2_PLACEMENT_3D ( 'NONE', #1768, #994, #3262 ) ;
#2322 = EDGE_LOOP ( 'NONE', ( #3303, #2432, #3523, #3738 ) ) ;
#2323 = CARTESIAN_POINT ( 'NONE',  ( 14.99999999999999289, 8.000000000000000000, -44.50000000000000711 ) ) ;
#2324 = AXIS2_PLACEMENT_3D ( 'NONE', #2599, #3770, #2796 ) ;
#2325 = DIRECTION ( 'NONE',  ( -0.000000000000000000, -1.000000000000000000, -0.000000000000000000 ) ) ;
#2326 = EDGE_CURVE ( 'NONE', #3761, #1799, #237, .T. ) ;
#2327 = VERTEX_POINT ( 'NONE', #2048 ) ;
#2328 = VECTOR ( 'NONE', #22, 1000.000000000000000 ) ;
#2329 = CONICAL_SURFACE ( 'NONE', #2520, 0.5000000000000004441, 0.7853981633974482790 ) ;
#2330 = DIRECTION ( 'NONE',  ( -1.000000000000000000, 0.000000000000000000, 0.000000000000000000 ) ) ;
#2331 = ORIENTED_EDGE ( 'NONE', *, *, #1553, .T. ) ;
#2332 = EDGE_CURVE ( 'NONE', #3661, #3546, #2682, .T. ) ;
#2333 = DIRECTION ( 'NONE',  ( -1.000000000000000000, 0.000000000000000000, 0.000000000000000000 ) ) ;
#2334 = CARTESIAN_POINT ( 'NONE',  ( 9.915646712035638188, 0.000000000000000000, 18.34457890017018755 ) ) ;
#2335 = VERTEX_POINT ( 'NONE', #3576 ) ;
#2336 = DIRECTION ( 'NONE',  ( 0.7071067811865479058, 0.7071067811865471286, 0.000000000000000000 ) ) ;
#2337 = CARTESIAN_POINT ( 'NONE',  ( 14.45854811567263098, 4.000000000000009770, 43.54145188432736546 ) ) ;
#2338 = VERTEX_POINT ( 'NONE', #3254 ) ;
#2339 = EDGE_CURVE ( 'NONE', #2045, #3706, #2118, .T. ) ;
#2340 = DIRECTION ( 'NONE',  ( 0.000000000000000000, 1.000000000000000000, 0.000000000000000000 ) ) ;
#2341 = CARTESIAN_POINT ( 'NONE',  ( 5.000000000000002665, 6.000000000000000000, -42.50000000000000000 ) ) ;
#2342 = ORIENTED_EDGE ( 'NONE', *, *, #3764, .F. ) ;
#2343 = FACE_OUTER_BOUND ( 'NONE', #1785, .T. ) ;
#2344 = EDGE_LOOP ( 'NONE', ( #1093, #2499, #913, #1290, #1032, #2844, #1546, #2302 ) ) ;
#2345 = CARTESIAN_POINT ( 'NONE',  ( -15.00000000000000711, 8.000000000000000000, -44.50000000000000711 ) ) ;
#2346 = CARTESIAN_POINT ( 'NONE',  ( 6.017979839966705491, 0.000000000000000000, -10.18912694122004226 ) ) ;
#2347 = CARTESIAN_POINT ( 'NONE',  ( -5.454545454545459471, 0.000000000000000000, 10.04545454545469774 ) ) ;
#2348 = EDGE_CURVE ( 'NONE', #3417, #465, #733, .T. ) ;
#2349 = EDGE_CURVE ( 'NONE', #2597, #2708, #3201, .T. ) ;
#2350 = CARTESIAN_POINT ( 'NONE',  ( -6.427466833683673997, -19.92746683368367400, 29.72692246687422823 ) ) ;
#2351 = EDGE_LOOP ( 'NONE', ( #1783, #227, #1934, #2908, #2000, #1488, #1614 ) ) ;
#2352 = FACE_OUTER_BOUND ( 'NONE', #3099, .T. ) ;
#2353 = ORIENTED_EDGE ( 'NONE', *, *, #524, .T. ) ;
#2354 = CARTESIAN_POINT ( 'NONE',  ( -9.500000000000005329, 8.000000000000000000, -17.22182540694803166 ) ) ;
#2355 = CARTESIAN_POINT ( 'NONE',  ( -10.00000000000000000, 0.000000000000000000, 22.02799548533325691 ) ) ;
#2356 = ORIENTED_EDGE ( 'NONE', *, *, #191, .T. ) ;
#2357 = CARTESIAN_POINT ( 'NONE',  ( 9.146446609406730488, 0.000000000000000000, -6.353553390593515537 ) ) ;
#2358 = VECTOR ( 'NONE', #207, 1000.000000000000000 ) ;
#2359 = EDGE_CURVE ( 'NONE', #3012, #3311, #2733, .T. ) ;
#2360 = DIRECTION ( 'NONE',  ( -0.000000000000000000, 1.000000000000000000, 0.000000000000000000 ) ) ;
#2361 = EDGE_LOOP ( 'NONE', ( #953, #1426, #856, #1416 ) ) ;
#2362 = DIRECTION ( 'NONE',  ( 1.000000000000000000, 0.000000000000000000, -1.169476500658521966E-16 ) ) ;
#2363 = CARTESIAN_POINT ( 'NONE',  ( -10.00000000000000000, 8.000000000000000000, 22.02799548533325691 ) ) ;
#2364 = DIRECTION ( 'NONE',  ( -1.000000000000000000, -0.000000000000000000, -1.084202172485504434E-16 ) ) ;
#2365 = ORIENTED_EDGE ( 'NONE', *, *, #1148, .F. ) ;
#2366 = CIRCLE ( 'NONE', #2439, 2.250000000000001776 ) ;
#2367 = LINE ( 'NONE', #3537, #810 ) ;
#2368 = ORIENTED_EDGE ( 'NONE', *, *, #3014, .F. ) ;
#2369 = CIRCLE ( 'NONE', #603, 0.5000000000000004441 ) ;
#2370 = EDGE_CURVE ( 'NONE', #2703, #684, #2970, .T. ) ;
#2371 = DIRECTION ( 'NONE',  ( 0.000000000000000000, -1.000000000000000000, 0.000000000000000000 ) ) ;
#2372 = VECTOR ( 'NONE', #3308, 1000.000000000000000 ) ;
#2373 = DIRECTION ( 'NONE',  ( 0.000000000000000000, 0.000000000000000000, -1.000000000000000000 ) ) ;
#2374 = VERTEX_POINT ( 'NONE', #593 ) ;
#2375 = ORIENTED_EDGE ( 'NONE', *, *, #385, .T. ) ;
#2376 = VECTOR ( 'NONE', #1791, 1000.000000000000000 ) ;
#2377 = CARTESIAN_POINT ( 'NONE',  ( 4.999999999999999112, 4.000000000000000000, 39.49999999999999289 ) ) ;
#2378 = DIRECTION ( 'NONE',  ( -1.000000000000000000, 0.000000000000000000, 0.000000000000000000 ) ) ;
#2379 = DIRECTION ( 'NONE',  ( 0.000000000000000000, 0.000000000000000000, 1.000000000000000000 ) ) ;
#2380 = ORIENTED_EDGE ( 'NONE', *, *, #437, .T. ) ;
#2381 = AXIS2_PLACEMENT_3D ( 'NONE', #1535, #3589, #3608 ) ;
#2382 = FACE_OUTER_BOUND ( 'NONE', #2037, .T. ) ;
#2383 = CARTESIAN_POINT ( 'NONE',  ( -13.50000000000000000, 8.000000000000000000, 1.578793275889004593E-15 ) ) ;
#2384 = VECTOR ( 'NONE', #1051, 1000.000000000000000 ) ;
#2385 = VERTEX_POINT ( 'NONE', #283 ) ;
#2386 = EDGE_CURVE ( 'NONE', #384, #1816, #1795, .T. ) ;
#2387 = AXIS2_PLACEMENT_3D ( 'NONE', #2469, #458, #3695 ) ;
#2388 = ORIENTED_EDGE ( 'NONE', *, *, #1481, .T. ) ;
#2389 = DIRECTION ( 'NONE',  ( 1.000000000000000000, -0.000000000000000000, -1.169476500658521966E-16 ) ) ;
#2390 = EDGE_CURVE ( 'NONE', #1939, #144, #315, .T. ) ;
#2391 = LINE ( 'NONE', #2090, #1387 ) ;
#2392 = CARTESIAN_POINT ( 'NONE',  ( -14.99999999999999645, 1.500000000000013545, 42.49999999999998579 ) ) ;
#2393 = ADVANCED_FACE ( 'NONE', ( #2406 ), #1451, .F. ) ;
#2394 = ORIENTED_EDGE ( 'NONE', *, *, #3452, .T. ) ;
#2395 = ORIENTED_EDGE ( 'NONE', *, *, #1502, .F. ) ;
#2396 = CARTESIAN_POINT ( 'NONE',  ( -13.50000000000000178, 8.000000000000000000, -9.499999999999959144 ) ) ;
#2397 = EDGE_CURVE ( 'NONE', #1904, #2327, #2859, .T. ) ;
#2398 = AXIS2_PLACEMENT_3D ( 'NONE', #3091, #1648, #1347 ) ;
#2399 = LINE ( 'NONE', #3287, #3427 ) ;
#2400 = FACE_OUTER_BOUND ( 'NONE', #2322, .T. ) ;
#2401 = VECTOR ( 'NONE', #1660, 1000.000000000000114 ) ;
#2402 = ORIENTED_EDGE ( 'NONE', *, *, #3244, .T. ) ;
#2403 = PLANE ( 'NONE',  #602 ) ;
#2404 = CYLINDRICAL_SURFACE ( 'NONE', #2209, 0.5000000000000004441 ) ;
#2405 = ADVANCED_FACE ( 'NONE', ( #3216 ), #609, .F. ) ;
#2406 = FACE_OUTER_BOUND ( 'NONE', #3013, .T. ) ;
#2407 = ORIENTED_EDGE ( 'NONE', *, *, #33, .T. ) ;
#2408 = AXIS2_PLACEMENT_3D ( 'NONE', #211, #2517, #1671 ) ;
#2409 = ORIENTED_EDGE ( 'NONE', *, *, #789, .F. ) ;
#2410 = LINE ( 'NONE', #1291, #3691 ) ;
#2411 = DIRECTION ( 'NONE',  ( 0.000000000000000000, 0.000000000000000000, 1.000000000000000000 ) ) ;
#2412 = VERTEX_POINT ( 'NONE', #1286 ) ;
#2413 = FACE_OUTER_BOUND ( 'NONE', #1593, .T. ) ;
#2414 = CYLINDRICAL_SURFACE ( 'NONE', #1348, 0.5000000000000004441 ) ;
#2415 = EDGE_CURVE ( 'NONE', #413, #1296, #1896, .T. ) ;
#2416 = VERTEX_POINT ( 'NONE', #1044 ) ;
#2417 = EDGE_CURVE ( 'NONE', #1613, #2084, #1048, .T. ) ;
#2418 = EDGE_CURVE ( 'NONE', #584, #1304, #3679, .T. ) ;
#2419 = ORIENTED_EDGE ( 'NONE', *, *, #137, .F. ) ;
#2420 = DIRECTION ( 'NONE',  ( 1.000000000000000000, -0.000000000000000000, -1.084202172485504557E-16 ) ) ;
#2421 = FACE_OUTER_BOUND ( 'NONE', #3052, .T. ) ;
#2422 = EDGE_CURVE ( 'NONE', #3036, #1862, #440, .T. ) ;
#2423 = CARTESIAN_POINT ( 'NONE',  ( -4.999999999999997335, 8.000000000000000000, 44.49999999999999289 ) ) ;
#2424 = CARTESIAN_POINT ( 'NONE',  ( 10.00000000000000178, 0.000000000000000000, 25.49999999999998934 ) ) ;
#2425 = ORIENTED_EDGE ( 'NONE', *, *, #935, .T. ) ;
#2426 = CARTESIAN_POINT ( 'NONE',  ( 0.000000000000000000, 0.000000000000000000, -42.50000000000000000 ) ) ;
#2427 = EDGE_CURVE ( 'NONE', #2335, #2621, #151, .T. ) ;
#2428 = DIRECTION ( 'NONE',  ( 1.169476500658521966E-16, 0.000000000000000000, 1.000000000000000000 ) ) ;
#2429 = LINE ( 'NONE', #2776, #1833 ) ;
#2430 = ORIENTED_EDGE ( 'NONE', *, *, #544, .F. ) ;
#2431 = DIRECTION ( 'NONE',  ( 1.000000000000000000, 0.000000000000000000, 0.000000000000000000 ) ) ;
#2432 = ORIENTED_EDGE ( 'NONE', *, *, #3762, .T. ) ;
#2433 = CARTESIAN_POINT ( 'NONE',  ( 12.00000000000000355, 0.5000000000000016653, 37.47927405783629240 ) ) ;
#2434 = CARTESIAN_POINT ( 'NONE',  ( 15.00000000000000533, 4.937822173508937595, 42.99999999999998579 ) ) ;
#2435 = ORIENTED_EDGE ( 'NONE', *, *, #3207, .F. ) ;
#2436 = EDGE_CURVE ( 'NONE', #2974, #584, #2470, .T. ) ;
#2437 = CARTESIAN_POINT ( 'NONE',  ( 0.2260327702518966642, 8.000000000000000000, 8.654964958386553775 ) ) ;
#2438 = DIRECTION ( 'NONE',  ( -1.000000000000000000, 0.000000000000000000, -0.000000000000000000 ) ) ;
#2439 = AXIS2_PLACEMENT_3D ( 'NONE', #585, #2640, #325 ) ;
#2440 = ORIENTED_EDGE ( 'NONE', *, *, #1920, .T. ) ;
#2441 = PLANE ( 'NONE',  #2856 ) ;
#2442 = AXIS2_PLACEMENT_3D ( 'NONE', #3101, #2811, #1039 ) ;
#2443 = PLANE ( 'NONE',  #2381 ) ;
#2444 = DIRECTION ( 'NONE',  ( 0.7071067811865475727, 0.7071067811865475727, -8.269447640539548005E-17 ) ) ;
#2445 = CARTESIAN_POINT ( 'NONE',  ( 9.915646712035636412, 8.000000000000000000, 1.693821305087370277 ) ) ;
#2446 = EDGE_LOOP ( 'NONE', ( #2669, #2407, #3338, #444 ) ) ;
#2447 = VECTOR ( 'NONE', #3776, 1000.000000000000000 ) ;
#2448 = DIRECTION ( 'NONE',  ( 1.000000000000000000, -0.000000000000000000, 0.000000000000000000 ) ) ;
#2449 = AXIS2_PLACEMENT_3D ( 'NONE', #2044, #1240, #1181 ) ;
#2450 = CYLINDRICAL_SURFACE ( 'NONE', #124, 0.5000000000000004441 ) ;
#2451 = EDGE_CURVE ( 'NONE', #2639, #612, #862, .T. ) ;
#2452 = AXIS2_PLACEMENT_3D ( 'NONE', #235, #3674, #512 ) ;
#2453 = EDGE_CURVE ( 'NONE', #1993, #1949, #239, .T. ) ;
#2454 = VECTOR ( 'NONE', #2784, 1000.000000000000114 ) ;
#2455 = ORIENTED_EDGE ( 'NONE', *, *, #1694, .F. ) ;
#2456 = VECTOR ( 'NONE', #2951, 1000.000000000000000 ) ;
#2457 = CARTESIAN_POINT ( 'NONE',  ( -10.00000000000000178, 8.000000000000000000, 5.500000000000205169 ) ) ;
#2458 = ORIENTED_EDGE ( 'NONE', *, *, #2946, .F. ) ;
#2459 = EDGE_CURVE ( 'NONE', #3034, #74, #2799, .T. ) ;
#2460 = ORIENTED_EDGE ( 'NONE', *, *, #353, .T. ) ;
#2461 = ORIENTED_EDGE ( 'NONE', *, *, #1326, .T. ) ;
#2462 = PLANE ( 'NONE',  #486 ) ;
#2463 = FACE_OUTER_BOUND ( 'NONE', #3780, .T. ) ;
#2464 = LINE ( 'NONE', #3336, #1463 ) ;
#2465 = EDGE_LOOP ( 'NONE', ( #946, #2826, #2483, #3285 ) ) ;
#2466 = EDGE_CURVE ( 'NONE', #327, #2066, #1604, .T. ) ;
#2467 = VECTOR ( 'NONE', #2333, 1000.000000000000000 ) ;
#2468 = CARTESIAN_POINT ( 'NONE',  ( 12.00000000000000355, 7.499999999999992006, 37.47927405783629240 ) ) ;
#2469 = CARTESIAN_POINT ( 'NONE',  ( 15.00000000000000355, 6.000000000000000000, 42.49999999999998579 ) ) ;
#2470 = LINE ( 'NONE', #1875, #352 ) ;
#2471 = EDGE_CURVE ( 'NONE', #2006, #1163, #751, .T. ) ;
#2472 = ADVANCED_FACE ( 'NONE', ( #2993 ), #1521, .T. ) ;
#2473 = FACE_OUTER_BOUND ( 'NONE', #2465, .T. ) ;
#2474 = DIRECTION ( 'NONE',  ( 0.000000000000000000, 0.000000000000000000, -1.000000000000000000 ) ) ;
#2475 = EDGE_CURVE ( 'NONE', #465, #1568, #1923, .T. ) ;
#2476 = EDGE_CURVE ( 'NONE', #2327, #1586, #2429, .T. ) ;
#2477 = AXIS2_PLACEMENT_3D ( 'NONE', #1040, #432, #721 ) ;
#2478 = VERTEX_POINT ( 'NONE', #1325 ) ;
#2479 = ORIENTED_EDGE ( 'NONE', *, *, #2945, .T. ) ;
#2480 = DIRECTION ( 'NONE',  ( 0.000000000000000000, 0.000000000000000000, 1.000000000000000000 ) ) ;
#2481 = LINE ( 'NONE', #3647, #3743 ) ;
#2482 = ORIENTED_EDGE ( 'NONE', *, *, #1784, .F. ) ;
#2483 = ORIENTED_EDGE ( 'NONE', *, *, #867, .F. ) ;
#2484 = ORIENTED_EDGE ( 'NONE', *, *, #2233, .F. ) ;
#2485 = DIRECTION ( 'NONE',  ( 0.000000000000000000, 1.000000000000000000, -0.000000000000000000 ) ) ;
#2486 = DIRECTION ( 'NONE',  ( 0.000000000000000000, 1.000000000000000000, 0.000000000000000000 ) ) ;
#2487 = DIRECTION ( 'NONE',  ( 0.2821663239915491728, -0.000000000000000000, -0.9593655015712707623 ) ) ;
#2488 = ORIENTED_EDGE ( 'NONE', *, *, #3060, .F. ) ;
#2489 = DIRECTION ( 'NONE',  ( 0.000000000000000000, 1.000000000000000000, 0.000000000000000000 ) ) ;
#2490 = LINE ( 'NONE', #985, #1772 ) ;
#2491 = CARTESIAN_POINT ( 'NONE',  ( 13.49999999999999112, 8.000000000000000000, -44.50000000000000711 ) ) ;
#2492 = VECTOR ( 'NONE', #2759, 1000.000000000000000 ) ;
#2493 = VECTOR ( 'NONE', #1924, 1000.000000000000000 ) ;
#2494 = ORIENTED_EDGE ( 'NONE', *, *, #2415, .F. ) ;
#2495 = ORIENTED_EDGE ( 'NONE', *, *, #2236, .T. ) ;
#2496 = LINE ( 'NONE', #501, #391 ) ;
#2497 = DIRECTION ( 'NONE',  ( 1.000000000000000000, -0.000000000000000000, 1.084202172485504557E-16 ) ) ;
#2498 = ORIENTED_EDGE ( 'NONE', *, *, #2249, .T. ) ;
#2499 = ORIENTED_EDGE ( 'NONE', *, *, #1545, .T. ) ;
#2500 = ORIENTED_EDGE ( 'NONE', *, *, #1228, .F. ) ;
#2501 = EDGE_CURVE ( 'NONE', #3008, #420, #2490, .T. ) ;
#2502 = VECTOR ( 'NONE', #414, 1000.000000000000000 ) ;
#2503 = CARTESIAN_POINT ( 'NONE',  ( -0.2260327702518970805, 8.000000000000000000, -8.654964958386587526 ) ) ;
#2504 = CARTESIAN_POINT ( 'NONE',  ( -14.99999999999999645, 6.000000000000000000, 42.49999999999998579 ) ) ;
#2505 = CARTESIAN_POINT ( 'NONE',  ( 4.999999999999993783, 0.000000000000000000, -25.50000000000000355 ) ) ;
#2506 = ORIENTED_EDGE ( 'NONE', *, *, #1106, .T. ) ;
#2507 = VECTOR ( 'NONE', #164, 1000.000000000000114 ) ;
#2508 = LINE ( 'NONE', #1063, #1527 ) ;
#2509 = VECTOR ( 'NONE', #1844, 1000.000000000000000 ) ;
#2510 = CARTESIAN_POINT ( 'NONE',  ( -14.99999999999999645, 6.000000000000000000, 42.49999999999998579 ) ) ;
#2511 = DIRECTION ( 'NONE',  ( 0.000000000000000000, -1.000000000000000000, 0.000000000000000000 ) ) ;
#2512 = LINE ( 'NONE', #2163, #542 ) ;
#2513 = AXIS2_PLACEMENT_3D ( 'NONE', #1773, #2096, #291 ) ;
#2514 = DIRECTION ( 'NONE',  ( -1.000000000000000000, -2.846556599890768179E-32, 8.584654849926631488E-16 ) ) ;
#2515 = VECTOR ( 'NONE', #2487, 1000.000000000000227 ) ;
#2516 = EDGE_LOOP ( 'NONE', ( #1227, #223, #2659, #1910 ) ) ;
#2517 = DIRECTION ( 'NONE',  ( 0.000000000000000000, 1.000000000000000000, 0.000000000000000000 ) ) ;
#2518 = CARTESIAN_POINT ( 'NONE',  ( 0.01615177542392174509, 0.000000000000000000, 8.445083963558580820 ) ) ;
#2519 = EDGE_LOOP ( 'NONE', ( #613, #3329, #1836, #186, #1945, #93 ) ) ;
#2520 = AXIS2_PLACEMENT_3D ( 'NONE', #1530, #1253, #2411 ) ;
#2521 = EDGE_LOOP ( 'NONE', ( #1336, #2840, #2307, #1907 ) ) ;
#2522 = ORIENTED_EDGE ( 'NONE', *, *, #1988, .F. ) ;
#2523 = VECTOR ( 'NONE', #439, 1000.000000000000000 ) ;
#2524 = FACE_OUTER_BOUND ( 'NONE', #1730, .T. ) ;
#2525 = EDGE_CURVE ( 'NONE', #1196, #517, #3319, .T. ) ;
#2526 = LINE ( 'NONE', #2212, #2267 ) ;
#2527 = ORIENTED_EDGE ( 'NONE', *, *, #3093, .F. ) ;
#2528 = CARTESIAN_POINT ( 'NONE',  ( -8.792893218813448541, 0.000000000000000000, -25.50000000000000000 ) ) ;
#2529 = DIRECTION ( 'NONE',  ( 0.7071067811865512365, 0.000000000000000000, 0.7071067811865439090 ) ) ;
#2530 = AXIS2_PLACEMENT_3D ( 'NONE', #1625, #2514, #1068 ) ;
#2531 = CARTESIAN_POINT ( 'NONE',  ( 5.000000000000000888, 6.000000000000000000, 44.49999999999999289 ) ) ;
#2532 = VECTOR ( 'NONE', #1561, 1000.000000000000000 ) ;
#2533 = LINE ( 'NONE', #189, #3239 ) ;
#2534 = VERTEX_POINT ( 'NONE', #3295 ) ;
#2535 = DIRECTION ( 'NONE',  ( -1.000000000000000000, -0.000000000000000000, -1.084202172485504434E-16 ) ) ;
#2536 = CYLINDRICAL_SURFACE ( 'NONE', #997, 2.000000000000001776 ) ;
#2537 = EDGE_LOOP ( 'NONE', ( #279, #2630, #3125, #2832 ) ) ;
#2538 = ADVANCED_FACE ( 'NONE', ( #2719 ), #2450, .F. ) ;
#2539 = VECTOR ( 'NONE', #421, 1000.000000000000000 ) ;
#2540 = ORIENTED_EDGE ( 'NONE', *, *, #2032, .T. ) ;
#2541 = EDGE_LOOP ( 'NONE', ( #929, #469, #739, #2965 ) ) ;
#2542 = CYLINDRICAL_SURFACE ( 'NONE', #3278, 0.5000000000000004441 ) ;
#2543 = FACE_BOUND ( 'NONE', #2351, .T. ) ;
#2544 = AXIS2_PLACEMENT_3D ( 'NONE', #1551, #1233, #2438 ) ;
#2545 = DIRECTION ( 'NONE',  ( 0.000000000000000000, 0.000000000000000000, -1.000000000000000000 ) ) ;
#2546 = ORIENTED_EDGE ( 'NONE', *, *, #689, .F. ) ;
#2547 = CARTESIAN_POINT ( 'NONE',  ( 4.089506800367041173, 8.000000000000000000, -3.632318606581162790 ) ) ;
#2548 = CIRCLE ( 'NONE', #3257, 0.5000000000000004441 ) ;
#2549 = CARTESIAN_POINT ( 'NONE',  ( -14.99999999999999645, 2.000000000000000000, 42.49999999999998579 ) ) ;
#2550 = EDGE_CURVE ( 'NONE', #918, #3256, #2161, .T. ) ;
#2551 = DIRECTION ( 'NONE',  ( -0.000000000000000000, -1.000000000000000000, -0.000000000000000000 ) ) ;
#2552 = ORIENTED_EDGE ( 'NONE', *, *, #3207, .T. ) ;
#2553 = CARTESIAN_POINT ( 'NONE',  ( -9.500000000000001776, 0.000000000000000000, 6.207106781186744193 ) ) ;
#2554 = DIRECTION ( 'NONE',  ( -1.734723475976805517E-15, 0.000000000000000000, 1.000000000000000000 ) ) ;
#2555 = EDGE_LOOP ( 'NONE', ( #781, #2425, #699, #139, #3625, #541, #1443, #2244, #3129, #2101, #1566, #761, #3753, #2356, #3306, #3527 ) ) ;
#2556 = ORIENTED_EDGE ( 'NONE', *, *, #2760, .T. ) ;
#2557 = VERTEX_POINT ( 'NONE', #1582 ) ;
#2558 = EDGE_CURVE ( 'NONE', #519, #1111, #2020, .T. ) ;
#2559 = PLANE ( 'NONE',  #1285 ) ;
#2560 = FACE_BOUND ( 'NONE', #785, .T. ) ;
#2561 = DIRECTION ( 'NONE',  ( 0.7071067811865520136, 0.000000000000000000, 0.7071067811865431318 ) ) ;
#2562 = VERTEX_POINT ( 'NONE', #1099 ) ;
#2563 = EDGE_CURVE ( 'NONE', #2562, #2151, #221, .T. ) ;
#2564 = CARTESIAN_POINT ( 'NONE',  ( -10.00000000000000355, 8.000000000000000000, -1.571067811865233699 ) ) ;
#2565 = AXIS2_PLACEMENT_3D ( 'NONE', #2944, #548, #1716 ) ;
#2566 = ORIENTED_EDGE ( 'NONE', *, *, #2285, .F. ) ;
#2567 = ADVANCED_FACE ( 'NONE', ( #2815 ), #1151, .F. ) ;
#2568 = LINE ( 'NONE', #2857, #2146 ) ;
#2569 = EDGE_CURVE ( 'NONE', #457, #2327, #1379, .T. ) ;
#2570 = SURFACE_SIDE_STYLE ('',( #3462 ) ) ;
#2571 = AXIS2_PLACEMENT_3D ( 'NONE', #1811, #72, #2632 ) ;
#2572 = ORIENTED_EDGE ( 'NONE', *, *, #3399, .F. ) ;
#2573 = CARTESIAN_POINT ( 'NONE',  ( -4.999999999999997335, 4.000000000000000000, 39.49999999999999289 ) ) ;
#2574 = VERTEX_POINT ( 'NONE', #3439 ) ;
#2575 = AXIS2_PLACEMENT_3D ( 'NONE', #1268, #1897, #1834 ) ;
#2576 = ORIENTED_EDGE ( 'NONE', *, *, #1678, .T. ) ;
#2577 = PRODUCT_DEFINITION_CONTEXT ( 'detailed design', #3714, 'design' ) ;
#2578 = VECTOR ( 'NONE', #2230, 1000.000000000000000 ) ;
#2579 = CARTESIAN_POINT ( 'NONE',  ( 16.06076951545867715, 6.775128869403570064, 41.93923048454131930 ) ) ;
#2580 = DIRECTION ( 'NONE',  ( -0.7071067811865517916, 0.000000000000000000, 0.7071067811865433539 ) ) ;
#2581 = ADVANCED_FACE ( 'NONE', ( #496 ), #551, .F. ) ;
#2582 = EDGE_CURVE ( 'NONE', #3156, #2803, #1711, .T. ) ;
#2583 = VERTEX_POINT ( 'NONE', #2850 ) ;
#2584 = VECTOR ( 'NONE', #3747, 999.9999999999998863 ) ;
#2585 = DIRECTION ( 'NONE',  ( -1.169476500658521966E-16, 0.000000000000000000, -1.000000000000000000 ) ) ;
#2586 = VERTEX_POINT ( 'NONE', #3163 ) ;
#2587 = DIRECTION ( 'NONE',  ( 0.000000000000000000, 0.000000000000000000, 1.000000000000000000 ) ) ;
#2588 = VECTOR ( 'NONE', #77, 1000.000000000000000 ) ;
#2589 =( NAMED_UNIT ( * ) PLANE_ANGLE_UNIT ( ) SI_UNIT ( $, .RADIAN. ) );
#2590 = FACE_BOUND ( 'NONE', #286, .T. ) ;
#2591 = ORIENTED_EDGE ( 'NONE', *, *, #2436, .T. ) ;
#2592 = EDGE_CURVE ( 'NONE', #2990, #2151, #1973, .T. ) ;
#2593 = DIRECTION ( 'NONE',  ( 0.000000000000000000, -2.682704640602072586E-16, -1.000000000000000000 ) ) ;
#2594 = ORIENTED_EDGE ( 'NONE', *, *, #1354, .F. ) ;
#2595 = ORIENTED_EDGE ( 'NONE', *, *, #639, .T. ) ;
#2596 = DIRECTION ( 'NONE',  ( 0.000000000000000000, 0.000000000000000000, 1.000000000000000000 ) ) ;
#2597 = VERTEX_POINT ( 'NONE', #3107 ) ;
#2598 = DIRECTION ( 'NONE',  ( 0.000000000000000000, 0.000000000000000000, -1.000000000000000000 ) ) ;
#2599 = CARTESIAN_POINT ( 'NONE',  ( -9.500000000000003553, 0.000000000000000000, -1.778174593051782715 ) ) ;
#2600 = ORIENTED_EDGE ( 'NONE', *, *, #33, .F. ) ;
#2601 = ADVANCED_FACE ( 'NONE', ( #3696 ), #2009, .F. ) ;
#2602 = DIRECTION ( 'NONE',  ( 0.000000000000000000, 0.000000000000000000, 1.000000000000000000 ) ) ;
#2603 = CARTESIAN_POINT ( 'NONE',  ( 5.000000000000004441, 2.000000000000000000, -42.50000000000000000 ) ) ;
#2604 = ORIENTED_EDGE ( 'NONE', *, *, #3757, .F. ) ;
#2605 = DIRECTION ( 'NONE',  ( -1.000000000000000000, -0.000000000000000000, -0.000000000000000000 ) ) ;
#2606 = ORIENTED_EDGE ( 'NONE', *, *, #2187, .T. ) ;
#2607 = CARTESIAN_POINT ( 'NONE',  ( 14.00000000000000178, 0.5000000000000016653, 37.47927405783629240 ) ) ;
#2608 = DIRECTION ( 'NONE',  ( 0.000000000000000000, 0.000000000000000000, 1.000000000000000000 ) ) ;
#2609 = ADVANCED_FACE ( 'NONE', ( #3127 ), #515, .F. ) ;
#2610 = EDGE_LOOP ( 'NONE', ( #3146, #451, #3545, #3209 ) ) ;
#2611 = CARTESIAN_POINT ( 'NONE',  ( -14.99999999999999645, 8.000000000000000000, 42.99999999999997868 ) ) ;
#2612 = LINE ( 'NONE', #865, #2263 ) ;
#2613 = ORIENTED_EDGE ( 'NONE', *, *, #3673, .F. ) ;
#2614 = CARTESIAN_POINT ( 'NONE',  ( -4.999999999999997335, 0.000000000000000000, 32.49999999999998579 ) ) ;
#2615 = AXIS2_PLACEMENT_3D ( 'NONE', #3029, #1942, #1583 ) ;
#2616 = CARTESIAN_POINT ( 'NONE',  ( -10.00000000000000533, 0.000000000000000000, -18.42893218813456713 ) ) ;
#2617 = EDGE_LOOP ( 'NONE', ( #2231, #823 ) ) ;
#2618 = DIRECTION ( 'NONE',  ( 1.000000000000000000, 0.000000000000000000, 0.000000000000000000 ) ) ;
#2619 = FACE_OUTER_BOUND ( 'NONE', #2827, .T. ) ;
#2620 = VECTOR ( 'NONE', #888, 1000.000000000000114 ) ;
#2621 = VERTEX_POINT ( 'NONE', #1682 ) ;
#2622 = CARTESIAN_POINT ( 'NONE',  ( 5.454545454545459471, 8.000000000000000000, -10.04545454545473859 ) ) ;
#2623 = VECTOR ( 'NONE', #772, 1000.000000000000114 ) ;
#2624 = DIRECTION ( 'NONE',  ( 1.000000000000000000, -0.000000000000000000, -1.084202172485504557E-16 ) ) ;
#2625 = VERTEX_POINT ( 'NONE', #2834 ) ;
#2626 = VECTOR ( 'NONE', #3728, 1000.000000000000000 ) ;
#2627 = PRODUCT_RELATED_PRODUCT_CATEGORY ( 'part', '', ( #1327 ) ) ;
#2628 = AXIS2_PLACEMENT_3D ( 'NONE', #3722, #212, #1880 ) ;
#2629 = DIRECTION ( 'NONE',  ( -0.000000000000000000, -0.000000000000000000, -1.000000000000000000 ) ) ;
#2630 = ORIENTED_EDGE ( 'NONE', *, *, #2681, .F. ) ;
#2631 = CARTESIAN_POINT ( 'NONE',  ( 5.000000000000000888, 8.000000000000000000, 44.49999999999999289 ) ) ;
#2632 = DIRECTION ( 'NONE',  ( 0.000000000000000000, 0.000000000000000000, 1.000000000000000000 ) ) ;
#2633 = VERTEX_POINT ( 'NONE', #3148 ) ;
#2634 = FACE_OUTER_BOUND ( 'NONE', #1152, .T. ) ;
#2635 = ORIENTED_EDGE ( 'NONE', *, *, #2207, .T. ) ;
#2636 = VECTOR ( 'NONE', #1943, 1000.000000000000114 ) ;
#2637 = DIRECTION ( 'NONE',  ( -0.000000000000000000, -1.000000000000000000, -0.000000000000000000 ) ) ;
#2638 = DIRECTION ( 'NONE',  ( -0.2821663239915489507, 0.000000000000000000, 0.9593655015712708733 ) ) ;
#2639 = VERTEX_POINT ( 'NONE', #2875 ) ;
#2640 = DIRECTION ( 'NONE',  ( -1.000000000000000000, -2.846556599890768179E-32, 8.584654849926631488E-16 ) ) ;
#2641 = DIRECTION ( 'NONE',  ( 0.000000000000000000, 0.000000000000000000, -1.000000000000000000 ) ) ;
#2642 = VERTEX_POINT ( 'NONE', #3752 ) ;
#2643 = CIRCLE ( 'NONE', #2764, 0.5000000000000004441 ) ;
#2644 = CIRCLE ( 'NONE', #1021, 2.250000000000001776 ) ;
#2645 = CARTESIAN_POINT ( 'NONE',  ( -1.828569629540129693, 0.000000000000000000, 14.71713674043639131 ) ) ;
#2646 = DIRECTION ( 'NONE',  ( 1.029029203971270726E-16, 0.000000000000000000, 1.000000000000000000 ) ) ;
#2647 = ADVANCED_FACE ( 'NONE', ( #1120 ), #787, .F. ) ;
#2648 = ORIENTED_EDGE ( 'NONE', *, *, #2249, .F. ) ;
#2649 = CARTESIAN_POINT ( 'NONE',  ( 5.454545454545459471, 0.000000000000000000, -10.04545454545473859 ) ) ;
#2650 = EDGE_LOOP ( 'NONE', ( #1618, #3351, #1903, #2752, #1971, #937, #1640 ) ) ;
#2651 = CARTESIAN_POINT ( 'NONE',  ( -8.792893218813448541, 8.000000000000000000, -24.99999999999999645 ) ) ;
#2652 = LINE ( 'NONE', #3283, #2509 ) ;
#2653 = VERTEX_POINT ( 'NONE', #3086 ) ;
#2654 = EDGE_LOOP ( 'NONE', ( #3585, #214, #1657, #210 ) ) ;
#2655 = VECTOR ( 'NONE', #1247, 1000.000000000000114 ) ;
#2656 = LINE ( 'NONE', #2309, #234 ) ;
#2657 = DIRECTION ( 'NONE',  ( -0.000000000000000000, -1.000000000000000000, -0.000000000000000000 ) ) ;
#2658 = CARTESIAN_POINT ( 'NONE',  ( 4.331763378039131140, 0.000000000000000000, -25.50000000000000355 ) ) ;
#2659 = ORIENTED_EDGE ( 'NONE', *, *, #531, .F. ) ;
#2660 = ADVANCED_FACE ( 'NONE', ( #831 ), #1136, .F. ) ;
#2661 = DIRECTION ( 'NONE',  ( -1.000000000000000000, 0.000000000000000000, 0.000000000000000000 ) ) ;
#2662 = LINE ( 'NONE', #1522, #2620 ) ;
#2663 = EDGE_CURVE ( 'NONE', #1632, #975, #1644, .T. ) ;
#2664 = ORIENTED_EDGE ( 'NONE', *, *, #1228, .T. ) ;
#2665 = VECTOR ( 'NONE', #851, 1000.000000000000000 ) ;
#2666 = PLANE ( 'NONE',  #2083 ) ;
#2667 = ADVANCED_FACE ( 'NONE', ( #532, #2290 ), #188, .F. ) ;
#2668 = DIRECTION ( 'NONE',  ( -0.2821663239915486732, 0.000000000000000000, 0.9593655015712709844 ) ) ;
#2669 = ORIENTED_EDGE ( 'NONE', *, *, #567, .F. ) ;
#2670 = DIRECTION ( 'NONE',  ( 0.000000000000000000, 0.000000000000000000, 1.000000000000000000 ) ) ;
#2671 = CARTESIAN_POINT ( 'NONE',  ( 12.00000000000000355, 7.499999999999992006, 37.47927405783629240 ) ) ;
#2672 = AXIS2_PLACEMENT_3D ( 'NONE', #2, #2364, #3532 ) ;
#2673 = ORIENTED_EDGE ( 'NONE', *, *, #2056, .F. ) ;
#2674 = DIRECTION ( 'NONE',  ( 0.000000000000000000, 0.000000000000000000, 1.000000000000000000 ) ) ;
#2675 = DIRECTION ( 'NONE',  ( 0.000000000000000000, 0.000000000000000000, 1.000000000000000000 ) ) ;
#2676 = AXIS2_PLACEMENT_3D ( 'NONE', #3145, #1454, #2791 ) ;
#2677 = DIRECTION ( 'NONE',  ( 1.000000000000000000, 0.000000000000000000, 0.000000000000000000 ) ) ;
#2678 = EDGE_LOOP ( 'NONE', ( #2171, #1828, #1078, #2488 ) ) ;
#2679 = CIRCLE ( 'NONE', #872, 0.5000000000000002220 ) ;
#2680 = CARTESIAN_POINT ( 'NONE',  ( 13.50000000000000178, 2.000000000000000000, 44.49999999999999289 ) ) ;
#2681 = EDGE_CURVE ( 'NONE', #762, #1953, #245, .T. ) ;
#2682 = LINE ( 'NONE', #2064, #804 ) ;
#2683 = CONICAL_SURFACE ( 'NONE', #1915, 0.5000000000000004441, 0.7853981633974477239 ) ;
#2684 = LINE ( 'NONE', #73, #2655 ) ;
#2685 = ORIENTED_EDGE ( 'NONE', *, *, #1502, .T. ) ;
#2686 = ORIENTED_EDGE ( 'NONE', *, *, #3144, .T. ) ;
#2687 = EDGE_CURVE ( 'NONE', #2583, #3250, #2061, .T. ) ;
#2688 = EDGE_CURVE ( 'NONE', #3055, #2412, #625, .T. ) ;
#2689 = CARTESIAN_POINT ( 'NONE',  ( -0.01615177542392174509, 0.000000000000000000, -8.445083963558616347 ) ) ;
#2690 = PLANE ( 'NONE',  #3354 ) ;
#2691 = VERTEX_POINT ( 'NONE', #326 ) ;
#2692 = EDGE_CURVE ( 'NONE', #123, #2001, #2077, .T. ) ;
#2693 = FACE_BOUND ( 'NONE', #1779, .T. ) ;
#2694 = CARTESIAN_POINT ( 'NONE',  ( -15.00000000000000711, 6.499999999999999112, -42.50000000000000000 ) ) ;
#2695 = CARTESIAN_POINT ( 'NONE',  ( -13.49999999999998579, 8.000000000000000000, 1.578793275889003015E-15 ) ) ;
#2696 = DIRECTION ( 'NONE',  ( -0.7071067811865433539, 0.000000000000000000, -0.7071067811865516806 ) ) ;
#2697 = VERTEX_POINT ( 'NONE', #1499 ) ;
#2698 = DIRECTION ( 'NONE',  ( 1.169476500658521966E-16, -0.000000000000000000, 1.000000000000000000 ) ) ;
#2699 = VECTOR ( 'NONE', #2038, 1000.000000000000000 ) ;
#2700 = DIRECTION ( 'NONE',  ( 1.000000000000000000, 0.000000000000000000, 0.000000000000000000 ) ) ;
#2701 = ADVANCED_FACE ( 'NONE', ( #1482 ), #2928, .F. ) ;
#2702 = CYLINDRICAL_SURFACE ( 'NONE', #1877, 2.000000000000001776 ) ;
#2703 = VERTEX_POINT ( 'NONE', #1753 ) ;
#2704 = VERTEX_POINT ( 'NONE', #3788 ) ;
#2705 = EDGE_CURVE ( 'NONE', #2767, #2066, #3249, .T. ) ;
#2706 = EDGE_CURVE ( 'NONE', #3482, #3687, #1165, .T. ) ;
#2707 = LINE ( 'NONE', #402, #3751 ) ;
#2708 = VERTEX_POINT ( 'NONE', #67 ) ;
#2709 = DIRECTION ( 'NONE',  ( 0.000000000000000000, 0.000000000000000000, 1.000000000000000000 ) ) ;
#2710 = VERTEX_POINT ( 'NONE', #2658 ) ;
#2711 = DIRECTION ( 'NONE',  ( 0.7071067811865517916, 0.000000000000000000, 0.7071067811865432429 ) ) ;
#2712 = DIRECTION ( 'NONE',  ( -1.000000000000000000, 0.000000000000000000, 0.000000000000000000 ) ) ;
#2713 = DIRECTION ( 'NONE',  ( 0.000000000000000000, 0.000000000000000000, -1.000000000000000000 ) ) ;
#2714 = EDGE_CURVE ( 'NONE', #1697, #3012, #2612, .T. ) ;
#2715 = DIRECTION ( 'NONE',  ( 0.000000000000000000, 1.000000000000000000, 0.000000000000000000 ) ) ;
#2716 = VECTOR ( 'NONE', #3565, 1000.000000000000000 ) ;
#2717 = ORIENTED_EDGE ( 'NONE', *, *, #3014, .T. ) ;
#2718 = LINE ( 'NONE', #1324, #2030 ) ;
#2719 = FACE_OUTER_BOUND ( 'NONE', #197, .T. ) ;
#2720 = EDGE_LOOP ( 'NONE', ( #3139, #1803, #3467, #3593, #1506, #2540, #334, #3030 ) ) ;
#2721 = ORIENTED_EDGE ( 'NONE', *, *, #3645, .T. ) ;
#2722 = DIRECTION ( 'NONE',  ( 0.000000000000000000, 0.000000000000000000, 1.000000000000000000 ) ) ;
#2723 = FACE_OUTER_BOUND ( 'NONE', #1808, .T. ) ;
#2724 = ORIENTED_EDGE ( 'NONE', *, *, #3474, .F. ) ;
#2725 = DIRECTION ( 'NONE',  ( -0.000000000000000000, -0.000000000000000000, 1.000000000000000000 ) ) ;
#2726 = VERTEX_POINT ( 'NONE', #1195 ) ;
#2727 = LINE ( 'NONE', #1556, #49 ) ;
#2728 = VECTOR ( 'NONE', #701, 1000.000000000000000 ) ;
#2729 = CARTESIAN_POINT ( 'NONE',  ( -14.99999999999999645, 2.000000000000000000, 42.99999999999997868 ) ) ;
#2730 = CARTESIAN_POINT ( 'NONE',  ( 12.00000000000000355, 7.499999999999992895, 41.52072594216367918 ) ) ;
#2731 = LINE ( 'NONE', #1278, #358 ) ;
#2732 = ORIENTED_EDGE ( 'NONE', *, *, #248, .F. ) ;
#2733 = CIRCLE ( 'NONE', #667, 1.899999999999999689 ) ;
#2734 = EDGE_CURVE ( 'NONE', #3036, #68, #3737, .T. ) ;
#2735 = DIRECTION ( 'NONE',  ( -1.000000000000000000, -0.000000000000000000, 0.000000000000000000 ) ) ;
#2736 = AXIS2_PLACEMENT_3D ( 'NONE', #3007, #2157, #2989 ) ;
#2737 = CARTESIAN_POINT ( 'NONE',  ( -9.500000000000001776, 8.000000000000000000, 6.707106781186745081 ) ) ;
#2738 = AXIS2_PLACEMENT_3D ( 'NONE', #2113, #2696, #2175 ) ;
#2739 = PLANE ( 'NONE',  #1579 ) ;
#2740 = CIRCLE ( 'NONE', #2926, 0.5000000000000004441 ) ;
#2741 = ORIENTED_EDGE ( 'NONE', *, *, #1694, .T. ) ;
#2742 = CARTESIAN_POINT ( 'NONE',  ( -4.331763378039132917, 8.000000000000000000, 25.49999999999998934 ) ) ;
#2743 = CARTESIAN_POINT ( 'NONE',  ( 0.000000000000000000, 3.000000000000000000, 29.49999999999998934 ) ) ;
#2744 = ORIENTED_EDGE ( 'NONE', *, *, #1649, .F. ) ;
#2745 = DIRECTION ( 'NONE',  ( -1.000000000000000000, 0.000000000000000000, 9.144372052005619048E-17 ) ) ;
#2746 = CARTESIAN_POINT ( 'NONE',  ( -0.5795861608451681191, 8.000000000000000000, -8.301411567793312685 ) ) ;
#2747 = ORIENTED_EDGE ( 'NONE', *, *, #1084, .T. ) ;
#2748 = ORIENTED_EDGE ( 'NONE', *, *, #1633, .F. ) ;
#2749 = DIRECTION ( 'NONE',  ( 1.000000000000000000, 0.000000000000000000, 0.000000000000000000 ) ) ;
#2750 = CARTESIAN_POINT ( 'NONE',  ( -20.00000000000000000, 8.000000000000000000, 13.37867965644039536 ) ) ;
#2751 = DIRECTION ( 'NONE',  ( 1.445602896647338917E-16, 0.000000000000000000, -1.000000000000000000 ) ) ;
#2752 = ORIENTED_EDGE ( 'NONE', *, *, #2706, .T. ) ;
#2753 = AXIS2_PLACEMENT_3D ( 'NONE', #2695, #2910, #3479 ) ;
#2754 = CARTESIAN_POINT ( 'NONE',  ( 5.000000000000002665, 0.000000000000000000, -44.50000000000000711 ) ) ;
#2755 = EDGE_CURVE ( 'NONE', #2642, #3431, #940, .T. ) ;
#2756 = VECTOR ( 'NONE', #981, 1000.000000000000000 ) ;
#2757 = LINE ( 'NONE', #2528, #1062 ) ;
#2758 = CARTESIAN_POINT ( 'NONE',  ( -4.999999999999997335, 8.000000000000000000, -29.50000000000000355 ) ) ;
#2759 = DIRECTION ( 'NONE',  ( -0.000000000000000000, -1.000000000000000000, 0.000000000000000000 ) ) ;
#2760 = EDGE_CURVE ( 'NONE', #612, #1396, #916, .T. ) ;
#2761 = ORIENTED_EDGE ( 'NONE', *, *, #948, .T. ) ;
#2762 = EDGE_LOOP ( 'NONE', ( #1297, #2843, #525, #1759 ) ) ;
#2763 = CARTESIAN_POINT ( 'NONE',  ( 13.49999999999999112, 6.000000000000000000, -44.50000000000000711 ) ) ;
#2764 = AXIS2_PLACEMENT_3D ( 'NONE', #146, #2486, #3653 ) ;
#2765 = DIRECTION ( 'NONE',  ( -1.012796358699208204E-16, 0.5000000000000007772, -0.8660254037844382635 ) ) ;
#2766 = ORIENTED_EDGE ( 'NONE', *, *, #110, .T. ) ;
#2767 = VERTEX_POINT ( 'NONE', #3493 ) ;
#2768 = ORIENTED_EDGE ( 'NONE', *, *, #963, .F. ) ;
#2769 = LINE ( 'NONE', #2503, #1581 ) ;
#2770 = CARTESIAN_POINT ( 'NONE',  ( 5.000000000000002665, 4.000000000000000000, -37.24999999999999289 ) ) ;
#2771 = ADVANCED_FACE ( 'NONE', ( #640 ), #1806, .T. ) ;
#2772 = PLANE ( 'NONE',  #869 ) ;
#2773 = ORIENTED_EDGE ( 'NONE', *, *, #2008, .T. ) ;
#2774 = CARTESIAN_POINT ( 'NONE',  ( -9.500000000000000000, 0.000000000000000000, 22.02799548533325691 ) ) ;
#2775 = VECTOR ( 'NONE', #3282, 1000.000000000000000 ) ;
#2776 = CARTESIAN_POINT ( 'NONE',  ( -4.443060190960316014, 0.000000000000000000, 3.985871997174396331 ) ) ;
#2777 = CARTESIAN_POINT ( 'NONE',  ( 14.99999999999999289, 1.500000000000001332, -44.50000000000000711 ) ) ;
#2778 = CARTESIAN_POINT ( 'NONE',  ( -13.49999999999998579, 0.000000000000000000, 1.578793275889003015E-15 ) ) ;
#2779 = DIRECTION ( 'NONE',  ( 0.000000000000000000, 0.000000000000000000, -1.000000000000000000 ) ) ;
#2780 = ADVANCED_FACE ( 'NONE', ( #2343 ), #1517, .F. ) ;
#2781 = ORIENTED_EDGE ( 'NONE', *, *, #2024, .T. ) ;
#2782 = EDGE_CURVE ( 'NONE', #706, #2259, #611, .T. ) ;
#2783 = CARTESIAN_POINT ( 'NONE',  ( -15.00000000000000711, 2.000000000000000000, -43.00000000000000000 ) ) ;
#2784 = DIRECTION ( 'NONE',  ( -4.292327424963313279E-16, 0.8660254037844388186, -0.4999999999999996669 ) ) ;
#2785 = ORIENTED_EDGE ( 'NONE', *, *, #2902, .F. ) ;
#2786 = LINE ( 'NONE', #177, #2447 ) ;
#2787 = VERTEX_POINT ( 'NONE', #1737 ) ;
#2788 = VERTEX_POINT ( 'NONE', #2890 ) ;
#2789 = DIRECTION ( 'NONE',  ( -0.000000000000000000, 1.000000000000000000, 0.000000000000000000 ) ) ;
#2790 = VECTOR ( 'NONE', #1876, 999.9999999999998863 ) ;
#2791 = DIRECTION ( 'NONE',  ( 0.000000000000000000, 0.000000000000000000, -1.000000000000000000 ) ) ;
#2792 = ORIENTED_EDGE ( 'NONE', *, *, #2854, .F. ) ;
#2793 = VECTOR ( 'NONE', #3059, 1000.000000000000000 ) ;
#2794 = CARTESIAN_POINT ( 'NONE',  ( 12.00000000000000000, 4.000000000000001776, 35.45854811567260612 ) ) ;
#2795 = AXIS2_PLACEMENT_3D ( 'NONE', #3003, #1254, #2960 ) ;
#2796 = DIRECTION ( 'NONE',  ( 0.000000000000000000, 0.000000000000000000, -1.000000000000000000 ) ) ;
#2797 = DIRECTION ( 'NONE',  ( -0.6546536707079769757, 0.6546536707079769757, 0.3779644730092279192 ) ) ;
#2798 = EDGE_CURVE ( 'NONE', #327, #15, #278, .T. ) ;
#2799 = CIRCLE ( 'NONE', #1964, 0.5000000000000004441 ) ;
#2800 = CARTESIAN_POINT ( 'NONE',  ( -9.020317249214365063, 8.000000000000000000, 22.16907864732903022 ) ) ;
#2801 = CARTESIAN_POINT ( 'NONE',  ( 9.415646712035638188, 0.000000000000000000, 17.13747211898364853 ) ) ;
#2802 = AXIS2_PLACEMENT_3D ( 'NONE', #3313, #44, #702 ) ;
#2803 = VERTEX_POINT ( 'NONE', #14 ) ;
#2804 = CARTESIAN_POINT ( 'NONE',  ( 9.146446609406730488, 8.000000000000000000, -6.353553390593515537 ) ) ;
#2805 = CARTESIAN_POINT ( 'NONE',  ( -20.00000000000000000, 3.999999999999997335, 7.399999999999995914 ) ) ;
#2806 = ORIENTED_EDGE ( 'NONE', *, *, #1158, .T. ) ;
#2807 = AXIS2_PLACEMENT_3D ( 'NONE', #1570, #403, #39 ) ;
#2808 = ORIENTED_EDGE ( 'NONE', *, *, #3669, .F. ) ;
#2809 = ORIENTED_EDGE ( 'NONE', *, *, #1859, .T. ) ;
#2810 = AXIS2_PLACEMENT_3D ( 'NONE', #169, #3046, #3066 ) ;
#2811 = DIRECTION ( 'NONE',  ( 0.7071067811865475727, 0.7071067811865475727, -8.269447640539548005E-17 ) ) ;
#2812 = EDGE_CURVE ( 'NONE', #2708, #561, #2920, .T. ) ;
#2813 = CARTESIAN_POINT ( 'NONE',  ( 1.348886878754493424, 0.000000000000000000, -14.85821990243219304 ) ) ;
#2814 = VERTEX_POINT ( 'NONE', #2445 ) ;
#2815 = FACE_OUTER_BOUND ( 'NONE', #2848, .T. ) ;
#2816 = CIRCLE ( 'NONE', #1134, 0.5000000000000004441 ) ;
#2817 = CARTESIAN_POINT ( 'NONE',  ( 5.000000000000002665, 8.000000000000000000, 29.49999999999998934 ) ) ;
#2818 = CARTESIAN_POINT ( 'NONE',  ( 9.500000000000001776, 0.000000000000000000, -22.02799548533330309 ) ) ;
#2819 = AXIS2_PLACEMENT_3D ( 'NONE', #2504, #1937, #3630 ) ;
#2820 = CARTESIAN_POINT ( 'NONE',  ( -4.999999999999997335, 2.000000000000000000, 44.49999999999999289 ) ) ;
#2821 = DIRECTION ( 'NONE',  ( 0.000000000000000000, 0.000000000000000000, 1.000000000000000000 ) ) ;
#2822 = EDGE_CURVE ( 'NONE', #2338, #290, #738, .T. ) ;
#2823 = VERTEX_POINT ( 'NONE', #412 ) ;
#2824 = DIRECTION ( 'NONE',  ( -1.000000000000000000, -0.000000000000000000, -1.084202172485504434E-16 ) ) ;
#2825 = CARTESIAN_POINT ( 'NONE',  ( -6.017979839966705491, 8.000000000000000000, 10.18912694122000140 ) ) ;
#2826 = ORIENTED_EDGE ( 'NONE', *, *, #2476, .T. ) ;
#2827 = EDGE_LOOP ( 'NONE', ( #802, #691, #504, #2182 ) ) ;
#2828 = ORIENTED_EDGE ( 'NONE', *, *, #1606, .F. ) ;
#2829 = DIRECTION ( 'NONE',  ( 1.169476500658521966E-16, 0.000000000000000000, 1.000000000000000000 ) ) ;
#2830 = FACE_OUTER_BOUND ( 'NONE', #361, .T. ) ;
#2831 = CARTESIAN_POINT ( 'NONE',  ( -20.00000000000000000, 0.000000000000000000, 15.49999999999999467 ) ) ;
#2832 = ORIENTED_EDGE ( 'NONE', *, *, #3649, .F. ) ;
#2833 = EDGE_CURVE ( 'NONE', #1613, #3277, #1890, .T. ) ;
#2834 = CARTESIAN_POINT ( 'NONE',  ( 5.000000000000002665, 5.000000000000000000, -32.50000000000000000 ) ) ;
#2835 = DIRECTION ( 'NONE',  ( -0.7071067811865517916, 0.000000000000000000, -0.7071067811865432429 ) ) ;
#2836 = ORIENTED_EDGE ( 'NONE', *, *, #2232, .F. ) ;
#2837 = LINE ( 'NONE', #3186, #858 ) ;
#2838 = DIRECTION ( 'NONE',  ( 1.000000000000000000, -0.000000000000000000, -1.084202172485504557E-16 ) ) ;
#2839 = CYLINDRICAL_SURFACE ( 'NONE', #2398, 0.5000000000000004441 ) ;
#2840 = ORIENTED_EDGE ( 'NONE', *, *, #1724, .T. ) ;
#2841 = FACE_OUTER_BOUND ( 'NONE', #2654, .T. ) ;
#2842 = VECTOR ( 'NONE', #3068, 1000.000000000000000 ) ;
#2843 = ORIENTED_EDGE ( 'NONE', *, *, #825, .T. ) ;
#2844 = ORIENTED_EDGE ( 'NONE', *, *, #1567, .T. ) ;
#2845 = LINE ( 'NONE', #2579, #2584 ) ;
#2846 = CARTESIAN_POINT ( 'NONE',  ( -0.09990341005953250197, 0.000000000000000000, -8.160328405797537599 ) ) ;
#2847 = CARTESIAN_POINT ( 'NONE',  ( 13.50000000000000178, 6.000000000000000000, 44.49999999999999289 ) ) ;
#2848 = EDGE_LOOP ( 'NONE', ( #648, #2948, #1159, #3118, #2761, #143, #1101, #2059 ) ) ;
#2849 = DIRECTION ( 'NONE',  ( 3.877041124311310185E-17, -0.5773502691896321704, 0.8164965809277215936 ) ) ;
#2850 = CARTESIAN_POINT ( 'NONE',  ( 15.00000000000000355, 6.000000000000000000, 42.99999999999999289 ) ) ;
#2851 = VECTOR ( 'NONE', #364, 1000.000000000000000 ) ;
#2852 = ORIENTED_EDGE ( 'NONE', *, *, #986, .F. ) ;
#2853 = EDGE_CURVE ( 'NONE', #2087, #3199, #3266, .T. ) ;
#2854 = EDGE_CURVE ( 'NONE', #52, #924, #1020, .T. ) ;
#2855 = CARTESIAN_POINT ( 'NONE',  ( -10.00000000000000355, 0.000000000000000000, -1.778174593051781827 ) ) ;
#2856 = AXIS2_PLACEMENT_3D ( 'NONE', #105, #2674, #1275 ) ;
#2857 = CARTESIAN_POINT ( 'NONE',  ( 5.000000000000002665, 5.000000000000000000, -32.50000000000000000 ) ) ;
#2858 = CARTESIAN_POINT ( 'NONE',  ( 12.00000000000000355, 4.000000000000008882, 43.54145188432736546 ) ) ;
#2859 = CIRCLE ( 'NONE', #3042, 0.5000000000000004441 ) ;
#2860 = CARTESIAN_POINT ( 'NONE',  ( 0.5795861608451680080, 8.000000000000000000, 8.301411567793277158 ) ) ;
#2861 = AXIS2_PLACEMENT_3D ( 'NONE', #477, #1718, #1082 ) ;
#2862 = ORIENTED_EDGE ( 'NONE', *, *, #770, .T. ) ;
#2863 = DIRECTION ( 'NONE',  ( -0.6785983445458485530, 0.6785983445458485530, -0.2810846377148130681 ) ) ;
#2864 = ORIENTED_EDGE ( 'NONE', *, *, #1690, .F. ) ;
#2865 = AXIS2_PLACEMENT_3D ( 'NONE', #1598, #2715, #108 ) ;
#2866 = VERTEX_POINT ( 'NONE', #960 ) ;
#2867 = DIRECTION ( 'NONE',  ( -1.000000000000000000, 0.000000000000000000, -0.000000000000000000 ) ) ;
#2868 = FACE_OUTER_BOUND ( 'NONE', #1183, .T. ) ;
#2869 = AXIS2_PLACEMENT_3D ( 'NONE', #2294, #2551, #1685 ) ;
#2870 = ORIENTED_EDGE ( 'NONE', *, *, #238, .F. ) ;
#2871 = EDGE_CURVE ( 'NONE', #559, #1673, #1870, .T. ) ;
#2872 = LINE ( 'NONE', #277, #915 ) ;
#2873 = VECTOR ( 'NONE', #2909, 999.9999999999998863 ) ;
#2874 = VECTOR ( 'NONE', #2371, 1000.000000000000000 ) ;
#2875 = CARTESIAN_POINT ( 'NONE',  ( -14.99999999999999645, 6.000000000000000000, 42.99999999999997868 ) ) ;
#2876 = ORIENTED_EDGE ( 'NONE', *, *, #2254, .T. ) ;
#2877 = CARTESIAN_POINT ( 'NONE',  ( 14.00000000000000355, 7.499999999999992895, 37.47927405783629240 ) ) ;
#2878 = LINE ( 'NONE', #2012, #562 ) ;
#2879 = LINE ( 'NONE', #282, #201 ) ;
#2880 = ORIENTED_EDGE ( 'NONE', *, *, #3452, .F. ) ;
#2881 = AXIS2_PLACEMENT_3D ( 'NONE', #2347, #2111, #657 ) ;
#2882 = LINE ( 'NONE', #1173, #768 ) ;
#2883 = ADVANCED_FACE ( 'NONE', ( #746 ), #147, .T. ) ;
#2884 = EDGE_LOOP ( 'NONE', ( #1734, #3165, #1927, #861 ) ) ;
#2885 = EDGE_CURVE ( 'NONE', #3034, #119, #435, .T. ) ;
#2886 = CARTESIAN_POINT ( 'NONE',  ( 10.00000000000000178, 0.000000000000000000, -22.02799548533330309 ) ) ;
#2887 = CARTESIAN_POINT ( 'NONE',  ( 9.915646712035636412, 0.000000000000000000, 1.693821305087363394 ) ) ;
#2888 = EDGE_LOOP ( 'NONE', ( #1754, #3171, #2107, #368, #2604, #2766 ) ) ;
#2889 = DIRECTION ( 'NONE',  ( -0.7071067811865475727, -0.7071067811865474617, 0.000000000000000000 ) ) ;
#2890 = CARTESIAN_POINT ( 'NONE',  ( 9.020317249214366839, 0.000000000000000000, -22.16907864732907996 ) ) ;
#2891 = ORIENTED_EDGE ( 'NONE', *, *, #137, .T. ) ;
#2892 = VECTOR ( 'NONE', #3039, 1000.000000000000114 ) ;
#2893 = AXIS2_PLACEMENT_3D ( 'NONE', #3259, #3624, #1012 ) ;
#2894 = DIRECTION ( 'NONE',  ( -1.012796358699208944E-16, -0.4999999999999997224, -0.8660254037844388186 ) ) ;
#2895 = CARTESIAN_POINT ( 'NONE',  ( -20.00000000000003197, -1.777179564299101814E-46, 15.49999999999999467 ) ) ;
#2896 = AXIS2_PLACEMENT_3D ( 'NONE', #1706, #3192, #3445 ) ;
#2897 = CARTESIAN_POINT ( 'NONE',  ( -20.00000000000000000, 8.000000000000000000, 15.49999999999999822 ) ) ;
#2898 = VERTEX_POINT ( 'NONE', #1577 ) ;
#2899 = FACE_OUTER_BOUND ( 'NONE', #488, .T. ) ;
#2900 = VECTOR ( 'NONE', #3002, 1000.000000000000000 ) ;
#2901 = ORIENTED_EDGE ( 'NONE', *, *, #3507, .T. ) ;
#2902 = EDGE_CURVE ( 'NONE', #1949, #303, #2731, .T. ) ;
#2903 = DIRECTION ( 'NONE',  ( -0.000000000000000000, -1.000000000000000000, 0.000000000000000000 ) ) ;
#2904 = CARTESIAN_POINT ( 'NONE',  ( -13.49999999999998046, 6.000000000000000000, 44.49999999999999289 ) ) ;
#2905 = ORIENTED_EDGE ( 'NONE', *, *, #905, .T. ) ;
#2906 = DIRECTION ( 'NONE',  ( -0.000000000000000000, -1.000000000000000000, -0.000000000000000000 ) ) ;
#2907 = CARTESIAN_POINT ( 'NONE',  ( -5.664426449373433314, 8.000000000000000000, 9.835573550626724781 ) ) ;
#2908 = ORIENTED_EDGE ( 'NONE', *, *, #1003, .T. ) ;
#2909 = DIRECTION ( 'NONE',  ( 0.7071067811865520136, 0.000000000000000000, 0.7071067811865431318 ) ) ;
#2910 = DIRECTION ( 'NONE',  ( -0.7071067811865475727, 0.7071067811865475727, 8.269447640539548005E-17 ) ) ;
#2911 = AXIS2_PLACEMENT_3D ( 'NONE', #623, #863, #1786 ) ;
#2912 = DIRECTION ( 'NONE',  ( -1.000000000000000000, 0.000000000000000000, 1.029029203971270726E-16 ) ) ;
#2913 = ORIENTED_EDGE ( 'NONE', *, *, #3495, .T. ) ;
#2914 = DIRECTION ( 'NONE',  ( -0.7071067811865431318, 0.000000000000000000, 0.7071067811865520136 ) ) ;
#2915 = VECTOR ( 'NONE', #3235, 1000.000000000000000 ) ;
#2916 = VERTEX_POINT ( 'NONE', #1826 ) ;
#2917 = ADVANCED_FACE ( 'NONE', ( #3025, #456 ), #2772, .F. ) ;
#2918 = ADVANCED_FACE ( 'NONE', ( #3631 ), #3040, .T. ) ;
#2919 = CARTESIAN_POINT ( 'NONE',  ( 6.017979839966705491, 0.000000000000000000, -10.18912694122004226 ) ) ;
#2920 = CIRCLE ( 'NONE', #1289, 0.5000000000000002220 ) ;
#2921 = PLANE ( 'NONE',  #3773 ) ;
#2922 = LINE ( 'NONE', #360, #1650 ) ;
#2923 = ORIENTED_EDGE ( 'NONE', *, *, #1859, .F. ) ;
#2924 = AXIS2_PLACEMENT_3D ( 'NONE', #1212, #939, #2130 ) ;
#2925 = DIRECTION ( 'NONE',  ( -1.734723475976807094E-15, 0.000000000000000000, 1.000000000000000000 ) ) ;
#2926 = AXIS2_PLACEMENT_3D ( 'NONE', #1239, #2173, #3569 ) ;
#2927 = EDGE_CURVE ( 'NONE', #820, #1572, #434, .T. ) ;
#2928 = CYLINDRICAL_SURFACE ( 'NONE', #1655, 0.5000000000000004441 ) ;
#2929 = ORIENTED_EDGE ( 'NONE', *, *, #3758, .F. ) ;
#2930 = AXIS2_PLACEMENT_3D ( 'NONE', #1854, #2448, #3617 ) ;
#2931 = CARTESIAN_POINT ( 'NONE',  ( -20.00000000000000000, 1.500000000000015543, 15.49999999999999467 ) ) ;
#2932 = LINE ( 'NONE', #1170, #426 ) ;
#2933 = VECTOR ( 'NONE', #3221, 1000.000000000000000 ) ;
#2934 = ORIENTED_EDGE ( 'NONE', *, *, #2156, .F. ) ;
#2935 = DIRECTION ( 'NONE',  ( 1.000000000000000000, -0.000000000000000000, 1.084202172485504557E-16 ) ) ;
#2936 = VERTEX_POINT ( 'NONE', #1261 ) ;
#2937 = FACE_OUTER_BOUND ( 'NONE', #1311, .T. ) ;
#2938 = PLANE ( 'NONE',  #2958 ) ;
#2939 = DIRECTION ( 'NONE',  ( 1.445602896647338917E-16, 0.000000000000000000, -1.000000000000000000 ) ) ;
#2940 = EDGE_CURVE ( 'NONE', #1612, #696, #979, .T. ) ;
#2941 = ORIENTED_EDGE ( 'NONE', *, *, #2112, .F. ) ;
#2942 = ORIENTED_EDGE ( 'NONE', *, *, #3212, .T. ) ;
#2943 = AXIS2_PLACEMENT_3D ( 'NONE', #1277, #2444, #2155 ) ;
#2944 = CARTESIAN_POINT ( 'NONE',  ( 4.089506800367041173, 0.000000000000000000, -3.632318606581162790 ) ) ;
#2945 = EDGE_CURVE ( 'NONE', #144, #2259, #2464, .T. ) ;
#2946 = EDGE_CURVE ( 'NONE', #2478, #3227, #927, .T. ) ;
#2947 = DIRECTION ( 'NONE',  ( 0.4472135954999582053, -0.7745966692414830712, -0.4472135954999581497 ) ) ;
#2948 = ORIENTED_EDGE ( 'NONE', *, *, #128, .F. ) ;
#2949 = ADVANCED_FACE ( 'NONE', ( #2400 ), #3572, .F. ) ;
#2950 = CARTESIAN_POINT ( 'NONE',  ( 5.000000000000002665, 4.000000000000000000, -39.49999999999999289 ) ) ;
#2951 = DIRECTION ( 'NONE',  ( -0.000000000000000000, -1.000000000000000000, -0.000000000000000000 ) ) ;
#2952 = EDGE_CURVE ( 'NONE', #2190, #3055, #3290, .T. ) ;
#2953 = CARTESIAN_POINT ( 'NONE',  ( -15.00000000000000711, 8.000000000000000000, -43.00000000000000000 ) ) ;
#2954 = ORIENTED_EDGE ( 'NONE', *, *, #1265, .F. ) ;
#2955 = LINE ( 'NONE', #2102, #1293 ) ;
#2956 = VERTEX_POINT ( 'NONE', #829 ) ;
#2957 = FACE_OUTER_BOUND ( 'NONE', #1684, .T. ) ;
#2958 = AXIS2_PLACEMENT_3D ( 'NONE', #1232, #321, #2071 ) ;
#2959 = DIRECTION ( 'NONE',  ( 0.000000000000000000, 1.000000000000000000, 0.000000000000000000 ) ) ;
#2960 = DIRECTION ( 'NONE',  ( 0.000000000000000000, 0.000000000000000000, -1.000000000000000000 ) ) ;
#2961 = VERTEX_POINT ( 'NONE', #1938 ) ;
#2962 = FACE_OUTER_BOUND ( 'NONE', #650, .T. ) ;
#2963 = FACE_OUTER_BOUND ( 'NONE', #2678, .T. ) ;
#2964 = CARTESIAN_POINT ( 'NONE',  ( 0.000000000000000000, 6.000000000000000000, 42.49999999999998579 ) ) ;
#2965 = ORIENTED_EDGE ( 'NONE', *, *, #2427, .F. ) ;
#2966 = DIRECTION ( 'NONE',  ( 0.2821663239915488952, -0.000000000000000000, -0.9593655015712708733 ) ) ;
#2967 = ADVANCED_FACE ( 'NONE', ( #2619 ), #2139, .T. ) ;
#2968 = CARTESIAN_POINT ( 'NONE',  ( -4.999999999999997335, 4.000000000000000000, 39.49999999999999289 ) ) ;
#2969 = EDGE_CURVE ( 'NONE', #2338, #2385, #1662, .T. ) ;
#2970 = LINE ( 'NONE', #2350, #2915 ) ;
#2971 = CIRCLE ( 'NONE', #539, 2.250000000000001776 ) ;
#2972 = EDGE_CURVE ( 'NONE', #2534, #835, #3485, .T. ) ;
#2973 = LINE ( 'NONE', #1524, #3587 ) ;
#2974 = VERTEX_POINT ( 'NONE', #3082 ) ;
#2975 = EDGE_CURVE ( 'NONE', #2710, #2866, #2526, .T. ) ;
#2976 = DIRECTION ( 'NONE',  ( -2.312964634635743450E-16, 0.000000000000000000, -1.000000000000000000 ) ) ;
#2977 = ORIENTED_EDGE ( 'NONE', *, *, #481, .T. ) ;
#2978 = LINE ( 'NONE', #2649, #3061 ) ;
#2979 = FACE_OUTER_BOUND ( 'NONE', #3374, .T. ) ;
#2980 = CARTESIAN_POINT ( 'NONE',  ( 14.99999999999999289, 2.000000000000000000, -43.00000000000000000 ) ) ;
#2981 = ORIENTED_EDGE ( 'NONE', *, *, #553, .T. ) ;
#2982 = ORIENTED_EDGE ( 'NONE', *, *, #3766, .T. ) ;
#2983 = VECTOR ( 'NONE', #373, 1000.000000000000000 ) ;
#2984 = CARTESIAN_POINT ( 'NONE',  ( 5.000000000000002665, 3.000000000000000000, -29.50000000000000355 ) ) ;
#2985 = CARTESIAN_POINT ( 'NONE',  ( 0.09990341005953246034, 0.000000000000000000, 8.160328405797502072 ) ) ;
#2986 = FACE_BOUND ( 'NONE', #3444, .T. ) ;
#2987 = EDGE_CURVE ( 'NONE', #3586, #3627, #3416, .T. ) ;
#2988 = CIRCLE ( 'NONE', #1590, 0.5000000000000004441 ) ;
#2989 = DIRECTION ( 'NONE',  ( 0.000000000000000000, 0.000000000000000000, -1.000000000000000000 ) ) ;
#2990 = VERTEX_POINT ( 'NONE', #1077 ) ;
#2991 = DIRECTION ( 'NONE',  ( -0.7071067811865521247, 0.000000000000000000, -0.7071067811865430208 ) ) ;
#2992 = CARTESIAN_POINT ( 'NONE',  ( -0.5795861608451681191, 0.000000000000000000, -8.301411567793312685 ) ) ;
#2993 = FACE_OUTER_BOUND ( 'NONE', #3380, .T. ) ;
#2994 = VECTOR ( 'NONE', #2117, 1000.000000000000114 ) ;
#2995 = ORIENTED_EDGE ( 'NONE', *, *, #770, .F. ) ;
#2996 = FACE_OUTER_BOUND ( 'NONE', #362, .T. ) ;
#2997 = ORIENTED_EDGE ( 'NONE', *, *, #3507, .F. ) ;
#2998 = ADVANCED_FACE ( 'NONE', ( #806 ), #1696, .F. ) ;
#2999 = CARTESIAN_POINT ( 'NONE',  ( -20.00000000000000000, 3.999999999999997335, 5.499999999999996447 ) ) ;
#3000 = CARTESIAN_POINT ( 'NONE',  ( -13.50000000000000533, 2.000000000000000000, -44.50000000000000711 ) ) ;
#3001 = EDGE_LOOP ( 'NONE', ( #1549, #2461, #2685, #2380 ) ) ;
#3002 = DIRECTION ( 'NONE',  ( -0.7071067811865521247, 0.000000000000000000, -0.7071067811865430208 ) ) ;
#3003 = CARTESIAN_POINT ( 'NONE',  ( -13.49999999999998046, 2.000000000000000000, 42.49999999999998579 ) ) ;
#3004 = ORIENTED_EDGE ( 'NONE', *, *, #3202, .F. ) ;
#3005 = FACE_OUTER_BOUND ( 'NONE', #759, .T. ) ;
#3006 = CARTESIAN_POINT ( 'NONE',  ( -9.500000000000003553, 0.000000000000000000, -1.778174593051782715 ) ) ;
#3007 = CARTESIAN_POINT ( 'NONE',  ( 5.000000000000002665, 4.000000000000000000, -39.49999999999999289 ) ) ;
#3008 = VERTEX_POINT ( 'NONE', #3711 ) ;
#3009 = CARTESIAN_POINT ( 'NONE',  ( -4.999999999999997335, 2.000000000000000000, -44.50000000000000711 ) ) ;
#3010 = DIRECTION ( 'NONE',  ( -0.000000000000000000, -1.000000000000000000, -0.000000000000000000 ) ) ;
#3011 = DIRECTION ( 'NONE',  ( -4.292327424963313279E-16, 0.8660254037844388186, -0.4999999999999996669 ) ) ;
#3012 = VERTEX_POINT ( 'NONE', #3379 ) ;
#3013 = EDGE_LOOP ( 'NONE', ( #1983, #2127, #3057, #3539 ) ) ;
#3014 = EDGE_CURVE ( 'NONE', #654, #2961, #185, .T. ) ;
#3015 = CARTESIAN_POINT ( 'NONE',  ( 9.500000000000001776, 0.000000000000000000, -22.52799548533330309 ) ) ;
#3016 = EDGE_LOOP ( 'NONE', ( #3020, #1469, #470, #1250 ) ) ;
#3017 = DIRECTION ( 'NONE',  ( 0.000000000000000000, 0.000000000000000000, 1.000000000000000000 ) ) ;
#3018 = ADVANCED_FACE ( 'NONE', ( #1639 ), #475, .F. ) ;
#3019 = ORIENTED_EDGE ( 'NONE', *, *, #1001, .F. ) ;
#3020 = ORIENTED_EDGE ( 'NONE', *, *, #1715, .T. ) ;
#3021 = CARTESIAN_POINT ( 'NONE',  ( 15.00000000000000355, 2.000000000000000000, 42.99999999999999289 ) ) ;
#3022 = AXIS2_PLACEMENT_3D ( 'NONE', #1423, #1693, #3727 ) ;
#3023 = DIRECTION ( 'NONE',  ( 0.000000000000000000, 0.000000000000000000, 1.000000000000000000 ) ) ;
#3024 = DIRECTION ( 'NONE',  ( 0.000000000000000000, -1.000000000000000000, -0.000000000000000000 ) ) ;
#3025 = FACE_BOUND ( 'NONE', #2617, .T. ) ;
#3026 = ORIENTED_EDGE ( 'NONE', *, *, #1580, .T. ) ;
#3027 = DIRECTION ( 'NONE',  ( 0.000000000000000000, 0.000000000000000000, 1.000000000000000000 ) ) ;
#3028 = CARTESIAN_POINT ( 'NONE',  ( 4.331763378039131140, 0.000000000000000000, -25.00000000000000000 ) ) ;
#3029 = CARTESIAN_POINT ( 'NONE',  ( -9.500000000000003553, 8.000000000000000000, -1.778174593051782715 ) ) ;
#3030 = ORIENTED_EDGE ( 'NONE', *, *, #2453, .T. ) ;
#3031 = DIRECTION ( 'NONE',  ( 0.7071067811865517916, -0.000000000000000000, -0.7071067811865433539 ) ) ;
#3032 = DIRECTION ( 'NONE',  ( -1.000000000000000000, 0.000000000000000000, 0.000000000000000000 ) ) ;
#3033 = ORIENTED_EDGE ( 'NONE', *, *, #3558, .T. ) ;
#3034 = VERTEX_POINT ( 'NONE', #1097 ) ;
#3035 = EDGE_CURVE ( 'NONE', #3786, #1396, #2247, .T. ) ;
#3036 = VERTEX_POINT ( 'NONE', #2847 ) ;
#3037 = CARTESIAN_POINT ( 'NONE',  ( -9.500000000000001776, 8.000000000000000000, 6.207106781186744193 ) ) ;
#3038 = DIRECTION ( 'NONE',  ( 8.673617379884035472E-17, 0.000000000000000000, 1.000000000000000000 ) ) ;
#3039 = DIRECTION ( 'NONE',  ( 0.000000000000000000, -0.8660254037844385966, 0.5000000000000001110 ) ) ;
#3040 = PLANE ( 'NONE',  #2738 ) ;
#3041 = ORIENTED_EDGE ( 'NONE', *, *, #3382, .F. ) ;
#3042 = AXIS2_PLACEMENT_3D ( 'NONE', #297, #20, #904 ) ;
#3043 = LINE ( 'NONE', #3613, #2502 ) ;
#3044 = DIRECTION ( 'NONE',  ( -0.000000000000000000, -1.000000000000000000, -0.000000000000000000 ) ) ;
#3045 = EDGE_CURVE ( 'NONE', #1495, #1609, #1970, .T. ) ;
#3046 = DIRECTION ( 'NONE',  ( 0.000000000000000000, -1.000000000000000000, 0.000000000000000000 ) ) ;
#3047 = AXIS2_PLACEMENT_3D ( 'NONE', #2964, #882, #343 ) ;
#3048 = CARTESIAN_POINT ( 'NONE',  ( -15.00000000000000711, 6.000000000000000000, -42.50000000000000000 ) ) ;
#3049 = AXIS2_PLACEMENT_3D ( 'NONE', #1471, #2120, #2431 ) ;
#3050 = AXIS2_PLACEMENT_3D ( 'NONE', #116, #478, #2474 ) ;
#3051 = ORIENTED_EDGE ( 'NONE', *, *, #963, .T. ) ;
#3052 = EDGE_LOOP ( 'NONE', ( #2194, #974, #1792, #677 ) ) ;
#3053 = DIRECTION ( 'NONE',  ( 0.000000000000000000, 0.000000000000000000, 1.000000000000000000 ) ) ;
#3054 = CARTESIAN_POINT ( 'NONE',  ( -15.00000000000000711, 8.000000000000000000, -43.00000000000000000 ) ) ;
#3055 = VERTEX_POINT ( 'NONE', #2337 ) ;
#3056 = AXIS2_PLACEMENT_3D ( 'NONE', #1132, #2867, #2596 ) ;
#3057 = ORIENTED_EDGE ( 'NONE', *, *, #3133, .F. ) ;
#3058 = EDGE_LOOP ( 'NONE', ( #3291, #2781, #1438, #2527 ) ) ;
#3059 = DIRECTION ( 'NONE',  ( 0.000000000000000000, 0.000000000000000000, 1.000000000000000000 ) ) ;
#3060 = EDGE_CURVE ( 'NONE', #1121, #3345, #2988, .T. ) ;
#3061 = VECTOR ( 'NONE', #3564, 1000.000000000000114 ) ;
#3062 = CARTESIAN_POINT ( 'NONE',  ( 12.00000000000000355, 7.499999999999992006, 37.47927405783629240 ) ) ;
#3063 = ORIENTED_EDGE ( 'NONE', *, *, #1003, .F. ) ;
#3064 = VECTOR ( 'NONE', #1123, 1000.000000000000000 ) ;
#3065 = ADVANCED_FACE ( 'NONE', ( #3503 ), #3205, .F. ) ;
#3066 = DIRECTION ( 'NONE',  ( 0.000000000000000000, 0.000000000000000000, -1.000000000000000000 ) ) ;
#3067 = CARTESIAN_POINT ( 'NONE',  ( -15.00000000000000711, 2.000000000000000000, -42.50000000000000000 ) ) ;
#3068 = DIRECTION ( 'NONE',  ( 1.000000000000000000, -0.000000000000000000, -0.000000000000000000 ) ) ;
#3069 = ADVANCED_FACE ( 'NONE', ( #784 ), #1117, .F. ) ;
#3070 = DIRECTION ( 'NONE',  ( 0.7071067811865512365, 0.000000000000000000, 0.7071067811865439090 ) ) ;
#3071 = DIRECTION ( 'NONE',  ( 1.000000000000000000, -0.000000000000000000, -0.000000000000000000 ) ) ;
#3072 = CARTESIAN_POINT ( 'NONE',  ( 12.00000000000000355, 7.499999999999992006, 37.47927405783629240 ) ) ;
#3073 = ORIENTED_EDGE ( 'NONE', *, *, #1813, .T. ) ;
#3074 = DIRECTION ( 'NONE',  ( 0.7071067811865474617, 0.000000000000000000, 0.7071067811865474617 ) ) ;
#3075 = CARTESIAN_POINT ( 'NONE',  ( 12.00000000000000355, 0.5000000000000016653, 37.47927405783629240 ) ) ;
#3076 = EDGE_LOOP ( 'NONE', ( #284, #3644 ) ) ;
#3077 = ORIENTED_EDGE ( 'NONE', *, *, #2854, .T. ) ;
#3078 = VERTEX_POINT ( 'NONE', #2271 ) ;
#3079 = DIRECTION ( 'NONE',  ( 0.000000000000000000, -1.000000000000000000, -0.000000000000000000 ) ) ;
#3080 = VECTOR ( 'NONE', #2863, 1000.000000000000114 ) ;
#3081 = LINE ( 'NONE', #1321, #2401 ) ;
#3082 = CARTESIAN_POINT ( 'NONE',  ( -4.331763378039132917, 8.000000000000000000, 25.49999999999998934 ) ) ;
#3083 = ORIENTED_EDGE ( 'NONE', *, *, #2386, .T. ) ;
#3084 = ADVANCED_FACE ( 'NONE', ( #1762 ), #1341, .F. ) ;
#3085 = CARTESIAN_POINT ( 'NONE',  ( -13.49999999999998401, 8.000000000000000000, 19.87867965644033674 ) ) ;
#3086 = CARTESIAN_POINT ( 'NONE',  ( -20.00000000000000000, -2.597868168706428335E-16, 13.37867965644039359 ) ) ;
#3087 = CARTESIAN_POINT ( 'NONE',  ( -4.999999999999994671, 0.000000000000000000, 25.49999999999998934 ) ) ;
#3088 = ADVANCED_FACE ( 'NONE', ( #2634 ), #2086, .F. ) ;
#3089 = CARTESIAN_POINT ( 'NONE',  ( 12.00000000000000355, 0.5000000000000016653, 37.47927405783629240 ) ) ;
#3090 = DIRECTION ( 'NONE',  ( 0.000000000000000000, -1.000000000000000000, 0.000000000000000000 ) ) ;
#3091 = CARTESIAN_POINT ( 'NONE',  ( 9.415646712035638188, 0.000000000000000000, 17.13747211898364853 ) ) ;
#3092 = ADVANCED_FACE ( 'NONE', ( #2352 ), #615, .F. ) ;
#3093 = EDGE_CURVE ( 'NONE', #144, #854, #1967, .T. ) ;
#3094 = ORIENTED_EDGE ( 'NONE', *, *, #2833, .F. ) ;
#3095 = DIRECTION ( 'NONE',  ( -1.000000000000000000, 0.000000000000000000, 1.169476500658521966E-16 ) ) ;
#3096 = FACE_BOUND ( 'NONE', #830, .T. ) ;
#3097 = ORIENTED_EDGE ( 'NONE', *, *, #764, .F. ) ;
#3098 = EDGE_CURVE ( 'NONE', #123, #1337, #968, .T. ) ;
#3099 = EDGE_LOOP ( 'NONE', ( #589, #1036, #8, #3373 ) ) ;
#3100 = VERTEX_POINT ( 'NONE', #3237 ) ;
#3101 = CARTESIAN_POINT ( 'NONE',  ( -15.00000000000000711, 1.500000000000001332, -44.50000000000000711 ) ) ;
#3102 = DIRECTION ( 'NONE',  ( 0.000000000000000000, 1.000000000000000000, 0.000000000000000000 ) ) ;
#3103 = VECTOR ( 'NONE', #2849, 1000.000000000000000 ) ;
#3104 = DIRECTION ( 'NONE',  ( 0.000000000000000000, 0.000000000000000000, 1.000000000000000000 ) ) ;
#3105 = VERTEX_POINT ( 'NONE', #95 ) ;
#3106 = CIRCLE ( 'NONE', #1584, 0.5000000000000004441 ) ;
#3107 = CARTESIAN_POINT ( 'NONE',  ( 9.915646712035638188, 0.000000000000000000, 17.13747211898364853 ) ) ;
#3108 = CARTESIAN_POINT ( 'NONE',  ( -15.00000000000000711, 6.000000000000000000, -43.00000000000000000 ) ) ;
#3109 = VECTOR ( 'NONE', #2138, 1000.000000000000000 ) ;
#3110 = ORIENTED_EDGE ( 'NONE', *, *, #3563, .F. ) ;
#3111 = LINE ( 'NONE', #1979, #1405 ) ;
#3112 = ORIENTED_EDGE ( 'NONE', *, *, #1180, .F. ) ;
#3113 = DIRECTION ( 'NONE',  ( 0.000000000000000000, 1.000000000000000000, 0.000000000000000000 ) ) ;
#3114 = DIRECTION ( 'NONE',  ( -6.938893903907225222E-15, 0.000000000000000000, 1.000000000000000000 ) ) ;
#3115 = EDGE_LOOP ( 'NONE', ( #601, #163, #2331, #2353 ) ) ;
#3116 = VECTOR ( 'NONE', #2223, 1000.000000000000000 ) ;
#3117 = EDGE_LOOP ( 'NONE', ( #213, #1589, #1911, #1201 ) ) ;
#3118 = ORIENTED_EDGE ( 'NONE', *, *, #1866, .F. ) ;
#3119 = VECTOR ( 'NONE', #943, 1000.000000000000000 ) ;
#3120 = ADVANCED_FACE ( 'NONE', ( #2996 ), #376, .F. ) ;
#3121 = CARTESIAN_POINT ( 'NONE',  ( 5.000000000000002665, 0.000000000000000000, -32.50000000000000000 ) ) ;
#3122 = EDGE_CURVE ( 'NONE', #1713, #2087, #302, .T. ) ;
#3123 = PLANE ( 'NONE',  #3022 ) ;
#3124 = DIRECTION ( 'NONE',  ( 0.000000000000000000, 1.000000000000000000, 0.000000000000000000 ) ) ;
#3125 = ORIENTED_EDGE ( 'NONE', *, *, #581, .T. ) ;
#3126 = CIRCLE ( 'NONE', #1540, 0.5000000000000004441 ) ;
#3127 = FACE_OUTER_BOUND ( 'NONE', #1355, .T. ) ;
#3128 = VECTOR ( 'NONE', #1914, 1000.000000000000000 ) ;
#3129 = ORIENTED_EDGE ( 'NONE', *, *, #1747, .T. ) ;
#3130 = CARTESIAN_POINT ( 'NONE',  ( -4.999999999999994671, 0.000000000000000000, 25.49999999999998934 ) ) ;
#3131 = CARTESIAN_POINT ( 'NONE',  ( 5.000000000000002665, 8.000000000000000000, -42.50000000000000000 ) ) ;
#3132 = CYLINDRICAL_SURFACE ( 'NONE', #3480, 0.5000000000000004441 ) ;
#3133 = EDGE_CURVE ( 'NONE', #1572, #908, #2367, .T. ) ;
#3134 = ORIENTED_EDGE ( 'NONE', *, *, #2143, .F. ) ;
#3135 = DIRECTION ( 'NONE',  ( -1.000000000000000000, 0.000000000000000000, 2.312964634635742957E-16 ) ) ;
#3136 = ORIENTED_EDGE ( 'NONE', *, *, #3322, .F. ) ;
#3137 = AXIS2_PLACEMENT_3D ( 'NONE', #228, #2319, #2298 ) ;
#3138 = ORIENTED_EDGE ( 'NONE', *, *, #2214, .T. ) ;
#3139 = ORIENTED_EDGE ( 'NONE', *, *, #2902, .T. ) ;
#3140 = EDGE_CURVE ( 'NONE', #1429, #313, #928, .T. ) ;
#3141 = LINE ( 'NONE', #3121, #348 ) ;
#3142 = VECTOR ( 'NONE', #1110, 1000.000000000000000 ) ;
#3143 = CARTESIAN_POINT ( 'NONE',  ( -9.146446609406737593, 0.000000000000000000, -17.57537879754130472 ) ) ;
#3144 = EDGE_CURVE ( 'NONE', #2412, #2703, #2955, .T. ) ;
#3145 = CARTESIAN_POINT ( 'NONE',  ( 9.500000000000001776, 0.000000000000000000, -22.02799548533330309 ) ) ;
#3146 = ORIENTED_EDGE ( 'NONE', *, *, #385, .F. ) ;
#3147 = CARTESIAN_POINT ( 'NONE',  ( -20.00000000000000000, -1.121320343559676802, -0.7928932188134878434 ) ) ;
#3148 = CARTESIAN_POINT ( 'NONE',  ( -9.500000000000005329, 8.000000000000000000, -17.72182540694803166 ) ) ;
#3149 = ORIENTED_EDGE ( 'NONE', *, *, #1432, .F. ) ;
#3150 = AXIS2_PLACEMENT_3D ( 'NONE', #2341, #652, #3521 ) ;
#3151 = CARTESIAN_POINT ( 'NONE',  ( -4.999999999999997335, 4.000000000000000000, -39.49999999999999289 ) ) ;
#3152 = CARTESIAN_POINT ( 'NONE',  ( 13.50000000000000178, 8.000000000000000000, 42.49999999999998579 ) ) ;
#3153 = ORIENTED_EDGE ( 'NONE', *, *, #2397, .F. ) ;
#3154 = CYLINDRICAL_SURFACE ( 'NONE', #586, 0.5000000000000004441 ) ;
#3155 = ORIENTED_EDGE ( 'NONE', *, *, #558, .T. ) ;
#3156 = VERTEX_POINT ( 'NONE', #3629 ) ;
#3157 = DIRECTION ( 'NONE',  ( 0.000000000000000000, -1.000000000000000000, -0.000000000000000000 ) ) ;
#3158 = LINE ( 'NONE', #2887, #3771 ) ;
#3159 = DIRECTION ( 'NONE',  ( 0.000000000000000000, 0.000000000000000000, -1.000000000000000000 ) ) ;
#3160 = EDGE_CURVE ( 'NONE', #2642, #1674, #3246, .T. ) ;
#3161 = ORIENTED_EDGE ( 'NONE', *, *, #3225, .F. ) ;
#3162 = APPLICATION_PROTOCOL_DEFINITION ( 'draft international standard', 'automotive_design', 1998, #3714 ) ;
#3163 = CARTESIAN_POINT ( 'NONE',  ( 5.000000000000002665, 2.000000000000000000, -44.50000000000000711 ) ) ;
#3164 = VECTOR ( 'NONE', #1210, 1000.000000000000000 ) ;
#3165 = ORIENTED_EDGE ( 'NONE', *, *, #3489, .F. ) ;
#3166 = ADVANCED_FACE ( 'NONE', ( #638 ), #3549, .F. ) ;
#3167 = DIRECTION ( 'NONE',  ( 0.000000000000000000, 0.000000000000000000, -1.000000000000000000 ) ) ;
#3168 = AXIS2_PLACEMENT_3D ( 'NONE', #2860, #1741, #2821 ) ;
#3169 =( NAMED_UNIT ( * ) SI_UNIT ( $, .STERADIAN. ) SOLID_ANGLE_UNIT ( ) );
#3170 = VECTOR ( 'NONE', #1537, 1000.000000000000114 ) ;
#3171 = ORIENTED_EDGE ( 'NONE', *, *, #2459, .T. ) ;
#3172 = CARTESIAN_POINT ( 'NONE',  ( -15.00000000000000533, 4.000000000000000000, -41.74999999999999289 ) ) ;
#3173 = EDGE_LOOP ( 'NONE', ( #2092, #767, #3552, #3204 ) ) ;
#3174 = VECTOR ( 'NONE', #341, 1000.000000000000227 ) ;
#3175 = ORIENTED_EDGE ( 'NONE', *, *, #1669, .F. ) ;
#3176 = EDGE_CURVE ( 'NONE', #2158, #584, #554, .T. ) ;
#3177 = CIRCLE ( 'NONE', #618, 2.000000000000001776 ) ;
#3178 = DIRECTION ( 'NONE',  ( -0.000000000000000000, -1.000000000000000000, -0.000000000000000000 ) ) ;
#3179 = CYLINDRICAL_SURFACE ( 'NONE', #3459, 1.899999999999999689 ) ;
#3180 = ORIENTED_EDGE ( 'NONE', *, *, #2326, .F. ) ;
#3181 = EDGE_CURVE ( 'NONE', #1674, #2478, #1908, .T. ) ;
#3182 = EDGE_CURVE ( 'NONE', #1337, #1713, #2399, .T. ) ;
#3183 = DIRECTION ( 'NONE',  ( 0.000000000000000000, 0.000000000000000000, -1.000000000000000000 ) ) ;
#3184 = ORIENTED_EDGE ( 'NONE', *, *, #3122, .F. ) ;
#3185 = ADVANCED_FACE ( 'NONE', ( #1805 ), #365, .F. ) ;
#3186 = CARTESIAN_POINT ( 'NONE',  ( -20.00000000000000000, 11.64010340559431889, 8.230796051808487945 ) ) ;
#3187 = DIRECTION ( 'NONE',  ( 1.000000000000000000, -0.000000000000000000, -0.000000000000000000 ) ) ;
#3188 = DIRECTION ( 'NONE',  ( 0.000000000000000000, 0.000000000000000000, 1.000000000000000000 ) ) ;
#3189 = AXIS2_PLACEMENT_3D ( 'NONE', #2603, #2315, #18 ) ;
#3190 = ADVANCED_FACE ( 'NONE', ( #2963 ), #60, .T. ) ;
#3191 = ORIENTED_EDGE ( 'NONE', *, *, #867, .T. ) ;
#3192 = DIRECTION ( 'NONE',  ( -1.000000000000000000, 0.000000000000000000, 0.000000000000000000 ) ) ;
#3193 = EDGE_LOOP ( 'NONE', ( #1472, #3281, #737, #3749, #3742, #3502, #2226, #2600 ) ) ;
#3194 = DIRECTION ( 'NONE',  ( -0.000000000000000000, 1.000000000000000000, 0.000000000000000000 ) ) ;
#3195 = CARTESIAN_POINT ( 'NONE',  ( 0.9953334881612210250, 0.000000000000000000, -14.50466651183891820 ) ) ;
#3196 = ORIENTED_EDGE ( 'NONE', *, *, #3659, .T. ) ;
#3197 = ADVANCED_FACE ( 'NONE', ( #2463 ), #2443, .F. ) ;
#3198 = DIRECTION ( 'NONE',  ( 0.000000000000000000, 0.000000000000000000, 1.000000000000000000 ) ) ;
#3199 = VERTEX_POINT ( 'NONE', #2729 ) ;
#3200 = DIRECTION ( 'NONE',  ( 0.6785983445458485530, 0.6785983445458485530, 0.2810846377148130681 ) ) ;
#3201 = LINE ( 'NONE', #2334, #608 ) ;
#3202 = EDGE_CURVE ( 'NONE', #3605, #2961, #742, .T. ) ;
#3203 = VECTOR ( 'NONE', #2725, 1000.000000000000000 ) ;
#3204 = ORIENTED_EDGE ( 'NONE', *, *, #3571, .F. ) ;
#3205 = PLANE ( 'NONE',  #1835 ) ;
#3206 = ORIENTED_EDGE ( 'NONE', *, *, #3758, .T. ) ;
#3207 = EDGE_CURVE ( 'NONE', #3686, #517, #1824, .T. ) ;
#3208 = DIRECTION ( 'NONE',  ( 1.169476500658521966E-16, 0.000000000000000000, 1.000000000000000000 ) ) ;
#3209 = ORIENTED_EDGE ( 'NONE', *, *, #3762, .F. ) ;
#3210 = DIRECTION ( 'NONE',  ( 0.000000000000000000, -1.000000000000000000, 0.000000000000000000 ) ) ;
#3211 = ORIENTED_EDGE ( 'NONE', *, *, #289, .T. ) ;
#3212 = EDGE_CURVE ( 'NONE', #908, #2691, #1523, .T. ) ;
#3213 = EDGE_CURVE ( 'NONE', #975, #3105, #304, .T. ) ;
#3214 = CARTESIAN_POINT ( 'NONE',  ( -15.00000000000000000, -2.168404344970998613E-15, 20.49999999999996447 ) ) ;
#3215 = CIRCLE ( 'NONE', #2068, 2.000000000000001776 ) ;
#3216 = FACE_OUTER_BOUND ( 'NONE', #1127, .T. ) ;
#3217 = ORIENTED_EDGE ( 'NONE', *, *, #3213, .F. ) ;
#3218 = VECTOR ( 'NONE', #3079, 1000.000000000000000 ) ;
#3219 = EDGE_CURVE ( 'NONE', #3706, #3417, #388, .T. ) ;
#3220 = ORIENTED_EDGE ( 'NONE', *, *, #2782, .F. ) ;
#3221 = DIRECTION ( 'NONE',  ( 0.7071067811865517916, 0.000000000000000000, -0.7071067811865433539 ) ) ;
#3222 = EDGE_CURVE ( 'NONE', #3661, #3449, #3177, .T. ) ;
#3223 = VECTOR ( 'NONE', #683, 1000.000000000000114 ) ;
#3224 = LINE ( 'NONE', #634, #1807 ) ;
#3225 = EDGE_CURVE ( 'NONE', #2633, #696, #2740, .T. ) ;
#3226 = ORIENTED_EDGE ( 'NONE', *, *, #2254, .F. ) ;
#3227 = VERTEX_POINT ( 'NONE', #3334 ) ;
#3228 = DIRECTION ( 'NONE',  ( -1.000000000000000000, 0.000000000000000000, 0.000000000000000000 ) ) ;
#3229 = CIRCLE ( 'NONE', #497, 0.5000000000000004441 ) ;
#3230 = CARTESIAN_POINT ( 'NONE',  ( -15.00000000000000000, 6.499999999999984901, 20.49999999999996803 ) ) ;
#3231 = VERTEX_POINT ( 'NONE', #956 ) ;
#3232 = VECTOR ( 'NONE', #2428, 1000.000000000000000 ) ;
#3233 = AXIS2_PLACEMENT_3D ( 'NONE', #2323, #3520, #3208 ) ;
#3234 = CARTESIAN_POINT ( 'NONE',  ( 10.00000000000000178, 0.000000000000000000, -5.500000000000254907 ) ) ;
#3235 = DIRECTION ( 'NONE',  ( -0.6546536707079770867, -0.6546536707079770867, -0.3779644730092273086 ) ) ;
#3236 = ORIENTED_EDGE ( 'NONE', *, *, #2279, .T. ) ;
#3237 = CARTESIAN_POINT ( 'NONE',  ( 9.500000000000001776, 0.000000000000000000, -22.52799548533330309 ) ) ;
#3238 = ORIENTED_EDGE ( 'NONE', *, *, #3212, .F. ) ;
#3239 = VECTOR ( 'NONE', #3756, 1000.000000000000000 ) ;
#3240 = LINE ( 'NONE', #2457, #1790 ) ;
#3241 = CARTESIAN_POINT ( 'NONE',  ( -20.00000000000000000, -6.306770072261039140, 4.459559885480222086 ) ) ;
#3242 = CARTESIAN_POINT ( 'NONE',  ( -1.348886878754494090, 8.000000000000000000, 14.35821990243216462 ) ) ;
#3243 = ORIENTED_EDGE ( 'NONE', *, *, #3518, .T. ) ;
#3244 = EDGE_CURVE ( 'NONE', #3227, #3438, #106, .T. ) ;
#3245 = VERTEX_POINT ( 'NONE', #431 ) ;
#3246 = LINE ( 'NONE', #65, #1408 ) ;
#3247 = EDGE_CURVE ( 'NONE', #1609, #1386, #1258, .T. ) ;
#3248 = ADVANCED_FACE ( 'NONE', ( #2421 ), #2329, .T. ) ;
#3249 = LINE ( 'NONE', #30, #3676 ) ;
#3250 = VERTEX_POINT ( 'NONE', #2434 ) ;
#3251 = DIRECTION ( 'NONE',  ( -1.000000000000000000, 0.000000000000000000, 0.000000000000000000 ) ) ;
#3252 = DIRECTION ( 'NONE',  ( 0.000000000000000000, 2.146163712481650723E-16, 1.000000000000000000 ) ) ;
#3253 = DIRECTION ( 'NONE',  ( 0.7071067811865475727, 0.7071067811865475727, -8.269447640539548005E-17 ) ) ;
#3254 = CARTESIAN_POINT ( 'NONE',  ( 5.000000000000002665, 4.000000000000000000, -41.74999999999999289 ) ) ;
#3255 = CARTESIAN_POINT ( 'NONE',  ( 13.49999999999999112, 8.000000000000000000, -44.50000000000000711 ) ) ;
#3256 = VERTEX_POINT ( 'NONE', #3581 ) ;
#3257 = AXIS2_PLACEMENT_3D ( 'NONE', #233, #3469, #1406 ) ;
#3258 = ORIENTED_EDGE ( 'NONE', *, *, #1491, .F. ) ;
#3259 = CARTESIAN_POINT ( 'NONE',  ( -4.999999999999997335, 3.000000000000000000, 29.49999999999998934 ) ) ;
#3260 = VECTOR ( 'NONE', #583, 1000.000000000000000 ) ;
#3261 = LINE ( 'NONE', #951, #3400 ) ;
#3262 = DIRECTION ( 'NONE',  ( 0.000000000000000000, 0.000000000000000000, 1.000000000000000000 ) ) ;
#3263 = ORIENTED_EDGE ( 'NONE', *, *, #2285, .T. ) ;
#3264 = CARTESIAN_POINT ( 'NONE',  ( -9.500000000000001776, 0.000000000000000000, 6.707106781186745081 ) ) ;
#3265 = ADVANCED_FACE ( 'NONE', ( #2123 ), #3601, .F. ) ;
#3266 = LINE ( 'NONE', #2193, #3 ) ;
#3267 = ORIENTED_EDGE ( 'NONE', *, *, #1701, .T. ) ;
#3268 = DIRECTION ( 'NONE',  ( -0.000000000000000000, 1.000000000000000000, -0.000000000000000000 ) ) ;
#3269 = CARTESIAN_POINT ( 'NONE',  ( 9.915646712035638188, 8.000000000000000000, 17.13747211898364853 ) ) ;
#3270 = PLANE ( 'NONE',  #988 ) ;
#3271 = ADVANCED_FACE ( 'NONE', ( #971 ), #3280, .F. ) ;
#3272 = AXIS2_PLACEMENT_3D ( 'NONE', #2345, #2362, #3528 ) ;
#3273 = DIRECTION ( 'NONE',  ( -0.000000000000000000, 0.000000000000000000, 1.000000000000000000 ) ) ;
#3274 = EDGE_LOOP ( 'NONE', ( #3161, #563, #776, #2016 ) ) ;
#3275 = VECTOR ( 'NONE', #754, 1000.000000000000000 ) ;
#3276 = DIRECTION ( 'NONE',  ( 0.000000000000000000, 0.000000000000000000, -1.000000000000000000 ) ) ;
#3277 = VERTEX_POINT ( 'NONE', #3000 ) ;
#3278 = AXIS2_PLACEMENT_3D ( 'NONE', #1637, #3689, #3708 ) ;
#3279 = CARTESIAN_POINT ( 'NONE',  ( -15.00000000000000533, 4.000000000000000000, -39.49999999999999289 ) ) ;
#3280 = PLANE ( 'NONE',  #2142 ) ;
#3281 = ORIENTED_EDGE ( 'NONE', *, *, #3536, .F. ) ;
#3282 = DIRECTION ( 'NONE',  ( -0.000000000000000000, -1.000000000000000000, -0.000000000000000000 ) ) ;
#3283 = CARTESIAN_POINT ( 'NONE',  ( 5.000000000000002665, 0.000000000000000000, -44.50000000000000711 ) ) ;
#3284 = ORIENTED_EDGE ( 'NONE', *, *, #2418, .T. ) ;
#3285 = ORIENTED_EDGE ( 'NONE', *, *, #1087, .T. ) ;
#3286 = AXIS2_PLACEMENT_3D ( 'NONE', #3421, #206, #3456 ) ;
#3287 = CARTESIAN_POINT ( 'NONE',  ( -14.99999999999999645, 6.000000000000000000, 44.49999999999999289 ) ) ;
#3288 = CARTESIAN_POINT ( 'NONE',  ( -8.792893218813448541, 8.000000000000000000, -25.50000000000000000 ) ) ;
#3289 = VECTOR ( 'NONE', #1489, 1000.000000000000000 ) ;
#3290 = LINE ( 'NONE', #3437, #1221 ) ;
#3291 = ORIENTED_EDGE ( 'NONE', *, *, #2390, .F. ) ;
#3292 = DIRECTION ( 'NONE',  ( 1.000000000000000000, -0.000000000000000000, -0.000000000000000000 ) ) ;
#3293 = VECTOR ( 'NONE', #3409, 1000.000000000000000 ) ;
#3294 = CYLINDRICAL_SURFACE ( 'NONE', #2930, 2.999999999999999112 ) ;
#3295 = CARTESIAN_POINT ( 'NONE',  ( 0.9953334881612225793, 0.000000000000000000, -14.50466651183891642 ) ) ;
#3296 = EDGE_CURVE ( 'NONE', #3227, #519, #1548, .T. ) ;
#3297 = ADVANCED_FACE ( 'NONE', ( #2723 ), #1351, .T. ) ;
#3298 = DIRECTION ( 'NONE',  ( 1.000000000000000000, 0.000000000000000000, 0.000000000000000000 ) ) ;
#3299 = EDGE_LOOP ( 'NONE', ( #2546, #1356, #1130, #1746 ) ) ;
#3300 = EDGE_CURVE ( 'NONE', #2022, #1108, #3370, .T. ) ;
#3301 = EDGE_CURVE ( 'NONE', #331, #2814, #2679, .T. ) ;
#3302 = DIRECTION ( 'NONE',  ( -0.9593655015712709844, 0.000000000000000000, -0.2821663239915486732 ) ) ;
#3303 = ORIENTED_EDGE ( 'NONE', *, *, #3300, .F. ) ;
#3304 = CARTESIAN_POINT ( 'NONE',  ( -15.00000000000000355, 6.499999999999999112, -9.499999999999959144 ) ) ;
#3305 = DIRECTION ( 'NONE',  ( 0.000000000000000000, 1.000000000000000000, 0.000000000000000000 ) ) ;
#3306 = ORIENTED_EDGE ( 'NONE', *, *, #1059, .T. ) ;
#3307 = CARTESIAN_POINT ( 'NONE',  ( 14.00000000000001599, 0.5000000000000084377, 41.52072594216366497 ) ) ;
#3308 = DIRECTION ( 'NONE',  ( 0.000000000000000000, 1.000000000000000000, -0.000000000000000000 ) ) ;
#3309 = AXIS2_PLACEMENT_3D ( 'NONE', #1450, #1849, #3188 ) ;
#3310 = ORIENTED_EDGE ( 'NONE', *, *, #2348, .F. ) ;
#3311 = VERTEX_POINT ( 'NONE', #2805 ) ;
#3312 = FACE_OUTER_BOUND ( 'NONE', #1985, .T. ) ;
#3313 = CARTESIAN_POINT ( 'NONE',  ( 9.500000000000001776, 0.000000000000000000, -6.707106781186791267 ) ) ;
#3314 = FACE_OUTER_BOUND ( 'NONE', #3117, .T. ) ;
#3315 = DIRECTION ( 'NONE',  ( -0.7071067811865474617, 0.000000000000000000, -0.7071067811865474617 ) ) ;
#3316 = ORIENTED_EDGE ( 'NONE', *, *, #1860, .F. ) ;
#3317 = DIRECTION ( 'NONE',  ( 4.292327424963322153E-16, 0.8660254037844381525, 0.5000000000000007772 ) ) ;
#3318 = ADVANCED_FACE ( 'NONE', ( #797 ), #3685, .F. ) ;
#3319 = LINE ( 'NONE', #1344, #3109 ) ;
#3320 = LINE ( 'NONE', #3387, #2790 ) ;
#3321 = ORIENTED_EDGE ( 'NONE', *, *, #2320, .F. ) ;
#3322 = EDGE_CURVE ( 'NONE', #3599, #3036, #2168, .T. ) ;
#3323 = EDGE_CURVE ( 'NONE', #290, #1707, #467, .T. ) ;
#3324 = ORIENTED_EDGE ( 'NONE', *, *, #181, .F. ) ;
#3325 = CARTESIAN_POINT ( 'NONE',  ( 13.49999999999999112, 2.000000000000000000, -44.50000000000000711 ) ) ;
#3326 = CARTESIAN_POINT ( 'NONE',  ( 12.00000000000000355, 7.499999999999992895, 41.52072594216367918 ) ) ;
#3327 = PLANE ( 'NONE',  #1444 ) ;
#3328 = AXIS2_PLACEMENT_3D ( 'NONE', #2269, #2005, #275 ) ;
#3329 = ORIENTED_EDGE ( 'NONE', *, *, #2582, .T. ) ;
#3330 = ORIENTED_EDGE ( 'NONE', *, *, #1106, .F. ) ;
#3331 = EDGE_CURVE ( 'NONE', #3686, #2956, #3348, .T. ) ;
#3332 = LINE ( 'NONE', #387, #3349 ) ;
#3333 = VECTOR ( 'NONE', #2246, 1000.000000000000000 ) ;
#3334 = CARTESIAN_POINT ( 'NONE',  ( -10.00000000000000178, 0.000000000000000000, 6.707106781186745081 ) ) ;
#3335 = CARTESIAN_POINT ( 'NONE',  ( -4.999999999999997335, 3.000000000000000000, -32.50000000000000000 ) ) ;
#3336 = CARTESIAN_POINT ( 'NONE',  ( 5.000000000000000888, 0.000000000000000000, 44.49999999999999289 ) ) ;
#3337 = AXIS2_PLACEMENT_3D ( 'NONE', #1857, #1468, #316 ) ;
#3338 = ORIENTED_EDGE ( 'NONE', *, *, #3744, .T. ) ;
#3339 = CARTESIAN_POINT ( 'NONE',  ( -15.00000000000000533, 4.000000000000000000, -41.74999999999999289 ) ) ;
#3340 = DIRECTION ( 'NONE',  ( -2.509888028313342989E-32, 1.000000000000000000, -2.146163712481650723E-16 ) ) ;
#3341 = DIRECTION ( 'NONE',  ( 0.000000000000000000, 0.000000000000000000, 1.000000000000000000 ) ) ;
#3342 = DIRECTION ( 'NONE',  ( 0.000000000000000000, 1.000000000000000000, 0.000000000000000000 ) ) ;
#3343 = ORIENTED_EDGE ( 'NONE', *, *, #1411, .F. ) ;
#3344 = EDGE_CURVE ( 'NONE', #2132, #2204, #3229, .T. ) ;
#3345 = VERTEX_POINT ( 'NONE', #1385 ) ;
#3346 = EDGE_CURVE ( 'NONE', #3431, #2227, #1594, .T. ) ;
#3347 = CARTESIAN_POINT ( 'NONE',  ( -0.2260327702518971638, 8.000000000000000000, -8.654964958386587526 ) ) ;
#3348 = LINE ( 'NONE', #1072, #2384 ) ;
#3349 = VECTOR ( 'NONE', #938, 1000.000000000000000 ) ;
#3350 = ORIENTED_EDGE ( 'NONE', *, *, #1459, .F. ) ;
#3351 = ORIENTED_EDGE ( 'NONE', *, *, #3346, .T. ) ;
#3352 = ADVANCED_FACE ( 'NONE', ( #141 ), #1314, .T. ) ;
#3353 = CARTESIAN_POINT ( 'NONE',  ( -4.999999999999997335, 5.000000000000000000, -29.50000000000000355 ) ) ;
#3354 = AXIS2_PLACEMENT_3D ( 'NONE', #2073, #3584, #2939 ) ;
#3355 = CARTESIAN_POINT ( 'NONE',  ( -13.50000000000000533, 2.000000000000000000, -42.50000000000000000 ) ) ;
#3356 = ADVANCED_FACE ( 'NONE', ( #1906 ), #2536, .T. ) ;
#3357 = DIRECTION ( 'NONE',  ( 1.000000000000000000, -0.000000000000000000, -1.169476500658521966E-16 ) ) ;
#3358 = ORIENTED_EDGE ( 'NONE', *, *, #1202, .T. ) ;
#3359 = CARTESIAN_POINT ( 'NONE',  ( -4.999999999999997335, 5.000000000000000000, 29.49999999999998934 ) ) ;
#3360 = VECTOR ( 'NONE', #2054, 1000.000000000000000 ) ;
#3361 = CARTESIAN_POINT ( 'NONE',  ( 1.348886878754493424, 8.000000000000000000, -14.85821990243219304 ) ) ;
#3362 = LINE ( 'NONE', #2491, #1338 ) ;
#3363 = AXIS2_PLACEMENT_3D ( 'NONE', #3151, #3187, #2602 ) ;
#3364 = LINE ( 'NONE', #1956, #3275 ) ;
#3365 = CARTESIAN_POINT ( 'NONE',  ( 13.49999999999999112, 6.000000000000000000, -44.50000000000000711 ) ) ;
#3366 = CARTESIAN_POINT ( 'NONE',  ( 15.00000000000000355, 8.000000000000000000, 42.99999999999999289 ) ) ;
#3367 = CIRCLE ( 'NONE', #3363, 2.250000000000001776 ) ;
#3368 = AXIS2_PLACEMENT_3D ( 'NONE', #2346, #3513, #1485 ) ;
#3369 = LINE ( 'NONE', #3721, #892 ) ;
#3370 = LINE ( 'NONE', #736, #3293 ) ;
#3371 = ORIENTED_EDGE ( 'NONE', *, *, #2734, .F. ) ;
#3372 = CIRCLE ( 'NONE', #267, 0.5000000000000000000 ) ;
#3373 = ORIENTED_EDGE ( 'NONE', *, *, #1701, .F. ) ;
#3374 = EDGE_LOOP ( 'NONE', ( #36, #3453, #2172, #2741 ) ) ;
#3375 = FACE_BOUND ( 'NONE', #3702, .T. ) ;
#3376 = LINE ( 'NONE', #473, #1007 ) ;
#3377 = EDGE_CURVE ( 'NONE', #835, #3034, #2481, .T. ) ;
#3378 = EDGE_CURVE ( 'NONE', #271, #1429, #2241, .T. ) ;
#3379 = CARTESIAN_POINT ( 'NONE',  ( -20.00000000000000000, 3.999999999999997335, 3.599999999999996092 ) ) ;
#3380 = EDGE_LOOP ( 'NONE', ( #877, #1002, #160, #3734 ) ) ;
#3381 = AXIS2_PLACEMENT_3D ( 'NONE', #1978, #792, #209 ) ;
#3382 = EDGE_CURVE ( 'NONE', #918, #1613, #713, .T. ) ;
#3383 = DIRECTION ( 'NONE',  ( 1.000000000000000000, -0.000000000000000000, 0.000000000000000000 ) ) ;
#3384 = DIRECTION ( 'NONE',  ( -0.000000000000000000, -1.000000000000000000, 0.000000000000000000 ) ) ;
#3385 = PLANE ( 'NONE',  #1856 ) ;
#3386 = ADVANCED_FACE ( 'NONE', ( #1631 ), #159, .T. ) ;
#3387 = CARTESIAN_POINT ( 'NONE',  ( -10.00000000000000355, 0.000000000000000000, -1.571067811865233699 ) ) ;
#3388 = VECTOR ( 'NONE', #1417, 1000.000000000000000 ) ;
#3389 = LINE ( 'NONE', #2778, #63 ) ;
#3390 = CARTESIAN_POINT ( 'NONE',  ( -3.609824049581406236, 0.000000000000000000, 3.773401768576890358 ) ) ;
#3391 = DIRECTION ( 'NONE',  ( -0.2821663239915486732, -0.000000000000000000, 0.9593655015712709844 ) ) ;
#3392 = ORIENTED_EDGE ( 'NONE', *, *, #3718, .F. ) ;
#3393 = ORIENTED_EDGE ( 'NONE', *, *, #1889, .T. ) ;
#3394 = EDGE_LOOP ( 'NONE', ( #62, #2748, #1241, #1635 ) ) ;
#3395 = AXIS2_PLACEMENT_3D ( 'NONE', #2999, #357, #320 ) ;
#3396 = CARTESIAN_POINT ( 'NONE',  ( 9.915646712035636412, 8.000000000000000000, 1.486714523900815266 ) ) ;
#3397 = CARTESIAN_POINT ( 'NONE',  ( 5.454545454545459471, 0.000000000000000000, -10.04545454545473859 ) ) ;
#3398 = ORIENTED_EDGE ( 'NONE', *, *, #2987, .F. ) ;
#3399 = EDGE_CURVE ( 'NONE', #890, #3078, #1929, .T. ) ;
#3400 = VECTOR ( 'NONE', #911, 1000.000000000000000 ) ;
#3401 = CARTESIAN_POINT ( 'NONE',  ( -8.792893218813448541, 0.000000000000000000, -24.99999999999999645 ) ) ;
#3402 = CARTESIAN_POINT ( 'NONE',  ( -3.609824049581406236, 8.000000000000000000, 3.773401768576890358 ) ) ;
#3403 = CARTESIAN_POINT ( 'NONE',  ( 15.00000000000000355, 8.000000000000000000, 42.49999999999998579 ) ) ;
#3404 = CARTESIAN_POINT ( 'NONE',  ( 4.331763378039131140, 8.000000000000000000, -25.00000000000000000 ) ) ;
#3405 = EDGE_CURVE ( 'NONE', #2557, #3417, #175, .T. ) ;
#3406 = CARTESIAN_POINT ( 'NONE',  ( -4.999999999999997335, 0.000000000000000000, 44.49999999999999289 ) ) ;
#3407 = ORIENTED_EDGE ( 'NONE', *, *, #330, .F. ) ;
#3408 = DIRECTION ( 'NONE',  ( 0.000000000000000000, 1.000000000000000000, 0.000000000000000000 ) ) ;
#3409 = DIRECTION ( 'NONE',  ( -0.7071067811865514585, 0.000000000000000000, -0.7071067811865435759 ) ) ;
#3410 = ORIENTED_EDGE ( 'NONE', *, *, #764, .T. ) ;
#3411 = ORIENTED_EDGE ( 'NONE', *, *, #1606, .T. ) ;
#3412 = ORIENTED_EDGE ( 'NONE', *, *, #3515, .F. ) ;
#3413 = PLANE ( 'NONE',  #2442 ) ;
#3414 = CARTESIAN_POINT ( 'NONE',  ( -11.18933982822008666, 8.000000000000000000, -11.18933982822022166 ) ) ;
#3415 = VECTOR ( 'NONE', #1194, 1000.000000000000000 ) ;
#3416 = LINE ( 'NONE', #2831, #992 ) ;
#3417 = VERTEX_POINT ( 'NONE', #778 ) ;
#3418 = AXIS2_PLACEMENT_3D ( 'NONE', #2245, #2749, #803 ) ;
#3419 = ADVANCED_FACE ( 'NONE', ( #3096, #253 ), #3484, .F. ) ;
#3420 = AXIS2_PLACEMENT_3D ( 'NONE', #3544, #653, #3522 ) ;
#3421 = CARTESIAN_POINT ( 'NONE',  ( 9.915646712035638188, 0.000000000000000000, 18.34457890017018755 ) ) ;
#3422 = LINE ( 'NONE', #3680, #1474 ) ;
#3423 = ORIENTED_EDGE ( 'NONE', *, *, #1935, .F. ) ;
#3424 = VECTOR ( 'NONE', #2360, 1000.000000000000000 ) ;
#3425 = DIRECTION ( 'NONE',  ( 0.000000000000000000, 0.000000000000000000, 1.000000000000000000 ) ) ;
#3426 = DIRECTION ( 'NONE',  ( -0.000000000000000000, 0.000000000000000000, 1.000000000000000000 ) ) ;
#3427 = VECTOR ( 'NONE', #410, 1000.000000000000000 ) ;
#3428 = ORIENTED_EDGE ( 'NONE', *, *, #437, .F. ) ;
#3429 = ADVANCED_FACE ( 'NONE', ( #521 ), #2666, .F. ) ;
#3430 = DIRECTION ( 'NONE',  ( 0.000000000000000000, -1.000000000000000000, 0.000000000000000000 ) ) ;
#3431 = VERTEX_POINT ( 'NONE', #1346 ) ;
#3432 = AXIS2_PLACEMENT_3D ( 'NONE', #3621, #3071, #462 ) ;
#3433 = ORIENTED_EDGE ( 'NONE', *, *, #3219, .F. ) ;
#3434 = ORIENTED_EDGE ( 'NONE', *, *, #2501, .F. ) ;
#3435 = CARTESIAN_POINT ( 'NONE',  ( -9.146446609406734041, 0.000000000000000000, -17.57537879754130472 ) ) ;
#3436 = DIRECTION ( 'NONE',  ( 1.000000000000000000, 0.000000000000000000, 0.000000000000000000 ) ) ;
#3437 = CARTESIAN_POINT ( 'NONE',  ( 12.00000000000000355, 4.000000000000008882, 43.54145188432736546 ) ) ;
#3438 = VERTEX_POINT ( 'NONE', #1900 ) ;
#3439 = CARTESIAN_POINT ( 'NONE',  ( -0.09990341005953250197, 8.000000000000000000, -8.160328405797537599 ) ) ;
#3440 = CIRCLE ( 'NONE', #375, 0.5000000000000004441 ) ;
#3441 = LINE ( 'NONE', #2235, #2842 ) ;
#3442 = ORIENTED_EDGE ( 'NONE', *, *, #2232, .T. ) ;
#3443 = DIRECTION ( 'NONE',  ( -0.7071067811865474617, 0.7071067811865474617, 0.000000000000000000 ) ) ;
#3444 = EDGE_LOOP ( 'NONE', ( #1544, #552 ) ) ;
#3445 = DIRECTION ( 'NONE',  ( 0.000000000000000000, 0.000000000000000000, 1.000000000000000000 ) ) ;
#3446 = DIRECTION ( 'NONE',  ( 1.000000000000000000, 0.000000000000000000, -0.000000000000000000 ) ) ;
#3447 = EDGE_CURVE ( 'NONE', #303, #2767, #438, .T. ) ;
#3448 = VERTEX_POINT ( 'NONE', #791 ) ;
#3449 = VERTEX_POINT ( 'NONE', #3365 ) ;
#3450 = DIRECTION ( 'NONE',  ( 0.000000000000000000, 0.000000000000000000, 1.000000000000000000 ) ) ;
#3451 = FACE_BOUND ( 'NONE', #630, .T. ) ;
#3452 = EDGE_CURVE ( 'NONE', #1949, #3277, #138, .T. ) ;
#3453 = ORIENTED_EDGE ( 'NONE', *, *, #3694, .T. ) ;
#3454 = DIRECTION ( 'NONE',  ( 1.000000000000000000, 0.000000000000000000, 0.000000000000000000 ) ) ;
#3455 = APPLICATION_PROTOCOL_DEFINITION ( 'draft international standard', 'automotive_design', 1998, #578 ) ;
#3456 = DIRECTION ( 'NONE',  ( -1.029029203971268260E-16, 0.000000000000000000, -1.000000000000000000 ) ) ;
#3457 = CIRCLE ( 'NONE', #1686, 2.250000000000001776 ) ;
#3458 = ORIENTED_EDGE ( 'NONE', *, *, #272, .T. ) ;
#3459 = AXIS2_PLACEMENT_3D ( 'NONE', #2287, #1391, #2608 ) ;
#3460 = DIRECTION ( 'NONE',  ( -1.000000000000000000, 0.000000000000000000, 9.144372052005619048E-17 ) ) ;
#3461 = DIRECTION ( 'NONE',  ( -5.071795850738859728E-32, -1.000000000000000000, -4.336808689942017736E-16 ) ) ;
#3462 = SURFACE_STYLE_FILL_AREA ( #816 ) ;
#3463 = ORIENTED_EDGE ( 'NONE', *, *, #2471, .F. ) ;
#3464 = CYLINDRICAL_SURFACE ( 'NONE', #94, 0.5000000000000004441 ) ;
#3465 = VECTOR ( 'NONE', #2252, 1000.000000000000000 ) ;
#3466 = EDGE_LOOP ( 'NONE', ( #2997, #2119, #1248, #3778 ) ) ;
#3467 = ORIENTED_EDGE ( 'NONE', *, *, #2705, .T. ) ;
#3468 = CARTESIAN_POINT ( 'NONE',  ( -11.18933982822009021, 0.000000000000000000, -11.18933982822022521 ) ) ;
#3469 = DIRECTION ( 'NONE',  ( 0.000000000000000000, 1.000000000000000000, 0.000000000000000000 ) ) ;
#3470 = ADVANCED_FACE ( 'NONE', ( #1008 ), #2164, .F. ) ;
#3471 = ORIENTED_EDGE ( 'NONE', *, *, #1038, .T. ) ;
#3472 = LINE ( 'NONE', #846, #115 ) ;
#3473 = CIRCLE ( 'NONE', #1645, 0.5000000000000004441 ) ;
#3474 = EDGE_CURVE ( 'NONE', #2803, #2534, #1067, .T. ) ;
#3475 = DIRECTION ( 'NONE',  ( 1.000000000000000000, 0.000000000000000000, 0.000000000000000000 ) ) ;
#3476 = DIRECTION ( 'NONE',  ( 1.000000000000000000, 0.000000000000000000, 1.445602896647338917E-16 ) ) ;
#3477 = ORIENTED_EDGE ( 'NONE', *, *, #1218, .F. ) ;
#3478 = CARTESIAN_POINT ( 'NONE',  ( -15.00000000000000000, 3.999999999999997335, 5.499999999999995559 ) ) ;
#3479 = DIRECTION ( 'NONE',  ( -1.169476500658521966E-16, 0.000000000000000000, -1.000000000000000000 ) ) ;
#3480 = AXIS2_PLACEMENT_3D ( 'NONE', #3514, #1505, #1199 ) ;
#3481 = AXIS2_PLACEMENT_3D ( 'NONE', #3401, #848, #2311 ) ;
#3482 = VERTEX_POINT ( 'NONE', #2800 ) ;
#3483 = CARTESIAN_POINT ( 'NONE',  ( 0.5795861608451680080, 0.000000000000000000, 8.301411567793277158 ) ) ;
#3484 = PLANE ( 'NONE',  #1230 ) ;
#3485 = CIRCLE ( 'NONE', #2023, 0.5000000000000004441 ) ;
#3486 = ORIENTED_EDGE ( 'NONE', *, *, #2940, .F. ) ;
#3487 = AXIS2_PLACEMENT_3D ( 'NONE', #2033, #2838, #1138 ) ;
#3488 = DIRECTION ( 'NONE',  ( -1.000000000000000000, 0.000000000000000000, 0.000000000000000000 ) ) ;
#3489 = EDGE_CURVE ( 'NONE', #2956, #2132, #2205, .T. ) ;
#3490 = CARTESIAN_POINT ( 'NONE',  ( 15.00000000000000355, 6.499999999999998224, 36.90192378864666267 ) ) ;
#3491 = ORIENTED_EDGE ( 'NONE', *, *, #2283, .F. ) ;
#3492 = VECTOR ( 'NONE', #3488, 1000.000000000000000 ) ;
#3493 = CARTESIAN_POINT ( 'NONE',  ( -4.999999999999997335, 8.000000000000000000, -42.50000000000000000 ) ) ;
#3494 = ORIENTED_EDGE ( 'NONE', *, *, #3735, .T. ) ;
#3495 = EDGE_CURVE ( 'NONE', #2990, #1842, #3389, .T. ) ;
#3496 = ADVANCED_FACE ( 'NONE', ( #555 ), #1153, .T. ) ;
#3497 = DIRECTION ( 'NONE',  ( 1.000000000000000000, 0.000000000000000000, 0.000000000000000000 ) ) ;
#3498 = CARTESIAN_POINT ( 'NONE',  ( -4.999999999999997335, 5.000000000000000000, -32.50000000000000000 ) ) ;
#3499 = CIRCLE ( 'NONE', #3309, 0.5000000000000004441 ) ;
#3500 = DIRECTION ( 'NONE',  ( 0.2821663239915488952, -0.000000000000000000, -0.9593655015712708733 ) ) ;
#3501 = EDGE_CURVE ( 'NONE', #324, #1697, #1777, .T. ) ;
#3502 = ORIENTED_EDGE ( 'NONE', *, *, #1747, .F. ) ;
#3503 = FACE_OUTER_BOUND ( 'NONE', #1608, .T. ) ;
#3504 = EDGE_LOOP ( 'NONE', ( #2591, #3284, #1518, #1930 ) ) ;
#3505 = CARTESIAN_POINT ( 'NONE',  ( -10.00000000000000355, 8.000000000000000000, -1.778174593051781827 ) ) ;
#3506 = DIRECTION ( 'NONE',  ( -0.000000000000000000, -1.000000000000000000, -0.000000000000000000 ) ) ;
#3507 = EDGE_CURVE ( 'NONE', #3623, #794, #870, .T. ) ;
#3508 = ORIENTED_EDGE ( 'NONE', *, *, #3377, .F. ) ;
#3509 = ADVANCED_FACE ( 'NONE', ( #1381 ), #814, .F. ) ;
#3510 = DIRECTION ( 'NONE',  ( 0.000000000000000000, 0.000000000000000000, 1.000000000000000000 ) ) ;
#3511 = ORIENTED_EDGE ( 'NONE', *, *, #1643, .F. ) ;
#3512 = ADVANCED_FACE ( 'NONE', ( #1430 ), #833, .F. ) ;
#3513 = DIRECTION ( 'NONE',  ( 0.000000000000000000, 1.000000000000000000, 0.000000000000000000 ) ) ;
#3514 = CARTESIAN_POINT ( 'NONE',  ( 1.348886878754493424, 0.000000000000000000, -14.85821990243219304 ) ) ;
#3515 = EDGE_CURVE ( 'NONE', #969, #1632, #748, .T. ) ;
#3516 = FACE_OUTER_BOUND ( 'NONE', #3504, .T. ) ;
#3517 = ORIENTED_EDGE ( 'NONE', *, *, #1626, .T. ) ;
#3518 = EDGE_CURVE ( 'NONE', #1533, #1118, #3367, .T. ) ;
#3519 = ORIENTED_EDGE ( 'NONE', *, *, #3735, .F. ) ;
#3520 = DIRECTION ( 'NONE',  ( -1.000000000000000000, 0.000000000000000000, 1.169476500658521966E-16 ) ) ;
#3521 = DIRECTION ( 'NONE',  ( 0.000000000000000000, 0.000000000000000000, -1.000000000000000000 ) ) ;
#3522 = DIRECTION ( 'NONE',  ( 0.000000000000000000, 0.000000000000000000, -1.000000000000000000 ) ) ;
#3523 = ORIENTED_EDGE ( 'NONE', *, *, #1916, .T. ) ;
#3524 = CARTESIAN_POINT ( 'NONE',  ( 9.500000000000001776, 8.000000000000000000, -22.02799548533330309 ) ) ;
#3525 = EDGE_CURVE ( 'NONE', #854, #3599, #571, .T. ) ;
#3526 = CARTESIAN_POINT ( 'NONE',  ( 15.00000000000000355, 8.000000000000000000, 42.99999999999999289 ) ) ;
#3527 = ORIENTED_EDGE ( 'NONE', *, *, #579, .T. ) ;
#3528 = DIRECTION ( 'NONE',  ( -1.169476500658521966E-16, 0.000000000000000000, -1.000000000000000000 ) ) ;
#3529 = EDGE_CURVE ( 'NONE', #2898, #1304, #1449, .T. ) ;
#3530 = CARTESIAN_POINT ( 'NONE',  ( 4.999999999999993783, 0.000000000000000000, -25.50000000000000355 ) ) ;
#3531 = VECTOR ( 'NONE', #1565, 1000.000000000000114 ) ;
#3532 = DIRECTION ( 'NONE',  ( 0.000000000000000000, 0.000000000000000000, 1.000000000000000000 ) ) ;
#3533 = ORIENTED_EDGE ( 'NONE', *, *, #3649, .T. ) ;
#3534 = VECTOR ( 'NONE', #2485, 1000.000000000000000 ) ;
#3535 =( GEOMETRIC_REPRESENTATION_CONTEXT ( 3 ) GLOBAL_UNCERTAINTY_ASSIGNED_CONTEXT ( ( #826 ) ) GLOBAL_UNIT_ASSIGNED_CONTEXT ( ( #1997, #2589, #3169 ) ) REPRESENTATION_CONTEXT ( 'NONE', 'WORKASPACE' ) );
#3536 = EDGE_CURVE ( 'NONE', #924, #1429, #2878, .T. ) ;
#3537 = CARTESIAN_POINT ( 'NONE',  ( -10.00000000000000533, 0.000000000000000000, -18.42893218813456713 ) ) ;
#3538 = PRESENTATION_LAYER_ASSIGNMENT (  '', '', ( #490 ) ) ;
#3539 = ORIENTED_EDGE ( 'NONE', *, *, #1735, .T. ) ;
#3540 = EDGE_CURVE ( 'NONE', #420, #508, #3755, .T. ) ;
#3541 = FACE_BOUND ( 'NONE', #1030, .T. ) ;
#3542 = AXIS2_PLACEMENT_3D ( 'NONE', #2737, #3716, #1364 ) ;
#3543 = CARTESIAN_POINT ( 'NONE',  ( -15.00000000000000533, 4.000000000000000000, -39.49999999999999289 ) ) ;
#3544 = CARTESIAN_POINT ( 'NONE',  ( 4.089506800367041173, 0.000000000000000000, -3.632318606581162790 ) ) ;
#3545 = ORIENTED_EDGE ( 'NONE', *, *, #3176, .F. ) ;
#3546 = VERTEX_POINT ( 'NONE', #885 ) ;
#3547 = AXIS2_PLACEMENT_3D ( 'NONE', #3578, #318, #1249 ) ;
#3548 = FACE_OUTER_BOUND ( 'NONE', #2541, .T. ) ;
#3549 = CYLINDRICAL_SURFACE ( 'NONE', #2802, 0.5000000000000004441 ) ;
#3550 = VECTOR ( 'NONE', #2657, 1000.000000000000000 ) ;
#3551 = DIRECTION ( 'NONE',  ( -3.469446951953611033E-15, 0.000000000000000000, 1.000000000000000000 ) ) ;
#3552 = ORIENTED_EDGE ( 'NONE', *, *, #694, .F. ) ;
#3553 = CARTESIAN_POINT ( 'NONE',  ( 12.00000000000000355, 4.000000000000008882, 43.54145188432736546 ) ) ;
#3554 = VECTOR ( 'NONE', #2063, 1000.000000000000000 ) ;
#3555 = CIRCLE ( 'NONE', #1918, 0.5000000000000004441 ) ;
#3556 = PLANE ( 'NONE',  #1470 ) ;
#3557 = CYLINDRICAL_SURFACE ( 'NONE', #3603, 1.899999999999999689 ) ;
#3558 = EDGE_CURVE ( 'NONE', #1495, #2091, #265, .T. ) ;
#3559 = DIRECTION ( 'NONE',  ( 1.000000000000000000, -0.000000000000000000, 0.000000000000000000 ) ) ;
#3560 = ORIENTED_EDGE ( 'NONE', *, *, #3378, .T. ) ;
#3561 = AXIS2_PLACEMENT_3D ( 'NONE', #2104, #695, #3580 ) ;
#3562 = VECTOR ( 'NONE', #3570, 1000.000000000000000 ) ;
#3563 = EDGE_CURVE ( 'NONE', #468, #1137, #225, .T. ) ;
#3564 = DIRECTION ( 'NONE',  ( -0.2821663239915489507, -0.000000000000000000, 0.9593655015712708733 ) ) ;
#3565 = DIRECTION ( 'NONE',  ( 0.000000000000000000, 2.146163712481650723E-16, 1.000000000000000000 ) ) ;
#3566 = PLANE ( 'NONE',  #1288 ) ;
#3567 = ORIENTED_EDGE ( 'NONE', *, *, #2582, .F. ) ;
#3568 = CARTESIAN_POINT ( 'NONE',  ( 0.000000000000000000, 0.000000000000000000, -29.50000000000000355 ) ) ;
#3569 = DIRECTION ( 'NONE',  ( 1.040834085586083310E-14, 0.000000000000000000, 1.000000000000000000 ) ) ;
#3570 = DIRECTION ( 'NONE',  ( -0.000000000000000000, -0.000000000000000000, 1.000000000000000000 ) ) ;
#3571 = EDGE_CURVE ( 'NONE', #230, #2625, #2568, .T. ) ;
#3572 = PLANE ( 'NONE',  #3678 ) ;
#3573 = VERTEX_POINT ( 'NONE', #662 ) ;
#3574 = CARTESIAN_POINT ( 'NONE',  ( 9.915646712035636412, 0.000000000000000000, 1.486714523900815266 ) ) ;
#3575 = FACE_OUTER_BOUND ( 'NONE', #1179, .T. ) ;
#3576 = CARTESIAN_POINT ( 'NONE',  ( 4.999999999999999112, 4.000000000000000000, 37.24999999999999289 ) ) ;
#3577 = ORIENTED_EDGE ( 'NONE', *, *, #529, .F. ) ;
#3578 = CARTESIAN_POINT ( 'NONE',  ( 5.000000000000000888, 2.000000000000000000, 42.49999999999998579 ) ) ;
#3579 = EDGE_LOOP ( 'NONE', ( #1269, #936, #1998, #236 ) ) ;
#3580 = DIRECTION ( 'NONE',  ( 0.000000000000000000, 0.000000000000000000, 1.000000000000000000 ) ) ;
#3581 = CARTESIAN_POINT ( 'NONE',  ( -13.50000000000000533, 6.000000000000000000, -44.50000000000000711 ) ) ;
#3582 = ORIENTED_EDGE ( 'NONE', *, *, #1309, .T. ) ;
#3583 = CARTESIAN_POINT ( 'NONE',  ( 9.769200102628907700, 0.000000000000000000, 1.340267914494087442 ) ) ;
#3584 = DIRECTION ( 'NONE',  ( 1.000000000000000000, 0.000000000000000000, 1.445602896647338917E-16 ) ) ;
#3585 = ORIENTED_EDGE ( 'NONE', *, *, #2422, .F. ) ;
#3586 = VERTEX_POINT ( 'NONE', #2931 ) ;
#3587 = VECTOR ( 'NONE', #350, 1000.000000000000000 ) ;
#3588 = LINE ( 'NONE', #430, #732 ) ;
#3589 = DIRECTION ( 'NONE',  ( 0.7071067811865435759, 0.000000000000000000, -0.7071067811865514585 ) ) ;
#3590 = PLANE ( 'NONE',  #1787 ) ;
#3591 = ADVANCED_FACE ( 'NONE', ( #48 ), #1244, .F. ) ;
#3592 = DIRECTION ( 'NONE',  ( -0.7071067811865515695, 0.000000000000000000, -0.7071067811865435759 ) ) ;
#3593 = ORIENTED_EDGE ( 'NONE', *, *, #1200, .T. ) ;
#3594 = EDGE_CURVE ( 'NONE', #2583, #3036, #3595, .T. ) ;
#3595 = LINE ( 'NONE', #903, #2994 ) ;
#3596 = DIRECTION ( 'NONE',  ( 1.000000000000000000, -0.000000000000000000, -1.084202172485504557E-16 ) ) ;
#3597 = CARTESIAN_POINT ( 'NONE',  ( 13.49999999999999112, 2.000000000000000000, -44.50000000000000711 ) ) ;
#3598 = ORIENTED_EDGE ( 'NONE', *, *, #3666, .T. ) ;
#3599 = VERTEX_POINT ( 'NONE', #2680 ) ;
#3600 = CARTESIAN_POINT ( 'NONE',  ( -20.00000000000000000, 1.500000000000000666, -4.500000000000001776 ) ) ;
#3601 = CYLINDRICAL_SURFACE ( 'NONE', #2807, 2.250000000000001776 ) ;
#3602 = LINE ( 'NONE', #714, #1092 ) ;
#3603 = AXIS2_PLACEMENT_3D ( 'NONE', #349, #1466, #2099 ) ;
#3604 = LINE ( 'NONE', #322, #2372 ) ;
#3605 = VERTEX_POINT ( 'NONE', #3269 ) ;
#3606 = VECTOR ( 'NONE', #2273, 1000.000000000000000 ) ;
#3607 = DIRECTION ( 'NONE',  ( 0.000000000000000000, 0.000000000000000000, -1.000000000000000000 ) ) ;
#3608 = DIRECTION ( 'NONE',  ( -0.7071067811865514585, 0.000000000000000000, -0.7071067811865435759 ) ) ;
#3609 = LINE ( 'NONE', #1076, #1182 ) ;
#3610 = AXIS2_PLACEMENT_3D ( 'NONE', #1952, #492, #595 ) ;
#3611 = CARTESIAN_POINT ( 'NONE',  ( 9.415646712035636412, 0.000000000000000000, 1.693821305087363394 ) ) ;
#3612 = ORIENTED_EDGE ( 'NONE', *, *, #2116, .T. ) ;
#3613 = CARTESIAN_POINT ( 'NONE',  ( -10.00000000000000355, 0.000000000000000000, -1.778174593051782715 ) ) ;
#3614 = ADVANCED_FACE ( 'NONE', ( #371 ), #347, .F. ) ;
#3615 = ADVANCED_FACE ( 'NONE', ( #328 ), #2404, .F. ) ;
#3616 = AXIS2_PLACEMENT_3D ( 'NONE', #1672, #2765, #3663 ) ;
#3617 = DIRECTION ( 'NONE',  ( 0.000000000000000000, 0.000000000000000000, -1.000000000000000000 ) ) ;
#3618 = DIRECTION ( 'NONE',  ( 0.000000000000000000, 0.000000000000000000, -1.000000000000000000 ) ) ;
#3619 = VECTOR ( 'NONE', #3200, 1000.000000000000114 ) ;
#3620 = EDGE_LOOP ( 'NONE', ( #1279, #569, #678, #3175 ) ) ;
#3621 = CARTESIAN_POINT ( 'NONE',  ( -4.999999999999997335, 6.000000000000000000, -42.50000000000000000 ) ) ;
#3622 = EDGE_CURVE ( 'NONE', #1953, #893, #71, .T. ) ;
#3623 = VERTEX_POINT ( 'NONE', #2098 ) ;
#3624 = DIRECTION ( 'NONE',  ( -1.000000000000000000, -0.000000000000000000, -0.000000000000000000 ) ) ;
#3625 = ORIENTED_EDGE ( 'NONE', *, *, #154, .F. ) ;
#3626 = DIRECTION ( 'NONE',  ( 0.000000000000000000, 0.000000000000000000, -1.000000000000000000 ) ) ;
#3627 = VERTEX_POINT ( 'NONE', #2135 ) ;
#3628 = CARTESIAN_POINT ( 'NONE',  ( 4.811446128824766078, 0.000000000000000000, -24.85891683800422669 ) ) ;
#3629 = CARTESIAN_POINT ( 'NONE',  ( -8.792893218813448541, 0.000000000000000000, -25.50000000000000000 ) ) ;
#3630 = DIRECTION ( 'NONE',  ( 0.000000000000000000, 0.000000000000000000, -1.000000000000000000 ) ) ;
#3631 = FACE_OUTER_BOUND ( 'NONE', #3740, .T. ) ;
#3632 = ORIENTED_EDGE ( 'NONE', *, *, #3035, .F. ) ;
#3633 = LINE ( 'NONE', #707, #452 ) ;
#3634 = DIRECTION ( 'NONE',  ( -1.000000000000000000, 0.000000000000000000, 2.312964634635742957E-16 ) ) ;
#3635 = CIRCLE ( 'NONE', #208, 2.250000000000001776 ) ;
#3636 = DIRECTION ( 'NONE',  ( 0.000000000000000000, 0.000000000000000000, 1.000000000000000000 ) ) ;
#3637 = ADVANCED_FACE ( 'NONE', ( #3575 ), #2683, .T. ) ;
#3638 = CARTESIAN_POINT ( 'NONE',  ( -10.00000000000000355, 0.000000000000000000, -1.571067811865233699 ) ) ;
#3639 = VECTOR ( 'NONE', #757, 1000.000000000000227 ) ;
#3640 = CARTESIAN_POINT ( 'NONE',  ( -10.00000000000000533, 0.000000000000000000, -25.50000000000000000 ) ) ;
#3641 = CIRCLE ( 'NONE', #1995, 0.5000000000000004441 ) ;
#3642 = ADVANCED_FACE ( 'NONE', ( #2382 ), #3556, .F. ) ;
#3643 = EDGE_LOOP ( 'NONE', ( #2149, #2747, #23, #241, #3612, #31 ) ) ;
#3644 = ORIENTED_EDGE ( 'NONE', *, *, #16, .T. ) ;
#3645 = EDGE_CURVE ( 'NONE', #1389, #2653, #644, .T. ) ;
#3646 = LINE ( 'NONE', #2742, #705 ) ;
#3647 = CARTESIAN_POINT ( 'NONE',  ( 1.828569629540128805, 8.000000000000000000, -14.71713674043641973 ) ) ;
#3648 = DIRECTION ( 'NONE',  ( 0.000000000000000000, 0.000000000000000000, 1.000000000000000000 ) ) ;
#3649 = EDGE_CURVE ( 'NONE', #893, #484, #1723, .T. ) ;
#3650 = ORIENTED_EDGE ( 'NONE', *, *, #1988, .T. ) ;
#3651 = EDGE_LOOP ( 'NONE', ( #3310, #3433, #2566, #849 ) ) ;
#3652 = DIRECTION ( 'NONE',  ( 0.000000000000000000, 0.000000000000000000, -1.000000000000000000 ) ) ;
#3653 = DIRECTION ( 'NONE',  ( 0.000000000000000000, 0.000000000000000000, 1.000000000000000000 ) ) ;
#3654 = CARTESIAN_POINT ( 'NONE',  ( -15.00000000000000711, 2.000000000000000000, -43.00000000000000000 ) ) ;
#3655 = ORIENTED_EDGE ( 'NONE', *, *, #3219, .T. ) ;
#3656 = DIRECTION ( 'NONE',  ( 0.000000000000000000, 0.000000000000000000, 1.000000000000000000 ) ) ;
#3657 = CARTESIAN_POINT ( 'NONE',  ( -15.00000000000000533, 4.000000000000000000, 37.24999999999999289 ) ) ;
#3658 = DIRECTION ( 'NONE',  ( -0.7071067811865514585, 0.000000000000000000, -0.7071067811865435759 ) ) ;
#3659 = EDGE_CURVE ( 'NONE', #3546, #508, #1775, .T. ) ;
#3660 = VERTEX_POINT ( 'NONE', #32 ) ;
#3661 = VERTEX_POINT ( 'NONE', #591 ) ;
#3662 = LINE ( 'NONE', #2240, #2539 ) ;
#3663 = DIRECTION ( 'NONE',  ( 0.000000000000000000, 0.8660254037844381525, 0.5000000000000006661 ) ) ;
#3664 = EDGE_CURVE ( 'NONE', #468, #975, #1756, .T. ) ;
#3665 = AXIS2_PLACEMENT_3D ( 'NONE', #2377, #1867, #3607 ) ;
#3666 = EDGE_CURVE ( 'NONE', #2121, #1883, #294, .T. ) ;
#3667 = ORIENTED_EDGE ( 'NONE', *, *, #3495, .F. ) ;
#3668 = ORIENTED_EDGE ( 'NONE', *, *, #1678, .F. ) ;
#3669 = EDGE_CURVE ( 'NONE', #1396, #2562, #17, .T. ) ;
#3670 = CARTESIAN_POINT ( 'NONE',  ( -9.500000000000001776, 0.000000000000000000, 6.707106781186745081 ) ) ;
#3671 = VECTOR ( 'NONE', #688, 1000.000000000000000 ) ;
#3672 = CARTESIAN_POINT ( 'NONE',  ( -15.00000000000000000, 3.999999999999997335, 7.399999999999995026 ) ) ;
#3673 = EDGE_CURVE ( 'NONE', #2051, #468, #876, .T. ) ;
#3674 = DIRECTION ( 'NONE',  ( 0.000000000000000000, -1.000000000000000000, 0.000000000000000000 ) ) ;
#3675 = ORIENTED_EDGE ( 'NONE', *, *, #1886, .F. ) ;
#3676 = VECTOR ( 'NONE', #3198, 1000.000000000000000 ) ;
#3677 = DIRECTION ( 'NONE',  ( 0.000000000000000000, 0.000000000000000000, -1.000000000000000000 ) ) ;
#3678 = AXIS2_PLACEMENT_3D ( 'NONE', #2424, #1851, #3592 ) ;
#3679 = LINE ( 'NONE', #1564, #1519 ) ;
#3680 = CARTESIAN_POINT ( 'NONE',  ( -1.348886878754494090, 0.000000000000000000, 14.35821990243216462 ) ) ;
#3681 = CARTESIAN_POINT ( 'NONE',  ( 1.828569629540129249, 0.000000000000000000, -14.71713674043642150 ) ) ;
#3682 = DIRECTION ( 'NONE',  ( -3.852181141260594799E-16, -2.682704640602072586E-16, -1.000000000000000000 ) ) ;
#3683 = ORIENTED_EDGE ( 'NONE', *, *, #3322, .T. ) ;
#3684 = DIRECTION ( 'NONE',  ( 1.000000000000000000, -0.000000000000000000, -1.169476500658521966E-16 ) ) ;
#3685 = PLANE ( 'NONE',  #3616 ) ;
#3686 = VERTEX_POINT ( 'NONE', #2645 ) ;
#3687 = VERTEX_POINT ( 'NONE', #2363 ) ;
#3688 = ORIENTED_EDGE ( 'NONE', *, *, #786, .T. ) ;
#3689 = DIRECTION ( 'NONE',  ( 0.000000000000000000, -1.000000000000000000, 0.000000000000000000 ) ) ;
#3690 = CARTESIAN_POINT ( 'NONE',  ( -4.999999999999997335, 6.000000000000000000, -44.50000000000000711 ) ) ;
#3691 = VECTOR ( 'NONE', #1800, 1000.000000000000000 ) ;
#3692 = CARTESIAN_POINT ( 'NONE',  ( -14.36033125466089011, 7.139668745339093903, 20.23504053025433436 ) ) ;
#3693 = EDGE_LOOP ( 'NONE', ( #251, #2954, #1287, #3423 ) ) ;
#3694 = EDGE_CURVE ( 'NONE', #1673, #2051, #920, .T. ) ;
#3695 = DIRECTION ( 'NONE',  ( 0.000000000000000000, 0.000000000000000000, 1.000000000000000000 ) ) ;
#3696 = FACE_OUTER_BOUND ( 'NONE', #898, .T. ) ;
#3697 = EDGE_CURVE ( 'NONE', #3482, #2227, #2718, .T. ) ;
#3698 = DIRECTION ( 'NONE',  ( 0.000000000000000000, -1.000000000000000000, 0.000000000000000000 ) ) ;
#3699 = LINE ( 'NONE', #1607, #2492 ) ;
#3700 = AXIS2_PLACEMENT_3D ( 'NONE', #1597, #843, #3159 ) ;
#3701 = CARTESIAN_POINT ( 'NONE',  ( 15.00000000000000355, 6.499999999999999112, 42.49999999999998579 ) ) ;
#3702 = EDGE_LOOP ( 'NONE', ( #880, #1315 ) ) ;
#3703 = PLANE ( 'NONE',  #1016 ) ;
#3704 = CARTESIAN_POINT ( 'NONE',  ( 9.415646712035636412, 8.000000000000000000, 1.693821305087363394 ) ) ;
#3705 = VERTEX_POINT ( 'NONE', #2178 ) ;
#3706 = VERTEX_POINT ( 'NONE', #1603 ) ;
#3707 = ORIENTED_EDGE ( 'NONE', *, *, #2812, .F. ) ;
#3708 = DIRECTION ( 'NONE',  ( 0.000000000000000000, 0.000000000000000000, -1.000000000000000000 ) ) ;
#3709 = VECTOR ( 'NONE', #752, 1000.000000000000000 ) ;
#3710 = CARTESIAN_POINT ( 'NONE',  ( -9.853553390593276617, 8.000000000000000000, -1.424621202458506986 ) ) ;
#3711 = CARTESIAN_POINT ( 'NONE',  ( 15.00000000000000355, 1.499999999999999112, 36.90192378864666267 ) ) ;
#3712 = ORIENTED_EDGE ( 'NONE', *, *, #617, .T. ) ;
#3713 = CIRCLE ( 'NONE', #647, 2.999999999999999112 ) ;
#3714 = APPLICATION_CONTEXT ( 'automotive_design' ) ;
#3715 = CARTESIAN_POINT ( 'NONE',  ( 0.000000000000000000, 0.000000000000000000, 0.000000000000000000 ) ) ;
#3716 = DIRECTION ( 'NONE',  ( -0.000000000000000000, -1.000000000000000000, -0.000000000000000000 ) ) ;
#3717 = DIRECTION ( 'NONE',  ( -1.000000000000000000, -0.000000000000000000, 1.169476500658521966E-16 ) ) ;
#3718 = EDGE_CURVE ( 'NONE', #3078, #52, #150, .T. ) ;
#3719 = LINE ( 'NONE', #2858, #2636 ) ;
#3720 = ORIENTED_EDGE ( 'NONE', *, *, #581, .F. ) ;
#3721 = CARTESIAN_POINT ( 'NONE',  ( -13.50000000000000533, 8.000000000000000000, -44.50000000000000711 ) ) ;
#3722 = CARTESIAN_POINT ( 'NONE',  ( 0.000000000000000000, 6.000000000000000000, -42.50000000000000000 ) ) ;
#3723 = ORIENTED_EDGE ( 'NONE', *, *, #3744, .F. ) ;
#3724 = EDGE_LOOP ( 'NONE', ( #2494, #844, #884, #2500 ) ) ;
#3725 = VERTEX_POINT ( 'NONE', #2160 ) ;
#3726 = DIRECTION ( 'NONE',  ( 0.7071067811865517916, -0.000000000000000000, 0.7071067811865432429 ) ) ;
#3727 = DIRECTION ( 'NONE',  ( 0.000000000000000000, -0.8660254037844385966, 0.5000000000000000000 ) ) ;
#3728 = DIRECTION ( 'NONE',  ( 1.000000000000000000, -0.000000000000000000, 1.084202172485504557E-16 ) ) ;
#3729 = ORIENTED_EDGE ( 'NONE', *, *, #50, .T. ) ;
#3730 = VECTOR ( 'NONE', #1822, 1000.000000000000000 ) ;
#3731 = VECTOR ( 'NONE', #1819, 1000.000000000000000 ) ;
#3732 = DIRECTION ( 'NONE',  ( -0.7071067811865475727, 0.7071067811865475727, 8.269447640539548005E-17 ) ) ;
#3733 = DIRECTION ( 'NONE',  ( -0.9593655015712709844, 0.000000000000000000, -0.2821663239915488952 ) ) ;
#3734 = ORIENTED_EDGE ( 'NONE', *, *, #2116, .F. ) ;
#3735 = EDGE_CURVE ( 'NONE', #3438, #1600, #66, .T. ) ;
#3736 = LINE ( 'NONE', #1448, #2665 ) ;
#3737 = CIRCLE ( 'NONE', #864, 2.000000000000001776 ) ;
#3738 = ORIENTED_EDGE ( 'NONE', *, *, #1357, .T. ) ;
#3739 = AXIS2_PLACEMENT_3D ( 'NONE', #1226, #2935, #3276 ) ;
#3740 = EDGE_LOOP ( 'NONE', ( #254, #1727, #3577, #3650 ) ) ;
#3741 = LINE ( 'NONE', #560, #3080 ) ;
#3742 = ORIENTED_EDGE ( 'NONE', *, *, #2332, .F. ) ;
#3743 = VECTOR ( 'NONE', #1034, 1000.000000000000000 ) ;
#3744 = EDGE_CURVE ( 'NONE', #423, #2583, #257, .T. ) ;
#3745 = ORIENTED_EDGE ( 'NONE', *, *, #3536, .T. ) ;
#3746 = VECTOR ( 'NONE', #3634, 1000.000000000000000 ) ;
#3747 = DIRECTION ( 'NONE',  ( -0.4472135954999580387, -0.7745966692414832933, 0.4472135954999580387 ) ) ;
#3748 = CARTESIAN_POINT ( 'NONE',  ( 15.00000000000000355, 6.499999999999999112, 42.49999999999998579 ) ) ;
#3749 = ORIENTED_EDGE ( 'NONE', *, *, #3659, .F. ) ;
#3750 = EDGE_CURVE ( 'NONE', #1816, #3705, #2195, .T. ) ;
#3751 = VECTOR ( 'NONE', #931, 1000.000000000000000 ) ;
#3752 = CARTESIAN_POINT ( 'NONE',  ( -5.664426449373433314, 0.000000000000000000, 9.835573550626724781 ) ) ;
#3753 = ORIENTED_EDGE ( 'NONE', *, *, #2705, .F. ) ;
#3754 = CYLINDRICAL_SURFACE ( 'NONE', #982, 0.5000000000000004441 ) ;
#3755 = LINE ( 'NONE', #1722, #1972 ) ;
#3756 = DIRECTION ( 'NONE',  ( 1.000000000000000000, -0.000000000000000000, -1.169476500658521966E-16 ) ) ;
#3757 = EDGE_CURVE ( 'NONE', #2866, #173, #771, .T. ) ;
#3758 = EDGE_CURVE ( 'NONE', #173, #3156, #2757, .T. ) ;
#3759 = ORIENTED_EDGE ( 'NONE', *, *, #3697, .T. ) ;
#3760 = CARTESIAN_POINT ( 'NONE',  ( 8.792893218813443212, 0.000000000000000000, 24.99999999999998579 ) ) ;
#3761 = VERTEX_POINT ( 'NONE', #1024 ) ;
#3762 = EDGE_CURVE ( 'NONE', #2022, #2158, #1043, .T. ) ;
#3763 = ORIENTED_EDGE ( 'NONE', *, *, #2359, .T. ) ;
#3764 = EDGE_CURVE ( 'NONE', #3231, #397, #815, .T. ) ;
#3765 = CARTESIAN_POINT ( 'NONE',  ( -15.00000000000000000, 6.499999999999984901, 20.49999999999996803 ) ) ;
#3766 = EDGE_CURVE ( 'NONE', #2084, #1163, #1621, .T. ) ;
#3767 = DIRECTION ( 'NONE',  ( 0.000000000000000000, 0.000000000000000000, -1.000000000000000000 ) ) ;
#3768 = ORIENTED_EDGE ( 'NONE', *, *, #3140, .T. ) ;
#3769 = CARTESIAN_POINT ( 'NONE',  ( -4.999999999999997335, 0.000000000000000000, -29.50000000000000355 ) ) ;
#3770 = DIRECTION ( 'NONE',  ( 0.000000000000000000, -1.000000000000000000, 0.000000000000000000 ) ) ;
#3771 = VECTOR ( 'NONE', #1969, 1000.000000000000000 ) ;
#3772 = ORIENTED_EDGE ( 'NONE', *, *, #2755, .T. ) ;
#3773 = AXIS2_PLACEMENT_3D ( 'NONE', #1493, #1801, #2638 ) ;
#3774 = CARTESIAN_POINT ( 'NONE',  ( 4.089506800367041173, 0.000000000000000000, -4.132318606581162790 ) ) ;
#3775 = CARTESIAN_POINT ( 'NONE',  ( -15.00000000000000711, 8.000000000000000000, -42.50000000000000000 ) ) ;
#3776 = DIRECTION ( 'NONE',  ( 0.000000000000000000, 1.000000000000000000, 0.000000000000000000 ) ) ;
#3777 = ADVANCED_FACE ( 'NONE', ( #1873 ), #1562, .T. ) ;
#3778 = ORIENTED_EDGE ( 'NONE', *, *, #821, .F. ) ;
#3779 = DIRECTION ( 'NONE',  ( 1.000000000000000000, -0.000000000000000000, 1.084202172485504557E-16 ) ) ;
#3780 = EDGE_LOOP ( 'NONE', ( #1374, #3772, #1538, #2460 ) ) ;
#3781 = ADVANCED_FACE ( 'NONE', ( #111 ), #1940, .F. ) ;
#3782 = DIRECTION ( 'NONE',  ( 0.000000000000000000, 0.000000000000000000, -1.000000000000000000 ) ) ;
#3783 = CARTESIAN_POINT ( 'NONE',  ( -14.99999999999999645, 2.000000000000000000, 42.49999999999998579 ) ) ;
#3784 = ADVANCED_FACE ( 'NONE', ( #1284 ), #3294, .T. ) ;
#3785 = AXIS2_PLACEMENT_3D ( 'NONE', #2159, #1280, #3027 ) ;
#3786 = VERTEX_POINT ( 'NONE', #3085 ) ;
#3787 = EDGE_CURVE ( 'NONE', #2956, #1196, #2508, .T. ) ;
#3788 = CARTESIAN_POINT ( 'NONE',  ( 4.443060190960313349, 8.000000000000000000, -3.985871997174438519 ) ) ;
#3789 = ORIENTED_EDGE ( 'NONE', *, *, #842, .T. ) ;
ENDSEC;
END-ISO-10303-21;
