ISO-10303-21;
HEADER;
FILE_DESCRIPTION (( 'STEP AP214' ),
    '1' );
FILE_NAME ('Shock-Mount.STEP',
    '2026-05-20T19:20:27',
    ( '' ),
    ( '' ),
    'SwSTEP 2.0',
    'SolidWorks 2026',
    '' );
FILE_SCHEMA (( 'AUTOMOTIVE_DESIGN' ));
ENDSEC;

DATA;
#1 = DIRECTION ( 'NONE',  ( 1.000000000000000000, 1.239088197126290570E-16, 0.000000000000000000 ) ) ;
#2 = CARTESIAN_POINT ( 'NONE',  ( 11.95658694411660861, 6.032913437283681013, 2.094395200717538597 ) ) ;
#3 = ORIENTED_EDGE ( 'NONE', *, *, #2816, .F. ) ;
#4 = CARTESIAN_POINT ( 'NONE',  ( -1.499999999999994005, 9.999999999999987566, 24.50000000000000000 ) ) ;
#5 = CARTESIAN_POINT ( 'NONE',  ( 11.59651844013556676, 9.999999999999994671, 0.8162801428815741334 ) ) ;
#6 = FACE_OUTER_BOUND ( 'NONE', #332, .T. ) ;
#7 = CARTESIAN_POINT ( 'NONE',  ( 13.46460306477115232, 9.999999999999896971, -3.148032100315194981 ) ) ;
#8 = CARTESIAN_POINT ( 'NONE',  ( -24.94674764498082453, 19.99999999999998934, 5.500000000000000888 ) ) ;
#9 = ORIENTED_EDGE ( 'NONE', *, *, #267, .F. ) ;
#10 = ORIENTED_EDGE ( 'NONE', *, *, #3982, .T. ) ;
#11 = CARTESIAN_POINT ( 'NONE',  ( 11.78993018575627438, 6.166534967261798172, -1.798105782294666000 ) ) ;
#12 = CARTESIAN_POINT ( 'NONE',  ( -13.25701100979518188, 9.977769250773073750, -7.421438751705893289 ) ) ;
#13 = EDGE_CURVE ( 'NONE', #672, #4421, #1012, .T. ) ;
#14 = ORIENTED_EDGE ( 'NONE', *, *, #1999, .T. ) ;
#15 = CARTESIAN_POINT ( 'NONE',  ( -12.24319234660431910, 5.828660188672141196, -2.644691841053176340 ) ) ;
#16 = DIRECTION ( 'NONE',  ( -0.000000000000000000, -0.000000000000000000, -1.000000000000000000 ) ) ;
#17 = DIRECTION ( 'NONE',  ( 1.000000000000000000, 5.209107462460914720E-16, 0.000000000000000000 ) ) ;
#18 = DIRECTION ( 'NONE',  ( -0.000000000000000000, -0.000000000000000000, -1.000000000000000000 ) ) ;
#19 = ORIENTED_EDGE ( 'NONE', *, *, #2415, .F. ) ;
#20 = LINE ( 'NONE', #69, #2886 ) ;
#21 = DIRECTION ( 'NONE',  ( 1.000000000000000000, -1.156482317317871331E-15, -0.000000000000000000 ) ) ;
#22 = VERTEX_POINT ( 'NONE', #2209 ) ;
#23 = EDGE_CURVE ( 'NONE', #4850, #2762, #4404, .T. ) ;
#24 = CARTESIAN_POINT ( 'NONE',  ( 15.00000000000000000, 5.000000000000000000, 6.916198487095662095 ) ) ;
#25 = CARTESIAN_POINT ( 'NONE',  ( 11.99767687018005091, 6.001682028170313821, 2.167251939811400074 ) ) ;
#26 = EDGE_LOOP ( 'NONE', ( #4042, #573, #1832, #218, #3243, #166, #4747, #3760, #4428 ) ) ;
#27 = CARTESIAN_POINT ( 'NONE',  ( -12.04947882338946741, 5.960845082808626572, -2.248630129864164218 ) ) ;
#28 = ADVANCED_FACE ( 'NONE', ( #4796 ), #3638, .F. ) ;
#29 = FACE_OUTER_BOUND ( 'NONE', #3688, .T. ) ;
#30 = DIRECTION ( 'NONE',  ( -1.000000000000000000, 0.000000000000000000, 0.000000000000000000 ) ) ;
#31 = CARTESIAN_POINT ( 'NONE',  ( 4.147034420924636144, 8.502672967583036368, -5.905531135225777106 ) ) ;
#32 = VERTEX_POINT ( 'NONE', #4837 ) ;
#33 = CARTESIAN_POINT ( 'NONE',  ( -12.38108599560540313, 5.740740740740728043, -6.708268326881148269 ) ) ;
#34 = ORIENTED_EDGE ( 'NONE', *, *, #4822, .F. ) ;
#35 = CARTESIAN_POINT ( 'NONE',  ( 11.67802930940144357, 6.263038502025875864, -1.588359178938627547 ) ) ;
#36 = CARTESIAN_POINT ( 'NONE',  ( -9.667004637447504933, 8.492194074235952073, -0.5707861751669833783 ) ) ;
#37 = EDGE_CURVE ( 'NONE', #1559, #3522, #3323, .T. ) ;
#38 = ORIENTED_EDGE ( 'NONE', *, *, #120, .F. ) ;
#39 = FACE_OUTER_BOUND ( 'NONE', #3637, .T. ) ;
#40 = DIRECTION ( 'NONE',  ( 0.000000000000000000, -1.000000000000000000, 0.000000000000000000 ) ) ;
#41 = LINE ( 'NONE', #4114, #2157 ) ;
#42 = ORIENTED_EDGE ( 'NONE', *, *, #2868, .T. ) ;
#43 = CARTESIAN_POINT ( 'NONE',  ( -11.27421982966566993, 6.665549202290807607, -0.4825327743952173565 ) ) ;
#44 = ADVANCED_FACE ( 'NONE', ( #287 ), #2941, .T. ) ;
#45 = PLANE ( 'NONE',  #2179 ) ;
#46 = DIRECTION ( 'NONE',  ( -4.336808689942013792E-16, 1.000000000000000000, 0.000000000000000000 ) ) ;
#47 = ORIENTED_EDGE ( 'NONE', *, *, #1221, .F. ) ;
#48 = CYLINDRICAL_SURFACE ( 'NONE', #3278, 1.999999999999999556 ) ;
#49 = CARTESIAN_POINT ( 'NONE',  ( 11.87088757999844546, 6.100170351126042334, 1.943048164541268052 ) ) ;
#50 = ORIENTED_EDGE ( 'NONE', *, *, #3007, .T. ) ;
#51 = CARTESIAN_POINT ( 'NONE',  ( -7.479455481298455055, 8.824446384302138569, -2.985795099189577861 ) ) ;
#52 = EDGE_CURVE ( 'NONE', #2248, #3796, #4815, .T. ) ;
#53 = CARTESIAN_POINT ( 'NONE',  ( -12.81179934166478418, 5.497272117322649088, -6.929161089842327037 ) ) ;
#54 = CARTESIAN_POINT ( 'NONE',  ( 12.25609954832097515, 9.999999999999994671, 2.185822007670262579 ) ) ;
#55 = CARTESIAN_POINT ( 'NONE',  ( 11.27242550853051739, 6.667555190172065771, -0.4725508831694480438 ) ) ;
#56 = DIRECTION ( 'NONE',  ( 1.000000000000000000, 1.734723475976807094E-16, 0.000000000000000000 ) ) ;
#57 = EDGE_LOOP ( 'NONE', ( #3870, #4589, #508, #4174 ) ) ;
#58 = ORIENTED_EDGE ( 'NONE', *, *, #1643, .T. ) ;
#59 = DIRECTION ( 'NONE',  ( -0.000000000000000000, -1.000000000000000000, -0.000000000000000000 ) ) ;
#60 =( BOUNDED_SURFACE ( )  B_SPLINE_SURFACE ( 2, 3, ( 
 ( #2259, #3787, #1203, #3864, #104, #4494, #134, #2651, #4550, #1180, #4175, #436 ),
 ( #4571, #1597, #3034, #3087, #504, #2309, #4197, #51, #3110, #2286, #1152, #3011 ),
 ( #1544, #3417, #842, #2676, #27, #4122, #2702, #1892, #3491, #79, #409, #760 ) ),
 .UNSPECIFIED., .F., .F., .F. ) 
 B_SPLINE_SURFACE_WITH_KNOTS ( ( 3, 3 ),
 ( 4, 2, 2, 2, 2, 4 ),
 ( 0.000000000000000000, 1.000000000000000000 ),
 ( 2.995597281605107742, 3.068594967597451095, 3.105093810593622550, 3.123343232091708277, 3.132467942840751363, 3.141592653589794004 ),
 .UNSPECIFIED. ) 
 GEOMETRIC_REPRESENTATION_ITEM ( )  RATIONAL_B_SPLINE_SURFACE ( (
 ( 1.000000000000000000, 1.000000000000000000, 1.000000000000000000, 1.000000000000000000, 1.000000000000000000, 1.000000000000000000, 1.000000000000000000, 1.000000000000000000, 1.000000000000000000, 1.000000000000000000, 1.000000000000000000, 1.000000000000000000),
 ( 0.6814506299971729852, 0.6609678399092330237, 0.6299669511987968651, 0.5477247762578898449, 0.5146461016736476601, 0.4469805772433556590, 0.4213868928675686409, 0.3744825120900303617, 0.3574055004304876881, 0.3188449618155921872, 0.2973855160497259620, 0.2721655269759059026),
 ( 1.000000000000000000, 1.000000000000000000, 1.000000000000000000, 1.000000000000000000, 1.000000000000000000, 1.000000000000000000, 1.000000000000000000, 1.000000000000000000, 1.000000000000000000, 1.000000000000000000, 1.000000000000000000, 1.000000000000000000) ) ) 
 REPRESENTATION_ITEM ( '' )  SURFACE ( )  );
#61 = CARTESIAN_POINT ( 'NONE',  ( 2.639022891491586531, 19.99999999999999289, -5.500000000000005329 ) ) ;
#62 = VECTOR ( 'NONE', #4584, 1000.000000000000000 ) ;
#63 = AXIS2_PLACEMENT_3D ( 'NONE', #1351, #982, #2468 ) ;
#64 = ORIENTED_EDGE ( 'NONE', *, *, #1363, .F. ) ;
#65 = AXIS2_PLACEMENT_3D ( 'NONE', #3224, #960, #893 ) ;
#66 = LINE ( 'NONE', #856, #778 ) ;
#67 = DIRECTION ( 'NONE',  ( -1.156482317317871478E-16, 1.000000000000000000, 0.000000000000000000 ) ) ;
#68 = DIRECTION ( 'NONE',  ( 1.239088197126290570E-16, -1.000000000000000000, 0.000000000000000000 ) ) ;
#69 = CARTESIAN_POINT ( 'NONE',  ( -22.11832052023462936, 19.99999999999999645, -7.500000000000000888 ) ) ;
#70 = CARTESIAN_POINT ( 'NONE',  ( 1.500000000000005329, 9.999999999999987566, 26.50000000000000000 ) ) ;
#71 = DIRECTION ( 'NONE',  ( -1.000000000000000000, 5.209107462460914720E-16, 0.000000000000000000 ) ) ;
#72 = CIRCLE ( 'NONE', #3754, 3.499999999999999556 ) ;
#73 = VERTEX_POINT ( 'NONE', #1446 ) ;
#74 = DIRECTION ( 'NONE',  ( 5.782411586589357392E-17, -1.000000000000000000, -0.000000000000000000 ) ) ;
#75 = VECTOR ( 'NONE', #2159, 1000.000000000000000 ) ;
#76 = CARTESIAN_POINT ( 'NONE',  ( -4.499999999999996447, 24.99999999999998579, 8.586540306964575819 ) ) ;
#77 = CARTESIAN_POINT ( 'NONE',  ( 11.87709748822731193, 6.095195814229831477, 1.954048036177257641 ) ) ;
#78 = ORIENTED_EDGE ( 'NONE', *, *, #4671, .F. ) ;
#79 = CARTESIAN_POINT ( 'NONE',  ( -12.37503378996812486, 5.744448527656018655, -3.080396694587234308 ) ) ;
#80 = CARTESIAN_POINT ( 'NONE',  ( -12.59008036885773940, 5.612235228952417998, -6.818727825408213761 ) ) ;
#81 = AXIS2_PLACEMENT_3D ( 'NONE', #3479, #3403, #3875 ) ;
#82 = ADVANCED_FACE ( 'NONE', ( #3728 ), #379, .F. ) ;
#83 = EDGE_CURVE ( 'NONE', #1998, #1873, #1772, .T. ) ;
#84 = CARTESIAN_POINT ( 'NONE',  ( 12.33731566359596599, 5.767903212945007851, 2.899303266170272231 ) ) ;
#85 = CARTESIAN_POINT ( 'NONE',  ( 8.334491058581107836, 8.436152450558893179, -2.740360933060784099 ) ) ;
#86 = CARTESIAN_POINT ( 'NONE',  ( 4.500000000000003553, 20.13504870010926240, 21.50000000000000000 ) ) ;
#87 = ORIENTED_EDGE ( 'NONE', *, *, #1017, .F. ) ;
#88 = VERTEX_POINT ( 'NONE', #1035 ) ;
#89 = CARTESIAN_POINT ( 'NONE',  ( 15.00000000000000000, 0.000000000000000000, 0.000000000000000000 ) ) ;
#90 = CARTESIAN_POINT ( 'NONE',  ( 11.44351776892121997, 6.485388695901263212, -1.073299096300634803 ) ) ;
#91 = DIRECTION ( 'NONE',  ( -1.000000000000000000, 0.000000000000000000, 0.000000000000000000 ) ) ;
#92 =( BOUNDED_CURVE ( )  B_SPLINE_CURVE ( 2, ( #4206, #1630, #4556 ),
 .UNSPECIFIED., .F., .F. ) 
 B_SPLINE_CURVE_WITH_KNOTS ( ( 3, 3 ),
 ( 0.000000000000000000, 1.000000000000000000 ),
 .UNSPECIFIED. ) 
 CURVE ( )  GEOMETRIC_REPRESENTATION_ITEM ( )  RATIONAL_B_SPLINE_CURVE ( ( 1.000000000000000000, 0.6814506299971719860, 1.000000000000000000 ) ) 
 REPRESENTATION_ITEM ( '' )  );
#93 = CARTESIAN_POINT ( 'NONE',  ( 7.500000000000002665, 24.99999999999998579, 26.50000000000000000 ) ) ;
#94 = DIRECTION ( 'NONE',  ( 0.000000000000000000, -0.000000000000000000, 1.000000000000000000 ) ) ;
#95 = DIRECTION ( 'NONE',  ( 1.000000000000000000, 1.734723475976807094E-16, -0.000000000000000000 ) ) ;
#96 = DIRECTION ( 'NONE',  ( -1.239088197126290570E-16, 1.000000000000000000, -0.000000000000000000 ) ) ;
#97 = CARTESIAN_POINT ( 'NONE',  ( -7.499999999999996447, 24.99999999999998579, 8.586540306964575819 ) ) ;
#98 = CARTESIAN_POINT ( 'NONE',  ( -35.00000000000001421, 17.63504870010925529, 21.50000000000000000 ) ) ;
#99 = ORIENTED_EDGE ( 'NONE', *, *, #601, .F. ) ;
#100 = LINE ( 'NONE', #2282, #1498 ) ;
#101 = CARTESIAN_POINT ( 'NONE',  ( -24.94674764498082453, 9.999999999999991118, 5.500000000000000888 ) ) ;
#102 = CARTESIAN_POINT ( 'NONE',  ( 3.813022761212986556, 7.473940107029524604, -5.722832011413152564 ) ) ;
#103 = ORIENTED_EDGE ( 'NONE', *, *, #3732, .F. ) ;
#104 = CARTESIAN_POINT ( 'NONE',  ( -12.41940939545545319, 9.999999999999991118, -2.383089945727105974 ) ) ;
#105 = EDGE_CURVE ( 'NONE', #3343, #88, #2928, .T. ) ;
#106 = AXIS2_PLACEMENT_3D ( 'NONE', #2278, #4116, #3004 ) ;
#107 = PLANE ( 'NONE',  #3994 ) ;
#108 = CARTESIAN_POINT ( 'NONE',  ( 9.644423896480732949, 8.486617119599310755, 0.8418839414767260720 ) ) ;
#109 = CARTESIAN_POINT ( 'NONE',  ( 35.00000000000000000, 9.999999999999998224, 5.500000000000000888 ) ) ;
#110 = LINE ( 'NONE', #1600, #619 ) ;
#111 = EDGE_CURVE ( 'NONE', #4844, #2531, #794, .T. ) ;
#112 = EDGE_LOOP ( 'NONE', ( #3541, #2545, #3871, #2862, #784, #1802, #719, #2165, #4092, #1286, #1921, #1777 ) ) ;
#113 = CARTESIAN_POINT ( 'NONE',  ( 33.00000000000000000, 19.99999999999999645, -76.21067811865475505 ) ) ;
#114 = ORIENTED_EDGE ( 'NONE', *, *, #3410, .F. ) ;
#115 = ADVANCED_FACE ( 'NONE', ( #1128 ), #60, .F. ) ;
#116 = ADVANCED_FACE ( 'NONE', ( #3815 ), #4595, .T. ) ;
#117 = CARTESIAN_POINT ( 'NONE',  ( 13.58578643762690952, 9.999999999999991118, -7.500000000000000888 ) ) ;
#118 = CARTESIAN_POINT ( 'NONE',  ( -15.00000000000000000, 5.000000000000000000, 1.999999999999999556 ) ) ;
#119 = EDGE_CURVE ( 'NONE', #3979, #4396, #3444, .T. ) ;
#120 = EDGE_CURVE ( 'NONE', #1383, #1897, #3394, .T. ) ;
#121 = EDGE_CURVE ( 'NONE', #4594, #1751, #2257, .T. ) ;
#122 = LINE ( 'NONE', #145, #2906 ) ;
#123 = PLANE ( 'NONE',  #3515 ) ;
#124 = CARTESIAN_POINT ( 'NONE',  ( 12.32747360206300691, 5.774170990927543379, -2.869683320330110643 ) ) ;
#125 = DIRECTION ( 'NONE',  ( 9.912705577010324317E-17, -1.000000000000000000, -0.000000000000000000 ) ) ;
#126 = CARTESIAN_POINT ( 'NONE',  ( -15.00000000000000355, 5.000000000000000000, -6.916198487095661207 ) ) ;
#127 = DIRECTION ( 'NONE',  ( 1.000000000000000000, -0.000000000000000000, -0.000000000000000000 ) ) ;
#128 = ORIENTED_EDGE ( 'NONE', *, *, #3099, .T. ) ;
#129 = CARTESIAN_POINT ( 'NONE',  ( 7.500000000000001776, 29.99999999999999645, -1.160254037844380637 ) ) ;
#130 = CARTESIAN_POINT ( 'NONE',  ( -13.09517181670364572, 9.999999999999992895, -2.984844833503675687 ) ) ;
#131 = DIRECTION ( 'NONE',  ( 0.000000000000000000, -1.000000000000000000, 0.000000000000000000 ) ) ;
#132 = CARTESIAN_POINT ( 'NONE',  ( -2.639022891491583866, 9.999999999999987566, 8.500000000000000000 ) ) ;
#133 = ORIENTED_EDGE ( 'NONE', *, *, #2180, .F. ) ;
#134 = CARTESIAN_POINT ( 'NONE',  ( -12.87296149142942703, 10.00000000000009237, -2.785452762287474293 ) ) ;
#135 = AXIS2_PLACEMENT_3D ( 'NONE', #4139, #3828, #1855 ) ;
#136 = CARTESIAN_POINT ( 'NONE',  ( 11.72160705563542926, 9.999999999999994671, 1.337837355702947262 ) ) ;
#137 = CARTESIAN_POINT ( 'NONE',  ( 3.936043849403100925, 7.649964908845239719, -5.794865529585525366 ) ) ;
#138 = ORIENTED_EDGE ( 'NONE', *, *, #4268, .T. ) ;
#139 = ORIENTED_EDGE ( 'NONE', *, *, #2534, .T. ) ;
#140 = ADVANCED_FACE ( 'NONE', ( #2621 ), #3468, .T. ) ;
#141 = CARTESIAN_POINT ( 'NONE',  ( -19.98435971133564948, 2.593161922630440319, -8.673617379884035472E-16 ) ) ;
#142 = CARTESIAN_POINT ( 'NONE',  ( 13.18759998256979671, 5.047258422807352929, 7.433334137965704080 ) ) ;
#143 = VERTEX_POINT ( 'NONE', #2836 ) ;
#144 = EDGE_CURVE ( 'NONE', #927, #3159, #3596, .T. ) ;
#145 = CARTESIAN_POINT ( 'NONE',  ( -2.639022891491583422, 10.00000000000000000, -5.500000000000000888 ) ) ;
#146 = AXIS2_PLACEMENT_3D ( 'NONE', #1338, #94, #2846 ) ;
#147 = CARTESIAN_POINT ( 'NONE',  ( 12.36663669395136722, 5.749657982102773346, -3.034020336305796484 ) ) ;
#148 = CARTESIAN_POINT ( 'NONE',  ( 0.000000000000000000, 0.000000000000000000, -7.500000000000000888 ) ) ;
#149 = CARTESIAN_POINT ( 'NONE',  ( 13.76316191612859363, 5.155391496283181496, -7.303285209289337665 ) ) ;
#150 = VERTEX_POINT ( 'NONE', #941 ) ;
#151 = LINE ( 'NONE', #3833, #4325 ) ;
#152 = CARTESIAN_POINT ( 'NONE',  ( -12.13037712596218753, 5.905383399202138506, 2.411170908638705423 ) ) ;
#153 = VECTOR ( 'NONE', #1918, 1000.000000000000000 ) ;
#154 = VECTOR ( 'NONE', #3841, 1000.000000000000000 ) ;
#155 = EDGE_CURVE ( 'NONE', #1331, #1722, #522, .T. ) ;
#156 = ADVANCED_FACE ( 'NONE', ( #185 ), #229, .T. ) ;
#157 = DIRECTION ( 'NONE',  ( 0.000000000000000000, 1.000000000000000000, 0.000000000000000000 ) ) ;
#158 = CARTESIAN_POINT ( 'NONE',  ( 6.639022891491583422, 9.999999999999987566, -7.500000000000000888 ) ) ;
#159 = AXIS2_PLACEMENT_3D ( 'NONE', #1071, #1300, #167 ) ;
#160 = ORIENTED_EDGE ( 'NONE', *, *, #3722, .F. ) ;
#161 = LINE ( 'NONE', #2105, #310 ) ;
#162 = AXIS2_PLACEMENT_3D ( 'NONE', #2679, #820, #1523 ) ;
#163 = CARTESIAN_POINT ( 'NONE',  ( 20.94674764498082098, 19.99999999999999645, 7.500000000000000888 ) ) ;
#164 = CARTESIAN_POINT ( 'NONE',  ( 5.039022891491584666, 9.608161990937755803, 6.700000000000001066 ) ) ;
#165 = CARTESIAN_POINT ( 'NONE',  ( 13.25374616380292636, 9.980590704191630635, 7.425113658874127331 ) ) ;
#166 = ORIENTED_EDGE ( 'NONE', *, *, #3231, .T. ) ;
#167 = DIRECTION ( 'NONE',  ( -1.000000000000000000, 0.000000000000000000, 0.000000000000000000 ) ) ;
#168 = VERTEX_POINT ( 'NONE', #4652 ) ;
#169 = VECTOR ( 'NONE', #2294, 1000.000000000000000 ) ;
#170 = EDGE_CURVE ( 'NONE', #2801, #3689, #1621, .T. ) ;
#171 = CARTESIAN_POINT ( 'NONE',  ( 22.54674764498082240, 19.99999999999999645, -6.699999999999999289 ) ) ;
#172 = AXIS2_PLACEMENT_3D ( 'NONE', #4082, #2921, #722 ) ;
#173 = CARTESIAN_POINT ( 'NONE',  ( -4.499999999999993783, 9.999999999999987566, 26.50000000000000000 ) ) ;
#174 = VERTEX_POINT ( 'NONE', #3181 ) ;
#175 = CARTESIAN_POINT ( 'NONE',  ( -12.34899179410178149, 5.760624380117667087, 2.946214735610501290 ) ) ;
#176 = CARTESIAN_POINT ( 'NONE',  ( 9.500000000000001776, 19.99999999999999289, -1.160254037844380637 ) ) ;
#177 = CARTESIAN_POINT ( 'NONE',  ( 12.23738537630545054, 5.832487074504551394, -2.631216711597529567 ) ) ;
#178 = EDGE_CURVE ( 'NONE', #4678, #3814, #3586, .T. ) ;
#179 = CARTESIAN_POINT ( 'NONE',  ( -24.94674764498082098, 9.999999999999991118, -8.500000000000000000 ) ) ;
#180 = CARTESIAN_POINT ( 'NONE',  ( 12.00000000000000000, 5.000000000000000000, -7.500000000000000888 ) ) ;
#181 = ORIENTED_EDGE ( 'NONE', *, *, #3242, .F. ) ;
#182 = CARTESIAN_POINT ( 'NONE',  ( 7.500000000000002665, 22.99999999999998579, 26.50000000000000000 ) ) ;
#183 = CARTESIAN_POINT ( 'NONE',  ( 5.448348218298000312, 9.862068527907041471, -7.114005937718772543 ) ) ;
#184 = VERTEX_POINT ( 'NONE', #4346 ) ;
#185 = FACE_OUTER_BOUND ( 'NONE', #3751, .T. ) ;
#186 = EDGE_CURVE ( 'NONE', #1079, #463, #286, .T. ) ;
#187 = DIRECTION ( 'NONE',  ( -0.000000000000000000, 1.000000000000000000, -0.000000000000000000 ) ) ;
#188 = LINE ( 'NONE', #2274, #4057 ) ;
#189 = CARTESIAN_POINT ( 'NONE',  ( 2.639022891491583422, 10.00000000000000000, -5.500000000000000888 ) ) ;
#190 = DIRECTION ( 'NONE',  ( 1.000000000000000000, -1.156482317317871331E-15, -0.000000000000000000 ) ) ;
#191 = ORIENTED_EDGE ( 'NONE', *, *, #2782, .F. ) ;
#192 = ORIENTED_EDGE ( 'NONE', *, *, #37, .T. ) ;
#193 = DIRECTION ( 'NONE',  ( -1.000000000000000000, -0.000000000000000000, -0.000000000000000000 ) ) ;
#194 = CARTESIAN_POINT ( 'NONE',  ( 11.49738657403971764, 6.736368322558345945, 6.041752403815745076 ) ) ;
#195 = VERTEX_POINT ( 'NONE', #4324 ) ;
#196 = CARTESIAN_POINT ( 'NONE',  ( -13.58578643762692373, 9.999999999999991118, -3.201562118716432259 ) ) ;
#197 = CARTESIAN_POINT ( 'NONE',  ( -5.121759111151608757, 9.692082641165908896, -6.810314959546701630 ) ) ;
#198 = CARTESIAN_POINT ( 'NONE',  ( -15.00000000000000000, 9.999999999999991118, 0.000000000000000000 ) ) ;
#199 = CARTESIAN_POINT ( 'NONE',  ( -13.09260847978601916, 9.999999999999991118, 2.983712540673045588 ) ) ;
#200 = CYLINDRICAL_SURFACE ( 'NONE', #3290, 2.999999999999999112 ) ;
#201 = CARTESIAN_POINT ( 'NONE',  ( -13.18759998256978960, 5.047258422807355593, -7.433334137965705857 ) ) ;
#202 = ORIENTED_EDGE ( 'NONE', *, *, #3908, .T. ) ;
#203 = LINE ( 'NONE', #3957, #220 ) ;
#204 = CARTESIAN_POINT ( 'NONE',  ( 12.36001523519419898, 5.749991257079627438, 2.308505982781774435 ) ) ;
#205 = CARTESIAN_POINT ( 'NONE',  ( 6.009350835712320205, 9.972818459803535873, -7.404982137479369619 ) ) ;
#206 = ORIENTED_EDGE ( 'NONE', *, *, #2530, .T. ) ;
#207 = DIRECTION ( 'NONE',  ( 0.000000000000000000, 0.000000000000000000, -1.000000000000000000 ) ) ;
#208 = B_SPLINE_CURVE_WITH_KNOTS ( 'NONE', 3,
 ( #4035, #1822, #4817, #1082 ),
 .UNSPECIFIED., .F., .F.,
 ( 4, 4 ),
 ( 0.000000000000000000, 0.001305278167032008227 ),
 .UNSPECIFIED. ) ;
#209 = DIRECTION ( 'NONE',  ( 1.000000000000000000, 0.000000000000000000, 0.000000000000000000 ) ) ;
#210 = FACE_OUTER_BOUND ( 'NONE', #1382, .T. ) ;
#211 = EDGE_LOOP ( 'NONE', ( #972, #732, #3301, #1496, #3691 ) ) ;
#212 = EDGE_LOOP ( 'NONE', ( #2103, #2474, #2042, #388, #911, #4059 ) ) ;
#213 = DIRECTION ( 'NONE',  ( 0.000000000000000000, 0.000000000000000000, -1.000000000000000000 ) ) ;
#214 = DIRECTION ( 'NONE',  ( 0.000000000000000000, 0.000000000000000000, 1.000000000000000000 ) ) ;
#215 = EDGE_CURVE ( 'NONE', #1431, #724, #161, .T. ) ;
#216 = AXIS2_PLACEMENT_3D ( 'NONE', #2198, #1831, #3334 ) ;
#217 = DIRECTION ( 'NONE',  ( -0.000000000000000000, -0.000000000000000000, -1.000000000000000000 ) ) ;
#218 = ORIENTED_EDGE ( 'NONE', *, *, #1605, .T. ) ;
#219 = FACE_OUTER_BOUND ( 'NONE', #2459, .T. ) ;
#220 = VECTOR ( 'NONE', #588, 1000.000000000000000 ) ;
#221 = CARTESIAN_POINT ( 'NONE',  ( 11.28578643762691058, 7.309187554127756670, -3.201562118716423821 ) ) ;
#222 = CARTESIAN_POINT ( 'NONE',  ( -11.43139452660061117, 6.879387471986447622, -5.969135827427457741 ) ) ;
#223 = ORIENTED_EDGE ( 'NONE', *, *, #4557, .F. ) ;
#224 = VECTOR ( 'NONE', #4083, 1000.000000000000000 ) ;
#225 = DIRECTION ( 'NONE',  ( 1.156482317317871331E-15, 1.000000000000000000, 0.000000000000000000 ) ) ;
#226 = CARTESIAN_POINT ( 'NONE',  ( 14.05600404069660847, 5.084364108947688976, -3.378561958169749690 ) ) ;
#227 = CARTESIAN_POINT ( 'NONE',  ( -4.499999999999996447, 24.99999999999998579, 26.50000000000000000 ) ) ;
#228 = ORIENTED_EDGE ( 'NONE', *, *, #3401, .F. ) ;
#229 = CYLINDRICAL_SURFACE ( 'NONE', #3060, 8.000000000000000000 ) ;
#230 = VECTOR ( 'NONE', #266, 1000.000000000000000 ) ;
#231 = ADVANCED_FACE ( 'NONE', ( #2405 ), #3564, .F. ) ;
#232 = CARTESIAN_POINT ( 'NONE',  ( -12.28183449596529542, 5.803348427309360069, -2.737193722513592942 ) ) ;
#233 = CIRCLE ( 'NONE', #2096, 2.000000000000001776 ) ;
#234 = CARTESIAN_POINT ( 'NONE',  ( 11.59651844013556676, 9.999999999999994671, 0.8162801428815682492 ) ) ;
#235 = CARTESIAN_POINT ( 'NONE',  ( 12.58537608521772633, 9.775461193266393067, 6.947293194180213405 ) ) ;
#236 = ORIENTED_EDGE ( 'NONE', *, *, #510, .T. ) ;
#237 = VERTEX_POINT ( 'NONE', #2038 ) ;
#238 = EDGE_CURVE ( 'NONE', #4478, #4711, #2450, .T. ) ;
#239 = AXIS2_PLACEMENT_3D ( 'NONE', #1048, #2435, #2540 ) ;
#240 = CARTESIAN_POINT ( 'NONE',  ( 3.500000000000003109, 21.99999999999999645, -76.21067811865475505 ) ) ;
#241 = LINE ( 'NONE', #905, #2269 ) ;
#242 = PRESENTATION_LAYER_ASSIGNMENT (  '', '', ( #1089 ) ) ;
#243 = DIRECTION ( 'NONE',  ( 1.000000000000000000, 5.782411586589358625E-17, -0.000000000000000000 ) ) ;
#244 = ORIENTED_EDGE ( 'NONE', *, *, #529, .F. ) ;
#245 = CIRCLE ( 'NONE', #712, 2.000000000000001776 ) ;
#246 = B_SPLINE_CURVE_WITH_KNOTS ( 'NONE', 3,
 ( #158, #3540, #3562, #205, #2036, #1276, #183, #1648, #1672, #1293 ),
 .UNSPECIFIED., .F., .F.,
 ( 4, 2, 2, 2, 4 ),
 ( 0.000000000000000000, 0.0004780124446940498028, 0.0009560248893880996055, 0.001434037334082149517, 0.001912049778776199211 ),
 .UNSPECIFIED. ) ;
#247 = EDGE_CURVE ( 'NONE', #3281, #3400, #3723, .T. ) ;
#248 = AXIS2_PLACEMENT_3D ( 'NONE', #3621, #1267, #2767 ) ;
#249 = CARTESIAN_POINT ( 'NONE',  ( 35.00000000000000000, 11.99999999999999822, -5.500000000000005329 ) ) ;
#250 = AXIS2_PLACEMENT_3D ( 'NONE', #98, #4588, #3126 ) ;
#251 = ORIENTED_EDGE ( 'NONE', *, *, #2366, .T. ) ;
#252 = CARTESIAN_POINT ( 'NONE',  ( 2.593111434148700489, 20.20181597330315171, 0.9057455497236447384 ) ) ;
#253 = CARTESIAN_POINT ( 'NONE',  ( 11.50000000000000533, 6.429285785728576563, 0.2379556549835286083 ) ) ;
#254 = CYLINDRICAL_SURFACE ( 'NONE', #2713, 2.299999999999999822 ) ;
#255 = ORIENTED_EDGE ( 'NONE', *, *, #4214, .F. ) ;
#256 = CARTESIAN_POINT ( 'NONE',  ( 12.17232898168460409, 9.539233737515811384, -3.201562118716424266 ) ) ;
#257 = CARTESIAN_POINT ( 'NONE',  ( 35.00000000000000000, 11.99999999999999822, -76.21067811865475505 ) ) ;
#258 = CARTESIAN_POINT ( 'NONE',  ( -12.35853686712968980, 5.754686456786159532, -2.990907278189916862 ) ) ;
#259 = DIRECTION ( 'NONE',  ( -1.000000000000000000, -2.312964634635742957E-16, 0.000000000000000000 ) ) ;
#260 = DIRECTION ( 'NONE',  ( -1.000000000000000000, 0.000000000000000000, 0.000000000000000000 ) ) ;
#261 = EDGE_LOOP ( 'NONE', ( #4843, #1166, #2884 ) ) ;
#262 = ADVANCED_FACE ( 'NONE', ( #2079 ), #4722, .F. ) ;
#263 = ORIENTED_EDGE ( 'NONE', *, *, #563, .F. ) ;
#264 = CARTESIAN_POINT ( 'NONE',  ( -3.499999999999996003, 21.99999999999999645, 7.500000000000007105 ) ) ;
#265 = CARTESIAN_POINT ( 'NONE',  ( 7.500000000000003553, 21.99999999999999645, 26.50000000000000000 ) ) ;
#266 = DIRECTION ( 'NONE',  ( -0.000000000000000000, -1.000000000000000000, -0.000000000000000000 ) ) ;
#267 = EDGE_CURVE ( 'NONE', #2065, #1085, #618, .T. ) ;
#268 = VERTEX_POINT ( 'NONE', #4791 ) ;
#269 = CARTESIAN_POINT ( 'NONE',  ( -18.50000000000000355, 19.99999999999998934, 0.000000000000000000 ) ) ;
#270 = EDGE_CURVE ( 'NONE', #682, #3375, #3437, .T. ) ;
#271 = EDGE_CURVE ( 'NONE', #1998, #4850, #1944, .T. ) ;
#272 = CARTESIAN_POINT ( 'NONE',  ( -12.38106955670100362, 5.740750848619664559, 3.172118222019168154 ) ) ;
#273 = EDGE_LOOP ( 'NONE', ( #2387, #1592, #2532, #981 ) ) ;
#274 = DIRECTION ( 'NONE',  ( 0.000000000000000000, 1.000000000000000000, -0.000000000000000000 ) ) ;
#275 = EDGE_CURVE ( 'NONE', #1993, #3132, #1078, .T. ) ;
#276 = EDGE_CURVE ( 'NONE', #2134, #1383, #4451, .T. ) ;
#277 = DIRECTION ( 'NONE',  ( 0.000000000000000000, 0.000000000000000000, 1.000000000000000000 ) ) ;
#278 = DIRECTION ( 'NONE',  ( 1.000000000000000000, 0.000000000000000000, 0.000000000000000000 ) ) ;
#279 = ORIENTED_EDGE ( 'NONE', *, *, #2815, .F. ) ;
#280 = DIRECTION ( 'NONE',  ( 0.000000000000000000, -1.000000000000000000, 0.000000000000000000 ) ) ;
#281 = ORIENTED_EDGE ( 'NONE', *, *, #2071, .T. ) ;
#282 = CARTESIAN_POINT ( 'NONE',  ( -12.30835613334631340, 5.786321005896916780, -2.810638348247084028 ) ) ;
#283 = CARTESIAN_POINT ( 'NONE',  ( -8.073328524102901582, 8.534173154844193476, 2.842838065068578057 ) ) ;
#284 = CARTESIAN_POINT ( 'NONE',  ( 11.34986907241176013, 6.582899382464259652, 0.7980115879371246779 ) ) ;
#285 = ORIENTED_EDGE ( 'NONE', *, *, #4193, .F. ) ;
#286 = B_SPLINE_CURVE_WITH_KNOTS ( 'NONE', 3,
 ( #3133, #3889, #574, #4622, #3514, #4670 ),
 .UNSPECIFIED., .F., .F.,
 ( 4, 2, 4 ),
 ( 0.000000000000000000, 0.0007479151342613561942, 0.001495830268522712388 ),
 .UNSPECIFIED. ) ;
#287 = FACE_OUTER_BOUND ( 'NONE', #2449, .T. ) ;
#288 = CARTESIAN_POINT ( 'NONE',  ( -9.499999999999994671, 19.99999999999999289, -1.160254037844380637 ) ) ;
#289 = DIRECTION ( 'NONE',  ( 0.000000000000000000, 0.000000000000000000, 1.000000000000000000 ) ) ;
#290 = CARTESIAN_POINT ( 'NONE',  ( 14.99999999999999822, 19.99999999999999645, 0.000000000000000000 ) ) ;
#291 = ORIENTED_EDGE ( 'NONE', *, *, #2495, .F. ) ;
#292 = ORIENTED_EDGE ( 'NONE', *, *, #4094, .T. ) ;
#293 = VECTOR ( 'NONE', #979, 1000.000000000000000 ) ;
#294 = CARTESIAN_POINT ( 'NONE',  ( -12.58484575962563490, 9.775195932695348588, -6.946839912970417252 ) ) ;
#295 = EDGE_CURVE ( 'NONE', #1041, #4600, #4846, .T. ) ;
#296 = ORIENTED_EDGE ( 'NONE', *, *, #563, .T. ) ;
#297 = CARTESIAN_POINT ( 'NONE',  ( 12.83515853697755205, 9.878274122951410163, -7.149037485911297729 ) ) ;
#298 = DIRECTION ( 'NONE',  ( 0.000000000000000000, -1.734723475976807094E-15, 1.000000000000000000 ) ) ;
#299 = EDGE_LOOP ( 'NONE', ( #617, #2043, #4304, #223 ) ) ;
#300 = CARTESIAN_POINT ( 'NONE',  ( -4.276729368584557101, 6.849192209726592928, -5.984467176951109302 ) ) ;
#301 = CARTESIAN_POINT ( 'NONE',  ( -11.62015812284190552, 6.314772902207798744, -0.9386913556956704152 ) ) ;
#302 = VECTOR ( 'NONE', #2015, 1000.000000000000000 ) ;
#303 = EDGE_CURVE ( 'NONE', #4061, #3876, #3839, .T. ) ;
#304 = DIRECTION ( 'NONE',  ( 0.000000000000000000, 0.000000000000000000, 1.000000000000000000 ) ) ;
#305 = CARTESIAN_POINT ( 'NONE',  ( 11.59166394879480322, 6.341666908256837765, 1.414347898216923083 ) ) ;
#306 = VECTOR ( 'NONE', #2514, 1000.000000000000000 ) ;
#307 = ORIENTED_EDGE ( 'NONE', *, *, #111, .T. ) ;
#308 = ORIENTED_EDGE ( 'NONE', *, *, #4337, .F. ) ;
#309 = VECTOR ( 'NONE', #4026, 1000.000000000000000 ) ;
#310 = VECTOR ( 'NONE', #915, 1000.000000000000000 ) ;
#311 = DIRECTION ( 'NONE',  ( 1.000000000000000000, 0.000000000000000000, 0.000000000000000000 ) ) ;
#312 = DIRECTION ( 'NONE',  ( 1.000000000000000000, 0.000000000000000000, 0.000000000000000000 ) ) ;
#313 = DIRECTION ( 'NONE',  ( -1.156482317317871478E-16, 1.000000000000000000, 0.000000000000000000 ) ) ;
#314 = EDGE_LOOP ( 'NONE', ( #4029, #1756, #285, #1316 ) ) ;
#315 = EDGE_LOOP ( 'NONE', ( #3971, #2588, #2737, #1056, #2404, #3367 ) ) ;
#316 = EDGE_CURVE ( 'NONE', #4501, #1159, #1740, .T. ) ;
#317 = CIRCLE ( 'NONE', #3844, 2.999999999999999112 ) ;
#318 = CIRCLE ( 'NONE', #942, 1.500000000000001332 ) ;
#319 = DIRECTION ( 'NONE',  ( 0.000000000000000000, 0.000000000000000000, -1.000000000000000000 ) ) ;
#320 = CIRCLE ( 'NONE', #4389, 2.000000000000000000 ) ;
#321 = ORIENTED_EDGE ( 'NONE', *, *, #4308, .T. ) ;
#322 = EDGE_CURVE ( 'NONE', #88, #348, #2606, .T. ) ;
#323 = CARTESIAN_POINT ( 'NONE',  ( 2.926365161293708272, 20.08038513289535132, 0.1318109827830943326 ) ) ;
#324 = CARTESIAN_POINT ( 'NONE',  ( 4.500000000000003553, 22.99999999999998579, 26.50000000000000000 ) ) ;
#325 = CARTESIAN_POINT ( 'NONE',  ( 24.94674764498082098, 9.999999999999996447, 5.500000000000000888 ) ) ;
#326 = ORIENTED_EDGE ( 'NONE', *, *, #4672, .T. ) ;
#327 = CARTESIAN_POINT ( 'NONE',  ( -12.01170375376791633, 6.008277211470725909, 6.488706335181531948 ) ) ;
#328 = CARTESIAN_POINT ( 'NONE',  ( -12.84000184445986825, 5.486182420067031273, 2.762992351992767492 ) ) ;
#329 = CARTESIAN_POINT ( 'NONE',  ( 12.00000000000000000, 0.000000000000000000, 0.4999999999999995559 ) ) ;
#330 = LINE ( 'NONE', #4649, #1147 ) ;
#331 = CARTESIAN_POINT ( 'NONE',  ( 11.38671761002013660, 6.543852483970352907, 0.9159274783853885715 ) ) ;
#332 = EDGE_LOOP ( 'NONE', ( #1240, #2752, #1132, #715 ) ) ;
#333 = EDGE_LOOP ( 'NONE', ( #586, #1332, #3045, #2285 ) ) ;
#334 = EDGE_CURVE ( 'NONE', #700, #1034, #1100, .T. ) ;
#335 = DIRECTION ( 'NONE',  ( 0.000000000000000000, 0.000000000000000000, -1.000000000000000000 ) ) ;
#336 = CARTESIAN_POINT ( 'NONE',  ( -9.268805661084202896, 19.99999999999999289, -0.6432869209458557114 ) ) ;
#337 = CARTESIAN_POINT ( 'NONE',  ( 0.000000000000000000, 0.000000000000000000, 7.500000000000000888 ) ) ;
#338 = DIRECTION ( 'NONE',  ( 0.000000000000000000, 1.000000000000000000, 0.000000000000000000 ) ) ;
#339 = ORIENTED_EDGE ( 'NONE', *, *, #2208, .T. ) ;
#340 = ORIENTED_EDGE ( 'NONE', *, *, #3732, .T. ) ;
#341 = B_SPLINE_CURVE_WITH_KNOTS ( 'NONE', 3,
 ( #1834, #300, #4074, #1791, #3296, #2955, #1049, #2541, #4436, #687, #2564, #3676, #713, #3338, #3103, #1535 ),
 .UNSPECIFIED., .F., .F.,
 ( 4, 2, 2, 2, 2, 2, 2, 4 ),
 ( 0.000000000000000000, 0.0004498787051393376177, 0.0008997574102786752353, 0.001349636115418012799, 0.001799514820557350471, 0.002249393525696688143, 0.002699272230836025598, 0.003599029641114701809 ),
 .UNSPECIFIED. ) ;
#342 = AXIS2_PLACEMENT_3D ( 'NONE', #2469, #4742, #4073 ) ;
#343 = CARTESIAN_POINT ( 'NONE',  ( -12.96709390979256327, 9.920045336479223153, -7.250770553872269986 ) ) ;
#344 = EDGE_LOOP ( 'NONE', ( #2579, #160, #2907, #4579 ) ) ;
#345 = EDGE_CURVE ( 'NONE', #1151, #700, #2795, .T. ) ;
#346 = CARTESIAN_POINT ( 'NONE',  ( -4.499999999999993783, 11.99999999999998757, 24.50000000000000000 ) ) ;
#347 = DIRECTION ( 'NONE',  ( 1.000000000000000000, 9.912705577010324317E-17, -0.000000000000000000 ) ) ;
#348 = VERTEX_POINT ( 'NONE', #2129 ) ;
#349 = DIRECTION ( 'NONE',  ( -0.000000000000000000, -0.000000000000000000, 1.000000000000000000 ) ) ;
#350 = CARTESIAN_POINT ( 'NONE',  ( -13.76316191612860251, 5.155391496283179720, 7.303285209289334112 ) ) ;
#351 = EDGE_CURVE ( 'NONE', #4717, #1331, #3755, .T. ) ;
#352 = CARTESIAN_POINT ( 'NONE',  ( -12.37500476381308445, 5.744466250775675853, 3.080105378183716436 ) ) ;
#353 = CARTESIAN_POINT ( 'NONE',  ( 11.44688501161688521, 6.482126320005426656, 1.080888870373766020 ) ) ;
#354 = VERTEX_POINT ( 'NONE', #2934 ) ;
#355 = ORIENTED_EDGE ( 'NONE', *, *, #4671, .T. ) ;
#356 = EDGE_CURVE ( 'NONE', #1910, #977, #2420, .T. ) ;
#357 = EDGE_CURVE ( 'NONE', #2150, #1808, #341, .T. ) ;
#358 = CARTESIAN_POINT ( 'NONE',  ( -22.54674764498082240, 19.99999999999998934, 6.699999999999999289 ) ) ;
#359 = CARTESIAN_POINT ( 'NONE',  ( 12.00000000000000000, 5.000000000000000000, 0.4999999999999995559 ) ) ;
#360 = DIRECTION ( 'NONE',  ( 0.000000000000000000, 1.000000000000000000, 0.000000000000000000 ) ) ;
#361 = ORIENTED_EDGE ( 'NONE', *, *, #1902, .T. ) ;
#362 = CARTESIAN_POINT ( 'NONE',  ( 19.98435971133565658, 2.593161922630440319, -8.673617379884035472E-16 ) ) ;
#363 = VERTEX_POINT ( 'NONE', #1121 ) ;
#364 = CARTESIAN_POINT ( 'NONE',  ( -11.47690192741628401, 6.452065813466018263, 1.156115905588927184 ) ) ;
#365 = EDGE_CURVE ( 'NONE', #3381, #4144, #3051, .T. ) ;
#366 = CARTESIAN_POINT ( 'NONE',  ( 4.059828874665532439, 7.222419614501164098, 5.856579198000141595 ) ) ;
#367 = ORIENTED_EDGE ( 'NONE', *, *, #3312, .T. ) ;
#368 = CARTESIAN_POINT ( 'NONE',  ( -11.77453528532981508, 6.179472552026801679, -1.770033335310474909 ) ) ;
#369 = DIRECTION ( 'NONE',  ( 0.000000000000000000, 1.000000000000000000, 0.000000000000000000 ) ) ;
#370 = AXIS2_PLACEMENT_3D ( 'NONE', #2125, #277, #1762 ) ;
#371 = PLANE ( 'NONE',  #2161 ) ;
#372 = DIRECTION ( 'NONE',  ( -0.000000000000000000, -0.000000000000000000, 1.000000000000000000 ) ) ;
#373 = EDGE_LOOP ( 'NONE', ( #1901, #3952, #694, #1209, #4694, #3809, #4534, #656, #42, #476, #1938, #4669, #3307, #4191, #2338, #3656, #3017, #500, #4416, #555, #503, #995, #441, #3067, #835, #4039, #1879, #2929, #3710, #824, #2086, #4829, #4645, #2155 ) ) ;
#374 = CARTESIAN_POINT ( 'NONE',  ( -6.639022891491583422, 9.999999999999987566, 7.500000000000000000 ) ) ;
#375 = CARTESIAN_POINT ( 'NONE',  ( -4.061127270104220699, 7.219808827734361500, 5.857292575509875476 ) ) ;
#376 = FACE_OUTER_BOUND ( 'NONE', #2936, .T. ) ;
#377 = CARTESIAN_POINT ( 'NONE',  ( 11.61328330458306191, 6.321662574575723781, 1.459101976654481048 ) ) ;
#378 = ORIENTED_EDGE ( 'NONE', *, *, #3976, .T. ) ;
#379 = CYLINDRICAL_SURFACE ( 'NONE', #2973, 2.299999999999999822 ) ;
#380 = CARTESIAN_POINT ( 'NONE',  ( -11.72160705563542571, 9.999999999999991118, -1.337837355702952147 ) ) ;
#381 = LINE ( 'NONE', #3012, #543 ) ;
#382 = CYLINDRICAL_SURFACE ( 'NONE', #1560, 2.499999999999998668 ) ;
#383 = AXIS2_PLACEMENT_3D ( 'NONE', #3332, #67, #2667 ) ;
#384 = DIRECTION ( 'NONE',  ( 1.000000000000000000, 1.734723475976807094E-16, -0.000000000000000000 ) ) ;
#385 = DIRECTION ( 'NONE',  ( -1.000000000000000000, 0.000000000000000000, 0.000000000000000000 ) ) ;
#386 = EDGE_CURVE ( 'NONE', #1947, #3016, #3461, .T. ) ;
#387 = ORIENTED_EDGE ( 'NONE', *, *, #3271, .T. ) ;
#388 = ORIENTED_EDGE ( 'NONE', *, *, #4517, .F. ) ;
#389 = VECTOR ( 'NONE', #1052, 1000.000000000000000 ) ;
#390 = CARTESIAN_POINT ( 'NONE',  ( 11.35913455769672353, 6.573028360827592564, -0.8286490096867813460 ) ) ;
#391 = CARTESIAN_POINT ( 'NONE',  ( -4.358621320152868961, 6.736368322558340616, -6.041752403815749517 ) ) ;
#392 = AXIS2_PLACEMENT_3D ( 'NONE', #1352, #1539, #3438 ) ;
#393 = CIRCLE ( 'NONE', #3445, 2.499999999999998668 ) ;
#394 = ADVANCED_FACE ( 'NONE', ( #755 ), #45, .F. ) ;
#395 = EDGE_LOOP ( 'NONE', ( #4010, #2291, #64, #989 ) ) ;
#396 = CIRCLE ( 'NONE', #1326, 2.000000000000001776 ) ;
#397 = CARTESIAN_POINT ( 'NONE',  ( -12.06847255721436518, 5.949547280012703609, -2.295280309889322634 ) ) ;
#398 = CYLINDRICAL_SURFACE ( 'NONE', #1859, 2.299999999999999822 ) ;
#399 = DIRECTION ( 'NONE',  ( 1.000000000000000000, 0.000000000000000000, 0.000000000000000000 ) ) ;
#400 = ORIENTED_EDGE ( 'NONE', *, *, #3866, .T. ) ;
#401 = DIRECTION ( 'NONE',  ( 0.000000000000000000, 0.000000000000000000, -1.000000000000000000 ) ) ;
#402 = CARTESIAN_POINT ( 'NONE',  ( -1.499999999999994671, 22.99999999999999289, 26.50000000000000000 ) ) ;
#403 = VERTEX_POINT ( 'NONE', #97 ) ;
#404 = DIRECTION ( 'NONE',  ( 1.000000000000000000, 0.000000000000000000, -0.000000000000000000 ) ) ;
#405 = CIRCLE ( 'NONE', #4607, 2.000000000000000000 ) ;
#406 = FACE_OUTER_BOUND ( 'NONE', #395, .T. ) ;
#407 = CARTESIAN_POINT ( 'NONE',  ( 12.18273493710763233, 5.869215402273907145, 2.514595660354139728 ) ) ;
#408 = ORIENTED_EDGE ( 'NONE', *, *, #3242, .T. ) ;
#409 = CARTESIAN_POINT ( 'NONE',  ( -12.38108597203199146, 5.740740755235441029, -3.140976099343319117 ) ) ;
#410 = CARTESIAN_POINT ( 'NONE',  ( -6.639022891491583422, 9.999999999999987566, 5.500000000000000888 ) ) ;
#411 = B_SPLINE_CURVE_WITH_KNOTS ( 'NONE', 3,
 ( #4349, #598, #165, #1330, #3985, #235, #1656, #626, #2841, #1281, #2786, #966, #3947, #4329, #578, #919, #3965, #2111 ),
 .UNSPECIFIED., .F., .F.,
 ( 4, 2, 2, 2, 2, 2, 2, 2, 4 ),
 ( 1.734723475976807094E-18, 0.0005089718198732402516, 0.001017943639746478768, 0.001526915459619717285, 0.002035887279492955802, 0.002544859099366194102, 0.003053830919239432836, 0.003562802739112671570, 0.004071774558985909870 ),
 .UNSPECIFIED. ) ;
#412 = CARTESIAN_POINT ( 'NONE',  ( 12.87296149142943946, 9.999999999999895195, 2.785452762287292217 ) ) ;
#413 = CARTESIAN_POINT ( 'NONE',  ( 12.04805269240789478, 5.961865485967589251, -2.246064512846320582 ) ) ;
#414 = VECTOR ( 'NONE', #74, 1000.000000000000000 ) ;
#415 = CARTESIAN_POINT ( 'NONE',  ( 4.000808528637191941, 7.357215298616057275, -5.826593230368180443 ) ) ;
#416 = ORIENTED_EDGE ( 'NONE', *, *, #2415, .T. ) ;
#417 = LINE ( 'NONE', #362, #1694 ) ;
#418 = ORIENTED_EDGE ( 'NONE', *, *, #1189, .F. ) ;
#419 = CARTESIAN_POINT ( 'NONE',  ( 11.47690192741745641, 6.452065813464852084, -1.156115905590686221 ) ) ;
#420 = FACE_BOUND ( 'NONE', #3311, .T. ) ;
#421 = EDGE_CURVE ( 'NONE', #363, #3497, #2250, .T. ) ;
#422 = VERTEX_POINT ( 'NONE', #1590 ) ;
#423 = LINE ( 'NONE', #1608, #4782 ) ;
#424 = ADVANCED_FACE ( 'NONE', ( #4564, #1173 ), #1197, .T. ) ;
#425 = CARTESIAN_POINT ( 'NONE',  ( 15.00000000000000000, 5.000000000000000000, 0.000000000000000000 ) ) ;
#426 = LINE ( 'NONE', #1564, #3501 ) ;
#427 = VERTEX_POINT ( 'NONE', #2720 ) ;
#428 = DIRECTION ( 'NONE',  ( 1.000000000000000000, 0.000000000000000000, 0.000000000000000000 ) ) ;
#429 = CARTESIAN_POINT ( 'NONE',  ( -12.58484575962563312, 9.775195932695348588, 6.946839912970413700 ) ) ;
#430 = CARTESIAN_POINT ( 'NONE',  ( 4.500000000000003553, 22.99999999999998579, 24.50000000000000000 ) ) ;
#431 = VERTEX_POINT ( 'NONE', #2669 ) ;
#432 = CYLINDRICAL_SURFACE ( 'NONE', #4476, 3.499999999999997780 ) ;
#433 = FACE_OUTER_BOUND ( 'NONE', #1543, .T. ) ;
#434 = CARTESIAN_POINT ( 'NONE',  ( 11.28578643762691236, 7.700000000000010836, 3.201562118716432259 ) ) ;
#435 = VERTEX_POINT ( 'NONE', #402 ) ;
#436 = CARTESIAN_POINT ( 'NONE',  ( -13.58578643762692373, 9.999999999999991118, -3.201562118716432259 ) ) ;
#437 = DIRECTION ( 'NONE',  ( -1.000000000000000000, 0.000000000000000000, 0.000000000000000000 ) ) ;
#438 = CARTESIAN_POINT ( 'NONE',  ( 11.54366628651625781, 6.372816695079306371, 1.350381618642858550 ) ) ;
#439 = CARTESIAN_POINT ( 'NONE',  ( 5.454058453981590837, 9.999999999999976907, -3.201562118716478889 ) ) ;
#440 = DIRECTION ( 'NONE',  ( 0.000000000000000000, -0.000000000000000000, 1.000000000000000000 ) ) ;
#441 = ORIENTED_EDGE ( 'NONE', *, *, #976, .F. ) ;
#442 = VERTEX_POINT ( 'NONE', #4169 ) ;
#443 = CARTESIAN_POINT ( 'NONE',  ( -20.94674764498082098, 19.99999999999999645, -7.500000000000000888 ) ) ;
#444 = CARTESIAN_POINT ( 'NONE',  ( 12.00000000000000000, 5.000000000000000000, 7.499999999999999112 ) ) ;
#445 = EDGE_CURVE ( 'NONE', #1301, #4811, #1567, .T. ) ;
#446 = VERTEX_POINT ( 'NONE', #2694 ) ;
#447 = FACE_OUTER_BOUND ( 'NONE', #2092, .T. ) ;
#448 = CARTESIAN_POINT ( 'NONE',  ( -12.38108599560540846, 5.740740740740725379, -3.201562118716426042 ) ) ;
#449 = CARTESIAN_POINT ( 'NONE',  ( 5.039022891491584666, 19.99999999999999289, -6.700000000000001066 ) ) ;
#450 = EDGE_CURVE ( 'NONE', #195, #442, #4371, .T. ) ;
#451 = CARTESIAN_POINT ( 'NONE',  ( -19.98435971133564948, 5.000000000000000000, -7.589415207398531038E-16 ) ) ;
#452 = DIRECTION ( 'NONE',  ( 0.000000000000000000, 0.000000000000000000, 1.000000000000000000 ) ) ;
#453 = ORIENTED_EDGE ( 'NONE', *, *, #2499, .F. ) ;
#454 = DIRECTION ( 'NONE',  ( -0.000000000000000000, -0.000000000000000000, -1.000000000000000000 ) ) ;
#455 = CARTESIAN_POINT ( 'NONE',  ( 12.22491108931653869, 5.840800425374900406, 2.603817358101502055 ) ) ;
#456 = VERTEX_POINT ( 'NONE', #3781 ) ;
#457 = CARTESIAN_POINT ( 'NONE',  ( 6.639022891491583422, 9.999999999999987566, 5.500000000000000888 ) ) ;
#458 = EDGE_CURVE ( 'NONE', #2831, #3343, #4134, .T. ) ;
#459 = CARTESIAN_POINT ( 'NONE',  ( 7.225456027741175902, 8.957651039033491358, 3.033523807720459153 ) ) ;
#460 = CARTESIAN_POINT ( 'NONE',  ( 12.35301099331429597, 5.758111661149449390, -2.958972222799972407 ) ) ;
#461 = LINE ( 'NONE', #1231, #3666 ) ;
#462 = ORIENTED_EDGE ( 'NONE', *, *, #4716, .T. ) ;
#463 = VERTEX_POINT ( 'NONE', #3153 ) ;
#464 = LINE ( 'NONE', #491, #4458 ) ;
#465 = VECTOR ( 'NONE', #454, 1000.000000000000000 ) ;
#466 = CARTESIAN_POINT ( 'NONE',  ( 11.61711598042082549, 6.318136423343562846, -1.466964337846712541 ) ) ;
#467 = LINE ( 'NONE', #2342, #3851 ) ;
#468 = AXIS2_PLACEMENT_3D ( 'NONE', #730, #1195, #4538 ) ;
#469 = VECTOR ( 'NONE', #1497, 1000.000000000000000 ) ;
#470 = AXIS2_PLACEMENT_3D ( 'NONE', #2154, #3321, #1401 ) ;
#471 = CARTESIAN_POINT ( 'NONE',  ( 4.791446732691780552E-32, 6.736368322558344168, 6.041752403815745076 ) ) ;
#472 = ADVANCED_FACE ( 'NONE', ( #3508 ), #4266, .F. ) ;
#473 = DIRECTION ( 'NONE',  ( 0.000000000000000000, 0.000000000000000000, 1.000000000000000000 ) ) ;
#474 = CARTESIAN_POINT ( 'NONE',  ( 5.039022891491584666, 9.608161990937752250, -6.700000000000001066 ) ) ;
#475 = CARTESIAN_POINT ( 'NONE',  ( -4.466786912320419134, 8.964552532020732656, 6.118602051992791502 ) ) ;
#476 = ORIENTED_EDGE ( 'NONE', *, *, #3410, .T. ) ;
#477 = EDGE_CURVE ( 'NONE', #237, #3876, #3377, .T. ) ;
#478 = CIRCLE ( 'NONE', #3219, 8.000000000000000000 ) ;
#479 = PLANE ( 'NONE',  #4690 ) ;
#481 = EDGE_CURVE ( 'NONE', #3607, #422, #4483, .T. ) ;
#480 = CARTESIAN_POINT ( 'NONE',  ( 12.06116232795223908, 5.954848145988732355, 2.281874219729714159 ) ) ;
#482 = ORIENTED_EDGE ( 'NONE', *, *, #4624, .F. ) ;
#483 = DIRECTION ( 'NONE',  ( 1.239088197126290570E-16, -1.000000000000000000, 0.000000000000000000 ) ) ;
#484 = CARTESIAN_POINT ( 'NONE',  ( 7.500000000000002665, 24.99999999999998579, 9.500000000000001776 ) ) ;
#485 = FACE_OUTER_BOUND ( 'NONE', #1053, .T. ) ;
#486 = EDGE_CURVE ( 'NONE', #1159, #3497, #3035, .T. ) ;
#487 = CARTESIAN_POINT ( 'NONE',  ( 9.500000000000005329, 1.647987302177967529E-15, 7.500000000000000888 ) ) ;
#488 = ORIENTED_EDGE ( 'NONE', *, *, #2208, .F. ) ;
#489 = EDGE_CURVE ( 'NONE', #1947, #3743, #1980, .T. ) ;
#490 = ORIENTED_EDGE ( 'NONE', *, *, #3700, .F. ) ;
#491 = CARTESIAN_POINT ( 'NONE',  ( -22.11832052023462936, 19.99999999999999645, 7.500000000000000888 ) ) ;
#492 = CARTESIAN_POINT ( 'NONE',  ( 11.55838703312628368, 6.372817545805844475, -1.344051419097876732 ) ) ;
#493 = CARTESIAN_POINT ( 'NONE',  ( 1.500000000000005329, 9.999999999999987566, 24.50000000000000000 ) ) ;
#494 = B_SPLINE_CURVE_WITH_KNOTS ( 'NONE', 3,
 ( #3402, #1528, #1210, #2710, #3478, #3425 ),
 .UNSPECIFIED., .F., .F.,
 ( 4, 2, 4 ),
 ( 0.004286790610402609926, 0.005094962805063786224, 0.005903134999724961654 ),
 .UNSPECIFIED. ) ;
#495 = DIRECTION ( 'NONE',  ( 0.000000000000000000, 0.000000000000000000, -1.000000000000000000 ) ) ;
#496 = CYLINDRICAL_SURFACE ( 'NONE', #2894, 2.000000000000003109 ) ;
#497 = CARTESIAN_POINT ( 'NONE',  ( 11.89128551271185685, 6.083891759307554103, -1.979118730361243861 ) ) ;
#498 = CARTESIAN_POINT ( 'NONE',  ( 10.73795390850766118, 8.707366798954444320, -0.7431181190934135206 ) ) ;
#499 = CARTESIAN_POINT ( 'NONE',  ( -11.28578643762692302, 7.700000000000009059, -3.201562118716433591 ) ) ;
#500 = ORIENTED_EDGE ( 'NONE', *, *, #2264, .T. ) ;
#501 = CARTESIAN_POINT ( 'NONE',  ( 35.00000000000000000, 9.999999999999998224, -5.500000000000005329 ) ) ;
#502 = CARTESIAN_POINT ( 'NONE',  ( 15.00000000000000000, 4.999999999999997335, 3.499999999999998224 ) ) ;
#503 = ORIENTED_EDGE ( 'NONE', *, *, #4400, .T. ) ;
#504 = CARTESIAN_POINT ( 'NONE',  ( -8.880472756961573566, 8.279365594199211031, -2.457570846102562268 ) ) ;
#505 = CARTESIAN_POINT ( 'NONE',  ( -5.039022891491584666, 9.999999999999987566, 6.700000000000001066 ) ) ;
#506 = DIRECTION ( 'NONE',  ( 0.000000000000000000, 0.000000000000000000, -1.000000000000000000 ) ) ;
#507 = PLANE ( 'NONE',  #4774 ) ;
#508 = ORIENTED_EDGE ( 'NONE', *, *, #3777, .T. ) ;
#509 = VERTEX_POINT ( 'NONE', #4289 ) ;
#510 = EDGE_CURVE ( 'NONE', #1176, #3268, #393, .T. ) ;
#511 = DIRECTION ( 'NONE',  ( 1.734723475976807686E-15, 0.000000000000000000, 1.000000000000000000 ) ) ;
#512 = CARTESIAN_POINT ( 'NONE',  ( -11.59263638950479525, 9.999999999999991118, 0.7999207622465386303 ) ) ;
#513 = ORIENTED_EDGE ( 'NONE', *, *, #2143, .F. ) ;
#514 = PLANE ( 'NONE',  #1018 ) ;
#515 = LINE ( 'NONE', #2717, #2817 ) ;
#516 = CARTESIAN_POINT ( 'NONE',  ( 12.38106955670099296, 5.740750848619672553, -3.172118222017378031 ) ) ;
#517 = CARTESIAN_POINT ( 'NONE',  ( 12.38108599560539425, 5.740740740740731596, -3.201562118716414496 ) ) ;
#518 = ORIENTED_EDGE ( 'NONE', *, *, #2765, .T. ) ;
#519 = DIRECTION ( 'NONE',  ( 0.000000000000000000, -1.000000000000000000, -0.000000000000000000 ) ) ;
#520 = DIRECTION ( 'NONE',  ( 1.000000000000000000, 1.239088197126290570E-16, -0.000000000000000000 ) ) ;
#521 = ORIENTED_EDGE ( 'NONE', *, *, #3790, .F. ) ;
#522 = LINE ( 'NONE', #2805, #2897 ) ;
#523 = CARTESIAN_POINT ( 'NONE',  ( 9.500000000000001776, 19.99999999999999289, -76.21067811865475505 ) ) ;
#524 = DIRECTION ( 'NONE',  ( -1.000000000000000000, -1.734723475976807094E-16, 0.000000000000000000 ) ) ;
#525 = CARTESIAN_POINT ( 'NONE',  ( 1.500000000000008216, 15.13504870010926417, 21.50000000000000000 ) ) ;
#526 = VERTEX_POINT ( 'NONE', #1640 ) ;
#527 = ORIENTED_EDGE ( 'NONE', *, *, #4159, .T. ) ;
#528 = DIRECTION ( 'NONE',  ( 0.000000000000000000, -1.000000000000000000, 0.000000000000000000 ) ) ;
#529 = EDGE_CURVE ( 'NONE', #3399, #3322, #804, .T. ) ;
#530 = FACE_OUTER_BOUND ( 'NONE', #1864, .T. ) ;
#531 = VECTOR ( 'NONE', #2249, 1000.000000000000000 ) ;
#532 = ORIENTED_EDGE ( 'NONE', *, *, #620, .T. ) ;
#533 = DIRECTION ( 'NONE',  ( 0.000000000000000000, 1.000000000000000000, 0.000000000000000000 ) ) ;
#534 = VECTOR ( 'NONE', #4562, 1000.000000000000000 ) ;
#535 = CARTESIAN_POINT ( 'NONE',  ( 12.27492835414883388, 5.807859788577276028, -2.720617965770486535 ) ) ;
#536 = DIRECTION ( 'NONE',  ( 0.000000000000000000, 0.000000000000000000, -1.000000000000000000 ) ) ;
#537 = CARTESIAN_POINT ( 'NONE',  ( 13.18759998256982691, 5.047258422807980871, -7.433334137965696975 ) ) ;
#538 = VERTEX_POINT ( 'NONE', #126 ) ;
#539 = VECTOR ( 'NONE', #3254, 1000.000000000000000 ) ;
#540 = AXIS2_PLACEMENT_3D ( 'NONE', #2780, #1258, #2757 ) ;
#541 = DIRECTION ( 'NONE',  ( 0.000000000000000000, 0.000000000000000000, 1.000000000000000000 ) ) ;
#542 = CARTESIAN_POINT ( 'NONE',  ( -11.34564928128979666, 8.302020134026340870, 3.201562118716433591 ) ) ;
#543 = VECTOR ( 'NONE', #4496, 1000.000000000000000 ) ;
#544 = VERTEX_POINT ( 'NONE', #1665 ) ;
#545 = CARTESIAN_POINT ( 'NONE',  ( 4.092645828845508760, 7.102807126935224424, 5.855696679557342854 ) ) ;
#546 = VECTOR ( 'NONE', #3080, 1000.000000000000000 ) ;
#547 = AXIS2_PLACEMENT_3D ( 'NONE', #2920, #2188, #3706 ) ;
#548 = CYLINDRICAL_SURFACE ( 'NONE', #4223, 3.499999999999997780 ) ;
#549 =( LENGTH_UNIT ( ) NAMED_UNIT ( * ) SI_UNIT ( .MILLI., .METRE. ) );
#550 = CARTESIAN_POINT ( 'NONE',  ( 6.317521703829330981, 9.995022926855256173, 7.480370111054922333 ) ) ;
#551 = PRODUCT_DEFINITION_CONTEXT ( 'detailed design', #1335, 'design' ) ;
#552 = CARTESIAN_POINT ( 'NONE',  ( -11.28578643762443789, 7.700000000000222222, -5.793857062404298652 ) ) ;
#553 = ORIENTED_EDGE ( 'NONE', *, *, #334, .F. ) ;
#554 = B_SPLINE_CURVE_WITH_KNOTS ( 'NONE', 3,
 ( #3969, #603, #3991, #582, #2090, #194 ),
 .UNSPECIFIED., .F., .F.,
 ( 4, 2, 4 ),
 ( 0.004071774558985909870, 0.004585785548654393827, 0.005099796538322877784 ),
 .UNSPECIFIED. ) ;
#555 = ORIENTED_EDGE ( 'NONE', *, *, #4359, .F. ) ;
#556 = AXIS2_PLACEMENT_3D ( 'NONE', #4333, #1681, #214 ) ;
#557 = EDGE_CURVE ( 'NONE', #606, #3849, #974, .T. ) ;
#558 = LINE ( 'NONE', #141, #1473 ) ;
#559 = AXIS2_PLACEMENT_3D ( 'NONE', #3347, #2136, #4818 ) ;
#560 = DIRECTION ( 'NONE',  ( -1.000000000000000000, 0.000000000000000000, 0.000000000000000000 ) ) ;
#561 = EDGE_LOOP ( 'NONE', ( #1323, #2122, #1299, #87 ) ) ;
#562 = ADVANCED_FACE ( 'NONE', ( #3698 ), #1835, .F. ) ;
#563 = EDGE_CURVE ( 'NONE', #1808, #4784, #1959, .T. ) ;
#564 = EDGE_CURVE ( 'NONE', #2252, #3895, #2695, .T. ) ;
#565 = CARTESIAN_POINT ( 'NONE',  ( 35.00000000000000000, 9.999999999999998224, -76.21067811865475505 ) ) ;
#566 = CARTESIAN_POINT ( 'NONE',  ( 12.10296503273619173, 5.924787270319153976, -2.359319328107412961 ) ) ;
#567 = CARTESIAN_POINT ( 'NONE',  ( -2.639022891491583866, 9.999999999999987566, -8.500000000000000000 ) ) ;
#568 = CARTESIAN_POINT ( 'NONE',  ( -13.76316191612859718, 5.155391496283181496, -7.303285209289337665 ) ) ;
#569 = ORIENTED_EDGE ( 'NONE', *, *, #1683, .T. ) ;
#570 = CARTESIAN_POINT ( 'NONE',  ( 28.49999999999999289, 14.99999999999999645, 5.500000000000001776 ) ) ;
#571 = CARTESIAN_POINT ( 'NONE',  ( 13.21412827751770180, 5.325398935211795859, 3.018556324418753434 ) ) ;
#572 = CARTESIAN_POINT ( 'NONE',  ( 15.00000000000000000, 5.000000000000000000, 0.000000000000000000 ) ) ;
#573 = ORIENTED_EDGE ( 'NONE', *, *, #4752, .T. ) ;
#574 = CARTESIAN_POINT ( 'NONE',  ( -12.01499397652135670, 6.005217905045868498, -6.491000360110390055 ) ) ;
#575 = EDGE_CURVE ( 'NONE', #1582, #4144, #3678, .T. ) ;
#576 = PRESENTATION_STYLE_ASSIGNMENT (( #2361 ) ) ;
#577 = CARTESIAN_POINT ( 'NONE',  ( -4.499999999999997335, 17.63504870010926240, 21.50000000000000000 ) ) ;
#578 = CARTESIAN_POINT ( 'NONE',  ( 11.37812611318249267, 8.366297081582686701, 5.863015930354247729 ) ) ;
#579 = ORIENTED_EDGE ( 'NONE', *, *, #2749, .F. ) ;
#580 = VERTEX_POINT ( 'NONE', #1146 ) ;
#581 = CARTESIAN_POINT ( 'NONE',  ( -11.31748570519114594, 6.617467068841663469, 0.6890985835164384898 ) ) ;
#582 = CARTESIAN_POINT ( 'NONE',  ( 11.37838283056548505, 7.032889781928385986, 5.910004833202880725 ) ) ;
#583 = EDGE_LOOP ( 'NONE', ( #4049, #1441 ) ) ;
#584 = DIRECTION ( 'NONE',  ( 0.000000000000000000, 0.000000000000000000, -1.000000000000000000 ) ) ;
#585 = CARTESIAN_POINT ( 'NONE',  ( -12.36099000720719587, 5.749387801015544142, -2.309609396436841600 ) ) ;
#586 = ORIENTED_EDGE ( 'NONE', *, *, #4504, .F. ) ;
#587 = EDGE_CURVE ( 'NONE', #4844, #150, #779, .T. ) ;
#588 = DIRECTION ( 'NONE',  ( -0.000000000000000000, -0.000000000000000000, -1.000000000000000000 ) ) ;
#589 = CARTESIAN_POINT ( 'NONE',  ( 11.50000000000000355, 6.429285785728572122, -0.2377119667927405089 ) ) ;
#590 = CARTESIAN_POINT ( 'NONE',  ( -12.98376630360057860, 9.940137156337121027, 3.201562118716433591 ) ) ;
#591 = VERTEX_POINT ( 'NONE', #3831 ) ;
#592 = CARTESIAN_POINT ( 'NONE',  ( 2.712905670931085034, 8.904617702144490110, 5.500000000000001776 ) ) ;
#593 = CARTESIAN_POINT ( 'NONE',  ( 11.27242550853057601, 6.667555190172465451, -0.4725508831683921107 ) ) ;
#594 = EDGE_CURVE ( 'NONE', #3612, #3450, #1935, .T. ) ;
#595 =( BOUNDED_CURVE ( )  B_SPLINE_CURVE ( 2, ( #2189, #2599, #1843 ),
 .UNSPECIFIED., .F., .F. ) 
 B_SPLINE_CURVE_WITH_KNOTS ( ( 3, 3 ),
 ( 0.000000000000000000, 0.5916862443869543853 ),
 .UNSPECIFIED. ) 
 CURVE ( )  GEOMETRIC_REPRESENTATION_ITEM ( )  RATIONAL_B_SPLINE_CURVE ( ( 1.000000000000000000, 0.5693503541212030505, 0.6483196514753788442 ) ) 
 REPRESENTATION_ITEM ( '' )  );
#596 = LINE ( 'NONE', #2384, #2574 ) ;
#597 = CARTESIAN_POINT ( 'NONE',  ( -14.17953175185601999, 5.049091457919327119, 7.209205931435261228 ) ) ;
#598 = CARTESIAN_POINT ( 'NONE',  ( 13.41291849671647363, 9.999999999999992895, 7.499999999999999112 ) ) ;
#599 = VERTEX_POINT ( 'NONE', #3433 ) ;
#600 = ORIENTED_EDGE ( 'NONE', *, *, #481, .F. ) ;
#601 = EDGE_CURVE ( 'NONE', #3949, #3612, #1536, .T. ) ;
#602 = CARTESIAN_POINT ( 'NONE',  ( -3.012392542436846288, 8.517657263218440633, -5.522382984091376734 ) ) ;
#603 = CARTESIAN_POINT ( 'NONE',  ( 11.28578643762691058, 7.529232932627129671, 5.799624769527787826 ) ) ;
#604 = CIRCLE ( 'NONE', #4044, 2.499999999999998668 ) ;
#605 = FACE_OUTER_BOUND ( 'NONE', #2857, .T. ) ;
#606 = VERTEX_POINT ( 'NONE', #2303 ) ;
#607 = DIRECTION ( 'NONE',  ( 0.000000000000000000, -1.000000000000000000, 0.000000000000000000 ) ) ;
#608 = VECTOR ( 'NONE', #1624, 1000.000000000000000 ) ;
#609 = ORIENTED_EDGE ( 'NONE', *, *, #4356, .T. ) ;
#610 = CARTESIAN_POINT ( 'NONE',  ( -11.83530010858659587, 6.128942153377798796, 1.879764930796627098 ) ) ;
#611 = CARTESIAN_POINT ( 'NONE',  ( -11.96591610198148459, 6.025760667425050343, 2.110861268521918355 ) ) ;
#612 = VECTOR ( 'NONE', #3640, 1000.000000000000000 ) ;
#613 = EDGE_CURVE ( 'NONE', #4144, #435, #4216, .T. ) ;
#614 = DIRECTION ( 'NONE',  ( 1.000000000000000000, 1.734723475976807094E-16, -0.000000000000000000 ) ) ;
#615 = CARTESIAN_POINT ( 'NONE',  ( 13.40904867291249225, 5.254703986993973786, -3.126086513374260356 ) ) ;
#616 = DIRECTION ( 'NONE',  ( 1.000000000000000000, 0.000000000000000000, 0.000000000000000000 ) ) ;
#617 = ORIENTED_EDGE ( 'NONE', *, *, #270, .F. ) ;
#618 = LINE ( 'NONE', #3613, #693 ) ;
#619 = VECTOR ( 'NONE', #3113, 1000.000000000000000 ) ;
#620 = EDGE_CURVE ( 'NONE', #3381, #2248, #245, .T. ) ;
#621 = ADVANCED_FACE ( 'NONE', ( #863 ), #2375, .F. ) ;
#622 = CARTESIAN_POINT ( 'NONE',  ( -11.97781375724281183, 6.016735260804007446, -2.131983465487147456 ) ) ;
#623 = EDGE_CURVE ( 'NONE', #3548, #1998, #2272, .T. ) ;
#624 = CIRCLE ( 'NONE', #2099, 2.000000000000003109 ) ;
#625 = CARTESIAN_POINT ( 'NONE',  ( -13.36216716225681544, 10.00000000000004263, 3.094959546570996256 ) ) ;
#626 = CARTESIAN_POINT ( 'NONE',  ( 12.23563275281436802, 9.567012181118132119, 6.642109214093315117 ) ) ;
#627 = ORIENTED_EDGE ( 'NONE', *, *, #3744, .T. ) ;
#628 = EDGE_LOOP ( 'NONE', ( #4529, #3966, #1728, #660 ) ) ;
#629 = DIRECTION ( 'NONE',  ( 0.000000000000000000, 0.000000000000000000, 1.000000000000000000 ) ) ;
#630 = EDGE_CURVE ( 'NONE', #3558, #2831, #4542, .T. ) ;
#631 = DIRECTION ( 'NONE',  ( 0.000000000000000000, 0.000000000000000000, 1.000000000000000000 ) ) ;
#632 = AXIS2_PLACEMENT_3D ( 'NONE', #2070, #4714, #996 ) ;
#633 = FACE_OUTER_BOUND ( 'NONE', #3727, .T. ) ;
#634 = ORIENTED_EDGE ( 'NONE', *, *, #4508, .T. ) ;
#635 = AXIS2_PLACEMENT_3D ( 'NONE', #1877, #4022, #4481 ) ;
#636 = CARTESIAN_POINT ( 'NONE',  ( 8.009985709683311583, 20.65941007123051421, 2.421122834649210187 ) ) ;
#637 = ORIENTED_EDGE ( 'NONE', *, *, #2624, .T. ) ;
#638 = DIRECTION ( 'NONE',  ( -0.000000000000000000, -0.000000000000000000, 1.000000000000000000 ) ) ;
#639 = CARTESIAN_POINT ( 'NONE',  ( 13.41386514170113387, 5.253156288006614716, 3.128421850748102973 ) ) ;
#640 = CYLINDRICAL_SURFACE ( 'NONE', #2875, 2.000000000000000000 ) ;
#641 = ORIENTED_EDGE ( 'NONE', *, *, #357, .T. ) ;
#642 = CARTESIAN_POINT ( 'NONE',  ( 11.28578643762691236, 7.700000000000003730, -3.201562118716426930 ) ) ;
#643 = ADVANCED_FACE ( 'NONE', ( #2721 ), #787, .T. ) ;
#644 = VERTEX_POINT ( 'NONE', #2280 ) ;
#645 = CYLINDRICAL_SURFACE ( 'NONE', #702, 4.999999999999999112 ) ;
#646 = CARTESIAN_POINT ( 'NONE',  ( -12.29806070505897786, 5.792915330458205503, -2.781459058434605947 ) ) ;
#647 = DIRECTION ( 'NONE',  ( 1.000000000000000000, 0.000000000000000000, 0.000000000000000000 ) ) ;
#648 = CARTESIAN_POINT ( 'NONE',  ( 11.51222586832816752, 6.417182527306722228, 1.240780958005504919 ) ) ;
#649 = ORIENTED_EDGE ( 'NONE', *, *, #3232, .F. ) ;
#650 = ORIENTED_EDGE ( 'NONE', *, *, #720, .T. ) ;
#651 = ADVANCED_FACE ( 'NONE', ( #3858, #1981 ), #3485, .F. ) ;
#652 = DIRECTION ( 'NONE',  ( 0.000000000000000000, -1.000000000000000000, 0.000000000000000000 ) ) ;
#653 = DIRECTION ( 'NONE',  ( 0.000000000000000000, 1.000000000000000000, 0.000000000000000000 ) ) ;
#654 = DIRECTION ( 'NONE',  ( 0.000000000000000000, 0.000000000000000000, 1.000000000000000000 ) ) ;
#655 = EDGE_CURVE ( 'NONE', #1410, #1034, #3081, .T. ) ;
#656 = ORIENTED_EDGE ( 'NONE', *, *, #1795, .T. ) ;
#657 = ORIENTED_EDGE ( 'NONE', *, *, #52, .T. ) ;
#658 = CARTESIAN_POINT ( 'NONE',  ( 4.358621320152863632, 6.736368322558345056, 6.041752403815745964 ) ) ;
#659 = EDGE_CURVE ( 'NONE', #3832, #1041, #1250, .T. ) ;
#660 = ORIENTED_EDGE ( 'NONE', *, *, #2942, .F. ) ;
#661 = PLANE ( 'NONE',  #4450 ) ;
#662 = CARTESIAN_POINT ( 'NONE',  ( 6.639022891491583422, 9.999999999999987566, 7.500000000000000000 ) ) ;
#663 = DIRECTION ( 'NONE',  ( 0.000000000000000000, 0.000000000000000000, -1.000000000000000000 ) ) ;
#664 = ORIENTED_EDGE ( 'NONE', *, *, #952, .T. ) ;
#665 = DIRECTION ( 'NONE',  ( -1.000000000000000000, 0.000000000000000000, 0.000000000000000000 ) ) ;
#666 = CARTESIAN_POINT ( 'NONE',  ( -11.49980248337410771, 6.429479390613904499, 0.2349314156036703960 ) ) ;
#667 = CARTESIAN_POINT ( 'NONE',  ( -35.00000000000000000, 11.99999999999998934, -76.21067811865475505 ) ) ;
#668 = CARTESIAN_POINT ( 'NONE',  ( -11.78899766448778230, 6.167316319162603477, -1.796414355959726095 ) ) ;
#669 = CARTESIAN_POINT ( 'NONE',  ( -12.27850509169245541, 5.805287967073184063, 2.718156665370325964 ) ) ;
#670 = CARTESIAN_POINT ( 'NONE',  ( 7.500000000000005329, 9.999999999999985789, 9.500000000000001776 ) ) ;
#671 = ORIENTED_EDGE ( 'NONE', *, *, #2692, .F. ) ;
#672 = VERTEX_POINT ( 'NONE', #887 ) ;
#673 = LINE ( 'NONE', #2135, #3929 ) ;
#674 = CARTESIAN_POINT ( 'NONE',  ( 15.00000000000000000, 9.999999999999994671, 0.000000000000000000 ) ) ;
#675 = CARTESIAN_POINT ( 'NONE',  ( -10.90645100495899378, 7.174976387035258973, 0.5622447787504130101 ) ) ;
#676 = ORIENTED_EDGE ( 'NONE', *, *, #2589, .F. ) ;
#677 = ORIENTED_EDGE ( 'NONE', *, *, #1965, .F. ) ;
#678 = EDGE_CURVE ( 'NONE', #3949, #463, #2918, .T. ) ;
#679 = AXIS2_PLACEMENT_3D ( 'NONE', #1534, #68, #4853 ) ;
#680 = CARTESIAN_POINT ( 'NONE',  ( 3.921503067410560650, 7.801499550877157851, 5.787821873566001862 ) ) ;
#681 = AXIS2_PLACEMENT_3D ( 'NONE', #3749, #1854, #3693 ) ;
#682 = VERTEX_POINT ( 'NONE', #3535 ) ;
#683 = CARTESIAN_POINT ( 'NONE',  ( 1.772827602596948493, 20.98170671993354475, 3.169537129843905010 ) ) ;
#684 = CARTESIAN_POINT ( 'NONE',  ( -12.38108599560540313, 5.740740740740728043, -5.500000000000000888 ) ) ;
#685 = CARTESIAN_POINT ( 'NONE',  ( -1.499999999999994005, 9.999999999999987566, 26.50000000000000000 ) ) ;
#686 = ORIENTED_EDGE ( 'NONE', *, *, #2554, .F. ) ;
#687 = CARTESIAN_POINT ( 'NONE',  ( -4.147258167281473895, 8.502885656255925184, -5.905675208562207068 ) ) ;
#688 = AXIS2_PLACEMENT_3D ( 'NONE', #1125, #816, #2283 ) ;
#689 = B_SPLINE_CURVE_WITH_KNOTS ( 'NONE', 3,
 ( #1000, #589, #4364, #2076, #2465, #2490, #3629, #3583, #1389, #4005, #3178, #3941, #615, #1292, #226, #3977, #1671, #2428 ),
 .UNSPECIFIED., .F., .F.,
 ( 4, 2, 2, 2, 2, 2, 2, 2, 4 ),
 ( 0.005685117925512081852, 0.006395029906599315576, 0.007104941887686549301, 0.007814853868773783893, 0.008524765849861018485, 0.009234677830948251342, 0.009944589812035485935, 0.01065450179312272053, 0.01136441377420995338 ),
 .UNSPECIFIED. ) ;
#690 = CARTESIAN_POINT ( 'NONE',  ( -6.083720400030430575, 9.612836618432581304, 3.167763302083510979 ) ) ;
#691 = CARTESIAN_POINT ( 'NONE',  ( 11.27421982966566993, 6.665549202290804054, 0.4825327743952208537 ) ) ;
#692 = CIRCLE ( 'NONE', #468, 2.000000000000001776 ) ;
#693 = VECTOR ( 'NONE', #1620, 1000.000000000000000 ) ;
#694 = ORIENTED_EDGE ( 'NONE', *, *, #2816, .T. ) ;
#695 = EDGE_LOOP ( 'NONE', ( #418, #3376 ) ) ;
#696 = CIRCLE ( 'NONE', #855, 2.000000000000001776 ) ;
#697 = CARTESIAN_POINT ( 'NONE',  ( -7.499999999999997335, 21.65683847427483855, 4.382197261188744974 ) ) ;
#698 = CARTESIAN_POINT ( 'NONE',  ( 35.00000000000000000, 9.999999999999998224, -5.500000000000005329 ) ) ;
#699 = DIRECTION ( 'NONE',  ( -1.000000000000000000, -5.782411586589358625E-17, 0.000000000000000000 ) ) ;
#700 = VERTEX_POINT ( 'NONE', #4360 ) ;
#701 = ORIENTED_EDGE ( 'NONE', *, *, #4792, .T. ) ;
#702 = AXIS2_PLACEMENT_3D ( 'NONE', #2397, #3906, #3556 ) ;
#703 = CIRCLE ( 'NONE', #4310, 2.000000000000001776 ) ;
#704 = CARTESIAN_POINT ( 'NONE',  ( -12.12691055369718285, 9.483724129150090221, -6.544203109789091144 ) ) ;
#705 = EDGE_LOOP ( 'NONE', ( #1465, #1112, #3661, #1098 ) ) ;
#706 = ADVANCED_FACE ( 'NONE', ( #1344 ), #2653, .T. ) ;
#707 = CARTESIAN_POINT ( 'NONE',  ( 13.58578643762690952, 9.999999999999991118, -7.500000000000000888 ) ) ;
#708 = LINE ( 'NONE', #2976, #4827 ) ;
#709 = DIRECTION ( 'NONE',  ( 1.239088197126290570E-16, -1.000000000000000000, 0.000000000000000000 ) ) ;
#710 = ORIENTED_EDGE ( 'NONE', *, *, #4582, .F. ) ;
#711 = ADVANCED_FACE ( 'NONE', ( #4151 ), #2781, .F. ) ;
#712 = AXIS2_PLACEMENT_3D ( 'NONE', #2642, #4143, #452 ) ;
#713 = CARTESIAN_POINT ( 'NONE',  ( -4.466079458196048790, 8.963640852386639324, -6.118073718088881563 ) ) ;
#714 = CARTESIAN_POINT ( 'NONE',  ( -15.00000000000000355, 5.000000000000000000, 3.500000000000000444 ) ) ;
#715 = ORIENTED_EDGE ( 'NONE', *, *, #613, .T. ) ;
#716 = DIRECTION ( 'NONE',  ( 1.000000000000000000, 9.912705577010324317E-17, -0.000000000000000000 ) ) ;
#717 = CARTESIAN_POINT ( 'NONE',  ( 11.32571608611763025, 6.608856129867174189, 0.7129104431540301823 ) ) ;
#718 = ORIENTED_EDGE ( 'NONE', *, *, #3588, .F. ) ;
#719 = ORIENTED_EDGE ( 'NONE', *, *, #4065, .T. ) ;
#720 = EDGE_CURVE ( 'NONE', #3786, #3255, #735, .T. ) ;
#721 = DIRECTION ( 'NONE',  ( 0.000000000000000000, 0.000000000000000000, -1.000000000000000000 ) ) ;
#722 = DIRECTION ( 'NONE',  ( 1.000000000000000000, 0.000000000000000000, 0.000000000000000000 ) ) ;
#723 = LINE ( 'NONE', #2191, #2558 ) ;
#724 = VERTEX_POINT ( 'NONE', #1442 ) ;
#725 = ORIENTED_EDGE ( 'NONE', *, *, #4214, .T. ) ;
#726 = CARTESIAN_POINT ( 'NONE',  ( 35.00000000000000000, 9.999999999999998224, -5.500000000000005329 ) ) ;
#727 = EDGE_CURVE ( 'NONE', #422, #538, #3784, .T. ) ;
#728 = B_SPLINE_CURVE_WITH_KNOTS ( 'NONE', 3,
 ( #658, #1043, #2241, #366, #2533, #4783, #680, #4803, #2949, #4040, #1065, #4848, #2604, #1113, #3741, #747 ),
 .UNSPECIFIED., .F., .F.,
 ( 4, 2, 2, 2, 2, 2, 2, 4 ),
 ( 0.000000000000000000, 0.0004498787051393372924, 0.0008997574102786745848, 0.001349636115418011715, 0.001799514820557349170, 0.002249393525696686408, 0.002699272230836023429, 0.003599029641114702242 ),
 .UNSPECIFIED. ) ;
#729 = ORIENTED_EDGE ( 'NONE', *, *, #3811, .F. ) ;
#730 = CARTESIAN_POINT ( 'NONE',  ( 20.94674764498082098, 19.99999999999999645, 5.500000000000000888 ) ) ;
#731 = CARTESIAN_POINT ( 'NONE',  ( -11.59263638950519137, 9.999999999999991118, 0.7999207622482265023 ) ) ;
#732 = ORIENTED_EDGE ( 'NONE', *, *, #3853, .T. ) ;
#733 = CARTESIAN_POINT ( 'NONE',  ( -3.499999999999996003, 19.99999999999999289, -76.21067811865475505 ) ) ;
#734 = DIRECTION ( 'NONE',  ( -2.602085213965211135E-16, 1.000000000000000000, 0.000000000000000000 ) ) ;
#735 = LINE ( 'NONE', #667, #3303 ) ;
#736 = ADVANCED_FACE ( 'NONE', ( #3721 ), #432, .F. ) ;
#737 = DIRECTION ( 'NONE',  ( 0.000000000000000000, -0.000000000000000000, -1.000000000000000000 ) ) ;
#738 = CARTESIAN_POINT ( 'NONE',  ( 11.43068866721600330, 6.498512125133483863, 1.038859668759328336 ) ) ;
#739 = EDGE_LOOP ( 'NONE', ( #3768, #3467, #2756, #4632 ) ) ;
#740 = CARTESIAN_POINT ( 'NONE',  ( -1.499999999999994671, 21.99999999999999645, 26.50000000000000000 ) ) ;
#741 = CARTESIAN_POINT ( 'NONE',  ( 6.545791187144145873, 9.340229687525908986, 3.124094948532248672 ) ) ;
#742 = CARTESIAN_POINT ( 'NONE',  ( -22.11832052023462936, 9.999999999999996447, -7.500000000000000888 ) ) ;
#743 = EDGE_CURVE ( 'NONE', #3840, #2594, #865, .T. ) ;
#744 = DIRECTION ( 'NONE',  ( -4.336808689942017736E-16, 1.000000000000000000, 0.000000000000000000 ) ) ;
#745 = ORIENTED_EDGE ( 'NONE', *, *, #4423, .F. ) ;
#746 = ORIENTED_EDGE ( 'NONE', *, *, #316, .F. ) ;
#747 = CARTESIAN_POINT ( 'NONE',  ( 5.039022891491584666, 9.608161990937755803, 6.700000000000001066 ) ) ;
#748 = ORIENTED_EDGE ( 'NONE', *, *, #802, .T. ) ;
#749 = CARTESIAN_POINT ( 'NONE',  ( -11.88110767836272785, 6.091992770525740397, -1.961142853917153595 ) ) ;
#750 = DIRECTION ( 'NONE',  ( 9.912705577010324317E-17, -1.000000000000000000, -0.000000000000000000 ) ) ;
#751 = PRODUCT_DEFINITION_FORMATION_WITH_SPECIFIED_SOURCE ( 'Symmetric', '', #3879, .NOT_KNOWN. ) ;
#752 = DIRECTION ( 'NONE',  ( 1.000000000000000000, 0.000000000000000000, 0.000000000000000000 ) ) ;
#753 = ORIENTED_EDGE ( 'NONE', *, *, #23, .T. ) ;
#754 = DIRECTION ( 'NONE',  ( -0.000000000000000000, -0.000000000000000000, -1.000000000000000000 ) ) ;
#755 = FACE_OUTER_BOUND ( 'NONE', #1199, .T. ) ;
#756 = EDGE_LOOP ( 'NONE', ( #553, #3069, #3109, #4170 ) ) ;
#757 = CYLINDRICAL_SURFACE ( 'NONE', #4130, 2.000000000000000000 ) ;
#758 = CARTESIAN_POINT ( 'NONE',  ( 12.13851403260174244, 5.899758997198523147, 2.427154721823428396 ) ) ;
#759 = ORIENTED_EDGE ( 'NONE', *, *, #4787, .T. ) ;
#760 = CARTESIAN_POINT ( 'NONE',  ( -12.38108599560540846, 5.740740740740725379, -3.201562118716426042 ) ) ;
#761 = VECTOR ( 'NONE', #716, 1000.000000000000000 ) ;
#762 = AXIS2_PLACEMENT_3D ( 'NONE', #2640, #428, #1907 ) ;
#763 = CARTESIAN_POINT ( 'NONE',  ( 12.74895811795352785, 9.999999999999998224, 2.684204109179677111 ) ) ;
#764 = CIRCLE ( 'NONE', #1077, 3.500000000000001332 ) ;
#765 = FACE_OUTER_BOUND ( 'NONE', #1948, .T. ) ;
#766 = CARTESIAN_POINT ( 'NONE',  ( 4.222737014782302900, 8.624325204097408104, -5.950284620926901802 ) ) ;
#767 = ORIENTED_EDGE ( 'NONE', *, *, #2226, .F. ) ;
#768 = ORIENTED_EDGE ( 'NONE', *, *, #4427, .T. ) ;
#769 = VECTOR ( 'NONE', #3584, 1000.000000000000000 ) ;
#770 = B_SPLINE_CURVE_WITH_KNOTS ( 'NONE', 3,
 ( #707, #4393, #3647, #1067, #3313, #2197, #297, #1045, #4433, #2124, #2560, #2874, #3692, #1761, #1367, #1812, #4024, #3609, #1786, #2146 ),
 .UNSPECIFIED., .F., .F.,
 ( 4, 2, 2, 2, 2, 2, 2, 2, 2, 4 ),
 ( 0.000000000000000000, 0.0002573330440072755230, 0.0005146660880145510460, 0.001029332176029097538, 0.001543998264043644139, 0.002058664352058190740, 0.002573330440072737341, 0.003087996528087283508, 0.003602662616101830109, 0.004117328704116376276 ),
 .UNSPECIFIED. ) ;
#771 = EDGE_CURVE ( 'NONE', #2762, #3743, #789, .T. ) ;
#772 = CARTESIAN_POINT ( 'NONE',  ( 11.27242550853051739, 6.667555190172065771, -0.4725508831694480438 ) ) ;
#773 = CARTESIAN_POINT ( 'NONE',  ( -9.678380185977761840, 8.496215844406107109, -0.2871227760803854445 ) ) ;
#774 = AXIS2_PLACEMENT_3D ( 'NONE', #1575, #4226, #2287 ) ;
#775 = EDGE_LOOP ( 'NONE', ( #1856, #3960, #1512, #4440 ) ) ;
#776 =( BOUNDED_CURVE ( )  B_SPLINE_CURVE ( 3, ( #4292, #2876, #4719, #2148 ),
 .UNSPECIFIED., .F., .F. ) 
 B_SPLINE_CURVE_WITH_KNOTS ( ( 4, 4 ),
 ( -8.881784197001252323E-16, 1.570796326794895670 ),
 .UNSPECIFIED. ) 
 CURVE ( )  GEOMETRIC_REPRESENTATION_ITEM ( )  RATIONAL_B_SPLINE_CURVE ( ( 1.000000000000000000, 0.8047378541243649375, 0.8047378541243649375, 1.000000000000000000 ) ) 
 REPRESENTATION_ITEM ( '' )  );
#777 = ADVANCED_FACE ( 'NONE', ( #3860, #2697 ), #3054, .F. ) ;
#778 = VECTOR ( 'NONE', #1903, 1000.000000000000000 ) ;
#779 = CIRCLE ( 'NONE', #4312, 2.000000000000001776 ) ;
#780 = CARTESIAN_POINT ( 'NONE',  ( -11.96870239329655305, 6.023661800626340046, -2.115832117265694201 ) ) ;
#781 = FACE_OUTER_BOUND ( 'NONE', #878, .T. ) ;
#782 = CYLINDRICAL_SURFACE ( 'NONE', #1847, 2.000000000000001776 ) ;
#783 = VECTOR ( 'NONE', #2067, 1000.000000000000000 ) ;
#784 = ORIENTED_EDGE ( 'NONE', *, *, #4123, .T. ) ;
#785 = DIRECTION ( 'NONE',  ( 1.000000000000000000, 0.000000000000000000, 0.000000000000000000 ) ) ;
#786 = CARTESIAN_POINT ( 'NONE',  ( -12.96709390979256327, 9.920045336479226705, 7.250770553872265545 ) ) ;
#787 = CYLINDRICAL_SURFACE ( 'NONE', #2172, 2.000000000000001776 ) ;
#788 = ORIENTED_EDGE ( 'NONE', *, *, #2753, .T. ) ;
#789 = LINE ( 'NONE', #3810, #414 ) ;
#790 = VECTOR ( 'NONE', #4156, 1000.000000000000000 ) ;
#791 = DIRECTION ( 'NONE',  ( 0.000000000000000000, -0.000000000000000000, 1.000000000000000000 ) ) ;
#792 = CARTESIAN_POINT ( 'NONE',  ( 11.97687258794037035, 6.017449965921990440, 2.130314327959497600 ) ) ;
#793 = ORIENTED_EDGE ( 'NONE', *, *, #3866, .F. ) ;
#794 = LINE ( 'NONE', #871, #3288 ) ;
#795 = CARTESIAN_POINT ( 'NONE',  ( 8.880472756961259151, 8.279365594198678124, 2.457570846102373086 ) ) ;
#796 = DIRECTION ( 'NONE',  ( -1.156482317317871478E-16, 1.000000000000000000, -0.000000000000000000 ) ) ;
#797 = EDGE_CURVE ( 'NONE', #442, #88, #151, .T. ) ;
#798 = DIRECTION ( 'NONE',  ( -1.000000000000000000, -0.000000000000000000, -0.000000000000000000 ) ) ;
#799 = ORIENTED_EDGE ( 'NONE', *, *, #809, .T. ) ;
#800 = ORIENTED_EDGE ( 'NONE', *, *, #1698, .F. ) ;
#801 = DIRECTION ( 'NONE',  ( 0.000000000000000000, 0.000000000000000000, -1.000000000000000000 ) ) ;
#802 = EDGE_CURVE ( 'NONE', #4501, #4678, #100, .T. ) ;
#803 = CARTESIAN_POINT ( 'NONE',  ( -4.499999999999997335, 19.99999999999999289, -76.21067811865475505 ) ) ;
#804 = B_SPLINE_CURVE_WITH_KNOTS ( 'NONE', 3,
 ( #149, #537, #2030, #180 ),
 .UNSPECIFIED., .F., .F.,
 ( 4, 4 ),
 ( 0.000000000000000000, 0.001780893923985289945 ),
 .UNSPECIFIED. ) ;
#805 = ADVANCED_BREP_SHAPE_REPRESENTATION ( 'Shock-Mount', ( #1849, #681 ), #2630 ) ;
#806 = ORIENTED_EDGE ( 'NONE', *, *, #1236, .T. ) ;
#807 = CARTESIAN_POINT ( 'NONE',  ( -4.092661173581939593, 7.102785986239725347, 5.855707413539019690 ) ) ;
#808 = DIRECTION ( 'NONE',  ( 0.000000000000000000, 0.000000000000000000, -1.000000000000000000 ) ) ;
#809 = EDGE_CURVE ( 'NONE', #2434, #4717, #2930, .T. ) ;
#810 = DIRECTION ( 'NONE',  ( 0.000000000000000000, 0.000000000000000000, 1.000000000000000000 ) ) ;
#811 = DIRECTION ( 'NONE',  ( -0.000000000000000000, -0.000000000000000000, -1.000000000000000000 ) ) ;
#812 = B_SPLINE_CURVE_WITH_KNOTS ( 'NONE', 3,
 ( #4655, #2453, #2408, #4276, #3547, #4701 ),
 .UNSPECIFIED., .F., .F.,
 ( 4, 2, 4 ),
 ( 0.003165128631138124527, 0.003651209178218096409, 0.004137289725298067856 ),
 .UNSPECIFIED. ) ;
#813 = CARTESIAN_POINT ( 'NONE',  ( -5.039022891491584666, 9.608161990937752250, 6.700000000000001066 ) ) ;
#814 = CARTESIAN_POINT ( 'NONE',  ( -12.38108599560540846, 5.740740740740725379, -3.201562118716426042 ) ) ;
#815 = ORIENTED_EDGE ( 'NONE', *, *, #1999, .F. ) ;
#816 = DIRECTION ( 'NONE',  ( 1.000000000000000000, 1.734723475976807094E-16, -0.000000000000000000 ) ) ;
#817 = DIRECTION ( 'NONE',  ( 0.000000000000000000, 0.000000000000000000, 1.000000000000000000 ) ) ;
#818 = ORIENTED_EDGE ( 'NONE', *, *, #4836, .T. ) ;
#819 = CARTESIAN_POINT ( 'NONE',  ( -11.30521230756709805, 7.358009161647173002, 5.824868113658204116 ) ) ;
#820 = DIRECTION ( 'NONE',  ( 0.000000000000000000, -0.000000000000000000, 1.000000000000000000 ) ) ;
#821 = CARTESIAN_POINT ( 'NONE',  ( -35.00000000000000000, 9.999999999999989342, -76.21067811865475505 ) ) ;
#822 = DIRECTION ( 'NONE',  ( -1.734723475976807094E-16, 1.000000000000000000, -0.000000000000000000 ) ) ;
#823 = ORIENTED_EDGE ( 'NONE', *, *, #3811, .T. ) ;
#824 = ORIENTED_EDGE ( 'NONE', *, *, #3480, .T. ) ;
#825 = CARTESIAN_POINT ( 'NONE',  ( 11.48763447586163444, 6.441440537820976253, -1.182072869467830634 ) ) ;
#826 = CARTESIAN_POINT ( 'NONE',  ( -9.645866980982429340, 8.486975592361909904, 0.8243575047802417233 ) ) ;
#827 = EDGE_CURVE ( 'NONE', #456, #3993, #3902, .T. ) ;
#828 = ORIENTED_EDGE ( 'NONE', *, *, #4132, .F. ) ;
#829 = ADVANCED_FACE ( 'NONE', ( #1803 ), #1563, .F. ) ;
#830 = CYLINDRICAL_SURFACE ( 'NONE', #1013, 2.299999999999999822 ) ;
#831 = CARTESIAN_POINT ( 'NONE',  ( 33.00000000000000000, 9.999999999999998224, -5.500000000000005329 ) ) ;
#832 = CYLINDRICAL_SURFACE ( 'NONE', #2006, 8.000000000000000000 ) ;
#833 = CARTESIAN_POINT ( 'NONE',  ( -4.884208102367969317, 9.451130912873320966, 6.493580281168514823 ) ) ;
#834 = CARTESIAN_POINT ( 'NONE',  ( -11.28578643762593181, 6.414213562373686450, -3.201562118716431815 ) ) ;
#835 = ORIENTED_EDGE ( 'NONE', *, *, #3418, .T. ) ;
#836 = DIRECTION ( 'NONE',  ( 1.734723475976807094E-16, -1.000000000000000000, 0.000000000000000000 ) ) ;
#837 = ADVANCED_FACE ( 'NONE', ( #916 ), #2080, .F. ) ;
#838 = VECTOR ( 'NONE', #3958, 1000.000000000000000 ) ;
#839 = CARTESIAN_POINT ( 'NONE',  ( 35.00000000000000000, 17.99999999999999645, -76.21067811865475505 ) ) ;
#840 = CARTESIAN_POINT ( 'NONE',  ( 2.639022891491583422, 9.000000000000001776, -5.500000000000000888 ) ) ;
#841 = ORIENTED_EDGE ( 'NONE', *, *, #83, .T. ) ;
#842 = CARTESIAN_POINT ( 'NONE',  ( -11.54366628651620275, 6.372816695079349891, -1.350381618643275106 ) ) ;
#843 = CARTESIAN_POINT ( 'NONE',  ( 12.59167817999621697, 5.611252774090613293, -6.819572314254257250 ) ) ;
#844 = DIRECTION ( 'NONE',  ( -1.000000000000000000, 0.000000000000000000, -1.156482317317871331E-15 ) ) ;
#845 = CARTESIAN_POINT ( 'NONE',  ( 11.91021909774307552, 6.065650529848371164, -2.017008040028686278 ) ) ;
#846 = CARTESIAN_POINT ( 'NONE',  ( 5.039022891491584666, 9.608161990937752250, -6.700000000000001066 ) ) ;
#847 = AXIS2_PLACEMENT_3D ( 'NONE', #1593, #1200, #3440 ) ;
#848 = ORIENTED_EDGE ( 'NONE', *, *, #1645, .T. ) ;
#849 = ORIENTED_EDGE ( 'NONE', *, *, #4704, .F. ) ;
#850 = VECTOR ( 'NONE', #638, 1000.000000000000000 ) ;
#851 = FACE_BOUND ( 'NONE', #4023, .T. ) ;
#852 = CARTESIAN_POINT ( 'NONE',  ( -11.59651844013556676, 9.999999999999991118, -0.8162801428815720239 ) ) ;
#853 = VECTOR ( 'NONE', #347, 1000.000000000000000 ) ;
#854 = VECTOR ( 'NONE', #2330, 1000.000000000000000 ) ;
#855 = AXIS2_PLACEMENT_3D ( 'NONE', #2905, #4045, #2126 ) ;
#856 = CARTESIAN_POINT ( 'NONE',  ( 4.500000000000005329, 9.999999999999985789, 26.50000000000000000 ) ) ;
#857 = VECTOR ( 'NONE', #1198, 1000.000000000000000 ) ;
#858 = CARTESIAN_POINT ( 'NONE',  ( 11.71881314815402497, 6.338351718820907088, 6.262497629948827971 ) ) ;
#859 = CARTESIAN_POINT ( 'NONE',  ( 11.98715324787163183, 6.009666430308543639, -2.148575071602270015 ) ) ;
#860 = DIRECTION ( 'NONE',  ( 0.000000000000000000, -1.000000000000000000, 0.000000000000000000 ) ) ;
#861 = EDGE_CURVE ( 'NONE', #4412, #195, #1790, .T. ) ;
#862 = CARTESIAN_POINT ( 'NONE',  ( -3.933017928278109476, 7.874808755831407048, 5.793389517717086434 ) ) ;
#863 = FACE_OUTER_BOUND ( 'NONE', #940, .T. ) ;
#864 = VERTEX_POINT ( 'NONE', #1492 ) ;
#865 = LINE ( 'NONE', #1538, #3769 ) ;
#866 = MECHANICAL_DESIGN_GEOMETRIC_PRESENTATION_REPRESENTATION (  '', ( #1089 ), #3606 ) ;
#867 = EDGE_CURVE ( 'NONE', #3248, #946, #3395, .T. ) ;
#868 = LINE ( 'NONE', #3560, #1074 ) ;
#869 = CARTESIAN_POINT ( 'NONE',  ( 12.26327651823825349, 5.815432922997558762, 2.691439182975245981 ) ) ;
#870 = ORIENTED_EDGE ( 'NONE', *, *, #4658, .T. ) ;
#871 = CARTESIAN_POINT ( 'NONE',  ( 4.500000000000002665, 24.99999999999998579, 26.50000000000000000 ) ) ;
#872 = CIRCLE ( 'NONE', #4153, 8.000000000000000000 ) ;
#873 = CARTESIAN_POINT ( 'NONE',  ( 11.28578643762691236, 7.700000000000003730, -3.201562118716426930 ) ) ;
#874 = CARTESIAN_POINT ( 'NONE',  ( -22.11832052023462936, 9.999999999999996447, 7.500000000000000888 ) ) ;
#875 = FACE_OUTER_BOUND ( 'NONE', #3848, .T. ) ;
#876 = CARTESIAN_POINT ( 'NONE',  ( 4.884208102367968429, 9.451130912873319190, -6.493580281168513046 ) ) ;
#877 = VERTEX_POINT ( 'NONE', #4830 ) ;
#878 = EDGE_LOOP ( 'NONE', ( #2145, #192, #1226, #2229 ) ) ;
#879 = CARTESIAN_POINT ( 'NONE',  ( -31.49999999999999289, 14.99999999999999645, -5.500000000000000888 ) ) ;
#880 = PLANE ( 'NONE',  #81 ) ;
#881 = ORIENTED_EDGE ( 'NONE', *, *, #1340, .F. ) ;
#882 = CARTESIAN_POINT ( 'NONE',  ( 13.58578643762691129, 7.699999999999995737, -5.500000000000000888 ) ) ;
#883 = CARTESIAN_POINT ( 'NONE',  ( 12.38108599560539425, 5.740740740740727155, 6.708268326881145605 ) ) ;
#884 = CARTESIAN_POINT ( 'NONE',  ( 12.08262716876140708, 5.939339814655736127, -2.321412348720307328 ) ) ;
#885 = FACE_OUTER_BOUND ( 'NONE', #2277, .T. ) ;
#886 = CARTESIAN_POINT ( 'NONE',  ( -11.43252441603103620, 8.523787076526913253, 5.911349728453099139 ) ) ;
#887 = CARTESIAN_POINT ( 'NONE',  ( 5.039022891491584666, 9.608161990937755803, 6.700000000000001066 ) ) ;
#888 = ORIENTED_EDGE ( 'NONE', *, *, #2119, .T. ) ;
#889 = DIRECTION ( 'NONE',  ( 1.000000000000000000, 1.734723475976807094E-16, -0.000000000000000000 ) ) ;
#890 = CARTESIAN_POINT ( 'NONE',  ( -12.19289231866759238, 5.862332945130227735, 2.535637121957193596 ) ) ;
#891 = EDGE_CURVE ( 'NONE', #403, #1134, #4336, .T. ) ;
#892 = FACE_OUTER_BOUND ( 'NONE', #2502, .T. ) ;
#893 = DIRECTION ( 'NONE',  ( 0.000000000000000000, 0.000000000000000000, 1.000000000000000000 ) ) ;
#894 = ORIENTED_EDGE ( 'NONE', *, *, #1302, .F. ) ;
#895 = CARTESIAN_POINT ( 'NONE',  ( -11.27242550853051917, 6.667555190172066659, 0.4725508831694402168 ) ) ;
#896 = EDGE_CURVE ( 'NONE', #4784, #3627, #2854, .T. ) ;
#897 = CARTESIAN_POINT ( 'NONE',  ( 22.54674764498082240, 9.999999999999996447, 6.699999999999999289 ) ) ;
#898 = DIRECTION ( 'NONE',  ( -0.000000000000000000, -1.000000000000000000, -0.000000000000000000 ) ) ;
#899 = DIRECTION ( 'NONE',  ( -1.000000000000000000, 0.000000000000000000, -0.000000000000000000 ) ) ;
#900 = DIRECTION ( 'NONE',  ( -1.000000000000000000, -0.000000000000000000, -0.000000000000000000 ) ) ;
#901 = ORIENTED_EDGE ( 'NONE', *, *, #623, .F. ) ;
#902 = ORIENTED_EDGE ( 'NONE', *, *, #3120, .F. ) ;
#903 = CARTESIAN_POINT ( 'NONE',  ( -2.712905670931049062, 8.904617702144458136, -5.499999999999998224 ) ) ;
#904 = EDGE_CURVE ( 'NONE', #3255, #1462, #4804, .T. ) ;
#905 = CARTESIAN_POINT ( 'NONE',  ( -33.00000000000000000, 19.99999999999998934, -76.21067811865475505 ) ) ;
#906 = ORIENTED_EDGE ( 'NONE', *, *, #2969, .F. ) ;
#907 = DIRECTION ( 'NONE',  ( 0.000000000000000000, 0.000000000000000000, 1.000000000000000000 ) ) ;
#908 = CARTESIAN_POINT ( 'NONE',  ( 11.50000000000000000, 19.99999999999999645, 0.000000000000000000 ) ) ;
#909 = CARTESIAN_POINT ( 'NONE',  ( 11.96591610199343947, 6.025760667415982930, -2.110861268541162072 ) ) ;
#910 = CARTESIAN_POINT ( 'NONE',  ( 12.04817168986237341, 5.945441578258034987, -3.201562118716424266 ) ) ;
#911 = ORIENTED_EDGE ( 'NONE', *, *, #345, .F. ) ;
#912 = FACE_OUTER_BOUND ( 'NONE', #1924, .T. ) ;
#913 = CARTESIAN_POINT ( 'NONE',  ( -1.772822483150912065, 20.98171558473793752, 3.169555409852896410 ) ) ;
#914 = ORIENTED_EDGE ( 'NONE', *, *, #3319, .T. ) ;
#915 = DIRECTION ( 'NONE',  ( 1.000000000000000000, 9.912705577010324317E-17, -0.000000000000000000 ) ) ;
#916 = FACE_OUTER_BOUND ( 'NONE', #756, .T. ) ;
#917 = CARTESIAN_POINT ( 'NONE',  ( -5.039022891491584666, 9.608161990937752250, -6.700000000000001066 ) ) ;
#918 = CARTESIAN_POINT ( 'NONE',  ( -15.00000000000000355, 5.000000000000000000, 6.916198487095659431 ) ) ;
#919 = CARTESIAN_POINT ( 'NONE',  ( 11.30518428067516545, 8.041423067115674783, 5.801751232536686231 ) ) ;
#920 = ORIENTED_EDGE ( 'NONE', *, *, #4075, .T. ) ;
#921 = EDGE_LOOP ( 'NONE', ( #1044, #664, #1693, #1127, #1626, #4110, #3020 ) ) ;
#922 = AXIS2_PLACEMENT_3D ( 'NONE', #3716, #4510, #4462 ) ;
#923 = DIRECTION ( 'NONE',  ( 0.000000000000000000, 0.000000000000000000, 1.000000000000000000 ) ) ;
#924 = EDGE_CURVE ( 'NONE', #3849, #606, #1932, .T. ) ;
#925 = CARTESIAN_POINT ( 'NONE',  ( 24.94674764498082098, 19.99999999999999645, -5.500000000000005329 ) ) ;
#926 = DIRECTION ( 'NONE',  ( -0.000000000000000000, -1.000000000000000000, -0.000000000000000000 ) ) ;
#927 = VERTEX_POINT ( 'NONE', #451 ) ;
#928 = EDGE_CURVE ( 'NONE', #4140, #4294, #4141, .T. ) ;
#929 = AXIS2_PLACEMENT_3D ( 'NONE', #2432, #3946, #3136 ) ;
#930 = CARTESIAN_POINT ( 'NONE',  ( 9.268475268590627536, 20.01005146782577881, -0.6425523445906794473 ) ) ;
#931 = CARTESIAN_POINT ( 'NONE',  ( 12.17391886962984238, 5.875283406374452788, -2.497042198321475670 ) ) ;
#932 = CARTESIAN_POINT ( 'NONE',  ( -4.499999999999995559, 19.99999999999999289, -1.160254037844380637 ) ) ;
#933 = CARTESIAN_POINT ( 'NONE',  ( -14.52419063895281504, 5.017264063874296021, -3.475460620789809774 ) ) ;
#934 = ORIENTED_EDGE ( 'NONE', *, *, #990, .T. ) ;
#935 = AXIS2_PLACEMENT_3D ( 'NONE', #3862, #1542, #817 ) ;
#936 = DIRECTION ( 'NONE',  ( -1.000000000000000000, 0.000000000000000000, 0.000000000000000000 ) ) ;
#937 = DIRECTION ( 'NONE',  ( 1.000000000000000000, 1.734723475976807094E-16, -0.000000000000000000 ) ) ;
#938 = CARTESIAN_POINT ( 'NONE',  ( -13.28471714165790019, 9.999999999999992895, 3.201562118716433147 ) ) ;
#939 = AXIS2_PLACEMENT_3D ( 'NONE', #1182, #3891, #2678 ) ;
#940 = EDGE_LOOP ( 'NONE', ( #1361, #4855, #4015, #2539 ) ) ;
#941 = CARTESIAN_POINT ( 'NONE',  ( 4.500000000000002665, 24.99999999999998579, 24.50000000000000000 ) ) ;
#942 = AXIS2_PLACEMENT_3D ( 'NONE', #3854, #3877, #2666 ) ;
#943 = SURFACE_STYLE_FILL_AREA ( #1623 ) ;
#944 = CARTESIAN_POINT ( 'NONE',  ( 12.65559309608604188, 9.999999999999996447, 2.653568419478614437 ) ) ;
#945 = CARTESIAN_POINT ( 'NONE',  ( 11.50000000000000178, 9.999999999999994671, 0.000000000000000000 ) ) ;
#946 = VERTEX_POINT ( 'NONE', #2979 ) ;
#947 = ORIENTED_EDGE ( 'NONE', *, *, #186, .F. ) ;
#948 = VECTOR ( 'NONE', #3903, 1000.000000000000000 ) ;
#949 = DIRECTION ( 'NONE',  ( -1.000000000000000000, 0.000000000000000000, 0.000000000000000000 ) ) ;
#950 = DIRECTION ( 'NONE',  ( 0.000000000000000000, -0.000000000000000000, 1.000000000000000000 ) ) ;
#951 = ORIENTED_EDGE ( 'NONE', *, *, #3418, .F. ) ;
#952 = EDGE_CURVE ( 'NONE', #4412, #3558, #3752, .T. ) ;
#953 = CARTESIAN_POINT ( 'NONE',  ( -5.578834462913111025, 9.900117624156710150, -7.203128808519976722 ) ) ;
#954 = CARTESIAN_POINT ( 'NONE',  ( -13.83725173407183640, 5.132112979419173548, -3.309201296447225271 ) ) ;
#955 = ORIENTED_EDGE ( 'NONE', *, *, #1154, .T. ) ;
#956 = CARTESIAN_POINT ( 'NONE',  ( -11.85588744822120510, 6.112117098245491320, 1.916535351954297584 ) ) ;
#957 = EDGE_CURVE ( 'NONE', #4779, #2133, #3079, .T. ) ;
#958 = CARTESIAN_POINT ( 'NONE',  ( -1.499999999999994005, 9.999999999999987566, 26.50000000000000000 ) ) ;
#959 = CARTESIAN_POINT ( 'NONE',  ( -35.00000000000000000, 9.999999999999989342, 5.500000000000000888 ) ) ;
#960 = DIRECTION ( 'NONE',  ( -1.000000000000000000, 0.000000000000000000, 0.000000000000000000 ) ) ;
#961 = VERTEX_POINT ( 'NONE', #3719 ) ;
#962 = CARTESIAN_POINT ( 'NONE',  ( 4.358621320152863632, 6.736368322558345056, 6.041752403815745964 ) ) ;
#963 = CARTESIAN_POINT ( 'NONE',  ( 9.645866980982422234, 8.486975592361915233, -0.8243575047802340627 ) ) ;
#964 = DIRECTION ( 'NONE',  ( 1.000000000000000000, 0.000000000000000000, 0.000000000000000000 ) ) ;
#965 = CYLINDRICAL_SURFACE ( 'NONE', #2089, 1.500000000000001332 ) ;
#966 = CARTESIAN_POINT ( 'NONE',  ( 11.64485175707453735, 8.943094113685123858, 6.104343455339412472 ) ) ;
#967 = ORIENTED_EDGE ( 'NONE', *, *, #2776, .T. ) ;
#968 = ORIENTED_EDGE ( 'NONE', *, *, #4836, .F. ) ;
#969 = FACE_OUTER_BOUND ( 'NONE', #4350, .T. ) ;
#970 = DIRECTION ( 'NONE',  ( 0.000000000000000000, -1.000000000000000000, 0.000000000000000000 ) ) ;
#971 = LINE ( 'NONE', #4334, #230 ) ;
#972 = ORIENTED_EDGE ( 'NONE', *, *, #2868, .F. ) ;
#973 = EDGE_CURVE ( 'NONE', #2248, #4323, #3431, .T. ) ;
#974 = B_SPLINE_CURVE_WITH_KNOTS ( 'NONE', 3,
 ( #4686, #2799, #933, #3882, #954, #2442, #3955, #1249, #1714, #585, #2374, #2350, #2202, #4398, #301, #4810, #2251, #666, #1792, #3297, #1122, #2981, #1418, #4048, #2177, #3677, #328, #1101, #3270, #3317, #1440, #1073, #2565, #714 ),
 .UNSPECIFIED., .F., .F.,
 ( 4, 2, 2, 2, 2, 2, 2, 2, 2, 2, 2, 2, 2, 2, 2, 2, 4 ),
 ( 8.813436713469766436E-18, 0.0007102758608881320612, 0.001420551721776255449, 0.002130827582664378619, 0.002841103443552501790, 0.003551379304440625394, 0.004261655165328747698, 0.004971931026216871302, 0.005682206887104994039, 0.006392482747993116776, 0.007102758608881241248, 0.007813034469769363985, 0.008523310330657484987, 0.009233586191545607724, 0.009943862052433730461, 0.01065413791332185320, 0.01136441377420997420 ),
 .UNSPECIFIED. ) ;
#975 = PLANE ( 'NONE',  #2496 ) ;
#976 = EDGE_CURVE ( 'NONE', #4688, #3627, #20, .T. ) ;
#977 = VERTEX_POINT ( 'NONE', #1514 ) ;
#978 = CARTESIAN_POINT ( 'NONE',  ( 2.098857880135187592, 20.56739912959087491, 2.170815090354630161 ) ) ;
#979 = DIRECTION ( 'NONE',  ( -0.000000000000000000, -1.000000000000000000, -0.000000000000000000 ) ) ;
#980 = DIRECTION ( 'NONE',  ( -1.239088197126290570E-16, 1.000000000000000000, 0.000000000000000000 ) ) ;
#981 = ORIENTED_EDGE ( 'NONE', *, *, #3626, .F. ) ;
#982 = DIRECTION ( 'NONE',  ( -1.156482317317871478E-16, 1.000000000000000000, -0.000000000000000000 ) ) ;
#983 = ADVANCED_FACE ( 'NONE', ( #3027 ), #1144, .F. ) ;
#984 = CARTESIAN_POINT ( 'NONE',  ( -11.78189857840799348, 6.173273381985666219, -1.783485724725757393 ) ) ;
#985 = LINE ( 'NONE', #2062, #4765 ) ;
#986 = UNCERTAINTY_MEASURE_WITH_UNIT (LENGTH_MEASURE( 1.000000000000000082E-05 ), #1068, 'distance_accuracy_value', 'NONE');
#987 = CARTESIAN_POINT ( 'NONE',  ( 2.639022891491583422, 10.00000000000000000, 5.500000000000000888 ) ) ;
#988 = ORIENTED_EDGE ( 'NONE', *, *, #4459, .F. ) ;
#989 = ORIENTED_EDGE ( 'NONE', *, *, #4787, .F. ) ;
#990 = EDGE_CURVE ( 'NONE', #3689, #3993, #1253, .T. ) ;
#991 = DIRECTION ( 'NONE',  ( 1.000000000000000000, 0.000000000000000000, 0.000000000000000000 ) ) ;
#992 = CYLINDRICAL_SURFACE ( 'NONE', #3369, 2.000000000000000000 ) ;
#993 = AXIS2_PLACEMENT_3D ( 'NONE', #2668, #4586, #752 ) ;
#994 = LINE ( 'NONE', #3878, #1156 ) ;
#995 = ORIENTED_EDGE ( 'NONE', *, *, #896, .T. ) ;
#996 = DIRECTION ( 'NONE',  ( 0.000000000000000000, 0.000000000000000000, -1.000000000000000000 ) ) ;
#997 = AXIS2_PLACEMENT_3D ( 'NONE', #2401, #1291, #541 ) ;
#998 = ORIENTED_EDGE ( 'NONE', *, *, #3976, .F. ) ;
#999 = CARTESIAN_POINT ( 'NONE',  ( 3.039608907659004267, 20.05024645043287990, -0.1260920478427188796 ) ) ;
#1000 = CARTESIAN_POINT ( 'NONE',  ( 11.50000000000000178, 6.429285785728573011, -2.675185101785495235E-22 ) ) ;
#1001 = DIRECTION ( 'NONE',  ( 0.000000000000000000, 0.000000000000000000, 1.000000000000000000 ) ) ;
#1002 = ORIENTED_EDGE ( 'NONE', *, *, #4452, .F. ) ;
#1003 = DIRECTION ( 'NONE',  ( 1.000000000000000000, 0.000000000000000000, 0.000000000000000000 ) ) ;
#1004 = AXIS2_PLACEMENT_3D ( 'NONE', #3202, #190, #3591 ) ;
#1005 = CARTESIAN_POINT ( 'NONE',  ( -11.35913455770038105, 6.573028360823713001, 0.8286490097004831634 ) ) ;
#1006 = EDGE_CURVE ( 'NONE', #2023, #3409, #1172, .T. ) ;
#1007 = CARTESIAN_POINT ( 'NONE',  ( -12.20490374027774294, 5.854169562302109497, -2.560253348230103310 ) ) ;
#1008 = AXIS2_PLACEMENT_3D ( 'NONE', #3898, #528, #2021 ) ;
#1009 = LINE ( 'NONE', #3252, #2409 ) ;
#1010 = CARTESIAN_POINT ( 'NONE',  ( 11.33738226614922340, 6.596286455549924099, 0.7547739730882732090 ) ) ;
#1011 = ORIENTED_EDGE ( 'NONE', *, *, #1949, .F. ) ;
#1012 = LINE ( 'NONE', #1821, #1863 ) ;
#1013 = AXIS2_PLACEMENT_3D ( 'NONE', #882, #3076, #1926 ) ;
#1014 = DIRECTION ( 'NONE',  ( 1.000000000000000000, 0.000000000000000000, 0.000000000000000000 ) ) ;
#1015 = B_SPLINE_CURVE_WITH_KNOTS ( 'NONE', 3,
 ( #2406, #1988, #3945, #3544, #1598, #2061, #3565, #1699, #3200, #4698, #3111, #3867, #3492, #3135, #1261, #1115, #4851, #3227, #4484, #3714, #4370, #2634, #2608, #2859, #1851, #1746, #2881, #1488, #368, #984, #2471, #3357, #668, #1725, #3382, #4111, #2498, #3000, #3251, #4399, #749, #1372, #4723, #1353, #1031, #780, #4347, #3983, #622, #4137, #1397, #2219, #3021, #397, #2273, #2243, #3747, #1508, #4011, #4507, #4743, #1007, #1880, #1139, #15, #2109, #232, #646, #282, #1768, #2912, #2130, #3614, #258, #3634, #3272, #4768, #2520 ),
 .UNSPECIFIED., .F., .F.,
 ( 4, 2, 1, 2, 2, 2, 1, 2, 2, 2, 1, 1, 2, 2, 2, 1, 1, 1, 1, 2, 2, 2, 1, 1, 2, 2, 2, 1, 1, 2, 2, 1, 1, 2, 2, 1, 2, 2, 1, 2, 2, 1, 2, 2, 1, 2, 2, 4 ),
 ( 0.000000000000000000, 0.06250000000002590983, 0.09375000000003881617, 0.1093750000000456302, 0.1250000000000524303, 0.1875000000000804079, 0.2187500000000943690, 0.2343750000001012801, 0.2500000000001081912, 0.3125000000001332823, 0.3437500000001453837, 0.3593750000001509348, 0.3671875000001535438, 0.3750000000001562084, 0.4375000000001757483, 0.4687500000001856293, 0.4843750000001904032, 0.4921875000001929568, 0.4960937500001941780, 0.4980468750001942335, 0.5000000000001942890, 0.5312500000001866285, 0.5468750000001827427, 0.5546875000001808553, 0.5585937500001799672, 0.5625000000001788569, 0.5937500000001686429, 0.6093750000001633138, 0.6171875000001605382, 0.6210937500001592060, 0.6250000000001579847, 0.6562500000001447731, 0.6718750000001381117, 0.6796875000001346701, 0.6875000000001312284, 0.7187500000001171285, 0.7343750000001102451, 0.7500000000001033618, 0.7812500000000893730, 0.7968750000000827116, 0.8125000000000759393, 0.8437500000000622835, 0.8593750000000556222, 0.8750000000000489608, 0.9062500000000367484, 0.9218750000000305311, 0.9375000000000244249, 1.000000000000000000 ),
 .UNSPECIFIED. ) ;
#1016 = CARTESIAN_POINT ( 'NONE',  ( -15.00000000000000355, 5.000000000000000000, 0.000000000000000000 ) ) ;
#1017 = EDGE_CURVE ( 'NONE', #2483, #3434, #188, .T. ) ;
#1018 = AXIS2_PLACEMENT_3D ( 'NONE', #2000, #3428, #1561 ) ;
#1019 = CARTESIAN_POINT ( 'NONE',  ( -20.94674764498082098, 19.99999999999998934, 5.500000000000000888 ) ) ;
#1020 = ORIENTED_EDGE ( 'NONE', *, *, #4108, .T. ) ;
#1021 = ORIENTED_EDGE ( 'NONE', *, *, #1994, .F. ) ;
#1022 = CIRCLE ( 'NONE', #559, 2.000000000000001776 ) ;
#1023 = DIRECTION ( 'NONE',  ( 0.000000000000000000, -1.000000000000000000, -0.000000000000000000 ) ) ;
#1024 = ORIENTED_EDGE ( 'NONE', *, *, #2147, .F. ) ;
#1025 = EDGE_CURVE ( 'NONE', #3094, #3248, #330, .T. ) ;
#1026 = FACE_BOUND ( 'NONE', #4661, .T. ) ;
#1027 = CARTESIAN_POINT ( 'NONE',  ( 12.84094693562151868, 5.485609366782847829, 2.763966345317580231 ) ) ;
#1028 = CARTESIAN_POINT ( 'NONE',  ( 5.039022891491584666, 9.999999999999987566, 6.700000000000001066 ) ) ;
#1029 = ORIENTED_EDGE ( 'NONE', *, *, #2025, .T. ) ;
#1030 = CARTESIAN_POINT ( 'NONE',  ( -11.59364881289267224, 6.527747071103826570, 6.147677806833772962 ) ) ;
#1031 = CARTESIAN_POINT ( 'NONE',  ( -11.95658694407389255, 6.032913437316412164, -2.094395200640708055 ) ) ;
#1032 = DIRECTION ( 'NONE',  ( -0.000000000000000000, -0.000000000000000000, 1.000000000000000000 ) ) ;
#1033 = CARTESIAN_POINT ( 'NONE',  ( 11.84241516779493608, 6.123147955076313487, 1.892456796789178330 ) ) ;
#1034 = VERTEX_POINT ( 'NONE', #2899 ) ;
#1035 = CARTESIAN_POINT ( 'NONE',  ( -11.49738657403972475, 6.736368322558342392, 6.041752403815746852 ) ) ;
#1036 = EDGE_CURVE ( 'NONE', #1573, #1105, #1224, .T. ) ;
#1037 = DIRECTION ( 'NONE',  ( -0.000000000000000000, -0.000000000000000000, -1.000000000000000000 ) ) ;
#1038 = CARTESIAN_POINT ( 'NONE',  ( 11.49738657403972120, 6.736368322558340616, -6.041752403815749517 ) ) ;
#1039 = DIRECTION ( 'NONE',  ( 1.000000000000000000, 0.000000000000000000, 0.000000000000000000 ) ) ;
#1040 = ORIENTED_EDGE ( 'NONE', *, *, #3874, .T. ) ;
#1041 = VERTEX_POINT ( 'NONE', #4060 ) ;
#1042 = EDGE_CURVE ( 'NONE', #509, #73, #417, .T. ) ;
#1043 = CARTESIAN_POINT ( 'NONE',  ( 4.276729368584551771, 6.849192209726597369, 5.984467176951103973 ) ) ;
#1044 = ORIENTED_EDGE ( 'NONE', *, *, #861, .F. ) ;
#1045 = CARTESIAN_POINT ( 'NONE',  ( 12.58484575962562424, 9.775195932695353918, -6.946839912970417252 ) ) ;
#1046 = CARTESIAN_POINT ( 'NONE',  ( 9.500000000000005329, 9.999999999999987566, 9.500000000000001776 ) ) ;
#1047 = ORIENTED_EDGE ( 'NONE', *, *, #4255, .T. ) ;
#1048 = CARTESIAN_POINT ( 'NONE',  ( -33.00000000000000000, 17.99999999999998934, -76.21067811865475505 ) ) ;
#1049 = CARTESIAN_POINT ( 'NONE',  ( -3.921503067410564647, 7.801499550877151634, -5.787821873566005415 ) ) ;
#1050 = DIRECTION ( 'NONE',  ( 0.000000000000000000, 0.000000000000000000, 1.000000000000000000 ) ) ;
#1051 = CARTESIAN_POINT ( 'NONE',  ( -13.09565931260682170, 9.999999999999939604, 2.937996725711262691 ) ) ;
#1052 = DIRECTION ( 'NONE',  ( 0.000000000000000000, 0.000000000000000000, -1.000000000000000000 ) ) ;
#1053 = EDGE_LOOP ( 'NONE', ( #3300, #1537, #4835, #650 ) ) ;
#1054 = EDGE_CURVE ( 'NONE', #2400, #2073, #2994, .T. ) ;
#1055 = ADVANCED_FACE ( 'NONE', ( #3795, #4528 ), #1920, .F. ) ;
#1056 = ORIENTED_EDGE ( 'NONE', *, *, #1836, .T. ) ;
#1057 = CARTESIAN_POINT ( 'NONE',  ( -8.009976694200853231, 20.65942020039111426, 2.421149055657104032 ) ) ;
#1058 = CARTESIAN_POINT ( 'NONE',  ( -15.00000000000000000, 9.999999999999991118, 0.000000000000000000 ) ) ;
#1059 =( BOUNDED_CURVE ( )  B_SPLINE_CURVE ( 2, ( #434, #3415, #4619 ),
 .UNSPECIFIED., .F., .F. ) 
 B_SPLINE_CURVE_WITH_KNOTS ( ( 3, 3 ),
 ( 0.5916862443869548294, 1.000000000000000000 ),
 .UNSPECIFIED. ) 
 CURVE ( )  GEOMETRIC_REPRESENTATION_ITEM ( )  RATIONAL_B_SPLINE_CURVE ( ( 0.6483196514753801765, 0.7028151728547042953, 1.000000000000000000 ) ) 
 REPRESENTATION_ITEM ( '' )  );
#1060 = CARTESIAN_POINT ( 'NONE',  ( -10.73795390850766474, 8.707366798954438991, 0.7431181190934138536 ) ) ;
#1061 = ORIENTED_EDGE ( 'NONE', *, *, #1181, .F. ) ;
#1062 = EDGE_CURVE ( 'NONE', #591, #724, #1627, .T. ) ;
#1063 = ORIENTED_EDGE ( 'NONE', *, *, #276, .F. ) ;
#1064 = AXIS2_PLACEMENT_3D ( 'NONE', #4563, #1215, #4091 ) ;
#1065 = CARTESIAN_POINT ( 'NONE',  ( 4.222544327810180853, 8.624027923809453711, 5.950163973657702776 ) ) ;
#1066 = ORIENTED_EDGE ( 'NONE', *, *, #1042, .T. ) ;
#1067 = CARTESIAN_POINT ( 'NONE',  ( 13.25701100979516411, 9.977769250773077303, -7.421438751705895065 ) ) ;
#1068 =( LENGTH_UNIT ( ) NAMED_UNIT ( * ) SI_UNIT ( .MILLI., .METRE. ) );
#1069 = CARTESIAN_POINT ( 'NONE',  ( -2.639022891491586531, 19.99999999999999289, -5.500000000000005329 ) ) ;
#1070 = ORIENTED_EDGE ( 'NONE', *, *, #1760, .T. ) ;
#1071 = CARTESIAN_POINT ( 'NONE',  ( 33.00000000000000000, 17.99999999999999645, 5.500000000000005329 ) ) ;
#1072 = CARTESIAN_POINT ( 'NONE',  ( -11.99999999999999645, 5.000000000000000000, 7.499999999999999112 ) ) ;
#1073 = CARTESIAN_POINT ( 'NONE',  ( -14.51833714948595322, 5.017765777694864759, 3.474746745998837927 ) ) ;
#1074 = VECTOR ( 'NONE', #131, 1000.000000000000000 ) ;
#1075 = CARTESIAN_POINT ( 'NONE',  ( -9.089491418704868764, 8.284470050877930092, 2.240680073770256353 ) ) ;
#1076 = CARTESIAN_POINT ( 'NONE',  ( 12.18464435723606343, 5.861527883869731781, -6.604443307449099798 ) ) ;
#1077 = AXIS2_PLACEMENT_3D ( 'NONE', #1562, #2320, #1853 ) ;
#1078 = CIRCLE ( 'NONE', #1713, 1.499999999999997780 ) ;
#1079 = VERTEX_POINT ( 'NONE', #33 ) ;
#1080 = EDGE_LOOP ( 'NONE', ( #2192, #3563, #2764, #4409, #1642 ) ) ;
#1081 = VECTOR ( 'NONE', #3887, 1000.000000000000000 ) ;
#1082 = CARTESIAN_POINT ( 'NONE',  ( 15.00000000000000000, 5.000000000000000000, 6.916198487095662095 ) ) ;
#1083 = CARTESIAN_POINT ( 'NONE',  ( -11.99999999999999645, 5.000000000000000000, 0.4999999999999995559 ) ) ;
#1084 = DIRECTION ( 'NONE',  ( -0.000000000000000000, -0.000000000000000000, -1.000000000000000000 ) ) ;
#1085 = VERTEX_POINT ( 'NONE', #4278 ) ;
#1086 = ORIENTED_EDGE ( 'NONE', *, *, #4225, .F. ) ;
#1087 = VECTOR ( 'NONE', #2003, 1000.000000000000000 ) ;
#1088 =( BOUNDED_CURVE ( )  B_SPLINE_CURVE ( 2, ( #1150, #3058, #3366 ),
 .UNSPECIFIED., .F., .F. ) 
 B_SPLINE_CURVE_WITH_KNOTS ( ( 3, 3 ),
 ( 0.000000000000000000, 0.5916862443869548294 ),
 .UNSPECIFIED. ) 
 CURVE ( )  GEOMETRIC_REPRESENTATION_ITEM ( )  RATIONAL_B_SPLINE_CURVE ( ( 1.000000000000000000, 0.5693503541212041608, 0.6483196514753801765 ) ) 
 REPRESENTATION_ITEM ( '' )  );
#1089 = STYLED_ITEM ( 'NONE', ( #576 ), #1849 ) ;
#1090 = LINE ( 'NONE', #2194, #1646 ) ;
#1091 = VECTOR ( 'NONE', #3462, 1000.000000000000000 ) ;
#1092 = AXIS2_PLACEMENT_3D ( 'NONE', #2438, #4660, #560 ) ;
#1093 = ADVANCED_FACE ( 'NONE', ( #2788 ), #1765, .T. ) ;
#1094 = ORIENTED_EDGE ( 'NONE', *, *, #1700, .T. ) ;
#1095 = EDGE_CURVE ( 'NONE', #2454, #591, #1721, .T. ) ;
#1096 = CARTESIAN_POINT ( 'NONE',  ( -35.00000000000001421, 17.63504870010925529, 21.50000000000000000 ) ) ;
#1097 = DIRECTION ( 'NONE',  ( 1.000000000000000000, 9.912705577010324317E-17, -0.000000000000000000 ) ) ;
#1098 = ORIENTED_EDGE ( 'NONE', *, *, #1911, .F. ) ;
#1099 = B_SPLINE_CURVE_WITH_KNOTS ( 'NONE', 3,
 ( #3922, #3567, #4725, #1355 ),
 .UNSPECIFIED., .F., .F.,
 ( 4, 4 ),
 ( 0.000000000000000000, 0.001305278167032015817 ),
 .UNSPECIFIED. ) ;
#1100 = LINE ( 'NONE', #4008, #1244 ) ;
#1101 = CARTESIAN_POINT ( 'NONE',  ( -13.20808930698737527, 5.327827352813713446, 3.014759499093471184 ) ) ;
#1102 = EDGE_CURVE ( 'NONE', #3006, #2400, #72, .T. ) ;
#1103 = DIRECTION ( 'NONE',  ( 1.000000000000000000, 5.782411586589358625E-17, -0.000000000000000000 ) ) ;
#1104 = CARTESIAN_POINT ( 'NONE',  ( 11.73192273095984106, 6.215765443991042360, 1.691278532956512759 ) ) ;
#1105 = VERTEX_POINT ( 'NONE', #2813 ) ;
#1106 = EDGE_LOOP ( 'NONE', ( #3075, #1607, #1491, #2959, #3328 ) ) ;
#1107 = DIRECTION ( 'NONE',  ( -0.000000000000000000, -0.000000000000000000, 1.000000000000000000 ) ) ;
#1108 = LINE ( 'NONE', #3090, #1641 ) ;
#1109 = DIRECTION ( 'NONE',  ( 0.000000000000000000, 0.000000000000000000, 1.000000000000000000 ) ) ;
#1110 = CARTESIAN_POINT ( 'NONE',  ( 13.58578643762690774, 9.999999999999994671, -3.201562118716424266 ) ) ;
#1111 = ORIENTED_EDGE ( 'NONE', *, *, #891, .F. ) ;
#1112 = ORIENTED_EDGE ( 'NONE', *, *, #445, .F. ) ;
#1113 = CARTESIAN_POINT ( 'NONE',  ( 4.716361557846422414, 9.269497127734590336, 6.324799295040925529 ) ) ;
#1114 = EDGE_LOOP ( 'NONE', ( #2696, #1919, #3888, #3528, #2947, #4375, #2064, #1682, #2509, #4554, #4403, #4408 ) ) ;
#1115 = CARTESIAN_POINT ( 'NONE',  ( -11.48980657732850474, 6.439188478324717302, -1.188148214208913922 ) ) ;
#1116 = CARTESIAN_POINT ( 'NONE',  ( -24.94674764498082098, 19.99999999999998934, -8.500000000000000000 ) ) ;
#1117 = LINE ( 'NONE', #1490, #1697 ) ;
#1118 = EDGE_LOOP ( 'NONE', ( #799, #1906, #2985, #2523, #1704, #967, #3948, #1070, #3549 ) ) ;
#1119 = DIRECTION ( 'NONE',  ( -1.156482317317871478E-16, 1.000000000000000000, 0.000000000000000000 ) ) ;
#1120 = EDGE_CURVE ( 'NONE', #2292, #4746, #2128, .T. ) ;
#1121 = CARTESIAN_POINT ( 'NONE',  ( 12.38108599560539602, 5.740740740740726267, -6.708268326881150045 ) ) ;
#1122 = CARTESIAN_POINT ( 'NONE',  ( -11.68756760147451779, 6.252834247150315328, 1.153108118801174253 ) ) ;
#1123 = ORIENTED_EDGE ( 'NONE', *, *, #3730, .T. ) ;
#1124 = CARTESIAN_POINT ( 'NONE',  ( -14.17953175185601289, 5.049091457919327119, -7.209205931435263004 ) ) ;
#1125 = CARTESIAN_POINT ( 'NONE',  ( -35.00000000000001421, 17.63504870010925529, 21.50000000000000000 ) ) ;
#1126 = CARTESIAN_POINT ( 'NONE',  ( 4.358621320152868961, 6.736368322558340616, -6.041752403815749517 ) ) ;
#1127 = ORIENTED_EDGE ( 'NONE', *, *, #458, .T. ) ;
#1128 = FACE_OUTER_BOUND ( 'NONE', #3351, .T. ) ;
#1129 = DIRECTION ( 'NONE',  ( 1.000000000000000000, 0.000000000000000000, 0.000000000000000000 ) ) ;
#1130 = CARTESIAN_POINT ( 'NONE',  ( 12.27850509169238791, 5.805287967073224920, -2.718156665370349501 ) ) ;
#1131 = CARTESIAN_POINT ( 'NONE',  ( -11.99999999999999645, 5.000000000000000000, -7.500000000000000888 ) ) ;
#1132 = ORIENTED_EDGE ( 'NONE', *, *, #365, .T. ) ;
#1133 = ADVANCED_FACE ( 'NONE', ( #4767 ), #3962, .T. ) ;
#1134 = VERTEX_POINT ( 'NONE', #4591 ) ;
#1135 = EDGE_CURVE ( 'NONE', #3796, #427, #4306, .T. ) ;
#1136 = CARTESIAN_POINT ( 'NONE',  ( 11.61952175153997580, 6.315928347879730786, -1.471872602526056228 ) ) ;
#1137 = FACE_OUTER_BOUND ( 'NONE', #4621, .T. ) ;
#1138 = ORIENTED_EDGE ( 'NONE', *, *, #3503, .F. ) ;
#1139 = CARTESIAN_POINT ( 'NONE',  ( -12.23776415750596058, 5.832253280944106777, -2.632394769566571480 ) ) ;
#1140 = DIRECTION ( 'NONE',  ( -1.000000000000000000, 0.000000000000000000, -0.000000000000000000 ) ) ;
#1141 = CARTESIAN_POINT ( 'NONE',  ( 0.000000000000000000, 0.000000000000000000, 26.50000000000000000 ) ) ;
#1142 = DIRECTION ( 'NONE',  ( 0.000000000000000000, -1.000000000000000000, 0.000000000000000000 ) ) ;
#1143 = VERTEX_POINT ( 'NONE', #4473 ) ;
#1144 = CYLINDRICAL_SURFACE ( 'NONE', #762, 10.00000000000000178 ) ;
#1145 = CARTESIAN_POINT ( 'NONE',  ( -13.18169022548484826, 9.965403206128595315, 7.381342911365608828 ) ) ;
#1146 = CARTESIAN_POINT ( 'NONE',  ( 1.500000000000005329, 21.99999999999999645, 4.839745962155620695 ) ) ;
#1147 = VECTOR ( 'NONE', #4755, 1000.000000000000000 ) ;
#1148 = ORIENTED_EDGE ( 'NONE', *, *, #1824, .T. ) ;
#1149 = DIRECTION ( 'NONE',  ( 1.000000000000000000, 0.000000000000000000, 0.000000000000000000 ) ) ;
#1150 = CARTESIAN_POINT ( 'NONE',  ( 13.58578643762690774, 9.999999999999994671, 3.201562118716424266 ) ) ;
#1151 = VERTEX_POINT ( 'NONE', #4574 ) ;
#1152 = CARTESIAN_POINT ( 'NONE',  ( -6.080806239788281609, 9.614628463481441401, -3.168292563096686276 ) ) ;
#1153 = AXIS2_PLACEMENT_3D ( 'NONE', #329, #3341, #304 ) ;
#1154 = EDGE_CURVE ( 'NONE', #1143, #3033, #381, .T. ) ;
#1155 = CARTESIAN_POINT ( 'NONE',  ( 12.22578733879184298, 5.839611673765658040, 2.600524952379708044 ) ) ;
#1156 = VECTOR ( 'NONE', #217, 1000.000000000000000 ) ;
#1157 = CARTESIAN_POINT ( 'NONE',  ( 12.33711307918422939, 5.768030111079529121, -2.898565593534776053 ) ) ;
#1158 = CARTESIAN_POINT ( 'NONE',  ( 35.00000000000000000, 19.99999999999999645, 5.500000000000000888 ) ) ;
#1159 = VERTEX_POINT ( 'NONE', #873 ) ;
#1160 = ORIENTED_EDGE ( 'NONE', *, *, #3626, .T. ) ;
#1161 = AXIS2_PLACEMENT_3D ( 'NONE', #1946, #3422, #3793 ) ;
#1162 = CARTESIAN_POINT ( 'NONE',  ( -11.67802930934357519, 6.263038502077321823, 1.588359178825727414 ) ) ;
#1163 = DIRECTION ( 'NONE',  ( -1.000000000000000000, 0.000000000000000000, 0.000000000000000000 ) ) ;
#1164 = ADVANCED_FACE ( 'NONE', ( #2013 ), #548, .F. ) ;
#1165 = DIRECTION ( 'NONE',  ( 1.000000000000000000, 2.312964634635742957E-16, -0.000000000000000000 ) ) ;
#1166 = ORIENTED_EDGE ( 'NONE', *, *, #3643, .F. ) ;
#1167 = AXIS2_PLACEMENT_3D ( 'NONE', #93, #4210, #4640 ) ;
#1168 = DIRECTION ( 'NONE',  ( 0.000000000000000000, 0.000000000000000000, 1.000000000000000000 ) ) ;
#1169 = CARTESIAN_POINT ( 'NONE',  ( 18.50000000000000000, 4.999999999999997335, 4.286263797015734130E-16 ) ) ;
#1170 = CARTESIAN_POINT ( 'NONE',  ( 4.500000000000003553, 19.99999999999999289, -76.21067811865475505 ) ) ;
#1171 = AXIS2_PLACEMENT_3D ( 'NONE', #3852, #1165, #1997 ) ;
#1172 = LINE ( 'NONE', #4274, #2477 ) ;
#1173 = FACE_OUTER_BOUND ( 'NONE', #2741, .T. ) ;
#1174 = DIRECTION ( 'NONE',  ( -1.000000000000000000, -2.312964634635742957E-16, 0.000000000000000000 ) ) ;
#1175 = EDGE_CURVE ( 'NONE', #3204, #2728, #464, .T. ) ;
#1176 = VERTEX_POINT ( 'NONE', #3167 ) ;
#1177 = DIRECTION ( 'NONE',  ( 1.000000000000000000, 9.912705577010324317E-17, -0.000000000000000000 ) ) ;
#1178 = CARTESIAN_POINT ( 'NONE',  ( -2.639022891491583422, 9.999999999999987566, 5.500000000000000888 ) ) ;
#1179 = ORIENTED_EDGE ( 'NONE', *, *, #3703, .F. ) ;
#1180 = CARTESIAN_POINT ( 'NONE',  ( -13.36327619567738978, 9.999999999999991118, -3.095528781774447680 ) ) ;
#1181 = EDGE_CURVE ( 'NONE', #599, #3924, #4386, .T. ) ;
#1182 = CARTESIAN_POINT ( 'NONE',  ( -11.99999999999999645, 0.000000000000000000, 0.4999999999999995559 ) ) ;
#1183 = CARTESIAN_POINT ( 'NONE',  ( 11.35422069668561917, 6.576159476055448927, 0.9230814142714376391 ) ) ;
#1184 = CARTESIAN_POINT ( 'NONE',  ( 13.36216716225653478, 9.999999999999996447, -3.094959546570912323 ) ) ;
#1185 = CARTESIAN_POINT ( 'NONE',  ( 4.276813840693842295, 6.849075831113720092, -5.984526267055201743 ) ) ;
#1186 = EDGE_CURVE ( 'NONE', #184, #4129, #92, .T. ) ;
#1187 = ORIENTED_EDGE ( 'NONE', *, *, #1054, .F. ) ;
#1188 = ORIENTED_EDGE ( 'NONE', *, *, #2144, .F. ) ;
#1189 = EDGE_CURVE ( 'NONE', #3895, #3522, #624, .T. ) ;
#1190 = ADVANCED_FACE ( 'NONE', ( #4634 ), #2526, .T. ) ;
#1191 = CARTESIAN_POINT ( 'NONE',  ( 11.31748570518716335, 6.617467068845894751, -0.6890985834894692852 ) ) ;
#1192 = CARTESIAN_POINT ( 'NONE',  ( -11.28578643762691947, 7.700000000000001066, 3.201562118716432259 ) ) ;
#1193 = ORIENTED_EDGE ( 'NONE', *, *, #1241, .T. ) ;
#1194 = DIRECTION ( 'NONE',  ( 0.000000000000000000, 1.000000000000000000, 0.000000000000000000 ) ) ;
#1195 = DIRECTION ( 'NONE',  ( -9.912705577010324317E-17, 1.000000000000000000, 0.000000000000000000 ) ) ;
#1196 = LINE ( 'NONE', #1170, #2960 ) ;
#1197 = PLANE ( 'NONE',  #3291 ) ;
#1198 = DIRECTION ( 'NONE',  ( -0.000000000000000000, 1.000000000000000000, -0.000000000000000000 ) ) ;
#1199 = EDGE_LOOP ( 'NONE', ( #1451, #2007, #902, #1972 ) ) ;
#1200 = DIRECTION ( 'NONE',  ( 0.000000000000000000, 0.000000000000000000, -1.000000000000000000 ) ) ;
#1201 = CARTESIAN_POINT ( 'NONE',  ( 12.28183449596102328, 5.803348427312124080, 2.737193722496956916 ) ) ;
#1202 = ORIENTED_EDGE ( 'NONE', *, *, #2071, .F. ) ;
#1203 = CARTESIAN_POINT ( 'NONE',  ( -11.84960675535013763, 10.00000000000038547, -1.597577195278939710 ) ) ;
#1204 = CARTESIAN_POINT ( 'NONE',  ( -20.94674764498082098, 19.99999999999999645, -7.500000000000000888 ) ) ;
#1205 = DIRECTION ( 'NONE',  ( 0.000000000000000000, 0.000000000000000000, -1.000000000000000000 ) ) ;
#1206 = CARTESIAN_POINT ( 'NONE',  ( 11.59263638950518960, 9.999999999999994671, -0.7999207622482179536 ) ) ;
#1207 = DIRECTION ( 'NONE',  ( -0.000000000000000000, -0.000000000000000000, -1.000000000000000000 ) ) ;
#1208 = EDGE_LOOP ( 'NONE', ( #1872, #2271, #1811, #2436, #490, #2329 ) ) ;
#1209 = ORIENTED_EDGE ( 'NONE', *, *, #659, .T. ) ;
#1210 = CARTESIAN_POINT ( 'NONE',  ( 12.81273892165489059, 5.496878402526195195, 6.929572331356749437 ) ) ;
#1211 = CARTESIAN_POINT ( 'NONE',  ( -11.28578643762691947, 7.309187554127750452, 3.201562118716433147 ) ) ;
#1212 = EDGE_CURVE ( 'NONE', #1689, #4811, #2758, .T. ) ;
#1213 = CARTESIAN_POINT ( 'NONE',  ( 33.00000000000000000, 9.999999999999998224, -76.21067811865475505 ) ) ;
#1214 = LINE ( 'NONE', #3855, #1386 ) ;
#1215 = DIRECTION ( 'NONE',  ( -1.156482317317871478E-16, 1.000000000000000000, -0.000000000000000000 ) ) ;
#1216 = DIRECTION ( 'NONE',  ( 0.000000000000000000, 0.000000000000000000, -1.000000000000000000 ) ) ;
#1217 = CARTESIAN_POINT ( 'NONE',  ( -4.382367080816839788, 8.855273697207664441, 6.056651892149171879 ) ) ;
#1218 = DIRECTION ( 'NONE',  ( 0.000000000000000000, 0.000000000000000000, 1.000000000000000000 ) ) ;
#1219 = ORIENTED_EDGE ( 'NONE', *, *, #3372, .F. ) ;
#1220 = CARTESIAN_POINT ( 'NONE',  ( -12.17391886962997383, 5.875283406374360418, 2.497042198322498852 ) ) ;
#1221 = EDGE_CURVE ( 'NONE', #3340, #446, #2569, .T. ) ;
#1222 = AXIS2_PLACEMENT_3D ( 'NONE', #3555, #3531, #3191 ) ;
#1223 = DIRECTION ( 'NONE',  ( 0.000000000000000000, 0.000000000000000000, 1.000000000000000000 ) ) ;
#1224 = CIRCLE ( 'NONE', #2462, 3.499999999999999556 ) ;
#1225 = CARTESIAN_POINT ( 'NONE',  ( 12.23776415750534419, 5.832253280944507345, 2.632394769566927639 ) ) ;
#1226 = ORIENTED_EDGE ( 'NONE', *, *, #3745, .T. ) ;
#1227 = CARTESIAN_POINT ( 'NONE',  ( 35.00000000000000000, 9.999999999999998224, -76.21067811865475505 ) ) ;
#1228 = CARTESIAN_POINT ( 'NONE',  ( 11.23041531336040677, 6.715151230426656959, 0.1650927288005024640 ) ) ;
#1229 = LINE ( 'NONE', #523, #3757 ) ;
#1230 = CARTESIAN_POINT ( 'NONE',  ( 11.68596648241039482, 9.999999999998410161, -1.197472107907209038 ) ) ;
#1231 = CARTESIAN_POINT ( 'NONE',  ( -7.499999999999995559, 9.999999999999987566, 26.50000000000000000 ) ) ;
#1232 = AXIS2_PLACEMENT_3D ( 'NONE', #2205, #2472, #3984 ) ;
#1233 = ORIENTED_EDGE ( 'NONE', *, *, #3499, .T. ) ;
#1234 = DIRECTION ( 'NONE',  ( 0.000000000000000000, 0.000000000000000000, 1.000000000000000000 ) ) ;
#1235 = ORIENTED_EDGE ( 'NONE', *, *, #1186, .T. ) ;
#1236 = EDGE_CURVE ( 'NONE', #4294, #1277, #1243, .T. ) ;
#1237 = AXIS2_PLACEMENT_3D ( 'NONE', #4426, #3687, #385 ) ;
#1238 = PLANE ( 'NONE',  #3900 ) ;
#1239 = FACE_OUTER_BOUND ( 'NONE', #1106, .T. ) ;
#1240 = ORIENTED_EDGE ( 'NONE', *, *, #4315, .T. ) ;
#1241 = EDGE_CURVE ( 'NONE', #1134, #3185, #2026, .T. ) ;
#1242 = EDGE_CURVE ( 'NONE', #422, #1079, #1669, .T. ) ;
#1243 = CIRCLE ( 'NONE', #3523, 2.999999999999999112 ) ;
#1244 = VECTOR ( 'NONE', #4741, 1000.000000000000000 ) ;
#1245 = DIRECTION ( 'NONE',  ( 1.000000000000000000, 0.000000000000000000, 0.000000000000000000 ) ) ;
#1246 = PLANE ( 'NONE',  #1312 ) ;
#1247 = CARTESIAN_POINT ( 'NONE',  ( 11.95160086882591699, 6.036708360315075517, -2.085577275877974479 ) ) ;
#1248 = EDGE_CURVE ( 'NONE', #363, #3399, #4124, .T. ) ;
#1249 = CARTESIAN_POINT ( 'NONE',  ( -12.84185091189225147, 5.485180027398426361, -2.764664153004694924 ) ) ;
#1250 = LINE ( 'NONE', #2751, #1472 ) ;
#1251 = VECTOR ( 'NONE', #2115, 1000.000000000000000 ) ;
#1252 = ORIENTED_EDGE ( 'NONE', *, *, #275, .T. ) ;
#1253 =( BOUNDED_CURVE ( )  B_SPLINE_CURVE ( 2, ( #43, #3050, #4540 ),
 .UNSPECIFIED., .F., .F. ) 
 B_SPLINE_CURVE_WITH_KNOTS ( ( 3, 3 ),
 ( 0.000000000000000000, 1.000000000000000000 ),
 .UNSPECIFIED. ) 
 CURVE ( )  GEOMETRIC_REPRESENTATION_ITEM ( )  RATIONAL_B_SPLINE_CURVE ( ( 1.000000000000000000, 0.6814506299971729852, 1.000000000000000000 ) ) 
 REPRESENTATION_ITEM ( '' )  );
#1254 = VECTOR ( 'NONE', #970, 1000.000000000000000 ) ;
#1255 = DIRECTION ( 'NONE',  ( 0.000000000000000000, 0.000000000000000000, -1.000000000000000000 ) ) ;
#1256 = CARTESIAN_POINT ( 'NONE',  ( -12.17232898168462185, 9.539233737515809608, 3.201562118716433147 ) ) ;
#1257 = ORIENTED_EDGE ( 'NONE', *, *, #3908, .F. ) ;
#1258 = DIRECTION ( 'NONE',  ( 0.000000000000000000, 1.000000000000000000, 0.000000000000000000 ) ) ;
#1259 = EDGE_CURVE ( 'NONE', #4396, #4688, #3162, .T. ) ;
#1260 = AXIS2_PLACEMENT_3D ( 'NONE', #1945, #796, #2623 ) ;
#1261 = CARTESIAN_POINT ( 'NONE',  ( -11.46420665016278839, 6.464718162283483949, -1.124830649325924359 ) ) ;
#1262 = PLANE ( 'NONE',  #2327 ) ;
#1263 = CARTESIAN_POINT ( 'NONE',  ( 11.49738657403971764, 6.736368322558345945, 6.041752403815745076 ) ) ;
#1264 = ORIENTED_EDGE ( 'NONE', *, *, #1668, .T. ) ;
#1265 = ORIENTED_EDGE ( 'NONE', *, *, #4123, .F. ) ;
#1266 = LINE ( 'NONE', #2864, #1797 ) ;
#1267 = DIRECTION ( 'NONE',  ( -1.000000000000000000, 0.000000000000000000, 0.000000000000000000 ) ) ;
#1268 = VERTEX_POINT ( 'NONE', #2703 ) ;
#1269 = FACE_OUTER_BOUND ( 'NONE', #1118, .T. ) ;
#1270 = CARTESIAN_POINT ( 'NONE',  ( 11.97989914139825984, 6.015154381086630586, -2.135682653491499217 ) ) ;
#1271 = LINE ( 'NONE', #3881, #3925 ) ;
#1272 = CARTESIAN_POINT ( 'NONE',  ( 11.38749715321348432, 6.918809504741802563, -3.201562118716425154 ) ) ;
#1273 = ORIENTED_EDGE ( 'NONE', *, *, #121, .T. ) ;
#1274 = DIRECTION ( 'NONE',  ( -1.000000000000000000, -1.734723475976807094E-16, 0.000000000000000000 ) ) ;
#1275 = DIRECTION ( 'NONE',  ( 1.000000000000000000, -1.156482317317871331E-15, -0.000000000000000000 ) ) ;
#1276 = CARTESIAN_POINT ( 'NONE',  ( 5.579548760278597364, 9.900289267784554426, -7.203552429288097692 ) ) ;
#1277 = VERTEX_POINT ( 'NONE', #897 ) ;
#1278 = DIRECTION ( 'NONE',  ( 1.000000000000000000, 5.209107462460914720E-16, 0.000000000000000000 ) ) ;
#1279 = DIRECTION ( 'NONE',  ( 0.000000000000000000, -1.000000000000000000, 0.000000000000000000 ) ) ;
#1280 = ADVANCED_FACE ( 'NONE', ( #1966 ), #107, .F. ) ;
#1281 = CARTESIAN_POINT ( 'NONE',  ( 11.91932853624558497, 9.291429860655204820, 6.355797073611140213 ) ) ;
#1282 = ORIENTED_EDGE ( 'NONE', *, *, #3041, .F. ) ;
#1283 = EDGE_LOOP ( 'NONE', ( #1138, #3354, #4149, #4570 ) ) ;
#1284 = FACE_OUTER_BOUND ( 'NONE', #344, .T. ) ;
#1285 = FACE_OUTER_BOUND ( 'NONE', #628, .T. ) ;
#1286 = ORIENTED_EDGE ( 'NONE', *, *, #4001, .T. ) ;
#1287 = FACE_OUTER_BOUND ( 'NONE', #1634, .T. ) ;
#1288 = CARTESIAN_POINT ( 'NONE',  ( 12.15224392036868117, 5.890186461199700574, -2.453772479089225023 ) ) ;
#1289 = CARTESIAN_POINT ( 'NONE',  ( 10.67809701805871470, 8.084434238692034924, -0.6819230000249537627 ) ) ;
#1290 = ORIENTED_EDGE ( 'NONE', *, *, #3645, .T. ) ;
#1291 = DIRECTION ( 'NONE',  ( 0.000000000000000000, 1.000000000000000000, 0.000000000000000000 ) ) ;
#1292 = CARTESIAN_POINT ( 'NONE',  ( 13.83444356136276987, 5.132717538033805482, -3.308326042368442188 ) ) ;
#1293 = CARTESIAN_POINT ( 'NONE',  ( 5.039022891491584666, 9.608161990937752250, -6.700000000000001066 ) ) ;
#1294 = EDGE_LOOP ( 'NONE', ( #2524, #1673, #3239 ) ) ;
#1295 = CARTESIAN_POINT ( 'NONE',  ( 3.380797514579481078, 8.039783192789762722, 5.589242816594735430 ) ) ;
#1296 = AXIS2_PLACEMENT_3D ( 'NONE', #3173, #1685, #2422 ) ;
#1297 = DIRECTION ( 'NONE',  ( 1.000000000000000000, 1.734723475976807094E-16, -0.000000000000000000 ) ) ;
#1298 = CARTESIAN_POINT ( 'NONE',  ( 35.00000000000000000, 9.999999999999998224, 5.500000000000000888 ) ) ;
#1299 = ORIENTED_EDGE ( 'NONE', *, *, #1902, .F. ) ;
#1300 = DIRECTION ( 'NONE',  ( -0.000000000000000000, -0.000000000000000000, 1.000000000000000000 ) ) ;
#1301 = VERTEX_POINT ( 'NONE', #2024 ) ;
#1302 = EDGE_CURVE ( 'NONE', #3185, #4657, #1667, .T. ) ;
#1303 = EDGE_CURVE ( 'NONE', #1268, #2058, #2837, .T. ) ;
#1304 = CARTESIAN_POINT ( 'NONE',  ( 7.500000000000005329, 9.999999999999985789, 24.50000000000000000 ) ) ;
#1305 = DIRECTION ( 'NONE',  ( -0.000000000000000000, 0.000000000000000000, 1.000000000000000000 ) ) ;
#1306 = ORIENTED_EDGE ( 'NONE', *, *, #119, .F. ) ;
#1307 = VECTOR ( 'NONE', #3084, 1000.000000000000000 ) ;
#1308 = ADVANCED_FACE ( 'NONE', ( #4326 ), #645, .F. ) ;
#1309 = VECTOR ( 'NONE', #71, 1000.000000000000000 ) ;
#1310 = CARTESIAN_POINT ( 'NONE',  ( -12.29279117024259271, 5.796269688613907789, 2.766008772284126227 ) ) ;
#1311 = DIRECTION ( 'NONE',  ( -1.084202172485503448E-16, 1.000000000000000000, 0.000000000000000000 ) ) ;
#1312 = AXIS2_PLACEMENT_3D ( 'NONE', #1609, #1587, #3101 ) ;
#1313 = DIRECTION ( 'NONE',  ( 1.239088197126290570E-16, -1.000000000000000000, 0.000000000000000000 ) ) ;
#1314 = CARTESIAN_POINT ( 'NONE',  ( 12.37891916614534793, 5.742071610075914379, -3.127282384715027508 ) ) ;
#1315 = DIRECTION ( 'NONE',  ( -1.000000000000000000, 0.000000000000000000, 0.000000000000000000 ) ) ;
#1316 = ORIENTED_EDGE ( 'NONE', *, *, #3982, .F. ) ;
#1317 = CIRCLE ( 'NONE', #4064, 2.000000000000000000 ) ;
#1318 = CARTESIAN_POINT ( 'NONE',  ( -11.61711598042062299, 6.318136423343749364, 1.466964337847417088 ) ) ;
#1319 = DIRECTION ( 'NONE',  ( 0.000000000000000000, 0.000000000000000000, 1.000000000000000000 ) ) ;
#1320 = LINE ( 'NONE', #959, #293 ) ;
#1321 = CARTESIAN_POINT ( 'NONE',  ( -3.037425881067508993, 20.03991406935087838, -0.1261130945314329899 ) ) ;
#1322 = CIRCLE ( 'NONE', #1868, 2.999999999999999112 ) ;
#1323 = ORIENTED_EDGE ( 'NONE', *, *, #4799, .F. ) ;
#1324 = CARTESIAN_POINT ( 'NONE',  ( 2.788473966100866619, 8.807059583975748396, 5.502789825704112125 ) ) ;
#1325 = CARTESIAN_POINT ( 'NONE',  ( 11.53221544663228393, 9.999999991822328127, -0.5425501627892668211 ) ) ;
#1326 = AXIS2_PLACEMENT_3D ( 'NONE', #3187, #1379, #652 ) ;
#1327 = LINE ( 'NONE', #4653, #3070 ) ;
#1328 = CARTESIAN_POINT ( 'NONE',  ( -4.499999999999997335, 15.13504870010926417, 21.50000000000000000 ) ) ;
#1329 = EDGE_CURVE ( 'NONE', #4061, #1910, #3460, .T. ) ;
#1330 = CARTESIAN_POINT ( 'NONE',  ( 12.96784850778040443, 9.920247152535814905, 7.251301472632090572 ) ) ;
#1331 = VERTEX_POINT ( 'NONE', #3533 ) ;
#1332 = ORIENTED_EDGE ( 'NONE', *, *, #3451, .T. ) ;
#1333 = AXIS2_PLACEMENT_3D ( 'NONE', #3309, #1023, #319 ) ;
#1334 = CARTESIAN_POINT ( 'NONE',  ( -2.788473966100863066, 8.807059583975743067, -5.502789825704113014 ) ) ;
#1335 = APPLICATION_CONTEXT ( 'automotive_design' ) ;
#1336 = EDGE_CURVE ( 'NONE', #3409, #3668, #1322, .T. ) ;
#1337 = CYLINDRICAL_SURFACE ( 'NONE', #2743, 8.000000000000000000 ) ;
#1338 = CARTESIAN_POINT ( 'NONE',  ( 0.000000000000000000, 0.000000000000000000, 7.500000000000000888 ) ) ;
#1339 = VERTEX_POINT ( 'NONE', #932 ) ;
#1340 = EDGE_CURVE ( 'NONE', #4746, #3086, #2983, .T. ) ;
#1341 = DIRECTION ( 'NONE',  ( -5.782411586589358625E-17, 1.000000000000000000, 0.000000000000000000 ) ) ;
#1342 = ADVANCED_FACE ( 'NONE', ( #885 ), #200, .F. ) ;
#1343 = CARTESIAN_POINT ( 'NONE',  ( -11.99999999999999645, 5.000000000000000000, -7.500000000000000888 ) ) ;
#1344 = FACE_OUTER_BOUND ( 'NONE', #1294, .T. ) ;
#1345 = EDGE_LOOP ( 'NONE', ( #103, #2893, #4756, #3802 ) ) ;
#1346 = CARTESIAN_POINT ( 'NONE',  ( -11.78993018568904994, 6.166534967318107796, 1.798105782172632727 ) ) ;
#1347 = CARTESIAN_POINT ( 'NONE',  ( 33.00000000000000000, 9.999999999999998224, 5.500000000000000888 ) ) ;
#1348 = DIRECTION ( 'NONE',  ( 0.000000000000000000, -1.000000000000000000, 0.000000000000000000 ) ) ;
#1349 = CARTESIAN_POINT ( 'NONE',  ( -1.499999999999994227, 21.65683847427483499, 4.382197261188738757 ) ) ;
#1350 = ORIENTED_EDGE ( 'NONE', *, *, #2937, .T. ) ;
#1351 = CARTESIAN_POINT ( 'NONE',  ( 15.00000000000000000, 4.999999999999997335, 0.000000000000000000 ) ) ;
#1352 = CARTESIAN_POINT ( 'NONE',  ( 0.000000000000000000, 0.000000000000000000, 26.50000000000000000 ) ) ;
#1353 = CARTESIAN_POINT ( 'NONE',  ( -11.94518458115662440, 6.041691469989301844, -2.074263323355177935 ) ) ;
#1354 = LINE ( 'NONE', #189, #608 ) ;
#1355 = CARTESIAN_POINT ( 'NONE',  ( 13.76316191612859363, 5.155391496283181496, -7.303285209289337665 ) ) ;
#1356 = ORIENTED_EDGE ( 'NONE', *, *, #2411, .F. ) ;
#1357 = ORIENTED_EDGE ( 'NONE', *, *, #564, .T. ) ;
#1358 = CARTESIAN_POINT ( 'NONE',  ( -7.499999999999996447, 24.99999999999998579, 8.586540306964575819 ) ) ;
#1359 = CYLINDRICAL_SURFACE ( 'NONE', #248, 2.000000000000001776 ) ;
#1360 = CARTESIAN_POINT ( 'NONE',  ( 28.49999999999999289, 14.99999999999999645, -7.833828036843772047 ) ) ;
#1361 = ORIENTED_EDGE ( 'NONE', *, *, #2652, .F. ) ;
#1362 = CARTESIAN_POINT ( 'NONE',  ( 7.847148369089389064, 20.86624278231083807, 2.919863559550728738 ) ) ;
#1363 = EDGE_CURVE ( 'NONE', #1431, #1438, #4781, .T. ) ;
#1364 = ORIENTED_EDGE ( 'NONE', *, *, #1757, .T. ) ;
#1365 = CARTESIAN_POINT ( 'NONE',  ( -11.81174258107806807, 6.148361622070281030, 1.837496933803031141 ) ) ;
#1366 = EDGE_CURVE ( 'NONE', #1751, #1619, #1271, .T. ) ;
#1367 = CARTESIAN_POINT ( 'NONE',  ( 11.56600419588158957, 8.811594430100397446, -6.032135772212042113 ) ) ;
#1368 = CARTESIAN_POINT ( 'NONE',  ( 11.97237578864313967, 6.017997773392742999, 1.769780662411271965 ) ) ;
#1369 = FACE_OUTER_BOUND ( 'NONE', #2851, .T. ) ;
#1370 = EDGE_LOOP ( 'NONE', ( #998, #291, #3475, #279, #4203, #244 ) ) ;
#1371 = CARTESIAN_POINT ( 'NONE',  ( 4.500000000000001776, 29.99999999999999645, -1.160254037844380637 ) ) ;
#1372 = CARTESIAN_POINT ( 'NONE',  ( -11.90316189120939505, 6.074414415432124237, -2.000127556451725130 ) ) ;
#1373 = DIRECTION ( 'NONE',  ( 1.000000000000000000, 0.000000000000000000, 0.000000000000000000 ) ) ;
#1374 = CARTESIAN_POINT ( 'NONE',  ( -11.39368641826109041, 6.536664466522629446, 0.9353483864126856950 ) ) ;
#1375 = CARTESIAN_POINT ( 'NONE',  ( 11.79476754471090416, 6.162483213162661677, 1.806904534323090505 ) ) ;
#1376 = ORIENTED_EDGE ( 'NONE', *, *, #3932, .F. ) ;
#1377 = ORIENTED_EDGE ( 'NONE', *, *, #2440, .F. ) ;
#1378 = CIRCLE ( 'NONE', #1222, 2.499999999999998668 ) ;
#1379 = DIRECTION ( 'NONE',  ( 1.000000000000000000, 1.734723475976807094E-16, -0.000000000000000000 ) ) ;
#1380 = LINE ( 'NONE', #3686, #3373 ) ;
#1381 = DIRECTION ( 'NONE',  ( -0.000000000000000000, -1.000000000000000000, -0.000000000000000000 ) ) ;
#1382 = EDGE_LOOP ( 'NONE', ( #3863, #2933, #1736, #1187, #3618, #2370 ) ) ;
#1383 = VERTEX_POINT ( 'NONE', #3124 ) ;
#1384 = CARTESIAN_POINT ( 'NONE',  ( -9.499999999999994671, -5.493291007259887489E-16, 7.500000000000000888 ) ) ;
#1385 = ORIENTED_EDGE ( 'NONE', *, *, #2166, .F. ) ;
#1386 = VECTOR ( 'NONE', #1708, 1000.000000000000000 ) ;
#1387 = EDGE_CURVE ( 'NONE', #4825, #1277, #2423, .T. ) ;
#1388 = CARTESIAN_POINT ( 'NONE',  ( 7.500000000000003553, 21.99999999999999645, 9.500000000000001776 ) ) ;
#1389 = CARTESIAN_POINT ( 'NONE',  ( 12.35795181289386058, 5.751218462503167039, -2.306304244114563584 ) ) ;
#1390 = DIRECTION ( 'NONE',  ( 1.000000000000000000, 2.312964634635742957E-16, -0.000000000000000000 ) ) ;
#1391 = ORIENTED_EDGE ( 'NONE', *, *, #83, .F. ) ;
#1392 = DIRECTION ( 'NONE',  ( 1.000000000000000000, 2.312964634635742957E-16, -0.000000000000000000 ) ) ;
#1393 = VECTOR ( 'NONE', #3512, 1000.000000000000000 ) ;
#1394 = VECTOR ( 'NONE', #1278, 1000.000000000000000 ) ;
#1395 = DIRECTION ( 'NONE',  ( 0.000000000000000000, -0.000000000000000000, -1.000000000000000000 ) ) ;
#1396 = DIRECTION ( 'NONE',  ( -0.000000000000000000, -1.000000000000000000, -0.000000000000000000 ) ) ;
#1397 = CARTESIAN_POINT ( 'NONE',  ( -12.02289562937204259, 5.982846363607509765, -2.212331897472112008 ) ) ;
#1398 = VECTOR ( 'NONE', #3918, 1000.000000000000000 ) ;
#1399 = CARTESIAN_POINT ( 'NONE',  ( -12.38108597202887928, 5.740740755237354165, 3.140830485713393738 ) ) ;
#1400 = CARTESIAN_POINT ( 'NONE',  ( -11.35548483711179735, 6.576909676731165888, 0.8166906475709108104 ) ) ;
#1401 = DIRECTION ( 'NONE',  ( 0.000000000000000000, 0.000000000000000000, 1.000000000000000000 ) ) ;
#1402 = ORIENTED_EDGE ( 'NONE', *, *, #1760, .F. ) ;
#1403 = DIRECTION ( 'NONE',  ( -0.000000000000000000, -0.000000000000000000, 1.000000000000000000 ) ) ;
#1404 = CIRCLE ( 'NONE', #2031, 2.999999999999999112 ) ;
#1405 = CARTESIAN_POINT ( 'NONE',  ( -7.499999999999995559, 21.99999999999999645, 4.839745962155620695 ) ) ;
#1406 = DIRECTION ( 'NONE',  ( 1.239088197126290570E-16, -1.000000000000000000, 0.000000000000000000 ) ) ;
#1407 = CIRCLE ( 'NONE', #635, 2.000000000000001776 ) ;
#1408 = CARTESIAN_POINT ( 'NONE',  ( 0.000000000000000000, 6.736368322558340616, -6.041752403815749517 ) ) ;
#1409 = ORIENTED_EDGE ( 'NONE', *, *, #1796, .F. ) ;
#1410 = VERTEX_POINT ( 'NONE', #2828 ) ;
#1411 = CARTESIAN_POINT ( 'NONE',  ( -11.37817716360732589, 8.366527305097516631, -5.863058719247425721 ) ) ;
#1412 = ORIENTED_EDGE ( 'NONE', *, *, #4757, .T. ) ;
#1413 = CARTESIAN_POINT ( 'NONE',  ( -20.94674764498082098, 19.99999999999999645, 7.500000000000000888 ) ) ;
#1414 = DIRECTION ( 'NONE',  ( 1.000000000000000000, 5.209107462460914720E-16, -0.000000000000000000 ) ) ;
#1415 = CARTESIAN_POINT ( 'NONE',  ( 4.500000000000003553, 17.63504870010926240, 21.50000000000000000 ) ) ;
#1416 = EDGE_LOOP ( 'NONE', ( #307, #387, #955, #634 ) ) ;
#1417 = CARTESIAN_POINT ( 'NONE',  ( 15.00000000000000000, 9.999999999999994671, 0.000000000000000000 ) ) ;
#1418 = CARTESIAN_POINT ( 'NONE',  ( -11.97211489321038513, 6.018207083791380363, 1.769290044559986397 ) ) ;
#1419 = EDGE_LOOP ( 'NONE', ( #4682, #1356, #1385, #1657 ) ) ;
#1420 = ADVANCED_FACE ( 'NONE', ( #3829 ), #1589, .T. ) ;
#1421 = CARTESIAN_POINT ( 'NONE',  ( -11.27242550853051917, 6.667555190172066659, 0.4725508831694402168 ) ) ;
#1422 = CARTESIAN_POINT ( 'NONE',  ( 11.46420665016147744, 6.464718162284792236, 1.124830649325889942 ) ) ;
#1423 = ORIENTED_EDGE ( 'NONE', *, *, #3730, .F. ) ;
#1424 = DIRECTION ( 'NONE',  ( 1.000000000000000000, 0.000000000000000000, 0.000000000000000000 ) ) ;
#1425 = EDGE_CURVE ( 'NONE', #3040, #2801, #2597, .T. ) ;
#1426 = CYLINDRICAL_SURFACE ( 'NONE', #4233, 5.000000000000000888 ) ;
#1427 = B_SPLINE_CURVE_WITH_KNOTS ( 'NONE', 3,
 ( #731, #3750, #2222, #3717, #199, #1663 ),
 .UNSPECIFIED., .F., .F.,
 ( 4, 2, 4 ),
 ( 0.000000000000000000, 0.5000000000000000000, 1.000000000000000000 ),
 .UNSPECIFIED. ) ;
#1428 = DIRECTION ( 'NONE',  ( -0.000000000000000000, 0.000000000000000000, -1.000000000000000000 ) ) ;
#1429 = DIRECTION ( 'NONE',  ( -1.000000000000000000, 0.000000000000000000, 0.000000000000000000 ) ) ;
#1430 = ORIENTED_EDGE ( 'NONE', *, *, #1036, .T. ) ;
#1431 = VERTEX_POINT ( 'NONE', #925 ) ;
#1432 = CARTESIAN_POINT ( 'NONE',  ( -12.38108599560540313, 5.740740740740728931, 6.708268326881144716 ) ) ;
#1433 = ORIENTED_EDGE ( 'NONE', *, *, #119, .T. ) ;
#1434 = CARTESIAN_POINT ( 'NONE',  ( 3.384812249389320016, 19.99999999999998579, -0.9026859692578610428 ) ) ;
#1435 = CARTESIAN_POINT ( 'NONE',  ( -11.38000065946449801, 6.550959940362873546, 0.8948265111055406784 ) ) ;
#1436 = CARTESIAN_POINT ( 'NONE',  ( 22.11832052023462936, 9.999999999999996447, -7.500000000000000888 ) ) ;
#1437 = DIRECTION ( 'NONE',  ( 1.000000000000000000, 0.000000000000000000, 0.000000000000000000 ) ) ;
#1438 = VERTEX_POINT ( 'NONE', #171 ) ;
#1439 = DIRECTION ( 'NONE',  ( -1.156482317317871478E-16, 1.000000000000000000, 0.000000000000000000 ) ) ;
#1440 = CARTESIAN_POINT ( 'NONE',  ( -14.05553991559887628, 5.084447935740401547, 3.378440350127238645 ) ) ;
#1441 = ORIENTED_EDGE ( 'NONE', *, *, #4185, .T. ) ;
#1442 = CARTESIAN_POINT ( 'NONE',  ( 33.00000000000000000, 19.99999999999999645, -5.500000000000005329 ) ) ;
#1443 = CARTESIAN_POINT ( 'NONE',  ( 12.38108599560539425, 5.740740740740727155, 6.708268326881145605 ) ) ;
#1444 = CYLINDRICAL_SURFACE ( 'NONE', #3920, 2.299999999999999822 ) ;
#1445 = ORIENTED_EDGE ( 'NONE', *, *, #3597, .T. ) ;
#1446 = CARTESIAN_POINT ( 'NONE',  ( 19.98435971133565658, 5.000000000000000000, -9.757819552369539906E-16 ) ) ;
#1447 = DIRECTION ( 'NONE',  ( 0.000000000000000000, 0.000000000000000000, -1.000000000000000000 ) ) ;
#1448 = CARTESIAN_POINT ( 'NONE',  ( 24.94674764498082098, 9.999999999999996447, -8.500000000000000000 ) ) ;
#1449 = CARTESIAN_POINT ( 'NONE',  ( -19.99999999999999289, 0.000000000000000000, 7.499999999999999112 ) ) ;
#1450 = EDGE_CURVE ( 'NONE', #1809, #32, #3571, .T. ) ;
#1451 = ORIENTED_EDGE ( 'NONE', *, *, #4280, .T. ) ;
#1452 = ORIENTED_EDGE ( 'NONE', *, *, #215, .T. ) ;
#1453 = B_SPLINE_CURVE_WITH_KNOTS ( 'NONE', 3,
 ( #4293, #938, #590, #3914, #1256, #2077, #2429, #542, #3158, #1618 ),
 .UNSPECIFIED., .F., .F.,
 ( 4, 2, 2, 2, 4 ),
 ( 0.000000000000000000, 0.1516032938708423428, 0.3032065877416846855, 0.4548098816125270005, 0.6064131754833693710 ),
 .UNSPECIFIED. ) ;
#1454 = CIRCLE ( 'NONE', #370, 1.499999999999997780 ) ;
#1455 = CARTESIAN_POINT ( 'NONE',  ( -6.317521703829330981, 9.995022926855252621, -7.480370111054922333 ) ) ;
#1456 = ADVANCED_FACE ( 'NONE', ( #969 ), #2391, .F. ) ;
#1457 = VERTEX_POINT ( 'NONE', #4332 ) ;
#1458 = CIRCLE ( 'NONE', #1852, 2.499999999999998668 ) ;
#1459 = DIRECTION ( 'NONE',  ( 0.000000000000000000, 0.000000000000000000, 1.000000000000000000 ) ) ;
#1460 = APPLICATION_PROTOCOL_DEFINITION ( 'draft international standard', 'automotive_design', 1998, #3284 ) ;
#1461 = CARTESIAN_POINT ( 'NONE',  ( 35.00000000000000000, 19.99999999999999645, -5.500000000000005329 ) ) ;
#1462 = VERTEX_POINT ( 'NONE', #4635 ) ;
#1463 = CARTESIAN_POINT ( 'NONE',  ( -33.00000000000000000, 11.99999999999998934, 5.500000000000005329 ) ) ;
#1464 = DIRECTION ( 'NONE',  ( 1.239088197126290570E-16, -1.000000000000000000, 0.000000000000000000 ) ) ;
#1465 = ORIENTED_EDGE ( 'NONE', *, *, #2264, .F. ) ;
#1466 = AXIS2_PLACEMENT_3D ( 'NONE', #4221, #4691, #1319 ) ;
#1467 = CARTESIAN_POINT ( 'NONE',  ( -12.33711307918422406, 5.768030111079535338, 2.898565593534828455 ) ) ;
#1468 = CARTESIAN_POINT ( 'NONE',  ( 11.63994408196816721, 6.297155092846277391, 1.513649174264876107 ) ) ;
#1469 = VECTOR ( 'NONE', #900, 1000.000000000000000 ) ;
#1470 = ORIENTED_EDGE ( 'NONE', *, *, #1513, .F. ) ;
#1471 = CARTESIAN_POINT ( 'NONE',  ( 15.00000000000000000, 5.000000000000000000, 2.000000000000003109 ) ) ;
#1472 = VECTOR ( 'NONE', #4244, 1000.000000000000000 ) ;
#1473 = VECTOR ( 'NONE', #3143, 1000.000000000000000 ) ;
#1474 = CARTESIAN_POINT ( 'NONE',  ( 20.94674764498082098, 19.99999999999999645, -7.500000000000000888 ) ) ;
#1475 = AXIS2_PLACEMENT_3D ( 'NONE', #2518, #1439, #665 ) ;
#1476 = CARTESIAN_POINT ( 'NONE',  ( 11.28578643762442901, 7.700000000000225775, -5.793857062404300429 ) ) ;
#1477 = DIRECTION ( 'NONE',  ( 1.000000000000000000, 0.000000000000000000, 0.000000000000000000 ) ) ;
#1478 = VERTEX_POINT ( 'NONE', #1304 ) ;
#1479 = ORIENTED_EDGE ( 'NONE', *, *, #4609, .F. ) ;
#1480 = AXIS2_PLACEMENT_3D ( 'NONE', #3968, #1680, #2766 ) ;
#1481 = EDGE_CURVE ( 'NONE', #427, #3381, #1266, .T. ) ;
#1482 = AXIS2_PLACEMENT_3D ( 'NONE', #3346, #4352, #4177 ) ;
#1483 = CARTESIAN_POINT ( 'NONE',  ( -11.82298785233206040, 9.184804061059178792, -6.267516170083519356 ) ) ;
#1484 = EDGE_CURVE ( 'NONE', #1462, #1457, #2819, .T. ) ;
#1485 = EDGE_CURVE ( 'NONE', #2995, #403, #2456, .T. ) ;
#1486 = AXIS2_PLACEMENT_3D ( 'NONE', #1058, #4445, #312 ) ;
#1487 = ORIENTED_EDGE ( 'NONE', *, *, #4610, .T. ) ;
#1488 = CARTESIAN_POINT ( 'NONE',  ( -11.76003343499693266, 6.191743154302456809, -1.743408489912518844 ) ) ;
#1489 = CARTESIAN_POINT ( 'NONE',  ( -24.94674764498082453, 9.999999999999991118, -5.500000000000005329 ) ) ;
#1490 = CARTESIAN_POINT ( 'NONE',  ( 22.54674764498082240, 9.999999999999996447, -6.700000000000001066 ) ) ;
#1491 = ORIENTED_EDGE ( 'NONE', *, *, #3703, .T. ) ;
#1492 = CARTESIAN_POINT ( 'NONE',  ( 13.76316191612860074, 5.155391496283179720, 7.303285209289335889 ) ) ;
#1493 = CARTESIAN_POINT ( 'NONE',  ( -4.358621320152865408, 6.736368322558342392, 6.041752403815746852 ) ) ;
#1494 = CARTESIAN_POINT ( 'NONE',  ( 24.94674764498082098, 9.999999999999996447, -8.500000000000000000 ) ) ;
#1495 = CARTESIAN_POINT ( 'NONE',  ( 12.11618797011376891, 5.915367113023613399, 2.384055926036655393 ) ) ;
#1496 = ORIENTED_EDGE ( 'NONE', *, *, #238, .T. ) ;
#1497 = DIRECTION ( 'NONE',  ( -1.000000000000000000, 0.000000000000000000, -0.000000000000000000 ) ) ;
#1498 = VECTOR ( 'NONE', #2353, 1000.000000000000000 ) ;
#1499 = CYLINDRICAL_SURFACE ( 'NONE', #1874, 1.500000000000001332 ) ;
#1500 = CARTESIAN_POINT ( 'NONE',  ( 13.09565931260696381, 9.999999999999994671, -2.937996725711282675 ) ) ;
#1501 = CARTESIAN_POINT ( 'NONE',  ( -6.639022891491583422, 19.99999999999999645, -7.500000000000000888 ) ) ;
#1502 = ORIENTED_EDGE ( 'NONE', *, *, #3329, .F. ) ;
#1503 = ORIENTED_EDGE ( 'NONE', *, *, #4488, .T. ) ;
#1504 = EDGE_CURVE ( 'NONE', #591, #4140, #2414, .T. ) ;
#1505 = CARTESIAN_POINT ( 'NONE',  ( 11.79336005796194975, 6.163664144345536222, -1.804325746306860045 ) ) ;
#1506 = DIRECTION ( 'NONE',  ( -1.000000000000000000, -1.239088197126290570E-16, 0.000000000000000000 ) ) ;
#1507 = EDGE_LOOP ( 'NONE', ( #579, #339, #3536, #3766, #4516 ) ) ;
#1508 = CARTESIAN_POINT ( 'NONE',  ( -12.13851403260931683, 5.899758997193247367, -2.427154721841715102 ) ) ;
#1509 = CARTESIAN_POINT ( 'NONE',  ( 31.49999999999999289, 14.99999999999999645, 5.500000000000001776 ) ) ;
#1510 = DIRECTION ( 'NONE',  ( -0.000000000000000000, -0.000000000000000000, -1.000000000000000000 ) ) ;
#1511 = DIRECTION ( 'NONE',  ( 0.000000000000000000, 1.000000000000000000, 0.000000000000000000 ) ) ;
#1512 = ORIENTED_EDGE ( 'NONE', *, *, #3207, .F. ) ;
#1513 = EDGE_CURVE ( 'NONE', #4825, #4140, #2419, .T. ) ;
#1514 = CARTESIAN_POINT ( 'NONE',  ( 18.49999999999999645, 19.99999999999999645, 4.286263797015735116E-16 ) ) ;
#1515 = CARTESIAN_POINT ( 'NONE',  ( -4.276813840693837854, 6.849075831113719204, 5.984526267055200854 ) ) ;
#1516 = DIRECTION ( 'NONE',  ( 1.000000000000000000, 0.000000000000000000, -0.000000000000000000 ) ) ;
#1517 = ORIENTED_EDGE ( 'NONE', *, *, #4557, .T. ) ;
#1518 = PLANE ( 'NONE',  #3203 ) ;
#1519 = CARTESIAN_POINT ( 'NONE',  ( 12.36126618077673989, 5.752989892258139726, 3.004408583897777429 ) ) ;
#1520 = ORIENTED_EDGE ( 'NONE', *, *, #271, .T. ) ;
#1521 = CARTESIAN_POINT ( 'NONE',  ( 7.500000000000004441, 19.99999999999999289, -1.160254037844380637 ) ) ;
#1522 = EDGE_CURVE ( 'NONE', #2150, #4355, #3026, .T. ) ;
#1523 = DIRECTION ( 'NONE',  ( 1.000000000000000000, 0.000000000000000000, -0.000000000000000000 ) ) ;
#1524 = CARTESIAN_POINT ( 'NONE',  ( 11.54063609064993123, 6.375609230281281015, -1.344460544841241223 ) ) ;
#1525 = CARTESIAN_POINT ( 'NONE',  ( 4.717722350868550407, 9.271065016739681752, -6.326036208207865386 ) ) ;
#1526 = ORIENTED_EDGE ( 'NONE', *, *, #1025, .F. ) ;
#1527 = ORIENTED_EDGE ( 'NONE', *, *, #4377, .T. ) ;
#1528 = CARTESIAN_POINT ( 'NONE',  ( 12.59167817999621519, 5.611252774090613293, 6.819572314254255474 ) ) ;
#1529 = CARTESIAN_POINT ( 'NONE',  ( -11.27421982966567171, 6.665549202290805830, -0.4825327743952171344 ) ) ;
#1530 = VERTEX_POINT ( 'NONE', #879 ) ;
#1531 = VECTOR ( 'NONE', #1788, 1000.000000000000000 ) ;
#1532 = CARTESIAN_POINT ( 'NONE',  ( -24.94674764498082098, 9.999999999999991118, 8.500000000000000000 ) ) ;
#1533 = CARTESIAN_POINT ( 'NONE',  ( 1.500000000000005329, 11.99999999999998757, 26.50000000000000000 ) ) ;
#1534 = CARTESIAN_POINT ( 'NONE',  ( 20.94674764498082098, 9.999999999999996447, 5.500000000000000888 ) ) ;
#1535 = CARTESIAN_POINT ( 'NONE',  ( -5.039022891491584666, 9.608161990937752250, -6.700000000000001066 ) ) ;
#1536 = LINE ( 'NONE', #3412, #2187 ) ;
#1537 = ORIENTED_EDGE ( 'NONE', *, *, #1025, .T. ) ;
#1538 = CARTESIAN_POINT ( 'NONE',  ( -35.00000000000001421, 20.13504870010925529, 21.50000000000000000 ) ) ;
#1539 = DIRECTION ( 'NONE',  ( -0.000000000000000000, 0.000000000000000000, 1.000000000000000000 ) ) ;
#1540 = ADVANCED_FACE ( 'NONE', ( #1284 ), #1659, .F. ) ;
#1541 = CARTESIAN_POINT ( 'NONE',  ( -15.00000000000000000, 5.000000000000000000, 0.000000000000000000 ) ) ;
#1542 = DIRECTION ( 'NONE',  ( 0.000000000000000000, 1.000000000000000000, 0.000000000000000000 ) ) ;
#1543 = EDGE_LOOP ( 'NONE', ( #1306, #1160, #2999, #2037, #3003, #2517, #1273, #3180, #4544, #2708, #4651, #2557, #251 ) ) ;
#1544 = CARTESIAN_POINT ( 'NONE',  ( -11.27421982966566993, 6.665549202290807607, -0.4825327743952173565 ) ) ;
#1545 = VECTOR ( 'NONE', #3519, 1000.000000000000000 ) ;
#1546 = CARTESIAN_POINT ( 'NONE',  ( -20.00000000000000000, 5.000000000000000000, -7.500000000000000888 ) ) ;
#1547 = CARTESIAN_POINT ( 'NONE',  ( -22.54674764498082240, 9.999999999999991118, 6.699999999999999289 ) ) ;
#1548 = CIRCLE ( 'NONE', #4374, 2.999999999999999112 ) ;
#1549 = VECTOR ( 'NONE', #3916, 1000.000000000000000 ) ;
#1550 = CARTESIAN_POINT ( 'NONE',  ( 7.231775158732108189, 8.953927116693574106, -3.031490266581179593 ) ) ;
#1551 = FACE_OUTER_BOUND ( 'NONE', #3915, .T. ) ;
#1552 = ORIENTED_EDGE ( 'NONE', *, *, #2411, .T. ) ;
#1553 = ORIENTED_EDGE ( 'NONE', *, *, #3570, .T. ) ;
#1554 = DIRECTION ( 'NONE',  ( -1.000000000000000000, 0.000000000000000000, 0.000000000000000000 ) ) ;
#1555 = VECTOR ( 'NONE', #2625, 1000.000000000000000 ) ;
#1556 = CARTESIAN_POINT ( 'NONE',  ( 11.47229110409689312, 6.456649029422023567, -1.144832488829062411 ) ) ;
#1557 = CARTESIAN_POINT ( 'NONE',  ( 13.76316191612860074, 5.155391496283179720, 7.303285209289335889 ) ) ;
#1558 = VECTOR ( 'NONE', #4631, 1000.000000000000000 ) ;
#1559 = VERTEX_POINT ( 'NONE', #3598 ) ;
#1560 = AXIS2_PLACEMENT_3D ( 'NONE', #1869, #3892, #2839 ) ;
#1561 = DIRECTION ( 'NONE',  ( 1.000000000000000000, 0.000000000000000000, -0.000000000000000000 ) ) ;
#1562 = CARTESIAN_POINT ( 'NONE',  ( -15.00000000000000178, 19.99999999999998934, 0.000000000000000000 ) ) ;
#1563 =( BOUNDED_SURFACE ( )  B_SPLINE_SURFACE ( 3, 2, ( 
 ( #5, #3788, #3816 ),
 ( #2677, #4176, #4198 ),
 ( #3842, #3890, #1228 ),
 ( #2730, #3865, #4368 ),
 ( #1325, #4009, #2106 ),
 ( #3543, #963, #593 ) ),
 .UNSPECIFIED., .F., .F., .F. ) 
 B_SPLINE_SURFACE_WITH_KNOTS ( ( 4, 2, 4 ),
 ( 3, 3 ),
 ( 0.003436582198954823628, 0.003917901842122505952, 0.004399221485290188277 ),
 ( 0.000000000000000000, 1.000000000000000000 ),
 .UNSPECIFIED. ) 
 GEOMETRIC_REPRESENTATION_ITEM ( )  RATIONAL_B_SPLINE_SURFACE ( (
 ( 1.000000000000000000, 0.6814506299971720971, 1.000000000000000000),
 ( 1.000000000000000000, 0.6919093612231411727, 1.000000000000000000),
 ( 1.000000000000000000, 0.6975547376143569345, 1.000000000000000000),
 ( 1.000000000000000000, 0.6977420722449503288, 1.000000000000000000),
 ( 1.000000000000000000, 0.6923357866230095414, 1.000000000000000000),
 ( 1.000000000000000000, 0.6821067644866124491, 1.000000000000000000) ) ) 
 REPRESENTATION_ITEM ( '' )  SURFACE ( )  );
#1564 = CARTESIAN_POINT ( 'NONE',  ( 4.500000000000002665, 22.99999999999998579, 26.50000000000000000 ) ) ;
#1565 = AXIS2_PLACEMENT_3D ( 'NONE', #2441, #3953, #3576 ) ;
#1566 = CARTESIAN_POINT ( 'NONE',  ( -6.477478658245648724, 9.999999999999984013, 7.500000000000000888 ) ) ;
#1567 = LINE ( 'NONE', #3432, #3843 ) ;
#1568 = DIRECTION ( 'NONE',  ( 0.000000000000000000, 0.000000000000000000, 1.000000000000000000 ) ) ;
#1569 = ORIENTED_EDGE ( 'NONE', *, *, #587, .F. ) ;
#1570 = CARTESIAN_POINT ( 'NONE',  ( -11.98715324786371461, 6.009666430314529073, 2.148575071586844132 ) ) ;
#1571 = FACE_OUTER_BOUND ( 'NONE', #3189, .T. ) ;
#1572 = CARTESIAN_POINT ( 'NONE',  ( 11.88110767835861736, 6.091992770529015111, 1.961142853909801254 ) ) ;
#1573 = VERTEX_POINT ( 'NONE', #1732 ) ;
#1574 = CARTESIAN_POINT ( 'NONE',  ( -11.28578643762443789, 7.700000000000222222, 5.793857062404298652 ) ) ;
#1575 = CARTESIAN_POINT ( 'NONE',  ( 6.639022891491583422, 9.999999999999987566, -5.500000000000000888 ) ) ;
#1576 = EDGE_CURVE ( 'NONE', #2842, #4115, #317, .T. ) ;
#1577 = CARTESIAN_POINT ( 'NONE',  ( 13.51078528943110868, 5.219823745687643068, -7.225794162952070110 ) ) ;
#1578 = CARTESIAN_POINT ( 'NONE',  ( 12.37503378996806269, 5.744448527656056847, 3.080396694587235640 ) ) ;
#1579 = CARTESIAN_POINT ( 'NONE',  ( 13.17759131310980258, 9.999999999999996447, -2.989999663744376424 ) ) ;
#1580 = CARTESIAN_POINT ( 'NONE',  ( -4.499999999999997335, 29.99999999999999645, -1.160254037844380637 ) ) ;
#1581 = VERTEX_POINT ( 'NONE', #3498 ) ;
#1582 = VERTEX_POINT ( 'NONE', #2044 ) ;
#1583 = EDGE_CURVE ( 'NONE', #927, #3340, #558, .T. ) ;
#1584 = CARTESIAN_POINT ( 'NONE',  ( 11.52168756205567135, 6.408115999021737785, -1.261778104148434609 ) ) ;
#1585 = CARTESIAN_POINT ( 'NONE',  ( -9.678757769895680596, 8.496337101916102696, 0.2726650317860421779 ) ) ;
#1586 = LINE ( 'NONE', #3457, #4076 ) ;
#1587 = DIRECTION ( 'NONE',  ( 0.000000000000000000, -0.000000000000000000, 1.000000000000000000 ) ) ;
#1588 = DIRECTION ( 'NONE',  ( 1.000000000000000000, 0.000000000000000000, 0.000000000000000000 ) ) ;
#1589 = PLANE ( 'NONE',  #4620 ) ;
#1590 = CARTESIAN_POINT ( 'NONE',  ( -13.76316191612859718, 5.155391496283181496, -7.303285209289337665 ) ) ;
#1591 = CARTESIAN_POINT ( 'NONE',  ( -22.11832052023462936, 9.999999999999996447, 7.500000000000000888 ) ) ;
#1592 = ORIENTED_EDGE ( 'NONE', *, *, #601, .T. ) ;
#1593 = CARTESIAN_POINT ( 'NONE',  ( 15.00000000000000000, 10.00000000000000000, -5.500000000000000888 ) ) ;
#1594 = CARTESIAN_POINT ( 'NONE',  ( 11.96870239332147356, 6.023661800607353456, 2.115832117310507687 ) ) ;
#1595 = EDGE_LOOP ( 'NONE', ( #1487, #2650 ) ) ;
#1596 = EDGE_CURVE ( 'NONE', #1559, #2252, #3142, .T. ) ;
#1597 = CARTESIAN_POINT ( 'NONE',  ( -9.584035358047337638, 8.462981694174281699, -1.257274633654862361 ) ) ;
#1598 = CARTESIAN_POINT ( 'NONE',  ( -11.32571608611447722, 6.608856129870592788, -0.7129104431306689804 ) ) ;
#1599 = CARTESIAN_POINT ( 'NONE',  ( -10.00000000000000178, 9.000000000000001776, -5.500000000000000888 ) ) ;
#1600 = CARTESIAN_POINT ( 'NONE',  ( 6.639022891491583422, 9.999999999999987566, 7.500000000000000000 ) ) ;
#1601 = ORIENTED_EDGE ( 'NONE', *, *, #1653, .T. ) ;
#1602 = EDGE_CURVE ( 'NONE', #1085, #2675, #703, .T. ) ;
#1603 = ORIENTED_EDGE ( 'NONE', *, *, #928, .T. ) ;
#1604 = CARTESIAN_POINT ( 'NONE',  ( 11.83530010883489680, 6.128942153174799401, -1.879764931242897896 ) ) ;
#1605 = EDGE_CURVE ( 'NONE', #2950, #2065, #396, .T. ) ;
#1606 = FACE_OUTER_BOUND ( 'NONE', #2863, .T. ) ;
#1607 = ORIENTED_EDGE ( 'NONE', *, *, #170, .F. ) ;
#1608 = CARTESIAN_POINT ( 'NONE',  ( -11.50000000000000000, 4.999999999999990230, 4.286263797015736595E-16 ) ) ;
#1609 = CARTESIAN_POINT ( 'NONE',  ( 0.000000000000000000, 0.000000000000000000, 7.500000000000000888 ) ) ;
#1610 = ADVANCED_FACE ( 'NONE', ( #3324 ), #4839, .F. ) ;
#1611 = CARTESIAN_POINT ( 'NONE',  ( 12.21802752579407780, 5.845348773148887567, -2.588255306301028735 ) ) ;
#1612 = CARTESIAN_POINT ( 'NONE',  ( -11.64650603099742554, 8.945509316110616282, 6.105858740219389347 ) ) ;
#1613 = CARTESIAN_POINT ( 'NONE',  ( -10.00000000000000178, 10.00000000000000000, -5.500000000000000888 ) ) ;
#1614 = VECTOR ( 'NONE', #17, 1000.000000000000000 ) ;
#1615 = ORIENTED_EDGE ( 'NONE', *, *, #351, .F. ) ;
#1616 = VECTOR ( 'NONE', #1097, 1000.000000000000000 ) ;
#1617 = CARTESIAN_POINT ( 'NONE',  ( -35.00000000000000000, 17.99999999999998934, 5.500000000000000888 ) ) ;
#1618 = CARTESIAN_POINT ( 'NONE',  ( -11.28578643762691947, 7.700000000000001066, 3.201562118716432259 ) ) ;
#1619 = VERTEX_POINT ( 'NONE', #358 ) ;
#1620 = DIRECTION ( 'NONE',  ( -1.000000000000000000, 0.000000000000000000, 0.000000000000000000 ) ) ;
#1621 = B_SPLINE_CURVE_WITH_KNOTS ( 'NONE', 3,
 ( #895, #4251, #3980, #3961, #2381, #4695 ),
 .UNSPECIFIED., .F., .F.,
 ( 4, 2, 4 ),
 ( 0.003165128631138122792, 0.003651209178218102480, 0.004137289725298081734 ),
 .UNSPECIFIED. ) ;
#1622 = VECTOR ( 'NONE', #4093, 1000.000000000000000 ) ;
#1623 = FILL_AREA_STYLE ('',( #3919 ) ) ;
#1624 = DIRECTION ( 'NONE',  ( 0.000000000000000000, -1.000000000000000000, 0.000000000000000000 ) ) ;
#1625 = CARTESIAN_POINT ( 'NONE',  ( -15.00000000000000355, 5.000000000000000000, 3.500000000000000444 ) ) ;
#1626 = ORIENTED_EDGE ( 'NONE', *, *, #105, .T. ) ;
#1627 = LINE ( 'NONE', #113, #3670 ) ;
#1628 = ORIENTED_EDGE ( 'NONE', *, *, #1644, .F. ) ;
#1629 = CARTESIAN_POINT ( 'NONE',  ( -11.47229110409348074, 6.456649029425425290, 1.144832488822290051 ) ) ;
#1630 = CARTESIAN_POINT ( 'NONE',  ( 9.644423896480732949, 8.486617119599310755, 0.8418839414767260720 ) ) ;
#1631 = ADVANCED_FACE ( 'NONE', ( #2888 ), #3620, .F. ) ;
#1632 = DIRECTION ( 'NONE',  ( -1.156482317317871478E-16, 1.000000000000000000, -0.000000000000000000 ) ) ;
#1633 = CARTESIAN_POINT ( 'NONE',  ( -9.667956316142044315, 8.492494415601253621, 0.5529340243520012299 ) ) ;
#1634 = EDGE_LOOP ( 'NONE', ( #2553, #2924, #4521, #600, #4429, #47 ) ) ;
#1635 = VECTOR ( 'NONE', #4148, 1000.000000000000000 ) ;
#1636 = ADVANCED_FACE ( 'NONE', ( #2548 ), #1426, .F. ) ;
#1637 = AXIS2_PLACEMENT_3D ( 'NONE', #3525, #213, #949 ) ;
#1638 = LINE ( 'NONE', #3504, #3145 ) ;
#1639 = CARTESIAN_POINT ( 'NONE',  ( 12.13037712593521178, 5.905383399221053153, -2.411170908587180861 ) ) ;
#1640 = CARTESIAN_POINT ( 'NONE',  ( 9.500000000000001776, 19.99999999999999645, 7.500000000000000888 ) ) ;
#1641 = VECTOR ( 'NONE', #1205, 1000.000000000000000 ) ;
#1642 = ORIENTED_EDGE ( 'NONE', *, *, #3538, .F. ) ;
#1643 = EDGE_CURVE ( 'NONE', #3375, #682, #1724, .T. ) ;
#1644 = EDGE_CURVE ( 'NONE', #2762, #4779, #4146, .T. ) ;
#1645 = EDGE_CURVE ( 'NONE', #3786, #3248, #3990, .T. ) ;
#1646 = VECTOR ( 'NONE', #2217, 1000.000000000000000 ) ;
#1647 = CARTESIAN_POINT ( 'NONE',  ( 2.659909329831102739E-14, 22.99999999999998934, 24.50000000000000000 ) ) ;
#1648 = CARTESIAN_POINT ( 'NONE',  ( 5.219884022981069016, 9.757842570866381848, -6.917309499106950810 ) ) ;
#1649 = ORIENTED_EDGE ( 'NONE', *, *, #827, .F. ) ;
#1650 = CARTESIAN_POINT ( 'NONE',  ( 22.11832052023462936, 9.999999999999996447, -7.500000000000000888 ) ) ;
#1651 = CIRCLE ( 'NONE', #3532, 2.999999999999999112 ) ;
#1652 = EDGE_CURVE ( 'NONE', #446, #3607, #673, .T. ) ;
#1653 = EDGE_CURVE ( 'NONE', #2535, #2946, #1804, .T. ) ;
#1654 =( NAMED_UNIT ( * ) SI_UNIT ( $, .STERADIAN. ) SOLID_ANGLE_UNIT ( ) );
#1655 = DIRECTION ( 'NONE',  ( 0.000000000000000000, -1.000000000000000000, 0.000000000000000000 ) ) ;
#1656 = CARTESIAN_POINT ( 'NONE',  ( 12.46604868315651515, 9.713662538329090879, 6.844573163793930881 ) ) ;
#1657 = ORIENTED_EDGE ( 'NONE', *, *, #4581, .F. ) ;
#1658 = ORIENTED_EDGE ( 'NONE', *, *, #1481, .F. ) ;
#1659 = CYLINDRICAL_SURFACE ( 'NONE', #4227, 2.000000000000000000 ) ;
#1660 = FACE_OUTER_BOUND ( 'NONE', #2412, .T. ) ;
#1661 = ORIENTED_EDGE ( 'NONE', *, *, #13, .T. ) ;
#1662 = CARTESIAN_POINT ( 'NONE',  ( 4.500000000000003553, 24.16666666666665364, 6.962074582829749225 ) ) ;
#1663 = CARTESIAN_POINT ( 'NONE',  ( -13.58578643762692373, 9.999999999999991118, 3.201562118716432703 ) ) ;
#1664 = DIRECTION ( 'NONE',  ( 1.000000000000000000, 0.000000000000000000, 2.891205793294679411E-15 ) ) ;
#1665 = CARTESIAN_POINT ( 'NONE',  ( -4.499999999999993783, 9.999999999999987566, 24.50000000000000000 ) ) ;
#1666 = ORIENTED_EDGE ( 'NONE', *, *, #924, .F. ) ;
#1667 = LINE ( 'NONE', #4506, #4849 ) ;
#1668 = EDGE_CURVE ( 'NONE', #4277, #1331, #2943, .T. ) ;
#1669 = B_SPLINE_CURVE_WITH_KNOTS ( 'NONE', 3,
 ( #3789, #4572, #3419, #53, #80, #3088 ),
 .UNSPECIFIED., .F., .F.,
 ( 4, 2, 4 ),
 ( 0.001264519501908658704, 0.002074871732662978731, 0.002885223963417299191 ),
 .UNSPECIFIED. ) ;
#1670 = CARTESIAN_POINT ( 'NONE',  ( -4.499999999999993783, 11.99999999999998757, 26.50000000000000000 ) ) ;
#1671 = CARTESIAN_POINT ( 'NONE',  ( 14.75913716560885902, 5.000000000000000000, -3.499999999999999112 ) ) ;
#1672 = CARTESIAN_POINT ( 'NONE',  ( 5.121968916149894469, 9.692295449678894670, -6.810594699544415320 ) ) ;
#1673 = ORIENTED_EDGE ( 'NONE', *, *, #4423, .T. ) ;
#1674 = CARTESIAN_POINT ( 'NONE',  ( 3.812990533017553307, 7.473982930945800796, 5.722816558910784224 ) ) ;
#1675 = LINE ( 'NONE', #874, #4625 ) ;
#1676 = DIRECTION ( 'NONE',  ( 1.000000000000000000, 1.734723475976807094E-16, -0.000000000000000000 ) ) ;
#1677 = LINE ( 'NONE', #2809, #539 ) ;
#1678 = VERTEX_POINT ( 'NONE', #3639 ) ;
#1679 = ORIENTED_EDGE ( 'NONE', *, *, #4159, .F. ) ;
#1680 = DIRECTION ( 'NONE',  ( 9.912705577010324317E-17, -1.000000000000000000, -0.000000000000000000 ) ) ;
#1681 = DIRECTION ( 'NONE',  ( -1.000000000000000000, 0.000000000000000000, 0.000000000000000000 ) ) ;
#1682 = ORIENTED_EDGE ( 'NONE', *, *, #727, .T. ) ;
#1683 = EDGE_CURVE ( 'NONE', #961, #3185, #3773, .T. ) ;
#1684 = CARTESIAN_POINT ( 'NONE',  ( 0.000000000000000000, 0.000000000000000000, 0.000000000000000000 ) ) ;
#1685 = DIRECTION ( 'NONE',  ( 1.000000000000000000, 0.000000000000000000, 0.000000000000000000 ) ) ;
#1686 = CARTESIAN_POINT ( 'NONE',  ( 22.54674764498082240, 9.999999999999996447, 6.700000000000001066 ) ) ;
#1687 = CARTESIAN_POINT ( 'NONE',  ( 11.28578643762691236, 7.700000000000003730, -3.201562118716426930 ) ) ;
#1688 = CARTESIAN_POINT ( 'NONE',  ( -11.37868582184683142, 7.031656549341159135, -5.910353868042597547 ) ) ;
#1689 = VERTEX_POINT ( 'NONE', #1474 ) ;
#1690 = FACE_OUTER_BOUND ( 'NONE', #1419, .T. ) ;
#1691 = CARTESIAN_POINT ( 'NONE',  ( 14.52394962007158163, 5.017281660450684022, 3.475435736841074430 ) ) ;
#1692 = CARTESIAN_POINT ( 'NONE',  ( 7.500000000000002665, 24.99999999999998579, 24.50000000000000000 ) ) ;
#1693 = ORIENTED_EDGE ( 'NONE', *, *, #630, .T. ) ;
#1694 = VECTOR ( 'NONE', #2164, 1000.000000000000000 ) ;
#1695 = CARTESIAN_POINT ( 'NONE',  ( 2.937781406190274058, 8.614142445972804651, 5.513974581069394532 ) ) ;
#1696 = EDGE_CURVE ( 'NONE', #580, #1873, #4546, .T. ) ;
#1697 = VECTOR ( 'NONE', #1511, 1000.000000000000000 ) ;
#1698 = EDGE_CURVE ( 'NONE', #2058, #3327, #3453, .T. ) ;
#1699 = CARTESIAN_POINT ( 'NONE',  ( -11.34986907241487053, 6.582899382460944970, -0.7980115879413014479 ) ) ;
#1700 = EDGE_CURVE ( 'NONE', #864, #2965, #208, .T. ) ;
#1701 = DIRECTION ( 'NONE',  ( -0.000000000000000000, -0.000000000000000000, -1.000000000000000000 ) ) ;
#1702 = CYLINDRICAL_SURFACE ( 'NONE', #1004, 9.999999999999998224 ) ;
#1703 = ORIENTED_EDGE ( 'NONE', *, *, #3096, .T. ) ;
#1704 = ORIENTED_EDGE ( 'NONE', *, *, #1154, .F. ) ;
#1705 = ADVANCED_FACE ( 'NONE', ( #4797 ), #2575, .F. ) ;
#1706 = CARTESIAN_POINT ( 'NONE',  ( 35.00000000000000000, 19.99999999999999645, 5.500000000000000888 ) ) ;
#1707 = DIRECTION ( 'NONE',  ( 0.000000000000000000, 0.000000000000000000, 1.000000000000000000 ) ) ;
#1708 = DIRECTION ( 'NONE',  ( 1.000000000000000000, 0.000000000000000000, 0.000000000000000000 ) ) ;
#1709 = ORIENTED_EDGE ( 'NONE', *, *, #4255, .F. ) ;
#1710 = AXIS2_PLACEMENT_3D ( 'NONE', #3913, #3195, #157 ) ;
#1711 = CARTESIAN_POINT ( 'NONE',  ( -12.27492835414857275, 5.807859788577451887, 2.720617965767397006 ) ) ;
#1712 = DIRECTION ( 'NONE',  ( 1.000000000000000000, 1.239088197126290570E-16, 0.000000000000000000 ) ) ;
#1713 = AXIS2_PLACEMENT_3D ( 'NONE', #2201, #1745, #2225 ) ;
#1714 = CARTESIAN_POINT ( 'NONE',  ( -12.67188198645494879, 5.571462507415927412, -2.622696288398007169 ) ) ;
#1715 = ORIENTED_EDGE ( 'NONE', *, *, #2687, .T. ) ;
#1716 = VECTOR ( 'NONE', #822, 1000.000000000000000 ) ;
#1717 = CARTESIAN_POINT ( 'NONE',  ( -11.78779873717039806, 6.168321080731241857, 1.794233497140654832 ) ) ;
#1718 = FACE_OUTER_BOUND ( 'NONE', #314, .T. ) ;
#1719 = CYLINDRICAL_SURFACE ( 'NONE', #3578, 2.000000000000000000 ) ;
#1720 = DIRECTION ( 'NONE',  ( -0.000000000000000000, -0.000000000000000000, -1.000000000000000000 ) ) ;
#1721 = CIRCLE ( 'NONE', #159, 2.000000000000001776 ) ;
#1722 = VERTEX_POINT ( 'NONE', #3064 ) ;
#1723 = DIRECTION ( 'NONE',  ( 0.000000000000000000, -1.000000000000000000, 0.000000000000000000 ) ) ;
#1724 = CIRCLE ( 'NONE', #2108, 2.499999999999998668 ) ;
#1725 = CARTESIAN_POINT ( 'NONE',  ( -11.79476754480414336, 6.162483213084565925, -1.806904534493525727 ) ) ;
#1726 = FACE_BOUND ( 'NONE', #4232, .T. ) ;
#1727 = CARTESIAN_POINT ( 'NONE',  ( 28.49999999999999289, 14.99999999999999645, -5.500000000000000888 ) ) ;
#1728 = ORIENTED_EDGE ( 'NONE', *, *, #1095, .F. ) ;
#1729 = VERTEX_POINT ( 'NONE', #4474 ) ;
#1730 = AXIS2_PLACEMENT_3D ( 'NONE', #3456, #3098, #3500 ) ;
#1731 = EDGE_CURVE ( 'NONE', #4500, #2204, #4071, .T. ) ;
#1732 = CARTESIAN_POINT ( 'NONE',  ( -11.50000000000000000, 9.999999999999991118, 4.286263797015736595E-16 ) ) ;
#1733 = DIRECTION ( 'NONE',  ( 0.000000000000000000, 0.000000000000000000, 1.000000000000000000 ) ) ;
#1734 = CARTESIAN_POINT ( 'NONE',  ( 12.38108599560539425, 5.740740740740731596, -3.201562118716414496 ) ) ;
#1735 = ADVANCED_FACE ( 'NONE', ( #6 ), #3396, .T. ) ;
#1736 = ORIENTED_EDGE ( 'NONE', *, *, #3292, .T. ) ;
#1737 = DIRECTION ( 'NONE',  ( 0.000000000000000000, -0.000000000000000000, 1.000000000000000000 ) ) ;
#1738 = ADVANCED_FACE ( 'NONE', ( #3762 ), #1499, .F. ) ;
#1739 = EDGE_LOOP ( 'NONE', ( #3552, #2993, #1357, #2207 ) ) ;
#1740 = B_SPLINE_CURVE_WITH_KNOTS ( 'NONE', 3,
 ( #2980, #4028, #4467, #4763, #256, #3652, #3269, #3697, #4417, #642 ),
 .UNSPECIFIED., .F., .F.,
 ( 4, 2, 2, 2, 4 ),
 ( 0.000000000000000000, 0.1516032938708423705, 0.3032065877416847410, 0.4548098816125271115, 0.6064131754833694821 ),
 .UNSPECIFIED. ) ;
#1741 = DIRECTION ( 'NONE',  ( 0.000000000000000000, 0.000000000000000000, 1.000000000000000000 ) ) ;
#1742 = CARTESIAN_POINT ( 'NONE',  ( 11.68990726274766878, 6.250783994638617891, 1.159468566283031743 ) ) ;
#1743 = DIRECTION ( 'NONE',  ( -1.000000000000000000, -1.239088197126290570E-16, -0.000000000000000000 ) ) ;
#1744 = ORIENTED_EDGE ( 'NONE', *, *, #178, .T. ) ;
#1745 = DIRECTION ( 'NONE',  ( -0.000000000000000000, -0.000000000000000000, 1.000000000000000000 ) ) ;
#1746 = CARTESIAN_POINT ( 'NONE',  ( -11.70933845455088473, 6.235439604980570039, -1.648515256043081356 ) ) ;
#1747 = ADVANCED_FACE ( 'NONE', ( #29 ), #1754, .F. ) ;
#1748 = DIRECTION ( 'NONE',  ( -4.336808689942013792E-16, 1.000000000000000000, 0.000000000000000000 ) ) ;
#1749 = CARTESIAN_POINT ( 'NONE',  ( 11.59263638950518960, 9.999999999999994671, -0.7999207622482179536 ) ) ;
#1750 = ORIENTED_EDGE ( 'NONE', *, *, #356, .F. ) ;
#1751 = VERTEX_POINT ( 'NONE', #1547 ) ;
#1752 = CARTESIAN_POINT ( 'NONE',  ( -15.00000000000000355, 10.00000000000000000, -5.500000000000000888 ) ) ;
#1753 = CARTESIAN_POINT ( 'NONE',  ( 15.00000000000000000, 9.999999999999994671, 0.000000000000000000 ) ) ;
#1754 =( BOUNDED_SURFACE ( )  B_SPLINE_SURFACE ( 2, 3, ( 
 ( #3013, #2656, #2704, #54, #4103, #763, #412, #3471, #2261, #1916, #2334, #3036 ),
 ( #108, #2989, #2622, #4551, #795, #2288, #2598, #3791, #459, #741, #1943, #3370 ),
 ( #4575, #1183, #438, #4497, #3447, #1155, #3845, #84, #4155, #1578, #4524, #3420 ) ),
 .UNSPECIFIED., .F., .F., .F. ) 
 B_SPLINE_SURFACE_WITH_KNOTS ( ( 3, 3 ),
 ( 4, 2, 2, 2, 2, 4 ),
 ( 0.000000000000000000, 1.000000000000000000 ),
 ( 6.137189935194902191, 6.210187621187239770, 6.246686464183408560, 6.264935885681493843, 6.274060596430535597, 6.283185307179578238 ),
 .UNSPECIFIED. ) 
 GEOMETRIC_REPRESENTATION_ITEM ( )  RATIONAL_B_SPLINE_SURFACE ( (
 ( 1.000000000000000000, 1.000000000000000000, 1.000000000000000000, 1.000000000000000000, 1.000000000000000000, 1.000000000000000000, 1.000000000000000000, 1.000000000000000000, 1.000000000000000000, 1.000000000000000000, 1.000000000000000000, 1.000000000000000000),
 ( 0.6814506299971719860, 0.6609678399090931356, 0.6299669511989812731, 0.5477247762578155710, 0.5146461016736055827, 0.4469805772433837476, 0.4213868928675418846, 0.3744825120900729387, 0.3574055004305355387, 0.3188449618155386744, 0.2973855160497965722, 0.2721655269759084561),
 ( 1.000000000000000000, 1.000000000000000000, 1.000000000000000000, 1.000000000000000000, 1.000000000000000000, 1.000000000000000000, 1.000000000000000000, 1.000000000000000000, 1.000000000000000000, 1.000000000000000000, 1.000000000000000000, 1.000000000000000000) ) ) 
 REPRESENTATION_ITEM ( '' )  SURFACE ( )  );
#1755 = DIRECTION ( 'NONE',  ( 1.000000000000000000, 5.209107462460914720E-16, -0.000000000000000000 ) ) ;
#1756 = ORIENTED_EDGE ( 'NONE', *, *, #1366, .T. ) ;
#1757 = EDGE_CURVE ( 'NONE', #3655, #4801, #1108, .T. ) ;
#1758 = LINE ( 'NONE', #2028, #948 ) ;
#1759 = EDGE_LOOP ( 'NONE', ( #1615, #3486, #2193, #3039 ) ) ;
#1760 = EDGE_CURVE ( 'NONE', #4084, #2439, #2233, .T. ) ;
#1761 = CARTESIAN_POINT ( 'NONE',  ( 11.64650603099741843, 8.945509316110623388, -6.105858740219392899 ) ) ;
#1762 = DIRECTION ( 'NONE',  ( 1.000000000000000000, 0.000000000000000000, 0.000000000000000000 ) ) ;
#1763 = CARTESIAN_POINT ( 'NONE',  ( -20.94674764498082098, 9.999999999999996447, -7.500000000000000888 ) ) ;
#1764 = ORIENTED_EDGE ( 'NONE', *, *, #3835, .T. ) ;
#1765 = CYLINDRICAL_SURFACE ( 'NONE', #239, 2.000000000000001776 ) ;
#1766 = DIRECTION ( 'NONE',  ( 0.000000000000000000, 1.000000000000000000, 0.000000000000000000 ) ) ;
#1767 = ADVANCED_FACE ( 'NONE', ( #3733 ), #382, .F. ) ;
#1768 = CARTESIAN_POINT ( 'NONE',  ( -12.31279219185091023, 5.783490738999913283, -2.823672991112829322 ) ) ;
#1769 = CARTESIAN_POINT ( 'NONE',  ( -12.86974625327380295, 10.00000000000008882, 2.783050931329229538 ) ) ;
#1770 = CARTESIAN_POINT ( 'NONE',  ( 11.80525753215344054, 6.153698939671746082, 1.825878010695977993 ) ) ;
#1771 = ORIENTED_EDGE ( 'NONE', *, *, #3537, .F. ) ;
#1772 = LINE ( 'NONE', #3276, #1794 ) ;
#1773 = AXIS2_PLACEMENT_3D ( 'NONE', #2239, #3379, #1163 ) ;
#1774 = CARTESIAN_POINT ( 'NONE',  ( -9.037425881067521871, 20.03991406935087483, -0.1261130945314260787 ) ) ;
#1775 = FACE_OUTER_BOUND ( 'NONE', #1080, .T. ) ;
#1776 = LINE ( 'NONE', #2992, #2731 ) ;
#1777 = ORIENTED_EDGE ( 'NONE', *, *, #1242, .T. ) ;
#1778 = ORIENTED_EDGE ( 'NONE', *, *, #557, .F. ) ;
#1779 = EDGE_CURVE ( 'NONE', #2728, #961, #1327, .T. ) ;
#1780 = CARTESIAN_POINT ( 'NONE',  ( -5.857564034864464197, 9.955062358769490416, -7.347692966350578558 ) ) ;
#1781 = VECTOR ( 'NONE', #1297, 1000.000000000000000 ) ;
#1782 = ORIENTED_EDGE ( 'NONE', *, *, #1783, .F. ) ;
#1783 = EDGE_CURVE ( 'NONE', #4711, #4577, #4273, .T. ) ;
#1784 = CARTESIAN_POINT ( 'NONE',  ( -11.72133501094051233, 6.224839352337045106, 1.671660796703618779 ) ) ;
#1785 = CIRCLE ( 'NONE', #383, 3.499999999999997780 ) ;
#1786 = CARTESIAN_POINT ( 'NONE',  ( 11.28578643762695144, 7.869380761504586985, -5.788136178167731849 ) ) ;
#1787 = DIRECTION ( 'NONE',  ( -0.000000000000000000, 0.000000000000000000, 1.000000000000000000 ) ) ;
#1788 = DIRECTION ( 'NONE',  ( 1.000000000000000000, -0.000000000000000000, -0.000000000000000000 ) ) ;
#1789 = ORIENTED_EDGE ( 'NONE', *, *, #1095, .T. ) ;
#1790 = B_SPLINE_CURVE_WITH_KNOTS ( 'NONE', 3,
 ( #374, #1566, #1857, #2301, #4856, #1929, #3361, #3337, #2200, #3696 ),
 .UNSPECIFIED., .F., .F.,
 ( 4, 2, 2, 2, 4 ),
 ( 0.000000000000000000, 0.0004780124446940496943, 0.0009560248893880993887, 0.001434037334082149083, 0.001912049778776198777 ),
 .UNSPECIFIED. ) ;
#1791 = CARTESIAN_POINT ( 'NONE',  ( -4.059828874665538656, 7.222419614501161433, -5.856579198000145148 ) ) ;
#1792 = CARTESIAN_POINT ( 'NONE',  ( -11.52385804125873925, 6.405465722544520624, 0.4713467125651398248 ) ) ;
#1793 = AXIS2_PLACEMENT_3D ( 'NONE', #2778, #4270, #2009 ) ;
#1794 = VECTOR ( 'NONE', #2916, 1000.000000000000000 ) ;
#1795 = EDGE_CURVE ( 'NONE', #1897, #526, #1229, .T. ) ;
#1796 = EDGE_CURVE ( 'NONE', #2831, #4594, #1675, .T. ) ;
#1797 = VECTOR ( 'NONE', #4679, 1000.000000000000000 ) ;
#1798 = CARTESIAN_POINT ( 'NONE',  ( -8.886850095071629596, 8.276408922870071905, 2.451030850847917719 ) ) ;
#1799 = CARTESIAN_POINT ( 'NONE',  ( 11.70933845461365586, 6.235439604925693047, 1.648515256168219478 ) ) ;
#1800 = EDGE_LOOP ( 'NONE', ( #3884, #2958, #4703, #2359 ) ) ;
#1801 = AXIS2_PLACEMENT_3D ( 'NONE', #4317, #3577, #1315 ) ;
#1802 = ORIENTED_EDGE ( 'NONE', *, *, #3700, .T. ) ;
#1803 = FACE_OUTER_BOUND ( 'NONE', #2503, .T. ) ;
#1804 = LINE ( 'NONE', #2212, #75 ) ;
#1805 = CARTESIAN_POINT ( 'NONE',  ( -15.00000000000000000, 5.000000000000000000, 0.000000000000000000 ) ) ;
#1806 = AXIS2_PLACEMENT_3D ( 'NONE', #2849, #2120, #1311 ) ;
#1807 = LINE ( 'NONE', #4446, #2486 ) ;
#1808 = VERTEX_POINT ( 'NONE', #917 ) ;
#1809 = VERTEX_POINT ( 'NONE', #4327 ) ;
#1810 = CARTESIAN_POINT ( 'NONE',  ( -12.81179934166478418, 5.497272117322649088, 6.929161089842321708 ) ) ;
#1811 = ORIENTED_EDGE ( 'NONE', *, *, #3207, .T. ) ;
#1812 = CARTESIAN_POINT ( 'NONE',  ( 11.43252441603102376, 8.523787076526915030, -5.911349728453102692 ) ) ;
#1813 = CARTESIAN_POINT ( 'NONE',  ( -15.00000000000000000, 5.000000000000000000, 0.000000000000000000 ) ) ;
#1814 = CARTESIAN_POINT ( 'NONE',  ( -11.50410179072772010, 6.425210059798122764, 1.221375183887822180 ) ) ;
#1815 = VERTEX_POINT ( 'NONE', #3963 ) ;
#1816 = DIRECTION ( 'NONE',  ( 1.000000000000000000, 5.782411586589358625E-17, -0.000000000000000000 ) ) ;
#1817 = EDGE_CURVE ( 'NONE', #3006, #2831, #596, .T. ) ;
#1818 = CARTESIAN_POINT ( 'NONE',  ( -13.17759131310964094, 9.999999999999941380, 2.989999663744362657 ) ) ;
#1819 = CARTESIAN_POINT ( 'NONE',  ( 11.48980657732803579, 6.439188478325160503, 1.188148214210968501 ) ) ;
#1820 = EDGE_LOOP ( 'NONE', ( #2258, #1364, #2068, #4820 ) ) ;
#1821 = CARTESIAN_POINT ( 'NONE',  ( 5.039022891491584666, 9.999999999999987566, 6.700000000000001066 ) ) ;
#1822 = CARTESIAN_POINT ( 'NONE',  ( 14.17953175185601822, 5.049091457919327119, 7.209205931435263892 ) ) ;
#1823 = DIRECTION ( 'NONE',  ( 1.000000000000000000, 0.000000000000000000, 0.000000000000000000 ) ) ;
#1824 = EDGE_CURVE ( 'NONE', #509, #1410, #478, .T. ) ;
#1825 = CARTESIAN_POINT ( 'NONE',  ( -22.54674764498082240, 9.999999999999991118, -6.699999999999999289 ) ) ;
#1826 = ORIENTED_EDGE ( 'NONE', *, *, #3798, .F. ) ;
#1827 = EDGE_LOOP ( 'NONE', ( #1179, #4441, #488, #1086, #482 ) ) ;
#1828 = CARTESIAN_POINT ( 'NONE',  ( -11.64650603099743265, 8.945509316110621612, -6.105858740219395564 ) ) ;
#1829 = VERTEX_POINT ( 'NONE', #2759 ) ;
#1830 = LINE ( 'NONE', #4166, #4612 ) ;
#1831 = DIRECTION ( 'NONE',  ( 9.912705577010324317E-17, -1.000000000000000000, -0.000000000000000000 ) ) ;
#1832 = ORIENTED_EDGE ( 'NONE', *, *, #4280, .F. ) ;
#1833 = DIRECTION ( 'NONE',  ( -1.000000000000000000, 0.000000000000000000, 0.000000000000000000 ) ) ;
#1834 = CARTESIAN_POINT ( 'NONE',  ( -4.358621320152868961, 6.736368322558340616, -6.041752403815749517 ) ) ;
#1835 = CYLINDRICAL_SURFACE ( 'NONE', #3603, 1.499999999999997780 ) ;
#1836 = EDGE_CURVE ( 'NONE', #4129, #4061, #2492, .T. ) ;
#1837 = CARTESIAN_POINT ( 'NONE',  ( 15.00000000000000000, 5.000000000000000000, -6.916198487095662983 ) ) ;
#1838 = CARTESIAN_POINT ( 'NONE',  ( 11.45792401236480806, 6.471011611397762486, 1.109070154243360085 ) ) ;
#1839 = ORIENTED_EDGE ( 'NONE', *, *, #4672, .F. ) ;
#1840 = DIRECTION ( 'NONE',  ( -0.000000000000000000, 1.000000000000000000, 0.000000000000000000 ) ) ;
#1841 = EDGE_CURVE ( 'NONE', #2842, #195, #2451, .T. ) ;
#1842 = DIRECTION ( 'NONE',  ( -0.000000000000000000, 1.000000000000000000, -0.000000000000000000 ) ) ;
#1843 = CARTESIAN_POINT ( 'NONE',  ( -11.28578643762692302, 7.700000000000009059, -3.201562118716433591 ) ) ;
#1844 = CARTESIAN_POINT ( 'NONE',  ( 11.71585851462149996, 9.999999999999996447, -1.324800981570327441 ) ) ;
#1845 = ORIENTED_EDGE ( 'NONE', *, *, #3897, .F. ) ;
#1846 = ORIENTED_EDGE ( 'NONE', *, *, #928, .F. ) ;
#1847 = AXIS2_PLACEMENT_3D ( 'NONE', #4167, #4486, #810 ) ;
#1848 = CARTESIAN_POINT ( 'NONE',  ( -13.41514354844521861, 9.995039661113722218, -7.480915066370806166 ) ) ;
#1849 = MANIFOLD_SOLID_BREP ( 'Cut-Extrude4', #3664 ) ;
#1850 = EDGE_LOOP ( 'NONE', ( #1884, #1845, #3360, #2078, #1661 ) ) ;
#1851 = CARTESIAN_POINT ( 'NONE',  ( -11.66613244192142496, 6.273500220987918929, -1.565548093819015385 ) ) ;
#1852 = AXIS2_PLACEMENT_3D ( 'NONE', #3107, #1103, #4119 ) ;
#1853 = DIRECTION ( 'NONE',  ( -1.000000000000000000, 0.000000000000000000, 0.000000000000000000 ) ) ;
#1854 = DIRECTION ( 'NONE',  ( 0.000000000000000000, 0.000000000000000000, 1.000000000000000000 ) ) ;
#1855 = DIRECTION ( 'NONE',  ( 0.000000000000000000, 1.000000000000000000, 0.000000000000000000 ) ) ;
#1856 = ORIENTED_EDGE ( 'NONE', *, *, #316, .T. ) ;
#1857 = CARTESIAN_POINT ( 'NONE',  ( -6.319256277870586302, 9.995116806401188825, 7.480705216522167689 ) ) ;
#1858 = DIRECTION ( 'NONE',  ( 0.000000000000000000, -0.000000000000000000, 1.000000000000000000 ) ) ;
#1859 = AXIS2_PLACEMENT_3D ( 'NONE', #1881, #473, #3482 ) ;
#1860 = FACE_OUTER_BOUND ( 'NONE', #4046, .T. ) ;
#1861 = CARTESIAN_POINT ( 'NONE',  ( 11.78189857841696409, 6.173273381978125585, 1.783485724743341994 ) ) ;
#1862 = VECTOR ( 'NONE', #1970, 1000.000000000000000 ) ;
#1863 = VECTOR ( 'NONE', #1840, 1000.000000000000000 ) ;
#1864 = EDGE_LOOP ( 'NONE', ( #800, #4449, #849, #4106 ) ) ;
#1865 = CARTESIAN_POINT ( 'NONE',  ( 13.58578643762691129, 7.699999999999995737, -5.500000000000000888 ) ) ;
#1866 = CARTESIAN_POINT ( 'NONE',  ( -11.59651844013556499, 9.999999999999991118, -0.8162801428815721350 ) ) ;
#1867 = CARTESIAN_POINT ( 'NONE',  ( -11.44351776893049077, 6.485388695892011057, 1.073299096329444424 ) ) ;
#1868 = AXIS2_PLACEMENT_3D ( 'NONE', #179, #96, #1664 ) ;
#1869 = CARTESIAN_POINT ( 'NONE',  ( -35.00000000000001421, 17.63504870010925529, 21.50000000000000000 ) ) ;
#1870 = PLANE ( 'NONE',  #4055 ) ;
#1871 = CARTESIAN_POINT ( 'NONE',  ( 4.500000000000005329, 9.999999999999987566, 24.50000000000000000 ) ) ;
#1872 = ORIENTED_EDGE ( 'NONE', *, *, #4179, .F. ) ;
#1873 = VERTEX_POINT ( 'NONE', #2784 ) ;
#1874 = AXIS2_PLACEMENT_3D ( 'NONE', #2311, #4125, #1129 ) ;
#1875 = CARTESIAN_POINT ( 'NONE',  ( 11.29138475824652765, 6.646347932542829184, -0.5791109606911208907 ) ) ;
#1876 = EDGE_CURVE ( 'NONE', #3689, #3450, #1015, .T. ) ;
#1877 = CARTESIAN_POINT ( 'NONE',  ( 20.94674764498082098, 19.99999999999999645, -5.500000000000000888 ) ) ;
#1878 = CIRCLE ( 'NONE', #4392, 1.999999999999999556 ) ;
#1879 = ORIENTED_EDGE ( 'NONE', *, *, #2440, .T. ) ;
#1880 = CARTESIAN_POINT ( 'NONE',  ( -12.22491108931722970, 5.840800425374442995, -2.603817358099742130 ) ) ;
#1881 = CARTESIAN_POINT ( 'NONE',  ( -13.58578643762692018, 7.699999999999992184, -5.500000000000000888 ) ) ;
#1882 = ADVANCED_FACE ( 'NONE', ( #4030 ), #830, .F. ) ;
#1883 = CARTESIAN_POINT ( 'NONE',  ( 13.58578643762690952, 9.999999999999991118, 7.500000000000000888 ) ) ;
#1884 = ORIENTED_EDGE ( 'NONE', *, *, #4075, .F. ) ;
#1885 = CARTESIAN_POINT ( 'NONE',  ( 1.500000000000005329, 9.999999999999987566, 26.50000000000000000 ) ) ;
#1886 = CARTESIAN_POINT ( 'NONE',  ( -4.000808528637187500, 7.357215298616058163, 5.826593230368178666 ) ) ;
#1887 = CARTESIAN_POINT ( 'NONE',  ( -11.28578643762443789, 7.700000000000222222, -5.793857062404298652 ) ) ;
#1888 = ORIENTED_EDGE ( 'NONE', *, *, #3581, .T. ) ;
#1889 = CARTESIAN_POINT ( 'NONE',  ( -22.54674764498082240, 19.99999999999998934, -6.699999999999999289 ) ) ;
#1890 = CARTESIAN_POINT ( 'NONE',  ( 24.94674764498082098, 19.99999999999999645, 5.500000000000000888 ) ) ;
#1891 = ORIENTED_EDGE ( 'NONE', *, *, #2210, .T. ) ;
#1892 = CARTESIAN_POINT ( 'NONE',  ( -12.33731566359546150, 5.767903212945332037, -2.899303266167948756 ) ) ;
#1893 = DIRECTION ( 'NONE',  ( 9.912705577010324317E-17, -1.000000000000000000, -0.000000000000000000 ) ) ;
#1894 = LINE ( 'NONE', #109, #4157 ) ;
#1895 = CARTESIAN_POINT ( 'NONE',  ( 3.947601704185019766, 7.574553002352263142, -5.800368087991964572 ) ) ;
#1896 = EDGE_LOOP ( 'NONE', ( #2175, #3335, #637, #1789, #4020, #1603 ) ) ;
#1897 = VERTEX_POINT ( 'NONE', #2690 ) ;
#1898 = CARTESIAN_POINT ( 'NONE',  ( -29.99999999999999645, 14.99999999999999645, -5.500000000000000888 ) ) ;
#1899 = CARTESIAN_POINT ( 'NONE',  ( -11.50056939470315598, 10.00000000181408666, -0.2838426146677404671 ) ) ;
#1900 = ADVANCED_FACE ( 'NONE', ( #3481 ), #3148, .F. ) ;
#1901 = ORIENTED_EDGE ( 'NONE', *, *, #3538, .T. ) ;
#1902 = EDGE_CURVE ( 'NONE', #3434, #3139, #318, .T. ) ;
#1903 = DIRECTION ( 'NONE',  ( -0.000000000000000000, -0.000000000000000000, -1.000000000000000000 ) ) ;
#1904 = CARTESIAN_POINT ( 'NONE',  ( -15.00000000000000178, 19.99999999999998934, 0.000000000000000000 ) ) ;
#1905 = LINE ( 'NONE', #3459, #2800 ) ;
#1906 = ORIENTED_EDGE ( 'NONE', *, *, #351, .T. ) ;
#1907 = DIRECTION ( 'NONE',  ( 0.000000000000000000, 0.000000000000000000, -1.000000000000000000 ) ) ;
#1908 = DIRECTION ( 'NONE',  ( -0.000000000000000000, -0.000000000000000000, 1.000000000000000000 ) ) ;
#1909 = DIRECTION ( 'NONE',  ( 1.156482317317870936E-15, 1.000000000000000000, 0.000000000000000000 ) ) ;
#1910 = VERTEX_POINT ( 'NONE', #908 ) ;
#1911 = EDGE_CURVE ( 'NONE', #4500, #4493, #1638, .T. ) ;
#1912 = CARTESIAN_POINT ( 'NONE',  ( -4.499999999999994671, 19.99999999999999289, -1.160254037844380637 ) ) ;
#1913 = CARTESIAN_POINT ( 'NONE',  ( 12.35853686713192978, 5.754686456784764204, 2.990907278198613017 ) ) ;
#1914 = ORIENTED_EDGE ( 'NONE', *, *, #2534, .F. ) ;
#1915 = CARTESIAN_POINT ( 'NONE',  ( -11.37868582184683142, 7.031656549341160023, 5.910353868042598435 ) ) ;
#1916 = CARTESIAN_POINT ( 'NONE',  ( 13.36327619567744307, 10.00000000000014033, 3.095528781774473437 ) ) ;
#1917 = CARTESIAN_POINT ( 'NONE',  ( 9.484832957771672568, 8.355137428462008131, -1.661724375290791533 ) ) ;
#1918 = DIRECTION ( 'NONE',  ( -1.000000000000000000, -9.912705577010325549E-17, 0.000000000000000000 ) ) ;
#1919 = ORIENTED_EDGE ( 'NONE', *, *, #4816, .T. ) ;
#1920 = PLANE ( 'NONE',  #3215 ) ;
#1921 = ORIENTED_EDGE ( 'NONE', *, *, #481, .T. ) ;
#1922 = CARTESIAN_POINT ( 'NONE',  ( -22.54674764498082240, 9.999999999999996447, -6.700000000000001066 ) ) ;
#1923 = CARTESIAN_POINT ( 'NONE',  ( 12.59960142050775467, 5.000000000000000000, 7.499999999999999112 ) ) ;
#1924 = EDGE_LOOP ( 'NONE', ( #4271, #3225, #114, #1782 ) ) ;
#1925 = AXIS2_PLACEMENT_3D ( 'NONE', #3408, #18, #399 ) ;
#1926 = DIRECTION ( 'NONE',  ( -1.000000000000000000, 0.000000000000000000, 0.000000000000000000 ) ) ;
#1927 = FACE_OUTER_BOUND ( 'NONE', #921, .T. ) ;
#1928 = DIRECTION ( 'NONE',  ( -1.000000000000000000, 0.000000000000000000, 0.000000000000000000 ) ) ;
#1929 = CARTESIAN_POINT ( 'NONE',  ( -5.579548760278597364, 9.900289267784554426, 7.203552429288097692 ) ) ;
#1930 = DIRECTION ( 'NONE',  ( -1.734723475976807094E-16, 1.000000000000000000, -0.000000000000000000 ) ) ;
#1931 = CARTESIAN_POINT ( 'NONE',  ( -1.499999999999994671, 22.99999999999998934, 8.586540306964575819 ) ) ;
#1932 = CIRCLE ( 'NONE', #3127, 3.499999999999999556 ) ;
#1933 = ORIENTED_EDGE ( 'NONE', *, *, #4099, .T. ) ;
#1934 = CARTESIAN_POINT ( 'NONE',  ( -11.99368832515634153, 6.004735086301238312, 2.160203871661224184 ) ) ;
#1935 =( BOUNDED_CURVE ( )  B_SPLINE_CURVE ( 2, ( #499, #834, #814 ),
 .UNSPECIFIED., .F., .T. ) 
 B_SPLINE_CURVE_WITH_KNOTS ( ( 3, 3 ),
 ( 0.5916862443869543853, 1.000000000000000000 ),
 .UNSPECIFIED. ) 
 CURVE ( )  GEOMETRIC_REPRESENTATION_ITEM ( )  RATIONAL_B_SPLINE_CURVE ( ( 0.6483196514753788442, 0.7028151728547028521, 1.000000000000000000 ) ) 
 REPRESENTATION_ITEM ( '' )  );
#1936 = FACE_OUTER_BOUND ( 'NONE', #2603, .T. ) ;
#1937 = CARTESIAN_POINT ( 'NONE',  ( 11.97781375724682285, 6.016735260800964546, 2.131983465494479368 ) ) ;
#1938 = ORIENTED_EDGE ( 'NONE', *, *, #1513, .T. ) ;
#1939 = ADVANCED_FACE ( 'NONE', ( #3121, #1269 ), #2769, .F. ) ;
#1940 = DIRECTION ( 'NONE',  ( 0.000000000000000000, -1.000000000000000000, -0.000000000000000000 ) ) ;
#1941 = AXIS2_PLACEMENT_3D ( 'NONE', #1494, #3758, #4147 ) ;
#1942 = DIRECTION ( 'NONE',  ( 1.000000000000000000, 0.000000000000000000, 0.000000000000000000 ) ) ;
#1943 = CARTESIAN_POINT ( 'NONE',  ( 6.080806239789477097, 9.614628463480917375, 3.168292563091594349 ) ) ;
#1944 = CIRCLE ( 'NONE', #4220, 10.00000000000000178 ) ;
#1945 = CARTESIAN_POINT ( 'NONE',  ( -15.00000000000000000, 4.999999999999990230, 0.000000000000000000 ) ) ;
#1946 = CARTESIAN_POINT ( 'NONE',  ( 15.00000000000000000, 0.000000000000000000, 0.000000000000000000 ) ) ;
#1947 = VERTEX_POINT ( 'NONE', #1977 ) ;
#1948 = EDGE_LOOP ( 'NONE', ( #3413, #78, #2885, #746, #1423 ) ) ;
#1949 = EDGE_CURVE ( 'NONE', #4355, #4432, #122, .T. ) ;
#1950 = AXIS2_PLACEMENT_3D ( 'NONE', #2600, #4105, #744 ) ;
#1951 = CARTESIAN_POINT ( 'NONE',  ( 11.80179656612665262, 6.156619524478963434, -1.819584844382451161 ) ) ;
#1952 = CYLINDRICAL_SURFACE ( 'NONE', #1730, 2.000000000000000000 ) ;
#1953 = VECTOR ( 'NONE', #3950, 1000.000000000000000 ) ;
#1954 = DIRECTION ( 'NONE',  ( -1.000000000000000000, 0.000000000000000000, 0.000000000000000000 ) ) ;
#1955 = DIRECTION ( 'NONE',  ( -1.000000000000000000, 0.000000000000000000, -0.000000000000000000 ) ) ;
#1956 = DIRECTION ( 'NONE',  ( 0.000000000000000000, -1.000000000000000000, 0.000000000000000000 ) ) ;
#1957 = VECTOR ( 'NONE', #1506, 1000.000000000000000 ) ;
#1958 = CARTESIAN_POINT ( 'NONE',  ( -4.147034420924632592, 8.502672967583038144, 5.905531135225775330 ) ) ;
#1959 = LINE ( 'NONE', #3104, #857 ) ;
#1960 = ORIENTED_EDGE ( 'NONE', *, *, #276, .T. ) ;
#1961 = CYLINDRICAL_SURFACE ( 'NONE', #847, 5.000000000000000888 ) ;
#1962 = CARTESIAN_POINT ( 'NONE',  ( 12.37537307275298737, 5.744238038099936716, 3.082256294367104577 ) ) ;
#1963 = ORIENTED_EDGE ( 'NONE', *, *, #1120, .F. ) ;
#1964 = DIRECTION ( 'NONE',  ( 1.000000000000000000, 0.000000000000000000, 0.000000000000000000 ) ) ;
#1965 = EDGE_CURVE ( 'NONE', #1573, #1581, #423, .T. ) ;
#1966 = FACE_OUTER_BOUND ( 'NONE', #3390, .T. ) ;
#1967 = DIRECTION ( 'NONE',  ( -1.734723475976807094E-16, 1.000000000000000000, 0.000000000000000000 ) ) ;
#1968 = EDGE_CURVE ( 'NONE', #2032, #2946, #66, .T. ) ;
#1969 = CARTESIAN_POINT ( 'NONE',  ( 12.00000000000000000, 0.000000000000000000, -7.500000000000000888 ) ) ;
#1970 = DIRECTION ( 'NONE',  ( 1.734723475976807094E-16, -1.000000000000000000, -0.000000000000000000 ) ) ;
#1971 = ORIENTED_EDGE ( 'NONE', *, *, #924, .T. ) ;
#1972 = ORIENTED_EDGE ( 'NONE', *, *, #4337, .T. ) ;
#1973 = DIRECTION ( 'NONE',  ( 0.000000000000000000, -1.000000000000000000, 0.000000000000000000 ) ) ;
#1974 = CARTESIAN_POINT ( 'NONE',  ( 11.38000065945244899, 6.550959940375541635, -0.8948265110678259582 ) ) ;
#1975 = EDGE_CURVE ( 'NONE', #1751, #2923, #1404, .T. ) ;
#1976 = CARTESIAN_POINT ( 'NONE',  ( 15.00000000000000000, 5.000000000000000000, -2.000000000000003109 ) ) ;
#1977 = CARTESIAN_POINT ( 'NONE',  ( -4.499999999999995559, 9.999999999999987566, 7.500000000000000000 ) ) ;
#1978 = CARTESIAN_POINT ( 'NONE',  ( 11.59359051778269212, 6.527873409312264563, 6.147613659842265932 ) ) ;
#1979 = FACE_OUTER_BOUND ( 'NONE', #2971, .T. ) ;
#1980 = LINE ( 'NONE', #2750, #3926 ) ;
#1981 = FACE_OUTER_BOUND ( 'NONE', #2508, .T. ) ;
#1982 = ORIENTED_EDGE ( 'NONE', *, *, #867, .T. ) ;
#1983 = DIRECTION ( 'NONE',  ( 1.000000000000000000, 0.000000000000000000, 0.000000000000000000 ) ) ;
#1984 = FACE_OUTER_BOUND ( 'NONE', #3641, .T. ) ;
#1985 = ORIENTED_EDGE ( 'NONE', *, *, #3494, .T. ) ;
#1986 = DIRECTION ( 'NONE',  ( 2.312964634635742957E-16, -1.000000000000000000, 0.000000000000000000 ) ) ;
#1987 = ADVANCED_FACE ( 'NONE', ( #39 ), #4537, .F. ) ;
#1988 = CARTESIAN_POINT ( 'NONE',  ( -11.28384678920320638, 6.654792427900797946, -0.5355464989736918868 ) ) ;
#1989 = LINE ( 'NONE', #3493, #1545 ) ;
#1990 = CARTESIAN_POINT ( 'NONE',  ( 4.466786912320418246, 8.964552532020729103, -6.118602051992789725 ) ) ;
#1991 = EDGE_CURVE ( 'NONE', #4323, #4600, #1586, .T. ) ;
#1992 = ORIENTED_EDGE ( 'NONE', *, *, #3231, .F. ) ;
#1993 = VERTEX_POINT ( 'NONE', #2744 ) ;
#1994 = EDGE_CURVE ( 'NONE', #2568, #442, #4242, .T. ) ;
#1995 = ADVANCED_FACE ( 'NONE', ( #447 ), #514, .T. ) ;
#1996 = DIRECTION ( 'NONE',  ( -0.000000000000000000, -0.000000000000000000, -1.000000000000000000 ) ) ;
#1997 = DIRECTION ( 'NONE',  ( -2.312964634635742957E-16, 1.000000000000000000, 0.000000000000000000 ) ) ;
#1998 = VERTEX_POINT ( 'NONE', #4561 ) ;
#1999 = EDGE_CURVE ( 'NONE', #4000, #3281, #2319, .T. ) ;
#2000 = CARTESIAN_POINT ( 'NONE',  ( 0.000000000000000000, 0.000000000000000000, 7.500000000000000888 ) ) ;
#2001 = CARTESIAN_POINT ( 'NONE',  ( 15.00000000000000000, 0.000000000000000000, 2.000000000000003109 ) ) ;
#2002 = CARTESIAN_POINT ( 'NONE',  ( 12.25525616339242596, 5.820713917759350764, -2.672751519845970147 ) ) ;
#2003 = DIRECTION ( 'NONE',  ( -0.000000000000000000, -1.000000000000000000, -0.000000000000000000 ) ) ;
#2004 = DIRECTION ( 'NONE',  ( 1.000000000000000000, -0.000000000000000000, 0.000000000000000000 ) ) ;
#2005 = EDGE_CURVE ( 'NONE', #3327, #3194, #4583, .T. ) ;
#2006 = AXIS2_PLACEMENT_3D ( 'NONE', #4189, #1956, #2321 ) ;
#2007 = ORIENTED_EDGE ( 'NONE', *, *, #1485, .T. ) ;
#2008 = DIRECTION ( 'NONE',  ( 0.000000000000000000, 0.000000000000000000, -1.000000000000000000 ) ) ;
#2009 = DIRECTION ( 'NONE',  ( -1.000000000000000000, 0.000000000000000000, -1.156482317317871725E-15 ) ) ;
#2010 = ORIENTED_EDGE ( 'NONE', *, *, #2709, .F. ) ;
#2011 = DIRECTION ( 'NONE',  ( 0.000000000000000000, -1.000000000000000000, 0.000000000000000000 ) ) ;
#2012 = B_SPLINE_CURVE_WITH_KNOTS ( 'NONE', 3,
 ( #444, #1923, #142, #1557 ),
 .UNSPECIFIED., .F., .F.,
 ( 4, 4 ),
 ( 0.000000000000000000, 0.001780893923985296234 ),
 .UNSPECIFIED. ) ;
#2013 = FACE_OUTER_BOUND ( 'NONE', #3186, .T. ) ;
#2014 = CARTESIAN_POINT ( 'NONE',  ( 15.00000000000000000, 9.999999999999994671, 0.000000000000000000 ) ) ;
#2015 = DIRECTION ( 'NONE',  ( -0.000000000000000000, -1.000000000000000000, 0.000000000000000000 ) ) ;
#2016 = CARTESIAN_POINT ( 'NONE',  ( -20.00000000000000000, 5.000000000000000000, -7.500000000000000888 ) ) ;
#2017 = ORIENTED_EDGE ( 'NONE', *, *, #2488, .T. ) ;
#2018 = ORIENTED_EDGE ( 'NONE', *, *, #295, .T. ) ;
#2019 = DIRECTION ( 'NONE',  ( -1.000000000000000000, 0.000000000000000000, 0.000000000000000000 ) ) ;
#2020 = AXIS2_PLACEMENT_3D ( 'NONE', #4613, #4239, #1955 ) ;
#2021 = DIRECTION ( 'NONE',  ( 0.000000000000000000, 0.000000000000000000, -1.000000000000000000 ) ) ;
#2022 = CARTESIAN_POINT ( 'NONE',  ( 33.00000000000000000, 11.99999999999999822, -76.21067811865475505 ) ) ;
#2023 = VERTEX_POINT ( 'NONE', #2345 ) ;
#2024 = CARTESIAN_POINT ( 'NONE',  ( 6.639022891491583422, 9.999999999999987566, -7.500000000000000888 ) ) ;
#2025 = EDGE_CURVE ( 'NONE', #143, #2594, #2910, .T. ) ;
#2026 = CIRCLE ( 'NONE', #2181, 9.999999999999998224 ) ;
#2027 = AXIS2_PLACEMENT_3D ( 'NONE', #4047, #3633, #280 ) ;
#2028 = CARTESIAN_POINT ( 'NONE',  ( -15.00000000000000355, 5.000000000000000000, 0.000000000000000000 ) ) ;
#2029 = CARTESIAN_POINT ( 'NONE',  ( 11.92737216896508379, 6.055502226774050811, -2.042820477822199443 ) ) ;
#2030 = CARTESIAN_POINT ( 'NONE',  ( 12.59960142050786835, 4.999999999999579892, -7.500000000000015099 ) ) ;
#2031 = AXIS2_PLACEMENT_3D ( 'NONE', #1532, #3406, #1245 ) ;
#2032 = VERTEX_POINT ( 'NONE', #3973 ) ;
#2033 = ADVANCED_FACE ( 'NONE', ( #1287 ), #3261, .T. ) ;
#2034 = CIRCLE ( 'NONE', #1806, 2.000000000000001776 ) ;
#2035 = LINE ( 'NONE', #958, #2331 ) ;
#2036 = CARTESIAN_POINT ( 'NONE',  ( 5.857920502151474196, 9.955101671400687025, -7.347824496917946036 ) ) ;
#2037 = ORIENTED_EDGE ( 'NONE', *, *, #1102, .F. ) ;
#2038 = CARTESIAN_POINT ( 'NONE',  ( 11.27242550853051739, 6.667555190172065771, -0.4725508831694480438 ) ) ;
#2039 = CIRCLE ( 'NONE', #3764, 3.499999999999999556 ) ;
#2040 = CARTESIAN_POINT ( 'NONE',  ( 6.477836016972807975, 10.00000000000000000, 7.500000000000001776 ) ) ;
#2041 = CARTESIAN_POINT ( 'NONE',  ( -11.59651844013556499, 9.999999999999991118, -0.8162801428815721350 ) ) ;
#2042 = ORIENTED_EDGE ( 'NONE', *, *, #2332, .F. ) ;
#2043 = ORIENTED_EDGE ( 'NONE', *, *, #4609, .T. ) ;
#2044 = CARTESIAN_POINT ( 'NONE',  ( 1.500000000000005329, 24.99999999999998579, 24.50000000000000000 ) ) ;
#2045 = DIRECTION ( 'NONE',  ( 0.000000000000000000, 0.000000000000000000, -1.000000000000000000 ) ) ;
#2046 = ORIENTED_EDGE ( 'NONE', *, *, #178, .F. ) ;
#2047 = ADVANCED_FACE ( 'NONE', ( #4733 ), #4358, .T. ) ;
#2048 = CYLINDRICAL_SURFACE ( 'NONE', #632, 2.000000000000001776 ) ;
#2049 = CARTESIAN_POINT ( 'NONE',  ( 11.88645563990363385, 6.087730705331421355, -1.970583611375823718 ) ) ;
#2050 = ADVANCED_FACE ( 'NONE', ( #219 ), #2395, .T. ) ;
#2051 = CARTESIAN_POINT ( 'NONE',  ( -11.30512945497137700, 8.041176028821459099, 5.801705272747147646 ) ) ;
#2052 = EDGE_LOOP ( 'NONE', ( #1666, #1778 ) ) ;
#2053 = CARTESIAN_POINT ( 'NONE',  ( -11.91456918641648599, 6.065492611785465726, 2.020234376503774243 ) ) ;
#2054 = CYLINDRICAL_SURFACE ( 'NONE', #3129, 1.999999999999998224 ) ;
#2055 = AXIS2_PLACEMENT_3D ( 'NONE', #4489, #4513, #3806 ) ;
#2056 = CARTESIAN_POINT ( 'NONE',  ( 14.06340087161522057, 5.083000092717110618, 3.380541317282030001 ) ) ;
#2057 = CARTESIAN_POINT ( 'NONE',  ( -2.098847455254874816, 20.56740941973090386, 2.170844021498497423 ) ) ;
#2058 = VERTEX_POINT ( 'NONE', #249 ) ;
#2059 = DIRECTION ( 'NONE',  ( 0.000000000000000000, 0.000000000000000000, -1.000000000000000000 ) ) ;
#2060 = ADVANCED_FACE ( 'NONE', ( #3216 ), #2048, .T. ) ;
#2061 = CARTESIAN_POINT ( 'NONE',  ( -11.33738226614765665, 6.596286455551615191, -0.7547739730730405050 ) ) ;
#2062 = CARTESIAN_POINT ( 'NONE',  ( 1.500000000000005329, 24.99999999999998579, 26.50000000000000000 ) ) ;
#2063 = FACE_OUTER_BOUND ( 'NONE', #2871, .T. ) ;
#2064 = ORIENTED_EDGE ( 'NONE', *, *, #1242, .F. ) ;
#2065 = VERTEX_POINT ( 'NONE', #4286 ) ;
#2066 = CARTESIAN_POINT ( 'NONE',  ( -11.29138475825071808, 6.646347932538142267, 0.5791109607179670826 ) ) ;
#2067 = DIRECTION ( 'NONE',  ( -0.000000000000000000, -0.000000000000000000, -1.000000000000000000 ) ) ;
#2068 = ORIENTED_EDGE ( 'NONE', *, *, #4108, .F. ) ;
#2069 = CARTESIAN_POINT ( 'NONE',  ( -11.97989914139981238, 6.015154381085458191, 2.135682653493946148 ) ) ;
#2070 = CARTESIAN_POINT ( 'NONE',  ( 0.000000000000000000, 22.99999999999998579, 24.50000000000000000 ) ) ;
#2071 = EDGE_CURVE ( 'NONE', #435, #2185, #2034, .T. ) ;
#2072 = CARTESIAN_POINT ( 'NONE',  ( 11.27242550853051739, 6.667555190172065771, -0.4725508831694480438 ) ) ;
#2073 = VERTEX_POINT ( 'NONE', #269 ) ;
#2074 = CARTESIAN_POINT ( 'NONE',  ( -11.79336005783637731, 6.163664144450551774, 1.804325746079072479 ) ) ;
#2075 = CARTESIAN_POINT ( 'NONE',  ( 12.38108599560539247, 5.740740740740731596, 3.201562118716395400 ) ) ;
#2076 = CARTESIAN_POINT ( 'NONE',  ( 11.61928329085961487, 6.315571043076497304, -0.9361637421752654342 ) ) ;
#2077 = CARTESIAN_POINT ( 'NONE',  ( -11.74655270011110808, 9.113457455942297614, 3.201562118716432703 ) ) ;
#2078 = ORIENTED_EDGE ( 'NONE', *, *, #2170, .T. ) ;
#2079 = FACE_OUTER_BOUND ( 'NONE', #261, .T. ) ;
#2080 = PLANE ( 'NONE',  #342 ) ;
#2081 = VECTOR ( 'NONE', #1510, 1000.000000000000000 ) ;
#2082 = EDGE_CURVE ( 'NONE', #3558, #2728, #3997, .T. ) ;
#2083 = CARTESIAN_POINT ( 'NONE',  ( 15.00000000000000000, 4.999999999999997335, 0.000000000000000000 ) ) ;
#2084 = CARTESIAN_POINT ( 'NONE',  ( -29.99999999999999645, 14.99999999999999645, -7.833828036843772047 ) ) ;
#2085 = CYLINDRICAL_SURFACE ( 'NONE', #3518, 3.499999999999999556 ) ;
#2086 = ORIENTED_EDGE ( 'NONE', *, *, #1175, .T. ) ;
#2087 = ORIENTED_EDGE ( 'NONE', *, *, #613, .F. ) ;
#2088 = DIRECTION ( 'NONE',  ( 1.000000000000000000, 0.000000000000000000, 0.000000000000000000 ) ) ;
#2089 = AXIS2_PLACEMENT_3D ( 'NONE', #2084, #1032, #647 ) ;
#2090 = CARTESIAN_POINT ( 'NONE',  ( 11.43149259062442091, 6.879174945874305891, 5.969243735485354918 ) ) ;
#2091 = DIRECTION ( 'NONE',  ( -1.000000000000000000, 0.000000000000000000, 0.000000000000000000 ) ) ;
#2092 = EDGE_LOOP ( 'NONE', ( #2964, #2393, #3594, #3737, #1409 ) ) ;
#2093 = VECTOR ( 'NONE', #4247, 1000.000000000000000 ) ;
#2094 = CARTESIAN_POINT ( 'NONE',  ( -12.33644977905458440, 5.768507546728933733, 2.900479163610808708 ) ) ;
#2095 = DIRECTION ( 'NONE',  ( 1.000000000000000000, 0.000000000000000000, 0.000000000000000000 ) ) ;
#2096 = AXIS2_PLACEMENT_3D ( 'NONE', #2386, #3894, #3520 ) ;
#2097 = AXIS2_PLACEMENT_3D ( 'NONE', #1371, #1392, #734 ) ;
#2098 = ORIENTED_EDGE ( 'NONE', *, *, #904, .T. ) ;
#2099 = AXIS2_PLACEMENT_3D ( 'NONE', #89, #1973, #3141 ) ;
#2100 = FACE_BOUND ( 'NONE', #4250, .T. ) ;
#2101 = LINE ( 'NONE', #4321, #838 ) ;
#2102 = CARTESIAN_POINT ( 'NONE',  ( 1.500000000000005329, 22.99999999999998579, 8.586540306964575819 ) ) ;
#2103 = ORIENTED_EDGE ( 'NONE', *, *, #144, .F. ) ;
#2104 = B_SPLINE_CURVE_WITH_KNOTS ( 'NONE', 3,
 ( #883, #3622, #3458, #858, #1978, #4354 ),
 .UNSPECIFIED., .F., .F.,
 ( 4, 2, 4 ),
 ( 7.611068361834778276E-18, 0.0007479151342613589047, 0.001495830268522710220 ),
 .UNSPECIFIED. ) ;
#2105 = CARTESIAN_POINT ( 'NONE',  ( 35.00000000000000000, 19.99999999999999645, -5.500000000000005329 ) ) ;
#2106 = CARTESIAN_POINT ( 'NONE',  ( 11.24450125188069727, 6.698790440183019612, -0.3156031645113309136 ) ) ;
#2107 = EDGE_CURVE ( 'NONE', #606, #538, #1758, .T. ) ;
#2108 = AXIS2_PLACEMENT_3D ( 'NONE', #4054, #3657, #4748 ) ;
#2109 = CARTESIAN_POINT ( 'NONE',  ( -12.26327651824089493, 5.815432922995827703, -2.691439182985682521 ) ) ;
#2110 = CARTESIAN_POINT ( 'NONE',  ( -12.74528286095151763, 9.999999999999992895, 2.681157748285158515 ) ) ;
#2111 = CARTESIAN_POINT ( 'NONE',  ( 11.28578643762691058, 7.699999999999995737, 5.793857062406784664 ) ) ;
#2112 = EDGE_LOOP ( 'NONE', ( #4204, #3593, #1061, #1771 ) ) ;
#2113 = ORIENTED_EDGE ( 'NONE', *, *, #575, .T. ) ;
#2114 = ADVANCED_FACE ( 'NONE', ( #3554, #4388, #4338 ), #975, .F. ) ;
#2115 = DIRECTION ( 'NONE',  ( -0.000000000000000000, -0.000000000000000000, -1.000000000000000000 ) ) ;
#2116 = CYLINDRICAL_SURFACE ( 'NONE', #3147, 2.000000000000001776 ) ;
#2117 = PLANE ( 'NONE',  #2020 ) ;
#2118 = ORIENTED_EDGE ( 'NONE', *, *, #1236, .F. ) ;
#2119 = EDGE_CURVE ( 'NONE', #2434, #1897, #2775, .T. ) ;
#2120 = DIRECTION ( 'NONE',  ( -1.000000000000000000, -5.782411586589358625E-17, 0.000000000000000000 ) ) ;
#2121 = B_SPLINE_CURVE_WITH_KNOTS ( 'NONE', 3,
 ( #1192, #1211, #2711, #4559, #3800, #2688 ),
 .UNSPECIFIED., .F., .F.,
 ( 4, 2, 4 ),
 ( 0.6064131754833693710, 0.8032065877416847410, 1.000000000000000000 ),
 .UNSPECIFIED. ) ;
#2122 = ORIENTED_EDGE ( 'NONE', *, *, #3503, .T. ) ;
#2123 = CARTESIAN_POINT ( 'NONE',  ( -11.80179656591102777, 6.156619524658580644, 1.819584843991961076 ) ) ;
#2124 = CARTESIAN_POINT ( 'NONE',  ( 12.23749399130841375, 9.568275118995005712, -6.643758450616908284 ) ) ;
#2125 = CARTESIAN_POINT ( 'NONE',  ( 29.99999999999999645, 14.99999999999999645, -5.500000000000000888 ) ) ;
#2126 = DIRECTION ( 'NONE',  ( -1.000000000000000000, 0.000000000000000000, 0.000000000000000000 ) ) ;
#2127 = ORIENTED_EDGE ( 'NONE', *, *, #4268, .F. ) ;
#2128 = LINE ( 'NONE', #2838, #2260 ) ;
#2129 = CARTESIAN_POINT ( 'NONE',  ( -12.38108599560540313, 5.740740740740728931, 6.708268326881144716 ) ) ;
#2130 = CARTESIAN_POINT ( 'NONE',  ( -12.34141901664081331, 5.765371017090727968, -2.916672208104583497 ) ) ;
#2131 = CARTESIAN_POINT ( 'NONE',  ( -11.59263638950519137, 9.999999999999991118, 0.7999207622482265023 ) ) ;
#2132 = CARTESIAN_POINT ( 'NONE',  ( 11.78899766449354125, 6.167316319157770899, 1.796414355970264554 ) ) ;
#2133 = VERTEX_POINT ( 'NONE', #2825 ) ;
#2134 = VERTEX_POINT ( 'NONE', #1662 ) ;
#2135 = CARTESIAN_POINT ( 'NONE',  ( -11.99999999999999645, 5.000000000000000000, -7.500000000000000888 ) ) ;
#2136 = DIRECTION ( 'NONE',  ( 1.000000000000000000, 1.734723475976807094E-16, -0.000000000000000000 ) ) ;
#2137 = CARTESIAN_POINT ( 'NONE',  ( -7.499999999999995559, 11.99999999999998757, 26.50000000000000000 ) ) ;
#2138 = ORIENTED_EDGE ( 'NONE', *, *, #2624, .F. ) ;
#2139 = ORIENTED_EDGE ( 'NONE', *, *, #247, .T. ) ;
#2140 = EDGE_CURVE ( 'NONE', #1808, #1815, #4479, .T. ) ;
#2141 = CARTESIAN_POINT ( 'NONE',  ( -12.23738537630571521, 5.832487074504378199, 2.631216711599682956 ) ) ;
#2142 = CARTESIAN_POINT ( 'NONE',  ( -12.83515853697756448, 9.878274122951408387, -7.149037485911296841 ) ) ;
#2143 = EDGE_CURVE ( 'NONE', #3327, #3509, #2167, .T. ) ;
#2144 = EDGE_CURVE ( 'NONE', #4657, #4033, #1090, .T. ) ;
#2145 = ORIENTED_EDGE ( 'NONE', *, *, #1596, .F. ) ;
#2146 = CARTESIAN_POINT ( 'NONE',  ( 11.28578643762442901, 7.700000000000225775, -5.793857062404300429 ) ) ;
#2147 = EDGE_CURVE ( 'NONE', #1151, #348, #2365, .T. ) ;
#2148 = CARTESIAN_POINT ( 'NONE',  ( -7.499999999999996447, 21.99999999999999645, 9.500000000000001776 ) ) ;
#2149 = LINE ( 'NONE', #3649, #2982 ) ;
#2150 = VERTEX_POINT ( 'NONE', #391 ) ;
#2151 = CARTESIAN_POINT ( 'NONE',  ( -12.59960142050786835, 4.999999999999579003, 7.500000000000013323 ) ) ;
#2152 = EDGE_LOOP ( 'NONE', ( #3779, #1527, #3490, #2113, #3923, #532, #3624, #3909, #2171 ) ) ;
#2153 = CARTESIAN_POINT ( 'NONE',  ( -8.334491058581969369, 8.436152450558230598, 2.740360933060490112 ) ) ;
#2154 = CARTESIAN_POINT ( 'NONE',  ( 2.639022891491583866, 9.999999999999987566, 8.500000000000000000 ) ) ;
#2155 = ORIENTED_EDGE ( 'NONE', *, *, #2196, .T. ) ;
#2156 = ORIENTED_EDGE ( 'NONE', *, *, #4578, .T. ) ;
#2157 = VECTOR ( 'NONE', #372, 1000.000000000000000 ) ;
#2158 = ADVANCED_FACE ( 'NONE', ( #3690 ), #3665, .F. ) ;
#2159 = DIRECTION ( 'NONE',  ( 2.312964634635742957E-16, -1.000000000000000000, 0.000000000000000000 ) ) ;
#2160 = DIRECTION ( 'NONE',  ( 0.000000000000000000, 1.000000000000000000, 0.000000000000000000 ) ) ;
#2161 = AXIS2_PLACEMENT_3D ( 'NONE', #1141, #1787, #2637 ) ;
#2162 = CARTESIAN_POINT ( 'NONE',  ( 4.500000000000002665, 24.99999999999998579, 26.50000000000000000 ) ) ;
#2163 = ORIENTED_EDGE ( 'NONE', *, *, #2665, .T. ) ;
#2164 = DIRECTION ( 'NONE',  ( -0.000000000000000000, 1.000000000000000000, -0.000000000000000000 ) ) ;
#2165 = ORIENTED_EDGE ( 'NONE', *, *, #1248, .T. ) ;
#2166 = EDGE_CURVE ( 'NONE', #1438, #1689, #1407, .T. ) ;
#2167 = LINE ( 'NONE', #726, #1957 ) ;
#2168 = CARTESIAN_POINT ( 'NONE',  ( -11.48763447586022757, 6.441440537822364476, 1.182072869464384279 ) ) ;
#2169 = CIRCLE ( 'NONE', #3047, 1.499999999999997780 ) ;
#2170 = EDGE_CURVE ( 'NONE', #3281, #672, #728, .T. ) ;
#2171 = ORIENTED_EDGE ( 'NONE', *, *, #3722, .T. ) ;
#2172 = AXIS2_PLACEMENT_3D ( 'NONE', #2351, #21, #1909 ) ;
#2173 = CARTESIAN_POINT ( 'NONE',  ( 1.847148369089391284, 20.86624278231083451, 2.919863559550726961 ) ) ;
#2174 = DIRECTION ( 'NONE',  ( 0.000000000000000000, -1.000000000000000000, 0.000000000000000000 ) ) ;
#2175 = ORIENTED_EDGE ( 'NONE', *, *, #3329, .T. ) ;
#2176 = DIRECTION ( 'NONE',  ( 1.000000000000000000, 0.000000000000000000, 0.000000000000000000 ) ) ;
#2177 = CARTESIAN_POINT ( 'NONE',  ( -12.35696344704894933, 5.751831002854634889, 2.305183459519736466 ) ) ;
#2178 = CIRCLE ( 'NONE', #65, 2.499999999999998668 ) ;
#2179 = AXIS2_PLACEMENT_3D ( 'NONE', #3807, #4541, #3753 ) ;
#2180 = EDGE_CURVE ( 'NONE', #3979, #3949, #3250, .T. ) ;
#2181 = AXIS2_PLACEMENT_3D ( 'NONE', #2310, #3516, #3469 ) ;
#2182 = CARTESIAN_POINT ( 'NONE',  ( -13.46460306477105284, 10.00000000000019007, 3.148032100314973825 ) ) ;
#2183 = CARTESIAN_POINT ( 'NONE',  ( 11.28384678920601125, 6.654792427897650242, 0.5355464989912811502 ) ) ;
#2184 = ORIENTED_EDGE ( 'NONE', *, *, #952, .F. ) ;
#2185 = VERTEX_POINT ( 'NONE', #4086 ) ;
#2186 = AXIS2_PLACEMENT_3D ( 'NONE', #264, #2961, #311 ) ;
#2187 = VECTOR ( 'NONE', #2324, 1000.000000000000000 ) ;
#2188 = DIRECTION ( 'NONE',  ( -1.000000000000000000, 0.000000000000000000, 0.000000000000000000 ) ) ;
#2189 = CARTESIAN_POINT ( 'NONE',  ( -13.58578643762692373, 9.999999999999991118, -3.201562118716432259 ) ) ;
#2190 = AXIS2_PLACEMENT_3D ( 'NONE', #2796, #2095, #3625 ) ;
#2191 = CARTESIAN_POINT ( 'NONE',  ( -13.58578643762692373, 9.999999999999992895, -76.21067811865475505 ) ) ;
#2192 = ORIENTED_EDGE ( 'NONE', *, *, #386, .F. ) ;
#2193 = ORIENTED_EDGE ( 'NONE', *, *, #2852, .F. ) ;
#2194 = CARTESIAN_POINT ( 'NONE',  ( -7.499999999999996447, 24.99999999999998579, 9.500000000000001776 ) ) ;
#2195 = ORIENTED_EDGE ( 'NONE', *, *, #3645, .F. ) ;
#2196 = EDGE_CURVE ( 'NONE', #1339, #3016, #2997, .T. ) ;
#2197 = CARTESIAN_POINT ( 'NONE',  ( 12.96709390979255438, 9.920045336479228482, -7.250770553872273538 ) ) ;
#2198 = CARTESIAN_POINT ( 'NONE',  ( -2.639022891491583866, 19.99999999999999289, -8.500000000000000000 ) ) ;
#2199 = ORIENTED_EDGE ( 'NONE', *, *, #594, .F. ) ;
#2200 = CARTESIAN_POINT ( 'NONE',  ( -5.121968916149894469, 9.692295449678894670, 6.810594699544415320 ) ) ;
#2201 = CARTESIAN_POINT ( 'NONE',  ( -29.99999999999999645, 14.99999999999999645, 5.500000000000001776 ) ) ;
#2202 = CARTESIAN_POINT ( 'NONE',  ( -11.86739972019040223, 6.101261144496724853, -1.577284976020216334 ) ) ;
#2203 = ADVANCED_FACE ( 'NONE', ( #3824, #1137 ), #880, .F. ) ;
#2204 = VERTEX_POINT ( 'NONE', #61 ) ;
#2205 = CARTESIAN_POINT ( 'NONE',  ( -10.00000000000000178, 10.00000000000000000, -5.500000000000000888 ) ) ;
#2206 = CARTESIAN_POINT ( 'NONE',  ( 11.34539589912438728, 6.587683569354349622, 0.7827908513258298173 ) ) ;
#2207 = ORIENTED_EDGE ( 'NONE', *, *, #1189, .T. ) ;
#2208 = EDGE_CURVE ( 'NONE', #4560, #3040, #2121, .T. ) ;
#2209 = CARTESIAN_POINT ( 'NONE',  ( -4.499999999999997335, 20.13504870010926240, 21.50000000000000000 ) ) ;
#2210 = EDGE_CURVE ( 'NONE', #1034, #864, #2012, .T. ) ;
#2211 = ADVANCED_FACE ( 'NONE', ( #1239 ), #4443, .F. ) ;
#2212 = CARTESIAN_POINT ( 'NONE',  ( 4.500000000000002665, 24.99999999999998579, 7.500000000000000888 ) ) ;
#2213 = DIRECTION ( 'NONE',  ( -1.000000000000000000, -1.239088197126290570E-16, 0.000000000000000000 ) ) ;
#2214 = LINE ( 'NONE', #1449, #3986 ) ;
#2215 = ORIENTED_EDGE ( 'NONE', *, *, #4016, .T. ) ;
#2216 = ORIENTED_EDGE ( 'NONE', *, *, #2463, .F. ) ;
#2217 = DIRECTION ( 'NONE',  ( 5.782411586589358625E-17, -1.000000000000000000, 0.000000000000000000 ) ) ;
#2218 = ORIENTED_EDGE ( 'NONE', *, *, #594, .T. ) ;
#2219 = CARTESIAN_POINT ( 'NONE',  ( -12.05003021242090711, 5.962943043881275607, -2.261522000250702824 ) ) ;
#2220 = CYLINDRICAL_SURFACE ( 'NONE', #2335, 2.299999999999999822 ) ;
#2221 = LINE ( 'NONE', #684, #2081 ) ;
#2222 = CARTESIAN_POINT ( 'NONE',  ( -11.96238166377631451, 9.999999999999992895, 1.820318043692212173 ) ) ;
#2223 = EDGE_LOOP ( 'NONE', ( #4772, #4161, #2607, #1658 ) ) ;
#2224 = CARTESIAN_POINT ( 'NONE',  ( -33.00000000000000000, 17.99999999999998934, -5.500000000000005329 ) ) ;
#2225 = DIRECTION ( 'NONE',  ( -1.000000000000000000, 0.000000000000000000, 0.000000000000000000 ) ) ;
#2226 = EDGE_CURVE ( 'NONE', #2185, #3548, #467, .T. ) ;
#2227 = DIRECTION ( 'NONE',  ( 1.239088197126290570E-16, -1.000000000000000000, 0.000000000000000000 ) ) ;
#2228 = DIRECTION ( 'NONE',  ( 0.000000000000000000, 1.000000000000000000, 0.000000000000000000 ) ) ;
#2229 = ORIENTED_EDGE ( 'NONE', *, *, #564, .F. ) ;
#2230 = CARTESIAN_POINT ( 'NONE',  ( -20.94674764498082098, 9.999999999999996447, -5.500000000000000888 ) ) ;
#2231 = CARTESIAN_POINT ( 'NONE',  ( -12.65559309608605076, 9.999999999999992895, -2.653568419478623319 ) ) ;
#2232 = ADVANCED_FACE ( 'NONE', ( #420, #2662 ), #4532, .F. ) ;
#2233 = LINE ( 'NONE', #484, #4708 ) ;
#2234 = DIRECTION ( 'NONE',  ( -1.000000000000000000, 5.209107462460914720E-16, 0.000000000000000000 ) ) ;
#2235 = FACE_OUTER_BOUND ( 'NONE', #273, .T. ) ;
#2236 = EDGE_LOOP ( 'NONE', ( #2265, #4808, #3452, #1024, #4447, #2804, #1891, #3393, #1888, #14, #2139, #2195 ) ) ;
#2237 = ORIENTED_EDGE ( 'NONE', *, *, #3643, .T. ) ;
#2238 = CIRCLE ( 'NONE', #679, 2.000000000000001776 ) ;
#2239 = CARTESIAN_POINT ( 'NONE',  ( 33.00000000000000000, 11.99999999999999822, 5.500000000000005329 ) ) ;
#2240 = ADVANCED_FACE ( 'NONE', ( #4503 ), #1952, .F. ) ;
#2241 = CARTESIAN_POINT ( 'NONE',  ( 4.198298192036915566, 6.967487617482769124, 5.935819094646842764 ) ) ;
#2242 = ORIENTED_EDGE ( 'NONE', *, *, #450, .T. ) ;
#2243 = CARTESIAN_POINT ( 'NONE',  ( -12.09225963032596418, 5.932388046967453477, -2.339165995694399314 ) ) ;
#2244 = AXIS2_PLACEMENT_3D ( 'NONE', #2802, #1255, #936 ) ;
#2245 = DIRECTION ( 'NONE',  ( -0.000000000000000000, -1.000000000000000000, -0.000000000000000000 ) ) ;
#2246 = LINE ( 'NONE', #1436, #1614 ) ;
#2247 = FACE_OUTER_BOUND ( 'NONE', #315, .T. ) ;
#2248 = VERTEX_POINT ( 'NONE', #493 ) ;
#2249 = DIRECTION ( 'NONE',  ( -0.000000000000000000, -1.000000000000000000, -0.000000000000000000 ) ) ;
#2250 = LINE ( 'NONE', #3830, #2823 ) ;
#2251 = CARTESIAN_POINT ( 'NONE',  ( -11.50019996007702261, 6.429089785782903022, -0.2407802026468876810 ) ) ;
#2252 = VERTEX_POINT ( 'NONE', #1976 ) ;
#2253 = CIRCLE ( 'NONE', #3134, 2.000000000000000000 ) ;
#2254 = CARTESIAN_POINT ( 'NONE',  ( -4.956352788505169184E-16, 24.16666666666665364, 6.962074582829750113 ) ) ;
#2255 = CARTESIAN_POINT ( 'NONE',  ( 12.06847255719868528, 5.949547280024034102, 2.295280309861756685 ) ) ;
#2256 = CIRCLE ( 'NONE', #1950, 2.000000000000000000 ) ;
#2257 = CIRCLE ( 'NONE', #4536, 2.000000000000001776 ) ;
#2258 = ORIENTED_EDGE ( 'NONE', *, *, #3932, .T. ) ;
#2259 = CARTESIAN_POINT ( 'NONE',  ( -11.59651844013556499, 9.999999999999991118, -0.8162801428815721350 ) ) ;
#2260 = VECTOR ( 'NONE', #1396, 1000.000000000000000 ) ;
#2261 = CARTESIAN_POINT ( 'NONE',  ( 13.17953238333595145, 9.999999999999845457, 2.991163873408353435 ) ) ;
#2262 = CARTESIAN_POINT ( 'NONE',  ( 12.74528286095183027, 10.00000000000009415, -2.681157748285280640 ) ) ;
#2263 = CARTESIAN_POINT ( 'NONE',  ( 3.967551002740130617, 8.097959723685290712, -5.810080504968593296 ) ) ;
#2264 = EDGE_CURVE ( 'NONE', #4811, #4500, #320, .T. ) ;
#2265 = ORIENTED_EDGE ( 'NONE', *, *, #1994, .T. ) ;
#2266 = ORIENTED_EDGE ( 'NONE', *, *, #1683, .F. ) ;
#2267 = COLOUR_RGB ( '',0.7921568627450980005, 0.8196078431372548767, 0.9333333333333333481 ) ;
#2268 = DIRECTION ( 'NONE',  ( 1.000000000000000000, 0.000000000000000000, 0.000000000000000000 ) ) ;
#2269 = VECTOR ( 'NONE', #1733, 1000.000000000000000 ) ;
#2270 = CARTESIAN_POINT ( 'NONE',  ( -11.22990865567969365, 6.715732744706012447, 0.1568217985350112975 ) ) ;
#2271 = ORIENTED_EDGE ( 'NONE', *, *, #4823, .T. ) ;
#2272 = CIRCLE ( 'NONE', #4448, 1.999999999999998224 ) ;
#2273 = CARTESIAN_POINT ( 'NONE',  ( -12.07145465785492888, 5.947389915731071675, -2.300762645621071023 ) ) ;
#2274 = CARTESIAN_POINT ( 'NONE',  ( 31.49999999999999289, 14.99999999999999645, -7.833828036843772047 ) ) ;
#2275 = CARTESIAN_POINT ( 'NONE',  ( -11.28578643762443789, 7.700000000000222222, 5.793857062404298652 ) ) ;
#2276 = CARTESIAN_POINT ( 'NONE',  ( 20.94674764498082098, 19.99999999999999645, 7.500000000000000888 ) ) ;
#2277 = EDGE_LOOP ( 'NONE', ( #1011, #4259, #641, #296, #4366 ) ) ;
#2278 = CARTESIAN_POINT ( 'NONE',  ( -7.499999999999996447, 22.99999999999998579, 8.586540306964575819 ) ) ;
#2279 = CARTESIAN_POINT ( 'NONE',  ( -3.947601704185012661, 7.574553002352261366, 5.800368087991961019 ) ) ;
#2280 = CARTESIAN_POINT ( 'NONE',  ( -7.499999999999995559, 9.999999999999987566, 24.50000000000000000 ) ) ;
#2281 = EDGE_LOOP ( 'NONE', ( #2389, #4721, #3331, #50 ) ) ;
#2282 = CARTESIAN_POINT ( 'NONE',  ( 13.58578643762690952, 9.999999999999994671, -76.21067811865475505 ) ) ;
#2283 = DIRECTION ( 'NONE',  ( 0.000000000000000000, 1.000000000000000000, 0.000000000000000000 ) ) ;
#2284 = CARTESIAN_POINT ( 'NONE',  ( 12.31279219184958862, 5.783490739000751724, 2.823672991107757824 ) ) ;
#2285 = ORIENTED_EDGE ( 'NONE', *, *, #2869, .T. ) ;
#2286 = CARTESIAN_POINT ( 'NONE',  ( -6.545791187145613144, 9.340229687525267721, -3.124094948532106120 ) ) ;
#2287 = DIRECTION ( 'NONE',  ( 0.000000000000000000, 0.000000000000000000, -1.000000000000000000 ) ) ;
#2288 = CARTESIAN_POINT ( 'NONE',  ( 8.327409022458569510, 8.439939973400917950, 2.744808625608826880 ) ) ;
#2289 = LINE ( 'NONE', #3846, #4003 ) ;
#2290 = CARTESIAN_POINT ( 'NONE',  ( 7.500000000000003553, 17.63504870010926240, 21.50000000000000000 ) ) ;
#2291 = ORIENTED_EDGE ( 'NONE', *, *, #4581, .T. ) ;
#2292 = VERTEX_POINT ( 'NONE', #118 ) ;
#2293 = CARTESIAN_POINT ( 'NONE',  ( 20.94674764498082098, 9.999999999999996447, 7.500000000000000888 ) ) ;
#2294 = DIRECTION ( 'NONE',  ( 0.000000000000000000, 0.000000000000000000, 1.000000000000000000 ) ) ;
#2295 = ADVANCED_FACE ( 'NONE', ( #1606 ), #3117, .T. ) ;
#2296 = ORIENTED_EDGE ( 'NONE', *, *, #2712, .F. ) ;
#2297 = DIRECTION ( 'NONE',  ( -1.156482317317871478E-16, 1.000000000000000000, -0.000000000000000000 ) ) ;
#2298 = EDGE_CURVE ( 'NONE', #2439, #2434, #3526, .T. ) ;
#2299 = DIRECTION ( 'NONE',  ( 1.000000000000000000, 0.000000000000000000, 0.000000000000000000 ) ) ;
#2300 = CARTESIAN_POINT ( 'NONE',  ( -11.99999999999999645, 5.000000000000000000, 7.499999999999999112 ) ) ;
#2301 = CARTESIAN_POINT ( 'NONE',  ( -6.009350835712320205, 9.972818459803535873, 7.404982137479369619 ) ) ;
#2302 = CARTESIAN_POINT ( 'NONE',  ( 0.000000000000000000, 5.000000000000000000, 0.000000000000000000 ) ) ;
#2303 = CARTESIAN_POINT ( 'NONE',  ( -15.00000000000000355, 4.999999999999990230, -3.500000000000000000 ) ) ;
#2304 = ORIENTED_EDGE ( 'NONE', *, *, #357, .F. ) ;
#2305 = CARTESIAN_POINT ( 'NONE',  ( -12.00865242150284651, 5.993500821759674579, 2.186901889529602627 ) ) ;
#2306 = CYLINDRICAL_SURFACE ( 'NONE', #1941, 3.000000000000000000 ) ;
#2307 = CARTESIAN_POINT ( 'NONE',  ( 12.15303749382628240, 5.889661484608274655, 2.455489222443768327 ) ) ;
#2308 = ORIENTED_EDGE ( 'NONE', *, *, #4099, .F. ) ;
#2309 = CARTESIAN_POINT ( 'NONE',  ( -8.327409022458306609, 8.439939973400601758, -2.744808625608738062 ) ) ;
#2310 = CARTESIAN_POINT ( 'NONE',  ( -7.499999999999996447, 29.99999999999999645, -1.160254037844380637 ) ) ;
#2311 = CARTESIAN_POINT ( 'NONE',  ( -29.99999999999999645, 14.99999999999999645, -7.833828036843772047 ) ) ;
#2312 = DIRECTION ( 'NONE',  ( 0.000000000000000000, 0.000000000000000000, 1.000000000000000000 ) ) ;
#2313 = LINE ( 'NONE', #1158, #153 ) ;
#2314 = VERTEX_POINT ( 'NONE', #3572 ) ;
#2315 = EDGE_LOOP ( 'NONE', ( #3756, #1553, #767, #1047 ) ) ;
#2316 = CARTESIAN_POINT ( 'NONE',  ( 11.63489631398711666, 6.301865085417331258, -1.503058554216872178 ) ) ;
#2317 = DIRECTION ( 'NONE',  ( -0.000000000000000000, -0.000000000000000000, -1.000000000000000000 ) ) ;
#2318 = AXIS2_PLACEMENT_3D ( 'NONE', #1898, #4234, #2268 ) ;
#2319 = LINE ( 'NONE', #471, #2426 ) ;
#2320 = DIRECTION ( 'NONE',  ( -1.156482317317871478E-16, 1.000000000000000000, 0.000000000000000000 ) ) ;
#2321 = DIRECTION ( 'NONE',  ( 0.000000000000000000, 0.000000000000000000, -1.000000000000000000 ) ) ;
#2322 = ADVANCED_FACE ( 'NONE', ( #2865 ), #2845, .T. ) ;
#2323 = CARTESIAN_POINT ( 'NONE',  ( -4.222737014782298459, 8.624325204097406328, 5.950284620926899137 ) ) ;
#2324 = DIRECTION ( 'NONE',  ( 0.000000000000000000, 0.000000000000000000, 1.000000000000000000 ) ) ;
#2325 = ORIENTED_EDGE ( 'NONE', *, *, #2765, .F. ) ;
#2326 = CARTESIAN_POINT ( 'NONE',  ( -14.59243008997119340, 5.000000000000000000, -7.081068633467008766 ) ) ;
#2327 = AXIS2_PLACEMENT_3D ( 'NONE', #2808, #506, #899 ) ;
#2328 = DIRECTION ( 'NONE',  ( -1.000000000000000000, 0.000000000000000000, 0.000000000000000000 ) ) ;
#2329 = ORIENTED_EDGE ( 'NONE', *, *, #3835, .F. ) ;
#2330 = DIRECTION ( 'NONE',  ( -1.000000000000000000, 5.209107462460914720E-16, 0.000000000000000000 ) ) ;
#2331 = VECTOR ( 'NONE', #3539, 1000.000000000000000 ) ;
#2332 = EDGE_CURVE ( 'NONE', #2410, #3340, #3999, .T. ) ;
#2333 = CARTESIAN_POINT ( 'NONE',  ( 12.81273892165488881, 5.496878402526196972, -6.929572331356752990 ) ) ;
#2334 = CARTESIAN_POINT ( 'NONE',  ( 13.46523162108928773, 9.999999999999799272, 3.148309751024349623 ) ) ;
#2335 = AXIS2_PLACEMENT_3D ( 'NONE', #3748, #3429, #1459 ) ;
#2336 = CYLINDRICAL_SURFACE ( 'NONE', #1260, 3.499999999999999556 ) ;
#2337 = CARTESIAN_POINT ( 'NONE',  ( 4.382367080816838900, 8.855273697207660888, -6.056651892149169214 ) ) ;
#2338 = ORIENTED_EDGE ( 'NONE', *, *, #1363, .T. ) ;
#2339 = ORIENTED_EDGE ( 'NONE', *, *, #2144, .T. ) ;
#2340 = CIRCLE ( 'NONE', #2418, 1.999999999999999556 ) ;
#2341 = DIRECTION ( 'NONE',  ( 0.000000000000000000, 0.000000000000000000, 1.000000000000000000 ) ) ;
#2342 = CARTESIAN_POINT ( 'NONE',  ( -1.499999999999994893, 24.99999999999998579, 26.50000000000000000 ) ) ;
#2343 = VECTOR ( 'NONE', #1395, 1000.000000000000000 ) ;
#2344 = VECTOR ( 'NONE', #4299, 1000.000000000000000 ) ;
#2345 = CARTESIAN_POINT ( 'NONE',  ( -24.94674764498082453, 19.99999999999998934, -5.500000000000005329 ) ) ;
#2346 = CARTESIAN_POINT ( 'NONE',  ( 22.11832052023462936, 9.999999999999996447, 7.500000000000000888 ) ) ;
#2347 = CARTESIAN_POINT ( 'NONE',  ( 11.91456918643200602, 6.065492611773273701, -2.020234376529062015 ) ) ;
#2348 = AXIS2_PLACEMENT_3D ( 'NONE', #337, #2990, #3258 ) ;
#2349 = CARTESIAN_POINT ( 'NONE',  ( -15.00000000000000000, 0.000000000000000000, 0.000000000000000000 ) ) ;
#2350 = CARTESIAN_POINT ( 'NONE',  ( -11.97329493578238058, 6.017298816067700784, -1.771338250002738146 ) ) ;
#2351 = CARTESIAN_POINT ( 'NONE',  ( 2.032104643287113952E-14, 22.99999999999998579, 8.586540306964575819 ) ) ;
#2352 = ORIENTED_EDGE ( 'NONE', *, *, #655, .F. ) ;
#2353 = DIRECTION ( 'NONE',  ( 0.000000000000000000, 0.000000000000000000, -1.000000000000000000 ) ) ;
#2354 = EDGE_CURVE ( 'NONE', #544, #1947, #2392, .T. ) ;
#2355 = CARTESIAN_POINT ( 'NONE',  ( -15.00000000000000000, 0.000000000000000000, -1.999999999999999556 ) ) ;
#2356 = ADVANCED_FACE ( 'NONE', ( #2416 ), #992, .F. ) ;
#2358 = ADVANCED_FACE ( 'NONE', ( #1285 ), #2116, .T. ) ;
#2357 = CARTESIAN_POINT ( 'NONE',  ( 12.35205975656695010, 5.758723419804404386, 2.961391301664417330 ) ) ;
#2359 = ORIENTED_EDGE ( 'NONE', *, *, #720, .F. ) ;
#2360 = CARTESIAN_POINT ( 'NONE',  ( -11.28578643762686973, 7.528545318252626295, 5.799647993902236287 ) ) ;
#2361 = SURFACE_STYLE_USAGE ( .BOTH. , #3517 ) ;
#2362 = CARTESIAN_POINT ( 'NONE',  ( 8.886850095072880151, 8.276408922869032736, -2.451030850847559339 ) ) ;
#2363 = CARTESIAN_POINT ( 'NONE',  ( -13.58578643762692018, 7.699999999999992184, -5.500000000000000888 ) ) ;
#2364 = ORIENTED_EDGE ( 'NONE', *, *, #3096, .F. ) ;
#2365 = B_SPLINE_CURVE_WITH_KNOTS ( 'NONE', 3,
 ( #3019, #3286, #4430, #1810, #3712, #1432 ),
 .UNSPECIFIED., .F., .F.,
 ( 4, 2, 4 ),
 ( 0.001264519501908655018, 0.002074871732662978297, 0.002885223963417301793 ),
 .UNSPECIFIED. ) ;
#2366 = EDGE_CURVE ( 'NONE', #3668, #4396, #3455, .T. ) ;
#2367 = EDGE_LOOP ( 'NONE', ( #321, #2461 ) ) ;
#2368 = DIRECTION ( 'NONE',  ( 0.000000000000000000, 0.000000000000000000, 1.000000000000000000 ) ) ;
#2369 = CARTESIAN_POINT ( 'NONE',  ( -11.49944504913217003, 9.999999998185895578, 0.2696224358389676667 ) ) ;
#2370 = ORIENTED_EDGE ( 'NONE', *, *, #827, .T. ) ;
#2371 = DIRECTION ( 'NONE',  ( 1.000000000000000000, 0.000000000000000000, 0.000000000000000000 ) ) ;
#2372 = CARTESIAN_POINT ( 'NONE',  ( -9.499999999999996447, 9.999999999999989342, 7.500000000000000888 ) ) ;
#2373 = CYLINDRICAL_SURFACE ( 'NONE', #1296, 2.000000000000001776 ) ;
#2374 = CARTESIAN_POINT ( 'NONE',  ( -12.21942874710995852, 5.841722018207792466, -2.137055509172578027 ) ) ;
#2375 = CYLINDRICAL_SURFACE ( 'NONE', #250, 2.499999999999998668 ) ;
#2376 = EDGE_LOOP ( 'NONE', ( #1715, #3967 ) ) ;
#2377 = CARTESIAN_POINT ( 'NONE',  ( -12.16953814787199128, 5.878288786262795718, 2.488250098201485905 ) ) ;
#2378 = DIRECTION ( 'NONE',  ( -0.000000000000000000, -1.000000000000000000, -0.000000000000000000 ) ) ;
#2379 = CARTESIAN_POINT ( 'NONE',  ( -3.268805661071170654, 19.99999999999999645, -0.6432869209516846043 ) ) ;
#2380 = EDGE_LOOP ( 'NONE', ( #2127, #881 ) ) ;
#2381 = CARTESIAN_POINT ( 'NONE',  ( -11.24587532932669554, 6.697220198118232659, -0.3264452770795272518 ) ) ;
#2382 = CARTESIAN_POINT ( 'NONE',  ( -11.42246223663651961, 6.506865845571583762, 1.017351401102401631 ) ) ;
#2383 = CARTESIAN_POINT ( 'NONE',  ( -11.63489631395772861, 6.301865085444115167, 1.503058554159331095 ) ) ;
#2384 = CARTESIAN_POINT ( 'NONE',  ( -13.58578643762692373, 9.999999999999992895, -76.21067811865475505 ) ) ;
#2385 = CARTESIAN_POINT ( 'NONE',  ( 5.121759111151609645, 9.692082641165914225, 6.810314959546701630 ) ) ;
#2386 = CARTESIAN_POINT ( 'NONE',  ( -33.00000000000000000, 11.99999999999998934, -5.500000000000005329 ) ) ;
#2387 = ORIENTED_EDGE ( 'NONE', *, *, #2180, .T. ) ;
#2388 = DIRECTION ( 'NONE',  ( -0.000000000000000000, -0.000000000000000000, -1.000000000000000000 ) ) ;
#2389 = ORIENTED_EDGE ( 'NONE', *, *, #3798, .T. ) ;
#2390 = ADVANCED_FACE ( 'NONE', ( #530 ), #4637, .T. ) ;
#2391 = CYLINDRICAL_SURFACE ( 'NONE', #1637, 2.000000000000000000 ) ;
#2392 = LINE ( 'NONE', #173, #3679 ) ;
#2393 = ORIENTED_EDGE ( 'NONE', *, *, #2082, .T. ) ;
#2394 = ADVANCED_FACE ( 'NONE', ( #1660 ), #3169, .F. ) ;
#2395 = PLANE ( 'NONE',  #4712 ) ;
#2396 = CARTESIAN_POINT ( 'NONE',  ( 12.30829983665683436, 5.786347062176789180, -2.809869184540542353 ) ) ;
#2397 = CARTESIAN_POINT ( 'NONE',  ( 0.000000000000000000, 8.999999999999998224, 10.50000000000000000 ) ) ;
#2398 = CARTESIAN_POINT ( 'NONE',  ( -11.91941851483352011, 9.291605654522889779, 6.355883375606718566 ) ) ;
#2399 = CIRCLE ( 'NONE', #2318, 1.500000000000001332 ) ;
#2400 = VERTEX_POINT ( 'NONE', #2457 ) ;
#2401 = CARTESIAN_POINT ( 'NONE',  ( 20.94674764498082098, 9.999999999999996447, 5.500000000000000888 ) ) ;
#2402 = ADVANCED_FACE ( 'NONE', ( #4707 ), #1337, .T. ) ;
#2403 = CARTESIAN_POINT ( 'NONE',  ( -1.583482331840891044, 21.36192372875000700, 3.908321000938901779 ) ) ;
#2404 = ORIENTED_EDGE ( 'NONE', *, *, #1329, .T. ) ;
#2405 = FACE_OUTER_BOUND ( 'NONE', #2812, .T. ) ;
#2406 = CARTESIAN_POINT ( 'NONE',  ( -11.27421982966566993, 6.665549202290807607, -0.4825327743952173565 ) ) ;
#2407 = CARTESIAN_POINT ( 'NONE',  ( 5.448779074818061119, 9.862255040237835502, 7.114366156711554368 ) ) ;
#2408 = CARTESIAN_POINT ( 'NONE',  ( 11.22984968466595213, 6.715800428066035721, -0.1562956752869905375 ) ) ;
#2409 = VECTOR ( 'NONE', #1373, 1000.000000000000000 ) ;
#2410 = VERTEX_POINT ( 'NONE', #4353 ) ;
#2411 = EDGE_CURVE ( 'NONE', #1689, #3814, #2481, .T. ) ;
#2412 = EDGE_LOOP ( 'NONE', ( #3987, #3025, #649, #1402 ) ) ;
#2413 = CIRCLE ( 'NONE', #3055, 1.500000000000001332 ) ;
#2414 = LINE ( 'NONE', #1706, #1953 ) ;
#2415 = EDGE_CURVE ( 'NONE', #3655, #4000, #554, .T. ) ;
#2416 = FACE_OUTER_BOUND ( 'NONE', #4638, .T. ) ;
#2417 = ORIENTED_EDGE ( 'NONE', *, *, #3684, .T. ) ;
#2418 = AXIS2_PLACEMENT_3D ( 'NONE', #1813, #3673, #663 ) ;
#2419 = CIRCLE ( 'NONE', #1480, 2.999999999999999112 ) ;
#2420 = CIRCLE ( 'NONE', #1475, 3.499999999999997780 ) ;
#2421 = CARTESIAN_POINT ( 'NONE',  ( 7.583484011881654219, 21.36191752444939951, 3.908311055938893386 ) ) ;
#2422 = DIRECTION ( 'NONE',  ( 0.000000000000000000, 0.000000000000000000, -1.000000000000000000 ) ) ;
#2423 = LINE ( 'NONE', #1686, #1087 ) ;
#2424 = CARTESIAN_POINT ( 'NONE',  ( 11.06502963197281453, 6.899542101647455183, -0.5174083177027349878 ) ) ;
#2425 = ORIENTED_EDGE ( 'NONE', *, *, #3451, .F. ) ;
#2426 = VECTOR ( 'NONE', #1954, 1000.000000000000000 ) ;
#2427 = FACE_OUTER_BOUND ( 'NONE', #2112, .T. ) ;
#2428 = CARTESIAN_POINT ( 'NONE',  ( 15.00000000000000000, 5.000000000000000000, -3.499999999999998224 ) ) ;
#2429 = CARTESIAN_POINT ( 'NONE',  ( -11.57607774441212811, 8.858323654853064610, 3.201562118716433147 ) ) ;
#2430 = ORIENTED_EDGE ( 'NONE', *, *, #587, .T. ) ;
#2431 = CARTESIAN_POINT ( 'NONE',  ( 12.00000000000000000, 5.000000000000000000, -0.5000000000000013323 ) ) ;
#2432 = CARTESIAN_POINT ( 'NONE',  ( 1.500000000000005329, 24.99999999999998579, 26.50000000000000000 ) ) ;
#2433 = LINE ( 'NONE', #987, #2896 ) ;
#2434 = VERTEX_POINT ( 'NONE', #3600 ) ;
#2435 = DIRECTION ( 'NONE',  ( 0.000000000000000000, 0.000000000000000000, 1.000000000000000000 ) ) ;
#2436 = ORIENTED_EDGE ( 'NONE', *, *, #2463, .T. ) ;
#2437 = CARTESIAN_POINT ( 'NONE',  ( 11.50000000000000178, 4.999999999999997335, 0.000000000000000000 ) ) ;
#2438 = CARTESIAN_POINT ( 'NONE',  ( 9.500000000000001776, 24.99999999999998579, 9.500000000000001776 ) ) ;
#2439 = VERTEX_POINT ( 'NONE', #3551 ) ;
#2440 = EDGE_CURVE ( 'NONE', #946, #3198, #241, .T. ) ;
#2441 = CARTESIAN_POINT ( 'NONE',  ( 7.500000000000003553, 17.63504870010926240, 21.50000000000000000 ) ) ;
#2442 = CARTESIAN_POINT ( 'NONE',  ( -13.41459714525794489, 5.252916120054971216, -3.128784834165282192 ) ) ;
#2443 = ADVANCED_FACE ( 'NONE', ( #4729 ), #1359, .T. ) ;
#2444 = ORIENTED_EDGE ( 'NONE', *, *, #4504, .T. ) ;
#2445 = CARTESIAN_POINT ( 'NONE',  ( -11.89844681572456864, 6.078210656000493373, 1.991770446041463138 ) ) ;
#2446 = CARTESIAN_POINT ( 'NONE',  ( -13.58578643762692373, 9.999999999999991118, 3.201562118716432703 ) ) ;
#2447 = CARTESIAN_POINT ( 'NONE',  ( -6.639022891491583422, 9.999999999999987566, -5.500000000000000888 ) ) ;
#2448 = LINE ( 'NONE', #4693, #769 ) ;
#2449 = EDGE_LOOP ( 'NONE', ( #2900, #3146, #2915, #3579 ) ) ;
#2450 = LINE ( 'NONE', #3160, #1549 ) ;
#2451 = LINE ( 'NONE', #505, #2344 ) ;
#2452 = LINE ( 'NONE', #4675, #1781 ) ;
#2453 = CARTESIAN_POINT ( 'NONE',  ( 11.24461056939657233, 6.698668160833494589, -0.3162175322869306138 ) ) ;
#2454 = VERTEX_POINT ( 'NONE', #4425 ) ;
#2455 = ORIENTED_EDGE ( 'NONE', *, *, #2170, .F. ) ;
#2456 = LINE ( 'NONE', #1358, #3604 ) ;
#2457 = CARTESIAN_POINT ( 'NONE',  ( -18.50000000000000000, 9.999999999999991118, 0.000000000000000000 ) ) ;
#2458 = DIRECTION ( 'NONE',  ( 0.000000000000000000, 0.000000000000000000, -1.000000000000000000 ) ) ;
#2459 = EDGE_LOOP ( 'NONE', ( #4383, #4617, #453, #3896, #748, #1744, #4351, #4098, #513, #3295, #1502, #806, #2156 ) ) ;
#2460 = DIRECTION ( 'NONE',  ( 1.239088197126290570E-16, -1.000000000000000000, 0.000000000000000000 ) ) ;
#2461 = ORIENTED_EDGE ( 'NONE', *, *, #2554, .T. ) ;
#2462 = AXIS2_PLACEMENT_3D ( 'NONE', #198, #1313, #2826 ) ;
#2463 = EDGE_CURVE ( 'NONE', #174, #354, #2645, .T. ) ;
#2464 = CARTESIAN_POINT ( 'NONE',  ( -9.499999999999994671, 9.999999999999987566, 9.500000000000001776 ) ) ;
#2465 = CARTESIAN_POINT ( 'NONE',  ( 11.68830805198041034, 6.252177324930342728, -1.155208713487154926 ) ) ;
#2466 = CARTESIAN_POINT ( 'NONE',  ( -1.499999999999994671, 21.99999999999999645, 4.839745962155614478 ) ) ;
#2467 = ORIENTED_EDGE ( 'NONE', *, *, #2605, .T. ) ;
#2468 = DIRECTION ( 'NONE',  ( -1.000000000000000000, 0.000000000000000000, 0.000000000000000000 ) ) ;
#2469 = CARTESIAN_POINT ( 'NONE',  ( -19.99999999999999289, 5.000000000000000000, 7.499999999999999112 ) ) ;
#2470 = CIRCLE ( 'NONE', #4518, 2.499999999999998668 ) ;
#2471 = CARTESIAN_POINT ( 'NONE',  ( -11.78507843461198412, 6.170603017105385391, -1.789281027342944252 ) ) ;
#2472 = DIRECTION ( 'NONE',  ( 0.000000000000000000, 0.000000000000000000, 1.000000000000000000 ) ) ;
#2473 = DIRECTION ( 'NONE',  ( -0.000000000000000000, 1.000000000000000000, -0.000000000000000000 ) ) ;
#2474 = ORIENTED_EDGE ( 'NONE', *, *, #1583, .T. ) ;
#2475 = ORIENTED_EDGE ( 'NONE', *, *, #3172, .T. ) ;
#2476 = ADVANCED_FACE ( 'NONE', ( #1775 ), #4406, .T. ) ;
#2477 = VECTOR ( 'NONE', #3545, 1000.000000000000000 ) ;
#2478 = CARTESIAN_POINT ( 'NONE',  ( -11.65735280360000559, 6.281498829242333493, 1.547970360023288805 ) ) ;
#2479 = CARTESIAN_POINT ( 'NONE',  ( 35.00000000000000000, 7.777638894181504448, -8.092546298060506516 ) ) ;
#2480 = CIRCLE ( 'NONE', #1153, 8.000000000000000000 ) ;
#2481 = LINE ( 'NONE', #2820, #1254 ) ;
#2482 = FACE_BOUND ( 'NONE', #4677, .T. ) ;
#2483 = VERTEX_POINT ( 'NONE', #4777 ) ;
#2484 = CIRCLE ( 'NONE', #4771, 2.000000000000000000 ) ;
#2485 = CARTESIAN_POINT ( 'NONE',  ( 8.098857880135186704, 20.56739912959088556, 2.170815090354632382 ) ) ;
#2486 = VECTOR ( 'NONE', #1084, 1000.000000000000000 ) ;
#2487 = VERTEX_POINT ( 'NONE', #4036 ) ;
#2488 = EDGE_CURVE ( 'NONE', #3159, #3849, #4475, .T. ) ;
#2489 = CARTESIAN_POINT ( 'NONE',  ( 2.009985709683316468, 20.65941007123049999, 2.421122834649208411 ) ) ;
#2490 = CARTESIAN_POINT ( 'NONE',  ( 11.86582665261337510, 6.102509039025823867, -1.574410416259292678 ) ) ;
#2491 = DIRECTION ( 'NONE',  ( 1.000000000000000000, -0.000000000000000000, -0.000000000000000000 ) ) ;
#2492 = CIRCLE ( 'NONE', #4854, 3.499999999999999556 ) ;
#2493 = ORIENTED_EDGE ( 'NONE', *, *, #3120, .T. ) ;
#2494 = CARTESIAN_POINT ( 'NONE',  ( -12.18464435723607409, 5.861527883869727340, 6.604443307449100686 ) ) ;
#2495 = EDGE_CURVE ( 'NONE', #73, #2814, #872, .T. ) ;
#2496 = AXIS2_PLACEMENT_3D ( 'NONE', #1684, #533, #1737 ) ;
#2497 = EDGE_CURVE ( 'NONE', #3993, #1573, #3608, .T. ) ;
#2498 = CARTESIAN_POINT ( 'NONE',  ( -11.84241516791879789, 6.123147954975628693, -1.892456797012807446 ) ) ;
#2499 = EDGE_CURVE ( 'NONE', #2487, #1829, #3302, .T. ) ;
#2500 = CARTESIAN_POINT ( 'NONE',  ( -29.99999999999999645, 14.99999999999999645, 5.500000000000001776 ) ) ;
#2501 = CARTESIAN_POINT ( 'NONE',  ( 12.01170375376791277, 6.008277211470722357, -6.488706335181534612 ) ) ;
#2502 = EDGE_LOOP ( 'NONE', ( #686, #4345, #3794, #4527 ) ) ;
#2503 = EDGE_LOOP ( 'NONE', ( #2779, #1257, #2684, #4117, #2892 ) ) ;
#2504 = AXIS2_PLACEMENT_3D ( 'NONE', #821, #30, #2312 ) ;
#2505 = CARTESIAN_POINT ( 'NONE',  ( -35.00000000000000000, 9.999999999999989342, -5.500000000000005329 ) ) ;
#2506 = DIRECTION ( 'NONE',  ( 1.239088197126290570E-16, -1.000000000000000000, 0.000000000000000000 ) ) ;
#2507 = CARTESIAN_POINT ( 'NONE',  ( 2.639022891491583422, 9.999999999999987566, 5.500000000000000888 ) ) ;
#2508 = EDGE_LOOP ( 'NONE', ( #2940, #4482, #3682, #759, #1452, #1503 ) ) ;
#2509 = ORIENTED_EDGE ( 'NONE', *, *, #2107, .F. ) ;
#2510 = CARTESIAN_POINT ( 'NONE',  ( -12.36663669395068688, 5.749657982103194342, 3.034020336302833076 ) ) ;
#2511 = EDGE_CURVE ( 'NONE', #456, #3612, #595, .T. ) ;
#2512 = CARTESIAN_POINT ( 'NONE',  ( -6.477836016972807975, 9.999999999999996447, -7.500000000000001776 ) ) ;
#2513 = ORIENTED_EDGE ( 'NONE', *, *, #4823, .F. ) ;
#2514 = DIRECTION ( 'NONE',  ( 1.000000000000000000, -0.000000000000000000, 0.000000000000000000 ) ) ;
#2515 = CARTESIAN_POINT ( 'NONE',  ( 11.50000000000000178, 6.429285785728573011, -2.675185101785495235E-22 ) ) ;
#2516 = CARTESIAN_POINT ( 'NONE',  ( 6.639022891491583422, 9.999999999999987566, 5.500000000000000888 ) ) ;
#2517 = ORIENTED_EDGE ( 'NONE', *, *, #1796, .T. ) ;
#2518 = CARTESIAN_POINT ( 'NONE',  ( 14.99999999999999822, 19.99999999999999645, 0.000000000000000000 ) ) ;
#2519 = EDGE_LOOP ( 'NONE', ( #4735, #4128 ) ) ;
#2520 = CARTESIAN_POINT ( 'NONE',  ( -12.38108599560540846, 5.740740740740725379, -3.201562118716426042 ) ) ;
#2521 = CARTESIAN_POINT ( 'NONE',  ( -6.550411902542728981, 9.337434771719259174, 3.123013875138321627 ) ) ;
#2522 = CARTESIAN_POINT ( 'NONE',  ( 11.36934886352563723, 6.562138596800813239, 0.8628012331788954548 ) ) ;
#2523 = ORIENTED_EDGE ( 'NONE', *, *, #2525, .T. ) ;
#2524 = ORIENTED_EDGE ( 'NONE', *, *, #1841, .F. ) ;
#2525 = EDGE_CURVE ( 'NONE', #4277, #3033, #1022, .T. ) ;
#2526 = CYLINDRICAL_SURFACE ( 'NONE', #774, 2.000000000000000000 ) ;
#2527 = DIRECTION ( 'NONE',  ( 1.000000000000000000, 0.000000000000000000, 0.000000000000000000 ) ) ;
#2528 = LINE ( 'NONE', #742, #4785 ) ;
#2529 = CYLINDRICAL_SURFACE ( 'NONE', #2970, 2.999999999999999112 ) ;
#2530 = EDGE_CURVE ( 'NONE', #538, #927, #3150, .T. ) ;
#2531 = VERTEX_POINT ( 'NONE', #4104 ) ;
#2532 = ORIENTED_EDGE ( 'NONE', *, *, #2511, .F. ) ;
#2533 = CARTESIAN_POINT ( 'NONE',  ( 4.000412685944398028, 7.358240256215840880, 5.826393408007006336 ) ) ;
#2534 = EDGE_CURVE ( 'NONE', #1815, #3979, #2528, .T. ) ;
#2535 = VERTEX_POINT ( 'NONE', #3734 ) ;
#2536 = CARTESIAN_POINT ( 'NONE',  ( 1.500000000000005107, 21.65683487396128371, 4.382192460770673925 ) ) ;
#2537 = SHAPE_DEFINITION_REPRESENTATION ( #3217, #805 ) ;
#2538 = DIRECTION ( 'NONE',  ( 0.000000000000000000, 0.000000000000000000, 1.000000000000000000 ) ) ;
#2539 = ORIENTED_EDGE ( 'NONE', *, *, #3801, .T. ) ;
#2540 = DIRECTION ( 'NONE',  ( 1.000000000000000000, 0.000000000000000000, 0.000000000000000000 ) ) ;
#2541 = CARTESIAN_POINT ( 'NONE',  ( -3.967957692701676642, 8.099478883851672251, -5.810279217973566723 ) ) ;
#2542 = EDGE_CURVE ( 'NONE', #4501, #2487, #2039, .T. ) ;
#2543 = FACE_OUTER_BOUND ( 'NONE', #1827, .T. ) ;
#2544 = FACE_OUTER_BOUND ( 'NONE', #4802, .T. ) ;
#2545 = ORIENTED_EDGE ( 'NONE', *, *, #4132, .T. ) ;
#2546 = EDGE_LOOP ( 'NONE', ( #870, #788 ) ) ;
#2547 = CIRCLE ( 'NONE', #4118, 2.000000000000000000 ) ;
#2548 = FACE_OUTER_BOUND ( 'NONE', #1114, .T. ) ;
#2549 = FACE_OUTER_BOUND ( 'NONE', #1507, .T. ) ;
#2550 = CARTESIAN_POINT ( 'NONE',  ( -10.83262525327215720, 9.013134852557561416, 0.7668829803006793622 ) ) ;
#2551 = ORIENTED_EDGE ( 'NONE', *, *, #4752, .F. ) ;
#2552 = B_SPLINE_CURVE_WITH_KNOTS ( 'NONE', 3,
 ( #3654, #4794, #4470, #2501, #1076, #2939 ),
 .UNSPECIFIED., .F., .F.,
 ( 4, 2, 4 ),
 ( 0.000000000000000000, 0.0007478947853898099693, 0.001495789570779619939 ),
 .UNSPECIFIED. ) ;
#2553 = ORIENTED_EDGE ( 'NONE', *, *, #1583, .F. ) ;
#2554 = EDGE_CURVE ( 'NONE', #2292, #4231, #1878, .T. ) ;
#2555 = CARTESIAN_POINT ( 'NONE',  ( -13.18169022548484826, 9.965403206128595315, -7.381342911365615933 ) ) ;
#2556 = AXIS2_PLACEMENT_3D ( 'NONE', #3546, #1676, #3183 ) ;
#2557 = ORIENTED_EDGE ( 'NONE', *, *, #1336, .T. ) ;
#2558 = VECTOR ( 'NONE', #654, 1000.000000000000000 ) ;
#2559 = AXIS2_PLACEMENT_3D ( 'NONE', #2230, #4422, #4034 ) ;
#2560 = CARTESIAN_POINT ( 'NONE',  ( 12.12691055369717219, 9.483724129150091997, -6.544203109789089368 ) ) ;
#2561 = CARTESIAN_POINT ( 'NONE',  ( 4.358621320152868961, 6.736368322558340616, -6.041752403815749517 ) ) ;
#2562 = CARTESIAN_POINT ( 'NONE',  ( -33.00000000000000000, 11.99999999999998934, -76.21067811865475505 ) ) ;
#2563 = EDGE_LOOP ( 'NONE', ( #1628, #3289, #255, #4217 ) ) ;
#2564 = CARTESIAN_POINT ( 'NONE',  ( -4.222544327810181741, 8.624027923809450158, -5.950163973657702776 ) ) ;
#2565 = CARTESIAN_POINT ( 'NONE',  ( -14.75901370647230060, 4.999999999999998224, 3.500000000000000444 ) ) ;
#2566 = CIRCLE ( 'NONE', #1161, 2.000000000000003109 ) ;
#2567 = AXIS2_PLACEMENT_3D ( 'NONE', #1417, #1464, #2176 ) ;
#2568 = VERTEX_POINT ( 'NONE', #4749 ) ;
#2569 = CIRCLE ( 'NONE', #939, 8.000000000000000000 ) ;
#2570 = CARTESIAN_POINT ( 'NONE',  ( -9.484832957770235495, 8.355137428461935301, 1.661724375290410505 ) ) ;
#2571 = DIRECTION ( 'NONE',  ( 0.000000000000000000, 0.000000000000000000, -1.000000000000000000 ) ) ;
#2572 = ORIENTED_EDGE ( 'NONE', *, *, #3897, .T. ) ;
#2573 = VERTEX_POINT ( 'NONE', #4798 ) ;
#2574 = VECTOR ( 'NONE', #4626, 1000.000000000000000 ) ;
#2575 = CYLINDRICAL_SURFACE ( 'NONE', #1482, 4.999999999999999112 ) ;
#2576 = DIRECTION ( 'NONE',  ( 0.000000000000000000, 0.000000000000000000, -1.000000000000000000 ) ) ;
#2577 = AXIS2_PLACEMENT_3D ( 'NONE', #3188, #3951, #3899 ) ;
#2578 = CARTESIAN_POINT ( 'NONE',  ( 11.96238166377630563, 9.999999999999996447, -1.820318043692201515 ) ) ;
#2579 = ORIENTED_EDGE ( 'NONE', *, *, #3240, .F. ) ;
#2580 = ORIENTED_EDGE ( 'NONE', *, *, #486, .T. ) ;
#2581 = CARTESIAN_POINT ( 'NONE',  ( 13.27176784484789707, 5.301550387162082600, -7.132317543918406777 ) ) ;
#2582 = CARTESIAN_POINT ( 'NONE',  ( -6.008969804290334338, 9.972759904370192885, -7.404799700161701637 ) ) ;
#2583 = ORIENTED_EDGE ( 'NONE', *, *, #1602, .F. ) ;
#2584 = EDGE_CURVE ( 'NONE', #168, #3509, #1651, .T. ) ;
#2585 = CARTESIAN_POINT ( 'NONE',  ( -1.499999999999994671, 20.13504870010926240, 21.50000000000000000 ) ) ;
#2586 = APPLICATION_PROTOCOL_DEFINITION ( 'draft international standard', 'automotive_design', 1998, #1335 ) ;
#2587 = LINE ( 'NONE', #685, #309 ) ;
#2588 = ORIENTED_EDGE ( 'NONE', *, *, #2499, .T. ) ;
#2589 = EDGE_CURVE ( 'NONE', #150, #4277, #1380, .T. ) ;
#2590 = CARTESIAN_POINT ( 'NONE',  ( -1.499999999999995115, 30.00000000000000000, -1.160254037844380637 ) ) ;
#2591 = DIRECTION ( 'NONE',  ( -0.000000000000000000, -0.000000000000000000, 1.000000000000000000 ) ) ;
#2592 = CARTESIAN_POINT ( 'NONE',  ( -20.94674764498082098, 9.999999999999996447, 5.500000000000000888 ) ) ;
#2593 = CARTESIAN_POINT ( 'NONE',  ( 11.76003343502935827, 6.191743154274913508, 1.743408489976332909 ) ) ;
#2594 = VERTEX_POINT ( 'NONE', #3325 ) ;
#2595 = DIRECTION ( 'NONE',  ( -0.000000000000000000, -1.000000000000000000, -0.000000000000000000 ) ) ;
#2596 = ADVANCED_FACE ( 'NONE', ( #2549 ), #3279, .F. ) ;
#2597 = B_SPLINE_CURVE_WITH_KNOTS ( 'NONE', 3,
 ( #2719, #272, #2927, #3234, #3995, #2510, #3933, #175, #2094, #3575, #3553, #4713, #1310, #1711, #3972, #3285, #2141, #3487, #890, #4590, #1220, #2377, #4545, #152, #3156, #2723, #3910, #3435, #2672, #4171, #2305, #1934, #1570, #3244, #2069, #611, #3355, #3938, #2053, #2445, #4689, #4319, #4002, #956, #610, #1365, #2123, #2074, #1346, #2873, #1717, #2902, #4391, #1784, #1162, #2478, #2383, #2783, #4246, #1318, #3106, #3912, #3904, #1814, #2168, #364, #1629, #1867, #2382, #1374, #1435, #2919, #1005, #1400, #581, #2066, #4281 ),
 .UNSPECIFIED., .F., .F.,
 ( 4, 1, 2, 2, 1, 2, 2, 1, 2, 2, 1, 1, 2, 2, 1, 1, 2, 2, 1, 1, 1, 2, 2, 2, 1, 1, 2, 2, 2, 1, 1, 1, 2, 2, 2, 1, 1, 2, 2, 2, 1, 2, 2, 2, 1, 2, 2, 4 ),
 ( 0.000000000000000000, 0.03124999999999199252, 0.04687499999998776673, 0.06249999999998354094, 0.09374999999997499223, 0.1093749999999705097, 0.1249999999999660272, 0.1562499999999576450, 0.1718749999999533429, 0.1874999999999490685, 0.2187499999999398537, 0.2343749999999351075, 0.2421874999999329703, 0.2499999999999308331, 0.2812499999999210076, 0.2968749999999154565, 0.3046874999999128475, 0.3124999999999102385, 0.3437499999998999689, 0.3593749999998950284, 0.3671874999998922529, 0.3710937499998913092, 0.3749999999998903655, 0.4062499999998864797, 0.4218749999998847589, 0.4296874999998837041, 0.4335937499998833156, 0.4374999999998829270, 0.4687499999998773204, 0.4843749999998742117, 0.4921874999998722688, 0.4960937499998709921, 0.4980468749998714362, 0.4999999999998718803, 0.5624999999998874234, 0.5937499999998955280, 0.6093749999998994138, 0.6171874999999010791, 0.6249999999999026334, 0.6874999999999187317, 0.7187499999999266143, 0.7343749999999306111, 0.7499999999999346079, 0.8124999999999497069, 0.8437499999999575895, 0.8593749999999616973, 0.8749999999999656941, 1.000000000000000000 ),
 .UNSPECIFIED. ) ;
#2598 = CARTESIAN_POINT ( 'NONE',  ( 8.066137596842128943, 8.538177619888575265, 2.846499409872598196 ) ) ;
#2599 = CARTESIAN_POINT ( 'NONE',  ( -11.28578643762869582, 9.999999999999991118, -3.201562118716440697 ) ) ;
#2600 = CARTESIAN_POINT ( 'NONE',  ( 4.500000000000004441, 11.99999999999998757, 24.50000000000000000 ) ) ;
#2601 = ORIENTED_EDGE ( 'NONE', *, *, #4248, .F. ) ;
#2602 = CARTESIAN_POINT ( 'NONE',  ( -18.50000000000000000, 4.999999999999990230, 0.000000000000000000 ) ) ;
#2603 = EDGE_LOOP ( 'NONE', ( #3975, #4038, #355, #202, #1933, #292, #3030, #1094, #793, #3416, #701, #2878, #378 ) ) ;
#2604 = CARTESIAN_POINT ( 'NONE',  ( 4.466079458196049679, 8.963640852386642877, 6.118073718088880675 ) ) ;
#2605 = EDGE_CURVE ( 'NONE', #3409, #1457, #4056, .T. ) ;
#2606 = B_SPLINE_CURVE_WITH_KNOTS ( 'NONE', 3,
 ( #4397, #1030, #4809, #327, #2494, #3249 ),
 .UNSPECIFIED., .F., .F.,
 ( 4, 2, 4 ),
 ( 0.000000000000000000, 0.0007478947853898100778, 0.001495789570779620156 ),
 .UNSPECIFIED. ) ;
#2607 = ORIENTED_EDGE ( 'NONE', *, *, #620, .F. ) ;
#2608 = CARTESIAN_POINT ( 'NONE',  ( -11.61328330458865210, 6.321662574570584781, -1.459101976664927136 ) ) ;
#2609 = ADVANCED_FACE ( 'NONE', ( #765 ), #2793, .F. ) ;
#2610 = CARTESIAN_POINT ( 'NONE',  ( 4.358621320152863632, 6.736368322558345056, 6.041752403815745964 ) ) ;
#2611 = LINE ( 'NONE', #3102, #3193 ) ;
#2612 = EDGE_LOOP ( 'NONE', ( #848, #1982, #768, #4335, #2467, #2215 ) ) ;
#2613 = DIRECTION ( 'NONE',  ( -1.000000000000000000, 0.000000000000000000, 0.000000000000000000 ) ) ;
#2614 = CARTESIAN_POINT ( 'NONE',  ( -13.41514354844522217, 9.995039661113722218, 7.480915066370799060 ) ) ;
#2615 = EDGE_LOOP ( 'NONE', ( #3585, #1040, #2627, #4257, #2018 ) ) ;
#2616 = EDGE_CURVE ( 'NONE', #2573, #4355, #3448, .T. ) ;
#2617 = CARTESIAN_POINT ( 'NONE',  ( 4.500000000000003553, 9.999999999999987566, 7.500000000000000000 ) ) ;
#2619 = ADVANCED_FACE ( 'NONE', ( #4126 ), #2336, .F. ) ;
#2618 = LINE ( 'NONE', #4520, #1635 ) ;
#2620 = ORIENTED_EDGE ( 'NONE', *, *, #1911, .T. ) ;
#2621 = FACE_OUTER_BOUND ( 'NONE', #3662, .T. ) ;
#2622 = CARTESIAN_POINT ( 'NONE',  ( 9.481025098555591057, 8.355532417240256748, 1.673735554533257064 ) ) ;
#2623 = DIRECTION ( 'NONE',  ( -1.000000000000000000, 0.000000000000000000, 0.000000000000000000 ) ) ;
#2624 = EDGE_CURVE ( 'NONE', #1268, #2454, #1894, .T. ) ;
#2625 = DIRECTION ( 'NONE',  ( -0.000000000000000000, -0.000000000000000000, 1.000000000000000000 ) ) ;
#2626 = ORIENTED_EDGE ( 'NONE', *, *, #3480, .F. ) ;
#2627 = ORIENTED_EDGE ( 'NONE', *, *, #1653, .F. ) ;
#2628 = VECTOR ( 'NONE', #1588, 1000.000000000000000 ) ;
#2629 = CARTESIAN_POINT ( 'NONE',  ( 11.39368641824710515, 6.536664466537194684, -0.9353483863696367973 ) ) ;
#2630 =( GEOMETRIC_REPRESENTATION_CONTEXT ( 3 ) GLOBAL_UNCERTAINTY_ASSIGNED_CONTEXT ( ( #986 ) ) GLOBAL_UNIT_ASSIGNED_CONTEXT ( ( #1068, #4113, #3333 ) ) REPRESENTATION_CONTEXT ( 'NONE', 'WORKASPACE' ) );
#2631 = CARTESIAN_POINT ( 'NONE',  ( 6.639022891491583422, 19.99999999999999289, -5.500000000000000888 ) ) ;
#2632 = B_SPLINE_CURVE_WITH_KNOTS ( 'NONE', 3,
 ( #164, #2385, #3163, #2407, #4275, #4700, #3921, #550, #2040, #3566 ),
 .UNSPECIFIED., .F., .F.,
 ( 4, 2, 2, 2, 4 ),
 ( 0.000000000000000000, 0.0004767958490809237528, 0.0009535916981618475056, 0.001430387547242771258, 0.001907183396323695011 ),
 .UNSPECIFIED. ) ;
#2633 = EDGE_LOOP ( 'NONE', ( #1002, #4279, #1029, #4318 ) ) ;
#2634 = CARTESIAN_POINT ( 'NONE',  ( -11.60912245099785167, 6.325496996733644295, -1.450551488585782423 ) ) ;
#2635 = CIRCLE ( 'NONE', #2556, 2.000000000000000000 ) ;
#2636 = DIRECTION ( 'NONE',  ( -1.156482317317871478E-16, 1.000000000000000000, -0.000000000000000000 ) ) ;
#2637 = DIRECTION ( 'NONE',  ( 1.000000000000000000, 0.000000000000000000, 0.000000000000000000 ) ) ;
#2638 = CARTESIAN_POINT ( 'NONE',  ( -22.11832052023462936, 19.99999999999999645, 7.500000000000000888 ) ) ;
#2639 = EDGE_LOOP ( 'NONE', ( #3282, #4305, #3256, #1826, #3513, #1148 ) ) ;
#2640 = CARTESIAN_POINT ( 'NONE',  ( -4.956352788505169184E-16, 29.99999999999999645, -1.160254037844380637 ) ) ;
#2641 = DIRECTION ( 'NONE',  ( -0.000000000000000000, 1.000000000000000000, 0.000000000000000000 ) ) ;
#2642 = CARTESIAN_POINT ( 'NONE',  ( 1.500000000000005329, 11.99999999999998757, 24.50000000000000000 ) ) ;
#2643 = ORIENTED_EDGE ( 'NONE', *, *, #4732, .F. ) ;
#2644 = CIRCLE ( 'NONE', #2972, 3.500000000000001332 ) ;
#2645 = B_SPLINE_CURVE_WITH_KNOTS ( 'NONE', 3,
 ( #1476, #2944, #2962, #3659, #3707, #1038 ),
 .UNSPECIFIED., .F., .F.,
 ( 4, 2, 4 ),
 ( 0.004117328704116376276, 0.004638296431168024113, 0.005159264158219671950 ),
 .UNSPECIFIED. ) ;
#2646 = LINE ( 'NONE', #3391, #465 ) ;
#2647 = CARTESIAN_POINT ( 'NONE',  ( 11.59651844013556676, 9.999999999999994671, 0.8162801428815682492 ) ) ;
#2648 = AXIS2_PLACEMENT_3D ( 'NONE', #132, #2174, #4365 ) ;
#2649 = AXIS2_PLACEMENT_3D ( 'NONE', #3344, #1403, #1424 ) ;
#2650 = ORIENTED_EDGE ( 'NONE', *, *, #4799, .T. ) ;
#2651 = CARTESIAN_POINT ( 'NONE',  ( -13.09794864573451001, 9.999999999999944933, -2.939466015980353397 ) ) ;
#2652 = EDGE_CURVE ( 'NONE', #2314, #143, #2289, .T. ) ;
#2653 = CYLINDRICAL_SURFACE ( 'NONE', #3767, 2.000000000000000000 ) ;
#2654 = ADVANCED_FACE ( 'NONE', ( #485 ), #3792, .T. ) ;
#2655 = AXIS2_PLACEMENT_3D ( 'NONE', #4288, #125, #4642 ) ;
#2656 = CARTESIAN_POINT ( 'NONE',  ( 11.69118284305062083, 9.999999999998019362, 1.210983561526560059 ) ) ;
#2657 = CARTESIAN_POINT ( 'NONE',  ( 8.073328524102995729, 8.534173154843816889, -2.842838065068371556 ) ) ;
#2658 = CARTESIAN_POINT ( 'NONE',  ( -1.499999999999994005, 9.999999999999987566, 7.500000000000000888 ) ) ;
#2659 = VERTEX_POINT ( 'NONE', #1969 ) ;
#2660 = ORIENTED_EDGE ( 'NONE', *, *, #2692, .T. ) ;
#2661 = LINE ( 'NONE', #4162, #4601 ) ;
#2662 = FACE_OUTER_BOUND ( 'NONE', #4021, .T. ) ;
#2663 = AXIS2_PLACEMENT_3D ( 'NONE', #1753, #1406, #1823 ) ;
#2664 = ORIENTED_EDGE ( 'NONE', *, *, #2753, .F. ) ;
#2665 = EDGE_CURVE ( 'NONE', #4761, #4421, #405, .T. ) ;
#2666 = DIRECTION ( 'NONE',  ( -1.000000000000000000, 0.000000000000000000, 0.000000000000000000 ) ) ;
#2667 = DIRECTION ( 'NONE',  ( -1.000000000000000000, 0.000000000000000000, 0.000000000000000000 ) ) ;
#2668 = CARTESIAN_POINT ( 'NONE',  ( 29.99999999999999645, 14.99999999999999645, -5.500000000000000888 ) ) ;
#2669 = CARTESIAN_POINT ( 'NONE',  ( -28.49999999999999289, 14.99999999999999645, -5.500000000000000888 ) ) ;
#2670 = CARTESIAN_POINT ( 'NONE',  ( 15.00000000000000000, 5.000000000000000000, -2.000000000000003109 ) ) ;
#2671 = ORIENTED_EDGE ( 'NONE', *, *, #1795, .F. ) ;
#2672 = CARTESIAN_POINT ( 'NONE',  ( -12.06010481543301616, 5.955581253767227246, 2.279839542014351128 ) ) ;
#2673 = CARTESIAN_POINT ( 'NONE',  ( -15.00000000000000000, 9.999999999999991118, 0.000000000000000000 ) ) ;
#2674 = CARTESIAN_POINT ( 'NONE',  ( 12.02289562931415468, 5.982846363650374144, 2.212331897369265832 ) ) ;
#2675 = VERTEX_POINT ( 'NONE', #2734 ) ;
#2676 = CARTESIAN_POINT ( 'NONE',  ( -11.91217246056030632, 6.064139680667930854, -2.020356328606226270 ) ) ;
#2677 = CARTESIAN_POINT ( 'NONE',  ( 11.53499612667289220, 9.999999991347529260, 0.5597627902157750190 ) ) ;
#2678 = DIRECTION ( 'NONE',  ( 0.000000000000000000, 0.000000000000000000, 1.000000000000000000 ) ) ;
#2679 = CARTESIAN_POINT ( 'NONE',  ( 0.000000000000000000, 0.000000000000000000, 26.50000000000000000 ) ) ;
#2680 = CARTESIAN_POINT ( 'NONE',  ( 6.083720400029986486, 9.612836618432535118, -3.167763302084357857 ) ) ;
#2681 = ADVANCED_FACE ( 'NONE', ( #875 ), #1870, .T. ) ;
#2682 = FACE_BOUND ( 'NONE', #2367, .T. ) ;
#2683 = ORIENTED_EDGE ( 'NONE', *, *, #2616, .T. ) ;
#2684 = ORIENTED_EDGE ( 'NONE', *, *, #477, .T. ) ;
#2685 = DIRECTION ( 'NONE',  ( 1.000000000000000000, 0.000000000000000000, 0.000000000000000000 ) ) ;
#2686 = CARTESIAN_POINT ( 'NONE',  ( 11.58488997016600486, 6.347803475403824613, -1.400856928316620564 ) ) ;
#2687 = EDGE_CURVE ( 'NONE', #2252, #1559, #2889, .T. ) ;
#2688 = CARTESIAN_POINT ( 'NONE',  ( -12.38108599560540668, 5.740740740740725379, 3.201562118716434036 ) ) ;
#2689 = ORIENTED_EDGE ( 'NONE', *, *, #121, .F. ) ;
#2690 = CARTESIAN_POINT ( 'NONE',  ( 9.500000000000001776, 19.99999999999999289, -1.160254037844380637 ) ) ;
#2691 = DIRECTION ( 'NONE',  ( -1.000000000000000000, 0.000000000000000000, 1.734723475976807686E-15 ) ) ;
#2692 = EDGE_CURVE ( 'NONE', #2204, #2573, #1354, .T. ) ;
#2693 = CARTESIAN_POINT ( 'NONE',  ( 1.500000000000005329, 21.99999999999999645, 7.500000000000000888 ) ) ;
#2694 = CARTESIAN_POINT ( 'NONE',  ( -11.99999999999999645, 0.000000000000000000, -7.500000000000000888 ) ) ;
#2695 = LINE ( 'NONE', #2670, #3998 ) ;
#2696 = ORIENTED_EDGE ( 'NONE', *, *, #2147, .T. ) ;
#2697 = FACE_OUTER_BOUND ( 'NONE', #26, .T. ) ;
#2698 = CARTESIAN_POINT ( 'NONE',  ( -1.499999999999994227, 11.99999999999998757, 24.50000000000000000 ) ) ;
#2699 = PLANE ( 'NONE',  #4369 ) ;
#2700 = CARTESIAN_POINT ( 'NONE',  ( 11.97363874251311522, 6.019906827389149839, 2.124580022944493773 ) ) ;
#2701 = ORIENTED_EDGE ( 'NONE', *, *, #4624, .T. ) ;
#2702 = CARTESIAN_POINT ( 'NONE',  ( -12.27896838751218134, 5.804989710958798454, -2.719357178235895400 ) ) ;
#2703 = CARTESIAN_POINT ( 'NONE',  ( 35.00000000000000000, 11.99999999999999822, 5.500000000000000888 ) ) ;
#2704 = CARTESIAN_POINT ( 'NONE',  ( 11.84960675534930807, 9.999999999999994671, 1.597577195278782503 ) ) ;
#2705 = CARTESIAN_POINT ( 'NONE',  ( 12.38108599560539425, 5.740740740740731596, -3.201562118716414496 ) ) ;
#2706 = DIRECTION ( 'NONE',  ( 0.000000000000000000, 0.000000000000000000, 1.000000000000000000 ) ) ;
#2707 = ORIENTED_EDGE ( 'NONE', *, *, #4377, .F. ) ;
#2708 = ORIENTED_EDGE ( 'NONE', *, *, #1484, .T. ) ;
#2709 = EDGE_CURVE ( 'NONE', #3204, #4594, #4348, .T. ) ;
#2710 = CARTESIAN_POINT ( 'NONE',  ( 13.27176784484790417, 5.301550387162079936, 7.132317543918405001 ) ) ;
#2711 = CARTESIAN_POINT ( 'NONE',  ( -11.38749715321349321, 6.918809504741800787, 3.201562118716433591 ) ) ;
#2712 = EDGE_CURVE ( 'NONE', #1829, #4129, #4639, .T. ) ;
#2713 = AXIS2_PLACEMENT_3D ( 'NONE', #4070, #1743, #3247 ) ;
#2714 = EDGE_CURVE ( 'NONE', #1582, #1729, #985, .T. ) ;
#2715 = EDGE_CURVE ( 'NONE', #3159, #1151, #3405, .T. ) ;
#2716 = DIRECTION ( 'NONE',  ( -0.000000000000000000, 0.000000000000000000, 1.000000000000000000 ) ) ;
#2717 = CARTESIAN_POINT ( 'NONE',  ( 1.500000000000005329, 24.99999999999998579, 8.586540306964575819 ) ) ;
#2718 = CARTESIAN_POINT ( 'NONE',  ( 12.18157983904412589, 5.870044875609217172, -2.512551497627024677 ) ) ;
#2719 = CARTESIAN_POINT ( 'NONE',  ( -12.38108599560540668, 5.740740740740725379, 3.201562118716434036 ) ) ;
#2720 = CARTESIAN_POINT ( 'NONE',  ( -1.499999999999994227, 11.99999999999998757, 26.50000000000000000 ) ) ;
#2721 = FACE_OUTER_BOUND ( 'NONE', #3170, .T. ) ;
#2722 = ORIENTED_EDGE ( 'NONE', *, *, #1329, .F. ) ;
#2723 = CARTESIAN_POINT ( 'NONE',  ( -12.09081545588336759, 5.933469455965924233, 2.336636561877954765 ) ) ;
#2724 = AXIS2_PLACEMENT_3D ( 'NONE', #4320, #4666, #1223 ) ;
#2725 = ADVANCED_FACE ( 'NONE', ( #1726, #3201 ), #1262, .F. ) ;
#2726 = CARTESIAN_POINT ( 'NONE',  ( -28.49999999999999289, 14.99999999999999645, 5.500000000000001776 ) ) ;
#2727 = CARTESIAN_POINT ( 'NONE',  ( 12.32801533100437652, 5.773814658848917425, 2.870617728356022358 ) ) ;
#2728 = VERTEX_POINT ( 'NONE', #3228 ) ;
#2729 = CARTESIAN_POINT ( 'NONE',  ( -11.49738657403972475, 6.736368322558342392, 6.041752403815746852 ) ) ;
#2730 = CARTESIAN_POINT ( 'NONE',  ( 11.49944504913215404, 9.999999998185888472, -0.2696224358389655573 ) ) ;
#2731 = VECTOR ( 'NONE', #4407, 1000.000000000000000 ) ;
#2732 = DIRECTION ( 'NONE',  ( 0.000000000000000000, 0.000000000000000000, -1.000000000000000000 ) ) ;
#2733 = VECTOR ( 'NONE', #4303, 1000.000000000000000 ) ;
#2734 = CARTESIAN_POINT ( 'NONE',  ( -7.499999999999996447, 24.99999999999998579, 24.50000000000000000 ) ) ;
#2735 = CARTESIAN_POINT ( 'NONE',  ( -4.499999999999996447, 24.99999999999998579, 26.50000000000000000 ) ) ;
#2736 = ORIENTED_EDGE ( 'NONE', *, *, #489, .F. ) ;
#2737 = ORIENTED_EDGE ( 'NONE', *, *, #2712, .T. ) ;
#2738 = AXIS2_PLACEMENT_3D ( 'NONE', #4602, #1554, #923 ) ;
#2739 = CARTESIAN_POINT ( 'NONE',  ( -10.00000000000000178, 10.00000000000000000, -5.500000000000000888 ) ) ;
#2740 = DIRECTION ( 'NONE',  ( 0.000000000000000000, 0.000000000000000000, -1.000000000000000000 ) ) ;
#2741 = EDGE_LOOP ( 'NONE', ( #400, #4751, #3114, #3053, #2237, #914 ) ) ;
#2742 = ADVANCED_FACE ( 'NONE', ( #4254 ), #3868, .F. ) ;
#2743 = AXIS2_PLACEMENT_3D ( 'NONE', #2792, #4261, #2045 ) ;
#2744 = CARTESIAN_POINT ( 'NONE',  ( -31.49999999999999289, 14.99999999999999645, 5.500000000000001776 ) ) ;
#2745 = LINE ( 'NONE', #2866, #62 ) ;
#2746 = CARTESIAN_POINT ( 'NONE',  ( 12.37358620081742444, 5.745360552641638918, -3.081441559031991684 ) ) ;
#2747 = AXIS2_PLACEMENT_3D ( 'NONE', #4680, #926, #1707 ) ;
#2748 = CARTESIAN_POINT ( 'NONE',  ( 11.50000000000000178, 4.999999999999997335, 0.000000000000000000 ) ) ;
#2749 = EDGE_CURVE ( 'NONE', #4560, #3343, #1989, .T. ) ;
#2750 = CARTESIAN_POINT ( 'NONE',  ( 6.639022891491583422, 9.999999999999987566, 7.500000000000000000 ) ) ;
#2751 = CARTESIAN_POINT ( 'NONE',  ( 3.500000000000003109, 19.99999999999999289, -76.21067811865475505 ) ) ;
#2752 = ORIENTED_EDGE ( 'NONE', *, *, #1481, .T. ) ;
#2753 = EDGE_CURVE ( 'NONE', #2789, #22, #3587, .T. ) ;
#2754 = CARTESIAN_POINT ( 'NONE',  ( -4.956352788505169184E-16, 24.16666666666665364, 6.962074582829750113 ) ) ;
#2755 = LINE ( 'NONE', #2834, #1393 ) ;
#2756 = ORIENTED_EDGE ( 'NONE', *, *, #458, .F. ) ;
#2757 = DIRECTION ( 'NONE',  ( 0.000000000000000000, 0.000000000000000000, 1.000000000000000000 ) ) ;
#2758 = LINE ( 'NONE', #4252, #2901 ) ;
#2759 = CARTESIAN_POINT ( 'NONE',  ( 13.58578643762690774, 9.999999999999994671, 3.201562118716424266 ) ) ;
#2760 = CARTESIAN_POINT ( 'NONE',  ( 13.58578643762690774, 9.999999999999994671, 3.201562118716424266 ) ) ;
#2761 = DIRECTION ( 'NONE',  ( -1.156482317317871478E-16, 1.000000000000000000, -0.000000000000000000 ) ) ;
#2762 = VERTEX_POINT ( 'NONE', #4628 ) ;
#2763 = DIRECTION ( 'NONE',  ( -1.000000000000000000, 0.000000000000000000, 0.000000000000000000 ) ) ;
#2764 = ORIENTED_EDGE ( 'NONE', *, *, #771, .F. ) ;
#2765 = EDGE_CURVE ( 'NONE', #672, #4761, #2632, .T. ) ;
#2766 = DIRECTION ( 'NONE',  ( -1.000000000000000000, 0.000000000000000000, 0.000000000000000000 ) ) ;
#2767 = DIRECTION ( 'NONE',  ( 0.000000000000000000, 0.000000000000000000, 1.000000000000000000 ) ) ;
#2768 = ORIENTED_EDGE ( 'NONE', *, *, #3172, .F. ) ;
#2769 = PLANE ( 'NONE',  #1167 ) ;
#2770 = CARTESIAN_POINT ( 'NONE',  ( 12.16953814787585841, 5.878288786260140064, -2.488250098208842243 ) ) ;
#2771 = DIRECTION ( 'NONE',  ( 0.000000000000000000, 1.000000000000000000, -0.000000000000000000 ) ) ;
#2772 = DIRECTION ( 'NONE',  ( 1.000000000000000000, 5.782411586589358625E-17, -0.000000000000000000 ) ) ;
#2773 = CARTESIAN_POINT ( 'NONE',  ( -11.30521230756709805, 7.358009161647172114, -5.824868113658204116 ) ) ;
#2774 = ORIENTED_EDGE ( 'NONE', *, *, #3597, .F. ) ;
#2775 = B_SPLINE_CURVE_WITH_KNOTS ( 'NONE', 3,
 ( #3190, #4683, #2421, #4313, #1362, #636, #2485, #4754, #2895, #3241, #2870, #930, #3530, #176 ),
 .UNSPECIFIED., .F., .F.,
 ( 4, 2, 2, 2, 2, 2, 4 ),
 ( 0.000000000000000000, 0.001692909038377025119, 0.002539363557565539088, 0.003385818076754053274, 0.005078727115131080778, 0.005925181634319596699, 0.006771636153508110885 ),
 .UNSPECIFIED. ) ;
#2776 = EDGE_CURVE ( 'NONE', #1143, #1478, #2635, .T. ) ;
#2777 = CARTESIAN_POINT ( 'NONE',  ( -12.38108599560540668, 5.740740740740725379, 3.201562118716434036 ) ) ;
#2778 = CARTESIAN_POINT ( 'NONE',  ( -24.94674764498082098, 19.99999999999998934, 8.500000000000000000 ) ) ;
#2779 = ORIENTED_EDGE ( 'NONE', *, *, #1186, .F. ) ;
#2780 = CARTESIAN_POINT ( 'NONE',  ( -11.99999999999999645, 5.000000000000000000, -0.5000000000000013323 ) ) ;
#2781 = PLANE ( 'NONE',  #4316 ) ;
#2782 = EDGE_CURVE ( 'NONE', #1176, #3924, #2452, .T. ) ;
#2783 = CARTESIAN_POINT ( 'NONE',  ( -11.62562482829787136, 6.310337505019233184, 1.484283883661682291 ) ) ;
#2784 = CARTESIAN_POINT ( 'NONE',  ( 1.500000000000005329, 24.16666666666665364, 6.962074582829749225 ) ) ;
#2785 = CARTESIAN_POINT ( 'NONE',  ( -20.94674764498082098, 9.999999999999996447, 7.500000000000000888 ) ) ;
#2786 = CARTESIAN_POINT ( 'NONE',  ( 11.82279320624194163, 9.184710502333818027, 6.267337843662999397 ) ) ;
#2787 = EDGE_LOOP ( 'NONE', ( #3474, #3859 ) ) ;
#2788 = FACE_OUTER_BOUND ( 'NONE', #3463, .T. ) ;
#2789 = VERTEX_POINT ( 'NONE', #1328 ) ;
#2790 = CARTESIAN_POINT ( 'NONE',  ( -7.499999999999996447, 22.99999999999998579, 24.50000000000000000 ) ) ;
#2791 = ADVANCED_FACE ( 'NONE', ( #4328 ), #965, .F. ) ;
#2792 = CARTESIAN_POINT ( 'NONE',  ( 12.00000000000000000, 5.000000000000000000, 0.4999999999999995559 ) ) ;
#2793 =( BOUNDED_SURFACE ( )  B_SPLINE_SURFACE ( 2, 3, ( 
 ( #4552, #7, #1184, #1579, #1500, #3091, #2262, #3037, #3421, #4229, #1230, #1206 ),
 ( #439, #2680, #4498, #1550, #3763, #2657, #85, #2362, #3014, #1917, #4525, #3818 ),
 ( #2705, #3371, #4201, #460, #1157, #1130, #3065, #413, #845, #1524, #3397, #55 ) ),
 .UNSPECIFIED., .F., .F., .F. ) 
 B_SPLINE_SURFACE_WITH_KNOTS ( ( 3, 3 ),
 ( 4, 2, 2, 2, 2, 4 ),
 ( 0.000000000000000000, 1.000000000000000000 ),
 ( 6.348661814147029721E-15, 0.008947995697994585995, 0.01789599139598282290, 0.03579198279195929672, 0.07158396558391225128, 0.1431679311678181465 ),
 .UNSPECIFIED. ) 
 GEOMETRIC_REPRESENTATION_ITEM ( )  RATIONAL_B_SPLINE_SURFACE ( (
 ( 1.000000000000000000, 1.000000000000000000, 1.000000000000000000, 1.000000000000000000, 1.000000000000000000, 1.000000000000000000, 1.000000000000000000, 1.000000000000000000, 1.000000000000000000, 1.000000000000000000, 1.000000000000000000, 1.000000000000000000),
 ( 0.2721655269759077900, 0.2975170395339793439, 0.3190783497060125651, 0.3578131314844082977, 0.3749621239694878594, 0.4220547638253765443, 0.4477375920628384742, 0.5156137830468865424, 0.5487572196047314499, 0.6310614163571176549, 0.6619185330599905992, 0.6821067644864995394),
 ( 1.000000000000000000, 1.000000000000000000, 1.000000000000000000, 1.000000000000000000, 1.000000000000000000, 1.000000000000000000, 1.000000000000000000, 1.000000000000000000, 1.000000000000000000, 1.000000000000000000, 1.000000000000000000, 1.000000000000000000) ) ) 
 REPRESENTATION_ITEM ( '' )  SURFACE ( )  );
#2794 = EDGE_LOOP ( 'NONE', ( #4385, #2580, #4066, #2821, #2216 ) ) ;
#2795 = B_SPLINE_CURVE_WITH_KNOTS ( 'NONE', 3,
 ( #350, #3316, #2151, #1072 ),
 .UNSPECIFIED., .F., .F.,
 ( 4, 4 ),
 ( 0.000000000000000000, 0.001780893923985300571 ),
 .UNSPECIFIED. ) ;
#2796 = CARTESIAN_POINT ( 'NONE',  ( -4.956352788505169184E-16, 22.99999999999998579, 8.586540306964575819 ) ) ;
#2797 = CARTESIAN_POINT ( 'NONE',  ( 11.99368832516954164, 6.004735086291296042, -2.160203871686873001 ) ) ;
#2798 = DIRECTION ( 'NONE',  ( 0.000000000000000000, -1.000000000000000000, 0.000000000000000000 ) ) ;
#2799 = CARTESIAN_POINT ( 'NONE',  ( -14.75937214593196600, 4.999999999999999112, -3.500000000000001776 ) ) ;
#2800 = VECTOR ( 'NONE', #95, 1000.000000000000000 ) ;
#2801 = VERTEX_POINT ( 'NONE', #4769 ) ;
#2802 = CARTESIAN_POINT ( 'NONE',  ( 29.99999999999999645, 14.99999999999999645, 5.500000000000001776 ) ) ;
#2803 = CARTESIAN_POINT ( 'NONE',  ( -3.499999999999995559, 19.99999999999999289, -1.160254037844380637 ) ) ;
#2804 = ORIENTED_EDGE ( 'NONE', *, *, #334, .T. ) ;
#2805 = CARTESIAN_POINT ( 'NONE',  ( 4.500000000000002665, 24.99999999999998579, 8.586540306964575819 ) ) ;
#2806 = AXIS2_PLACEMENT_3D ( 'NONE', #1463, #349, #1833 ) ;
#2807 = DIRECTION ( 'NONE',  ( 0.000000000000000000, 0.000000000000000000, 1.000000000000000000 ) ) ;
#2808 = CARTESIAN_POINT ( 'NONE',  ( -10.00000000000000178, 10.00000000000000000, 5.500000000000000888 ) ) ;
#2809 = CARTESIAN_POINT ( 'NONE',  ( -24.94674764498082098, 10.00000000000000000, 5.500000000000000888 ) ) ;
#2810 = AXIS2_PLACEMENT_3D ( 'NONE', #2673, #4172, #1149 ) ;
#2811 = ADVANCED_FACE ( 'NONE', ( #2543 ), #4644, .F. ) ;
#2812 = EDGE_LOOP ( 'NONE', ( #4656, #2620, #1764, #1265, #671 ) ) ;
#2813 = CARTESIAN_POINT ( 'NONE',  ( -11.59263638950519137, 9.999999999999991118, 0.7999207622482265023 ) ) ;
#2814 = VERTEX_POINT ( 'NONE', #1837 ) ;
#2815 = EDGE_CURVE ( 'NONE', #2659, #509, #2480, .T. ) ;
#2816 = EDGE_CURVE ( 'NONE', #2133, #3832, #4469, .T. ) ;
#2817 = VECTOR ( 'NONE', #3505, 1000.000000000000000 ) ;
#2818 = VECTOR ( 'NONE', #2595, 1000.000000000000000 ) ;
#2819 = LINE ( 'NONE', #4728, #4543 ) ;
#2820 = CARTESIAN_POINT ( 'NONE',  ( 20.94674764498082098, 9.999999999999996447, -7.500000000000000888 ) ) ;
#2821 = ORIENTED_EDGE ( 'NONE', *, *, #4065, .F. ) ;
#2822 = CIRCLE ( 'NONE', #470, 2.999999999999999112 ) ;
#2823 = VECTOR ( 'NONE', #1908, 1000.000000000000000 ) ;
#2824 = AXIS2_PLACEMENT_3D ( 'NONE', #2698, #3089, #4154 ) ;
#2825 = CARTESIAN_POINT ( 'NONE',  ( -3.499999999999995559, 19.99999999999999289, -1.160254037844380637 ) ) ;
#2826 = DIRECTION ( 'NONE',  ( 1.000000000000000000, 0.000000000000000000, 0.000000000000000000 ) ) ;
#2827 = CARTESIAN_POINT ( 'NONE',  ( 12.36932554994731071, 5.747993625428748921, -3.050657677825368896 ) ) ;
#2828 = CARTESIAN_POINT ( 'NONE',  ( 12.00000000000000000, 0.000000000000000000, 7.499999999999999112 ) ) ;
#2829 = DIRECTION ( 'NONE',  ( -8.673617379884040402E-17, 1.000000000000000000, 0.000000000000000000 ) ) ;
#2830 = AXIS2_PLACEMENT_3D ( 'NONE', #4200, #1893, #844 ) ;
#2831 = VERTEX_POINT ( 'NONE', #4793 ) ;
#2832 = CARTESIAN_POINT ( 'NONE',  ( -15.00000000000000355, 5.000000000000000000, 6.916198487095659431 ) ) ;
#2833 = DIRECTION ( 'NONE',  ( 0.000000000000000000, 0.000000000000000000, -1.000000000000000000 ) ) ;
#2834 = CARTESIAN_POINT ( 'NONE',  ( 1.500000000000005329, 24.99999999999998579, 24.50000000000000000 ) ) ;
#2835 = ORIENTED_EDGE ( 'NONE', *, *, #4185, .F. ) ;
#2836 = CARTESIAN_POINT ( 'NONE',  ( 7.500000000000003553, 15.13504870010926417, 21.50000000000000000 ) ) ;
#2837 = LINE ( 'NONE', #257, #2343 ) ;
#2838 = CARTESIAN_POINT ( 'NONE',  ( -15.00000000000000000, 5.000000000000000000, 1.999999999999999556 ) ) ;
#2839 = DIRECTION ( 'NONE',  ( 0.000000000000000000, 1.000000000000000000, 0.000000000000000000 ) ) ;
#2840 = CARTESIAN_POINT ( 'NONE',  ( -14.59243008997119340, 5.000000000000000000, 7.081068633467006990 ) ) ;
#2841 = CARTESIAN_POINT ( 'NONE',  ( 12.12537665366455997, 9.482395635477249840, 6.542815543442281445 ) ) ;
#2842 = VERTEX_POINT ( 'NONE', #4812 ) ;
#2843 = VERTEX_POINT ( 'NONE', #1443 ) ;
#2844 = CARTESIAN_POINT ( 'NONE',  ( -2.639022891491583422, 9.000000000000001776, -5.500000000000000888 ) ) ;
#2845 = CYLINDRICAL_SURFACE ( 'NONE', #556, 2.000000000000001776 ) ;
#2846 = DIRECTION ( 'NONE',  ( 1.000000000000000000, 0.000000000000000000, -0.000000000000000000 ) ) ;
#2847 = ORIENTED_EDGE ( 'NONE', *, *, #3570, .F. ) ;
#2848 = ADVANCED_FACE ( 'NONE', ( #2956 ), #4438, .F. ) ;
#2849 = CARTESIAN_POINT ( 'NONE',  ( -1.499999999999994671, 22.99999999999999289, 24.50000000000000000 ) ) ;
#2850 = CARTESIAN_POINT ( 'NONE',  ( -12.59960142050775111, 5.000000000000000000, -7.500000000000000888 ) ) ;
#2851 = EDGE_LOOP ( 'NONE', ( #181, #1188, #3423, #3233 ) ) ;
#2852 = EDGE_CURVE ( 'NONE', #1722, #2134, #3981, .T. ) ;
#2853 = LINE ( 'NONE', #2951, #306 ) ;
#2854 = CIRCLE ( 'NONE', #2055, 2.000000000000000000 ) ;
#2855 = CARTESIAN_POINT ( 'NONE',  ( 11.86652114810063274, 6.101969103666825767, 1.575560716097128777 ) ) ;
#2856 = LINE ( 'NONE', #572, #1081 ) ;
#2857 = EDGE_LOOP ( 'NONE', ( #3095, #3427, #1520, #753, #4390, #2364, #3695, #4088, #281 ) ) ;
#2858 = DIRECTION ( 'NONE',  ( 0.000000000000000000, 0.000000000000000000, -1.000000000000000000 ) ) ;
#2859 = CARTESIAN_POINT ( 'NONE',  ( -11.63994408192749042, 6.297155092883678584, -1.513649174181434853 ) ) ;
#2860 = CARTESIAN_POINT ( 'NONE',  ( 0.000000000000000000, 0.000000000000000000, -7.500000000000000888 ) ) ;
#2861 = CARTESIAN_POINT ( 'NONE',  ( -13.58578643762692018, 9.999999999999991118, -7.500000000000000888 ) ) ;
#2862 = ORIENTED_EDGE ( 'NONE', *, *, #2616, .F. ) ;
#2863 = EDGE_LOOP ( 'NONE', ( #2551, #1282, #1111, #3930 ) ) ;
#2864 = CARTESIAN_POINT ( 'NONE',  ( 1.500000000000005329, 11.99999999999998757, 26.50000000000000000 ) ) ;
#2865 = FACE_OUTER_BOUND ( 'NONE', #4814, .T. ) ;
#2866 = CARTESIAN_POINT ( 'NONE',  ( -35.00000000000001421, 20.13504870010925529, 21.50000000000000000 ) ) ;
#2867 = ORIENTED_EDGE ( 'NONE', *, *, #1054, .T. ) ;
#2868 = EDGE_CURVE ( 'NONE', #526, #4577, #1009, .T. ) ;
#2869 = EDGE_CURVE ( 'NONE', #3132, #1993, #2169, .T. ) ;
#2870 = CARTESIAN_POINT ( 'NONE',  ( 9.039608907658992720, 20.05024645043288700, -0.1260920478427234870 ) ) ;
#2871 = EDGE_LOOP ( 'NONE', ( #3646, #841, #4727, #3502, #3, #725 ) ) ;
#2872 = ADVANCED_FACE ( 'NONE', ( #376 ), #4491, .F. ) ;
#2873 = CARTESIAN_POINT ( 'NONE',  ( -11.78862885386207715, 6.167625324287106636, 1.795742137294874308 ) ) ;
#2874 = CARTESIAN_POINT ( 'NONE',  ( 11.91941851483351478, 9.291605654522893332, -6.355883375606723007 ) ) ;
#2875 = AXIS2_PLACEMENT_3D ( 'NONE', #2877, #3630, #278 ) ;
#2876 = CARTESIAN_POINT ( 'NONE',  ( -8.328427124746186294, 19.99999999999999645, 7.500000000000004441 ) ) ;
#2877 = CARTESIAN_POINT ( 'NONE',  ( -9.499999999999996447, 24.99999999999998579, 9.500000000000001776 ) ) ;
#2878 = ORIENTED_EDGE ( 'NONE', *, *, #4240, .F. ) ;
#2879 = CARTESIAN_POINT ( 'NONE',  ( -7.499999999999996447, 17.63504870010925885, 21.50000000000000000 ) ) ;
#2880 = EDGE_CURVE ( 'NONE', #3268, #1176, #1458, .T. ) ;
#2881 = CARTESIAN_POINT ( 'NONE',  ( -11.73192273090453952, 6.215765444038667376, -1.691278532847036997 ) ) ;
#2882 = CARTESIAN_POINT ( 'NONE',  ( -11.54063609065004670, 6.375609230281188644, 1.344460544841343363 ) ) ;
#2883 = CARTESIAN_POINT ( 'NONE',  ( 11.77453528534721805, 6.179472552012126307, 1.770033335344611825 ) ) ;
#2884 = ORIENTED_EDGE ( 'NONE', *, *, #4792, .F. ) ;
#2885 = ORIENTED_EDGE ( 'NONE', *, *, #486, .F. ) ;
#2886 = VECTOR ( 'NONE', #3780, 1000.000000000000000 ) ;
#2887 = ADVANCED_FACE ( 'NONE', ( #406 ), #2306, .F. ) ;
#2888 = FACE_OUTER_BOUND ( 'NONE', #1208, .T. ) ;
#2889 = CIRCLE ( 'NONE', #4209, 2.000000000000003109 ) ;
#2890 = DIRECTION ( 'NONE',  ( 1.000000000000000000, -0.000000000000000000, -0.000000000000000000 ) ) ;
#2891 = FACE_OUTER_BOUND ( 'NONE', #1739, .T. ) ;
#2892 = ORIENTED_EDGE ( 'NONE', *, *, #1836, .F. ) ;
#2893 = ORIENTED_EDGE ( 'NONE', *, *, #3684, .F. ) ;
#2894 = AXIS2_PLACEMENT_3D ( 'NONE', #3970, #1381, #2458 ) ;
#2895 = CARTESIAN_POINT ( 'NONE',  ( 8.593111434148692496, 20.20181597330315171, 0.9057455497236454045 ) ) ;
#2896 = VECTOR ( 'NONE', #2473, 1000.000000000000000 ) ;
#2897 = VECTOR ( 'NONE', #3199, 1000.000000000000000 ) ;
#2898 = EDGE_CURVE ( 'NONE', #2400, #456, #3510, .T. ) ;
#2899 = CARTESIAN_POINT ( 'NONE',  ( 12.00000000000000000, 5.000000000000000000, 7.499999999999999112 ) ) ;
#2900 = ORIENTED_EDGE ( 'NONE', *, *, #2366, .F. ) ;
#2901 = VECTOR ( 'NONE', #437, 1000.000000000000000 ) ;
#2902 = CARTESIAN_POINT ( 'NONE',  ( -11.78809402802200168, 6.168073333858631102, 1.794771323694738907 ) ) ;
#2903 = CARTESIAN_POINT ( 'NONE',  ( 8.328427124746193400, 19.99999999999999645, 7.500000000000005329 ) ) ;
#2904 = CARTESIAN_POINT ( 'NONE',  ( 13.83668464169179835, 5.132244214021600470, 3.309009586277018133 ) ) ;
#2905 = CARTESIAN_POINT ( 'NONE',  ( -20.94674764498082098, 19.99999999999998934, -5.500000000000000888 ) ) ;
#2906 = VECTOR ( 'NONE', #3775, 1000.000000000000000 ) ;
#2907 = ORIENTED_EDGE ( 'NONE', *, *, #295, .F. ) ;
#2908 = DIRECTION ( 'NONE',  ( 1.000000000000000000, 0.000000000000000000, 0.000000000000000000 ) ) ;
#2909 = CARTESIAN_POINT ( 'NONE',  ( 3.500000000000003109, 21.99999999999999645, 7.500000000000007105 ) ) ;
#2910 = CIRCLE ( 'NONE', #1565, 2.499999999999998668 ) ;
#2911 = ADVANCED_FACE ( 'NONE', ( #3465 ), #757, .T. ) ;
#2912 = CARTESIAN_POINT ( 'NONE',  ( -12.32801533100183988, 5.773814658850529469, -2.870617728346131603 ) ) ;
#2913 = CARTESIAN_POINT ( 'NONE',  ( -12.35301099331427999, 5.758111661149461824, 2.958972222800090091 ) ) ;
#2914 = CARTESIAN_POINT ( 'NONE',  ( 11.82873699595428185, 6.134357261747142687, 1.867988776257712313 ) ) ;
#2915 = ORIENTED_EDGE ( 'NONE', *, *, #4340, .F. ) ;
#2916 = DIRECTION ( 'NONE',  ( 1.000000000000000000, -1.156482317317871331E-15, -0.000000000000000000 ) ) ;
#2917 = AXIS2_PLACEMENT_3D ( 'NONE', #1083, #2160, #289 ) ;
#2918 = B_SPLINE_CURVE_WITH_KNOTS ( 'NONE', 3,
 ( #1887, #4515, #2773, #1688, #222, #4734 ),
 .UNSPECIFIED., .F., .F.,
 ( 4, 2, 4 ),
 ( 0.004117328704116371071, 0.004638296431168016307, 0.005159264158219660674 ),
 .UNSPECIFIED. ) ;
#2919 = CARTESIAN_POINT ( 'NONE',  ( -11.36734506403614553, 6.564326281372506067, 0.8550240838549636457 ) ) ;
#2920 = CARTESIAN_POINT ( 'NONE',  ( 1.500000000000005329, 29.99999999999999645, -1.160254037844380637 ) ) ;
#2921 = DIRECTION ( 'NONE',  ( 0.000000000000000000, 0.000000000000000000, 1.000000000000000000 ) ) ;
#2922 = CARTESIAN_POINT ( 'NONE',  ( -10.71293945898963607, 7.767560989627929402, 0.6445213544796890570 ) ) ;
#2923 = VERTEX_POINT ( 'NONE', #101 ) ;
#2924 = ORIENTED_EDGE ( 'NONE', *, *, #2530, .F. ) ;
#2925 = AXIS2_PLACEMENT_3D ( 'NONE', #3083, #4192, #836 ) ;
#2926 = CARTESIAN_POINT ( 'NONE',  ( -11.30512945497137700, 8.041176028821460875, -5.801705272747150310 ) ) ;
#2927 = CARTESIAN_POINT ( 'NONE',  ( -12.37891916614536925, 5.742071610075902832, 3.127282384718150343 ) ) ;
#2928 = B_SPLINE_CURVE_WITH_KNOTS ( 'NONE', 3,
 ( #1574, #2360, #819, #1915, #3062, #2729 ),
 .UNSPECIFIED., .F., .F.,
 ( 4, 2, 4 ),
 ( 0.004117328704116378010, 0.004638296431168022378, 0.005159264158219666746 ),
 .UNSPECIFIED. ) ;
#2929 = ORIENTED_EDGE ( 'NONE', *, *, #3744, .F. ) ;
#2930 = CIRCLE ( 'NONE', #4565, 9.999999999999998224 ) ;
#2931 = CARTESIAN_POINT ( 'NONE',  ( -28.49999999999999289, 14.99999999999999645, -7.833828036843772047 ) ) ;
#2932 = LINE ( 'NONE', #2516, #1531 ) ;
#2933 = ORIENTED_EDGE ( 'NONE', *, *, #1965, .T. ) ;
#2934 = CARTESIAN_POINT ( 'NONE',  ( 11.49738657403972120, 6.736368322558340616, -6.041752403815749517 ) ) ;
#2935 = CARTESIAN_POINT ( 'NONE',  ( 6.639022891491583422, 9.999999999999987566, 24.12246972669817779 ) ) ;
#2936 = EDGE_LOOP ( 'NONE', ( #1479, #2978, #1517, #2664 ) ) ;
#2937 = EDGE_CURVE ( 'NONE', #2134, #4717, #3812, .T. ) ;
#2938 = CARTESIAN_POINT ( 'NONE',  ( -11.35117298516804496, 6.579470585044941977, 0.9151494744211426946 ) ) ;
#2939 = CARTESIAN_POINT ( 'NONE',  ( 12.38108599560539602, 5.740740740740726267, -6.708268326881150045 ) ) ;
#2940 = ORIENTED_EDGE ( 'NONE', *, *, #3161, .T. ) ;
#2941 = CYLINDRICAL_SURFACE ( 'NONE', #2559, 2.000000000000000000 ) ;
#2942 = EDGE_CURVE ( 'NONE', #1678, #2454, #3725, .T. ) ;
#2943 = LINE ( 'NONE', #3257, #1251 ) ;
#2944 = CARTESIAN_POINT ( 'NONE',  ( 11.28578643762686262, 7.528545318252629848, -5.799647993902238063 ) ) ;
#2945 = CARTESIAN_POINT ( 'NONE',  ( 24.94674764498082098, 9.999999999999996447, 8.500000000000000000 ) ) ;
#2946 = VERTEX_POINT ( 'NONE', #2617 ) ;
#2947 = ORIENTED_EDGE ( 'NONE', *, *, #1876, .T. ) ;
#2948 = EDGE_CURVE ( 'NONE', #961, #1339, #3785, .T. ) ;
#2949 = CARTESIAN_POINT ( 'NONE',  ( 4.019707595723577498, 8.240889133734558669, 5.835604286502178439 ) ) ;
#2950 = VERTEX_POINT ( 'NONE', #3008 ) ;
#2951 = CARTESIAN_POINT ( 'NONE',  ( -4.499999999999993783, 11.99999999999998757, 26.50000000000000000 ) ) ;
#2952 = CARTESIAN_POINT ( 'NONE',  ( -1.499999999999994671, 21.99999999999999645, 4.839745962155614478 ) ) ;
#2953 = DIRECTION ( 'NONE',  ( -0.000000000000000000, -1.000000000000000000, 0.000000000000000000 ) ) ;
#2954 = VERTEX_POINT ( 'NONE', #1889 ) ;
#2955 = CARTESIAN_POINT ( 'NONE',  ( -3.929682216895537650, 7.648346838351194776, -5.791540495607058858 ) ) ;
#2956 = FACE_OUTER_BOUND ( 'NONE', #3642, .T. ) ;
#2957 = LINE ( 'NONE', #3702, #389 ) ;
#2958 = ORIENTED_EDGE ( 'NONE', *, *, #1484, .F. ) ;
#2959 = ORIENTED_EDGE ( 'NONE', *, *, #1036, .F. ) ;
#2960 = VECTOR ( 'NONE', #3805, 1000.000000000000000 ) ;
#2961 = DIRECTION ( 'NONE',  ( -0.000000000000000000, 0.000000000000000000, -1.000000000000000000 ) ) ;
#2962 = CARTESIAN_POINT ( 'NONE',  ( 11.30521230756709095, 7.358009161647174778, -5.824868113658205893 ) ) ;
#2963 = CARTESIAN_POINT ( 'NONE',  ( -11.28578643762692302, 7.700000000000007283, -3.201562118716434036 ) ) ;
#2964 = ORIENTED_EDGE ( 'NONE', *, *, #630, .F. ) ;
#2965 = VERTEX_POINT ( 'NONE', #24 ) ;
#2966 = VECTOR ( 'NONE', #401, 1000.000000000000000 ) ;
#2967 = ADVANCED_FACE ( 'NONE', ( #1860 ), #479, .F. ) ;
#2968 = CARTESIAN_POINT ( 'NONE',  ( -11.56600419588160555, 8.811594430100399222, -6.032135772212040337 ) ) ;
#2969 = EDGE_CURVE ( 'NONE', #3450, #1079, #2646, .T. ) ;
#2970 = AXIS2_PLACEMENT_3D ( 'NONE', #2945, #360, #4019 ) ;
#2971 = EDGE_LOOP ( 'NONE', ( #4284, #308, #2583, #9 ) ) ;
#2972 = AXIS2_PLACEMENT_3D ( 'NONE', #1904, #4509, #3358 ) ;
#2973 = AXIS2_PLACEMENT_3D ( 'NONE', #1865, #3368, #4376 ) ;
#2974 = FACE_OUTER_BOUND ( 'NONE', #2633, .T. ) ;
#2975 = ADVANCED_FACE ( 'NONE', ( #1936 ), #1961, .F. ) ;
#2976 = CARTESIAN_POINT ( 'NONE',  ( 22.11832052023462936, 9.999999999999996447, 7.500000000000000888 ) ) ;
#2977 = CARTESIAN_POINT ( 'NONE',  ( 35.00000000000000000, 19.99999999999999645, -5.500000000000005329 ) ) ;
#2978 = ORIENTED_EDGE ( 'NONE', *, *, #1643, .F. ) ;
#2979 = CARTESIAN_POINT ( 'NONE',  ( -33.00000000000000000, 19.99999999999998934, -5.500000000000005329 ) ) ;
#2980 = CARTESIAN_POINT ( 'NONE',  ( 13.58578643762690774, 9.999999999999994671, -3.201562118716424266 ) ) ;
#2981 = CARTESIAN_POINT ( 'NONE',  ( -11.86493040725308035, 6.103232336568617633, 1.572642800218830184 ) ) ;
#2982 = VECTOR ( 'NONE', #4739, 1000.000000000000000 ) ;
#2983 = CIRCLE ( 'NONE', #3446, 1.999999999999999556 ) ;
#2984 = CARTESIAN_POINT ( 'NONE',  ( 11.66613244198347310, 6.273500220932411331, 1.565548093944177266 ) ) ;
#2985 = ORIENTED_EDGE ( 'NONE', *, *, #1668, .F. ) ;
#2986 = ORIENTED_EDGE ( 'NONE', *, *, #809, .F. ) ;
#2987 = AXIS2_PLACEMENT_3D ( 'NONE', #2479, #991, #1447 ) ;
#2988 = ADVANCED_FACE ( 'NONE', ( #433 ), #1518, .T. ) ;
#2989 = CARTESIAN_POINT ( 'NONE',  ( 9.584035358050353892, 8.462981694174915859, 1.257274633655458329 ) ) ;
#2990 = DIRECTION ( 'NONE',  ( 0.000000000000000000, -0.000000000000000000, 1.000000000000000000 ) ) ;
#2991 = VECTOR ( 'NONE', #1428, 1000.000000000000000 ) ;
#2992 = CARTESIAN_POINT ( 'NONE',  ( -10.00000000000000178, 8.999999999999998224, 5.500000000000000888 ) ) ;
#2993 = ORIENTED_EDGE ( 'NONE', *, *, #2687, .F. ) ;
#2994 = LINE ( 'NONE', #2602, #1558 ) ;
#2995 = VERTEX_POINT ( 'NONE', #76 ) ;
#2996 = ADVANCED_FACE ( 'NONE', ( #3031 ), #48, .F. ) ;
#2997 = LINE ( 'NONE', #803, #169 ) ;
#2998 = ADVANCED_FACE ( 'NONE', ( #3836, #1571 ), #2699, .F. ) ;
#2999 = ORIENTED_EDGE ( 'NONE', *, *, #2898, .F. ) ;
#3000 = CARTESIAN_POINT ( 'NONE',  ( -11.86182301536943484, 6.107449915486073522, -1.926974936936570293 ) ) ;
#3001 = CARTESIAN_POINT ( 'NONE',  ( 7.500000000000005329, 11.99999999999998757, 26.50000000000000000 ) ) ;
#3002 = CARTESIAN_POINT ( 'NONE',  ( -20.94674764498082098, 9.999999999999996447, 7.500000000000000888 ) ) ;
#3003 = ORIENTED_EDGE ( 'NONE', *, *, #1817, .T. ) ;
#3004 = DIRECTION ( 'NONE',  ( 0.000000000000000000, 1.000000000000000000, 0.000000000000000000 ) ) ;
#3005 = CARTESIAN_POINT ( 'NONE',  ( -13.58578643762692195, 9.999999999999991118, 7.500000000000000888 ) ) ;
#3006 = VERTEX_POINT ( 'NONE', #2446 ) ;
#3007 = EDGE_CURVE ( 'NONE', #3322, #2659, #868, .T. ) ;
#3008 = CARTESIAN_POINT ( 'NONE',  ( -4.499999999999996447, 24.99999999999998579, 24.50000000000000000 ) ) ;
#3009 = CARTESIAN_POINT ( 'NONE',  ( 12.15915928193272499, 5.885426514033040846, 2.467542187134700082 ) ) ;
#3010 = ORIENTED_EDGE ( 'NONE', *, *, #3581, .F. ) ;
#3011 = CARTESIAN_POINT ( 'NONE',  ( -5.454058453981537546, 9.999999999999992895, -3.201562118716461569 ) ) ;
#3012 = CARTESIAN_POINT ( 'NONE',  ( 7.500000000000002665, 24.99999999999998579, 26.50000000000000000 ) ) ;
#3013 = CARTESIAN_POINT ( 'NONE',  ( 11.59651844013556676, 9.999999999999994671, 0.8162801428815682492 ) ) ;
#3014 = CARTESIAN_POINT ( 'NONE',  ( 9.089491418703943282, 8.284470050877887459, -2.240680073770167535 ) ) ;
#3015 = CARTESIAN_POINT ( 'NONE',  ( 11.59263638950518960, 9.999999999999994671, -0.7999207622482179536 ) ) ;
#3016 = VERTEX_POINT ( 'NONE', #3130 ) ;
#3017 = ORIENTED_EDGE ( 'NONE', *, *, #1212, .T. ) ;
#3018 = CARTESIAN_POINT ( 'NONE',  ( 11.78809402802076178, 6.168073333859665830, -1.794771323692391451 ) ) ;
#3019 = CARTESIAN_POINT ( 'NONE',  ( -13.76316191612860251, 5.155391496283179720, 7.303285209289334112 ) ) ;
#3020 = ORIENTED_EDGE ( 'NONE', *, *, #450, .F. ) ;
#3021 = CARTESIAN_POINT ( 'NONE',  ( -12.06116232798037124, 5.954848145968310469, -2.281874219779313595 ) ) ;
#3022 = DIRECTION ( 'NONE',  ( 1.000000000000000000, 1.734723475976807094E-16, -0.000000000000000000 ) ) ;
#3023 = FACE_OUTER_BOUND ( 'NONE', #1416, .T. ) ;
#3024 = FACE_OUTER_BOUND ( 'NONE', #3315, .T. ) ;
#3025 = ORIENTED_EDGE ( 'NONE', *, *, #3853, .F. ) ;
#3026 = B_SPLINE_CURVE_WITH_KNOTS ( 'NONE', 3,
 ( #4260, #4307, #3210, #3168, #4706, #602, #4659, #1334, #903, #2844 ),
 .UNSPECIFIED., .F., .F.,
 ( 4, 2, 2, 2, 4 ),
 ( 0.000000000000000000, 0.001447800694719342555, 0.002171701042079015459, 0.002533651215758854405, 0.002895601389438693350 ),
 .UNSPECIFIED. ) ;
#3027 = FACE_OUTER_BOUND ( 'NONE', #4262, .T. ) ;
#3028 = DIRECTION ( 'NONE',  ( 0.000000000000000000, 1.000000000000000000, 0.000000000000000000 ) ) ;
#3029 = DIRECTION ( 'NONE',  ( -0.000000000000000000, 1.000000000000000000, -0.000000000000000000 ) ) ;
#3030 = ORIENTED_EDGE ( 'NONE', *, *, #4674, .T. ) ;
#3031 = FACE_OUTER_BOUND ( 'NONE', #4311, .T. ) ;
#3032 = CARTESIAN_POINT ( 'NONE',  ( 12.34141901664529151, 5.765371017087913330, 2.916672208121964704 ) ) ;
#3033 = VERTEX_POINT ( 'NONE', #182 ) ;
#3034 = CARTESIAN_POINT ( 'NONE',  ( -9.481025098555257102, 8.355532417241333221, -1.673735554533303471 ) ) ;
#3035 = B_SPLINE_CURVE_WITH_KNOTS ( 'NONE', 3,
 ( #1687, #221, #1272, #3192, #910, #517 ),
 .UNSPECIFIED., .F., .F.,
 ( 4, 2, 4 ),
 ( 0.6064131754833694821, 0.8032065877416847410, 1.000000000000000000 ),
 .UNSPECIFIED. ) ;
#3036 = CARTESIAN_POINT ( 'NONE',  ( 13.58578643762690774, 9.999999999999994671, 3.201562118716424266 ) ) ;
#3037 = CARTESIAN_POINT ( 'NONE',  ( 12.41461292670837402, 9.999999999999797495, -2.378066276435816029 ) ) ;
#3038 = LINE ( 'NONE', #2735, #1716 ) ;
#3039 = ORIENTED_EDGE ( 'NONE', *, *, #155, .F. ) ;
#3040 = VERTEX_POINT ( 'NONE', #2777 ) ;
#3041 = EDGE_CURVE ( 'NONE', #1134, #268, #3940, .T. ) ;
#3042 = AXIS2_PLACEMENT_3D ( 'NONE', #3694, #709, #616 ) ;
#3043 = CARTESIAN_POINT ( 'NONE',  ( 11.81174258132512733, 6.148361621865774396, -1.837496934249303715 ) ) ;
#3044 = CARTESIAN_POINT ( 'NONE',  ( -11.23041531336018650, 6.715151230426914530, -0.1650927288005018534 ) ) ;
#3045 = ORIENTED_EDGE ( 'NONE', *, *, #3236, .T. ) ;
#3046 = DIRECTION ( 'NONE',  ( 0.000000000000000000, -1.000000000000000000, 0.000000000000000000 ) ) ;
#3047 = AXIS2_PLACEMENT_3D ( 'NONE', #2500, #4012, #2328 ) ;
#3048 = CARTESIAN_POINT ( 'NONE',  ( -19.98435971133564948, 0.000000000000000000, -7.589415207398531038E-16 ) ) ;
#3049 = LINE ( 'NONE', #2638, #2628 ) ;
#3050 = CARTESIAN_POINT ( 'NONE',  ( -9.644423896480740055, 8.486617119599307202, -0.8418839414767294027 ) ) ;
#3051 = LINE ( 'NONE', #70, #546 ) ;
#3052 = DIRECTION ( 'NONE',  ( -1.000000000000000000, -5.782411586589358625E-17, 0.000000000000000000 ) ) ;
#3053 = ORIENTED_EDGE ( 'NONE', *, *, #4240, .T. ) ;
#3054 = PLANE ( 'NONE',  #2925 ) ;
#3055 = AXIS2_PLACEMENT_3D ( 'NONE', #4826, #16, #2299 ) ;
#3056 = ADVANCED_FACE ( 'NONE', ( #1718 ), #3488, .F. ) ;
#3057 = DIRECTION ( 'NONE',  ( -0.000000000000000000, -1.000000000000000000, -0.000000000000000000 ) ) ;
#3058 = CARTESIAN_POINT ( 'NONE',  ( 11.28578643762868516, 9.999999999999991118, 3.201562118716469119 ) ) ;
#3059 = CIRCLE ( 'NONE', #935, 8.000000000000000000 ) ;
#3060 = AXIS2_PLACEMENT_3D ( 'NONE', #2431, #2011, #2059 ) ;
#3061 = VERTEX_POINT ( 'NONE', #1670 ) ;
#3062 = CARTESIAN_POINT ( 'NONE',  ( -11.43139452660060940, 6.879387471986450286, 5.969135827427455077 ) ) ;
#3063 = ADVANCED_FACE ( 'NONE', ( #2427 ), #4269, .F. ) ;
#3064 = CARTESIAN_POINT ( 'NONE',  ( 4.500000000000002665, 24.99999999999998579, 8.586540306964575819 ) ) ;
#3065 = CARTESIAN_POINT ( 'NONE',  ( 12.22509260735756875, 5.840069738888113093, -2.598999605154216574 ) ) ;
#3066 = DIRECTION ( 'NONE',  ( 0.000000000000000000, 1.000000000000000000, 0.000000000000000000 ) ) ;
#3067 = ORIENTED_EDGE ( 'NONE', *, *, #4340, .T. ) ;
#3068 = CARTESIAN_POINT ( 'NONE',  ( 1.500000000000005329, 9.999999999999987566, 26.50000000000000000 ) ) ;
#3069 = ORIENTED_EDGE ( 'NONE', *, *, #4517, .T. ) ;
#3070 = VECTOR ( 'NONE', #2732, 1000.000000000000000 ) ;
#3071 = CARTESIAN_POINT ( 'NONE',  ( 7.500000000000002665, 24.16666666666665364, 6.962074582829749225 ) ) ;
#3072 = ADVANCED_FACE ( 'NONE', ( #912 ), #4291, .T. ) ;
#3073 = AXIS2_PLACEMENT_3D ( 'NONE', #3605, #607, #584 ) ;
#3074 = CARTESIAN_POINT ( 'NONE',  ( -9.644423896480738279, 8.486617119599308978, -0.8418839414767297358 ) ) ;
#3075 = ORIENTED_EDGE ( 'NONE', *, *, #990, .F. ) ;
#3076 = DIRECTION ( 'NONE',  ( 0.000000000000000000, 0.000000000000000000, -1.000000000000000000 ) ) ;
#3077 = DIRECTION ( 'NONE',  ( 1.000000000000000000, -0.000000000000000000, 0.000000000000000000 ) ) ;
#3078 = CYLINDRICAL_SURFACE ( 'NONE', #1064, 3.499999999999997780 ) ;
#3079 = LINE ( 'NONE', #733, #2966 ) ;
#3080 = DIRECTION ( 'NONE',  ( 0.000000000000000000, 1.000000000000000000, 0.000000000000000000 ) ) ;
#3081 = LINE ( 'NONE', #4616, #4453 ) ;
#3082 = ORIENTED_EDGE ( 'NONE', *, *, #976, .T. ) ;
#3083 = CARTESIAN_POINT ( 'NONE',  ( -4.499999999999996447, 24.99999999999998579, 26.50000000000000000 ) ) ;
#3084 = DIRECTION ( 'NONE',  ( 1.000000000000000000, 0.000000000000000000, 0.000000000000000000 ) ) ;
#3085 = CARTESIAN_POINT ( 'NONE',  ( 11.92104188522561259, 6.060402104871650764, 2.031656399110247868 ) ) ;
#3086 = VERTEX_POINT ( 'NONE', #2355 ) ;
#3087 = CARTESIAN_POINT ( 'NONE',  ( -9.083824125185655518, 8.286669476279293178, -2.248698818314045500 ) ) ;
#3088 = CARTESIAN_POINT ( 'NONE',  ( -12.38108599560540313, 5.740740740740728043, -6.708268326881148269 ) ) ;
#3089 = DIRECTION ( 'NONE',  ( -1.000000000000000000, -5.782411586589358625E-17, 0.000000000000000000 ) ) ;
#3090 = CARTESIAN_POINT ( 'NONE',  ( 11.28578643762691058, 7.699999999999995737, -5.500000000000000888 ) ) ;
#3091 = CARTESIAN_POINT ( 'NONE',  ( 12.86974625327352939, 9.999999999999994671, -2.783050931329186906 ) ) ;
#3092 = CARTESIAN_POINT ( 'NONE',  ( 4.018593309672931824, 8.238350841068196928, -5.835013522648794471 ) ) ;
#3093 = ADVANCED_FACE ( 'NONE', ( #892 ), #3177, .F. ) ;
#3094 = VERTEX_POINT ( 'NONE', #1617 ) ;
#3095 = ORIENTED_EDGE ( 'NONE', *, *, #2226, .T. ) ;
#3096 = EDGE_CURVE ( 'NONE', #3796, #3743, #2035, .T. ) ;
#3097 = CARTESIAN_POINT ( 'NONE',  ( 11.36734506402877010, 6.564326281380304273, -0.8550240838305895874 ) ) ;
#3098 = DIRECTION ( 'NONE',  ( 0.000000000000000000, 0.000000000000000000, -1.000000000000000000 ) ) ;
#3099 = EDGE_CURVE ( 'NONE', #3139, #3434, #3738, .T. ) ;
#3100 = CARTESIAN_POINT ( 'NONE',  ( -2.639022891491583422, 8.999999999999998224, 5.500000000000000888 ) ) ;
#3101 = DIRECTION ( 'NONE',  ( 1.000000000000000000, 0.000000000000000000, -0.000000000000000000 ) ) ;
#3102 = CARTESIAN_POINT ( 'NONE',  ( -35.00000000000001421, 15.13504870010925707, 21.50000000000000000 ) ) ;
#3103 = CARTESIAN_POINT ( 'NONE',  ( -4.884575201814168821, 9.451503267621333748, -6.494069747096778755 ) ) ;
#3104 = CARTESIAN_POINT ( 'NONE',  ( -5.039022891491584666, 9.999999999999987566, -6.700000000000001066 ) ) ;
#3105 = EDGE_LOOP ( 'NONE', ( #815, #19, #1376, #34, #3166, #2325, #2455 ) ) ;
#3106 = CARTESIAN_POINT ( 'NONE',  ( -11.58488997016483957, 6.347803475404907303, 1.400856928312349758 ) ) ;
#3107 = CARTESIAN_POINT ( 'NONE',  ( -1.499999999999994449, 17.63504870010926240, 21.50000000000000000 ) ) ;
#3108 = CARTESIAN_POINT ( 'NONE',  ( 12.07145465785622207, 5.947389915730134646, 2.300762645624364833 ) ) ;
#3109 = ORIENTED_EDGE ( 'NONE', *, *, #3708, .T. ) ;
#3110 = CARTESIAN_POINT ( 'NONE',  ( -7.225456027740053244, 8.957651039033921236, -3.033523807720484466 ) ) ;
#3111 = CARTESIAN_POINT ( 'NONE',  ( -11.41556562366682037, 6.514025025572468763, -0.9975586396857630822 ) ) ;
#3112 = DIRECTION ( 'NONE',  ( -0.000000000000000000, -1.000000000000000000, 0.000000000000000000 ) ) ;
#3113 = DIRECTION ( 'NONE',  ( 1.000000000000000000, -0.000000000000000000, 0.000000000000000000 ) ) ;
#3114 = ORIENTED_EDGE ( 'NONE', *, *, #2495, .T. ) ;
#3115 = ORIENTED_EDGE ( 'NONE', *, *, #144, .T. ) ;
#3116 = FACE_OUTER_BOUND ( 'NONE', #2612, .T. ) ;
#3117 = CYLINDRICAL_SURFACE ( 'NONE', #4468, 2.000000000000000000 ) ;
#3118 = ORIENTED_EDGE ( 'NONE', *, *, #2119, .F. ) ;
#3119 = AXIS2_PLACEMENT_3D ( 'NONE', #2562, #1001, #1437 ) ;
#3120 = EDGE_CURVE ( 'NONE', #2675, #403, #203, .T. ) ;
#3121 = FACE_BOUND ( 'NONE', #2519, .T. ) ;
#3122 = FACE_OUTER_BOUND ( 'NONE', #2615, .T. ) ;
#3123 = CARTESIAN_POINT ( 'NONE',  ( -7.499999999999996447, 21.99999999999999645, 9.500000000000001776 ) ) ;
#3124 = CARTESIAN_POINT ( 'NONE',  ( 4.500000000000003553, 19.99999999999999289, -1.160254037844380637 ) ) ;
#3125 = CARTESIAN_POINT ( 'NONE',  ( 11.59263638950518960, 9.999999999999994671, -0.7999207622482179536 ) ) ;
#3126 = DIRECTION ( 'NONE',  ( 0.000000000000000000, 1.000000000000000000, 0.000000000000000000 ) ) ;
#3127 = AXIS2_PLACEMENT_3D ( 'NONE', #3387, #1119, #2613 ) ;
#3128 = VERTEX_POINT ( 'NONE', #2075 ) ;
#3129 = AXIS2_PLACEMENT_3D ( 'NONE', #1647, #1275, #225 ) ;
#3130 = CARTESIAN_POINT ( 'NONE',  ( -4.499999999999995559, 19.99999999999999289, 7.500000000000000888 ) ) ;
#3131 = FACE_OUTER_BOUND ( 'NONE', #3105, .T. ) ;
#3132 = VERTEX_POINT ( 'NONE', #2726 ) ;
#3133 = CARTESIAN_POINT ( 'NONE',  ( -12.38108599560540313, 5.740740740740728043, -6.708268326881148269 ) ) ;
#3134 = AXIS2_PLACEMENT_3D ( 'NONE', #2464, #274, #1741 ) ;
#3135 = CARTESIAN_POINT ( 'NONE',  ( -11.45792401236234781, 6.471011611400228958, -1.109070154234047978 ) ) ;
#3136 = DIRECTION ( 'NONE',  ( 1.000000000000000000, -1.156482317317871331E-15, 0.000000000000000000 ) ) ;
#3137 = LINE ( 'NONE', #487, #1862 ) ;
#3138 = EDGE_LOOP ( 'NONE', ( #1470, #4027, #2118, #1846 ) ) ;
#3139 = VERTEX_POINT ( 'NONE', #570 ) ;
#3140 = ADVANCED_FACE ( 'NONE', ( #3582 ), #2054, .T. ) ;
#3141 = DIRECTION ( 'NONE',  ( 0.000000000000000000, 0.000000000000000000, -1.000000000000000000 ) ) ;
#3142 = CIRCLE ( 'NONE', #1008, 2.000000000000003109 ) ;
#3143 = DIRECTION ( 'NONE',  ( 0.000000000000000000, -1.000000000000000000, 0.000000000000000000 ) ) ;
#3144 = DIRECTION ( 'NONE',  ( 1.000000000000000000, 0.000000000000000000, 0.000000000000000000 ) ) ;
#3145 = VECTOR ( 'NONE', #3046, 1000.000000000000000 ) ;
#3146 = ORIENTED_EDGE ( 'NONE', *, *, #4716, .F. ) ;
#3147 = AXIS2_PLACEMENT_3D ( 'NONE', #4282, #950, #3144 ) ;
#3148 = CYLINDRICAL_SURFACE ( 'NONE', #4387, 10.00000000000000178 ) ;
#3149 = CARTESIAN_POINT ( 'NONE',  ( 12.03743346205026654, 5.972109447398779913, -2.238554529437637441 ) ) ;
#3150 = CIRCLE ( 'NONE', #2917, 8.000000000000000000 ) ;
#3151 = ADVANCED_FACE ( 'NONE', ( #1690 ), #4592, .T. ) ;
#3152 = DIRECTION ( 'NONE',  ( 0.000000000000000000, 0.000000000000000000, -1.000000000000000000 ) ) ;
#3153 = CARTESIAN_POINT ( 'NONE',  ( -11.49738657403972653, 6.736368322558339727, -6.041752403815749517 ) ) ;
#3154 = ORIENTED_EDGE ( 'NONE', *, *, #4459, .T. ) ;
#3155 = CARTESIAN_POINT ( 'NONE',  ( 15.00000000000000000, 4.999999999999997335, 0.000000000000000000 ) ) ;
#3156 = CARTESIAN_POINT ( 'NONE',  ( -12.10296503275634983, 5.924787270304804565, 2.359319328146078032 ) ) ;
#3157 = LINE ( 'NONE', #501, #2093 ) ;
#3158 = CARTESIAN_POINT ( 'NONE',  ( -11.28578643762692124, 8.001069295969017503, 3.201562118716433147 ) ) ;
#3159 = VERTEX_POINT ( 'NONE', #2832 ) ;
#3160 = CARTESIAN_POINT ( 'NONE',  ( 22.11832052023462936, 9.999999999999996447, 7.500000000000000888 ) ) ;
#3161 = EDGE_CURVE ( 'NONE', #1678, #2058, #3157, .T. ) ;
#3162 = LINE ( 'NONE', #1204, #1398 ) ;
#3163 = CARTESIAN_POINT ( 'NONE',  ( 5.219616105290244334, 9.757730384510784560, 6.917089554809707330 ) ) ;
#3164 = CARTESIAN_POINT ( 'NONE',  ( 9.500000000000003553, 9.999999999999989342, 7.500000000000000888 ) ) ;
#3165 = ORIENTED_EDGE ( 'NONE', *, *, #1259, .T. ) ;
#3166 = ORIENTED_EDGE ( 'NONE', *, *, #3494, .F. ) ;
#3167 = CARTESIAN_POINT ( 'NONE',  ( -1.499999999999994227, 15.13504870010926417, 21.50000000000000000 ) ) ;
#3168 = CARTESIAN_POINT ( 'NONE',  ( -3.380797514579481522, 8.039783192789759170, -5.589242816594736318 ) ) ;
#3169 = CYLINDRICAL_SURFACE ( 'NONE', #1092, 2.000000000000000000 ) ;
#3170 = EDGE_LOOP ( 'NONE', ( #2707, #1391, #901, #2847 ) ) ;
#3171 = CARTESIAN_POINT ( 'NONE',  ( -5.219616105290245223, 9.757730384510782784, -6.917089554809707330 ) ) ;
#3172 = EDGE_CURVE ( 'NONE', #3627, #1815, #4618, .T. ) ;
#3173 = CARTESIAN_POINT ( 'NONE',  ( 0.000000000000000000, 22.99999999999998579, 24.50000000000000000 ) ) ;
#3174 = CARTESIAN_POINT ( 'NONE',  ( -11.82298785233206040, 9.184804061059177016, 6.267516170083516691 ) ) ;
#3175 = ORIENTED_EDGE ( 'NONE', *, *, #4764, .T. ) ;
#3176 = PRODUCT_DEFINITION ( 'General', '', #751, #551 ) ;
#3177 = CYLINDRICAL_SURFACE ( 'NONE', #4442, 1.999999999999999556 ) ;
#3178 = CARTESIAN_POINT ( 'NONE',  ( 12.84090068712311528, 5.485755535922989701, -2.763686283272114963 ) ) ;
#3179 = CARTESIAN_POINT ( 'NONE',  ( -2.593093334203008471, 20.20182537817713708, 0.9057888747828507503 ) ) ;
#3180 = ORIENTED_EDGE ( 'NONE', *, *, #1975, .T. ) ;
#3181 = CARTESIAN_POINT ( 'NONE',  ( 11.28578643762442901, 7.700000000000225775, -5.793857062404300429 ) ) ;
#3182 = CARTESIAN_POINT ( 'NONE',  ( 12.00000000000000000, 0.000000000000000000, -0.5000000000000013323 ) ) ;
#3183 = DIRECTION ( 'NONE',  ( 0.000000000000000000, -1.000000000000000000, 0.000000000000000000 ) ) ;
#3184 = CARTESIAN_POINT ( 'NONE',  ( -7.499999999999995559, 9.999999999999987566, 9.500000000000001776 ) ) ;
#3185 = VERTEX_POINT ( 'NONE', #4004 ) ;
#3186 = EDGE_LOOP ( 'NONE', ( #3821, #4245, #2643 ) ) ;
#3187 = CARTESIAN_POINT ( 'NONE',  ( -4.499999999999996447, 22.99999999999998579, 24.50000000000000000 ) ) ;
#3188 = CARTESIAN_POINT ( 'NONE',  ( -20.94674764498082098, 9.999999999999991118, -5.500000000000000888 ) ) ;
#3189 = EDGE_LOOP ( 'NONE', ( #2493, #4186, #1193, #3943, #2339, #729, #1445, #2601, #3260 ) ) ;
#3190 = CARTESIAN_POINT ( 'NONE',  ( 7.500000000000003553, 21.99999999999999645, 4.839745962155620695 ) ) ;
#3191 = DIRECTION ( 'NONE',  ( 0.000000000000000000, -1.000000000000000000, 0.000000000000000000 ) ) ;
#3192 = CARTESIAN_POINT ( 'NONE',  ( 11.76890174905996744, 6.236557347792657247, -3.201562118716425154 ) ) ;
#3193 = VECTOR ( 'NONE', #3778, 1000.000000000000000 ) ;
#3194 = VERTEX_POINT ( 'NONE', #1347 ) ;
#3195 = DIRECTION ( 'NONE',  ( 1.000000000000000000, 1.734723475976807094E-16, -0.000000000000000000 ) ) ;
#3196 = CARTESIAN_POINT ( 'NONE',  ( 12.21845713625440766, 5.842372143271428619, 2.135802251001981400 ) ) ;
#3197 = CARTESIAN_POINT ( 'NONE',  ( -1.847142008959293813, 20.86625218306852148, 2.919884431338124919 ) ) ;
#3198 = VERTEX_POINT ( 'NONE', #4786 ) ;
#3199 = DIRECTION ( 'NONE',  ( -1.000000000000000000, -0.000000000000000000, -0.000000000000000000 ) ) ;
#3200 = CARTESIAN_POINT ( 'NONE',  ( -11.36934886351940754, 6.562138596807469249, -0.8628012331593426509 ) ) ;
#3201 = FACE_OUTER_BOUND ( 'NONE', #1896, .T. ) ;
#3202 = CARTESIAN_POINT ( 'NONE',  ( 2.841642265409624771E-14, 29.99999999999999645, -1.160254037844380637 ) ) ;
#3203 = AXIS2_PLACEMENT_3D ( 'NONE', #3414, #2227, #1 ) ;
#3204 = VERTEX_POINT ( 'NONE', #1413 ) ;
#3205 = ORIENTED_EDGE ( 'NONE', *, *, #270, .T. ) ;
#3206 = EDGE_CURVE ( 'NONE', #3675, #3061, #2853, .T. ) ;
#3207 = EDGE_CURVE ( 'NONE', #4678, #174, #770, .T. ) ;
#3208 = AXIS2_PLACEMENT_3D ( 'NONE', #1096, #3022, #369 ) ;
#3209 = AXIS2_PLACEMENT_3D ( 'NONE', #2879, #1816, #1766 ) ;
#3210 = CARTESIAN_POINT ( 'NONE',  ( -3.812990533017555084, 7.473982930945799019, -5.722816558910784224 ) ) ;
#3211 = DIRECTION ( 'NONE',  ( 1.000000000000000000, 0.000000000000000000, 0.000000000000000000 ) ) ;
#3212 = PLANE ( 'NONE',  #146 ) ;
#3213 = ORIENTED_EDGE ( 'NONE', *, *, #4736, .T. ) ;
#3214 = ADVANCED_FACE ( 'NONE', ( #3264, #1026, #2100 ), #661, .T. ) ;
#3215 = AXIS2_PLACEMENT_3D ( 'NONE', #3068, #2763, #1234 ) ;
#3216 = FACE_OUTER_BOUND ( 'NONE', #4290, .T. ) ;
#3217 = PRODUCT_DEFINITION_SHAPE ( 'NONE', 'NONE',  #3176 ) ;
#3218 = CARTESIAN_POINT ( 'NONE',  ( -12.46608913804677776, 9.713609296355235401, 6.844594809250994949 ) ) ;
#3219 = AXIS2_PLACEMENT_3D ( 'NONE', #3182, #898, #4228 ) ;
#3220 = ORIENTED_EDGE ( 'NONE', *, *, #4041, .T. ) ;
#3221 = AXIS2_PLACEMENT_3D ( 'NONE', #2022, #1305, #3928 ) ;
#3222 = CARTESIAN_POINT ( 'NONE',  ( 3.500000000000003109, 19.99999999999999289, -1.160254037844380637 ) ) ;
#3223 = CARTESIAN_POINT ( 'NONE',  ( -15.00000000000000000, 0.000000000000000000, 1.999999999999999556 ) ) ;
#3224 = CARTESIAN_POINT ( 'NONE',  ( 1.500000000000008216, 17.63504870010926240, 21.50000000000000000 ) ) ;
#3225 = ORIENTED_EDGE ( 'NONE', *, *, #1387, .F. ) ;
#3226 = CARTESIAN_POINT ( 'NONE',  ( 2.639022891491583422, 8.999999999999998224, 5.500000000000000888 ) ) ;
#3227 = CARTESIAN_POINT ( 'NONE',  ( -11.54890555975537580, 6.381957086550594127, -1.322698111524262199 ) ) ;
#3228 = CARTESIAN_POINT ( 'NONE',  ( -9.499999999999996447, 19.99999999999999645, 7.500000000000000888 ) ) ;
#3229 = CARTESIAN_POINT ( 'NONE',  ( 15.00000000000000000, 0.000000000000000000, -2.000000000000003109 ) ) ;
#3230 = EDGE_LOOP ( 'NONE', ( #2689, #2010, #2626, #3569 ) ) ;
#3231 = EDGE_CURVE ( 'NONE', #3061, #544, #2484, .T. ) ;
#3232 = EDGE_CURVE ( 'NONE', #2439, #526, #3797, .T. ) ;
#3233 = ORIENTED_EDGE ( 'NONE', *, *, #2082, .F. ) ;
#3234 = CARTESIAN_POINT ( 'NONE',  ( -12.37358620081744398, 5.745360552641627372, 3.081441559034460820 ) ) ;
#3235 = DIRECTION ( 'NONE',  ( -0.000000000000000000, -1.000000000000000000, 0.000000000000000000 ) ) ;
#3236 = EDGE_CURVE ( 'NONE', #431, #3132, #4718, .T. ) ;
#3237 = CARTESIAN_POINT ( 'NONE',  ( 9.500000000000001776, 21.99999999999999645, -76.21067811865475505 ) ) ;
#3238 = DIRECTION ( 'NONE',  ( -5.782411586589358625E-17, 1.000000000000000000, 0.000000000000000000 ) ) ;
#3239 = ORIENTED_EDGE ( 'NONE', *, *, #861, .T. ) ;
#3240 = EDGE_CURVE ( 'NONE', #580, #3832, #4522, .T. ) ;
#3241 = CARTESIAN_POINT ( 'NONE',  ( 8.926365161293697170, 20.08038513289535132, 0.1318109827830923897 ) ) ;
#3242 = EDGE_CURVE ( 'NONE', #4033, #3558, #2253, .T. ) ;
#3243 = ORIENTED_EDGE ( 'NONE', *, *, #3777, .F. ) ;
#3244 = CARTESIAN_POINT ( 'NONE',  ( -11.98276955834653279, 6.012980058843878872, 2.140781028778033335 ) ) ;
#3245 = CARTESIAN_POINT ( 'NONE',  ( -35.00000000000000000, 17.99999999999998934, -5.500000000000005329 ) ) ;
#3246 = CARTESIAN_POINT ( 'NONE',  ( 12.67094586077099905, 5.571952948550952911, 2.621874567458601923 ) ) ;
#3247 = DIRECTION ( 'NONE',  ( 1.239088197126290324E-16, -1.000000000000000000, 0.000000000000000000 ) ) ;
#3248 = VERTEX_POINT ( 'NONE', #3245 ) ;
#3249 = CARTESIAN_POINT ( 'NONE',  ( -12.38108599560540313, 5.740740740740728931, 6.708268326881144716 ) ) ;
#3250 = B_SPLINE_CURVE_WITH_KNOTS ( 'NONE', 3,
 ( #3380, #3644, #1848, #12, #2555, #343, #2142, #294, #4063, #3330, #704, #3352, #1483, #1828, #2968, #4824, #1411, #2926, #4454, #4411 ),
 .UNSPECIFIED., .F., .F.,
 ( 4, 2, 2, 2, 2, 2, 2, 2, 2, 4 ),
 ( 0.000000000000000000, 0.0002573330440072712404, 0.0005146660880145424808, 0.001029332176029089298, 0.001543998264043636116, 0.002058664352058182934, 0.002573330440072729534, 0.003087996528087277003, 0.003602662616101823603, 0.004117328704116371071 ),
 .UNSPECIFIED. ) ;
#3251 = CARTESIAN_POINT ( 'NONE',  ( -11.87088758004223266, 6.100170351090921095, -1.943048164619824547 ) ) ;
#3252 = CARTESIAN_POINT ( 'NONE',  ( -22.11832052023462936, 19.99999999999999645, 7.500000000000000888 ) ) ;
#3253 = UNCERTAINTY_MEASURE_WITH_UNIT (LENGTH_MEASURE( 1.000000000000000082E-05 ), #549, 'distance_accuracy_value', 'NONE');
#3254 = DIRECTION ( 'NONE',  ( 0.000000000000000000, 1.000000000000000000, 0.000000000000000000 ) ) ;
#3255 = VERTEX_POINT ( 'NONE', #4737 ) ;
#3256 = ORIENTED_EDGE ( 'NONE', *, *, #1221, .T. ) ;
#3257 = CARTESIAN_POINT ( 'NONE',  ( 7.500000000000002665, 24.99999999999998579, 26.50000000000000000 ) ) ;
#3258 = DIRECTION ( 'NONE',  ( 1.000000000000000000, 0.000000000000000000, -0.000000000000000000 ) ) ;
#3259 = LINE ( 'NONE', #1360, #4296 ) ;
#3260 = ORIENTED_EDGE ( 'NONE', *, *, #1602, .T. ) ;
#3261 = CYLINDRICAL_SURFACE ( 'NONE', #3073, 8.000000000000000000 ) ;
#3262 = EDGE_CURVE ( 'NONE', #2073, #1581, #764, .T. ) ;
#3263 = ORIENTED_EDGE ( 'NONE', *, *, #4359, .T. ) ;
#3264 = FACE_OUTER_BOUND ( 'NONE', #373, .T. ) ;
#3265 = CIRCLE ( 'NONE', #993, 1.499999999999997780 ) ;
#3266 = DIRECTION ( 'NONE',  ( 1.000000000000000000, 2.312964634635742957E-16, -0.000000000000000000 ) ) ;
#3267 = CARTESIAN_POINT ( 'NONE',  ( -6.639022891491583422, 9.999999999999987566, 5.500000000000000888 ) ) ;
#3268 = VERTEX_POINT ( 'NONE', #2585 ) ;
#3269 = CARTESIAN_POINT ( 'NONE',  ( 11.57607774441211745, 8.858323654853064610, -3.201562118716424266 ) ) ;
#3270 = CARTESIAN_POINT ( 'NONE',  ( -13.40830390703315445, 5.254948946929960840, 3.125716166701792531 ) ) ;
#3271 = EDGE_CURVE ( 'NONE', #2531, #1143, #3804, .T. ) ;
#3272 = CARTESIAN_POINT ( 'NONE',  ( -12.37537307275299980, 5.744238038099930499, -3.082256294357827109 ) ) ;
#3273 = CARTESIAN_POINT ( 'NONE',  ( -7.231775158732277831, 8.953927116693224164, 3.031490266580791904 ) ) ;
#3274 = CARTESIAN_POINT ( 'NONE',  ( 11.56800837382173874, 6.363790693321603520, 1.364398697745206723 ) ) ;
#3275 = ORIENTED_EDGE ( 'NONE', *, *, #973, .F. ) ;
#3276 = CARTESIAN_POINT ( 'NONE',  ( 2.167027580307532211E-14, 24.16666666666665364, 6.962074582829751002 ) ) ;
#3277 = CARTESIAN_POINT ( 'NONE',  ( -8.381997513628382634, 20.32302434789507473, 1.415801002779757400 ) ) ;
#3278 = AXIS2_PLACEMENT_3D ( 'NONE', #1541, #3057, #4547 ) ;
#3279 = CYLINDRICAL_SURFACE ( 'NONE', #172, 2.299999999999999822 ) ;
#3280 = LINE ( 'NONE', #1871, #612 ) ;
#3281 = VERTEX_POINT ( 'NONE', #2610 ) ;
#3282 = ORIENTED_EDGE ( 'NONE', *, *, #3708, .F. ) ;
#3283 = VECTOR ( 'NONE', #1140, 1000.000000000000000 ) ;
#3284 = APPLICATION_CONTEXT ( 'automotive_design' ) ;
#3285 = CARTESIAN_POINT ( 'NONE',  ( -12.25525616339229273, 5.820713917759439582, 2.672751519844845269 ) ) ;
#3286 = CARTESIAN_POINT ( 'NONE',  ( -13.51210804639408103, 5.219486043232168804, 7.226200309204403815 ) ) ;
#3287 = AXIS2_PLACEMENT_3D ( 'NONE', #2290, #56, #3066 ) ;
#3288 = VECTOR ( 'NONE', #1986, 1000.000000000000000 ) ;
#3289 = ORIENTED_EDGE ( 'NONE', *, *, #23, .F. ) ;
#3290 = AXIS2_PLACEMENT_3D ( 'NONE', #567, #2798, #3152 ) ;
#3291 = AXIS2_PLACEMENT_3D ( 'NONE', #2302, #3028, #1858 ) ;
#3292 = EDGE_CURVE ( 'NONE', #1581, #2073, #2644, .T. ) ;
#3293 = CARTESIAN_POINT ( 'NONE',  ( 35.00000000000000000, 19.99999999999999645, -76.21067811865475505 ) ) ;
#3294 = FACE_OUTER_BOUND ( 'NONE', #212, .T. ) ;
#3295 = ORIENTED_EDGE ( 'NONE', *, *, #2005, .T. ) ;
#3296 = CARTESIAN_POINT ( 'NONE',  ( -4.000412685944403357, 7.358240256215838215, -5.826393408007010777 ) ) ;
#3297 = CARTESIAN_POINT ( 'NONE',  ( -11.61864007028549395, 6.316164415334875493, 0.9338820409926585908 ) ) ;
#3298 = CARTESIAN_POINT ( 'NONE',  ( -11.91021909774302578, 6.065650529848417349, 2.017008040028628546 ) ) ;
#3299 = CARTESIAN_POINT ( 'NONE',  ( 11.78720371641929887, 6.168819768738432963, 1.793151227507868262 ) ) ;
#3300 = ORIENTED_EDGE ( 'NONE', *, *, #4757, .F. ) ;
#3301 = ORIENTED_EDGE ( 'NONE', *, *, #4822, .T. ) ;
#3302 = CIRCLE ( 'NONE', #2663, 3.499999999999999556 ) ;
#3303 = VECTOR ( 'NONE', #3318, 1000.000000000000000 ) ;
#3304 = CARTESIAN_POINT ( 'NONE',  ( -8.098847455254876593, 20.56740941973090742, 2.170844021498502308 ) ) ;
#3305 = DIRECTION ( 'NONE',  ( 0.000000000000000000, -1.000000000000000000, 0.000000000000000000 ) ) ;
#3306 = CARTESIAN_POINT ( 'NONE',  ( 13.09260847978600850, 9.999999999999994671, -2.983712540673035818 ) ) ;
#3307 = ORIENTED_EDGE ( 'NONE', *, *, #1062, .T. ) ;
#3308 = ORIENTED_EDGE ( 'NONE', *, *, #3401, .T. ) ;
#3309 = CARTESIAN_POINT ( 'NONE',  ( 2.639022891491583866, 9.999999999999987566, 8.500000000000000000 ) ) ;
#3310 = DIRECTION ( 'NONE',  ( -0.000000000000000000, -0.000000000000000000, 1.000000000000000000 ) ) ;
#3311 = EDGE_LOOP ( 'NONE', ( #3213, #4740 ) ) ;
#3312 = EDGE_CURVE ( 'NONE', #2487, #977, #3407, .T. ) ;
#3313 = CARTESIAN_POINT ( 'NONE',  ( 13.18169022548483582, 9.965403206128597091, -7.381342911365616821 ) ) ;
#3314 = CARTESIAN_POINT ( 'NONE',  ( -2.639022891491583422, 9.000000000000001776, -5.500000000000000888 ) ) ;
#3315 = EDGE_LOOP ( 'NONE', ( #191, #3386, #4181, #2835 ) ) ;
#3316 = CARTESIAN_POINT ( 'NONE',  ( -13.18759998256983224, 5.047258422807977318, 7.433334137965694310 ) ) ;
#3317 = CARTESIAN_POINT ( 'NONE',  ( -13.83388011495937420, 5.132847818043917876, 3.308135792385145990 ) ) ;
#3318 = DIRECTION ( 'NONE',  ( 0.000000000000000000, 0.000000000000000000, 1.000000000000000000 ) ) ;
#3319 = EDGE_CURVE ( 'NONE', #1809, #4107, #1785, .T. ) ;
#3320 = CARTESIAN_POINT ( 'NONE',  ( -13.58578643762692373, 9.999999999999991118, 3.201562118716432703 ) ) ;
#3321 = DIRECTION ( 'NONE',  ( -0.000000000000000000, -1.000000000000000000, 0.000000000000000000 ) ) ;
#3322 = VERTEX_POINT ( 'NONE', #4188 ) ;
#3323 = LINE ( 'NONE', #1471, #2818 ) ;
#3324 = FACE_OUTER_BOUND ( 'NONE', #775, .T. ) ;
#3325 = CARTESIAN_POINT ( 'NONE',  ( 7.500000000000003553, 20.13504870010926240, 21.50000000000000000 ) ) ;
#3326 = CARTESIAN_POINT ( 'NONE',  ( -11.27421982966566993, 6.665549202290807607, -0.4825327743952173565 ) ) ;
#3327 = VERTEX_POINT ( 'NONE', #831 ) ;
#3328 = ORIENTED_EDGE ( 'NONE', *, *, #2497, .F. ) ;
#3329 = EDGE_CURVE ( 'NONE', #4294, #3194, #4112, .T. ) ;
#3330 = CARTESIAN_POINT ( 'NONE',  ( -12.23749399130842797, 9.568275118995002160, -6.643758450616907396 ) ) ;
#3331 = ORIENTED_EDGE ( 'NONE', *, *, #4001, .F. ) ;
#3332 = CARTESIAN_POINT ( 'NONE',  ( 15.00000000000000000, 4.999999999999997335, 0.000000000000000000 ) ) ;
#3333 =( NAMED_UNIT ( * ) SI_UNIT ( $, .STERADIAN. ) SOLID_ANGLE_UNIT ( ) );
#3334 = DIRECTION ( 'NONE',  ( -1.000000000000000000, 0.000000000000000000, 1.156482317317871133E-15 ) ) ;
#3335 = ORIENTED_EDGE ( 'NONE', *, *, #4704, .T. ) ;
#3336 = B_SPLINE_CURVE_WITH_KNOTS ( 'NONE', 3,
 ( #3015, #1844, #2578, #4842, #3306, #1110 ),
 .UNSPECIFIED., .F., .F.,
 ( 4, 2, 4 ),
 ( 0.000000000000000000, 0.5000000000000000000, 1.000000000000000000 ),
 .UNSPECIFIED. ) ;
#3337 = CARTESIAN_POINT ( 'NONE',  ( -5.219884022981069016, 9.757842570866381848, 6.917309499106950810 ) ) ;
#3338 = CARTESIAN_POINT ( 'NONE',  ( -4.716361557846424191, 9.269497127734588560, -6.324799295040926417 ) ) ;
#3339 = CARTESIAN_POINT ( 'NONE',  ( 29.99999999999999645, 14.99999999999999645, -7.833828036843772047 ) ) ;
#3340 = VERTEX_POINT ( 'NONE', #3048 ) ;
#3341 = DIRECTION ( 'NONE',  ( -0.000000000000000000, -1.000000000000000000, -0.000000000000000000 ) ) ;
#3342 = CARTESIAN_POINT ( 'NONE',  ( 11.54890555975549127, 6.381957086550475111, 1.322698111527021103 ) ) ;
#3343 = VERTEX_POINT ( 'NONE', #2275 ) ;
#3344 = CARTESIAN_POINT ( 'NONE',  ( 29.99999999999999645, 14.99999999999999645, -7.833828036843772047 ) ) ;
#3345 = CIRCLE ( 'NONE', #1925, 2.000000000000001776 ) ;
#3346 = CARTESIAN_POINT ( 'NONE',  ( 0.000000000000000000, 9.000000000000001776, -10.50000000000000000 ) ) ;
#3347 = CARTESIAN_POINT ( 'NONE',  ( 7.500000000000002665, 22.99999999999998579, 24.50000000000000000 ) ) ;
#3348 = CARTESIAN_POINT ( 'NONE',  ( -11.06502963197281630, 6.899542101647455183, 0.5174083177027352098 ) ) ;
#3349 = ADVANCED_FACE ( 'NONE', ( #2974 ), #4138, .F. ) ;
#3350 = EDGE_LOOP ( 'NONE', ( #677, #1430, #2701, #4457, #2867, #3568 ) ) ;
#3351 = EDGE_LOOP ( 'NONE', ( #4512, #934, #1649, #4341, #2218 ) ) ;
#3352 = CARTESIAN_POINT ( 'NONE',  ( -11.91941851483352011, 9.291605654522886226, -6.355883375606721231 ) ) ;
#3353 = VECTOR ( 'NONE', #1477, 1000.000000000000000 ) ;
#3354 = ORIENTED_EDGE ( 'NONE', *, *, #4610, .F. ) ;
#3355 = CARTESIAN_POINT ( 'NONE',  ( -11.95160086880805039, 6.036708360328821854, 2.085577275849087364 ) ) ;
#3356 = CIRCLE ( 'NONE', #3595, 9.999999999999998224 ) ;
#3357 = CARTESIAN_POINT ( 'NONE',  ( -11.78720371641671960, 6.168819768740602782, -1.793151227502797207 ) ) ;
#3358 = DIRECTION ( 'NONE',  ( -1.000000000000000000, 0.000000000000000000, 0.000000000000000000 ) ) ;
#3359 = CARTESIAN_POINT ( 'NONE',  ( -11.28578643762691947, 7.700000000000001066, 3.201562118716432259 ) ) ;
#3360 = ORIENTED_EDGE ( 'NONE', *, *, #247, .F. ) ;
#3361 = CARTESIAN_POINT ( 'NONE',  ( -5.448348218298000312, 9.862068527907041471, 7.114005937718772543 ) ) ;
#3362 = CARTESIAN_POINT ( 'NONE',  ( -4.198700049090844821, 6.966970860142996713, 5.936079065340049254 ) ) ;
#3363 = AXIS2_PLACEMENT_3D ( 'NONE', #2909, #4367, #1003 ) ;
#3364 = CARTESIAN_POINT ( 'NONE',  ( -13.76316191612859718, 5.155391496283181496, -7.303285209289337665 ) ) ;
#3365 = DIRECTION ( 'NONE',  ( 0.000000000000000000, 1.000000000000000000, -0.000000000000000000 ) ) ;
#3366 = CARTESIAN_POINT ( 'NONE',  ( 11.28578643762691236, 7.700000000000010836, 3.201562118716432259 ) ) ;
#3367 = ORIENTED_EDGE ( 'NONE', *, *, #356, .T. ) ;
#3368 = DIRECTION ( 'NONE',  ( 0.000000000000000000, 0.000000000000000000, -1.000000000000000000 ) ) ;
#3369 = AXIS2_PLACEMENT_3D ( 'NONE', #3237, #631, #3211 ) ;
#3370 = CARTESIAN_POINT ( 'NONE',  ( 5.454058453981603272, 9.999999999999973355, 3.201562118716582361 ) ) ;
#3371 = CARTESIAN_POINT ( 'NONE',  ( 12.38108597202877981, 5.740740755237412785, -3.140830485713342224 ) ) ;
#3372 = EDGE_CURVE ( 'NONE', #4115, #2568, #1830, .T. ) ;
#3373 = VECTOR ( 'NONE', #2890, 1000.000000000000000 ) ;
#3374 = CARTESIAN_POINT ( 'NONE',  ( -11.27242550853051917, 6.667555190172066659, 0.4725508831694402168 ) ) ;
#3375 = VERTEX_POINT ( 'NONE', #3827 ) ;
#3376 = ORIENTED_EDGE ( 'NONE', *, *, #3745, .F. ) ;
#3377 = B_SPLINE_CURVE_WITH_KNOTS ( 'NONE', 3,
 ( #2072, #2424, #3857, #4615, #1289, #498, #4243, #3907, #4715, #3125 ),
 .UNSPECIFIED., .F., .F.,
 ( 4, 2, 2, 2, 4 ),
 ( 0.000000000000000000, 0.2500000000000000000, 0.5000000000000000000, 0.7500000000000000000, 1.000000000000000000 ),
 .UNSPECIFIED. ) ;
#3378 = PRODUCT_RELATED_PRODUCT_CATEGORY ( 'part', '', ( #3879 ) ) ;
#3379 = DIRECTION ( 'NONE',  ( -0.000000000000000000, -0.000000000000000000, 1.000000000000000000 ) ) ;
#3380 = CARTESIAN_POINT ( 'NONE',  ( -13.58578643762692018, 9.999999999999991118, -7.500000000000000888 ) ) ;
#3381 = VERTEX_POINT ( 'NONE', #1533 ) ;
#3382 = CARTESIAN_POINT ( 'NONE',  ( -11.80525753229374786, 6.153698939555205527, -1.825878010951571762 ) ) ;
#3383 = CARTESIAN_POINT ( 'NONE',  ( 35.00000000000000000, 9.999999999999998224, 5.500000000000000888 ) ) ;
#3384 = PRODUCT_CONTEXT ( 'NONE', #3284, 'mechanical' ) ;
#3385 = CARTESIAN_POINT ( 'NONE',  ( 13.58578643762690774, 9.999999999999994671, -3.201562118716424266 ) ) ;
#3386 = ORIENTED_EDGE ( 'NONE', *, *, #2880, .F. ) ;
#3387 = CARTESIAN_POINT ( 'NONE',  ( -15.00000000000000000, 4.999999999999990230, 0.000000000000000000 ) ) ;
#3388 = CARTESIAN_POINT ( 'NONE',  ( -3.928855349783475948, 7.800092996780882970, 5.791430617867984409 ) ) ;
#3389 = CARTESIAN_POINT ( 'NONE',  ( 1.500000000000005329, 22.99999999999998934, 24.50000000000000000 ) ) ;
#3390 = EDGE_LOOP ( 'NONE', ( #4480, #3308, #823, #408, #2184, #745, #4007, #3154, #920, #4790, #1985, #609, #718, #2417, #3713, #4224, #3275, #657, #1703, #2736 ) ) ;
#3391 = CARTESIAN_POINT ( 'NONE',  ( -12.38108599560540313, 5.740740740740728043, -5.500000000000000888 ) ) ;
#3392 = CARTESIAN_POINT ( 'NONE',  ( 1.500000000000005329, 22.99999999999998934, 26.50000000000000000 ) ) ;
#3393 = ORIENTED_EDGE ( 'NONE', *, *, #4674, .F. ) ;
#3394 = LINE ( 'NONE', #1521, #154 ) ;
#3395 = CIRCLE ( 'NONE', #4573, 2.000000000000001776 ) ;
#3396 = PLANE ( 'NONE',  #162 ) ;
#3397 = CARTESIAN_POINT ( 'NONE',  ( 11.35117298517033291, 6.579470585042380470, -0.9151494744203223508 ) ) ;
#3398 = CARTESIAN_POINT ( 'NONE',  ( 4.061127270104226028, 7.219808827734358836, -5.857292575509878141 ) ) ;
#3399 = VERTEX_POINT ( 'NONE', #4461 ) ;
#3400 = VERTEX_POINT ( 'NONE', #4485 ) ;
#3401 = EDGE_CURVE ( 'NONE', #544, #644, #4090, .T. ) ;
#3402 = CARTESIAN_POINT ( 'NONE',  ( 12.38108599560539425, 5.740740740740727155, 6.708268326881145605 ) ) ;
#3403 = DIRECTION ( 'NONE',  ( 0.000000000000000000, 0.000000000000000000, -1.000000000000000000 ) ) ;
#3404 = ORIENTED_EDGE ( 'NONE', *, *, #3206, .F. ) ;
#3405 = B_SPLINE_CURVE_WITH_KNOTS ( 'NONE', 3,
 ( #918, #2840, #597, #3964 ),
 .UNSPECIFIED., .F., .F.,
 ( 4, 4 ),
 ( 0.000000000000000000, 0.001305278167032010396 ),
 .UNSPECIFIED. ) ;
#3406 = DIRECTION ( 'NONE',  ( -1.239088197126290570E-16, 1.000000000000000000, -0.000000000000000000 ) ) ;
#3407 = LINE ( 'NONE', #1169, #4135 ) ;
#3408 = CARTESIAN_POINT ( 'NONE',  ( 33.00000000000000000, 17.99999999999999645, -5.500000000000005329 ) ) ;
#3409 = VERTEX_POINT ( 'NONE', #1489 ) ;
#3410 = EDGE_CURVE ( 'NONE', #4577, #4825, #692, .T. ) ;
#3411 = CARTESIAN_POINT ( 'NONE',  ( -12.83515853697756448, 9.878274122951410163, 7.149037485911292400 ) ) ;
#3412 = CARTESIAN_POINT ( 'NONE',  ( -11.28578643762691947, 7.699999999999992184, -5.500000000000000888 ) ) ;
#3413 = ORIENTED_EDGE ( 'NONE', *, *, #477, .F. ) ;
#3414 = CARTESIAN_POINT ( 'NONE',  ( 35.00000000000000000, 9.999999999999998224, -76.21067811865475505 ) ) ;
#3415 = CARTESIAN_POINT ( 'NONE',  ( 11.28578643762592115, 6.414213562373695332, 3.201562118716423821 ) ) ;
#3416 = ORIENTED_EDGE ( 'NONE', *, *, #4732, .T. ) ;
#3417 = CARTESIAN_POINT ( 'NONE',  ( -11.35422069668851108, 6.576159476052223063, -0.9230814142699531599 ) ) ;
#3418 = EDGE_CURVE ( 'NONE', #2954, #2023, #1548, .T. ) ;
#3419 = CARTESIAN_POINT ( 'NONE',  ( -13.27291358280879052, 5.301068949842704825, -7.132819840198085792 ) ) ;
#3420 = CARTESIAN_POINT ( 'NONE',  ( 12.38108599560539247, 5.740740740740731596, 3.201562118716395400 ) ) ;
#3421 = CARTESIAN_POINT ( 'NONE',  ( 12.25090471022411798, 10.00000000000019185, -2.179422521211046959 ) ) ;
#3422 = DIRECTION ( 'NONE',  ( 0.000000000000000000, -1.000000000000000000, 0.000000000000000000 ) ) ;
#3423 = ORIENTED_EDGE ( 'NONE', *, *, #4764, .F. ) ;
#3424 = EDGE_LOOP ( 'NONE', ( #1063, #1350, #2986, #888, #38 ) ) ;
#3425 = CARTESIAN_POINT ( 'NONE',  ( 13.76316191612860074, 5.155391496283179720, 7.303285209289335889 ) ) ;
#3426 = CARTESIAN_POINT ( 'NONE',  ( -11.53221544663254683, 9.999999991822539513, 0.5425501627892186374 ) ) ;
#3427 = ORIENTED_EDGE ( 'NONE', *, *, #623, .T. ) ;
#3428 = DIRECTION ( 'NONE',  ( 0.000000000000000000, -0.000000000000000000, 1.000000000000000000 ) ) ;
#3429 = DIRECTION ( 'NONE',  ( -1.000000000000000000, 0.000000000000000000, 0.000000000000000000 ) ) ;
#3430 = LINE ( 'NONE', #2300, #4753 ) ;
#3431 = LINE ( 'NONE', #1885, #4605 ) ;
#3432 = CARTESIAN_POINT ( 'NONE',  ( 6.639022891491583422, 19.99999999999999645, -7.500000000000000888 ) ) ;
#3433 = CARTESIAN_POINT ( 'NONE',  ( 1.500000000000008216, 20.13504870010926240, 21.50000000000000000 ) ) ;
#3434 = VERTEX_POINT ( 'NONE', #1509 ) ;
#3435 = CARTESIAN_POINT ( 'NONE',  ( -12.07785675043831475, 5.942772128997930281, 2.312583342174895584 ) ) ;
#3436 = CIRCLE ( 'NONE', #4062, 3.499999999999997780 ) ;
#3437 = CIRCLE ( 'NONE', #3209, 2.499999999999998668 ) ;
#3438 = DIRECTION ( 'NONE',  ( 1.000000000000000000, 0.000000000000000000, 0.000000000000000000 ) ) ;
#3439 = ADVANCED_FACE ( 'NONE', ( #781 ), #3776, .F. ) ;
#3440 = DIRECTION ( 'NONE',  ( -1.000000000000000000, 0.000000000000000000, 0.000000000000000000 ) ) ;
#3441 = CARTESIAN_POINT ( 'NONE',  ( 12.05003021237725847, 5.962943043913122132, 2.261522000173560976 ) ) ;
#3442 = AXIS2_PLACEMENT_3D ( 'NONE', #3959, #520, #980 ) ;
#3443 = ORIENTED_EDGE ( 'NONE', *, *, #575, .F. ) ;
#3444 = LINE ( 'NONE', #3761, #854 ) ;
#3445 = AXIS2_PLACEMENT_3D ( 'NONE', #4664, #2772, #2829 ) ;
#3446 = AXIS2_PLACEMENT_3D ( 'NONE', #2349, #860, #536 ) ;
#3447 = CARTESIAN_POINT ( 'NONE',  ( 12.04947882338939813, 5.960845082808671869, 2.248630129864132243 ) ) ;
#3448 = LINE ( 'NONE', #1599, #790 ) ;
#3449 = CARTESIAN_POINT ( 'NONE',  ( 3.928855349783479944, 7.800092996780879417, -5.791430617867984409 ) ) ;
#3450 = VERTEX_POINT ( 'NONE', #448 ) ;
#3451 = EDGE_CURVE ( 'NONE', #1530, #431, #2413, .T. ) ;
#3452 = ORIENTED_EDGE ( 'NONE', *, *, #322, .T. ) ;
#3453 = CIRCLE ( 'NONE', #4464, 2.000000000000001776 ) ;
#3454 = CARTESIAN_POINT ( 'NONE',  ( 11.65735280365039017, 6.281498829196924483, -1.547970360122046696 ) ) ;
#3455 = CIRCLE ( 'NONE', #2577, 2.000000000000001776 ) ;
#3456 = CARTESIAN_POINT ( 'NONE',  ( -3.499999999999996003, 21.99999999999999645, -76.21067811865475505 ) ) ;
#3457 = CARTESIAN_POINT ( 'NONE',  ( 1.500000000000005329, 9.999999999999987566, 7.500000000000000888 ) ) ;
#3458 = CARTESIAN_POINT ( 'NONE',  ( 12.01499397652134427, 6.005217905045878268, 6.491000360110381173 ) ) ;
#3459 = CARTESIAN_POINT ( 'NONE',  ( -35.00000000000001421, 20.13504870010925529, 21.50000000000000000 ) ) ;
#3460 = LINE ( 'NONE', #2748, #4705 ) ;
#3461 = LINE ( 'NONE', #4857, #3671 ) ;
#3462 = DIRECTION ( 'NONE',  ( -1.000000000000000000, 1.156482317317871331E-15, 0.000000000000000000 ) ) ;
#3463 = EDGE_LOOP ( 'NONE', ( #3631, #1526, #968, #1377 ) ) ;
#3464 = DIRECTION ( 'NONE',  ( -1.000000000000000000, 0.000000000000000000, 0.000000000000000000 ) ) ;
#3465 = FACE_OUTER_BOUND ( 'NONE', #3230, .T. ) ;
#3466 = CARTESIAN_POINT ( 'NONE',  ( 12.24319234660499944, 5.828660188671693554, 2.644691841055582859 ) ) ;
#3467 = ORIENTED_EDGE ( 'NONE', *, *, #2749, .T. ) ;
#3468 = PLANE ( 'NONE',  #3667 ) ;
#3469 = DIRECTION ( 'NONE',  ( -8.673617379884036705E-17, 1.000000000000000000, 0.000000000000000000 ) ) ;
#3470 = ADVANCED_FACE ( 'NONE', ( #1927 ), #2220, .F. ) ;
#3471 = CARTESIAN_POINT ( 'NONE',  ( 13.09794864573436080, 10.00000000000004263, 2.939466015980346292 ) ) ;
#3472 = CARTESIAN_POINT ( 'NONE',  ( 6.639022891491583422, 9.999999999999987566, 5.500000000000000888 ) ) ;
#3473 = LINE ( 'NONE', #4629, #1555 ) ;
#3474 = ORIENTED_EDGE ( 'NONE', *, *, #2869, .F. ) ;
#3475 = ORIENTED_EDGE ( 'NONE', *, *, #1042, .F. ) ;
#3476 = B_SPLINE_CURVE_WITH_KNOTS ( 'NONE', 3,
 ( #4558, #4183, #1691, #2056, #2904, #639, #571, #1027, #3246, #204, #3196, #1368, #2855, #1742, #4343, #4692, #253, #2515 ),
 .UNSPECIFIED., .F., .F.,
 ( 4, 2, 2, 2, 2, 2, 2, 2, 4 ),
 ( 5.346776843295222860E-18, 0.0007106397406890152188, 0.001421279481378025233, 0.002131919222067034814, 0.002842558962756044829, 0.003553198703445054410, 0.004263838444134063557, 0.004974478184823072704, 0.005685117925512081852 ),
 .UNSPECIFIED. ) ;
#3477 = ADVANCED_FACE ( 'NONE', ( #3715 ), #398, .F. ) ;
#3478 = CARTESIAN_POINT ( 'NONE',  ( 13.51078528943111401, 5.219823745687641292, 7.225794162952068334 ) ) ;
#3479 = CARTESIAN_POINT ( 'NONE',  ( -10.00000000000000178, 10.00000000000000000, 5.500000000000000888 ) ) ;
#3480 = EDGE_CURVE ( 'NONE', #1619, #3204, #3834, .T. ) ;
#3481 = FACE_OUTER_BOUND ( 'NONE', #3424, .T. ) ;
#3482 = DIRECTION ( 'NONE',  ( 1.000000000000000000, 0.000000000000000000, 0.000000000000000000 ) ) ;
#3483 = CARTESIAN_POINT ( 'NONE',  ( 11.88474926419391942, 6.089088381943787986, -1.967567801776678005 ) ) ;
#3484 = CARTESIAN_POINT ( 'NONE',  ( -11.28578643762443789, 7.700000000000222222, 5.793857062404298652 ) ) ;
#3485 = PLANE ( 'NONE',  #4298 ) ;
#3486 = ORIENTED_EDGE ( 'NONE', *, *, #2937, .F. ) ;
#3487 = CARTESIAN_POINT ( 'NONE',  ( -12.21802752579453255, 5.845348773148587362, 2.588255306304826586 ) ) ;
#3488 = CYLINDRICAL_SURFACE ( 'NONE', #2724, 2.999999999999999112 ) ;
#3489 = CYLINDRICAL_SURFACE ( 'NONE', #2648, 3.000000000000000000 ) ;
#3490 = ORIENTED_EDGE ( 'NONE', *, *, #2714, .F. ) ;
#3491 = CARTESIAN_POINT ( 'NONE',  ( -12.35314132837450707, 5.758030515194732857, -2.959559557396070240 ) ) ;
#3492 = CARTESIAN_POINT ( 'NONE',  ( -11.44688501161157568, 6.482126320010794807, -1.080888870357308518 ) ) ;
#3493 = CARTESIAN_POINT ( 'NONE',  ( -11.28578643762691947, 7.699999999999992184, -5.500000000000000888 ) ) ;
#3494 = EDGE_CURVE ( 'NONE', #4761, #3901, #4212, .T. ) ;
#3495 = CARTESIAN_POINT ( 'NONE',  ( 4.198700049090851927, 6.966970860142994049, -5.936079065340053695 ) ) ;
#3496 = ORIENTED_EDGE ( 'NONE', *, *, #3236, .F. ) ;
#3497 = VERTEX_POINT ( 'NONE', #1734 ) ;
#3498 = CARTESIAN_POINT ( 'NONE',  ( -11.50000000000000000, 19.99999999999998934, 4.286263797015737088E-16 ) ) ;
#3499 = EDGE_CURVE ( 'NONE', #4231, #3086, #971, .T. ) ;
#3500 = DIRECTION ( 'NONE',  ( -1.000000000000000000, 0.000000000000000000, 0.000000000000000000 ) ) ;
#3501 = VECTOR ( 'NONE', #1928, 1000.000000000000000 ) ;
#3502 = ORIENTED_EDGE ( 'NONE', *, *, #3240, .T. ) ;
#3503 = EDGE_CURVE ( 'NONE', #3956, #3139, #3259, .T. ) ;
#3504 = CARTESIAN_POINT ( 'NONE',  ( 5.039022891491584666, 9.999999999999987566, -6.700000000000001066 ) ) ;
#3505 = DIRECTION ( 'NONE',  ( -1.000000000000000000, 1.156482317317871331E-15, -0.000000000000000000 ) ) ;
#3506 = ADVANCED_FACE ( 'NONE', ( #4709 ), #3212, .T. ) ;
#3507 = CARTESIAN_POINT ( 'NONE',  ( 12.09081545587039130, 5.933469455975206586, -2.336636561853076000 ) ) ;
#3508 = FACE_OUTER_BOUND ( 'NONE', #2052, .T. ) ;
#3509 = VERTEX_POINT ( 'NONE', #4730 ) ;
#3510 = CIRCLE ( 'NONE', #2810, 3.499999999999999556 ) ;
#3511 = DIRECTION ( 'NONE',  ( 1.000000000000000000, 5.782411586589358625E-17, -0.000000000000000000 ) ) ;
#3512 = DIRECTION ( 'NONE',  ( 1.000000000000000000, -1.156482317317871331E-15, -0.000000000000000000 ) ) ;
#3513 = ORIENTED_EDGE ( 'NONE', *, *, #2815, .T. ) ;
#3514 = CARTESIAN_POINT ( 'NONE',  ( -11.59359051778270633, 6.527873409312257458, -6.147613659842272149 ) ) ;
#3515 = AXIS2_PLACEMENT_3D ( 'NONE', #3601, #243, #3238 ) ;
#3516 = DIRECTION ( 'NONE',  ( 1.000000000000000000, 5.782411586589358625E-17, -0.000000000000000000 ) ) ;
#3517 = SURFACE_SIDE_STYLE ('',( #943 ) ) ;
#3518 = AXIS2_PLACEMENT_3D ( 'NONE', #3616, #2761, #260 ) ;
#3519 = DIRECTION ( 'NONE',  ( 0.000000000000000000, 0.000000000000000000, 1.000000000000000000 ) ) ;
#3520 = DIRECTION ( 'NONE',  ( 1.000000000000000000, 0.000000000000000000, 0.000000000000000000 ) ) ;
#3521 = ORIENTED_EDGE ( 'NONE', *, *, #4308, .F. ) ;
#3522 = VERTEX_POINT ( 'NONE', #2001 ) ;
#3523 = AXIS2_PLACEMENT_3D ( 'NONE', #3817, #4152, #1942 ) ;
#3524 = ADVANCED_FACE ( 'NONE', ( #3122 ), #1246, .T. ) ;
#3525 = CARTESIAN_POINT ( 'NONE',  ( -9.499999999999994671, 21.99999999999999645, -76.21067811865475505 ) ) ;
#3526 = LINE ( 'NONE', #265, #783 ) ;
#3527 = VECTOR ( 'NONE', #187, 1000.000000000000000 ) ;
#3528 = ORIENTED_EDGE ( 'NONE', *, *, #170, .T. ) ;
#3529 = ADVANCED_FACE ( 'NONE', ( #2891 ), #496, .F. ) ;
#3530 = CARTESIAN_POINT ( 'NONE',  ( 9.384812249377317173, 19.99999999999998934, -0.9026859692632305254 ) ) ;
#3531 = DIRECTION ( 'NONE',  ( -1.000000000000000000, -1.734723475976807094E-16, 0.000000000000000000 ) ) ;
#3532 = AXIS2_PLACEMENT_3D ( 'NONE', #1448, #4018, #4381 ) ;
#3533 = CARTESIAN_POINT ( 'NONE',  ( 7.500000000000002665, 24.99999999999998579, 8.586540306964575819 ) ) ;
#3534 = CARTESIAN_POINT ( 'NONE',  ( -11.56600419588160022, 8.811594430100393893, 6.032135772212036784 ) ) ;
#3535 = CARTESIAN_POINT ( 'NONE',  ( -7.499999999999996447, 15.13504870010926062, 21.50000000000000000 ) ) ;
#3536 = ORIENTED_EDGE ( 'NONE', *, *, #4816, .F. ) ;
#3537 = EDGE_CURVE ( 'NONE', #3268, #599, #2745, .T. ) ;
#3538 = EDGE_CURVE ( 'NONE', #3016, #4779, #1214, .T. ) ;
#3539 = DIRECTION ( 'NONE',  ( -0.000000000000000000, -0.000000000000000000, -1.000000000000000000 ) ) ;
#3540 = CARTESIAN_POINT ( 'NONE',  ( 6.477478658245648724, 9.999999999999984013, -7.500000000000000888 ) ) ;
#3541 = ORIENTED_EDGE ( 'NONE', *, *, #186, .T. ) ;
#3542 = CARTESIAN_POINT ( 'NONE',  ( 2.639022891491583866, 9.999999999999987566, -8.500000000000000000 ) ) ;
#3543 = CARTESIAN_POINT ( 'NONE',  ( 11.59263638950479525, 9.999999999999994671, -0.7999207622465308587 ) ) ;
#3544 = CARTESIAN_POINT ( 'NONE',  ( -11.31510169580657710, 6.620411155740412390, -0.6715322754594944543 ) ) ;
#3545 = DIRECTION ( 'NONE',  ( -0.000000000000000000, -1.000000000000000000, -0.000000000000000000 ) ) ;
#3546 = CARTESIAN_POINT ( 'NONE',  ( 7.500000000000005329, 11.99999999999998757, 24.50000000000000000 ) ) ;
#3547 = CARTESIAN_POINT ( 'NONE',  ( 11.24587532932669198, 6.697220198118229995, 0.3264452770795274184 ) ) ;
#3548 = VERTEX_POINT ( 'NONE', #4382 ) ;
#3549 = ORIENTED_EDGE ( 'NONE', *, *, #2298, .T. ) ;
#3550 = DIRECTION ( 'NONE',  ( 0.000000000000000000, 1.000000000000000000, 0.000000000000000000 ) ) ;
#3551 = CARTESIAN_POINT ( 'NONE',  ( 7.500000000000003553, 21.99999999999999645, 9.500000000000001776 ) ) ;
#3552 = ORIENTED_EDGE ( 'NONE', *, *, #37, .F. ) ;
#3553 = CARTESIAN_POINT ( 'NONE',  ( -12.32221570670212607, 5.777500563527669719, 2.852709333950830928 ) ) ;
#3554 = FACE_BOUND ( 'NONE', #2380, .T. ) ;
#3555 = CARTESIAN_POINT ( 'NONE',  ( -4.499999999999997335, 17.63504870010926240, 21.50000000000000000 ) ) ;
#3556 = DIRECTION ( 'NONE',  ( 0.000000000000000000, 0.000000000000000000, 1.000000000000000000 ) ) ;
#3557 = CARTESIAN_POINT ( 'NONE',  ( -12.23749399130842619, 9.568275118994998607, 6.643758450616902955 ) ) ;
#3558 = VERTEX_POINT ( 'NONE', #2372 ) ;
#3559 = ADVANCED_FACE ( 'NONE', ( #2482, #605 ), #123, .F. ) ;
#3560 = CARTESIAN_POINT ( 'NONE',  ( 12.00000000000000000, 5.000000000000000000, -7.500000000000000888 ) ) ;
#3561 = CARTESIAN_POINT ( 'NONE',  ( -3.499999999999996003, 19.99999999999999645, 7.500000000000000888 ) ) ;
#3562 = CARTESIAN_POINT ( 'NONE',  ( 6.319256277870586302, 9.995116806401188825, -7.480705216522167689 ) ) ;
#3563 = ORIENTED_EDGE ( 'NONE', *, *, #489, .T. ) ;
#3564 = CYLINDRICAL_SURFACE ( 'NONE', #4297, 2.999999999999999112 ) ;
#3565 = CARTESIAN_POINT ( 'NONE',  ( -11.34539589912407642, 6.587683569354684465, -0.7827908513171092375 ) ) ;
#3566 = CARTESIAN_POINT ( 'NONE',  ( 6.639022891491583422, 9.999999999999987566, 7.500000000000000000 ) ) ;
#3567 = CARTESIAN_POINT ( 'NONE',  ( 14.59243008997118807, 5.000000000000000000, -7.081068633467011431 ) ) ;
#3568 = ORIENTED_EDGE ( 'NONE', *, *, #3262, .T. ) ;
#3569 = ORIENTED_EDGE ( 'NONE', *, *, #1366, .F. ) ;
#3570 = EDGE_CURVE ( 'NONE', #1729, #3548, #515, .T. ) ;
#3571 = LINE ( 'NONE', #2437, #4067 ) ;
#3572 = CARTESIAN_POINT ( 'NONE',  ( 4.500000000000004441, 15.13504870010926417, 21.50000000000000000 ) ) ;
#3573 = VERTEX_POINT ( 'NONE', #2507 ) ;
#3574 = B_SPLINE_CURVE_WITH_KNOTS ( 'NONE', 3,
 ( #840, #3837, #4492, #102, #4222, #1126 ),
 .UNSPECIFIED., .F., .F.,
 ( 4, 2, 4 ),
 ( -1.414214114801961586E-05, 0.001450880591749112913, 0.002915903324646247890 ),
 .UNSPECIFIED. ) ;
#3575 = CARTESIAN_POINT ( 'NONE',  ( -12.32747360206423615, 5.774170990926765334, 2.869683320335426391 ) ) ;
#3576 = DIRECTION ( 'NONE',  ( 0.000000000000000000, 1.000000000000000000, 0.000000000000000000 ) ) ;
#3577 = DIRECTION ( 'NONE',  ( -1.156482317317871478E-16, 1.000000000000000000, -0.000000000000000000 ) ) ;
#3578 = AXIS2_PLACEMENT_3D ( 'NONE', #2447, #1348, #2833 ) ;
#3579 = ORIENTED_EDGE ( 'NONE', *, *, #1259, .F. ) ;
#3580 = ADVANCED_FACE ( 'NONE', ( #633 ), #2117, .F. ) ;
#3581 = EDGE_CURVE ( 'NONE', #2843, #4000, #2104, .T. ) ;
#3582 = FACE_OUTER_BOUND ( 'NONE', #4418, .T. ) ;
#3583 = CARTESIAN_POINT ( 'NONE',  ( 12.21867036474076862, 5.842239927753761997, -2.136030891677323407 ) ) ;
#3584 = DIRECTION ( 'NONE',  ( 5.782411586589357392E-17, -1.000000000000000000, 0.000000000000000000 ) ) ;
#3585 = ORIENTED_EDGE ( 'NONE', *, *, #1991, .F. ) ;
#3586 = LINE ( 'NONE', #1650, #1394 ) ;
#3587 = CIRCLE ( 'NONE', #3658, 2.499999999999998668 ) ;
#3588 = EDGE_CURVE ( 'NONE', #1478, #4084, #994, .T. ) ;
#3589 =( NAMED_UNIT ( * ) PLANE_ANGLE_UNIT ( ) SI_UNIT ( $, .RADIAN. ) );
#3590 = CARTESIAN_POINT ( 'NONE',  ( 13.09517181670362973, 9.999999999999996447, 2.984844833503666361 ) ) ;
#3591 = DIRECTION ( 'NONE',  ( 1.156482317317871725E-15, 1.000000000000000000, 0.000000000000000000 ) ) ;
#3592 = VECTOR ( 'NONE', #3077, 1000.000000000000000 ) ;
#3593 = ORIENTED_EDGE ( 'NONE', *, *, #2782, .T. ) ;
#3594 = ORIENTED_EDGE ( 'NONE', *, *, #1175, .F. ) ;
#3595 = AXIS2_PLACEMENT_3D ( 'NONE', #1580, #4127, #4526 ) ;
#3596 = CIRCLE ( 'NONE', #540, 8.000000000000000000 ) ;
#3597 = EDGE_CURVE ( 'NONE', #644, #3675, #3917, .T. ) ;
#3598 = CARTESIAN_POINT ( 'NONE',  ( 15.00000000000000000, 5.000000000000000000, 2.000000000000003109 ) ) ;
#3599 = EDGE_CURVE ( 'NONE', #977, #1910, #3436, .T. ) ;
#3600 = CARTESIAN_POINT ( 'NONE',  ( 7.500000000000003553, 21.99999999999999645, 4.839745962155620695 ) ) ;
#3601 = CARTESIAN_POINT ( 'NONE',  ( -1.499999999999994005, 9.999999999999987566, 26.50000000000000000 ) ) ;
#3602 = ORIENTED_EDGE ( 'NONE', *, *, #2107, .T. ) ;
#3603 = AXIS2_PLACEMENT_3D ( 'NONE', #3339, #2591, #3808 ) ;
#3604 = VECTOR ( 'NONE', #193, 1000.000000000000000 ) ;
#3605 = CARTESIAN_POINT ( 'NONE',  ( -11.99999999999999645, 5.000000000000000000, 0.4999999999999995559 ) ) ;
#3606 =( GEOMETRIC_REPRESENTATION_CONTEXT ( 3 ) GLOBAL_UNCERTAINTY_ASSIGNED_CONTEXT ( ( #3253 ) ) GLOBAL_UNIT_ASSIGNED_CONTEXT ( ( #549, #3589, #1654 ) ) REPRESENTATION_CONTEXT ( 'NONE', 'WORKASPACE' ) );
#3607 = VERTEX_POINT ( 'NONE', #1131 ) ;
#3608 = CIRCLE ( 'NONE', #1486, 3.499999999999999556 ) ;
#3609 = CARTESIAN_POINT ( 'NONE',  ( 11.30512945497136457, 8.041176028821462651, -5.801705272747150310 ) ) ;
#3610 = CARTESIAN_POINT ( 'NONE',  ( -5.039022891491584666, 19.99999999999999289, -6.700000000000001066 ) ) ;
#3611 = CYLINDRICAL_SURFACE ( 'NONE', #3119, 2.000000000000001776 ) ;
#3612 = VERTEX_POINT ( 'NONE', #2963 ) ;
#3613 = CARTESIAN_POINT ( 'NONE',  ( -7.499999999999996447, 22.99999999999998579, 26.50000000000000000 ) ) ;
#3614 = CARTESIAN_POINT ( 'NONE',  ( -12.35205975656342936, 5.758723419806607069, -2.961391301650754926 ) ) ;
#3615 = CARTESIAN_POINT ( 'NONE',  ( 1.500000000000017319, 19.99999999999999289, -1.160254037844380637 ) ) ;
#3616 = CARTESIAN_POINT ( 'NONE',  ( -15.00000000000000000, 4.999999999999990230, 0.000000000000000000 ) ) ;
#3617 = EDGE_LOOP ( 'NONE', ( #3988, #367, #4555, #2722, #4599, #1123 ) ) ;
#3618 = ORIENTED_EDGE ( 'NONE', *, *, #2898, .T. ) ;
#3619 = EDGE_CURVE ( 'NONE', #150, #1722, #3709, .T. ) ;
#3620 = CYLINDRICAL_SURFACE ( 'NONE', #2987, 2.299999999999999822 ) ;
#3621 = CARTESIAN_POINT ( 'NONE',  ( 0.000000000000000000, 11.99999999999998757, 24.50000000000000000 ) ) ;
#3622 = CARTESIAN_POINT ( 'NONE',  ( 12.18451686277848367, 5.861606277083223127, 6.604375922984961456 ) ) ;
#3623 = ADVANCED_FACE ( 'NONE', ( #3735 ), #2529, .F. ) ;
#3624 = ORIENTED_EDGE ( 'NONE', *, *, #973, .T. ) ;
#3625 = DIRECTION ( 'NONE',  ( 0.000000000000000000, 0.000000000000000000, -1.000000000000000000 ) ) ;
#3626 = EDGE_CURVE ( 'NONE', #3979, #456, #723, .T. ) ;
#3627 = VERTEX_POINT ( 'NONE', #1501 ) ;
#3628 = CARTESIAN_POINT ( 'NONE',  ( 3.268475268590654181, 20.01005146782577171, -0.6425523445906654585 ) ) ;
#3629 = CARTESIAN_POINT ( 'NONE',  ( 11.97303768264167267, 6.017505494337874516, -1.770853364754909398 ) ) ;
#3630 = DIRECTION ( 'NONE',  ( 5.782411586589358625E-17, -1.000000000000000000, 0.000000000000000000 ) ) ;
#3631 = ORIENTED_EDGE ( 'NONE', *, *, #867, .F. ) ;
#3632 = B_SPLINE_CURVE_WITH_KNOTS ( 'NONE', 3,
 ( #3374, #3348, #675, #2922, #3660, #1060, #2550, #4037, #4819, #4477 ),
 .UNSPECIFIED., .F., .F.,
 ( 4, 2, 2, 2, 4 ),
 ( 0.000000000000000000, 0.2500000000000006661, 0.5000000000000013323, 0.7500000000000006661, 1.000000000000000000 ),
 .UNSPECIFIED. ) ;
#3633 = DIRECTION ( 'NONE',  ( 1.000000000000000000, 1.734723475976807094E-16, -0.000000000000000000 ) ) ;
#3634 = CARTESIAN_POINT ( 'NONE',  ( -12.36126618077675943, 5.752989892258129068, -3.004408583900110674 ) ) ;
#3635 = CARTESIAN_POINT ( 'NONE',  ( -11.68596648241213742, 9.999999999999594991, 1.197472107906840444 ) ) ;
#3636 = CYLINDRICAL_SURFACE ( 'NONE', #4219, 3.000000000000000000 ) ;
#3637 = EDGE_LOOP ( 'NONE', ( #99, #4795, #947, #906, #2199 ) ) ;
#3638 = CYLINDRICAL_SURFACE ( 'NONE', #2649, 1.499999999999997780 ) ;
#3639 = CARTESIAN_POINT ( 'NONE',  ( 35.00000000000000000, 17.99999999999999645, -5.500000000000005329 ) ) ;
#3640 = DIRECTION ( 'NONE',  ( -1.000000000000000000, 0.000000000000000000, -0.000000000000000000 ) ) ;
#3641 = EDGE_LOOP ( 'NONE', ( #4472, #4726, #2242, #1021, #1219 ) ) ;
#3642 = EDGE_LOOP ( 'NONE', ( #2683, #4665, #3263, #2660 ) ) ;
#3643 = EDGE_CURVE ( 'NONE', #877, #1809, #4840, .T. ) ;
#3644 = CARTESIAN_POINT ( 'NONE',  ( -13.49970066755104270, 9.999999999999996447, -7.499999999999995559 ) ) ;
#3645 = EDGE_CURVE ( 'NONE', #2568, #3400, #1776, .T. ) ;
#3646 = ORIENTED_EDGE ( 'NONE', *, *, #271, .F. ) ;
#3647 = CARTESIAN_POINT ( 'NONE',  ( 13.41514354844520973, 9.995039661113727547, -7.480915066370812383 ) ) ;
#3648 = FACE_OUTER_BOUND ( 'NONE', #3774, .T. ) ;
#3649 = CARTESIAN_POINT ( 'NONE',  ( -4.499999999999996447, 24.99999999999998579, 24.50000000000000000 ) ) ;
#3650 = ORIENTED_EDGE ( 'NONE', *, *, #3041, .T. ) ;
#3651 = DIRECTION ( 'NONE',  ( 1.239088197126290570E-16, -1.000000000000000000, 0.000000000000000000 ) ) ;
#3652 = CARTESIAN_POINT ( 'NONE',  ( 11.74655270011109920, 9.113457455942297614, -3.201562118716423821 ) ) ;
#3653 = CARTESIAN_POINT ( 'NONE',  ( -12.41461292670898509, 9.999999999999992895, 2.378066276436049620 ) ) ;
#3654 = CARTESIAN_POINT ( 'NONE',  ( 11.49738657403972120, 6.736368322558340616, -6.041752403815749517 ) ) ;
#3655 = VERTEX_POINT ( 'NONE', #4800 ) ;
#3656 = ORIENTED_EDGE ( 'NONE', *, *, #2166, .T. ) ;
#3657 = DIRECTION ( 'NONE',  ( 1.000000000000000000, 5.782411586589358625E-17, -0.000000000000000000 ) ) ;
#3658 = AXIS2_PLACEMENT_3D ( 'NONE', #577, #524, #1655 ) ;
#3659 = CARTESIAN_POINT ( 'NONE',  ( 11.37868582184682609, 7.031656549341160023, -5.910353868042597547 ) ) ;
#3660 = CARTESIAN_POINT ( 'NONE',  ( -10.67809701805872002, 8.084434238692033148, 0.6819230000249540957 ) ) ;
#3661 = ORIENTED_EDGE ( 'NONE', *, *, #4179, .T. ) ;
#3662 = EDGE_LOOP ( 'NONE', ( #2138, #3683, #4505, #4052 ) ) ;
#3663 = VECTOR ( 'NONE', #1755, 1000.000000000000000 ) ;
#3664 = CLOSED_SHELL ( 'NONE', ( #3349, #3063, #1767, #1610, #82, #3477, #3739, #1738, #28, #1164, #3939, #736, #3093, #3439, #1995, #3524, #2476, #3580, #2158, #4285, #706, #116, #829, #2609, #2211, #2811, #4697, #2848, #651, #2203, #2725, #3529, #2996, #424, #711, #837, #3771, #2114, #1308, #2975, #1636, #1705, #2050, #140, #2988, #2654, #3214, #4623, #2619, #472, #262, #3506, #2681, #1420, #1342, #4089, #2887, #231, #3623, #3056, #562, #2791, #3151, #1190, #44, #4766, #2911, #3072, #2390, #2358, #1093, #4410, #2033, #4460, #2402, #156, #4431, #1987, #115, #2596, #3470, #4258, #4068, #1747, #1882, #1631, #1280, #2232, #1939, #2967, #4847, #1055, #2742, #3559, #1735, #2998, #777, #394, #1133, #983, #3954, #1900, #2047, #643, #2295, #2240, #1540, #4455, #1456, #2394, #2356, #2322, #4608, #2443, #2060, #3140, #4647, #2872, #4495, #621 ) ) ;
#3665 = CYLINDRICAL_SURFACE ( 'NONE', #1333, 3.000000000000000000 ) ;
#3666 = VECTOR ( 'NONE', #1207, 1000.000000000000000 ) ;
#3667 = AXIS2_PLACEMENT_3D ( 'NONE', #1227, #4272, #207 ) ;
#3668 = VERTEX_POINT ( 'NONE', #1825 ) ;
#3669 = B_SPLINE_CURVE_WITH_KNOTS ( 'NONE', 3,
 ( #846, #876, #1525, #1990, #2337, #766, #31, #3092, #2263, #4553, #3449, #137, #1895, #415, #3398, #3495, #1185, #3847 ),
 .UNSPECIFIED., .F., .F.,
 ( 4, 2, 2, 2, 2, 2, 2, 2, 4 ),
 ( 0.000000000000000000, 0.0008904058862146879347, 0.001335608829322032553, 0.001780811772429377170, 0.002226014715536721571, 0.002448616187090391170, 0.002671217658644060768, 0.003116420601751400399, 0.003561623544858740029 ),
 .UNSPECIFIED. ) ;
#3670 = VECTOR ( 'NONE', #2388, 1000.000000000000000 ) ;
#3671 = VECTOR ( 'NONE', #1930, 1000.000000000000000 ) ;
#3672 = CARTESIAN_POINT ( 'NONE',  ( 2.382012312322831171, 20.32301416045717346, 1.415763805731425018 ) ) ;
#3673 = DIRECTION ( 'NONE',  ( 0.000000000000000000, -1.000000000000000000, 0.000000000000000000 ) ) ;
#3674 = VECTOR ( 'NONE', #4017, 1000.000000000000000 ) ;
#3675 = VERTEX_POINT ( 'NONE', #2137 ) ;
#3676 = CARTESIAN_POINT ( 'NONE',  ( -4.382224582254982792, 8.855086001265092932, -6.056549209451268290 ) ) ;
#3677 = CARTESIAN_POINT ( 'NONE',  ( -12.67017076065315528, 5.572305592746161551, 2.621337200316516736 ) ) ;
#3678 = CIRCLE ( 'NONE', #4627, 2.000000000000001776 ) ;
#3679 = VECTOR ( 'NONE', #4309, 1000.000000000000000 ) ;
#3680 = CARTESIAN_POINT ( 'NONE',  ( -11.84387311976482238, 9.999999999999992895, 1.586976120816523617 ) ) ;
#3681 = CARTESIAN_POINT ( 'NONE',  ( 11.31510169581044778, 6.620411155736191766, 0.6715322754860643117 ) ) ;
#3682 = ORIENTED_EDGE ( 'NONE', *, *, #2143, .T. ) ;
#3683 = ORIENTED_EDGE ( 'NONE', *, *, #1303, .T. ) ;
#3684 = EDGE_CURVE ( 'NONE', #1478, #2032, #3280, .T. ) ;
#3685 = DIRECTION ( 'NONE',  ( -1.000000000000000000, 0.000000000000000000, 0.000000000000000000 ) ) ;
#3686 = CARTESIAN_POINT ( 'NONE',  ( 7.500000000000002665, 24.99999999999998579, 24.50000000000000000 ) ) ;
#3687 = DIRECTION ( 'NONE',  ( -1.156482317317871478E-16, 1.000000000000000000, 0.000000000000000000 ) ) ;
#3688 = EDGE_LOOP ( 'NONE', ( #2308, #1235, #2296, #1020, #527 ) ) ;
#3689 = VERTEX_POINT ( 'NONE', #3326 ) ;
#3690 = FACE_OUTER_BOUND ( 'NONE', #1850, .T. ) ;
#3691 = ORIENTED_EDGE ( 'NONE', *, *, #1783, .T. ) ;
#3692 = CARTESIAN_POINT ( 'NONE',  ( 11.82298785233204974, 9.184804061059180569, -6.267516170083520244 ) ) ;
#3693 = DIRECTION ( 'NONE',  ( 1.000000000000000000, 0.000000000000000000, 0.000000000000000000 ) ) ;
#3694 = CARTESIAN_POINT ( 'NONE',  ( 20.94674764498082098, 9.999999999999996447, -5.500000000000000888 ) ) ;
#3695 = ORIENTED_EDGE ( 'NONE', *, *, #1135, .T. ) ;
#3696 = CARTESIAN_POINT ( 'NONE',  ( -5.039022891491584666, 9.608161990937752250, 6.700000000000001066 ) ) ;
#3697 = CARTESIAN_POINT ( 'NONE',  ( 11.34564928128978778, 8.302020134026340870, -3.201562118716425154 ) ) ;
#3698 = FACE_OUTER_BOUND ( 'NONE', #1283, .T. ) ;
#3699 = ORIENTED_EDGE ( 'NONE', *, *, #1336, .F. ) ;
#3700 = EDGE_CURVE ( 'NONE', #4805, #354, #4778, .T. ) ;
#3701 = CARTESIAN_POINT ( 'NONE',  ( -12.38108599560540668, 5.740740740740725379, 3.201562118716434036 ) ) ;
#3703 = EDGE_CURVE ( 'NONE', #2801, #1105, #3632, .T. ) ;
#3702 = CARTESIAN_POINT ( 'NONE',  ( 11.28578643762691058, 7.699999999999995737, -5.500000000000000888 ) ) ;
#3704 = ORIENTED_EDGE ( 'NONE', *, *, #2140, .F. ) ;
#3705 = ORIENTED_EDGE ( 'NONE', *, *, #1212, .F. ) ;
#3706 = DIRECTION ( 'NONE',  ( 0.000000000000000000, 0.000000000000000000, 1.000000000000000000 ) ) ;
#3707 = CARTESIAN_POINT ( 'NONE',  ( 11.43139452660060229, 6.879387471986449398, -5.969135827427457741 ) ) ;
#3708 = EDGE_CURVE ( 'NONE', #2410, #1410, #2214, .T. ) ;
#3709 = LINE ( 'NONE', #2162, #224 ) ;
#3710 = ORIENTED_EDGE ( 'NONE', *, *, #4193, .T. ) ;
#3711 = ORIENTED_EDGE ( 'NONE', *, *, #3292, .F. ) ;
#3712 = CARTESIAN_POINT ( 'NONE',  ( -12.59008036885773940, 5.612235228952417998, 6.818727825408210208 ) ) ;
#3713 = ORIENTED_EDGE ( 'NONE', *, *, #1968, .T. ) ;
#3714 = CARTESIAN_POINT ( 'NONE',  ( -11.59166394879491691, 6.341666908256740065, -1.414347898215548183 ) ) ;
#3715 = FACE_OUTER_BOUND ( 'NONE', #739, .T. ) ;
#3716 = CARTESIAN_POINT ( 'NONE',  ( -33.00000000000000000, 17.99999999999998934, 5.500000000000005329 ) ) ;
#3717 = CARTESIAN_POINT ( 'NONE',  ( -12.65101572984746170, 9.999999999999989342, 2.650086005270351652 ) ) ;
#3718 = VERTEX_POINT ( 'NONE', #8 ) ;
#3719 = CARTESIAN_POINT ( 'NONE',  ( -9.499999999999994671, 19.99999999999999289, -1.160254037844380637 ) ) ;
#3720 = CARTESIAN_POINT ( 'NONE',  ( -3.936043849403098260, 7.649964908845242384, 5.794865529585522701 ) ) ;
#3721 = FACE_OUTER_BOUND ( 'NONE', #3617, .T. ) ;
#3722 = EDGE_CURVE ( 'NONE', #4600, #580, #1807, .T. ) ;
#3723 = B_SPLINE_CURVE_WITH_KNOTS ( 'NONE', 3,
 ( #962, #545, #1674, #1295, #4295, #3944, #1695, #1324, #592, #3226 ),
 .UNSPECIFIED., .F., .F.,
 ( 4, 2, 2, 2, 4 ),
 ( 0.000000000000000000, 0.001447800694719344507, 0.002171701042079015893, 0.002533651215758849634, 0.002895601389438683809 ),
 .UNSPECIFIED. ) ;
#3724 = VECTOR ( 'NONE', #59, 1000.000000000000000 ) ;
#3725 = LINE ( 'NONE', #839, #3911 ) ;
#3726 = CARTESIAN_POINT ( 'NONE',  ( 11.41556562367702732, 6.514025025561961613, 0.9975586397147451212 ) ) ;
#3727 = EDGE_LOOP ( 'NONE', ( #988, #4361, #1290, #2572 ) ) ;
#3728 = FACE_OUTER_BOUND ( 'NONE', #1820, .T. ) ;
#3729 = CARTESIAN_POINT ( 'NONE',  ( -11.96855753892298324, 9.999999999999987566, -1.829761102754404067 ) ) ;
#3730 = EDGE_CURVE ( 'NONE', #3876, #4501, #3336, .T. ) ;
#3731 = CIRCLE ( 'NONE', #4283, 2.000000000000000000 ) ;
#3732 = EDGE_CURVE ( 'NONE', #2032, #2531, #2256, .T. ) ;
#3733 = FACE_OUTER_BOUND ( 'NONE', #299, .T. ) ;
#3734 = CARTESIAN_POINT ( 'NONE',  ( 4.500000000000003553, 19.99999999999999645, 7.500000000000000888 ) ) ;
#3735 = FACE_OUTER_BOUND ( 'NONE', #3138, .T. ) ;
#3736 = ORIENTED_EDGE ( 'NONE', *, *, #4094, .F. ) ;
#3737 = ORIENTED_EDGE ( 'NONE', *, *, #2709, .T. ) ;
#3738 = CIRCLE ( 'NONE', #2244, 1.500000000000001332 ) ;
#3739 = ADVANCED_FACE ( 'NONE', ( #2235 ), #4499, .F. ) ;
#3740 = CARTESIAN_POINT ( 'NONE',  ( 11.85588744838833009, 6.112117098112138436, -1.916535352251813151 ) ) ;
#3741 = CARTESIAN_POINT ( 'NONE',  ( 4.884575201814167933, 9.451503267621339077, 6.494069747096778755 ) ) ;
#3742 = AXIS2_PLACEMENT_3D ( 'NONE', #425, #2245, #808 ) ;
#3743 = VERTEX_POINT ( 'NONE', #2658 ) ;
#3744 = EDGE_CURVE ( 'NONE', #3718, #3198, #2313, .T. ) ;
#3745 = EDGE_CURVE ( 'NONE', #3522, #3895, #2566, .T. ) ;
#3746 = VECTOR ( 'NONE', #4078, 1000.000000000000000 ) ;
#3747 = CARTESIAN_POINT ( 'NONE',  ( -12.11618797012336302, 5.915367113016850809, -2.384055926059913677 ) ) ;
#3748 = CARTESIAN_POINT ( 'NONE',  ( 35.00000000000000000, 7.777638894181503559, 8.092546298060504739 ) ) ;
#3749 = CARTESIAN_POINT ( 'NONE',  ( 0.000000000000000000, 0.000000000000000000, 0.000000000000000000 ) ) ;
#3750 = CARTESIAN_POINT ( 'NONE',  ( -11.71585851462150352, 9.999999999999991118, 1.324800981570338321 ) ) ;
#3751 = EDGE_LOOP ( 'NONE', ( #4072, #2352, #4832, #1066, #4731, #3820 ) ) ;
#3752 = LINE ( 'NONE', #4466, #1622 ) ;
#3753 = DIRECTION ( 'NONE',  ( 0.000000000000000000, -0.000000000000000000, -1.000000000000000000 ) ) ;
#3754 = AXIS2_PLACEMENT_3D ( 'NONE', #4762, #3651, #2908 ) ;
#3755 = CIRCLE ( 'NONE', #2027, 2.000000000000001776 ) ;
#3756 = ORIENTED_EDGE ( 'NONE', *, *, #2714, .T. ) ;
#3757 = VECTOR ( 'NONE', #2807, 1000.000000000000000 ) ;
#3758 = DIRECTION ( 'NONE',  ( 0.000000000000000000, 1.000000000000000000, 0.000000000000000000 ) ) ;
#3759 = CARTESIAN_POINT ( 'NONE',  ( 12.38108599560539247, 5.740740740740731596, 3.201562118716395400 ) ) ;
#3760 = ORIENTED_EDGE ( 'NONE', *, *, #386, .T. ) ;
#3761 = CARTESIAN_POINT ( 'NONE',  ( -22.11832052023462936, 9.999999999999996447, -7.500000000000000888 ) ) ;
#3762 = FACE_OUTER_BOUND ( 'NONE', #4160, .T. ) ;
#3763 = CARTESIAN_POINT ( 'NONE',  ( 7.486167564460793677, 8.820547437615042341, -2.983317859291557017 ) ) ;
#3764 = AXIS2_PLACEMENT_3D ( 'NONE', #674, #2506, #4841 ) ;
#3765 = DIRECTION ( 'NONE',  ( 0.000000000000000000, 1.000000000000000000, 0.000000000000000000 ) ) ;
#3766 = ORIENTED_EDGE ( 'NONE', *, *, #322, .F. ) ;
#3767 = AXIS2_PLACEMENT_3D ( 'NONE', #410, #4102, #335 ) ;
#3768 = ORIENTED_EDGE ( 'NONE', *, *, #4225, .T. ) ;
#3769 = VECTOR ( 'NONE', #889, 1000.000000000000000 ) ;
#3770 = CARTESIAN_POINT ( 'NONE',  ( 11.72133501099889585, 6.224839352286343441, -1.671660796816559102 ) ) ;
#3771 = ADVANCED_FACE ( 'NONE', ( #2682, #1551 ), #507, .T. ) ;
#3772 = CARTESIAN_POINT ( 'NONE',  ( -11.27242550853057956, 6.667555190172465451, 0.4725508831683964406 ) ) ;
#3773 = B_SPLINE_CURVE_WITH_KNOTS ( 'NONE', 3,
 ( #288, #336, #1774, #4424, #3277, #3304, #1057, #4444, #4776, #4081, #697, #1405 ),
 .UNSPECIFIED., .F., .F.,
 ( 4, 2, 2, 2, 2, 4 ),
 ( -2.000000694506508944E-05, 0.001678926241099322437, 0.003377852489143709676, 0.004227315613165906656, 0.005076778737188103637, 0.006775704985232496730 ),
 .UNSPECIFIED. ) ;
#3774 = EDGE_LOOP ( 'NONE', ( #4630, #263, #4237, #2768 ) ) ;
#3775 = DIRECTION ( 'NONE',  ( -0.000000000000000000, 1.000000000000000000, -0.000000000000000000 ) ) ;
#3776 = CYLINDRICAL_SURFACE ( 'NONE', #3742, 2.000000000000003109 ) ;
#3777 = EDGE_CURVE ( 'NONE', #3061, #2065, #3038, .T. ) ;
#3778 = DIRECTION ( 'NONE',  ( 1.000000000000000000, 1.734723475976807094E-16, -0.000000000000000000 ) ) ;
#3779 = ORIENTED_EDGE ( 'NONE', *, *, #1696, .T. ) ;
#3780 = DIRECTION ( 'NONE',  ( 1.000000000000000000, 0.000000000000000000, 0.000000000000000000 ) ) ;
#3781 = CARTESIAN_POINT ( 'NONE',  ( -13.58578643762692373, 9.999999999999991118, -3.201562118716432259 ) ) ;
#3782 = CARTESIAN_POINT ( 'NONE',  ( -1.499999999999997113, 22.99999999999999289, 26.50000000000000000 ) ) ;
#3783 = ORIENTED_EDGE ( 'NONE', *, *, #2298, .F. ) ;
#3784 = B_SPLINE_CURVE_WITH_KNOTS ( 'NONE', 3,
 ( #3364, #1124, #2326, #4218 ),
 .UNSPECIFIED., .F., .F.,
 ( 4, 4 ),
 ( 1.939479807224432123E-18, 0.001305278167032018636 ),
 .UNSPECIFIED. ) ;
#3785 = LINE ( 'NONE', #1912, #4838 ) ;
#3786 = VERTEX_POINT ( 'NONE', #4180 ) ;
#3787 = CARTESIAN_POINT ( 'NONE',  ( -11.69118284304774313, 9.999999999999991118, -1.210983561526976393 ) ) ;
#3788 = CARTESIAN_POINT ( 'NONE',  ( 9.644423896480732949, 8.486617119599312531, 0.8418839414767326224 ) ) ;
#3789 = CARTESIAN_POINT ( 'NONE',  ( -13.76316191612859718, 5.155391496283181496, -7.303285209289337665 ) ) ;
#3790 = EDGE_CURVE ( 'NONE', #1339, #268, #3356, .T. ) ;
#3791 = CARTESIAN_POINT ( 'NONE',  ( 7.479455481299193131, 8.824446384301250390, 2.985795099183993884 ) ) ;
#3792 = PLANE ( 'NONE',  #2504 ) ;
#3793 = DIRECTION ( 'NONE',  ( 0.000000000000000000, 0.000000000000000000, -1.000000000000000000 ) ) ;
#3794 = ORIENTED_EDGE ( 'NONE', *, *, #1340, .T. ) ;
#3795 = FACE_BOUND ( 'NONE', #583, .T. ) ;
#3796 = VERTEX_POINT ( 'NONE', #3819 ) ;
#3797 =( BOUNDED_CURVE ( )  B_SPLINE_CURVE ( 3, ( #1388, #4363, #2903, #4413 ),
 .UNSPECIFIED., .F., .F. ) 
 B_SPLINE_CURVE_WITH_KNOTS ( ( 4, 4 ),
 ( 1.570796326794897890, 3.141592653589793116 ),
 .UNSPECIFIED. ) 
 CURVE ( )  GEOMETRIC_REPRESENTATION_ITEM ( )  RATIONAL_B_SPLINE_CURVE ( ( 1.000000000000000000, 0.8047378541243652705, 0.8047378541243652705, 1.000000000000000000 ) ) 
 REPRESENTATION_ITEM ( '' )  );
#3798 = EDGE_CURVE ( 'NONE', #2659, #446, #4598, .T. ) ;
#3799 = LINE ( 'NONE', #1922, #3724 ) ;
#3800 = CARTESIAN_POINT ( 'NONE',  ( -12.04817168986238229, 5.945441578258030546, 3.201562118716433147 ) ) ;
#3801 = EDGE_CURVE ( 'NONE', #2594, #143, #3989, .T. ) ;
#3802 = ORIENTED_EDGE ( 'NONE', *, *, #3271, .F. ) ;
#3803 = CARTESIAN_POINT ( 'NONE',  ( -13.58578643762692018, 7.699999999999992184, -5.500000000000000888 ) ) ;
#3804 = LINE ( 'NONE', #3001, #3592 ) ;
#3805 = DIRECTION ( 'NONE',  ( 0.000000000000000000, 0.000000000000000000, -1.000000000000000000 ) ) ;
#3806 = DIRECTION ( 'NONE',  ( -1.000000000000000000, 0.000000000000000000, 0.000000000000000000 ) ) ;
#3807 = CARTESIAN_POINT ( 'NONE',  ( -7.499999999999996447, 24.99999999999998579, 26.50000000000000000 ) ) ;
#3808 = DIRECTION ( 'NONE',  ( 1.000000000000000000, 0.000000000000000000, 0.000000000000000000 ) ) ;
#3809 = ORIENTED_EDGE ( 'NONE', *, *, #4582, .T. ) ;
#3810 = CARTESIAN_POINT ( 'NONE',  ( -1.499999999999994005, 9.999999999999987566, 7.500000000000000888 ) ) ;
#3811 = EDGE_CURVE ( 'NONE', #644, #4033, #461, .T. ) ;
#3812 = LINE ( 'NONE', #2254, #1307 ) ;
#3813 = CARTESIAN_POINT ( 'NONE',  ( 11.94518458120531612, 6.041691469951725679, 2.074263323442987250 ) ) ;
#3814 = VERTEX_POINT ( 'NONE', #4202 ) ;
#3815 = FACE_OUTER_BOUND ( 'NONE', #4164, .T. ) ;
#3816 = CARTESIAN_POINT ( 'NONE',  ( 11.27421982966566816, 6.665549202290806718, 0.4825327743952197435 ) ) ;
#3817 = CARTESIAN_POINT ( 'NONE',  ( 24.94674764498082098, 9.999999999999996447, 8.500000000000000000 ) ) ;
#3818 = CARTESIAN_POINT ( 'NONE',  ( 9.645866980981825378, 8.486975592361931220, -0.8243575047820864699 ) ) ;
#3819 = CARTESIAN_POINT ( 'NONE',  ( -1.499999999999994005, 9.999999999999987566, 24.50000000000000000 ) ) ;
#3820 = ORIENTED_EDGE ( 'NONE', *, *, #1700, .F. ) ;
#3821 = ORIENTED_EDGE ( 'NONE', *, *, #3319, .F. ) ;
#3822 = AXIS2_PLACEMENT_3D ( 'NONE', #4025, #937, #4667 ) ;
#3823 = CARTESIAN_POINT ( 'NONE',  ( 11.75280825083254221, 6.197666506248866725, -1.730560515728203352 ) ) ;
#3824 = FACE_BOUND ( 'NONE', #2787, .T. ) ;
#3825 = CARTESIAN_POINT ( 'NONE',  ( -3.236800683556573688, 8.228295534846546744, 5.544733608919275802 ) ) ;
#3826 = VECTOR ( 'NONE', #1983, 1000.000000000000000 ) ;
#3827 = CARTESIAN_POINT ( 'NONE',  ( -7.499999999999996447, 20.13504870010925885, 21.50000000000000000 ) ) ;
#3828 = DIRECTION ( 'NONE',  ( 1.000000000000000000, 1.734723475976807094E-16, -0.000000000000000000 ) ) ;
#3829 = FACE_OUTER_BOUND ( 'NONE', #4121, .T. ) ;
#3830 = CARTESIAN_POINT ( 'NONE',  ( 12.38108599560539069, 5.740740740740732484, -5.500000000000000888 ) ) ;
#3831 = CARTESIAN_POINT ( 'NONE',  ( 33.00000000000000000, 19.99999999999999645, 5.500000000000000888 ) ) ;
#3832 = VERTEX_POINT ( 'NONE', #4230 ) ;
#3833 = CARTESIAN_POINT ( 'NONE',  ( 0.000000000000000000, 6.736368322558342392, 6.041752403815746852 ) ) ;
#3834 = CIRCLE ( 'NONE', #4211, 2.000000000000001776 ) ;
#3835 = EDGE_CURVE ( 'NONE', #4493, #4805, #3669, .T. ) ;
#3836 = FACE_BOUND ( 'NONE', #4196, .T. ) ;
#3837 = CARTESIAN_POINT ( 'NONE',  ( 2.938069443529397251, 8.613932400546572055, -5.500000000000001776 ) ) ;
#3838 = AXIS2_PLACEMENT_3D ( 'NONE', #3942, #4249, #3978 ) ;
#3839 = CIRCLE ( 'NONE', #2567, 3.499999999999999556 ) ;
#3840 = VERTEX_POINT ( 'NONE', #86 ) ;
#3841 = DIRECTION ( 'NONE',  ( 1.000000000000000000, 9.912705577010324317E-17, -0.000000000000000000 ) ) ;
#3842 = CARTESIAN_POINT ( 'NONE',  ( 11.50056939470317197, 10.00000000181410442, 0.2838426146677411332 ) ) ;
#3843 = VECTOR ( 'NONE', #2641, 1000.000000000000000 ) ;
#3844 = AXIS2_PLACEMENT_3D ( 'NONE', #3873, #3235, #511 ) ;
#3845 = CARTESIAN_POINT ( 'NONE',  ( 12.27896838751105157, 5.804989710959513438, 2.719357178230982885 ) ) ;
#3846 = CARTESIAN_POINT ( 'NONE',  ( -35.00000000000001421, 15.13504870010925707, 21.50000000000000000 ) ) ;
#3847 = CARTESIAN_POINT ( 'NONE',  ( 4.358621320152868961, 6.736368322558340616, -6.041752403815749517 ) ) ;
#3848 = EDGE_LOOP ( 'NONE', ( #3705, #1552, #2046, #2513, #4566 ) ) ;
#3849 = VERTEX_POINT ( 'NONE', #1625 ) ;
#3850 = DIRECTION ( 'NONE',  ( 1.000000000000000000, 0.000000000000000000, -0.000000000000000000 ) ) ;
#3851 = VECTOR ( 'NONE', #2317, 1000.000000000000000 ) ;
#3852 = CARTESIAN_POINT ( 'NONE',  ( 4.500000000000002665, 24.99999999999998579, 26.50000000000000000 ) ) ;
#3853 = EDGE_CURVE ( 'NONE', #526, #3901, #3137, .T. ) ;
#3854 = CARTESIAN_POINT ( 'NONE',  ( 29.99999999999999645, 14.99999999999999645, 5.500000000000001776 ) ) ;
#3855 = CARTESIAN_POINT ( 'NONE',  ( -22.11832052023462936, 19.99999999999999645, 7.500000000000000888 ) ) ;
#3856 = CARTESIAN_POINT ( 'NONE',  ( 11.89844681573359253, 6.078210655993342648, -1.991770446056216226 ) ) ;
#3857 = CARTESIAN_POINT ( 'NONE',  ( 10.90645100495899023, 7.174976387035258085, -0.5622447787504130101 ) ) ;
#3858 = FACE_BOUND ( 'NONE', #1595, .T. ) ;
#3859 = ORIENTED_EDGE ( 'NONE', *, *, #275, .F. ) ;
#3860 = FACE_BOUND ( 'NONE', #2546, .T. ) ;
#3861 = CARTESIAN_POINT ( 'NONE',  ( -15.00000000000000000, 5.000000000000000000, 0.000000000000000000 ) ) ;
#3862 = CARTESIAN_POINT ( 'NONE',  ( 12.00000000000000000, 5.000000000000000000, -0.5000000000000013323 ) ) ;
#3863 = ORIENTED_EDGE ( 'NONE', *, *, #2497, .T. ) ;
#3864 = CARTESIAN_POINT ( 'NONE',  ( -12.25609954832065007, 9.999999999999793943, -2.185822007670316758 ) ) ;
#3865 = CARTESIAN_POINT ( 'NONE',  ( 9.678757769895391050, 8.496337101916527246, -0.2726650317860373485 ) ) ;
#3866 = EDGE_CURVE ( 'NONE', #4107, #2965, #3473, .T. ) ;
#3867 = CARTESIAN_POINT ( 'NONE',  ( -11.43068866720714460, 6.498512125142489104, -1.038859668733933761 ) ) ;
#3868 = PLANE ( 'NONE',  #929 ) ;
#3869 = DIRECTION ( 'NONE',  ( 1.000000000000000000, 0.000000000000000000, 0.000000000000000000 ) ) ;
#3870 = ORIENTED_EDGE ( 'NONE', *, *, #4248, .T. ) ;
#3871 = ORIENTED_EDGE ( 'NONE', *, *, #1522, .T. ) ;
#3872 = DIRECTION ( 'NONE',  ( -1.156482317317871478E-16, 1.000000000000000000, -0.000000000000000000 ) ) ;
#3873 = CARTESIAN_POINT ( 'NONE',  ( -2.639022891491583866, 9.999999999999987566, 8.500000000000000000 ) ) ;
#3874 = EDGE_CURVE ( 'NONE', #4323, #2946, #110, .T. ) ;
#3875 = DIRECTION ( 'NONE',  ( -1.000000000000000000, 0.000000000000000000, -0.000000000000000000 ) ) ;
#3876 = VERTEX_POINT ( 'NONE', #1749 ) ;
#3877 = DIRECTION ( 'NONE',  ( 0.000000000000000000, 0.000000000000000000, -1.000000000000000000 ) ) ;
#3878 = CARTESIAN_POINT ( 'NONE',  ( 7.500000000000005329, 9.999999999999985789, 26.50000000000000000 ) ) ;
#3879 = PRODUCT ( 'Shock-Mount', 'Shock-Mount', '', ( #3384 ) ) ;
#3880 = CARTESIAN_POINT ( 'NONE',  ( 12.29279117024293555, 5.796269688613683968, -2.766008772288038653 ) ) ;
#3881 = CARTESIAN_POINT ( 'NONE',  ( -22.54674764498082240, 9.999999999999996447, 6.700000000000001066 ) ) ;
#3882 = CARTESIAN_POINT ( 'NONE',  ( -14.06386732630136827, 5.082916761488325719, -3.380662167675835494 ) ) ;
#3883 = DIRECTION ( 'NONE',  ( -1.084202172485505420E-16, 1.000000000000000000, 0.000000000000000000 ) ) ;
#3884 = ORIENTED_EDGE ( 'NONE', *, *, #4016, .F. ) ;
#3885 = DIRECTION ( 'NONE',  ( -1.000000000000000000, 0.000000000000000000, 0.000000000000000000 ) ) ;
#3886 = CARTESIAN_POINT ( 'NONE',  ( -6.639022891491583422, 9.999999999999987566, -7.500000000000000888 ) ) ;
#3887 = DIRECTION ( 'NONE',  ( -0.000000000000000000, -0.000000000000000000, 1.000000000000000000 ) ) ;
#3888 = ORIENTED_EDGE ( 'NONE', *, *, #1425, .T. ) ;
#3889 = CARTESIAN_POINT ( 'NONE',  ( -12.18451686277848900, 5.861606277083218686, -6.604375922984969449 ) ) ;
#3890 = CARTESIAN_POINT ( 'NONE',  ( 9.678380185978033623, 8.496215844405693218, 0.2871227760803826135 ) ) ;
#3891 = DIRECTION ( 'NONE',  ( -0.000000000000000000, -1.000000000000000000, -0.000000000000000000 ) ) ;
#3892 = DIRECTION ( 'NONE',  ( 1.000000000000000000, 1.734723475976807094E-16, -0.000000000000000000 ) ) ;
#3893 = DIRECTION ( 'NONE',  ( 0.000000000000000000, 0.000000000000000000, -1.000000000000000000 ) ) ;
#3894 = DIRECTION ( 'NONE',  ( -0.000000000000000000, -0.000000000000000000, -1.000000000000000000 ) ) ;
#3895 = VERTEX_POINT ( 'NONE', #3229 ) ;
#3896 = ORIENTED_EDGE ( 'NONE', *, *, #2542, .F. ) ;
#3897 = EDGE_CURVE ( 'NONE', #3400, #3573, #2433, .T. ) ;
#3898 = CARTESIAN_POINT ( 'NONE',  ( 15.00000000000000000, 5.000000000000000000, 0.000000000000000000 ) ) ;
#3899 = DIRECTION ( 'NONE',  ( 1.000000000000000000, 0.000000000000000000, 0.000000000000000000 ) ) ;
#3900 = AXIS2_PLACEMENT_3D ( 'NONE', #2739, #2341, #3850 ) ;
#3901 = VERTEX_POINT ( 'NONE', #3164 ) ;
#3902 = B_SPLINE_CURVE_WITH_KNOTS ( 'NONE', 3,
 ( #196, #130, #2231, #3729, #380, #1866 ),
 .UNSPECIFIED., .F., .F.,
 ( 4, 2, 4 ),
 ( 0.000000000000000000, 0.5000000000000001110, 1.000000000000000000 ),
 .UNSPECIFIED. ) ;
#3903 = DIRECTION ( 'NONE',  ( -0.000000000000000000, 0.000000000000000000, -1.000000000000000000 ) ) ;
#3904 = CARTESIAN_POINT ( 'NONE',  ( -11.52168756205392164, 6.408115999023440423, 1.261778104142015966 ) ) ;
#3905 = CARTESIAN_POINT ( 'NONE',  ( 12.32221570670201238, 5.777500563527744326, -2.852709333949680293 ) ) ;
#3906 = DIRECTION ( 'NONE',  ( -1.000000000000000000, 0.000000000000000000, 0.000000000000000000 ) ) ;
#3907 = CARTESIAN_POINT ( 'NONE',  ( 11.13592506580046759, 9.563120227479386060, -0.7968492222988843299 ) ) ;
#3908 = EDGE_CURVE ( 'NONE', #237, #184, #812, .T. ) ;
#3909 = ORIENTED_EDGE ( 'NONE', *, *, #1991, .T. ) ;
#3910 = CARTESIAN_POINT ( 'NONE',  ( -12.08262716876864040, 5.939339814650538507, 2.321412348734155806 ) ) ;
#3911 = VECTOR ( 'NONE', #791, 1000.000000000000000 ) ;
#3912 = CARTESIAN_POINT ( 'NONE',  ( -11.55838703312466009, 6.372817545807389905, 1.344051419091410793 ) ) ;
#3913 = CARTESIAN_POINT ( 'NONE',  ( -35.00000000000001421, 17.63504870010925529, 21.50000000000000000 ) ) ;
#3914 = CARTESIAN_POINT ( 'NONE',  ( -12.42746278277385130, 9.709708693214784248, 3.201562118716433591 ) ) ;
#3915 = EDGE_LOOP ( 'NONE', ( #206, #3115, #2017, #1971, #3602 ) ) ;
#3916 = DIRECTION ( 'NONE',  ( 1.000000000000000000, 5.209107462460914720E-16, -0.000000000000000000 ) ) ;
#3917 = CIRCLE ( 'NONE', #4533, 2.000000000000000000 ) ;
#3918 = DIRECTION ( 'NONE',  ( -0.000000000000000000, 1.000000000000000000, -0.000000000000000000 ) ) ;
#3919 = FILL_AREA_STYLE_COLOUR ( '', #2267 ) ;
#3920 = AXIS2_PLACEMENT_3D ( 'NONE', #4420, #2571, #4032 ) ;
#3921 = CARTESIAN_POINT ( 'NONE',  ( 6.008969804290333450, 9.972759904370194661, 7.404799700161701637 ) ) ;
#3922 = CARTESIAN_POINT ( 'NONE',  ( 15.00000000000000000, 5.000000000000000000, -6.916198487095662983 ) ) ;
#3923 = ORIENTED_EDGE ( 'NONE', *, *, #365, .F. ) ;
#3924 = VERTEX_POINT ( 'NONE', #525 ) ;
#3925 = VECTOR ( 'NONE', #2771, 1000.000000000000000 ) ;
#3926 = VECTOR ( 'NONE', #2004, 1000.000000000000000 ) ;
#3927 = DIRECTION ( 'NONE',  ( -1.000000000000000000, -5.782411586589358625E-17, 0.000000000000000000 ) ) ;
#3928 = DIRECTION ( 'NONE',  ( 1.000000000000000000, 0.000000000000000000, 0.000000000000000000 ) ) ;
#3929 = VECTOR ( 'NONE', #1842, 1000.000000000000000 ) ;
#3930 = ORIENTED_EDGE ( 'NONE', *, *, #1485, .F. ) ;
#3931 = VECTOR ( 'NONE', #2716, 1000.000000000000000 ) ;
#3932 = EDGE_CURVE ( 'NONE', #4478, #3655, #411, .T. ) ;
#3933 = CARTESIAN_POINT ( 'NONE',  ( -12.35875024778966313, 5.754550903681317386, 2.990575728870048522 ) ) ;
#3934 = CARTESIAN_POINT ( 'NONE',  ( -5.039022891491584666, 9.608161990937752250, -6.700000000000001066 ) ) ;
#3935 = CARTESIAN_POINT ( 'NONE',  ( 12.34899179409933545, 5.760624380119192978, -2.946214735599889334 ) ) ;
#3936 = CARTESIAN_POINT ( 'NONE',  ( -12.12691055369717930, 9.483724129150086668, 6.544203109789083150 ) ) ;
#3937 = ORIENTED_EDGE ( 'NONE', *, *, #111, .F. ) ;
#3938 = CARTESIAN_POINT ( 'NONE',  ( -11.92737216894728469, 6.055502226787919717, 2.042820477793302558 ) ) ;
#3939 = ADVANCED_FACE ( 'NONE', ( #210 ), #2085, .F. ) ;
#3940 = LINE ( 'NONE', #2754, #3826 ) ;
#3941 = CARTESIAN_POINT ( 'NONE',  ( 13.20888783430208235, 5.327524196509489052, -3.015226181416708506 ) ) ;
#3942 = CARTESIAN_POINT ( 'NONE',  ( -15.00000000000000000, 0.000000000000000000, 0.000000000000000000 ) ) ;
#3943 = ORIENTED_EDGE ( 'NONE', *, *, #1302, .T. ) ;
#3944 = CARTESIAN_POINT ( 'NONE',  ( 3.012392542436846732, 8.517657263218440633, 5.522382984091377622 ) ) ;
#3945 = CARTESIAN_POINT ( 'NONE',  ( -11.29524873365249604, 6.642143075045888523, -0.5894230898120710327 ) ) ;
#3946 = DIRECTION ( 'NONE',  ( -1.156482317317871331E-15, -1.000000000000000000, 0.000000000000000000 ) ) ;
#3947 = CARTESIAN_POINT ( 'NONE',  ( 11.56568188131922881, 8.810970577232511758, 6.031842545944035017 ) ) ;
#3948 = ORIENTED_EDGE ( 'NONE', *, *, #3588, .T. ) ;
#3949 = VERTEX_POINT ( 'NONE', #552 ) ;
#3950 = DIRECTION ( 'NONE',  ( -1.000000000000000000, -9.912705577010325549E-17, 0.000000000000000000 ) ) ;
#3951 = DIRECTION ( 'NONE',  ( 1.239088197126290570E-16, -1.000000000000000000, 0.000000000000000000 ) ) ;
#3952 = ORIENTED_EDGE ( 'NONE', *, *, #957, .T. ) ;
#3953 = DIRECTION ( 'NONE',  ( 1.000000000000000000, 1.734723475976807094E-16, 0.000000000000000000 ) ) ;
#3954 = ADVANCED_FACE ( 'NONE', ( #2063 ), #1702, .F. ) ;
#3955 = CARTESIAN_POINT ( 'NONE',  ( -13.21494431108033218, 5.325090048037512958, -3.019031558772614865 ) ) ;
#3956 = VERTEX_POINT ( 'NONE', #1727 ) ;
#3957 = CARTESIAN_POINT ( 'NONE',  ( -7.499999999999996447, 24.99999999999998579, 26.50000000000000000 ) ) ;
#3958 = DIRECTION ( 'NONE',  ( 0.000000000000000000, 1.000000000000000000, 0.000000000000000000 ) ) ;
#3959 = CARTESIAN_POINT ( 'NONE',  ( 2.258066137121711449E-16, 7.777638894181504448, 8.092546298060502963 ) ) ;
#3960 = ORIENTED_EDGE ( 'NONE', *, *, #4087, .T. ) ;
#3961 = CARTESIAN_POINT ( 'NONE',  ( -11.23047772088677476, 6.715079602825410277, -0.1665195156863075454 ) ) ;
#3962 = PLANE ( 'NONE',  #392 ) ;
#3963 = CARTESIAN_POINT ( 'NONE',  ( -6.639022891491583422, 9.999999999999987566, -7.500000000000000888 ) ) ;
#3964 = CARTESIAN_POINT ( 'NONE',  ( -13.76316191612860251, 5.155391496283179720, 7.303285209289334112 ) ) ;
#3965 = CARTESIAN_POINT ( 'NONE',  ( 11.28578643762691236, 7.869092931478445685, 5.788145899710117170 ) ) ;
#3966 = ORIENTED_EDGE ( 'NONE', *, *, #1062, .F. ) ;
#3967 = ORIENTED_EDGE ( 'NONE', *, *, #1596, .T. ) ;
#3968 = CARTESIAN_POINT ( 'NONE',  ( 24.94674764498082098, 19.99999999999999645, 8.500000000000000000 ) ) ;
#3969 = CARTESIAN_POINT ( 'NONE',  ( 11.28578643762691058, 7.699999999999995737, 5.793857062406784664 ) ) ;
#3970 = CARTESIAN_POINT ( 'NONE',  ( 15.00000000000000000, 5.000000000000000000, 0.000000000000000000 ) ) ;
#3971 = ORIENTED_EDGE ( 'NONE', *, *, #3312, .F. ) ;
#3972 = CARTESIAN_POINT ( 'NONE',  ( -12.26250139994484201, 5.815964096479885548, 2.690017340475681973 ) ) ;
#3973 = CARTESIAN_POINT ( 'NONE',  ( 4.500000000000005329, 9.999999999999985789, 24.50000000000000000 ) ) ;
#3974 = CIRCLE ( 'NONE', #1773, 2.000000000000001776 ) ;
#3975 = ORIENTED_EDGE ( 'NONE', *, *, #1248, .F. ) ;
#3976 = EDGE_CURVE ( 'NONE', #2814, #3399, #1099, .T. ) ;
#3977 = CARTESIAN_POINT ( 'NONE',  ( 14.51858432365104612, 5.017747142993616016, -3.474773118196126553 ) ) ;
#3978 = DIRECTION ( 'NONE',  ( 0.000000000000000000, 0.000000000000000000, -1.000000000000000000 ) ) ;
#3979 = VERTEX_POINT ( 'NONE', #2861 ) ;
#3980 = CARTESIAN_POINT ( 'NONE',  ( -11.22984968466595213, 6.715800428066041050, 0.1562956752869953947 ) ) ;
#3981 = CIRCLE ( 'NONE', #4530, 2.000000000000001776 ) ;
#3982 = EDGE_CURVE ( 'NONE', #2923, #3718, #1677, .T. ) ;
#3983 = CARTESIAN_POINT ( 'NONE',  ( -11.97687258793252596, 6.017449965927938571, -2.130314327945331154 ) ) ;
#3984 = DIRECTION ( 'NONE',  ( 1.000000000000000000, 0.000000000000000000, -0.000000000000000000 ) ) ;
#3985 = CARTESIAN_POINT ( 'NONE',  ( 12.83599258944812327, 9.878570454035278559, 7.149686185700952379 ) ) ;
#3986 = VECTOR ( 'NONE', #1039, 1000.000000000000000 ) ;
#3987 = ORIENTED_EDGE ( 'NONE', *, *, #4356, .F. ) ;
#3988 = ORIENTED_EDGE ( 'NONE', *, *, #2542, .T. ) ;
#3989 = CIRCLE ( 'NONE', #3287, 2.499999999999998668 ) ;
#3990 = LINE ( 'NONE', #2505, #3674 ) ;
#3991 = CARTESIAN_POINT ( 'NONE',  ( 11.30536499155665808, 7.357443791727267701, 5.825042260159325913 ) ) ;
#3992 = DIRECTION ( 'NONE',  ( -9.912705577010324317E-17, 1.000000000000000000, 0.000000000000000000 ) ) ;
#3993 = VERTEX_POINT ( 'NONE', #2041 ) ;
#3994 = AXIS2_PLACEMENT_3D ( 'NONE', #2935, #4687, #907 ) ;
#3995 = CARTESIAN_POINT ( 'NONE',  ( -12.36932554994733557, 5.747993625428740927, 3.050657677826962733 ) ) ;
#3996 = AXIS2_PLACEMENT_3D ( 'NONE', #4380, #721, #3685 ) ;
#3997 = LINE ( 'NONE', #1384, #4235 ) ;
#3998 = VECTOR ( 'NONE', #4190, 1000.000000000000000 ) ;
#3999 = CIRCLE ( 'NONE', #2747, 8.000000000000000000 ) ;
#4000 = VERTEX_POINT ( 'NONE', #1263 ) ;
#4001 = EDGE_CURVE ( 'NONE', #3322, #3607, #4256, .T. ) ;
#4002 = CARTESIAN_POINT ( 'NONE',  ( -11.88474926421481648, 6.089088381927114213, 1.967567801813862260 ) ) ;
#4003 = VECTOR ( 'NONE', #384, 1000.000000000000000 ) ;
#4004 = CARTESIAN_POINT ( 'NONE',  ( -7.499999999999995559, 21.99999999999999645, 4.839745962155620695 ) ) ;
#4005 = CARTESIAN_POINT ( 'NONE',  ( 12.67110823403416298, 5.571814556866287127, -2.622159612195302358 ) ) ;
#4006 = LINE ( 'NONE', #1461, #1616 ) ;
#4007 = ORIENTED_EDGE ( 'NONE', *, *, #1576, .T. ) ;
#4008 = CARTESIAN_POINT ( 'NONE',  ( -19.99999999999999289, 5.000000000000000000, 7.499999999999999112 ) ) ;
#4009 = CARTESIAN_POINT ( 'NONE',  ( 9.667956316142181095, 8.492494415600990720, -0.5529340243519839104 ) ) ;
#4010 = ORIENTED_EDGE ( 'NONE', *, *, #2584, .F. ) ;
#4011 = CARTESIAN_POINT ( 'NONE',  ( -12.15303749383112475, 5.889661484604925334, -2.455489222455424780 ) ) ;
#4012 = DIRECTION ( 'NONE',  ( -0.000000000000000000, -0.000000000000000000, 1.000000000000000000 ) ) ;
#4013 = CARTESIAN_POINT ( 'NONE',  ( -24.94674764498082098, 9.999999999999996447, -8.500000000000000000 ) ) ;
#4014 = ORIENTED_EDGE ( 'NONE', *, *, #1779, .F. ) ;
#4015 = ORIENTED_EDGE ( 'NONE', *, *, #743, .T. ) ;
#4016 = EDGE_CURVE ( 'NONE', #1457, #3786, #233, .T. ) ;
#4017 = DIRECTION ( 'NONE',  ( 0.000000000000000000, 1.000000000000000000, -0.000000000000000000 ) ) ;
#4018 = DIRECTION ( 'NONE',  ( -1.239088197126290570E-16, 1.000000000000000000, -0.000000000000000000 ) ) ;
#4019 = DIRECTION ( 'NONE',  ( 0.000000000000000000, 0.000000000000000000, 1.000000000000000000 ) ) ;
#4020 = ORIENTED_EDGE ( 'NONE', *, *, #1504, .T. ) ;
#4021 = EDGE_LOOP ( 'NONE', ( #4606, #4437, #1960, #710, #1601, #4080, #340, #3937, #2430 ) ) ;
#4022 = DIRECTION ( 'NONE',  ( -9.912705577010324317E-17, 1.000000000000000000, 0.000000000000000000 ) ) ;
#4023 = EDGE_LOOP ( 'NONE', ( #1839, #2425 ) ) ;
#4024 = CARTESIAN_POINT ( 'NONE',  ( 11.37817716360732057, 8.366527305097521960, -5.863058719247430162 ) ) ;
#4025 = CARTESIAN_POINT ( 'NONE',  ( -4.499999999999996447, 22.99999999999998579, 8.586540306964575819 ) ) ;
#4026 = DIRECTION ( 'NONE',  ( 5.782411586589357392E-17, -1.000000000000000000, -0.000000000000000000 ) ) ;
#4027 = ORIENTED_EDGE ( 'NONE', *, *, #1387, .T. ) ;
#4028 = CARTESIAN_POINT ( 'NONE',  ( 13.28471714165788242, 9.999999999999992895, -3.201562118716423821 ) ) ;
#4029 = ORIENTED_EDGE ( 'NONE', *, *, #1975, .F. ) ;
#4030 = FACE_OUTER_BOUND ( 'NONE', #2794, .T. ) ;
#4031 = CARTESIAN_POINT ( 'NONE',  ( -7.486167564460903812, 8.820547437614759900, 2.983317859291330088 ) ) ;
#4032 = DIRECTION ( 'NONE',  ( -1.000000000000000000, 0.000000000000000000, 0.000000000000000000 ) ) ;
#4033 = VERTEX_POINT ( 'NONE', #3184 ) ;
#4034 = DIRECTION ( 'NONE',  ( 0.000000000000000000, 0.000000000000000000, 1.000000000000000000 ) ) ;
#4035 = CARTESIAN_POINT ( 'NONE',  ( 13.76316191612860074, 5.155391496283179720, 7.303285209289335889 ) ) ;
#4036 = CARTESIAN_POINT ( 'NONE',  ( 18.50000000000000000, 9.999999999999994671, 4.286263797015734130E-16 ) ) ;
#4037 = CARTESIAN_POINT ( 'NONE',  ( -11.13592506580046759, 9.563120227479382507, 0.7968492222988849960 ) ) ;
#4038 = ORIENTED_EDGE ( 'NONE', *, *, #421, .T. ) ;
#4039 = ORIENTED_EDGE ( 'NONE', *, *, #4427, .F. ) ;
#4040 = CARTESIAN_POINT ( 'NONE',  ( 4.147258167281474783, 8.502885656255930513, 5.905675208562206180 ) ) ;
#4041 = EDGE_CURVE ( 'NONE', #1462, #2923, #4676, .T. ) ;
#4042 = ORIENTED_EDGE ( 'NONE', *, *, #3790, .T. ) ;
#4043 = CARTESIAN_POINT ( 'NONE',  ( 1.500000000000005329, 21.99999999999999645, 4.839745962155620695 ) ) ;
#4044 = AXIS2_PLACEMENT_3D ( 'NONE', #1415, #1390, #4760 ) ;
#4045 = DIRECTION ( 'NONE',  ( -9.912705577010324317E-17, 1.000000000000000000, 0.000000000000000000 ) ) ;
#4046 = EDGE_LOOP ( 'NONE', ( #1264, #4079, #4435, #4267 ) ) ;
#4047 = CARTESIAN_POINT ( 'NONE',  ( 7.500000000000002665, 22.99999999999998579, 8.586540306964575819 ) ) ;
#4048 = CARTESIAN_POINT ( 'NONE',  ( -12.21770524032151073, 5.842885746367660893, 2.134786020181665300 ) ) ;
#4049 = ORIENTED_EDGE ( 'NONE', *, *, #1181, .T. ) ;
#4050 = CARTESIAN_POINT ( 'NONE',  ( -5.454058453981521559, 9.999999999999994671, 3.201562118716425598 ) ) ;
#4051 = DIRECTION ( 'NONE',  ( 0.000000000000000000, 0.000000000000000000, 1.000000000000000000 ) ) ;
#4052 = ORIENTED_EDGE ( 'NONE', *, *, #2942, .T. ) ;
#4053 = ORIENTED_EDGE ( 'NONE', *, *, #3262, .F. ) ;
#4054 = CARTESIAN_POINT ( 'NONE',  ( -7.499999999999996447, 17.63504870010925885, 21.50000000000000000 ) ) ;
#4055 = AXIS2_PLACEMENT_3D ( 'NONE', #2860, #4724, #209 ) ;
#4056 = LINE ( 'NONE', #698, #4636 ) ;
#4057 = VECTOR ( 'NONE', #3310, 1000.000000000000000 ) ;
#4058 = CARTESIAN_POINT ( 'NONE',  ( -7.499999999999995559, 11.99999999999998757, 24.50000000000000000 ) ) ;
#4059 = ORIENTED_EDGE ( 'NONE', *, *, #2715, .F. ) ;
#4060 = CARTESIAN_POINT ( 'NONE',  ( 3.500000000000003109, 19.99999999999999645, 7.500000000000000888 ) ) ;
#4061 = VERTEX_POINT ( 'NONE', #945 ) ;
#4062 = AXIS2_PLACEMENT_3D ( 'NONE', #290, #313, #1429 ) ;
#4063 = CARTESIAN_POINT ( 'NONE',  ( -12.46608913804677421, 9.713609296355237177, -6.844594809250996725 ) ) ;
#4064 = AXIS2_PLACEMENT_3D ( 'NONE', #1046, #4395, #2538 ) ;
#4065 = EDGE_CURVE ( 'NONE', #354, #363, #2552, .T. ) ;
#4066 = ORIENTED_EDGE ( 'NONE', *, *, #421, .F. ) ;
#4067 = VECTOR ( 'NONE', #1632, 1000.000000000000000 ) ;
#4068 = ADVANCED_FACE ( 'NONE', ( #4813 ), #1444, .F. ) ;
#4069 = DIRECTION ( 'NONE',  ( -9.912705577010324317E-17, 1.000000000000000000, 0.000000000000000000 ) ) ;
#4070 = CARTESIAN_POINT ( 'NONE',  ( 2.258066137121712929E-16, 7.777638894181503559, -8.092546298060504739 ) ) ;
#4071 = CIRCLE ( 'NONE', #2830, 3.000000000000000000 ) ;
#4072 = ORIENTED_EDGE ( 'NONE', *, *, #2210, .F. ) ;
#4073 = DIRECTION ( 'NONE',  ( -1.000000000000000000, 0.000000000000000000, -0.000000000000000000 ) ) ;
#4074 = CARTESIAN_POINT ( 'NONE',  ( -4.198298192036920895, 6.967487617482765572, -5.935819094646846317 ) ) ;
#4075 = EDGE_CURVE ( 'NONE', #3573, #4421, #2822, .T. ) ;
#4076 = VECTOR ( 'NONE', #1194, 1000.000000000000000 ) ;
#4077 = CARTESIAN_POINT ( 'NONE',  ( -12.04805269240808840, 5.961865485967461353, 2.246064512846476902 ) ) ;
#4078 = DIRECTION ( 'NONE',  ( -0.000000000000000000, -0.000000000000000000, 1.000000000000000000 ) ) ;
#4079 = ORIENTED_EDGE ( 'NONE', *, *, #155, .T. ) ;
#4080 = ORIENTED_EDGE ( 'NONE', *, *, #1968, .F. ) ;
#4081 = CARTESIAN_POINT ( 'NONE',  ( -7.583482331840889934, 21.36192372874999990, 3.908321000938907108 ) ) ;
#4082 = CARTESIAN_POINT ( 'NONE',  ( -13.58578643762692018, 7.699999999999992184, -5.500000000000000888 ) ) ;
#4083 = DIRECTION ( 'NONE',  ( -0.000000000000000000, -0.000000000000000000, -1.000000000000000000 ) ) ;
#4084 = VERTEX_POINT ( 'NONE', #670 ) ;
#4085 = ORIENTED_EDGE ( 'NONE', *, *, #2948, .F. ) ;
#4086 = CARTESIAN_POINT ( 'NONE',  ( -1.499999999999994893, 24.99999999999998579, 24.50000000000000000 ) ) ;
#4087 = EDGE_CURVE ( 'NONE', #1159, #174, #2957, .T. ) ;
#4088 = ORIENTED_EDGE ( 'NONE', *, *, #4315, .F. ) ;
#4089 = ADVANCED_FACE ( 'NONE', ( #2544 ), #3636, .F. ) ;
#4090 = LINE ( 'NONE', #4852, #3283 ) ;
#4091 = DIRECTION ( 'NONE',  ( -1.000000000000000000, 0.000000000000000000, 0.000000000000000000 ) ) ;
#4092 = ORIENTED_EDGE ( 'NONE', *, *, #529, .T. ) ;
#4093 = DIRECTION ( 'NONE',  ( -1.000000000000000000, 5.209107462460914720E-16, 0.000000000000000000 ) ) ;
#4094 = EDGE_CURVE ( 'NONE', #3128, #2843, #4439, .T. ) ;
#4095 = DIRECTION ( 'NONE',  ( 1.000000000000000000, 5.782411586589358625E-17, -0.000000000000000000 ) ) ;
#4096 = DIRECTION ( 'NONE',  ( 0.000000000000000000, -1.000000000000000000, 0.000000000000000000 ) ) ;
#4097 = CARTESIAN_POINT ( 'NONE',  ( 11.60912245099750351, 6.325496996733956045, 1.450551488586206306 ) ) ;
#4098 = ORIENTED_EDGE ( 'NONE', *, *, #2584, .T. ) ;
#4099 = EDGE_CURVE ( 'NONE', #184, #3128, #4384, .T. ) ;
#4100 = DIRECTION ( 'NONE',  ( -0.000000000000000000, -0.000000000000000000, 1.000000000000000000 ) ) ;
#4101 = EDGE_CURVE ( 'NONE', #2965, #73, #3059, .T. ) ;
#4102 = DIRECTION ( 'NONE',  ( 0.000000000000000000, -1.000000000000000000, 0.000000000000000000 ) ) ;
#4103 = CARTESIAN_POINT ( 'NONE',  ( 12.41940939545464850, 9.999999999999998224, 2.383089945726992287 ) ) ;
#4104 = CARTESIAN_POINT ( 'NONE',  ( 4.500000000000004441, 11.99999999999999112, 26.50000000000000000 ) ) ;
#4105 = DIRECTION ( 'NONE',  ( -1.000000000000000000, -2.312964634635742957E-16, 0.000000000000000000 ) ) ;
#4106 = ORIENTED_EDGE ( 'NONE', *, *, #2005, .F. ) ;
#4107 = VERTEX_POINT ( 'NONE', #502 ) ;
#4108 = EDGE_CURVE ( 'NONE', #1829, #4801, #1088, .T. ) ;
#4109 = CARTESIAN_POINT ( 'NONE',  ( -6.639022891491583422, 9.999999999999987566, -7.500000000000000888 ) ) ;
#4110 = ORIENTED_EDGE ( 'NONE', *, *, #797, .F. ) ;
#4111 = CARTESIAN_POINT ( 'NONE',  ( -11.82873699609531037, 6.134357261631451230, -1.867988776513287652 ) ) ;
#4112 = LINE ( 'NONE', #3383, #534 ) ;
#4113 =( NAMED_UNIT ( * ) PLANE_ANGLE_UNIT ( ) SI_UNIT ( $, .RADIAN. ) );
#4114 = CARTESIAN_POINT ( 'NONE',  ( -31.49999999999999289, 14.99999999999999645, -7.833828036843772047 ) ) ;
#4115 = VERTEX_POINT ( 'NONE', #1178 ) ;
#4116 = DIRECTION ( 'NONE',  ( -1.000000000000000000, -5.782411586589358625E-17, 0.000000000000000000 ) ) ;
#4117 = ORIENTED_EDGE ( 'NONE', *, *, #303, .F. ) ;
#4118 = AXIS2_PLACEMENT_3D ( 'NONE', #2102, #2491, #298 ) ;
#4119 = DIRECTION ( 'NONE',  ( -8.673617379884040402E-17, 1.000000000000000000, 0.000000000000000000 ) ) ;
#4120 = CARTESIAN_POINT ( 'NONE',  ( 11.90316189124142809, 6.074414415406594436, 2.000127556510247206 ) ) ;
#4121 = EDGE_LOOP ( 'NONE', ( #139, #1433, #3165, #3082, #2475 ) ) ;
#4122 = CARTESIAN_POINT ( 'NONE',  ( -12.22578733879185364, 5.839611673765655375, -2.600524952379760002 ) ) ;
#4123 = EDGE_CURVE ( 'NONE', #2573, #4805, #3574, .T. ) ;
#4124 = B_SPLINE_CURVE_WITH_KNOTS ( 'NONE', 3,
 ( #4199, #843, #2333, #2581, #1577, #4253 ),
 .UNSPECIFIED., .F., .F.,
 ( 4, 2, 4 ),
 ( 0.004286790610402616865, 0.005094962805063787958, 0.005903134999724959919 ),
 .UNSPECIFIED. ) ;
#4125 = DIRECTION ( 'NONE',  ( -0.000000000000000000, -0.000000000000000000, 1.000000000000000000 ) ) ;
#4126 = FACE_OUTER_BOUND ( 'NONE', #3350, .T. ) ;
#4127 = DIRECTION ( 'NONE',  ( -1.000000000000000000, -1.734723475976807094E-16, 0.000000000000000000 ) ) ;
#4128 = ORIENTED_EDGE ( 'NONE', *, *, #2025, .F. ) ;
#4129 = VERTEX_POINT ( 'NONE', #2647 ) ;
#4130 = AXIS2_PLACEMENT_3D ( 'NONE', #2592, #3365, #4519 ) ;
#4131 = CARTESIAN_POINT ( 'NONE',  ( 11.35548483711339607, 6.576909676729463250, -0.8166906475738765492 ) ) ;
#4132 = EDGE_CURVE ( 'NONE', #463, #2150, #2618, .T. ) ;
#4133 = DIRECTION ( 'NONE',  ( -9.912705577010324317E-17, 1.000000000000000000, 0.000000000000000000 ) ) ;
#4134 = B_SPLINE_CURVE_WITH_KNOTS ( 'NONE', 3,
 ( #3005, #4490, #2614, #4514, #1145, #786, #3411, #429, #3218, #3557, #3936, #2398, #3174, #1612, #3534, #886, #4643, #2051, #4339, #3484 ),
 .UNSPECIFIED., .F., .F.,
 ( 4, 2, 2, 2, 2, 2, 2, 2, 2, 4 ),
 ( 0.000000000000000000, 0.0002573330440072761735, 0.0005146660880145523470, 0.001029332176029099056, 0.001543998264043645657, 0.002058664352058192041, 0.002573330440072739075, 0.003087996528087285242, 0.003602662616101832277, 0.004117328704116378010 ),
 .UNSPECIFIED. ) ;
#4135 = VECTOR ( 'NONE', #2636, 1000.000000000000000 ) ;
#4136 = EDGE_LOOP ( 'NONE', ( #828, #4465, #133, #1914, #3704, #2304 ) ) ;
#4137 = CARTESIAN_POINT ( 'NONE',  ( -11.99767687021289753, 6.001682028145427950, -2.167251939870172617 ) ) ;
#4138 = CYLINDRICAL_SURFACE ( 'NONE', #3208, 2.499999999999998668 ) ;
#4139 = CARTESIAN_POINT ( 'NONE',  ( -35.00000000000001421, 17.63504870010925529, 21.50000000000000000 ) ) ;
#4140 = VERTEX_POINT ( 'NONE', #1890 ) ;
#4141 = LINE ( 'NONE', #4168, #531 ) ;
#4142 = CARTESIAN_POINT ( 'NONE',  ( -3.967551002740127508, 8.097959723685292488, 5.810080504968591519 ) ) ;
#4143 = DIRECTION ( 'NONE',  ( 1.000000000000000000, -0.000000000000000000, -0.000000000000000000 ) ) ;
#4144 = VERTEX_POINT ( 'NONE', #3392 ) ;
#4145 = DIRECTION ( 'NONE',  ( 1.734723475976807341E-16, -1.000000000000000000, 0.000000000000000000 ) ) ;
#4146 = CIRCLE ( 'NONE', #2186, 2.000000000000000000 ) ;
#4147 = DIRECTION ( 'NONE',  ( 0.000000000000000000, 0.000000000000000000, 1.000000000000000000 ) ) ;
#4148 = DIRECTION ( 'NONE',  ( 1.000000000000000000, 0.000000000000000000, 0.000000000000000000 ) ) ;
#4149 = ORIENTED_EDGE ( 'NONE', *, *, #1017, .T. ) ;
#4150 = DIRECTION ( 'NONE',  ( 0.000000000000000000, 0.000000000000000000, -1.000000000000000000 ) ) ;
#4151 = FACE_OUTER_BOUND ( 'NONE', #2281, .T. ) ;
#4152 = DIRECTION ( 'NONE',  ( -1.239088197126290570E-16, 1.000000000000000000, -0.000000000000000000 ) ) ;
#4153 = AXIS2_PLACEMENT_3D ( 'NONE', #359, #653, #1109 ) ;
#4154 = DIRECTION ( 'NONE',  ( -1.084202172485504434E-16, 1.000000000000000000, 0.000000000000000000 ) ) ;
#4155 = CARTESIAN_POINT ( 'NONE',  ( 12.35314132837453904, 5.758030515194711541, 2.959559557396056029 ) ) ;
#4156 = DIRECTION ( 'NONE',  ( -1.000000000000000000, -0.000000000000000000, 0.000000000000000000 ) ) ;
#4157 = VECTOR ( 'NONE', #4178, 1000.000000000000000 ) ;
#4158 = CARTESIAN_POINT ( 'NONE',  ( -20.00000000000000000, 0.000000000000000000, -7.500000000000000888 ) ) ;
#4159 = EDGE_CURVE ( 'NONE', #4801, #3128, #1059, .T. ) ;
#4160 = EDGE_LOOP ( 'NONE', ( #326, #2444, #1252, #3496 ) ) ;
#4161 = ORIENTED_EDGE ( 'NONE', *, *, #52, .F. ) ;
#4162 = CARTESIAN_POINT ( 'NONE',  ( 13.58578643762690952, 9.999999999999994671, -76.21067811865475505 ) ) ;
#4163 = DIRECTION ( 'NONE',  ( 1.000000000000000000, 0.000000000000000000, 0.000000000000000000 ) ) ;
#4164 = EDGE_LOOP ( 'NONE', ( #518, #2163, #4182 ) ) ;
#4165 = CARTESIAN_POINT ( 'NONE',  ( -3.813022761212984779, 7.473940107029521940, 5.722832011413152564 ) ) ;
#4166 = CARTESIAN_POINT ( 'NONE',  ( -2.639022891491583422, 10.00000000000000000, 5.500000000000000888 ) ) ;
#4167 = CARTESIAN_POINT ( 'NONE',  ( 0.000000000000000000, 11.99999999999998757, 24.50000000000000000 ) ) ;
#4168 = CARTESIAN_POINT ( 'NONE',  ( 24.94674764498081743, 10.00000000000000000, 5.500000000000000888 ) ) ;
#4169 = CARTESIAN_POINT ( 'NONE',  ( -4.358621320152865408, 6.736368322558342392, 6.041752403815746852 ) ) ;
#4170 = ORIENTED_EDGE ( 'NONE', *, *, #655, .T. ) ;
#4171 = CARTESIAN_POINT ( 'NONE',  ( -12.03743346201978248, 5.972109447421210859, 2.238554529378973701 ) ) ;
#4172 = DIRECTION ( 'NONE',  ( 1.239088197126290570E-16, -1.000000000000000000, 0.000000000000000000 ) ) ;
#4173 = CARTESIAN_POINT ( 'NONE',  ( 12.38105313618738812, 5.740760945190553244, 3.142784291942022801 ) ) ;
#4174 = ORIENTED_EDGE ( 'NONE', *, *, #267, .T. ) ;
#4175 = CARTESIAN_POINT ( 'NONE',  ( -13.46523162108950800, 9.999999999999795719, -3.148309751024422898 ) ) ;
#4176 = CARTESIAN_POINT ( 'NONE',  ( 9.667004637446682480, 8.492194074235955625, 0.5707861751669324191 ) ) ;
#4177 = DIRECTION ( 'NONE',  ( 0.000000000000000000, 0.000000000000000000, -1.000000000000000000 ) ) ;
#4178 = DIRECTION ( 'NONE',  ( 0.000000000000000000, 1.000000000000000000, 0.000000000000000000 ) ) ;
#4179 = EDGE_CURVE ( 'NONE', #1301, #4493, #246, .T. ) ;
#4180 = CARTESIAN_POINT ( 'NONE',  ( -35.00000000000000000, 11.99999999999998934, -5.500000000000005329 ) ) ;
#4181 = ORIENTED_EDGE ( 'NONE', *, *, #3537, .T. ) ;
#4182 = ORIENTED_EDGE ( 'NONE', *, *, #13, .F. ) ;
#4183 = CARTESIAN_POINT ( 'NONE',  ( 14.75924887042669731, 4.999999999999999112, 3.499999999999998224 ) ) ;
#4184 = CARTESIAN_POINT ( 'NONE',  ( -11.24450125188072214, 6.698790440182996520, 0.3156031645112619133 ) ) ;
#4185 = EDGE_CURVE ( 'NONE', #3924, #599, #2178, .T. ) ;
#4186 = ORIENTED_EDGE ( 'NONE', *, *, #891, .T. ) ;
#4187 = CARTESIAN_POINT ( 'NONE',  ( -2.938069443529406577, 8.613932400546575607, 5.500000000000002665 ) ) ;
#4188 = CARTESIAN_POINT ( 'NONE',  ( 12.00000000000000000, 5.000000000000000000, -7.500000000000000888 ) ) ;
#4189 = CARTESIAN_POINT ( 'NONE',  ( -11.99999999999999645, 5.000000000000000000, -0.5000000000000013323 ) ) ;
#4190 = DIRECTION ( 'NONE',  ( -0.000000000000000000, -1.000000000000000000, -0.000000000000000000 ) ) ;
#4191 = ORIENTED_EDGE ( 'NONE', *, *, #215, .F. ) ;
#4192 = DIRECTION ( 'NONE',  ( -1.000000000000000000, -1.734723475976807094E-16, 0.000000000000000000 ) ) ;
#4193 = EDGE_CURVE ( 'NONE', #3718, #1619, #4378, .T. ) ;
#4194 = CARTESIAN_POINT ( 'NONE',  ( -7.499999999999996447, 24.99999999999998579, 26.50000000000000000 ) ) ;
#4195 = CARTESIAN_POINT ( 'NONE',  ( 12.29806070505565962, 5.792915330460335355, 2.781459058421742903 ) ) ;
#4196 = EDGE_LOOP ( 'NONE', ( #58, #3205 ) ) ;
#4197 = CARTESIAN_POINT ( 'NONE',  ( -8.066137596842686719, 8.538177619887319381, -2.846499409862770946 ) ) ;
#4198 = CARTESIAN_POINT ( 'NONE',  ( 11.24574949287957537, 6.697360802663868462, 0.3257523717298785870 ) ) ;
#4199 = CARTESIAN_POINT ( 'NONE',  ( 12.38108599560539602, 5.740740740740726267, -6.708268326881150045 ) ) ;
#4200 = CARTESIAN_POINT ( 'NONE',  ( 2.639022891491583866, 19.99999999999999289, -8.500000000000000000 ) ) ;
#4201 = CARTESIAN_POINT ( 'NONE',  ( 12.37500476381302938, 5.744466250775707827, -3.080105378183729314 ) ) ;
#4202 = CARTESIAN_POINT ( 'NONE',  ( 20.94674764498082098, 9.999999999999996447, -7.500000000000000888 ) ) ;
#4203 = ORIENTED_EDGE ( 'NONE', *, *, #3007, .F. ) ;
#4204 = ORIENTED_EDGE ( 'NONE', *, *, #510, .F. ) ;
#4205 = CIRCLE ( 'NONE', #216, 3.000000000000000444 ) ;
#4206 = CARTESIAN_POINT ( 'NONE',  ( 11.27421982966566993, 6.665549202290804054, 0.4825327743952208537 ) ) ;
#4207 = CARTESIAN_POINT ( 'NONE',  ( 11.42246223662237625, 6.506865845586069952, -1.017351401059356508 ) ) ;
#4208 = CARTESIAN_POINT ( 'NONE',  ( -11.53499612667284602, 9.999999991347486628, -0.5597627902157854551 ) ) ;
#4209 = AXIS2_PLACEMENT_3D ( 'NONE', #4654, #1279, #3893 ) ;
#4210 = DIRECTION ( 'NONE',  ( -1.000000000000000000, -1.734723475976807094E-16, 0.000000000000000000 ) ) ;
#4211 = AXIS2_PLACEMENT_3D ( 'NONE', #1019, #3992, #2091 ) ;
#4212 = LINE ( 'NONE', #2346, #3663 ) ;
#4213 = CARTESIAN_POINT ( 'NONE',  ( 12.07785675043383300, 5.942772129001155257, -2.312583342166445455 ) ) ;
#4214 = EDGE_CURVE ( 'NONE', #2133, #4850, #4567, .T. ) ;
#4215 = CARTESIAN_POINT ( 'NONE',  ( -4.018593309672929159, 8.238350841068193375, 5.835013522648789142 ) ) ;
#4216 = LINE ( 'NONE', #3782, #1091 ) ;
#4217 = ORIENTED_EDGE ( 'NONE', *, *, #957, .F. ) ;
#4218 = CARTESIAN_POINT ( 'NONE',  ( -15.00000000000000355, 5.000000000000000000, -6.916198487095661207 ) ) ;
#4219 = AXIS2_PLACEMENT_3D ( 'NONE', #4013, #2228, #4051 ) ;
#4220 = AXIS2_PLACEMENT_3D ( 'NONE', #2590, #4095, #4831 ) ;
#4221 = CARTESIAN_POINT ( 'NONE',  ( 20.94674764498082098, 9.999999999999996447, -5.500000000000000888 ) ) ;
#4222 = CARTESIAN_POINT ( 'NONE',  ( 4.092661173581943146, 7.102785986239725347, -5.855707413539021466 ) ) ;
#4223 = AXIS2_PLACEMENT_3D ( 'NONE', #2083, #3872, #2019 ) ;
#4224 = ORIENTED_EDGE ( 'NONE', *, *, #3874, .F. ) ;
#4225 = EDGE_CURVE ( 'NONE', #3006, #4560, #1453, .T. ) ;
#4226 = DIRECTION ( 'NONE',  ( 0.000000000000000000, -1.000000000000000000, 0.000000000000000000 ) ) ;
#4227 = AXIS2_PLACEMENT_3D ( 'NONE', #240, #2368, #2088 ) ;
#4228 = DIRECTION ( 'NONE',  ( -8.673617379884035472E-16, 0.000000000000000000, 1.000000000000000000 ) ) ;
#4229 = CARTESIAN_POINT ( 'NONE',  ( 11.84387311976434631, 9.999999999999598543, -1.586976120816718128 ) ) ;
#4230 = CARTESIAN_POINT ( 'NONE',  ( 3.500000000000003109, 19.99999999999999289, -1.160254037844380637 ) ) ;
#4231 = VERTEX_POINT ( 'NONE', #4650 ) ;
#4232 = EDGE_LOOP ( 'NONE', ( #361, #128 ) ) ;
#4233 = AXIS2_PLACEMENT_3D ( 'NONE', #1752, #629, #1014 ) ;
#4234 = DIRECTION ( 'NONE',  ( -0.000000000000000000, -0.000000000000000000, -1.000000000000000000 ) ) ;
#4235 = VECTOR ( 'NONE', #1341, 1000.000000000000000 ) ;
#4236 = CARTESIAN_POINT ( 'NONE',  ( -11.24574949287950609, 6.697360802663948398, -0.3257523717299738442 ) ) ;
#4237 = ORIENTED_EDGE ( 'NONE', *, *, #2140, .T. ) ;
#4238 = CARTESIAN_POINT ( 'NONE',  ( -4.358621320152865408, 6.736368322558342392, 6.041752403815746852 ) ) ;
#4239 = DIRECTION ( 'NONE',  ( 0.000000000000000000, 0.000000000000000000, -1.000000000000000000 ) ) ;
#4240 = EDGE_CURVE ( 'NONE', #2814, #877, #2856, .T. ) ;
#4241 = CARTESIAN_POINT ( 'NONE',  ( 12.35875024778825626, 5.754550903682190466, -2.990575728863960947 ) ) ;
#4242 = B_SPLINE_CURVE_WITH_KNOTS ( 'NONE', 3,
 ( #3100, #4187, #3825, #4165, #807, #4238 ),
 .UNSPECIFIED., .F., .F.,
 ( 4, 2, 4 ),
 ( -1.414214114801988183E-05, 0.001450880591749109877, 0.002915903324646239650 ),
 .UNSPECIFIED. ) ;
#4243 = CARTESIAN_POINT ( 'NONE',  ( 10.83262525327215542, 9.013134852557563192, -0.7668829803006790291 ) ) ;
#4244 = DIRECTION ( 'NONE',  ( 0.000000000000000000, 0.000000000000000000, 1.000000000000000000 ) ) ;
#4245 = ORIENTED_EDGE ( 'NONE', *, *, #1450, .T. ) ;
#4246 = CARTESIAN_POINT ( 'NONE',  ( -11.61952175153050604, 6.315928347888429606, 1.471872602507958927 ) ) ;
#4247 = DIRECTION ( 'NONE',  ( 0.000000000000000000, -1.000000000000000000, 0.000000000000000000 ) ) ;
#4248 = EDGE_CURVE ( 'NONE', #1085, #3675, #2448, .T. ) ;
#4249 = DIRECTION ( 'NONE',  ( 0.000000000000000000, -1.000000000000000000, 0.000000000000000000 ) ) ;
#4250 = EDGE_LOOP ( 'NONE', ( #1750, #4549 ) ) ;
#4251 = CARTESIAN_POINT ( 'NONE',  ( -11.24461056939657588, 6.698668160833493701, 0.3162175322869331673 ) ) ;
#4252 = CARTESIAN_POINT ( 'NONE',  ( 22.11832052023462936, 19.99999999999999645, -7.500000000000000888 ) ) ;
#4253 = CARTESIAN_POINT ( 'NONE',  ( 13.76316191612859363, 5.155391496283181496, -7.303285209289337665 ) ) ;
#4254 = FACE_OUTER_BOUND ( 'NONE', #2315, .T. ) ;
#4255 = EDGE_CURVE ( 'NONE', #2185, #1582, #2755, .T. ) ;
#4256 = LINE ( 'NONE', #2016, #1469 ) ;
#4257 = ORIENTED_EDGE ( 'NONE', *, *, #4585, .F. ) ;
#4258 = ADVANCED_FACE ( 'NONE', ( #3131 ), #4344, .F. ) ;
#4259 = ORIENTED_EDGE ( 'NONE', *, *, #1522, .F. ) ;
#4260 = CARTESIAN_POINT ( 'NONE',  ( -4.358621320152868961, 6.736368322558340616, -6.041752403815749517 ) ) ;
#4261 = DIRECTION ( 'NONE',  ( 0.000000000000000000, -1.000000000000000000, 0.000000000000000000 ) ) ;
#4262 = EDGE_LOOP ( 'NONE', ( #4821, #3650, #521, #4085, #569 ) ) ;
#4263 = CARTESIAN_POINT ( 'NONE',  ( -4.956352788505169184E-16, 29.99999999999999645, -1.160254037844380637 ) ) ;
#4264 = CARTESIAN_POINT ( 'NONE',  ( 12.33644977905266060, 5.768507546730140767, -2.900479163602468713 ) ) ;
#4265 = DIRECTION ( 'NONE',  ( -1.000000000000000000, 0.000000000000000000, 0.000000000000000000 ) ) ;
#4266 = CYLINDRICAL_SURFACE ( 'NONE', #1801, 3.499999999999999556 ) ;
#4267 = ORIENTED_EDGE ( 'NONE', *, *, #2589, .T. ) ;
#4268 = EDGE_CURVE ( 'NONE', #3086, #4746, #4456, .T. ) ;
#4269 = CYLINDRICAL_SURFACE ( 'NONE', #1710, 2.499999999999998668 ) ;
#4270 = DIRECTION ( 'NONE',  ( 9.912705577010324317E-17, -1.000000000000000000, -0.000000000000000000 ) ) ;
#4271 = ORIENTED_EDGE ( 'NONE', *, *, #4578, .F. ) ;
#4272 = DIRECTION ( 'NONE',  ( 1.000000000000000000, 0.000000000000000000, 0.000000000000000000 ) ) ;
#4273 = LINE ( 'NONE', #163, #3527 ) ;
#4274 = CARTESIAN_POINT ( 'NONE',  ( -24.94674764498082098, 10.00000000000000000, -5.500000000000000888 ) ) ;
#4275 = CARTESIAN_POINT ( 'NONE',  ( 5.578834462913112802, 9.900117624156711926, 7.203128808519976722 ) ) ;
#4276 = CARTESIAN_POINT ( 'NONE',  ( 11.23047772088677476, 6.715079602825406724, 0.1665195156863093495 ) ) ;
#4277 = VERTEX_POINT ( 'NONE', #1692 ) ;
#4278 = CARTESIAN_POINT ( 'NONE',  ( -7.499999999999996447, 22.99999999999998579, 26.50000000000000000 ) ) ;
#4279 = ORIENTED_EDGE ( 'NONE', *, *, #2652, .T. ) ;
#4280 = EDGE_CURVE ( 'NONE', #2950, #2995, #4322, .T. ) ;
#4281 = CARTESIAN_POINT ( 'NONE',  ( -11.27242550853051917, 6.667555190172066659, 0.4725508831694402168 ) ) ;
#4282 = CARTESIAN_POINT ( 'NONE',  ( 33.00000000000000000, 17.99999999999999645, -76.21067811865475505 ) ) ;
#4283 = AXIS2_PLACEMENT_3D ( 'NONE', #3267, #2953, #4828 ) ;
#4284 = ORIENTED_EDGE ( 'NONE', *, *, #1605, .F. ) ;
#4285 = ADVANCED_FACE ( 'NONE', ( #1984 ), #3489, .F. ) ;
#4286 = CARTESIAN_POINT ( 'NONE',  ( -4.499999999999996447, 22.99999999999998579, 26.50000000000000000 ) ) ;
#4287 = CARTESIAN_POINT ( 'NONE',  ( 11.98276955835066104, 6.012980058840745379, -2.140781028786121087 ) ) ;
#4288 = CARTESIAN_POINT ( 'NONE',  ( 24.94674764498082098, 19.99999999999999645, -8.500000000000000000 ) ) ;
#4289 = CARTESIAN_POINT ( 'NONE',  ( 19.98435971133565658, 0.000000000000000000, -9.757819552369539906E-16 ) ) ;
#4290 = EDGE_LOOP ( 'NONE', ( #4780, #676, #1569, #4702 ) ) ;
#4291 = CYLINDRICAL_SURFACE ( 'NONE', #997, 2.000000000000000000 ) ;
#4292 = CARTESIAN_POINT ( 'NONE',  ( -9.499999999999996447, 19.99999999999999645, 7.500000000000000888 ) ) ;
#4293 = CARTESIAN_POINT ( 'NONE',  ( -13.58578643762692373, 9.999999999999991118, 3.201562118716432703 ) ) ;
#4294 = VERTEX_POINT ( 'NONE', #325 ) ;
#4295 = CARTESIAN_POINT ( 'NONE',  ( 3.234539521686223384, 8.229892726810193793, 5.555888605731624352 ) ) ;
#4296 = VECTOR ( 'NONE', #4750, 1000.000000000000000 ) ;
#4297 = AXIS2_PLACEMENT_3D ( 'NONE', #3542, #1723, #2858 ) ;
#4298 = AXIS2_PLACEMENT_3D ( 'NONE', #1613, #1568, #1516 ) ;
#4299 = DIRECTION ( 'NONE',  ( 0.000000000000000000, -1.000000000000000000, 0.000000000000000000 ) ) ;
#4300 = VECTOR ( 'NONE', #798, 1000.000000000000000 ) ;
#4301 = CARTESIAN_POINT ( 'NONE',  ( 11.96855753892297969, 9.999999999999992895, 1.829761102754397184 ) ) ;
#4302 = B_SPLINE_CURVE_WITH_KNOTS ( 'NONE', 3,
 ( #4684, #516, #1314, #2746, #2827, #147, #4241, #3935, #4264, #124, #3905, #2396, #3880, #535, #4314, #2002, #177, #1611, #4663, #2718, #931, #2770, #1288, #1639, #566, #3507, #884, #4213, #4614, #3149, #4641, #2797, #859, #4287, #1270, #909, #1247, #2029, #2347, #3856, #497, #2049, #3483, #3740, #1604, #3043, #1951, #1505, #11, #4603, #4580, #3018, #3823, #3770, #35, #3454, #2316, #4502, #1136, #466, #2686, #492, #1584, #4531, #825, #419, #1556, #90, #4207, #2629, #1974, #3097, #390, #4131, #1191, #1875, #772 ),
 .UNSPECIFIED., .F., .F.,
 ( 4, 1, 2, 2, 1, 2, 2, 1, 2, 2, 1, 1, 2, 2, 1, 1, 2, 2, 1, 1, 1, 2, 2, 2, 1, 1, 2, 2, 2, 1, 1, 1, 2, 2, 2, 1, 1, 2, 2, 2, 1, 2, 2, 2, 1, 2, 2, 4 ),
 ( 0.000000000000000000, 0.03124999999999678729, 0.04687499999999496236, 0.06249999999999313050, 0.09374999999998992473, 0.1093749999999882594, 0.1249999999999865941, 0.1562499999999831246, 0.1718749999999814038, 0.1874999999999797107, 0.2187499999999754363, 0.2343749999999730771, 0.2421874999999718836, 0.2499999999999706901, 0.2812499999999663047, 0.2968749999999643063, 0.3046874999999638067, 0.3124999999999632516, 0.3437499999999608646, 0.3593749999999598654, 0.3671874999999596434, 0.3710937499999595324, 0.3749999999999594213, 0.4062499999999609757, 0.4218749999999615863, 0.4296874999999621969, 0.4335937499999628075, 0.4374999999999634182, 0.4687499999999694689, 0.4843749999999727440, 0.4921874999999744649, 0.4960937499999748534, 0.4980468749999745204, 0.4999999999999741318, 0.5624999999999821254, 0.5937499999999862332, 0.6093749999999881206, 0.6171874999999890088, 0.6249999999999900080, 0.6874999999999921174, 0.7187499999999931166, 0.7343749999999936717, 0.7499999999999941158, 0.8124999999999961142, 0.8437499999999966693, 0.8593749999999970024, 0.8749999999999974465, 1.000000000000000000 ),
 .UNSPECIFIED. ) ;
#4303 = DIRECTION ( 'NONE',  ( 1.000000000000000000, 1.239088197126290570E-16, -0.000000000000000000 ) ) ;
#4304 = ORIENTED_EDGE ( 'NONE', *, *, #4658, .F. ) ;
#4305 = ORIENTED_EDGE ( 'NONE', *, *, #2332, .T. ) ;
#4306 = CIRCLE ( 'NONE', #2824, 2.000000000000000000 ) ;
#4307 = CARTESIAN_POINT ( 'NONE',  ( -4.092645828845512312, 7.102807126935220872, -5.855696679557343742 ) ) ;
#4308 = EDGE_CURVE ( 'NONE', #4231, #2292, #2340, .T. ) ;
#4309 = DIRECTION ( 'NONE',  ( -0.000000000000000000, -0.000000000000000000, -1.000000000000000000 ) ) ;
#4310 = AXIS2_PLACEMENT_3D ( 'NONE', #2790, #3927, #3550 ) ;
#4311 = EDGE_LOOP ( 'NONE', ( #1963, #3521, #1233, #138 ) ) ;
#4312 = AXIS2_PLACEMENT_3D ( 'NONE', #430, #1174, #46 ) ;
#4313 = CARTESIAN_POINT ( 'NONE',  ( 7.772827602596945162, 20.98170671993354475, 3.169537129843905898 ) ) ;
#4314 = CARTESIAN_POINT ( 'NONE',  ( 12.26250139994500721, 5.815964096479772749, -2.690017340477662611 ) ) ;
#4315 = EDGE_CURVE ( 'NONE', #435, #427, #2587, .T. ) ;
#4316 = AXIS2_PLACEMENT_3D ( 'NONE', #1546, #1050, #404 ) ;
#4317 = CARTESIAN_POINT ( 'NONE',  ( -15.00000000000000000, 4.999999999999990230, 0.000000000000000000 ) ) ;
#4318 = ORIENTED_EDGE ( 'NONE', *, *, #743, .F. ) ;
#4319 = CARTESIAN_POINT ( 'NONE',  ( -11.88645563990078990, 6.087730705333689762, 1.970583611371153454 ) ) ;
#4320 = CARTESIAN_POINT ( 'NONE',  ( -24.94674764498082098, 9.999999999999996447, 8.500000000000000000 ) ) ;
#4321 = CARTESIAN_POINT ( 'NONE',  ( 24.94674764498081743, 10.00000000000000000, -5.500000000000000888 ) ) ;
#4322 = LINE ( 'NONE', #227, #4535 ) ;
#4323 = VERTEX_POINT ( 'NONE', #4415 ) ;
#4324 = CARTESIAN_POINT ( 'NONE',  ( -5.039022891491584666, 9.608161990937752250, 6.700000000000001066 ) ) ;
#4325 = VECTOR ( 'NONE', #3464, 1000.000000000000000 ) ;
#4326 = FACE_OUTER_BOUND ( 'NONE', #2236, .T. ) ;
#4327 = CARTESIAN_POINT ( 'NONE',  ( 11.50000000000000000, 4.999999999999997335, 0.000000000000000000 ) ) ;
#4328 = FACE_OUTER_BOUND ( 'NONE', #333, .T. ) ;
#4329 = CARTESIAN_POINT ( 'NONE',  ( 11.43248061857941700, 8.523621327763917677, 5.911311663737460975 ) ) ;
#4330 = ORIENTED_EDGE ( 'NONE', *, *, #3232, .T. ) ;
#4331 = ORIENTED_EDGE ( 'NONE', *, *, #2880, .T. ) ;
#4332 = CARTESIAN_POINT ( 'NONE',  ( -33.00000000000000000, 9.999999999999989342, -5.500000000000005329 ) ) ;
#4333 = CARTESIAN_POINT ( 'NONE',  ( 0.000000000000000000, 11.99999999999998757, 24.50000000000000000 ) ) ;
#4334 = CARTESIAN_POINT ( 'NONE',  ( -15.00000000000000000, 5.000000000000000000, -1.999999999999999556 ) ) ;
#4335 = ORIENTED_EDGE ( 'NONE', *, *, #1006, .T. ) ;
#4336 = CIRCLE ( 'NONE', #106, 2.000000000000001776 ) ;
#4337 = EDGE_CURVE ( 'NONE', #2675, #2950, #2149, .T. ) ;
#4338 = FACE_OUTER_BOUND ( 'NONE', #2639, .T. ) ;
#4339 = CARTESIAN_POINT ( 'NONE',  ( -11.28578643762696210, 7.869380761504585209, 5.788136178167730073 ) ) ;
#4340 = EDGE_CURVE ( 'NONE', #4688, #2954, #696, .T. ) ;
#4341 = ORIENTED_EDGE ( 'NONE', *, *, #2511, .T. ) ;
#4342 = CARTESIAN_POINT ( 'NONE',  ( 1.583484011881657549, 21.36191752444939596, 3.908311055938893386 ) ) ;
#4343 = CARTESIAN_POINT ( 'NONE',  ( 11.61951480840394701, 6.315366120627478708, 0.9364080685514361013 ) ) ;
#4344 = CYLINDRICAL_SURFACE ( 'NONE', #3442, 2.299999999999999822 ) ;
#4345 = ORIENTED_EDGE ( 'NONE', *, *, #1120, .T. ) ;
#4346 = CARTESIAN_POINT ( 'NONE',  ( 11.27421982966566993, 6.665549202290804054, 0.4825327743952208537 ) ) ;
#4347 = CARTESIAN_POINT ( 'NONE',  ( -11.97363874249812454, 6.019906827400540728, -2.124580022917518463 ) ) ;
#4348 = LINE ( 'NONE', #2785, #302 ) ;
#4349 = CARTESIAN_POINT ( 'NONE',  ( 13.58578643762690952, 9.999999999999991118, 7.500000000000000888 ) ) ;
#4350 = EDGE_LOOP ( 'NONE', ( #3175, #894, #2266, #4014 ) ) ;
#4351 = ORIENTED_EDGE ( 'NONE', *, *, #4362, .T. ) ;
#4352 = DIRECTION ( 'NONE',  ( 1.000000000000000000, 0.000000000000000000, 0.000000000000000000 ) ) ;
#4353 = CARTESIAN_POINT ( 'NONE',  ( -11.99999999999999645, 0.000000000000000000, 7.499999999999999112 ) ) ;
#4354 = CARTESIAN_POINT ( 'NONE',  ( 11.49738657403971764, 6.736368322558345945, 6.041752403815745076 ) ) ;
#4355 = VERTEX_POINT ( 'NONE', #3314 ) ;
#4356 = EDGE_CURVE ( 'NONE', #3901, #4084, #1317, .T. ) ;
#4357 = CIRCLE ( 'NONE', #922, 2.000000000000001776 ) ;
#4358 = CYLINDRICAL_SURFACE ( 'NONE', #2190, 2.000000000000000000 ) ;
#4359 = EDGE_CURVE ( 'NONE', #4432, #2204, #4807, .T. ) ;
#4360 = CARTESIAN_POINT ( 'NONE',  ( -11.99999999999999645, 5.000000000000000000, 7.499999999999999112 ) ) ;
#4361 = ORIENTED_EDGE ( 'NONE', *, *, #3372, .T. ) ;
#4362 = EDGE_CURVE ( 'NONE', #3814, #168, #4845, .T. ) ;
#4363 = CARTESIAN_POINT ( 'NONE',  ( 7.500000000000003553, 20.82842712474618097, 8.328427124746195176 ) ) ;
#4364 = CARTESIAN_POINT ( 'NONE',  ( 11.52423621752016381, 6.405096894980503386, -0.4740402388258044830 ) ) ;
#4365 = DIRECTION ( 'NONE',  ( 0.000000000000000000, 0.000000000000000000, -1.000000000000000000 ) ) ;
#4366 = ORIENTED_EDGE ( 'NONE', *, *, #4400, .F. ) ;
#4367 = DIRECTION ( 'NONE',  ( -0.000000000000000000, 0.000000000000000000, -1.000000000000000000 ) ) ;
#4368 = CARTESIAN_POINT ( 'NONE',  ( 11.22990865567946628, 6.715732744706270019, -0.1568217985350098820 ) ) ;
#4369 = AXIS2_PLACEMENT_3D ( 'NONE', #4194, #3511, #4648 ) ;
#4370 = CARTESIAN_POINT ( 'NONE',  ( -11.60209917913187638, 6.331990610033273015, -1.436032951964800519 ) ) ;
#4371 = B_SPLINE_CURVE_WITH_KNOTS ( 'NONE', 3,
 ( #813, #833, #4587, #475, #1217, #2323, #1958, #4215, #4142, #862, #3388, #3720, #2279, #1886, #375, #3362, #1515, #1493 ),
 .UNSPECIFIED., .F., .F.,
 ( 4, 2, 2, 2, 2, 2, 2, 2, 4 ),
 ( 0.000000000000000000, 0.0008904058862146890189, 0.001335608829322032986, 0.001780811772429376954, 0.002226014715536721138, 0.002448616187090390736, 0.002671217658644059901, 0.003116420601751399965, 0.003561623544858739596 ),
 .UNSPECIFIED. ) ;
#4372 = CARTESIAN_POINT ( 'NONE',  ( -12.25090471022386751, 9.999999999999992895, 2.179422521211132224 ) ) ;
#4373 = CARTESIAN_POINT ( 'NONE',  ( 11.29524873365664206, 6.642143075041307299, 0.5894230898384998918 ) ) ;
#4374 = AXIS2_PLACEMENT_3D ( 'NONE', #1116, #750, #2691 ) ;
#4375 = ORIENTED_EDGE ( 'NONE', *, *, #2969, .T. ) ;
#4376 = DIRECTION ( 'NONE',  ( -1.000000000000000000, 0.000000000000000000, 0.000000000000000000 ) ) ;
#4377 = EDGE_CURVE ( 'NONE', #1873, #1729, #2547, .T. ) ;
#4378 = CIRCLE ( 'NONE', #1793, 2.999999999999999112 ) ;
#4379 = AXIS2_PLACEMENT_3D ( 'NONE', #457, #1940, #4150 ) ;
#4380 = CARTESIAN_POINT ( 'NONE',  ( 13.58578643762691129, 7.699999999999995737, -5.500000000000000888 ) ) ;
#4381 = DIRECTION ( 'NONE',  ( 1.000000000000000000, 0.000000000000000000, 0.000000000000000000 ) ) ;
#4382 = CARTESIAN_POINT ( 'NONE',  ( -1.499999999999994893, 24.99999999999998579, 8.586540306964575819 ) ) ;
#4383 = ORIENTED_EDGE ( 'NONE', *, *, #238, .F. ) ;
#4384 = B_SPLINE_CURVE_WITH_KNOTS ( 'NONE', 3,
 ( #691, #2183, #4373, #3681, #717, #1010, #2206, #284, #2522, #331, #3726, #738, #353, #1838, #1422, #1819, #648, #3342, #3274, #305, #4834, #4097, #377, #1468, #2984, #1799, #1104, #2593, #2883, #1861, #4745, #3299, #2132, #1375, #1770, #2914, #1033, #4402, #49, #77, #1572, #4120, #3085, #3813, #2, #1594, #2700, #792, #1937, #25, #2674, #3441, #480, #2255, #3108, #4569, #1495, #758, #2307, #3009, #407, #4548, #455, #1225, #3466, #869, #1201, #4195, #4593, #2284, #2727, #3032, #2357, #1913, #1519, #1962, #4173, #3759 ),
 .UNSPECIFIED., .F., .F.,
 ( 4, 2, 1, 2, 2, 2, 1, 2, 2, 2, 1, 1, 2, 2, 2, 1, 1, 1, 1, 2, 2, 2, 1, 1, 2, 2, 2, 1, 1, 2, 2, 1, 1, 2, 2, 1, 2, 2, 1, 2, 2, 1, 2, 2, 1, 2, 2, 4 ),
 ( 0.000000000000000000, 0.06250000000001558476, 0.09375000000002337019, 0.1093750000000274503, 0.1250000000000315303, 0.1875000000000481004, 0.2187500000000563716, 0.2343750000000607570, 0.2500000000000651146, 0.3125000000000838218, 0.3437500000000929257, 0.3593750000000974221, 0.3671875000001001976, 0.3750000000001030287, 0.4375000000001260658, 0.4687500000001376677, 0.4843750000001436073, 0.4921875000001466605, 0.4960937500001478817, 0.4980468750001479927, 0.5000000000001481038, 0.5312500000001428857, 0.5468750000001405542, 0.5546875000001394440, 0.5585937500001389999, 0.5625000000001383338, 0.5937500000001323386, 0.6093750000001291189, 0.6171875000001270095, 0.6210937500001257883, 0.6250000000001245670, 0.6562500000001136868, 0.6718750000001079137, 0.6796875000001051381, 0.6875000000001022515, 0.7187500000000908162, 0.7343750000000850431, 0.7500000000000792699, 0.7812500000000681677, 0.7968750000000630607, 0.8125000000000579536, 0.8437500000000482947, 0.8593750000000432987, 0.8750000000000383027, 0.9062500000000287548, 0.9218750000000243139, 0.9375000000000197620, 1.000000000000000000 ),
 .UNSPECIFIED. ) ;
#4385 = ORIENTED_EDGE ( 'NONE', *, *, #4087, .F. ) ;
#4386 = CIRCLE ( 'NONE', #2738, 2.499999999999998668 ) ;
#4387 = AXIS2_PLACEMENT_3D ( 'NONE', #4263, #2371, #495 ) ;
#4388 = FACE_BOUND ( 'NONE', #695, .T. ) ;
#4389 = AXIS2_PLACEMENT_3D ( 'NONE', #2631, #4133, #91 ) ;
#4390 = ORIENTED_EDGE ( 'NONE', *, *, #771, .T. ) ;
#4391 = CARTESIAN_POINT ( 'NONE',  ( -11.75280825079306624, 6.197666506281976240, 1.730560515652898035 ) ) ;
#4392 = AXIS2_PLACEMENT_3D ( 'NONE', #1805, #3305, #2576 ) ;
#4393 = CARTESIAN_POINT ( 'NONE',  ( 13.49970066755102671, 9.999999999999998224, -7.499999999999997335 ) ) ;
#4394 = CARTESIAN_POINT ( 'NONE',  ( 4.500000000000003553, 17.63504870010926240, 21.50000000000000000 ) ) ;
#4395 = DIRECTION ( 'NONE',  ( 0.000000000000000000, 1.000000000000000000, -0.000000000000000000 ) ) ;
#4396 = VERTEX_POINT ( 'NONE', #1763 ) ;
#4397 = CARTESIAN_POINT ( 'NONE',  ( -11.49738657403972475, 6.736368322558342392, 6.041752403815746852 ) ) ;
#4398 = CARTESIAN_POINT ( 'NONE',  ( -11.69065751718562929, 6.250119800858406016, -1.161578555278244718 ) ) ;
#4399 = CARTESIAN_POINT ( 'NONE',  ( -11.87709748825039213, 6.095195814211382235, -1.954048036218547058 ) ) ;
#4400 = EDGE_CURVE ( 'NONE', #4432, #4784, #4205, .T. ) ;
#4401 = CARTESIAN_POINT ( 'NONE',  ( -12.22509260735749237, 5.840069738888169049, 2.598999605154145520 ) ) ;
#4402 = CARTESIAN_POINT ( 'NONE',  ( 11.86182301529686711, 6.107449915544497898, 1.926974936806110872 ) ) ;
#4403 = ORIENTED_EDGE ( 'NONE', *, *, #2488, .F. ) ;
#4404 = LINE ( 'NONE', #740, #4775 ) ;
#4405 = CARTESIAN_POINT ( 'NONE',  ( 33.00000000000000000, 11.99999999999999822, -5.500000000000005329 ) ) ;
#4406 = PLANE ( 'NONE',  #2348 ) ;
#4407 = DIRECTION ( 'NONE',  ( 1.000000000000000000, -0.000000000000000000, -0.000000000000000000 ) ) ;
#4408 = ORIENTED_EDGE ( 'NONE', *, *, #2715, .T. ) ;
#4409 = ORIENTED_EDGE ( 'NONE', *, *, #1644, .T. ) ;
#4410 = ADVANCED_FACE ( 'NONE', ( #4463 ), #3611, .T. ) ;
#4411 = CARTESIAN_POINT ( 'NONE',  ( -11.28578643762443789, 7.700000000000222222, -5.793857062404298652 ) ) ;
#4412 = VERTEX_POINT ( 'NONE', #4789 ) ;
#4413 = CARTESIAN_POINT ( 'NONE',  ( 9.500000000000001776, 19.99999999999999645, 7.500000000000000888 ) ) ;
#4414 = CARTESIAN_POINT ( 'NONE',  ( 22.54674764498082240, 19.99999999999999645, 6.699999999999999289 ) ) ;
#4415 = CARTESIAN_POINT ( 'NONE',  ( 1.500000000000004885, 9.999999999999987566, 7.500000000000000000 ) ) ;
#4416 = ORIENTED_EDGE ( 'NONE', *, *, #1731, .T. ) ;
#4417 = CARTESIAN_POINT ( 'NONE',  ( 11.28578643762691236, 8.001069295969022832, -3.201562118716424266 ) ) ;
#4418 = EDGE_LOOP ( 'NONE', ( #3443, #1709, #1202, #2087 ) ) ;
#4419 = CARTESIAN_POINT ( 'NONE',  ( -9.645866980981832484, 8.486975592361927667, 0.8243575047820957957 ) ) ;
#4420 = CARTESIAN_POINT ( 'NONE',  ( 13.58578643762691129, 7.699999999999995737, -5.500000000000000888 ) ) ;
#4421 = VERTEX_POINT ( 'NONE', #1028 ) ;
#4422 = DIRECTION ( 'NONE',  ( 0.000000000000000000, 1.000000000000000000, 0.000000000000000000 ) ) ;
#4423 = EDGE_CURVE ( 'NONE', #2842, #4412, #3731, .T. ) ;
#4424 = CARTESIAN_POINT ( 'NONE',  ( -8.593093334203011580, 20.20182537817714064, 0.9057888747828549691 ) ) ;
#4425 = CARTESIAN_POINT ( 'NONE',  ( 35.00000000000000000, 17.99999999999999645, 5.500000000000000888 ) ) ;
#4426 = CARTESIAN_POINT ( 'NONE',  ( 15.00000000000000000, 4.999999999999997335, 0.000000000000000000 ) ) ;
#4427 = EDGE_CURVE ( 'NONE', #946, #2023, #4006, .T. ) ;
#4428 = ORIENTED_EDGE ( 'NONE', *, *, #2196, .F. ) ;
#4429 = ORIENTED_EDGE ( 'NONE', *, *, #1652, .F. ) ;
#4430 = CARTESIAN_POINT ( 'NONE',  ( -13.27291358280879052, 5.301068949842704825, 7.132819840198084904 ) ) ;
#4431 = ADVANCED_FACE ( 'NONE', ( #4434 ), #254, .F. ) ;
#4432 = VERTEX_POINT ( 'NONE', #1069 ) ;
#4433 = CARTESIAN_POINT ( 'NONE',  ( 12.46608913804677066, 9.713609296355240730, -6.844594809251000278 ) ) ;
#4434 = FACE_OUTER_BOUND ( 'NONE', #4136, .T. ) ;
#4435 = ORIENTED_EDGE ( 'NONE', *, *, #3619, .F. ) ;
#4436 = CARTESIAN_POINT ( 'NONE',  ( -4.019707595723579274, 8.240889133734553340, -5.835604286502177551 ) ) ;
#4437 = ORIENTED_EDGE ( 'NONE', *, *, #2852, .T. ) ;
#4438 = PLANE ( 'NONE',  #1232 ) ;
#4439 = LINE ( 'NONE', #4770, #3746 ) ;
#4440 = ORIENTED_EDGE ( 'NONE', *, *, #802, .F. ) ;
#4441 = ORIENTED_EDGE ( 'NONE', *, *, #1425, .F. ) ;
#4442 = AXIS2_PLACEMENT_3D ( 'NONE', #3861, #2378, #2008 ) ;
#4443 =( BOUNDED_SURFACE ( )  B_SPLINE_SURFACE ( 3, 2, ( 
 ( #852, #3074, #1529 ),
 ( #4208, #36, #4236 ),
 ( #1899, #773, #3044 ),
 ( #2369, #1585, #2270 ),
 ( #3426, #1633, #4184 ),
 ( #512, #826, #3772 ) ),
 .UNSPECIFIED., .F., .F., .T. ) 
 B_SPLINE_SURFACE_WITH_KNOTS ( ( 4, 2, 4 ),
 ( 3, 3 ),
 ( 0.003436582198954808015, 0.003917901842122491207, 0.004399221485290175267 ),
 ( 0.000000000000000000, 1.000000000000000000 ),
 .UNSPECIFIED. ) 
 GEOMETRIC_REPRESENTATION_ITEM ( )  RATIONAL_B_SPLINE_SURFACE ( (
 ( 1.000000000000000000, 0.6814506299971723191, 1.000000000000000000),
 ( 1.000000000000000000, 0.6919093612231430601, 1.000000000000000000),
 ( 1.000000000000000000, 0.6975547376143579337, 1.000000000000000000),
 ( 1.000000000000000000, 0.6977420722449513280, 1.000000000000000000),
 ( 1.000000000000000000, 0.6923357866230097635, 1.000000000000000000),
 ( 1.000000000000000000, 0.6821067644866132262, 1.000000000000000000) ) ) 
 REPRESENTATION_ITEM ( '' )  SURFACE ( )  );
#4444 = CARTESIAN_POINT ( 'NONE',  ( -7.847142008959290926, 20.86625218306851437, 2.919884431338127140 ) ) ;
#4445 = DIRECTION ( 'NONE',  ( 1.239088197126290570E-16, -1.000000000000000000, 0.000000000000000000 ) ) ;
#4446 = CARTESIAN_POINT ( 'NONE',  ( 1.500000000000005329, 21.99999999999999645, 26.50000000000000000 ) ) ;
#4447 = ORIENTED_EDGE ( 'NONE', *, *, #345, .T. ) ;
#4448 = AXIS2_PLACEMENT_3D ( 'NONE', #1931, #3052, #3883 ) ;
#4449 = ORIENTED_EDGE ( 'NONE', *, *, #1303, .F. ) ;
#4450 = AXIS2_PLACEMENT_3D ( 'NONE', #3293, #4069, #4806 ) ;
#4451 = CIRCLE ( 'NONE', #2097, 9.999999999999998224 ) ;
#4452 = EDGE_CURVE ( 'NONE', #2314, #3840, #604, .T. ) ;
#4453 = VECTOR ( 'NONE', #3029, 1000.000000000000000 ) ;
#4454 = CARTESIAN_POINT ( 'NONE',  ( -11.28578643762696210, 7.869380761504594091, -5.788136178167732737 ) ) ;
#4455 = ADVANCED_FACE ( 'NONE', ( #1369 ), #640, .F. ) ;
#4456 = CIRCLE ( 'NONE', #3838, 1.999999999999999556 ) ;
#4457 = ORIENTED_EDGE ( 'NONE', *, *, #1102, .T. ) ;
#4458 = VECTOR ( 'NONE', #2685, 1000.000000000000000 ) ;
#4459 = EDGE_CURVE ( 'NONE', #4115, #3573, #2932, .T. ) ;
#4460 = ADVANCED_FACE ( 'NONE', ( #3294 ), #832, .T. ) ;
#4461 = CARTESIAN_POINT ( 'NONE',  ( 13.76316191612859363, 5.155391496283181496, -7.303285209289337665 ) ) ;
#4462 = DIRECTION ( 'NONE',  ( -1.000000000000000000, 0.000000000000000000, 0.000000000000000000 ) ) ;
#4463 = FACE_OUTER_BOUND ( 'NONE', #1800, .T. ) ;
#4464 = AXIS2_PLACEMENT_3D ( 'NONE', #4405, #1037, #2527 ) ;
#4465 = ORIENTED_EDGE ( 'NONE', *, *, #678, .F. ) ;
#4466 = CARTESIAN_POINT ( 'NONE',  ( -22.11832052023462936, 9.999999999999996447, 7.500000000000000888 ) ) ;
#4467 = CARTESIAN_POINT ( 'NONE',  ( 12.98376630360056794, 9.940137156337124580, -3.201562118716425154 ) ) ;
#4468 = AXIS2_PLACEMENT_3D ( 'NONE', #4604, #4163, #2740 ) ;
#4469 = LINE ( 'NONE', #3615, #761 ) ;
#4470 = CARTESIAN_POINT ( 'NONE',  ( 11.71620571118000420, 6.341938809864497983, -6.260236702560676214 ) ) ;
#4471 = EDGE_LOOP ( 'NONE', ( #4773, #416, #3010, #3736, #1679 ) ) ;
#4472 = ORIENTED_EDGE ( 'NONE', *, *, #1576, .F. ) ;
#4473 = CARTESIAN_POINT ( 'NONE',  ( 7.500000000000005329, 11.99999999999999112, 26.50000000000000000 ) ) ;
#4474 = CARTESIAN_POINT ( 'NONE',  ( 1.500000000000005329, 24.99999999999998579, 8.586540306964575819 ) ) ;
#4475 = LINE ( 'NONE', #1016, #2991 ) ;
#4476 = AXIS2_PLACEMENT_3D ( 'NONE', #3155, #4646, #3885 ) ;
#4477 = CARTESIAN_POINT ( 'NONE',  ( -11.59263638950519137, 9.999999999999991118, 0.7999207622482265023 ) ) ;
#4478 = VERTEX_POINT ( 'NONE', #1883 ) ;
#4479 = B_SPLINE_CURVE_WITH_KNOTS ( 'NONE', 3,
 ( #3934, #197, #3171, #4662, #953, #1780, #2582, #1455, #2512, #4109 ),
 .UNSPECIFIED., .F., .F.,
 ( 4, 2, 2, 2, 4 ),
 ( 0.000000000000000000, 0.0004767958490809236444, 0.0009535916981618472888, 0.001430387547242771042, 0.001907183396323694578 ),
 .UNSPECIFIED. ) ;
#4480 = ORIENTED_EDGE ( 'NONE', *, *, #2354, .F. ) ;
#4481 = DIRECTION ( 'NONE',  ( -1.000000000000000000, 0.000000000000000000, 0.000000000000000000 ) ) ;
#4482 = ORIENTED_EDGE ( 'NONE', *, *, #1698, .T. ) ;
#4483 = B_SPLINE_CURVE_WITH_KNOTS ( 'NONE', 3,
 ( #1343, #2850, #201, #568 ),
 .UNSPECIFIED., .F., .F.,
 ( 4, 4 ),
 ( 0.000000000000000000, 0.001780893923985296667 ),
 .UNSPECIFIED. ) ;
#4484 = CARTESIAN_POINT ( 'NONE',  ( -11.56800837382162506, 6.363790693321710101, -1.364398697742823519 ) ) ;
#4485 = CARTESIAN_POINT ( 'NONE',  ( 2.639022891491583422, 8.999999999999998224, 5.500000000000000888 ) ) ;
#4486 = DIRECTION ( 'NONE',  ( -1.000000000000000000, 0.000000000000000000, 0.000000000000000000 ) ) ;
#4487 = ORIENTED_EDGE ( 'NONE', *, *, #1006, .F. ) ;
#4488 = EDGE_CURVE ( 'NONE', #724, #1678, #3345, .T. ) ;
#4489 = CARTESIAN_POINT ( 'NONE',  ( -6.639022891491583422, 19.99999999999999289, -5.500000000000000888 ) ) ;
#4490 = CARTESIAN_POINT ( 'NONE',  ( -13.49970066755103559, 9.999999999999994671, 7.499999999999984901 ) ) ;
#4491 = CYLINDRICAL_SURFACE ( 'NONE', #688, 2.499999999999998668 ) ;
#4492 = CARTESIAN_POINT ( 'NONE',  ( 3.236800683556571467, 8.228295534846546744, -5.544733608919274026 ) ) ;
#4493 = VERTEX_POINT ( 'NONE', #474 ) ;
#4494 = CARTESIAN_POINT ( 'NONE',  ( -12.74895811795316547, 9.999999999999991118, -2.684204109179660236 ) ) ;
#4495 = ADVANCED_FACE ( 'NONE', ( #3024 ), #4511, .F. ) ;
#4496 = DIRECTION ( 'NONE',  ( -1.734723475976807341E-16, 1.000000000000000000, -0.000000000000000000 ) ) ;
#4497 = CARTESIAN_POINT ( 'NONE',  ( 11.91217246056018197, 6.064139680668026777, 2.020356328606276008 ) ) ;
#4498 = CARTESIAN_POINT ( 'NONE',  ( 6.550411902543353371, 9.337434771718648108, -3.123013875137914841 ) ) ;
#4499 = CYLINDRICAL_SURFACE ( 'NONE', #4699, 2.299999999999999822 ) ;
#4500 = VERTEX_POINT ( 'NONE', #449 ) ;
#4501 = VERTEX_POINT ( 'NONE', #3385 ) ;
#4502 = CARTESIAN_POINT ( 'NONE',  ( 11.62562482831565269, 6.310337505002967085, -1.484283883696263739 ) ) ;
#4503 = FACE_OUTER_BOUND ( 'NONE', #2563, .T. ) ;
#4504 = EDGE_CURVE ( 'NONE', #1530, #1993, #41, .T. ) ;
#4505 = ORIENTED_EDGE ( 'NONE', *, *, #3161, .F. ) ;
#4506 = CARTESIAN_POINT ( 'NONE',  ( -7.499999999999996447, 21.99999999999999645, 26.50000000000000000 ) ) ;
#4507 = CARTESIAN_POINT ( 'NONE',  ( -12.15915928193258821, 5.885426514033142986, -2.467542187135697063 ) ) ;
#4508 = EDGE_CURVE ( 'NONE', #3033, #4844, #426, .T. ) ;
#4509 = DIRECTION ( 'NONE',  ( -1.156482317317871478E-16, 1.000000000000000000, 0.000000000000000000 ) ) ;
#4510 = DIRECTION ( 'NONE',  ( -0.000000000000000000, -0.000000000000000000, 1.000000000000000000 ) ) ;
#4511 = CYLINDRICAL_SURFACE ( 'NONE', #135, 2.499999999999998668 ) ;
#4512 = ORIENTED_EDGE ( 'NONE', *, *, #1876, .F. ) ;
#4513 = DIRECTION ( 'NONE',  ( -9.912705577010324317E-17, 1.000000000000000000, 0.000000000000000000 ) ) ;
#4514 = CARTESIAN_POINT ( 'NONE',  ( -13.25701100979517655, 9.977769250773073750, 7.421438751705884407 ) ) ;
#4515 = CARTESIAN_POINT ( 'NONE',  ( -11.28578643762686973, 7.528545318252626295, -5.799647993902236287 ) ) ;
#4516 = ORIENTED_EDGE ( 'NONE', *, *, #105, .F. ) ;
#4517 = EDGE_CURVE ( 'NONE', #700, #2410, #3430, .T. ) ;
#4518 = AXIS2_PLACEMENT_3D ( 'NONE', #4394, #3266, #4738 ) ;
#4519 = DIRECTION ( 'NONE',  ( 0.000000000000000000, 0.000000000000000000, 1.000000000000000000 ) ) ;
#4520 = CARTESIAN_POINT ( 'NONE',  ( -4.791446732691775626E-32, 6.736368322558340616, -6.041752403815749517 ) ) ;
#4521 = ORIENTED_EDGE ( 'NONE', *, *, #727, .F. ) ;
#4522 = B_SPLINE_CURVE_WITH_KNOTS ( 'NONE', 3,
 ( #4043, #2536, #4342, #683, #2173, #2489, #978, #3672, #252, #323, #999, #3628, #1434, #3222 ),
 .UNSPECIFIED., .F., .F.,
 ( 4, 2, 2, 2, 2, 2, 4 ),
 ( 0.000000000000000000, 0.001692909038377032275, 0.002539363557565546027, 0.003385818076754059779, 0.005078727115131087717, 0.005925181634319601903, 0.006771636153508115222 ),
 .UNSPECIFIED. ) ;
#4523 = CARTESIAN_POINT ( 'NONE',  ( -20.94674764498082098, 9.999999999999991118, 5.500000000000000888 ) ) ;
#4524 = CARTESIAN_POINT ( 'NONE',  ( 12.38108597203216377, 5.740740755235332671, 3.140976099343216088 ) ) ;
#4525 = CARTESIAN_POINT ( 'NONE',  ( 9.586670024696573478, 8.463575516623892625, -1.242196543172324086 ) ) ;
#4526 = DIRECTION ( 'NONE',  ( 1.734723475976807341E-16, -1.000000000000000000, 0.000000000000000000 ) ) ;
#4527 = ORIENTED_EDGE ( 'NONE', *, *, #3499, .F. ) ;
#4528 = FACE_OUTER_BOUND ( 'NONE', #2152, .T. ) ;
#4529 = ORIENTED_EDGE ( 'NONE', *, *, #4488, .F. ) ;
#4530 = AXIS2_PLACEMENT_3D ( 'NONE', #4744, #259, #1748 ) ;
#4531 = CARTESIAN_POINT ( 'NONE',  ( 11.50410179072940053, 6.425210059796470752, -1.221375183893380179 ) ) ;
#4532 = PLANE ( 'NONE',  #1171 ) ;
#4533 = AXIS2_PLACEMENT_3D ( 'NONE', #4058, #699, #338 ) ;
#4534 = ORIENTED_EDGE ( 'NONE', *, *, #120, .T. ) ;
#4535 = VECTOR ( 'NONE', #1720, 1000.000000000000000 ) ;
#4536 = AXIS2_PLACEMENT_3D ( 'NONE', #4523, #483, #1964 ) ;
#4537 = CYLINDRICAL_SURFACE ( 'NONE', #4633, 2.299999999999999822 ) ;
#4538 = DIRECTION ( 'NONE',  ( -1.000000000000000000, 0.000000000000000000, 0.000000000000000000 ) ) ;
#4539 = FACE_OUTER_BOUND ( 'NONE', #2223, .T. ) ;
#4540 = CARTESIAN_POINT ( 'NONE',  ( -11.59651844013556499, 9.999999999999991118, -0.8162801428815721350 ) ) ;
#4541 = DIRECTION ( 'NONE',  ( 0.000000000000000000, -1.000000000000000000, 0.000000000000000000 ) ) ;
#4542 = LINE ( 'NONE', #1591, #1309 ) ;
#4543 = VECTOR ( 'NONE', #1996, 1000.000000000000000 ) ;
#4544 = ORIENTED_EDGE ( 'NONE', *, *, #4041, .F. ) ;
#4545 = CARTESIAN_POINT ( 'NONE',  ( -12.15224392038419410, 5.890186461189031775, 2.453772479118665029 ) ) ;
#4546 = CIRCLE ( 'NONE', #547, 9.999999999999998224 ) ;
#4547 = DIRECTION ( 'NONE',  ( 0.000000000000000000, 0.000000000000000000, -1.000000000000000000 ) ) ;
#4548 = CARTESIAN_POINT ( 'NONE',  ( 12.20490374027704839, 5.854169562302580232, 2.560253348233143544 ) ) ;
#4549 = ORIENTED_EDGE ( 'NONE', *, *, #3599, .F. ) ;
#4550 = CARTESIAN_POINT ( 'NONE',  ( -13.17953238333598165, 9.999999999999991118, -2.991163873408369422 ) ) ;
#4551 = CARTESIAN_POINT ( 'NONE',  ( 9.083824125185493870, 8.286669476279934443, 2.248698818314029957 ) ) ;
#4552 = CARTESIAN_POINT ( 'NONE',  ( 13.58578643762690774, 9.999999999999994671, -3.201562118716424266 ) ) ;
#4553 = CARTESIAN_POINT ( 'NONE',  ( 3.933017928278113029, 7.874808755831405271, -5.793389517717088211 ) ) ;
#4554 = ORIENTED_EDGE ( 'NONE', *, *, #557, .T. ) ;
#4555 = ORIENTED_EDGE ( 'NONE', *, *, #3599, .T. ) ;
#4556 = CARTESIAN_POINT ( 'NONE',  ( 11.59651844013556676, 9.999999999999994671, 0.8162801428815682492 ) ) ;
#4557 = EDGE_CURVE ( 'NONE', #3375, #22, #1905, .T. ) ;
#4558 = CARTESIAN_POINT ( 'NONE',  ( 15.00000000000000000, 4.999999999999997335, 3.499999999999998224 ) ) ;
#4559 = CARTESIAN_POINT ( 'NONE',  ( -11.76890174905997455, 6.236557347792653694, 3.201562118716432703 ) ) ;
#4560 = VERTEX_POINT ( 'NONE', #3359 ) ;
#4561 = CARTESIAN_POINT ( 'NONE',  ( -1.499999999999994671, 24.16666666666665719, 6.962074582829749225 ) ) ;
#4562 = DIRECTION ( 'NONE',  ( 1.000000000000000000, 1.239088197126290570E-16, -0.000000000000000000 ) ) ;
#4563 = CARTESIAN_POINT ( 'NONE',  ( 15.00000000000000000, 4.999999999999997335, 0.000000000000000000 ) ) ;
#4564 = FACE_BOUND ( 'NONE', #2376, .T. ) ;
#4565 = AXIS2_PLACEMENT_3D ( 'NONE', #129, #1274, #4145 ) ;
#4566 = ORIENTED_EDGE ( 'NONE', *, *, #445, .T. ) ;
#4567 = B_SPLINE_CURVE_WITH_KNOTS ( 'NONE', 3,
 ( #2803, #2379, #1321, #3179, #4720, #2057, #4668, #3197, #913, #2403, #1349, #2466 ),
 .UNSPECIFIED., .F., .F.,
 ( 4, 2, 2, 2, 2, 4 ),
 ( -2.000000694505808617E-05, 0.001678926241099334580, 0.003377852489143727023, 0.004227315613165924003, 0.005076778737188122718, 0.006775704985232514944 ),
 .UNSPECIFIED. ) ;
#4568 = CARTESIAN_POINT ( 'NONE',  ( 4.500000000000002665, 24.99999999999998579, 26.50000000000000000 ) ) ;
#4569 = CARTESIAN_POINT ( 'NONE',  ( 12.09225963032049300, 5.932388046971395212, 2.339165995681098842 ) ) ;
#4570 = ORIENTED_EDGE ( 'NONE', *, *, #3099, .F. ) ;
#4571 = CARTESIAN_POINT ( 'NONE',  ( -9.644423896480740055, 8.486617119599307202, -0.8418839414767294027 ) ) ;
#4572 = CARTESIAN_POINT ( 'NONE',  ( -13.51210804639407570, 5.219486043232170580, -7.226200309204405592 ) ) ;
#4573 = AXIS2_PLACEMENT_3D ( 'NONE', #2224, #754, #785 ) ;
#4574 = CARTESIAN_POINT ( 'NONE',  ( -13.76316191612860251, 5.155391496283179720, 7.303285209289334112 ) ) ;
#4575 = CARTESIAN_POINT ( 'NONE',  ( 11.27421982966566993, 6.665549202290804054, 0.4825327743952208537 ) ) ;
#4576 = CARTESIAN_POINT ( 'NONE',  ( 0.000000000000000000, 5.000000000000000000, 0.000000000000000000 ) ) ;
#4577 = VERTEX_POINT ( 'NONE', #2276 ) ;
#4578 = EDGE_CURVE ( 'NONE', #1277, #4711, #2238, .T. ) ;
#4579 = ORIENTED_EDGE ( 'NONE', *, *, #659, .F. ) ;
#4580 = CARTESIAN_POINT ( 'NONE',  ( 11.78779873719056326, 6.168321080714335380, -1.794233497177269321 ) ) ;
#4581 = EDGE_CURVE ( 'NONE', #168, #1438, #1117, .T. ) ;
#4582 = EDGE_CURVE ( 'NONE', #2535, #1383, #1196, .T. ) ;
#4583 = LINE ( 'NONE', #1213, #3931 ) ;
#4584 = DIRECTION ( 'NONE',  ( 1.000000000000000000, 1.734723475976807094E-16, -0.000000000000000000 ) ) ;
#4585 = EDGE_CURVE ( 'NONE', #1041, #2535, #3049, .T. ) ;
#4586 = DIRECTION ( 'NONE',  ( 0.000000000000000000, 0.000000000000000000, 1.000000000000000000 ) ) ;
#4587 = CARTESIAN_POINT ( 'NONE',  ( -4.717722350868550407, 9.271065016739683529, 6.326036208207866274 ) ) ;
#4588 = DIRECTION ( 'NONE',  ( 1.000000000000000000, 1.734723475976807094E-16, -0.000000000000000000 ) ) ;
#4589 = ORIENTED_EDGE ( 'NONE', *, *, #3206, .T. ) ;
#4590 = CARTESIAN_POINT ( 'NONE',  ( -12.18157983904435504, 5.870044875609064405, 2.512551497628862318 ) ) ;
#4591 = CARTESIAN_POINT ( 'NONE',  ( -7.499999999999996447, 24.16666666666665364, 6.962074582829749225 ) ) ;
#4592 = CYLINDRICAL_SURFACE ( 'NONE', #1466, 2.000000000000000000 ) ;
#4593 = CARTESIAN_POINT ( 'NONE',  ( 12.30835613334419953, 5.786321005898262371, 2.810638348238948314 ) ) ;
#4594 = VERTEX_POINT ( 'NONE', #3002 ) ;
#4595 = CYLINDRICAL_SURFACE ( 'NONE', #4379, 2.000000000000000000 ) ;
#4596 = DIRECTION ( 'NONE',  ( -1.000000000000000000, 5.209107462460914720E-16, 0.000000000000000000 ) ) ;
#4597 = DIRECTION ( 'NONE',  ( 0.000000000000000000, 0.000000000000000000, 1.000000000000000000 ) ) ;
#4598 = LINE ( 'NONE', #4158, #4300 ) ;
#4599 = ORIENTED_EDGE ( 'NONE', *, *, #303, .T. ) ;
#4600 = VERTEX_POINT ( 'NONE', #2693 ) ;
#4601 = VECTOR ( 'NONE', #801, 1000.000000000000000 ) ;
#4602 = CARTESIAN_POINT ( 'NONE',  ( 1.500000000000008216, 17.63504870010926240, 21.50000000000000000 ) ) ;
#4603 = CARTESIAN_POINT ( 'NONE',  ( 11.78862885390145188, 6.167625324254114361, -1.795742137366353575 ) ) ;
#4604 = CARTESIAN_POINT ( 'NONE',  ( -4.956352788505169184E-16, 22.99999999999998579, 8.586540306964575819 ) ) ;
#4605 = VECTOR ( 'NONE', #811, 1000.000000000000000 ) ;
#4606 = ORIENTED_EDGE ( 'NONE', *, *, #3619, .T. ) ;
#4607 = AXIS2_PLACEMENT_3D ( 'NONE', #3472, #3112, #4597 ) ;
#4608 = ADVANCED_FACE ( 'NONE', ( #4539 ), #782, .T. ) ;
#4609 = EDGE_CURVE ( 'NONE', #682, #2789, #2611, .T. ) ;
#4610 = EDGE_CURVE ( 'NONE', #2483, #3956, #3265, .T. ) ;
#4611 = DIRECTION ( 'NONE',  ( 1.000000000000000000, 0.000000000000000000, 0.000000000000000000 ) ) ;
#4612 = VECTOR ( 'NONE', #40, 1000.000000000000000 ) ;
#4613 = CARTESIAN_POINT ( 'NONE',  ( -10.00000000000000178, 10.00000000000000000, 5.500000000000000888 ) ) ;
#4614 = CARTESIAN_POINT ( 'NONE',  ( 12.06010481545052215, 5.955581253754594684, -2.279839542047845224 ) ) ;
#4615 = CARTESIAN_POINT ( 'NONE',  ( 10.71293945898963429, 7.767560989627927626, -0.6445213544796886129 ) ) ;
#4616 = CARTESIAN_POINT ( 'NONE',  ( 12.00000000000000000, 5.000000000000000000, 7.499999999999999112 ) ) ;
#4617 = ORIENTED_EDGE ( 'NONE', *, *, #4710, .T. ) ;
#4618 = LINE ( 'NONE', #3886, #4696 ) ;
#4619 = CARTESIAN_POINT ( 'NONE',  ( 12.38108599560539247, 5.740740740740731596, 3.201562118716395400 ) ) ;
#4620 = AXIS2_PLACEMENT_3D ( 'NONE', #148, #1216, #4265 ) ;
#4621 = EDGE_LOOP ( 'NONE', ( #627, #818, #1412, #2098, #3220, #10 ) ) ;
#4622 = CARTESIAN_POINT ( 'NONE',  ( -11.71881314815403918, 6.338351718820899983, -6.262497629948835076 ) ) ;
#4623 = ADVANCED_FACE ( 'NONE', ( #2247 ), #3078, .F. ) ;
#4624 = EDGE_CURVE ( 'NONE', #1105, #3006, #1427, .T. ) ;
#4625 = VECTOR ( 'NONE', #4596, 1000.000000000000000 ) ;
#4626 = DIRECTION ( 'NONE',  ( 0.000000000000000000, 0.000000000000000000, 1.000000000000000000 ) ) ;
#4627 = AXIS2_PLACEMENT_3D ( 'NONE', #3389, #127, #1218 ) ;
#4628 = CARTESIAN_POINT ( 'NONE',  ( -1.499999999999994671, 21.99999999999999645, 7.500000000000000888 ) ) ;
#4629 = CARTESIAN_POINT ( 'NONE',  ( 15.00000000000000000, 5.000000000000000000, 0.000000000000000000 ) ) ;
#4630 = ORIENTED_EDGE ( 'NONE', *, *, #896, .F. ) ;
#4631 = DIRECTION ( 'NONE',  ( -1.156482317317871478E-16, 1.000000000000000000, -0.000000000000000000 ) ) ;
#4632 = ORIENTED_EDGE ( 'NONE', *, *, #1817, .F. ) ;
#4633 = AXIS2_PLACEMENT_3D ( 'NONE', #3803, #1168, #4611 ) ;
#4634 = FACE_OUTER_BOUND ( 'NONE', #705, .T. ) ;
#4635 = CARTESIAN_POINT ( 'NONE',  ( -33.00000000000000000, 9.999999999999989342, 5.500000000000000888 ) ) ;
#4636 = VECTOR ( 'NONE', #2213, 1000.000000000000000 ) ;
#4637 = CYLINDRICAL_SURFACE ( 'NONE', #3221, 2.000000000000001776 ) ;
#4638 = EDGE_LOOP ( 'NONE', ( #3118, #3783, #4330, #2671 ) ) ;
#4639 = B_SPLINE_CURVE_WITH_KNOTS ( 'NONE', 3,
 ( #2760, #3590, #944, #4301, #136, #234 ),
 .UNSPECIFIED., .F., .F.,
 ( 4, 2, 4 ),
 ( 0.000000000000000000, 0.5000000000000000000, 1.000000000000000000 ),
 .UNSPECIFIED. ) ;
#4640 = DIRECTION ( 'NONE',  ( 1.734723475976807094E-16, -1.000000000000000000, 0.000000000000000000 ) ) ;
#4641 = CARTESIAN_POINT ( 'NONE',  ( 12.00865242152557855, 5.993500821742677509, -2.186901889573594993 ) ) ;
#4642 = DIRECTION ( 'NONE',  ( -1.000000000000000000, 0.000000000000000000, 1.734723475976807686E-15 ) ) ;
#4643 = CARTESIAN_POINT ( 'NONE',  ( -11.37817716360732945, 8.366527305097518408, 5.863058719247427497 ) ) ;
#4644 =( BOUNDED_SURFACE ( )  B_SPLINE_SURFACE ( 2, 3, ( 
 ( #3320, #2182, #625, #1818, #1051, #1769, #2110, #3653, #4372, #3680, #3635, #2131 ),
 ( #4050, #690, #2521, #3273, #4031, #283, #2153, #1798, #1075, #2570, #4833, #4419 ),
 ( #3701, #1399, #352, #2913, #1467, #669, #4401, #4077, #3298, #2882, #2938, #1421 ) ),
 .UNSPECIFIED., .F., .F., .T. ) 
 B_SPLINE_SURFACE_WITH_KNOTS ( ( 3, 3 ),
 ( 4, 2, 2, 2, 2, 4 ),
 ( 0.000000000000000000, 1.000000000000000000 ),
 ( 3.141592653589790896, 3.150540649287779438, 3.159488644985768424, 3.177384636381746397, 3.213176619173702342, 3.284760584757613344 ),
 .UNSPECIFIED. ) 
 GEOMETRIC_REPRESENTATION_ITEM ( )  RATIONAL_B_SPLINE_SURFACE ( (
 ( 1.000000000000000000, 1.000000000000000000, 1.000000000000000000, 1.000000000000000000, 1.000000000000000000, 1.000000000000000000, 1.000000000000000000, 1.000000000000000000, 1.000000000000000000, 1.000000000000000000, 1.000000000000000000, 1.000000000000000000),
 ( 0.2721655269759056806, 0.2975170395339887253, 0.3190783497059915819, 0.3578131314844055777, 0.3749621239695052899, 0.4220547638253452916, 0.4477375920629277362, 0.5156137830467133476, 0.5487572196048337014, 0.6310614163569211454, 0.6619185330601404793, 0.6821067644865000945),
 ( 1.000000000000000000, 1.000000000000000000, 1.000000000000000000, 1.000000000000000000, 1.000000000000000000, 1.000000000000000000, 1.000000000000000000, 1.000000000000000000, 1.000000000000000000, 1.000000000000000000, 1.000000000000000000, 1.000000000000000000) ) ) 
 REPRESENTATION_ITEM ( '' )  SURFACE ( )  );
#4645 = ORIENTED_EDGE ( 'NONE', *, *, #2948, .T. ) ;
#4646 = DIRECTION ( 'NONE',  ( -1.156482317317871478E-16, 1.000000000000000000, -0.000000000000000000 ) ) ;
#4647 = ADVANCED_FACE ( 'NONE', ( #1979 ), #2373, .T. ) ;
#4648 = DIRECTION ( 'NONE',  ( -5.782411586589358625E-17, 1.000000000000000000, 0.000000000000000000 ) ) ;
#4649 = CARTESIAN_POINT ( 'NONE',  ( -35.00000000000000000, 17.99999999999998934, -76.21067811865475505 ) ) ;
#4650 = CARTESIAN_POINT ( 'NONE',  ( -15.00000000000000000, 5.000000000000000000, -1.999999999999999556 ) ) ;
#4651 = ORIENTED_EDGE ( 'NONE', *, *, #2605, .F. ) ;
#4652 = CARTESIAN_POINT ( 'NONE',  ( 22.54674764498082240, 9.999999999999996447, -6.699999999999999289 ) ) ;
#4653 = CARTESIAN_POINT ( 'NONE',  ( -9.499999999999994671, 19.99999999999999289, -76.21067811865475505 ) ) ;
#4654 = CARTESIAN_POINT ( 'NONE',  ( 15.00000000000000000, 5.000000000000000000, 0.000000000000000000 ) ) ;
#4655 = CARTESIAN_POINT ( 'NONE',  ( 11.27242550853051739, 6.667555190172065771, -0.4725508831694480438 ) ) ;
#4656 = ORIENTED_EDGE ( 'NONE', *, *, #1731, .F. ) ;
#4657 = VERTEX_POINT ( 'NONE', #3123 ) ;
#4658 = EDGE_CURVE ( 'NONE', #22, #2789, #1378, .T. ) ;
#4659 = CARTESIAN_POINT ( 'NONE',  ( -2.937781406190274058, 8.614142445972806428, -5.513974581069395420 ) ) ;
#4660 = DIRECTION ( 'NONE',  ( -1.734723475976807094E-16, 1.000000000000000000, 0.000000000000000000 ) ) ;
#4661 = EDGE_LOOP ( 'NONE', ( #4053, #3711 ) ) ;
#4662 = CARTESIAN_POINT ( 'NONE',  ( -5.448779074818061119, 9.862255040237831949, -7.114366156711554368 ) ) ;
#4663 = CARTESIAN_POINT ( 'NONE',  ( 12.19289231866724776, 5.862332945130457773, -2.535637121954340767 ) ) ;
#4664 = CARTESIAN_POINT ( 'NONE',  ( -1.499999999999994449, 17.63504870010926240, 21.50000000000000000 ) ) ;
#4665 = ORIENTED_EDGE ( 'NONE', *, *, #1949, .T. ) ;
#4666 = DIRECTION ( 'NONE',  ( 0.000000000000000000, 1.000000000000000000, -0.000000000000000000 ) ) ;
#4667 = DIRECTION ( 'NONE',  ( 0.000000000000000000, -1.000000000000000000, 0.000000000000000000 ) ) ;
#4668 = CARTESIAN_POINT ( 'NONE',  ( -2.009976694200852343, 20.65942020039111426, 2.421149055657101368 ) ) ;
#4669 = ORIENTED_EDGE ( 'NONE', *, *, #1504, .F. ) ;
#4670 = CARTESIAN_POINT ( 'NONE',  ( -11.49738657403972653, 6.736368322558339727, -6.041752403815749517 ) ) ;
#4671 = EDGE_CURVE ( 'NONE', #3497, #237, #4302, .T. ) ;
#4672 = EDGE_CURVE ( 'NONE', #431, #1530, #2399, .T. ) ;
#4673 = DIRECTION ( 'NONE',  ( 1.239088197126290570E-16, -1.000000000000000000, 0.000000000000000000 ) ) ;
#4674 = EDGE_CURVE ( 'NONE', #2843, #864, #494, .T. ) ;
#4675 = CARTESIAN_POINT ( 'NONE',  ( -35.00000000000001421, 15.13504870010925707, 21.50000000000000000 ) ) ;
#4676 = LINE ( 'NONE', #1298, #2733 ) ;
#4677 = EDGE_LOOP ( 'NONE', ( #4331, #236 ) ) ;
#4678 = VERTEX_POINT ( 'NONE', #117 ) ;
#4679 = DIRECTION ( 'NONE',  ( 1.000000000000000000, 0.000000000000000000, -0.000000000000000000 ) ) ;
#4680 = CARTESIAN_POINT ( 'NONE',  ( -11.99999999999999645, 0.000000000000000000, -0.5000000000000013323 ) ) ;
#4681 = CIRCLE ( 'NONE', #3822, 2.000000000000001776 ) ;
#4682 = ORIENTED_EDGE ( 'NONE', *, *, #4362, .F. ) ;
#4683 = CARTESIAN_POINT ( 'NONE',  ( 7.500000000000001776, 21.65683487396129081, 4.382192460770676590 ) ) ;
#4684 = CARTESIAN_POINT ( 'NONE',  ( 12.38108599560539425, 5.740740740740731596, -3.201562118716414496 ) ) ;
#4685 = DIRECTION ( 'NONE',  ( -1.156482317317871478E-16, 1.000000000000000000, -0.000000000000000000 ) ) ;
#4686 = CARTESIAN_POINT ( 'NONE',  ( -15.00000000000000355, 4.999999999999990230, -3.500000000000000000 ) ) ;
#4687 = DIRECTION ( 'NONE',  ( 0.000000000000000000, 1.000000000000000000, -0.000000000000000000 ) ) ;
#4688 = VERTEX_POINT ( 'NONE', #443 ) ;
#4689 = CARTESIAN_POINT ( 'NONE',  ( -11.89128551270643364, 6.083891759311865322, 1.979118730352359190 ) ) ;
#4690 = AXIS2_PLACEMENT_3D ( 'NONE', #4568, #4096, #737 ) ;
#4691 = DIRECTION ( 'NONE',  ( 0.000000000000000000, 1.000000000000000000, 0.000000000000000000 ) ) ;
#4692 = CARTESIAN_POINT ( 'NONE',  ( 11.52507273825425749, 6.404295968631972258, 0.4789788377628999561 ) ) ;
#4693 = CARTESIAN_POINT ( 'NONE',  ( -7.499999999999996447, 24.99999999999998579, 26.50000000000000000 ) ) ;
#4694 = ORIENTED_EDGE ( 'NONE', *, *, #4585, .T. ) ;
#4695 = CARTESIAN_POINT ( 'NONE',  ( -11.27421982966566993, 6.665549202290807607, -0.4825327743952173565 ) ) ;
#4696 = VECTOR ( 'NONE', #519, 1000.000000000000000 ) ;
#4697 = ADVANCED_FACE ( 'NONE', ( #851, #3116 ), #1238, .F. ) ;
#4698 = CARTESIAN_POINT ( 'NONE',  ( -11.38671761001005400, 6.543852483980905355, -0.9159274783563599032 ) ) ;
#4699 = AXIS2_PLACEMENT_3D ( 'NONE', #2363, #2706, #3869 ) ;
#4700 = CARTESIAN_POINT ( 'NONE',  ( 5.857564034864464197, 9.955062358769492192, 7.347692966350578558 ) ) ;
#4701 = CARTESIAN_POINT ( 'NONE',  ( 11.27421982966566993, 6.665549202290804054, 0.4825327743952208537 ) ) ;
#4702 = ORIENTED_EDGE ( 'NONE', *, *, #4508, .F. ) ;
#4703 = ORIENTED_EDGE ( 'NONE', *, *, #904, .F. ) ;
#4704 = EDGE_CURVE ( 'NONE', #3194, #1268, #3974, .T. ) ;
#4705 = VECTOR ( 'NONE', #4685, 1000.000000000000000 ) ;
#4706 = CARTESIAN_POINT ( 'NONE',  ( -3.234539521686223829, 8.229892726810190240, -5.555888605731623464 ) ) ;
#4707 = FACE_OUTER_BOUND ( 'NONE', #1370, .T. ) ;
#4708 = VECTOR ( 'NONE', #1967, 1000.000000000000000 ) ;
#4709 = FACE_OUTER_BOUND ( 'NONE', #211, .T. ) ;
#4710 = EDGE_CURVE ( 'NONE', #4478, #1829, #2661, .T. ) ;
#4711 = VERTEX_POINT ( 'NONE', #2293 ) ;
#4712 = AXIS2_PLACEMENT_3D ( 'NONE', #565, #2460, #1712 ) ;
#4713 = CARTESIAN_POINT ( 'NONE',  ( -12.30829983665665139, 5.786347062176912637, 2.809869184538321907 ) ) ;
#4714 = DIRECTION ( 'NONE',  ( 1.000000000000000000, 0.000000000000000000, 0.000000000000000000 ) ) ;
#4715 = CARTESIAN_POINT ( 'NONE',  ( 11.34441172307041690, 9.807080398300737301, -0.8030365921099241744 ) ) ;
#4716 = EDGE_CURVE ( 'NONE', #2954, #3668, #3799, .T. ) ;
#4717 = VERTEX_POINT ( 'NONE', #3071 ) ;
#4718 = LINE ( 'NONE', #2931, #850 ) ;
#4719 = CARTESIAN_POINT ( 'NONE',  ( -7.499999999999995559, 20.82842712474618097, 8.328427124746193400 ) ) ;
#4720 = CARTESIAN_POINT ( 'NONE',  ( -2.381997513628381302, 20.32302434789507473, 1.415801002779752293 ) ) ;
#4721 = ORIENTED_EDGE ( 'NONE', *, *, #1652, .T. ) ;
#4722 = CYLINDRICAL_SURFACE ( 'NONE', #63, 3.499999999999997780 ) ;
#4723 = CARTESIAN_POINT ( 'NONE',  ( -11.92104188517714469, 6.060402104909525356, -2.031656399022444770 ) ) ;
#4724 = DIRECTION ( 'NONE',  ( 0.000000000000000000, 0.000000000000000000, -1.000000000000000000 ) ) ;
#4725 = CARTESIAN_POINT ( 'NONE',  ( 14.17953175185601289, 5.049091457919327119, -7.209205931435266557 ) ) ;
#4726 = ORIENTED_EDGE ( 'NONE', *, *, #1841, .T. ) ;
#4727 = ORIENTED_EDGE ( 'NONE', *, *, #1696, .F. ) ;
#4728 = CARTESIAN_POINT ( 'NONE',  ( -33.00000000000000000, 9.999999999999989342, -76.21067811865475505 ) ) ;
#4729 = FACE_OUTER_BOUND ( 'NONE', #1345, .T. ) ;
#4730 = CARTESIAN_POINT ( 'NONE',  ( 24.94674764498082098, 9.999999999999996447, -5.500000000000005329 ) ) ;
#4731 = ORIENTED_EDGE ( 'NONE', *, *, #4101, .F. ) ;
#4732 = EDGE_CURVE ( 'NONE', #4107, #32, #3476, .T. ) ;
#4733 = FACE_OUTER_BOUND ( 'NONE', #1759, .T. ) ;
#4734 = CARTESIAN_POINT ( 'NONE',  ( -11.49738657403972653, 6.736368322558339727, -6.041752403815749517 ) ) ;
#4735 = ORIENTED_EDGE ( 'NONE', *, *, #3801, .F. ) ;
#4736 = EDGE_CURVE ( 'NONE', #3840, #2314, #2470, .T. ) ;
#4737 = CARTESIAN_POINT ( 'NONE',  ( -35.00000000000000000, 11.99999999999998934, 5.500000000000000888 ) ) ;
#4738 = DIRECTION ( 'NONE',  ( -3.469446951953616161E-16, 1.000000000000000000, 0.000000000000000000 ) ) ;
#4739 = DIRECTION ( 'NONE',  ( 1.000000000000000000, -0.000000000000000000, -0.000000000000000000 ) ) ;
#4740 = ORIENTED_EDGE ( 'NONE', *, *, #4452, .T. ) ;
#4741 = DIRECTION ( 'NONE',  ( 1.000000000000000000, 0.000000000000000000, 0.000000000000000000 ) ) ;
#4742 = DIRECTION ( 'NONE',  ( 0.000000000000000000, 0.000000000000000000, -1.000000000000000000 ) ) ;
#4743 = CARTESIAN_POINT ( 'NONE',  ( -12.18273493710801603, 5.869215402273645132, -2.514595660352291429 ) ) ;
#4744 = CARTESIAN_POINT ( 'NONE',  ( 4.500000000000003553, 22.99999999999998579, 8.586540306964575819 ) ) ;
#4745 = CARTESIAN_POINT ( 'NONE',  ( 11.78507843461714444, 6.170603017101043086, 1.789281027353071041 ) ) ;
#4746 = VERTEX_POINT ( 'NONE', #3223 ) ;
#4747 = ORIENTED_EDGE ( 'NONE', *, *, #2354, .T. ) ;
#4748 = DIRECTION ( 'NONE',  ( 0.000000000000000000, 1.000000000000000000, 0.000000000000000000 ) ) ;
#4749 = CARTESIAN_POINT ( 'NONE',  ( -2.639022891491583422, 8.999999999999998224, 5.500000000000000888 ) ) ;
#4750 = DIRECTION ( 'NONE',  ( -0.000000000000000000, -0.000000000000000000, 1.000000000000000000 ) ) ;
#4751 = ORIENTED_EDGE ( 'NONE', *, *, #4101, .T. ) ;
#4752 = EDGE_CURVE ( 'NONE', #268, #2995, #4681, .T. ) ;
#4753 = VECTOR ( 'NONE', #1142, 1000.000000000000000 ) ;
#4754 = CARTESIAN_POINT ( 'NONE',  ( 8.382012312322826730, 20.32301416045718057, 1.415763805731425906 ) ) ;
#4755 = DIRECTION ( 'NONE',  ( -0.000000000000000000, -0.000000000000000000, -1.000000000000000000 ) ) ;
#4756 = ORIENTED_EDGE ( 'NONE', *, *, #2776, .F. ) ;
#4757 = EDGE_CURVE ( 'NONE', #3094, #3255, #1320, .T. ) ;
#4758 = DIRECTION ( 'NONE',  ( 0.000000000000000000, -1.000000000000000000, 0.000000000000000000 ) ) ;
#4759 = CARTESIAN_POINT ( 'NONE',  ( 11.28578643762691236, 7.700000000000010836, 3.201562118716432703 ) ) ;
#4760 = DIRECTION ( 'NONE',  ( -3.469446951953616161E-16, 1.000000000000000000, 0.000000000000000000 ) ) ;
#4761 = VERTEX_POINT ( 'NONE', #662 ) ;
#4762 = CARTESIAN_POINT ( 'NONE',  ( -15.00000000000000000, 9.999999999999991118, 0.000000000000000000 ) ) ;
#4763 = CARTESIAN_POINT ( 'NONE',  ( 12.42746278277383887, 9.709708693214786024, -3.201562118716424266 ) ) ;
#4764 = EDGE_CURVE ( 'NONE', #2728, #4657, #776, .T. ) ;
#4765 = VECTOR ( 'NONE', #1701, 1000.000000000000000 ) ;
#4766 = ADVANCED_FACE ( 'NONE', ( #3648 ), #1719, .T. ) ;
#4767 = FACE_OUTER_BOUND ( 'NONE', #57, .T. ) ;
#4768 = CARTESIAN_POINT ( 'NONE',  ( -12.38105313618739878, 5.740760945190547915, -3.142784291932750662 ) ) ;
#4769 = CARTESIAN_POINT ( 'NONE',  ( -11.27242550853051917, 6.667555190172066659, 0.4725508831694402168 ) ) ;
#4770 = CARTESIAN_POINT ( 'NONE',  ( 12.38108599560539069, 5.740740740740732484, -5.500000000000000888 ) ) ;
#4771 = AXIS2_PLACEMENT_3D ( 'NONE', #346, #614, #4758 ) ;
#4772 = ORIENTED_EDGE ( 'NONE', *, *, #1135, .F. ) ;
#4773 = ORIENTED_EDGE ( 'NONE', *, *, #1757, .F. ) ;
#4774 = AXIS2_PLACEMENT_3D ( 'NONE', #4576, #3765, #440 ) ;
#4775 = VECTOR ( 'NONE', #4100, 1000.000000000000000 ) ;
#4776 = CARTESIAN_POINT ( 'NONE',  ( -7.772822483150910067, 20.98171558473793397, 3.169555409852900851 ) ) ;
#4777 = CARTESIAN_POINT ( 'NONE',  ( 31.49999999999999289, 14.99999999999999645, -5.500000000000000888 ) ) ;
#4778 = LINE ( 'NONE', #1408, #3353 ) ;
#4779 = VERTEX_POINT ( 'NONE', #3561 ) ;
#4780 = ORIENTED_EDGE ( 'NONE', *, *, #2525, .F. ) ;
#4781 = CIRCLE ( 'NONE', #2655, 2.999999999999999112 ) ;
#4782 = VECTOR ( 'NONE', #2297, 1000.000000000000000 ) ;
#4783 = CARTESIAN_POINT ( 'NONE',  ( 3.929682216895534985, 7.648346838351199217, 5.791540495607057082 ) ) ;
#4784 = VERTEX_POINT ( 'NONE', #3610 ) ;
#4785 = VECTOR ( 'NONE', #2234, 1000.000000000000000 ) ;
#4786 = CARTESIAN_POINT ( 'NONE',  ( -33.00000000000000000, 19.99999999999998934, 5.500000000000000888 ) ) ;
#4787 = EDGE_CURVE ( 'NONE', #3509, #1431, #2101, .T. ) ;
#4788 = CARTESIAN_POINT ( 'NONE',  ( 6.639022891491583422, 19.99999999999999645, -7.500000000000000888 ) ) ;
#4789 = CARTESIAN_POINT ( 'NONE',  ( -6.639022891491583422, 9.999999999999987566, 7.500000000000000000 ) ) ;
#4790 = ORIENTED_EDGE ( 'NONE', *, *, #2665, .F. ) ;
#4791 = CARTESIAN_POINT ( 'NONE',  ( -4.499999999999996447, 24.16666666666665364, 6.962074582829749225 ) ) ;
#4792 = EDGE_CURVE ( 'NONE', #32, #877, #689, .T. ) ;
#4793 = CARTESIAN_POINT ( 'NONE',  ( -13.58578643762692195, 9.999999999999991118, 7.500000000000000888 ) ) ;
#4794 = CARTESIAN_POINT ( 'NONE',  ( 11.59364881289266691, 6.527747071103824794, -6.147677806833774738 ) ) ;
#4795 = ORIENTED_EDGE ( 'NONE', *, *, #678, .T. ) ;
#4796 = FACE_OUTER_BOUND ( 'NONE', #561, .T. ) ;
#4797 = FACE_OUTER_BOUND ( 'NONE', #112, .T. ) ;
#4798 = CARTESIAN_POINT ( 'NONE',  ( 2.639022891491583422, 9.000000000000001776, -5.500000000000000888 ) ) ;
#4799 = EDGE_CURVE ( 'NONE', #3956, #2483, #1454, .T. ) ;
#4800 = CARTESIAN_POINT ( 'NONE',  ( 11.28578643762691058, 7.699999999999995737, 5.793857062406784664 ) ) ;
#4801 = VERTEX_POINT ( 'NONE', #4759 ) ;
#4802 = EDGE_LOOP ( 'NONE', ( #951, #462, #3699, #4487 ) ) ;
#4803 = CARTESIAN_POINT ( 'NONE',  ( 3.967957692701676642, 8.099478883851682909, 5.810279217973568500 ) ) ;
#4804 = CIRCLE ( 'NONE', #2806, 2.000000000000001776 ) ;
#4805 = VERTEX_POINT ( 'NONE', #2561 ) ;
#4806 = DIRECTION ( 'NONE',  ( -1.000000000000000000, -9.912705577010324317E-17, 0.000000000000000000 ) ) ;
#4807 = LINE ( 'NONE', #2977, #853 ) ;
#4808 = ORIENTED_EDGE ( 'NONE', *, *, #797, .T. ) ;
#4809 = CARTESIAN_POINT ( 'NONE',  ( -11.71620571118000953, 6.341938809864497983, 6.260236702560674438 ) ) ;
#4810 = CARTESIAN_POINT ( 'NONE',  ( -11.52544666428835640, 6.403931453074267033, -0.4816136347160614450 ) ) ;
#4811 = VERTEX_POINT ( 'NONE', #4788 ) ;
#4812 = CARTESIAN_POINT ( 'NONE',  ( -5.039022891491584666, 9.999999999999987566, 6.700000000000001066 ) ) ;
#4813 = FACE_OUTER_BOUND ( 'NONE', #4471, .T. ) ;
#4814 = EDGE_LOOP ( 'NONE', ( #2774, #228, #1992, #3404 ) ) ;
#4815 = LINE ( 'NONE', #4, #469 ) ;
#4816 = EDGE_CURVE ( 'NONE', #348, #3040, #2221, .T. ) ;
#4817 = CARTESIAN_POINT ( 'NONE',  ( 14.59243008997118984, 5.000000000000000000, 7.081068633467009654 ) ) ;
#4818 = DIRECTION ( 'NONE',  ( 0.000000000000000000, -1.000000000000000000, 0.000000000000000000 ) ) ;
#4819 = CARTESIAN_POINT ( 'NONE',  ( -11.34441172307041512, 9.807080398300730195, 0.8030365921099251736 ) ) ;
#4820 = ORIENTED_EDGE ( 'NONE', *, *, #4710, .F. ) ;
#4821 = ORIENTED_EDGE ( 'NONE', *, *, #1241, .F. ) ;
#4822 = EDGE_CURVE ( 'NONE', #3901, #4478, #708, .T. ) ;
#4823 = EDGE_CURVE ( 'NONE', #1301, #4678, #2246, .T. ) ;
#4824 = CARTESIAN_POINT ( 'NONE',  ( -11.43252441603102909, 8.523787076526907924, -5.911349728453097363 ) ) ;
#4825 = VERTEX_POINT ( 'NONE', #4414 ) ;
#4826 = CARTESIAN_POINT ( 'NONE',  ( -29.99999999999999645, 14.99999999999999645, -5.500000000000000888 ) ) ;
#4827 = VECTOR ( 'NONE', #1414, 1000.000000000000000 ) ;
#4828 = DIRECTION ( 'NONE',  ( 1.734723475976807094E-15, 0.000000000000000000, 1.000000000000000000 ) ) ;
#4829 = ORIENTED_EDGE ( 'NONE', *, *, #1779, .T. ) ;
#4830 = CARTESIAN_POINT ( 'NONE',  ( 15.00000000000000000, 5.000000000000000000, -3.499999999999998224 ) ) ;
#4831 = DIRECTION ( 'NONE',  ( -6.505213034913025371E-17, 1.000000000000000000, 0.000000000000000000 ) ) ;
#4832 = ORIENTED_EDGE ( 'NONE', *, *, #1824, .F. ) ;
#4833 = CARTESIAN_POINT ( 'NONE',  ( -9.586670024699399661, 8.463575516627399153, 1.242196543172796597 ) ) ;
#4834 = CARTESIAN_POINT ( 'NONE',  ( 11.60209917913164013, 6.331990610033495948, 1.436032951965620974 ) ) ;
#4835 = ORIENTED_EDGE ( 'NONE', *, *, #1645, .F. ) ;
#4836 = EDGE_CURVE ( 'NONE', #3198, #3094, #4357, .T. ) ;
#4837 = CARTESIAN_POINT ( 'NONE',  ( 11.50000000000000178, 6.429285785728573011, -2.675185101785495235E-22 ) ) ;
#4838 = VECTOR ( 'NONE', #1177, 1000.000000000000000 ) ;
#4839 = CYLINDRICAL_SURFACE ( 'NONE', #3996, 2.299999999999999822 ) ;
#4840 = CIRCLE ( 'NONE', #1237, 3.499999999999997780 ) ;
#4841 = DIRECTION ( 'NONE',  ( 1.000000000000000000, 0.000000000000000000, 0.000000000000000000 ) ) ;
#4842 = CARTESIAN_POINT ( 'NONE',  ( 12.65101572984745459, 9.999999999999992895, -2.650086005270340550 ) ) ;
#4843 = ORIENTED_EDGE ( 'NONE', *, *, #1450, .F. ) ;
#4844 = VERTEX_POINT ( 'NONE', #324 ) ;
#4845 = CIRCLE ( 'NONE', #3042, 2.000000000000001776 ) ;
#4846 = CIRCLE ( 'NONE', #3363, 2.000000000000000000 ) ;
#4847 = ADVANCED_FACE ( 'NONE', ( #3023 ), #371, .T. ) ;
#4848 = CARTESIAN_POINT ( 'NONE',  ( 4.382224582254978351, 8.855086001265092932, 6.056549209451265625 ) ) ;
#4849 = VECTOR ( 'NONE', #1107, 1000.000000000000000 ) ;
#4850 = VERTEX_POINT ( 'NONE', #2952 ) ;
#4851 = CARTESIAN_POINT ( 'NONE',  ( -11.51222586832823147, 6.417182527306672490, -1.240780958002646983 ) ) ;
#4852 = CARTESIAN_POINT ( 'NONE',  ( -7.499999999999995559, 9.999999999999987566, 24.50000000000000000 ) ) ;
#4853 = DIRECTION ( 'NONE',  ( 1.000000000000000000, 0.000000000000000000, 0.000000000000000000 ) ) ;
#4854 = AXIS2_PLACEMENT_3D ( 'NONE', #2014, #4673, #964 ) ;
#4855 = ORIENTED_EDGE ( 'NONE', *, *, #4736, .F. ) ;
#4856 = CARTESIAN_POINT ( 'NONE',  ( -5.857920502151474196, 9.955101671400687025, 7.347824496917946036 ) ) ;
#4857 = CARTESIAN_POINT ( 'NONE',  ( -4.499999999999996447, 24.99999999999998579, 7.500000000000000888 ) ) ;
ENDSEC;
END-ISO-10303-21;
