ISO-10303-21;
HEADER;
FILE_DESCRIPTION (( 'STEP AP214' ),
    '1' );
FILE_NAME ('Steering Servo Arm #1.STEP',
    '2026-05-08T14:29:06',
    ( '' ),
    ( '' ),
    'SwSTEP 2.0',
    'SolidWorks 2026',
    '' );
FILE_SCHEMA (( 'AUTOMOTIVE_DESIGN' ));
ENDSEC;

DATA;
#1 = ORIENTED_EDGE ( 'NONE', *, *, #216, .T. ) ;
#2 = AXIS2_PLACEMENT_3D ( 'NONE', #431, #1295, #872 ) ;
#3 = VECTOR ( 'NONE', #1023, 1000.000000000000000 ) ;
#4 = ORIENTED_EDGE ( 'NONE', *, *, #1372, .T. ) ;
#5 = DIRECTION ( 'NONE',  ( 0.000000000000000000, 0.000000000000000000, -1.000000000000000000 ) ) ;
#6 = AXIS2_PLACEMENT_3D ( 'NONE', #821, #386, #1143 ) ;
#7 = DIRECTION ( 'NONE',  ( 0.000000000000000000, 0.000000000000000000, 1.000000000000000000 ) ) ;
#8 = ORIENTED_EDGE ( 'NONE', *, *, #1240, .F. ) ;
#9 =( GEOMETRIC_REPRESENTATION_CONTEXT ( 3 ) GLOBAL_UNCERTAINTY_ASSIGNED_CONTEXT ( ( #538 ) ) GLOBAL_UNIT_ASSIGNED_CONTEXT ( ( #1153, #78, #139 ) ) REPRESENTATION_CONTEXT ( 'NONE', 'WORKASPACE' ) );
#10 = ORIENTED_EDGE ( 'NONE', *, *, #1190, .F. ) ;
#11 = DIRECTION ( 'NONE',  ( 0.000000000000000000, -1.000000000000000000, 0.000000000000000000 ) ) ;
#12 = LINE ( 'NONE', #446, #597 ) ;
#13 = APPLICATION_PROTOCOL_DEFINITION ( 'draft international standard', 'automotive_design', 1998, #934 ) ;
#14 = PRODUCT ( 'Steering Servo Arm #1', 'Steering Servo Arm #1', '', ( #34 ) ) ;
#15 = ORIENTED_EDGE ( 'NONE', *, *, #987, .T. ) ;
#16 = DIRECTION ( 'NONE',  ( 0.000000000000000000, 1.000000000000000000, 0.000000000000000000 ) ) ;
#17 = ORIENTED_EDGE ( 'NONE', *, *, #158, .F. ) ;
#18 = CARTESIAN_POINT ( 'NONE',  ( 7.500000000000000000, -2.000000000000000000, 2.250000000000000000 ) ) ;
#19 = FACE_OUTER_BOUND ( 'NONE', #1345, .T. ) ;
#20 = LINE ( 'NONE', #1330, #177 ) ;
#21 = CARTESIAN_POINT ( 'NONE',  ( 1.499999999999997780, 5.000000000000000000, 6.000000000000000000 ) ) ;
#22 = VERTEX_POINT ( 'NONE', #244 ) ;
#23 = EDGE_CURVE ( 'NONE', #491, #1033, #557, .T. ) ;
#24 = EDGE_CURVE ( 'NONE', #687, #919, #20, .T. ) ;
#25 = CARTESIAN_POINT ( 'NONE',  ( 22.50000000000000000, 2.000000000000000000, -6.000000000000000000 ) ) ;
#26 = ORIENTED_EDGE ( 'NONE', *, *, #459, .F. ) ;
#27 = CARTESIAN_POINT ( 'NONE',  ( 10.49999999999999822, 1.500000000000000000, 6.000000000000000000 ) ) ;
#28 = ITEM_DEFINED_TRANSFORMATION ( 'NONE', 'NONE', #437,  #1291 ) ;
#29 = EDGE_LOOP ( 'NONE', ( #36, #845, #797, #1373, #1262, #1173, #1144, #997 ) ) ;
#30 = CARTESIAN_POINT ( 'NONE',  ( -17.00000000000000000, 0.000000000000000000, 0.000000000000000000 ) ) ;
#31 = AXIS2_PLACEMENT_3D ( 'NONE', #432, #977, #474 ) ;
#32 = EDGE_LOOP ( 'NONE', ( #612, #367, #714, #238 ) ) ;
#33 = AXIS2_PLACEMENT_3D ( 'NONE', #758, #686, #1123 ) ;
#34 = PRODUCT_CONTEXT ( 'NONE', #566, 'mechanical' ) ;
#35 = ADVANCED_BREP_SHAPE_REPRESENTATION ( '', ( #915, #1291 ), #74 ) ;
#36 = ORIENTED_EDGE ( 'NONE', *, *, #1131, .T. ) ;
#37 = DIRECTION ( 'NONE',  ( 1.000000000000000000, 0.000000000000000000, 0.000000000000000000 ) ) ;
#38 = ORIENTED_EDGE ( 'NONE', *, *, #23, .T. ) ;
#39 = FACE_OUTER_BOUND ( 'NONE', #622, .T. ) ;
#40 = EDGE_CURVE ( 'NONE', #1188, #919, #281, .T. ) ;
#41 = AXIS2_PLACEMENT_3D ( 'NONE', #55, #499, #493 ) ;
#42 = CARTESIAN_POINT ( 'NONE',  ( -19.50000000000000000, 2.000000000000000000, -3.000000000000000000 ) ) ;
#43 = CARTESIAN_POINT ( 'NONE',  ( 10.49999999999999822, 1.500000000000000000, 2.250000000000000000 ) ) ;
#44 = FACE_OUTER_BOUND ( 'NONE', #1200, .T. ) ;
#45 = ORIENTED_EDGE ( 'NONE', *, *, #958, .T. ) ;
#46 = VECTOR ( 'NONE', #330, 1000.000000000000000 ) ;
#47 = DIRECTION ( 'NONE',  ( -1.000000000000000000, 0.000000000000000000, 0.000000000000000000 ) ) ;
#48 = CIRCLE ( 'NONE', #1242, 3.803835902877494846 ) ;
#49 = CARTESIAN_POINT ( 'NONE',  ( -17.00000000000000000, -1.334478334024252533, -3.803835902877495290 ) ) ;
#50 = PRODUCT_DEFINITION ( 'UNKNOWN', '', #1227, #967 ) ;
#51 = DIRECTION ( 'NONE',  ( -0.000000000000000000, -1.000000000000000000, -0.000000000000000000 ) ) ;
#52 = LINE ( 'NONE', #1026, #394 ) ;
#53 = VERTEX_POINT ( 'NONE', #600 ) ;
#54 =( LENGTH_UNIT ( ) NAMED_UNIT ( * ) SI_UNIT ( .MILLI., .METRE. ) );
#55 = CARTESIAN_POINT ( 'NONE',  ( 0.000000000000000000, 0.000000000000000000, -2.179021378389835993E-16 ) ) ;
#56 = CARTESIAN_POINT ( 'NONE',  ( 19.00000000000000355, 1.500000000000000222, 6.000000000000000000 ) ) ;
#57 = ORIENTED_EDGE ( 'NONE', *, *, #936, .F. ) ;
#58 = PRODUCT ( 'Steering-Ball', 'Steering-Ball', '', ( #1199 ) ) ;
#59 = SPHERICAL_SURFACE ( 'NONE', #66, 3.901602234979880901 ) ;
#60 = CARTESIAN_POINT ( 'NONE',  ( 7.500000000000000000, -2.000000000000000000, -2.250000000000000000 ) ) ;
#61 = CARTESIAN_POINT ( 'NONE',  ( 0.4999999999999978351, 3.000000000000000000, 6.000000000000000000 ) ) ;
#62 = ORIENTED_EDGE ( 'NONE', *, *, #810, .T. ) ;
#63 = ADVANCED_FACE ( 'NONE', ( #685, #1122, #801 ), #609, .F. ) ;
#64 = EDGE_CURVE ( 'NONE', #585, #434, #1127, .T. ) ;
#65 = FACE_OUTER_BOUND ( 'NONE', #92, .T. ) ;
#66 = AXIS2_PLACEMENT_3D ( 'NONE', #599, #910, #384 ) ;
#67 = CARTESIAN_POINT ( 'NONE',  ( 7.500000000000000000, 0.000000000000000000, 0.000000000000000000 ) ) ;
#68 = CARTESIAN_POINT ( 'NONE',  ( 7.500000000000000000, 5.000000000000000000, -2.249999999999998224 ) ) ;
#69 = EDGE_LOOP ( 'NONE', ( #868, #804, #196, #1081 ) ) ;
#70 = PRESENTATION_STYLE_ASSIGNMENT (( #930 ) ) ;
#71 = CIRCLE ( 'NONE', #644, 3.000000000000000000 ) ;
#72 = CIRCLE ( 'NONE', #190, 3.901602234979880901 ) ;
#73 = FACE_OUTER_BOUND ( 'NONE', #959, .T. ) ;
#74 =( GEOMETRIC_REPRESENTATION_CONTEXT ( 3 ) GLOBAL_UNCERTAINTY_ASSIGNED_CONTEXT ( ( #1041 ) ) GLOBAL_UNIT_ASSIGNED_CONTEXT ( ( #1309, #464, #571 ) ) REPRESENTATION_CONTEXT ( 'NONE', 'WORKASPACE' ) );
#75 = DIRECTION ( 'NONE',  ( -1.000000000000000000, 0.000000000000000000, 0.000000000000000000 ) ) ;
#76 = CARTESIAN_POINT ( 'NONE',  ( -17.00000000000000000, -1.500000000000000000, 4.275643679511808237 ) ) ;
#77 = ORIENTED_EDGE ( 'NONE', *, *, #999, .F. ) ;
#78 =( NAMED_UNIT ( * ) PLANE_ANGLE_UNIT ( ) SI_UNIT ( $, .RADIAN. ) );
#79 = EDGE_CURVE ( 'NONE', #1216, #233, #651, .T. ) ;
#80 = CARTESIAN_POINT ( 'NONE',  ( 10.49999999999999822, 1.500000000000000000, -2.250000000000000444 ) ) ;
#81 = AXIS2_PLACEMENT_3D ( 'NONE', #424, #301, #645 ) ;
#82 = CARTESIAN_POINT ( 'NONE',  ( 0.000000000000000000, -2.000000000000000000, -4.628314976684542407E-16 ) ) ;
#83 = CARTESIAN_POINT ( 'NONE',  ( 19.00000000000000355, 1.500000000000000222, 6.000000000000000000 ) ) ;
#84 = ADVANCED_FACE ( 'NONE', ( #1145 ), #706, .F. ) ;
#85 = VECTOR ( 'NONE', #505, 1000.000000000000000 ) ;
#86 = ORIENTED_EDGE ( 'NONE', *, *, #146, .F. ) ;
#87 = EDGE_LOOP ( 'NONE', ( #1239, #1194, #155, #1319, #458, #956, #408, #144, #135, #93 ) ) ;
#88 = DIRECTION ( 'NONE',  ( -0.000000000000000000, -0.000000000000000000, -1.000000000000000000 ) ) ;
#89 = CARTESIAN_POINT ( 'NONE',  ( -17.00000000000000000, 0.000000000000000000, 0.000000000000000000 ) ) ;
#90 = CARTESIAN_POINT ( 'NONE',  ( -17.00000000000000000, 1.500000000000000000, 0.000000000000000000 ) ) ;
#91 = PRESENTATION_LAYER_ASSIGNMENT (  '', '', ( #762 ) ) ;
#92 = EDGE_LOOP ( 'NONE', ( #62, #317, #750, #443 ) ) ;
#93 = ORIENTED_EDGE ( 'NONE', *, *, #772, .F. ) ;
#94 = DIRECTION ( 'NONE',  ( 0.000000000000000000, 0.000000000000000000, 1.000000000000000000 ) ) ;
#95 = CARTESIAN_POINT ( 'NONE',  ( 17.50000000000000000, 1.500000000000000000, 6.000000000000000000 ) ) ;
#96 = CARTESIAN_POINT ( 'NONE',  ( -19.50000000000000000, 2.000000000000000000, -3.000000000000000000 ) ) ;
#97 = AXIS2_PLACEMENT_3D ( 'NONE', #481, #610, #1036 ) ;
#98 = ORIENTED_EDGE ( 'NONE', *, *, #489, .F. ) ;
#99 = VERTEX_POINT ( 'NONE', #926 ) ;
#100 = ADVANCED_FACE ( 'NONE', ( #605 ), #1223, .F. ) ;
#101 = DIRECTION ( 'NONE',  ( 9.120916465742055574E-16, 0.000000000000000000, -1.000000000000000000 ) ) ;
#102 = FACE_BOUND ( 'NONE', #829, .T. ) ;
#103 = CARTESIAN_POINT ( 'NONE',  ( -17.00000000000000000, 1.500000000000000000, -4.275643679511808237 ) ) ;
#104 = ORIENTED_EDGE ( 'NONE', *, *, #1271, .T. ) ;
#105 = VERTEX_POINT ( 'NONE', #907 ) ;
#106 = CLOSED_SHELL ( 'NONE', ( #751, #529, #1279, #922, #217, #472 ) ) ;
#107 = EDGE_CURVE ( 'NONE', #1326, #434, #1054, .T. ) ;
#108 = EDGE_CURVE ( 'NONE', #735, #792, #254, .T. ) ;
#109 = DIRECTION ( 'NONE',  ( 0.000000000000000000, 0.000000000000000000, 1.000000000000000000 ) ) ;
#110 = CARTESIAN_POINT ( 'NONE',  ( -19.50000000000000000, -2.000000000000000000, 3.000000000000000000 ) ) ;
#111 = EDGE_LOOP ( 'NONE', ( #784, #1386, #38, #1 ) ) ;
#112 = FACE_OUTER_BOUND ( 'NONE', #1071, .T. ) ;
#113 = AXIS2_PLACEMENT_3D ( 'NONE', #305, #1043, #1272 ) ;
#114 = EDGE_LOOP ( 'NONE', ( #342, #162 ) ) ;
#115 = AXIS2_PLACEMENT_3D ( 'NONE', #80, #939, #1265 ) ;
#116 = FACE_OUTER_BOUND ( 'NONE', #406, .T. ) ;
#117 = DIRECTION ( 'NONE',  ( -0.000000000000000000, 1.000000000000000000, -0.000000000000000000 ) ) ;
#118 = CARTESIAN_POINT ( 'NONE',  ( 996.6157720358015695, 1077.164665523936719, -43.89112473456865615 ) ) ;
#119 = AXIS2_PLACEMENT_3D ( 'NONE', #118, #679, #563 ) ;
#120 = ORIENTED_EDGE ( 'NONE', *, *, #1346, .T. ) ;
#121 = DIRECTION ( 'NONE',  ( 0.000000000000000000, -1.294569758191647402E-16, 1.000000000000000000 ) ) ;
#122 = EDGE_LOOP ( 'NONE', ( #1289, #263 ) ) ;
#123 = LINE ( 'NONE', #962, #140 ) ;
#124 = EDGE_CURVE ( 'NONE', #53, #22, #1012, .T. ) ;
#125 = DIRECTION ( 'NONE',  ( 1.000000000000000000, 0.000000000000000000, 0.000000000000000000 ) ) ;
#126 = APPLICATION_CONTEXT ( 'automotive_design' ) ;
#127 = ADVANCED_FACE ( 'NONE', ( #911 ), #172, .T. ) ;
#128 = ORIENTED_EDGE ( 'NONE', *, *, #798, .F. ) ;
#129 = CARTESIAN_POINT ( 'NONE',  ( 0.000000000000000000, 1.999999999999999112, 2.702722199048697746E-17 ) ) ;
#130 = EDGE_LOOP ( 'NONE', ( #1307, #1048, #1107, #788 ) ) ;
#131 = VECTOR ( 'NONE', #1111, 1000.000000000000000 ) ;
#132 = LINE ( 'NONE', #460, #167 ) ;
#133 = VERTEX_POINT ( 'NONE', #487 ) ;
#134 = DIRECTION ( 'NONE',  ( -0.000000000000000000, 1.000000000000000000, 1.224646799147353454E-16 ) ) ;
#135 = ORIENTED_EDGE ( 'NONE', *, *, #616, .T. ) ;
#136 = CARTESIAN_POINT ( 'NONE',  ( -17.00000000000000000, -1.500000000000000000, 0.000000000000000000 ) ) ;
#137 = VERTEX_POINT ( 'NONE', #1337 ) ;
#138 = CIRCLE ( 'NONE', #920, 1.500000000000001332 ) ;
#139 =( NAMED_UNIT ( * ) SI_UNIT ( $, .STERADIAN. ) SOLID_ANGLE_UNIT ( ) );
#140 = VECTOR ( 'NONE', #1072, 1000.000000000000000 ) ;
#141 = DIRECTION ( 'NONE',  ( 0.000000000000000000, 0.000000000000000000, -1.000000000000000000 ) ) ;
#142 = CIRCLE ( 'NONE', #6, 1.000000000000000000 ) ;
#143 = AXIS2_PLACEMENT_3D ( 'NONE', #968, #5, #436 ) ;
#144 = ORIENTED_EDGE ( 'NONE', *, *, #246, .F. ) ;
#145 = FACE_BOUND ( 'NONE', #1292, .T. ) ;
#146 = EDGE_CURVE ( 'NONE', #333, #233, #1031, .T. ) ;
#147 = AXIS2_PLACEMENT_3D ( 'NONE', #30, #466, #1312 ) ;
#148 = ORIENTED_EDGE ( 'NONE', *, *, #852, .F. ) ;
#149 = AXIS2_PLACEMENT_3D ( 'NONE', #494, #1074, #412 ) ;
#150 = APPLICATION_CONTEXT ( 'automotive_design' ) ;
#151 = EDGE_CURVE ( 'NONE', #233, #1216, #805, .T. ) ;
#152 = DIRECTION ( 'NONE',  ( 0.000000000000000000, -1.000000000000000000, 0.000000000000000000 ) ) ;
#153 = DIRECTION ( 'NONE',  ( 0.000000000000000000, 0.000000000000000000, -1.000000000000000000 ) ) ;
#154 = LINE ( 'NONE', #1298, #256 ) ;
#155 = ORIENTED_EDGE ( 'NONE', *, *, #486, .F. ) ;
#156 = AXIS2_PLACEMENT_3D ( 'NONE', #89, #626, #933 ) ;
#157 = FILL_AREA_STYLE_COLOUR ( '', #1375 ) ;
#158 = EDGE_CURVE ( 'NONE', #942, #180, #691, .T. ) ;
#159 = CARTESIAN_POINT ( 'NONE',  ( 0.4999999999999978351, 2.000000000000000000, 0.000000000000000000 ) ) ;
#160 = CARTESIAN_POINT ( 'NONE',  ( -22.50000000000000000, 2.000000000000000000, -6.000000000000000000 ) ) ;
#161 = DIRECTION ( 'NONE',  ( -0.000000000000000000, -1.000000000000000000, -0.000000000000000000 ) ) ;
#162 = ORIENTED_EDGE ( 'NONE', *, *, #79, .F. ) ;
#163 = AXIS2_PLACEMENT_3D ( 'NONE', #314, #1073, #739 ) ;
#164 = LINE ( 'NONE', #159, #738 ) ;
#165 = VECTOR ( 'NONE', #1162, 1000.000000000000000 ) ;
#166 = DIRECTION ( 'NONE',  ( -1.000000000000000000, -0.000000000000000000, -0.000000000000000000 ) ) ;
#167 = VECTOR ( 'NONE', #11, 1000.000000000000000 ) ;
#168 = CARTESIAN_POINT ( 'NONE',  ( 12.00000000000000000, 1.500000000000000222, 2.250000000000000000 ) ) ;
#169 = VERTEX_POINT ( 'NONE', #60 ) ;
#170 = STYLED_ITEM ( 'NONE', ( #70 ), #915 ) ;
#171 = AXIS2_PLACEMENT_3D ( 'NONE', #1380, #589, #783 ) ;
#172 = PLANE ( 'NONE',  #873 ) ;
#173 = CARTESIAN_POINT ( 'NONE',  ( 17.50000000000000000, 1.500000000000000000, -6.000000000000000000 ) ) ;
#174 = EDGE_CURVE ( 'NONE', #285, #965, #1248, .T. ) ;
#175 = EDGE_CURVE ( 'NONE', #328, #549, #847, .T. ) ;
#176 = ORIENTED_EDGE ( 'NONE', *, *, #1346, .F. ) ;
#177 = VECTOR ( 'NONE', #166, 1000.000000000000000 ) ;
#178 = CARTESIAN_POINT ( 'NONE',  ( 17.50000000000000000, 1.500000000000000000, 2.250000000000000000 ) ) ;
#179 = LINE ( 'NONE', #620, #1334 ) ;
#180 = VERTEX_POINT ( 'NONE', #631 ) ;
#181 = DIRECTION ( 'NONE',  ( 0.000000000000000000, 1.000000000000000000, 0.000000000000000000 ) ) ;
#182 = EDGE_CURVE ( 'NONE', #200, #753, #1388, .T. ) ;
#183 = CIRCLE ( 'NONE', #966, 1.500000000000001332 ) ;
#184 = DIRECTION ( 'NONE',  ( -0.000000000000000000, -1.000000000000000000, -0.000000000000000000 ) ) ;
#185 = CARTESIAN_POINT ( 'NONE',  ( -17.00000000000000000, 2.000000000000000000, 4.275643679511808237 ) ) ;
#186 = ORIENTED_EDGE ( 'NONE', *, *, #24, .T. ) ;
#187 = CARTESIAN_POINT ( 'NONE',  ( -19.50000000000000000, -2.000000000000000000, -6.000000000000000000 ) ) ;
#188 = ADVANCED_FACE ( 'NONE', ( #195 ), #1045, .F. ) ;
#189 = AXIS2_PLACEMENT_3D ( 'NONE', #173, #606, #814 ) ;
#190 = AXIS2_PLACEMENT_3D ( 'NONE', #905, #785, #360 ) ;
#191 = ADVANCED_FACE ( 'NONE', ( #827 ), #726, .F. ) ;
#192 = CARTESIAN_POINT ( 'NONE',  ( -17.00000000000000000, -1.334478334024252533, 3.803835902877495290 ) ) ;
#193 = TOROIDAL_SURFACE ( 'NONE', #1203, 4.275643679511808237, 0.5000000000000000000 ) ;
#194 = VECTOR ( 'NONE', #927, 1000.000000000000000 ) ;
#195 = FACE_OUTER_BOUND ( 'NONE', #994, .T. ) ;
#196 = ORIENTED_EDGE ( 'NONE', *, *, #831, .T. ) ;
#197 = ORIENTED_EDGE ( 'NONE', *, *, #276, .T. ) ;
#198 = CARTESIAN_POINT ( 'NONE',  ( 22.49999999999999645, -2.000000000000000000, -6.000000000000000000 ) ) ;
#199 = DIRECTION ( 'NONE',  ( 1.000000000000000000, 0.000000000000000000, -0.000000000000000000 ) ) ;
#200 = VERTEX_POINT ( 'NONE', #1050 ) ;
#201 = DIRECTION ( 'NONE',  ( 0.000000000000000000, 1.000000000000000000, 0.000000000000000000 ) ) ;
#202 = ORIENTED_EDGE ( 'NONE', *, *, #741, .F. ) ;
#203 = CARTESIAN_POINT ( 'NONE',  ( 12.00000000000000000, 1.500000000000000222, 6.000000000000000000 ) ) ;
#204 = DIRECTION ( 'NONE',  ( 0.000000000000000000, 0.000000000000000000, -1.000000000000000000 ) ) ;
#205 = ADVANCED_FACE ( 'NONE', ( #526 ), #1259, .F. ) ;
#206 = ORIENTED_EDGE ( 'NONE', *, *, #1077, .T. ) ;
#207 = CIRCLE ( 'NONE', #551, 1.500000000000001332 ) ;
#208 = VERTEX_POINT ( 'NONE', #1056 ) ;
#209 = CIRCLE ( 'NONE', #947, 1.750000000000000000 ) ;
#210 = CARTESIAN_POINT ( 'NONE',  ( 0.000000000000000000, 1.999999999999998668, 3.350000000000000533 ) ) ;
#211 = CIRCLE ( 'NONE', #951, 3.803835902877494846 ) ;
#212 = DIRECTION ( 'NONE',  ( 0.000000000000000000, 0.000000000000000000, 1.000000000000000000 ) ) ;
#213 = ADVANCED_FACE ( 'NONE', ( #1163, #820, #1363 ), #1155, .F. ) ;
#214 = CIRCLE ( 'NONE', #507, 3.775643679511807793 ) ;
#215 = VERTEX_POINT ( 'NONE', #291 ) ;
#216 = EDGE_CURVE ( 'NONE', #1033, #573, #1030, .T. ) ;
#217 = ADVANCED_FACE ( 'NONE', ( #102, #638 ), #1376, .T. ) ;
#218 = ORIENTED_EDGE ( 'NONE', *, *, #787, .F. ) ;
#219 = PLANE ( 'NONE',  #504 ) ;
#220 = CARTESIAN_POINT ( 'NONE',  ( 7.500000000000000000, 2.000000000000000000, -2.250000000000000000 ) ) ;
#221 = DIRECTION ( 'NONE',  ( 0.000000000000000000, 0.000000000000000000, 1.000000000000000000 ) ) ;
#222 = ORIENTED_EDGE ( 'NONE', *, *, #175, .F. ) ;
#223 = ORIENTED_EDGE ( 'NONE', *, *, #854, .T. ) ;
#224 = CARTESIAN_POINT ( 'NONE',  ( 10.49999999999999822, 1.500000000000000000, -6.000000000000000000 ) ) ;
#225 = CYLINDRICAL_SURFACE ( 'NONE', #1017, 1.500000000000001332 ) ;
#226 = AXIS2_PLACEMENT_3D ( 'NONE', #888, #570, #438 ) ;
#227 = VERTEX_POINT ( 'NONE', #946 ) ;
#228 = FACE_OUTER_BOUND ( 'NONE', #677, .T. ) ;
#229 = ORIENTED_EDGE ( 'NONE', *, *, #787, .T. ) ;
#230 = FACE_OUTER_BOUND ( 'NONE', #880, .T. ) ;
#231 = ADVANCED_FACE ( 'NONE', ( #417 ), #1273, .F. ) ;
#232 = DIRECTION ( 'NONE',  ( 0.000000000000000000, 0.000000000000000000, 1.000000000000000000 ) ) ;
#233 = VERTEX_POINT ( 'NONE', #1170 ) ;
#234 = DIRECTION ( 'NONE',  ( -0.000000000000000000, 1.000000000000000000, 1.224646799147353454E-16 ) ) ;
#235 = ORIENTED_EDGE ( 'NONE', *, *, #246, .T. ) ;
#236 = DIRECTION ( 'NONE',  ( 0.000000000000000000, 0.000000000000000000, -1.000000000000000000 ) ) ;
#237 = LINE ( 'NONE', #243, #523 ) ;
#238 = ORIENTED_EDGE ( 'NONE', *, *, #151, .T. ) ;
#239 = FACE_OUTER_BOUND ( 'NONE', #1100, .T. ) ;
#240 = ORIENTED_EDGE ( 'NONE', *, *, #1288, .T. ) ;
#241 = AXIS2_PLACEMENT_3D ( 'NONE', #178, #1128, #1019 ) ;
#242 = DIRECTION ( 'NONE',  ( 0.000000000000000000, 0.000000000000000000, -1.000000000000000000 ) ) ;
#243 = CARTESIAN_POINT ( 'NONE',  ( 2.143131898507868297E-16, -8.000000000000000000, -1.750000000000001332 ) ) ;
#244 = CARTESIAN_POINT ( 'NONE',  ( 0.000000000000000000, 1.999999999999999112, 1.750000000000000000 ) ) ;
#245 = LINE ( 'NONE', #1224, #1335 ) ;
#246 = EDGE_CURVE ( 'NONE', #698, #687, #954, .T. ) ;
#247 = VERTEX_POINT ( 'NONE', #411 ) ;
#248 = FACE_OUTER_BOUND ( 'NONE', #130, .T. ) ;
#249 = PRODUCT ( 'Steering-Servo-Arm', 'Steering-Servo-Arm', '', ( #664 ) ) ;
#250 = CARTESIAN_POINT ( 'NONE',  ( 22.50000000000000000, 5.000000000000000000, 2.250000000000000000 ) ) ;
#251 = CIRCLE ( 'NONE', #370, 3.775643679511807793 ) ;
#252 = TOROIDAL_SURFACE ( 'NONE', #887, 4.275643679511808237, 0.5000000000000000000 ) ;
#253 = AXIS2_PLACEMENT_3D ( 'NONE', #1204, #878, #236 ) ;
#254 = LINE ( 'NONE', #372, #1300 ) ;
#255 = FACE_BOUND ( 'NONE', #114, .T. ) ;
#256 = VECTOR ( 'NONE', #341, 1000.000000000000000 ) ;
#257 = ORIENTED_EDGE ( 'NONE', *, *, #1269, .T. ) ;
#258 = AXIS2_PLACEMENT_3D ( 'NONE', #283, #1046, #1249 ) ;
#259 = PLANE ( 'NONE',  #1157 ) ;
#260 = CARTESIAN_POINT ( 'NONE',  ( 0.000000000000000000, 5.000000000000000000, 0.000000000000000000 ) ) ;
#261 = CARTESIAN_POINT ( 'NONE',  ( -22.50000000000000000, 2.000000000000000000, 6.000000000000000000 ) ) ;
#262 = CARTESIAN_POINT ( 'NONE',  ( -22.50000000000000000, 2.000000000000000000, 6.000000000000000000 ) ) ;
#263 = ORIENTED_EDGE ( 'NONE', *, *, #361, .T. ) ;
#264 = CARTESIAN_POINT ( 'NONE',  ( 0.000000000000000000, 0.000000000000000000, -2.179021378389835993E-16 ) ) ;
#265 = VECTOR ( 'NONE', #807, 1000.000000000000000 ) ;
#266 = PLANE ( 'NONE',  #1182 ) ;
#267 = ORIENTED_EDGE ( 'NONE', *, *, #611, .T. ) ;
#268 = DIRECTION ( 'NONE',  ( 0.000000000000000000, 1.000000000000000000, -0.000000000000000000 ) ) ;
#269 = EDGE_CURVE ( 'NONE', #99, #413, #289, .T. ) ;
#270 = EDGE_CURVE ( 'NONE', #659, #1339, #502, .T. ) ;
#271 = VECTOR ( 'NONE', #846, 1000.000000000000000 ) ;
#272 = DIRECTION ( 'NONE',  ( 1.000000000000000000, 0.000000000000000000, 0.000000000000000000 ) ) ;
#273 = DIRECTION ( 'NONE',  ( -1.000000000000000000, -0.000000000000000000, -0.000000000000000000 ) ) ;
#274 = ORIENTED_EDGE ( 'NONE', *, *, #175, .T. ) ;
#275 = VECTOR ( 'NONE', #652, 1000.000000000000000 ) ;
#276 = EDGE_CURVE ( 'NONE', #792, #736, #718, .T. ) ;
#277 = CARTESIAN_POINT ( 'NONE',  ( 1.499999999999997780, 5.000000000000000000, 6.000000000000000000 ) ) ;
#278 = DIRECTION ( 'NONE',  ( -0.000000000000000000, 1.000000000000000000, -0.000000000000000000 ) ) ;
#279 = EDGE_LOOP ( 'NONE', ( #816, #98, #633, #988 ) ) ;
#280 = LINE ( 'NONE', #203, #619 ) ;
#281 = CIRCLE ( 'NONE', #756, 3.000000000000000000 ) ;
#282 = DIRECTION ( 'NONE',  ( 0.000000000000000000, 0.000000000000000000, -1.000000000000000000 ) ) ;
#283 = CARTESIAN_POINT ( 'NONE',  ( -17.00000000000000000, 1.500000000000000000, 0.000000000000000000 ) ) ;
#284 = EDGE_CURVE ( 'NONE', #672, #654, #1037, .T. ) ;
#285 = VERTEX_POINT ( 'NONE', #1097 ) ;
#286 = DIRECTION ( 'NONE',  ( 0.000000000000000000, 1.000000000000000000, 0.000000000000000000 ) ) ;
#287 = EDGE_CURVE ( 'NONE', #942, #753, #430, .T. ) ;
#288 = DIRECTION ( 'NONE',  ( -0.000000000000000000, -1.000000000000000000, -0.000000000000000000 ) ) ;
#289 = CIRCLE ( 'NONE', #163, 4.275643679511808237 ) ;
#290 = AXIS2_PLACEMENT_3D ( 'NONE', #479, #916, #1016 ) ;
#291 = CARTESIAN_POINT ( 'NONE',  ( 2.499999999999997335, 5.000000000000000000, 6.000000000000000000 ) ) ;
#292 = CARTESIAN_POINT ( 'NONE',  ( 8.999999999999998224, 1.500000000000000000, -2.250000000000000444 ) ) ;
#293 = AXIS2_PLACEMENT_3D ( 'NONE', #1055, #524, #945 ) ;
#294 = ORIENTED_EDGE ( 'NONE', *, *, #421, .F. ) ;
#295 = CIRCLE ( 'NONE', #253, 0.4999999999999995559 ) ;
#296 = CIRCLE ( 'NONE', #347, 0.4999999999999995559 ) ;
#297 = VERTEX_POINT ( 'NONE', #562 ) ;
#298 = PRODUCT_RELATED_PRODUCT_CATEGORY ( 'part', '', ( #58 ) ) ;
#299 = CIRCLE ( 'NONE', #1093, 3.803835902877494846 ) ;
#300 = CARTESIAN_POINT ( 'NONE',  ( -22.50000000000000000, 2.000000000000000000, -3.000000000000000000 ) ) ;
#301 = DIRECTION ( 'NONE',  ( -0.000000000000000000, -0.000000000000000000, -1.000000000000000000 ) ) ;
#302 = DIRECTION ( 'NONE',  ( 0.000000000000000000, 1.000000000000000000, 0.000000000000000000 ) ) ;
#303 = EDGE_LOOP ( 'NONE', ( #257, #304, #680, #876, #475, #1371 ) ) ;
#304 = ORIENTED_EDGE ( 'NONE', *, *, #489, .T. ) ;
#305 = CARTESIAN_POINT ( 'NONE',  ( -17.00000000000000000, -1.500000000000000000, 0.000000000000000000 ) ) ;
#306 = DIRECTION ( 'NONE',  ( -0.000000000000000000, -1.000000000000000000, -0.000000000000000000 ) ) ;
#307 = DIRECTION ( 'NONE',  ( 1.000000000000000000, -0.000000000000000000, 1.224646799147353207E-16 ) ) ;
#308 = AXIS2_PLACEMENT_3D ( 'NONE', #1233, #1358, #588 ) ;
#309 = ORIENTED_EDGE ( 'NONE', *, *, #429, .T. ) ;
#310 = DIRECTION ( 'NONE',  ( 0.000000000000000000, 0.000000000000000000, 1.000000000000000000 ) ) ;
#311 = ORIENTED_EDGE ( 'NONE', *, *, #355, .F. ) ;
#312 = EDGE_CURVE ( 'NONE', #569, #1188, #346, .T. ) ;
#313 = CARTESIAN_POINT ( 'NONE',  ( -22.50000000000000000, 2.000000000000000000, 3.000000000000000888 ) ) ;
#314 = CARTESIAN_POINT ( 'NONE',  ( -17.00000000000000000, -2.000000000000000000, 0.000000000000000000 ) ) ;
#315 = DIRECTION ( 'NONE',  ( 0.000000000000000000, 1.000000000000000000, 0.000000000000000000 ) ) ;
#316 = ADVANCED_FACE ( 'NONE', ( #19 ), #1109, .T. ) ;
#317 = ORIENTED_EDGE ( 'NONE', *, *, #632, .T. ) ;
#318 = VECTOR ( 'NONE', #668, 1000.000000000000000 ) ;
#319 = ORIENTED_EDGE ( 'NONE', *, *, #450, .F. ) ;
#320 = CIRCLE ( 'NONE', #975, 3.803835902877494846 ) ;
#321 = AXIS2_PLACEMENT_3D ( 'NONE', #1293, #754, #655 ) ;
#322 = DIRECTION ( 'NONE',  ( 0.000000000000000000, 1.000000000000000000, 1.224646799147353454E-16 ) ) ;
#323 = CIRCLE ( 'NONE', #463, 1.750000000000000000 ) ;
#324 = AXIS2_PLACEMENT_3D ( 'NONE', #869, #574, #121 ) ;
#325 = CARTESIAN_POINT ( 'NONE',  ( -17.00000000000000000, -1.334478334024252533, 0.000000000000000000 ) ) ;
#326 = LINE ( 'NONE', #534, #1002 ) ;
#327 = ORIENTED_EDGE ( 'NONE', *, *, #1315, .F. ) ;
#328 = VERTEX_POINT ( 'NONE', #881 ) ;
#329 = LINE ( 'NONE', #1301, #318 ) ;
#330 = DIRECTION ( 'NONE',  ( -0.000000000000000000, -0.000000000000000000, -1.000000000000000000 ) ) ;
#331 = ORIENTED_EDGE ( 'NONE', *, *, #616, .F. ) ;
#332 = DIRECTION ( 'NONE',  ( 0.000000000000000000, -0.000000000000000000, 1.000000000000000000 ) ) ;
#333 = VERTEX_POINT ( 'NONE', #1308 ) ;
#334 = EDGE_CURVE ( 'NONE', #1065, #1014, #614, .T. ) ;
#335 = UNCERTAINTY_MEASURE_WITH_UNIT (LENGTH_MEASURE( 1.000000000000000082E-05 ), #1110, 'distance_accuracy_value', 'NONE');
#336 = CARTESIAN_POINT ( 'NONE',  ( 12.00000000000000000, 1.500000000000000222, -2.250000000000000444 ) ) ;
#337 = FACE_BOUND ( 'NONE', #353, .T. ) ;
#338 =( NAMED_UNIT ( * ) SI_UNIT ( $, .STERADIAN. ) SOLID_ANGLE_UNIT ( ) );
#339 = AXIS2_PLACEMENT_3D ( 'NONE', #1079, #141, #1192 ) ;
#340 = ORIENTED_EDGE ( 'NONE', *, *, #174, .F. ) ;
#341 = DIRECTION ( 'NONE',  ( 0.000000000000000000, 0.000000000000000000, 1.000000000000000000 ) ) ;
#342 = ORIENTED_EDGE ( 'NONE', *, *, #151, .F. ) ;
#343 = PRODUCT_DEFINITION_SHAPE ( 'NONE', 'NONE',  #50 ) ;
#344 = ADVANCED_FACE ( 'NONE', ( #1205, #337, #581 ), #678, .T. ) ;
#345 = DIRECTION ( 'NONE',  ( 1.000000000000000000, 0.000000000000000000, 0.000000000000000000 ) ) ;
#346 = LINE ( 'NONE', #992, #1261 ) ;
#347 = AXIS2_PLACEMENT_3D ( 'NONE', #871, #1138, #989 ) ;
#348 = PRESENTATION_LAYER_ASSIGNMENT (  '', '', ( #170 ) ) ;
#349 = ORIENTED_EDGE ( 'NONE', *, *, #421, .T. ) ;
#350 = DIRECTION ( 'NONE',  ( -0.000000000000000000, -0.000000000000000000, 1.000000000000000000 ) ) ;
#351 = VERTEX_POINT ( 'NONE', #1003 ) ;
#352 = DIRECTION ( 'NONE',  ( 0.000000000000000000, 1.000000000000000000, 0.000000000000000000 ) ) ;
#353 = EDGE_LOOP ( 'NONE', ( #576, #564 ) ) ;
#354 = DIRECTION ( 'NONE',  ( -0.000000000000000000, -1.000000000000000000, -0.000000000000000000 ) ) ;
#355 = EDGE_CURVE ( 'NONE', #227, #1321, #879, .T. ) ;
#356 = ORIENTED_EDGE ( 'NONE', *, *, #852, .T. ) ;
#357 = DIRECTION ( 'NONE',  ( 0.000000000000000000, 1.000000000000000000, 0.000000000000000000 ) ) ;
#358 = ORIENTED_EDGE ( 'NONE', *, *, #913, .T. ) ;
#359 = AXIS2_PLACEMENT_3D ( 'NONE', #795, #1035, #1025 ) ;
#360 = DIRECTION ( 'NONE',  ( 0.000000000000000000, 0.000000000000000000, 1.000000000000000000 ) ) ;
#361 = EDGE_CURVE ( 'NONE', #413, #99, #656, .T. ) ;
#362 = CARTESIAN_POINT ( 'NONE',  ( -17.00000000000000000, 2.000000000000000000, 0.000000000000000000 ) ) ;
#363 = DIRECTION ( 'NONE',  ( 0.000000000000000000, 0.000000000000000000, 1.000000000000000000 ) ) ;
#364 = PRODUCT_DEFINITION ( 'UNKNOWN', '', #700, #1211 ) ;
#365 = VERTEX_POINT ( 'NONE', #976 ) ;
#366 = CARTESIAN_POINT ( 'NONE',  ( 0.4999999999999900080, 2.000000000000000000, 6.000000000000000000 ) ) ;
#367 = ORIENTED_EDGE ( 'NONE', *, *, #812, .F. ) ;
#368 = FACE_BOUND ( 'NONE', #122, .T. ) ;
#369 = DIRECTION ( 'NONE',  ( -0.000000000000000000, 0.000000000000000000, -1.000000000000000000 ) ) ;
#370 = AXIS2_PLACEMENT_3D ( 'NONE', #761, #352, #982 ) ;
#371 = VECTOR ( 'NONE', #273, 1000.000000000000000 ) ;
#372 = CARTESIAN_POINT ( 'NONE',  ( 22.50000000000000000, -2.000000000000000000, -6.000000000000000000 ) ) ;
#373 = CARTESIAN_POINT ( 'NONE',  ( -19.50000000000000000, 2.000000000000000000, -6.000000000000000000 ) ) ;
#374 = AXIS2_PLACEMENT_3D ( 'NONE', #1058, #550, #310 ) ;
#375 = EDGE_LOOP ( 'NONE', ( #218, #1297 ) ) ;
#376 = VECTOR ( 'NONE', #278, 1000.000000000000000 ) ;
#377 = DIRECTION ( 'NONE',  ( 0.000000000000000000, 0.000000000000000000, 1.000000000000000000 ) ) ;
#378 = DIRECTION ( 'NONE',  ( 0.000000000000000000, 1.000000000000000000, 0.000000000000000000 ) ) ;
#379 = DIRECTION ( 'NONE',  ( -0.000000000000000000, 1.000000000000000000, 1.224646799147353454E-16 ) ) ;
#380 = DIRECTION ( 'NONE',  ( -1.000000000000000000, 0.000000000000000000, 0.000000000000000000 ) ) ;
#381 = EDGE_CURVE ( 'NONE', #105, #607, #1133, .T. ) ;
#382 = ORIENTED_EDGE ( 'NONE', *, *, #422, .F. ) ;
#383 = EDGE_CURVE ( 'NONE', #1160, #542, #48, .T. ) ;
#384 = DIRECTION ( 'NONE',  ( 0.000000000000000000, -1.224646799147353454E-16, 1.000000000000000000 ) ) ;
#385 = CARTESIAN_POINT ( 'NONE',  ( 0.000000000000000000, -8.000000000000000000, 1.749999999999998668 ) ) ;
#386 = DIRECTION ( 'NONE',  ( -0.000000000000000000, -0.000000000000000000, -1.000000000000000000 ) ) ;
#387 = ORIENTED_EDGE ( 'NONE', *, *, #546, .T. ) ;
#388 = VECTOR ( 'NONE', #963, 1000.000000000000000 ) ;
#389 = DIRECTION ( 'NONE',  ( 0.000000000000000000, 1.000000000000000000, 0.000000000000000000 ) ) ;
#390 = CARTESIAN_POINT ( 'NONE',  ( 8.999999999999998224, 1.500000000000000000, 6.000000000000000000 ) ) ;
#391 = LINE ( 'NONE', #500, #371 ) ;
#392 = AXIS2_PLACEMENT_3D ( 'NONE', #1185, #662, #643 ) ;
#393 = ORIENTED_EDGE ( 'NONE', *, *, #694, .T. ) ;
#394 = VECTOR ( 'NONE', #161, 1000.000000000000000 ) ;
#395 = EDGE_CURVE ( 'NONE', #1381, #1014, #773, .T. ) ;
#396 = CARTESIAN_POINT ( 'NONE',  ( 19.00000000000000355, 1.500000000000000222, -6.000000000000000000 ) ) ;
#397 = CARTESIAN_POINT ( 'NONE',  ( 0.000000000000000000, 1.999999999999999112, 2.702722199048697746E-17 ) ) ;
#398 = CARTESIAN_POINT ( 'NONE',  ( -17.00000000000000000, 0.000000000000000000, 0.000000000000000000 ) ) ;
#399 = EDGE_CURVE ( 'NONE', #1245, #297, #237, .T. ) ;
#400 = ORIENTED_EDGE ( 'NONE', *, *, #594, .T. ) ;
#401 = DIRECTION ( 'NONE',  ( 0.000000000000000000, 0.000000000000000000, -1.000000000000000000 ) ) ;
#402 = CARTESIAN_POINT ( 'NONE',  ( -17.00000000000000000, -1.500000000000000000, 0.000000000000000000 ) ) ;
#403 = SHAPE_REPRESENTATION_RELATIONSHIP ( 'NONE' , 'NONE' ,  #892, #1181 ) ;
#404 = AXIS2_PLACEMENT_3D ( 'NONE', #95, #733, #1255 ) ;
#405 = ADVANCED_FACE ( 'NONE', ( #547 ), #225, .F. ) ;
#406 = EDGE_LOOP ( 'NONE', ( #823, #1167, #1311, #729 ) ) ;
#407 = CARTESIAN_POINT ( 'NONE',  ( -17.00000000000000000, 1.500000000000000000, 4.275643679511808237 ) ) ;
#408 = ORIENTED_EDGE ( 'NONE', *, *, #24, .F. ) ;
#409 = CIRCLE ( 'NONE', #1196, 3.803835902877494846 ) ;
#410 = CARTESIAN_POINT ( 'NONE',  ( -13.19616409712250515, -1.334478334024252533, 4.658355462940706075E-16 ) ) ;
#411 = CARTESIAN_POINT ( 'NONE',  ( 0.000000000000000000, -2.000000000000000444, 3.349999999999998757 ) ) ;
#412 = DIRECTION ( 'NONE',  ( 0.000000000000000000, 0.000000000000000000, 1.000000000000000000 ) ) ;
#413 = VERTEX_POINT ( 'NONE', #1318 ) ;
#414 = ORIENTED_EDGE ( 'NONE', *, *, #771, .T. ) ;
#415 = CIRCLE ( 'NONE', #602, 3.803835902877494846 ) ;
#416 = CARTESIAN_POINT ( 'NONE',  ( 17.50000000000000000, 1.500000000000000000, -2.250000000000000444 ) ) ;
#417 = FACE_OUTER_BOUND ( 'NONE', #111, .T. ) ;
#418 = DIRECTION ( 'NONE',  ( -1.000000000000000000, 0.000000000000000000, 0.000000000000000000 ) ) ;
#419 = ORIENTED_EDGE ( 'NONE', *, *, #771, .F. ) ;
#420 = ORIENTED_EDGE ( 'NONE', *, *, #608, .T. ) ;
#421 = EDGE_CURVE ( 'NONE', #629, #1130, #183, .T. ) ;
#422 = EDGE_CURVE ( 'NONE', #561, #495, #409, .T. ) ;
#423 = FACE_OUTER_BOUND ( 'NONE', #543, .T. ) ;
#424 = CARTESIAN_POINT ( 'NONE',  ( 10.49999999999999822, 1.500000000000000000, 6.000000000000000000 ) ) ;
#425 = DIRECTION ( 'NONE',  ( 0.000000000000000000, 0.000000000000000000, 1.000000000000000000 ) ) ;
#426 = ORIENTED_EDGE ( 'NONE', *, *, #64, .T. ) ;
#427 = ORIENTED_EDGE ( 'NONE', *, *, #1271, .F. ) ;
#428 = DIRECTION ( 'NONE',  ( 0.000000000000000000, 0.000000000000000000, -1.000000000000000000 ) ) ;
#429 = EDGE_CURVE ( 'NONE', #169, #137, #1186, .T. ) ;
#430 = CIRCLE ( 'NONE', #483, 1.000000000000000000 ) ;
#431 = CARTESIAN_POINT ( 'NONE',  ( -19.50000000000000000, 2.000000000000000000, 3.000000000000000000 ) ) ;
#432 = CARTESIAN_POINT ( 'NONE',  ( 0.000000000000000000, 0.000000000000000000, 0.000000000000000000 ) ) ;
#433 = CIRCLE ( 'NONE', #1174, 3.775643679511807793 ) ;
#434 = VERTEX_POINT ( 'NONE', #555 ) ;
#435 = EDGE_LOOP ( 'NONE', ( #349, #559 ) ) ;
#436 = DIRECTION ( 'NONE',  ( -1.000000000000000000, 0.000000000000000000, 0.000000000000000000 ) ) ;
#437 = AXIS2_PLACEMENT_3D ( 'NONE', #1222, #363, #1206 ) ;
#438 = DIRECTION ( 'NONE',  ( 0.000000000000000000, 0.000000000000000000, 1.000000000000000000 ) ) ;
#439 = CONTEXT_DEPENDENT_SHAPE_REPRESENTATION ( #1232, #1085 ) ;
#440 = CIRCLE ( 'NONE', #97, 3.349999999999999201 ) ;
#441 = EDGE_CURVE ( 'NONE', #137, #742, #12, .T. ) ;
#442 = ORIENTED_EDGE ( 'NONE', *, *, #383, .T. ) ;
#443 = ORIENTED_EDGE ( 'NONE', *, *, #395, .F. ) ;
#444 = DIRECTION ( 'NONE',  ( -1.000000000000000000, 0.000000000000000000, 0.000000000000000000 ) ) ;
#445 = MANIFOLD_SOLID_BREP ( 'Fillet17', #731 ) ;
#446 = CARTESIAN_POINT ( 'NONE',  ( 22.50000000000000000, 5.000000000000000000, -2.250000000000000000 ) ) ;
#447 = SHAPE_REPRESENTATION_RELATIONSHIP ( 'NONE' , 'NONE' ,  #1161, #35 ) ;
#448 = EDGE_LOOP ( 'NONE', ( #745, #1028, #1263, #393, #186, #929, #17, #970 ) ) ;
#449 = DIRECTION ( 'NONE',  ( 0.000000000000000000, 0.000000000000000000, 1.000000000000000000 ) ) ;
#450 = EDGE_CURVE ( 'NONE', #1038, #208, #1236, .T. ) ;
#451 = ORIENTED_EDGE ( 'NONE', *, *, #732, .T. ) ;
#452 = CARTESIAN_POINT ( 'NONE',  ( 0.000000000000000000, -8.000000000000000000, -1.197619577156866412E-15 ) ) ;
#453 = DIRECTION ( 'NONE',  ( 0.000000000000000000, 0.000000000000000000, -1.000000000000000000 ) ) ;
#454 = APPLICATION_PROTOCOL_DEFINITION ( 'draft international standard', 'automotive_design', 1998, #817 ) ;
#455 = VECTOR ( 'NONE', #117, 1000.000000000000000 ) ;
#456 = ORIENTED_EDGE ( 'NONE', *, *, #694, .F. ) ;
#457 = DIRECTION ( 'NONE',  ( 0.000000000000000000, 1.000000000000000000, 0.000000000000000000 ) ) ;
#458 = ORIENTED_EDGE ( 'NONE', *, *, #611, .F. ) ;
#459 = EDGE_CURVE ( 'NONE', #629, #549, #473, .T. ) ;
#460 = CARTESIAN_POINT ( 'NONE',  ( -19.50000000000000000, 2.000000000000000000, 6.000000000000000000 ) ) ;
#461 = EDGE_LOOP ( 'NONE', ( #331, #979, #647, #890 ) ) ;
#462 = DIRECTION ( 'NONE',  ( 0.000000000000000000, 0.000000000000000000, 1.000000000000000000 ) ) ;
#463 = AXIS2_PLACEMENT_3D ( 'NONE', #1361, #1366, #478 ) ;
#464 =( NAMED_UNIT ( * ) PLANE_ANGLE_UNIT ( ) SI_UNIT ( $, .RADIAN. ) );
#465 = ORIENTED_EDGE ( 'NONE', *, *, #1340, .F. ) ;
#466 = DIRECTION ( 'NONE',  ( -0.000000000000000000, -0.000000000000000000, -1.000000000000000000 ) ) ;
#467 = AXIS2_PLACEMENT_3D ( 'NONE', #476, #808, #1344 ) ;
#468 = ORIENTED_EDGE ( 'NONE', *, *, #895, .T. ) ;
#469 = ADVANCED_FACE ( 'NONE', ( #1029 ), #604, .T. ) ;
#470 = CARTESIAN_POINT ( 'NONE',  ( -17.00000000000000000, 1.500000000000000000, 3.775643679511807793 ) ) ;
#471 = EDGE_CURVE ( 'NONE', #1207, #659, #1084, .T. ) ;
#472 = ADVANCED_FACE ( 'NONE', ( #498 ), #492, .F. ) ;
#473 = LINE ( 'NONE', #894, #3 ) ;
#474 = DIRECTION ( 'NONE',  ( 1.000000000000000000, 0.000000000000000000, 0.000000000000000000 ) ) ;
#475 = ORIENTED_EDGE ( 'NONE', *, *, #1340, .T. ) ;
#476 = CARTESIAN_POINT ( 'NONE',  ( 0.000000000000000000, 1.999999999999999112, 2.702722199048698670E-17 ) ) ;
#477 = EDGE_LOOP ( 'NONE', ( #309, #1090, #1189, #870 ) ) ;
#478 = DIRECTION ( 'NONE',  ( 0.000000000000000000, 0.000000000000000000, -1.000000000000000000 ) ) ;
#479 = CARTESIAN_POINT ( 'NONE',  ( 0.000000000000000000, -8.000000000000000000, -1.197619577156866412E-15 ) ) ;
#480 = DIRECTION ( 'NONE',  ( 1.000000000000000000, 0.000000000000000000, 0.000000000000000000 ) ) ;
#481 = CARTESIAN_POINT ( 'NONE',  ( 0.000000000000000000, -2.000000000000000000, -4.628314976684542407E-16 ) ) ;
#482 = EDGE_LOOP ( 'NONE', ( #426, #206 ) ) ;
#483 = AXIS2_PLACEMENT_3D ( 'NONE', #780, #1302, #125 ) ;
#484 = CARTESIAN_POINT ( 'NONE',  ( -17.00000000000000000, -1.500000000000000000, 0.000000000000000000 ) ) ;
#485 = SURFACE_STYLE_USAGE ( .BOTH. , #1132 ) ;
#486 = EDGE_CURVE ( 'NONE', #227, #735, #900, .T. ) ;
#487 = CARTESIAN_POINT ( 'NONE',  ( -17.00000000000000000, 1.334478334024252533, 3.803835902877495290 ) ) ;
#488 = DIRECTION ( 'NONE',  ( 1.000000000000000000, 0.000000000000000000, 1.224646799147353207E-16 ) ) ;
#489 = EDGE_CURVE ( 'NONE', #990, #942, #164, .T. ) ;
#490 = VECTOR ( 'NONE', #152, 1000.000000000000000 ) ;
#491 = VERTEX_POINT ( 'NONE', #794 ) ;
#492 = CYLINDRICAL_SURFACE ( 'NONE', #290, 1.750000000000000000 ) ;
#493 = DIRECTION ( 'NONE',  ( 1.224646799147353207E-16, 0.000000000000000000, -1.000000000000000000 ) ) ;
#494 = CARTESIAN_POINT ( 'NONE',  ( -17.00000000000000000, -1.500000000000000000, 4.275643679511808237 ) ) ;
#495 = VERTEX_POINT ( 'NONE', #49 ) ;
#496 = PRODUCT_DEFINITION_SHAPE ( 'NONE', 'NONE',  #752 ) ;
#497 = AXIS2_PLACEMENT_3D ( 'NONE', #43, #1343, #902 ) ;
#498 = FACE_OUTER_BOUND ( 'NONE', #857, .T. ) ;
#499 = DIRECTION ( 'NONE',  ( 1.000000000000000000, -1.499759782661857882E-32, 1.224646799147353207E-16 ) ) ;
#500 = CARTESIAN_POINT ( 'NONE',  ( 7.500000000000000000, 5.000000000000000000, 2.250000000000000000 ) ) ;
#501 = EDGE_LOOP ( 'NONE', ( #522, #528, #1094, #1115 ) ) ;
#502 = CIRCLE ( 'NONE', #851, 0.4999999999999995559 ) ;
#503 = CARTESIAN_POINT ( 'NONE',  ( 10.49999999999999822, 1.500000000000000000, 6.000000000000000000 ) ) ;
#504 = AXIS2_PLACEMENT_3D ( 'NONE', #25, #444, #1101 ) ;
#505 = DIRECTION ( 'NONE',  ( -0.000000000000000000, 1.000000000000000000, 1.224646799147353454E-16 ) ) ;
#506 = DIRECTION ( 'NONE',  ( -0.000000000000000000, -0.000000000000000000, -1.000000000000000000 ) ) ;
#507 = AXIS2_PLACEMENT_3D ( 'NONE', #90, #315, #1062 ) ;
#508 = EDGE_LOOP ( 'NONE', ( #77, #775, #904, #598, #521, #451, #833, #1080 ) ) ;
#509 = DIRECTION ( 'NONE',  ( 0.000000000000000000, -1.000000000000000000, -1.224646799147353454E-16 ) ) ;
#510 = CIRCLE ( 'NONE', #1290, 1.000000000000000000 ) ;
#511 = TOROIDAL_SURFACE ( 'NONE', #258, 4.275643679511808237, 0.5000000000000000000 ) ;
#512 = DIRECTION ( 'NONE',  ( -0.000000000000000000, -0.000000000000000000, -1.000000000000000000 ) ) ;
#513 = ADVANCED_FACE ( 'NONE', ( #1336 ), #1231, .T. ) ;
#514 = DIRECTION ( 'NONE',  ( -0.000000000000000000, -0.000000000000000000, -1.000000000000000000 ) ) ;
#515 = EDGE_LOOP ( 'NONE', ( #1299, #1152, #104, #1275, #442, #536 ) ) ;
#516 = VECTOR ( 'NONE', #514, 1000.000000000000000 ) ;
#517 = CARTESIAN_POINT ( 'NONE',  ( 22.50000000000000000, 2.000000000000000000, -6.000000000000000000 ) ) ;
#518 = AXIS2_PLACEMENT_3D ( 'NONE', #397, #379, #701 ) ;
#519 = CARTESIAN_POINT ( 'NONE',  ( 17.50000000000000000, 1.500000000000000000, 6.000000000000000000 ) ) ;
#520 = DIRECTION ( 'NONE',  ( 0.000000000000000000, 1.000000000000000000, 0.000000000000000000 ) ) ;
#521 = ORIENTED_EDGE ( 'NONE', *, *, #1269, .F. ) ;
#522 = ORIENTED_EDGE ( 'NONE', *, *, #1024, .T. ) ;
#523 = VECTOR ( 'NONE', #134, 1000.000000000000000 ) ;
#524 = DIRECTION ( 'NONE',  ( 1.000000000000000000, 0.000000000000000000, 0.000000000000000000 ) ) ;
#525 = AXIS2_PLACEMENT_3D ( 'NONE', #362, #1121, #593 ) ;
#526 = FACE_OUTER_BOUND ( 'NONE', #952, .T. ) ;
#527 = CARTESIAN_POINT ( 'NONE',  ( -17.00000000000000000, 1.500000000000000000, 4.275643679511808237 ) ) ;
#528 = ORIENTED_EDGE ( 'NONE', *, *, #107, .T. ) ;
#529 = ADVANCED_FACE ( 'NONE', ( #800 ), #59, .T. ) ;
#530 = MECHANICAL_DESIGN_GEOMETRIC_PRESENTATION_REPRESENTATION (  '', ( #170 ), #9 ) ;
#531 = ORIENTED_EDGE ( 'NONE', *, *, #1027, .T. ) ;
#532 = PLANE ( 'NONE',  #578 ) ;
#533 = DIRECTION ( 'NONE',  ( -0.000000000000000000, -0.000000000000000000, -1.000000000000000000 ) ) ;
#534 = CARTESIAN_POINT ( 'NONE',  ( 2.499999999999997780, 5.000000000000000000, 6.000000000000000000 ) ) ;
#535 = ORIENTED_EDGE ( 'NONE', *, *, #546, .F. ) ;
#536 = ORIENTED_EDGE ( 'NONE', *, *, #1027, .F. ) ;
#537 = EDGE_CURVE ( 'NONE', #698, #742, #1342, .T. ) ;
#538 = UNCERTAINTY_MEASURE_WITH_UNIT (LENGTH_MEASURE( 1.000000000000000082E-05 ), #1153, 'distance_accuracy_value', 'NONE');
#539 = AXIS2_PLACEMENT_3D ( 'NONE', #848, #842, #199 ) ;
#540 = CARTESIAN_POINT ( 'NONE',  ( 22.50000000000000000, 5.000000000000000000, -2.250000000000000000 ) ) ;
#541 = DIRECTION ( 'NONE',  ( 1.000000000000000000, -0.000000000000000000, 1.224646799147353207E-16 ) ) ;
#542 = VERTEX_POINT ( 'NONE', #1139 ) ;
#543 = EDGE_LOOP ( 'NONE', ( #1147, #1195, #4, #1183 ) ) ;
#544 = EDGE_CURVE ( 'NONE', #884, #1339, #433, .T. ) ;
#545 = DIRECTION ( 'NONE',  ( 0.000000000000000000, 0.000000000000000000, -1.000000000000000000 ) ) ;
#546 = EDGE_CURVE ( 'NONE', #365, #1124, #1220, .T. ) ;
#547 = FACE_OUTER_BOUND ( 'NONE', #32, .T. ) ;
#548 = CONTEXT_DEPENDENT_SHAPE_REPRESENTATION ( #865, #1008 ) ;
#549 = VERTEX_POINT ( 'NONE', #730 ) ;
#550 = DIRECTION ( 'NONE',  ( 0.000000000000000000, 1.000000000000000000, 0.000000000000000000 ) ) ;
#551 = AXIS2_PLACEMENT_3D ( 'NONE', #503, #953, #625 ) ;
#552 = ORIENTED_EDGE ( 'NONE', *, *, #669, .F. ) ;
#553 = AXIS2_PLACEMENT_3D ( 'NONE', #713, #1146, #380 ) ;
#554 = DIRECTION ( 'NONE',  ( -0.000000000000000000, 1.000000000000000000, 1.224646799147353454E-16 ) ) ;
#555 = CARTESIAN_POINT ( 'NONE',  ( 4.102566777143633281E-16, 1.999999999999999556, -3.350000000000000533 ) ) ;
#556 = AXIS2_PLACEMENT_3D ( 'NONE', #129, #234, #1113 ) ;
#557 = LINE ( 'NONE', #782, #131 ) ;
#558 = DIRECTION ( 'NONE',  ( 0.000000000000000000, 1.000000000000000000, 0.000000000000000000 ) ) ;
#559 = ORIENTED_EDGE ( 'NONE', *, *, #811, .T. ) ;
#560 = DIRECTION ( 'NONE',  ( 0.000000000000000000, 0.000000000000000000, -1.000000000000000000 ) ) ;
#561 = VERTEX_POINT ( 'NONE', #841 ) ;
#562 = CARTESIAN_POINT ( 'NONE',  ( 2.143131898507868297E-16, 1.999999999999999112, -1.750000000000000000 ) ) ;
#563 = DIRECTION ( 'NONE',  ( 1.000000000000000000, 0.000000000000000000, 0.000000000000000000 ) ) ;
#564 = ORIENTED_EDGE ( 'NONE', *, *, #671, .F. ) ;
#565 = DIRECTION ( 'NONE',  ( 1.000000000000000000, 0.000000000000000000, 0.000000000000000000 ) ) ;
#566 = APPLICATION_CONTEXT ( 'automotive_design' ) ;
#567 = ORIENTED_EDGE ( 'NONE', *, *, #182, .T. ) ;
#568 = CARTESIAN_POINT ( 'NONE',  ( -17.00000000000000000, 1.334478334024252533, 0.000000000000000000 ) ) ;
#569 = VERTEX_POINT ( 'NONE', #300 ) ;
#570 = DIRECTION ( 'NONE',  ( 0.000000000000000000, 1.000000000000000000, 0.000000000000000000 ) ) ;
#571 =( NAMED_UNIT ( * ) SI_UNIT ( $, .STERADIAN. ) SOLID_ANGLE_UNIT ( ) );
#572 = AXIS2_PLACEMENT_3D ( 'NONE', #1102, #7, #670 ) ;
#573 = VERTEX_POINT ( 'NONE', #396 ) ;
#574 = DIRECTION ( 'NONE',  ( -0.000000000000000000, 1.000000000000000000, 1.224646799147353454E-16 ) ) ;
#575 = EDGE_CURVE ( 'NONE', #1303, #491, #138, .T. ) ;
#576 = ORIENTED_EDGE ( 'NONE', *, *, #810, .F. ) ;
#577 = ADVANCED_FACE ( 'NONE', ( #423 ), #617, .T. ) ;
#578 = AXIS2_PLACEMENT_3D ( 'NONE', #517, #1362, #1154 ) ;
#579 = CIRCLE ( 'NONE', #1352, 1.500000000000001332 ) ;
#580 = EDGE_CURVE ( 'NONE', #884, #133, #748, .T. ) ;
#581 = FACE_OUTER_BOUND ( 'NONE', #461, .T. ) ;
#582 = ORIENTED_EDGE ( 'NONE', *, *, #270, .T. ) ;
#583 = DIRECTION ( 'NONE',  ( 0.000000000000000000, 0.000000000000000000, 1.000000000000000000 ) ) ;
#584 = CIRCLE ( 'NONE', #1285, 1.500000000000001332 ) ;
#585 = VERTEX_POINT ( 'NONE', #210 ) ;
#586 = DIRECTION ( 'NONE',  ( 0.000000000000000000, 0.000000000000000000, 1.000000000000000000 ) ) ;
#587 = DIRECTION ( 'NONE',  ( 1.000000000000000000, -0.000000000000000000, -1.156482317317871478E-16 ) ) ;
#588 = DIRECTION ( 'NONE',  ( -1.000000000000000000, 0.000000000000000000, 0.000000000000000000 ) ) ;
#589 = DIRECTION ( 'NONE',  ( 0.000000000000000000, 1.000000000000000000, 0.000000000000000000 ) ) ;
#590 = ORIENTED_EDGE ( 'NONE', *, *, #811, .F. ) ;
#591 = SURFACE_SIDE_STYLE ('',( #1108 ) ) ;
#592 = ADVANCED_FACE ( 'NONE', ( #73 ), #1258, .F. ) ;
#593 = DIRECTION ( 'NONE',  ( 0.000000000000000000, 0.000000000000000000, 1.000000000000000000 ) ) ;
#594 = EDGE_CURVE ( 'NONE', #659, #1207, #1087, .T. ) ;
#595 = CARTESIAN_POINT ( 'NONE',  ( 0.4999999999999978351, 3.000000000000000000, 2.500000000000000444 ) ) ;
#596 = LINE ( 'NONE', #262, #194 ) ;
#597 = VECTOR ( 'NONE', #587, 1000.000000000000000 ) ;
#598 = ORIENTED_EDGE ( 'NONE', *, *, #1213, .T. ) ;
#599 = CARTESIAN_POINT ( 'NONE',  ( 0.000000000000000000, 0.000000000000000000, -2.179021378389835993E-16 ) ) ;
#600 = CARTESIAN_POINT ( 'NONE',  ( 0.000000000000000000, -2.000000000000000000, 1.749999999999999556 ) ) ;
#601 = DIRECTION ( 'NONE',  ( 0.000000000000000000, -1.224646799147353454E-16, 1.000000000000000000 ) ) ;
#602 = AXIS2_PLACEMENT_3D ( 'NONE', #683, #1257, #586 ) ;
#603 = ORIENTED_EDGE ( 'NONE', *, *, #594, .F. ) ;
#604 = CYLINDRICAL_SURFACE ( 'NONE', #991, 3.000000000000000000 ) ;
#605 = FACE_OUTER_BOUND ( 'NONE', #279, .T. ) ;
#606 = DIRECTION ( 'NONE',  ( 0.000000000000000000, 0.000000000000000000, -1.000000000000000000 ) ) ;
#607 = VERTEX_POINT ( 'NONE', #725 ) ;
#608 = EDGE_CURVE ( 'NONE', #1321, #105, #1168, .T. ) ;
#609 = PLANE ( 'NONE',  #711 ) ;
#610 = DIRECTION ( 'NONE',  ( -0.000000000000000000, 1.000000000000000000, 1.224646799147353454E-16 ) ) ;
#611 = EDGE_CURVE ( 'NONE', #1188, #1321, #1278, .T. ) ;
#612 = ORIENTED_EDGE ( 'NONE', *, *, #854, .F. ) ;
#613 = CARTESIAN_POINT ( 'NONE',  ( 7.500000000000000000, 2.000000000000000000, 2.250000000000000000 ) ) ;
#614 = CIRCLE ( 'NONE', #339, 1.500000000000001332 ) ;
#615 = ADVANCED_FACE ( 'NONE', ( #716 ), #532, .F. ) ;
#616 = EDGE_CURVE ( 'NONE', #698, #169, #1253, .T. ) ;
#617 = TOROIDAL_SURFACE ( 'NONE', #113, 4.275643679511808237, 0.5000000000000000000 ) ;
#618 = DIRECTION ( 'NONE',  ( 0.000000000000000000, 0.000000000000000000, 1.000000000000000000 ) ) ;
#619 = VECTOR ( 'NONE', #1034, 1000.000000000000000 ) ;
#620 = CARTESIAN_POINT ( 'NONE',  ( 22.50000000000000000, 5.000000000000000000, -6.000000000000000000 ) ) ;
#621 = AXIS2_PLACEMENT_3D ( 'NONE', #1296, #867, #774 ) ;
#622 = EDGE_LOOP ( 'NONE', ( #653, #419, #382, #874, #240 ) ) ;
#623 = FACE_OUTER_BOUND ( 'NONE', #69, .T. ) ;
#624 = VECTOR ( 'NONE', #1287, 1000.000000000000000 ) ;
#625 = DIRECTION ( 'NONE',  ( -1.000000000000000000, 0.000000000000000000, 0.000000000000000000 ) ) ;
#626 = DIRECTION ( 'NONE',  ( 0.000000000000000000, 0.000000000000000000, 1.000000000000000000 ) ) ;
#627 = LINE ( 'NONE', #719, #275 ) ;
#628 = ORIENTED_EDGE ( 'NONE', *, *, #1172, .F. ) ;
#629 = VERTEX_POINT ( 'NONE', #1383 ) ;
#630 = FACE_OUTER_BOUND ( 'NONE', #1180, .T. ) ;
#631 = CARTESIAN_POINT ( 'NONE',  ( -19.50000000000000000, 2.000000000000000000, -6.000000000000000000 ) ) ;
#632 = EDGE_CURVE ( 'NONE', #728, #1065, #280, .T. ) ;
#633 = ORIENTED_EDGE ( 'NONE', *, *, #1213, .F. ) ;
#634 = DIRECTION ( 'NONE',  ( 0.000000000000000000, -0.000000000000000000, 1.000000000000000000 ) ) ;
#635 = EDGE_LOOP ( 'NONE', ( #898, #10 ) ) ;
#636 = PRODUCT_DEFINITION_CONTEXT ( 'detailed design', #150, 'design' ) ;
#637 = DIRECTION ( 'NONE',  ( -1.000000000000000000, 0.000000000000000000, 0.000000000000000000 ) ) ;
#638 = FACE_OUTER_BOUND ( 'NONE', #844, .T. ) ;
#639 = LINE ( 'NONE', #83, #624 ) ;
#640 = ORIENTED_EDGE ( 'NONE', *, *, #958, .F. ) ;
#641 = CIRCLE ( 'NONE', #998, 3.803835902877494846 ) ;
#642 = ORIENTED_EDGE ( 'NONE', *, *, #632, .F. ) ;
#643 = DIRECTION ( 'NONE',  ( -1.000000000000000000, 0.000000000000000000, 0.000000000000000000 ) ) ;
#644 = AXIS2_PLACEMENT_3D ( 'NONE', #96, #520, #425 ) ;
#645 = DIRECTION ( 'NONE',  ( -1.000000000000000000, 0.000000000000000000, 0.000000000000000000 ) ) ;
#646 = ORIENTED_EDGE ( 'NONE', *, *, #1332, .T. ) ;
#647 = ORIENTED_EDGE ( 'NONE', *, *, #441, .F. ) ;
#648 = ADVANCED_FACE ( 'NONE', ( #65 ), #1060, .F. ) ;
#649 = CARTESIAN_POINT ( 'NONE',  ( 22.50000000000000000, -2.000000000000000000, 2.250000000000000444 ) ) ;
#650 = DIRECTION ( 'NONE',  ( 0.000000000000000000, 0.000000000000000000, 1.000000000000000000 ) ) ;
#651 = CIRCLE ( 'NONE', #308, 1.500000000000001332 ) ;
#652 = DIRECTION ( 'NONE',  ( 0.000000000000000000, -0.000000000000000000, -1.000000000000000000 ) ) ;
#653 = ORIENTED_EDGE ( 'NONE', *, *, #724, .F. ) ;
#654 = VERTEX_POINT ( 'NONE', #192 ) ;
#655 = DIRECTION ( 'NONE',  ( -1.000000000000000000, 0.000000000000000000, 0.000000000000000000 ) ) ;
#656 = CIRCLE ( 'NONE', #226, 4.275643679511808237 ) ;
#657 = CARTESIAN_POINT ( 'NONE',  ( 17.50000000000000000, 1.500000000000000000, 6.000000000000000000 ) ) ;
#658 =( NAMED_UNIT ( * ) PLANE_ANGLE_UNIT ( ) SI_UNIT ( $, .RADIAN. ) );
#659 = VERTEX_POINT ( 'NONE', #1367 ) ;
#660 = CARTESIAN_POINT ( 'NONE',  ( -17.00000000000000000, -1.334478334024252533, 0.000000000000000000 ) ) ;
#661 = ORIENTED_EDGE ( 'NONE', *, *, #1317, .T. ) ;
#662 = DIRECTION ( 'NONE',  ( -0.000000000000000000, -0.000000000000000000, -1.000000000000000000 ) ) ;
#663 = CARTESIAN_POINT ( 'NONE',  ( -17.00000000000000000, 1.334478334024252533, 0.000000000000000000 ) ) ;
#664 = PRODUCT_CONTEXT ( 'NONE', #934, 'mechanical' ) ;
#665 = EDGE_LOOP ( 'NONE', ( #427, #973, #358, #531, #15, #468 ) ) ;
#666 = LINE ( 'NONE', #21, #1140 ) ;
#667 = ORIENTED_EDGE ( 'NONE', *, *, #895, .F. ) ;
#668 = DIRECTION ( 'NONE',  ( -0.000000000000000000, -0.000000000000000000, -1.000000000000000000 ) ) ;
#669 = EDGE_CURVE ( 'NONE', #1165, #333, #207, .T. ) ;
#670 = DIRECTION ( 'NONE',  ( 1.000000000000000000, 0.000000000000000000, -0.000000000000000000 ) ) ;
#671 = EDGE_CURVE ( 'NONE', #728, #1381, #995, .T. ) ;
#672 = VERTEX_POINT ( 'NONE', #410 ) ;
#673 = PLANE ( 'NONE',  #33 ) ;
#674 = VECTOR ( 'NONE', #917, 1000.000000000000000 ) ;
#675 = ORIENTED_EDGE ( 'NONE', *, *, #1106, .F. ) ;
#676 = FILL_AREA_STYLE ('',( #157 ) ) ;
#677 = EDGE_LOOP ( 'NONE', ( #57, #949, #757, #197 ) ) ;
#678 = PLANE ( 'NONE',  #572 ) ;
#679 = DIRECTION ( 'NONE',  ( 0.000000000000000000, 0.000000000000000000, 1.000000000000000000 ) ) ;
#680 = ORIENTED_EDGE ( 'NONE', *, *, #158, .T. ) ;
#681 = CARTESIAN_POINT ( 'NONE',  ( 8.999999999999998224, 1.500000000000000000, -6.000000000000000000 ) ) ;
#682 = ORIENTED_EDGE ( 'NONE', *, *, #544, .F. ) ;
#683 = CARTESIAN_POINT ( 'NONE',  ( -17.00000000000000000, -1.334478334024252533, 0.000000000000000000 ) ) ;
#684 = CIRCLE ( 'NONE', #1117, 1.500000000000001332 ) ;
#685 = FACE_BOUND ( 'NONE', #435, .T. ) ;
#686 = DIRECTION ( 'NONE',  ( -0.000000000000000000, 0.000000000000000000, -1.000000000000000000 ) ) ;
#687 = VERTEX_POINT ( 'NONE', #198 ) ;
#688 = ADVANCED_FACE ( 'NONE', ( #630 ), #834, .F. ) ;
#689 = CARTESIAN_POINT ( 'NONE',  ( -17.00000000000000000, 1.334478334024252533, 0.000000000000000000 ) ) ;
#690 = DIRECTION ( 'NONE',  ( 0.000000000000000000, -0.000000000000000000, 1.000000000000000000 ) ) ;
#691 = LINE ( 'NONE', #160, #1277 ) ;
#692 = CARTESIAN_POINT ( 'NONE',  ( 7.500000000000000000, 5.000000000000000000, 2.250000000000000000 ) ) ;
#693 = EDGE_LOOP ( 'NONE', ( #777, #1268, #1314, #840 ) ) ;
#694 = EDGE_CURVE ( 'NONE', #1053, #687, #123, .T. ) ;
#695 = FILL_AREA_STYLE ('',( #786 ) ) ;
#696 = DIRECTION ( 'NONE',  ( -1.000000000000000000, 0.000000000000000000, -0.000000000000000000 ) ) ;
#697 = CARTESIAN_POINT ( 'NONE',  ( 0.000000000000000000, 1.999999999999999112, 2.702722199048700211E-17 ) ) ;
#698 = VERTEX_POINT ( 'NONE', #862 ) ;
#699 =( NAMED_UNIT ( * ) PLANE_ANGLE_UNIT ( ) SI_UNIT ( $, .RADIAN. ) );
#700 = PRODUCT_DEFINITION_FORMATION_WITH_SPECIFIED_SOURCE ( 'ANY', '', #58, .NOT_KNOWN. ) ;
#701 = DIRECTION ( 'NONE',  ( 0.000000000000000000, -1.294569758191646909E-16, 1.000000000000000000 ) ) ;
#702 = CARTESIAN_POINT ( 'NONE',  ( -17.00000000000000000, -1.500000000000000000, -3.775643679511807793 ) ) ;
#703 = AXIS2_PLACEMENT_3D ( 'NONE', #407, #899, #1327 ) ;
#704 = ORIENTED_EDGE ( 'NONE', *, *, #471, .F. ) ;
#705 = PRESENTATION_STYLE_ASSIGNMENT (( #485 ) ) ;
#706 = SPHERICAL_SURFACE ( 'NONE', #359, 4.031128874149273678 ) ;
#707 = DIRECTION ( 'NONE',  ( 1.000000000000000000, 0.000000000000000000, 0.000000000000000000 ) ) ;
#708 = EDGE_CURVE ( 'NONE', #1303, #573, #329, .T. ) ;
#709 = EDGE_CURVE ( 'NONE', #742, #1053, #1083, .T. ) ;
#710 = ORIENTED_EDGE ( 'NONE', *, *, #769, .T. ) ;
#711 = AXIS2_PLACEMENT_3D ( 'NONE', #261, #813, #696 ) ;
#712 = DIRECTION ( 'NONE',  ( -1.000000000000000000, 0.000000000000000000, 0.000000000000000000 ) ) ;
#713 = CARTESIAN_POINT ( 'NONE',  ( 10.49999999999999822, 1.500000000000000000, 6.000000000000000000 ) ) ;
#714 = ORIENTED_EDGE ( 'NONE', *, *, #146, .T. ) ;
#715 = AXIS2_PLACEMENT_3D ( 'NONE', #260, #378, #690 ) ;
#716 = FACE_OUTER_BOUND ( 'NONE', #849, .T. ) ;
#717 = VECTOR ( 'NONE', #923, 1000.000000000000000 ) ;
#718 = LINE ( 'NONE', #1266, #388 ) ;
#719 = CARTESIAN_POINT ( 'NONE',  ( 1.499999999999997780, 4.000000000000000000, -6.000000000000000000 ) ) ;
#720 = EDGE_LOOP ( 'NONE', ( #8, #1137 ) ) ;
#721 = VECTOR ( 'NONE', #1125, 1000.000000000000000 ) ;
#722 = ADVANCED_FACE ( 'NONE', ( #1191 ), #219, .F. ) ;
#723 = ORIENTED_EDGE ( 'NONE', *, *, #23, .F. ) ;
#724 = EDGE_CURVE ( 'NONE', #1124, #365, #251, .T. ) ;
#725 = CARTESIAN_POINT ( 'NONE',  ( -19.50000000000000000, 2.000000000000000000, 6.000000000000000000 ) ) ;
#726 = SPHERICAL_SURFACE ( 'NONE', #156, 4.031128874149273678 ) ;
#727 = DIRECTION ( 'NONE',  ( 0.000000000000000000, 0.000000000000000000, 1.000000000000000000 ) ) ;
#728 = VERTEX_POINT ( 'NONE', #336 ) ;
#729 = ORIENTED_EDGE ( 'NONE', *, *, #124, .F. ) ;
#730 = CARTESIAN_POINT ( 'NONE',  ( 16.00000000000000000, 1.500000000000000000, 2.250000000000000000 ) ) ;
#731 = CLOSED_SHELL ( 'NONE', ( #577, #1329, #961, #1010, #791, #648, #592, #1169, #1009, #978, #84, #722, #615, #960, #213, #1114, #63, #1069, #191, #469, #316, #1148, #931, #344, #1086, #127, #688, #513, #405, #188, #205, #231, #100, #819 ) ) ;
#732 = EDGE_CURVE ( 'NONE', #607, #227, #132, .T. ) ;
#733 = DIRECTION ( 'NONE',  ( -0.000000000000000000, -0.000000000000000000, -1.000000000000000000 ) ) ;
#734 = CARTESIAN_POINT ( 'NONE',  ( 19.00000000000000355, 1.500000000000000222, -2.250000000000000444 ) ) ;
#735 = VERTEX_POINT ( 'NONE', #1316 ) ;
#736 = VERTEX_POINT ( 'NONE', #18 ) ;
#737 = CARTESIAN_POINT ( 'NONE',  ( -22.50000000000000000, -2.000000000000000000, -6.000000000000000000 ) ) ;
#738 = VECTOR ( 'NONE', #369, 1000.000000000000000 ) ;
#739 = DIRECTION ( 'NONE',  ( 0.000000000000000000, 0.000000000000000000, 1.000000000000000000 ) ) ;
#740 = APPLICATION_CONTEXT ( 'automotive_design' ) ;
#741 = EDGE_CURVE ( 'NONE', #1014, #1065, #579, .T. ) ;
#742 = VERTEX_POINT ( 'NONE', #778 ) ;
#743 = AXIS2_PLACEMENT_3D ( 'NONE', #103, #307, #948 ) ;
#744 = CIRCLE ( 'NONE', #143, 1.500000000000001332 ) ;
#745 = ORIENTED_EDGE ( 'NONE', *, *, #182, .F. ) ;
#746 = CIRCLE ( 'NONE', #147, 4.031128874149275454 ) ;
#747 = CYLINDRICAL_SURFACE ( 'NONE', #392, 1.500000000000001332 ) ;
#748 = CIRCLE ( 'NONE', #928, 0.4999999999999995559 ) ;
#749 = DIRECTION ( 'NONE',  ( 0.000000000000000000, 0.000000000000000000, -1.000000000000000000 ) ) ;
#750 = ORIENTED_EDGE ( 'NONE', *, *, #334, .T. ) ;
#751 = ADVANCED_FACE ( 'NONE', ( #116 ), #1212, .F. ) ;
#752 = PRODUCT_DEFINITION ( 'UNKNOWN', '', #1022, #636 ) ;
#753 = VERTEX_POINT ( 'NONE', #770 ) ;
#754 = DIRECTION ( 'NONE',  ( 0.000000000000000000, 0.000000000000000000, -1.000000000000000000 ) ) ;
#755 = DIRECTION ( 'NONE',  ( -0.000000000000000000, -1.000000000000000000, -0.000000000000000000 ) ) ;
#756 = AXIS2_PLACEMENT_3D ( 'NONE', #1349, #51, #1237 ) ;
#757 = ORIENTED_EDGE ( 'NONE', *, *, #1068, .T. ) ;
#758 = CARTESIAN_POINT ( 'NONE',  ( 22.50001199999999812, 2.000000000000000000, 2.250000000000000000 ) ) ;
#759 = EDGE_LOOP ( 'NONE', ( #202, #1360 ) ) ;
#760 = SHAPE_REPRESENTATION ( 'Steering Servo Arm #1', ( #31, #119, #437 ), #1092 ) ;
#761 = CARTESIAN_POINT ( 'NONE',  ( -17.00000000000000000, -1.500000000000000000, 0.000000000000000000 ) ) ;
#762 = STYLED_ITEM ( 'NONE', ( #705 ), #445 ) ;
#763 = VECTOR ( 'NONE', #1246, 1000.000000000000000 ) ;
#764 = DIRECTION ( 'NONE',  ( 0.000000000000000000, 1.000000000000000000, 0.000000000000000000 ) ) ;
#765 = APPLICATION_PROTOCOL_DEFINITION ( 'draft international standard', 'automotive_design', 1998, #740 ) ;
#766 = ORIENTED_EDGE ( 'NONE', *, *, #1250, .T. ) ;
#767 = DIRECTION ( 'NONE',  ( 0.000000000000000000, -1.000000000000000000, 0.000000000000000000 ) ) ;
#768 = ORIENTED_EDGE ( 'NONE', *, *, #124, .T. ) ;
#769 = EDGE_CURVE ( 'NONE', #1124, #413, #295, .T. ) ;
#770 = CARTESIAN_POINT ( 'NONE',  ( 1.499999999999997780, 3.000000000000000000, -6.000000000000000000 ) ) ;
#771 = EDGE_CURVE ( 'NONE', #495, #1124, #296, .T. ) ;
#772 = EDGE_CURVE ( 'NONE', #736, #169, #886, .T. ) ;
#773 = LINE ( 'NONE', #1198, #46 ) ;
#774 = DIRECTION ( 'NONE',  ( 1.000000000000000000, 0.000000000000000000, 0.000000000000000000 ) ) ;
#775 = ORIENTED_EDGE ( 'NONE', *, *, #1042, .T. ) ;
#776 = FACE_BOUND ( 'NONE', #1104, .T. ) ;
#777 = ORIENTED_EDGE ( 'NONE', *, *, #1370, .F. ) ;
#778 = CARTESIAN_POINT ( 'NONE',  ( 22.50000000000000000, 5.000000000000000000, -2.250000000000000000 ) ) ;
#779 = ORIENTED_EDGE ( 'NONE', *, *, #1288, .F. ) ;
#780 = CARTESIAN_POINT ( 'NONE',  ( 0.4999999999999978351, 3.000000000000000000, -6.000000000000000000 ) ) ;
#781 = APPLICATION_PROTOCOL_DEFINITION ( 'draft international standard', 'automotive_design', 1998, #126 ) ;
#782 = CARTESIAN_POINT ( 'NONE',  ( 16.00000000000000000, 1.500000000000000000, 6.000000000000000000 ) ) ;
#783 = DIRECTION ( 'NONE',  ( 0.000000000000000000, 0.000000000000000000, 1.000000000000000000 ) ) ;
#784 = ORIENTED_EDGE ( 'NONE', *, *, #708, .F. ) ;
#785 = DIRECTION ( 'NONE',  ( -1.000000000000000000, -0.000000000000000000, 0.000000000000000000 ) ) ;
#786 = FILL_AREA_STYLE_COLOUR ( '', #1368 ) ;
#787 = EDGE_CURVE ( 'NONE', #22, #297, #209, .T. ) ;
#788 = ORIENTED_EDGE ( 'NONE', *, *, #1382, .F. ) ;
#789 = DIRECTION ( 'NONE',  ( -1.000000000000000000, -1.734723475976807094E-15, 0.000000000000000000 ) ) ;
#790 =( GEOMETRIC_REPRESENTATION_CONTEXT ( 3 ) GLOBAL_UNCERTAINTY_ASSIGNED_CONTEXT ( ( #1184 ) ) GLOBAL_UNIT_ASSIGNED_CONTEXT ( ( #54, #699, #1011 ) ) REPRESENTATION_CONTEXT ( 'NONE', 'WORKASPACE' ) );
#791 = ADVANCED_FACE ( 'NONE', ( #230 ), #747, .F. ) ;
#792 = VERTEX_POINT ( 'NONE', #649 ) ;
#793 = AXIS2_PLACEMENT_3D ( 'NONE', #1005, #37, #1099 ) ;
#794 = CARTESIAN_POINT ( 'NONE',  ( 16.00000000000000000, 1.500000000000000000, -2.250000000000000444 ) ) ;
#795 = CARTESIAN_POINT ( 'NONE',  ( -17.00000000000000000, 0.000000000000000000, 0.000000000000000000 ) ) ;
#796 = DIRECTION ( 'NONE',  ( 0.000000000000000000, 0.000000000000000000, 1.000000000000000000 ) ) ;
#797 = ORIENTED_EDGE ( 'NONE', *, *, #999, .T. ) ;
#798 = EDGE_CURVE ( 'NONE', #351, #1160, #641, .T. ) ;
#799 = CARTESIAN_POINT ( 'NONE',  ( 0.4999999999999900080, 2.000000000000000000, -6.000000000000000000 ) ) ;
#800 = FACE_OUTER_BOUND ( 'NONE', #501, .T. ) ;
#801 = FACE_OUTER_BOUND ( 'NONE', #508, .T. ) ;
#802 = VECTOR ( 'NONE', #306, 1000.000000000000000 ) ;
#803 = CARTESIAN_POINT ( 'NONE',  ( 2.143131898507868544E-16, -2.000000000000000000, -1.750000000000000666 ) ) ;
#804 = ORIENTED_EDGE ( 'NONE', *, *, #1172, .T. ) ;
#805 = CIRCLE ( 'NONE', #497, 1.500000000000001332 ) ;
#806 = CARTESIAN_POINT ( 'NONE',  ( -22.50000000000000000, -2.000000000000000000, 6.000000000000000000 ) ) ;
#807 = DIRECTION ( 'NONE',  ( -0.000000000000000000, -0.000000000000000000, -1.000000000000000000 ) ) ;
#808 = DIRECTION ( 'NONE',  ( 0.000000000000000000, 1.000000000000000000, 1.224646799147353454E-16 ) ) ;
#809 = ORIENTED_EDGE ( 'NONE', *, *, #1315, .T. ) ;
#810 = EDGE_CURVE ( 'NONE', #1381, #728, #1178, .T. ) ;
#811 = EDGE_CURVE ( 'NONE', #1130, #629, #744, .T. ) ;
#812 = EDGE_CURVE ( 'NONE', #333, #1165, #925, .T. ) ;
#813 = DIRECTION ( 'NONE',  ( 0.000000000000000000, 0.000000000000000000, -1.000000000000000000 ) ) ;
#814 = DIRECTION ( 'NONE',  ( -1.000000000000000000, 0.000000000000000000, 0.000000000000000000 ) ) ;
#815 = AXIS2_PLACEMENT_3D ( 'NONE', #61, #903, #1331 ) ;
#816 = ORIENTED_EDGE ( 'NONE', *, *, #287, .F. ) ;
#817 = APPLICATION_CONTEXT ( 'automotive_design' ) ;
#818 = CARTESIAN_POINT ( 'NONE',  ( 10.49999999999999822, 1.500000000000000000, 6.000000000000000000 ) ) ;
#819 = ADVANCED_FACE ( 'NONE', ( #248 ), #830, .T. ) ;
#820 = FACE_BOUND ( 'NONE', #759, .T. ) ;
#821 = CARTESIAN_POINT ( 'NONE',  ( 2.499999999999997780, 4.000000000000000000, -6.000000000000000000 ) ) ;
#822 = AXIS2_PLACEMENT_3D ( 'NONE', #519, #533, #75 ) ;
#823 = ORIENTED_EDGE ( 'NONE', *, *, #877, .T. ) ;
#824 = DIRECTION ( 'NONE',  ( 0.000000000000000000, 0.000000000000000000, -1.000000000000000000 ) ) ;
#825 = AXIS2_PLACEMENT_3D ( 'NONE', #595, #1142, #480 ) ;
#826 = DIRECTION ( 'NONE',  ( 1.000000000000000000, 0.000000000000000000, 0.000000000000000000 ) ) ;
#827 = FACE_OUTER_BOUND ( 'NONE', #665, .T. ) ;
#828 = DIRECTION ( 'NONE',  ( -0.000000000000000000, -0.000000000000000000, -1.000000000000000000 ) ) ;
#829 = EDGE_LOOP ( 'NONE', ( #864, #148 ) ) ;
#830 = CYLINDRICAL_SURFACE ( 'NONE', #859, 1.000000000000000000 ) ;
#831 = EDGE_CURVE ( 'NONE', #247, #585, #72, .T. ) ;
#832 = AXIS2_PLACEMENT_3D ( 'NONE', #969, #866, #453 ) ;
#833 = ORIENTED_EDGE ( 'NONE', *, *, #486, .T. ) ;
#834 = PLANE ( 'NONE',  #293 ) ;
#835 = AXIS2_PLACEMENT_3D ( 'NONE', #818, #88, #712 ) ;
#836 = CARTESIAN_POINT ( 'NONE',  ( -17.00000000000000000, 1.500000000000000000, -4.275643679511808237 ) ) ;
#837 = DIRECTION ( 'NONE',  ( -1.000000000000000000, 0.000000000000000000, 0.000000000000000000 ) ) ;
#838 = ORIENTED_EDGE ( 'NONE', *, *, #732, .F. ) ;
#839 = CIRCLE ( 'NONE', #1064, 1.750000000000000000 ) ;
#840 = ORIENTED_EDGE ( 'NONE', *, *, #312, .F. ) ;
#841 = CARTESIAN_POINT ( 'NONE',  ( -20.80383590287749485, -1.334478334024252533, 0.000000000000000000 ) ) ;
#842 = DIRECTION ( 'NONE',  ( 0.000000000000000000, 0.000000000000000000, 1.000000000000000000 ) ) ;
#843 =( LENGTH_UNIT ( ) NAMED_UNIT ( * ) SI_UNIT ( .MILLI., .METRE. ) );
#844 = EDGE_LOOP ( 'NONE', ( #914, #628 ) ) ;
#845 = ORIENTED_EDGE ( 'NONE', *, *, #1382, .T. ) ;
#846 = DIRECTION ( 'NONE',  ( -0.000000000000000000, 1.000000000000000000, -0.000000000000000000 ) ) ;
#847 = CIRCLE ( 'NONE', #241, 1.500000000000001332 ) ;
#848 = CARTESIAN_POINT ( 'NONE',  ( -22.50000000000000000, 2.000000000000000000, -6.000000000000000000 ) ) ;
#849 = EDGE_LOOP ( 'NONE', ( #964, #319, #766, #1004 ) ) ;
#850 = ORIENTED_EDGE ( 'NONE', *, *, #580, .F. ) ;
#851 = AXIS2_PLACEMENT_3D ( 'NONE', #836, #541, #282 ) ;
#852 = EDGE_CURVE ( 'NONE', #1245, #53, #323, .T. ) ;
#853 = DIRECTION ( 'NONE',  ( -1.000000000000000000, 0.000000000000000000, 0.000000000000000000 ) ) ;
#854 = EDGE_CURVE ( 'NONE', #1165, #1216, #1000, .T. ) ;
#855 = DIRECTION ( 'NONE',  ( -0.000000000000000000, -0.000000000000000000, -1.000000000000000000 ) ) ;
#856 = DIRECTION ( 'NONE',  ( 0.000000000000000000, 0.000000000000000000, 1.000000000000000000 ) ) ;
#857 = EDGE_LOOP ( 'NONE', ( #883, #356, #768, #229 ) ) ;
#858 = AXIS2_PLACEMENT_3D ( 'NONE', #76, #1260, #856 ) ;
#859 = AXIS2_PLACEMENT_3D ( 'NONE', #1040, #401, #47 ) ;
#860 = ORIENTED_EDGE ( 'NONE', *, *, #459, .T. ) ;
#861 = AXIS2_PLACEMENT_3D ( 'NONE', #136, #16, #980 ) ;
#862 = CARTESIAN_POINT ( 'NONE',  ( 22.50000000000000000, -2.000000000000000000, -2.250000000000000000 ) ) ;
#863 = CIRCLE ( 'NONE', #189, 1.500000000000001332 ) ;
#864 = ORIENTED_EDGE ( 'NONE', *, *, #877, .F. ) ;
#865 =( REPRESENTATION_RELATIONSHIP ('NONE','NONE', #760, #1161 ) REPRESENTATION_RELATIONSHIP_WITH_TRANSFORMATION ( #28 )SHAPE_REPRESENTATION_RELATIONSHIP( ) );
#866 = DIRECTION ( 'NONE',  ( 0.000000000000000000, -1.000000000000000000, 0.000000000000000000 ) ) ;
#867 = DIRECTION ( 'NONE',  ( 0.000000000000000000, 0.000000000000000000, 1.000000000000000000 ) ) ;
#868 = ORIENTED_EDGE ( 'NONE', *, *, #107, .F. ) ;
#869 = CARTESIAN_POINT ( 'NONE',  ( 0.000000000000000000, -2.000000000000000000, -4.628314976684542407E-16 ) ) ;
#870 = ORIENTED_EDGE ( 'NONE', *, *, #772, .T. ) ;
#871 = CARTESIAN_POINT ( 'NONE',  ( -17.00000000000000000, -1.500000000000000000, -4.275643679511808237 ) ) ;
#872 = DIRECTION ( 'NONE',  ( 0.000000000000000000, 0.000000000000000000, 1.000000000000000000 ) ) ;
#873 = AXIS2_PLACEMENT_3D ( 'NONE', #67, #272, #153 ) ;
#874 = ORIENTED_EDGE ( 'NONE', *, *, #913, .F. ) ;
#875 = CARTESIAN_POINT ( 'NONE',  ( 2.500000000000005773, 5.000000000000000000, -6.000000000000000000 ) ) ;
#876 = ORIENTED_EDGE ( 'NONE', *, *, #1370, .T. ) ;
#877 = EDGE_CURVE ( 'NONE', #53, #1245, #839, .T. ) ;
#878 = DIRECTION ( 'NONE',  ( 1.000000000000000000, -0.000000000000000000, 1.224646799147353207E-16 ) ) ;
#879 = CIRCLE ( 'NONE', #943, 3.000000000000000000 ) ;
#880 = EDGE_LOOP ( 'NONE', ( #1305, #1324, #909, #723 ) ) ;
#881 = CARTESIAN_POINT ( 'NONE',  ( 19.00000000000000355, 1.500000000000000222, 2.250000000000000000 ) ) ;
#882 = SHAPE_DEFINITION_REPRESENTATION ( #1341, #1161 ) ;
#883 = ORIENTED_EDGE ( 'NONE', *, *, #399, .F. ) ;
#884 = VERTEX_POINT ( 'NONE', #470 ) ;
#885 = PRODUCT_RELATED_PRODUCT_CATEGORY ( 'part', '', ( #249 ) ) ;
#886 = LINE ( 'NONE', #1096, #1310 ) ;
#887 = AXIS2_PLACEMENT_3D ( 'NONE', #1187, #302, #727 ) ;
#888 = CARTESIAN_POINT ( 'NONE',  ( -17.00000000000000000, -2.000000000000000000, 0.000000000000000000 ) ) ;
#889 = SHAPE_DEFINITION_REPRESENTATION ( #496, #892 ) ;
#890 = ORIENTED_EDGE ( 'NONE', *, *, #429, .F. ) ;
#891 = FACE_OUTER_BOUND ( 'NONE', #303, .T. ) ;
#892 = SHAPE_REPRESENTATION ( 'Steering-Servo-Arm', ( #1291 ), #1120 ) ;
#893 = EDGE_LOOP ( 'NONE', ( #937, #120, #1270, #1379, #1076 ) ) ;
#894 = CARTESIAN_POINT ( 'NONE',  ( 16.00000000000000000, 1.500000000000000000, 6.000000000000000000 ) ) ;
#895 = EDGE_CURVE ( 'NONE', #133, #351, #299, .T. ) ;
#896 = EDGE_LOOP ( 'NONE', ( #176, #1251, #704, #45 ) ) ;
#897 = FACE_OUTER_BOUND ( 'NONE', #1006, .T. ) ;
#898 = ORIENTED_EDGE ( 'NONE', *, *, #216, .F. ) ;
#899 = DIRECTION ( 'NONE',  ( -1.000000000000000000, 0.000000000000000000, 0.000000000000000000 ) ) ;
#900 = LINE ( 'NONE', #806, #1039 ) ;
#901 = PRODUCT_RELATED_PRODUCT_CATEGORY ( 'part', '', ( #14 ) ) ;
#902 = DIRECTION ( 'NONE',  ( -1.000000000000000000, 0.000000000000000000, 0.000000000000000000 ) ) ;
#903 = DIRECTION ( 'NONE',  ( 0.000000000000000000, 0.000000000000000000, -1.000000000000000000 ) ) ;
#904 = ORIENTED_EDGE ( 'NONE', *, *, #174, .T. ) ;
#905 = CARTESIAN_POINT ( 'NONE',  ( 0.000000000000000000, 0.000000000000000000, -2.179021378389835993E-16 ) ) ;
#906 = CIRCLE ( 'NONE', #924, 4.031128874149273678 ) ;
#907 = CARTESIAN_POINT ( 'NONE',  ( -22.50000000000000000, 2.000000000000000000, 3.000000000000000888 ) ) ;
#908 = FACE_BOUND ( 'NONE', #375, .T. ) ;
#909 = ORIENTED_EDGE ( 'NONE', *, *, #1190, .T. ) ;
#910 = DIRECTION ( 'NONE',  ( 1.000000000000000000, 0.000000000000000000, 0.000000000000000000 ) ) ;
#911 = FACE_OUTER_BOUND ( 'NONE', #477, .T. ) ;
#912 = CARTESIAN_POINT ( 'NONE',  ( -17.00000000000000000, 1.334478334024252533, -3.803835902877495290 ) ) ;
#913 = EDGE_CURVE ( 'NONE', #654, #561, #415, .T. ) ;
#914 = ORIENTED_EDGE ( 'NONE', *, *, #1024, .F. ) ;
#915 = MANIFOLD_SOLID_BREP ( 'Cut-Extrude1', #106 ) ;
#916 = DIRECTION ( 'NONE',  ( -0.000000000000000000, 1.000000000000000000, 1.224646799147353454E-16 ) ) ;
#917 = DIRECTION ( 'NONE',  ( -0.000000000000000000, -1.000000000000000000, -0.000000000000000000 ) ) ;
#918 = CARTESIAN_POINT ( 'NONE',  ( 17.50000000000000000, 1.500000000000000000, -2.250000000000000444 ) ) ;
#919 = VERTEX_POINT ( 'NONE', #187 ) ;
#920 = AXIS2_PLACEMENT_3D ( 'NONE', #416, #1354, #826 ) ;
#921 = AXIS2_PLACEMENT_3D ( 'NONE', #1374, #288, #932 ) ;
#922 = ADVANCED_FACE ( 'NONE', ( #623 ), #1322, .T. ) ;
#923 = DIRECTION ( 'NONE',  ( 0.000000000000000000, 0.000000000000000000, 1.000000000000000000 ) ) ;
#924 = AXIS2_PLACEMENT_3D ( 'NONE', #398, #1238, #488 ) ;
#925 = CIRCLE ( 'NONE', #321, 1.500000000000001332 ) ;
#926 = CARTESIAN_POINT ( 'NONE',  ( -17.00000000000000000, -2.000000000000000000, 4.275643679511808237 ) ) ;
#927 = DIRECTION ( 'NONE',  ( 1.000000000000000000, 0.000000000000000000, 0.000000000000000000 ) ) ;
#928 = AXIS2_PLACEMENT_3D ( 'NONE', #527, #837, #1385 ) ;
#929 = ORIENTED_EDGE ( 'NONE', *, *, #1215, .T. ) ;
#930 = SURFACE_STYLE_USAGE ( .BOTH. , #591 ) ;
#931 = ADVANCED_FACE ( 'NONE', ( #39 ), #193, .T. ) ;
#932 = DIRECTION ( 'NONE',  ( 0.000000000000000000, 0.000000000000000000, 1.000000000000000000 ) ) ;
#933 = DIRECTION ( 'NONE',  ( -1.000000000000000000, 0.000000000000000000, 0.000000000000000000 ) ) ;
#934 = APPLICATION_CONTEXT ( 'automotive_design' ) ;
#935 = DIRECTION ( 'NONE',  ( 1.000000000000000000, 0.000000000000000000, 0.000000000000000000 ) ) ;
#936 = EDGE_CURVE ( 'NONE', #1276, #736, #1118, .T. ) ;
#937 = ORIENTED_EDGE ( 'NONE', *, *, #1317, .F. ) ;
#938 = DIRECTION ( 'NONE',  ( 1.000000000000000000, 0.000000000000000000, 0.000000000000000000 ) ) ;
#939 = DIRECTION ( 'NONE',  ( 0.000000000000000000, 0.000000000000000000, 1.000000000000000000 ) ) ;
#940 = DIRECTION ( 'NONE',  ( 0.000000000000000000, 1.224646799147353454E-16, -1.000000000000000000 ) ) ;
#941 = DIRECTION ( 'NONE',  ( -0.000000000000000000, 0.000000000000000000, 1.000000000000000000 ) ) ;
#942 = VERTEX_POINT ( 'NONE', #799 ) ;
#943 = AXIS2_PLACEMENT_3D ( 'NONE', #110, #755, #462 ) ;
#944 = ORIENTED_EDGE ( 'NONE', *, *, #79, .T. ) ;
#945 = DIRECTION ( 'NONE',  ( 0.000000000000000000, 0.000000000000000000, -1.000000000000000000 ) ) ;
#946 = CARTESIAN_POINT ( 'NONE',  ( -19.50000000000000000, -2.000000000000000000, 6.000000000000000000 ) ) ;
#947 = AXIS2_PLACEMENT_3D ( 'NONE', #1284, #322, #1197 ) ;
#948 = DIRECTION ( 'NONE',  ( 0.000000000000000000, 0.000000000000000000, -1.000000000000000000 ) ) ;
#949 = ORIENTED_EDGE ( 'NONE', *, *, #1179, .F. ) ;
#950 = CARTESIAN_POINT ( 'NONE',  ( -17.00000000000000000, 1.334478334024252533, 0.000000000000000000 ) ) ;
#951 = AXIS2_PLACEMENT_3D ( 'NONE', #950, #558, #1325 ) ;
#952 = EDGE_LOOP ( 'NONE', ( #642, #1235, #1294, #1387 ) ) ;
#953 = DIRECTION ( 'NONE',  ( 0.000000000000000000, 0.000000000000000000, -1.000000000000000000 ) ) ;
#954 = LINE ( 'NONE', #1061, #516 ) ;
#955 =( NAMED_UNIT ( * ) PLANE_ANGLE_UNIT ( ) SI_UNIT ( $, .RADIAN. ) );
#956 = ORIENTED_EDGE ( 'NONE', *, *, #40, .T. ) ;
#957 = AXIS2_PLACEMENT_3D ( 'NONE', #82, #1177, #940 ) ;
#958 = EDGE_CURVE ( 'NONE', #1207, #884, #1313, .T. ) ;
#959 = EDGE_LOOP ( 'NONE', ( #590, #809, #274, #26 ) ) ;
#960 = ADVANCED_FACE ( 'NONE', ( #368, #1228 ), #259, .F. ) ;
#961 = ADVANCED_FACE ( 'NONE', ( #1066 ), #1378, .T. ) ;
#962 = CARTESIAN_POINT ( 'NONE',  ( 22.50000000000000000, 2.000000000000000000, -6.000000000000000000 ) ) ;
#963 = DIRECTION ( 'NONE',  ( -1.000000000000000000, 0.000000000000000000, 0.000000000000000000 ) ) ;
#964 = ORIENTED_EDGE ( 'NONE', *, *, #1068, .F. ) ;
#965 = VERTEX_POINT ( 'NONE', #971 ) ;
#966 = AXIS2_PLACEMENT_3D ( 'NONE', #657, #1214, #1088 ) ;
#967 = PRODUCT_DEFINITION_CONTEXT ( 'detailed design', #740, 'design' ) ;
#968 = CARTESIAN_POINT ( 'NONE',  ( 17.50000000000000000, 1.500000000000000000, 6.000000000000000000 ) ) ;
#969 = CARTESIAN_POINT ( 'NONE',  ( -19.50000000000000000, 2.000000000000000000, 3.000000000000000000 ) ) ;
#970 = ORIENTED_EDGE ( 'NONE', *, *, #287, .T. ) ;
#971 = CARTESIAN_POINT ( 'NONE',  ( 1.499999999999997780, 3.000000000000000000, 6.000000000000000000 ) ) ;
#972 = CIRCLE ( 'NONE', #556, 3.350000000000000533 ) ;
#973 = ORIENTED_EDGE ( 'NONE', *, *, #284, .T. ) ;
#974 = DIRECTION ( 'NONE',  ( 0.000000000000000000, 0.000000000000000000, 1.000000000000000000 ) ) ;
#975 = AXIS2_PLACEMENT_3D ( 'NONE', #660, #1091, #583 ) ;
#976 = CARTESIAN_POINT ( 'NONE',  ( -17.00000000000000000, -1.500000000000000000, 3.775643679511807793 ) ) ;
#977 = DIRECTION ( 'NONE',  ( 0.000000000000000000, 0.000000000000000000, 1.000000000000000000 ) ) ;
#978 = ADVANCED_FACE ( 'NONE', ( #112 ), #1229, .T. ) ;
#979 = ORIENTED_EDGE ( 'NONE', *, *, #537, .T. ) ;
#980 = DIRECTION ( 'NONE',  ( 0.000000000000000000, 0.000000000000000000, 1.000000000000000000 ) ) ;
#981 = ORIENTED_EDGE ( 'NONE', *, *, #312, .T. ) ;
#982 = DIRECTION ( 'NONE',  ( 0.000000000000000000, 0.000000000000000000, 1.000000000000000000 ) ) ;
#983 = DIRECTION ( 'NONE',  ( 0.000000000000000000, -1.000000000000000000, 0.000000000000000000 ) ) ;
#984 = APPLICATION_PROTOCOL_DEFINITION ( 'draft international standard', 'automotive_design', 1998, #566 ) ;
#985 = ORIENTED_EDGE ( 'NONE', *, *, #608, .F. ) ;
#986 = CARTESIAN_POINT ( 'NONE',  ( 22.50000000000000000, 5.000000000000000000, -6.000000000000000000 ) ) ;
#987 = EDGE_CURVE ( 'NONE', #542, #133, #211, .T. ) ;
#988 = ORIENTED_EDGE ( 'NONE', *, *, #1063, .F. ) ;
#989 = DIRECTION ( 'NONE',  ( 0.000000000000000000, 0.000000000000000000, -1.000000000000000000 ) ) ;
#990 = VERTEX_POINT ( 'NONE', #366 ) ;
#991 = AXIS2_PLACEMENT_3D ( 'NONE', #42, #1323, #1221 ) ;
#992 = CARTESIAN_POINT ( 'NONE',  ( -22.50000000000000000, 2.000000000000000000, -3.000000000000000000 ) ) ;
#993 = APPLICATION_PROTOCOL_DEFINITION ( 'draft international standard', 'automotive_design', 1998, #150 ) ;
#994 = EDGE_LOOP ( 'NONE', ( #327, #294, #860, #646 ) ) ;
#995 = CIRCLE ( 'NONE', #115, 1.500000000000001332 ) ;
#996 = CARTESIAN_POINT ( 'NONE',  ( -17.00000000000000000, -1.500000000000000000, 0.000000000000000000 ) ) ;
#997 = ORIENTED_EDGE ( 'NONE', *, *, #709, .T. ) ;
#998 = AXIS2_PLACEMENT_3D ( 'NONE', #568, #1306, #101 ) ;
#999 = EDGE_CURVE ( 'NONE', #215, #1038, #666, .T. ) ;
#1000 = LINE ( 'NONE', #1007, #721 ) ;
#1001 = CIRCLE ( 'NONE', #324, 3.349999999999999201 ) ;
#1002 = VECTOR ( 'NONE', #941, 1000.000000000000000 ) ;
#1003 = CARTESIAN_POINT ( 'NONE',  ( -13.19616409712250515, 1.334478334024252533, 4.658355462940706075E-16 ) ) ;
#1004 = ORIENTED_EDGE ( 'NONE', *, *, #108, .T. ) ;
#1005 = CARTESIAN_POINT ( 'NONE',  ( -22.50000000000000000, 2.000000000000000000, -6.000000000000000000 ) ) ;
#1006 = EDGE_LOOP ( 'NONE', ( #465, #981, #267, #420 ) ) ;
#1007 = CARTESIAN_POINT ( 'NONE',  ( 12.00000000000000000, 1.500000000000000222, 6.000000000000000000 ) ) ;
#1008 = PRODUCT_DEFINITION_SHAPE ( 'NONE', 'NONE',  #1390 ) ;
#1009 = ADVANCED_FACE ( 'NONE', ( #239 ), #1355, .T. ) ;
#1010 = ADVANCED_FACE ( 'NONE', ( #44 ), #1067, .T. ) ;
#1011 =( NAMED_UNIT ( * ) SI_UNIT ( $, .STERADIAN. ) SOLID_ANGLE_UNIT ( ) );
#1012 = LINE ( 'NONE', #385, #85 ) ;
#1013 = CARTESIAN_POINT ( 'NONE',  ( 22.50000000000000000, 5.000000000000000000, 6.000000000000000000 ) ) ;
#1014 = VERTEX_POINT ( 'NONE', #681 ) ;
#1015 = DIRECTION ( 'NONE',  ( 0.000000000000000000, -1.224646799147353454E-16, 1.000000000000000000 ) ) ;
#1016 = DIRECTION ( 'NONE',  ( 0.000000000000000000, 0.000000000000000000, 1.000000000000000000 ) ) ;
#1017 = AXIS2_PLACEMENT_3D ( 'NONE', #27, #855, #1286 ) ;
#1018 = AXIS2_PLACEMENT_3D ( 'NONE', #402, #1149, #94 ) ;
#1019 = DIRECTION ( 'NONE',  ( -1.000000000000000000, 0.000000000000000000, 0.000000000000000000 ) ) ;
#1020 = FACE_OUTER_BOUND ( 'NONE', #896, .T. ) ;
#1021 = VERTEX_POINT ( 'NONE', #875 ) ;
#1022 = PRODUCT_DEFINITION_FORMATION_WITH_SPECIFIED_SOURCE ( 'ANY', '', #249, .NOT_KNOWN. ) ;
#1023 = DIRECTION ( 'NONE',  ( -0.000000000000000000, -0.000000000000000000, -1.000000000000000000 ) ) ;
#1024 = EDGE_CURVE ( 'NONE', #247, #1326, #1001, .T. ) ;
#1025 = DIRECTION ( 'NONE',  ( -1.000000000000000000, 0.000000000000000000, 0.000000000000000000 ) ) ;
#1026 = CARTESIAN_POINT ( 'NONE',  ( 22.50000000000000000, 2.000000000000000000, 6.000000000000000000 ) ) ;
#1027 = EDGE_CURVE ( 'NONE', #561, #542, #746, .T. ) ;
#1028 = ORIENTED_EDGE ( 'NONE', *, *, #1141, .T. ) ;
#1029 = FACE_OUTER_BOUND ( 'NONE', #693, .T. ) ;
#1030 = CIRCLE ( 'NONE', #1210, 1.500000000000001332 ) ;
#1031 = LINE ( 'NONE', #390, #265 ) ;
#1032 = FACE_OUTER_BOUND ( 'NONE', #1225, .T. ) ;
#1033 = VERTEX_POINT ( 'NONE', #1217 ) ;
#1034 = DIRECTION ( 'NONE',  ( -0.000000000000000000, -0.000000000000000000, -1.000000000000000000 ) ) ;
#1035 = DIRECTION ( 'NONE',  ( 0.000000000000000000, 0.000000000000000000, 1.000000000000000000 ) ) ;
#1036 = DIRECTION ( 'NONE',  ( 0.000000000000000000, -1.294569758191647402E-16, 1.000000000000000000 ) ) ;
#1037 = CIRCLE ( 'NONE', #1082, 3.803835902877494846 ) ;
#1038 = VERTEX_POINT ( 'NONE', #1013 ) ;
#1039 = VECTOR ( 'NONE', #1328, 1000.000000000000000 ) ;
#1040 = CARTESIAN_POINT ( 'NONE',  ( 2.499999999999997780, 4.000000000000000000, 0.000000000000000000 ) ) ;
#1041 = UNCERTAINTY_MEASURE_WITH_UNIT (LENGTH_MEASURE( 1.000000000000000082E-05 ), #1309, 'distance_accuracy_value', 'NONE');
#1042 = EDGE_CURVE ( 'NONE', #215, #285, #510, .T. ) ;
#1043 = DIRECTION ( 'NONE',  ( 0.000000000000000000, 1.000000000000000000, 0.000000000000000000 ) ) ;
#1044 = VECTOR ( 'NONE', #221, 1000.000000000000000 ) ;
#1045 = CYLINDRICAL_SURFACE ( 'NONE', #822, 1.500000000000001332 ) ;
#1046 = DIRECTION ( 'NONE',  ( 0.000000000000000000, 1.000000000000000000, 0.000000000000000000 ) ) ;
#1047 = AXIS2_PLACEMENT_3D ( 'NONE', #1201, #357, #332 ) ;
#1048 = ORIENTED_EDGE ( 'NONE', *, *, #1356, .F. ) ;
#1049 = CARTESIAN_POINT ( 'NONE',  ( 17.50000000000000000, 1.500000000000000000, 6.000000000000000000 ) ) ;
#1050 = CARTESIAN_POINT ( 'NONE',  ( 1.499999999999997780, 4.000000000000000000, -6.000000000000000000 ) ) ;
#1051 = FACE_OUTER_BOUND ( 'NONE', #893, .T. ) ;
#1052 = EDGE_LOOP ( 'NONE', ( #1218, #1059 ) ) ;
#1053 = VERTEX_POINT ( 'NONE', #986 ) ;
#1054 = CIRCLE ( 'NONE', #41, 3.901602234979880901 ) ;
#1055 = CARTESIAN_POINT ( 'NONE',  ( 1.499999999999997780, 5.000000000000000000, 2.500000000000000444 ) ) ;
#1056 = CARTESIAN_POINT ( 'NONE',  ( 22.50000000000000000, 5.000000000000000000, 2.250000000000000000 ) ) ;
#1057 = ORIENTED_EDGE ( 'NONE', *, *, #1372, .F. ) ;
#1058 = CARTESIAN_POINT ( 'NONE',  ( -17.00000000000000000, 1.500000000000000000, 0.000000000000000000 ) ) ;
#1059 = ORIENTED_EDGE ( 'NONE', *, *, #669, .T. ) ;
#1060 = CYLINDRICAL_SURFACE ( 'NONE', #835, 1.500000000000001332 ) ;
#1061 = CARTESIAN_POINT ( 'NONE',  ( 22.50000000000000000, -2.000000000000000000, -6.000000000000000000 ) ) ;
#1062 = DIRECTION ( 'NONE',  ( 0.000000000000000000, 0.000000000000000000, 1.000000000000000000 ) ) ;
#1063 = EDGE_CURVE ( 'NONE', #753, #965, #154, .T. ) ;
#1064 = AXIS2_PLACEMENT_3D ( 'NONE', #1219, #509, #242 ) ;
#1065 = VERTEX_POINT ( 'NONE', #1208 ) ;
#1066 = FACE_OUTER_BOUND ( 'NONE', #1209, .T. ) ;
#1067 = TOROIDAL_SURFACE ( 'NONE', #1119, 4.275643679511808237, 0.5000000000000000000 ) ;
#1068 = EDGE_CURVE ( 'NONE', #208, #792, #245, .T. ) ;
#1069 = ADVANCED_FACE ( 'NONE', ( #891, #776 ), #1320, .T. ) ;
#1070 = CIRCLE ( 'NONE', #467, 1.750000000000000000 ) ;
#1071 = EDGE_LOOP ( 'NONE', ( #682, #640, #603, #582 ) ) ;
#1072 = DIRECTION ( 'NONE',  ( -0.000000000000000000, -1.000000000000000000, -0.000000000000000000 ) ) ;
#1073 = DIRECTION ( 'NONE',  ( 0.000000000000000000, 1.000000000000000000, 0.000000000000000000 ) ) ;
#1074 = DIRECTION ( 'NONE',  ( -1.000000000000000000, 0.000000000000000000, 0.000000000000000000 ) ) ;
#1075 = ORIENTED_EDGE ( 'NONE', *, *, #537, .F. ) ;
#1076 = ORIENTED_EDGE ( 'NONE', *, *, #383, .F. ) ;
#1077 = EDGE_CURVE ( 'NONE', #434, #585, #972, .T. ) ;
#1078 = CARTESIAN_POINT ( 'NONE',  ( 10.49999999999999822, 1.500000000000000000, -2.250000000000000444 ) ) ;
#1079 = CARTESIAN_POINT ( 'NONE',  ( 10.49999999999999822, 1.500000000000000000, -6.000000000000000000 ) ) ;
#1080 = ORIENTED_EDGE ( 'NONE', *, *, #1250, .F. ) ;
#1081 = ORIENTED_EDGE ( 'NONE', *, *, #1077, .F. ) ;
#1082 = AXIS2_PLACEMENT_3D ( 'NONE', #1150, #184, #650 ) ;
#1083 = LINE ( 'NONE', #540, #1112 ) ;
#1084 = CIRCLE ( 'NONE', #525, 4.275643679511808237 ) ;
#1085 = PRODUCT_DEFINITION_SHAPE ( 'NONE', 'NONE',  #1389 ) ;
#1086 = ADVANCED_FACE ( 'NONE', ( #145, #255, #228 ), #673, .T. ) ;
#1087 = CIRCLE ( 'NONE', #921, 4.275643679511808237 ) ;
#1088 = DIRECTION ( 'NONE',  ( -1.000000000000000000, 0.000000000000000000, 0.000000000000000000 ) ) ;
#1089 = AXIS2_PLACEMENT_3D ( 'NONE', #452, #554, #974 ) ;
#1090 = ORIENTED_EDGE ( 'NONE', *, *, #1254, .F. ) ;
#1091 = DIRECTION ( 'NONE',  ( -0.000000000000000000, -1.000000000000000000, -0.000000000000000000 ) ) ;
#1092 =( GEOMETRIC_REPRESENTATION_CONTEXT ( 3 ) GLOBAL_UNCERTAINTY_ASSIGNED_CONTEXT ( ( #335 ) ) GLOBAL_UNIT_ASSIGNED_CONTEXT ( ( #1110, #658, #338 ) ) REPRESENTATION_CONTEXT ( 'NONE', 'WORKASPACE' ) );
#1093 = AXIS2_PLACEMENT_3D ( 'NONE', #689, #286, #824 ) ;
#1094 = ORIENTED_EDGE ( 'NONE', *, *, #64, .F. ) ;
#1095 = AXIS2_PLACEMENT_3D ( 'NONE', #264, #938, #1015 ) ;
#1096 = CARTESIAN_POINT ( 'NONE',  ( 7.500000000000000000, -2.000000000000000000, 2.250000000000000000 ) ) ;
#1097 = CARTESIAN_POINT ( 'NONE',  ( 1.499999999999997780, 4.000000000000000000, 6.000000000000000000 ) ) ;
#1098 = ORIENTED_EDGE ( 'NONE', *, *, #544, .T. ) ;
#1099 = DIRECTION ( 'NONE',  ( 0.000000000000000000, 0.000000000000000000, -1.000000000000000000 ) ) ;
#1100 = EDGE_LOOP ( 'NONE', ( #535, #779, #1282, #675, #414 ) ) ;
#1101 = DIRECTION ( 'NONE',  ( 0.000000000000000000, 0.000000000000000000, 1.000000000000000000 ) ) ;
#1102 = CARTESIAN_POINT ( 'NONE',  ( 22.50001199999999812, 2.000000000000000000, -2.250000000000000000 ) ) ;
#1103 = ITEM_DEFINED_TRANSFORMATION ( 'NONE', 'NONE', #119,  #1291 ) ;
#1104 = EDGE_LOOP ( 'NONE', ( #1283, #400 ) ) ;
#1105 = PLANE ( 'NONE',  #793 ) ;
#1106 = EDGE_CURVE ( 'NONE', #495, #672, #320, .T. ) ;
#1107 = ORIENTED_EDGE ( 'NONE', *, *, #1042, .F. ) ;
#1108 = SURFACE_STYLE_FILL_AREA ( #676 ) ;
#1109 = CYLINDRICAL_SURFACE ( 'NONE', #832, 3.000000000000000000 ) ;
#1110 =( LENGTH_UNIT ( ) NAMED_UNIT ( * ) SI_UNIT ( .MILLI., .METRE. ) );
#1111 = DIRECTION ( 'NONE',  ( -0.000000000000000000, -0.000000000000000000, -1.000000000000000000 ) ) ;
#1112 = VECTOR ( 'NONE', #560, 1000.000000000000000 ) ;
#1113 = DIRECTION ( 'NONE',  ( 0.000000000000000000, -1.294569758191646909E-16, 1.000000000000000000 ) ) ;
#1114 = ADVANCED_FACE ( 'NONE', ( #897 ), #1105, .F. ) ;
#1115 = ORIENTED_EDGE ( 'NONE', *, *, #831, .F. ) ;
#1116 = EDGE_CURVE ( 'NONE', #297, #22, #1070, .T. ) ;
#1117 = AXIS2_PLACEMENT_3D ( 'NONE', #918, #796, #707 ) ;
#1118 = LINE ( 'NONE', #613, #490 ) ;
#1119 = AXIS2_PLACEMENT_3D ( 'NONE', #996, #457, #449 ) ;
#1120 =( GEOMETRIC_REPRESENTATION_CONTEXT ( 3 ) GLOBAL_UNCERTAINTY_ASSIGNED_CONTEXT ( ( #1252 ) ) GLOBAL_UNIT_ASSIGNED_CONTEXT ( ( #843, #955, #1274 ) ) REPRESENTATION_CONTEXT ( 'NONE', 'WORKASPACE' ) );
#1121 = DIRECTION ( 'NONE',  ( -0.000000000000000000, -1.000000000000000000, -0.000000000000000000 ) ) ;
#1122 = FACE_BOUND ( 'NONE', #1052, .T. ) ;
#1123 = DIRECTION ( 'NONE',  ( -1.000000000000000000, 0.000000000000000000, 0.000000000000000000 ) ) ;
#1124 = VERTEX_POINT ( 'NONE', #702 ) ;
#1125 = DIRECTION ( 'NONE',  ( -0.000000000000000000, -0.000000000000000000, -1.000000000000000000 ) ) ;
#1126 = SURFACE_STYLE_FILL_AREA ( #695 ) ;
#1127 = CIRCLE ( 'NONE', #518, 3.350000000000000533 ) ;
#1128 = DIRECTION ( 'NONE',  ( -0.000000000000000000, -0.000000000000000000, -1.000000000000000000 ) ) ;
#1129 = LINE ( 'NONE', #373, #376 ) ;
#1130 = VERTEX_POINT ( 'NONE', #56 ) ;
#1131 = EDGE_CURVE ( 'NONE', #1053, #1021, #179, .T. ) ;
#1132 = SURFACE_SIDE_STYLE ('',( #1126 ) ) ;
#1133 = CIRCLE ( 'NONE', #2, 3.000000000000000000 ) ;
#1134 = VECTOR ( 'NONE', #268, 1000.000000000000000 ) ;
#1135 = DIRECTION ( 'NONE',  ( -0.000000000000000000, -0.000000000000000000, -1.000000000000000000 ) ) ;
#1136 = DIRECTION ( 'NONE',  ( -0.000000000000000000, 1.000000000000000000, 1.224646799147353454E-16 ) ) ;
#1137 = ORIENTED_EDGE ( 'NONE', *, *, #575, .F. ) ;
#1138 = DIRECTION ( 'NONE',  ( 1.000000000000000000, -0.000000000000000000, 1.224646799147353207E-16 ) ) ;
#1139 = CARTESIAN_POINT ( 'NONE',  ( -20.80383590287749485, 1.334478334024252533, 0.000000000000000000 ) ) ;
#1140 = VECTOR ( 'NONE', #565, 1000.000000000000000 ) ;
#1141 = EDGE_CURVE ( 'NONE', #200, #1021, #142, .T. ) ;
#1142 = DIRECTION ( 'NONE',  ( 0.000000000000000000, 0.000000000000000000, 1.000000000000000000 ) ) ;
#1143 = DIRECTION ( 'NONE',  ( 1.000000000000000000, 0.000000000000000000, 0.000000000000000000 ) ) ;
#1144 = ORIENTED_EDGE ( 'NONE', *, *, #441, .T. ) ;
#1145 = FACE_OUTER_BOUND ( 'NONE', #515, .T. ) ;
#1146 = DIRECTION ( 'NONE',  ( -0.000000000000000000, -0.000000000000000000, -1.000000000000000000 ) ) ;
#1147 = ORIENTED_EDGE ( 'NONE', *, *, #769, .F. ) ;
#1148 = ADVANCED_FACE ( 'NONE', ( #1020 ), #511, .T. ) ;
#1149 = DIRECTION ( 'NONE',  ( 0.000000000000000000, 1.000000000000000000, 0.000000000000000000 ) ) ;
#1150 = CARTESIAN_POINT ( 'NONE',  ( -17.00000000000000000, -1.334478334024252533, 0.000000000000000000 ) ) ;
#1151 = CARTESIAN_POINT ( 'NONE',  ( -22.50000000000000000, -2.000000000000000000, -3.000000000000000000 ) ) ;
#1152 = ORIENTED_EDGE ( 'NONE', *, *, #1106, .T. ) ;
#1153 =( LENGTH_UNIT ( ) NAMED_UNIT ( * ) SI_UNIT ( .MILLI., .METRE. ) );
#1154 = DIRECTION ( 'NONE',  ( 0.000000000000000000, 0.000000000000000000, 1.000000000000000000 ) ) ;
#1155 = PLANE ( 'NONE',  #539 ) ;
#1156 = CARTESIAN_POINT ( 'NONE',  ( -22.50000000000000000, -2.000000000000000000, 3.000000000000000888 ) ) ;
#1157 = AXIS2_PLACEMENT_3D ( 'NONE', #1166, #201, #634 ) ;
#1158 = CIRCLE ( 'NONE', #743, 0.4999999999999995559 ) ;
#1159 = EDGE_LOOP ( 'NONE', ( #1075, #235, #456, #1175 ) ) ;
#1160 = VERTEX_POINT ( 'NONE', #912 ) ;
#1161 = SHAPE_REPRESENTATION ( 'Steering-Ball', ( #1291 ), #74 ) ;
#1162 = DIRECTION ( 'NONE',  ( -1.000000000000000000, 0.000000000000000000, 0.000000000000000000 ) ) ;
#1163 = FACE_BOUND ( 'NONE', #635, .T. ) ;
#1164 = CARTESIAN_POINT ( 'NONE',  ( -22.50000000000000000, 2.000000000000000000, -6.000000000000000000 ) ) ;
#1165 = VERTEX_POINT ( 'NONE', #1244 ) ;
#1166 = CARTESIAN_POINT ( 'NONE',  ( 0.000000000000000000, -2.000000000000000000, 0.000000000000000000 ) ) ;
#1167 = ORIENTED_EDGE ( 'NONE', *, *, #399, .T. ) ;
#1168 = LINE ( 'NONE', #313, #271 ) ;
#1169 = ADVANCED_FACE ( 'NONE', ( #1032 ), #1359, .F. ) ;
#1170 = CARTESIAN_POINT ( 'NONE',  ( 8.999999999999998224, 1.500000000000000000, 2.250000000000000000 ) ) ;
#1171 = CARTESIAN_POINT ( 'NONE',  ( -17.00000000000000000, 1.500000000000000000, -3.775643679511807793 ) ) ;
#1172 = EDGE_CURVE ( 'NONE', #1326, #247, #440, .T. ) ;
#1173 = ORIENTED_EDGE ( 'NONE', *, *, #1254, .T. ) ;
#1174 = AXIS2_PLACEMENT_3D ( 'NONE', #1347, #389, #618 ) ;
#1175 = ORIENTED_EDGE ( 'NONE', *, *, #709, .F. ) ;
#1176 = CARTESIAN_POINT ( 'NONE',  ( 22.50001199999999812, -2.000000000000000000, -2.250000000000000000 ) ) ;
#1177 = DIRECTION ( 'NONE',  ( 0.000000000000000000, -1.000000000000000000, -1.224646799147353454E-16 ) ) ;
#1178 = CIRCLE ( 'NONE', #1353, 1.500000000000001332 ) ;
#1179 = EDGE_CURVE ( 'NONE', #208, #1276, #391, .T. ) ;
#1180 = EDGE_LOOP ( 'NONE', ( #567, #1351, #340, #1202 ) ) ;
#1181 = ADVANCED_BREP_SHAPE_REPRESENTATION ( '', ( #445, #1291 ), #1120 ) ;
#1182 = AXIS2_PLACEMENT_3D ( 'NONE', #697, #1136, #601 ) ;
#1183 = ORIENTED_EDGE ( 'NONE', *, *, #361, .F. ) ;
#1184 = UNCERTAINTY_MEASURE_WITH_UNIT (LENGTH_MEASURE( 1.000000000000000082E-05 ), #54, 'distance_accuracy_value', 'NONE');
#1185 = CARTESIAN_POINT ( 'NONE',  ( 17.50000000000000000, 1.500000000000000000, 6.000000000000000000 ) ) ;
#1186 = LINE ( 'NONE', #220, #455 ) ;
#1187 = CARTESIAN_POINT ( 'NONE',  ( -17.00000000000000000, 1.500000000000000000, 0.000000000000000000 ) ) ;
#1188 = VERTEX_POINT ( 'NONE', #1151 ) ;
#1189 = ORIENTED_EDGE ( 'NONE', *, *, #936, .T. ) ;
#1190 = EDGE_CURVE ( 'NONE', #573, #1033, #863, .T. ) ;
#1191 = FACE_OUTER_BOUND ( 'NONE', #1159, .T. ) ;
#1192 = DIRECTION ( 'NONE',  ( -1.000000000000000000, 0.000000000000000000, 0.000000000000000000 ) ) ;
#1193 = SHAPE_DEFINITION_REPRESENTATION ( #343, #760 ) ;
#1194 = ORIENTED_EDGE ( 'NONE', *, *, #108, .F. ) ;
#1195 = ORIENTED_EDGE ( 'NONE', *, *, #724, .T. ) ;
#1196 = AXIS2_PLACEMENT_3D ( 'NONE', #325, #354, #232 ) ;
#1197 = DIRECTION ( 'NONE',  ( 0.000000000000000000, 0.000000000000000000, 1.000000000000000000 ) ) ;
#1198 = CARTESIAN_POINT ( 'NONE',  ( 8.999999999999998224, 1.500000000000000000, 6.000000000000000000 ) ) ;
#1199 = PRODUCT_CONTEXT ( 'NONE', #817, 'mechanical' ) ;
#1200 = EDGE_LOOP ( 'NONE', ( #1057, #387, #710, #1333 ) ) ;
#1201 = CARTESIAN_POINT ( 'NONE',  ( 0.000000000000000000, 2.000000000000000000, 0.000000000000000000 ) ) ;
#1202 = ORIENTED_EDGE ( 'NONE', *, *, #1356, .T. ) ;
#1203 = AXIS2_PLACEMENT_3D ( 'NONE', #484, #181, #377 ) ;
#1204 = CARTESIAN_POINT ( 'NONE',  ( -17.00000000000000000, -1.500000000000000000, -4.275643679511808237 ) ) ;
#1205 = FACE_BOUND ( 'NONE', #720, .T. ) ;
#1206 = DIRECTION ( 'NONE',  ( 1.000000000000000000, 0.000000000000000000, 0.000000000000000000 ) ) ;
#1207 = VERTEX_POINT ( 'NONE', #185 ) ;
#1208 = CARTESIAN_POINT ( 'NONE',  ( 12.00000000000000000, 1.500000000000000222, -6.000000000000000000 ) ) ;
#1209 = EDGE_LOOP ( 'NONE', ( #850, #1098, #661, #128, #667 ) ) ;
#1210 = AXIS2_PLACEMENT_3D ( 'NONE', #1384, #204, #1280 ) ;
#1211 = PRODUCT_DEFINITION_CONTEXT ( 'detailed design', #126, 'design' ) ;
#1212 = CYLINDRICAL_SURFACE ( 'NONE', #1089, 1.750000000000000000 ) ;
#1213 = EDGE_CURVE ( 'NONE', #965, #990, #1226, .T. ) ;
#1214 = DIRECTION ( 'NONE',  ( 0.000000000000000000, 0.000000000000000000, -1.000000000000000000 ) ) ;
#1215 = EDGE_CURVE ( 'NONE', #919, #180, #1129, .T. ) ;
#1216 = VERTEX_POINT ( 'NONE', #168 ) ;
#1217 = CARTESIAN_POINT ( 'NONE',  ( 16.00000000000000000, 1.500000000000000000, -6.000000000000000000 ) ) ;
#1218 = ORIENTED_EDGE ( 'NONE', *, *, #812, .T. ) ;
#1219 = CARTESIAN_POINT ( 'NONE',  ( 0.000000000000000000, -2.000000000000000000, -4.628314976684542407E-16 ) ) ;
#1220 = CIRCLE ( 'NONE', #1018, 3.775643679511807793 ) ;
#1221 = DIRECTION ( 'NONE',  ( 0.000000000000000000, 0.000000000000000000, -1.000000000000000000 ) ) ;
#1222 = CARTESIAN_POINT ( 'NONE',  ( 979.6157720358015695, 1077.164665523936719, -43.89112473456865615 ) ) ;
#1223 = CYLINDRICAL_SURFACE ( 'NONE', #825, 1.000000000000000000 ) ;
#1224 = CARTESIAN_POINT ( 'NONE',  ( 22.50000000000000000, 2.000000000000000000, 2.250000000000000444 ) ) ;
#1225 = EDGE_LOOP ( 'NONE', ( #552, #223, #944, #86 ) ) ;
#1226 = CIRCLE ( 'NONE', #815, 1.000000000000000000 ) ;
#1227 = PRODUCT_DEFINITION_FORMATION_WITH_SPECIFIED_SOURCE ( 'ANY', '', #14, .NOT_KNOWN. ) ;
#1228 = FACE_OUTER_BOUND ( 'NONE', #87, .T. ) ;
#1229 = TOROIDAL_SURFACE ( 'NONE', #171, 4.275643679511808237, 0.5000000000000000000 ) ;
#1230 = VECTOR ( 'NONE', #506, 1000.000000000000000 ) ;
#1231 = PLANE ( 'NONE',  #715 ) ;
#1232 =( REPRESENTATION_RELATIONSHIP ('NONE','NONE', #760, #892 ) REPRESENTATION_RELATIONSHIP_WITH_TRANSFORMATION ( #1103 )SHAPE_REPRESENTATION_RELATIONSHIP( ) );
#1233 = CARTESIAN_POINT ( 'NONE',  ( 10.49999999999999822, 1.500000000000000000, 2.250000000000000000 ) ) ;
#1234 = DIRECTION ( 'NONE',  ( -1.000000000000000000, 0.000000000000000000, 0.000000000000000000 ) ) ;
#1235 = ORIENTED_EDGE ( 'NONE', *, *, #671, .T. ) ;
#1236 = LINE ( 'NONE', #250, #763 ) ;
#1237 = DIRECTION ( 'NONE',  ( 0.000000000000000000, 0.000000000000000000, 1.000000000000000000 ) ) ;
#1238 = DIRECTION ( 'NONE',  ( -1.224646799147353207E-16, 0.000000000000000000, 1.000000000000000000 ) ) ;
#1239 = ORIENTED_EDGE ( 'NONE', *, *, #276, .F. ) ;
#1240 = EDGE_CURVE ( 'NONE', #491, #1303, #684, .T. ) ;
#1241 = CARTESIAN_POINT ( 'NONE',  ( 22.50000000000000000, 2.000000000000000000, -2.250000000000000000 ) ) ;
#1242 = AXIS2_PLACEMENT_3D ( 'NONE', #663, #764, #749 ) ;
#1243 = DIRECTION ( 'NONE',  ( -1.000000000000000000, -0.000000000000000000, -0.000000000000000000 ) ) ;
#1244 = CARTESIAN_POINT ( 'NONE',  ( 12.00000000000000000, 1.500000000000000222, 6.000000000000000000 ) ) ;
#1245 = VERTEX_POINT ( 'NONE', #803 ) ;
#1246 = DIRECTION ( 'NONE',  ( -0.000000000000000000, -0.000000000000000000, -1.000000000000000000 ) ) ;
#1247 = CIRCLE ( 'NONE', #149, 0.4999999999999995559 ) ;
#1248 = LINE ( 'NONE', #277, #674 ) ;
#1249 = DIRECTION ( 'NONE',  ( 0.000000000000000000, 0.000000000000000000, 1.000000000000000000 ) ) ;
#1250 = EDGE_CURVE ( 'NONE', #1038, #735, #52, .T. ) ;
#1251 = ORIENTED_EDGE ( 'NONE', *, *, #270, .F. ) ;
#1252 = UNCERTAINTY_MEASURE_WITH_UNIT (LENGTH_MEASURE( 1.000000000000000082E-05 ), #843, 'distance_accuracy_value', 'NONE');
#1253 = LINE ( 'NONE', #1176, #165 ) ;
#1254 = EDGE_CURVE ( 'NONE', #1276, #137, #1350, .T. ) ;
#1255 = DIRECTION ( 'NONE',  ( -1.000000000000000000, 0.000000000000000000, 0.000000000000000000 ) ) ;
#1256 = ORIENTED_EDGE ( 'NONE', *, *, #1332, .F. ) ;
#1257 = DIRECTION ( 'NONE',  ( -0.000000000000000000, -1.000000000000000000, -0.000000000000000000 ) ) ;
#1258 = CYLINDRICAL_SURFACE ( 'NONE', #1264, 1.500000000000001332 ) ;
#1259 = CYLINDRICAL_SURFACE ( 'NONE', #81, 1.500000000000001332 ) ;
#1260 = DIRECTION ( 'NONE',  ( -1.000000000000000000, 0.000000000000000000, 0.000000000000000000 ) ) ;
#1261 = VECTOR ( 'NONE', #983, 1000.000000000000000 ) ;
#1262 = ORIENTED_EDGE ( 'NONE', *, *, #1179, .T. ) ;
#1263 = ORIENTED_EDGE ( 'NONE', *, *, #1131, .F. ) ;
#1264 = AXIS2_PLACEMENT_3D ( 'NONE', #1049, #512, #637 ) ;
#1265 = DIRECTION ( 'NONE',  ( 1.000000000000000000, 0.000000000000000000, 0.000000000000000000 ) ) ;
#1266 = CARTESIAN_POINT ( 'NONE',  ( 22.50001199999999812, -2.000000000000000000, 2.250000000000000000 ) ) ;
#1267 = CARTESIAN_POINT ( 'NONE',  ( 0.000000000000000000, 0.000000000000000000, 0.000000000000000000 ) ) ;
#1268 = ORIENTED_EDGE ( 'NONE', *, *, #1215, .F. ) ;
#1269 = EDGE_CURVE ( 'NONE', #607, #990, #596, .T. ) ;
#1270 = ORIENTED_EDGE ( 'NONE', *, *, #580, .T. ) ;
#1271 = EDGE_CURVE ( 'NONE', #672, #351, #906, .T. ) ;
#1272 = DIRECTION ( 'NONE',  ( 0.000000000000000000, 0.000000000000000000, 1.000000000000000000 ) ) ;
#1273 = CYLINDRICAL_SURFACE ( 'NONE', #404, 1.500000000000001332 ) ;
#1274 =( NAMED_UNIT ( * ) SI_UNIT ( $, .STERADIAN. ) SOLID_ANGLE_UNIT ( ) );
#1275 = ORIENTED_EDGE ( 'NONE', *, *, #798, .T. ) ;
#1276 = VERTEX_POINT ( 'NONE', #692 ) ;
#1277 = VECTOR ( 'NONE', #1243, 1000.000000000000000 ) ;
#1278 = LINE ( 'NONE', #737, #717 ) ;
#1279 = ADVANCED_FACE ( 'NONE', ( #908, #1338 ), #266, .T. ) ;
#1280 = DIRECTION ( 'NONE',  ( -1.000000000000000000, 0.000000000000000000, 0.000000000000000000 ) ) ;
#1281 = CARTESIAN_POINT ( 'NONE',  ( 4.102566777143632788E-16, -1.999999999999999556, -3.349999999999999645 ) ) ;
#1282 = ORIENTED_EDGE ( 'NONE', *, *, #284, .F. ) ;
#1283 = ORIENTED_EDGE ( 'NONE', *, *, #471, .T. ) ;
#1284 = CARTESIAN_POINT ( 'NONE',  ( 0.000000000000000000, 1.999999999999999112, 2.702722199048698670E-17 ) ) ;
#1285 = AXIS2_PLACEMENT_3D ( 'NONE', #1364, #828, #418 ) ;
#1286 = DIRECTION ( 'NONE',  ( -1.000000000000000000, 0.000000000000000000, 0.000000000000000000 ) ) ;
#1287 = DIRECTION ( 'NONE',  ( -0.000000000000000000, -0.000000000000000000, -1.000000000000000000 ) ) ;
#1288 = EDGE_CURVE ( 'NONE', #654, #365, #1247, .T. ) ;
#1289 = ORIENTED_EDGE ( 'NONE', *, *, #269, .T. ) ;
#1290 = AXIS2_PLACEMENT_3D ( 'NONE', #1304, #350, #789 ) ;
#1291 = AXIS2_PLACEMENT_3D ( 'NONE', #1267, #212, #935 ) ;
#1292 = EDGE_LOOP ( 'NONE', ( #1256, #222 ) ) ;
#1293 = CARTESIAN_POINT ( 'NONE',  ( 10.49999999999999822, 1.500000000000000000, 6.000000000000000000 ) ) ;
#1294 = ORIENTED_EDGE ( 'NONE', *, *, #395, .T. ) ;
#1295 = DIRECTION ( 'NONE',  ( 0.000000000000000000, 1.000000000000000000, 0.000000000000000000 ) ) ;
#1296 = CARTESIAN_POINT ( 'NONE',  ( 0.000000000000000000, 0.000000000000000000, 0.000000000000000000 ) ) ;
#1297 = ORIENTED_EDGE ( 'NONE', *, *, #1116, .F. ) ;
#1298 = CARTESIAN_POINT ( 'NONE',  ( 1.499999999999997780, 3.000000000000000000, 2.500000000000000444 ) ) ;
#1299 = ORIENTED_EDGE ( 'NONE', *, *, #422, .T. ) ;
#1300 = VECTOR ( 'NONE', #1135, 1000.000000000000000 ) ;
#1301 = CARTESIAN_POINT ( 'NONE',  ( 19.00000000000000355, 1.500000000000000222, 6.000000000000000000 ) ) ;
#1302 = DIRECTION ( 'NONE',  ( 0.000000000000000000, 0.000000000000000000, 1.000000000000000000 ) ) ;
#1303 = VERTEX_POINT ( 'NONE', #734 ) ;
#1304 = CARTESIAN_POINT ( 'NONE',  ( 2.499999999999997780, 4.000000000000000000, 6.000000000000000000 ) ) ;
#1305 = ORIENTED_EDGE ( 'NONE', *, *, #1240, .T. ) ;
#1306 = DIRECTION ( 'NONE',  ( 0.000000000000000000, 1.000000000000000000, 0.000000000000000000 ) ) ;
#1307 = ORIENTED_EDGE ( 'NONE', *, *, #1141, .F. ) ;
#1308 = CARTESIAN_POINT ( 'NONE',  ( 8.999999999999998224, 1.500000000000000000, 6.000000000000000000 ) ) ;
#1309 =( LENGTH_UNIT ( ) NAMED_UNIT ( * ) SI_UNIT ( .MILLI., .METRE. ) );
#1310 = VECTOR ( 'NONE', #545, 1000.000000000000000 ) ;
#1311 = ORIENTED_EDGE ( 'NONE', *, *, #1116, .T. ) ;
#1312 = DIRECTION ( 'NONE',  ( -1.000000000000000000, 0.000000000000000000, 0.000000000000000000 ) ) ;
#1313 = CIRCLE ( 'NONE', #703, 0.4999999999999995559 ) ;
#1314 = ORIENTED_EDGE ( 'NONE', *, *, #40, .F. ) ;
#1315 = EDGE_CURVE ( 'NONE', #1130, #328, #639, .T. ) ;
#1316 = CARTESIAN_POINT ( 'NONE',  ( 22.50000000000000000, -2.000000000000000000, 6.000000000000000000 ) ) ;
#1317 = EDGE_CURVE ( 'NONE', #1339, #1160, #1158, .T. ) ;
#1318 = CARTESIAN_POINT ( 'NONE',  ( -17.00000000000000000, -2.000000000000000000, -4.275643679511808237 ) ) ;
#1319 = ORIENTED_EDGE ( 'NONE', *, *, #355, .T. ) ;
#1320 = PLANE ( 'NONE',  #1047 ) ;
#1321 = VERTEX_POINT ( 'NONE', #1156 ) ;
#1322 = SPHERICAL_SURFACE ( 'NONE', #1095, 3.901602234979880901 ) ;
#1323 = DIRECTION ( 'NONE',  ( 0.000000000000000000, -1.000000000000000000, 0.000000000000000000 ) ) ;
#1324 = ORIENTED_EDGE ( 'NONE', *, *, #708, .T. ) ;
#1325 = DIRECTION ( 'NONE',  ( 0.000000000000000000, 0.000000000000000000, -1.000000000000000000 ) ) ;
#1326 = VERTEX_POINT ( 'NONE', #1281 ) ;
#1327 = DIRECTION ( 'NONE',  ( 0.000000000000000000, 0.000000000000000000, 1.000000000000000000 ) ) ;
#1328 = DIRECTION ( 'NONE',  ( 1.000000000000000000, 0.000000000000000000, 0.000000000000000000 ) ) ;
#1329 = ADVANCED_FACE ( 'NONE', ( #1051 ), #252, .T. ) ;
#1330 = CARTESIAN_POINT ( 'NONE',  ( -22.50000000000000000, -2.000000000000000000, -6.000000000000000000 ) ) ;
#1331 = DIRECTION ( 'NONE',  ( -1.000000000000000000, 0.000000000000000000, 0.000000000000000000 ) ) ;
#1332 = EDGE_CURVE ( 'NONE', #549, #328, #584, .T. ) ;
#1333 = ORIENTED_EDGE ( 'NONE', *, *, #269, .F. ) ;
#1334 = VECTOR ( 'NONE', #1234, 1000.000000000000000 ) ;
#1335 = VECTOR ( 'NONE', #767, 1000.000000000000000 ) ;
#1336 = FACE_OUTER_BOUND ( 'NONE', #29, .T. ) ;
#1337 = CARTESIAN_POINT ( 'NONE',  ( 7.500000000000000000, 5.000000000000000000, -2.249999999999998224 ) ) ;
#1338 = FACE_OUTER_BOUND ( 'NONE', #482, .T. ) ;
#1339 = VERTEX_POINT ( 'NONE', #1171 ) ;
#1340 = EDGE_CURVE ( 'NONE', #569, #105, #1377, .T. ) ;
#1341 = PRODUCT_DEFINITION_SHAPE ( 'NONE', 'NONE',  #364 ) ;
#1342 = LINE ( 'NONE', #1241, #1134 ) ;
#1343 = DIRECTION ( 'NONE',  ( -0.000000000000000000, -0.000000000000000000, -1.000000000000000000 ) ) ;
#1344 = DIRECTION ( 'NONE',  ( 0.000000000000000000, 0.000000000000000000, 1.000000000000000000 ) ) ;
#1345 = EDGE_LOOP ( 'NONE', ( #1365, #985, #311, #838 ) ) ;
#1346 = EDGE_CURVE ( 'NONE', #1339, #884, #214, .T. ) ;
#1347 = CARTESIAN_POINT ( 'NONE',  ( -17.00000000000000000, 1.500000000000000000, 0.000000000000000000 ) ) ;
#1348 = MECHANICAL_DESIGN_GEOMETRIC_PRESENTATION_REPRESENTATION (  '', ( #762 ), #790 ) ;
#1349 = CARTESIAN_POINT ( 'NONE',  ( -19.50000000000000000, -2.000000000000000000, -3.000000000000000000 ) ) ;
#1350 = LINE ( 'NONE', #68, #1230 ) ;
#1351 = ORIENTED_EDGE ( 'NONE', *, *, #1063, .T. ) ;
#1352 = AXIS2_PLACEMENT_3D ( 'NONE', #224, #428, #853 ) ;
#1353 = AXIS2_PLACEMENT_3D ( 'NONE', #1078, #109, #345 ) ;
#1354 = DIRECTION ( 'NONE',  ( 0.000000000000000000, 0.000000000000000000, 1.000000000000000000 ) ) ;
#1355 = TOROIDAL_SURFACE ( 'NONE', #861, 4.275643679511808237, 0.5000000000000000000 ) ;
#1356 = EDGE_CURVE ( 'NONE', #285, #200, #627, .T. ) ;
#1357 = CIRCLE ( 'NONE', #858, 0.4999999999999995559 ) ;
#1358 = DIRECTION ( 'NONE',  ( -0.000000000000000000, -0.000000000000000000, -1.000000000000000000 ) ) ;
#1359 = CYLINDRICAL_SURFACE ( 'NONE', #553, 1.500000000000001332 ) ;
#1360 = ORIENTED_EDGE ( 'NONE', *, *, #334, .F. ) ;
#1361 = CARTESIAN_POINT ( 'NONE',  ( 0.000000000000000000, -2.000000000000000000, -4.628314976684542407E-16 ) ) ;
#1362 = DIRECTION ( 'NONE',  ( -1.000000000000000000, 0.000000000000000000, 0.000000000000000000 ) ) ;
#1363 = FACE_OUTER_BOUND ( 'NONE', #448, .T. ) ;
#1364 = CARTESIAN_POINT ( 'NONE',  ( 17.50000000000000000, 1.500000000000000000, 2.250000000000000000 ) ) ;
#1365 = ORIENTED_EDGE ( 'NONE', *, *, #381, .F. ) ;
#1366 = DIRECTION ( 'NONE',  ( 0.000000000000000000, -1.000000000000000000, -1.224646799147353454E-16 ) ) ;
#1367 = CARTESIAN_POINT ( 'NONE',  ( -17.00000000000000000, 2.000000000000000000, -4.275643679511808237 ) ) ;
#1368 = COLOUR_RGB ( '',0.7921568627450980005, 0.8196078431372548767, 0.9333333333333333481 ) ;
#1369 = CARTESIAN_POINT ( 'NONE',  ( 1.499999999999997780, 5.000000000000000000, -6.000000000000000000 ) ) ;
#1370 = EDGE_CURVE ( 'NONE', #180, #569, #71, .T. ) ;
#1371 = ORIENTED_EDGE ( 'NONE', *, *, #381, .T. ) ;
#1372 = EDGE_CURVE ( 'NONE', #365, #99, #1357, .T. ) ;
#1373 = ORIENTED_EDGE ( 'NONE', *, *, #450, .T. ) ;
#1374 = CARTESIAN_POINT ( 'NONE',  ( -17.00000000000000000, 2.000000000000000000, 0.000000000000000000 ) ) ;
#1375 = COLOUR_RGB ( '',0.7921568627450980005, 0.8196078431372548767, 0.9333333333333333481 ) ;
#1376 = PLANE ( 'NONE',  #957 ) ;
#1377 = LINE ( 'NONE', #1164, #1044 ) ;
#1378 = TOROIDAL_SURFACE ( 'NONE', #374, 4.275643679511808237, 0.5000000000000000000 ) ;
#1379 = ORIENTED_EDGE ( 'NONE', *, *, #987, .F. ) ;
#1380 = CARTESIAN_POINT ( 'NONE',  ( -17.00000000000000000, 1.500000000000000000, 0.000000000000000000 ) ) ;
#1381 = VERTEX_POINT ( 'NONE', #292 ) ;
#1382 = EDGE_CURVE ( 'NONE', #1021, #215, #326, .T. ) ;
#1383 = CARTESIAN_POINT ( 'NONE',  ( 16.00000000000000000, 1.500000000000000000, 6.000000000000000000 ) ) ;
#1384 = CARTESIAN_POINT ( 'NONE',  ( 17.50000000000000000, 1.500000000000000000, -6.000000000000000000 ) ) ;
#1385 = DIRECTION ( 'NONE',  ( 0.000000000000000000, 0.000000000000000000, 1.000000000000000000 ) ) ;
#1386 = ORIENTED_EDGE ( 'NONE', *, *, #575, .T. ) ;
#1387 = ORIENTED_EDGE ( 'NONE', *, *, #741, .T. ) ;
#1388 = LINE ( 'NONE', #1369, #802 ) ;
#1389 = NEXT_ASSEMBLY_USAGE_OCCURRENCE ( 'NAUO1', ' ', ' ', #50, #752, $ ) ;
#1390 = NEXT_ASSEMBLY_USAGE_OCCURRENCE ( 'NAUO2', ' ', ' ', #50, #364, $ ) ;
ENDSEC;
END-ISO-10303-21;
