ISO-10303-21;
HEADER;
FILE_DESCRIPTION (( 'STEP AP214' ),
    '1' );
FILE_NAME ('Steeering-Arm.STEP',
    '2026-06-17T03:08:30',
    ( '' ),
    ( '' ),
    'SwSTEP 2.0',
    'SolidWorks 2026',
    '' );
FILE_SCHEMA (( 'AUTOMOTIVE_DESIGN' ));
ENDSEC;

DATA;
#1 = ORIENTED_EDGE ( 'NONE', *, *, #904, .T. ) ;
#2 = DIRECTION ( 'NONE',  ( -0.000000000000000000, 1.000000000000000000, -0.000000000000000000 ) ) ;
#3 = DIRECTION ( 'NONE',  ( -0.000000000000000000, -1.000000000000000000, -0.000000000000000000 ) ) ;
#4 = ADVANCED_FACE ( 'NONE', ( #1296 ), #1564, .F. ) ;
#5 = CARTESIAN_POINT ( 'NONE',  ( 0.000000000000000000, 2.999999999999999556, 1.224646799147352961E-16 ) ) ;
#6 = ADVANCED_FACE ( 'NONE', ( #58 ), #679, .F. ) ;
#7 = DIRECTION ( 'NONE',  ( -1.000000000000000000, -0.000000000000000000, -0.000000000000000000 ) ) ;
#8 = VERTEX_POINT ( 'NONE', #287 ) ;
#9 = DIRECTION ( 'NONE',  ( 0.000000000000000000, 0.000000000000000000, 1.000000000000000000 ) ) ;
#10 = DIRECTION ( 'NONE',  ( 1.000000000000000000, 0.000000000000000000, 0.000000000000000000 ) ) ;
#11 = ORIENTED_EDGE ( 'NONE', *, *, #684, .T. ) ;
#12 = CIRCLE ( 'NONE', #422, 4.456430435746357333 ) ;
#13 = CIRCLE ( 'NONE', #1144, 10.00000000000000178 ) ;
#14 = CIRCLE ( 'NONE', #403, 3.000000000000000000 ) ;
#15 = CARTESIAN_POINT ( 'NONE',  ( 0.000000000000000000, 2.999999999999999556, 1.494919019052223382E-16 ) ) ;
#16 = CIRCLE ( 'NONE', #621, 0.4999999999999995559 ) ;
#17 = CIRCLE ( 'NONE', #225, 4.456430435746357333 ) ;
#18 = DIRECTION ( 'NONE',  ( 0.000000000000000000, 1.000000000000000000, 0.000000000000000000 ) ) ;
#19 = CIRCLE ( 'NONE', #803, 4.020361053752901093 ) ;
#20 = EDGE_CURVE ( 'NONE', #764, #27, #14, .T. ) ;
#21 = EDGE_LOOP ( 'NONE', ( #1581, #1339, #79, #1021 ) ) ;
#22 = FACE_OUTER_BOUND ( 'NONE', #1430, .T. ) ;
#23 = DIRECTION ( 'NONE',  ( -0.000000000000000000, -1.000000000000000000, -0.000000000000000000 ) ) ;
#24 = FACE_OUTER_BOUND ( 'NONE', #1517, .T. ) ;
#25 = VERTEX_POINT ( 'NONE', #558 ) ;
#26 = EDGE_CURVE ( 'NONE', #1322, #601, #170, .T. ) ;
#27 = VERTEX_POINT ( 'NONE', #1453 ) ;
#28 = DIRECTION ( 'NONE',  ( 0.000000000000000000, 1.000000000000000000, 0.000000000000000000 ) ) ;
#29 = LINE ( 'NONE', #1540, #969 ) ;
#30 = ADVANCED_FACE ( 'NONE', ( #540 ), #191, .T. ) ;
#31 = VERTEX_POINT ( 'NONE', #1460 ) ;
#32 = CARTESIAN_POINT ( 'NONE',  ( -32.39999999999999858, 0.000000000000000000, 4.456430435746357333 ) ) ;
#33 = LINE ( 'NONE', #920, #254 ) ;
#34 = EDGE_LOOP ( 'NONE', ( #518, #1197, #1616, #1465, #775, #623 ) ) ;
#35 = ORIENTED_EDGE ( 'NONE', *, *, #882, .T. ) ;
#36 = DIRECTION ( 'NONE',  ( -0.000000000000000000, -1.000000000000000000, -0.000000000000000000 ) ) ;
#37 = SPHERICAL_SURFACE ( 'NONE', #1017, 4.609772228646446202 ) ;
#38 = ADVANCED_FACE ( 'NONE', ( #467 ), #1330, .T. ) ;
#39 = CARTESIAN_POINT ( 'NONE',  ( 38.99999999999999289, 6.000000000000000000, -7.500000000000000000 ) ) ;
#40 = CIRCLE ( 'NONE', #556, 4.020361053752901093 ) ;
#41 = FACE_OUTER_BOUND ( 'NONE', #131, .T. ) ;
#42 = DIRECTION ( 'NONE',  ( 0.000000000000000000, 0.000000000000000000, 1.000000000000000000 ) ) ;
#43 = TOROIDAL_SURFACE ( 'NONE', #481, 4.456430435746357333, 0.5000000000000000000 ) ;
#44 = CIRCLE ( 'NONE', #199, 0.4999999999999995559 ) ;
#45 = CIRCLE ( 'NONE', #889, 0.4999999999999995559 ) ;
#46 = VERTEX_POINT ( 'NONE', #986 ) ;
#47 = ORIENTED_EDGE ( 'NONE', *, *, #848, .F. ) ;
#48 = EDGE_CURVE ( 'NONE', #27, #1331, #709, .T. ) ;
#49 = DIRECTION ( 'NONE',  ( 0.000000000000000000, 0.000000000000000000, 1.000000000000000000 ) ) ;
#50 = VERTEX_POINT ( 'NONE', #115 ) ;
#51 = ORIENTED_EDGE ( 'NONE', *, *, #1441, .F. ) ;
#52 = ORIENTED_EDGE ( 'NONE', *, *, #1176, .T. ) ;
#53 = CARTESIAN_POINT ( 'NONE',  ( 32.63851973906596271, 10.00000000000000000, 2.499999999999998668 ) ) ;
#54 = CARTESIAN_POINT ( 'NONE',  ( 35.99999999999999289, 6.000000000000000000, -4.500000000000000000 ) ) ;
#55 = EDGE_CURVE ( 'NONE', #50, #294, #964, .T. ) ;
#56 = ORIENTED_EDGE ( 'NONE', *, *, #1515, .F. ) ;
#57 = ORIENTED_EDGE ( 'NONE', *, *, #286, .F. ) ;
#58 = FACE_OUTER_BOUND ( 'NONE', #711, .T. ) ;
#59 = AXIS2_PLACEMENT_3D ( 'NONE', #1138, #760, #9 ) ;
#60 = EDGE_CURVE ( 'NONE', #294, #1426, #1416, .T. ) ;
#61 = CARTESIAN_POINT ( 'NONE',  ( -32.39999999999999858, 5.500000000000000000, 0.000000000000000000 ) ) ;
#62 = ORIENTED_EDGE ( 'NONE', *, *, #1386, .F. ) ;
#63 = VECTOR ( 'NONE', #1120, 1000.000000000000000 ) ;
#64 = EDGE_CURVE ( 'NONE', #1379, #746, #1440, .T. ) ;
#65 = PRODUCT_DEFINITION_FORMATION_WITH_SPECIFIED_SOURCE ( 'ANY', '', #1202, .NOT_KNOWN. ) ;
#66 = CIRCLE ( 'NONE', #1363, 10.00000000000000178 ) ;
#67 = ORIENTED_EDGE ( 'NONE', *, *, #312, .T. ) ;
#68 = CARTESIAN_POINT ( 'NONE',  ( 32.39999999999999858, 0.5000000000000000000, 0.000000000000000000 ) ) ;
#69 = CARTESIAN_POINT ( 'NONE',  ( 35.99999999999999289, 0.000000000000000000, -7.500000000000000000 ) ) ;
#70 = EDGE_LOOP ( 'NONE', ( #1340, #782, #1636, #223 ) ) ;
#71 = ORIENTED_EDGE ( 'NONE', *, *, #1372, .T. ) ;
#72 = ADVANCED_FACE ( 'NONE', ( #1343 ), #701, .T. ) ;
#73 = CARTESIAN_POINT ( 'NONE',  ( 0.000000000000000000, 6.000000000000000000, 0.000000000000000000 ) ) ;
#74 = SHAPE_DEFINITION_REPRESENTATION ( #734, #560 ) ;
#75 = DIRECTION ( 'NONE',  ( 1.000000000000000000, 0.000000000000000000, 0.000000000000000000 ) ) ;
#76 = DIRECTION ( 'NONE',  ( 0.000000000000000000, 0.000000000000000000, -1.000000000000000000 ) ) ;
#77 = LINE ( 'NONE', #1487, #1044 ) ;
#78 = VERTEX_POINT ( 'NONE', #1107 ) ;
#79 = ORIENTED_EDGE ( 'NONE', *, *, #1496, .T. ) ;
#80 = LINE ( 'NONE', #1457, #1252 ) ;
#81 = EDGE_CURVE ( 'NONE', #1638, #471, #824, .T. ) ;
#82 = DIRECTION ( 'NONE',  ( -0.000000000000000000, 1.000000000000000000, 1.224646799147353207E-16 ) ) ;
#83 = DIRECTION ( 'NONE',  ( -0.000000000000000000, -1.000000000000000000, -0.000000000000000000 ) ) ;
#84 = AXIS2_PLACEMENT_3D ( 'NONE', #786, #1156, #1164 ) ;
#85 = AXIS2_PLACEMENT_3D ( 'NONE', #516, #194, #780 ) ;
#86 = CIRCLE ( 'NONE', #1171, 3.249999999999999556 ) ;
#87 = EDGE_LOOP ( 'NONE', ( #630, #1502, #206, #960 ) ) ;
#88 = AXIS2_PLACEMENT_3D ( 'NONE', #1018, #527, #395 ) ;
#89 = AXIS2_PLACEMENT_3D ( 'NONE', #1108, #346, #76 ) ;
#90 = FACE_OUTER_BOUND ( 'NONE', #797, .T. ) ;
#91 = PLANE ( 'NONE',  #510 ) ;
#92 = AXIS2_PLACEMENT_3D ( 'NONE', #1037, #261, #1411 ) ;
#93 = ADVANCED_FACE ( 'NONE', ( #744 ), #457, .F. ) ;
#94 = EDGE_CURVE ( 'NONE', #1534, #1183, #251, .T. ) ;
#95 = PRODUCT_CONTEXT ( 'NONE', #973, 'mechanical' ) ;
#96 = PRODUCT ( 'Steering-Ball', 'Steering-Ball', '', ( #229 ) ) ;
#97 = DIRECTION ( 'NONE',  ( -0.000000000000000000, 1.000000000000000000, 1.224646799147353207E-16 ) ) ;
#98 = DIRECTION ( 'NONE',  ( -1.000000000000000000, 0.000000000000000000, -0.000000000000000000 ) ) ;
#99 = CARTESIAN_POINT ( 'NONE',  ( 32.39999999999999858, 3.000000000000000000, 0.000000000000000000 ) ) ;
#100 = EDGE_LOOP ( 'NONE', ( #385, #771, #1137, #1063 ) ) ;
#101 = VERTEX_POINT ( 'NONE', #978 ) ;
#102 = FACE_OUTER_BOUND ( 'NONE', #1424, .T. ) ;
#103 = FACE_OUTER_BOUND ( 'NONE', #811, .T. ) ;
#104 = ITEM_DEFINED_TRANSFORMATION ( 'NONE', 'NONE', #1497,  #1469 ) ;
#105 = CARTESIAN_POINT ( 'NONE',  ( -39.00000000000000711, 6.000000000000000000, 4.500000000000000888 ) ) ;
#106 = CARTESIAN_POINT ( 'NONE',  ( -32.39999999999999858, 0.7446292993241931946, 0.000000000000000000 ) ) ;
#107 = DIRECTION ( 'NONE',  ( -0.000000000000000000, 1.000000000000000000, 1.224646799147353207E-16 ) ) ;
#108 = ORIENTED_EDGE ( 'NONE', *, *, #55, .F. ) ;
#109 = EDGE_CURVE ( 'NONE', #1041, #944, #86, .T. ) ;
#110 = ORIENTED_EDGE ( 'NONE', *, *, #706, .T. ) ;
#111 = PRODUCT_DEFINITION_SHAPE ( 'NONE', 'NONE',  #1639 ) ;
#112 = CARTESIAN_POINT ( 'NONE',  ( -32.63851973906596271, 6.000000000000000000, -2.500000000000000444 ) ) ;
#113 = DIRECTION ( 'NONE',  ( 0.000000000000000000, 0.000000000000000000, 1.000000000000000000 ) ) ;
#114 = DIRECTION ( 'NONE',  ( 1.000000000000000000, 0.000000000000000000, 0.000000000000000000 ) ) ;
#115 = CARTESIAN_POINT ( 'NONE',  ( 32.39999999999999858, 5.255370700675806361, -4.020361053752901093 ) ) ;
#116 = CARTESIAN_POINT ( 'NONE',  ( 20.32610100898454419, 6.000000000000000000, -13.26084848652319259 ) ) ;
#117 = DIRECTION ( 'NONE',  ( 0.000000000000000000, -1.224646799147353207E-16, 1.000000000000000000 ) ) ;
#118 = ORIENTED_EDGE ( 'NONE', *, *, #26, .T. ) ;
#119 = EDGE_CURVE ( 'NONE', #1412, #317, #1593, .T. ) ;
#120 = EDGE_CURVE ( 'NONE', #1412, #265, #197, .T. ) ;
#121 = ORIENTED_EDGE ( 'NONE', *, *, #957, .T. ) ;
#122 = TOROIDAL_SURFACE ( 'NONE', #1329, 4.456430435746357333, 0.5000000000000000000 ) ;
#123 = AXIS2_PLACEMENT_3D ( 'NONE', #1336, #357, #1605 ) ;
#124 = DIRECTION ( 'NONE',  ( 0.000000000000000000, 0.000000000000000000, 1.000000000000000000 ) ) ;
#125 = LINE ( 'NONE', #1381, #1467 ) ;
#126 = AXIS2_PLACEMENT_3D ( 'NONE', #478, #1377, #710 ) ;
#127 = AXIS2_PLACEMENT_3D ( 'NONE', #900, #761, #1627 ) ;
#128 = CIRCLE ( 'NONE', #327, 4.609772228646447090 ) ;
#129 = DIRECTION ( 'NONE',  ( 0.000000000000000000, 0.000000000000000000, 1.000000000000000000 ) ) ;
#130 = CARTESIAN_POINT ( 'NONE',  ( -32.39999999999999858, 5.255370700675806361, 4.020361053752901093 ) ) ;
#131 = EDGE_LOOP ( 'NONE', ( #1529, #521 ) ) ;
#132 = EDGE_CURVE ( 'NONE', #1314, #1240, #1119, .T. ) ;
#133 = DIRECTION ( 'NONE',  ( -0.000000000000000000, -1.000000000000000000, -0.000000000000000000 ) ) ;
#134 = CARTESIAN_POINT ( 'NONE',  ( 28.37963894624709837, 0.7446292993241931946, -4.923522295895171117E-16 ) ) ;
#135 = EDGE_CURVE ( 'NONE', #436, #639, #674, .T. ) ;
#136 = DIRECTION ( 'NONE',  ( 0.000000000000000000, 0.000000000000000000, 1.000000000000000000 ) ) ;
#137 = CARTESIAN_POINT ( 'NONE',  ( -39.00000000000000711, 0.000000000000000000, -7.500000000000000000 ) ) ;
#138 = VERTEX_POINT ( 'NONE', #331 ) ;
#139 = ORIENTED_EDGE ( 'NONE', *, *, #665, .T. ) ;
#140 = ADVANCED_FACE ( 'NONE', ( #231 ), #208, .T. ) ;
#141 = CARTESIAN_POINT ( 'NONE',  ( 22.50000000000000000, 0.000000000000000000, 3.499999999999999556 ) ) ;
#142 = CARTESIAN_POINT ( 'NONE',  ( -36.00000000000000711, 0.000000000000000000, -4.500000000000000000 ) ) ;
#143 = DIRECTION ( 'NONE',  ( -0.000000000000000000, -1.000000000000000000, -0.000000000000000000 ) ) ;
#144 = CARTESIAN_POINT ( 'NONE',  ( -36.42036105375290589, 0.7446292993241931946, 0.000000000000000000 ) ) ;
#145 = ORIENTED_EDGE ( 'NONE', *, *, #882, .F. ) ;
#146 = CARTESIAN_POINT ( 'NONE',  ( -32.39999999999999858, 0.5000000000000000000, 0.000000000000000000 ) ) ;
#147 = DIRECTION ( 'NONE',  ( 0.000000000000000000, 0.000000000000000000, -1.000000000000000000 ) ) ;
#148 = VERTEX_POINT ( 'NONE', #105 ) ;
#149 = AXIS2_PLACEMENT_3D ( 'NONE', #68, #1582, #1600 ) ;
#150 = AXIS2_PLACEMENT_3D ( 'NONE', #1586, #529, #273 ) ;
#151 = AXIS2_PLACEMENT_3D ( 'NONE', #1163, #36, #952 ) ;
#152 = AXIS2_PLACEMENT_3D ( 'NONE', #343, #743, #1506 ) ;
#153 = CARTESIAN_POINT ( 'NONE',  ( 32.39999999999999858, 5.500000000000000000, -3.956430435746357777 ) ) ;
#154 = ADVANCED_FACE ( 'NONE', ( #995 ), #864, .T. ) ;
#155 = ORIENTED_EDGE ( 'NONE', *, *, #670, .F. ) ;
#156 = DIRECTION ( 'NONE',  ( 0.000000000000000000, 0.000000000000000000, 1.000000000000000000 ) ) ;
#157 = CARTESIAN_POINT ( 'NONE',  ( -39.00000000000000711, 6.000000000000000000, -7.500000000000000000 ) ) ;
#158 = ORIENTED_EDGE ( 'NONE', *, *, #1615, .F. ) ;
#159 = DIRECTION ( 'NONE',  ( -1.000000000000000000, 0.000000000000000000, -1.224646799147352961E-16 ) ) ;
#160 = CARTESIAN_POINT ( 'NONE',  ( 32.39999999999999858, 0.5000000000000000000, 0.000000000000000000 ) ) ;
#161 = ORIENTED_EDGE ( 'NONE', *, *, #402, .T. ) ;
#162 = DIRECTION ( 'NONE',  ( -0.000000000000000000, -1.000000000000000000, -0.000000000000000000 ) ) ;
#163 = DIRECTION ( 'NONE',  ( 1.000000000000000000, 0.000000000000000000, 0.000000000000000000 ) ) ;
#164 = DIRECTION ( 'NONE',  ( 0.000000000000000000, 0.000000000000000000, -1.000000000000000000 ) ) ;
#165 = DIRECTION ( 'NONE',  ( 0.000000000000000000, 0.000000000000000000, 1.000000000000000000 ) ) ;
#166 = ORIENTED_EDGE ( 'NONE', *, *, #94, .F. ) ;
#167 = CIRCLE ( 'NONE', #796, 10.00000000000000355 ) ;
#168 = AXIS2_PLACEMENT_3D ( 'NONE', #376, #766, #1617 ) ;
#169 = DIRECTION ( 'NONE',  ( 0.000000000000000000, 0.000000000000000000, -1.000000000000000000 ) ) ;
#170 = CIRCLE ( 'NONE', #1115, 0.4999999999999995559 ) ;
#171 = DIRECTION ( 'NONE',  ( -0.000000000000000000, -1.000000000000000000, -0.000000000000000000 ) ) ;
#172 = AXIS2_PLACEMENT_3D ( 'NONE', #519, #654, #495 ) ;
#173 = CIRCLE ( 'NONE', #1173, 1.750000000000000000 ) ;
#174 = VECTOR ( 'NONE', #1105, 1000.000000000000000 ) ;
#175 = ORIENTED_EDGE ( 'NONE', *, *, #896, .T. ) ;
#176 = ORIENTED_EDGE ( 'NONE', *, *, #109, .T. ) ;
#177 = LINE ( 'NONE', #39, #1142 ) ;
#178 = EDGE_CURVE ( 'NONE', #1449, #101, #533, .T. ) ;
#179 = DIRECTION ( 'NONE',  ( 0.000000000000000000, 1.224646799147353207E-16, -1.000000000000000000 ) ) ;
#180 = DIRECTION ( 'NONE',  ( 0.000000000000000000, 1.000000000000000000, 0.000000000000000000 ) ) ;
#181 = VERTEX_POINT ( 'NONE', #365 ) ;
#182 = VERTEX_POINT ( 'NONE', #245 ) ;
#183 = DIRECTION ( 'NONE',  ( 0.000000000000000000, 0.000000000000000000, 1.000000000000000000 ) ) ;
#184 = ORIENTED_EDGE ( 'NONE', *, *, #205, .T. ) ;
#185 = CARTESIAN_POINT ( 'NONE',  ( -26.48231037402524990, 0.000000000000000000, -5.380424243261596295 ) ) ;
#186 = VERTEX_POINT ( 'NONE', #1211 ) ;
#187 = CARTESIAN_POINT ( 'NONE',  ( -36.42036105375290589, 5.255370700675806361, 0.000000000000000000 ) ) ;
#188 = ORIENTED_EDGE ( 'NONE', *, *, #1459, .T. ) ;
#189 = DIRECTION ( 'NONE',  ( 0.000000000000000000, -1.334402673828313339E-16, 1.000000000000000000 ) ) ;
#190 = FACE_BOUND ( 'NONE', #288, .T. ) ;
#191 = CYLINDRICAL_SURFACE ( 'NONE', #587, 3.000000000000000000 ) ;
#192 = EDGE_CURVE ( 'NONE', #911, #902, #358, .T. ) ;
#193 = CIRCLE ( 'NONE', #1042, 0.4999999999999995559 ) ;
#194 = DIRECTION ( 'NONE',  ( -0.000000000000000000, -1.000000000000000000, -0.000000000000000000 ) ) ;
#195 = ORIENTED_EDGE ( 'NONE', *, *, #612, .T. ) ;
#196 = AXIS2_PLACEMENT_3D ( 'NONE', #1034, #1272, #1401 ) ;
#197 = CIRCLE ( 'NONE', #1361, 3.000000000000000000 ) ;
#198 = EDGE_CURVE ( 'NONE', #671, #1489, #1145, .T. ) ;
#199 = AXIS2_PLACEMENT_3D ( 'NONE', #1005, #257, #1523 ) ;
#200 = ORIENTED_EDGE ( 'NONE', *, *, #64, .T. ) ;
#201 = CYLINDRICAL_SURFACE ( 'NONE', #221, 1.750000000000000000 ) ;
#202 = APPLICATION_PROTOCOL_DEFINITION ( 'draft international standard', 'automotive_design', 1998, #472 ) ;
#203 = DIRECTION ( 'NONE',  ( 0.000000000000000000, 1.000000000000000000, 0.000000000000000000 ) ) ;
#204 = CARTESIAN_POINT ( 'NONE',  ( -32.39999999999999858, 0.7446292993241931946, 4.020361053752901093 ) ) ;
#205 = EDGE_CURVE ( 'NONE', #265, #148, #1117, .T. ) ;
#206 = ORIENTED_EDGE ( 'NONE', *, *, #655, .F. ) ;
#207 = CARTESIAN_POINT ( 'NONE',  ( -26.48231037402524990, 6.000000000000000000, -5.380424243261596295 ) ) ;
#208 = CYLINDRICAL_SURFACE ( 'NONE', #1253, 3.000000000000000000 ) ;
#209 = CARTESIAN_POINT ( 'NONE',  ( 32.39999999999999858, 0.7446292993241931946, 4.020361053752901093 ) ) ;
#210 = ORIENTED_EDGE ( 'NONE', *, *, #599, .F. ) ;
#211 = ORIENTED_EDGE ( 'NONE', *, *, #1249, .T. ) ;
#212 = ADVANCED_FACE ( 'NONE', ( #987 ), #232, .T. ) ;
#213 = FACE_OUTER_BOUND ( 'NONE', #867, .T. ) ;
#214 = CARTESIAN_POINT ( 'NONE',  ( 0.000000000000000000, -3.000000000000000000, -5.852961775831894875E-16 ) ) ;
#215 = CARTESIAN_POINT ( 'NONE',  ( 0.000000000000000000, 0.000000000000000000, 0.000000000000000000 ) ) ;
#216 = CARTESIAN_POINT ( 'NONE',  ( -39.00000000000000711, 0.000000000000000000, 7.500000000000000000 ) ) ;
#217 = DIRECTION ( 'NONE',  ( -0.000000000000000000, -1.000000000000000000, -0.000000000000000000 ) ) ;
#218 = CARTESIAN_POINT ( 'NONE',  ( -32.63851973906595560, 0.000000000000000000, -7.500000000000000000 ) ) ;
#219 = ORIENTED_EDGE ( 'NONE', *, *, #682, .F. ) ;
#220 = MECHANICAL_DESIGN_GEOMETRIC_PRESENTATION_REPRESENTATION (  '', ( #304 ), #1568 ) ;
#221 = AXIS2_PLACEMENT_3D ( 'NONE', #1079, #1087, #707 ) ;
#222 = VECTOR ( 'NONE', #1374, 1000.000000000000000 ) ;
#223 = ORIENTED_EDGE ( 'NONE', *, *, #896, .F. ) ;
#224 = CIRCLE ( 'NONE', #591, 0.4999999999999995559 ) ;
#225 = AXIS2_PLACEMENT_3D ( 'NONE', #1221, #1126, #1371 ) ;
#226 = DIRECTION ( 'NONE',  ( 0.000000000000000000, 0.000000000000000000, -1.000000000000000000 ) ) ;
#227 = CARTESIAN_POINT ( 'NONE',  ( 22.50000000000000000, 10.00000000000000000, -3.500000000000000444 ) ) ;
#228 = CIRCLE ( 'NONE', #1177, 4.609772228646447090 ) ;
#229 = PRODUCT_CONTEXT ( 'NONE', #472, 'mechanical' ) ;
#230 = EDGE_CURVE ( 'NONE', #46, #78, #404, .T. ) ;
#231 = FACE_OUTER_BOUND ( 'NONE', #87, .T. ) ;
#232 = CYLINDRICAL_SURFACE ( 'NONE', #89, 10.00000000000000000 ) ;
#233 = EDGE_LOOP ( 'NONE', ( #200, #602 ) ) ;
#234 = EDGE_LOOP ( 'NONE', ( #1551, #1450, #497, #568 ) ) ;
#235 = DIRECTION ( 'NONE',  ( 0.000000000000000000, 1.000000000000000000, 0.000000000000000000 ) ) ;
#236 = DIRECTION ( 'NONE',  ( -0.000000000000000000, -1.000000000000000000, -0.000000000000000000 ) ) ;
#237 =( NAMED_UNIT ( * ) PLANE_ANGLE_UNIT ( ) SI_UNIT ( $, .RADIAN. ) );
#238 = CARTESIAN_POINT ( 'NONE',  ( -39.00000000000000711, 6.000000000000000000, -4.500000000000000000 ) ) ;
#239 = DIRECTION ( 'NONE',  ( -0.000000000000000000, -1.000000000000000000, -0.000000000000000000 ) ) ;
#240 = CARTESIAN_POINT ( 'NONE',  ( -36.00000000000000711, 6.000000000000000000, -7.500000000000000000 ) ) ;
#241 = EDGE_LOOP ( 'NONE', ( #562, #680, #418, #361 ) ) ;
#242 = ORIENTED_EDGE ( 'NONE', *, *, #1527, .F. ) ;
#243 = DIRECTION ( 'NONE',  ( 0.000000000000000000, 0.000000000000000000, 1.000000000000000000 ) ) ;
#244 = DIRECTION ( 'NONE',  ( -1.000000000000000000, -0.000000000000000000, -0.000000000000000000 ) ) ;
#245 = CARTESIAN_POINT ( 'NONE',  ( -28.37963894624709837, 0.7446292993241931946, 4.923522295895171117E-16 ) ) ;
#246 = CARTESIAN_POINT ( 'NONE',  ( 36.42036105375290589, 5.255370700675806361, 0.000000000000000000 ) ) ;
#247 = ADVANCED_FACE ( 'NONE', ( #1354 ), #865, .F. ) ;
#248 = ORIENTED_EDGE ( 'NONE', *, *, #1124, .F. ) ;
#249 = EDGE_CURVE ( 'NONE', #922, #554, #1508, .T. ) ;
#250 = CIRCLE ( 'NONE', #1463, 10.00000000000000000 ) ;
#251 = CIRCLE ( 'NONE', #799, 3.956430435746357777 ) ;
#252 = CARTESIAN_POINT ( 'NONE',  ( 35.99999999999999289, 6.000000000000000000, -7.500000000000000000 ) ) ;
#253 = CARTESIAN_POINT ( 'NONE',  ( -20.32610100898453709, 0.000000000000000000, 13.26084848652318726 ) ) ;
#254 = VECTOR ( 'NONE', #1013, 1000.000000000000000 ) ;
#255 = CIRCLE ( 'NONE', #152, 10.00000000000000178 ) ;
#256 = CIRCLE ( 'NONE', #759, 3.249999999999999556 ) ;
#257 = DIRECTION ( 'NONE',  ( 1.000000000000000000, -0.000000000000000000, 1.224646799147353207E-16 ) ) ;
#258 = ORIENTED_EDGE ( 'NONE', *, *, #198, .T. ) ;
#259 = ADVANCED_FACE ( 'NONE', ( #1344 ), #1227, .F. ) ;
#260 = CARTESIAN_POINT ( 'NONE',  ( 0.000000000000000000, -3.000000000000000444, 3.249999999999999112 ) ) ;
#261 = DIRECTION ( 'NONE',  ( -0.000000000000000000, -1.000000000000000000, -0.000000000000000000 ) ) ;
#262 = CARTESIAN_POINT ( 'NONE',  ( 0.000000000000000000, 2.999999999999999556, 1.494919019052223382E-16 ) ) ;
#263 = DIRECTION ( 'NONE',  ( 0.000000000000000000, 1.000000000000000000, 0.000000000000000000 ) ) ;
#264 = MANIFOLD_SOLID_BREP ( 'Fillet3', #1043 ) ;
#265 = VERTEX_POINT ( 'NONE', #996 ) ;
#266 = LINE ( 'NONE', #492, #1089 ) ;
#267 = EDGE_CURVE ( 'NONE', #1489, #436, #1525, .T. ) ;
#268 = CARTESIAN_POINT ( 'NONE',  ( 32.39999999999999858, 5.500000000000000000, -4.456430435746357333 ) ) ;
#269 = EDGE_CURVE ( 'NONE', #1300, #922, #66, .T. ) ;
#270 = CARTESIAN_POINT ( 'NONE',  ( -32.39999999999999858, 5.500000000000000000, 0.000000000000000000 ) ) ;
#271 = APPLICATION_CONTEXT ( 'automotive_design' ) ;
#272 = VERTEX_POINT ( 'NONE', #489 ) ;
#273 = DIRECTION ( 'NONE',  ( 0.000000000000000000, 0.000000000000000000, 1.000000000000000000 ) ) ;
#274 = DIRECTION ( 'NONE',  ( 1.000000000000000000, -0.000000000000000000, 1.224646799147353207E-16 ) ) ;
#275 = VECTOR ( 'NONE', #397, 1000.000000000000000 ) ;
#276 = PRESENTATION_STYLE_ASSIGNMENT (( #284 ) ) ;
#277 = AXIS2_PLACEMENT_3D ( 'NONE', #338, #998, #988 ) ;
#278 = CIRCLE ( 'NONE', #1572, 4.020361053752901093 ) ;
#279 = EDGE_CURVE ( 'NONE', #25, #639, #44, .T. ) ;
#280 = CARTESIAN_POINT ( 'NONE',  ( 32.39999999999999858, 5.500000000000000000, 0.000000000000000000 ) ) ;
#281 = EDGE_LOOP ( 'NONE', ( #1038, #35, #1131, #520 ) ) ;
#282 = DIRECTION ( 'NONE',  ( 0.000000000000000000, 1.000000000000000000, 0.000000000000000000 ) ) ;
#283 = CARTESIAN_POINT ( 'NONE',  ( -32.39999999999999858, 0.7446292993241931946, 0.000000000000000000 ) ) ;
#284 = SURFACE_STYLE_USAGE ( .BOTH. , #290 ) ;
#285 = PLANE ( 'NONE',  #1090 ) ;
#286 = EDGE_CURVE ( 'NONE', #1322, #576, #278, .T. ) ;
#287 = CARTESIAN_POINT ( 'NONE',  ( 32.63851973906596271, 6.000000000000000000, -7.500000000000000000 ) ) ;
#288 = EDGE_LOOP ( 'NONE', ( #1541, #1165 ) ) ;
#289 = DIRECTION ( 'NONE',  ( -1.000000000000000000, 0.000000000000000000, 0.000000000000000000 ) ) ;
#290 = SURFACE_SIDE_STYLE ('',( #297 ) ) ;
#291 =( NAMED_UNIT ( * ) PLANE_ANGLE_UNIT ( ) SI_UNIT ( $, .RADIAN. ) );
#292 = ORIENTED_EDGE ( 'NONE', *, *, #938, .T. ) ;
#293 = EDGE_CURVE ( 'NONE', #1587, #1052, #637, .T. ) ;
#294 = VERTEX_POINT ( 'NONE', #1400 ) ;
#295 = EDGE_CURVE ( 'NONE', #1130, #935, #1122, .T. ) ;
#296 = VERTEX_POINT ( 'NONE', #1128 ) ;
#297 = SURFACE_STYLE_FILL_AREA ( #1413 ) ;
#298 = CIRCLE ( 'NONE', #1229, 3.000000000000000000 ) ;
#299 = VECTOR ( 'NONE', #983, 1000.000000000000000 ) ;
#300 =( LENGTH_UNIT ( ) NAMED_UNIT ( * ) SI_UNIT ( .MILLI., .METRE. ) );
#301 = ORIENTED_EDGE ( 'NONE', *, *, #366, .F. ) ;
#302 = CIRCLE ( 'NONE', #1224, 10.00000000000000000 ) ;
#303 = CIRCLE ( 'NONE', #1047, 10.00000000000000000 ) ;
#304 = STYLED_ITEM ( 'NONE', ( #276 ), #808 ) ;
#305 = ORIENTED_EDGE ( 'NONE', *, *, #552, .T. ) ;
#306 = EDGE_LOOP ( 'NONE', ( #839, #1261, #413, #57, #118 ) ) ;
#307 = DIRECTION ( 'NONE',  ( 1.000000000000000000, 0.000000000000000000, -0.000000000000000000 ) ) ;
#308 = ORIENTED_EDGE ( 'NONE', *, *, #1376, .F. ) ;
#309 = DIRECTION ( 'NONE',  ( 0.000000000000000000, 0.000000000000000000, 1.000000000000000000 ) ) ;
#310 = ORIENTED_EDGE ( 'NONE', *, *, #1057, .T. ) ;
#311 = CARTESIAN_POINT ( 'NONE',  ( 0.000000000000000000, 0.000000000000000000, -2.449293598294706414E-16 ) ) ;
#312 = EDGE_CURVE ( 'NONE', #671, #25, #858, .T. ) ;
#313 =( LENGTH_UNIT ( ) NAMED_UNIT ( * ) SI_UNIT ( .MILLI., .METRE. ) );
#314 = EDGE_CURVE ( 'NONE', #741, #813, #1333, .T. ) ;
#315 = ORIENTED_EDGE ( 'NONE', *, *, #949, .T. ) ;
#316 = CYLINDRICAL_SURFACE ( 'NONE', #85, 9.999999999999998224 ) ;
#317 = VERTEX_POINT ( 'NONE', #501 ) ;
#318 = CYLINDRICAL_SURFACE ( 'NONE', #1528, 3.000000000000000000 ) ;
#319 = CARTESIAN_POINT ( 'NONE',  ( -32.39999999999999858, 0.5000000000000000000, 0.000000000000000000 ) ) ;
#320 = VECTOR ( 'NONE', #1350, 1000.000000000000000 ) ;
#321 = AXIS2_PLACEMENT_3D ( 'NONE', #1226, #738, #597 ) ;
#322 = FACE_OUTER_BOUND ( 'NONE', #832, .T. ) ;
#323 = ORIENTED_EDGE ( 'NONE', *, *, #314, .F. ) ;
#324 = VECTOR ( 'NONE', #1595, 1000.000000000000000 ) ;
#325 = AXIS2_PLACEMENT_3D ( 'NONE', #845, #239, #574 ) ;
#326 = AXIS2_PLACEMENT_3D ( 'NONE', #927, #1435, #183 ) ;
#327 = AXIS2_PLACEMENT_3D ( 'NONE', #689, #1066, #159 ) ;
#328 = EDGE_LOOP ( 'NONE', ( #1121, #1040, #662, #1348, #820 ) ) ;
#329 = DIRECTION ( 'NONE',  ( -0.000000000000000000, 1.000000000000000000, -0.000000000000000000 ) ) ;
#330 = CONTEXT_DEPENDENT_SHAPE_REPRESENTATION ( #779, #469 ) ;
#331 = CARTESIAN_POINT ( 'NONE',  ( -22.50000000000000000, 6.000000000000000000, -3.500000000000006217 ) ) ;
#332 = CARTESIAN_POINT ( 'NONE',  ( 32.39999999999999858, 0.000000000000000000, 0.000000000000000000 ) ) ;
#333 = ADVANCED_FACE ( 'NONE', ( #381 ), #1335, .T. ) ;
#334 = ORIENTED_EDGE ( 'NONE', *, *, #919, .F. ) ;
#335 = CARTESIAN_POINT ( 'NONE',  ( 38.99999999999999289, 0.000000000000000000, 4.500000000000000888 ) ) ;
#336 = PLANE ( 'NONE',  #802 ) ;
#337 = SURFACE_STYLE_FILL_AREA ( #477 ) ;
#338 = CARTESIAN_POINT ( 'NONE',  ( -39.00000000000000711, 6.000000000000000000, -7.500000000000000000 ) ) ;
#339 = ORIENTED_EDGE ( 'NONE', *, *, #817, .T. ) ;
#340 = ORIENTED_EDGE ( 'NONE', *, *, #970, .F. ) ;
#341 = EDGE_CURVE ( 'NONE', #746, #1379, #622, .T. ) ;
#342 = DIRECTION ( 'NONE',  ( 0.000000000000000000, 0.000000000000000000, 1.000000000000000000 ) ) ;
#343 = CARTESIAN_POINT ( 'NONE',  ( 20.32610100898453709, 0.000000000000000000, 13.26084848652318726 ) ) ;
#344 = DIRECTION ( 'NONE',  ( 0.000000000000000000, 0.000000000000000000, 1.000000000000000000 ) ) ;
#345 = DIRECTION ( 'NONE',  ( 0.000000000000000000, 1.000000000000000000, 0.000000000000000000 ) ) ;
#346 = DIRECTION ( 'NONE',  ( -0.000000000000000000, -1.000000000000000000, -0.000000000000000000 ) ) ;
#347 = LINE ( 'NONE', #838, #63 ) ;
#348 = CIRCLE ( 'NONE', #59, 4.020361053752901093 ) ;
#349 = AXIS2_PLACEMENT_3D ( 'NONE', #874, #588, #1509 ) ;
#350 = VERTEX_POINT ( 'NONE', #1532 ) ;
#351 = AXIS2_PLACEMENT_3D ( 'NONE', #1239, #856, #727 ) ;
#352 = VECTOR ( 'NONE', #363, 1000.000000000000000 ) ;
#353 = DIRECTION ( 'NONE',  ( -0.000000000000000000, 1.000000000000000000, 1.224646799147353454E-16 ) ) ;
#354 = FACE_OUTER_BOUND ( 'NONE', #100, .T. ) ;
#355 = CONTEXT_DEPENDENT_SHAPE_REPRESENTATION ( #1375, #876 ) ;
#356 = PRODUCT_DEFINITION_SHAPE ( 'NONE', 'NONE',  #1490 ) ;
#357 = DIRECTION ( 'NONE',  ( 0.000000000000000000, 0.000000000000000000, -1.000000000000000000 ) ) ;
#358 = LINE ( 'NONE', #1612, #222 ) ;
#359 = PLANE ( 'NONE',  #277 ) ;
#360 = ORIENTED_EDGE ( 'NONE', *, *, #873, .F. ) ;
#361 = ORIENTED_EDGE ( 'NONE', *, *, #721, .T. ) ;
#362 = DIRECTION ( 'NONE',  ( 0.000000000000000000, 0.000000000000000000, 1.000000000000000000 ) ) ;
#363 = DIRECTION ( 'NONE',  ( 0.000000000000000000, 1.000000000000000000, 0.000000000000000000 ) ) ;
#364 = ADVANCED_FACE ( 'NONE', ( #1140 ), #1068, .T. ) ;
#365 = CARTESIAN_POINT ( 'NONE',  ( -22.50000000000000000, 0.000000000000000000, -3.500000000000006217 ) ) ;
#366 = EDGE_CURVE ( 'NONE', #813, #741, #173, .T. ) ;
#367 = DIRECTION ( 'NONE',  ( 0.000000000000000000, 1.000000000000000000, 0.000000000000000000 ) ) ;
#368 = ORIENTED_EDGE ( 'NONE', *, *, #783, .F. ) ;
#369 = CARTESIAN_POINT ( 'NONE',  ( -32.63851973906595560, 6.000000000000000000, -7.500000000000000000 ) ) ;
#370 = DIRECTION ( 'NONE',  ( 0.000000000000000000, 1.000000000000000000, 0.000000000000000000 ) ) ;
#371 = DIRECTION ( 'NONE',  ( 0.000000000000000000, 1.000000000000000000, 1.224646799147353454E-16 ) ) ;
#372 = DIRECTION ( 'NONE',  ( 0.000000000000000000, 1.000000000000000000, 0.000000000000000000 ) ) ;
#373 = EDGE_CURVE ( 'NONE', #847, #138, #1418, .T. ) ;
#374 = EDGE_LOOP ( 'NONE', ( #1231, #565, #645, #1474 ) ) ;
#375 = VECTOR ( 'NONE', #10, 1000.000000000000000 ) ;
#376 = CARTESIAN_POINT ( 'NONE',  ( -32.39999999999999858, 3.000000000000000000, 0.000000000000000000 ) ) ;
#377 = DIRECTION ( 'NONE',  ( 0.000000000000000000, 0.000000000000000000, 1.000000000000000000 ) ) ;
#378 = TOROIDAL_SURFACE ( 'NONE', #351, 4.456430435746357333, 0.5000000000000000000 ) ;
#379 = AXIS2_PLACEMENT_3D ( 'NONE', #1514, #880, #1259 ) ;
#380 = AXIS2_PLACEMENT_3D ( 'NONE', #543, #1555, #409 ) ;
#381 = FACE_OUTER_BOUND ( 'NONE', #1085, .T. ) ;
#382 = CARTESIAN_POINT ( 'NONE',  ( 22.50000000000000000, 0.000000000000000000, -3.500000000000000444 ) ) ;
#383 = ORIENTED_EDGE ( 'NONE', *, *, #314, .T. ) ;
#384 = EDGE_CURVE ( 'NONE', #601, #936, #1045, .T. ) ;
#385 = ORIENTED_EDGE ( 'NONE', *, *, #1154, .T. ) ;
#386 = CARTESIAN_POINT ( 'NONE',  ( 32.63851973906596271, 6.000000000000000000, -7.500000000000000000 ) ) ;
#387 = DIRECTION ( 'NONE',  ( 0.000000000000000000, 1.000000000000000000, 0.000000000000000000 ) ) ;
#388 = DIRECTION ( 'NONE',  ( 0.000000000000000000, 0.000000000000000000, 1.000000000000000000 ) ) ;
#389 = LINE ( 'NONE', #137, #450 ) ;
#390 = ORIENTED_EDGE ( 'NONE', *, *, #48, .T. ) ;
#391 = ORIENTED_EDGE ( 'NONE', *, *, #928, .T. ) ;
#392 = FACE_OUTER_BOUND ( 'NONE', #234, .T. ) ;
#393 = CARTESIAN_POINT ( 'NONE',  ( -32.39999999999999858, 5.500000000000000000, -4.456430435746357333 ) ) ;
#394 = ORIENTED_EDGE ( 'NONE', *, *, #1206, .F. ) ;
#395 = DIRECTION ( 'NONE',  ( 0.000000000000000000, 0.000000000000000000, -1.000000000000000000 ) ) ;
#396 = ORIENTED_EDGE ( 'NONE', *, *, #1134, .F. ) ;
#397 = DIRECTION ( 'NONE',  ( -0.000000000000000000, -1.000000000000000000, -0.000000000000000000 ) ) ;
#398 = CARTESIAN_POINT ( 'NONE',  ( 32.39999999999999858, 0.4999999999999998890, 3.956430435746357777 ) ) ;
#399 = AXIS2_PLACEMENT_3D ( 'NONE', #1024, #1250, #1268 ) ;
#400 = DIRECTION ( 'NONE',  ( 0.000000000000000000, 0.000000000000000000, 1.000000000000000000 ) ) ;
#401 = AXIS2_PLACEMENT_3D ( 'NONE', #1533, #1143, #1526 ) ;
#402 = EDGE_CURVE ( 'NONE', #1077, #764, #750, .T. ) ;
#403 = AXIS2_PLACEMENT_3D ( 'NONE', #1311, #180, #1567 ) ;
#404 = CIRCLE ( 'NONE', #1305, 4.456430435746357333 ) ;
#405 = CARTESIAN_POINT ( 'NONE',  ( -39.00000000000000711, 0.000000000000000000, 7.500000000000000000 ) ) ;
#406 = ORIENTED_EDGE ( 'NONE', *, *, #863, .F. ) ;
#407 = CARTESIAN_POINT ( 'NONE',  ( 32.63851973906596271, 6.000000000000000000, -2.500000000000000444 ) ) ;
#408 = ORIENTED_EDGE ( 'NONE', *, *, #904, .F. ) ;
#409 = DIRECTION ( 'NONE',  ( 0.000000000000000000, 0.000000000000000000, -1.000000000000000000 ) ) ;
#410 = CARTESIAN_POINT ( 'NONE',  ( 32.63851973906596271, 6.000000000000000000, 2.499999999999998668 ) ) ;
#411 = ORIENTED_EDGE ( 'NONE', *, *, #815, .F. ) ;
#412 = ADVANCED_FACE ( 'NONE', ( #579 ), #91, .F. ) ;
#413 = ORIENTED_EDGE ( 'NONE', *, *, #1057, .F. ) ;
#414 = ORIENTED_EDGE ( 'NONE', *, *, #135, .F. ) ;
#415 = CARTESIAN_POINT ( 'NONE',  ( 22.50000000000000000, 10.00000000000000000, 3.499999999999999556 ) ) ;
#416 = ORIENTED_EDGE ( 'NONE', *, *, #633, .F. ) ;
#417 = EDGE_CURVE ( 'NONE', #186, #1130, #1004, .T. ) ;
#418 = ORIENTED_EDGE ( 'NONE', *, *, #1238, .T. ) ;
#419 = EDGE_LOOP ( 'NONE', ( #1455, #1403, #463, #733, #121 ) ) ;
#420 = ADVANCED_BREP_SHAPE_REPRESENTATION ( '', ( #808, #1469 ), #1307 ) ;
#421 =( NAMED_UNIT ( * ) SI_UNIT ( $, .STERADIAN. ) SOLID_ANGLE_UNIT ( ) );
#422 = AXIS2_PLACEMENT_3D ( 'NONE', #1434, #1561, #1429 ) ;
#423 = AXIS2_PLACEMENT_3D ( 'NONE', #841, #1208, #226 ) ;
#424 = CARTESIAN_POINT ( 'NONE',  ( 0.000000000000000000, 0.000000000000000000, 0.000000000000000000 ) ) ;
#425 = ORIENTED_EDGE ( 'NONE', *, *, #1349, .T. ) ;
#426 = CIRCLE ( 'NONE', #1367, 3.000000000000000000 ) ;
#427 = SPHERICAL_SURFACE ( 'NONE', #798, 4.609772228646446202 ) ;
#428 = CIRCLE ( 'NONE', #1575, 4.456430435746357333 ) ;
#429 = ORIENTED_EDGE ( 'NONE', *, *, #484, .T. ) ;
#430 = PRODUCT_DEFINITION ( 'UNKNOWN', '', #731, #1584 ) ;
#431 = ORIENTED_EDGE ( 'NONE', *, *, #230, .T. ) ;
#432 = LINE ( 'NONE', #571, #320 ) ;
#433 = DIRECTION ( 'NONE',  ( 1.000000000000000000, 0.000000000000000000, -0.000000000000000000 ) ) ;
#434 = FACE_BOUND ( 'NONE', #1325, .T. ) ;
#435 = EDGE_LOOP ( 'NONE', ( #1438, #308, #51, #1058 ) ) ;
#436 = VERTEX_POINT ( 'NONE', #1251 ) ;
#437 = DIRECTION ( 'NONE',  ( 0.000000000000000000, 0.000000000000000000, 1.000000000000000000 ) ) ;
#438 = EDGE_CURVE ( 'NONE', #272, #1008, #125, .T. ) ;
#439 = DIRECTION ( 'NONE',  ( -1.000000000000000000, 0.000000000000000000, 0.000000000000000000 ) ) ;
#440 = CARTESIAN_POINT ( 'NONE',  ( 32.39999999999999858, 5.255370700675806361, 0.000000000000000000 ) ) ;
#441 = CARTESIAN_POINT ( 'NONE',  ( 22.50000000000000000, 10.00000000000000000, -3.500000000000000444 ) ) ;
#442 = ORIENTED_EDGE ( 'NONE', *, *, #552, .F. ) ;
#443 = ORIENTED_EDGE ( 'NONE', *, *, #849, .T. ) ;
#444 = FACE_BOUND ( 'NONE', #1397, .T. ) ;
#445 = ITEM_DEFINED_TRANSFORMATION ( 'NONE', 'NONE', #1602,  #1469 ) ;
#446 = DIRECTION ( 'NONE',  ( 0.000000000000000000, 0.000000000000000000, 1.000000000000000000 ) ) ;
#447 = SURFACE_STYLE_USAGE ( .BOTH. , #585 ) ;
#448 = AXIS2_PLACEMENT_3D ( 'NONE', #1410, #959, #819 ) ;
#449 = AXIS2_PLACEMENT_3D ( 'NONE', #606, #1116, #1364 ) ;
#450 = VECTOR ( 'NONE', #7, 1000.000000000000000 ) ;
#451 = CIRCLE ( 'NONE', #676, 4.020361053752901093 ) ;
#452 = CIRCLE ( 'NONE', #504, 4.020361053752901093 ) ;
#453 = ORIENTED_EDGE ( 'NONE', *, *, #633, .T. ) ;
#454 = LINE ( 'NONE', #1323, #883 ) ;
#455 = DIRECTION ( 'NONE',  ( -1.000000000000000000, 0.000000000000000000, 0.000000000000000000 ) ) ;
#456 = DIRECTION ( 'NONE',  ( 1.000000000000000000, 0.000000000000000000, 0.000000000000000000 ) ) ;
#457 = SPHERICAL_SURFACE ( 'NONE', #123, 4.609772228646446202 ) ;
#458 = DIRECTION ( 'NONE',  ( 0.000000000000000000, 0.000000000000000000, 1.000000000000000000 ) ) ;
#459 = ADVANCED_FACE ( 'NONE', ( #487 ), #1477, .F. ) ;
#460 = CARTESIAN_POINT ( 'NONE',  ( -32.39999999999999858, 0.4999999999999998890, 0.000000000000000000 ) ) ;
#461 = ORIENTED_EDGE ( 'NONE', *, *, #1472, .T. ) ;
#462 = EDGE_CURVE ( 'NONE', #972, #547, #255, .T. ) ;
#463 = ORIENTED_EDGE ( 'NONE', *, *, #1073, .F. ) ;
#464 = LINE ( 'NONE', #1341, #299 ) ;
#465 = DIRECTION ( 'NONE',  ( 0.000000000000000000, -1.000000000000000000, 0.000000000000000000 ) ) ;
#466 = UNCERTAINTY_MEASURE_WITH_UNIT (LENGTH_MEASURE( 1.000000000000000082E-05 ), #555, 'distance_accuracy_value', 'NONE');
#467 = FACE_OUTER_BOUND ( 'NONE', #374, .T. ) ;
#468 = FACE_OUTER_BOUND ( 'NONE', #688, .T. ) ;
#469 = PRODUCT_DEFINITION_SHAPE ( 'NONE', 'NONE',  #1640 ) ;
#470 = ADVANCED_FACE ( 'NONE', ( #474 ), #336, .F. ) ;
#471 = VERTEX_POINT ( 'NONE', #1366 ) ;
#472 = APPLICATION_CONTEXT ( 'automotive_design' ) ;
#473 = CARTESIAN_POINT ( 'NONE',  ( -22.50000000000000000, 6.000000000000000000, 3.499999999999999556 ) ) ;
#474 = FACE_OUTER_BOUND ( 'NONE', #1607, .T. ) ;
#475 = DIRECTION ( 'NONE',  ( 1.000000000000000000, 0.000000000000000000, 0.000000000000000000 ) ) ;
#476 = CARTESIAN_POINT ( 'NONE',  ( -36.00000000000000711, 6.000000000000000000, -4.500000000000000000 ) ) ;
#477 = FILL_AREA_STYLE ('',( #1594 ) ) ;
#478 = CARTESIAN_POINT ( 'NONE',  ( -32.39999999999999858, 0.7446292993241931946, 0.000000000000000000 ) ) ;
#479 = VERTEX_POINT ( 'NONE', #1610 ) ;
#480 = CIRCLE ( 'NONE', #1414, 3.956430435746357777 ) ;
#481 = AXIS2_PLACEMENT_3D ( 'NONE', #1545, #638, #1152 ) ;
#482 = AXIS2_PLACEMENT_3D ( 'NONE', #573, #837, #446 ) ;
#483 = ORIENTED_EDGE ( 'NONE', *, *, #120, .F. ) ;
#484 = EDGE_CURVE ( 'NONE', #1426, #1481, #451, .T. ) ;
#485 = AXIS2_PLACEMENT_3D ( 'NONE', #5, #769, #1271 ) ;
#486 = CARTESIAN_POINT ( 'NONE',  ( 32.39999999999999858, 0.5000000000000000000, -4.456430435746357333 ) ) ;
#487 = FACE_OUTER_BOUND ( 'NONE', #705, .T. ) ;
#488 = EDGE_CURVE ( 'NONE', #547, #989, #992, .T. ) ;
#489 = CARTESIAN_POINT ( 'NONE',  ( 22.50000000000000000, 6.000000000000000000, 3.499999999999999556 ) ) ;
#490 = FACE_OUTER_BOUND ( 'NONE', #21, .T. ) ;
#491 = ORIENTED_EDGE ( 'NONE', *, *, #665, .F. ) ;
#492 = CARTESIAN_POINT ( 'NONE',  ( -26.48231037402524990, 10.00000000000000000, -5.380424243261596295 ) ) ;
#493 = DIRECTION ( 'NONE',  ( 0.000000000000000000, 1.000000000000000000, 0.000000000000000000 ) ) ;
#494 = DIRECTION ( 'NONE',  ( -0.000000000000000000, -1.000000000000000000, -0.000000000000000000 ) ) ;
#495 = DIRECTION ( 'NONE',  ( 0.000000000000000000, 0.000000000000000000, 1.000000000000000000 ) ) ;
#496 = ORIENTED_EDGE ( 'NONE', *, *, #269, .F. ) ;
#497 = ORIENTED_EDGE ( 'NONE', *, *, #192, .F. ) ;
#498 = CARTESIAN_POINT ( 'NONE',  ( -32.39999999999999858, 6.000000000000000000, 4.456430435746357333 ) ) ;
#499 = DIRECTION ( 'NONE',  ( 1.000000000000000000, -0.000000000000000000, 1.224646799147353207E-16 ) ) ;
#500 = EDGE_CURVE ( 'NONE', #1456, #868, #1443, .T. ) ;
#501 = CARTESIAN_POINT ( 'NONE',  ( -32.63851973906596271, 0.000000000000000000, 7.500000000000000000 ) ) ;
#502 = LINE ( 'NONE', #382, #1392 ) ;
#503 = ORIENTED_EDGE ( 'NONE', *, *, #580, .T. ) ;
#504 = AXIS2_PLACEMENT_3D ( 'NONE', #283, #162, #507 ) ;
#505 = AXIS2_PLACEMENT_3D ( 'NONE', #1484, #1476, #342 ) ;
#506 = CARTESIAN_POINT ( 'NONE',  ( 32.39999999999999858, 0.000000000000000000, -4.456430435746357333 ) ) ;
#507 = DIRECTION ( 'NONE',  ( 0.000000000000000000, 0.000000000000000000, 1.000000000000000000 ) ) ;
#508 = ORIENTED_EDGE ( 'NONE', *, *, #295, .F. ) ;
#509 = AXIS2_PLACEMENT_3D ( 'NONE', #99, #1614, #740 ) ;
#510 = AXIS2_PLACEMENT_3D ( 'NONE', #614, #455, #1088 ) ;
#511 = CIRCLE ( 'NONE', #1086, 0.4999999999999995559 ) ;
#512 = CARTESIAN_POINT ( 'NONE',  ( 35.99999999999999289, 6.000000000000000000, 4.500000000000000888 ) ) ;
#513 = DIRECTION ( 'NONE',  ( 0.000000000000000000, 0.000000000000000000, 1.000000000000000000 ) ) ;
#514 = ORIENTED_EDGE ( 'NONE', *, *, #60, .F. ) ;
#515 = EDGE_CURVE ( 'NONE', #789, #350, #17, .T. ) ;
#516 = CARTESIAN_POINT ( 'NONE',  ( -20.32610100898454419, 10.00000000000000000, -13.26084848652319259 ) ) ;
#517 = DIRECTION ( 'NONE',  ( 1.000000000000000000, 0.000000000000000000, 0.000000000000000000 ) ) ;
#518 = ORIENTED_EDGE ( 'NONE', *, *, #938, .F. ) ;
#519 = CARTESIAN_POINT ( 'NONE',  ( -32.39999999999999858, 0.4999999999999998890, 0.000000000000000000 ) ) ;
#520 = ORIENTED_EDGE ( 'NONE', *, *, #765, .F. ) ;
#521 = ORIENTED_EDGE ( 'NONE', *, *, #109, .F. ) ;
#522 = EDGE_CURVE ( 'NONE', #181, #1240, #1091, .T. ) ;
#523 = ADVANCED_FACE ( 'NONE', ( #354 ), #735, .F. ) ;
#524 = DIRECTION ( 'NONE',  ( 0.000000000000000000, 0.000000000000000000, 1.000000000000000000 ) ) ;
#525 = DIRECTION ( 'NONE',  ( 0.000000000000000000, -1.000000000000000000, 0.000000000000000000 ) ) ;
#526 = VERTEX_POINT ( 'NONE', #1010 ) ;
#527 = DIRECTION ( 'NONE',  ( 1.000000000000000000, -0.000000000000000000, 1.224646799147353207E-16 ) ) ;
#528 = EDGE_LOOP ( 'NONE', ( #1635, #790, #1357, #1056 ) ) ;
#529 = DIRECTION ( 'NONE',  ( -0.000000000000000000, -1.000000000000000000, -0.000000000000000000 ) ) ;
#530 = CARTESIAN_POINT ( 'NONE',  ( -32.39999999999999858, 5.255370700675806361, -4.020361053752901093 ) ) ;
#531 = EDGE_CURVE ( 'NONE', #148, #911, #426, .T. ) ;
#532 = AXIS2_PLACEMENT_3D ( 'NONE', #742, #647, #124 ) ;
#533 = CIRCLE ( 'NONE', #726, 4.020361053752901093 ) ;
#534 = DIRECTION ( 'NONE',  ( 1.000000000000000000, -0.000000000000000000, 1.252855843761027456E-16 ) ) ;
#535 = TOROIDAL_SURFACE ( 'NONE', #1548, 4.456430435746357333, 0.5000000000000000000 ) ;
#536 = AXIS2_PLACEMENT_3D ( 'NONE', #1082, #1101, #1245 ) ;
#537 = ADVANCED_FACE ( 'NONE', ( #103 ), #604, .T. ) ;
#538 = PRESENTATION_LAYER_ASSIGNMENT (  '', '', ( #304 ) ) ;
#539 = CARTESIAN_POINT ( 'NONE',  ( -32.63851973906596271, 0.000000000000000000, -2.500000000000000444 ) ) ;
#540 = FACE_OUTER_BOUND ( 'NONE', #435, .T. ) ;
#541 = ORIENTED_EDGE ( 'NONE', *, *, #747, .F. ) ;
#542 = PRODUCT_DEFINITION_CONTEXT ( 'detailed design', #694, 'design' ) ;
#543 = CARTESIAN_POINT ( 'NONE',  ( 32.39999999999999858, 5.255370700675806361, 0.000000000000000000 ) ) ;
#544 = EDGE_CURVE ( 'NONE', #1052, #1069, #167, .T. ) ;
#545 = CYLINDRICAL_SURFACE ( 'NONE', #1020, 10.00000000000000000 ) ;
#546 = EDGE_LOOP ( 'NONE', ( #1444, #1447, #383, #210 ) ) ;
#547 = VERTEX_POINT ( 'NONE', #1284 ) ;
#548 = ORIENTED_EDGE ( 'NONE', *, *, #515, .T. ) ;
#549 = CARTESIAN_POINT ( 'NONE',  ( -36.00000000000000711, 6.000000000000000000, -7.500000000000000000 ) ) ;
#550 =( NAMED_UNIT ( * ) SI_UNIT ( $, .STERADIAN. ) SOLID_ANGLE_UNIT ( ) );
#551 = DIRECTION ( 'NONE',  ( 0.000000000000000000, -1.000000000000000000, 0.000000000000000000 ) ) ;
#552 = EDGE_CURVE ( 'NONE', #925, #186, #653, .T. ) ;
#553 = EDGE_LOOP ( 'NONE', ( #1213, #47, #1294, #11 ) ) ;
#554 = VERTEX_POINT ( 'NONE', #1421 ) ;
#555 =( LENGTH_UNIT ( ) NAMED_UNIT ( * ) SI_UNIT ( .MILLI., .METRE. ) );
#556 = AXIS2_PLACEMENT_3D ( 'NONE', #1132, #1274, #1380 ) ;
#557 = VECTOR ( 'NONE', #1094, 1000.000000000000000 ) ;
#558 = CARTESIAN_POINT ( 'NONE',  ( -32.39999999999999858, 5.500000000000000000, -3.956430435746357777 ) ) ;
#559 = VECTOR ( 'NONE', #1217, 1000.000000000000000 ) ;
#560 = SHAPE_REPRESENTATION ( 'Steering-Ball', ( #1469 ), #1307 ) ;
#561 = FACE_OUTER_BOUND ( 'NONE', #70, .T. ) ;
#562 = ORIENTED_EDGE ( 'NONE', *, *, #462, .T. ) ;
#563 = CARTESIAN_POINT ( 'NONE',  ( 4.384995453163600532E-16, 6.000000000000000000, -3.500000000000003109 ) ) ;
#564 = ADVANCED_FACE ( 'NONE', ( #767 ), #1301, .T. ) ;
#565 = ORIENTED_EDGE ( 'NONE', *, *, #384, .T. ) ;
#566 = CARTESIAN_POINT ( 'NONE',  ( -32.39999999999999858, 0.000000000000000000, 0.000000000000000000 ) ) ;
#567 = CARTESIAN_POINT ( 'NONE',  ( 38.99999999999999289, 6.000000000000000000, -4.500000000000000000 ) ) ;
#568 = ORIENTED_EDGE ( 'NONE', *, *, #1347, .T. ) ;
#569 = CARTESIAN_POINT ( 'NONE',  ( 20.32610100898454419, 0.000000000000000000, -13.26084848652319259 ) ) ;
#570 = EDGE_LOOP ( 'NONE', ( #718, #1559, #52, #1147 ) ) ;
#571 = CARTESIAN_POINT ( 'NONE',  ( -39.00000000000000711, 6.000000000000000000, -7.500000000000000000 ) ) ;
#572 = APPLICATION_PROTOCOL_DEFINITION ( 'draft international standard', 'automotive_design', 1998, #973 ) ;
#573 = CARTESIAN_POINT ( 'NONE',  ( 32.39999999999999858, 0.5000000000000000000, 0.000000000000000000 ) ) ;
#574 = DIRECTION ( 'NONE',  ( 0.000000000000000000, 0.000000000000000000, -1.000000000000000000 ) ) ;
#575 = FACE_OUTER_BOUND ( 'NONE', #1136, .T. ) ;
#576 = VERTEX_POINT ( 'NONE', #134 ) ;
#577 = ORIENTED_EDGE ( 'NONE', *, *, #747, .T. ) ;
#578 = DIRECTION ( 'NONE',  ( 0.000000000000000000, 1.000000000000000000, 0.000000000000000000 ) ) ;
#579 = FACE_OUTER_BOUND ( 'NONE', #1312, .T. ) ;
#580 = EDGE_CURVE ( 'NONE', #932, #31, #428, .T. ) ;
#581 = DIRECTION ( 'NONE',  ( 1.000000000000000000, 0.000000000000000000, 0.000000000000000000 ) ) ;
#582 = CIRCLE ( 'NONE', #1023, 0.4999999999999995559 ) ;
#583 = EDGE_CURVE ( 'NONE', #1183, #1534, #592, .T. ) ;
#584 = DIRECTION ( 'NONE',  ( 0.000000000000000000, -1.000000000000000000, 0.000000000000000000 ) ) ;
#585 = SURFACE_SIDE_STYLE ('',( #337 ) ) ;
#586 = CIRCLE ( 'NONE', #532, 3.956430435746357777 ) ;
#587 = AXIS2_PLACEMENT_3D ( 'NONE', #54, #551, #1060 ) ;
#588 = DIRECTION ( 'NONE',  ( 0.000000000000000000, 1.000000000000000000, 0.000000000000000000 ) ) ;
#589 = AXIS2_PLACEMENT_3D ( 'NONE', #1046, #1552, #1448 ) ;
#590 =( GEOMETRIC_REPRESENTATION_CONTEXT ( 3 ) GLOBAL_UNCERTAINTY_ASSIGNED_CONTEXT ( ( #977 ) ) GLOBAL_UNIT_ASSIGNED_CONTEXT ( ( #1633, #715, #1092 ) ) REPRESENTATION_CONTEXT ( 'NONE', 'WORKASPACE' ) );
#591 = AXIS2_PLACEMENT_3D ( 'NONE', #1055, #439, #1180 ) ;
#592 = CIRCLE ( 'NONE', #84, 3.956430435746357777 ) ;
#593 = EDGE_LOOP ( 'NONE', ( #301, #323 ) ) ;
#594 = CARTESIAN_POINT ( 'NONE',  ( -36.00000000000000711, 6.000000000000000000, 4.500000000000000000 ) ) ;
#595 = DIRECTION ( 'NONE',  ( -1.252855843761027456E-16, 0.000000000000000000, 1.000000000000000000 ) ) ;
#596 =( LENGTH_UNIT ( ) NAMED_UNIT ( * ) SI_UNIT ( .MILLI., .METRE. ) );
#597 = DIRECTION ( 'NONE',  ( 0.000000000000000000, 0.000000000000000000, 1.000000000000000000 ) ) ;
#598 = PRESENTATION_STYLE_ASSIGNMENT (( #447 ) ) ;
#599 = EDGE_CURVE ( 'NONE', #1456, #813, #29, .T. ) ;
#600 = CARTESIAN_POINT ( 'NONE',  ( -32.39999999999999858, 5.500000000000000000, 0.000000000000000000 ) ) ;
#601 = VERTEX_POINT ( 'NONE', #398 ) ;
#602 = ORIENTED_EDGE ( 'NONE', *, *, #341, .T. ) ;
#603 = LINE ( 'NONE', #1097, #174 ) ;
#604 = SPHERICAL_SURFACE ( 'NONE', #859, 4.422951503238532922 ) ;
#605 = CARTESIAN_POINT ( 'NONE',  ( 641.8033725351425574, 869.8291865471346682, 1290.472493675399619 ) ) ;
#606 = CARTESIAN_POINT ( 'NONE',  ( 32.39999999999999858, 5.255370700675806361, 0.000000000000000000 ) ) ;
#607 = CARTESIAN_POINT ( 'NONE',  ( -39.00000000000000711, 6.000000000000000000, 4.500000000000000888 ) ) ;
#608 = LINE ( 'NONE', #1109, #801 ) ;
#609 = EDGE_LOOP ( 'NONE', ( #807, #248, #396, #690 ) ) ;
#610 = EDGE_CURVE ( 'NONE', #875, #1130, #1553, .T. ) ;
#611 = ORIENTED_EDGE ( 'NONE', *, *, #1134, .T. ) ;
#612 = EDGE_CURVE ( 'NONE', #1580, #296, #19, .T. ) ;
#613 = CARTESIAN_POINT ( 'NONE',  ( 32.39999999999999858, 0.000000000000000000, 0.000000000000000000 ) ) ;
#614 = CARTESIAN_POINT ( 'NONE',  ( 38.99999999999999289, 6.000000000000000000, -7.500000000000000000 ) ) ;
#615 = DIRECTION ( 'NONE',  ( 0.000000000000000000, -1.334402673828313093E-16, 1.000000000000000000 ) ) ;
#616 = DIRECTION ( 'NONE',  ( 0.000000000000000000, 1.000000000000000000, 0.000000000000000000 ) ) ;
#617 = FACE_BOUND ( 'NONE', #593, .T. ) ;
#618 = ORIENTED_EDGE ( 'NONE', *, *, #721, .F. ) ;
#619 = AXIS2_PLACEMENT_3D ( 'NONE', #1579, #657, #915 ) ;
#620 = AXIS2_PLACEMENT_3D ( 'NONE', #440, #1216, #958 ) ;
#621 = AXIS2_PLACEMENT_3D ( 'NONE', #763, #1266, #513 ) ;
#622 = CIRCLE ( 'NONE', #485, 3.250000000000000000 ) ;
#623 = ORIENTED_EDGE ( 'NONE', *, *, #267, .T. ) ;
#624 = AXIS2_PLACEMENT_3D ( 'NONE', #262, #371, #1135 ) ;
#625 = ADVANCED_FACE ( 'NONE', ( #634 ), #37, .F. ) ;
#626 = DIRECTION ( 'NONE',  ( 0.000000000000000000, 0.000000000000000000, -1.000000000000000000 ) ) ;
#627 = DIRECTION ( 'NONE',  ( -1.000000000000000000, 0.000000000000000000, 0.000000000000000000 ) ) ;
#628 = CARTESIAN_POINT ( 'NONE',  ( 32.39999999999999858, 0.7446292993241931946, 0.000000000000000000 ) ) ;
#629 = FACE_OUTER_BOUND ( 'NONE', #528, .T. ) ;
#630 = ORIENTED_EDGE ( 'NONE', *, *, #20, .F. ) ;
#631 = ORIENTED_EDGE ( 'NONE', *, *, #655, .T. ) ;
#632 = CARTESIAN_POINT ( 'NONE',  ( -26.48231037402524990, 0.000000000000000000, 5.380424243261592743 ) ) ;
#633 = EDGE_CURVE ( 'NONE', #1534, #50, #511, .T. ) ;
#634 = FACE_OUTER_BOUND ( 'NONE', #1051, .T. ) ;
#635 = APPLICATION_CONTEXT ( 'automotive_design' ) ;
#636 = DIRECTION ( 'NONE',  ( 0.000000000000000000, -1.000000000000000000, 0.000000000000000000 ) ) ;
#637 = LINE ( 'NONE', #892, #1200 ) ;
#638 = DIRECTION ( 'NONE',  ( 0.000000000000000000, 1.000000000000000000, 0.000000000000000000 ) ) ;
#639 = VERTEX_POINT ( 'NONE', #530 ) ;
#640 = CYLINDRICAL_SURFACE ( 'NONE', #1196, 1.750000000000000000 ) ;
#641 = CARTESIAN_POINT ( 'NONE',  ( -32.39999999999999858, 5.500000000000000000, 3.956430435746357777 ) ) ;
#642 = DIRECTION ( 'NONE',  ( 0.000000000000000000, 0.000000000000000000, 1.000000000000000000 ) ) ;
#643 = EDGE_CURVE ( 'NONE', #78, #1534, #582, .T. ) ;
#644 = FACE_OUTER_BOUND ( 'NONE', #328, .T. ) ;
#645 = ORIENTED_EDGE ( 'NONE', *, *, #1590, .T. ) ;
#646 = CIRCLE ( 'NONE', #150, 10.00000000000000000 ) ;
#647 = DIRECTION ( 'NONE',  ( 0.000000000000000000, 1.000000000000000000, 0.000000000000000000 ) ) ;
#648 = DIRECTION ( 'NONE',  ( 0.000000000000000000, 1.000000000000000000, 0.000000000000000000 ) ) ;
#649 = UNCERTAINTY_MEASURE_WITH_UNIT (LENGTH_MEASURE( 1.000000000000000082E-05 ), #313, 'distance_accuracy_value', 'NONE');
#650 = ORIENTED_EDGE ( 'NONE', *, *, #1176, .F. ) ;
#651 = AXIS2_PLACEMENT_3D ( 'NONE', #600, #367, #866 ) ;
#652 = VECTOR ( 'NONE', #1471, 1000.000000000000000 ) ;
#653 = CIRCLE ( 'NONE', #92, 3.000000000000000000 ) ;
#654 = DIRECTION ( 'NONE',  ( 0.000000000000000000, 1.000000000000000000, 0.000000000000000000 ) ) ;
#655 = EDGE_CURVE ( 'NONE', #1331, #1565, #298, .T. ) ;
#656 = ORIENTED_EDGE ( 'NONE', *, *, #522, .T. ) ;
#657 = DIRECTION ( 'NONE',  ( 0.000000000000000000, 0.000000000000000000, -1.000000000000000000 ) ) ;
#658 = CARTESIAN_POINT ( 'NONE',  ( -32.39999999999999858, 5.500000000000000000, 0.000000000000000000 ) ) ;
#659 = EDGE_LOOP ( 'NONE', ( #411, #310, #195, #1356, #717, #1096 ) ) ;
#660 = DIRECTION ( 'NONE',  ( 0.000000000000000000, 0.000000000000000000, 1.000000000000000000 ) ) ;
#661 = FACE_OUTER_BOUND ( 'NONE', #1169, .T. ) ;
#662 = ORIENTED_EDGE ( 'NONE', *, *, #178, .F. ) ;
#663 = DIRECTION ( 'NONE',  ( -0.000000000000000000, -1.000000000000000000, -0.000000000000000000 ) ) ;
#664 = LINE ( 'NONE', #1025, #1445 ) ;
#665 = EDGE_CURVE ( 'NONE', #989, #875, #1520, .T. ) ;
#666 = CARTESIAN_POINT ( 'NONE',  ( 3.980102097228897245E-16, 3.000000000000000000, -3.250000000000000000 ) ) ;
#667 = LINE ( 'NONE', #1562, #1500 ) ;
#668 = VERTEX_POINT ( 'NONE', #891 ) ;
#669 = ORIENTED_EDGE ( 'NONE', *, *, #1290, .F. ) ;
#670 = EDGE_CURVE ( 'NONE', #471, #8, #1150, .T. ) ;
#671 = VERTEX_POINT ( 'NONE', #641 ) ;
#672 = TOROIDAL_SURFACE ( 'NONE', #149, 4.456430435746357333, 0.5000000000000000000 ) ;
#673 = EDGE_CURVE ( 'NONE', #182, #1151, #452, .T. ) ;
#674 = CIRCLE ( 'NONE', #1597, 4.020361053752901093 ) ;
#675 = AXIS2_PLACEMENT_3D ( 'NONE', #810, #1446, #307 ) ;
#676 = AXIS2_PLACEMENT_3D ( 'NONE', #842, #493, #1351 ) ;
#677 = CIRCLE ( 'NONE', #326, 4.456430435746357333 ) ;
#678 = CIRCLE ( 'NONE', #732, 0.4999999999999995559 ) ;
#679 = PLANE ( 'NONE',  #778 ) ;
#680 = ORIENTED_EDGE ( 'NONE', *, *, #488, .T. ) ;
#681 = DIRECTION ( 'NONE',  ( -0.000000000000000000, 1.000000000000000000, 1.224646799147353454E-16 ) ) ;
#682 = EDGE_CURVE ( 'NONE', #1069, #972, #664, .T. ) ;
#683 = CARTESIAN_POINT ( 'NONE',  ( 38.99999999999999289, 0.000000000000000000, -4.500000000000000000 ) ) ;
#684 = EDGE_CURVE ( 'NONE', #31, #25, #678, .T. ) ;
#685 = CARTESIAN_POINT ( 'NONE',  ( 32.63851973906596271, 0.000000000000000000, -7.500000000000000000 ) ) ;
#686 = ORIENTED_EDGE ( 'NONE', *, *, #712, .F. ) ;
#687 = ORIENTED_EDGE ( 'NONE', *, *, #643, .T. ) ;
#688 = EDGE_LOOP ( 'NONE', ( #360, #390, #1, #184 ) ) ;
#689 = CARTESIAN_POINT ( 'NONE',  ( 32.39999999999999858, 3.000000000000000000, 0.000000000000000000 ) ) ;
#690 = ORIENTED_EDGE ( 'NONE', *, *, #249, .F. ) ;
#691 = EDGE_CURVE ( 'NONE', #868, #741, #1313, .T. ) ;
#692 = CARTESIAN_POINT ( 'NONE',  ( 32.39999999999999858, 5.500000000000000000, 4.456430435746357333 ) ) ;
#693 = ORIENTED_EDGE ( 'NONE', *, *, #198, .F. ) ;
#694 = APPLICATION_CONTEXT ( 'automotive_design' ) ;
#695 = LINE ( 'NONE', #563, #1437 ) ;
#696 = ORIENTED_EDGE ( 'NONE', *, *, #522, .F. ) ;
#697 = DIRECTION ( 'NONE',  ( -1.000000000000000000, 0.000000000000000000, 0.000000000000000000 ) ) ;
#698 = TOROIDAL_SURFACE ( 'NONE', #1624, 4.456430435746357333, 0.5000000000000000000 ) ;
#699 = CIRCLE ( 'NONE', #88, 0.4999999999999995559 ) ;
#700 = SHAPE_REPRESENTATION_RELATIONSHIP ( 'NONE' , 'NONE' ,  #1491, #1383 ) ;
#701 = TOROIDAL_SURFACE ( 'NONE', #1522, 4.456430435746357333, 0.5000000000000000000 ) ;
#702 = VERTEX_POINT ( 'NONE', #187 ) ;
#703 = VECTOR ( 'NONE', #244, 1000.000000000000000 ) ;
#704 = DIRECTION ( 'NONE',  ( -1.000000000000000000, 0.000000000000000000, 0.000000000000000000 ) ) ;
#705 = EDGE_LOOP ( 'NONE', ( #961, #188, #461, #1030 ) ) ;
#706 = EDGE_CURVE ( 'NONE', #138, #1300, #695, .T. ) ;
#707 = DIRECTION ( 'NONE',  ( 0.000000000000000000, 0.000000000000000000, 1.000000000000000000 ) ) ;
#708 = APPLICATION_PROTOCOL_DEFINITION ( 'draft international standard', 'automotive_design', 1998, #271 ) ;
#709 = LINE ( 'NONE', #238, #1065 ) ;
#710 = DIRECTION ( 'NONE',  ( 0.000000000000000000, 0.000000000000000000, 1.000000000000000000 ) ) ;
#711 = EDGE_LOOP ( 'NONE', ( #1462, #175, #931, #1273 ) ) ;
#712 = EDGE_CURVE ( 'NONE', #1481, #50, #1148, .T. ) ;
#713 = FACE_OUTER_BOUND ( 'NONE', #1428, .T. ) ;
#714 = CARTESIAN_POINT ( 'NONE',  ( 0.000000000000000000, -3.000000000000000000, -6.123233995736766282E-16 ) ) ;
#715 =( NAMED_UNIT ( * ) PLANE_ANGLE_UNIT ( ) SI_UNIT ( $, .RADIAN. ) );
#716 = CARTESIAN_POINT ( 'NONE',  ( 0.000000000000000000, 2.999999999999999112, 3.250000000000000000 ) ) ;
#717 = ORIENTED_EDGE ( 'NONE', *, *, #712, .T. ) ;
#718 = ORIENTED_EDGE ( 'NONE', *, *, #269, .T. ) ;
#719 = DIRECTION ( 'NONE',  ( -0.000000000000000000, 1.000000000000000000, 1.224646799147353207E-16 ) ) ;
#720 = DIRECTION ( 'NONE',  ( 0.000000000000000000, -1.000000000000000000, -1.224646799147353207E-16 ) ) ;
#721 = EDGE_CURVE ( 'NONE', #272, #972, #1053, .T. ) ;
#722 = VECTOR ( 'NONE', #1286, 1000.000000000000000 ) ;
#723 = DIRECTION ( 'NONE',  ( 0.000000000000000000, 0.000000000000000000, 1.000000000000000000 ) ) ;
#724 = CARTESIAN_POINT ( 'NONE',  ( 26.48231037402525700, 10.00000000000000000, -5.380424243261596295 ) ) ;
#725 = AXIS2_PLACEMENT_3D ( 'NONE', #1505, #133, #1370 ) ;
#726 = AXIS2_PLACEMENT_3D ( 'NONE', #106, #854, #1365 ) ;
#727 = DIRECTION ( 'NONE',  ( 0.000000000000000000, 0.000000000000000000, 1.000000000000000000 ) ) ;
#728 = VERTEX_POINT ( 'NONE', #1178 ) ;
#729 = CIRCLE ( 'NONE', #940, 0.4999999999999995559 ) ;
#730 = AXIS2_PLACEMENT_3D ( 'NONE', #1389, #465, #984 ) ;
#731 = PRODUCT_DEFINITION_FORMATION_WITH_SPECIFIED_SOURCE ( 'ANY', '', #96, .NOT_KNOWN. ) ;
#732 = AXIS2_PLACEMENT_3D ( 'NONE', #393, #274, #781 ) ;
#733 = ORIENTED_EDGE ( 'NONE', *, *, #612, .F. ) ;
#734 = PRODUCT_DEFINITION_SHAPE ( 'NONE', 'NONE',  #430 ) ;
#735 = CYLINDRICAL_SURFACE ( 'NONE', #1395, 10.00000000000000178 ) ;
#736 = PRODUCT_DEFINITION ( 'UNKNOWN', '', #65, #542 ) ;
#737 = APPLICATION_PROTOCOL_DEFINITION ( 'draft international standard', 'automotive_design', 1998, #694 ) ;
#738 = DIRECTION ( 'NONE',  ( -0.000000000000000000, -1.000000000000000000, -0.000000000000000000 ) ) ;
#739 = DIRECTION ( 'NONE',  ( 0.000000000000000000, 0.000000000000000000, 1.000000000000000000 ) ) ;
#740 = DIRECTION ( 'NONE',  ( 1.000000000000000000, 0.000000000000000000, 0.000000000000000000 ) ) ;
#741 = VERTEX_POINT ( 'NONE', #1299 ) ;
#742 = CARTESIAN_POINT ( 'NONE',  ( 32.39999999999999858, 0.4999999999999998890, 0.000000000000000000 ) ) ;
#743 = DIRECTION ( 'NONE',  ( 0.000000000000000000, -1.000000000000000000, 0.000000000000000000 ) ) ;
#744 = FACE_OUTER_BOUND ( 'NONE', #659, .T. ) ;
#745 = CARTESIAN_POINT ( 'NONE',  ( -36.00000000000000711, 6.000000000000000000, 7.500000000000000000 ) ) ;
#746 = VERTEX_POINT ( 'NONE', #666 ) ;
#747 = EDGE_CURVE ( 'NONE', #935, #1638, #177, .T. ) ;
#748 = ORIENTED_EDGE ( 'NONE', *, *, #706, .F. ) ;
#749 = CARTESIAN_POINT ( 'NONE',  ( -32.39999999999999858, 5.255370700675806361, 0.000000000000000000 ) ) ;
#750 = LINE ( 'NONE', #975, #703 ) ;
#751 = DIRECTION ( 'NONE',  ( 0.000000000000000000, 1.000000000000000000, 0.000000000000000000 ) ) ;
#752 = ORIENTED_EDGE ( 'NONE', *, *, #1472, .F. ) ;
#753 = AXIS2_PLACEMENT_3D ( 'NONE', #613, #1511, #243 ) ;
#754 = AXIS2_PLACEMENT_3D ( 'NONE', #1203, #171, #1578 ) ;
#755 = CIRCLE ( 'NONE', #1198, 4.020361053752901093 ) ;
#756 = AXIS2_PLACEMENT_3D ( 'NONE', #1618, #1494, #1113 ) ;
#757 = EDGE_LOOP ( 'NONE', ( #1247, #334, #1369, #1214 ) ) ;
#758 = AXIS2_PLACEMENT_3D ( 'NONE', #976, #1478, #114 ) ;
#759 = AXIS2_PLACEMENT_3D ( 'NONE', #1215, #719, #189 ) ;
#760 = DIRECTION ( 'NONE',  ( -0.000000000000000000, -1.000000000000000000, -0.000000000000000000 ) ) ;
#761 = DIRECTION ( 'NONE',  ( 0.000000000000000000, 1.000000000000000000, 0.000000000000000000 ) ) ;
#762 = DIRECTION ( 'NONE',  ( 0.000000000000000000, 1.000000000000000000, 0.000000000000000000 ) ) ;
#763 = CARTESIAN_POINT ( 'NONE',  ( 32.39999999999999858, 5.500000000000000000, 4.456430435746357333 ) ) ;
#764 = VERTEX_POINT ( 'NONE', #549 ) ;
#765 = EDGE_CURVE ( 'NONE', #944, #1379, #942, .T. ) ;
#766 = DIRECTION ( 'NONE',  ( -1.224646799147353207E-16, 0.000000000000000000, 1.000000000000000000 ) ) ;
#767 = FACE_OUTER_BOUND ( 'NONE', #553, .T. ) ;
#768 = UNCERTAINTY_MEASURE_WITH_UNIT (LENGTH_MEASURE( 1.000000000000000082E-05 ), #300, 'distance_accuracy_value', 'NONE');
#769 = DIRECTION ( 'NONE',  ( -0.000000000000000000, 1.000000000000000000, 1.224646799147353207E-16 ) ) ;
#770 = CARTESIAN_POINT ( 'NONE',  ( -32.39999999999999858, 5.255370700675806361, 0.000000000000000000 ) ) ;
#771 = ORIENTED_EDGE ( 'NONE', *, *, #293, .T. ) ;
#772 = CARTESIAN_POINT ( 'NONE',  ( 0.000000000000000000, -7.000000000000000888, -1.075154897242130869E-15 ) ) ;
#773 = DIRECTION ( 'NONE',  ( 0.000000000000000000, 0.000000000000000000, -1.000000000000000000 ) ) ;
#774 = CARTESIAN_POINT ( 'NONE',  ( -36.00000000000000711, 0.000000000000000000, 7.500000000000000000 ) ) ;
#775 = ORIENTED_EDGE ( 'NONE', *, *, #1054, .T. ) ;
#776 = CIRCLE ( 'NONE', #423, 0.4999999999999995559 ) ;
#777 = CIRCLE ( 'NONE', #1332, 4.456430435746357333 ) ;
#778 = AXIS2_PLACEMENT_3D ( 'NONE', #805, #165, #433 ) ;
#779 =( REPRESENTATION_RELATIONSHIP ('NONE','NONE', #924, #560 ) REPRESENTATION_RELATIONSHIP_WITH_TRANSFORMATION ( #104 )SHAPE_REPRESENTATION_RELATIONSHIP( ) );
#780 = DIRECTION ( 'NONE',  ( 0.000000000000000000, 0.000000000000000000, -1.000000000000000000 ) ) ;
#781 = DIRECTION ( 'NONE',  ( 0.000000000000000000, 0.000000000000000000, -1.000000000000000000 ) ) ;
#782 = ORIENTED_EDGE ( 'NONE', *, *, #949, .F. ) ;
#783 = EDGE_CURVE ( 'NONE', #296, #1481, #228, .T. ) ;
#784 = VERTEX_POINT ( 'NONE', #683 ) ;
#785 = DIRECTION ( 'NONE',  ( 0.000000000000000000, -1.000000000000000000, 0.000000000000000000 ) ) ;
#786 = CARTESIAN_POINT ( 'NONE',  ( 32.39999999999999858, 5.500000000000000000, 0.000000000000000000 ) ) ;
#787 = DIRECTION ( 'NONE',  ( -0.000000000000000000, -1.000000000000000000, -0.000000000000000000 ) ) ;
#788 = DIRECTION ( 'NONE',  ( 3.469446951953614189E-15, 0.000000000000000000, 1.000000000000000000 ) ) ;
#789 = VERTEX_POINT ( 'NONE', #32 ) ;
#790 = ORIENTED_EDGE ( 'NONE', *, *, #990, .T. ) ;
#791 = EDGE_CURVE ( 'NONE', #78, #46, #12, .T. ) ;
#792 = DIRECTION ( 'NONE',  ( 0.000000000000000000, -1.224646799147353207E-16, 1.000000000000000000 ) ) ;
#793 = UNCERTAINTY_MEASURE_WITH_UNIT (LENGTH_MEASURE( 1.000000000000000082E-05 ), #596, 'distance_accuracy_value', 'NONE');
#794 = ORIENTED_EDGE ( 'NONE', *, *, #531, .T. ) ;
#795 = ORIENTED_EDGE ( 'NONE', *, *, #1459, .F. ) ;
#796 = AXIS2_PLACEMENT_3D ( 'NONE', #253, #525, #1405 ) ;
#797 = EDGE_LOOP ( 'NONE', ( #1192, #818, #483, #1110 ) ) ;
#798 = AXIS2_PLACEMENT_3D ( 'NONE', #1149, #1420, #1338 ) ;
#799 = AXIS2_PLACEMENT_3D ( 'NONE', #1620, #203, #1081 ) ;
#800 =( NAMED_UNIT ( * ) PLANE_ANGLE_UNIT ( ) SI_UNIT ( $, .RADIAN. ) );
#801 = VECTOR ( 'NONE', #1622, 1000.000000000000000 ) ;
#802 = AXIS2_PLACEMENT_3D ( 'NONE', #227, #595, #870 ) ;
#803 = AXIS2_PLACEMENT_3D ( 'NONE', #1270, #23, #899 ) ;
#804 = DIRECTION ( 'NONE',  ( -0.000000000000000000, -1.000000000000000000, -0.000000000000000000 ) ) ;
#805 = CARTESIAN_POINT ( 'NONE',  ( -39.00000000000000711, 6.000000000000000000, -7.500000000000000000 ) ) ;
#806 = ORIENTED_EDGE ( 'NONE', *, *, #1326, .T. ) ;
#807 = ORIENTED_EDGE ( 'NONE', *, *, #1613, .F. ) ;
#808 = MANIFOLD_SOLID_BREP ( 'Cut-Extrude1', #1464 ) ;
#809 = ADVANCED_FACE ( 'NONE', ( #1316 ), #1603, .T. ) ;
#810 = CARTESIAN_POINT ( 'NONE',  ( -39.00000000000000711, 6.000000000000000000, -7.500000000000000000 ) ) ;
#811 = EDGE_LOOP ( 'NONE', ( #145, #176, #954, #1588 ) ) ;
#812 = CARTESIAN_POINT ( 'NONE',  ( 32.39999999999999858, 0.5000000000000000000, 0.000000000000000000 ) ) ;
#813 = VERTEX_POINT ( 'NONE', #1166 ) ;
#814 = ORIENTED_EDGE ( 'NONE', *, *, #849, .F. ) ;
#815 = EDGE_CURVE ( 'NONE', #576, #294, #128, .T. ) ;
#816 = CARTESIAN_POINT ( 'NONE',  ( -36.00000000000000711, 6.000000000000000000, 7.500000000000000000 ) ) ;
#817 = EDGE_CURVE ( 'NONE', #1008, #1069, #918, .T. ) ;
#818 = ORIENTED_EDGE ( 'NONE', *, *, #205, .F. ) ;
#819 = DIRECTION ( 'NONE',  ( 0.000000000000000000, -0.000000000000000000, 1.000000000000000000 ) ) ;
#820 = ORIENTED_EDGE ( 'NONE', *, *, #1592, .T. ) ;
#821 = EDGE_LOOP ( 'NONE', ( #508, #1289, #442, #1285 ) ) ;
#822 = DIRECTION ( 'NONE',  ( 0.000000000000000000, 1.000000000000000000, 0.000000000000000000 ) ) ;
#823 = CIRCLE ( 'NONE', #505, 0.4999999999999995559 ) ;
#824 = CIRCLE ( 'NONE', #1629, 3.000000000000000000 ) ;
#825 = AXIS2_PLACEMENT_3D ( 'NONE', #1218, #107, #117 ) ;
#826 = PRODUCT_CONTEXT ( 'NONE', #1257, 'mechanical' ) ;
#827 = COLOUR_RGB ( '',0.7921568627450980005, 0.8196078431372548767, 0.9333333333333333481 ) ;
#828 = DIRECTION ( 'NONE',  ( 0.000000000000000000, 0.000000000000000000, 1.000000000000000000 ) ) ;
#829 = ADVANCED_FACE ( 'NONE', ( #90 ), #318, .T. ) ;
#830 = AXIS2_PLACEMENT_3D ( 'NONE', #1190, #1542, #400 ) ;
#831 = DIRECTION ( 'NONE',  ( 0.000000000000000000, 1.000000000000000000, 0.000000000000000000 ) ) ;
#832 = EDGE_LOOP ( 'NONE', ( #752, #834, #1181, #219, #1194, #1488, #1297, #1431, #408, #631, #62, #1001, #696, #1475, #650, #611, #242, #1075, #814, #305 ) ) ;
#833 = EDGE_CURVE ( 'NONE', #944, #1041, #256, .T. ) ;
#834 = ORIENTED_EDGE ( 'NONE', *, *, #1269, .T. ) ;
#835 = FACE_BOUND ( 'NONE', #1104, .T. ) ;
#836 =( NAMED_UNIT ( * ) PLANE_ANGLE_UNIT ( ) SI_UNIT ( $, .RADIAN. ) );
#837 = DIRECTION ( 'NONE',  ( 0.000000000000000000, 1.000000000000000000, 0.000000000000000000 ) ) ;
#838 = CARTESIAN_POINT ( 'NONE',  ( 38.99999999999999289, 6.000000000000000000, -4.500000000000000000 ) ) ;
#839 = ORIENTED_EDGE ( 'NONE', *, *, #990, .F. ) ;
#840 = ORIENTED_EDGE ( 'NONE', *, *, #583, .T. ) ;
#841 = CARTESIAN_POINT ( 'NONE',  ( -32.39999999999999858, 0.5000000000000000000, -4.456430435746357333 ) ) ;
#842 = CARTESIAN_POINT ( 'NONE',  ( 32.39999999999999858, 5.255370700675806361, 0.000000000000000000 ) ) ;
#843 = APPLICATION_PROTOCOL_DEFINITION ( 'draft international standard', 'automotive_design', 1998, #1257 ) ;
#844 = CARTESIAN_POINT ( 'NONE',  ( 0.000000000000000000, 2.999999999999999556, 1.224646799147352961E-16 ) ) ;
#845 = CARTESIAN_POINT ( 'NONE',  ( 20.32610100898454419, 10.00000000000000000, -13.26084848652319259 ) ) ;
#846 = DIRECTION ( 'NONE',  ( 0.000000000000000000, 1.000000000000000000, 0.000000000000000000 ) ) ;
#847 = VERTEX_POINT ( 'NONE', #207 ) ;
#848 = EDGE_CURVE ( 'NONE', #932, #671, #45, .T. ) ;
#849 = EDGE_CURVE ( 'NONE', #925, #784, #603, .T. ) ;
#850 = CARTESIAN_POINT ( 'NONE',  ( 2.143131898507868544E-16, -3.000000000000000000, -1.750000000000000666 ) ) ;
#851 = CARTESIAN_POINT ( 'NONE',  ( 32.39999999999999858, 0.4999999999999998890, 0.000000000000000000 ) ) ;
#852 = AXIS2_PLACEMENT_3D ( 'NONE', #658, #387, #1032 ) ;
#853 = DIRECTION ( 'NONE',  ( 0.000000000000000000, -1.000000000000000000, 0.000000000000000000 ) ) ;
#854 = DIRECTION ( 'NONE',  ( -0.000000000000000000, -1.000000000000000000, -0.000000000000000000 ) ) ;
#855 = CIRCLE ( 'NONE', #399, 4.609772228646447090 ) ;
#856 = DIRECTION ( 'NONE',  ( 0.000000000000000000, 1.000000000000000000, 0.000000000000000000 ) ) ;
#857 = AXIS2_PLACEMENT_3D ( 'NONE', #1076, #83, #1006 ) ;
#858 = CIRCLE ( 'NONE', #1632, 3.956430435746357777 ) ;
#859 = AXIS2_PLACEMENT_3D ( 'NONE', #1106, #916, #792 ) ;
#860 = ORIENTED_EDGE ( 'NONE', *, *, #1238, .F. ) ;
#861 = CARTESIAN_POINT ( 'NONE',  ( 3.980102097228897245E-16, -2.999999999999999556, -3.250000000000000000 ) ) ;
#862 = CARTESIAN_POINT ( 'NONE',  ( -20.32610100898453709, 10.00000000000000000, 13.26084848652318726 ) ) ;
#863 = EDGE_CURVE ( 'NONE', #350, #789, #1064, .T. ) ;
#864 = CYLINDRICAL_SURFACE ( 'NONE', #939, 3.000000000000000000 ) ;
#865 = CYLINDRICAL_SURFACE ( 'NONE', #325, 10.00000000000000178 ) ;
#866 = DIRECTION ( 'NONE',  ( 0.000000000000000000, 0.000000000000000000, 1.000000000000000000 ) ) ;
#867 = EDGE_LOOP ( 'NONE', ( #1510, #1291, #425, #406 ) ) ;
#868 = VERTEX_POINT ( 'NONE', #850 ) ;
#869 = DIRECTION ( 'NONE',  ( 0.000000000000000000, 0.000000000000000000, -1.000000000000000000 ) ) ;
#870 = DIRECTION ( 'NONE',  ( 1.000000000000000000, 0.000000000000000000, 1.252855843761027456E-16 ) ) ;
#871 = ADVANCED_FACE ( 'NONE', ( #1468 ), #672, .T. ) ;
#872 = DIRECTION ( 'NONE',  ( 0.000000000000000000, 0.000000000000000000, 1.000000000000000000 ) ) ;
#873 = EDGE_CURVE ( 'NONE', #27, #148, #432, .T. ) ;
#874 = CARTESIAN_POINT ( 'NONE',  ( -32.39999999999999858, 0.5000000000000000000, 0.000000000000000000 ) ) ;
#875 = VERTEX_POINT ( 'NONE', #974 ) ;
#876 = PRODUCT_DEFINITION_SHAPE ( 'NONE', 'NONE',  #1641 ) ;
#877 = ORIENTED_EDGE ( 'NONE', *, *, #1592, .F. ) ;
#878 = DIRECTION ( 'NONE',  ( 0.000000000000000000, 1.000000000000000000, 0.000000000000000000 ) ) ;
#879 = CARTESIAN_POINT ( 'NONE',  ( 26.48231037402524990, 10.00000000000000000, 5.380424243261592743 ) ) ;
#880 = DIRECTION ( 'NONE',  ( 0.000000000000000000, 1.000000000000000000, 0.000000000000000000 ) ) ;
#881 = DIRECTION ( 'NONE',  ( 0.000000000000000000, 0.000000000000000000, -1.000000000000000000 ) ) ;
#882 = EDGE_CURVE ( 'NONE', #1041, #746, #1544, .T. ) ;
#883 = VECTOR ( 'NONE', #329, 1000.000000000000000 ) ;
#884 = AXIS2_PLACEMENT_3D ( 'NONE', #270, #1287, #1394 ) ;
#885 = AXIS2_PLACEMENT_3D ( 'NONE', #214, #720, #1098 ) ;
#886 = EDGE_LOOP ( 'NONE', ( #946, #339, #1436, #618 ) ) ;
#887 = ADVANCED_FACE ( 'NONE', ( #713, #835, #444 ), #1609, .T. ) ;
#888 = PRODUCT_DEFINITION_FORMATION_WITH_SPECIFIED_SOURCE ( 'ANY', '', #1503, .NOT_KNOWN. ) ;
#889 = AXIS2_PLACEMENT_3D ( 'NONE', #950, #697, #1199 ) ;
#890 = CARTESIAN_POINT ( 'NONE',  ( 26.48231037402524990, 6.000000000000000000, 5.380424243261592743 ) ) ;
#891 = CARTESIAN_POINT ( 'NONE',  ( 32.63851973906596271, 0.000000000000000000, 7.500000000000000000 ) ) ;
#892 = CARTESIAN_POINT ( 'NONE',  ( -26.48231037402524990, 10.00000000000000000, 5.380424243261592743 ) ) ;
#893 = DIRECTION ( 'NONE',  ( 0.000000000000000000, 0.000000000000000000, 1.000000000000000000 ) ) ;
#894 = ORIENTED_EDGE ( 'NONE', *, *, #599, .T. ) ;
#895 = ORIENTED_EDGE ( 'NONE', *, *, #1154, .F. ) ;
#896 = EDGE_CURVE ( 'NONE', #1077, #1314, #464, .T. ) ;
#897 =( REPRESENTATION_RELATIONSHIP ('NONE','NONE', #924, #1491 ) REPRESENTATION_RELATIONSHIP_WITH_TRANSFORMATION ( #445 )SHAPE_REPRESENTATION_RELATIONSHIP( ) );
#898 = DIRECTION ( 'NONE',  ( 1.000000000000000000, -0.000000000000000000, 1.224646799147353207E-16 ) ) ;
#899 = DIRECTION ( 'NONE',  ( 0.000000000000000000, 0.000000000000000000, 1.000000000000000000 ) ) ;
#900 = CARTESIAN_POINT ( 'NONE',  ( -20.32610100898454419, 6.000000000000000000, -13.26084848652319259 ) ) ;
#901 = DIRECTION ( 'NONE',  ( -1.000000000000000000, 0.000000000000000000, -1.252855843761027456E-16 ) ) ;
#902 = VERTEX_POINT ( 'NONE', #962 ) ;
#903 = FACE_BOUND ( 'NONE', #1159, .T. ) ;
#904 = EDGE_CURVE ( 'NONE', #1331, #265, #80, .T. ) ;
#905 = DIRECTION ( 'NONE',  ( 0.000000000000000000, 0.000000000000000000, 1.000000000000000000 ) ) ;
#906 = EDGE_LOOP ( 'NONE', ( #491, #1558, #1175, #795 ) ) ;
#907 = ADVANCED_FACE ( 'NONE', ( #102 ), #201, .F. ) ;
#908 = FILL_AREA_STYLE_COLOUR ( '', #937 ) ;
#909 = EDGE_CURVE ( 'NONE', #601, #479, #823, .T. ) ;
#910 = CARTESIAN_POINT ( 'NONE',  ( 32.39999999999999858, 5.255370700675806361, 4.020361053752901093 ) ) ;
#911 = VERTEX_POINT ( 'NONE', #816 ) ;
#912 = AXIS2_PLACEMENT_3D ( 'NONE', #311, #1074, #955 ) ;
#913 = CIRCLE ( 'NONE', #172, 3.956430435746357777 ) ;
#914 = VECTOR ( 'NONE', #75, 1000.000000000000000 ) ;
#915 = DIRECTION ( 'NONE',  ( -1.000000000000000000, 0.000000000000000000, -0.000000000000000000 ) ) ;
#916 = DIRECTION ( 'NONE',  ( 1.000000000000000000, 0.000000000000000000, 0.000000000000000000 ) ) ;
#917 = VECTOR ( 'NONE', #1601, 1000.000000000000000 ) ;
#918 = LINE ( 'NONE', #1422, #1260 ) ;
#919 = EDGE_CURVE ( 'NONE', #317, #902, #454, .T. ) ;
#920 = CARTESIAN_POINT ( 'NONE',  ( 32.63851973906596271, 6.000000000000000000, 7.500000000000000000 ) ) ;
#921 = ORIENTED_EDGE ( 'NONE', *, *, #873, .T. ) ;
#922 = VERTEX_POINT ( 'NONE', #1358 ) ;
#923 = CARTESIAN_POINT ( 'NONE',  ( -32.39999999999999858, 6.000000000000000000, 0.000000000000000000 ) ) ;
#924 = SHAPE_REPRESENTATION ( 'Steeering-Arm', ( #1417, #1602, #1497, #758 ), #1228 ) ;
#925 = VERTEX_POINT ( 'NONE', #335 ) ;
#926 = DIRECTION ( 'NONE',  ( -1.000000000000000000, -0.000000000000000000, 0.000000000000000000 ) ) ;
#927 = CARTESIAN_POINT ( 'NONE',  ( -32.39999999999999858, 6.000000000000000000, 0.000000000000000000 ) ) ;
#928 = EDGE_CURVE ( 'NONE', #101, #728, #776, .T. ) ;
#929 = ORIENTED_EDGE ( 'NONE', *, *, #1452, .F. ) ;
#930 = ADVANCED_FACE ( 'NONE', ( #213 ), #122, .T. ) ;
#931 = ORIENTED_EDGE ( 'NONE', *, *, #1386, .T. ) ;
#932 = VERTEX_POINT ( 'NONE', #498 ) ;
#933 = CARTESIAN_POINT ( 'NONE',  ( 0.000000000000000000, 0.000000000000000000, -2.449293598294706414E-16 ) ) ;
#934 = CARTESIAN_POINT ( 'NONE',  ( -32.39999999999999858, 0.4999999999999998890, 3.956430435746357777 ) ) ;
#935 = VERTEX_POINT ( 'NONE', #1626 ) ;
#936 = VERTEX_POINT ( 'NONE', #1404 ) ;
#937 = COLOUR_RGB ( '',0.7921568627450980005, 0.8196078431372548767, 0.9333333333333333481 ) ;
#938 = EDGE_CURVE ( 'NONE', #182, #436, #1439, .T. ) ;
#939 = AXIS2_PLACEMENT_3D ( 'NONE', #1373, #636, #1237 ) ;
#940 = AXIS2_PLACEMENT_3D ( 'NONE', #1324, #1050, #164 ) ;
#941 = AXIS2_PLACEMENT_3D ( 'NONE', #851, #1264, #113 ) ;
#942 = CIRCLE ( 'NONE', #1048, 4.422951503238532922 ) ;
#943 = DIRECTION ( 'NONE',  ( 0.000000000000000000, 0.000000000000000000, 1.000000000000000000 ) ) ;
#944 = VERTEX_POINT ( 'NONE', #260 ) ;
#945 = LINE ( 'NONE', #441, #275 ) ;
#946 = ORIENTED_EDGE ( 'NONE', *, *, #438, .T. ) ;
#947 = ORIENTED_EDGE ( 'NONE', *, *, #373, .T. ) ;
#948 = EDGE_CURVE ( 'NONE', #868, #1456, #1570, .T. ) ;
#949 = EDGE_CURVE ( 'NONE', #1240, #847, #266, .T. ) ;
#950 = CARTESIAN_POINT ( 'NONE',  ( -32.39999999999999858, 5.500000000000000000, 4.456430435746357333 ) ) ;
#951 = CARTESIAN_POINT ( 'NONE',  ( 32.39999999999999858, 0.5000000000000000000, 4.456430435746357333 ) ) ;
#952 = DIRECTION ( 'NONE',  ( 0.000000000000000000, 0.000000000000000000, -1.000000000000000000 ) ) ;
#953 = ORIENTED_EDGE ( 'NONE', *, *, #438, .F. ) ;
#954 = ORIENTED_EDGE ( 'NONE', *, *, #765, .T. ) ;
#955 = DIRECTION ( 'NONE',  ( 1.224646799147353207E-16, 0.000000000000000000, -1.000000000000000000 ) ) ;
#956 = SHAPE_REPRESENTATION_RELATIONSHIP ( 'NONE' , 'NONE' ,  #560, #420 ) ;
#957 = EDGE_CURVE ( 'NONE', #1580, #936, #193, .T. ) ;
#958 = DIRECTION ( 'NONE',  ( 0.000000000000000000, 0.000000000000000000, -1.000000000000000000 ) ) ;
#959 = DIRECTION ( 'NONE',  ( 0.000000000000000000, 1.000000000000000000, 0.000000000000000000 ) ) ;
#960 = ORIENTED_EDGE ( 'NONE', *, *, #48, .F. ) ;
#961 = ORIENTED_EDGE ( 'NONE', *, *, #610, .F. ) ;
#962 = CARTESIAN_POINT ( 'NONE',  ( -32.63851973906596271, 6.000000000000000000, 7.500000000000000000 ) ) ;
#963 = VECTOR ( 'NONE', #2, 1000.000000000000000 ) ;
#964 = CIRCLE ( 'NONE', #449, 4.020361053752901093 ) ;
#965 = AXIS2_PLACEMENT_3D ( 'NONE', #1480, #1246, #1473 ) ;
#966 = AXIS2_PLACEMENT_3D ( 'NONE', #1499, #968, #458 ) ;
#967 = CARTESIAN_POINT ( 'NONE',  ( -36.00000000000000711, 0.000000000000000000, 4.500000000000000000 ) ) ;
#968 = DIRECTION ( 'NONE',  ( -1.000000000000000000, 0.000000000000000000, 0.000000000000000000 ) ) ;
#969 = VECTOR ( 'NONE', #1536, 1000.000000000000000 ) ;
#970 = EDGE_CURVE ( 'NONE', #1449, #702, #855, .T. ) ;
#971 = DIRECTION ( 'NONE',  ( 0.000000000000000000, -1.000000000000000000, 0.000000000000000000 ) ) ;
#972 = VERTEX_POINT ( 'NONE', #141 ) ;
#973 = APPLICATION_CONTEXT ( 'automotive_design' ) ;
#974 = CARTESIAN_POINT ( 'NONE',  ( 32.63851973906596271, 6.000000000000000000, 7.500000000000000000 ) ) ;
#975 = CARTESIAN_POINT ( 'NONE',  ( -39.00000000000000711, 6.000000000000000000, -7.500000000000000000 ) ) ;
#976 = CARTESIAN_POINT ( 'NONE',  ( 706.6033725351425119, 869.8291865471346682, 1290.472493675399619 ) ) ;
#977 = UNCERTAINTY_MEASURE_WITH_UNIT (LENGTH_MEASURE( 1.000000000000000082E-05 ), #1633, 'distance_accuracy_value', 'NONE');
#978 = CARTESIAN_POINT ( 'NONE',  ( -32.39999999999999858, 0.7446292993241931946, -4.020361053752901093 ) ) ;
#979 = CARTESIAN_POINT ( 'NONE',  ( 32.39999999999999858, 6.000000000000000000, 0.000000000000000000 ) ) ;
#980 = ADVANCED_FACE ( 'NONE', ( #1493 ), #1125, .T. ) ;
#981 = ORIENTED_EDGE ( 'NONE', *, *, #94, .T. ) ;
#982 = ORIENTED_EDGE ( 'NONE', *, *, #1527, .T. ) ;
#983 = DIRECTION ( 'NONE',  ( 0.000000000000000000, -1.000000000000000000, 0.000000000000000000 ) ) ;
#984 = DIRECTION ( 'NONE',  ( 0.000000000000000000, 0.000000000000000000, -1.000000000000000000 ) ) ;
#985 = DIRECTION ( 'NONE',  ( 0.000000000000000000, 0.000000000000000000, 1.000000000000000000 ) ) ;
#986 = CARTESIAN_POINT ( 'NONE',  ( 32.39999999999999858, 6.000000000000000000, 4.456430435746357333 ) ) ;
#987 = FACE_OUTER_BOUND ( 'NONE', #757, .T. ) ;
#988 = DIRECTION ( 'NONE',  ( 0.000000000000000000, 0.000000000000000000, -1.000000000000000000 ) ) ;
#989 = VERTEX_POINT ( 'NONE', #890 ) ;
#990 = EDGE_CURVE ( 'NONE', #936, #601, #586, .T. ) ;
#991 = CARTESIAN_POINT ( 'NONE',  ( 0.000000000000000000, -3.000000000000000000, -5.852961775831894875E-16 ) ) ;
#992 = LINE ( 'NONE', #879, #352 ) ;
#993 =( NAMED_UNIT ( * ) SI_UNIT ( $, .STERADIAN. ) SOLID_ANGLE_UNIT ( ) );
#994 = AXIS2_PLACEMENT_3D ( 'NONE', #1292, #663, #156 ) ;
#995 = FACE_OUTER_BOUND ( 'NONE', #821, .T. ) ;
#996 = CARTESIAN_POINT ( 'NONE',  ( -39.00000000000000711, 0.000000000000000000, 4.500000000000000888 ) ) ;
#997 = TOROIDAL_SURFACE ( 'NONE', #651, 4.456430435746357333, 0.5000000000000000000 ) ;
#998 = DIRECTION ( 'NONE',  ( 1.000000000000000000, 0.000000000000000000, 0.000000000000000000 ) ) ;
#999 = ORIENTED_EDGE ( 'NONE', *, *, #1039, .T. ) ;
#1000 = AXIS2_PLACEMENT_3D ( 'NONE', #1621, #1382, #98 ) ;
#1001 = ORIENTED_EDGE ( 'NONE', *, *, #132, .T. ) ;
#1002 = DIRECTION ( 'NONE',  ( 0.000000000000000000, -1.000000000000000000, -1.224646799147353207E-16 ) ) ;
#1003 = PRODUCT_RELATED_PRODUCT_CATEGORY ( 'part', '', ( #1503 ) ) ;
#1004 = LINE ( 'NONE', #1359, #917 ) ;
#1005 = CARTESIAN_POINT ( 'NONE',  ( -32.39999999999999858, 5.500000000000000000, -4.456430435746357333 ) ) ;
#1006 = DIRECTION ( 'NONE',  ( 0.000000000000000000, 0.000000000000000000, 1.000000000000000000 ) ) ;
#1007 = ORIENTED_EDGE ( 'NONE', *, *, #279, .T. ) ;
#1008 = VERTEX_POINT ( 'NONE', #473 ) ;
#1009 = CARTESIAN_POINT ( 'NONE',  ( -22.50000000000000000, 0.000000000000000000, 3.499999999999999556 ) ) ;
#1010 = CARTESIAN_POINT ( 'NONE',  ( 22.50000000000000000, 0.000000000000000000, -3.500000000000000444 ) ) ;
#1011 = DIRECTION ( 'NONE',  ( 0.000000000000000000, 1.000000000000000000, 0.000000000000000000 ) ) ;
#1012 = ADVANCED_FACE ( 'NONE', ( #1242 ), #640, .F. ) ;
#1013 = DIRECTION ( 'NONE',  ( 0.000000000000000000, -1.000000000000000000, 0.000000000000000000 ) ) ;
#1014 = ORIENTED_EDGE ( 'NONE', *, *, #267, .F. ) ;
#1015 = DIRECTION ( 'NONE',  ( 0.000000000000000000, 1.000000000000000000, 0.000000000000000000 ) ) ;
#1016 = DIRECTION ( 'NONE',  ( -0.000000000000000000, -1.000000000000000000, -0.000000000000000000 ) ) ;
#1017 = AXIS2_PLACEMENT_3D ( 'NONE', #1519, #1133, #289 ) ;
#1018 = CARTESIAN_POINT ( 'NONE',  ( -32.39999999999999858, 0.5000000000000000000, -4.456430435746357333 ) ) ;
#1019 = ORIENTED_EDGE ( 'NONE', *, *, #1309, .F. ) ;
#1020 = AXIS2_PLACEMENT_3D ( 'NONE', #53, #804, #169 ) ;
#1021 = ORIENTED_EDGE ( 'NONE', *, *, #515, .F. ) ;
#1022 = LINE ( 'NONE', #405, #1442 ) ;
#1023 = AXIS2_PLACEMENT_3D ( 'NONE', #1427, #1275, #147 ) ;
#1024 = CARTESIAN_POINT ( 'NONE',  ( -32.39999999999999858, 3.000000000000000000, 0.000000000000000000 ) ) ;
#1025 = CARTESIAN_POINT ( 'NONE',  ( -22.50000000000000000, 0.000000000000000000, 3.499999999999999556 ) ) ;
#1026 = CARTESIAN_POINT ( 'NONE',  ( -32.39999999999999858, 5.500000000000000000, 0.000000000000000000 ) ) ;
#1027 = DIRECTION ( 'NONE',  ( 0.000000000000000000, 0.000000000000000000, 1.000000000000000000 ) ) ;
#1028 = ORIENTED_EDGE ( 'NONE', *, *, #673, .F. ) ;
#1029 = EDGE_CURVE ( 'NONE', #902, #1587, #250, .T. ) ;
#1030 = ORIENTED_EDGE ( 'NONE', *, *, #417, .T. ) ;
#1031 = DIRECTION ( 'NONE',  ( 0.000000000000000000, 0.000000000000000000, 1.000000000000000000 ) ) ;
#1032 = DIRECTION ( 'NONE',  ( 0.000000000000000000, 0.000000000000000000, 1.000000000000000000 ) ) ;
#1033 = ORIENTED_EDGE ( 'NONE', *, *, #1185, .T. ) ;
#1034 = CARTESIAN_POINT ( 'NONE',  ( 35.99999999999999289, 0.000000000000000000, -4.500000000000000000 ) ) ;
#1035 = EDGE_LOOP ( 'NONE', ( #1248, #1385, #258, #1433, #929 ) ) ;
#1036 = CYLINDRICAL_SURFACE ( 'NONE', #151, 10.00000000000000000 ) ;
#1037 = CARTESIAN_POINT ( 'NONE',  ( 35.99999999999999289, 0.000000000000000000, 4.500000000000000888 ) ) ;
#1038 = ORIENTED_EDGE ( 'NONE', *, *, #833, .T. ) ;
#1039 = EDGE_CURVE ( 'NONE', #479, #1078, #1170, .T. ) ;
#1040 = ORIENTED_EDGE ( 'NONE', *, *, #928, .F. ) ;
#1041 = VERTEX_POINT ( 'NONE', #861 ) ;
#1042 = AXIS2_PLACEMENT_3D ( 'NONE', #486, #898, #1518 ) ;
#1043 = CLOSED_SHELL ( 'NONE', ( #1262, #1278, #1432, #930, #1298, #38, #1482, #1507, #564, #364, #1222, #72, #1288, #625, #1543, #1195, #1127, #412, #6, #1317, #459, #887, #1141, #30, #154, #140, #829, #93, #1458, #871, #333, #809, #247, #1162, #470, #523, #4, #259, #980, #1556, #1225, #212 ) ) ;
#1044 = VECTOR ( 'NONE', #971, 1000.000000000000000 ) ;
#1045 = CIRCLE ( 'NONE', #941, 3.956430435746357777 ) ;
#1046 = CARTESIAN_POINT ( 'NONE',  ( 20.32610100898453709, 6.000000000000000000, 13.26084848652318726 ) ) ;
#1047 = AXIS2_PLACEMENT_3D ( 'NONE', #410, #1318, #1059 ) ;
#1048 = AXIS2_PLACEMENT_3D ( 'NONE', #933, #926, #49 ) ;
#1049 = PRODUCT_RELATED_PRODUCT_CATEGORY ( 'part', '', ( #96 ) ) ;
#1050 = DIRECTION ( 'NONE',  ( 1.000000000000000000, -0.000000000000000000, 1.224646799147353207E-16 ) ) ;
#1051 = EDGE_LOOP ( 'NONE', ( #1419, #1072, #292, #1188, #1547, #340 ) ) ;
#1052 = VERTEX_POINT ( 'NONE', #632 ) ;
#1053 = LINE ( 'NONE', #415, #722 ) ;
#1054 = EDGE_CURVE ( 'NONE', #702, #1489, #1303, .T. ) ;
#1055 = CARTESIAN_POINT ( 'NONE',  ( -32.39999999999999858, 0.5000000000000000000, 4.456430435746357333 ) ) ;
#1056 = ORIENTED_EDGE ( 'NONE', *, *, #1372, .F. ) ;
#1057 = EDGE_CURVE ( 'NONE', #576, #1580, #40, .T. ) ;
#1058 = ORIENTED_EDGE ( 'NONE', *, *, #1103, .F. ) ;
#1059 = DIRECTION ( 'NONE',  ( 0.000000000000000000, 0.000000000000000000, 1.000000000000000000 ) ) ;
#1060 = DIRECTION ( 'NONE',  ( 0.000000000000000000, 0.000000000000000000, -1.000000000000000000 ) ) ;
#1061 = ORIENTED_EDGE ( 'NONE', *, *, #1625, .T. ) ;
#1062 = AXIS2_PLACEMENT_3D ( 'NONE', #73, #578, #1233 ) ;
#1063 = ORIENTED_EDGE ( 'NONE', *, *, #817, .F. ) ;
#1064 = CIRCLE ( 'NONE', #1223, 4.456430435746357333 ) ;
#1065 = VECTOR ( 'NONE', #584, 1000.000000000000000 ) ;
#1066 = DIRECTION ( 'NONE',  ( 1.224646799147353207E-16, 0.000000000000000000, -1.000000000000000000 ) ) ;
#1067 = CIRCLE ( 'NONE', #1628, 0.4999999999999995559 ) ;
#1068 = TOROIDAL_SURFACE ( 'NONE', #1549, 4.456430435746357333, 0.5000000000000000000 ) ;
#1069 = VERTEX_POINT ( 'NONE', #1009 ) ;
#1070 = DIRECTION ( 'NONE',  ( 0.000000000000000000, 0.000000000000000000, 1.000000000000000000 ) ) ;
#1071 = ORIENTED_EDGE ( 'NONE', *, *, #1073, .T. ) ;
#1072 = ORIENTED_EDGE ( 'NONE', *, *, #1309, .T. ) ;
#1073 = EDGE_CURVE ( 'NONE', #296, #1322, #348, .T. ) ;
#1074 = DIRECTION ( 'NONE',  ( 1.000000000000000000, -1.499759782661857608E-32, 1.224646799147353207E-16 ) ) ;
#1075 = ORIENTED_EDGE ( 'NONE', *, *, #1441, .T. ) ;
#1076 = CARTESIAN_POINT ( 'NONE',  ( 32.63851973906596271, 0.000000000000000000, -2.500000000000000444 ) ) ;
#1077 = VERTEX_POINT ( 'NONE', #369 ) ;
#1078 = VERTEX_POINT ( 'NONE', #506 ) ;
#1079 = CARTESIAN_POINT ( 'NONE',  ( 0.000000000000000000, -7.000000000000000888, -1.075154897242130869E-15 ) ) ;
#1080 =( NAMED_UNIT ( * ) SI_UNIT ( $, .STERADIAN. ) SOLID_ANGLE_UNIT ( ) );
#1081 = DIRECTION ( 'NONE',  ( 0.000000000000000000, 0.000000000000000000, 1.000000000000000000 ) ) ;
#1082 = CARTESIAN_POINT ( 'NONE',  ( -32.39999999999999858, 5.255370700675806361, 0.000000000000000000 ) ) ;
#1083 = LINE ( 'NONE', #240, #557 ) ;
#1084 = ORIENTED_EDGE ( 'NONE', *, *, #1376, .T. ) ;
#1085 = EDGE_LOOP ( 'NONE', ( #166, #1483, #1574, #1306 ) ) ;
#1086 = AXIS2_PLACEMENT_3D ( 'NONE', #268, #499, #773 ) ;
#1087 = DIRECTION ( 'NONE',  ( -0.000000000000000000, 1.000000000000000000, 1.224646799147353454E-16 ) ) ;
#1088 = DIRECTION ( 'NONE',  ( 0.000000000000000000, 0.000000000000000000, 1.000000000000000000 ) ) ;
#1089 = VECTOR ( 'NONE', #1015, 1000.000000000000000 ) ;
#1090 = AXIS2_PLACEMENT_3D ( 'NONE', #1423, #1310, #179 ) ;
#1091 = CIRCLE ( 'NONE', #730, 9.999999999999998224 ) ;
#1092 =( NAMED_UNIT ( * ) SI_UNIT ( $, .STERADIAN. ) SOLID_ANGLE_UNIT ( ) );
#1093 = VECTOR ( 'NONE', #681, 1000.000000000000000 ) ;
#1094 = DIRECTION ( 'NONE',  ( -0.000000000000000000, 1.000000000000000000, -0.000000000000000000 ) ) ;
#1095 = PRODUCT_DEFINITION_SHAPE ( 'NONE', 'NONE',  #736 ) ;
#1096 = ORIENTED_EDGE ( 'NONE', *, *, #55, .T. ) ;
#1097 = CARTESIAN_POINT ( 'NONE',  ( 38.99999999999999289, 0.000000000000000000, -7.500000000000000000 ) ) ;
#1098 = DIRECTION ( 'NONE',  ( 0.000000000000000000, 0.000000000000000000, -1.000000000000000000 ) ) ;
#1099 = ITEM_DEFINED_TRANSFORMATION ( 'NONE', 'NONE', #758,  #1469 ) ;
#1100 = CARTESIAN_POINT ( 'NONE',  ( -32.39999999999999858, 5.255370700675806361, 0.000000000000000000 ) ) ;
#1101 = DIRECTION ( 'NONE',  ( 0.000000000000000000, 1.000000000000000000, 0.000000000000000000 ) ) ;
#1102 = PLANE ( 'NONE',  #825 ) ;
#1103 = EDGE_CURVE ( 'NONE', #471, #1623, #1388, .T. ) ;
#1104 = EDGE_LOOP ( 'NONE', ( #431, #1182 ) ) ;
#1105 = DIRECTION ( 'NONE',  ( -0.000000000000000000, -0.000000000000000000, -1.000000000000000000 ) ) ;
#1106 = CARTESIAN_POINT ( 'NONE',  ( 0.000000000000000000, 0.000000000000000000, -2.449293598294706414E-16 ) ) ;
#1107 = CARTESIAN_POINT ( 'NONE',  ( 32.39999999999999858, 6.000000000000000000, -4.456430435746357333 ) ) ;
#1108 = CARTESIAN_POINT ( 'NONE',  ( -32.63851973906596271, 10.00000000000000000, -2.500000000000000444 ) ) ;
#1109 = CARTESIAN_POINT ( 'NONE',  ( -39.00000000000000711, 0.000000000000000000, -7.500000000000000000 ) ) ;
#1110 = ORIENTED_EDGE ( 'NONE', *, *, #1347, .F. ) ;
#1111 = ORIENTED_EDGE ( 'NONE', *, *, #863, .T. ) ;
#1112 = DIRECTION ( 'NONE',  ( 0.000000000000000000, 0.000000000000000000, 1.000000000000000000 ) ) ;
#1113 = DIRECTION ( 'NONE',  ( -1.000000000000000000, 0.000000000000000000, -0.000000000000000000 ) ) ;
#1114 = AXIS2_PLACEMENT_3D ( 'NONE', #991, #1002, #626 ) ;
#1115 = AXIS2_PLACEMENT_3D ( 'NONE', #951, #1187, #42 ) ;
#1116 = DIRECTION ( 'NONE',  ( 0.000000000000000000, 1.000000000000000000, 0.000000000000000000 ) ) ;
#1117 = LINE ( 'NONE', #607, #652 ) ;
#1118 = TOROIDAL_SURFACE ( 'NONE', #884, 4.456430435746357333, 0.5000000000000000000 ) ;
#1119 = CIRCLE ( 'NONE', #321, 10.00000000000000000 ) ;
#1120 = DIRECTION ( 'NONE',  ( -0.000000000000000000, 1.000000000000000000, -0.000000000000000000 ) ) ;
#1121 = ORIENTED_EDGE ( 'NONE', *, *, #1425, .F. ) ;
#1122 = CIRCLE ( 'NONE', #1599, 3.000000000000000000 ) ;
#1123 = ORIENTED_EDGE ( 'NONE', *, *, #20, .T. ) ;
#1124 = EDGE_CURVE ( 'NONE', #1608, #8, #1263, .T. ) ;
#1125 = CYLINDRICAL_SURFACE ( 'NONE', #725, 10.00000000000000000 ) ;
#1126 = DIRECTION ( 'NONE',  ( 0.000000000000000000, 1.000000000000000000, 0.000000000000000000 ) ) ;
#1127 = ADVANCED_FACE ( 'NONE', ( #903, #434, #322 ), #1454, .F. ) ;
#1128 = CARTESIAN_POINT ( 'NONE',  ( 36.42036105375290589, 0.7446292993241931946, 0.000000000000000000 ) ) ;
#1129 = CARTESIAN_POINT ( 'NONE',  ( -32.63851973906595560, 6.000000000000000000, 2.499999999999998668 ) ) ;
#1130 = VERTEX_POINT ( 'NONE', #1327 ) ;
#1131 = ORIENTED_EDGE ( 'NONE', *, *, #64, .F. ) ;
#1132 = CARTESIAN_POINT ( 'NONE',  ( 32.39999999999999858, 0.7446292993241931946, 0.000000000000000000 ) ) ;
#1133 = DIRECTION ( 'NONE',  ( 0.000000000000000000, 0.000000000000000000, 1.000000000000000000 ) ) ;
#1134 = EDGE_CURVE ( 'NONE', #554, #1608, #646, .T. ) ;
#1135 = DIRECTION ( 'NONE',  ( 0.000000000000000000, 0.000000000000000000, 1.000000000000000000 ) ) ;
#1136 = EDGE_LOOP ( 'NONE', ( #416, #981, #211, #514, #108 ) ) ;
#1137 = ORIENTED_EDGE ( 'NONE', *, *, #544, .T. ) ;
#1138 = CARTESIAN_POINT ( 'NONE',  ( 32.39999999999999858, 0.7446292993241931946, 0.000000000000000000 ) ) ;
#1139 = DIRECTION ( 'NONE',  ( 0.000000000000000000, 0.000000000000000000, 1.000000000000000000 ) ) ;
#1140 = FACE_OUTER_BOUND ( 'NONE', #1205, .T. ) ;
#1141 = ADVANCED_FACE ( 'NONE', ( #1283 ), #427, .F. ) ;
#1142 = VECTOR ( 'NONE', #1576, 1000.000000000000000 ) ;
#1143 = DIRECTION ( 'NONE',  ( 1.000000000000000000, 0.000000000000000000, 0.000000000000000000 ) ) ;
#1144 = AXIS2_PLACEMENT_3D ( 'NONE', #569, #785, #309 ) ;
#1145 = CIRCLE ( 'NONE', #966, 0.4999999999999995559 ) ;
#1146 = AXIS2_PLACEMENT_3D ( 'NONE', #1129, #372, #1027 ) ;
#1147 = ORIENTED_EDGE ( 'NONE', *, *, #1185, .F. ) ;
#1148 = CIRCLE ( 'NONE', #380, 4.020361053752901093 ) ;
#1149 = CARTESIAN_POINT ( 'NONE',  ( -32.39999999999999858, 3.000000000000000000, 0.000000000000000000 ) ) ;
#1150 = LINE ( 'NONE', #157, #1220 ) ;
#1151 = VERTEX_POINT ( 'NONE', #204 ) ;
#1152 = DIRECTION ( 'NONE',  ( 0.000000000000000000, 0.000000000000000000, 1.000000000000000000 ) ) ;
#1153 = ORIENTED_EDGE ( 'NONE', *, *, #691, .F. ) ;
#1154 = EDGE_CURVE ( 'NONE', #1008, #1587, #1390, .T. ) ;
#1155 = PLANE ( 'NONE',  #619 ) ;
#1156 = DIRECTION ( 'NONE',  ( 0.000000000000000000, 1.000000000000000000, 0.000000000000000000 ) ) ;
#1157 = ORIENTED_EDGE ( 'NONE', *, *, #580, .F. ) ;
#1158 = FACE_OUTER_BOUND ( 'NONE', #281, .T. ) ;
#1159 = EDGE_LOOP ( 'NONE', ( #548, #1111 ) ) ;
#1160 = ORIENTED_EDGE ( 'NONE', *, *, #684, .F. ) ;
#1161 = PRODUCT_RELATED_PRODUCT_CATEGORY ( 'part', '', ( #1202 ) ) ;
#1162 = ADVANCED_FACE ( 'NONE', ( #22 ), #316, .F. ) ;
#1163 = CARTESIAN_POINT ( 'NONE',  ( -32.63851973906595560, 10.00000000000000000, 2.499999999999998668 ) ) ;
#1164 = DIRECTION ( 'NONE',  ( 0.000000000000000000, 0.000000000000000000, 1.000000000000000000 ) ) ;
#1165 = ORIENTED_EDGE ( 'NONE', *, *, #948, .F. ) ;
#1166 = CARTESIAN_POINT ( 'NONE',  ( 0.000000000000000000, 2.999999999999999556, 1.750000000000000222 ) ) ;
#1167 = CARTESIAN_POINT ( 'NONE',  ( -26.48231037402524990, 6.000000000000000000, 5.380424243261592743 ) ) ;
#1168 = EDGE_LOOP ( 'NONE', ( #693, #67, #1007, #414, #1014 ) ) ;
#1169 = EDGE_LOOP ( 'NONE', ( #1537, #840, #453, #686, #1504 ) ) ;
#1170 = CIRCLE ( 'NONE', #753, 4.456430435746357333 ) ;
#1171 = AXIS2_PLACEMENT_3D ( 'NONE', #714, #97, #1479 ) ;
#1172 = AXIS2_PLACEMENT_3D ( 'NONE', #280, #751, #1258 ) ;
#1173 = AXIS2_PLACEMENT_3D ( 'NONE', #15, #1391, #388 ) ;
#1174 = CARTESIAN_POINT ( 'NONE',  ( 2.143131898507868297E-16, -7.000000000000000888, -1.750000000000001110 ) ) ;
#1175 = ORIENTED_EDGE ( 'NONE', *, *, #1269, .F. ) ;
#1176 = EDGE_CURVE ( 'NONE', #554, #526, #13, .T. ) ;
#1177 = AXIS2_PLACEMENT_3D ( 'NONE', #1184, #660, #163 ) ;
#1178 = CARTESIAN_POINT ( 'NONE',  ( -32.39999999999999858, 0.4999999999999998890, -3.956430435746357777 ) ) ;
#1179 = EDGE_CURVE ( 'NONE', #1151, #1449, #1360, .T. ) ;
#1180 = DIRECTION ( 'NONE',  ( 0.000000000000000000, 0.000000000000000000, 1.000000000000000000 ) ) ;
#1181 = ORIENTED_EDGE ( 'NONE', *, *, #462, .F. ) ;
#1182 = ORIENTED_EDGE ( 'NONE', *, *, #791, .T. ) ;
#1183 = VERTEX_POINT ( 'NONE', #1535 ) ;
#1184 = CARTESIAN_POINT ( 'NONE',  ( 32.39999999999999858, 3.000000000000000000, 0.000000000000000000 ) ) ;
#1185 = EDGE_CURVE ( 'NONE', #1300, #526, #945, .T. ) ;
#1186 = FACE_OUTER_BOUND ( 'NONE', #609, .T. ) ;
#1187 = DIRECTION ( 'NONE',  ( -1.000000000000000000, 0.000000000000000000, 0.000000000000000000 ) ) ;
#1188 = ORIENTED_EDGE ( 'NONE', *, *, #135, .T. ) ;
#1189 = ORIENTED_EDGE ( 'NONE', *, *, #583, .F. ) ;
#1190 = CARTESIAN_POINT ( 'NONE',  ( -32.39999999999999858, 5.500000000000000000, 0.000000000000000000 ) ) ;
#1191 = DIRECTION ( 'NONE',  ( 1.000000000000000000, 0.000000000000000000, 0.000000000000000000 ) ) ;
#1192 = ORIENTED_EDGE ( 'NONE', *, *, #531, .F. ) ;
#1193 = FACE_OUTER_BOUND ( 'NONE', #419, .T. ) ;
#1194 = ORIENTED_EDGE ( 'NONE', *, *, #544, .F. ) ;
#1195 = ADVANCED_FACE ( 'NONE', ( #392 ), #1155, .F. ) ;
#1196 = AXIS2_PLACEMENT_3D ( 'NONE', #772, #353, #362 ) ;
#1197 = ORIENTED_EDGE ( 'NONE', *, *, #673, .T. ) ;
#1198 = AXIS2_PLACEMENT_3D ( 'NONE', #770, #18, #881 ) ;
#1199 = DIRECTION ( 'NONE',  ( 0.000000000000000000, 0.000000000000000000, 1.000000000000000000 ) ) ;
#1200 = VECTOR ( 'NONE', #143, 1000.000000000000000 ) ;
#1201 = DIRECTION ( 'NONE',  ( -0.000000000000000000, -1.000000000000000000, -0.000000000000000000 ) ) ;
#1202 = PRODUCT ( 'Steeering-Arm', 'Steeering-Arm', '', ( #826 ) ) ;
#1203 = CARTESIAN_POINT ( 'NONE',  ( 20.32610100898453709, 10.00000000000000000, 13.26084848652318726 ) ) ;
#1204 = FACE_OUTER_BOUND ( 'NONE', #1035, .T. ) ;
#1205 = EDGE_LOOP ( 'NONE', ( #1189, #56, #1267, #687 ) ) ;
#1206 = EDGE_CURVE ( 'NONE', #25, #671, #480, .T. ) ;
#1207 = ORIENTED_EDGE ( 'NONE', *, *, #1613, .T. ) ;
#1208 = DIRECTION ( 'NONE',  ( 1.000000000000000000, -0.000000000000000000, 1.224646799147353207E-16 ) ) ;
#1209 = SHAPE_DEFINITION_REPRESENTATION ( #356, #1491 ) ;
#1210 = DIRECTION ( 'NONE',  ( 0.000000000000000000, 1.000000000000000000, 0.000000000000000000 ) ) ;
#1211 = CARTESIAN_POINT ( 'NONE',  ( 35.99999999999999289, 0.000000000000000000, 7.500000000000000000 ) ) ;
#1212 = CARTESIAN_POINT ( 'NONE',  ( 22.50000000000000000, 6.000000000000000000, -3.500000000000000444 ) ) ;
#1213 = ORIENTED_EDGE ( 'NONE', *, *, #312, .F. ) ;
#1214 = ORIENTED_EDGE ( 'NONE', *, *, #293, .F. ) ;
#1215 = CARTESIAN_POINT ( 'NONE',  ( 0.000000000000000000, -3.000000000000000000, -6.123233995736766282E-16 ) ) ;
#1216 = DIRECTION ( 'NONE',  ( 0.000000000000000000, 1.000000000000000000, 0.000000000000000000 ) ) ;
#1217 = DIRECTION ( 'NONE',  ( -0.000000000000000000, -1.000000000000000000, -0.000000000000000000 ) ) ;
#1218 = CARTESIAN_POINT ( 'NONE',  ( 0.000000000000000000, 2.999999999999999556, 1.224646799147353207E-16 ) ) ;
#1219 = ORIENTED_EDGE ( 'NONE', *, *, #366, .T. ) ;
#1220 = VECTOR ( 'NONE', #1399, 1000.000000000000000 ) ;
#1221 = CARTESIAN_POINT ( 'NONE',  ( -32.39999999999999858, 0.000000000000000000, 0.000000000000000000 ) ) ;
#1222 = ADVANCED_FACE ( 'NONE', ( #1193 ), #698, .T. ) ;
#1223 = AXIS2_PLACEMENT_3D ( 'NONE', #566, #822, #437 ) ;
#1224 = AXIS2_PLACEMENT_3D ( 'NONE', #539, #1201, #788 ) ;
#1225 = ADVANCED_FACE ( 'NONE', ( #561 ), #1036, .T. ) ;
#1226 = CARTESIAN_POINT ( 'NONE',  ( -32.63851973906595560, 0.000000000000000000, 2.499999999999998668 ) ) ;
#1227 = PLANE ( 'NONE',  #1000 ) ;
#1228 =( GEOMETRIC_REPRESENTATION_CONTEXT ( 3 ) GLOBAL_UNCERTAINTY_ASSIGNED_CONTEXT ( ( #793 ) ) GLOBAL_UNIT_ASSIGNED_CONTEXT ( ( #596, #836, #993 ) ) REPRESENTATION_CONTEXT ( 'NONE', 'WORKASPACE' ) );
#1229 = AXIS2_PLACEMENT_3D ( 'NONE', #142, #1016, #1139 ) ;
#1230 = FACE_OUTER_BOUND ( 'NONE', #233, .T. ) ;
#1231 = ORIENTED_EDGE ( 'NONE', *, *, #909, .F. ) ;
#1232 = ORIENTED_EDGE ( 'NONE', *, *, #1396, .T. ) ;
#1233 = DIRECTION ( 'NONE',  ( 0.000000000000000000, -0.000000000000000000, 1.000000000000000000 ) ) ;
#1234 = DIRECTION ( 'NONE',  ( 0.000000000000000000, 0.000000000000000000, 1.000000000000000000 ) ) ;
#1235 = APPLICATION_PROTOCOL_DEFINITION ( 'draft international standard', 'automotive_design', 1998, #635 ) ;
#1236 = DIRECTION ( 'NONE',  ( 0.000000000000000000, 0.000000000000000000, -1.000000000000000000 ) ) ;
#1237 = DIRECTION ( 'NONE',  ( 0.000000000000000000, 0.000000000000000000, -1.000000000000000000 ) ) ;
#1238 = EDGE_CURVE ( 'NONE', #989, #272, #1304, .T. ) ;
#1239 = CARTESIAN_POINT ( 'NONE',  ( 32.39999999999999858, 5.500000000000000000, 0.000000000000000000 ) ) ;
#1240 = VERTEX_POINT ( 'NONE', #185 ) ;
#1241 = ORIENTED_EDGE ( 'NONE', *, *, #1530, .T. ) ;
#1242 = FACE_OUTER_BOUND ( 'NONE', #546, .T. ) ;
#1243 = CARTESIAN_POINT ( 'NONE',  ( 674.2033725351425346, 866.8291865471346682, 1290.472493675399619 ) ) ;
#1244 = CARTESIAN_POINT ( 'NONE',  ( 35.99999999999999289, 6.000000000000000000, -4.500000000000000000 ) ) ;
#1245 = DIRECTION ( 'NONE',  ( 0.000000000000000000, 0.000000000000000000, -1.000000000000000000 ) ) ;
#1246 = DIRECTION ( 'NONE',  ( -1.000000000000000000, 0.000000000000000000, 0.000000000000000000 ) ) ;
#1247 = ORIENTED_EDGE ( 'NONE', *, *, #1029, .F. ) ;
#1248 = ORIENTED_EDGE ( 'NONE', *, *, #279, .F. ) ;
#1249 = EDGE_CURVE ( 'NONE', #1183, #1426, #1067, .T. ) ;
#1250 = DIRECTION ( 'NONE',  ( -0.000000000000000000, -0.000000000000000000, -1.000000000000000000 ) ) ;
#1251 = CARTESIAN_POINT ( 'NONE',  ( -28.37963894624709837, 5.255370700675806361, 4.923522295895171117E-16 ) ) ;
#1252 = VECTOR ( 'NONE', #1334, 1000.000000000000000 ) ;
#1253 = AXIS2_PLACEMENT_3D ( 'NONE', #476, #853, #1236 ) ;
#1254 = DIRECTION ( 'NONE',  ( 0.000000000000000000, 1.000000000000000000, 0.000000000000000000 ) ) ;
#1255 = CIRCLE ( 'NONE', #1146, 10.00000000000000000 ) ;
#1256 = STYLED_ITEM ( 'NONE', ( #598 ), #264 ) ;
#1257 = APPLICATION_CONTEXT ( 'automotive_design' ) ;
#1258 = DIRECTION ( 'NONE',  ( 0.000000000000000000, 0.000000000000000000, 1.000000000000000000 ) ) ;
#1259 = DIRECTION ( 'NONE',  ( 0.000000000000000000, 0.000000000000000000, 1.000000000000000000 ) ) ;
#1260 = VECTOR ( 'NONE', #787, 1000.000000000000000 ) ;
#1261 = ORIENTED_EDGE ( 'NONE', *, *, #957, .F. ) ;
#1262 = ADVANCED_FACE ( 'NONE', ( #1204 ), #997, .T. ) ;
#1263 = LINE ( 'NONE', #386, #963 ) ;
#1264 = DIRECTION ( 'NONE',  ( 0.000000000000000000, 1.000000000000000000, 0.000000000000000000 ) ) ;
#1265 = CARTESIAN_POINT ( 'NONE',  ( 32.39999999999999858, 5.500000000000000000, 0.000000000000000000 ) ) ;
#1266 = DIRECTION ( 'NONE',  ( -1.000000000000000000, 0.000000000000000000, 0.000000000000000000 ) ) ;
#1267 = ORIENTED_EDGE ( 'NONE', *, *, #791, .F. ) ;
#1268 = DIRECTION ( 'NONE',  ( -1.000000000000000000, 0.000000000000000000, 0.000000000000000000 ) ) ;
#1269 = EDGE_CURVE ( 'NONE', #668, #547, #1362, .T. ) ;
#1270 = CARTESIAN_POINT ( 'NONE',  ( 32.39999999999999858, 0.7446292993241931946, 0.000000000000000000 ) ) ;
#1271 = DIRECTION ( 'NONE',  ( 0.000000000000000000, -1.334402673828313093E-16, 1.000000000000000000 ) ) ;
#1272 = DIRECTION ( 'NONE',  ( -0.000000000000000000, -1.000000000000000000, -0.000000000000000000 ) ) ;
#1273 = ORIENTED_EDGE ( 'NONE', *, *, #1337, .T. ) ;
#1274 = DIRECTION ( 'NONE',  ( -0.000000000000000000, -1.000000000000000000, -0.000000000000000000 ) ) ;
#1275 = DIRECTION ( 'NONE',  ( 1.000000000000000000, -0.000000000000000000, 1.224646799147353207E-16 ) ) ;
#1276 = ORIENTED_EDGE ( 'NONE', *, *, #670, .T. ) ;
#1277 = VECTOR ( 'NONE', #1531, 1000.000000000000000 ) ;
#1278 = ADVANCED_FACE ( 'NONE', ( #575 ), #378, .T. ) ;
#1279 = SPHERICAL_SURFACE ( 'NONE', #401, 4.422951503238532922 ) ;
#1280 = CIRCLE ( 'NONE', #126, 4.020361053752901093 ) ;
#1281 = CIRCLE ( 'NONE', #1524, 3.956430435746357777 ) ;
#1282 = ORIENTED_EDGE ( 'NONE', *, *, #610, .T. ) ;
#1283 = FACE_OUTER_BOUND ( 'NONE', #34, .T. ) ;
#1284 = CARTESIAN_POINT ( 'NONE',  ( 26.48231037402524990, 0.000000000000000000, 5.380424243261592743 ) ) ;
#1285 = ORIENTED_EDGE ( 'NONE', *, *, #1326, .F. ) ;
#1286 = DIRECTION ( 'NONE',  ( -0.000000000000000000, -1.000000000000000000, -0.000000000000000000 ) ) ;
#1287 = DIRECTION ( 'NONE',  ( 0.000000000000000000, 1.000000000000000000, 0.000000000000000000 ) ) ;
#1288 = ADVANCED_FACE ( 'NONE', ( #1345 ), #1384, .F. ) ;
#1289 = ORIENTED_EDGE ( 'NONE', *, *, #417, .F. ) ;
#1290 = EDGE_CURVE ( 'NONE', #1598, #728, #1281, .T. ) ;
#1291 = ORIENTED_EDGE ( 'NONE', *, *, #1425, .T. ) ;
#1292 = CARTESIAN_POINT ( 'NONE',  ( -32.39999999999999858, 0.7446292993241931946, 0.000000000000000000 ) ) ;
#1293 = CARTESIAN_POINT ( 'NONE',  ( -39.00000000000000711, 6.000000000000000000, 7.500000000000000000 ) ) ;
#1294 = ORIENTED_EDGE ( 'NONE', *, *, #1625, .F. ) ;
#1295 = CARTESIAN_POINT ( 'NONE',  ( 32.39999999999999858, 0.7446292993241931946, -4.020361053752901093 ) ) ;
#1296 = FACE_OUTER_BOUND ( 'NONE', #241, .T. ) ;
#1297 = ORIENTED_EDGE ( 'NONE', *, *, #119, .F. ) ;
#1298 = ADVANCED_FACE ( 'NONE', ( #490 ), #1571, .T. ) ;
#1299 = CARTESIAN_POINT ( 'NONE',  ( 2.143131898507868297E-16, 2.999999999999999556, -1.749999999999999778 ) ) ;
#1300 = VERTEX_POINT ( 'NONE', #1212 ) ;
#1301 = TOROIDAL_SURFACE ( 'NONE', #852, 4.456430435746357333, 0.5000000000000000000 ) ;
#1302 = ORIENTED_EDGE ( 'NONE', *, *, #60, .T. ) ;
#1303 = CIRCLE ( 'NONE', #1521, 4.020361053752901093 ) ;
#1304 = CIRCLE ( 'NONE', #589, 10.00000000000000355 ) ;
#1305 = AXIS2_PLACEMENT_3D ( 'NONE', #979, #217, #872 ) ;
#1306 = ORIENTED_EDGE ( 'NONE', *, *, #1515, .T. ) ;
#1307 =( GEOMETRIC_REPRESENTATION_CONTEXT ( 3 ) GLOBAL_UNCERTAINTY_ASSIGNED_CONTEXT ( ( #649 ) ) GLOBAL_UNIT_ASSIGNED_CONTEXT ( ( #313, #237, #1080 ) ) REPRESENTATION_CONTEXT ( 'NONE', 'WORKASPACE' ) );
#1308 = AXIS2_PLACEMENT_3D ( 'NONE', #407, #648, #905 ) ;
#1309 = EDGE_CURVE ( 'NONE', #101, #182, #1280, .T. ) ;
#1310 = DIRECTION ( 'NONE',  ( 0.000000000000000000, -1.000000000000000000, -1.224646799147353207E-16 ) ) ;
#1311 = CARTESIAN_POINT ( 'NONE',  ( -36.00000000000000711, 6.000000000000000000, -4.500000000000000000 ) ) ;
#1312 = EDGE_LOOP ( 'NONE', ( #443, #1084, #541, #806 ) ) ;
#1313 = LINE ( 'NONE', #1174, #1093 ) ;
#1314 = VERTEX_POINT ( 'NONE', #218 ) ;
#1315 = ADVANCED_FACE ( 'NONE', ( #617, #1230 ), #1102, .T. ) ;
#1316 = FACE_OUTER_BOUND ( 'NONE', #1328, .T. ) ;
#1317 = ADVANCED_FACE ( 'NONE', ( #468 ), #359, .F. ) ;
#1318 = DIRECTION ( 'NONE',  ( 0.000000000000000000, 1.000000000000000000, 0.000000000000000000 ) ) ;
#1319 = ORIENTED_EDGE ( 'NONE', *, *, #1615, .T. ) ;
#1320 = CARTESIAN_POINT ( 'NONE',  ( -20.32610100898453709, 6.000000000000000000, 13.26084848652318726 ) ) ;
#1321 = ORIENTED_EDGE ( 'NONE', *, *, #81, .T. ) ;
#1322 = VERTEX_POINT ( 'NONE', #209 ) ;
#1323 = CARTESIAN_POINT ( 'NONE',  ( -32.63851973906596271, 6.000000000000000000, 7.500000000000000000 ) ) ;
#1324 = CARTESIAN_POINT ( 'NONE',  ( 32.39999999999999858, 0.5000000000000000000, -4.456430435746357333 ) ) ;
#1325 = EDGE_LOOP ( 'NONE', ( #999, #71 ) ) ;
#1326 = EDGE_CURVE ( 'NONE', #935, #925, #77, .T. ) ;
#1327 = CARTESIAN_POINT ( 'NONE',  ( 35.99999999999999289, 6.000000000000000000, 7.500000000000000000 ) ) ;
#1328 = EDGE_LOOP ( 'NONE', ( #394, #1160, #1157, #1378 ) ) ;
#1329 = AXIS2_PLACEMENT_3D ( 'NONE', #146, #235, #1112 ) ;
#1330 = TOROIDAL_SURFACE ( 'NONE', #482, 4.456430435746357333, 0.5000000000000000000 ) ;
#1331 = VERTEX_POINT ( 'NONE', #1606 ) ;
#1332 = AXIS2_PLACEMENT_3D ( 'NONE', #332, #846, #1355 ) ;
#1333 = CIRCLE ( 'NONE', #624, 1.750000000000000000 ) ;
#1334 = DIRECTION ( 'NONE',  ( 0.000000000000000000, 0.000000000000000000, 1.000000000000000000 ) ) ;
#1335 = TOROIDAL_SURFACE ( 'NONE', #379, 4.456430435746357333, 0.5000000000000000000 ) ;
#1336 = CARTESIAN_POINT ( 'NONE',  ( 32.39999999999999858, 3.000000000000000000, 0.000000000000000000 ) ) ;
#1337 = EDGE_CURVE ( 'NONE', #1565, #764, #1083, .T. ) ;
#1338 = DIRECTION ( 'NONE',  ( -1.000000000000000000, 0.000000000000000000, 0.000000000000000000 ) ) ;
#1339 = ORIENTED_EDGE ( 'NONE', *, *, #1290, .T. ) ;
#1340 = ORIENTED_EDGE ( 'NONE', *, *, #1396, .F. ) ;
#1341 = CARTESIAN_POINT ( 'NONE',  ( -32.63851973906595560, 6.000000000000000000, -7.500000000000000000 ) ) ;
#1342 = CONTEXT_DEPENDENT_SHAPE_REPRESENTATION ( #897, #111 ) ;
#1343 = FACE_OUTER_BOUND ( 'NONE', #1596, .T. ) ;
#1344 = FACE_OUTER_BOUND ( 'NONE', #886, .T. ) ;
#1345 = FACE_OUTER_BOUND ( 'NONE', #1402, .T. ) ;
#1346 = ORIENTED_EDGE ( 'NONE', *, *, #1103, .T. ) ;
#1347 = EDGE_CURVE ( 'NONE', #911, #1412, #1501, .T. ) ;
#1348 = ORIENTED_EDGE ( 'NONE', *, *, #1179, .F. ) ;
#1349 = EDGE_CURVE ( 'NONE', #1598, #789, #1495, .T. ) ;
#1350 = DIRECTION ( 'NONE',  ( 0.000000000000000000, 0.000000000000000000, 1.000000000000000000 ) ) ;
#1351 = DIRECTION ( 'NONE',  ( 0.000000000000000000, 0.000000000000000000, -1.000000000000000000 ) ) ;
#1352 = SHAPE_DEFINITION_REPRESENTATION ( #1095, #924 ) ;
#1353 = DIRECTION ( 'NONE',  ( 0.000000000000000000, 0.000000000000000000, 1.000000000000000000 ) ) ;
#1354 = FACE_OUTER_BOUND ( 'NONE', #570, .T. ) ;
#1355 = DIRECTION ( 'NONE',  ( 0.000000000000000000, 0.000000000000000000, 1.000000000000000000 ) ) ;
#1356 = ORIENTED_EDGE ( 'NONE', *, *, #783, .T. ) ;
#1357 = ORIENTED_EDGE ( 'NONE', *, *, #909, .T. ) ;
#1358 = CARTESIAN_POINT ( 'NONE',  ( 26.48231037402525700, 6.000000000000000000, -5.380424243261598072 ) ) ;
#1359 = CARTESIAN_POINT ( 'NONE',  ( 35.99999999999999289, 6.000000000000000000, 7.500000000000000000 ) ) ;
#1360 = CIRCLE ( 'NONE', #994, 4.020361053752901093 ) ;
#1361 = AXIS2_PLACEMENT_3D ( 'NONE', #967, #1470, #723 ) ;
#1362 = CIRCLE ( 'NONE', #857, 10.00000000000000000 ) ;
#1363 = AXIS2_PLACEMENT_3D ( 'NONE', #116, #616, #739 ) ;
#1364 = DIRECTION ( 'NONE',  ( 0.000000000000000000, 0.000000000000000000, -1.000000000000000000 ) ) ;
#1365 = DIRECTION ( 'NONE',  ( 0.000000000000000000, 0.000000000000000000, 1.000000000000000000 ) ) ;
#1366 = CARTESIAN_POINT ( 'NONE',  ( 35.99999999999999289, 6.000000000000000000, -7.500000000000000000 ) ) ;
#1367 = AXIS2_PLACEMENT_3D ( 'NONE', #1512, #370, #1234 ) ;
#1368 = DIRECTION ( 'NONE',  ( 0.000000000000000000, 1.000000000000000000, 0.000000000000000000 ) ) ;
#1369 = ORIENTED_EDGE ( 'NONE', *, *, #1573, .F. ) ;
#1370 = DIRECTION ( 'NONE',  ( 0.000000000000000000, 0.000000000000000000, -1.000000000000000000 ) ) ;
#1371 = DIRECTION ( 'NONE',  ( 0.000000000000000000, 0.000000000000000000, 1.000000000000000000 ) ) ;
#1372 = EDGE_CURVE ( 'NONE', #1078, #479, #777, .T. ) ;
#1373 = CARTESIAN_POINT ( 'NONE',  ( 35.99999999999999289, 6.000000000000000000, 4.500000000000000888 ) ) ;
#1374 = DIRECTION ( 'NONE',  ( 1.000000000000000000, 0.000000000000000000, 0.000000000000000000 ) ) ;
#1375 =( REPRESENTATION_RELATIONSHIP ('NONE','NONE', #924, #560 ) REPRESENTATION_RELATIONSHIP_WITH_TRANSFORMATION ( #1099 )SHAPE_REPRESENTATION_RELATIONSHIP( ) );
#1376 = EDGE_CURVE ( 'NONE', #784, #1638, #347, .T. ) ;
#1377 = DIRECTION ( 'NONE',  ( -0.000000000000000000, -1.000000000000000000, -0.000000000000000000 ) ) ;
#1378 = ORIENTED_EDGE ( 'NONE', *, *, #848, .T. ) ;
#1379 = VERTEX_POINT ( 'NONE', #716 ) ;
#1380 = DIRECTION ( 'NONE',  ( 0.000000000000000000, 0.000000000000000000, 1.000000000000000000 ) ) ;
#1381 = CARTESIAN_POINT ( 'NONE',  ( 0.000000000000000000, 6.000000000000000000, 3.499999999999999556 ) ) ;
#1382 = DIRECTION ( 'NONE',  ( 0.000000000000000000, 0.000000000000000000, -1.000000000000000000 ) ) ;
#1383 = ADVANCED_BREP_SHAPE_REPRESENTATION ( '', ( #264, #1469 ), #1550 ) ;
#1384 = SPHERICAL_SURFACE ( 'NONE', #509, 4.609772228646446202 ) ;
#1385 = ORIENTED_EDGE ( 'NONE', *, *, #1206, .T. ) ;
#1386 = EDGE_CURVE ( 'NONE', #1314, #1565, #608, .T. ) ;
#1387 = ORIENTED_EDGE ( 'NONE', *, *, #1029, .T. ) ;
#1388 = LINE ( 'NONE', #252, #1277 ) ;
#1389 = CARTESIAN_POINT ( 'NONE',  ( -20.32610100898454419, 0.000000000000000000, -13.26084848652319259 ) ) ;
#1390 = CIRCLE ( 'NONE', #1492, 10.00000000000000355 ) ;
#1391 = DIRECTION ( 'NONE',  ( 0.000000000000000000, 1.000000000000000000, 1.224646799147353454E-16 ) ) ;
#1392 = VECTOR ( 'NONE', #901, 1000.000000000000000 ) ;
#1393 = MECHANICAL_DESIGN_GEOMETRIC_PRESENTATION_REPRESENTATION (  '', ( #1256 ), #590 ) ;
#1394 = DIRECTION ( 'NONE',  ( 0.000000000000000000, 0.000000000000000000, 1.000000000000000000 ) ) ;
#1395 = AXIS2_PLACEMENT_3D ( 'NONE', #862, #236, #1485 ) ;
#1396 = EDGE_CURVE ( 'NONE', #847, #1077, #1255, .T. ) ;
#1397 = EDGE_LOOP ( 'NONE', ( #503, #1061 ) ) ;
#1398 = DIRECTION ( 'NONE',  ( 0.000000000000000000, 0.000000000000000000, 1.000000000000000000 ) ) ;
#1399 = DIRECTION ( 'NONE',  ( -1.000000000000000000, -0.000000000000000000, -0.000000000000000000 ) ) ;
#1400 = CARTESIAN_POINT ( 'NONE',  ( 28.37963894624709837, 5.255370700675806361, -4.923522295895171117E-16 ) ) ;
#1401 = DIRECTION ( 'NONE',  ( 0.000000000000000000, 0.000000000000000000, 1.000000000000000000 ) ) ;
#1402 = EDGE_LOOP ( 'NONE', ( #1071, #1554, #1566, #1302, #429, #368 ) ) ;
#1403 = ORIENTED_EDGE ( 'NONE', *, *, #26, .F. ) ;
#1404 = CARTESIAN_POINT ( 'NONE',  ( 32.39999999999999858, 0.4999999999999998890, -3.956430435746357777 ) ) ;
#1405 = DIRECTION ( 'NONE',  ( 0.000000000000000000, 0.000000000000000000, 1.000000000000000000 ) ) ;
#1406 = DIRECTION ( 'NONE',  ( 0.000000000000000000, 0.000000000000000000, 1.000000000000000000 ) ) ;
#1407 = FACE_OUTER_BOUND ( 'NONE', #1168, .T. ) ;
#1408 = ORIENTED_EDGE ( 'NONE', *, *, #373, .F. ) ;
#1409 = ORIENTED_EDGE ( 'NONE', *, *, #948, .T. ) ;
#1410 = CARTESIAN_POINT ( 'NONE',  ( 0.000000000000000000, 0.000000000000000000, 0.000000000000000000 ) ) ;
#1411 = DIRECTION ( 'NONE',  ( 0.000000000000000000, 0.000000000000000000, 1.000000000000000000 ) ) ;
#1412 = VERTEX_POINT ( 'NONE', #774 ) ;
#1413 = FILL_AREA_STYLE ('',( #908 ) ) ;
#1414 = AXIS2_PLACEMENT_3D ( 'NONE', #61, #28, #1461 ) ;
#1415 = TOROIDAL_SURFACE ( 'NONE', #1172, 4.456430435746357333, 0.5000000000000000000 ) ;
#1416 = CIRCLE ( 'NONE', #620, 4.020361053752901093 ) ;
#1417 = AXIS2_PLACEMENT_3D ( 'NONE', #1631, #1619, #1591 ) ;
#1418 = CIRCLE ( 'NONE', #127, 9.999999999999998224 ) ;
#1419 = ORIENTED_EDGE ( 'NONE', *, *, #178, .T. ) ;
#1420 = DIRECTION ( 'NONE',  ( 0.000000000000000000, 0.000000000000000000, 1.000000000000000000 ) ) ;
#1421 = CARTESIAN_POINT ( 'NONE',  ( 26.48231037402525700, 0.000000000000000000, -5.380424243261598072 ) ) ;
#1422 = CARTESIAN_POINT ( 'NONE',  ( -22.50000000000000000, 10.00000000000000000, 3.499999999999999556 ) ) ;
#1423 = CARTESIAN_POINT ( 'NONE',  ( 0.000000000000000000, -3.000000000000000000, -6.123233995736766282E-16 ) ) ;
#1424 = EDGE_LOOP ( 'NONE', ( #1153, #1409, #894, #1219 ) ) ;
#1425 = EDGE_CURVE ( 'NONE', #728, #1598, #913, .T. ) ;
#1426 = VERTEX_POINT ( 'NONE', #910 ) ;
#1427 = CARTESIAN_POINT ( 'NONE',  ( 32.39999999999999858, 5.500000000000000000, -4.456430435746357333 ) ) ;
#1428 = EDGE_LOOP ( 'NONE', ( #860, #139, #1282, #1569, #577, #1321, #1276, #1207, #496, #748, #1408, #1232, #161, #1123, #921, #794, #1539, #1387, #895, #953 ) ) ;
#1429 = DIRECTION ( 'NONE',  ( 0.000000000000000000, 0.000000000000000000, 1.000000000000000000 ) ) ;
#1430 = EDGE_LOOP ( 'NONE', ( #656, #315, #947, #1319 ) ) ;
#1431 = ORIENTED_EDGE ( 'NONE', *, *, #120, .T. ) ;
#1432 = ADVANCED_FACE ( 'NONE', ( #629 ), #535, .T. ) ;
#1433 = ORIENTED_EDGE ( 'NONE', *, *, #1054, .F. ) ;
#1434 = CARTESIAN_POINT ( 'NONE',  ( 32.39999999999999858, 6.000000000000000000, 0.000000000000000000 ) ) ;
#1435 = DIRECTION ( 'NONE',  ( -0.000000000000000000, -1.000000000000000000, -0.000000000000000000 ) ) ;
#1436 = ORIENTED_EDGE ( 'NONE', *, *, #682, .T. ) ;
#1437 = VECTOR ( 'NONE', #534, 1000.000000000000000 ) ;
#1438 = ORIENTED_EDGE ( 'NONE', *, *, #81, .F. ) ;
#1439 = CIRCLE ( 'NONE', #168, 4.609772228646447090 ) ;
#1440 = CIRCLE ( 'NONE', #1546, 3.250000000000000000 ) ;
#1441 = EDGE_CURVE ( 'NONE', #1623, #784, #1466, .T. ) ;
#1442 = VECTOR ( 'NONE', #1516, 1000.000000000000000 ) ;
#1443 = CIRCLE ( 'NONE', #885, 1.750000000000000000 ) ;
#1444 = ORIENTED_EDGE ( 'NONE', *, *, #500, .T. ) ;
#1445 = VECTOR ( 'NONE', #517, 1000.000000000000000 ) ;
#1446 = DIRECTION ( 'NONE',  ( 0.000000000000000000, 0.000000000000000000, 1.000000000000000000 ) ) ;
#1447 = ORIENTED_EDGE ( 'NONE', *, *, #691, .T. ) ;
#1448 = DIRECTION ( 'NONE',  ( 0.000000000000000000, 0.000000000000000000, 1.000000000000000000 ) ) ;
#1449 = VERTEX_POINT ( 'NONE', #144 ) ;
#1450 = ORIENTED_EDGE ( 'NONE', *, *, #919, .T. ) ;
#1451 = DIRECTION ( 'NONE',  ( 0.000000000000000000, -1.000000000000000000, 0.000000000000000000 ) ) ;
#1452 = EDGE_CURVE ( 'NONE', #639, #702, #755, .T. ) ;
#1453 = CARTESIAN_POINT ( 'NONE',  ( -39.00000000000000711, 6.000000000000000000, -4.500000000000000000 ) ) ;
#1454 = PLANE ( 'NONE',  #448 ) ;
#1455 = ORIENTED_EDGE ( 'NONE', *, *, #384, .F. ) ;
#1456 = VERTEX_POINT ( 'NONE', #1538 ) ;
#1457 = CARTESIAN_POINT ( 'NONE',  ( -39.00000000000000711, 0.000000000000000000, -7.500000000000000000 ) ) ;
#1458 = ADVANCED_FACE ( 'NONE', ( #644 ), #43, .T. ) ;
#1459 = EDGE_CURVE ( 'NONE', #875, #668, #33, .T. ) ;
#1460 = CARTESIAN_POINT ( 'NONE',  ( -32.39999999999999858, 6.000000000000000000, -4.456430435746357333 ) ) ;
#1461 = DIRECTION ( 'NONE',  ( 0.000000000000000000, 0.000000000000000000, 1.000000000000000000 ) ) ;
#1462 = ORIENTED_EDGE ( 'NONE', *, *, #402, .F. ) ;
#1463 = AXIS2_PLACEMENT_3D ( 'NONE', #112, #1637, #1398 ) ;
#1464 = CLOSED_SHELL ( 'NONE', ( #1012, #1513, #1315, #537, #1563, #907 ) ) ;
#1465 = ORIENTED_EDGE ( 'NONE', *, *, #970, .T. ) ;
#1466 = CIRCLE ( 'NONE', #196, 3.000000000000000000 ) ;
#1467 = VECTOR ( 'NONE', #627, 1000.000000000000000 ) ;
#1468 = FACE_OUTER_BOUND ( 'NONE', #306, .T. ) ;
#1469 = AXIS2_PLACEMENT_3D ( 'NONE', #424, #943, #1191 ) ;
#1470 = DIRECTION ( 'NONE',  ( -0.000000000000000000, -1.000000000000000000, -0.000000000000000000 ) ) ;
#1471 = DIRECTION ( 'NONE',  ( -0.000000000000000000, 1.000000000000000000, -0.000000000000000000 ) ) ;
#1472 = EDGE_CURVE ( 'NONE', #668, #186, #1022, .T. ) ;
#1473 = DIRECTION ( 'NONE',  ( 0.000000000000000000, 0.000000000000000000, 1.000000000000000000 ) ) ;
#1474 = ORIENTED_EDGE ( 'NONE', *, *, #1039, .F. ) ;
#1475 = ORIENTED_EDGE ( 'NONE', *, *, #1530, .F. ) ;
#1476 = DIRECTION ( 'NONE',  ( -1.000000000000000000, 0.000000000000000000, 0.000000000000000000 ) ) ;
#1477 = PLANE ( 'NONE',  #756 ) ;
#1478 = DIRECTION ( 'NONE',  ( 0.000000000000000000, 0.000000000000000000, 1.000000000000000000 ) ) ;
#1479 = DIRECTION ( 'NONE',  ( 0.000000000000000000, -1.334402673828313339E-16, 1.000000000000000000 ) ) ;
#1480 = CARTESIAN_POINT ( 'NONE',  ( -32.39999999999999858, 0.5000000000000000000, 4.456430435746357333 ) ) ;
#1481 = VERTEX_POINT ( 'NONE', #246 ) ;
#1482 = ADVANCED_FACE ( 'NONE', ( #661 ), #1415, .T. ) ;
#1483 = ORIENTED_EDGE ( 'NONE', *, *, #643, .F. ) ;
#1484 = CARTESIAN_POINT ( 'NONE',  ( 32.39999999999999858, 0.5000000000000000000, 4.456430435746357333 ) ) ;
#1485 = DIRECTION ( 'NONE',  ( 0.000000000000000000, 0.000000000000000000, -1.000000000000000000 ) ) ;
#1486 = DIRECTION ( 'NONE',  ( 0.000000000000000000, 1.000000000000000000, 0.000000000000000000 ) ) ;
#1487 = CARTESIAN_POINT ( 'NONE',  ( 38.99999999999999289, 6.000000000000000000, 4.500000000000000888 ) ) ;
#1488 = ORIENTED_EDGE ( 'NONE', *, *, #1573, .T. ) ;
#1489 = VERTEX_POINT ( 'NONE', #130 ) ;
#1490 = PRODUCT_DEFINITION ( 'UNKNOWN', '', #888, #1560 ) ;
#1491 = SHAPE_REPRESENTATION ( 'Steering-Arm', ( #1469 ), #1550 ) ;
#1492 = AXIS2_PLACEMENT_3D ( 'NONE', #1320, #831, #1031 ) ;
#1493 = FACE_OUTER_BOUND ( 'NONE', #906, .T. ) ;
#1494 = DIRECTION ( 'NONE',  ( 0.000000000000000000, 0.000000000000000000, -1.000000000000000000 ) ) ;
#1495 = CIRCLE ( 'NONE', #965, 0.4999999999999995559 ) ;
#1496 = EDGE_CURVE ( 'NONE', #728, #350, #699, .T. ) ;
#1497 = AXIS2_PLACEMENT_3D ( 'NONE', #605, #1604, #456 ) ;
#1498 = PRESENTATION_LAYER_ASSIGNMENT (  '', '', ( #1256 ) ) ;
#1499 = CARTESIAN_POINT ( 'NONE',  ( -32.39999999999999858, 5.500000000000000000, 4.456430435746357333 ) ) ;
#1500 = VECTOR ( 'NONE', #1577, 1000.000000000000000 ) ;
#1501 = LINE ( 'NONE', #745, #324 ) ;
#1502 = ORIENTED_EDGE ( 'NONE', *, *, #1337, .F. ) ;
#1503 = PRODUCT ( 'Steering-Arm', 'Steering-Arm', '', ( #95 ) ) ;
#1504 = ORIENTED_EDGE ( 'NONE', *, *, #484, .F. ) ;
#1505 = CARTESIAN_POINT ( 'NONE',  ( 32.63851973906596271, 10.00000000000000000, -2.500000000000000444 ) ) ;
#1506 = DIRECTION ( 'NONE',  ( 0.000000000000000000, 0.000000000000000000, -1.000000000000000000 ) ) ;
#1507 = ADVANCED_FACE ( 'NONE', ( #1407 ), #1118, .T. ) ;
#1508 = LINE ( 'NONE', #724, #559 ) ;
#1509 = DIRECTION ( 'NONE',  ( 0.000000000000000000, 0.000000000000000000, 1.000000000000000000 ) ) ;
#1510 = ORIENTED_EDGE ( 'NONE', *, *, #1496, .F. ) ;
#1511 = DIRECTION ( 'NONE',  ( 0.000000000000000000, 1.000000000000000000, 0.000000000000000000 ) ) ;
#1512 = CARTESIAN_POINT ( 'NONE',  ( -36.00000000000000711, 6.000000000000000000, 4.500000000000000000 ) ) ;
#1513 = ADVANCED_FACE ( 'NONE', ( #1158 ), #1279, .T. ) ;
#1514 = CARTESIAN_POINT ( 'NONE',  ( 32.39999999999999858, 5.500000000000000000, 0.000000000000000000 ) ) ;
#1515 = EDGE_CURVE ( 'NONE', #46, #1183, #16, .T. ) ;
#1516 = DIRECTION ( 'NONE',  ( 1.000000000000000000, 0.000000000000000000, 0.000000000000000000 ) ) ;
#1517 = EDGE_LOOP ( 'NONE', ( #982, #1585, #155, #1346 ) ) ;
#1518 = DIRECTION ( 'NONE',  ( 0.000000000000000000, 0.000000000000000000, -1.000000000000000000 ) ) ;
#1519 = CARTESIAN_POINT ( 'NONE',  ( -32.39999999999999858, 3.000000000000000000, 0.000000000000000000 ) ) ;
#1520 = CIRCLE ( 'NONE', #1308, 10.00000000000000000 ) ;
#1521 = AXIS2_PLACEMENT_3D ( 'NONE', #749, #878, #869 ) ;
#1522 = AXIS2_PLACEMENT_3D ( 'NONE', #319, #1486, #1353 ) ;
#1523 = DIRECTION ( 'NONE',  ( 0.000000000000000000, 0.000000000000000000, -1.000000000000000000 ) ) ;
#1524 = AXIS2_PLACEMENT_3D ( 'NONE', #460, #1368, #1634 ) ;
#1525 = CIRCLE ( 'NONE', #536, 4.020361053752901093 ) ;
#1526 = DIRECTION ( 'NONE',  ( 0.000000000000000000, -1.224646799147353207E-16, 1.000000000000000000 ) ) ;
#1527 = EDGE_CURVE ( 'NONE', #1623, #1608, #389, .T. ) ;
#1528 = AXIS2_PLACEMENT_3D ( 'NONE', #594, #1451, #1589 ) ;
#1529 = ORIENTED_EDGE ( 'NONE', *, *, #833, .F. ) ;
#1530 = EDGE_CURVE ( 'NONE', #526, #181, #502, .T. ) ;
#1531 = DIRECTION ( 'NONE',  ( 0.000000000000000000, -1.000000000000000000, 0.000000000000000000 ) ) ;
#1532 = CARTESIAN_POINT ( 'NONE',  ( -32.39999999999999858, 0.000000000000000000, -4.456430435746357333 ) ) ;
#1533 = CARTESIAN_POINT ( 'NONE',  ( 0.000000000000000000, 0.000000000000000000, -2.449293598294706414E-16 ) ) ;
#1534 = VERTEX_POINT ( 'NONE', #153 ) ;
#1535 = CARTESIAN_POINT ( 'NONE',  ( 32.39999999999999858, 5.500000000000000000, 3.956430435746357777 ) ) ;
#1536 = DIRECTION ( 'NONE',  ( -0.000000000000000000, 1.000000000000000000, 1.224646799147353454E-16 ) ) ;
#1537 = ORIENTED_EDGE ( 'NONE', *, *, #1249, .F. ) ;
#1538 = CARTESIAN_POINT ( 'NONE',  ( 0.000000000000000000, -3.000000000000000000, 1.749999999999999334 ) ) ;
#1539 = ORIENTED_EDGE ( 'NONE', *, *, #192, .T. ) ;
#1540 = CARTESIAN_POINT ( 'NONE',  ( 0.000000000000000000, -7.000000000000000888, 1.749999999999998890 ) ) ;
#1541 = ORIENTED_EDGE ( 'NONE', *, *, #500, .F. ) ;
#1542 = DIRECTION ( 'NONE',  ( 0.000000000000000000, 1.000000000000000000, 0.000000000000000000 ) ) ;
#1543 = ADVANCED_FACE ( 'NONE', ( #24 ), #1557, .F. ) ;
#1544 = CIRCLE ( 'NONE', #912, 4.422951503238532922 ) ;
#1545 = CARTESIAN_POINT ( 'NONE',  ( -32.39999999999999858, 0.5000000000000000000, 0.000000000000000000 ) ) ;
#1546 = AXIS2_PLACEMENT_3D ( 'NONE', #844, #82, #615 ) ;
#1547 = ORIENTED_EDGE ( 'NONE', *, *, #1452, .T. ) ;
#1548 = AXIS2_PLACEMENT_3D ( 'NONE', #160, #263, #893 ) ;
#1549 = AXIS2_PLACEMENT_3D ( 'NONE', #1265, #1254, #1406 ) ;
#1550 =( GEOMETRIC_REPRESENTATION_CONTEXT ( 3 ) GLOBAL_UNCERTAINTY_ASSIGNED_CONTEXT ( ( #768 ) ) GLOBAL_UNIT_ASSIGNED_CONTEXT ( ( #300, #291, #550 ) ) REPRESENTATION_CONTEXT ( 'NONE', 'WORKASPACE' ) );
#1551 = ORIENTED_EDGE ( 'NONE', *, *, #119, .T. ) ;
#1552 = DIRECTION ( 'NONE',  ( 0.000000000000000000, 1.000000000000000000, 0.000000000000000000 ) ) ;
#1553 = LINE ( 'NONE', #1293, #375 ) ;
#1554 = ORIENTED_EDGE ( 'NONE', *, *, #286, .T. ) ;
#1555 = DIRECTION ( 'NONE',  ( 0.000000000000000000, 1.000000000000000000, 0.000000000000000000 ) ) ;
#1556 = ADVANCED_FACE ( 'NONE', ( #1186 ), #545, .T. ) ;
#1557 = PLANE ( 'NONE',  #675 ) ;
#1558 = ORIENTED_EDGE ( 'NONE', *, *, #488, .F. ) ;
#1559 = ORIENTED_EDGE ( 'NONE', *, *, #249, .T. ) ;
#1560 = PRODUCT_DEFINITION_CONTEXT ( 'detailed design', #635, 'design' ) ;
#1561 = DIRECTION ( 'NONE',  ( -0.000000000000000000, -1.000000000000000000, -0.000000000000000000 ) ) ;
#1562 = CARTESIAN_POINT ( 'NONE',  ( -22.50000000000000000, 10.00000000000000000, -3.500000000000006217 ) ) ;
#1563 = ADVANCED_FACE ( 'NONE', ( #190, #41 ), #285, .T. ) ;
#1564 = CYLINDRICAL_SURFACE ( 'NONE', #754, 10.00000000000000178 ) ;
#1565 = VERTEX_POINT ( 'NONE', #1583 ) ;
#1566 = ORIENTED_EDGE ( 'NONE', *, *, #815, .T. ) ;
#1567 = DIRECTION ( 'NONE',  ( 0.000000000000000000, 0.000000000000000000, 1.000000000000000000 ) ) ;
#1568 =( GEOMETRIC_REPRESENTATION_CONTEXT ( 3 ) GLOBAL_UNCERTAINTY_ASSIGNED_CONTEXT ( ( #466 ) ) GLOBAL_UNIT_ASSIGNED_CONTEXT ( ( #555, #800, #421 ) ) REPRESENTATION_CONTEXT ( 'NONE', 'WORKASPACE' ) );
#1569 = ORIENTED_EDGE ( 'NONE', *, *, #295, .T. ) ;
#1570 = CIRCLE ( 'NONE', #1114, 1.750000000000000000 ) ;
#1571 = TOROIDAL_SURFACE ( 'NONE', #349, 4.456430435746357333, 0.5000000000000000000 ) ;
#1572 = AXIS2_PLACEMENT_3D ( 'NONE', #628, #494, #129 ) ;
#1573 = EDGE_CURVE ( 'NONE', #1052, #317, #302, .T. ) ;
#1574 = ORIENTED_EDGE ( 'NONE', *, *, #230, .F. ) ;
#1575 = AXIS2_PLACEMENT_3D ( 'NONE', #923, #3, #377 ) ;
#1576 = DIRECTION ( 'NONE',  ( -0.000000000000000000, -0.000000000000000000, -1.000000000000000000 ) ) ;
#1577 = DIRECTION ( 'NONE',  ( -0.000000000000000000, -1.000000000000000000, -0.000000000000000000 ) ) ;
#1578 = DIRECTION ( 'NONE',  ( 0.000000000000000000, 0.000000000000000000, -1.000000000000000000 ) ) ;
#1579 = CARTESIAN_POINT ( 'NONE',  ( -39.00000000000000711, 6.000000000000000000, 7.500000000000000000 ) ) ;
#1580 = VERTEX_POINT ( 'NONE', #1295 ) ;
#1581 = ORIENTED_EDGE ( 'NONE', *, *, #1349, .F. ) ;
#1582 = DIRECTION ( 'NONE',  ( 0.000000000000000000, 1.000000000000000000, 0.000000000000000000 ) ) ;
#1583 = CARTESIAN_POINT ( 'NONE',  ( -36.00000000000000711, 0.000000000000000000, -7.500000000000000000 ) ) ;
#1584 = PRODUCT_DEFINITION_CONTEXT ( 'detailed design', #271, 'design' ) ;
#1585 = ORIENTED_EDGE ( 'NONE', *, *, #1124, .T. ) ;
#1586 = CARTESIAN_POINT ( 'NONE',  ( 32.63851973906596271, 0.000000000000000000, 2.499999999999998668 ) ) ;
#1587 = VERTEX_POINT ( 'NONE', #1167 ) ;
#1588 = ORIENTED_EDGE ( 'NONE', *, *, #341, .F. ) ;
#1589 = DIRECTION ( 'NONE',  ( 0.000000000000000000, 0.000000000000000000, -1.000000000000000000 ) ) ;
#1590 = EDGE_CURVE ( 'NONE', #936, #1078, #729, .T. ) ;
#1591 = DIRECTION ( 'NONE',  ( 1.000000000000000000, 0.000000000000000000, 0.000000000000000000 ) ) ;
#1592 = EDGE_CURVE ( 'NONE', #1151, #1598, #224, .T. ) ;
#1593 = LINE ( 'NONE', #216, #914 ) ;
#1594 = FILL_AREA_STYLE_COLOUR ( '', #827 ) ;
#1595 = DIRECTION ( 'NONE',  ( 0.000000000000000000, -1.000000000000000000, 0.000000000000000000 ) ) ;
#1596 = EDGE_LOOP ( 'NONE', ( #669, #877, #1028, #1019, #391 ) ) ;
#1597 = AXIS2_PLACEMENT_3D ( 'NONE', #1100, #345, #1611 ) ;
#1598 = VERTEX_POINT ( 'NONE', #934 ) ;
#1599 = AXIS2_PLACEMENT_3D ( 'NONE', #512, #762, #642 ) ;
#1600 = DIRECTION ( 'NONE',  ( 0.000000000000000000, 0.000000000000000000, 1.000000000000000000 ) ) ;
#1601 = DIRECTION ( 'NONE',  ( -0.000000000000000000, 1.000000000000000000, -0.000000000000000000 ) ) ;
#1602 = AXIS2_PLACEMENT_3D ( 'NONE', #1243, #344, #475 ) ;
#1603 = TOROIDAL_SURFACE ( 'NONE', #830, 4.456430435746357333, 0.5000000000000000000 ) ;
#1604 = DIRECTION ( 'NONE',  ( 0.000000000000000000, 0.000000000000000000, 1.000000000000000000 ) ) ;
#1605 = DIRECTION ( 'NONE',  ( 1.000000000000000000, 0.000000000000000000, 0.000000000000000000 ) ) ;
#1606 = CARTESIAN_POINT ( 'NONE',  ( -39.00000000000000711, 0.000000000000000000, -4.500000000000000000 ) ) ;
#1607 = EDGE_LOOP ( 'NONE', ( #110, #1033, #1241, #158 ) ) ;
#1608 = VERTEX_POINT ( 'NONE', #685 ) ;
#1609 = PLANE ( 'NONE',  #1062 ) ;
#1610 = CARTESIAN_POINT ( 'NONE',  ( 32.39999999999999858, 0.000000000000000000, 4.456430435746357333 ) ) ;
#1611 = DIRECTION ( 'NONE',  ( 1.725937996894570912E-15, 0.000000000000000000, -1.000000000000000000 ) ) ;
#1612 = CARTESIAN_POINT ( 'NONE',  ( -39.00000000000000711, 6.000000000000000000, 7.500000000000000000 ) ) ;
#1613 = EDGE_CURVE ( 'NONE', #8, #922, #303, .T. ) ;
#1614 = DIRECTION ( 'NONE',  ( 0.000000000000000000, 0.000000000000000000, -1.000000000000000000 ) ) ;
#1615 = EDGE_CURVE ( 'NONE', #138, #181, #667, .T. ) ;
#1616 = ORIENTED_EDGE ( 'NONE', *, *, #1179, .T. ) ;
#1617 = DIRECTION ( 'NONE',  ( 1.000000000000000000, 0.000000000000000000, 1.224646799147352961E-16 ) ) ;
#1618 = CARTESIAN_POINT ( 'NONE',  ( -39.00000000000000711, 6.000000000000000000, 7.500000000000000000 ) ) ;
#1619 = DIRECTION ( 'NONE',  ( 0.000000000000000000, 0.000000000000000000, 1.000000000000000000 ) ) ;
#1620 = CARTESIAN_POINT ( 'NONE',  ( 32.39999999999999858, 5.500000000000000000, 0.000000000000000000 ) ) ;
#1621 = CARTESIAN_POINT ( 'NONE',  ( -22.50000000000000000, 10.00000000000000000, 3.499999999999999556 ) ) ;
#1622 = DIRECTION ( 'NONE',  ( -1.000000000000000000, -0.000000000000000000, -0.000000000000000000 ) ) ;
#1623 = VERTEX_POINT ( 'NONE', #69 ) ;
#1624 = AXIS2_PLACEMENT_3D ( 'NONE', #812, #282, #524 ) ;
#1625 = EDGE_CURVE ( 'NONE', #31, #932, #677, .T. ) ;
#1626 = CARTESIAN_POINT ( 'NONE',  ( 38.99999999999999289, 6.000000000000000000, 4.500000000000000888 ) ) ;
#1627 = DIRECTION ( 'NONE',  ( 0.000000000000000000, 0.000000000000000000, 1.000000000000000000 ) ) ;
#1628 = AXIS2_PLACEMENT_3D ( 'NONE', #692, #704, #1070 ) ;
#1629 = AXIS2_PLACEMENT_3D ( 'NONE', #1244, #1210, #828 ) ;
#1630 = AXIS2_PLACEMENT_3D ( 'NONE', #215, #985, #581 ) ;
#1631 = CARTESIAN_POINT ( 'NONE',  ( 0.000000000000000000, 0.000000000000000000, 0.000000000000000000 ) ) ;
#1632 = AXIS2_PLACEMENT_3D ( 'NONE', #1026, #1011, #136 ) ;
#1633 =( LENGTH_UNIT ( ) NAMED_UNIT ( * ) SI_UNIT ( .MILLI., .METRE. ) );
#1634 = DIRECTION ( 'NONE',  ( 0.000000000000000000, 0.000000000000000000, 1.000000000000000000 ) ) ;
#1635 = ORIENTED_EDGE ( 'NONE', *, *, #1590, .F. ) ;
#1636 = ORIENTED_EDGE ( 'NONE', *, *, #132, .F. ) ;
#1637 = DIRECTION ( 'NONE',  ( 0.000000000000000000, 1.000000000000000000, 0.000000000000000000 ) ) ;
#1638 = VERTEX_POINT ( 'NONE', #567 ) ;
#1639 = NEXT_ASSEMBLY_USAGE_OCCURRENCE ( 'NAUO1', ' ', ' ', #736, #1490, $ ) ;
#1640 = NEXT_ASSEMBLY_USAGE_OCCURRENCE ( 'NAUO2', ' ', ' ', #736, #430, $ ) ;
#1641 = NEXT_ASSEMBLY_USAGE_OCCURRENCE ( 'NAUO3', ' ', ' ', #736, #430, $ ) ;
ENDSEC;
END-ISO-10303-21;
