ISO-10303-21;
HEADER;
FILE_DESCRIPTION (( 'STEP AP214' ),
    '1' );
FILE_NAME ('Steering Posts.STEP',
    '2026-06-17T03:07:12',
    ( '' ),
    ( '' ),
    'SwSTEP 2.0',
    'SolidWorks 2026',
    '' );
FILE_SCHEMA (( 'AUTOMOTIVE_DESIGN' ));
ENDSEC;

DATA;
#1 = CIRCLE ( 'NONE', #4076, 35.00000000000000000 ) ;
#2 = CARTESIAN_POINT ( 'NONE',  ( 23.11211089622319648, 24.74557621839191057, -29.81404194409926234 ) ) ;
#3 = EDGE_CURVE ( 'NONE', #721, #4231, #136, .T. ) ;
#4 = ORIENTED_EDGE ( 'NONE', *, *, #563, .T. ) ;
#5 = AXIS2_PLACEMENT_3D ( 'NONE', #2473, #2564, #3591 ) ;
#6 = VECTOR ( 'NONE', #238, 1000.000000000000000 ) ;
#7 = CARTESIAN_POINT ( 'NONE',  ( 13.13001153514424857, -6.099999999999997868, -29.49672888746014721 ) ) ;
#8 = DIRECTION ( 'NONE',  ( -0.000000000000000000, 1.000000000000000000, -0.000000000000000000 ) ) ;
#9 = CARTESIAN_POINT ( 'NONE',  ( 22.36653467783131077, 29.00000000000000000, 34.61655931422208710 ) ) ;
#10 = VECTOR ( 'NONE', #2765, 1000.000000000000000 ) ;
#11 = VECTOR ( 'NONE', #3121, 1000.000000000000000 ) ;
#12 = DIRECTION ( 'NONE',  ( -0.000000000000000000, -1.000000000000000000, -0.000000000000000000 ) ) ;
#13 = EDGE_LOOP ( 'NONE', ( #2399, #3995, #2316, #413, #3190, #4136 ) ) ;
#14 = ORIENTED_EDGE ( 'NONE', *, *, #2378, .T. ) ;
#16 = VECTOR ( 'NONE', #2389, 1000.000000000000000 ) ;
#15 =( BOUNDED_CURVE ( )  B_SPLINE_CURVE ( 3, ( #4216, #1653, #3104, #4197 ),
 .UNSPECIFIED., .F., .T. ) 
 B_SPLINE_CURVE_WITH_KNOTS ( ( 4, 4 ),
 ( 0.000000000000000000, 1.465202872376869747 ),
 .UNSPECIFIED. ) 
 CURVE ( )  GEOMETRIC_REPRESENTATION_ITEM ( )  RATIONAL_B_SPLINE_CURVE ( ( 1.000000000000000000, 0.8289580426858336182, 0.8289580426858336182, 1.000000000000000000 ) ) 
 REPRESENTATION_ITEM ( '' )  );
#17 = CARTESIAN_POINT ( 'NONE',  ( -21.63346532216869988, 24.99999999999998579, -29.90314746698006587 ) ) ;
#18 = CARTESIAN_POINT ( 'NONE',  ( 3.366534677831306777, 28.00000000000000000, 23.00000000000000000 ) ) ;
#19 = CIRCLE ( 'NONE', #2265, 1.000000000000000888 ) ;
#20 = CARTESIAN_POINT ( 'NONE',  ( -18.63346532216869988, 22.00000000000002132, 33.46118902091272673 ) ) ;
#21 = AXIS2_PLACEMENT_3D ( 'NONE', #3157, #4607, #1371 ) ;
#22 = CARTESIAN_POINT ( 'NONE',  ( 4.346253354863844010, 10.52104280253877633, 23.23279102853438616 ) ) ;
#23 = ORIENTED_EDGE ( 'NONE', *, *, #4340, .F. ) ;
#24 = ADVANCED_FACE ( 'NONE', ( #602 ), #2953, .F. ) ;
#25 = ADVANCED_FACE ( 'NONE', ( #2026 ), #461, .T. ) ;
#26 = CARTESIAN_POINT ( 'NONE',  ( 20.00680490559896541, 21.64027022776764397, 33.86106056170810774 ) ) ;
#27 = DIRECTION ( 'NONE',  ( -1.216773423528406629E-15, 0.000000000000000000, -1.000000000000000000 ) ) ;
#28 = ORIENTED_EDGE ( 'NONE', *, *, #1009, .F. ) ;
#29 = EDGE_CURVE ( 'NONE', #2914, #1078, #4411, .T. ) ;
#30 = DIRECTION ( 'NONE',  ( -0.000000000000000000, 1.000000000000000000, 0.000000000000000000 ) ) ;
#31 = ORIENTED_EDGE ( 'NONE', *, *, #1136, .F. ) ;
#32 = ADVANCED_FACE ( 'NONE', ( #1318 ), #3473, .F. ) ;
#33 = ORIENTED_EDGE ( 'NONE', *, *, #1459, .F. ) ;
#34 = FACE_BOUND ( 'NONE', #1720, .T. ) ;
#35 = DIRECTION ( 'NONE',  ( 0.000000000000000000, 1.000000000000000000, -0.000000000000000000 ) ) ;
#36 = ADVANCED_FACE ( 'NONE', ( #3068 ), #86, .F. ) ;
#37 = LINE ( 'NONE', #3979, #920 ) ;
#38 = ORIENTED_EDGE ( 'NONE', *, *, #4573, .F. ) ;
#39 = VERTEX_POINT ( 'NONE', #255 ) ;
#40 = CARTESIAN_POINT ( 'NONE',  ( -11.50233951582502456, 13.76347685731294668, 34.57874503364430296 ) ) ;
#41 = DIRECTION ( 'NONE',  ( 0.000000000000000000, 0.000000000000000000, -1.000000000000000000 ) ) ;
#42 = CARTESIAN_POINT ( 'NONE',  ( -15.63346532216869988, 7.686291501015265482, -42.55315238120665811 ) ) ;
#43 =( BOUNDED_SURFACE ( )  B_SPLINE_SURFACE ( 3, 2, ( 
 ( #594, #2619, #4153 ),
 ( #2655, #3059, #2348 ),
 ( #4516, #1233, #1277 ),
 ( #1918, #933, #3370 ),
 ( #4083, #3798, #858 ),
 ( #571, #1638, #958 ),
 ( #218, #4536, #883 ),
 ( #2729, #4182, #2368 ),
 ( #2018, #239, #2272 ),
 ( #3723, #2294, #144 ),
 ( #1570, #3004, #4464 ),
 ( #3746, #518, #3392 ),
 ( #169, #3038, #3156 ),
 ( #4635, #3843, #3181 ) ),
 .UNSPECIFIED., .F., .F., .T. ) 
 B_SPLINE_SURFACE_WITH_KNOTS ( ( 4, 2, 2, 2, 2, 2, 4 ),
 ( 3, 3 ),
 ( 0.001824260131667226892, 0.002290957938311469905, 0.002757655744955712918, 0.003224353551599955930, 0.003691051358244198943, 0.004624446971532684969, 0.005557842584821170995 ),
 ( 0.000000000000000000, 1.000000000000000000 ),
 .UNSPECIFIED. ) 
 GEOMETRIC_REPRESENTATION_ITEM ( )  RATIONAL_B_SPLINE_SURFACE ( (
 ( 1.000000000000000000, 0.9258200997725515302, 1.000000000000000000),
 ( 1.000000000000000000, 0.9258089142920186143, 1.000000000000000000),
 ( 1.000000000000000000, 0.9238945899734816170, 1.000000000000000000),
 ( 1.000000000000000000, 0.9165527975204956768, 1.000000000000000000),
 ( 1.000000000000000000, 0.9111958883655130181, 1.000000000000000000),
 ( 1.000000000000000000, 0.8979881101641443708, 1.000000000000000000),
 ( 1.000000000000000000, 0.8900968603360336351, 1.000000000000000000),
 ( 1.000000000000000000, 0.8727759482492442045, 1.000000000000000000),
 ( 1.000000000000000000, 0.8632135169357282312, 1.000000000000000000),
 ( 1.000000000000000000, 0.8323899378055316101, 1.000000000000000000),
 ( 1.000000000000000000, 0.8098019146833502768, 1.000000000000000000),
 ( 1.000000000000000000, 0.7604550762681693277, 1.000000000000000000),
 ( 1.000000000000000000, 0.7343114201610052572, 1.000000000000000000),
 ( 1.000000000000000000, 0.7071067811865475727, 1.000000000000000000) ) ) 
 REPRESENTATION_ITEM ( '' )  SURFACE ( )  );
#44 = DIRECTION ( 'NONE',  ( -7.884785137984479828E-17, 0.000000000000000000, -1.000000000000000000 ) ) ;
#45 = CARTESIAN_POINT ( 'NONE',  ( 4.440676942860376286, 10.04354461013847910, 22.49795724556440035 ) ) ;
#46 = VERTEX_POINT ( 'NONE', #1180 ) ;
#47 = CARTESIAN_POINT ( 'NONE',  ( 20.36653467783130367, 21.99999999999998579, 32.92332030257301767 ) ) ;
#48 = APPLICATION_PROTOCOL_DEFINITION ( 'draft international standard', 'automotive_design', 1998, #3818 ) ;
#49 = ADVANCED_FACE ( 'NONE', ( #1336 ), #1678, .F. ) ;
#50 = ORIENTED_EDGE ( 'NONE', *, *, #3, .T. ) ;
#51 = EDGE_CURVE ( 'NONE', #3972, #3825, #1287, .T. ) ;
#52 = CARTESIAN_POINT ( 'NONE',  ( 11.70968042833892930, 13.34314575050763985, 24.98221043929624940 ) ) ;
#53 = ORIENTED_EDGE ( 'NONE', *, *, #4632, .T. ) ;
#54 = ORIENTED_EDGE ( 'NONE', *, *, #2572, .F. ) ;
#55 = CARTESIAN_POINT ( 'NONE',  ( -18.63346532216870344, 22.00000000000002487, 32.92332030257301767 ) ) ;
#56 = DIRECTION ( 'NONE',  ( -1.000000000000000000, 0.000000000000000000, 1.264902534566421675E-16 ) ) ;
#57 = CARTESIAN_POINT ( 'NONE',  ( -1.633465322168694556, 29.00000000000000000, 25.00000000000000000 ) ) ;
#58 = VERTEX_POINT ( 'NONE', #2238 ) ;
#59 = ADVANCED_FACE ( 'NONE', ( #2006, #2740 ), #802, .T. ) ;
#60 = EDGE_LOOP ( 'NONE', ( #282, #808, #1194, #1978 ) ) ;
#61 = CARTESIAN_POINT ( 'NONE',  ( 3.366534677831306777, 9.045614421553072049, 24.00000000000000000 ) ) ;
#62 = DIRECTION ( 'NONE',  ( -0.000000000000000000, -1.000000000000000000, -0.000000000000000000 ) ) ;
#63 = ADVANCED_FACE ( 'NONE', ( #1200 ), #2375, .T. ) ;
#64 =( LENGTH_UNIT ( ) NAMED_UNIT ( * ) SI_UNIT ( .MILLI., .METRE. ) );
#65 = DIRECTION ( 'NONE',  ( 0.000000000000000000, -1.000000000000000000, 0.000000000000000000 ) ) ;
#66 = FACE_OUTER_BOUND ( 'NONE', #2769, .T. ) ;
#67 = CARTESIAN_POINT ( 'NONE',  ( -11.85074984264931430, 15.21728452048062685, -26.47699770815205156 ) ) ;
#68 =( BOUNDED_CURVE ( )  B_SPLINE_CURVE ( 3, ( #1843, #441, #3602, #1824 ),
 .UNSPECIFIED., .F., .T. ) 
 B_SPLINE_CURVE_WITH_KNOTS ( ( 4, 4 ),
 ( 4.375513890790035276, 4.712388980384689674 ),
 .UNSPECIFIED. ) 
 CURVE ( )  GEOMETRIC_REPRESENTATION_ITEM ( )  RATIONAL_B_SPLINE_CURVE ( ( 1.000000000000000000, 0.9905652690708883767, 0.9905652690708883767, 1.000000000000000000 ) ) 
 REPRESENTATION_ITEM ( '' )  );
#69 = CARTESIAN_POINT ( 'NONE',  ( 23.36653467783131433, 11.00000000000000355, -30.61247794325459282 ) ) ;
#70 = APPLICATION_PROTOCOL_DEFINITION ( 'draft international standard', 'automotive_design', 1998, #3330 ) ;
#71 = ORIENTED_EDGE ( 'NONE', *, *, #2072, .T. ) ;
#72 = CARTESIAN_POINT ( 'NONE',  ( 9.366534677831294786, 9.836380317532734452, -42.04681790041069434 ) ) ;
#73 = VECTOR ( 'NONE', #3614, 1000.000000000000000 ) ;
#74 = ORIENTED_EDGE ( 'NONE', *, *, #908, .F. ) ;
#75 = EDGE_LOOP ( 'NONE', ( #716, #3429 ) ) ;
#76 = EDGE_CURVE ( 'NONE', #3056, #559, #3830, .T. ) ;
#77 = VECTOR ( 'NONE', #1924, 1000.000000000000000 ) ;
#78 = CARTESIAN_POINT ( 'NONE',  ( 22.69707412264256874, 11.00000000000000355, -29.66868576516459299 ) ) ;
#79 = DIRECTION ( 'NONE',  ( -0.000000000000000000, -1.000000000000000000, -0.000000000000000000 ) ) ;
#80 = LINE ( 'NONE', #3426, #1974 ) ;
#81 = CARTESIAN_POINT ( 'NONE',  ( 0.000000000000000000, 0.000000000000000000, 0.000000000000000000 ) ) ;
#82 = VECTOR ( 'NONE', #394, 1000.000000000000000 ) ;
#83 = VECTOR ( 'NONE', #790, 1000.000000000000114 ) ;
#84 = VERTEX_POINT ( 'NONE', #2973 ) ;
#85 = EDGE_CURVE ( 'NONE', #3418, #4334, #227, .T. ) ;
#86 = CYLINDRICAL_SURFACE ( 'NONE', #2720, 1.000000000000000888 ) ;
#87 = CARTESIAN_POINT ( 'NONE',  ( 20.36653467783130012, -6.099999999999997868, -30.97158360045909475 ) ) ;
#88 = CIRCLE ( 'NONE', #2719, 1.000000000000000888 ) ;
#89 = CIRCLE ( 'NONE', #695, 1.000000000000000000 ) ;
#90 = CARTESIAN_POINT ( 'NONE',  ( 16.52335598708429742, 29.00000000000000000, 36.24146520212402578 ) ) ;
#91 = CYLINDRICAL_SURFACE ( 'NONE', #3336, 3.000000000000002665 ) ;
#92 = AXIS2_PLACEMENT_3D ( 'NONE', #2901, #4360, #1130 ) ;
#93 = CIRCLE ( 'NONE', #1970, 1.000000000000000888 ) ;
#94 = EDGE_CURVE ( 'NONE', #1873, #3678, #2611, .T. ) ;
#95 = ORIENTED_EDGE ( 'NONE', *, *, #888, .T. ) ;
#96 = CARTESIAN_POINT ( 'NONE',  ( -7.633465322168695444, 7.686291501015237948, 42.55315238120643784 ) ) ;
#97 = DIRECTION ( 'NONE',  ( 0.000000000000000000, -1.000000000000000000, 0.000000000000000000 ) ) ;
#98 = LINE ( 'NONE', #1531, #1075 ) ;
#99 = VECTOR ( 'NONE', #2460, 1000.000000000000000 ) ;
#100 = ADVANCED_FACE ( 'NONE', ( #4553 ), #4192, .T. ) ;
#101 = CARTESIAN_POINT ( 'NONE',  ( -3.303623789849992498, 9.180680528646401939, -23.43995922665471099 ) ) ;
#102 = EDGE_CURVE ( 'NONE', #3498, #3056, #968, .T. ) ;
#103 = VERTEX_POINT ( 'NONE', #3852 ) ;
#104 = ADVANCED_FACE ( 'NONE', ( #2847 ), #4662, .F. ) ;
#105 = DIRECTION ( 'NONE',  ( 0.000000000000000000, -1.000000000000000000, 0.000000000000000000 ) ) ;
#106 = CARTESIAN_POINT ( 'NONE',  ( 20.36653467783130367, 29.00000000000000000, 33.82293364218904230 ) ) ;
#107 = ORIENTED_EDGE ( 'NONE', *, *, #371, .T. ) ;
#108 =( BOUNDED_CURVE ( )  B_SPLINE_CURVE ( 3, ( #185, #2008, #2304, #3754 ),
 .UNSPECIFIED., .F., .T. ) 
 B_SPLINE_CURVE_WITH_KNOTS ( ( 4, 4 ),
 ( 4.817982434802715375, 5.475835996638055647 ),
 .UNSPECIFIED. ) 
 CURVE ( )  GEOMETRIC_REPRESENTATION_ITEM ( )  RATIONAL_B_SPLINE_CURVE ( ( 1.000000000000000000, 0.9642597118652279642, 0.9642597118652279642, 1.000000000000000000 ) ) 
 REPRESENTATION_ITEM ( '' )  );
#109 = DIRECTION ( 'NONE',  ( -1.055918637551099853E-16, -1.055918637551103181E-16, -1.000000000000000000 ) ) ;
#110 = ORIENTED_EDGE ( 'NONE', *, *, #820, .T. ) ;
#111 = ORIENTED_EDGE ( 'NONE', *, *, #2693, .F. ) ;
#112 = CARTESIAN_POINT ( 'NONE',  ( 6.366534677831304556, 29.00000000000000000, 51.28728536187928455 ) ) ;
#113 = CARTESIAN_POINT ( 'NONE',  ( -18.63346532216870344, 29.00000000000000000, 33.82293364218904230 ) ) ;
#114 = CARTESIAN_POINT ( 'NONE',  ( -11.39694217948164834, -6.099999999999997868, -33.58431484429377889 ) ) ;
#115 = VERTEX_POINT ( 'NONE', #1716 ) ;
#116 = DIRECTION ( 'NONE',  ( 0.000000000000000000, 0.000000000000000000, -1.000000000000000000 ) ) ;
#117 = DIRECTION ( 'NONE',  ( -1.216773423528406629E-15, 1.216773423528403079E-15, -1.000000000000000000 ) ) ;
#118 = DIRECTION ( 'NONE',  ( 1.810419258267071065E-15, 0.6571428571428566956, -0.7537660547584531523 ) ) ;
#119 = EDGE_CURVE ( 'NONE', #1028, #2539, #4685, .T. ) ;
#120 = ORIENTED_EDGE ( 'NONE', *, *, #1364, .T. ) ;
#121 = CARTESIAN_POINT ( 'NONE',  ( 23.36653467783131433, 11.00000000000000355, 29.90314746698007298 ) ) ;
#122 = CARTESIAN_POINT ( 'NONE',  ( 0.3665346778313049447, 0.000000000000000000, -39.99832061887032353 ) ) ;
#123 = CARTESIAN_POINT ( 'NONE',  ( -2.371735717677088573, 8.479829434379560382, -24.15377330511227782 ) ) ;
#124 = ORIENTED_EDGE ( 'NONE', *, *, #2239, .T. ) ;
#125 = DIRECTION ( 'NONE',  ( 1.216773423528406629E-15, 0.000000000000000000, 1.000000000000000000 ) ) ;
#126 = EDGE_CURVE ( 'NONE', #2327, #4303, #178, .T. ) ;
#127 = CARTESIAN_POINT ( 'NONE',  ( 4.011435244874797412, 9.491129430880729245, -23.77825562380690627 ) ) ;
#128 = ORIENTED_EDGE ( 'NONE', *, *, #875, .T. ) ;
#129 = CARTESIAN_POINT ( 'NONE',  ( 9.366534677831291233, 0.000000000000000000, -57.50000000000000000 ) ) ;
#130 = EDGE_LOOP ( 'NONE', ( #1903, #1150, #124, #1428 ) ) ;
#131 = VERTEX_POINT ( 'NONE', #2424 ) ;
#132 = CARTESIAN_POINT ( 'NONE',  ( -7.618682011358629325, 8.086276092000932891, -42.90083376090971967 ) ) ;
#133 = LINE ( 'NONE', #2994, #700 ) ;
#134 = CYLINDRICAL_SURFACE ( 'NONE', #685, 8.000000000000000000 ) ;
#135 = ORIENTED_EDGE ( 'NONE', *, *, #875, .F. ) ;
#136 = LINE ( 'NONE', #946, #11 ) ;
#137 = ORIENTED_EDGE ( 'NONE', *, *, #4675, .F. ) ;
#138 = CARTESIAN_POINT ( 'NONE',  ( 5.366534677831301003, 10.17876285550874194, -22.34285714285714164 ) ) ;
#139 = CARTESIAN_POINT ( 'NONE',  ( -17.96400476697996496, 21.33053944481128283, 30.73712189864361832 ) ) ;
#140 = ORIENTED_EDGE ( 'NONE', *, *, #1418, .T. ) ;
#141 = DIRECTION ( 'NONE',  ( 0.7831866393703779128, 0.000000000000000000, -0.6217866900406712194 ) ) ;
#142 = EDGE_CURVE ( 'NONE', #427, #2539, #4211, .T. ) ;
#143 = CARTESIAN_POINT ( 'NONE',  ( -8.235806500645111328, 10.76289938058294204, 40.85130811708661724 ) ) ;
#144 = CARTESIAN_POINT ( 'NONE',  ( -3.310648580066474445, 9.190608365118634993, -23.42952523599827686 ) ) ;
#145 = CARTESIAN_POINT ( 'NONE',  ( -7.645742836332800607, 8.236596185293556971, 42.72172900980582000 ) ) ;
#146 = ORIENTED_EDGE ( 'NONE', *, *, #504, .T. ) ;
#147 = DIRECTION ( 'NONE',  ( 0.000000000000000000, 0.000000000000000000, -1.000000000000000000 ) ) ;
#148 = B_SPLINE_CURVE_WITH_KNOTS ( 'NONE', 3,
 ( #3207, #1732, #3874, #4657 ),
 .UNSPECIFIED., .F., .F.,
 ( 4, 4 ),
 ( 0.000000000000000000, 0.1258744995268652189 ),
 .UNSPECIFIED. ) ;
#149 = VERTEX_POINT ( 'NONE', #4643 ) ;
#150 = CARTESIAN_POINT ( 'NONE',  ( 5.162745896833622616, 9.381304388500039337, -23.22774420307596088 ) ) ;
#151 = EDGE_LOOP ( 'NONE', ( #1636, #4548, #3939, #801, #1510, #4501 ) ) ;
#152 = ORIENTED_EDGE ( 'NONE', *, *, #590, .F. ) ;
#153 = ADVANCED_FACE ( 'NONE', ( #1697 ), #4306, .T. ) ;
#154 = FACE_OUTER_BOUND ( 'NONE', #260, .T. ) ;
#155 = CARTESIAN_POINT ( 'NONE',  ( -7.633465322168700773, 29.00000000000000000, -19.32535618980386261 ) ) ;
#156 = EDGE_CURVE ( 'NONE', #180, #2237, #3116, .T. ) ;
#157 = ADVANCED_FACE ( 'NONE', ( #4285 ), #2122, .T. ) ;
#158 = ORIENTED_EDGE ( 'NONE', *, *, #3598, .F. ) ;
#159 = CIRCLE ( 'NONE', #3994, 1.000000000000000888 ) ;
#160 = CARTESIAN_POINT ( 'NONE',  ( -17.63346532216870344, 29.00000000000000000, 32.92332030257301767 ) ) ;
#161 = CIRCLE ( 'NONE', #853, 1.000000000000000888 ) ;
#163 = CARTESIAN_POINT ( 'NONE',  ( -18.63346532216870344, 29.00000000000000000, -32.92332030257301767 ) ) ;
#162 = VECTOR ( 'NONE', #4099, 1000.000000000000000 ) ;
#164 = ORIENTED_EDGE ( 'NONE', *, *, #1176, .T. ) ;
#165 = VECTOR ( 'NONE', #2545, 1000.000000000000000 ) ;
#166 = AXIS2_PLACEMENT_3D ( 'NONE', #2761, #718, #4212 ) ;
#167 = CARTESIAN_POINT ( 'NONE',  ( -2.416220623432366210, 8.932459576538459345, 23.70012880270677513 ) ) ;
#168 = CARTESIAN_POINT ( 'NONE',  ( -1.633465322168700107, 28.00000000000000000, -24.00000000000000000 ) ) ;
#169 = CARTESIAN_POINT ( 'NONE',  ( -2.633465322168714540, 10.72839393472910174, -23.11707501134051057 ) ) ;
#170 = CARTESIAN_POINT ( 'NONE',  ( 0.1665346778312974674, 5.000000000000000000, 37.00000000000000000 ) ) ;
#171 = AXIS2_PLACEMENT_3D ( 'NONE', #2862, #4005, #41 ) ;
#172 = AXIS2_PLACEMENT_3D ( 'NONE', #2394, #3951, #274 ) ;
#173 = ORIENTED_EDGE ( 'NONE', *, *, #235, .T. ) ;
#174 = B_SPLINE_CURVE_WITH_KNOTS ( 'NONE', 3,
 ( #3998, #2883, #2212, #3644 ),
 .UNSPECIFIED., .F., .F.,
 ( 4, 4 ),
 ( 0.8741254518134444762, 1.000000000000000000 ),
 .UNSPECIFIED. ) ;
#175 = CARTESIAN_POINT ( 'NONE',  ( -18.27373554993635807, 21.64027022776765818, -33.86106056170810774 ) ) ;
#176 = CIRCLE ( 'NONE', #3410, 3.000000000000002665 ) ;
#178 =( BOUNDED_CURVE ( )  B_SPLINE_CURVE ( 3, ( #2055, #3921, #1081, #4594 ),
 .UNSPECIFIED., .F., .T. ) 
 B_SPLINE_CURVE_WITH_KNOTS ( ( 4, 4 ),
 ( 3.926990816987242727, 4.363402572713448890 ),
 .UNSPECIFIED. ) 
 CURVE ( )  GEOMETRIC_REPRESENTATION_ITEM ( )  RATIONAL_B_SPLINE_CURVE ( ( 1.000000000000000000, 0.9841916060487291285, 0.9841916060487291285, 1.000000000000000000 ) ) 
 REPRESENTATION_ITEM ( '' )  );
#177 = VECTOR ( 'NONE', #3966, 1000.000000000000000 ) ;
#179 = PLANE ( 'NONE',  #1383 ) ;
#180 = VERTEX_POINT ( 'NONE', #651 ) ;
#181 = LINE ( 'NONE', #1642, #3785 ) ;
#182 = CARTESIAN_POINT ( 'NONE',  ( 4.361030426685810646, 8.599982605360267485, 24.03414260199969732 ) ) ;
#183 = CIRCLE ( 'NONE', #4172, 1.000000000000000888 ) ;
#184 = EDGE_LOOP ( 'NONE', ( #2302, #3802, #2506, #2336 ) ) ;
#185 = CARTESIAN_POINT ( 'NONE',  ( -14.66475933250270103, 18.03129401033401180, -36.25476954775443517 ) ) ;
#186 = CARTESIAN_POINT ( 'NONE',  ( 9.411268845987443399, 8.649643018782230186, -23.99324049154474991 ) ) ;
#187 = CARTESIAN_POINT ( 'NONE',  ( 12.13001153514424857, 13.76347685731295556, 35.51617265383811173 ) ) ;
#188 = VERTEX_POINT ( 'NONE', #670 ) ;
#189 = EDGE_LOOP ( 'NONE', ( #2407, #2919, #1827, #512 ) ) ;
#190 = ADVANCED_FACE ( 'NONE', ( #1354 ), #319, .T. ) ;
#191 = ADVANCED_FACE ( 'NONE', ( #1056 ), #3228, .F. ) ;
#192 = DIRECTION ( 'NONE',  ( -0.000000000000000000, -1.000000000000000000, -0.000000000000000000 ) ) ;
#193 = EDGE_CURVE ( 'NONE', #1873, #39, #1013, .T. ) ;
#194 = CARTESIAN_POINT ( 'NONE',  ( -3.633465322168694556, 10.93252891026713947, 22.99999999999999289 ) ) ;
#195 = EDGE_LOOP ( 'NONE', ( #3047, #2362, #2986, #2167 ) ) ;
#196 = DIRECTION ( 'NONE',  ( 0.000000000000000000, -1.000000000000000000, 0.000000000000000000 ) ) ;
#197 = DIRECTION ( 'NONE',  ( 0.000000000000000000, -1.000000000000000000, 0.000000000000000000 ) ) ;
#198 = CARTESIAN_POINT ( 'NONE',  ( 9.366534677831301892, 29.00000000000000000, 44.19690671692822548 ) ) ;
#199 = CARTESIAN_POINT ( 'NONE',  ( -17.73886265851207966, 21.10539733634338688, -33.91775049192354885 ) ) ;
#200 = CARTESIAN_POINT ( 'NONE',  ( 3.750557039362041767, 9.192406180256480042, -23.92772111986356620 ) ) ;
#201 = VERTEX_POINT ( 'NONE', #1781 ) ;
#202 = DIRECTION ( 'NONE',  ( -0.000000000000000000, -1.000000000000000000, 0.000000000000000000 ) ) ;
#203 = DIRECTION ( 'NONE',  ( 0.000000000000000000, 0.000000000000000000, 1.000000000000000000 ) ) ;
#204 = ORIENTED_EDGE ( 'NONE', *, *, #1592, .T. ) ;
#205 = ORIENTED_EDGE ( 'NONE', *, *, #3920, .F. ) ;
#206 = ADVANCED_FACE ( 'NONE', ( #2465 ), #313, .T. ) ;
#207 = CARTESIAN_POINT ( 'NONE',  ( 13.01684969572848694, 14.65031501789717261, -37.23288320004628105 ) ) ;
#208 = EDGE_CURVE ( 'NONE', #1803, #4162, #2940, .T. ) ;
#209 = CARTESIAN_POINT ( 'NONE',  ( 16.77102857193967367, 18.40449389410836289, 27.59323753436905946 ) ) ;
#210 = DIRECTION ( 'NONE',  ( 0.000000000000000000, 0.000000000000000000, -1.000000000000000000 ) ) ;
#211 = EDGE_LOOP ( 'NONE', ( #744, #2279, #1208, #4305 ) ) ;
#212 = ORIENTED_EDGE ( 'NONE', *, *, #888, .F. ) ;
#213 = CARTESIAN_POINT ( 'NONE',  ( 3.968376148540037729, 8.431452812470183744, -24.20150264005472351 ) ) ;
#214 = DIRECTION ( 'NONE',  ( 0.000000000000000000, 0.000000000000000000, -1.000000000000000000 ) ) ;
#215 = VERTEX_POINT ( 'NONE', #3900 ) ;
#216 = CARTESIAN_POINT ( 'NONE',  ( -1.711572494062123084, 9.045614428806437957, 24.00000000000001776 ) ) ;
#217 = CARTESIAN_POINT ( 'NONE',  ( -7.633465322168692779, 8.127729732121368400, 42.55315238120643784 ) ) ;
#218 = CARTESIAN_POINT ( 'NONE',  ( -2.195772310503128377, 9.388942723656018785, -23.82959567311206683 ) ) ;
#219 = LINE ( 'NONE', #3372, #4481 ) ;
#220 = DIRECTION ( 'NONE',  ( -0.9437921780900001556, 0.000000000000000000, -0.3305394448112565220 ) ) ;
#221 = DIRECTION ( 'NONE',  ( 0.000000000000000000, -1.000000000000000000, -0.000000000000000000 ) ) ;
#222 = ORIENTED_EDGE ( 'NONE', *, *, #2650, .T. ) ;
#223 = DIRECTION ( 'NONE',  ( -0.000000000000000000, -1.000000000000000000, -0.000000000000000000 ) ) ;
#224 = CARTESIAN_POINT ( 'NONE',  ( 3.890207106422146399, 8.763889724366968892, -23.87224383760418434 ) ) ;
#225 = ORIENTED_EDGE ( 'NONE', *, *, #3642, .T. ) ;
#226 = ORIENTED_EDGE ( 'NONE', *, *, #3789, .F. ) ;
#227 = LINE ( 'NONE', #4434, #4392 ) ;
#228 = LINE ( 'NONE', #3069, #2252 ) ;
#229 = CARTESIAN_POINT ( 'NONE',  ( -7.633465322168702549, 11.00000000000000355, 37.00000000000000711 ) ) ;
#230 = CARTESIAN_POINT ( 'NONE',  ( -8.115707011499104340, 10.42185542502766360, 22.06092011381626605 ) ) ;
#231 = VERTEX_POINT ( 'NONE', #3192 ) ;
#232 = CARTESIAN_POINT ( 'NONE',  ( -18.63346532216870344, 29.00000000000000000, -33.82293364218904230 ) ) ;
#233 = DIRECTION ( 'NONE',  ( 0.000000000000000000, 1.000000000000000000, 0.000000000000000000 ) ) ;
#234 = VECTOR ( 'NONE', #706, 1000.000000000000000 ) ;
#235 = EDGE_CURVE ( 'NONE', #1839, #188, #337, .T. ) ;
#236 = VERTEX_POINT ( 'NONE', #1804 ) ;
#237 = CARTESIAN_POINT ( 'NONE',  ( 9.366534677831303668, 29.00000000000000000, 51.28728536187928455 ) ) ;
#238 = DIRECTION ( 'NONE',  ( -1.264902534566421675E-16, 0.000000000000000000, -1.000000000000000000 ) ) ;
#239 = CARTESIAN_POINT ( 'NONE',  ( -2.583797995726984098, 9.158129924512854458, -23.46491796749856817 ) ) ;
#240 = AXIS2_PLACEMENT_3D ( 'NONE', #561, #1519, #2951 ) ;
#241 = CARTESIAN_POINT ( 'NONE',  ( -1.633465322168700107, 8.345760209329371904, -24.28571428571428825 ) ) ;
#242 = VECTOR ( 'NONE', #314, 1000.000000000000000 ) ;
#243 = VECTOR ( 'NONE', #2258, 1000.000000000000000 ) ;
#244 = CARTESIAN_POINT ( 'NONE',  ( -8.115707011499107892, 10.42185542502769380, -22.06092011381629092 ) ) ;
#245 = ADVANCED_FACE ( 'NONE', ( #3970 ), #811, .F. ) ;
#246 = TOROIDAL_SURFACE ( 'NONE', #4085, 2.000000000000000000, 1.000000000000000000 ) ;
#247 = EDGE_LOOP ( 'NONE', ( #1345, #2001, #2181, #1587 ) ) ;
#248 = CIRCLE ( 'NONE', #848, 1.000000000000000888 ) ;
#249 = PLANE ( 'NONE',  #4249 ) ;
#250 = CARTESIAN_POINT ( 'NONE',  ( 3.366534677831296563, 8.637366131089356358, -24.00000000000002132 ) ) ;
#251 = EDGE_LOOP ( 'NONE', ( #748, #2053, #295, #4661 ) ) ;
#252 = ORIENTED_EDGE ( 'NONE', *, *, #94, .T. ) ;
#253 = CIRCLE ( 'NONE', #2868, 3.000000000000002665 ) ;
#254 = CIRCLE ( 'NONE', #1088, 1.000000000000000888 ) ;
#255 = CARTESIAN_POINT ( 'NONE',  ( -7.633465322168695444, 0.000000000000000000, 42.55315238120643784 ) ) ;
#256 = DIRECTION ( 'NONE',  ( 0.000000000000000000, -1.000000000000000000, 0.000000000000000000 ) ) ;
#257 = CARTESIAN_POINT ( 'NONE',  ( 0.3665346778313049447, -6.099999999999999645, 38.49832061887032353 ) ) ;
#258 = AXIS2_PLACEMENT_3D ( 'NONE', #1312, #598, #3663 ) ;
#259 = DIRECTION ( 'NONE',  ( 0.000000000000000000, -1.000000000000000000, 0.000000000000000000 ) ) ;
#260 = EDGE_LOOP ( 'NONE', ( #3989, #3027 ) ) ;
#261 = AXIS2_PLACEMENT_3D ( 'NONE', #4084, #4130, #2350 ) ;
#262 = DIRECTION ( 'NONE',  ( -0.000000000000000000, -1.000000000000000000, 0.000000000000000000 ) ) ;
#263 = CARTESIAN_POINT ( 'NONE',  ( 12.13001153514424857, 28.99999999999998934, 29.49672888746014721 ) ) ;
#264 = VERTEX_POINT ( 'NONE', #478 ) ;
#265 = ORIENTED_EDGE ( 'NONE', *, *, #2572, .T. ) ;
#266 = DIRECTION ( 'NONE',  ( -0.000000000000000000, -1.000000000000000000, -0.000000000000000000 ) ) ;
#267 = CARTESIAN_POINT ( 'NONE',  ( -17.63346532216869988, -6.099999999999997868, -31.68091407673361104 ) ) ;
#268 = EDGE_CURVE ( 'NONE', #1543, #2664, #89, .T. ) ;
#269 = DIRECTION ( 'NONE',  ( 1.000000000000000000, 0.000000000000000000, 0.000000000000000000 ) ) ;
#270 = ORIENTED_EDGE ( 'NONE', *, *, #297, .T. ) ;
#271 = DIRECTION ( 'NONE',  ( 0.000000000000000000, 0.000000000000000000, -1.000000000000000000 ) ) ;
#272 = ORIENTED_EDGE ( 'NONE', *, *, #3915, .F. ) ;
#273 = ORIENTED_EDGE ( 'NONE', *, *, #1631, .F. ) ;
#274 = DIRECTION ( 'NONE',  ( 0.000000000000000000, 0.000000000000000000, -1.000000000000000000 ) ) ;
#275 = CARTESIAN_POINT ( 'NONE',  ( -10.39694217948164834, 13.76347685731297155, -33.58431484429377889 ) ) ;
#276 = FACE_OUTER_BOUND ( 'NONE', #1104, .T. ) ;
#277 = CARTESIAN_POINT ( 'NONE',  ( 0.3665346778313049447, -6.099999999999999645, -39.99832061887032353 ) ) ;
#278 = VERTEX_POINT ( 'NONE', #1901 ) ;
#279 = DIRECTION ( 'NONE',  ( 0.9944301893505250733, 0.000000000000000000, 0.1053973363433762939 ) ) ;
#280 = LINE ( 'NONE', #3817, #2397 ) ;
#281 = ORIENTED_EDGE ( 'NONE', *, *, #2328, .F. ) ;
#282 = ORIENTED_EDGE ( 'NONE', *, *, #4418, .T. ) ;
#283 = CARTESIAN_POINT ( 'NONE',  ( -3.633465322168700329, 28.00000000000000000, -23.00000000000000000 ) ) ;
#284 = DIRECTION ( 'NONE',  ( 0.000000000000000000, -1.000000000000000000, 0.000000000000000000 ) ) ;
#285 = PLANE ( 'NONE',  #3708 ) ;
#286 = ADVANCED_FACE ( 'NONE', ( #3699 ), #3257, .F. ) ;
#287 = CARTESIAN_POINT ( 'NONE',  ( 9.572697754971450479, 11.14749053925724098, -21.18825666960105991 ) ) ;
#288 = CARTESIAN_POINT ( 'NONE',  ( -4.633465322168702549, 29.00000000000000000, -42.55315238120665811 ) ) ;
#289 = ORIENTED_EDGE ( 'NONE', *, *, #426, .F. ) ;
#290 = ADVANCED_FACE ( 'NONE', ( #2875 ), #3673, .F. ) ;
#291 = CARTESIAN_POINT ( 'NONE',  ( 3.366534677831300559, 9.045614421553137774, -25.00000000000000000 ) ) ;
#292 = DIRECTION ( 'NONE',  ( 0.9944301893505250733, -0.000000000000000000, 0.1053973363433762939 ) ) ;
#293 = DIRECTION ( 'NONE',  ( -0.000000000000000000, 0.000000000000000000, -1.000000000000000000 ) ) ;
#294 = DIRECTION ( 'NONE',  ( -0.000000000000000000, 1.000000000000000000, -0.000000000000000000 ) ) ;
#295 = ORIENTED_EDGE ( 'NONE', *, *, #3341, .T. ) ;
#296 = DIRECTION ( 'NONE',  ( 0.000000000000000000, 0.000000000000000000, -1.000000000000000000 ) ) ;
#297 = EDGE_CURVE ( 'NONE', #1726, #1126, #2590, .T. ) ;
#298 = ADVANCED_FACE ( 'NONE', ( #2963 ), #3324, .F. ) ;
#299 = DIRECTION ( 'NONE',  ( 0.000000000000000000, -1.000000000000000000, 0.000000000000000000 ) ) ;
#300 = EDGE_LOOP ( 'NONE', ( #1567, #4442, #361, #1390 ) ) ;
#301 = ORIENTED_EDGE ( 'NONE', *, *, #3838, .T. ) ;
#302 = DIRECTION ( 'NONE',  ( 0.000000000000000000, 0.000000000000000000, -1.000000000000000000 ) ) ;
#303 = CARTESIAN_POINT ( 'NONE',  ( 22.36653467783131077, 29.00000000000000000, 30.61247794325459282 ) ) ;
#305 = CARTESIAN_POINT ( 'NONE',  ( 0.3665346778313049447, 3.900000000000000799, 39.99832061887032353 ) ) ;
#304 = CIRCLE ( 'NONE', #2784, 1.899999999999999023 ) ;
#306 = AXIS2_PLACEMENT_3D ( 'NONE', #1490, #360, #1149 ) ;
#307 = CARTESIAN_POINT ( 'NONE',  ( -7.633465322168714096, 11.00000000000000355, 0.000000000000000000 ) ) ;
#308 = AXIS2_PLACEMENT_3D ( 'NONE', #710, #730, #2198 ) ;
#309 = AXIS2_PLACEMENT_3D ( 'NONE', #2425, #3883, #653 ) ;
#310 = ORIENTED_EDGE ( 'NONE', *, *, #3087, .T. ) ;
#311 = VERTEX_POINT ( 'NONE', #739 ) ;
#312 = B_SPLINE_CURVE_WITH_KNOTS ( 'NONE', 3,
 ( #2731, #145, #1571, #3006 ),
 .UNSPECIFIED., .F., .F.,
 ( 4, 4 ),
 ( 0.000000000000000000, 0.001100781466275268725 ),
 .UNSPECIFIED. ) ;
#313 = CYLINDRICAL_SURFACE ( 'NONE', #4544, 1.000000000000000888 ) ;
#314 = DIRECTION ( 'NONE',  ( 0.000000000000000000, -1.000000000000000000, -0.000000000000000000 ) ) ;
#315 = CARTESIAN_POINT ( 'NONE',  ( -7.709039917235470440, 8.811999493429242492, -42.42276867198490464 ) ) ;
#316 = CARTESIAN_POINT ( 'NONE',  ( -8.115707011499104340, 10.42185542502766360, 22.06092011381626605 ) ) ;
#317 = EDGE_CURVE ( 'NONE', #2452, #916, #2866, .T. ) ;
#318 = AXIS2_PLACEMENT_3D ( 'NONE', #1196, #4431, #2609 ) ;
#319 = TOROIDAL_SURFACE ( 'NONE', #3627, 35.00000000000000000, 1.000000000000000000 ) ;
#320 = ORIENTED_EDGE ( 'NONE', *, *, #2230, .T. ) ;
#321 = FACE_OUTER_BOUND ( 'NONE', #3263, .T. ) ;
#322 = TOROIDAL_SURFACE ( 'NONE', #2874, 2.000000000000000000, 1.000000000000000000 ) ;
#323 = VECTOR ( 'NONE', #2732, 1000.000000000000000 ) ;
#324 = CARTESIAN_POINT ( 'NONE',  ( -18.63346532216869988, 29.00000000000000000, 30.97158360045909475 ) ) ;
#325 = FACE_OUTER_BOUND ( 'NONE', #2569, .T. ) ;
#326 = VERTEX_POINT ( 'NONE', #4373 ) ;
#327 = CIRCLE ( 'NONE', #1163, 1.399999999999998579 ) ;
#328 = EDGE_CURVE ( 'NONE', #1216, #4208, #248, .T. ) ;
#329 = ORIENTED_EDGE ( 'NONE', *, *, #4628, .F. ) ;
#330 = LINE ( 'NONE', #3820, #4551 ) ;
#331 = CARTESIAN_POINT ( 'NONE',  ( 9.848776367161711676, 10.42185542502767248, -22.06092011381632290 ) ) ;
#332 = CARTESIAN_POINT ( 'NONE',  ( -2.504103813791755062, 10.01764279664345558, -23.50521746108748644 ) ) ;
#333 = DIRECTION ( 'NONE',  ( 0.000000000000000000, 0.000000000000000000, -1.000000000000000000 ) ) ;
#334 = DIRECTION ( 'NONE',  ( 0.000000000000000000, 0.000000000000000000, -1.000000000000000000 ) ) ;
#335 = VERTEX_POINT ( 'NONE', #4335 ) ;
#336 = EDGE_CURVE ( 'NONE', #3231, #568, #1470, .T. ) ;
#337 = LINE ( 'NONE', #69, #2486 ) ;
#338 = DIRECTION ( 'NONE',  ( 0.000000000000000000, -1.000000000000000000, 0.000000000000000000 ) ) ;
#339 = ORIENTED_EDGE ( 'NONE', *, *, #1184, .T. ) ;
#340 = CARTESIAN_POINT ( 'NONE',  ( -11.39694217948164834, -6.099999999999997868, -33.58431484429377889 ) ) ;
#341 = ORIENTED_EDGE ( 'NONE', *, *, #3501, .T. ) ;
#342 = EDGE_CURVE ( 'NONE', #1855, #4665, #3481, .T. ) ;
#343 = EDGE_CURVE ( 'NONE', #231, #3115, #1445, .T. ) ;
#344 = FACE_OUTER_BOUND ( 'NONE', #2976, .T. ) ;
#345 = CARTESIAN_POINT ( 'NONE',  ( 0.1665346778312972453, 29.00000000000000000, -37.00000000000000000 ) ) ;
#346 = DIRECTION ( 'NONE',  ( 1.000000000000000000, 0.000000000000000000, 0.000000000000000000 ) ) ;
#347 = ORIENTED_EDGE ( 'NONE', *, *, #591, .T. ) ;
#348 = EDGE_LOOP ( 'NONE', ( #4668, #1223, #2684, #225 ) ) ;
#349 = CARTESIAN_POINT ( 'NONE',  ( 3.750824162377887294, 9.192494158412415572, 23.92767825639786849 ) ) ;
#350 = CARTESIAN_POINT ( 'NONE',  ( 13.46055097995550298, 28.99999999999998934, -28.55293670937014738 ) ) ;
#351 = FILL_AREA_STYLE ('',( #1527 ) ) ;
#352 = DIRECTION ( 'NONE',  ( -1.000000000000000000, 0.000000000000000000, 0.000000000000000000 ) ) ;
#353 = FACE_OUTER_BOUND ( 'NONE', #737, .T. ) ;
#354 = VERTEX_POINT ( 'NONE', #403 ) ;
#355 = EDGE_CURVE ( 'NONE', #2153, #2039, #2534, .T. ) ;
#356 = VERTEX_POINT ( 'NONE', #3990 ) ;
#357 = DIRECTION ( 'NONE',  ( -1.055918637551099853E-16, -0.000000000000000000, -1.000000000000000000 ) ) ;
#358 = CARTESIAN_POINT ( 'NONE',  ( 19.36653467783130012, -6.099999999999997868, -31.68091407673361104 ) ) ;
#359 = VERTEX_POINT ( 'NONE', #831 ) ;
#360 = DIRECTION ( 'NONE',  ( -0.000000000000000000, -1.000000000000000000, 0.000000000000000000 ) ) ;
#361 = ORIENTED_EDGE ( 'NONE', *, *, #1794, .F. ) ;
#362 = CARTESIAN_POINT ( 'NONE',  ( 3.366534677831306777, 28.00000000000000000, 24.00000000000000000 ) ) ;
#363 = CARTESIAN_POINT ( 'NONE',  ( 16.52335598708429742, 11.00000000000000355, 36.24146520212402578 ) ) ;
#364 = CARTESIAN_POINT ( 'NONE',  ( 13.13001153514424857, 29.00000000000000000, -33.58431484429377889 ) ) ;
#365 = CARTESIAN_POINT ( 'NONE',  ( -9.976611072676329073, 13.34314575050765406, -38.43055517610133620 ) ) ;
#366 = ORIENTED_EDGE ( 'NONE', *, *, #2422, .F. ) ;
#367 = ORIENTED_EDGE ( 'NONE', *, *, #2009, .F. ) ;
#368 = CARTESIAN_POINT ( 'NONE',  ( 3.366534677831300559, 28.00000000000000000, -25.00000000000000000 ) ) ;
#369 = DIRECTION ( 'NONE',  ( 0.000000000000000000, 1.000000000000000000, 0.000000000000000000 ) ) ;
#370 = DIRECTION ( 'NONE',  ( 0.000000000000000000, 0.000000000000000000, -1.000000000000000000 ) ) ;
#371 = EDGE_CURVE ( 'NONE', #4681, #1774, #2249, .T. ) ;
#372 = PLANE ( 'NONE',  #4626 ) ;
#373 = EDGE_CURVE ( 'NONE', #4437, #1028, #2041, .T. ) ;
#374 = CARTESIAN_POINT ( 'NONE',  ( 4.062376459958153774, 8.876032876722296905, 23.75773916295029053 ) ) ;
#375 = VERTEX_POINT ( 'NONE', #788 ) ;
#376 = AXIS2_PLACEMENT_3D ( 'NONE', #3596, #389, #346 ) ;
#377 = DIRECTION ( 'NONE',  ( -0.9437921780900003776, 0.000000000000000000, -0.3305394448112555228 ) ) ;
#378 = ADVANCED_FACE ( 'NONE', ( #2205 ), #1308, .F. ) ;
#379 = DIRECTION ( 'NONE',  ( 0.000000000000000000, -1.000000000000000000, 0.000000000000000000 ) ) ;
#380 = ORIENTED_EDGE ( 'NONE', *, *, #3380, .T. ) ;
#381 = AXIS2_PLACEMENT_3D ( 'NONE', #2537, #4667, #3993 ) ;
#382 = CARTESIAN_POINT ( 'NONE',  ( -17.86292087967715503, -6.099999999999997868, 35.91580386481579978 ) ) ;
#383 = ORIENTED_EDGE ( 'NONE', *, *, #433, .T. ) ;
#384 = ORIENTED_EDGE ( 'NONE', *, *, #3374, .T. ) ;
#385 = AXIS2_PLACEMENT_3D ( 'NONE', #3243, #2527, #1160 ) ;
#386 = CARTESIAN_POINT ( 'NONE',  ( -7.633465322249219476, 8.127730022528160347, -42.72606022919438828 ) ) ;
#387 = DIRECTION ( 'NONE',  ( 0.000000000000000000, -1.000000000000000000, 0.000000000000000000 ) ) ;
#388 = VECTOR ( 'NONE', #2554, 1000.000000000000000 ) ;
#389 = DIRECTION ( 'NONE',  ( 7.884785137984479828E-17, -7.884785137984455176E-17, 1.000000000000000000 ) ) ;
#390 = ORIENTED_EDGE ( 'NONE', *, *, #1748, .T. ) ;
#391 = ORIENTED_EDGE ( 'NONE', *, *, #156, .F. ) ;
#392 = VECTOR ( 'NONE', #2260, 1000.000000000000000 ) ;
#393 = CIRCLE ( 'NONE', #3024, 1.399999999999998579 ) ;
#394 = DIRECTION ( 'NONE',  ( 1.000000000000000000, -0.000000000000000000, -1.055918637551099853E-16 ) ) ;
#395 = CARTESIAN_POINT ( 'NONE',  ( 20.36653467783130722, 21.99999999999998934, 35.51617265383811883 ) ) ;
#396 = FACE_OUTER_BOUND ( 'NONE', #247, .T. ) ;
#397 = VECTOR ( 'NONE', #3226, 1000.000000000000000 ) ;
#398 = FACE_OUTER_BOUND ( 'NONE', #1926, .T. ) ;
#399 = EDGE_CURVE ( 'NONE', #149, #1311, #1209, .T. ) ;
#400 = VECTOR ( 'NONE', #642, 1000.000000000000000 ) ;
#401 = CARTESIAN_POINT ( 'NONE',  ( 4.444422756588300771, 9.397300376087196483, 23.21180553386667711 ) ) ;
#402 = ORIENTED_EDGE ( 'NONE', *, *, #1399, .F. ) ;
#403 = CARTESIAN_POINT ( 'NONE',  ( -7.633465322168697220, 29.00000000000000000, 19.32535618980384129 ) ) ;
#404 = ORIENTED_EDGE ( 'NONE', *, *, #1459, .T. ) ;
#405 = CARTESIAN_POINT ( 'NONE',  ( 20.36653467783130012, 29.00000000000000000, -31.68091407673361104 ) ) ;
#406 = ORIENTED_EDGE ( 'NONE', *, *, #3624, .F. ) ;
#407 = ORIENTED_EDGE ( 'NONE', *, *, #2351, .T. ) ;
#408 = CARTESIAN_POINT ( 'NONE',  ( -18.63346532216866080, 21.99999999999998579, -2.676901531762489731E-14 ) ) ;
#409 = LINE ( 'NONE', #78, #3246 ) ;
#410 = PLANE ( 'NONE',  #3554 ) ;
#411 = CARTESIAN_POINT ( 'NONE',  ( -18.63346532216870344, 22.00000000000002487, 32.92332030257301767 ) ) ;
#412 = ORIENTED_EDGE ( 'NONE', *, *, #820, .F. ) ;
#413 = ORIENTED_EDGE ( 'NONE', *, *, #4591, .F. ) ;
#414 = CARTESIAN_POINT ( 'NONE',  ( -3.303448174514139968, 9.180726363317276650, 23.43989658109830643 ) ) ;
#415 = CARTESIAN_POINT ( 'NONE',  ( -11.72748162429290275, 15.09401630212421885, -28.55293670937014383 ) ) ;
#416 = SURFACE_STYLE_USAGE ( .BOTH. , #1864 ) ;
#417 = CARTESIAN_POINT ( 'NONE',  ( -20.63346532216869633, 11.00000000000000355, -30.61247794325458571 ) ) ;
#418 = FACE_OUTER_BOUND ( 'NONE', #4592, .T. ) ;
#419 = CARTESIAN_POINT ( 'NONE',  ( 3.524776919972161249, 8.345760219963318960, 24.28571427529513116 ) ) ;
#420 = VERTEX_POINT ( 'NONE', #199 ) ;
#421 = DIRECTION ( 'NONE',  ( 1.000000000000000000, 0.000000000000000000, -1.055918637551099976E-16 ) ) ;
#422 = ORIENTED_EDGE ( 'NONE', *, *, #4568, .T. ) ;
#423 =( BOUNDED_CURVE ( )  B_SPLINE_CURVE ( 3, ( #2741, #207, #896, #2715 ),
 .UNSPECIFIED., .F., .T. ) 
 B_SPLINE_CURVE_WITH_KNOTS ( ( 4, 4 ),
 ( 0.7853981633974475018, 1.465202872376871079 ),
 .UNSPECIFIED. ) 
 CURVE ( )  GEOMETRIC_REPRESENTATION_ITEM ( )  RATIONAL_B_SPLINE_CURVE ( ( 1.000000000000000000, 0.9618581497007767656, 0.9618581497007767656, 1.000000000000000000 ) ) 
 REPRESENTATION_ITEM ( '' )  );
#424 = CARTESIAN_POINT ( 'NONE',  ( 9.366534677831291233, 7.686291501015240613, -57.50000000000000000 ) ) ;
#425 = EDGE_CURVE ( 'NONE', #2735, #4631, #3019, .T. ) ;
#426 = EDGE_CURVE ( 'NONE', #420, #2516, #4552, .T. ) ;
#427 = VERTEX_POINT ( 'NONE', #3824 ) ;
#428 = EDGE_LOOP ( 'NONE', ( #763, #3287, #4337, #367 ) ) ;
#429 = DIRECTION ( 'NONE',  ( 0.000000000000000000, 0.000000000000000000, -1.000000000000000000 ) ) ;
#430 = CARTESIAN_POINT ( 'NONE',  ( -8.115707011499104340, 10.42185542502766360, 22.06092011381626605 ) ) ;
#431 = DIRECTION ( 'NONE',  ( -0.000000000000000000, -1.000000000000000000, -0.000000000000000000 ) ) ;
#432 = CARTESIAN_POINT ( 'NONE',  ( 0.1665346778312972453, 5.000000000000000000, -37.00000000000000000 ) ) ;
#433 = EDGE_CURVE ( 'NONE', #1230, #568, #2143, .T. ) ;
#434 = DIRECTION ( 'NONE',  ( 0.000000000000000000, -1.000000000000000000, 0.000000000000000000 ) ) ;
#435 = ORIENTED_EDGE ( 'NONE', *, *, #4320, .F. ) ;
#436 = DIRECTION ( 'NONE',  ( 0.6218314452338109533, -0.000000000000000000, 0.7831511052909457815 ) ) ;
#437 = EDGE_CURVE ( 'NONE', #2818, #4437, #500, .T. ) ;
#438 = DIRECTION ( 'NONE',  ( 0.000000000000000000, -1.000000000000000000, 0.000000000000000000 ) ) ;
#439 = EDGE_CURVE ( 'NONE', #2210, #2817, #2556, .T. ) ;
#440 = FACE_OUTER_BOUND ( 'NONE', #3044, .T. ) ;
#441 = CARTESIAN_POINT ( 'NONE',  ( 13.35406672459863309, 14.98753204676733652, 28.51564328030398343 ) ) ;
#442 = DIRECTION ( 'NONE',  ( -1.000000000000000000, -0.000000000000000000, -0.000000000000000000 ) ) ;
#443 = DIRECTION ( 'NONE',  ( 0.000000000000000000, 1.000000000000000000, -0.000000000000000000 ) ) ;
#444 = DIRECTION ( 'NONE',  ( 0.000000000000000000, 0.000000000000000000, -1.000000000000000000 ) ) ;
#445 = CARTESIAN_POINT ( 'NONE',  ( 3.478631082535001084, 8.637366140871007403, 23.99999999016646512 ) ) ;
#446 = ORIENTED_EDGE ( 'NONE', *, *, #1252, .F. ) ;
#447 = CARTESIAN_POINT ( 'NONE',  ( 17.36653467783130012, 29.00000000000000000, 19.32535618980386261 ) ) ;
#448 = DIRECTION ( 'NONE',  ( 0.000000000000000000, 0.000000000000000000, -1.000000000000000000 ) ) ;
#449 = ORIENTED_EDGE ( 'NONE', *, *, #1829, .F. ) ;
#450 = CARTESIAN_POINT ( 'NONE',  ( 4.711667691728692375, 8.831586389049654429, -23.80137745283715844 ) ) ;
#451 = AXIS2_PLACEMENT_3D ( 'NONE', #2082, #1657, #4247 ) ;
#452 = ORIENTED_EDGE ( 'NONE', *, *, #665, .T. ) ;
#453 = ORIENTED_EDGE ( 'NONE', *, *, #3150, .F. ) ;
#454 = AXIS2_PLACEMENT_3D ( 'NONE', #277, #585, #3452 ) ;
#455 = DIRECTION ( 'NONE',  ( -1.000000000000000000, 0.000000000000000000, 0.000000000000000000 ) ) ;
#456 = DIRECTION ( 'NONE',  ( 0.000000000000000000, 0.000000000000000000, -1.000000000000000000 ) ) ;
#457 = CARTESIAN_POINT ( 'NONE',  ( 4.501040342129853933, 0.000000000000000000, 53.63673867775209914 ) ) ;
#458 = AXIS2_PLACEMENT_3D ( 'NONE', #122, #1139, #1058 ) ;
#459 = ORIENTED_EDGE ( 'NONE', *, *, #2706, .F. ) ;
#460 = PRODUCT_DEFINITION ( 'UNKNOWN', '', #4622, #3733 ) ;
#461 = PLANE ( 'NONE',  #4621 ) ;
#462 = AXIS2_PLACEMENT_3D ( 'NONE', #1342, #2013, #1408 ) ;
#463 = AXIS2_PLACEMENT_3D ( 'NONE', #3276, #1533, #1871 ) ;
#464 = CARTESIAN_POINT ( 'NONE',  ( 9.366534677831291233, 29.00000000000000000, -57.50000000000000000 ) ) ;
#465 = CARTESIAN_POINT ( 'NONE',  ( 9.366540677831300954, 12.52498790603705991, 19.32517145800101943 ) ) ;
#466 = EDGE_CURVE ( 'NONE', #1274, #1621, #1797, .T. ) ;
#467 = CIRCLE ( 'NONE', #318, 1.000000000000000000 ) ;
#468 = VECTOR ( 'NONE', #3871, 1000.000000000000000 ) ;
#469 = ORIENTED_EDGE ( 'NONE', *, *, #2670, .F. ) ;
#470 = EDGE_CURVE ( 'NONE', #2735, #3255, #1640, .T. ) ;
#471 = CARTESIAN_POINT ( 'NONE',  ( -15.50793802324966464, 29.00000000000000000, 44.21021106255863486 ) ) ;
#472 = LINE ( 'NONE', #495, #1373 ) ;
#473 = LINE ( 'NONE', #1897, #2861 ) ;
#474 = VECTOR ( 'NONE', #2273, 1000.000000000000000 ) ;
#475 = CARTESIAN_POINT ( 'NONE',  ( 3.366534677831308553, 8.345760209329315060, 24.28571428571428470 ) ) ;
#476 = ORIENTED_EDGE ( 'NONE', *, *, #3877, .F. ) ;
#477 = AXIS2_PLACEMENT_3D ( 'NONE', #3747, #860, #1997 ) ;
#478 = CARTESIAN_POINT ( 'NONE',  ( -1.633465322168700107, 9.045614421553137774, -24.00000000000000000 ) ) ;
#479 = DIRECTION ( 'NONE',  ( 1.000000000000000000, 0.000000000000000000, 0.000000000000000000 ) ) ;
#480 = VERTEX_POINT ( 'NONE', #2319 ) ;
#481 = CARTESIAN_POINT ( 'NONE',  ( 19.69707412264255453, 29.00000000000000000, -30.73712189864361477 ) ) ;
#482 = EDGE_LOOP ( 'NONE', ( #2536, #137, #2904, #2021 ) ) ;
#483 = ORIENTED_EDGE ( 'NONE', *, *, #965, .T. ) ;
#484 = UNCERTAINTY_MEASURE_WITH_UNIT (LENGTH_MEASURE( 1.000000000000000082E-05 ), #64, 'distance_accuracy_value', 'NONE');
#485 = DIRECTION ( 'NONE',  ( 0.000000000000000000, 1.000000000000000000, -0.000000000000000000 ) ) ;
#486 = DIRECTION ( 'NONE',  ( 0.7051293066513190100, -0.7051293066513169006, -0.07473501055638638590 ) ) ;
#487 = DIRECTION ( 'NONE',  ( -0.000000000000000000, -0.000000000000000000, -1.000000000000000000 ) ) ;
#488 = ORIENTED_EDGE ( 'NONE', *, *, #1996, .T. ) ;
#489 = EDGE_CURVE ( 'NONE', #2327, #3960, #4519, .T. ) ;
#490 = CARTESIAN_POINT ( 'NONE',  ( 22.36653467783131077, 11.00000000000000355, -34.61655931422208710 ) ) ;
#491 = CARTESIAN_POINT ( 'NONE',  ( 23.36653467783131433, 24.99999999999998579, 34.61655931422208710 ) ) ;
#492 = DIRECTION ( 'NONE',  ( 1.020425574104004122E-16, 0.000000000000000000, 1.000000000000000000 ) ) ;
#493 = ORIENTED_EDGE ( 'NONE', *, *, #1748, .F. ) ;
#494 = FACE_OUTER_BOUND ( 'NONE', #1132, .T. ) ;
#495 = CARTESIAN_POINT ( 'NONE',  ( 12.13001153514424857, 29.00000000000000000, -28.08694877304561999 ) ) ;
#496 = CARTESIAN_POINT ( 'NONE',  ( -17.63346532216870344, -6.099999999999997868, 32.92332030257301767 ) ) ;
#497 = DIRECTION ( 'NONE',  ( -1.000000000000000000, 0.000000000000000000, 0.000000000000000000 ) ) ;
#498 = EDGE_CURVE ( 'NONE', #2899, #1066, #2562, .T. ) ;
#499 = ORIENTED_EDGE ( 'NONE', *, *, #3097, .F. ) ;
#500 = LINE ( 'NONE', #1921, #1966 ) ;
#501 =( BOUNDED_CURVE ( )  B_SPLINE_CURVE ( 3, ( #4025, #2131, #799, #2949 ),
 .UNSPECIFIED., .F., .F. ) 
 B_SPLINE_CURVE_WITH_KNOTS ( ( 4, 4 ),
 ( 0.8073493105415343596, 1.465202872376871079 ),
 .UNSPECIFIED. ) 
 CURVE ( )  GEOMETRIC_REPRESENTATION_ITEM ( )  RATIONAL_B_SPLINE_CURVE ( ( 1.000000000000000000, 0.9642597118652282973, 0.9642597118652282973, 1.000000000000000000 ) ) 
 REPRESENTATION_ITEM ( '' )  );
#502 = DIRECTION ( 'NONE',  ( 0.000000000000000000, 0.000000000000000000, -1.000000000000000000 ) ) ;
#503 = ORIENTED_EDGE ( 'NONE', *, *, #2680, .T. ) ;
#504 = EDGE_CURVE ( 'NONE', #2285, #3738, #3103, .T. ) ;
#505 = CARTESIAN_POINT ( 'NONE',  ( 4.204449191862643431, 9.913637570216065953, -23.56018653900316551 ) ) ;
#506 = ORIENTED_EDGE ( 'NONE', *, *, #4301, .T. ) ;
#507 = EDGE_LOOP ( 'NONE', ( #3656, #579, #2583, #412 ) ) ;
#508 = CARTESIAN_POINT ( 'NONE',  ( 19.47193201417467989, 21.10539733634338333, -33.91775049192353464 ) ) ;
#509 = DIRECTION ( 'NONE',  ( -1.216773423528406629E-15, 0.000000000000000000, 1.000000000000000000 ) ) ;
#510 = DIRECTION ( 'NONE',  ( -0.000000000000000000, -1.000000000000000000, 0.000000000000000000 ) ) ;
#511 = ORIENTED_EDGE ( 'NONE', *, *, #643, .F. ) ;
#512 = ORIENTED_EDGE ( 'NONE', *, *, #1552, .F. ) ;
#513 = CARTESIAN_POINT ( 'NONE',  ( -11.39694217948164834, -6.099999999999997868, -29.49672888746014721 ) ) ;
#514 = FACE_OUTER_BOUND ( 'NONE', #4241, .T. ) ;
#515 = ORIENTED_EDGE ( 'NONE', *, *, #3379, .T. ) ;
#516 = CARTESIAN_POINT ( 'NONE',  ( -1.633465322168689449, 8.345760209329391444, 24.28571428571430602 ) ) ;
#517 = CARTESIAN_POINT ( 'NONE',  ( -1.633465322168694556, 29.00000000000000000, 24.00000000000000000 ) ) ;
#518 = CARTESIAN_POINT ( 'NONE',  ( -2.750377872676312396, 9.886915184308056936, -22.67508649483078642 ) ) ;
#519 = EDGE_CURVE ( 'NONE', #1055, #3590, #889, .T. ) ;
#520 = LINE ( 'NONE', #1942, #2948 ) ;
#521 = ORIENTED_EDGE ( 'NONE', *, *, #3906, .F. ) ;
#522 = DIRECTION ( 'NONE',  ( 0.9944301893505250733, 0.000000000000000000, -0.1053973363433762939 ) ) ;
#523 = EDGE_CURVE ( 'NONE', #2607, #2237, #832, .T. ) ;
#524 = DIRECTION ( 'NONE',  ( -0.000000000000000000, -1.000000000000000000, 0.000000000000000000 ) ) ;
#525 = EDGE_LOOP ( 'NONE', ( #3779, #3377, #955, #899 ) ) ;
#526 = CARTESIAN_POINT ( 'NONE',  ( 4.501160592792132320, 8.667429560400636390, -23.96693941113242232 ) ) ;
#527 = VERTEX_POINT ( 'NONE', #1279 ) ;
#528 = ORIENTED_EDGE ( 'NONE', *, *, #1557, .F. ) ;
#529 = CARTESIAN_POINT ( 'NONE',  ( -2.090070551050385195, 9.262979922230513807, 23.89269608730964123 ) ) ;
#530 = DIRECTION ( 'NONE',  ( -1.000000000000000000, 0.000000000000000000, -1.216773423528406629E-15 ) ) ;
#531 = VECTOR ( 'NONE', #4382, 1000.000000000000000 ) ;
#532 = FACE_OUTER_BOUND ( 'NONE', #3907, .T. ) ;
#533 = ORIENTED_EDGE ( 'NONE', *, *, #3371, .T. ) ;
#534 = CIRCLE ( 'NONE', #240, 1.000000000000000000 ) ;
#535 = VERTEX_POINT ( 'NONE', #1946 ) ;
#536 = DIRECTION ( 'NONE',  ( 0.000000000000000000, 0.000000000000000000, -1.000000000000000000 ) ) ;
#537 = VECTOR ( 'NONE', #2750, 1000.000000000000000 ) ;
#539 = DIRECTION ( 'NONE',  ( 0.000000000000000000, 0.000000000000000000, -1.000000000000000000 ) ) ;
#538 = AXIS2_PLACEMENT_3D ( 'NONE', #2395, #2144, #4288 ) ;
#540 = B_SPLINE_CURVE_WITH_KNOTS ( 'NONE', 3,
 ( #547, #4494, #1619, #595, #1975, #2019 ),
 .UNSPECIFIED., .F., .F.,
 ( 4, 2, 4 ),
 ( 0.000000000000000000, 0.001742120045167802004, 0.003484240090335604008 ),
 .UNSPECIFIED. ) ;
#541 = EDGE_CURVE ( 'NONE', #4623, #2998, #909, .T. ) ;
#542 = VERTEX_POINT ( 'NONE', #1998 ) ;
#543 = VECTOR ( 'NONE', #565, 1000.000000000000000 ) ;
#544 = DIRECTION ( 'NONE',  ( -0.000000000000000000, -1.000000000000000000, -0.000000000000000000 ) ) ;
#545 = CARTESIAN_POINT ( 'NONE',  ( -7.709039917235477546, 8.811999493429288677, 42.42276867198471990 ) ) ;
#546 = FACE_OUTER_BOUND ( 'NONE', #2031, .T. ) ;
#547 = CARTESIAN_POINT ( 'NONE',  ( 9.366540677831300954, 12.52498790603705991, 19.32517145800101943 ) ) ;
#548 = AXIS2_PLACEMENT_3D ( 'NONE', #609, #2789, #657 ) ;
#549 = AXIS2_PLACEMENT_3D ( 'NONE', #596, #3062, #147 ) ;
#550 = ADVANCED_FACE ( 'NONE', ( #2487, #2090 ), #2822, .F. ) ;
#551 = CARTESIAN_POINT ( 'NONE',  ( -7.959231392665746085, 10.78854304838581335, -21.63090059441268309 ) ) ;
#552 = AXIS2_PLACEMENT_3D ( 'NONE', #1053, #2051, #3897 ) ;
#553 = AXIS2_PLACEMENT_3D ( 'NONE', #4132, #2659, #4185 ) ;
#554 = ORIENTED_EDGE ( 'NONE', *, *, #3078, .F. ) ;
#555 = DIRECTION ( 'NONE',  ( -0.000000000000000000, -1.000000000000000000, 0.000000000000000000 ) ) ;
#556 = CARTESIAN_POINT ( 'NONE',  ( -8.836204146432567796, 11.92846119029923813, 39.77483256145369950 ) ) ;
#557 = CIRCLE ( 'NONE', #2560, 1.399999999999998579 ) ;
#558 = ORIENTED_EDGE ( 'NONE', *, *, #1409, .F. ) ;
#559 = VERTEX_POINT ( 'NONE', #1759 ) ;
#560 = CARTESIAN_POINT ( 'NONE',  ( 0.3665346778313049447, 3.900000000000000799, 39.99832061887032353 ) ) ;
#561 = CARTESIAN_POINT ( 'NONE',  ( -3.633465322168694112, 28.00000000000000000, 23.00000000000000000 ) ) ;
#562 =( BOUNDED_CURVE ( )  B_SPLINE_CURVE ( 3, ( #3813, #2718, #4528, #2059 ),
 .UNSPECIFIED., .F., .T. ) 
 B_SPLINE_CURVE_WITH_KNOTS ( ( 4, 4 ),
 ( 4.817982434802716263, 6.283185307179586232 ),
 .UNSPECIFIED. ) 
 CURVE ( )  GEOMETRIC_REPRESENTATION_ITEM ( )  RATIONAL_B_SPLINE_CURVE ( ( 1.000000000000000000, 0.8289580426858336182, 0.8289580426858336182, 1.000000000000000000 ) ) 
 REPRESENTATION_ITEM ( '' )  );
#563 = EDGE_CURVE ( 'NONE', #1282, #1855, #3916, .T. ) ;
#564 = EDGE_LOOP ( 'NONE', ( #626, #1286, #4179, #453 ) ) ;
#565 = DIRECTION ( 'NONE',  ( -0.000000000000000000, -1.000000000000000000, -0.000000000000000000 ) ) ;
#566 = FACE_OUTER_BOUND ( 'NONE', #1768, .T. ) ;
#567 = EDGE_CURVE ( 'NONE', #201, #1705, #1033, .T. ) ;
#568 = VERTEX_POINT ( 'NONE', #1396 ) ;
#569 = CARTESIAN_POINT ( 'NONE',  ( -3.429676541171084558, 9.381304388500009139, 23.22774420307593601 ) ) ;
#570 = CARTESIAN_POINT ( 'NONE',  ( 12.56259097639106237, 14.19605629855974982, -25.83512098734839668 ) ) ;
#571 = CARTESIAN_POINT ( 'NONE',  ( -2.136810140836601590, 9.314242720365658812, -23.86705033907202633 ) ) ;
#572 = PLANE ( 'NONE',  #477 ) ;
#573 = CARTESIAN_POINT ( 'NONE',  ( 13.13001153514424857, 29.00000000000000000, 29.49672888746014721 ) ) ;
#574 = CARTESIAN_POINT ( 'NONE',  ( 23.36653467783131433, 24.99999999999998579, 30.61247794325459282 ) ) ;
#575 = EDGE_CURVE ( 'NONE', #311, #3528, #2787, .T. ) ;
#576 = ORIENTED_EDGE ( 'NONE', *, *, #193, .F. ) ;
#577 = DIRECTION ( 'NONE',  ( -0.6863727697048173093, 0.6863727697048151999, -0.2403847790844473031 ) ) ;
#578 = FACE_OUTER_BOUND ( 'NONE', #3138, .T. ) ;
#579 = ORIENTED_EDGE ( 'NONE', *, *, #1468, .T. ) ;
#580 = ORIENTED_EDGE ( 'NONE', *, *, #3191, .T. ) ;
#581 = CARTESIAN_POINT ( 'NONE',  ( -7.633465322168706990, 0.000000000000000000, 30.28728536187929166 ) ) ;
#582 = CARTESIAN_POINT ( 'NONE',  ( -2.633465322168694112, 10.93252891026714479, 23.00000000000000000 ) ) ;
#583 = DIRECTION ( 'NONE',  ( 0.000000000000000000, 0.000000000000000000, -1.000000000000000000 ) ) ;
#584 = EDGE_CURVE ( 'NONE', #559, #3924, #3185, .T. ) ;
#585 = DIRECTION ( 'NONE',  ( -0.000000000000000000, 1.000000000000000000, -0.000000000000000000 ) ) ;
#586 = VERTEX_POINT ( 'NONE', #4567 ) ;
#587 = CARTESIAN_POINT ( 'NONE',  ( 19.69707412264255453, 22.00000000000001066, -30.73712189864361477 ) ) ;
#588 =( BOUNDED_CURVE ( )  B_SPLINE_CURVE ( 3, ( #3587, #1765, #3144, #3903 ),
 .UNSPECIFIED., .F., .F. ) 
 B_SPLINE_CURVE_WITH_KNOTS ( ( 4, 4 ),
 ( 3.141592653589793116, 4.375513890790031724 ),
 .UNSPECIFIED. ) 
 CURVE ( )  GEOMETRIC_REPRESENTATION_ITEM ( )  RATIONAL_B_SPLINE_CURVE ( ( 1.000000000000000000, 0.8770937881112429446, 0.8770937881112429446, 1.000000000000000000 ) ) 
 REPRESENTATION_ITEM ( '' )  );
#589 = DIRECTION ( 'NONE',  ( 0.000000000000000000, 0.000000000000000000, 1.000000000000000000 ) ) ;
#590 = EDGE_CURVE ( 'NONE', #846, #2592, #938, .T. ) ;
#591 = EDGE_CURVE ( 'NONE', #3445, #3851, #1417, .T. ) ;
#592 = VERTEX_POINT ( 'NONE', #2069 ) ;
#593 = CARTESIAN_POINT ( 'NONE',  ( 5.366534677831301003, 10.17876285550874194, -22.34285714285714164 ) ) ;
#594 = CARTESIAN_POINT ( 'NONE',  ( -1.633465322168701217, 9.045614421553143103, -24.00000000000000000 ) ) ;
#595 = CARTESIAN_POINT ( 'NONE',  ( 9.572695107053796448, 11.14749847763269486, 21.18824687799470752 ) ) ;
#596 = CARTESIAN_POINT ( 'NONE',  ( -20.63346532216869633, 29.00000000000000000, 30.61247794325458571 ) ) ;
#597 = ORIENTED_EDGE ( 'NONE', *, *, #3573, .F. ) ;
#598 = DIRECTION ( 'NONE',  ( 1.000000000000000000, 0.000000000000000000, 0.000000000000000000 ) ) ;
#599 = DIRECTION ( 'NONE',  ( 0.000000000000000000, -1.000000000000000000, 0.000000000000000000 ) ) ;
#600 = ORIENTED_EDGE ( 'NONE', *, *, #3712, .T. ) ;
#601 = ORIENTED_EDGE ( 'NONE', *, *, #1199, .T. ) ;
#602 = FACE_OUTER_BOUND ( 'NONE', #2699, .T. ) ;
#603 = DIRECTION ( 'NONE',  ( 0.000000000000000000, 0.000000000000000000, -1.000000000000000000 ) ) ;
#604 = DIRECTION ( 'NONE',  ( 0.000000000000000000, 1.000000000000000000, -0.000000000000000000 ) ) ;
#605 = CARTESIAN_POINT ( 'NONE',  ( -20.96400476697995430, 24.33053944481124020, -29.66868576516458589 ) ) ;
#606 = ORIENTED_EDGE ( 'NONE', *, *, #2841, .T. ) ;
#607 = EDGE_CURVE ( 'NONE', #3590, #1726, #4256, .T. ) ;
#608 = CARTESIAN_POINT ( 'NONE',  ( 9.366540677831300954, 8.673617379884035472E-16, 30.28728536187927745 ) ) ;
#609 = CARTESIAN_POINT ( 'NONE',  ( -10.39694217948164834, -6.099999999999997868, -28.08694877304561999 ) ) ;
#610 = ORIENTED_EDGE ( 'NONE', *, *, #208, .F. ) ;
#611 = EDGE_LOOP ( 'NONE', ( #1045, #3154, #4042, #3119 ) ) ;
#612 = DIRECTION ( 'NONE',  ( 0.000000000000000000, 0.000000000000000000, -1.000000000000000000 ) ) ;
#613 = CARTESIAN_POINT ( 'NONE',  ( -7.682034366723897278, 8.566487934088133471, 42.55315238120642363 ) ) ;
#614 = LINE ( 'NONE', #3491, #1444 ) ;
#615 = CIRCLE ( 'NONE', #2709, 1.899999999999999023 ) ;
#616 = CARTESIAN_POINT ( 'NONE',  ( 0.1665346778312974674, 29.00000000000000000, 37.00000000000000000 ) ) ;
#617 = AXIS2_PLACEMENT_3D ( 'NONE', #3902, #3348, #4394 ) ;
#618 = EDGE_CURVE ( 'NONE', #1391, #427, #1962, .T. ) ;
#619 = CIRCLE ( 'NONE', #2035, 8.000000000000000000 ) ;
#620 = CARTESIAN_POINT ( 'NONE',  ( 9.366540677831295625, 12.52494325944073950, -19.32518724763290408 ) ) ;
#621 = AXIS2_PLACEMENT_3D ( 'NONE', #4586, #2752, #4203 ) ;
#622 = EDGE_LOOP ( 'NONE', ( #3107, #2541, #2944, #912, #3323, #3658 ) ) ;
#623 = CARTESIAN_POINT ( 'NONE',  ( 4.366534677831306333, 28.00000000000000000, 23.00000000000000000 ) ) ;
#624 = ORIENTED_EDGE ( 'NONE', *, *, #1945, .T. ) ;
#625 = ADVANCED_FACE ( 'NONE', ( #2754 ), #2138, .F. ) ;
#626 = ORIENTED_EDGE ( 'NONE', *, *, #1224, .T. ) ;
#627 = AXIS2_PLACEMENT_3D ( 'NONE', #3218, #2475, #745 ) ;
#628 = CIRCLE ( 'NONE', #3253, 1.000000000000000888 ) ;
#629 = CARTESIAN_POINT ( 'NONE',  ( -11.85074984264930720, 15.21728452048061264, 26.47699770815204090 ) ) ;
#630 = DIRECTION ( 'NONE',  ( 0.000000000000000000, 0.000000000000000000, -1.000000000000000000 ) ) ;
#631 = VECTOR ( 'NONE', #1035, 1000.000000000000000 ) ;
#632 = DIRECTION ( 'NONE',  ( 1.000000000000000000, -0.000000000000000000, 0.000000000000000000 ) ) ;
#633 = ORIENTED_EDGE ( 'NONE', *, *, #1828, .F. ) ;
#634 = LINE ( 'NONE', #4600, #3935 ) ;
#635 = EDGE_CURVE ( 'NONE', #1621, #2923, #3595, .T. ) ;
#636 = CARTESIAN_POINT ( 'NONE',  ( -15.63346532216869988, 11.00000000000000355, -19.32535618980386261 ) ) ;
#637 = ADVANCED_FACE ( 'NONE', ( #1668 ), #2804, .T. ) ;
#638 = ORIENTED_EDGE ( 'NONE', *, *, #734, .F. ) ;
#639 = ORIENTED_EDGE ( 'NONE', *, *, #1632, .T. ) ;
#640 = CARTESIAN_POINT ( 'NONE',  ( -7.633465322168702549, 11.00000000000000355, -37.00000000000000711 ) ) ;
#641 = DIRECTION ( 'NONE',  ( -0.000000000000000000, 1.000000000000000000, -0.000000000000000000 ) ) ;
#642 = DIRECTION ( 'NONE',  ( -1.000000000000000000, 0.000000000000000000, 1.055918637551099853E-16 ) ) ;
#643 = EDGE_CURVE ( 'NONE', #3634, #354, #3208, .T. ) ;
#644 = DIRECTION ( 'NONE',  ( 0.000000000000000000, -1.000000000000000000, 0.000000000000000000 ) ) ;
#645 = ORIENTED_EDGE ( 'NONE', *, *, #2072, .F. ) ;
#646 = EDGE_CURVE ( 'NONE', #3924, #3806, #4609, .T. ) ;
#647 = DIRECTION ( 'NONE',  ( 0.000000000000000000, 0.000000000000000000, 1.000000000000000000 ) ) ;
#648 = EDGE_LOOP ( 'NONE', ( #1491, #868, #992, #3646 ) ) ;
#649 = ORIENTED_EDGE ( 'NONE', *, *, #3676, .F. ) ;
#650 = ADVANCED_FACE ( 'NONE', ( #1073, #4226 ), #1010, .T. ) ;
#651 = CARTESIAN_POINT ( 'NONE',  ( 16.52335598708429742, 18.15682130925298665, 36.24146520212402578 ) ) ;
#652 = ADVANCED_FACE ( 'NONE', ( #826 ), #3985, .F. ) ;
#653 = DIRECTION ( 'NONE',  ( 1.264902534566421675E-16, 0.000000000000000000, 1.000000000000000000 ) ) ;
#654 = DIRECTION ( 'NONE',  ( 0.000000000000000000, -1.000000000000000000, 0.000000000000000000 ) ) ;
#655 = DIRECTION ( 'NONE',  ( 0.1053973363433762939, 0.000000000000000000, 0.9944301893505250733 ) ) ;
#656 = EDGE_LOOP ( 'NONE', ( #2807, #2518, #74, #273 ) ) ;
#657 = DIRECTION ( 'NONE',  ( 0.000000000000000000, 0.000000000000000000, -1.000000000000000000 ) ) ;
#658 = DIRECTION ( 'NONE',  ( 1.216773423528406629E-15, -0.000000000000000000, -1.000000000000000000 ) ) ;
#659 = ORIENTED_EDGE ( 'NONE', *, *, #1757, .F. ) ;
#660 = ORIENTED_EDGE ( 'NONE', *, *, #2780, .F. ) ;
#661 = CARTESIAN_POINT ( 'NONE',  ( -7.633465322168702549, 7.686291501015265482, -44.00179448441493690 ) ) ;
#662 = CYLINDRICAL_SURFACE ( 'NONE', #1011, 8.000000000000000000 ) ;
#663 = DIRECTION ( 'NONE',  ( 0.000000000000000000, 1.000000000000000000, 0.000000000000000000 ) ) ;
#664 = DIRECTION ( 'NONE',  ( -0.000000000000000000, 0.000000000000000000, 1.000000000000000000 ) ) ;
#665 = EDGE_CURVE ( 'NONE', #1705, #3496, #4239, .T. ) ;
#666 = PLANE ( 'NONE',  #3183 ) ;
#667 = ORIENTED_EDGE ( 'NONE', *, *, #4599, .T. ) ;
#668 = ORIENTED_EDGE ( 'NONE', *, *, #854, .F. ) ;
#669 = UNCERTAINTY_MEASURE_WITH_UNIT (LENGTH_MEASURE( 1.000000000000000082E-05 ), #4353, 'distance_accuracy_value', 'NONE');
#670 = CARTESIAN_POINT ( 'NONE',  ( 23.36653467783131433, 25.00000000000002842, -30.61247794325459282 ) ) ;
#671 = DIRECTION ( 'NONE',  ( 0.000000000000000000, -0.000000000000000000, -1.000000000000000000 ) ) ;
#672 = DIRECTION ( 'NONE',  ( 0.000000000000000000, 1.000000000000000000, 0.000000000000000000 ) ) ;
#673 = CARTESIAN_POINT ( 'NONE',  ( -10.39694217948164834, 13.76347685731294490, 0.000000000000000000 ) ) ;
#674 = CARTESIAN_POINT ( 'NONE',  ( 13.46055097995550298, 29.00000000000000000, 28.55293670937014738 ) ) ;
#675 = ORIENTED_EDGE ( 'NONE', *, *, #1713, .T. ) ;
#676 = EDGE_CURVE ( 'NONE', #4602, #1833, #3233, .T. ) ;
#677 = DIRECTION ( 'NONE',  ( 0.000000000000000000, 0.000000000000000000, 1.000000000000000000 ) ) ;
#678 = DIRECTION ( 'NONE',  ( -0.000000000000000000, -1.000000000000000000, 0.000000000000000000 ) ) ;
#679 = B_SPLINE_CURVE_WITH_KNOTS ( 'NONE', 3,
 ( #3648, #2508, #1841, #3290, #4674, #3943 ),
 .UNSPECIFIED., .F., .F.,
 ( 4, 2, 4 ),
 ( 0.000000000000000000, 0.001991246773681860666, 0.003982493547363721333 ),
 .UNSPECIFIED. ) ;
#680 = EDGE_LOOP ( 'NONE', ( #1751, #1426, #3240, #3829 ) ) ;
#681 = ORIENTED_EDGE ( 'NONE', *, *, #1828, .T. ) ;
#682 = CARTESIAN_POINT ( 'NONE',  ( -14.66475933250270103, 11.00000000000000355, -36.25476954775443517 ) ) ;
#684 = CARTESIAN_POINT ( 'NONE',  ( -2.633465322168700329, 10.74895512284978416, -23.10528280722725825 ) ) ;
#683 = VECTOR ( 'NONE', #954, 1000.000000000000000 ) ;
#685 = AXIS2_PLACEMENT_3D ( 'NONE', #921, #2334, #3787 ) ;
#686 = DIRECTION ( 'NONE',  ( 0.000000000000000000, 0.000000000000000000, -1.000000000000000000 ) ) ;
#687 = DIRECTION ( 'NONE',  ( 0.000000000000000000, 1.000000000000000000, -0.000000000000000000 ) ) ;
#688 = AXIS2_PLACEMENT_3D ( 'NONE', #3295, #2466, #2095 ) ;
#689 = ADVANCED_FACE ( 'NONE', ( #398 ), #1777, .T. ) ;
#690 = AXIS2_PLACEMENT_3D ( 'NONE', #4463, #3764, #4128 ) ;
#691 = ORIENTED_EDGE ( 'NONE', *, *, #268, .F. ) ;
#692 = ORIENTED_EDGE ( 'NONE', *, *, #3788, .F. ) ;
#693 = CARTESIAN_POINT ( 'NONE',  ( 23.36653467783131433, 11.00000000000000355, 35.51617265383811173 ) ) ;
#694 = VECTOR ( 'NONE', #4267, 1000.000000000000000 ) ;
#695 = AXIS2_PLACEMENT_3D ( 'NONE', #2514, #2579, #4421 ) ;
#696 = CARTESIAN_POINT ( 'NONE',  ( 23.36653467783131433, 11.00000000000000355, 30.61247794325459282 ) ) ;
#697 = CARTESIAN_POINT ( 'NONE',  ( 23.36653467783131433, 29.00000000000000000, 30.61247794325459282 ) ) ;
#698 = ORIENTED_EDGE ( 'NONE', *, *, #317, .T. ) ;
#699 = CARTESIAN_POINT ( 'NONE',  ( -21.63346532216869988, 29.00000000000000000, -32.92229729729717747 ) ) ;
#700 = VECTOR ( 'NONE', #2305, 1000.000000000000000 ) ;
#701 = EDGE_LOOP ( 'NONE', ( #4420, #2808, #3847, #4002, #554, #406 ) ) ;
#702 = CARTESIAN_POINT ( 'NONE',  ( 4.366534677831301003, 28.00000000000000000, -24.00000000000000000 ) ) ;
#703 = VECTOR ( 'NONE', #3879, 1000.000000000000000 ) ;
#704 = LINE ( 'NONE', #3662, #1735 ) ;
#705 = EDGE_CURVE ( 'NONE', #4333, #1447, #3718, .T. ) ;
#706 = DIRECTION ( 'NONE',  ( -0.000000000000000000, -1.000000000000000000, -0.000000000000000000 ) ) ;
#707 = ORIENTED_EDGE ( 'NONE', *, *, #4026, .F. ) ;
#708 = VECTOR ( 'NONE', #4413, 1000.000000000000000 ) ;
#709 = ORIENTED_EDGE ( 'NONE', *, *, #998, .F. ) ;
#710 = CARTESIAN_POINT ( 'NONE',  ( -1.633465322168700107, 9.045614421553137774, -25.00000000000000000 ) ) ;
#711 = LINE ( 'NONE', #2109, #2034 ) ;
#712 = EDGE_CURVE ( 'NONE', #1023, #4603, #161, .T. ) ;
#713 = CARTESIAN_POINT ( 'NONE',  ( -12.98914976367865215, 29.00000000000000000, -26.87569361452386119 ) ) ;
#714 = DIRECTION ( 'NONE',  ( -0.000000000000000000, 1.000000000000000000, -0.000000000000000000 ) ) ;
#715 = DIRECTION ( 'NONE',  ( 1.000000000000000000, 0.000000000000000000, -7.884785137984479828E-17 ) ) ;
#716 = ORIENTED_EDGE ( 'NONE', *, *, #2638, .F. ) ;
#717 = EDGE_LOOP ( 'NONE', ( #1943, #2165, #4054, #3340, #3363, #4498, #1451, #1982 ) ) ;
#718 = DIRECTION ( 'NONE',  ( 0.000000000000000000, -1.000000000000000000, 0.000000000000000000 ) ) ;
#719 = ORIENTED_EDGE ( 'NONE', *, *, #2925, .F. ) ;
#720 = CARTESIAN_POINT ( 'NONE',  ( 12.13001153514424857, 29.00000000000000000, -34.69590351907579162 ) ) ;
#721 = VERTEX_POINT ( 'NONE', #4055 ) ;
#722 = DIRECTION ( 'NONE',  ( 1.000000000000000000, 0.000000000000000000, 0.000000000000000000 ) ) ;
#723 = ADVANCED_FACE ( 'NONE', ( #1845 ), #2910, .F. ) ;
#724 = CARTESIAN_POINT ( 'NONE',  ( 0.1665346778312998544, 5.000000000000000000, 45.00000000000000000 ) ) ;
#725 = CARTESIAN_POINT ( 'NONE',  ( -7.633465322168695444, 29.00000000000000000, 42.55315238120643784 ) ) ;
#726 = FACE_OUTER_BOUND ( 'NONE', #3203, .T. ) ;
#727 = VERTEX_POINT ( 'NONE', #1464 ) ;
#728 = ORIENTED_EDGE ( 'NONE', *, *, #618, .T. ) ;
#729 = ADVANCED_FACE ( 'NONE', ( #4393 ), #2511, .F. ) ;
#730 = DIRECTION ( 'NONE',  ( -1.000000000000000000, 0.000000000000000000, 0.000000000000000000 ) ) ;
#731 = CARTESIAN_POINT ( 'NONE',  ( 0.3665346778313049447, 0.000000000000000000, 39.99832061887032353 ) ) ;
#732 = CARTESIAN_POINT ( 'NONE',  ( 9.366546677831298240, 15.98947277682981394, -13.39179524679751587 ) ) ;
#733 = EDGE_CURVE ( 'NONE', #2525, #586, #93, .T. ) ;
#734 = EDGE_CURVE ( 'NONE', #4549, #3395, #1101, .T. ) ;
#735 = CARTESIAN_POINT ( 'NONE',  ( -11.39694217948164834, 14.76347685731296444, -34.58431484429377889 ) ) ;
#736 = CARTESIAN_POINT ( 'NONE',  ( 5.325972031681743601, 9.779033494068904986, 22.79513685568717918 ) ) ;
#737 = EDGE_LOOP ( 'NONE', ( #2371, #135, #4613, #1695, #4402, #422 ) ) ;
#738 = ORIENTED_EDGE ( 'NONE', *, *, #4428, .F. ) ;
#739 = CARTESIAN_POINT ( 'NONE',  ( 16.52335598708429032, 29.00000000000000000, -36.24146520212402578 ) ) ;
#740 = DIRECTION ( 'NONE',  ( 0.000000000000000000, 0.000000000000000000, -1.000000000000000000 ) ) ;
#741 = EDGE_LOOP ( 'NONE', ( #4061, #4507, #3545, #707 ) ) ;
#742 = CARTESIAN_POINT ( 'NONE',  ( 5.324509970855634045, 9.772807244581255048, 22.80205253905380047 ) ) ;
#743 = ORIENTED_EDGE ( 'NONE', *, *, #3289, .T. ) ;
#744 = ORIENTED_EDGE ( 'NONE', *, *, #437, .F. ) ;
#745 = DIRECTION ( 'NONE',  ( 0.000000000000000000, 0.000000000000000000, -1.000000000000000000 ) ) ;
#746 = DIRECTION ( 'NONE',  ( -0.000000000000000000, 1.000000000000000000, -0.000000000000000000 ) ) ;
#747 = DIRECTION ( 'NONE',  ( 0.000000000000000000, -0.000000000000000000, -1.000000000000000000 ) ) ;
#748 = ORIENTED_EDGE ( 'NONE', *, *, #3875, .F. ) ;
#749 = EDGE_CURVE ( 'NONE', #4602, #3140, #3273, .T. ) ;
#750 = VERTEX_POINT ( 'NONE', #3603 ) ;
#751 = CARTESIAN_POINT ( 'NONE',  ( 3.822916849562945529, 9.262721308895503824, 23.89282558268500978 ) ) ;
#752 = DIRECTION ( 'NONE',  ( -0.000000000000000000, -0.000000000000000000, -1.000000000000000000 ) ) ;
#753 = CARTESIAN_POINT ( 'NONE',  ( 9.366546677831300016, 18.55071506159122308, -3.425737366893158331 ) ) ;
#754 = CARTESIAN_POINT ( 'NONE',  ( 23.36653467783131433, 24.99999999999998579, 30.17272353204452884 ) ) ;
#755 = VECTOR ( 'NONE', #1583, 1000.000000000000000 ) ;
#756 = ADVANCED_FACE ( 'NONE', ( #2201 ), #372, .F. ) ;
#757 = CARTESIAN_POINT ( 'NONE',  ( 19.69707412264255808, 21.33053944481126152, -30.73712189864361477 ) ) ;
#758 = ORIENTED_EDGE ( 'NONE', *, *, #2183, .T. ) ;
#759 = CIRCLE ( 'NONE', #4071, 0.9999999999999993339 ) ;
#760 = CARTESIAN_POINT ( 'NONE',  ( 4.892055898044973539, 6.525521220213635232, -25.55203706960580945 ) ) ;
#761 =( NAMED_UNIT ( * ) PLANE_ANGLE_UNIT ( ) SI_UNIT ( $, .RADIAN. ) );
#762 = AXIS2_PLACEMENT_3D ( 'NONE', #895, #2810, #2056 ) ;
#763 = ORIENTED_EDGE ( 'NONE', *, *, #1468, .F. ) ;
#764 =( BOUNDED_CURVE ( )  B_SPLINE_CURVE ( 3, ( #1039, #629, #2495, #1381 ),
 .UNSPECIFIED., .F., .F. ) 
 B_SPLINE_CURVE_WITH_KNOTS ( ( 4, 4 ),
 ( 5.049264069979346736, 5.497787143782138841 ),
 .UNSPECIFIED. ) 
 CURVE ( )  GEOMETRIC_REPRESENTATION_ITEM ( )  RATIONAL_B_SPLINE_CURVE ( ( 1.000000000000000000, 0.9833057313855608772, 0.9833057313855608772, 1.000000000000000000 ) ) 
 REPRESENTATION_ITEM ( '' )  );
#765 = VECTOR ( 'NONE', #1405, 1000.000000000000000 ) ;
#766 = DIRECTION ( 'NONE',  ( 0.000000000000000000, 0.000000000000000000, 1.000000000000000000 ) ) ;
#767 = ORIENTED_EDGE ( 'NONE', *, *, #850, .T. ) ;
#768 = ORIENTED_EDGE ( 'NONE', *, *, #2841, .F. ) ;
#769 = AXIS2_PLACEMENT_3D ( 'NONE', #368, #1793, #803 ) ;
#770 = AXIS2_PLACEMENT_3D ( 'NONE', #358, #1782, #4664 ) ;
#771 = CARTESIAN_POINT ( 'NONE',  ( 4.366534677831301003, 10.93252891026719986, -23.00000000000000000 ) ) ;
#772 = FACE_BOUND ( 'NONE', #2705, .T. ) ;
#773 = VECTOR ( 'NONE', #2928, 1000.000000000000000 ) ;
#774 = VECTOR ( 'NONE', #1145, 1000.000000000000114 ) ;
#775 = CARTESIAN_POINT ( 'NONE',  ( -7.599230604281705936, 7.560764202096274644, -43.00507747612083165 ) ) ;
#776 = ORIENTED_EDGE ( 'NONE', *, *, #3840, .T. ) ;
#777 = VERTEX_POINT ( 'NONE', #2221 ) ;
#778 = AXIS2_PLACEMENT_3D ( 'NONE', #2234, #3382, #4098 ) ;
#779 = FACE_OUTER_BOUND ( 'NONE', #4363, .T. ) ;
#780 = DIRECTION ( 'NONE',  ( 0.000000000000000000, 0.000000000000000000, 1.000000000000000000 ) ) ;
#781 = EDGE_CURVE ( 'NONE', #1641, #2285, #254, .T. ) ;
#782 = DIRECTION ( 'NONE',  ( 0.000000000000000000, 0.000000000000000000, 1.000000000000000000 ) ) ;
#783 = VECTOR ( 'NONE', #4680, 1000.000000000000000 ) ;
#784 = DIRECTION ( 'NONE',  ( 0.000000000000000000, -3.469446951953611033E-15, -1.000000000000000000 ) ) ;
#785 = CARTESIAN_POINT ( 'NONE',  ( 13.46055097995550298, 15.09401630212419221, -28.55293670937014738 ) ) ;
#786 = CARTESIAN_POINT ( 'NONE',  ( -3.424936231274255061, 9.372404737904400207, -23.23728155672620233 ) ) ;
#787 = EDGE_CURVE ( 'NONE', #3384, #2419, #4086, .T. ) ;
#788 = CARTESIAN_POINT ( 'NONE',  ( -17.96400476697995430, 29.00000000000000000, -30.73712189864361477 ) ) ;
#789 = ADVANCED_FACE ( 'NONE', ( #2891 ), #1488, .T. ) ;
#790 = DIRECTION ( 'NONE',  ( 0.6863727697048170873, -0.6863727697048151999, 0.2403847790844476362 ) ) ;
#791 = ORIENTED_EDGE ( 'NONE', *, *, #2871, .F. ) ;
#792 = CARTESIAN_POINT ( 'NONE',  ( 0.1665346778312972453, 5.000000000000000000, -37.00000000000000000 ) ) ;
#793 = ORIENTED_EDGE ( 'NONE', *, *, #102, .F. ) ;
#794 = ADVANCED_FACE ( 'NONE', ( #2727 ), #4106, .F. ) ;
#795 = ORIENTED_EDGE ( 'NONE', *, *, #575, .T. ) ;
#796 = EDGE_CURVE ( 'NONE', #359, #2470, #2416, .T. ) ;
#797 = ADVANCED_FACE ( 'NONE', ( #494 ), #2978, .F. ) ;
#798 = CARTESIAN_POINT ( 'NONE',  ( -21.63346532216869988, 25.00000000000002842, 30.17272353204452173 ) ) ;
#799 = CARTESIAN_POINT ( 'NONE',  ( -12.88804115783791637, 16.25457583566922182, 36.44307976303947072 ) ) ;
#800 = DIRECTION ( 'NONE',  ( 0.9437921780900001556, 0.000000000000000000, -0.3305394448112560224 ) ) ;
#801 = ORIENTED_EDGE ( 'NONE', *, *, #2038, .F. ) ;
#802 = PLANE ( 'NONE',  #3322 ) ;
#803 = DIRECTION ( 'NONE',  ( 0.000000000000000000, 0.000000000000000000, -1.000000000000000000 ) ) ;
#804 = PLANE ( 'NONE',  #2335 ) ;
#805 = CARTESIAN_POINT ( 'NONE',  ( -7.633465322168693667, 7.686291501015230843, 42.70451398288387423 ) ) ;
#806 = CARTESIAN_POINT ( 'NONE',  ( -11.72748162429290275, 28.99999999999998934, 28.55293670937014738 ) ) ;
#807 = CARTESIAN_POINT ( 'NONE',  ( 4.794596756284873251, 8.921130520950873333, 23.70864123914443411 ) ) ;
#808 = ORIENTED_EDGE ( 'NONE', *, *, #2530, .T. ) ;
#809 = ADVANCED_FACE ( 'NONE', ( #1568 ), #3002, .F. ) ;
#810 = EDGE_CURVE ( 'NONE', #3367, #750, #1231, .T. ) ;
#811 = PLANE ( 'NONE',  #463 ) ;
#812 = DIRECTION ( 'NONE',  ( 0.000000000000000000, 1.000000000000000000, -0.000000000000000000 ) ) ;
#813 = VERTEX_POINT ( 'NONE', #2346 ) ;
#814 = CARTESIAN_POINT ( 'NONE',  ( 9.366540677831300954, 7.686291771897312053, 24.91475772737173244 ) ) ;
#815 = VERTEX_POINT ( 'NONE', #3796 ) ;
#816 = ORIENTED_EDGE ( 'NONE', *, *, #4314, .T. ) ;
#817 = FACE_OUTER_BOUND ( 'NONE', #741, .T. ) ;
#818 = CARTESIAN_POINT ( 'NONE',  ( -10.86981681862243931, 14.23635149645373765, 34.64578463901410998 ) ) ;
#819 = DIRECTION ( 'NONE',  ( 0.000000000000000000, 0.000000000000000000, -1.000000000000000000 ) ) ;
#820 = EDGE_CURVE ( 'NONE', #236, #3434, #330, .T. ) ;
#821 = PLANE ( 'NONE',  #2777 ) ;
#822 = ORIENTED_EDGE ( 'NONE', *, *, #3275, .T. ) ;
#823 = DIRECTION ( 'NONE',  ( -0.9437921780900003776, 0.000000000000000000, 0.3305394448112555228 ) ) ;
#824 = DIRECTION ( 'NONE',  ( 0.000000000000000000, 0.000000000000000000, -1.000000000000000000 ) ) ;
#825 = ORIENTED_EDGE ( 'NONE', *, *, #4277, .F. ) ;
#826 = FACE_OUTER_BOUND ( 'NONE', #3974, .T. ) ;
#827 = CARTESIAN_POINT ( 'NONE',  ( -10.81115574185474415, 14.17769041968604071, 28.49672888746014010 ) ) ;
#828 = PLANE ( 'NONE',  #2625 ) ;
#829 = CARTESIAN_POINT ( 'NONE',  ( 4.491148652019777643, 8.679279131048401652, 23.95464301863571421 ) ) ;
#830 = ORIENTED_EDGE ( 'NONE', *, *, #951, .T. ) ;
#831 = CARTESIAN_POINT ( 'NONE',  ( 20.36653467783130367, 21.99999999999998579, 31.68091407673361104 ) ) ;
#832 =( BOUNDED_CURVE ( )  B_SPLINE_CURVE ( 3, ( #3398, #4541, #1600, #4160 ),
 .UNSPECIFIED., .F., .F. ) 
 B_SPLINE_CURVE_WITH_KNOTS ( ( 4, 4 ),
 ( 1.570796326794896780, 2.356194490192347057 ),
 .UNSPECIFIED. ) 
 CURVE ( )  GEOMETRIC_REPRESENTATION_ITEM ( )  RATIONAL_B_SPLINE_CURVE ( ( 1.000000000000000000, 0.9492530216741910110, 0.9492530216741910110, 1.000000000000000000 ) ) 
 REPRESENTATION_ITEM ( '' )  );
#833 = VERTEX_POINT ( 'NONE', #1754 ) ;
#834 = CARTESIAN_POINT ( 'NONE',  ( 5.366534677831301003, 10.17876285550874016, -22.34285714285713809 ) ) ;
#835 = CIRCLE ( 'NONE', #1501, 1.000000000000000888 ) ;
#836 = ORIENTED_EDGE ( 'NONE', *, *, #1199, .F. ) ;
#837 = VERTEX_POINT ( 'NONE', #237 ) ;
#838 = AXIS2_PLACEMENT_3D ( 'NONE', #2959, #97, #2293 ) ;
#839 = DIRECTION ( 'NONE',  ( -1.264902534566421675E-16, 0.000000000000000000, -1.000000000000000000 ) ) ;
#840 = LINE ( 'NONE', #1984, #392 ) ;
#841 = CARTESIAN_POINT ( 'NONE',  ( 0.1665346778312998544, 29.00000000000000000, 43.60000000000000142 ) ) ;
#842 = AXIS2_PLACEMENT_3D ( 'NONE', #2086, #2771, #1393 ) ;
#843 = VECTOR ( 'NONE', #3831, 1000.000000000000000 ) ;
#844 = ORIENTED_EDGE ( 'NONE', *, *, #3493, .T. ) ;
#845 = CARTESIAN_POINT ( 'NONE',  ( 9.366534677831291233, 7.686291501015213079, -57.50000000000000000 ) ) ;
#846 = VERTEX_POINT ( 'NONE', #1413 ) ;
#847 = VECTOR ( 'NONE', #752, 1000.000000000000000 ) ;
#848 = AXIS2_PLACEMENT_3D ( 'NONE', #1792, #1190, #4039 ) ;
#849 = FACE_OUTER_BOUND ( 'NONE', #482, .T. ) ;
#850 = EDGE_CURVE ( 'NONE', #4665, #1236, #2016, .T. ) ;
#851 = CARTESIAN_POINT ( 'NONE',  ( -11.72748162429290275, 13.76347685731295023, -28.55293670937014738 ) ) ;
#852 = VECTOR ( 'NONE', #4112, 1000.000000000000000 ) ;
#853 = AXIS2_PLACEMENT_3D ( 'NONE', #2575, #2549, #2867 ) ;
#854 = EDGE_CURVE ( 'NONE', #1420, #4386, #4014, .T. ) ;
#855 = ORIENTED_EDGE ( 'NONE', *, *, #3515, .F. ) ;
#856 = CARTESIAN_POINT ( 'NONE',  ( -1.943274914210515680, 8.363804254075908773, 24.26807102384040959 ) ) ;
#857 = FACE_OUTER_BOUND ( 'NONE', #4533, .T. ) ;
#858 = CARTESIAN_POINT ( 'NONE',  ( -2.382681007005024387, 8.484036388919452776, -24.14961114164332301 ) ) ;
#859 = CIRCLE ( 'NONE', #2805, 3.000000000000002665 ) ;
#860 = DIRECTION ( 'NONE',  ( -1.000000000000000000, 0.000000000000000000, 1.055918637551099976E-16 ) ) ;
#861 = VERTEX_POINT ( 'NONE', #4274 ) ;
#862 = CIRCLE ( 'NONE', #4399, 1.899999999999999023 ) ;
#863 = DIRECTION ( 'NONE',  ( 0.000000000000000000, -1.000000000000000000, 0.000000000000000000 ) ) ;
#864 = CARTESIAN_POINT ( 'NONE',  ( -15.50793802324966464, 29.00000000000000000, 44.21021106255863486 ) ) ;
#865 = EDGE_LOOP ( 'NONE', ( #3358, #2280, #3732, #3850 ) ) ;
#866 = CARTESIAN_POINT ( 'NONE',  ( -18.63346532216869988, 29.00000000000000000, 31.68091407673361104 ) ) ;
#867 = EDGE_LOOP ( 'NONE', ( #446, #2190 ) ) ;
#868 = ORIENTED_EDGE ( 'NONE', *, *, #3725, .T. ) ;
#869 =( BOUNDED_CURVE ( )  B_SPLINE_CURVE ( 3, ( #4037, #3319, #4287, #785 ),
 .UNSPECIFIED., .F., .T. ) 
 B_SPLINE_CURVE_WITH_KNOTS ( ( 4, 4 ),
 ( 0.000000000000000000, 1.907671416389554953 ),
 .UNSPECIFIED. ) 
 CURVE ( )  GEOMETRIC_REPRESENTATION_ITEM ( )  RATIONAL_B_SPLINE_CURVE ( ( 1.000000000000000000, 0.7190391957001960321, 0.7190391957001960321, 1.000000000000000000 ) ) 
 REPRESENTATION_ITEM ( '' )  );
#870 = CARTESIAN_POINT ( 'NONE',  ( -2.552449388967789723, 10.19956190013014741, 23.40808885857792632 ) ) ;
#871 = CARTESIAN_POINT ( 'NONE',  ( 22.69707412264256874, 24.33053944481128283, -29.66868576516459299 ) ) ;
#872 = FACE_OUTER_BOUND ( 'NONE', #1385, .T. ) ;
#873 = ORIENTED_EDGE ( 'NONE', *, *, #2757, .F. ) ;
#874 = EDGE_CURVE ( 'NONE', #4386, #3706, #3132, .T. ) ;
#875 = EDGE_CURVE ( 'NONE', #2325, #3498, #1687, .T. ) ;
#876 = ORIENTED_EDGE ( 'NONE', *, *, #1273, .T. ) ;
#877 = LINE ( 'NONE', #4456, #930 ) ;
#878 = FACE_OUTER_BOUND ( 'NONE', #428, .T. ) ;
#879 = EDGE_CURVE ( 'NONE', #3496, #1117, #4324, .T. ) ;
#880 = VERTEX_POINT ( 'NONE', #3530 ) ;
#881 = CARTESIAN_POINT ( 'NONE',  ( -2.633465322168694556, 10.93252891026714302, 23.00000000000000000 ) ) ;
#882 = CARTESIAN_POINT ( 'NONE',  ( -7.837396246672716948, 9.495809477005556332, 41.93148008839971652 ) ) ;
#883 = CARTESIAN_POINT ( 'NONE',  ( -2.758079296356804377, 8.679279131048719620, -23.95464301863544776 ) ) ;
#884 = ADVANCED_FACE ( 'NONE', ( #2454 ), #4222, .T. ) ;
#885 = DIRECTION ( 'NONE',  ( 0.000000000000000000, 0.000000000000000000, -1.000000000000000000 ) ) ;
#886 = EDGE_CURVE ( 'NONE', #2607, #2849, #2839, .T. ) ;
#887 = VERTEX_POINT ( 'NONE', #593 ) ;
#888 = EDGE_CURVE ( 'NONE', #3738, #3234, #3108, .T. ) ;
#889 = LINE ( 'NONE', #2297, #4245 ) ;
#890 = LINE ( 'NONE', #3399, #1449 ) ;
#891 = ORIENTED_EDGE ( 'NONE', *, *, #989, .T. ) ;
#892 = CARTESIAN_POINT ( 'NONE',  ( 4.276335656318983602, 9.082355436280352023, -23.54510129389483808 ) ) ;
#893 = ORIENTED_EDGE ( 'NONE', *, *, #2259, .T. ) ;
#894 = EDGE_LOOP ( 'NONE', ( #226, #1001, #1906, #3227 ) ) ;
#895 = CARTESIAN_POINT ( 'NONE',  ( 17.36653467783130012, 7.686291501015251271, 35.51617265383811173 ) ) ;
#896 = CARTESIAN_POINT ( 'NONE',  ( 14.68503592472800534, 16.31850124689669457, -36.43630445780419080 ) ) ;
#897 = CARTESIAN_POINT ( 'NONE',  ( -20.96400476697995430, 29.00000000000000000, 29.66868576516458589 ) ) ;
#898 = DIRECTION ( 'NONE',  ( -0.000000000000000000, 1.000000000000000000, 0.000000000000000000 ) ) ;
#899 = ORIENTED_EDGE ( 'NONE', *, *, #1268, .T. ) ;
#900 = CARTESIAN_POINT ( 'NONE',  ( 4.105349448163297055, 8.480023991296421926, -24.15358129928947406 ) ) ;
#901 = DIRECTION ( 'NONE',  ( 0.000000000000000000, -1.000000000000000000, 0.000000000000000000 ) ) ;
#902 = ADVANCED_FACE ( 'NONE', ( #3556 ), #3155, .T. ) ;
#903 = ORIENTED_EDGE ( 'NONE', *, *, #4472, .T. ) ;
#904 = CARTESIAN_POINT ( 'NONE',  ( -2.708354734846175838, 10.04218198420121233, 22.49952022555801179 ) ) ;
#905 = LINE ( 'NONE', #517, #3469 ) ;
#906 = PLANE ( 'NONE',  #4097 ) ;
#907 = EDGE_LOOP ( 'NONE', ( #1780, #4459, #2005, #2557, #873, #2694, #4425, #1067 ) ) ;
#908 = EDGE_CURVE ( 'NONE', #2711, #3590, #628, .T. ) ;
#909 = LINE ( 'NONE', #937, #2189 ) ;
#910 = ADVANCED_FACE ( 'NONE', ( #2434 ), #1706, .T. ) ;
#911 = CARTESIAN_POINT ( 'NONE',  ( 0.3665346778313054998, 0.000000000000000000, 34.99832061887033063 ) ) ;
#912 = ORIENTED_EDGE ( 'NONE', *, *, #635, .T. ) ;
#913 = CARTESIAN_POINT ( 'NONE',  ( -17.73886265851207966, 29.00000000000000000, 33.91775049192354174 ) ) ;
#914 = DIRECTION ( 'NONE',  ( 0.000000000000000000, 0.000000000000000000, -1.000000000000000000 ) ) ;
#915 = ORIENTED_EDGE ( 'NONE', *, *, #4368, .F. ) ;
#916 = VERTEX_POINT ( 'NONE', #2798 ) ;
#917 = FACE_OUTER_BOUND ( 'NONE', #2776, .T. ) ;
#918 = CARTESIAN_POINT ( 'NONE',  ( -11.50233951582502456, 14.86887419365632468, 34.57874503364429586 ) ) ;
#919 = EDGE_CURVE ( 'NONE', #4291, #3216, #393, .T. ) ;
#920 = VECTOR ( 'NONE', #3575, 1000.000000000000000 ) ;
#921 = CARTESIAN_POINT ( 'NONE',  ( 17.36653467783128946, 7.686291501015213079, -57.50000000000000000 ) ) ;
#922 = ORIENTED_EDGE ( 'NONE', *, *, #1794, .T. ) ;
#923 = AXIS2_PLACEMENT_3D ( 'NONE', #1904, #2942, #3703 ) ;
#924 = EDGE_LOOP ( 'NONE', ( #2255, #4448, #4115, #1905 ) ) ;
#925 = DIRECTION ( 'NONE',  ( -1.055918637551099853E-16, -1.055918637551096771E-16, -1.000000000000000000 ) ) ;
#926 = AXIS2_PLACEMENT_3D ( 'NONE', #1847, #338, #444 ) ;
#928 = CARTESIAN_POINT ( 'NONE',  ( 17.36653467783129301, 29.00000000000000000, -19.32535618980386261 ) ) ;
#927 = CIRCLE ( 'NONE', #3547, 1.000000000000000888 ) ;
#929 = ORIENTED_EDGE ( 'NONE', *, *, #975, .F. ) ;
#930 = VECTOR ( 'NONE', #925, 1000.000000000000000 ) ;
#931 = CARTESIAN_POINT ( 'NONE',  ( 0.1665346778313000209, 29.00000000000000000, 46.39999999999999858 ) ) ;
#932 = CARTESIAN_POINT ( 'NONE',  ( -7.746202790867194210, 9.044281964039281974, 42.26462832692488547 ) ) ;
#933 = CARTESIAN_POINT ( 'NONE',  ( -2.061989883892074271, 8.718086475743582753, -23.91861065940388897 ) ) ;
#934 = DIRECTION ( 'NONE',  ( 0.000000000000000000, 0.000000000000000000, 1.000000000000000000 ) ) ;
#935 = CIRCLE ( 'NONE', #92, 1.399999999999998579 ) ;
#936 = AXIS2_PLACEMENT_3D ( 'NONE', #1862, #4574, #116 ) ;
#937 = CARTESIAN_POINT ( 'NONE',  ( 12.13001153514424857, 13.76347685731295734, 33.58431484429377889 ) ) ;
#938 = CIRCLE ( 'NONE', #3560, 1.399999999999998579 ) ;
#939 = CARTESIAN_POINT ( 'NONE',  ( 4.366534677831301003, 10.93252891026719986, -23.00000000000000000 ) ) ;
#940 = ORIENTED_EDGE ( 'NONE', *, *, #2314, .T. ) ;
#941 = LINE ( 'NONE', #2022, #3106 ) ;
#942 = CARTESIAN_POINT ( 'NONE',  ( 3.444641849724706884, 9.045614428807994045, -24.00000000000001776 ) ) ;
#943 = ORIENTED_EDGE ( 'NONE', *, *, #4007, .T. ) ;
#944 = ORIENTED_EDGE ( 'NONE', *, *, #1395, .T. ) ;
#945 = EDGE_CURVE ( 'NONE', #4562, #2972, #4000, .T. ) ;
#946 = CARTESIAN_POINT ( 'NONE',  ( -2.633465322168694112, 28.00000000000000000, 24.00000000000000000 ) ) ;
#947 = LINE ( 'NONE', #3502, #1008 ) ;
#948 = CYLINDRICAL_SURFACE ( 'NONE', #1802, 4.999999999999997335 ) ;
#949 = CARTESIAN_POINT ( 'NONE',  ( -9.583285630688235912, 12.94982030851953070, 36.79334309329407660 ) ) ;
#950 = EDGE_CURVE ( 'NONE', #2307, #4378, #4604, .T. ) ;
#951 = EDGE_CURVE ( 'NONE', #375, #3401, #1801, .T. ) ;
#952 = ORIENTED_EDGE ( 'NONE', *, *, #2782, .F. ) ;
#953 = LINE ( 'NONE', #2673, #1659 ) ;
#954 = DIRECTION ( 'NONE',  ( 0.000000000000000000, 1.000000000000000000, 0.000000000000000000 ) ) ;
#955 = ORIENTED_EDGE ( 'NONE', *, *, #336, .T. ) ;
#956 = CARTESIAN_POINT ( 'NONE',  ( 9.366534677831301892, 29.00000000000000000, 44.19690671692822548 ) ) ;
#957 = CYLINDRICAL_SURFACE ( 'NONE', #1077, 1.000000000000000000 ) ;
#958 = CARTESIAN_POINT ( 'NONE',  ( -2.640154961012599166, 8.606713414295359854, -24.02741209074500617 ) ) ;
#959 = CARTESIAN_POINT ( 'NONE',  ( -21.63346532216869988, 29.00000000000000000, 30.61247794325458571 ) ) ;
#960 = ADVANCED_BREP_SHAPE_REPRESENTATION ( 'Steering Posts', ( #3074, #4545 ), #4010 ) ;
#961 = CARTESIAN_POINT ( 'NONE',  ( 4.099729220487357217, 9.664711045964477165, -23.68967225049215131 ) ) ;
#962 = ORIENTED_EDGE ( 'NONE', *, *, #3805, .T. ) ;
#963 = CARTESIAN_POINT ( 'NONE',  ( 0.3665346778313049447, 3.900000000000000799, 39.99832061887032353 ) ) ;
#964 = CARTESIAN_POINT ( 'NONE',  ( -21.63346532216869988, 29.00000000000000000, -35.51617265383810462 ) ) ;
#965 = EDGE_CURVE ( 'NONE', #2592, #846, #2790, .T. ) ;
#966 = ORIENTED_EDGE ( 'NONE', *, *, #3042, .F. ) ;
#967 = VERTEX_POINT ( 'NONE', #2907 ) ;
#968 = LINE ( 'NONE', #3163, #4240 ) ;
#969 = CARTESIAN_POINT ( 'NONE',  ( -7.681434555764624861, 8.561052434163862301, -42.55315238120665811 ) ) ;
#970 = DIRECTION ( 'NONE',  ( 0.000000000000000000, 0.000000000000000000, 1.000000000000000000 ) ) ;
#971 = CARTESIAN_POINT ( 'NONE',  ( 9.366534677831291233, 29.00000000000000000, -51.28728536187934850 ) ) ;
#972 = ORIENTED_EDGE ( 'NONE', *, *, #749, .F. ) ;
#973 = ADVANCED_FACE ( 'NONE', ( #779 ), #2480, .F. ) ;
#974 = CARTESIAN_POINT ( 'NONE',  ( -1.633465322168694556, 28.00000000000000000, 25.00000000000000000 ) ) ;
#975 = EDGE_CURVE ( 'NONE', #559, #2251, #4365, .T. ) ;
#976 = DIRECTION ( 'NONE',  ( 0.000000000000000000, 1.000000000000000000, 0.000000000000000000 ) ) ;
#977 = ORIENTED_EDGE ( 'NONE', *, *, #328, .F. ) ;
#978 = DIRECTION ( 'NONE',  ( 0.000000000000000000, 0.000000000000000000, 1.000000000000000000 ) ) ;
#979 = DIRECTION ( 'NONE',  ( 0.9437921780900001556, 0.000000000000000000, -0.3305394448112560224 ) ) ;
#980 = CARTESIAN_POINT ( 'NONE',  ( 13.13001153514424857, 14.76347685731293424, -34.58431484429377889 ) ) ;
#981 = FACE_OUTER_BOUND ( 'NONE', #1257, .T. ) ;
#982 = CARTESIAN_POINT ( 'NONE',  ( 19.47193201417467989, 21.99999999999998579, 33.91775049192354174 ) ) ;
#983 = EDGE_LOOP ( 'NONE', ( #3453, #4113, #1037, #435 ) ) ;
#984 = CARTESIAN_POINT ( 'NONE',  ( 0.1665346778312998544, 5.000000000000000000, 45.00000000000000000 ) ) ;
#985 = VERTEX_POINT ( 'NONE', #3222 ) ;
#986 = ORIENTED_EDGE ( 'NONE', *, *, #2224, .F. ) ;
#987 = CARTESIAN_POINT ( 'NONE',  ( -7.633465322168710543, 9.045614421553137774, -25.00000000000000000 ) ) ;
#988 = CARTESIAN_POINT ( 'NONE',  ( 12.13001153514424857, 29.00000000000000000, 33.58431484429377889 ) ) ;
#989 = EDGE_CURVE ( 'NONE', #1727, #1400, #1846, .T. ) ;
#990 = CARTESIAN_POINT ( 'NONE',  ( -7.633465322168708767, 12.52446554727075956, 19.32535618980384129 ) ) ;
#991 = CARTESIAN_POINT ( 'NONE',  ( 22.47193201417469055, 11.00000000000000355, -35.61098950357261117 ) ) ;
#992 = ORIENTED_EDGE ( 'NONE', *, *, #1829, .T. ) ;
#993 = EDGE_CURVE ( 'NONE', #1727, #586, #1068, .T. ) ;
#994 = CARTESIAN_POINT ( 'NONE',  ( 20.36653467783130012, 29.00000000000000000, 30.97158360045909475 ) ) ;
#995 =( BOUNDED_CURVE ( )  B_SPLINE_CURVE ( 3, ( #2193, #818, #4505, #1908 ),
 .UNSPECIFIED., .F., .F. ) 
 B_SPLINE_CURVE_WITH_KNOTS ( ( 4, 4 ),
 ( 4.606795525966662197, 6.283185307179586232 ),
 .UNSPECIFIED. ) 
 CURVE ( )  GEOMETRIC_REPRESENTATION_ITEM ( )  RATIONAL_B_SPLINE_CURVE ( ( 1.000000000000000000, 0.7792039333101581366, 0.7792039333101581366, 1.000000000000000000 ) ) 
 REPRESENTATION_ITEM ( '' )  );
#996 = CYLINDRICAL_SURFACE ( 'NONE', #2116, 8.000000000000000000 ) ;
#997 = DIRECTION ( 'NONE',  ( 0.000000000000000000, -1.000000000000000000, 0.000000000000000000 ) ) ;
#998 = EDGE_CURVE ( 'NONE', #2989, #264, #1146, .T. ) ;
#999 = AXIS2_PLACEMENT_3D ( 'NONE', #3366, #1891, #539 ) ;
#1000 = EDGE_LOOP ( 'NONE', ( #816, #1123 ) ) ;
#1001 = ORIENTED_EDGE ( 'NONE', *, *, #1521, .F. ) ;
#1002 = DIRECTION ( 'NONE',  ( -0.000000000000000000, 1.000000000000000000, 0.000000000000000000 ) ) ;
#1003 = CARTESIAN_POINT ( 'NONE',  ( -10.39694217948164834, 13.76347685731297155, -33.58431484429377889 ) ) ;
#1004 = VECTOR ( 'NONE', #4447, 1000.000000000000000 ) ;
#1005 = LINE ( 'NONE', #3134, #400 ) ;
#1006 = EDGE_CURVE ( 'NONE', #527, #3956, #679, .T. ) ;
#1007 = EDGE_CURVE ( 'NONE', #2525, #815, #3037, .T. ) ;
#1008 = VECTOR ( 'NONE', #4616, 1000.000000000000000 ) ;
#1009 = EDGE_CURVE ( 'NONE', #58, #3288, #2180, .T. ) ;
#1010 = PLANE ( 'NONE',  #2177 ) ;
#1011 = AXIS2_PLACEMENT_3D ( 'NONE', #1181, #3245, #4052 ) ;
#1012 = ORIENTED_EDGE ( 'NONE', *, *, #4489, .T. ) ;
#1013 = CIRCLE ( 'NONE', #1375, 3.000000000000002665 ) ;
#1014 = CARTESIAN_POINT ( 'NONE',  ( 20.36653467783130367, 29.00000000000000000, 32.92332030257301767 ) ) ;
#1015 = ORIENTED_EDGE ( 'NONE', *, *, #3523, .F. ) ;
#1016 = ORIENTED_EDGE ( 'NONE', *, *, #1304, .T. ) ;
#1017 = VECTOR ( 'NONE', #4596, 1000.000000000000000 ) ;
#1018 = AXIS2_PLACEMENT_3D ( 'NONE', #3317, #65, #1485 ) ;
#1019 = DIRECTION ( 'NONE',  ( 0.9437921780900003776, 0.000000000000000000, 0.3305394448112555228 ) ) ;
#1020 = CARTESIAN_POINT ( 'NONE',  ( -7.837396246672704514, 9.495809477005519028, -41.93148008839987284 ) ) ;
#1021 = DIRECTION ( 'NONE',  ( 0.9944301893505251844, 0.000000000000000000, 0.1053973363433754612 ) ) ;
#1022 = CIRCLE ( 'NONE', #4092, 1.000000000000000888 ) ;
#1023 = VERTEX_POINT ( 'NONE', #4387 ) ;
#1024 = AXIS2_PLACEMENT_3D ( 'NONE', #616, #4276, #3513 ) ;
#1025 = CARTESIAN_POINT ( 'NONE',  ( 0.3665346778313051113, 3.900000000000000799, -38.49832061887032353 ) ) ;
#1026 = CARTESIAN_POINT ( 'NONE',  ( 12.13001153514424857, 29.00000000000000000, -33.58431484429377889 ) ) ;
#1027 = EDGE_CURVE ( 'NONE', #1363, #1216, #3244, .T. ) ;
#1028 = VERTEX_POINT ( 'NONE', #1822 ) ;
#1029 = ORIENTED_EDGE ( 'NONE', *, *, #3030, .F. ) ;
#1030 = DIRECTION ( 'NONE',  ( 0.000000000000000000, 0.000000000000000000, -1.000000000000000000 ) ) ;
#1031 = LINE ( 'NONE', #3206, #1082 ) ;
#1032 = LINE ( 'NONE', #2956, #708 ) ;
#1033 = LINE ( 'NONE', #4279, #16 ) ;
#1034 = EDGE_CURVE ( 'NONE', #4404, #2147, #3271, .T. ) ;
#1035 = DIRECTION ( 'NONE',  ( -1.000000000000000000, -0.000000000000000000, -0.000000000000000000 ) ) ;
#1036 = ORIENTED_EDGE ( 'NONE', *, *, #1692, .T. ) ;
#1037 = ORIENTED_EDGE ( 'NONE', *, *, #4653, .F. ) ;
#1038 = CARTESIAN_POINT ( 'NONE',  ( -7.961998647172944921, 9.999440754623082128, -22.55629149257433852 ) ) ;
#1039 = CARTESIAN_POINT ( 'NONE',  ( -12.98914976367864682, 16.35568444150995404, 26.87569361452386474 ) ) ;
#1040 = LINE ( 'NONE', #2447, #4550 ) ;
#1041 = CARTESIAN_POINT ( 'NONE',  ( 23.36653467783131433, 25.00000000000002842, -35.51617265383811173 ) ) ;
#1042 = EDGE_LOOP ( 'NONE', ( #1353, #390, #3130, #2710 ) ) ;
#1043 = LINE ( 'NONE', #1025, #4317 ) ;
#1044 = CYLINDRICAL_SURFACE ( 'NONE', #451, 1.000000000000000888 ) ;
#1045 = ORIENTED_EDGE ( 'NONE', *, *, #3901, .F. ) ;
#1046 = VERTEX_POINT ( 'NONE', #2218 ) ;
#1047 = DIRECTION ( 'NONE',  ( 0.000000000000000000, -1.000000000000000000, -0.000000000000000000 ) ) ;
#1048 = CARTESIAN_POINT ( 'NONE',  ( 13.20039082749564585, 14.83385614966433153, -34.58245651445034241 ) ) ;
#1049 = EDGE_CURVE ( 'NONE', #3470, #3640, #3769, .T. ) ;
#1050 = CARTESIAN_POINT ( 'NONE',  ( -2.089847493900342634, 9.262721308895567773, -23.89282558268501688 ) ) ;
#1051 =( BOUNDED_CURVE ( )  B_SPLINE_CURVE ( 3, ( #4195, #2098, #3168, #1321 ),
 .UNSPECIFIED., .F., .T. ) 
 B_SPLINE_CURVE_WITH_KNOTS ( ( 4, 4 ),
 ( 1.570796326794896558, 1.676389781212926033 ),
 .UNSPECIFIED. ) 
 CURVE ( )  GEOMETRIC_REPRESENTATION_ITEM ( )  RATIONAL_B_SPLINE_CURVE ( ( 1.000000000000000000, 0.9990710510154254820, 0.9990710510154254820, 1.000000000000000000 ) ) 
 REPRESENTATION_ITEM ( '' )  );
#1052 = DIRECTION ( 'NONE',  ( 0.000000000000000000, 1.000000000000000000, -0.000000000000000000 ) ) ;
#1053 = CARTESIAN_POINT ( 'NONE',  ( 4.366534677831301003, -6.099999999999997868, -24.00000000000000000 ) ) ;
#1054 = ORIENTED_EDGE ( 'NONE', *, *, #2670, .T. ) ;
#1055 = VERTEX_POINT ( 'NONE', #4146 ) ;
#1056 = FACE_OUTER_BOUND ( 'NONE', #130, .T. ) ;
#1057 = EDGE_CURVE ( 'NONE', #2597, #2287, #2645, .T. ) ;
#1058 = DIRECTION ( 'NONE',  ( 0.000000000000000000, 0.000000000000000000, -1.000000000000000000 ) ) ;
#1059 = CARTESIAN_POINT ( 'NONE',  ( -9.349649882724007099, 12.65745099220503178, -39.08574986655048633 ) ) ;
#1060 = ORIENTED_EDGE ( 'NONE', *, *, #1552, .T. ) ;
#1061 = DIRECTION ( 'NONE',  ( 0.000000000000000000, 0.000000000000000000, -1.000000000000000000 ) ) ;
#1062 = ORIENTED_EDGE ( 'NONE', *, *, #591, .F. ) ;
#1063 = PLANE ( 'NONE',  #4611 ) ;
#1064 = DIRECTION ( 'NONE',  ( -0.1053973363433762939, 0.000000000000000000, 0.9944301893505250733 ) ) ;
#1065 = CARTESIAN_POINT ( 'NONE',  ( -14.66475933250270103, 18.03129401033401180, -36.25476954775443517 ) ) ;
#1066 = VERTEX_POINT ( 'NONE', #3861 ) ;
#1067 = ORIENTED_EDGE ( 'NONE', *, *, #4135, .T. ) ;
#1068 = LINE ( 'NONE', #1118, #82 ) ;
#1069 = DIRECTION ( 'NONE',  ( 0.000000000000000000, 0.000000000000000000, -1.000000000000000000 ) ) ;
#1071 = FACE_OUTER_BOUND ( 'NONE', #3518, .T. ) ;
#1070 = CIRCLE ( 'NONE', #3918, 8.000000000000000000 ) ;
#1072 = B_SPLINE_CURVE_WITH_KNOTS ( 'NONE', 3,
 ( #1679, #3783, #3122, #969 ),
 .UNSPECIFIED., .F., .F.,
 ( 4, 4 ),
 ( -1.804516928509362415E-05, 0.001083966869280385964 ),
 .UNSPECIFIED. ) ;
#1073 = FACE_BOUND ( 'NONE', #1983, .T. ) ;
#1074 = CYLINDRICAL_SURFACE ( 'NONE', #4016, 1.000000000000000888 ) ;
#1075 = VECTOR ( 'NONE', #2912, 1000.000000000000000 ) ;
#1076 =( BOUNDED_CURVE ( )  B_SPLINE_CURVE ( 3, ( #757, #2179, #4038, #1826 ),
 .UNSPECIFIED., .F., .F. ) 
 B_SPLINE_CURVE_WITH_KNOTS ( ( 4, 4 ),
 ( 1.907671416389558505, 3.141592653589793116 ),
 .UNSPECIFIED. ) 
 CURVE ( )  GEOMETRIC_REPRESENTATION_ITEM ( )  RATIONAL_B_SPLINE_CURVE ( ( 1.000000000000000000, 0.8770937881112437218, 0.8770937881112437218, 1.000000000000000000 ) ) 
 REPRESENTATION_ITEM ( '' )  );
#1077 = AXIS2_PLACEMENT_3D ( 'NONE', #3957, #2386, #722 ) ;
#1078 = VERTEX_POINT ( 'NONE', #608 ) ;
#1079 = ORIENTED_EDGE ( 'NONE', *, *, #4578, .T. ) ;
#1080 = EDGE_CURVE ( 'NONE', #231, #3738, #2032, .T. ) ;
#1081 = CARTESIAN_POINT ( 'NONE',  ( -8.516841966763077920, 11.52423713768477143, 23.16330182647337566 ) ) ;
#1082 = VECTOR ( 'NONE', #4656, 1000.000000000000000 ) ;
#1083 = VECTOR ( 'NONE', #3500, 1000.000000000000000 ) ;
#1084 = CARTESIAN_POINT ( 'NONE',  ( -12.98914976367864682, 16.35568444150995404, 26.87569361452386474 ) ) ;
#1085 = EDGE_LOOP ( 'NONE', ( #1211, #3131 ) ) ;
#1086 = DIRECTION ( 'NONE',  ( 0.000000000000000000, 1.000000000000000000, -0.000000000000000000 ) ) ;
#1087 = CIRCLE ( 'NONE', #1883, 1.000000000000000888 ) ;
#1088 = AXIS2_PLACEMENT_3D ( 'NONE', #1120, #3669, #1138 ) ;
#1089 = ORIENTED_EDGE ( 'NONE', *, *, #3262, .F. ) ;
#1090 = CARTESIAN_POINT ( 'NONE',  ( -7.588651294892096111, 8.001886024371268391, 43.07408952733076291 ) ) ;
#1091 = LINE ( 'NONE', #363, #3252 ) ;
#1092 = ADVANCED_FACE ( 'NONE', ( #3127 ), #4243, .F. ) ;
#1093 = EDGE_CURVE ( 'NONE', #4333, #115, #3976, .T. ) ;
#1094 = CARTESIAN_POINT ( 'NONE',  ( -7.633465322168695444, 7.686291501015237948, 42.55315238120643784 ) ) ;
#1095 = ORIENTED_EDGE ( 'NONE', *, *, #2471, .T. ) ;
#1096 = AXIS2_PLACEMENT_3D ( 'NONE', #305, #3844, #2821 ) ;
#1097 = VERTEX_POINT ( 'NONE', #3660 ) ;
#1098 = CARTESIAN_POINT ( 'NONE',  ( 4.099578238827357168, 9.664354788622340209, 23.68985737929342505 ) ) ;
#1099 = CARTESIAN_POINT ( 'NONE',  ( 0.3665346778313049447, -6.099999999999999645, -39.99832061887032353 ) ) ;
#1100 = DIRECTION ( 'NONE',  ( 0.000000000000000000, 1.000000000000000000, -0.000000000000000000 ) ) ;
#1101 = LINE ( 'NONE', #2178, #177 ) ;
#1102 = EDGE_CURVE ( 'NONE', #3012, #4334, #1965, .T. ) ;
#1103 = CARTESIAN_POINT ( 'NONE',  ( 3.366534677831308109, 8.637366131089217802, 24.00000000000000355 ) ) ;
#1104 = EDGE_LOOP ( 'NONE', ( #2872, #1377, #962, #2012 ) ) ;
#1105 = CARTESIAN_POINT ( 'NONE',  ( 17.36653467783129301, 11.00000000000000355, -44.19690671692822548 ) ) ;
#1106 = DIRECTION ( 'NONE',  ( 0.000000000000000000, -1.000000000000000000, 0.000000000000000000 ) ) ;
#1107 = ORIENTED_EDGE ( 'NONE', *, *, #1671, .T. ) ;
#1108 = EDGE_CURVE ( 'NONE', #2380, #2325, #2481, .T. ) ;
#1109 = CARTESIAN_POINT ( 'NONE',  ( -10.39694217948164834, 29.00000000000000000, 33.58431484429377889 ) ) ;
#1110 = ORIENTED_EDGE ( 'NONE', *, *, #2383, .T. ) ;
#1111 = FACE_OUTER_BOUND ( 'NONE', #4486, .T. ) ;
#1112 = CARTESIAN_POINT ( 'NONE',  ( 0.1665346778313000764, 29.00000000000000000, -46.39999999999999858 ) ) ;
#1113 = CARTESIAN_POINT ( 'NONE',  ( -7.633465322168702549, 7.686291501015258376, -42.55315238120665811 ) ) ;
#1114 = ORIENTED_EDGE ( 'NONE', *, *, #2314, .F. ) ;
#1115 = ADVANCED_FACE ( 'NONE', ( #4117 ), #4066, .F. ) ;
#1116 = EDGE_CURVE ( 'NONE', #1274, #3617, #4460, .T. ) ;
#1117 = VERTEX_POINT ( 'NONE', #2635 ) ;
#1118 = CARTESIAN_POINT ( 'NONE',  ( -7.633465322168707878, 8.345760209329307955, 24.28571428571428470 ) ) ;
#1119 = CARTESIAN_POINT ( 'NONE',  ( -10.39694217948164834, 29.00000000000000000, -28.08694877304561999 ) ) ;
#1120 = CARTESIAN_POINT ( 'NONE',  ( 13.13001153514424857, 29.00000000000000000, 29.49672888746014721 ) ) ;
#1121 = CARTESIAN_POINT ( 'NONE',  ( 5.366534677831321432, 10.17876285550868332, 22.34285714285714519 ) ) ;
#1122 = CARTESIAN_POINT ( 'NONE',  ( 19.36653467783130012, 29.00000000000000000, 31.68091407673361104 ) ) ;
#1123 = ORIENTED_EDGE ( 'NONE', *, *, #919, .T. ) ;
#1124 = CARTESIAN_POINT ( 'NONE',  ( 23.36653467783131433, 25.00000000000002487, -30.17272353204452884 ) ) ;
#1125 = ORIENTED_EDGE ( 'NONE', *, *, #3523, .T. ) ;
#1126 = VERTEX_POINT ( 'NONE', #3359 ) ;
#1127 = ADVANCED_FACE ( 'NONE', ( #1560 ), #1243, .F. ) ;
#1128 = DIRECTION ( 'NONE',  ( 1.216773423528406629E-15, -1.216773423528410178E-15, -1.000000000000000000 ) ) ;
#1129 = CARTESIAN_POINT ( 'NONE',  ( 0.1665346778313002429, 29.00000000000000000, -43.60000000000000142 ) ) ;
#1130 = DIRECTION ( 'NONE',  ( 0.000000000000000000, 0.000000000000000000, 1.000000000000000000 ) ) ;
#1131 = PLANE ( 'NONE',  #4149 ) ;
#1132 = EDGE_LOOP ( 'NONE', ( #2129, #3259, #2060, #33 ) ) ;
#1133 = VERTEX_POINT ( 'NONE', #4262 ) ;
#1134 = CARTESIAN_POINT ( 'NONE',  ( -3.591931072119229018, 9.774530925825208882, 22.80014929003579027 ) ) ;
#1135 = CARTESIAN_POINT ( 'NONE',  ( -17.73886265851207966, 29.00000000000000000, -33.91775049192354174 ) ) ;
#1136 = EDGE_CURVE ( 'NONE', #880, #4308, #947, .T. ) ;
#1137 = CARTESIAN_POINT ( 'NONE',  ( 9.366546677831296464, 18.55071892584059867, 3.425699014503467144 ) ) ;
#1138 = DIRECTION ( 'NONE',  ( 0.000000000000000000, 0.000000000000000000, -1.000000000000000000 ) ) ;
#1139 = DIRECTION ( 'NONE',  ( 0.000000000000000000, -1.000000000000000000, 0.000000000000000000 ) ) ;
#1140 = AXIS2_PLACEMENT_3D ( 'NONE', #3307, #2885, #4294 ) ;
#1141 = CARTESIAN_POINT ( 'NONE',  ( 4.482249350707228963, 9.561989729123471449, 23.03375883542399905 ) ) ;
#1142 = ADVANCED_FACE ( 'NONE', ( #2331 ), #4234, .F. ) ;
#1143 = ORIENTED_EDGE ( 'NONE', *, *, #2413, .T. ) ;
#1144 = VECTOR ( 'NONE', #1808, 1000.000000000000000 ) ;
#1145 = DIRECTION ( 'NONE',  ( 0.6863727697048153109, -0.6863727697048174203, -0.2403847790844466092 ) ) ;
#1146 = CIRCLE ( 'NONE', #308, 1.000000000000000888 ) ;
#1147 = ORIENTED_EDGE ( 'NONE', *, *, #1900, .F. ) ;
#1148 = CIRCLE ( 'NONE', #1960, 3.000000000000002665 ) ;
#1149 = DIRECTION ( 'NONE',  ( 0.000000000000000000, 0.000000000000000000, -1.000000000000000000 ) ) ;
#1150 = ORIENTED_EDGE ( 'NONE', *, *, #3351, .T. ) ;
#1151 = ORIENTED_EDGE ( 'NONE', *, *, #1245, .F. ) ;
#1152 = FACE_OUTER_BOUND ( 'NONE', #3992, .T. ) ;
#1153 = LINE ( 'NONE', #2149, #2939 ) ;
#1154 = AXIS2_PLACEMENT_3D ( 'NONE', #2333, #530, #509 ) ;
#1155 = DIRECTION ( 'NONE',  ( -0.000000000000000000, 1.000000000000000000, -0.000000000000000000 ) ) ;
#1156 = ORIENTED_EDGE ( 'NONE', *, *, #4451, .T. ) ;
#1157 = EDGE_LOOP ( 'NONE', ( #2442, #2759, #1952, #3529, #2464 ) ) ;
#1158 = VECTOR ( 'NONE', #2091, 1000.000000000000114 ) ;
#1159 = VECTOR ( 'NONE', #3533, 1000.000000000000000 ) ;
#1160 = DIRECTION ( 'NONE',  ( 0.000000000000000000, 0.000000000000000000, -1.000000000000000000 ) ) ;
#1161 = LINE ( 'NONE', #2528, #1225 ) ;
#1162 = LINE ( 'NONE', #2529, #1528 ) ;
#1163 = AXIS2_PLACEMENT_3D ( 'NONE', #3625, #3224, #4367 ) ;
#1164 = DIRECTION ( 'NONE',  ( 1.000000000000000000, 0.000000000000000000, -7.884785137984479828E-17 ) ) ;
#1165 = CYLINDRICAL_SURFACE ( 'NONE', #1872, 1.000000000000000888 ) ;
#1166 = DIRECTION ( 'NONE',  ( 0.000000000000000000, -1.000000000000000000, 0.000000000000000000 ) ) ;
#1167 = ORIENTED_EDGE ( 'NONE', *, *, #1773, .F. ) ;
#1168 = DIRECTION ( 'NONE',  ( -0.6863727697048153109, -0.6863727697048174203, 0.2403847790844466092 ) ) ;
#1169 = CARTESIAN_POINT ( 'NONE',  ( 3.366534677831306777, -6.099999999999997868, 23.00000000000000000 ) ) ;
#1170 = ORIENTED_EDGE ( 'NONE', *, *, #1953, .F. ) ;
#1171 = FACE_OUTER_BOUND ( 'NONE', #1693, .T. ) ;
#1172 = ORIENTED_EDGE ( 'NONE', *, *, #3437, .F. ) ;
#1173 = ORIENTED_EDGE ( 'NONE', *, *, #3397, .F. ) ;
#1174 = CARTESIAN_POINT ( 'NONE',  ( -1.633465322168694556, 28.00000000000000000, 23.00000000000000000 ) ) ;
#1175 = PLANE ( 'NONE',  #1809 ) ;
#1176 = EDGE_CURVE ( 'NONE', #1621, #4665, #2463, .T. ) ;
#1177 = DIRECTION ( 'NONE',  ( 0.000000000000000000, -1.000000000000000000, 0.000000000000000000 ) ) ;
#1178 = DIRECTION ( 'NONE',  ( -0.000000000000000000, -1.000000000000000000, -0.000000000000000000 ) ) ;
#1179 = ORIENTED_EDGE ( 'NONE', *, *, #4036, .F. ) ;
#1180 = CARTESIAN_POINT ( 'NONE',  ( 22.69707412264256874, 29.00000000000000000, -29.66868576516459299 ) ) ;
#1181 = CARTESIAN_POINT ( 'NONE',  ( 17.36653467783130012, 11.00000000000000355, 19.32535618980386261 ) ) ;
#1182 = DIRECTION ( 'NONE',  ( 0.000000000000000000, 0.000000000000000000, -1.000000000000000000 ) ) ;
#1183 = ORIENTED_EDGE ( 'NONE', *, *, #2905, .T. ) ;
#1184 = EDGE_CURVE ( 'NONE', #3569, #480, #1296, .T. ) ;
#1185 = DIRECTION ( 'NONE',  ( 0.000000000000000000, 0.000000000000000000, 1.000000000000000000 ) ) ;
#1186 = ADVANCED_FACE ( 'NONE', ( #2981 ), #828, .F. ) ;
#1187 = CARTESIAN_POINT ( 'NONE',  ( 14.72221911934125060, 16.35568444150995049, 26.87569361452386119 ) ) ;
#1188 = LINE ( 'NONE', #696, #2931 ) ;
#1189 = CARTESIAN_POINT ( 'NONE',  ( 4.373224316675241141, 8.606713414294894449, 24.02741209074541473 ) ) ;
#1190 = DIRECTION ( 'NONE',  ( -0.000000000000000000, -1.000000000000000000, 0.000000000000000000 ) ) ;
#1191 = EDGE_LOOP ( 'NONE', ( #2105, #1471, #3220, #212 ) ) ;
#1192 = CARTESIAN_POINT ( 'NONE',  ( 4.483491406153370384, 9.886615955258342581, -22.67542104148545334 ) ) ;
#1193 = ORIENTED_EDGE ( 'NONE', *, *, #3454, .F. ) ;
#1194 = ORIENTED_EDGE ( 'NONE', *, *, #4628, .T. ) ;
#1195 = DIRECTION ( 'NONE',  ( -0.000000000000000000, 1.000000000000000000, 0.000000000000000000 ) ) ;
#1196 = CARTESIAN_POINT ( 'NONE',  ( 5.366534677831301003, 28.00000000000000000, -23.00000000000000000 ) ) ;
#1197 = DIRECTION ( 'NONE',  ( -0.000000000000000000, -1.000000000000000000, 0.000000000000000000 ) ) ;
#1198 = ORIENTED_EDGE ( 'NONE', *, *, #142, .F. ) ;
#1199 = EDGE_CURVE ( 'NONE', #4208, #4477, #4644, .T. ) ;
#1200 = FACE_OUTER_BOUND ( 'NONE', #983, .T. ) ;
#1201 = DIRECTION ( 'NONE',  ( -0.000000000000000000, -1.000000000000000000, -0.000000000000000000 ) ) ;
#1202 = FACE_OUTER_BOUND ( 'NONE', #2672, .T. ) ;
#1203 = ORIENTED_EDGE ( 'NONE', *, *, #2259, .F. ) ;
#1204 = CARTESIAN_POINT ( 'NONE',  ( -2.750422050490902937, 9.886615955258854171, 22.67542104148544979 ) ) ;
#1205 = DIRECTION ( 'NONE',  ( 0.000000000000000000, 1.000000000000000000, 0.000000000000000000 ) ) ;
#1206 = CARTESIAN_POINT ( 'NONE',  ( 14.72221911934124350, 16.35568444150993628, -26.87569361452385763 ) ) ;
#1207 = CARTESIAN_POINT ( 'NONE',  ( -1.939452938652787228, 8.363467649666345594, -24.26839777002370369 ) ) ;
#1208 = ORIENTED_EDGE ( 'NONE', *, *, #2194, .T. ) ;
#1209 = LINE ( 'NONE', #2623, #3859 ) ;
#1210 = LINE ( 'NONE', #4520, #4089 ) ;
#1211 = ORIENTED_EDGE ( 'NONE', *, *, #2074, .T. ) ;
#1212 = CARTESIAN_POINT ( 'NONE',  ( 3.965667347586457669, 8.430700198742249185, 24.20224424003312791 ) ) ;
#1213 = AXIS2_PLACEMENT_3D ( 'NONE', #4148, #1566, #214 ) ;
#1214 = EDGE_CURVE ( 'NONE', #2419, #4513, #1188, .T. ) ;
#1215 = ORIENTED_EDGE ( 'NONE', *, *, #1867, .F. ) ;
#1216 = VERTEX_POINT ( 'NONE', #3695 ) ;
#1217 = AXIS2_PLACEMENT_3D ( 'NONE', #340, #1427, #2850 ) ;
#1218 = CARTESIAN_POINT ( 'NONE',  ( -1.741229717425751389, 9.045614421553072049, 24.00000000000001066 ) ) ;
#1219 = CARTESIAN_POINT ( 'NONE',  ( -21.63346532216869988, 29.00000000000000000, 32.92229729729717747 ) ) ;
#1220 = EDGE_CURVE ( 'NONE', #3678, #3665, #473, .T. ) ;
#1221 = LINE ( 'NONE', #187, #1721 ) ;
#1222 = ORIENTED_EDGE ( 'NONE', *, *, #1356, .T. ) ;
#1223 = ORIENTED_EDGE ( 'NONE', *, *, #3437, .T. ) ;
#1224 = EDGE_CURVE ( 'NONE', #278, #592, #3396, .T. ) ;
#1225 = VECTOR ( 'NONE', #2240, 1000.000000000000000 ) ;
#1226 = CARTESIAN_POINT ( 'NONE',  ( 5.325000427781835022, 9.774530925825258620, -22.80014929003579738 ) ) ;
#1227 = DIRECTION ( 'NONE',  ( 0.000000000000000000, 0.000000000000000000, -1.000000000000000000 ) ) ;
#1228 = VECTOR ( 'NONE', #3266, 1000.000000000000000 ) ;
#1229 = AXIS2_PLACEMENT_3D ( 'NONE', #640, #3180, #1728 ) ;
#1230 = VERTEX_POINT ( 'NONE', #2576 ) ;
#1231 = LINE ( 'NONE', #931, #1307 ) ;
#1232 = DIRECTION ( 'NONE',  ( -0.9437921780900000446, 0.000000000000000000, -0.3305394448112564665 ) ) ;
#1233 = CARTESIAN_POINT ( 'NONE',  ( -1.854502510112824964, 8.654420031105914290, -23.98288478454096406 ) ) ;
#1234 = CIRCLE ( 'NONE', #1453, 1.899999999999999023 ) ;
#1235 = CARTESIAN_POINT ( 'NONE',  ( -1.788745649924244896, 8.345760209329373680, -24.28571428571428825 ) ) ;
#1236 = VERTEX_POINT ( 'NONE', #2827 ) ;
#1237 = VECTOR ( 'NONE', #663, 1000.000000000000000 ) ;
#1238 = DIRECTION ( 'NONE',  ( 7.884785137984479828E-17, -7.884785137984503247E-17, 1.000000000000000000 ) ) ;
#1239 = ORIENTED_EDGE ( 'NONE', *, *, #705, .T. ) ;
#1240 = CARTESIAN_POINT ( 'NONE',  ( 4.104805073339697685, 8.479829434379499986, 24.15377330511227072 ) ) ;
#1241 = ORIENTED_EDGE ( 'NONE', *, *, #886, .T. ) ;
#1242 = ORIENTED_EDGE ( 'NONE', *, *, #781, .F. ) ;
#1243 = CYLINDRICAL_SURFACE ( 'NONE', #762, 8.000000000000000000 ) ;
#1244 = CARTESIAN_POINT ( 'NONE',  ( -2.633465322168694112, 10.74893268438331440, 23.10529567608380574 ) ) ;
#1245 = EDGE_CURVE ( 'NONE', #3418, #1774, #869, .T. ) ;
#1246 = DIRECTION ( 'NONE',  ( 0.000000000000000000, 0.000000000000000000, -1.000000000000000000 ) ) ;
#1247 = CARTESIAN_POINT ( 'NONE',  ( -7.633465322168702549, 29.00000000000000000, -44.00179448441493690 ) ) ;
#1248 = VERTEX_POINT ( 'NONE', #2550 ) ;
#1249 = ORIENTED_EDGE ( 'NONE', *, *, #1887, .T. ) ;
#1250 = DIRECTION ( 'NONE',  ( -0.000000000000000000, 1.000000000000000000, -0.000000000000000000 ) ) ;
#1251 = DIRECTION ( 'NONE',  ( -0.000000000000000000, 1.000000000000000000, 0.000000000000000000 ) ) ;
#1252 = EDGE_CURVE ( 'NONE', #480, #3569, #4158, .T. ) ;
#1253 = ORIENTED_EDGE ( 'NONE', *, *, #3906, .T. ) ;
#1254 = ADVANCED_FACE ( 'NONE', ( #418 ), #2960, .T. ) ;
#1255 = DIRECTION ( 'NONE',  ( 0.000000000000000000, 0.000000000000000000, -1.000000000000000000 ) ) ;
#1256 = CARTESIAN_POINT ( 'NONE',  ( -2.627961071023200645, 8.599982605360326104, -24.03414260199970087 ) ) ;
#1257 = EDGE_LOOP ( 'NONE', ( #50, #320, #2345, #2310 ) ) ;
#1258 = CARTESIAN_POINT ( 'NONE',  ( -8.115707011499107892, 10.42185542502769380, -22.06092011381629092 ) ) ;
#1259 = DIRECTION ( 'NONE',  ( 1.216773423528406629E-15, 0.000000000000000000, -1.000000000000000000 ) ) ;
#1260 = ORIENTED_EDGE ( 'NONE', *, *, #4474, .T. ) ;
#1261 = LINE ( 'NONE', #2685, #2566 ) ;
#1262 = CARTESIAN_POINT ( 'NONE',  ( 4.689935562881131226, 8.826673551849772537, 23.80525416507704506 ) ) ;
#1263 = ORIENTED_EDGE ( 'NONE', *, *, #2459, .T. ) ;
#1264 = ORIENTED_EDGE ( 'NONE', *, *, #1990, .F. ) ;
#1265 = DIRECTION ( 'NONE',  ( 0.000000000000000000, 0.000000000000000000, -1.000000000000000000 ) ) ;
#1266 = CARTESIAN_POINT ( 'NONE',  ( 9.575484696031965726, 9.560815649483553003, -23.04189206804640833 ) ) ;
#1267 = DIRECTION ( 'NONE',  ( -0.000000000000000000, -1.000000000000000000, -0.000000000000000000 ) ) ;
#1268 = EDGE_CURVE ( 'NONE', #568, #1363, #3567, .T. ) ;
#1269 = VERTEX_POINT ( 'NONE', #3651 ) ;
#1270 = ADVANCED_FACE ( 'NONE', ( #3670 ), #2222, .F. ) ;
#1271 = CYLINDRICAL_SURFACE ( 'NONE', #2865, 1.500000000000001332 ) ;
#1272 = CARTESIAN_POINT ( 'NONE',  ( 0.1665346778313000764, 29.00000000000000000, -46.39999999999999858 ) ) ;
#1273 = EDGE_CURVE ( 'NONE', #592, #4386, #1764, .T. ) ;
#1274 = VERTEX_POINT ( 'NONE', #1424 ) ;
#1275 = CARTESIAN_POINT ( 'NONE',  ( 20.36653467783130012, 21.99999999999997868, 31.24115966552355061 ) ) ;
#1276 = CARTESIAN_POINT ( 'NONE',  ( -7.891621361004776070, 9.714381381313851094, 41.75512966074566634 ) ) ;
#1277 = CARTESIAN_POINT ( 'NONE',  ( -1.944970346650083837, 8.364142672870523043, -24.26773846415587599 ) ) ;
#1278 = CARTESIAN_POINT ( 'NONE',  ( -1.633465322168700107, 8.345760209329371904, -24.28571428571428825 ) ) ;
#1279 = CARTESIAN_POINT ( 'NONE',  ( 9.848776367161699241, 10.42185542502765472, 22.06092011381626605 ) ) ;
#1280 = EDGE_CURVE ( 'NONE', #1236, #1282, #98, .T. ) ;
#1281 = ADVANCED_FACE ( 'NONE', ( #66 ), #1165, .T. ) ;
#1282 = VERTEX_POINT ( 'NONE', #3082 ) ;
#1283 = CARTESIAN_POINT ( 'NONE',  ( 6.366534677831304556, 0.000000000000000000, 51.28728536187928455 ) ) ;
#1284 = CARTESIAN_POINT ( 'NONE',  ( 3.975770206446947341, 8.433582942172849428, -24.19940309544271173 ) ) ;
#1285 = ORIENTED_EDGE ( 'NONE', *, *, #1900, .T. ) ;
#1286 = ORIENTED_EDGE ( 'NONE', *, *, #2020, .F. ) ;
#1287 = LINE ( 'NONE', #845, #4467 ) ;
#1288 = FACE_OUTER_BOUND ( 'NONE', #4344, .T. ) ;
#1289 = CARTESIAN_POINT ( 'NONE',  ( -11.50233951582502456, 14.86887419365634599, -34.57874503364430296 ) ) ;
#1290 = CIRCLE ( 'NONE', #3537, 34.00000000000000000 ) ;
#1291 = DIRECTION ( 'NONE',  ( -1.239088197126290817E-16, 0.000000000000000000, -1.000000000000000000 ) ) ;
#1292 = EDGE_LOOP ( 'NONE', ( #3425, #767, #1610, #4 ) ) ;
#1293 = VECTOR ( 'NONE', #2662, 1000.000000000000000 ) ;
#1294 = ORIENTED_EDGE ( 'NONE', *, *, #425, .T. ) ;
#1295 = CARTESIAN_POINT ( 'NONE',  ( 13.23540887148762657, 29.00000000000000000, -34.57874503364430296 ) ) ;
#1296 = CIRCLE ( 'NONE', #458, 4.999999999999997335 ) ;
#1298 = LINE ( 'NONE', #3794, #4683 ) ;
#1297 = AXIS2_PLACEMENT_3D ( 'NONE', #3109, #1995, #4564 ) ;
#1299 = ORIENTED_EDGE ( 'NONE', *, *, #4268, .T. ) ;
#1300 = VECTOR ( 'NONE', #3864, 1000.000000000000114 ) ;
#1301 = CARTESIAN_POINT ( 'NONE',  ( -2.380931940387248424, 8.483324458539390989, 24.15031681728239477 ) ) ;
#1302 = FACE_BOUND ( 'NONE', #1324, .T. ) ;
#1303 = CARTESIAN_POINT ( 'NONE',  ( -11.39694217948164834, 29.00000000000000000, 33.58431484429377889 ) ) ;
#1304 = EDGE_CURVE ( 'NONE', #3795, #4404, #1654, .T. ) ;
#1305 = CARTESIAN_POINT ( 'NONE',  ( -7.633465322168706990, 0.000000000000000000, 30.28728536187929166 ) ) ;
#1306 = AXIS2_PLACEMENT_3D ( 'NONE', #2360, #654, #4555 ) ;
#1307 = VECTOR ( 'NONE', #1938, 1000.000000000000000 ) ;
#1308 = CYLINDRICAL_SURFACE ( 'NONE', #4009, 1.399999999999998579 ) ;
#1309 = VECTOR ( 'NONE', #2000, 1000.000000000000000 ) ;
#1310 = CARTESIAN_POINT ( 'NONE',  ( 3.823139906712991198, 9.262979922230579533, -23.89269608730964123 ) ) ;
#1311 = VERTEX_POINT ( 'NONE', #1206 ) ;
#1312 = CARTESIAN_POINT ( 'NONE',  ( -2.633465322168694112, 28.00000000000000000, 25.00000000000000000 ) ) ;
#1313 = CARTESIAN_POINT ( 'NONE',  ( -21.63346532216869988, 24.99999999999998579, -35.51617265383810462 ) ) ;
#1314 =( GEOMETRIC_REPRESENTATION_CONTEXT ( 3 ) GLOBAL_UNCERTAINTY_ASSIGNED_CONTEXT ( ( #484 ) ) GLOBAL_UNIT_ASSIGNED_CONTEXT ( ( #64, #2200, #4053 ) ) REPRESENTATION_CONTEXT ( 'NONE', 'WORKASPACE' ) );
#1315 = ORIENTED_EDGE ( 'NONE', *, *, #2979, .T. ) ;
#1316 = EDGE_LOOP ( 'NONE', ( #1987, #4427, #521, #2365 ) ) ;
#1317 = ADVANCED_FACE ( 'NONE', ( #4493 ), #4129, .F. ) ;
#1318 = FACE_OUTER_BOUND ( 'NONE', #656, .T. ) ;
#1319 = LINE ( 'NONE', #3408, #3854 ) ;
#1320 = LINE ( 'NONE', #3504, #4323 ) ;
#1321 = CARTESIAN_POINT ( 'NONE',  ( -11.50233951582502456, 14.86887419365634599, -34.57874503364430296 ) ) ;
#1322 = ORIENTED_EDGE ( 'NONE', *, *, #4314, .F. ) ;
#1323 = CARTESIAN_POINT ( 'NONE',  ( -10.39694217948164834, -6.099999999999997868, 34.69590351907579162 ) ) ;
#1324 = EDGE_LOOP ( 'NONE', ( #2231, #4322, #4227, #528, #1016, #329, #3101, #2858, #4296 ) ) ;
#1325 = DIRECTION ( 'NONE',  ( 0.000000000000000000, 0.000000000000000000, -1.000000000000000000 ) ) ;
#1326 = CARTESIAN_POINT ( 'NONE',  ( -7.682034358324650647, 8.566488362291057257, 42.75081752703511029 ) ) ;
#1327 = CYLINDRICAL_SURFACE ( 'NONE', #621, 1.000000000000000888 ) ;
#1328 = LINE ( 'NONE', #2045, #1892 ) ;
#1329 = ADVANCED_FACE ( 'NONE', ( #1973 ), #1618, .F. ) ;
#1330 = ADVANCED_FACE ( 'NONE', ( #546 ), #43, .T. ) ;
#1331 = CARTESIAN_POINT ( 'NONE',  ( 9.366514297935589539, 12.19099949363902802, -19.80806586365417132 ) ) ;
#1332 = ORIENTED_EDGE ( 'NONE', *, *, #2007, .F. ) ;
#1333 = CARTESIAN_POINT ( 'NONE',  ( 3.366534677831300559, 28.00000000000000000, -23.00000000000000000 ) ) ;
#1334 = EDGE_LOOP ( 'NONE', ( #1611, #1095, #3774, #4065 ) ) ;
#1335 = ORIENTED_EDGE ( 'NONE', *, *, #2896, .F. ) ;
#1336 = FACE_OUTER_BOUND ( 'NONE', #525, .T. ) ;
#1337 = DIRECTION ( 'NONE',  ( 0.7831866393703779128, 0.000000000000000000, 0.6217866900406712194 ) ) ;
#1338 = CARTESIAN_POINT ( 'NONE',  ( -7.839656732831768338, 11.14740559778425322, 21.18836144049420511 ) ) ;
#1339 = PLANE ( 'NONE',  #2622 ) ;
#1340 = ADVANCED_FACE ( 'NONE', ( #3913 ), #4605, .F. ) ;
#1341 = EDGE_LOOP ( 'NONE', ( #4094, #844, #28, #1332 ) ) ;
#1342 = CARTESIAN_POINT ( 'NONE',  ( 3.366534677831306777, 28.00000000000000000, 25.00000000000000000 ) ) ;
#1343 = LINE ( 'NONE', #4178, #3685 ) ;
#1344 = ORIENTED_EDGE ( 'NONE', *, *, #4428, .T. ) ;
#1345 = ORIENTED_EDGE ( 'NONE', *, *, #733, .T. ) ;
#1346 = DIRECTION ( 'NONE',  ( 0.000000000000000000, -1.000000000000000000, 0.000000000000000000 ) ) ;
#1347 = CARTESIAN_POINT ( 'NONE',  ( 13.16522571545272768, 14.79869103762141158, -34.58431484429378600 ) ) ;
#1348 = CARTESIAN_POINT ( 'NONE',  ( 12.13001153514424857, -6.099999999999997868, -34.69590351907579162 ) ) ;
#1349 = DIRECTION ( 'NONE',  ( 7.884785137984478595E-17, 0.000000000000000000, 1.000000000000000000 ) ) ;
#1350 = ORIENTED_EDGE ( 'NONE', *, *, #2650, .F. ) ;
#1351 = CARTESIAN_POINT ( 'NONE',  ( -1.633465322168694556, 9.045614421553072049, 25.00000000000000000 ) ) ;
#1352 = ORIENTED_EDGE ( 'NONE', *, *, #810, .T. ) ;
#1353 = ORIENTED_EDGE ( 'NONE', *, *, #119, .F. ) ;
#1354 = FACE_OUTER_BOUND ( 'NONE', #1532, .T. ) ;
#1355 = DIRECTION ( 'NONE',  ( 0.1053973363433759747, 0.000000000000000000, -0.9944301893505251844 ) ) ;
#1356 = EDGE_CURVE ( 'NONE', #2050, #236, #4313, .T. ) ;
#1357 = EDGE_CURVE ( 'NONE', #4673, #1420, #3474, .T. ) ;
#1358 = FACE_OUTER_BOUND ( 'NONE', #2173, .T. ) ;
#1359 = ORIENTED_EDGE ( 'NONE', *, *, #3, .F. ) ;
#1360 = AXIS2_PLACEMENT_3D ( 'NONE', #2309, #3760, #2725 ) ;
#1361 = CARTESIAN_POINT ( 'NONE',  ( -7.633465322168714096, 0.000000000000000000, -30.28728536187934495 ) ) ;
#1362 = VECTOR ( 'NONE', #259, 1000.000000000000000 ) ;
#1363 = VERTEX_POINT ( 'NONE', #4275 ) ;
#1364 = EDGE_CURVE ( 'NONE', #2307, #3012, #2439, .T. ) ;
#1365 = EDGE_CURVE ( 'NONE', #861, #3750, #2455, .T. ) ;
#1366 = ORIENTED_EDGE ( 'NONE', *, *, #3251, .T. ) ;
#1367 = CARTESIAN_POINT ( 'NONE',  ( -2.633465322168700329, 28.00000000000000000, -24.00000000000000000 ) ) ;
#1368 = AXIS2_PLACEMENT_3D ( 'NONE', #3922, #1500, #2202 ) ;
#1369 = DIRECTION ( 'NONE',  ( 1.055918637551099976E-16, 0.000000000000000000, 1.000000000000000000 ) ) ;
#1370 = VECTOR ( 'NONE', #3433, 1000.000000000000000 ) ;
#1371 = DIRECTION ( 'NONE',  ( 0.000000000000000000, 0.000000000000000000, -1.000000000000000000 ) ) ;
#1372 = VECTOR ( 'NONE', #1890, 1000.000000000000000 ) ;
#1373 = VECTOR ( 'NONE', #3347, 1000.000000000000000 ) ;
#1374 = DIRECTION ( 'NONE',  ( 1.000000000000000000, -0.000000000000000000, -1.055918637551099853E-16 ) ) ;
#1375 = AXIS2_PLACEMENT_3D ( 'NONE', #1401, #3539, #2075 ) ;
#1376 = CARTESIAN_POINT ( 'NONE',  ( 9.366534677831300115, 11.00000000000001421, 37.00000000000000711 ) ) ;
#1377 = ORIENTED_EDGE ( 'NONE', *, *, #2290, .T. ) ;
#1378 = VECTOR ( 'NONE', #4068, 1000.000000000000227 ) ;
#1379 = VECTOR ( 'NONE', #266, 1000.000000000000000 ) ;
#1380 = CARTESIAN_POINT ( 'NONE',  ( 13.01684969572850292, 14.65031501789720636, 37.23288320004626684 ) ) ;
#1381 = CARTESIAN_POINT ( 'NONE',  ( -9.976611072676309533, 13.34314575050760432, 24.98221043929621388 ) ) ;
#1382 = CARTESIAN_POINT ( 'NONE',  ( 0.3665346778313049447, -6.099999999999999645, -39.99832061887032353 ) ) ;
#1383 = AXIS2_PLACEMENT_3D ( 'NONE', #1601, #4497, #1259 ) ;
#1384 = CARTESIAN_POINT ( 'NONE',  ( -7.633465322168709655, 8.177113914852380816, 24.45898615273779697 ) ) ;
#1385 = EDGE_LOOP ( 'NONE', ( #2063, #893, #3609, #3880 ) ) ;
#1386 = EDGE_CURVE ( 'NONE', #1641, #4623, #711, .T. ) ;
#1387 = FACE_OUTER_BOUND ( 'NONE', #60, .T. ) ;
#1388 = B_SPLINE_CURVE_WITH_KNOTS ( 'NONE', 3,
 ( #2842, #3914, #2436, #2753, #1050, #1664, #3113, #332, #2087, #4204, #684, #3532 ),
 .UNSPECIFIED., .F., .F.,
 ( 4, 2, 2, 2, 2, 4 ),
 ( 0.000000000000000000, 0.0003173634166987637415, 0.0006347268333975274830, 0.001269453666795046726, 0.001904180500192566078, 0.002538907333590085212 ),
 .UNSPECIFIED. ) ;
#1389 = LINE ( 'NONE', #2568, #1436 ) ;
#1390 = ORIENTED_EDGE ( 'NONE', *, *, #3838, .F. ) ;
#1391 = VERTEX_POINT ( 'NONE', #331 ) ;
#1392 = DIRECTION ( 'NONE',  ( 0.000000000000000000, 0.000000000000000000, -1.000000000000000000 ) ) ;
#1393 = DIRECTION ( 'NONE',  ( 0.000000000000000000, 0.000000000000000000, -1.000000000000000000 ) ) ;
#1394 = FACE_OUTER_BOUND ( 'NONE', #2918, .T. ) ;
#1395 = EDGE_CURVE ( 'NONE', #4513, #2818, #1588, .T. ) ;
#1396 = CARTESIAN_POINT ( 'NONE',  ( -11.72748162429290453, 15.09401630212420642, 28.55293670937014738 ) ) ;
#1397 = LINE ( 'NONE', #2440, #99 ) ;
#1398 = ORIENTED_EDGE ( 'NONE', *, *, #665, .F. ) ;
#1399 = EDGE_CURVE ( 'NONE', #2384, #1553, #614, .T. ) ;
#1400 = VERTEX_POINT ( 'NONE', #2411 ) ;
#1401 = CARTESIAN_POINT ( 'NONE',  ( -4.633465322168694556, 0.000000000000000000, 42.55315238120644494 ) ) ;
#1402 = DIRECTION ( 'NONE',  ( 0.000000000000000000, 1.000000000000000000, 0.000000000000000000 ) ) ;
#1403 = CARTESIAN_POINT ( 'NONE',  ( -8.614835409388115650, 11.55018930397348420, -40.12961524406179592 ) ) ;
#1404 = EDGE_LOOP ( 'NONE', ( #4029, #681, #4351, #1702, #4196, #1263, #2544, #4131 ) ) ;
#1405 = DIRECTION ( 'NONE',  ( -0.000000000000000000, -1.000000000000000000, -0.000000000000000000 ) ) ;
#1406 = ORIENTED_EDGE ( 'NONE', *, *, #2656, .T. ) ;
#1407 = FACE_BOUND ( 'NONE', #1404, .T. ) ;
#1408 = DIRECTION ( 'NONE',  ( 0.000000000000000000, 0.000000000000000000, -1.000000000000000000 ) ) ;
#1409 = EDGE_CURVE ( 'NONE', #3679, #4437, #1031, .T. ) ;
#1410 = DIRECTION ( 'NONE',  ( 0.000000000000000000, 0.000000000000000000, -1.000000000000000000 ) ) ;
#1411 = ORIENTED_EDGE ( 'NONE', *, *, #355, .F. ) ;
#1412 = ORIENTED_EDGE ( 'NONE', *, *, #4220, .T. ) ;
#1413 = CARTESIAN_POINT ( 'NONE',  ( 0.1665346778313002429, 5.000000000000000000, -43.60000000000000142 ) ) ;
#1414 = FACE_OUTER_BOUND ( 'NONE', #4150, .T. ) ;
#1415 = LINE ( 'NONE', #3182, #3033 ) ;
#1416 = ADVANCED_FACE ( 'NONE', ( #1414 ), #2840, .F. ) ;
#1417 = LINE ( 'NONE', #4639, #4173 ) ;
#1418 = EDGE_CURVE ( 'NONE', #1774, #4495, #3579, .T. ) ;
#1419 = CYLINDRICAL_SURFACE ( 'NONE', #4395, 8.000000000000000000 ) ;
#1420 = VERTEX_POINT ( 'NONE', #3110 ) ;
#1421 = ORIENTED_EDGE ( 'NONE', *, *, #1386, .T. ) ;
#1422 = CARTESIAN_POINT ( 'NONE',  ( 11.70968042833893108, 13.34314575050763985, 38.54005246743583513 ) ) ;
#1423 = ADVANCED_FACE ( 'NONE', ( #4565 ), #1327, .F. ) ;
#1424 = CARTESIAN_POINT ( 'NONE',  ( -7.633465322168712319, 12.52446554727078798, -19.32535618980386261 ) ) ;
#1425 = CARTESIAN_POINT ( 'NONE',  ( -7.891621361004765411, 9.714381381313817343, -41.75512966074583687 ) ) ;
#1426 = ORIENTED_EDGE ( 'NONE', *, *, #1034, .F. ) ;
#1427 = DIRECTION ( 'NONE',  ( 0.000000000000000000, -1.000000000000000000, 0.000000000000000000 ) ) ;
#1428 = ORIENTED_EDGE ( 'NONE', *, *, #3187, .T. ) ;
#1429 = CARTESIAN_POINT ( 'NONE',  ( -7.618639701239974471, 8.086157306897602481, 42.90107626297197640 ) ) ;
#1430 = DIRECTION ( 'NONE',  ( 1.239088197126290817E-16, 0.000000000000000000, 1.000000000000000000 ) ) ;
#1431 = CARTESIAN_POINT ( 'NONE',  ( 0.1665346778312974674, 29.00000000000000000, 35.10000000000000142 ) ) ;
#1432 = ORIENTED_EDGE ( 'NONE', *, *, #1722, .T. ) ;
#1433 = ORIENTED_EDGE ( 'NONE', *, *, #2957, .F. ) ;
#1434 = CARTESIAN_POINT ( 'NONE',  ( -2.969146933489621443, 8.823401077375748969, 23.80972323766232890 ) ) ;
#1435 = LINE ( 'NONE', #1483, #2552 ) ;
#1437 = CARTESIAN_POINT ( 'NONE',  ( -2.633465322168700329, -6.099999999999997868, -24.00000000000000000 ) ) ;
#1436 = VECTOR ( 'NONE', #2151, 1000.000000000000000 ) ;
#1438 = VECTOR ( 'NONE', #210, 1000.000000000000000 ) ;
#1439 = DIRECTION ( 'NONE',  ( 0.000000000000000000, 0.000000000000000000, 1.000000000000000000 ) ) ;
#1440 = CARTESIAN_POINT ( 'NONE',  ( 3.587571865775430968, 8.654420031105857447, 23.98288478454069406 ) ) ;
#1441 = AXIS2_PLACEMENT_3D ( 'NONE', #2820, #3944, #3531 ) ;
#1442 = ORIENTED_EDGE ( 'NONE', *, *, #1958, .T. ) ;
#1443 = DIRECTION ( 'NONE',  ( 1.000000000000000000, 0.000000000000000000, -1.264902534566421675E-16 ) ) ;
#1444 = VECTOR ( 'NONE', #1755, 1000.000000000000114 ) ;
#1445 = CIRCLE ( 'NONE', #1589, 1.000000000000000888 ) ;
#1446 = FACE_OUTER_BOUND ( 'NONE', #3091, .T. ) ;
#1447 = VERTEX_POINT ( 'NONE', #2387 ) ;
#1448 = LINE ( 'NONE', #382, #4379 ) ;
#1449 = VECTOR ( 'NONE', #221, 1000.000000000000000 ) ;
#1450 = VECTOR ( 'NONE', #1047, 1000.000000000000000 ) ;
#1451 = ORIENTED_EDGE ( 'NONE', *, *, #1709, .F. ) ;
#1452 = CARTESIAN_POINT ( 'NONE',  ( -10.39694217948164834, 29.00000000000000000, 29.49672888746014721 ) ) ;
#1453 = AXIS2_PLACEMENT_3D ( 'NONE', #432, #1177, #2354 ) ;
#1454 = DIRECTION ( 'NONE',  ( 0.000000000000000000, 0.000000000000000000, 1.000000000000000000 ) ) ;
#1455 = DIRECTION ( 'NONE',  ( 0.000000000000000000, 0.000000000000000000, -1.000000000000000000 ) ) ;
#1456 = LINE ( 'NONE', #4343, #531 ) ;
#1457 = ORIENTED_EDGE ( 'NONE', *, *, #1399, .T. ) ;
#1458 = CIRCLE ( 'NONE', #3638, 8.000000000000000000 ) ;
#1459 = EDGE_CURVE ( 'NONE', #3056, #3806, #2435, .T. ) ;
#1460 = ORIENTED_EDGE ( 'NONE', *, *, #470, .F. ) ;
#1461 = CARTESIAN_POINT ( 'NONE',  ( -1.633465322168694556, 8.345760209329311508, 24.28571428571429180 ) ) ;
#1462 = CARTESIAN_POINT ( 'NONE',  ( 17.36653467783130012, 29.00000000000000000, 44.19690671692822548 ) ) ;
#1463 = CARTESIAN_POINT ( 'NONE',  ( -7.633465322168700773, 29.00000000000000000, -19.32535618980386261 ) ) ;
#1464 = CARTESIAN_POINT ( 'NONE',  ( -14.66475933250266017, 29.00000000000000000, 36.25476954775444227 ) ) ;
#1465 =( BOUNDED_CURVE ( )  B_SPLINE_CURVE ( 3, ( #1502, #3274, #67, #3605 ),
 .UNSPECIFIED., .F., .T. ) 
 B_SPLINE_CURVE_WITH_KNOTS ( ( 4, 4 ),
 ( 3.926990816987242727, 4.375513890790031724 ),
 .UNSPECIFIED. ) 
 CURVE ( )  GEOMETRIC_REPRESENTATION_ITEM ( )  RATIONAL_B_SPLINE_CURVE ( ( 1.000000000000000000, 0.9833057313855612103, 0.9833057313855612103, 1.000000000000000000 ) ) 
 REPRESENTATION_ITEM ( '' )  );
#1466 = CARTESIAN_POINT ( 'NONE',  ( 5.366534673222159491, 9.980447371817128044, 22.57033200333060208 ) ) ;
#1467 = EDGE_CURVE ( 'NONE', #2972, #4602, #4223, .T. ) ;
#1468 = EDGE_CURVE ( 'NONE', #2050, #2632, #2066, .T. ) ;
#1469 = ORIENTED_EDGE ( 'NONE', *, *, #208, .T. ) ;
#1470 = LINE ( 'NONE', #2893, #774 ) ;
#1471 = ORIENTED_EDGE ( 'NONE', *, *, #4485, .T. ) ;
#1472 = CARTESIAN_POINT ( 'NONE',  ( -21.63346532216869988, 11.00000000000000355, 35.51617265383810462 ) ) ;
#1473 = EDGE_LOOP ( 'NONE', ( #2965, #1579 ) ) ;
#1474 = ORIENTED_EDGE ( 'NONE', *, *, #519, .T. ) ;
#1475 = CYLINDRICAL_SURFACE ( 'NONE', #1656, 1.000000000000000000 ) ;
#1476 = FACE_OUTER_BOUND ( 'NONE', #3210, .T. ) ;
#1477 = CARTESIAN_POINT ( 'NONE',  ( 0.1665346778313002429, 29.00000000000000000, -43.60000000000000142 ) ) ;
#1478 = CARTESIAN_POINT ( 'NONE',  ( 3.366534677831300559, 29.00000000000000000, -23.00000000000000000 ) ) ;
#1479 = ORIENTED_EDGE ( 'NONE', *, *, #355, .T. ) ;
#1480 = ORIENTED_EDGE ( 'NONE', *, *, #1357, .T. ) ;
#1481 = CARTESIAN_POINT ( 'NONE',  ( -1.940083675209092862, 8.363482433172030994, 24.26838427681476063 ) ) ;
#1482 = ADVANCED_FACE ( 'NONE', ( #3893 ), #662, .F. ) ;
#1483 = CARTESIAN_POINT ( 'NONE',  ( -17.96400476697995430, 22.00000000000002132, 30.73712189864361477 ) ) ;
#1484 = DIRECTION ( 'NONE',  ( 1.000000000000000000, -0.000000000000000000, -1.055918637551099853E-16 ) ) ;
#1485 = DIRECTION ( 'NONE',  ( 0.000000000000000000, 0.000000000000000000, -1.000000000000000000 ) ) ;
#1486 = CARTESIAN_POINT ( 'NONE',  ( -3.591440615193028485, 9.772807244581304786, -22.80205253905380047 ) ) ;
#1487 = CARTESIAN_POINT ( 'NONE',  ( 20.36653467783130012, -6.099999999999997868, 30.97158360045909475 ) ) ;
#1488 =( BOUNDED_SURFACE ( )  B_SPLINE_SURFACE ( 3, 2, ( 
 ( #881, #4127, #4438 ),
 ( #1895, #904, #3744 ),
 ( #2243, #1204, #3346 ),
 ( #3419, #1548, #569 ),
 ( #1616, #1595, #2700 ),
 ( #1994, #3763, #2653 ),
 ( #3057, #167, #2311 ),
 ( #4534, #4180, #1301 ),
 ( #4462, #3439, #2677 ),
 ( #3390, #3721, #856 ),
 ( #216, #1916, #4081 ),
 ( #3035, #4491, #516 ) ),
 .UNSPECIFIED., .F., .F., .F. ) 
 B_SPLINE_SURFACE_WITH_KNOTS ( ( 4, 2, 2, 2, 2, 4 ),
 ( 3, 3 ),
 ( 0.001011485988567548686, 0.001942523883138373448, 0.002873561777709198427, 0.003804599672280023406, 0.004270118619565436112, 0.004735637566850848384 ),
 ( 0.000000000000000000, 1.000000000000000000 ),
 .UNSPECIFIED. ) 
 GEOMETRIC_REPRESENTATION_ITEM ( )  RATIONAL_B_SPLINE_SURFACE ( (
 ( 1.000000000000000000, 0.7071067811865483499, 1.000000000000000000),
 ( 1.000000000000000000, 0.7345822772893910724, 1.000000000000000000),
 ( 1.000000000000000000, 0.7605026311888360979, 1.000000000000000000),
 ( 1.000000000000000000, 0.8098344481482901980, 1.000000000000000000),
 ( 1.000000000000000000, 0.8325777447821219868, 1.000000000000000000),
 ( 1.000000000000000000, 0.8734539426263573381, 1.000000000000000000),
 ( 1.000000000000000000, 0.8914523496943705938, 1.000000000000000000),
 ( 1.000000000000000000, 0.9112719708564348542, 1.000000000000000000),
 ( 1.000000000000000000, 0.9165525734309498684, 1.000000000000000000),
 ( 1.000000000000000000, 0.9239302960680808585, 1.000000000000000000),
 ( 1.000000000000000000, 0.9258146235002618907, 1.000000000000000000),
 ( 1.000000000000000000, 0.9258200997725513082, 1.000000000000000000) ) ) 
 REPRESENTATION_ITEM ( '' )  SURFACE ( )  );
#1489 = ORIENTED_EDGE ( 'NONE', *, *, #1812, .T. ) ;
#1490 = CARTESIAN_POINT ( 'NONE',  ( 19.36653467783130367, 29.00000000000000000, -32.92332030257301767 ) ) ;
#1491 = ORIENTED_EDGE ( 'NONE', *, *, #2224, .T. ) ;
#1492 = ORIENTED_EDGE ( 'NONE', *, *, #1220, .F. ) ;
#1493 = DIRECTION ( 'NONE',  ( 1.734723475976805517E-15, 0.000000000000000000, -1.000000000000000000 ) ) ;
#1494 = DIRECTION ( 'NONE',  ( 0.000000000000000000, -1.000000000000000000, 0.000000000000000000 ) ) ;
#1495 = CARTESIAN_POINT ( 'NONE',  ( 0.3665346778313049447, -6.099999999999999645, 39.99832061887032353 ) ) ;
#1496 = VERTEX_POINT ( 'NONE', #4676 ) ;
#1497 = ORIENTED_EDGE ( 'NONE', *, *, #3712, .F. ) ;
#1498 = DIRECTION ( 'NONE',  ( 0.000000000000000000, 0.000000000000000000, 1.000000000000000000 ) ) ;
#1499 = LINE ( 'NONE', #3293, #3260 ) ;
#1500 = DIRECTION ( 'NONE',  ( -0.000000000000000000, 1.000000000000000000, -0.000000000000000000 ) ) ;
#1501 = AXIS2_PLACEMENT_3D ( 'NONE', #4582, #678, #3527 ) ;
#1502 = CARTESIAN_POINT ( 'NONE',  ( -9.976611072676329073, 13.34314575050765228, -24.98221043929624940 ) ) ;
#1503 = ORIENTED_EDGE ( 'NONE', *, *, #1220, .T. ) ;
#1504 = ADVANCED_FACE ( 'NONE', ( #4032 ), #3272, .F. ) ;
#1505 = DIRECTION ( 'NONE',  ( 0.3305394448112555228, 0.000000000000000000, -0.9437921780900003776 ) ) ;
#1506 = CARTESIAN_POINT ( 'NONE',  ( 13.13001153514424857, 29.00000000000000000, -34.58431484429377889 ) ) ;
#1507 = VERTEX_POINT ( 'NONE', #90 ) ;
#1508 = VECTOR ( 'NONE', #1607, 1000.000000000000000 ) ;
#1509 = CARTESIAN_POINT ( 'NONE',  ( 3.672522294315393676, 8.363467649666279868, 24.26839777002368947 ) ) ;
#1510 = ORIENTED_EDGE ( 'NONE', *, *, #2102, .F. ) ;
#1511 = ORIENTED_EDGE ( 'NONE', *, *, #1713, .F. ) ;
#1512 = AXIS2_PLACEMENT_3D ( 'NONE', #3435, #3526, #677 ) ;
#1513 =( BOUNDED_CURVE ( )  B_SPLINE_CURVE ( 3, ( #1604, #72, #4138, #2966 ),
 .UNSPECIFIED., .F., .T. ) 
 B_SPLINE_CURVE_WITH_KNOTS ( ( 4, 4 ),
 ( 1.570796326794896780, 2.356194490192343949 ),
 .UNSPECIFIED. ) 
 CURVE ( )  GEOMETRIC_REPRESENTATION_ITEM ( )  RATIONAL_B_SPLINE_CURVE ( ( 1.000000000000000000, 0.9492530216741912330, 0.9492530216741912330, 1.000000000000000000 ) ) 
 REPRESENTATION_ITEM ( '' )  );
#1514 = CARTESIAN_POINT ( 'NONE',  ( 0.1665346778312974674, 5.000000000000000000, 37.00000000000000000 ) ) ;
#1515 = DIRECTION ( 'NONE',  ( -0.000000000000000000, -1.000000000000000000, -0.000000000000000000 ) ) ;
#1516 = CARTESIAN_POINT ( 'NONE',  ( -6.498959657870133633, 29.00000000000000000, -44.90260569707948690 ) ) ;
#1517 = VECTOR ( 'NONE', #1246, 1000.000000000000000 ) ;
#1518 = AXIS2_PLACEMENT_3D ( 'NONE', #291, #3565, #2809 ) ;
#1519 = DIRECTION ( 'NONE',  ( 0.000000000000000000, 0.000000000000000000, 1.000000000000000000 ) ) ;
#1520 = ORIENTED_EDGE ( 'NONE', *, *, #3519, .T. ) ;
#1521 = EDGE_CURVE ( 'NONE', #833, #3231, #1435, .T. ) ;
#1522 = DIRECTION ( 'NONE',  ( 1.055918637551099976E-16, 1.055918637551103304E-16, 1.000000000000000000 ) ) ;
#1523 = CIRCLE ( 'NONE', #4328, 3.000000000000002665 ) ;
#1524 = VECTOR ( 'NONE', #3896, 1000.000000000000000 ) ;
#1525 = DIRECTION ( 'NONE',  ( 0.9437921780900003776, 0.000000000000000000, -0.3305394448112555228 ) ) ;
#1526 = CARTESIAN_POINT ( 'NONE',  ( 3.366534677831300559, 29.00000000000000000, -24.00000000000000000 ) ) ;
#1527 = FILL_AREA_STYLE_COLOUR ( '', #4176 ) ;
#1528 = VECTOR ( 'NONE', #3313, 1000.000000000000114 ) ;
#1529 = VERTEX_POINT ( 'NONE', #3964 ) ;
#1530 = CARTESIAN_POINT ( 'NONE',  ( -10.39694217948164834, 13.76347685731296444, -34.17010128192067953 ) ) ;
#1531 = CARTESIAN_POINT ( 'NONE',  ( -7.633465322168702549, 29.00000000000000000, -42.55315238120665811 ) ) ;
#1532 = EDGE_LOOP ( 'NONE', ( #1923, #692, #659, #791 ) ) ;
#1533 = DIRECTION ( 'NONE',  ( -1.000000000000000000, 0.000000000000000000, -0.000000000000000000 ) ) ;
#1534 = EDGE_LOOP ( 'NONE', ( #1948, #3162, #1951, #2688, #1886, #3899, #146, #2162, #4362 ) ) ;
#1535 = EDGE_CURVE ( 'NONE', #4162, #58, #3668, .T. ) ;
#1536 = CARTESIAN_POINT ( 'NONE',  ( 4.479217603366813627, 8.671540337339591176, 23.96243046733820847 ) ) ;
#1537 = ORIENTED_EDGE ( 'NONE', *, *, #2471, .F. ) ;
#1538 = ORIENTED_EDGE ( 'NONE', *, *, #3167, .F. ) ;
#1539 = CARTESIAN_POINT ( 'NONE',  ( -15.50793802324971082, 29.00000000000000000, -44.21021106255863486 ) ) ;
#1540 = FACE_OUTER_BOUND ( 'NONE', #3711, .T. ) ;
#1541 = LINE ( 'NONE', #1929, #1517 ) ;
#1542 = CYLINDRICAL_SURFACE ( 'NONE', #2317, 1.000000000000000888 ) ;
#1543 = VERTEX_POINT ( 'NONE', #2955 ) ;
#1544 = CARTESIAN_POINT ( 'NONE',  ( -18.63346532216869988, -6.099999999999997868, 30.97158360045909475 ) ) ;
#1545 = LINE ( 'NONE', #2341, #4004 ) ;
#1546 = CARTESIAN_POINT ( 'NONE',  ( -1.633465322168694556, 29.00000000000000000, 23.00000000000000000 ) ) ;
#1547 = ORIENTED_EDGE ( 'NONE', *, *, #498, .F. ) ;
#1548 = CARTESIAN_POINT ( 'NONE',  ( -2.749136543169691027, 9.561756408662224871, 23.03401240086978774 ) ) ;
#1549 = CARTESIAN_POINT ( 'NONE',  ( -12.98914976367865215, 11.00000000000000355, -26.87569361452386119 ) ) ;
#1550 = EDGE_CURVE ( 'NONE', #3389, #2468, #3858, .T. ) ;
#1551 = CARTESIAN_POINT ( 'NONE',  ( 0.000000000000000000, 29.00000000000000000, 25.00000000000000000 ) ) ;
#1552 = EDGE_CURVE ( 'NONE', #1658, #2307, #2199, .T. ) ;
#1553 = VERTEX_POINT ( 'NONE', #1135 ) ;
#1554 = ORIENTED_EDGE ( 'NONE', *, *, #3788, .T. ) ;
#1555 = CARTESIAN_POINT ( 'NONE',  ( 4.366534677831297451, 10.17876285550873661, -22.34285714285713809 ) ) ;
#1556 = ORIENTED_EDGE ( 'NONE', *, *, #2437, .F. ) ;
#1557 = EDGE_CURVE ( 'NONE', #3795, #4208, #3601, .T. ) ;
#1558 = EDGE_LOOP ( 'NONE', ( #1151, #4105, #4473, #1783 ) ) ;
#1559 = ADVANCED_FACE ( 'NONE', ( #1795, #4326 ), #804, .T. ) ;
#1560 = FACE_OUTER_BOUND ( 'NONE', #2778, .T. ) ;
#1561 = CARTESIAN_POINT ( 'NONE',  ( -20.96400476697995785, 24.33053944481128283, 29.66868576516458944 ) ) ;
#1562 = LINE ( 'NONE', #2306, #3393 ) ;
#1563 = ORIENTED_EDGE ( 'NONE', *, *, #336, .F. ) ;
#1564 = VERTEX_POINT ( 'NONE', #4389 ) ;
#1565 = CARTESIAN_POINT ( 'NONE',  ( 5.366534677831301003, 10.93252891026719453, -22.99999999999999645 ) ) ;
#1566 = DIRECTION ( 'NONE',  ( 0.000000000000000000, -1.000000000000000000, 0.000000000000000000 ) ) ;
#1567 = ORIENTED_EDGE ( 'NONE', *, *, #1592, .F. ) ;
#1568 = FACE_OUTER_BOUND ( 'NONE', #2263, .T. ) ;
#1569 = CARTESIAN_POINT ( 'NONE',  ( 20.36653467783130367, 22.00000000000001421, -32.92332030257301767 ) ) ;
#1570 = CARTESIAN_POINT ( 'NONE',  ( -2.531649843396731825, 10.11189565910711252, -23.45530749490739808 ) ) ;
#1571 = CARTESIAN_POINT ( 'NONE',  ( -7.619487854157243945, 7.902162118133264634, 42.87213896691170589 ) ) ;
#1572 = ORIENTED_EDGE ( 'NONE', *, *, #1535, .F. ) ;
#1573 = ADVANCED_FACE ( 'NONE', ( #4366 ), #2595, .F. ) ;
#1574 = CARTESIAN_POINT ( 'NONE',  ( -7.633465322168711431, 12.19080025134055845, -19.80834180713093318 ) ) ;
#1575 = CARTESIAN_POINT ( 'NONE',  ( -11.50233951582502456, 29.00000000000000000, -34.57874503364430296 ) ) ;
#1576 = ORIENTED_EDGE ( 'NONE', *, *, #2104, .F. ) ;
#1577 = CARTESIAN_POINT ( 'NONE',  ( 5.325865118935438680, 9.778660297183197514, -22.79554885960383004 ) ) ;
#1578 = VERTEX_POINT ( 'NONE', #2175 ) ;
#1579 = ORIENTED_EDGE ( 'NONE', *, *, #3892, .F. ) ;
#1580 = DIRECTION ( 'NONE',  ( 1.000000000000000000, 0.000000000000000000, -1.216773423528406629E-15 ) ) ;
#1581 = DIRECTION ( 'NONE',  ( -0.9437921780900001556, 0.000000000000000000, 0.3305394448112565220 ) ) ;
#1582 = CARTESIAN_POINT ( 'NONE',  ( -21.52747930778467733, 24.89401398561597034, -33.51620384990104640 ) ) ;
#1583 = DIRECTION ( 'NONE',  ( -1.055918637551099976E-16, -0.000000000000000000, -1.000000000000000000 ) ) ;
#1584 = AXIS2_PLACEMENT_3D ( 'NONE', #1941, #3460, #3441 ) ;
#1585 = ADVANCED_FACE ( 'NONE', ( #440 ), #246, .T. ) ;
#1586 = AXIS2_PLACEMENT_3D ( 'NONE', #2124, #4575, #1337 ) ;
#1587 = ORIENTED_EDGE ( 'NONE', *, *, #2671, .F. ) ;
#1588 = CIRCLE ( 'NONE', #3248, 1.000000000000000888 ) ;
#1589 = AXIS2_PLACEMENT_3D ( 'NONE', #1122, #2163, #4017 ) ;
#1590 = CARTESIAN_POINT ( 'NONE',  ( 4.702216289152225670, 8.823401077375805812, -23.80972323766232535 ) ) ;
#1591 = DIRECTION ( 'NONE',  ( -0.000000000000000000, -1.000000000000000000, -0.000000000000000000 ) ) ;
#1592 = EDGE_CURVE ( 'NONE', #2768, #3140, #4210, .T. ) ;
#1593 = AXIS2_PLACEMENT_3D ( 'NONE', #3236, #8, #2503 ) ;
#1594 = ORIENTED_EDGE ( 'NONE', *, *, #3120, .F. ) ;
#1595 = CARTESIAN_POINT ( 'NONE',  ( -2.710700880297940429, 9.395843043073332623, 23.21335648375077554 ) ) ;
#1596 = FACE_OUTER_BOUND ( 'NONE', #2215, .T. ) ;
#1597 = CIRCLE ( 'NONE', #2192, 1.500000000000001332 ) ;
#1598 = CARTESIAN_POINT ( 'NONE',  ( -2.633465322168700329, 28.00000000000000000, -24.00000000000000000 ) ) ;
#1599 = ORIENTED_EDGE ( 'NONE', *, *, #4599, .F. ) ;
#1600 = CARTESIAN_POINT ( 'NONE',  ( 10.18933804602602677, 11.82280336819474265, 40.06039484974873233 ) ) ;
#1601 = CARTESIAN_POINT ( 'NONE',  ( 20.36653467783130367, -6.099999999999997868, -33.82293364218904230 ) ) ;
#1602 = ORIENTED_EDGE ( 'NONE', *, *, #3582, .T. ) ;
#1603 = CARTESIAN_POINT ( 'NONE',  ( 6.366534677831293898, 0.000000000000000000, -54.28728536187934850 ) ) ;
#1604 = CARTESIAN_POINT ( 'NONE',  ( 9.366534677831293010, 7.686291501015214855, -44.19690671692822548 ) ) ;
#1605 = ORIENTED_EDGE ( 'NONE', *, *, #712, .F. ) ;
#1606 = ORIENTED_EDGE ( 'NONE', *, *, #4036, .T. ) ;
#1607 = DIRECTION ( 'NONE',  ( -0.000000000000000000, 1.000000000000000000, -0.000000000000000000 ) ) ;
#1608 = LINE ( 'NONE', #2666, #1378 ) ;
#1609 = DIRECTION ( 'NONE',  ( 0.000000000000000000, 1.000000000000000000, 0.000000000000000000 ) ) ;
#1610 = ORIENTED_EDGE ( 'NONE', *, *, #1280, .T. ) ;
#1611 = ORIENTED_EDGE ( 'NONE', *, *, #2183, .F. ) ;
#1612 = CARTESIAN_POINT ( 'NONE',  ( -12.98914976367864327, 11.00000000000000355, 26.87569361452386119 ) ) ;
#1613 = CARTESIAN_POINT ( 'NONE',  ( -1.633465322168700107, 28.00000000000000000, -23.00000000000000000 ) ) ;
#1614 = EDGE_CURVE ( 'NONE', #215, #2972, #3649, .T. ) ;
#1615 = ORIENTED_EDGE ( 'NONE', *, *, #712, .T. ) ;
#1616 = CARTESIAN_POINT ( 'NONE',  ( -2.471379836200452651, 9.913637570214920203, 23.56018653900268589 ) ) ;
#1617 = PLANE ( 'NONE',  #3013 ) ;
#1618 = CYLINDRICAL_SURFACE ( 'NONE', #4539, 1.000000000000000888 ) ;
#1619 = CARTESIAN_POINT ( 'NONE',  ( 9.409840671013078861, 11.84871024722545307, 20.27683790430418043 ) ) ;
#1620 = CARTESIAN_POINT ( 'NONE',  ( -18.63346532216869988, 21.99999999999999289, -33.46118902091272673 ) ) ;
#1621 = VERTEX_POINT ( 'NONE', #2509 ) ;
#1622 = DIRECTION ( 'NONE',  ( 0.000000000000000000, 0.000000000000000000, -1.000000000000000000 ) ) ;
#1623 = CARTESIAN_POINT ( 'NONE',  ( 3.366534677831297451, 9.045614421553221263, -24.00000000000001776 ) ) ;
#1624 = ORIENTED_EDGE ( 'NONE', *, *, #1996, .F. ) ;
#1625 = ORIENTED_EDGE ( 'NONE', *, *, #51, .T. ) ;
#1626 = DIRECTION ( 'NONE',  ( 0.1053973363433754751, -0.000000000000000000, 0.9944301893505251844 ) ) ;
#1627 = CARTESIAN_POINT ( 'NONE',  ( -1.633465322168694556, 9.045614421553072049, 24.00000000000000000 ) ) ;
#1628 = FACE_OUTER_BOUND ( 'NONE', #195, .T. ) ;
#1629 = FACE_OUTER_BOUND ( 'NONE', #3510, .T. ) ;
#1630 = ORIENTED_EDGE ( 'NONE', *, *, #4277, .T. ) ;
#1631 = EDGE_CURVE ( 'NONE', #1126, #2711, #1161, .T. ) ;
#1632 = EDGE_CURVE ( 'NONE', #359, #1126, #3983, .T. ) ;
#1633 = ORIENTED_EDGE ( 'NONE', *, *, #919, .F. ) ;
#1634 = LINE ( 'NONE', #3793, #4008 ) ;
#1635 = LINE ( 'NONE', #851, #3309 ) ;
#1636 = ORIENTED_EDGE ( 'NONE', *, *, #3454, .T. ) ;
#1637 = CARTESIAN_POINT ( 'NONE',  ( 20.36653467783130367, 21.99999999999998579, 31.68091407673361104 ) ) ;
#1638 = CARTESIAN_POINT ( 'NONE',  ( -2.329307104295578856, 8.876032876722897313, -23.75773916295056054 ) ) ;
#1639 = DIRECTION ( 'NONE',  ( 0.6863727697048151999, 0.6863727697048173093, -0.2403847790844473586 ) ) ;
#1640 = LINE ( 'NONE', #2703, #323 ) ;
#1641 = VERTEX_POINT ( 'NONE', #3311 ) ;
#1642 = CARTESIAN_POINT ( 'NONE',  ( -21.63346532216869988, 11.00000000000000355, -30.61247794325458571 ) ) ;
#1643 = CARTESIAN_POINT ( 'NONE',  ( 4.114001296050093792, 8.483324458539176049, -24.15031681728266832 ) ) ;
#1644 = ORIENTED_EDGE ( 'NONE', *, *, #3519, .F. ) ;
#1645 = ADVANCED_FACE ( 'NONE', ( #1842 ), #1967, .F. ) ;
#1646 = ORIENTED_EDGE ( 'NONE', *, *, #2706, .T. ) ;
#1647 = DIRECTION ( 'NONE',  ( 0.000000000000000000, 0.000000000000000000, -1.000000000000000000 ) ) ;
#1648 = DIRECTION ( 'NONE',  ( -0.7051293066513169006, 0.7051293066513190100, -0.07473501055638616386 ) ) ;
#1649 = CARTESIAN_POINT ( 'NONE',  ( -7.633465322168696332, 12.19080025134053002, 19.80834180713091897 ) ) ;
#1650 = DIRECTION ( 'NONE',  ( -0.000000000000000000, -1.000000000000000000, -0.000000000000000000 ) ) ;
#1651 = EDGE_LOOP ( 'NONE', ( #2739, #3063, #3016, #4020, #3647, #3040, #3762 ) ) ;
#1652 = AXIS2_PLACEMENT_3D ( 'NONE', #2692, #510, #3383 ) ;
#1653 = CARTESIAN_POINT ( 'NONE',  ( 23.36653467783131433, 24.99999999999998579, 35.15442803256178905 ) ) ;
#1654 = CIRCLE ( 'NONE', #2108, 1.000000000000000888 ) ;
#1655 = EDGE_CURVE ( 'NONE', #2899, #2468, #3031, .T. ) ;
#1657 = DIRECTION ( 'NONE',  ( 0.000000000000000000, -1.000000000000000000, 0.000000000000000000 ) ) ;
#1656 = AXIS2_PLACEMENT_3D ( 'NONE', #2947, #839, #3997 ) ;
#1658 = VERTEX_POINT ( 'NONE', #1295 ) ;
#1659 = VECTOR ( 'NONE', #2363, 1000.000000000000000 ) ;
#1660 = VECTOR ( 'NONE', #357, 1000.000000000000000 ) ;
#1661 = DIRECTION ( 'NONE',  ( 0.000000000000000000, 0.000000000000000000, -1.000000000000000000 ) ) ;
#1662 = CARTESIAN_POINT ( 'NONE',  ( 11.70968042833890799, 13.34314575050758833, -24.98221043929623519 ) ) ;
#1663 = CARTESIAN_POINT ( 'NONE',  ( -2.633465322168700329, 28.00000000000000000, -25.00000000000000000 ) ) ;
#1664 = CARTESIAN_POINT ( 'NONE',  ( -2.278631426219615896, 9.491427876387565021, -23.77810637400616045 ) ) ;
#1665 = CIRCLE ( 'NONE', #627, 1.000000000000000888 ) ;
#1666 = AXIS2_PLACEMENT_3D ( 'NONE', #283, #1392, #2085 ) ;
#1667 = EDGE_CURVE ( 'NONE', #3706, #2300, #953, .T. ) ;
#1668 = FACE_OUTER_BOUND ( 'NONE', #3448, .T. ) ;
#1669 = VECTOR ( 'NONE', #2902, 1000.000000000000000 ) ;
#1670 = ORIENTED_EDGE ( 'NONE', *, *, #1655, .T. ) ;
#1671 = EDGE_CURVE ( 'NONE', #356, #2516, #2613, .T. ) ;
#1672 = DIRECTION ( 'NONE',  ( 0.9944301893505251844, 0.000000000000000000, -0.1053973363433754612 ) ) ;
#1673 = FACE_BOUND ( 'NONE', #2140, .T. ) ;
#1674 = AXIS2_PLACEMENT_3D ( 'NONE', #2388, #3558, #1756 ) ;
#1675 = ORIENTED_EDGE ( 'NONE', *, *, #945, .F. ) ;
#1676 = ORIENTED_EDGE ( 'NONE', *, *, #2825, .F. ) ;
#1677 = EDGE_CURVE ( 'NONE', #4598, #3333, #1634, .T. ) ;
#1678 = PLANE ( 'NONE',  #2184 ) ;
#1679 = CARTESIAN_POINT ( 'NONE',  ( -7.599230604281705936, 7.560764202096274644, -43.00507747612083165 ) ) ;
#1680 = CARTESIAN_POINT ( 'NONE',  ( -2.633465322168694112, 10.93252891026714479, 23.00000000000000000 ) ) ;
#1681 = CYLINDRICAL_SURFACE ( 'NONE', #454, 4.999999999999997335 ) ;
#1682 = ORIENTED_EDGE ( 'NONE', *, *, #3262, .T. ) ;
#1683 = CARTESIAN_POINT ( 'NONE',  ( 23.36653467783131433, 24.99999999999998579, 35.51617265383811173 ) ) ;
#1684 = CYLINDRICAL_SURFACE ( 'NONE', #4304, 3.000000000000002665 ) ;
#1685 = ORIENTED_EDGE ( 'NONE', *, *, #4638, .T. ) ;
#1686 = ORIENTED_EDGE ( 'NONE', *, *, #4675, .T. ) ;
#1687 = LINE ( 'NONE', #682, #1379 ) ;
#1688 = CARTESIAN_POINT ( 'NONE',  ( -17.86292087967715503, -6.099999999999997868, -35.91580386481579978 ) ) ;
#1689 = FACE_OUTER_BOUND ( 'NONE', #611, .T. ) ;
#1690 =( BOUNDED_CURVE ( )  B_SPLINE_CURVE ( 3, ( #2103, #2792, #2430, #3888 ),
 .UNSPECIFIED., .F., .F. ) 
 B_SPLINE_CURVE_WITH_KNOTS ( ( 4, 4 ),
 ( 3.926990816987242283, 4.363402572713444449 ),
 .UNSPECIFIED. ) 
 CURVE ( )  GEOMETRIC_REPRESENTATION_ITEM ( )  RATIONAL_B_SPLINE_CURVE ( ( 1.000000000000000000, 0.9841916060487294615, 0.9841916060487294615, 1.000000000000000000 ) ) 
 REPRESENTATION_ITEM ( '' )  );
#1691 = DIRECTION ( 'NONE',  ( -1.020425574104004122E-16, 0.000000000000000000, -1.000000000000000000 ) ) ;
#1692 = EDGE_CURVE ( 'NONE', #3528, #3750, #4177, .T. ) ;
#1693 = EDGE_LOOP ( 'NONE', ( #2513, #4654, #610, #3748 ) ) ;
#1694 = CARTESIAN_POINT ( 'NONE',  ( -2.633465322168694112, 9.045614421553072049, 24.00000000000000000 ) ) ;
#1695 = ORIENTED_EDGE ( 'NONE', *, *, #2674, .F. ) ;
#1696 = EDGE_LOOP ( 'NONE', ( #558, #3835, #476, #768, #493, #2997 ) ) ;
#1697 = FACE_OUTER_BOUND ( 'NONE', #2983, .T. ) ;
#1698 = CARTESIAN_POINT ( 'NONE',  ( 9.366540677831297401, 1.734723475976807094E-15, -30.28728536187934495 ) ) ;
#1699 = DIRECTION ( 'NONE',  ( 0.000000000000000000, -1.000000000000000000, 0.000000000000000000 ) ) ;
#1700 = LINE ( 'NONE', #3124, #4309 ) ;
#1701 = EDGE_CURVE ( 'NONE', #535, #1248, #3773, .T. ) ;
#1702 = ORIENTED_EDGE ( 'NONE', *, *, #1867, .T. ) ;
#1703 = CARTESIAN_POINT ( 'NONE',  ( 11.31635498635083970, 12.94982030851952004, -36.79334309329407660 ) ) ;
#1704 = ORIENTED_EDGE ( 'NONE', *, *, #879, .T. ) ;
#1705 = VERTEX_POINT ( 'NONE', #2999 ) ;
#1706 = PLANE ( 'NONE',  #1229 ) ;
#1707 = CARTESIAN_POINT ( 'NONE',  ( 9.366534677831291233, 29.00000000000000000, -57.50000000000000000 ) ) ;
#1708 = DIRECTION ( 'NONE',  ( -0.000000000000000000, 0.000000000000000000, 1.000000000000000000 ) ) ;
#1709 = EDGE_CURVE ( 'NONE', #1803, #887, #2689, .T. ) ;
#1710 = CARTESIAN_POINT ( 'NONE',  ( 9.848776367161711676, 10.42185542502767248, -22.06092011381632290 ) ) ;
#1711 = DIRECTION ( 'NONE',  ( 0.000000000000000000, 0.000000000000000000, -1.000000000000000000 ) ) ;
#1712 = EDGE_CURVE ( 'NONE', #3234, #2470, #1545, .T. ) ;
#1713 = EDGE_CURVE ( 'NONE', #1216, #1230, #4531, .T. ) ;
#1714 = ORIENTED_EDGE ( 'NONE', *, *, #3954, .T. ) ;
#1715 = ORIENTED_EDGE ( 'NONE', *, *, #3676, .T. ) ;
#1716 = CARTESIAN_POINT ( 'NONE',  ( -18.63346532216869988, 22.00000000000002132, 31.68091407673361104 ) ) ;
#1717 = CYLINDRICAL_SURFACE ( 'NONE', #538, 1.000000000000000888 ) ;
#1718 = CARTESIAN_POINT ( 'NONE',  ( -9.976611072676309533, 13.34314575050760432, 24.98221043929621388 ) ) ;
#1719 = CARTESIAN_POINT ( 'NONE',  ( -7.678199673778036249, 8.649644366250262451, 23.99323912491570354 ) ) ;
#1720 = EDGE_LOOP ( 'NONE', ( #3571, #2119, #3153, #4023, #719, #4686, #3659, #120, #3195 ) ) ;
#1721 = VECTOR ( 'NONE', #487, 1000.000000000000000 ) ;
#1722 = EDGE_CURVE ( 'NONE', #335, #4598, #3716, .T. ) ;
#1723 = CARTESIAN_POINT ( 'NONE',  ( -11.39694217948164834, 14.76347685731296444, -34.58431484429377889 ) ) ;
#1724 = CYLINDRICAL_SURFACE ( 'NONE', #3235, 8.000000000000000000 ) ;
#1725 = AXIS2_PLACEMENT_3D ( 'NONE', #792, #1832, #3215 ) ;
#1726 = VERTEX_POINT ( 'NONE', #3759 ) ;
#1727 = VERTEX_POINT ( 'NONE', #3365 ) ;
#1728 = DIRECTION ( 'NONE',  ( -0.9944301893505250733, 0.000000000000000000, 0.1053973363433759608 ) ) ;
#1729 = AXIS2_PLACEMENT_3D ( 'NONE', #1539, #1927, #429 ) ;
#1730 = DIRECTION ( 'NONE',  ( 0.000000000000000000, 1.000000000000000000, -0.000000000000000000 ) ) ;
#1731 = AXIS2_PLACEMENT_3D ( 'NONE', #2191, #455, #3977 ) ;
#1732 = CARTESIAN_POINT ( 'NONE',  ( 9.366546677831294687, 2.793491242797530472, -28.86234957546318469 ) ) ;
#1733 = CIRCLE ( 'NONE', #2938, 1.000000000000000444 ) ;
#1734 = CARTESIAN_POINT ( 'NONE',  ( 0.1665346778313000764, 5.000000000000000000, -45.00000000000000000 ) ) ;
#1735 = VECTOR ( 'NONE', #79, 1000.000000000000000 ) ;
#1736 = FACE_OUTER_BOUND ( 'NONE', #1920, .T. ) ;
#1737 = ORIENTED_EDGE ( 'NONE', *, *, #4050, .F. ) ;
#1738 = ORIENTED_EDGE ( 'NONE', *, *, #3025, .F. ) ;
#1739 = AXIS2_PLACEMENT_3D ( 'NONE', #1351, #4228, #2139 ) ;
#1740 = DIRECTION ( 'NONE',  ( 0.000000000000000000, 0.000000000000000000, -1.000000000000000000 ) ) ;
#1741 = CARTESIAN_POINT ( 'NONE',  ( -7.633465322168712319, 7.686291501015261929, -24.91475852215815578 ) ) ;
#1742 = FACE_OUTER_BOUND ( 'NONE', #3758, .T. ) ;
#1743 = MECHANICAL_DESIGN_GEOMETRIC_PRESENTATION_REPRESENTATION (  '', ( #3186 ), #1314 ) ;
#1744 = CARTESIAN_POINT ( 'NONE',  ( 12.13001153514424857, 13.76347685731295556, 28.91094244983323946 ) ) ;
#1745 = B_SPLINE_CURVE_WITH_KNOTS ( 'NONE', 3,
 ( #3431, #1956, #186, #1266, #4046, #3070 ),
 .UNSPECIFIED., .F., .F.,
 ( 4, 2, 4 ),
 ( 0.000000000000000000, 0.001991248575786086928, 0.003982497151572173856 ),
 .UNSPECIFIED. ) ;
#1746 = VERTEX_POINT ( 'NONE', #491 ) ;
#1747 = CARTESIAN_POINT ( 'NONE',  ( -7.633465322168694556, 7.686291501620116762, 42.70410176386526047 ) ) ;
#1748 = EDGE_CURVE ( 'NONE', #1028, #2141, #2974, .T. ) ;
#1749 = DIRECTION ( 'NONE',  ( -0.9437921780900003776, -0.000000000000000000, 0.3305394448112555228 ) ) ;
#1750 = CARTESIAN_POINT ( 'NONE',  ( 3.366534677831300559, 29.00000000000000000, -25.00000000000000000 ) ) ;
#1751 = ORIENTED_EDGE ( 'NONE', *, *, #2080, .F. ) ;
#1752 = ORIENTED_EDGE ( 'NONE', *, *, #2594, .F. ) ;
#1753 = ADVANCED_FACE ( 'NONE', ( #849 ), #1271, .F. ) ;
#1754 = CARTESIAN_POINT ( 'NONE',  ( -17.96400476697995430, 29.00000000000000000, 30.73712189864361477 ) ) ;
#1755 = DIRECTION ( 'NONE',  ( -0.9944301893505250733, 0.000000000000000000, 0.1053973363433762939 ) ) ;
#1756 = DIRECTION ( 'NONE',  ( 0.000000000000000000, 0.000000000000000000, -1.000000000000000000 ) ) ;
#1757 = EDGE_CURVE ( 'NONE', #887, #4308, #1733, .T. ) ;
#1758 = EDGE_CURVE ( 'NONE', #2237, #1046, #877, .T. ) ;
#1759 = CARTESIAN_POINT ( 'NONE',  ( -21.63346532216869633, 24.99999999999996803, -32.92229729729717747 ) ) ;
#1760 = FACE_OUTER_BOUND ( 'NONE', #3950, .T. ) ;
#1761 = VERTEX_POINT ( 'NONE', #2288 ) ;
#1762 = EDGE_LOOP ( 'NONE', ( #459, #2225 ) ) ;
#1763 = CARTESIAN_POINT ( 'NONE',  ( 16.52335598708429742, 18.15682130925298665, 36.24146520212402578 ) ) ;
#1764 = LINE ( 'NONE', #3212, #3546 ) ;
#1765 = CARTESIAN_POINT ( 'NONE',  ( -18.63346532216869633, 22.00000000000000000, -31.24115966552354351 ) ) ;
#1766 = ORIENTED_EDGE ( 'NONE', *, *, #3742, .T. ) ;
#1767 = CARTESIAN_POINT ( 'NONE',  ( 0.1665346778312974674, 29.00000000000000000, 37.00000000000000000 ) ) ;
#1768 = EDGE_LOOP ( 'NONE', ( #3509, #738, #4377, #469 ) ) ;
#1769 = PLANE ( 'NONE',  #3316 ) ;
#1770 = CYLINDRICAL_SURFACE ( 'NONE', #3178, 1.000000000000000888 ) ;
#1771 = DIRECTION ( 'NONE',  ( 0.000000000000000000, 0.000000000000000000, -1.000000000000000000 ) ) ;
#1772 = ORIENTED_EDGE ( 'NONE', *, *, #3305, .T. ) ;
#1773 = EDGE_CURVE ( 'NONE', #4101, #4673, #3550, .T. ) ;
#1774 = VERTEX_POINT ( 'NONE', #3816 ) ;
#1775 = CARTESIAN_POINT ( 'NONE',  ( -3.633465322168693223, 9.976187830552044389, 22.57521784752651683 ) ) ;
#1776 = SURFACE_STYLE_FILL_AREA ( #351 ) ;
#1777 = CYLINDRICAL_SURFACE ( 'NONE', #3632, 1.000000000000000888 ) ;
#1778 = DIRECTION ( 'NONE',  ( 0.000000000000000000, 1.000000000000000000, -0.000000000000000000 ) ) ;
#1779 = ORIENTED_EDGE ( 'NONE', *, *, #1009, .T. ) ;
#1780 = ORIENTED_EDGE ( 'NONE', *, *, #2194, .F. ) ;
#1781 = CARTESIAN_POINT ( 'NONE',  ( -7.599230604281687285, 29.00000000000000000, 43.00507747612068243 ) ) ;
#1782 = DIRECTION ( 'NONE',  ( 0.000000000000000000, -1.000000000000000000, 0.000000000000000000 ) ) ;
#1783 = ORIENTED_EDGE ( 'NONE', *, *, #1418, .F. ) ;
#1784 = ADVANCED_FACE ( 'NONE', ( #1387 ), #3455, .F. ) ;
#1785 = CARTESIAN_POINT ( 'NONE',  ( 12.54422509751734616, 14.17769041968604782, 28.49672888746014010 ) ) ;
#1786 = ORIENTED_EDGE ( 'NONE', *, *, #2577, .F. ) ;
#1787 = CARTESIAN_POINT ( 'NONE',  ( -21.63346532216869988, 11.00000000000000355, 29.90314746698006587 ) ) ;
#1788 = DIRECTION ( 'NONE',  ( 0.000000000000000000, 0.000000000000000000, -1.000000000000000000 ) ) ;
#1789 = CARTESIAN_POINT ( 'NONE',  ( -18.63346532216869988, 22.00000000000000000, -32.92332030257301767 ) ) ;
#1790 = DIRECTION ( 'NONE',  ( 0.000000000000000000, 1.000000000000000000, -0.000000000000000000 ) ) ;
#1791 = ORIENTED_EDGE ( 'NONE', *, *, #1677, .T. ) ;
#1792 = CARTESIAN_POINT ( 'NONE',  ( -11.39694217948164834, 29.00000000000000000, 29.49672888746014721 ) ) ;
#1793 = DIRECTION ( 'NONE',  ( -1.000000000000000000, -0.000000000000000000, -0.000000000000000000 ) ) ;
#1794 = EDGE_CURVE ( 'NONE', #215, #4273, #4161, .T. ) ;
#1795 = FACE_BOUND ( 'NONE', #4283, .T. ) ;
#1796 = PLANE ( 'NONE',  #2730 ) ;
#1797 = B_SPLINE_CURVE_WITH_KNOTS ( 'NONE', 3,
 ( #3771, #1574, #4496, #3009, #551, #1258 ),
 .UNSPECIFIED., .F., .F.,
 ( 4, 2, 4 ),
 ( 0.000000000000000000, 0.001741898128152564269, 0.003483796256305128538 ),
 .UNSPECIFIED. ) ;
#1798 = AXIS2_PLACEMENT_3D ( 'NONE', #2469, #1086, #3926 ) ;
#1799 = CARTESIAN_POINT ( 'NONE',  ( -10.39694217948164834, 13.76347685731297155, -35.51617265383810462 ) ) ;
#1800 = CARTESIAN_POINT ( 'NONE',  ( 4.316867351389490182, 9.158129924513058739, 23.46491796749910463 ) ) ;
#1801 = CIRCLE ( 'NONE', #3011, 1.000000000000000888 ) ;
#1802 = AXIS2_PLACEMENT_3D ( 'NONE', #2359, #3450, #2446 ) ;
#1803 = VERTEX_POINT ( 'NONE', #2815 ) ;
#1804 = CARTESIAN_POINT ( 'NONE',  ( 4.501040342129864591, 29.00000000000000000, -53.63673867775218440 ) ) ;
#1805 = VECTOR ( 'NONE', #284, 1000.000000000000000 ) ;
#1806 = AXIS2_PLACEMENT_3D ( 'NONE', #3041, #863, #2370 ) ;
#1807 = EDGE_LOOP ( 'NONE', ( #1766, #1877, #3438, #173 ) ) ;
#1808 = DIRECTION ( 'NONE',  ( 0.000000000000000000, 1.000000000000000000, -0.000000000000000000 ) ) ;
#1809 = AXIS2_PLACEMENT_3D ( 'NONE', #2588, #2691, #3022 ) ;
#1810 = ORIENTED_EDGE ( 'NONE', *, *, #3229, .F. ) ;
#1811 = VECTOR ( 'NONE', #1238, 1000.000000000000000 ) ;
#1812 = EDGE_CURVE ( 'NONE', #3980, #4681, #2747, .T. ) ;
#1813 = ORIENTED_EDGE ( 'NONE', *, *, #3582, .F. ) ;
#1814 = EDGE_CURVE ( 'NONE', #4495, #2453, #88, .T. ) ;
#1815 = CARTESIAN_POINT ( 'NONE',  ( -7.622058247498006089, 7.644465560222334588, -42.85619318150553880 ) ) ;
#1816 = VECTOR ( 'NONE', #577, 1000.000000000000000 ) ;
#1817 = CARTESIAN_POINT ( 'NONE',  ( 9.366534677831328537, 11.00000000000000355, 0.000000000000000000 ) ) ;
#1818 = DIRECTION ( 'NONE',  ( -0.000000000000000000, -1.000000000000000000, 0.000000000000000000 ) ) ;
#1819 = DIRECTION ( 'NONE',  ( -0.6165904004353908174, 0.6165904004353925938, -0.4895227841294483850 ) ) ;
#1820 = ORIENTED_EDGE ( 'NONE', *, *, #2521, .T. ) ;
#1821 = ORIENTED_EDGE ( 'NONE', *, *, #2744, .T. ) ;
#1822 = CARTESIAN_POINT ( 'NONE',  ( 9.366534677831300115, 29.00000000000000000, 19.32535618980386261 ) ) ;
#1823 = DIRECTION ( 'NONE',  ( 1.216773423528406629E-15, 1.216773423528403079E-15, 1.000000000000000000 ) ) ;
#1824 = CARTESIAN_POINT ( 'NONE',  ( 13.13001153514424857, 14.76347685731295378, 28.49672888746014721 ) ) ;
#1825 = DIRECTION ( 'NONE',  ( 0.000000000000000000, 1.000000000000000000, 0.000000000000000000 ) ) ;
#1826 = CARTESIAN_POINT ( 'NONE',  ( 20.36653467783130012, 22.00000000000001066, -31.68091407673361104 ) ) ;
#1827 = ORIENTED_EDGE ( 'NONE', *, *, #1364, .F. ) ;
#1828 = EDGE_CURVE ( 'NONE', #3792, #1420, #3149, .T. ) ;
#1829 = EDGE_CURVE ( 'NONE', #967, #3940, #2403, .T. ) ;
#1830 = DIRECTION ( 'NONE',  ( 0.000000000000000000, 0.000000000000000000, -1.000000000000000000 ) ) ;
#1831 = ORIENTED_EDGE ( 'NONE', *, *, #29, .T. ) ;
#1832 = DIRECTION ( 'NONE',  ( 0.000000000000000000, -1.000000000000000000, 0.000000000000000000 ) ) ;
#1833 = VERTEX_POINT ( 'NONE', #1723 ) ;
#1834 = ORIENTED_EDGE ( 'NONE', *, *, #749, .T. ) ;
#1835 = FACE_OUTER_BOUND ( 'NONE', #3189, .T. ) ;
#1836 = DIRECTION ( 'NONE',  ( 0.000000000000000000, 0.000000000000000000, -1.000000000000000000 ) ) ;
#1837 = EDGE_CURVE ( 'NONE', #1855, #4612, #634, .T. ) ;
#1838 = LINE ( 'NONE', #2856, #234 ) ;
#1839 = VERTEX_POINT ( 'NONE', #3172 ) ;
#1840 = ORIENTED_EDGE ( 'NONE', *, *, #874, .F. ) ;
#1841 = CARTESIAN_POINT ( 'NONE',  ( 9.575484915525795060, 9.560816453737338350, 23.04189117780911644 ) ) ;
#1842 = FACE_OUTER_BOUND ( 'NONE', #300, .T. ) ;
#1843 = CARTESIAN_POINT ( 'NONE',  ( 13.46055097995550298, 15.09401630212420464, 28.55293670937014738 ) ) ;
#1844 = EDGE_CURVE ( 'NONE', #2452, #2357, #1043, .T. ) ;
#1845 = FACE_OUTER_BOUND ( 'NONE', #4569, .T. ) ;
#1846 = B_SPLINE_CURVE_WITH_KNOTS ( 'NONE', 3,
 ( #1461, #4297, #1481, #3618, #2571, #2888, #1434, #414, #4346, #1134, #1775, #2136 ),
 .UNSPECIFIED., .F., .F.,
 ( 4, 2, 2, 2, 2, 4 ),
 ( 0.000000000000000000, 0.0004599743459450867972, 0.0009199486918901735944, 0.001839897383780341117, 0.002759846075670508315, 0.003679794767560675729 ),
 .UNSPECIFIED. ) ;
#1847 = CARTESIAN_POINT ( 'NONE',  ( -11.39694217948164834, -6.099999999999997868, 33.58431484429377889 ) ) ;
#1848 = CARTESIAN_POINT ( 'NONE',  ( 4.700854397799932194, 8.835877228677979645, 23.79586992163990189 ) ) ;
#1849 = ORIENTED_EDGE ( 'NONE', *, *, #4426, .T. ) ;
#1850 = DIRECTION ( 'NONE',  ( 0.000000000000000000, 0.000000000000000000, -1.000000000000000000 ) ) ;
#1851 = ORIENTED_EDGE ( 'NONE', *, *, #4369, .F. ) ;
#1852 = EDGE_CURVE ( 'NONE', #1363, #833, #3549, .T. ) ;
#1853 = CARTESIAN_POINT ( 'NONE',  ( 4.784343670575199603, 8.911302467545093364, 23.71873886702807610 ) ) ;
#1854 = EDGE_LOOP ( 'NONE', ( #2321, #3637, #4258, #4410 ) ) ;
#1855 = VERTEX_POINT ( 'NONE', #1361 ) ;
#1856 = CARTESIAN_POINT ( 'NONE',  ( 20.36653467783130367, -6.099999999999997868, 33.82293364218904230 ) ) ;
#1857 = CARTESIAN_POINT ( 'NONE',  ( -7.598816195232574344, 7.559244702249459991, -43.00778871897492905 ) ) ;
#1858 = DIRECTION ( 'NONE',  ( 0.000000000000000000, 0.000000000000000000, -1.000000000000000000 ) ) ;
#1859 = DIRECTION ( 'NONE',  ( 0.000000000000000000, 1.000000000000000000, 0.000000000000000000 ) ) ;
#1860 = LINE ( 'NONE', #411, #73 ) ;
#1861 = ORIENTED_EDGE ( 'NONE', *, *, #3920, .T. ) ;
#1862 = CARTESIAN_POINT ( 'NONE',  ( 19.36653467783130367, -6.099999999999997868, 32.92332030257301767 ) ) ;
#1863 = CARTESIAN_POINT ( 'NONE',  ( -10.39694217948164834, 13.76347685731296799, -28.74049687948400233 ) ) ;
#1864 = SURFACE_SIDE_STYLE ('',( #1776 ) ) ;
#1865 = CARTESIAN_POINT ( 'NONE',  ( -10.39694217948164834, 13.76347685731294490, 29.49672888746014721 ) ) ;
#1866 = CARTESIAN_POINT ( 'NONE',  ( -8.115707011499107892, 10.42185542502769380, -22.06092011381629092 ) ) ;
#1867 = EDGE_CURVE ( 'NONE', #4673, #3288, #2081, .T. ) ;
#1868 = VECTOR ( 'NONE', #2241, 1000.000000000000000 ) ;
#1869 = CARTESIAN_POINT ( 'NONE',  ( -11.72748162429290275, 15.09401630212421885, -28.55293670937014383 ) ) ;
#1870 = AXIS2_PLACEMENT_3D ( 'NONE', #1313, #2737, #914 ) ;
#1871 = DIRECTION ( 'NONE',  ( -0.000000000000000000, 0.000000000000000000, 1.000000000000000000 ) ) ;
#1872 = AXIS2_PLACEMENT_3D ( 'NONE', #1663, #2313, #4440 ) ;
#1873 = VERTEX_POINT ( 'NONE', #4650 ) ;
#1874 = AXIS2_PLACEMENT_3D ( 'NONE', #1514, #1195, #4430 ) ;
#1875 = CARTESIAN_POINT ( 'NONE',  ( 4.149289979094968217, 8.932459576539340418, -23.70012880270677513 ) ) ;
#1876 = ORIENTED_EDGE ( 'NONE', *, *, #2501, .F. ) ;
#1877 = ORIENTED_EDGE ( 'NONE', *, *, #4518, .T. ) ;
#1878 = VECTOR ( 'NONE', #1749, 1000.000000000000000 ) ;
#1879 = VECTOR ( 'NONE', #3714, 1000.000000000000000 ) ;
#1880 = DIRECTION ( 'NONE',  ( 0.000000000000000000, -1.000000000000000000, 0.000000000000000000 ) ) ;
#1881 = LINE ( 'NONE', #1582, #1969 ) ;
#1882 = CYLINDRICAL_SURFACE ( 'NONE', #258, 1.000000000000000888 ) ;
#1883 = AXIS2_PLACEMENT_3D ( 'NONE', #3884, #3096, #630 ) ;
#1884 = VECTOR ( 'NONE', #1439, 1000.000000000000000 ) ;
#1885 = DIRECTION ( 'NONE',  ( -7.884785137984479828E-17, 0.000000000000000000, -1.000000000000000000 ) ) ;
#1886 = ORIENTED_EDGE ( 'NONE', *, *, #1386, .F. ) ;
#1887 = EDGE_CURVE ( 'NONE', #131, #4231, #2485, .T. ) ;
#1888 = CARTESIAN_POINT ( 'NONE',  ( -20.85054282555984173, 24.21707750339113119, -33.54387427940218203 ) ) ;
#1889 = AXIS2_PLACEMENT_3D ( 'NONE', #3672, #1166, #2532 ) ;
#1890 = DIRECTION ( 'NONE',  ( -1.055918637551099853E-16, -0.000000000000000000, -1.000000000000000000 ) ) ;
#1891 = DIRECTION ( 'NONE',  ( -0.000000000000000000, -1.000000000000000000, 0.000000000000000000 ) ) ;
#1892 = VECTOR ( 'NONE', #4254, 1000.000000000000114 ) ;
#1893 = EDGE_CURVE ( 'NONE', #4354, #3401, #3485, .T. ) ;
#1894 = ORIENTED_EDGE ( 'NONE', *, *, #4220, .F. ) ;
#1895 = CARTESIAN_POINT ( 'NONE',  ( -2.633465322168694556, 10.72629158665157334, 23.11828074497649510 ) ) ;
#1896 = CYLINDRICAL_SURFACE ( 'NONE', #690, 8.000000000000000000 ) ;
#1897 = CARTESIAN_POINT ( 'NONE',  ( 4.501040342129854821, 29.00000000000000000, 53.63673867775209914 ) ) ;
#1898 = CARTESIAN_POINT ( 'NONE',  ( 4.115750362667597528, 8.484036388919804494, 24.14961114164291445 ) ) ;
#1899 = EDGE_CURVE ( 'NONE', #1746, #1496, #15, .T. ) ;
#1900 = EDGE_CURVE ( 'NONE', #3487, #721, #3862, .T. ) ;
#1901 = CARTESIAN_POINT ( 'NONE',  ( -3.633465322168700773, 10.17876285550874016, -22.34285714285714519 ) ) ;
#1902 = CARTESIAN_POINT ( 'NONE',  ( 3.474299073088356948, 9.045614421553134221, -24.00000000000000711 ) ) ;
#1903 = ORIENTED_EDGE ( 'NONE', *, *, #2594, .T. ) ;
#1904 = CARTESIAN_POINT ( 'NONE',  ( 5.366534677831306333, 10.93252891026713591, 23.00000000000000000 ) ) ;
#1905 = ORIENTED_EDGE ( 'NONE', *, *, #2413, .F. ) ;
#1906 = ORIENTED_EDGE ( 'NONE', *, *, #4271, .F. ) ;
#1907 = CYLINDRICAL_SURFACE ( 'NONE', #4233, 1.000000000000000888 ) ;
#1908 = CARTESIAN_POINT ( 'NONE',  ( -10.39694217948164834, 13.76347685731294490, 33.58431484429377889 ) ) ;
#1909 = CARTESIAN_POINT ( 'NONE',  ( 0.1665346778312977172, 29.00000000000000000, 38.89999999999999858 ) ) ;
#1910 = ORIENTED_EDGE ( 'NONE', *, *, #2629, .F. ) ;
#1911 = DIRECTION ( 'NONE',  ( 0.000000000000000000, 1.000000000000000000, 0.000000000000000000 ) ) ;
#1912 = DIRECTION ( 'NONE',  ( 0.000000000000000000, 0.7537660547584538184, -0.6571428571428558074 ) ) ;
#1913 = CARTESIAN_POINT ( 'NONE',  ( 9.366546677831300016, 18.02907008776677955, 6.850942944770569198 ) ) ;
#1914 = ADVANCED_FACE ( 'NONE', ( #3837 ), #3887, .F. ) ;
#1915 = ORIENTED_EDGE ( 'NONE', *, *, #2835, .F. ) ;
#1916 = CARTESIAN_POINT ( 'NONE',  ( -1.744120936764353980, 8.637366137568859514, 23.99999999348576907 ) ) ;
#1917 = FACE_OUTER_BOUND ( 'NONE', #3524, .T. ) ;
#1918 = CARTESIAN_POINT ( 'NONE',  ( -1.937954794184276519, 9.136017259793467460, -23.95557631277640809 ) ) ;
#1919 = CARTESIAN_POINT ( 'NONE',  ( 19.47193201417467989, 29.00000000000000000, -33.91775049192354174 ) ) ;
#1920 = EDGE_LOOP ( 'NONE', ( #1714, #2449, #1933, #3471 ) ) ;
#1921 = CARTESIAN_POINT ( 'NONE',  ( 23.36653467783131433, 29.00000000000000000, 29.90314746698007298 ) ) ;
#1922 = CARTESIAN_POINT ( 'NONE',  ( 5.366534677831304556, 29.00000000000000000, -6.788143315827412233E-16 ) ) ;
#1923 = ORIENTED_EDGE ( 'NONE', *, *, #3954, .F. ) ;
#1924 = DIRECTION ( 'NONE',  ( -0.7831511052909456705, 0.000000000000000000, 0.6218314452338110643 ) ) ;
#1925 = ORIENTED_EDGE ( 'NONE', *, *, #2216, .F. ) ;
#1926 = EDGE_LOOP ( 'NONE', ( #4357, #1537, #3778, #1910 ) ) ;
#1927 = DIRECTION ( 'NONE',  ( -0.000000000000000000, -1.000000000000000000, 0.000000000000000000 ) ) ;
#1928 = CARTESIAN_POINT ( 'NONE',  ( 13.23540887148762657, 14.86887419365633178, 34.57874503364430296 ) ) ;
#1929 = CARTESIAN_POINT ( 'NONE',  ( -21.63346532216869988, 29.00000000000000000, 35.51617265383810462 ) ) ;
#1930 = EDGE_CURVE ( 'NONE', #1746, #2419, #3507, .T. ) ;
#1931 =( BOUNDED_SURFACE ( )  B_SPLINE_SURFACE ( 3, 2, ( 
 ( #2600, #1103, #475 ),
 ( #4058, #445, #419 ),
 ( #2223, #1440, #2870 ),
 ( #3296, #2160, #3652 ),
 ( #2913, #3633, #1898 ),
 ( #2551, #374, #1189 ),
 ( #3350, #4331, #829 ),
 ( #2247, #2512, #1848 ),
 ( #2936, #1800, #807 ),
 ( #3320, #401, #4397 ),
 ( #3696, #1141, #3254 ),
 ( #22, #3967, #736 ),
 ( #4372, #45, #1466 ),
 ( #2892, #4350, #1121 ) ),
 .UNSPECIFIED., .F., .F., .F. ) 
 B_SPLINE_SURFACE_WITH_KNOTS ( ( 4, 2, 2, 2, 2, 2, 4 ),
 ( 3, 3 ),
 ( 0.001824260131667227326, 0.002290957938311471639, 0.002757655744955715520, 0.003224353551599959400, 0.003691051358244203280, 0.004624446971532691908, 0.005557842584821179668 ),
 ( 0.000000000000000000, 1.000000000000000000 ),
 .UNSPECIFIED. ) 
 GEOMETRIC_REPRESENTATION_ITEM ( )  RATIONAL_B_SPLINE_SURFACE ( (
 ( 1.000000000000000000, 0.9258200997725521963, 1.000000000000000000),
 ( 1.000000000000000000, 0.9258089142920187253, 1.000000000000000000),
 ( 1.000000000000000000, 0.9238945899734819500, 1.000000000000000000),
 ( 1.000000000000000000, 0.9165527975204960098, 1.000000000000000000),
 ( 1.000000000000000000, 0.9111958883655393304, 1.000000000000000000),
 ( 1.000000000000000000, 0.8979881101641185026, 1.000000000000000000),
 ( 1.000000000000000000, 0.8900968603360601694, 1.000000000000000000),
 ( 1.000000000000000000, 0.8727759482492190024, 1.000000000000000000),
 ( 1.000000000000000000, 0.8632135169356938142, 1.000000000000000000),
 ( 1.000000000000000000, 0.8323899378056015541, 1.000000000000000000),
 ( 1.000000000000000000, 0.8098019146834026794, 1.000000000000000000),
 ( 1.000000000000000000, 0.7604550762681173692, 1.000000000000000000),
 ( 1.000000000000000000, 0.7343114201610431158, 1.000000000000000000),
 ( 1.000000000000000000, 0.7071067811865483499, 1.000000000000000000) ) ) 
 REPRESENTATION_ITEM ( '' )  SURFACE ( )  );
#1932 = CARTESIAN_POINT ( 'NONE',  ( -17.73886265851207966, 22.00000000000000000, -33.91775049192354174 ) ) ;
#1933 = ORIENTED_EDGE ( 'NONE', *, *, #733, .F. ) ;
#1934 = CARTESIAN_POINT ( 'NONE',  ( 0.3665346778313049447, 3.900000000000000799, 38.49832061887032353 ) ) ;
#1935 = CARTESIAN_POINT ( 'NONE',  ( -18.63346532216870344, 22.00000000000000355, -35.51617265383811173 ) ) ;
#1936 = DIRECTION ( 'NONE',  ( 0.000000000000000000, 0.000000000000000000, -1.000000000000000000 ) ) ;
#1937 = ORIENTED_EDGE ( 'NONE', *, *, #4155, .T. ) ;
#1938 = DIRECTION ( 'NONE',  ( -0.000000000000000000, -1.000000000000000000, -0.000000000000000000 ) ) ;
#1939 = ADVANCED_FACE ( 'NONE', ( #4581 ), #996, .F. ) ;
#1940 = CARTESIAN_POINT ( 'NONE',  ( -8.078227128257630341, 10.35379253373985620, 41.21985777685728891 ) ) ;
#1941 = CARTESIAN_POINT ( 'NONE',  ( 23.36653467783131433, 11.00000000000000355, -35.51617265383811173 ) ) ;
#1942 = CARTESIAN_POINT ( 'NONE',  ( 20.36653467783126104, 21.99999999999997158, 2.676901531762486576E-14 ) ) ;
#1943 = ORIENTED_EDGE ( 'NONE', *, *, #2793, .F. ) ;
#1944 = VECTOR ( 'NONE', #299, 1000.000000000000000 ) ;
#1945 = EDGE_CURVE ( 'NONE', #3956, #1078, #174, .T. ) ;
#1946 = CARTESIAN_POINT ( 'NONE',  ( -17.73886265851207966, 29.00000000000000000, 33.91775049192354174 ) ) ;
#1947 = CARTESIAN_POINT ( 'NONE',  ( 4.237130747956703303, 10.01756530261643974, -23.50525689818323372 ) ) ;
#1948 = ORIENTED_EDGE ( 'NONE', *, *, #4632, .F. ) ;
#1949 = CARTESIAN_POINT ( 'NONE',  ( 5.042363711528271786, 9.188982697006956357, -23.43121956663194894 ) ) ;
#1950 = AXIS2_PLACEMENT_3D ( 'NONE', #1957, #1609, #4409 ) ;
#1951 = ORIENTED_EDGE ( 'NONE', *, *, #519, .F. ) ;
#1952 = ORIENTED_EDGE ( 'NONE', *, *, #3975, .F. ) ;
#1953 = EDGE_CURVE ( 'NONE', #2818, #3384, #704, .T. ) ;
#1954 = AXIS2_PLACEMENT_3D ( 'NONE', #2065, #2819, #1325 ) ;
#1955 = CARTESIAN_POINT ( 'NONE',  ( -2.366659864824752546, 9.664711045964418545, 23.68967225049215131 ) ) ;
#1956 = CARTESIAN_POINT ( 'NONE',  ( 9.366534547552301859, 8.177112191778372008, -24.45898783066833104 ) ) ;
#1957 = CARTESIAN_POINT ( 'NONE',  ( 22.36653467783131077, 11.00000000000000355, 30.61247794325459282 ) ) ;
#1958 = EDGE_CURVE ( 'NONE', #1097, #1746, #3593, .T. ) ;
#1959 = VECTOR ( 'NONE', #4487, 1000.000000000000000 ) ;
#1960 = AXIS2_PLACEMENT_3D ( 'NONE', #112, #485, #1493 ) ;
#1961 = ORIENTED_EDGE ( 'NONE', *, *, #373, .T. ) ;
#1962 = B_SPLINE_CURVE_WITH_KNOTS ( 'NONE', 3,
 ( #1710, #3846, #287, #2458, #1331, #620 ),
 .UNSPECIFIED., .F., .F.,
 ( 4, 2, 4 ),
 ( 0.000000000000000000, 0.001742101078101283926, 0.003484202156202567853 ),
 .UNSPECIFIED. ) ;
#1963 = ORIENTED_EDGE ( 'NONE', *, *, #3832, .T. ) ;
#1964 = CIRCLE ( 'NONE', #3631, 1.500000000000001332 ) ;
#1966 = VECTOR ( 'NONE', #220, 999.9999999999998863 ) ;
#1965 =( BOUNDED_CURVE ( )  B_SPLINE_CURVE ( 3, ( #3334, #4044, #3049, #4429 ),
 .UNSPECIFIED., .F., .F. ) 
 B_SPLINE_CURVE_WITH_KNOTS ( ( 4, 4 ),
 ( 4.712388980384689674, 6.283185307179586232 ),
 .UNSPECIFIED. ) 
 CURVE ( )  GEOMETRIC_REPRESENTATION_ITEM ( )  RATIONAL_B_SPLINE_CURVE ( ( 1.000000000000000000, 0.8047378541243649375, 0.8047378541243649375, 1.000000000000000000 ) ) 
 REPRESENTATION_ITEM ( '' )  );
#1967 = CYLINDRICAL_SURFACE ( 'NONE', #3173, 1.000000000000000888 ) ;
#1968 = DIRECTION ( 'NONE',  ( 0.000000000000000000, 1.000000000000000000, -0.000000000000000000 ) ) ;
#1969 = VECTOR ( 'NONE', #486, 1000.000000000000000 ) ;
#1970 = AXIS2_PLACEMENT_3D ( 'NONE', #4679, #442, #784 ) ;
#1971 = ORIENTED_EDGE ( 'NONE', *, *, #1467, .T. ) ;
#1972 = DIRECTION ( 'NONE',  ( -0.7831511052909407855, 0.000000000000000000, -0.6218314452338171705 ) ) ;
#1973 = FACE_OUTER_BOUND ( 'NONE', #2631, .T. ) ;
#1974 = VECTOR ( 'NONE', #800, 1000.000000000000227 ) ;
#1975 = CARTESIAN_POINT ( 'NONE',  ( 9.692280394075375227, 10.78859074688795872, 21.63084465773611242 ) ) ;
#1976 = CARTESIAN_POINT ( 'NONE',  ( 0.1665346778312998544, 29.00000000000000000, 45.00000000000000000 ) ) ;
#1977 = LINE ( 'NONE', #1922, #1309 ) ;
#1978 = ORIENTED_EDGE ( 'NONE', *, *, #1034, .T. ) ;
#1979 = CARTESIAN_POINT ( 'NONE',  ( -7.681434555764624861, 8.561052434163862301, -42.55315238120665811 ) ) ;
#1980 = CARTESIAN_POINT ( 'NONE',  ( -8.614835409388119203, 11.55018930397347887, 40.12961524406171065 ) ) ;
#1981 = ADVANCED_FACE ( 'NONE', ( #34, #3306 ), #410, .T. ) ;
#1982 = ORIENTED_EDGE ( 'NONE', *, *, #3030, .T. ) ;
#1983 = EDGE_LOOP ( 'NONE', ( #2582, #2859, #383, #1563, #2228, #4660, #1239, #3378, #2433 ) ) ;
#1984 = CARTESIAN_POINT ( 'NONE',  ( 9.366534677831303668, 29.00000000000000000, 51.28728536187928455 ) ) ;
#1985 = LINE ( 'NONE', #841, #1370 ) ;
#1986 = ORIENTED_EDGE ( 'NONE', *, *, #3379, .F. ) ;
#1987 = ORIENTED_EDGE ( 'NONE', *, *, #3494, .F. ) ;
#1988 = EDGE_CURVE ( 'NONE', #4631, #2735, #4167, .T. ) ;
#1989 = DIRECTION ( 'NONE',  ( 0.6863727697048173093, 0.6863727697048151999, 0.2403847790844473031 ) ) ;
#1990 = EDGE_CURVE ( 'NONE', #1507, #180, #1091, .T. ) ;
#1991 = CARTESIAN_POINT ( 'NONE',  ( 9.366546677831301793, 14.47183705343579341, 16.50642661190594396 ) ) ;
#1992 = ORIENTED_EDGE ( 'NONE', *, *, #2825, .T. ) ;
#1993 =( BOUNDED_SURFACE ( )  B_SPLINE_SURFACE ( 3, 2, ( 
 ( #3730, #1555, #834 ),
 ( #2253, #2229, #3677 ),
 ( #4041, #1192, #1577 ),
 ( #2987, #4114, #150 ),
 ( #505, #2605, #1949 ),
 ( #4475, #892, #450 ),
 ( #3751, #1875, #526 ),
 ( #4062, #224, #1643 ),
 ( #3804, #3447, #1284 ),
 ( #3065, #3427, #2003 ),
 ( #942, #2355, #3090 ),
 ( #1623, #250, #3827 ) ),
 .UNSPECIFIED., .F., .F., .F. ) 
 B_SPLINE_SURFACE_WITH_KNOTS ( ( 4, 2, 2, 2, 2, 4 ),
 ( 3, 3 ),
 ( 0.001011485988567552155, 0.001942523883138376484, 0.002873561777709201029, 0.003804599672280025574, 0.004270118619565437847, 0.004735637566850850119 ),
 ( 0.000000000000000000, 1.000000000000000000 ),
 .UNSPECIFIED. ) 
 GEOMETRIC_REPRESENTATION_ITEM ( )  RATIONAL_B_SPLINE_SURFACE ( (
 ( 1.000000000000000000, 0.7071067811865466846, 1.000000000000000000),
 ( 1.000000000000000000, 0.7345822772893928487, 1.000000000000000000),
 ( 1.000000000000000000, 0.7605026311888358759, 1.000000000000000000),
 ( 1.000000000000000000, 0.8098344481482899759, 1.000000000000000000),
 ( 1.000000000000000000, 0.8325777447820873478, 1.000000000000000000),
 ( 1.000000000000000000, 0.8734539426263919770, 1.000000000000000000),
 ( 1.000000000000000000, 0.8914523496944052328, 1.000000000000000000),
 ( 1.000000000000000000, 0.9112719708564172016, 1.000000000000000000),
 ( 1.000000000000000000, 0.9165525734309228900, 1.000000000000000000),
 ( 1.000000000000000000, 0.9239302960681065047, 1.000000000000000000),
 ( 1.000000000000000000, 0.9258146235002429059, 1.000000000000000000),
 ( 1.000000000000000000, 0.9258200997725508641, 1.000000000000000000) ) ) 
 REPRESENTATION_ITEM ( '' )  SURFACE ( )  );
#1994 = CARTESIAN_POINT ( 'NONE',  ( -2.306031831934119758, 9.545729606977266357, 23.75070898572405298 ) ) ;
#1995 = DIRECTION ( 'NONE',  ( -0.000000000000000000, -1.000000000000000000, 0.000000000000000000 ) ) ;
#1996 = EDGE_CURVE ( 'NONE', #3960, #2106, #501, .T. ) ;
#1997 = DIRECTION ( 'NONE',  ( 1.055918637551099976E-16, 0.000000000000000000, 1.000000000000000000 ) ) ;
#1998 = CARTESIAN_POINT ( 'NONE',  ( -21.63346532216869988, 29.00000000000000000, -30.61247794325458571 ) ) ;
#1999 = ADVANCED_FACE ( 'NONE', ( #1476 ), #1770, .F. ) ;
#2000 = DIRECTION ( 'NONE',  ( 1.264902534566421675E-16, -0.000000000000000000, 1.000000000000000000 ) ) ;
#2001 = ORIENTED_EDGE ( 'NONE', *, *, #993, .F. ) ;
#2002 = FACE_OUTER_BOUND ( 'NONE', #924, .T. ) ;
#2003 = CARTESIAN_POINT ( 'NONE',  ( 3.676344269873154769, 8.363804254076109501, -24.26807102384027814 ) ) ;
#2004 = EDGE_LOOP ( 'NONE', ( #2492, #1520, #1107, #822 ) ) ;
#2005 = ORIENTED_EDGE ( 'NONE', *, *, #1930, .F. ) ;
#2006 = FACE_OUTER_BOUND ( 'NONE', #1651, .T. ) ;
#2007 = EDGE_CURVE ( 'NONE', #880, #58, #1665, .T. ) ;
#2008 = CARTESIAN_POINT ( 'NONE',  ( -12.88804115783795368, 16.25457583566927156, -36.44307976303947072 ) ) ;
#2009 = EDGE_CURVE ( 'NONE', #2632, #861, #176, .T. ) ;
#2010 = CARTESIAN_POINT ( 'NONE',  ( 3.366534677831306777, 8.633906151305883014, 24.00000000000000000 ) ) ;
#2011 = CARTESIAN_POINT ( 'NONE',  ( -1.633465322168694556, 9.045614421553072049, 24.00000000000000000 ) ) ;
#2012 = ORIENTED_EDGE ( 'NONE', *, *, #3025, .T. ) ;
#2013 = DIRECTION ( 'NONE',  ( -1.000000000000000000, 0.000000000000000000, -0.000000000000000000 ) ) ;
#2014 = CARTESIAN_POINT ( 'NONE',  ( 0.1665346778312974674, 5.000000000000000000, 37.00000000000000000 ) ) ;
#2015 = ORIENTED_EDGE ( 'NONE', *, *, #2326, .T. ) ;
#2016 = LINE ( 'NONE', #661, #468 ) ;
#2017 = CARTESIAN_POINT ( 'NONE',  ( -7.633465322239669781, 8.127730024744087345, 42.72630567143243496 ) ) ;
#2018 = CARTESIAN_POINT ( 'NONE',  ( -2.347496362949848869, 9.637907389591305218, -23.70297710982394790 ) ) ;
#2019 = CARTESIAN_POINT ( 'NONE',  ( 9.848776367161699241, 10.42185542502765472, 22.06092011381626605 ) ) ;
#2020 = EDGE_CURVE ( 'NONE', #2300, #592, #4391, .T. ) ;
#2021 = ORIENTED_EDGE ( 'NONE', *, *, #2286, .T. ) ;
#2022 = CARTESIAN_POINT ( 'NONE',  ( 9.366534677831312550, 29.00000000000000000, 37.00000000000000711 ) ) ;
#2023 = DIRECTION ( 'NONE',  ( 0.000000000000000000, 0.000000000000000000, -1.000000000000000000 ) ) ;
#2024 = EDGE_LOOP ( 'NONE', ( #1480, #3241, #2209, #2837 ) ) ;
#2025 = ORIENTED_EDGE ( 'NONE', *, *, #1214, .T. ) ;
#2026 = FACE_OUTER_BOUND ( 'NONE', #4139, .T. ) ;
#2027 = CARTESIAN_POINT ( 'NONE',  ( 13.46055097995550298, 29.00000000000000000, -28.55293670937014738 ) ) ;
#2028 = LINE ( 'NONE', #3856, #3102 ) ;
#2029 = AXIS2_PLACEMENT_3D ( 'NONE', #2267, #2675, #2289 ) ;
#2030 = CARTESIAN_POINT ( 'NONE',  ( -7.633465322168708767, 7.686291501015237948, 24.91475852215811315 ) ) ;
#2031 = EDGE_LOOP ( 'NONE', ( #2763, #2758, #3268, #3768 ) ) ;
#2032 = LINE ( 'NONE', #994, #2713 ) ;
#2033 = DIRECTION ( 'NONE',  ( 1.000000000000000000, -0.000000000000000000, -0.000000000000000000 ) ) ;
#2034 = VECTOR ( 'NONE', #2799, 1000.000000000000000 ) ;
#2036 = CARTESIAN_POINT ( 'NONE',  ( -17.96400476697995430, 29.00000000000000000, -30.73712189864361477 ) ) ;
#2035 = AXIS2_PLACEMENT_3D ( 'NONE', #3058, #2598, #4056 ) ;
#2037 = ORIENTED_EDGE ( 'NONE', *, *, #3975, .T. ) ;
#2038 = EDGE_CURVE ( 'NONE', #4339, #2538, #1153, .T. ) ;
#2039 = VERTEX_POINT ( 'NONE', #2567 ) ;
#2040 = AXIS2_PLACEMENT_3D ( 'NONE', #1323, #1064, #279 ) ;
#2041 = CIRCLE ( 'NONE', #3249, 8.000000000000000000 ) ;
#2042 = DIRECTION ( 'NONE',  ( 0.000000000000000000, 1.000000000000000000, 0.000000000000000000 ) ) ;
#2043 = DIRECTION ( 'NONE',  ( 0.000000000000000000, -1.000000000000000000, 0.000000000000000000 ) ) ;
#2044 = CARTESIAN_POINT ( 'NONE',  ( 13.23540887148762479, 14.86887419365631047, -34.57874503364428875 ) ) ;
#2045 = CARTESIAN_POINT ( 'NONE',  ( -7.633465322168702549, 29.00000000000000000, 37.00000000000000711 ) ) ;
#2046 = AXIS2_PLACEMENT_3D ( 'NONE', #3205, #1346, #2366 ) ;
#2047 = CARTESIAN_POINT ( 'NONE',  ( -7.633465322168710543, -15.44928300627867834, -3.215371421328153440E-14 ) ) ;
#2048 = AXIS2_PLACEMENT_3D ( 'NONE', #2950, #4522, #2372 ) ;
#2049 = EDGE_CURVE ( 'NONE', #3395, #2287, #4470, .T. ) ;
#2050 = VERTEX_POINT ( 'NONE', #3958 ) ;
#2051 = DIRECTION ( 'NONE',  ( 1.000000000000000000, 0.000000000000000000, -1.264902534566421675E-16 ) ) ;
#2052 =( BOUNDED_CURVE ( )  B_SPLINE_CURVE ( 3, ( #4515, #3694, #4416, #1187 ),
 .UNSPECIFIED., .F., .T. ) 
 B_SPLINE_CURVE_WITH_KNOTS ( ( 4, 4 ),
 ( 3.926990816987242727, 4.375513890790031724 ),
 .UNSPECIFIED. ) 
 CURVE ( )  GEOMETRIC_REPRESENTATION_ITEM ( )  RATIONAL_B_SPLINE_CURVE ( ( 1.000000000000000000, 0.9833057313855612103, 0.9833057313855612103, 1.000000000000000000 ) ) 
 REPRESENTATION_ITEM ( '' )  );
#2053 = ORIENTED_EDGE ( 'NONE', *, *, #3901, .T. ) ;
#2054 = ORIENTED_EDGE ( 'NONE', *, *, #2626, .F. ) ;
#2055 = CARTESIAN_POINT ( 'NONE',  ( -9.976611072676309533, 13.34314575050760432, 24.98221043929621388 ) ) ;
#2056 = DIRECTION ( 'NONE',  ( 1.000000000000000000, 0.000000000000000000, 0.000000000000000000 ) ) ;
#2057 = CARTESIAN_POINT ( 'NONE',  ( -8.235806500645100670, 10.76289938058293139, -40.85130811708673093 ) ) ;
#2058 = PLANE ( 'NONE',  #3700 ) ;
#2059 = CARTESIAN_POINT ( 'NONE',  ( 23.36653467783131433, 25.00000000000002842, -34.61655931422208710 ) ) ;
#2060 = ORIENTED_EDGE ( 'NONE', *, *, #646, .T. ) ;
#2061 = DIRECTION ( 'NONE',  ( -0.9437921780900003776, 0.000000000000000000, -0.3305394448112555228 ) ) ;
#2062 = DIRECTION ( 'NONE',  ( 1.216773423528406629E-15, 0.000000000000000000, 1.000000000000000000 ) ) ;
#2063 = ORIENTED_EDGE ( 'NONE', *, *, #2501, .T. ) ;
#2064 = ORIENTED_EDGE ( 'NONE', *, *, #2577, .T. ) ;
#2065 = CARTESIAN_POINT ( 'NONE',  ( -11.39694217948164834, 29.00000000000000000, -33.58431484429377889 ) ) ;
#2066 = LINE ( 'NONE', #3512, #1805 ) ;
#2067 = EDGE_CURVE ( 'NONE', #750, #3048, #2801, .T. ) ;
#2068 = CYLINDRICAL_SURFACE ( 'NONE', #1024, 1.899999999999999023 ) ;
#2069 = CARTESIAN_POINT ( 'NONE',  ( -2.633465322168700329, 10.93252891026719276, -23.00000000000000355 ) ) ;
#2070 = DIRECTION ( 'NONE',  ( 0.000000000000000000, -1.000000000000000000, 0.000000000000000000 ) ) ;
#2071 = EDGE_LOOP ( 'NONE', ( #1366, #2829, #2962, #366 ) ) ;
#2072 = EDGE_CURVE ( 'NONE', #3216, #2592, #4342, .T. ) ;
#2073 = ORIENTED_EDGE ( 'NONE', *, *, #2431, .F. ) ;
#2074 = EDGE_CURVE ( 'NONE', #2196, #3367, #935, .T. ) ;
#2075 = DIRECTION ( 'NONE',  ( 0.000000000000000000, 0.000000000000000000, -1.000000000000000000 ) ) ;
#2076 = CARTESIAN_POINT ( 'NONE',  ( 0.3665346778313051113, 3.900000000000000799, 41.49832061887033063 ) ) ;
#2077 = DIRECTION ( 'NONE',  ( 0.9437921780900003776, 0.000000000000000000, 0.3305394448112555228 ) ) ;
#2078 = LINE ( 'NONE', #4265, #3849 ) ;
#2079 = ORIENTED_EDGE ( 'NONE', *, *, #1988, .T. ) ;
#2080 = EDGE_CURVE ( 'NONE', #2147, #1529, #995, .T. ) ;
#2081 = LINE ( 'NONE', #4560, #2633 ) ;
#2082 = CARTESIAN_POINT ( 'NONE',  ( -1.633465322168694556, -6.099999999999997868, 23.00000000000000000 ) ) ;
#2083 = EDGE_LOOP ( 'NONE', ( #1675, #533, #3743, #3898 ) ) ;
#2084 = ORIENTED_EDGE ( 'NONE', *, *, #399, .F. ) ;
#2085 = DIRECTION ( 'NONE',  ( -1.000000000000000000, 0.000000000000000000, 0.000000000000000000 ) ) ;
#2086 = CARTESIAN_POINT ( 'NONE',  ( 6.366534677831293898, 29.00000000000000000, -51.28728536187934850 ) ) ;
#2087 = CARTESIAN_POINT ( 'NONE',  ( -2.552264468992935686, 10.19869269258404820, -23.40855989977422880 ) ) ;
#2088 = ADVANCED_FACE ( 'NONE', ( #772, #154 ), #2637, .T. ) ;
#2089 = EDGE_CURVE ( 'NONE', #880, #326, #467, .T. ) ;
#2090 = FACE_BOUND ( 'NONE', #717, .T. ) ;
#2091 = DIRECTION ( 'NONE',  ( 0.7051293066513190100, 0.7051293066513170116, -0.07473501055638578916 ) ) ;
#2092 = ORIENTED_EDGE ( 'NONE', *, *, #1027, .F. ) ;
#2093 = ORIENTED_EDGE ( 'NONE', *, *, #1006, .F. ) ;
#2094 = DIRECTION ( 'NONE',  ( -1.264902534566421675E-16, 0.000000000000000000, -1.000000000000000000 ) ) ;
#2095 = DIRECTION ( 'NONE',  ( 0.000000000000000000, 0.000000000000000000, -1.000000000000000000 ) ) ;
#2096 = CARTESIAN_POINT ( 'NONE',  ( 9.366534677831303668, 3.469446951953614189E-15, 51.28728536187928455 ) ) ;
#2097 = CARTESIAN_POINT ( 'NONE',  ( -7.633465322168702549, 7.686291501015244165, -44.00179448441493690 ) ) ;
#2098 = CARTESIAN_POINT ( 'NONE',  ( -11.43215635979012923, 14.79869103762144533, -34.58431484429378600 ) ) ;
#2099 = VERTEX_POINT ( 'NONE', #871 ) ;
#2100 = CIRCLE ( 'NONE', #2246, 2.000000000000001776 ) ;
#2101 = CARTESIAN_POINT ( 'NONE',  ( 13.13001153514424857, 29.00000000000000000, -29.49672888746014721 ) ) ;
#2102 = EDGE_CURVE ( 'NONE', #1282, #4339, #2723, .T. ) ;
#2103 = CARTESIAN_POINT ( 'NONE',  ( 11.70968042833890799, 13.34314575050758833, -24.98221043929623519 ) ) ;
#2104 = EDGE_CURVE ( 'NONE', #420, #2303, #1881, .T. ) ;
#2105 = ORIENTED_EDGE ( 'NONE', *, *, #504, .F. ) ;
#2106 = VERTEX_POINT ( 'NONE', #3337 ) ;
#2107 = DIRECTION ( 'NONE',  ( -2.602085213965211430E-15, -1.077818986074887093E-15, 1.000000000000000000 ) ) ;
#2108 = AXIS2_PLACEMENT_3D ( 'NONE', #1303, #3421, #4108 ) ;
#2109 = CARTESIAN_POINT ( 'NONE',  ( 12.13001153514424857, 29.00000000000000000, 28.08694877304561999 ) ) ;
#2110 = AXIS2_PLACEMENT_3D ( 'NONE', #3230, #812, #4336 ) ;
#2111 = CYLINDRICAL_SURFACE ( 'NONE', #1674, 1.000000000000000888 ) ;
#2112 = ADVANCED_FACE ( 'NONE', ( #3735 ), #1175, .F. ) ;
#2113 = AXIS2_PLACEMENT_3D ( 'NONE', #4246, #4293, #3908 ) ;
#2114 = AXIS2_PLACEMENT_3D ( 'NONE', #2443, #4232, #1019 ) ;
#2115 = CARTESIAN_POINT ( 'NONE',  ( -9.976611072676329073, 13.34314575050765228, -24.98221043929624940 ) ) ;
#2116 = AXIS2_PLACEMENT_3D ( 'NONE', #2855, #1494, #1858 ) ;
#2117 = AXIS2_PLACEMENT_3D ( 'NONE', #693, #2826, #1740 ) ;
#2118 = CARTESIAN_POINT ( 'NONE',  ( 13.13001153514424857, -6.099999999999997868, -33.58431484429377889 ) ) ;
#2119 = ORIENTED_EDGE ( 'NONE', *, *, #1245, .T. ) ;
#2120 = ORIENTED_EDGE ( 'NONE', *, *, #4166, .F. ) ;
#2121 = AXIS2_PLACEMENT_3D ( 'NONE', #3681, #223, #819 ) ;
#2122 = CYLINDRICAL_SURFACE ( 'NONE', #2340, 4.999999999999997335 ) ;
#2123 = DIRECTION ( 'NONE',  ( -0.000000000000000000, 1.000000000000000000, -0.000000000000000000 ) ) ;
#2124 = CARTESIAN_POINT ( 'NONE',  ( -17.86292087967715503, -6.099999999999997868, 35.91580386481579978 ) ) ;
#2125 = ORIENTED_EDGE ( 'NONE', *, *, #1108, .T. ) ;
#2126 = ADVANCED_FACE ( 'NONE', ( #1628 ), #4142, .F. ) ;
#2127 = AXIS2_PLACEMENT_3D ( 'NONE', #2930, #1484, #1182 ) ;
#2128 = FACE_OUTER_BOUND ( 'NONE', #2083, .T. ) ;
#2129 = ORIENTED_EDGE ( 'NONE', *, *, #76, .T. ) ;
#2130 = FACE_BOUND ( 'NONE', #1000, .T. ) ;
#2131 = CARTESIAN_POINT ( 'NONE',  ( -11.26740299637628695, 14.63393767420758529, 37.19522347203328394 ) ) ;
#2132 = CARTESIAN_POINT ( 'NONE',  ( -7.633465322168705214, 7.686291501015265482, -42.70451398288406608 ) ) ;
#2133 = ORIENTED_EDGE ( 'NONE', *, *, #3915, .T. ) ;
#2134 = EDGE_CURVE ( 'NONE', #3825, #1391, #1745, .T. ) ;
#2135 = ORIENTED_EDGE ( 'NONE', *, *, #2830, .F. ) ;
#2136 = CARTESIAN_POINT ( 'NONE',  ( -3.633465322168694556, 10.17876285550868687, 22.34285714285713809 ) ) ;
#2137 = DIRECTION ( 'NONE',  ( -1.000000000000000000, 0.000000000000000000, 1.055918637551099976E-16 ) ) ;
#2138 = CYLINDRICAL_SURFACE ( 'NONE', #3942, 1.899999999999999023 ) ;
#2139 = DIRECTION ( 'NONE',  ( 0.000000000000000000, 0.000000000000000000, 1.000000000000000000 ) ) ;
#2140 = EDGE_LOOP ( 'NONE', ( #1576, #3141, #4580, #3683, #1752, #204, #972, #2185, #2496 ) ) ;
#2141 = VERTEX_POINT ( 'NONE', #4482 ) ;
#2142 = DIRECTION ( 'NONE',  ( -0.000000000000000000, 1.000000000000000000, -0.000000000000000000 ) ) ;
#2143 =( BOUNDED_CURVE ( )  B_SPLINE_CURVE ( 3, ( #3465, #2984, #4444, #2275 ),
 .UNSPECIFIED., .F., .T. ) 
 B_SPLINE_CURVE_WITH_KNOTS ( ( 4, 4 ),
 ( 1.570796326794896558, 1.907671416389556507 ),
 .UNSPECIFIED. ) 
 CURVE ( )  GEOMETRIC_REPRESENTATION_ITEM ( )  RATIONAL_B_SPLINE_CURVE ( ( 1.000000000000000000, 0.9905652690708880437, 0.9905652690708880437, 1.000000000000000000 ) ) 
 REPRESENTATION_ITEM ( '' )  );
#2144 = DIRECTION ( 'NONE',  ( 0.000000000000000000, -1.000000000000000000, 0.000000000000000000 ) ) ;
#2145 = ORIENTED_EDGE ( 'NONE', *, *, #3822, .F. ) ;
#2146 = DIRECTION ( 'NONE',  ( -0.9944301893505250733, -0.000000000000000000, -0.1053973363433762939 ) ) ;
#2147 = VERTEX_POINT ( 'NONE', #918 ) ;
#2148 = CYLINDRICAL_SURFACE ( 'NONE', #4540, 1.000000000000000888 ) ;
#2149 = CARTESIAN_POINT ( 'NONE',  ( -6.498959657870137185, 29.00000000000000000, -44.90260569707948690 ) ) ;
#2150 = LINE ( 'NONE', #725, #3256 ) ;
#2151 = DIRECTION ( 'NONE',  ( -0.000000000000000000, 1.000000000000000000, -0.000000000000000000 ) ) ;
#2152 = ORIENTED_EDGE ( 'NONE', *, *, #4133, .F. ) ;
#2153 = VERTEX_POINT ( 'NONE', #1219 ) ;
#2154 = CARTESIAN_POINT ( 'NONE',  ( 4.285333824655541690, 10.19869269258399136, 23.40855989977422524 ) ) ;
#2155 = DIRECTION ( 'NONE',  ( 0.000000000000000000, 0.000000000000000000, -1.000000000000000000 ) ) ;
#2156 = EDGE_CURVE ( 'NONE', #1564, #1248, #3784, .T. ) ;
#2157 = CARTESIAN_POINT ( 'NONE',  ( 9.366546677831298240, 18.02906235980332283, -6.850980708732228308 ) ) ;
#2158 = CARTESIAN_POINT ( 'NONE',  ( -18.27373554993635807, 21.64027022776768305, 33.86106056170810064 ) ) ;
#2159 = EDGE_CURVE ( 'NONE', #2153, #2817, #1541, .T. ) ;
#2160 = CARTESIAN_POINT ( 'NONE',  ( 3.795059239554680719, 8.718086475743525909, 23.91861065940416609 ) ) ;
#2161 = ORIENTED_EDGE ( 'NONE', *, *, #1667, .F. ) ;
#2162 = ORIENTED_EDGE ( 'NONE', *, *, #1080, .F. ) ;
#2163 = DIRECTION ( 'NONE',  ( -0.000000000000000000, -1.000000000000000000, 0.000000000000000000 ) ) ;
#2164 = CARTESIAN_POINT ( 'NONE',  ( 0.1665346778312972453, 29.00000000000000000, -38.89999999999999858 ) ) ;
#2165 = ORIENTED_EDGE ( 'NONE', *, *, #3150, .T. ) ;
#2166 = CARTESIAN_POINT ( 'NONE',  ( -10.39694217948164834, 28.99999999999998934, -29.49672888746014721 ) ) ;
#2167 = ORIENTED_EDGE ( 'NONE', *, *, #3984, .T. ) ;
#2168 = ORIENTED_EDGE ( 'NONE', *, *, #1136, .T. ) ;
#2169 = DIRECTION ( 'NONE',  ( 0.000000000000000000, 1.000000000000000000, 0.000000000000000000 ) ) ;
#2170 = CARTESIAN_POINT ( 'NONE',  ( 23.36653467783131433, 11.00000000000000355, 34.61655931422208710 ) ) ;
#2171 = CARTESIAN_POINT ( 'NONE',  ( 20.00680490559895830, 21.64027022776765818, -33.86106056170810774 ) ) ;
#2172 = ORIENTED_EDGE ( 'NONE', *, *, #3315, .T. ) ;
#2173 = EDGE_LOOP ( 'NONE', ( #1474, #2374, #3034, #3552 ) ) ;
#2174 = DIRECTION ( 'NONE',  ( 0.3305394448112555228, 0.000000000000000000, 0.9437921780900003776 ) ) ;
#2175 = CARTESIAN_POINT ( 'NONE',  ( -21.63346532216869988, 25.00000000000002842, 30.61247794325458571 ) ) ;
#2176 = CARTESIAN_POINT ( 'NONE',  ( -17.86292087967713016, 21.22945555750843027, -35.91580386481581399 ) ) ;
#2177 = AXIS2_PLACEMENT_3D ( 'NONE', #307, #3876, #664 ) ;
#2178 = CARTESIAN_POINT ( 'NONE',  ( 0.3665346778313051113, 3.900000000000000799, 41.49832061887033063 ) ) ;
#2179 = CARTESIAN_POINT ( 'NONE',  ( 20.11211089622318582, 21.74557621839189636, -30.88247807757828411 ) ) ;
#2180 = CIRCLE ( 'NONE', #769, 1.000000000000000888 ) ;
#2181 = ORIENTED_EDGE ( 'NONE', *, *, #2744, .F. ) ;
#2182 = CARTESIAN_POINT ( 'NONE',  ( -7.633465322168710543, -15.44928300627867834, -3.215371421328153440E-14 ) ) ;
#2183 = EDGE_CURVE ( 'NONE', #2505, #3017, #1608, .T. ) ;
#2184 = AXIS2_PLACEMENT_3D ( 'NONE', #1544, #4525, #823 ) ;
#2185 = ORIENTED_EDGE ( 'NONE', *, *, #676, .T. ) ;
#2186 = EDGE_CURVE ( 'NONE', #837, #4510, #840, .T. ) ;
#2187 = AXIS2_PLACEMENT_3D ( 'NONE', #3478, #4527, #293 ) ;
#2188 = ORIENTED_EDGE ( 'NONE', *, *, #1006, .T. ) ;
#2189 = VECTOR ( 'NONE', #3800, 1000.000000000000000 ) ;
#2190 = ORIENTED_EDGE ( 'NONE', *, *, #1184, .F. ) ;
#2191 = CARTESIAN_POINT ( 'NONE',  ( -21.63346532216869988, 11.00000000000000355, -35.51617265383810462 ) ) ;
#2192 = AXIS2_PLACEMENT_3D ( 'NONE', #963, #3045, #4499 ) ;
#2193 = CARTESIAN_POINT ( 'NONE',  ( -11.50233951582502456, 14.86887419365632468, 34.57874503364429586 ) ) ;
#2194 = EDGE_CURVE ( 'NONE', #3384, #3679, #4119, .T. ) ;
#2195 = LINE ( 'NONE', #3645, #3161 ) ;
#2196 = VERTEX_POINT ( 'NONE', #3361 ) ;
#2197 = ORIENTED_EDGE ( 'NONE', *, *, #3501, .F. ) ;
#2198 = DIRECTION ( 'NONE',  ( 0.000000000000000000, 0.000000000000000000, 1.000000000000000000 ) ) ;
#2199 = LINE ( 'NONE', #2889, #4466 ) ;
#2200 =( NAMED_UNIT ( * ) PLANE_ANGLE_UNIT ( ) SI_UNIT ( $, .RADIAN. ) );
#2201 = FACE_OUTER_BOUND ( 'NONE', #1292, .T. ) ;
#2202 = DIRECTION ( 'NONE',  ( 0.000000000000000000, 0.000000000000000000, 1.000000000000000000 ) ) ;
#2203 = CARTESIAN_POINT ( 'NONE',  ( -3.051274314912596708, 8.911302467545139550, -23.71873886702807610 ) ) ;
#2204 = ORIENTED_EDGE ( 'NONE', *, *, #3305, .F. ) ;
#2205 = FACE_OUTER_BOUND ( 'NONE', #3270, .T. ) ;
#2206 = CARTESIAN_POINT ( 'NONE',  ( 0.000000000000000000, 0.000000000000000000, 0.000000000000000000 ) ) ;
#2207 = ORIENTED_EDGE ( 'NONE', *, *, #2104, .T. ) ;
#2208 = CARTESIAN_POINT ( 'NONE',  ( 3.366534677831306777, 8.345760209329311508, 24.28571428571429180 ) ) ;
#2209 = ORIENTED_EDGE ( 'NONE', *, *, #3251, .F. ) ;
#2210 = VERTEX_POINT ( 'NONE', #897 ) ;
#2211 = DIRECTION ( 'NONE',  ( 0.000000000000000000, 0.000000000000000000, 1.000000000000000000 ) ) ;
#2212 = CARTESIAN_POINT ( 'NONE',  ( 9.366546677831301793, 2.793492322685991791, 28.86234902462132723 ) ) ;
#2213 = CARTESIAN_POINT ( 'NONE',  ( 0.3665346778313049447, 3.900000000000000799, 38.49832061887032353 ) ) ;
#2214 = CARTESIAN_POINT ( 'NONE',  ( 12.13001153514424857, 13.76347685731293069, -29.49672888746014721 ) ) ;
#2215 = EDGE_LOOP ( 'NONE', ( #252, #1503, #825, #1849 ) ) ;
#2216 = EDGE_CURVE ( 'NONE', #1726, #4445, #133, .T. ) ;
#2217 = DIRECTION ( 'NONE',  ( 0.000000000000000000, -1.000000000000000000, 0.000000000000000000 ) ) ;
#2218 = CARTESIAN_POINT ( 'NONE',  ( 11.70968042833892930, 13.34314575050763985, 24.98221043929624940 ) ) ;
#2219 = DIRECTION ( 'NONE',  ( -0.000000000000000000, -1.000000000000000000, 0.000000000000000000 ) ) ;
#2220 = DIRECTION ( 'NONE',  ( -1.000000000000000000, 0.000000000000000000, 1.264902534566421675E-16 ) ) ;
#2221 = CARTESIAN_POINT ( 'NONE',  ( 11.70968042833890799, 13.34314575050758833, -24.98221043929623519 ) ) ;
#2222 = CYLINDRICAL_SURFACE ( 'NONE', #926, 1.000000000000000888 ) ;
#2223 = CARTESIAN_POINT ( 'NONE',  ( 3.522287190137207702, 9.064537546113163202, 23.99074773934543359 ) ) ;
#2224 = EDGE_CURVE ( 'NONE', #311, #4603, #2812, .T. ) ;
#2225 = ORIENTED_EDGE ( 'NONE', *, *, #2067, .F. ) ;
#2226 = CARTESIAN_POINT ( 'NONE',  ( 20.36653467783130367, 21.99999999999998934, 33.46118902091272673 ) ) ;
#2227 = CARTESIAN_POINT ( 'NONE',  ( 0.3665346778313049447, 3.900000000000000799, -39.99832061887032353 ) ) ;
#2228 = ORIENTED_EDGE ( 'NONE', *, *, #3789, .T. ) ;
#2229 = CARTESIAN_POINT ( 'NONE',  ( 4.441424090513017120, 10.04218198420453589, -22.49952022555853759 ) ) ;
#2230 = EDGE_CURVE ( 'NONE', #4231, #2525, #4213, .T. ) ;
#2231 = ORIENTED_EDGE ( 'NONE', *, *, #1852, .F. ) ;
#2232 = VERTEX_POINT ( 'NONE', #4618 ) ;
#2233 = CARTESIAN_POINT ( 'NONE',  ( -7.664169205794232553, 8.525384330998818427, -42.95010937403640128 ) ) ;
#2234 = CARTESIAN_POINT ( 'NONE',  ( 0.3665346778313049447, -6.099999999999999645, 39.99832061887032353 ) ) ;
#2235 = CARTESIAN_POINT ( 'NONE',  ( 20.36653467783130012, 29.00000000000000000, -30.97158360045909475 ) ) ;
#2236 = CARTESIAN_POINT ( 'NONE',  ( 9.366534677831291233, 6.938893903907228378E-15, -57.50000000000000000 ) ) ;
#2237 = VERTEX_POINT ( 'NONE', #3522 ) ;
#2238 = CARTESIAN_POINT ( 'NONE',  ( 3.366534677831300559, 28.00000000000000000, -24.00000000000000000 ) ) ;
#2239 = EDGE_CURVE ( 'NONE', #375, #4273, #2028, .T. ) ;
#2240 = DIRECTION ( 'NONE',  ( -0.000000000000000000, 1.000000000000000000, 0.000000000000000000 ) ) ;
#2241 = DIRECTION ( 'NONE',  ( 0.000000000000000000, 1.000000000000000000, 0.000000000000000000 ) ) ;
#2242 = EDGE_LOOP ( 'NONE', ( #1469, #4175, #709, #1029 ) ) ;
#2243 = CARTESIAN_POINT ( 'NONE',  ( -2.613130541226849957, 10.52065862950833797, 23.23300308889514909 ) ) ;
#2244 = DIRECTION ( 'NONE',  ( 0.3305394448112564665, 0.000000000000000000, -0.9437921780900000446 ) ) ;
#2245 = DIRECTION ( 'NONE',  ( -1.000000000000000000, 0.000000000000000000, 1.055918637551099976E-16 ) ) ;
#2246 = AXIS2_PLACEMENT_3D ( 'NONE', #1478, #1790, #1771 ) ;
#2247 = CARTESIAN_POINT ( 'NONE',  ( 4.033694536575344713, 9.550146647020881119, 23.74787422261809766 ) ) ;
#2248 = CIRCLE ( 'NONE', #838, 4.999999999999997335 ) ;
#2249 = LINE ( 'NONE', #760, #4087 ) ;
#2250 = DIRECTION ( 'NONE',  ( 0.000000000000000000, 1.000000000000000000, -0.000000000000000000 ) ) ;
#2251 = VERTEX_POINT ( 'NONE', #3451 ) ;
#2252 = VECTOR ( 'NONE', #1648, 1000.000000000000000 ) ;
#2253 = CARTESIAN_POINT ( 'NONE',  ( 4.366534677831301003, 10.72629158665196591, -23.11828074497669050 ) ) ;
#2254 = ORIENTED_EDGE ( 'NONE', *, *, #2159, .F. ) ;
#2255 = ORIENTED_EDGE ( 'NONE', *, *, #425, .F. ) ;
#2256 = AXIS2_PLACEMENT_3D ( 'NONE', #731, #2908, #2155 ) ;
#2257 = AXIS2_PLACEMENT_3D ( 'NONE', #4060, #105, #1850 ) ;
#2258 = DIRECTION ( 'NONE',  ( 0.7831511052909407855, -0.000000000000000000, 0.6218314452338171705 ) ) ;
#2259 = EDGE_CURVE ( 'NONE', #3496, #2755, #3833, .T. ) ;
#2260 = DIRECTION ( 'NONE',  ( 0.000000000000000000, -1.000000000000000000, 0.000000000000000000 ) ) ;
#2261 = VECTOR ( 'NONE', #970, 1000.000000000000000 ) ;
#2262 = DIRECTION ( 'NONE',  ( 0.000000000000000000, 0.000000000000000000, -1.000000000000000000 ) ) ;
#2263 = EDGE_LOOP ( 'NONE', ( #1183, #4206, #1556, #2832, #1624, #1606 ) ) ;
#2264 = DIRECTION ( 'NONE',  ( 0.000000000000000000, -1.000000000000000000, 0.000000000000000000 ) ) ;
#2265 = AXIS2_PLACEMENT_3D ( 'NONE', #9, #35, #1455 ) ;
#2266 = DIRECTION ( 'NONE',  ( -0.6863727697048151999, 0.6863727697048173093, 0.2403847790844469701 ) ) ;
#2267 = CARTESIAN_POINT ( 'NONE',  ( 6.366534677831304556, 29.00000000000000000, 51.28728536187928455 ) ) ;
#2268 = AXIS2_PLACEMENT_3D ( 'NONE', #3039, #2315, #885 ) ;
#2269 = ORIENTED_EDGE ( 'NONE', *, *, #102, .T. ) ;
#2270 = CARTESIAN_POINT ( 'NONE',  ( 23.36653467783131433, 24.99999999999998579, 30.61247794325459282 ) ) ;
#2271 = CYLINDRICAL_SURFACE ( 'NONE', #3094, 1.000000000000000888 ) ;
#2272 = CARTESIAN_POINT ( 'NONE',  ( -3.061527400622297002, 8.921130520950940834, -23.70864123914443766 ) ) ;
#2273 = DIRECTION ( 'NONE',  ( 7.884785137984479828E-17, -7.884785137984456409E-17, 1.000000000000000000 ) ) ;
#2274 = ORIENTED_EDGE ( 'NONE', *, *, #879, .F. ) ;
#2275 = CARTESIAN_POINT ( 'NONE',  ( -11.72748162429290453, 15.09401630212420642, 28.55293670937014738 ) ) ;
#2276 = CARTESIAN_POINT ( 'NONE',  ( 0.3665346778313051113, 3.900000000000000799, -38.49832061887032353 ) ) ;
#2277 = ORIENTED_EDGE ( 'NONE', *, *, #3988, .F. ) ;
#2278 = LINE ( 'NONE', #129, #77 ) ;
#2279 = ORIENTED_EDGE ( 'NONE', *, *, #1953, .T. ) ;
#2280 = ORIENTED_EDGE ( 'NONE', *, *, #1535, .T. ) ;
#2281 = DIRECTION ( 'NONE',  ( -0.000000000000000000, -1.000000000000000000, -0.000000000000000000 ) ) ;
#2282 = CARTESIAN_POINT ( 'NONE',  ( -4.633465322168702549, 0.000000000000000000, -42.55315238120665811 ) ) ;
#2283 = DIRECTION ( 'NONE',  ( 0.000000000000000000, 0.000000000000000000, -1.000000000000000000 ) ) ;
#2284 = EDGE_CURVE ( 'NONE', #4303, #3617, #4321, .T. ) ;
#2285 = VERTEX_POINT ( 'NONE', #4194 ) ;
#2286 = EDGE_CURVE ( 'NONE', #3553, #2357, #1964, .T. ) ;
#2287 = VERTEX_POINT ( 'NONE', #257 ) ;
#2288 = CARTESIAN_POINT ( 'NONE',  ( -7.599230604281705936, 7.560764202096274644, -43.00507747612083165 ) ) ;
#2289 = DIRECTION ( 'NONE',  ( 0.000000000000000000, 0.000000000000000000, -1.000000000000000000 ) ) ;
#2290 = EDGE_CURVE ( 'NONE', #3499, #2106, #4171, .T. ) ;
#2291 = EDGE_LOOP ( 'NONE', ( #1547, #1670, #2814, #1173 ) ) ;
#2292 = DIRECTION ( 'NONE',  ( 0.000000000000000000, 0.000000000000000000, -1.000000000000000000 ) ) ;
#2293 = DIRECTION ( 'NONE',  ( 0.000000000000000000, 0.000000000000000000, -1.000000000000000000 ) ) ;
#2294 = CARTESIAN_POINT ( 'NONE',  ( -2.711353400925488710, 9.397300376087827090, -23.21180553386777845 ) ) ;
#2295 = CARTESIAN_POINT ( 'NONE',  ( 23.36653467783131433, 11.00000000000000355, -29.90314746698007298 ) ) ;
#2296 = ORIENTED_EDGE ( 'NONE', *, *, #2905, .F. ) ;
#2297 = CARTESIAN_POINT ( 'NONE',  ( 12.13001153514424857, 29.00000000000000000, 34.69590351907579162 ) ) ;
#2298 = CARTESIAN_POINT ( 'NONE',  ( -20.96400476697995430, 11.00000000000000355, -29.66868576516458589 ) ) ;
#2299 = ADVANCED_FACE ( 'NONE', ( #1742 ), #2396, .F. ) ;
#2300 = VERTEX_POINT ( 'NONE', #1680 ) ;
#2301 = CARTESIAN_POINT ( 'NONE',  ( 11.70968042833890976, 13.34314575050759011, -4.948342536919243752E-16 ) ) ;
#2302 = ORIENTED_EDGE ( 'NONE', *, *, #4301, .F. ) ;
#2303 = VERTEX_POINT ( 'NONE', #1289 ) ;
#2304 = CARTESIAN_POINT ( 'NONE',  ( -11.26740299637631715, 14.63393767420762970, -37.19522347203329105 ) ) ;
#2305 = DIRECTION ( 'NONE',  ( -0.7051293066513190100, -0.7051293066513169006, 0.07473501055638638590 ) ) ;
#2306 = CARTESIAN_POINT ( 'NONE',  ( -7.633465322168697220, 29.00000000000000000, 19.32535618980384129 ) ) ;
#2307 = VERTEX_POINT ( 'NONE', #3123 ) ;
#2308 = CARTESIAN_POINT ( 'NONE',  ( 4.490250965872371935, 8.660700667726064950, -23.97368513811641577 ) ) ;
#2309 = CARTESIAN_POINT ( 'NONE',  ( -3.633465322168698552, -15.44928300627867834, -3.257608166830197878E-14 ) ) ;
#2310 = ORIENTED_EDGE ( 'NONE', *, *, #4074, .T. ) ;
#2311 = CARTESIAN_POINT ( 'NONE',  ( -2.768091237130001048, 8.667429560400032429, 23.96693941113296589 ) ) ;
#2312 = DIRECTION ( 'NONE',  ( 0.6218314452338171705, 0.000000000000000000, -0.7831511052909407855 ) ) ;
#2313 = DIRECTION ( 'NONE',  ( -1.000000000000000000, 0.000000000000000000, 0.000000000000000000 ) ) ;
#2314 = EDGE_CURVE ( 'NONE', #2357, #3553, #4620, .T. ) ;
#2315 = DIRECTION ( 'NONE',  ( 0.000000000000000000, -1.000000000000000000, 0.000000000000000000 ) ) ;
#2316 = ORIENTED_EDGE ( 'NONE', *, *, #126, .F. ) ;
#2317 = AXIS2_PLACEMENT_3D ( 'NONE', #114, #2971, #2283 ) ;
#2318 = B_SPLINE_CURVE_WITH_KNOTS ( 'NONE', 3,
 ( #939, #3043, #2624, #3086, #1947, #961, #127, #1310, #200, #4542, #1902, #2320 ),
 .UNSPECIFIED., .F., .F.,
 ( 4, 2, 2, 2, 2, 4 ),
 ( 0.000000000000000000, 0.0006321106965266204154, 0.001264221393053240831, 0.001896332089579861246, 0.002212387437843171562, 0.002528442786106481661 ),
 .UNSPECIFIED. ) ;
#2319 = CARTESIAN_POINT ( 'NONE',  ( 0.3665346778313049447, 0.000000000000000000, -34.99832061887033063 ) ) ;
#2320 = CARTESIAN_POINT ( 'NONE',  ( 3.366534677831300559, 9.045614421553137774, -24.00000000000000000 ) ) ;
#2321 = ORIENTED_EDGE ( 'NONE', *, *, #3371, .F. ) ;
#2322 = CARTESIAN_POINT ( 'NONE',  ( 9.366534677831294786, 29.00000000000000000, -19.32535618980386261 ) ) ;
#2323 = CARTESIAN_POINT ( 'NONE',  ( -9.641544542696308895, 13.00807922052760901, 38.75122522357874288 ) ) ;
#2324 = VECTOR ( 'NONE', #2398, 1000.000000000000000 ) ;
#2325 = VERTEX_POINT ( 'NONE', #3165 ) ;
#2326 = EDGE_CURVE ( 'NONE', #4646, #1658, #1087, .T. ) ;
#2327 = VERTEX_POINT ( 'NONE', #1718 ) ;
#2328 = EDGE_CURVE ( 'NONE', #916, #3553, #1040, .T. ) ;
#2329 = AXIS2_PLACEMENT_3D ( 'NONE', #3490, #4251, #1030 ) ;
#2330 = CIRCLE ( 'NONE', #166, 4.999999999999997335 ) ;
#2331 = FACE_OUTER_BOUND ( 'NONE', #1473, .T. ) ;
#2332 = CARTESIAN_POINT ( 'NONE',  ( 23.36653467783131433, 29.00000000000000000, -29.90314746698007298 ) ) ;
#2333 = CARTESIAN_POINT ( 'NONE',  ( -18.63346532216870344, -6.099999999999997868, 33.82293364218904230 ) ) ;
#2334 = DIRECTION ( 'NONE',  ( 1.055918637551099853E-16, 1.055918637551103057E-16, 1.000000000000000000 ) ) ;
#2335 = AXIS2_PLACEMENT_3D ( 'NONE', #1099, #4412, #2546 ) ;
#2336 = ORIENTED_EDGE ( 'NONE', *, *, #3462, .F. ) ;
#2337 = ORIENTED_EDGE ( 'NONE', *, *, #1712, .T. ) ;
#2338 = ADVANCED_FACE ( 'NONE', ( #276 ), #2058, .F. ) ;
#2339 = AXIS2_PLACEMENT_3D ( 'NONE', #3612, #56, #1430 ) ;
#2340 = AXIS2_PLACEMENT_3D ( 'NONE', #3142, #2142, #3586 ) ;
#2341 = CARTESIAN_POINT ( 'NONE',  ( 23.94300810850169725, 25.57647343067036871, 32.22415336062431379 ) ) ;
#2342 = DIRECTION ( 'NONE',  ( -0.7071067811865464625, 0.7071067811865486830, 0.000000000000000000 ) ) ;
#2343 = CIRCLE ( 'NONE', #1889, 4.999999999999997335 ) ;
#2344 = AXIS2_PLACEMENT_3D ( 'NONE', #2047, #1374, #1691 ) ;
#2345 = ORIENTED_EDGE ( 'NONE', *, *, #2671, .T. ) ;
#2346 = CARTESIAN_POINT ( 'NONE',  ( 12.13001153514424857, 13.76347685731295556, 29.49672888746014721 ) ) ;
#2347 = CARTESIAN_POINT ( 'NONE',  ( -20.63346532216869633, 11.00000000000000355, 30.61247794325458571 ) ) ;
#2348 = CARTESIAN_POINT ( 'NONE',  ( -1.791707564309551914, 8.345760219963381132, -24.28571427529513471 ) ) ;
#2349 = VECTOR ( 'NONE', #497, 1000.000000000000000 ) ;
#2350 = DIRECTION ( 'NONE',  ( 0.000000000000000000, 0.000000000000000000, -1.000000000000000000 ) ) ;
#2351 = EDGE_CURVE ( 'NONE', #236, #2538, #1320, .T. ) ;
#2352 = CARTESIAN_POINT ( 'NONE',  ( -17.73886265851207966, 21.10539733634338688, -33.91775049192354885 ) ) ;
#2353 = ORIENTED_EDGE ( 'NONE', *, *, #567, .T. ) ;
#2354 = DIRECTION ( 'NONE',  ( 0.000000000000000000, 0.000000000000000000, -1.000000000000000000 ) ) ;
#2355 = CARTESIAN_POINT ( 'NONE',  ( 3.477190292426888263, 8.637366137571763858, -23.99999999348603907 ) ) ;
#2356 = ORIENTED_EDGE ( 'NONE', *, *, #2134, .T. ) ;
#2357 = VERTEX_POINT ( 'NONE', #3145 ) ;
#2358 = CARTESIAN_POINT ( 'NONE',  ( 22.36653467783131077, 11.00000000000000355, -30.61247794325459282 ) ) ;
#2359 = CARTESIAN_POINT ( 'NONE',  ( 0.3665346778313049447, -6.099999999999999645, 39.99832061887032353 ) ) ;
#2360 = CARTESIAN_POINT ( 'NONE',  ( 0.3665346778313049447, -6.099999999999999645, -39.99832061887032353 ) ) ;
#2361 = CARTESIAN_POINT ( 'NONE',  ( -2.633465322168694112, 28.00000000000000000, 23.00000000000000000 ) ) ;
#2362 = ORIENTED_EDGE ( 'NONE', *, *, #3515, .T. ) ;
#2363 = DIRECTION ( 'NONE',  ( -0.000000000000000000, -1.000000000000000000, -0.000000000000000000 ) ) ;
#2364 = DIRECTION ( 'NONE',  ( 0.000000000000000000, 1.000000000000000000, 0.000000000000000000 ) ) ;
#2365 = ORIENTED_EDGE ( 'NONE', *, *, #2647, .F. ) ;
#2366 = DIRECTION ( 'NONE',  ( 0.000000000000000000, -0.000000000000000000, -1.000000000000000000 ) ) ;
#2367 = FACE_OUTER_BOUND ( 'NONE', #1558, .T. ) ;
#2368 = CARTESIAN_POINT ( 'NONE',  ( -2.967785042137698781, 8.835877228677768258, -23.79586992164017545 ) ) ;
#2369 = PLANE ( 'NONE',  #4556 ) ;
#2370 = DIRECTION ( 'NONE',  ( 0.000000000000000000, 0.000000000000000000, -1.000000000000000000 ) ) ;
#2371 = ORIENTED_EDGE ( 'NONE', *, *, #4451, .F. ) ;
#2372 = DIRECTION ( 'NONE',  ( 0.000000000000000000, 0.000000000000000000, -1.000000000000000000 ) ) ;
#2373 = FACE_OUTER_BOUND ( 'NONE', #3599, .T. ) ;
#2374 = ORIENTED_EDGE ( 'NONE', *, *, #607, .T. ) ;
#2375 = CYLINDRICAL_SURFACE ( 'NONE', #3781, 1.000000000000000888 ) ;
#2376 = CARTESIAN_POINT ( 'NONE',  ( -2.278365889212190964, 9.491129430880667073, 23.77825562380690982 ) ) ;
#2377 = CARTESIAN_POINT ( 'NONE',  ( -4.633465322168694556, 29.00000000000000000, 42.55315238120644494 ) ) ;
#2378 = EDGE_CURVE ( 'NONE', #4477, #1529, #3904, .T. ) ;
#2379 = CARTESIAN_POINT ( 'NONE',  ( -17.86292087967715503, 29.00000000000000000, -35.91580386481579978 ) ) ;
#2380 = VERTEX_POINT ( 'NONE', #2783 ) ;
#2381 = DIRECTION ( 'NONE',  ( -1.000000000000000000, 0.000000000000000000, 0.000000000000000000 ) ) ;
#2382 = CARTESIAN_POINT ( 'NONE',  ( -4.633465322168702549, 29.00000000000000000, -42.55315238120665811 ) ) ;
#2383 = EDGE_CURVE ( 'NONE', #201, #103, #253, .T. ) ;
#2384 = VERTEX_POINT ( 'NONE', #1575 ) ;
#2385 = DIRECTION ( 'NONE',  ( -0.000000000000000000, -1.000000000000000000, 0.000000000000000000 ) ) ;
#2386 = DIRECTION ( 'NONE',  ( 1.264902534566421675E-16, 0.000000000000000000, 1.000000000000000000 ) ) ;
#2387 = CARTESIAN_POINT ( 'NONE',  ( -17.73886265851207611, 21.10539733634339399, 33.91775049192354174 ) ) ;
#2388 = CARTESIAN_POINT ( 'NONE',  ( 13.13001153514424857, -6.099999999999997868, 33.58431484429377889 ) ) ;
#2389 = DIRECTION ( 'NONE',  ( 0.000000000000000000, -1.000000000000000000, 0.000000000000000000 ) ) ;
#2390 = ORIENTED_EDGE ( 'NONE', *, *, #1677, .F. ) ;
#2391 = LINE ( 'NONE', #3209, #3869 ) ;
#2392 = ORIENTED_EDGE ( 'NONE', *, *, #119, .T. ) ;
#2393 = ORIENTED_EDGE ( 'NONE', *, *, #2230, .F. ) ;
#2394 = CARTESIAN_POINT ( 'NONE',  ( -17.63346532216869988, -6.099999999999997868, 31.68091407673361104 ) ) ;
#2395 = CARTESIAN_POINT ( 'NONE',  ( 13.13001153514424857, -6.099999999999997868, 29.49672888746014721 ) ) ;
#2396 = PLANE ( 'NONE',  #2187 ) ;
#2397 = VECTOR ( 'NONE', #658, 1000.000000000000000 ) ;
#2398 = DIRECTION ( 'NONE',  ( -0.000000000000000000, -1.000000000000000000, -0.000000000000000000 ) ) ;
#2399 = ORIENTED_EDGE ( 'NONE', *, *, #3620, .F. ) ;
#2400 = AXIS2_PLACEMENT_3D ( 'NONE', #3722, #196, #3745 ) ;
#2401 = EDGE_CURVE ( 'NONE', #4308, #4162, #2318, .T. ) ;
#2402 = PRODUCT_DEFINITION_SHAPE ( 'NONE', 'NONE',  #460 ) ;
#2403 = LINE ( 'NONE', #1703, #1300 ) ;
#2404 = AXIS2_PLACEMENT_3D ( 'NONE', #3020, #4503, #4479 ) ;
#2406 = CARTESIAN_POINT ( 'NONE',  ( 0.3665346778313049447, 0.000000000000000000, 44.99832061887032353 ) ) ;
#2405 = CIRCLE ( 'NONE', #4080, 1.500000000000001332 ) ;
#2407 = ORIENTED_EDGE ( 'NONE', *, *, #2326, .F. ) ;
#2408 = VERTEX_POINT ( 'NONE', #3354 ) ;
#2409 = VECTOR ( 'NONE', #117, 1000.000000000000000 ) ;
#2410 = DIRECTION ( 'NONE',  ( -0.000000000000000000, -1.000000000000000000, 0.000000000000000000 ) ) ;
#2411 = CARTESIAN_POINT ( 'NONE',  ( -3.633465322168694556, 10.17876285550868687, 22.34285714285713809 ) ) ;
#2412 = DIRECTION ( 'NONE',  ( -0.9944301893505250733, 0.000000000000000000, -0.1053973363433762939 ) ) ;
#2413 = EDGE_CURVE ( 'NONE', #4631, #3375, #2660, .T. ) ;
#2414 = VECTOR ( 'NONE', #3409, 1000.000000000000000 ) ;
#2416 =( BOUNDED_CURVE ( )  B_SPLINE_CURVE ( 3, ( #1637, #1275, #4151, #2617 ),
 .UNSPECIFIED., .F., .T. ) 
 B_SPLINE_CURVE_WITH_KNOTS ( ( 4, 4 ),
 ( 3.141592653589793116, 4.375513890790029059 ),
 .UNSPECIFIED. ) 
 CURVE ( )  GEOMETRIC_REPRESENTATION_ITEM ( )  RATIONAL_B_SPLINE_CURVE ( ( 1.000000000000000000, 0.8770937881112434997, 0.8770937881112434997, 1.000000000000000000 ) ) 
 REPRESENTATION_ITEM ( '' )  );
#2415 = AXIS2_PLACEMENT_3D ( 'NONE', #4655, #1002, #978 ) ;
#2417 = DIRECTION ( 'NONE',  ( 0.000000000000000000, 0.000000000000000000, -1.000000000000000000 ) ) ;
#2418 = AXIS2_PLACEMENT_3D ( 'NONE', #1283, #202, #1622 ) ;
#2419 = VERTEX_POINT ( 'NONE', #574 ) ;
#2420 = CARTESIAN_POINT ( 'NONE',  ( -15.50793802324971082, 29.00000000000000000, -44.21021106255863486 ) ) ;
#2421 = ORIENTED_EDGE ( 'NONE', *, *, #1049, .T. ) ;
#2422 = EDGE_CURVE ( 'NONE', #4101, #264, #890, .T. ) ;
#2423 = ORIENTED_EDGE ( 'NONE', *, *, #4369, .T. ) ;
#2424 = CARTESIAN_POINT ( 'NONE',  ( 3.366534677831306777, 29.00000000000000000, 25.00000000000000000 ) ) ;
#2425 = CARTESIAN_POINT ( 'NONE',  ( -3.633465322168697664, -15.44928300627867834, -3.257608166830197878E-14 ) ) ;
#2426 = CARTESIAN_POINT ( 'NONE',  ( -7.676803239596439177, 11.84853228606829312, 20.27707536848991055 ) ) ;
#2427 = CARTESIAN_POINT ( 'NONE',  ( -21.63346532216869633, 24.99999999999998579, -30.17272353204451818 ) ) ;
#2428 = ORIENTED_EDGE ( 'NONE', *, *, #1214, .F. ) ;
#2429 = DIRECTION ( 'NONE',  ( 0.000000000000000000, 0.000000000000000000, 1.000000000000000000 ) ) ;
#2430 = CARTESIAN_POINT ( 'NONE',  ( 10.24991132242568881, 11.52423713768477143, -23.16330182647341829 ) ) ;
#2431 = EDGE_CURVE ( 'NONE', #2914, #39, #1210, .T. ) ;
#2432 = ORIENTED_EDGE ( 'NONE', *, *, #2823, .T. ) ;
#2433 = ORIENTED_EDGE ( 'NONE', *, *, #2080, .T. ) ;
#2434 = FACE_OUTER_BOUND ( 'NONE', #3726, .T. ) ;
#2435 = LINE ( 'NONE', #1688, #4238 ) ;
#2436 = CARTESIAN_POINT ( 'NONE',  ( -1.844159176710145065, 9.082890619762089557, -23.98177057146002511 ) ) ;
#2437 = EDGE_CURVE ( 'NONE', #727, #201, #3028, .T. ) ;
#2438 = CARTESIAN_POINT ( 'NONE',  ( -21.63346532216869988, -6.099999999999997868, -32.92229729729717747 ) ) ;
#2439 =( BOUNDED_CURVE ( )  B_SPLINE_CURVE ( 3, ( #2044, #1048, #1347, #980 ),
 .UNSPECIFIED., .F., .F. ) 
 B_SPLINE_CURVE_WITH_KNOTS ( ( 4, 4 ),
 ( 4.606795525966662197, 4.712388980384689674 ),
 .UNSPECIFIED. ) 
 CURVE ( )  GEOMETRIC_REPRESENTATION_ITEM ( )  RATIONAL_B_SPLINE_CURVE ( ( 1.000000000000000000, 0.9990710510154254820, 0.9990710510154254820, 1.000000000000000000 ) ) 
 REPRESENTATION_ITEM ( '' )  );
#2440 = CARTESIAN_POINT ( 'NONE',  ( -7.599230604281705048, 29.00000000000000000, -43.00507747612083165 ) ) ;
#2441 = ORIENTED_EDGE ( 'NONE', *, *, #3341, .F. ) ;
#2442 = ORIENTED_EDGE ( 'NONE', *, *, #3051, .F. ) ;
#2443 = CARTESIAN_POINT ( 'NONE',  ( -18.63346532216869988, -6.099999999999997868, -30.97158360045909475 ) ) ;
#2444 = EDGE_CURVE ( 'NONE', #4354, #1553, #1022, .T. ) ;
#2445 = CARTESIAN_POINT ( 'NONE',  ( -7.842415515246291768, 9.560816290255274907, -23.04189135876925576 ) ) ;
#2446 = DIRECTION ( 'NONE',  ( 0.000000000000000000, 0.000000000000000000, 1.000000000000000000 ) ) ;
#2447 = CARTESIAN_POINT ( 'NONE',  ( 0.3665346778313049447, 3.900000000000000799, -41.49832061887033063 ) ) ;
#2448 = CARTESIAN_POINT ( 'NONE',  ( -21.37904154056058204, 24.74557621839187149, -29.81404194409926234 ) ) ;
#2449 = ORIENTED_EDGE ( 'NONE', *, *, #3934, .T. ) ;
#2450 = DIRECTION ( 'NONE',  ( -0.000000000000000000, -1.000000000000000000, -0.000000000000000000 ) ) ;
#2451 = CARTESIAN_POINT ( 'NONE',  ( -20.96400476697995785, 24.33053944481128283, 29.66868576516458944 ) ) ;
#2452 = VERTEX_POINT ( 'NONE', #2276 ) ;
#2453 = VERTEX_POINT ( 'NONE', #3728 ) ;
#2454 = FACE_OUTER_BOUND ( 'NONE', #1762, .T. ) ;
#2455 = LINE ( 'NONE', #3133, #4079 ) ;
#2456 = CARTESIAN_POINT ( 'NONE',  ( -11.50233951582502456, 29.00000000000000000, -34.57874503364430296 ) ) ;
#2457 = EDGE_CURVE ( 'NONE', #3434, #2632, #1523, .T. ) ;
#2458 = CARTESIAN_POINT ( 'NONE',  ( 9.409843399301694333, 11.84869503707283656, -20.27685820027627983 ) ) ;
#2459 = EDGE_CURVE ( 'NONE', #326, #1543, #1977, .T. ) ;
#2460 = DIRECTION ( 'NONE',  ( -0.000000000000000000, 1.000000000000000000, -0.000000000000000000 ) ) ;
#2461 = PRODUCT_RELATED_PRODUCT_CATEGORY ( 'part', '', ( #3135 ) ) ;
#2462 = ORIENTED_EDGE ( 'NONE', *, *, #1057, .T. ) ;
#2463 = B_SPLINE_CURVE_WITH_KNOTS ( 'NONE', 3,
 ( #1866, #1038, #2445, #2599, #2934, #1741 ),
 .UNSPECIFIED., .F., .F.,
 ( 4, 2, 4 ),
 ( 1.734723475976807094E-18, 0.001991247139998810530, 0.003982494279997618458 ),
 .UNSPECIFIED. ) ;
#2464 = ORIENTED_EDGE ( 'NONE', *, *, #575, .F. ) ;
#2465 = FACE_OUTER_BOUND ( 'NONE', #2242, .T. ) ;
#2466 = DIRECTION ( 'NONE',  ( 0.000000000000000000, -1.000000000000000000, 0.000000000000000000 ) ) ;
#2467 = CARTESIAN_POINT ( 'NONE',  ( -8.078227128257616130, 10.35379253373983310, -41.21985777685743813 ) ) ;
#2468 = VERTEX_POINT ( 'NONE', #911 ) ;
#2469 = CARTESIAN_POINT ( 'NONE',  ( 3.366534677831306777, 28.00000000000000000, 23.00000000000000000 ) ) ;
#2470 = VERTEX_POINT ( 'NONE', #4471 ) ;
#2471 = EDGE_CURVE ( 'NONE', #2505, #2408, #3444, .T. ) ;
#2472 = AXIS2_PLACEMENT_3D ( 'NONE', #2648, #4103, #3387 ) ;
#2473 = CARTESIAN_POINT ( 'NONE',  ( 17.36653467783129301, 29.00000000000000000, -19.32535618980386261 ) ) ;
#2474 = FACE_BOUND ( 'NONE', #1085, .T. ) ;
#2475 = DIRECTION ( 'NONE',  ( 0.000000000000000000, 1.000000000000000000, -0.000000000000000000 ) ) ;
#2476 = CYLINDRICAL_SURFACE ( 'NONE', #4225, 1.399999999999998579 ) ;
#2477 = AXIS2_PLACEMENT_3D ( 'NONE', #4506, #1197, #2262 ) ;
#2478 = EDGE_LOOP ( 'NONE', ( #2846, #4049, #1015, #3720 ) ) ;
#2479 = ORIENTED_EDGE ( 'NONE', *, *, #2351, .F. ) ;
#2480 = PLANE ( 'NONE',  #3170 ) ;
#2481 = CIRCLE ( 'NONE', #1729, 8.000000000000000000 ) ;
#2482 = DIRECTION ( 'NONE',  ( 0.000000000000000000, 1.000000000000000000, -0.000000000000000000 ) ) ;
#2483 = AXIS2_PLACEMENT_3D ( 'NONE', #4141, #4504, #1265 ) ;
#2484 = CARTESIAN_POINT ( 'NONE',  ( -2.633465322168694112, -6.099999999999997868, 24.00000000000000000 ) ) ;
#2485 = CIRCLE ( 'NONE', #462, 1.000000000000000888 ) ;
#2486 = VECTOR ( 'NONE', #2915, 1000.000000000000000 ) ;
#2487 = FACE_OUTER_BOUND ( 'NONE', #2906, .T. ) ;
#2488 = VECTOR ( 'NONE', #1021, 1000.000000000000000 ) ;
#2489 = AXIS2_PLACEMENT_3D ( 'NONE', #3693, #544, #1255 ) ;
#2490 = CARTESIAN_POINT ( 'NONE',  ( 9.366534677831291233, 29.00000000000000000, -57.50000000000000000 ) ) ;
#2491 = ADVANCED_FACE ( 'NONE', ( #3749 ), #179, .F. ) ;
#2492 = ORIENTED_EDGE ( 'NONE', *, *, #1893, .T. ) ;
#2493 = CIRCLE ( 'NONE', #3488, 1.000000000000000888 ) ;
#2494 = DIRECTION ( 'NONE',  ( -0.7051293066513190100, 0.7051293066513169006, 0.07473501055638614998 ) ) ;
#2495 = CARTESIAN_POINT ( 'NONE',  ( -10.82952162072847102, 14.19605629855976581, 25.83512098734837181 ) ) ;
#2496 = ORIENTED_EDGE ( 'NONE', *, *, #3684, .T. ) ;
#2497 = CIRCLE ( 'NONE', #261, 3.000000000000002665 ) ;
#2498 = LINE ( 'NONE', #2879, #765 ) ;
#2499 = ORIENTED_EDGE ( 'NONE', *, *, #1844, .T. ) ;
#2500 =( BOUNDED_CURVE ( )  B_SPLINE_CURVE ( 3, ( #4597, #4557, #4577, #2785 ),
 .UNSPECIFIED., .F., .F. ) 
 B_SPLINE_CURVE_WITH_KNOTS ( ( 4, 4 ),
 ( 1.907671416389567609, 3.141592653589793116 ),
 .UNSPECIFIED. ) 
 CURVE ( )  GEOMETRIC_REPRESENTATION_ITEM ( )  RATIONAL_B_SPLINE_CURVE ( ( 1.000000000000000000, 0.8770937881112454981, 0.8770937881112454981, 1.000000000000000000 ) ) 
 REPRESENTATION_ITEM ( '' )  );
#2501 = EDGE_CURVE ( 'NONE', #39, #3496, #2150, .T. ) ;
#2502 = FACE_OUTER_BOUND ( 'NONE', #4468, .T. ) ;
#2503 = DIRECTION ( 'NONE',  ( 0.000000000000000000, 0.000000000000000000, 1.000000000000000000 ) ) ;
#2504 = DIRECTION ( 'NONE',  ( 0.000000000000000000, 0.000000000000000000, 1.000000000000000000 ) ) ;
#2505 = VERTEX_POINT ( 'NONE', #3594 ) ;
#2506 = ORIENTED_EDGE ( 'NONE', *, *, #439, .F. ) ;
#2507 = EDGE_CURVE ( 'NONE', #2232, #4646, #2493, .T. ) ;
#2508 = CARTESIAN_POINT ( 'NONE',  ( 9.695068031590803770, 9.999440833647021520, 22.55629139990183418 ) ) ;
#2509 = CARTESIAN_POINT ( 'NONE',  ( -8.115707011499107892, 10.42185542502769380, -22.06092011381629092 ) ) ;
#2510 = CARTESIAN_POINT ( 'NONE',  ( 9.366540677831295625, 12.52494325944073950, -19.32518724763290408 ) ) ;
#2511 = PLANE ( 'NONE',  #3411 ) ;
#2512 = CARTESIAN_POINT ( 'NONE',  ( 4.264352318569618383, 9.082164405548372343, 23.54445751237952322 ) ) ;
#2513 = ORIENTED_EDGE ( 'NONE', *, *, #1757, .T. ) ;
#2514 = CARTESIAN_POINT ( 'NONE',  ( 5.366534677831306333, 28.00000000000000000, 23.00000000000000000 ) ) ;
#2515 = LINE ( 'NONE', #106, #2791 ) ;
#2516 = VERTEX_POINT ( 'NONE', #1789 ) ;
#2517 = LINE ( 'NONE', #720, #4457 ) ;
#2518 = ORIENTED_EDGE ( 'NONE', *, *, #607, .F. ) ;
#2519 = EDGE_CURVE ( 'NONE', #1269, #1097, #19, .T. ) ;
#2520 = DIRECTION ( 'NONE',  ( -0.000000000000000000, 1.000000000000000000, -0.000000000000000000 ) ) ;
#2521 = EDGE_CURVE ( 'NONE', #4291, #846, #3613, .T. ) ;
#2522 = CARTESIAN_POINT ( 'NONE',  ( -17.63346532216870344, -6.099999999999997868, -32.92332030257301767 ) ) ;
#2523 = CARTESIAN_POINT ( 'NONE',  ( -7.622031973016514250, 7.644369220790570907, -42.85544314835421176 ) ) ;
#2524 = ADVANCED_FACE ( 'NONE', ( #3467 ), #249, .F. ) ;
#2525 = VERTEX_POINT ( 'NONE', #4137 ) ;
#2526 = ORIENTED_EDGE ( 'NONE', *, *, #1550, .F. ) ;
#2527 = DIRECTION ( 'NONE',  ( -0.000000000000000000, -1.000000000000000000, 0.000000000000000000 ) ) ;
#2528 = CARTESIAN_POINT ( 'NONE',  ( 20.36653467783130367, 29.00000000000000000, 32.92332030257301767 ) ) ;
#2529 = CARTESIAN_POINT ( 'NONE',  ( -7.633465322168702549, 29.00000000000000000, -37.00000000000000711 ) ) ;
#2530 = EDGE_CURVE ( 'NONE', #1447, #535, #4163, .T. ) ;
#2531 = CARTESIAN_POINT ( 'NONE',  ( 23.11211089622319648, 24.74557621839187149, 29.81404194409926234 ) ) ;
#2532 = DIRECTION ( 'NONE',  ( 0.000000000000000000, 0.000000000000000000, -1.000000000000000000 ) ) ;
#2533 = ORIENTED_EDGE ( 'NONE', *, *, #1758, .F. ) ;
#2534 = LINE ( 'NONE', #3654, #388 ) ;
#2535 = DIRECTION ( 'NONE',  ( 0.000000000000000000, 0.000000000000000000, -1.000000000000000000 ) ) ;
#2536 = ORIENTED_EDGE ( 'NONE', *, *, #1844, .F. ) ;
#2537 = CARTESIAN_POINT ( 'NONE',  ( -21.63346532216869988, 11.00000000000000355, -29.90314746698006587 ) ) ;
#2538 = VERTEX_POINT ( 'NONE', #1516 ) ;
#2539 = VERTEX_POINT ( 'NONE', #2322 ) ;
#2540 = CARTESIAN_POINT ( 'NONE',  ( 19.47193201417467989, 21.10539733634338333, -33.91775049192353464 ) ) ;
#2541 = ORIENTED_EDGE ( 'NONE', *, *, #850, .F. ) ;
#2542 = ADVANCED_FACE ( 'NONE', ( #3826 ), #1882, .T. ) ;
#2543 = AXIS2_PLACEMENT_3D ( 'NONE', #2975, #901, #3717 ) ;
#2544 = ORIENTED_EDGE ( 'NONE', *, *, #4489, .F. ) ;
#2545 = DIRECTION ( 'NONE',  ( -0.000000000000000000, -1.000000000000000000, -0.000000000000000000 ) ) ;
#2546 = DIRECTION ( 'NONE',  ( 0.000000000000000000, -0.000000000000000000, -1.000000000000000000 ) ) ;
#2547 = CIRCLE ( 'NONE', #1652, 8.000000000000000000 ) ;
#2548 = AXIS2_PLACEMENT_3D ( 'NONE', #3193, #3540, #671 ) ;
#2549 = DIRECTION ( 'NONE',  ( 0.000000000000000000, 1.000000000000000000, -0.000000000000000000 ) ) ;
#2550 = CARTESIAN_POINT ( 'NONE',  ( -18.63346532216870344, 29.00000000000000000, 32.92332030257301767 ) ) ;
#2551 = CARTESIAN_POINT ( 'NONE',  ( 3.869879496499236460, 9.314242720365056627, 23.86705033907201212 ) ) ;
#2552 = VECTOR ( 'NONE', #62, 1000.000000000000000 ) ;
#2553 = VERTEX_POINT ( 'NONE', #1979 ) ;
#2554 = DIRECTION ( 'NONE',  ( 0.7831866393703779128, 0.000000000000000000, 0.6217866900406712194 ) ) ;
#2555 = VECTOR ( 'NONE', #2062, 1000.000000000000000 ) ;
#2556 = CIRCLE ( 'NONE', #549, 1.000000000000000888 ) ;
#2557 = ORIENTED_EDGE ( 'NONE', *, *, #1899, .T. ) ;
#2558 = ADVANCED_FACE ( 'NONE', ( #3776 ), #322, .T. ) ;
#2559 = CARTESIAN_POINT ( 'NONE',  ( 23.36653467783131433, 25.00000000000002842, -30.61247794325459282 ) ) ;
#2560 = AXIS2_PLACEMENT_3D ( 'NONE', #984, #2844, #647 ) ;
#2561 = EDGE_LOOP ( 'NONE', ( #3278, #1352, #3506, #158 ) ) ;
#2562 = CIRCLE ( 'NONE', #553, 4.999999999999997335 ) ;
#2563 = ORIENTED_EDGE ( 'NONE', *, *, #85, .T. ) ;
#2564 = DIRECTION ( 'NONE',  ( 0.000000000000000000, -1.000000000000000000, 0.000000000000000000 ) ) ;
#2565 = CARTESIAN_POINT ( 'NONE',  ( -21.37904154056058559, 24.74557621839191413, 29.81404194409925879 ) ) ;
#2566 = VECTOR ( 'NONE', #3917, 1000.000000000000000 ) ;
#2567 = CARTESIAN_POINT ( 'NONE',  ( -17.86292087967715503, 29.00000000000000000, 35.91580386481579978 ) ) ;
#2568 = CARTESIAN_POINT ( 'NONE',  ( 0.3665346778313049447, -6.099999999999999645, 44.99832061887032353 ) ) ;
#2569 = EDGE_LOOP ( 'NONE', ( #222, #4524, #1851, #2161 ) ) ;
#2570 = EDGE_LOOP ( 'NONE', ( #1821, #891, #1810, #2423 ) ) ;
#2571 = CARTESIAN_POINT ( 'NONE',  ( -2.372280092500691495, 8.480023991296354424, 24.15358129928947051 ) ) ;
#2572 = EDGE_CURVE ( 'NONE', #3851, #3980, #4476, .T. ) ;
#2573 = DIRECTION ( 'NONE',  ( -0.000000000000000000, 1.000000000000000000, 0.000000000000000000 ) ) ;
#2574 = FACE_OUTER_BOUND ( 'NONE', #507, .T. ) ;
#2575 = CARTESIAN_POINT ( 'NONE',  ( 22.36653467783131077, 29.00000000000000000, -34.61655931422208710 ) ) ;
#2576 = CARTESIAN_POINT ( 'NONE',  ( -11.39694217948164834, 14.76347685731294668, 28.49672888746014721 ) ) ;
#2577 = EDGE_CURVE ( 'NONE', #2210, #335, #80, .T. ) ;
#2578 = ORIENTED_EDGE ( 'NONE', *, *, #3725, .F. ) ;
#2579 = DIRECTION ( 'NONE',  ( 0.000000000000000000, -0.000000000000000000, 1.000000000000000000 ) ) ;
#2580 = EDGE_CURVE ( 'NONE', #1507, #1269, #941, .T. ) ;
#2581 = FACE_OUTER_BOUND ( 'NONE', #75, .T. ) ;
#2582 = ORIENTED_EDGE ( 'NONE', *, *, #2378, .F. ) ;
#2583 = ORIENTED_EDGE ( 'NONE', *, *, #2457, .F. ) ;
#2584 = EDGE_CURVE ( 'NONE', #4510, #3678, #2643, .T. ) ;
#2585 = EDGE_LOOP ( 'NONE', ( #2073, #1831, #597, #3373, #3588, #4521 ) ) ;
#2586 = EDGE_CURVE ( 'NONE', #4190, #4088, #2707, .T. ) ;
#2587 = CARTESIAN_POINT ( 'NONE',  ( -21.63346532216869988, 25.00000000000002842, 30.61247794325458571 ) ) ;
#2588 = CARTESIAN_POINT ( 'NONE',  ( -10.39694217948164834, -6.099999999999997868, -34.69590351907579162 ) ) ;
#2589 = CARTESIAN_POINT ( 'NONE',  ( 13.13001153514424857, 14.76347685731295378, 28.49672888746014721 ) ) ;
#2590 =( BOUNDED_CURVE ( )  B_SPLINE_CURVE ( 3, ( #4400, #26, #2226, #47 ),
 .UNSPECIFIED., .F., .T. ) 
 B_SPLINE_CURVE_WITH_KNOTS ( ( 4, 4 ),
 ( 1.676389781212926255, 3.141592653589793116 ),
 .UNSPECIFIED. ) 
 CURVE ( )  GEOMETRIC_REPRESENTATION_ITEM ( )  RATIONAL_B_SPLINE_CURVE ( ( 1.000000000000000000, 0.8289580426858342843, 0.8289580426858342843, 1.000000000000000000 ) ) 
 REPRESENTATION_ITEM ( '' )  );
#2591 = CARTESIAN_POINT ( 'NONE',  ( 14.72221911934125060, 16.35568444150995049, 26.87569361452386119 ) ) ;
#2592 = VERTEX_POINT ( 'NONE', #3117 ) ;
#2593 = CARTESIAN_POINT ( 'NONE',  ( 9.366534677831312550, 11.00000000000000355, 37.00000000000000711 ) ) ;
#2594 = EDGE_CURVE ( 'NONE', #2768, #3610, #4408, .T. ) ;
#2595 = CYLINDRICAL_SURFACE ( 'NONE', #3626, 8.000000000000000000 ) ;
#2596 = DIRECTION ( 'NONE',  ( 1.000000000000000000, 0.000000000000000000, 0.000000000000000000 ) ) ;
#2597 = VERTEX_POINT ( 'NONE', #2213 ) ;
#2598 = DIRECTION ( 'NONE',  ( -0.000000000000000000, -1.000000000000000000, 0.000000000000000000 ) ) ;
#2599 = CARTESIAN_POINT ( 'NONE',  ( -7.678199673778037138, 8.649644366250289096, -23.99323912491572841 ) ) ;
#2600 = CARTESIAN_POINT ( 'NONE',  ( 3.366534677831307665, 9.045614421553079154, 24.00000000000000000 ) ) ;
#2601 = EDGE_CURVE ( 'NONE', #3375, #3255, #1234, .T. ) ;
#2602 = DIRECTION ( 'NONE',  ( 0.000000000000000000, -1.000000000000000000, 0.000000000000000000 ) ) ;
#2603 = DIRECTION ( 'NONE',  ( 0.000000000000000000, -1.000000000000000000, 0.000000000000000000 ) ) ;
#2604 = ORIENTED_EDGE ( 'NONE', *, *, #4474, .F. ) ;
#2605 = CARTESIAN_POINT ( 'NONE',  ( 4.443770235960272430, 9.395843043073959677, -23.21335648375132621 ) ) ;
#2606 = VERTEX_POINT ( 'NONE', #2589 ) ;
#2607 = VERTEX_POINT ( 'NONE', #4047 ) ;
#2608 = FACE_OUTER_BOUND ( 'NONE', #4449, .T. ) ;
#2609 = DIRECTION ( 'NONE',  ( -1.000000000000000000, 0.000000000000000000, 0.000000000000000000 ) ) ;
#2610 = ORIENTED_EDGE ( 'NONE', *, *, #1837, .T. ) ;
#2611 = LINE ( 'NONE', #3093, #1879 ) ;
#2612 = ORIENTED_EDGE ( 'NONE', *, *, #2586, .T. ) ;
#2613 = LINE ( 'NONE', #1935, #2409 ) ;
#2614 = CYLINDRICAL_SURFACE ( 'NONE', #2029, 3.000000000000002665 ) ;
#2615 = ADVANCED_FACE ( 'NONE', ( #2002 ), #3446, .F. ) ;
#2616 = EDGE_LOOP ( 'NONE', ( #2526, #1737 ) ) ;
#2617 = CARTESIAN_POINT ( 'NONE',  ( 19.69707412264255453, 21.33053944481124020, 30.73712189864361477 ) ) ;
#2618 = CARTESIAN_POINT ( 'NONE',  ( 20.36653467783130367, 29.00000000000000000, -32.92332030257301767 ) ) ;
#2619 = CARTESIAN_POINT ( 'NONE',  ( -1.633465322168701217, 8.637366131089281751, -24.00000000000000000 ) ) ;
#2620 = FACE_OUTER_BOUND ( 'NONE', #3889, .T. ) ;
#2621 = ORIENTED_EDGE ( 'NONE', *, *, #1812, .F. ) ;
#2622 = AXIS2_PLACEMENT_3D ( 'NONE', #3885, #655, #3505 ) ;
#2623 = CARTESIAN_POINT ( 'NONE',  ( 14.72221911934124350, 11.00000000000000355, -26.87569361452385763 ) ) ;
#2624 = CARTESIAN_POINT ( 'NONE',  ( 4.350324915936290004, 10.56558376779093855, -23.20790622630256195 ) ) ;
#2625 = AXIS2_PLACEMENT_3D ( 'NONE', #4057, #2245, #4417 ) ;
#2626 = EDGE_CURVE ( 'NONE', #4495, #3980, #3338, .T. ) ;
#2627 = ORIENTED_EDGE ( 'NONE', *, *, #1988, .F. ) ;
#2628 = VECTOR ( 'NONE', #1205, 1000.000000000000000 ) ;
#2629 = EDGE_CURVE ( 'NONE', #2251, #542, #181, .T. ) ;
#2630 = CARTESIAN_POINT ( 'NONE',  ( 16.52335598708429032, 18.15682130925298310, -36.24146520212403288 ) ) ;
#2631 = EDGE_LOOP ( 'NONE', ( #4073, #855, #4289, #2916 ) ) ;
#2632 = VERTEX_POINT ( 'NONE', #1603 ) ;
#2633 = VECTOR ( 'NONE', #2033, 1000.000000000000000 ) ;
#2634 = AXIS2_PLACEMENT_3D ( 'NONE', #3310, #436, #2712 ) ;
#2635 = CARTESIAN_POINT ( 'NONE',  ( -7.681434555764627525, 8.561052434163915592, 42.55315238120643784 ) ) ;
#2636 = CARTESIAN_POINT ( 'NONE',  ( -6.498959657870146067, 29.00000000000000000, 44.90260569707926663 ) ) ;
#2637 = PLANE ( 'NONE',  #778 ) ;
#2638 = EDGE_CURVE ( 'NONE', #2597, #4549, #1597, .T. ) ;
#2639 = VECTOR ( 'NONE', #431, 1000.000000000000000 ) ;
#2640 = AXIS2_PLACEMENT_3D ( 'NONE', #3080, #3368, #141 ) ;
#2641 = FACE_OUTER_BOUND ( 'NONE', #1854, .T. ) ;
#2642 = ORIENTED_EDGE ( 'NONE', *, *, #787, .F. ) ;
#2643 = CIRCLE ( 'NONE', #2418, 3.000000000000002665 ) ;
#2644 = ORIENTED_EDGE ( 'NONE', *, *, #1102, .F. ) ;
#2645 = LINE ( 'NONE', #1934, #3691 ) ;
#2646 = CARTESIAN_POINT ( 'NONE',  ( 3.673153030871698199, 8.363482433172096719, -24.26838427681476418 ) ) ;
#2647 = EDGE_CURVE ( 'NONE', #4378, #2887, #1261, .T. ) ;
#2648 = CARTESIAN_POINT ( 'NONE',  ( 0.1665346778313000764, 29.00000000000000000, -45.00000000000000000 ) ) ;
#2649 = PRESENTATION_LAYER_ASSIGNMENT (  '', '', ( #3186 ) ) ;
#2650 = EDGE_CURVE ( 'NONE', #3706, #721, #183, .T. ) ;
#2651 = ORIENTED_EDGE ( 'NONE', *, *, #1930, .T. ) ;
#2652 =( BOUNDED_CURVE ( )  B_SPLINE_CURVE ( 3, ( #3261, #1785, #1744, #2831 ),
 .UNSPECIFIED., .F., .T. ) 
 B_SPLINE_CURVE_WITH_KNOTS ( ( 4, 4 ),
 ( 4.712388980384689674, 6.283185307179586232 ),
 .UNSPECIFIED. ) 
 CURVE ( )  GEOMETRIC_REPRESENTATION_ITEM ( )  RATIONAL_B_SPLINE_CURVE ( ( 1.000000000000000000, 0.8047378541243649375, 0.8047378541243649375, 1.000000000000000000 ) ) 
 REPRESENTATION_ITEM ( '' )  );
#2653 = CARTESIAN_POINT ( 'NONE',  ( -2.978598336065548136, 8.831586389050114505, 23.80137745283661488 ) ) ;
#2654 = CARTESIAN_POINT ( 'NONE',  ( 0.1665346778312977172, 5.000000000000000000, 38.89999999999999858 ) ) ;
#2655 = CARTESIAN_POINT ( 'NONE',  ( -1.712586443196384423, 9.045614432500737934, -24.00000000000000000 ) ) ;
#2656 = EDGE_CURVE ( 'NONE', #2538, #2380, #859, .T. ) ;
#2657 = FACE_OUTER_BOUND ( 'NONE', #648, .T. ) ;
#2658 = ORIENTED_EDGE ( 'NONE', *, *, #439, .T. ) ;
#2659 = DIRECTION ( 'NONE',  ( 0.000000000000000000, -1.000000000000000000, 0.000000000000000000 ) ) ;
#2660 = LINE ( 'NONE', #2734, #852 ) ;
#2661 = ORIENTED_EDGE ( 'NONE', *, *, #2239, .F. ) ;
#2662 = DIRECTION ( 'NONE',  ( 1.055918637551099976E-16, 1.055918637551097018E-16, 1.000000000000000000 ) ) ;
#2663 = ORIENTED_EDGE ( 'NONE', *, *, #541, .F. ) ;
#2664 = VERTEX_POINT ( 'NONE', #623 ) ;
#2665 = CARTESIAN_POINT ( 'NONE',  ( -2.617255560273682669, 10.56558376779087460, 23.20790622630256550 ) ) ;
#2666 = CARTESIAN_POINT ( 'NONE',  ( -21.63346532216869988, 29.00000000000000000, -29.90314746698006587 ) ) ;
#2667 = B_SPLINE_CURVE_WITH_KNOTS ( 'NONE', 3,
 ( #2510, #3965, #732, #2157, #753, #1137, #1913, #4512, #1991, #465 ),
 .UNSPECIFIED., .F., .F.,
 ( 4, 2, 2, 2, 4 ),
 ( 0.2249865656141360193, 0.3624931545199473470, 0.4999997434257587026, 0.6375063323315700581, 0.7750129212373814136 ),
 .UNSPECIFIED. ) ;
#2668 = CARTESIAN_POINT ( 'NONE',  ( 19.47193201417467989, 29.00000000000000000, 33.91775049192354174 ) ) ;
#2669 = ORIENTED_EDGE ( 'NONE', *, *, #3269, .F. ) ;
#2670 = EDGE_CURVE ( 'NONE', #2470, #231, #2391, .T. ) ;
#2671 = EDGE_CURVE ( 'NONE', #2525, #3702, #3188, .T. ) ;
#2672 = EDGE_LOOP ( 'NONE', ( #23, #1492, #2968, #2851 ) ) ;
#2673 = CARTESIAN_POINT ( 'NONE',  ( -2.633465322168694112, 8.633906151305883014, 23.00000000000000000 ) ) ;
#2674 = EDGE_CURVE ( 'NONE', #1761, #2380, #1397, .T. ) ;
#2675 = DIRECTION ( 'NONE',  ( 0.000000000000000000, -1.000000000000000000, 0.000000000000000000 ) ) ;
#2676 = ORIENTED_EDGE ( 'NONE', *, *, #2186, .T. ) ;
#2677 = CARTESIAN_POINT ( 'NONE',  ( -2.242700850784376421, 8.433582942172922259, 24.19940309544257317 ) ) ;
#2678 = CARTESIAN_POINT ( 'NONE',  ( -10.39694217948164834, 13.76347685731294490, 28.91094244983323946 ) ) ;
#2679 = DIRECTION ( 'NONE',  ( -1.000000000000000000, -0.000000000000000000, 1.264902534566421675E-16 ) ) ;
#2680 = EDGE_CURVE ( 'NONE', #837, #2849, #4257, .T. ) ;
#2681 = ORIENTED_EDGE ( 'NONE', *, *, #2580, .F. ) ;
#2682 = EDGE_CURVE ( 'NONE', #1578, #84, #3848, .T. ) ;
#2683 = DIRECTION ( 'NONE',  ( 0.000000000000000000, 0.000000000000000000, -1.000000000000000000 ) ) ;
#2684 = ORIENTED_EDGE ( 'NONE', *, *, #2159, .T. ) ;
#2685 = CARTESIAN_POINT ( 'NONE',  ( 19.47193201417467989, 29.00000000000000000, -33.91775049192354174 ) ) ;
#2686 = CARTESIAN_POINT ( 'NONE',  ( 9.366534677831293010, 7.686291501015214855, -44.19690671692822548 ) ) ;
#2687 = VERTEX_POINT ( 'NONE', #2756 ) ;
#2688 = ORIENTED_EDGE ( 'NONE', *, *, #3042, .T. ) ;
#2689 = B_SPLINE_CURVE_WITH_KNOTS ( 'NONE', 3,
 ( #3343, #3740, #2646, #213, #900, #2308, #1590, #3386, #4124, #1226, #3076, #138 ),
 .UNSPECIFIED., .F., .F.,
 ( 4, 2, 2, 2, 2, 4 ),
 ( 0.000000000000000000, 0.0004599743459450820809, 0.0009199486918901629692, 0.001839897383780328757, 0.002759846075670494871, 0.003679794767560660117 ),
 .UNSPECIFIED. ) ;
#2690 = LINE ( 'NONE', #2636, #2863 ) ;
#2691 = DIRECTION ( 'NONE',  ( -0.1053973363433762939, 0.000000000000000000, -0.9944301893505250733 ) ) ;
#2692 = CARTESIAN_POINT ( 'NONE',  ( -15.63346532216869988, 29.00000000000000000, -19.32535618980386261 ) ) ;
#2693 = EDGE_CURVE ( 'NONE', #4221, #3569, #3948, .T. ) ;
#2694 = ORIENTED_EDGE ( 'NONE', *, *, #156, .T. ) ;
#2695 = DIRECTION ( 'NONE',  ( 0.000000000000000000, 0.000000000000000000, -1.000000000000000000 ) ) ;
#2696 = EDGE_CURVE ( 'NONE', #1023, #1839, #3139, .T. ) ;
#2697 = CARTESIAN_POINT ( 'NONE',  ( 0.1665346778312974951, 5.000000000000000000, -35.10000000000000142 ) ) ;
#2698 = ADVANCED_FACE ( 'NONE', ( #3584 ), #1074, .F. ) ;
#2699 = EDGE_LOOP ( 'NONE', ( #4593, #3457, #2479, #110 ) ) ;
#2700 = CARTESIAN_POINT ( 'NONE',  ( -3.309294355866210235, 9.188982697006371936, 23.43121956663248540 ) ) ;
#2701 = DIRECTION ( 'NONE',  ( 0.000000000000000000, 1.000000000000000000, 0.000000000000000000 ) ) ;
#2702 = LINE ( 'NONE', #4441, #474 ) ;
#2703 = CARTESIAN_POINT ( 'NONE',  ( 0.1665346778312974951, 29.00000000000000000, -35.10000000000000142 ) ) ;
#2704 = CARTESIAN_POINT ( 'NONE',  ( 6.366534677831293898, 0.000000000000000000, -51.28728536187934850 ) ) ;
#2705 = EDGE_LOOP ( 'NONE', ( #1125, #4260 ) ) ;
#2706 = EDGE_CURVE ( 'NONE', #3048, #750, #557, .T. ) ;
#2707 = LINE ( 'NONE', #3064, #2943 ) ;
#2708 = LINE ( 'NONE', #964, #3615 ) ;
#2709 = AXIS2_PLACEMENT_3D ( 'NONE', #1767, #4355, #766 ) ;
#2710 = ORIENTED_EDGE ( 'NONE', *, *, #142, .T. ) ;
#2711 = VERTEX_POINT ( 'NONE', #1014 ) ;
#2712 = DIRECTION ( 'NONE',  ( 0.7831511052909457815, 0.000000000000000000, -0.6218314452338109533 ) ) ;
#2713 = VECTOR ( 'NONE', #2061, 1000.000000000000000 ) ;
#2714 = CIRCLE ( 'NONE', #3937, 1.500000000000001332 ) ;
#2715 = CARTESIAN_POINT ( 'NONE',  ( 16.52335598708429032, 18.15682130925298310, -36.24146520212403288 ) ) ;
#2716 = DIRECTION ( 'NONE',  ( -0.000000000000000000, -1.000000000000000000, -0.000000000000000000 ) ) ;
#2717 = ADVANCED_FACE ( 'NONE', ( #3563 ), #4659, .F. ) ;
#2718 = CARTESIAN_POINT ( 'NONE',  ( 23.00680490559897251, 24.64027022776769016, -35.55429957335717717 ) ) ;
#2719 = AXIS2_PLACEMENT_3D ( 'NONE', #2101, #262, #296 ) ;
#2720 = AXIS2_PLACEMENT_3D ( 'NONE', #4169, #2264, #4072 ) ;
#2721 = EDGE_LOOP ( 'NONE', ( #1497, #2578, #1605, #3355 ) ) ;
#2722 = ORIENTED_EDGE ( 'NONE', *, *, #3462, .T. ) ;
#2723 = CIRCLE ( 'NONE', #3941, 3.000000000000002665 ) ;
#2724 = DIRECTION ( 'NONE',  ( 0.000000000000000000, -1.000000000000000000, 0.000000000000000000 ) ) ;
#2725 = DIRECTION ( 'NONE',  ( 1.275531967630005245E-16, 8.673617379884035472E-16, 1.000000000000000000 ) ) ;
#2726 = VECTOR ( 'NONE', #4207, 1000.000000000000000 ) ;
#2727 = FACE_OUTER_BOUND ( 'NONE', #3607, .T. ) ;
#2728 = CARTESIAN_POINT ( 'NONE',  ( 0.000000000000000000, 29.00000000000000000, 0.000000000000000000 ) ) ;
#2729 = CARTESIAN_POINT ( 'NONE',  ( -2.300625180912823975, 9.550146647019992940, -23.74787422261803016 ) ) ;
#2730 = AXIS2_PLACEMENT_3D ( 'NONE', #1437, #2220, #4348 ) ;
#2731 = CARTESIAN_POINT ( 'NONE',  ( -7.681434555764627525, 8.561052434163915592, 42.55315238120643784 ) ) ;
#2732 = DIRECTION ( 'NONE',  ( -0.000000000000000000, -1.000000000000000000, -0.000000000000000000 ) ) ;
#2733 = ADVANCED_FACE ( 'NONE', ( #1760 ), #666, .F. ) ;
#2734 = CARTESIAN_POINT ( 'NONE',  ( 0.1665346778312972453, 29.00000000000000000, -38.89999999999999858 ) ) ;
#2735 = VERTEX_POINT ( 'NONE', #3534 ) ;
#2736 = DIRECTION ( 'NONE',  ( 0.9437921780900003776, -0.000000000000000000, -0.3305394448112555228 ) ) ;
#2737 = DIRECTION ( 'NONE',  ( -0.7071067811865464625, -0.7071067811865486830, -0.000000000000000000 ) ) ;
#2738 = EDGE_LOOP ( 'NONE', ( #53, #1344, #639, #3564 ) ) ;
#2739 = ORIENTED_EDGE ( 'NONE', *, *, #1837, .F. ) ;
#2740 = FACE_BOUND ( 'NONE', #867, .T. ) ;
#2741 = CARTESIAN_POINT ( 'NONE',  ( 11.70968042833890621, 13.34314575050758656, -38.54005246743584934 ) ) ;
#2742 = CARTESIAN_POINT ( 'NONE',  ( -7.959231392665742533, 10.78854304838578315, 21.63090059441265822 ) ) ;
#2743 = CARTESIAN_POINT ( 'NONE',  ( -10.39694217948164834, 29.00000000000000000, 33.58431484429377889 ) ) ;
#2744 = EDGE_CURVE ( 'NONE', #3702, #1727, #3331, .T. ) ;
#2745 = ADVANCED_FACE ( 'NONE', ( #353 ), #1419, .F. ) ;
#2746 = ORIENTED_EDGE ( 'NONE', *, *, #4426, .F. ) ;
#2747 = LINE ( 'NONE', #587, #10 ) ;
#2748 = CARTESIAN_POINT ( 'NONE',  ( 12.13001153514424857, 13.76347685731296089, 34.22038030567694022 ) ) ;
#2749 = ORIENTED_EDGE ( 'NONE', *, *, #2925, .T. ) ;
#2750 = DIRECTION ( 'NONE',  ( 0.7051293066513169006, 0.7051293066513190100, 0.07473501055638616386 ) ) ;
#2751 = CARTESIAN_POINT ( 'NONE',  ( 13.13001153514424857, -6.099999999999997868, 29.49672888746014721 ) ) ;
#2752 = DIRECTION ( 'NONE',  ( 0.000000000000000000, -1.000000000000000000, 0.000000000000000000 ) ) ;
#2753 = CARTESIAN_POINT ( 'NONE',  ( -2.017754806715281735, 9.192494158412475969, -23.92767825639787915 ) ) ;
#2754 = FACE_OUTER_BOUND ( 'NONE', #2958, .T. ) ;
#2755 = VERTEX_POINT ( 'NONE', #3159 ) ;
#2756 = CARTESIAN_POINT ( 'NONE',  ( -12.98914976367865393, 16.35568444150996470, -26.87569361452386474 ) ) ;
#2757 = EDGE_CURVE ( 'NONE', #180, #1496, #4610, .T. ) ;
#2758 = ORIENTED_EDGE ( 'NONE', *, *, #2991, .T. ) ;
#2759 = ORIENTED_EDGE ( 'NONE', *, *, #4364, .F. ) ;
#2760 = DIRECTION ( 'NONE',  ( 1.000000000000000000, -0.000000000000000000, -1.055918637551099853E-16 ) ) ;
#2761 = CARTESIAN_POINT ( 'NONE',  ( 0.3665346778313049447, -6.099999999999999645, -39.99832061887032353 ) ) ;
#2762 = DIRECTION ( 'NONE',  ( 0.7051293066513170116, -0.7051293066513190100, 0.07473501055638594182 ) ) ;
#2763 = ORIENTED_EDGE ( 'NONE', *, *, #998, .T. ) ;
#2764 = EDGE_CURVE ( 'NONE', #2923, #2687, #1465, .T. ) ;
#2765 = DIRECTION ( 'NONE',  ( -0.000000000000000000, -1.000000000000000000, 0.000000000000000000 ) ) ;
#2766 = ADVANCED_FACE ( 'NONE', ( #1736 ), #1931, .T. ) ;
#2767 = CARTESIAN_POINT ( 'NONE',  ( 22.69707412264256874, 24.33053944481124020, 29.66868576516459299 ) ) ;
#2768 = VERTEX_POINT ( 'NONE', #1869 ) ;
#2769 = EDGE_LOOP ( 'NONE', ( #1779, #1215, #1167, #1915 ) ) ;
#2770 = DIRECTION ( 'NONE',  ( 0.000000000000000000, -1.000000000000000000, 0.000000000000000000 ) ) ;
#2771 = DIRECTION ( 'NONE',  ( 0.000000000000000000, 1.000000000000000000, -0.000000000000000000 ) ) ;
#2772 = CARTESIAN_POINT ( 'NONE',  ( -10.39694217948164834, 29.00000000000000000, -33.58431484429377889 ) ) ;
#2773 = CARTESIAN_POINT ( 'NONE',  ( -17.86292087967715503, 29.00000000000000000, -35.91580386481579978 ) ) ;
#2774 = ORIENTED_EDGE ( 'NONE', *, *, #2682, .F. ) ;
#2775 = CARTESIAN_POINT ( 'NONE',  ( 23.36653467783131433, 29.00000000000000000, -35.51617265383811173 ) ) ;
#2776 = EDGE_LOOP ( 'NONE', ( #638, #3001, #2462, #3585 ) ) ;
#2777 = AXIS2_PLACEMENT_3D ( 'NONE', #1247, #3052, #1885 ) ;
#2778 = EDGE_LOOP ( 'NONE', ( #2533, #2845, #2277, #2093, #3961 ) ) ;
#2779 = CARTESIAN_POINT ( 'NONE',  ( 5.366534677831304556, -15.44928300627867834, -3.352640844209796601E-14 ) ) ;
#2780 = EDGE_CURVE ( 'NONE', #1066, #2899, #2343, .T. ) ;
#2781 = LINE ( 'NONE', #3521, #2932 ) ;
#2782 = EDGE_CURVE ( 'NONE', #4681, #3445, #1076, .T. ) ;
#2783 = CARTESIAN_POINT ( 'NONE',  ( -7.599230604281705936, 29.00000000000000000, -43.00507747612083165 ) ) ;
#2784 = AXIS2_PLACEMENT_3D ( 'NONE', #2014, #997, #589 ) ;
#2785 = CARTESIAN_POINT ( 'NONE',  ( -18.63346532216869988, 22.00000000000002132, 31.68091407673361104 ) ) ;
#2786 = ORIENTED_EDGE ( 'NONE', *, *, #1712, .F. ) ;
#2787 = CIRCLE ( 'NONE', #2945, 8.000000000000000000 ) ;
#2788 = CIRCLE ( 'NONE', #923, 1.000000000000000222 ) ;
#2789 = DIRECTION ( 'NONE',  ( 1.000000000000000000, 0.000000000000000000, 0.000000000000000000 ) ) ;
#2790 = CIRCLE ( 'NONE', #2329, 1.399999999999998579 ) ;
#2792 = CARTESIAN_POINT ( 'NONE',  ( 10.88017615085282763, 12.51364147302150798, -24.15270616181015129 ) ) ;
#2791 = VECTOR ( 'NONE', #27, 1000.000000000000000 ) ;
#2793 = EDGE_CURVE ( 'NONE', #278, #2989, #3808, .T. ) ;
#2794 = ORIENTED_EDGE ( 'NONE', *, *, #3624, .T. ) ;
#2795 = EDGE_LOOP ( 'NONE', ( #1772, #2612, #2749, #347 ) ) ;
#2796 = VECTOR ( 'NONE', #2573, 1000.000000000000000 ) ;
#2797 = AXIS2_PLACEMENT_3D ( 'NONE', #1105, #2602, #3606 ) ;
#2798 = CARTESIAN_POINT ( 'NONE',  ( 0.3665346778313049447, 3.900000000000000799, -41.49832061887033063 ) ) ;
#2799 = DIRECTION ( 'NONE',  ( 0.000000000000000000, 0.000000000000000000, 1.000000000000000000 ) ) ;
#2800 = CARTESIAN_POINT ( 'NONE',  ( 0.1665346778312998544, 5.000000000000000000, 43.60000000000000142 ) ) ;
#2801 = CIRCLE ( 'NONE', #4244, 1.399999999999998579 ) ;
#2802 = VECTOR ( 'NONE', #4205, 1000.000000000000000 ) ;
#2803 = ADVANCED_FACE ( 'NONE', ( #2657 ), #2369, .F. ) ;
#2804 = CYLINDRICAL_SURFACE ( 'NONE', #3786, 3.000000000000002665 ) ;
#2805 = AXIS2_PLACEMENT_3D ( 'NONE', #288, #1778, #334 ) ;
#2806 = DIRECTION ( 'NONE',  ( -7.884785137984479828E-17, 0.000000000000000000, -1.000000000000000000 ) ) ;
#2807 = ORIENTED_EDGE ( 'NONE', *, *, #297, .F. ) ;
#2808 = ORIENTED_EDGE ( 'NONE', *, *, #2764, .F. ) ;
#2809 = DIRECTION ( 'NONE',  ( 0.000000000000000000, 0.000000000000000000, -1.000000000000000000 ) ) ;
#2810 = DIRECTION ( 'NONE',  ( 1.055918637551099853E-16, 1.055918637551096771E-16, 1.000000000000000000 ) ) ;
#2811 = CARTESIAN_POINT ( 'NONE',  ( -7.746202790867185328, 9.044281964039237565, -42.26462832692509863 ) ) ;
#2812 = LINE ( 'NONE', #3542, #2488 ) ;
#2813 = CARTESIAN_POINT ( 'NONE',  ( -7.842415515246282887, 9.560816290255242933, 23.04189135876921668 ) ) ;
#2814 = ORIENTED_EDGE ( 'NONE', *, *, #4050, .T. ) ;
#2815 = CARTESIAN_POINT ( 'NONE',  ( 3.366534677831300559, 8.345760209329371904, -24.28571428571428825 ) ) ;
#2816 = CARTESIAN_POINT ( 'NONE',  ( 12.60288617428503777, 14.23635149645374653, 34.64578463901410998 ) ) ;
#2817 = VERTEX_POINT ( 'NONE', #959 ) ;
#2818 = VERTEX_POINT ( 'NONE', #3422 ) ;
#2819 = DIRECTION ( 'NONE',  ( -0.000000000000000000, -1.000000000000000000, 0.000000000000000000 ) ) ;
#2820 = CARTESIAN_POINT ( 'NONE',  ( -1.633465322168700107, 29.00000000000000000, -23.00000000000000000 ) ) ;
#2821 = DIRECTION ( 'NONE',  ( 0.000000000000000000, 0.000000000000000000, -1.000000000000000000 ) ) ;
#2822 = CYLINDRICAL_SURFACE ( 'NONE', #2344, 34.00000000000000000 ) ;
#2823 = EDGE_CURVE ( 'NONE', #3489, #2923, #2702, .T. ) ;
#2824 = CARTESIAN_POINT ( 'NONE',  ( 0.3665346778313054998, -6.099999999999999645, -44.99832061887032353 ) ) ;
#2825 = EDGE_CURVE ( 'NONE', #985, #4221, #3112, .T. ) ;
#2826 = DIRECTION ( 'NONE',  ( 1.000000000000000000, -0.000000000000000000, 0.000000000000000000 ) ) ;
#2827 = CARTESIAN_POINT ( 'NONE',  ( -7.633465322168702549, 7.686291501015258376, -42.55315238120665811 ) ) ;
#2828 = CARTESIAN_POINT ( 'NONE',  ( -11.39694217948164834, 29.00000000000000000, -34.58431484429377889 ) ) ;
#2829 = ORIENTED_EDGE ( 'NONE', *, *, #1273, .F. ) ;
#2830 = EDGE_CURVE ( 'NONE', #4022, #4059, #862, .T. ) ;
#2831 = CARTESIAN_POINT ( 'NONE',  ( 12.13001153514424857, 13.76347685731295556, 29.49672888746014721 ) ) ;
#2832 = ORIENTED_EDGE ( 'NONE', *, *, #3805, .F. ) ;
#2833 = DIRECTION ( 'NONE',  ( 0.000000000000000000, -1.000000000000000000, 0.000000000000000000 ) ) ;
#2834 = CARTESIAN_POINT ( 'NONE',  ( -3.633465322168697220, 29.00000000000000000, 4.595979495270385310E-16 ) ) ;
#2835 = EDGE_CURVE ( 'NONE', #58, #4101, #3394, .T. ) ;
#2836 = FACE_OUTER_BOUND ( 'NONE', #2585, .T. ) ;
#2837 = ORIENTED_EDGE ( 'NONE', *, *, #1773, .T. ) ;
#2838 = ORIENTED_EDGE ( 'NONE', *, *, #965, .F. ) ;
#2839 = LINE ( 'NONE', #956, #3484 ) ;
#2840 = CYLINDRICAL_SURFACE ( 'NONE', #3099, 1.000000000000000888 ) ;
#2841 = EDGE_CURVE ( 'NONE', #2141, #527, #540, .T. ) ;
#2842 = CARTESIAN_POINT ( 'NONE',  ( -1.633465322168700107, 9.045614421553137774, -24.00000000000000000 ) ) ;
#2843 = CARTESIAN_POINT ( 'NONE',  ( -7.633465322168702549, 29.00000000000000000, -44.00179448441493690 ) ) ;
#2844 = DIRECTION ( 'NONE',  ( 0.000000000000000000, -1.000000000000000000, 0.000000000000000000 ) ) ;
#2845 = ORIENTED_EDGE ( 'NONE', *, *, #523, .F. ) ;
#2846 = ORIENTED_EDGE ( 'NONE', *, *, #2638, .T. ) ;
#2847 = FACE_OUTER_BOUND ( 'NONE', #894, .T. ) ;
#2848 = LINE ( 'NONE', #3952, #4384 ) ;
#2849 = VERTEX_POINT ( 'NONE', #198 ) ;
#2850 = DIRECTION ( 'NONE',  ( 0.000000000000000000, 0.000000000000000000, -1.000000000000000000 ) ) ;
#2851 = ORIENTED_EDGE ( 'NONE', *, *, #2186, .F. ) ;
#2852 = EDGE_CURVE ( 'NONE', #131, #3487, #4465, .T. ) ;
#2853 = AXIS2_PLACEMENT_3D ( 'NONE', #1495, #1155, #2504 ) ;
#2854 = FACE_BOUND ( 'NONE', #3949, .T. ) ;
#2855 = CARTESIAN_POINT ( 'NONE',  ( -15.63346532216869633, 29.00000000000000000, 19.32535618980384129 ) ) ;
#2856 = CARTESIAN_POINT ( 'NONE',  ( -18.63346532216869988, 21.99999999999999645, -31.68091407673361104 ) ) ;
#2857 = VECTOR ( 'NONE', #109, 1000.000000000000000 ) ;
#2858 = ORIENTED_EDGE ( 'NONE', *, *, #2156, .F. ) ;
#2859 = ORIENTED_EDGE ( 'NONE', *, *, #4133, .T. ) ;
#2860 = CARTESIAN_POINT ( 'NONE',  ( 3.577228532372751069, 9.082890619762027384, 23.98177057146002511 ) ) ;
#2861 = VECTOR ( 'NONE', #2123, 1000.000000000000000 ) ;
#2862 = CARTESIAN_POINT ( 'NONE',  ( -1.633465322168700107, -6.099999999999997868, -23.00000000000000000 ) ) ;
#2863 = VECTOR ( 'NONE', #256, 1000.000000000000000 ) ;
#2864 = PRESENTATION_STYLE_ASSIGNMENT (( #416 ) ) ;
#2865 = AXIS2_PLACEMENT_3D ( 'NONE', #4435, #1201, #2695 ) ;
#2866 = CIRCLE ( 'NONE', #2257, 1.500000000000001332 ) ;
#2867 = DIRECTION ( 'NONE',  ( 0.000000000000000000, 0.000000000000000000, -1.000000000000000000 ) ) ;
#2868 = AXIS2_PLACEMENT_3D ( 'NONE', #2377, #604, #4236 ) ;
#2869 = AXIS2_PLACEMENT_3D ( 'NONE', #4585, #2107, #3912 ) ;
#2870 = CARTESIAN_POINT ( 'NONE',  ( 3.678039702312689840, 8.364142672870466200, 24.26773846415587599 ) ) ;
#2871 = EDGE_CURVE ( 'NONE', #3577, #887, #3791, .T. ) ;
#2872 = ORIENTED_EDGE ( 'NONE', *, *, #3894, .F. ) ;
#2873 = EDGE_CURVE ( 'NONE', #3750, #2050, #2497, .T. ) ;
#2874 = AXIS2_PLACEMENT_3D ( 'NONE', #1333, #555, #4027 ) ;
#2875 = FACE_OUTER_BOUND ( 'NONE', #4502, .T. ) ;
#2876 = CARTESIAN_POINT ( 'NONE',  ( -20.63346532216869633, 29.00000000000000000, -30.61247794325458571 ) ) ;
#2877 = ORIENTED_EDGE ( 'NONE', *, *, #29, .F. ) ;
#2878 = CIRCLE ( 'NONE', #21, 1.000000000000000888 ) ;
#2879 = CARTESIAN_POINT ( 'NONE',  ( 0.1665346778312977172, 29.00000000000000000, 38.89999999999999858 ) ) ;
#2880 = ADVANCED_FACE ( 'NONE', ( #2620 ), #906, .F. ) ;
#2881 = ORIENTED_EDGE ( 'NONE', *, *, #2764, .T. ) ;
#2882 = FACE_BOUND ( 'NONE', #3214, .T. ) ;
#2883 = CARTESIAN_POINT ( 'NONE',  ( 9.366546677831301793, 5.388324944823514429, 27.04862543269628716 ) ) ;
#2884 = ADVANCED_FACE ( 'NONE', ( #3767 ), #572, .F. ) ;
#2885 = DIRECTION ( 'NONE',  ( -0.000000000000000000, -1.000000000000000000, -0.000000000000000000 ) ) ;
#2886 = ORIENTED_EDGE ( 'NONE', *, *, #2852, .F. ) ;
#2887 = VERTEX_POINT ( 'NONE', #1919 ) ;
#2888 = CARTESIAN_POINT ( 'NONE',  ( -2.757181610209769484, 8.660700667726004554, 23.97368513811640867 ) ) ;
#2889 = CARTESIAN_POINT ( 'NONE',  ( 13.23540887148762657, 13.76347685731293247, -34.57874503364430296 ) ) ;
#2890 = DIRECTION ( 'NONE',  ( -0.000000000000000000, -1.000000000000000000, -0.000000000000000000 ) ) ;
#2891 = FACE_OUTER_BOUND ( 'NONE', #2570, .T. ) ;
#2892 = CARTESIAN_POINT ( 'NONE',  ( 4.366534677831321432, 10.93252891026713591, 23.00000000000000355 ) ) ;
#2893 = CARTESIAN_POINT ( 'NONE',  ( -3.158986542382360430, 6.525521220213636120, 25.55203706960580590 ) ) ;
#2894 = CARTESIAN_POINT ( 'NONE',  ( 0.3665346778313049447, 3.900000000000000799, 39.99832061887032353 ) ) ;
#2895 = ORIENTED_EDGE ( 'NONE', *, *, #2089, .F. ) ;
#2896 = EDGE_CURVE ( 'NONE', #1311, #2099, #219, .T. ) ;
#2897 = LINE ( 'NONE', #2166, #1144 ) ;
#2898 = ORIENTED_EDGE ( 'NONE', *, *, #1692, .F. ) ;
#2899 = VERTEX_POINT ( 'NONE', #3083 ) ;
#2900 = CARTESIAN_POINT ( 'NONE',  ( -7.633465322168704326, 7.686291501015261929, -42.55315238120665811 ) ) ;
#2901 = CARTESIAN_POINT ( 'NONE',  ( 0.1665346778312998544, 29.00000000000000000, 45.00000000000000000 ) ) ;
#2902 = DIRECTION ( 'NONE',  ( -0.000000000000000000, -1.000000000000000000, -0.000000000000000000 ) ) ;
#2903 = CARTESIAN_POINT ( 'NONE',  ( 20.36653467783130012, 22.00000000000001066, -31.68091407673361104 ) ) ;
#2904 = ORIENTED_EDGE ( 'NONE', *, *, #2328, .T. ) ;
#2905 = EDGE_CURVE ( 'NONE', #1117, #1705, #312, .T. ) ;
#2906 = EDGE_LOOP ( 'NONE', ( #3029, #2356, #728, #4040, #606, #2188, #624, #2877, #2669, #3175, #3385, #3597, #2946, #164, #3405, #2610 ) ) ;
#2907 = CARTESIAN_POINT ( 'NONE',  ( 22.47193201417469055, 24.10539733634340465, -35.61098950357262538 ) ) ;
#2908 = DIRECTION ( 'NONE',  ( 0.000000000000000000, -1.000000000000000000, 0.000000000000000000 ) ) ;
#2909 = FACE_OUTER_BOUND ( 'NONE', #4385, .T. ) ;
#2910 = PLANE ( 'NONE',  #3326 ) ;
#2911 = B_SPLINE_CURVE_WITH_KNOTS ( 'NONE', 3,
 ( #2030, #1384, #1719, #2813, #3905, #230 ),
 .UNSPECIFIED., .F., .F.,
 ( 4, 2, 4 ),
 ( 0.000000000000000000, 0.001991247139998800989, 0.003982494279997601978 ),
 .UNSPECIFIED. ) ;
#2912 = DIRECTION ( 'NONE',  ( 0.000000000000000000, -1.000000000000000000, 0.000000000000000000 ) ) ;
#2913 = CARTESIAN_POINT ( 'NONE',  ( 3.741142521003534060, 9.187957548019408449, 23.92994691289266029 ) ) ;
#2914 = VERTEX_POINT ( 'NONE', #1305 ) ;
#2915 = DIRECTION ( 'NONE',  ( -0.000000000000000000, -1.000000000000000000, -0.000000000000000000 ) ) ;
#2916 = ORIENTED_EDGE ( 'NONE', *, *, #2530, .F. ) ;
#2917 = FACE_OUTER_BOUND ( 'NONE', #1334, .T. ) ;
#2918 = EDGE_LOOP ( 'NONE', ( #1986, #2663, #966, #499 ) ) ;
#2919 = ORIENTED_EDGE ( 'NONE', *, *, #3719, .T. ) ;
#2920 = DIRECTION ( 'NONE',  ( 0.000000000000000000, 1.000000000000000000, 0.000000000000000000 ) ) ;
#2921 = DIRECTION ( 'NONE',  ( 0.7071067811865486830, -0.7071067811865464625, 0.000000000000000000 ) ) ;
#2922 = FACE_OUTER_BOUND ( 'NONE', #2561, .T. ) ;
#2923 = VERTEX_POINT ( 'NONE', #4109 ) ;
#2924 = AXIS2_PLACEMENT_3D ( 'NONE', #3077, #2342, #3689 ) ;
#2925 = EDGE_CURVE ( 'NONE', #4088, #3445, #520, .T. ) ;
#2926 = ORIENTED_EDGE ( 'NONE', *, *, #1557, .T. ) ;
#2927 = CARTESIAN_POINT ( 'NONE',  ( 4.350329731894255758, 10.56543624232104328, 23.20799123902162364 ) ) ;
#2928 = DIRECTION ( 'NONE',  ( 0.000000000000000000, 0.000000000000000000, -1.000000000000000000 ) ) ;
#2930 = CARTESIAN_POINT ( 'NONE',  ( -7.633465322168710543, 9.045614421553072049, 25.00000000000000000 ) ) ;
#2929 = CIRCLE ( 'NONE', #1798, 1.000000000000000888 ) ;
#2931 = VECTOR ( 'NONE', #1402, 1000.000000000000000 ) ;
#2932 = VECTOR ( 'NONE', #292, 1000.000000000000114 ) ;
#2933 = DIRECTION ( 'NONE',  ( 0.000000000000000000, -1.000000000000000000, 0.000000000000000000 ) ) ;
#2934 = CARTESIAN_POINT ( 'NONE',  ( -7.633465322168700773, 8.177113914852411014, -24.45898615273783250 ) ) ;
#2935 = ADVANCED_FACE ( 'NONE', ( #1071 ), #4566, .F. ) ;
#2936 = CARTESIAN_POINT ( 'NONE',  ( 4.080565718612442438, 9.637907389591511276, 23.70297710982396211 ) ) ;
#2937 = ADVANCED_FACE ( 'NONE', ( #4587 ), #4299, .F. ) ;
#2938 = AXIS2_PLACEMENT_3D ( 'NONE', #1565, #4147, #1912 ) ;
#2939 = VECTOR ( 'NONE', #4316, 1000.000000000000000 ) ;
#2940 = CIRCLE ( 'NONE', #1518, 1.000000000000000888 ) ;
#2941 = ORIENTED_EDGE ( 'NONE', *, *, #951, .F. ) ;
#2942 = DIRECTION ( 'NONE',  ( 0.000000000000000000, -0.6571428571428592491, 0.7537660547584509318 ) ) ;
#2943 = VECTOR ( 'NONE', #3803, 1000.000000000000000 ) ;
#2944 = ORIENTED_EDGE ( 'NONE', *, *, #1176, .F. ) ;
#2945 = AXIS2_PLACEMENT_3D ( 'NONE', #3946, #3514, #2417 ) ;
#2946 = ORIENTED_EDGE ( 'NONE', *, *, #466, .T. ) ;
#2947 = CARTESIAN_POINT ( 'NONE',  ( 5.366534677831301003, 28.00000000000000000, -24.00000000000000000 ) ) ;
#2948 = VECTOR ( 'NONE', #3492, 1000.000000000000000 ) ;
#2949 = CARTESIAN_POINT ( 'NONE',  ( -14.66475933250265662, 18.03129401033396562, 36.25476954775444938 ) ) ;
#2950 = CARTESIAN_POINT ( 'NONE',  ( 19.36653467783130012, 29.00000000000000000, -31.68091407673361104 ) ) ;
#2951 = DIRECTION ( 'NONE',  ( 1.000000000000000000, 0.000000000000000000, 0.000000000000000000 ) ) ;
#2952 = ORIENTED_EDGE ( 'NONE', *, *, #3742, .F. ) ;
#2953 = PLANE ( 'NONE',  #2634 ) ;
#2954 =( BOUNDED_CURVE ( )  B_SPLINE_CURVE ( 3, ( #2587, #798, #2565, #1561 ),
 .UNSPECIFIED., .F., .T. ) 
 B_SPLINE_CURVE_WITH_KNOTS ( ( 4, 4 ),
 ( 0.000000000000000000, 1.233921237200235499 ),
 .UNSPECIFIED. ) 
 CURVE ( )  GEOMETRIC_REPRESENTATION_ITEM ( )  RATIONAL_B_SPLINE_CURVE ( ( 1.000000000000000000, 0.8770937881112434997, 0.8770937881112434997, 1.000000000000000000 ) ) 
 REPRESENTATION_ITEM ( '' )  );
#2955 = CARTESIAN_POINT ( 'NONE',  ( 5.366534677831306333, 29.00000000000000000, 23.00000000000000000 ) ) ;
#2956 = CARTESIAN_POINT ( 'NONE',  ( 16.52335598708429032, 29.00000000000000000, -36.24146520212402578 ) ) ;
#2957 = EDGE_CURVE ( 'NONE', #4612, #3825, #148, .T. ) ;
#2958 = EDGE_LOOP ( 'NONE', ( #1460, #2627, #1143, #4629 ) ) ;
#2959 = CARTESIAN_POINT ( 'NONE',  ( 0.3665346778313049447, 0.000000000000000000, 39.99832061887032353 ) ) ;
#2960 = CYLINDRICAL_SURFACE ( 'NONE', #1368, 4.999999999999997335 ) ;
#2961 = CARTESIAN_POINT ( 'NONE',  ( -2.956866207218527443, 8.826673551849832933, -23.80525416507705572 ) ) ;
#2962 = ORIENTED_EDGE ( 'NONE', *, *, #2991, .F. ) ;
#2963 = FACE_OUTER_BOUND ( 'NONE', #1157, .T. ) ;
#2964 = EDGE_CURVE ( 'NONE', #2453, #3418, #1415, .T. ) ;
#2965 = ORIENTED_EDGE ( 'NONE', *, *, #2601, .F. ) ;
#2966 = CARTESIAN_POINT ( 'NONE',  ( 11.70968042833890621, 13.34314575050758656, -38.54005246743584934 ) ) ;
#2967 = ORIENTED_EDGE ( 'NONE', *, *, #2007, .T. ) ;
#2968 = ORIENTED_EDGE ( 'NONE', *, *, #2584, .F. ) ;
#2969 = CARTESIAN_POINT ( 'NONE',  ( -7.588650533878778859, 8.001883887832148545, -43.07409391780424102 ) ) ;
#2970 = DIRECTION ( 'NONE',  ( 0.000000000000000000, 0.000000000000000000, -1.000000000000000000 ) ) ;
#2971 = DIRECTION ( 'NONE',  ( 0.000000000000000000, -1.000000000000000000, 0.000000000000000000 ) ) ;
#2972 = VERTEX_POINT ( 'NONE', #2772 ) ;
#2973 = CARTESIAN_POINT ( 'NONE',  ( -21.63346532216869988, 25.00000000000002842, 32.92229729729718457 ) ) ;
#2974 = LINE ( 'NONE', #3054, #3321 ) ;
#2975 = CARTESIAN_POINT ( 'NONE',  ( 6.366534677831293898, 29.00000000000000000, -51.28728536187934850 ) ) ;
#2976 = EDGE_LOOP ( 'NONE', ( #1791, #2722, #2064, #1432 ) ) ;
#2977 =( BOUNDED_CURVE ( )  B_SPLINE_CURVE ( 3, ( #3129, #2748, #2816, #4199 ),
 .UNSPECIFIED., .F., .F. ) 
 B_SPLINE_CURVE_WITH_KNOTS ( ( 4, 4 ),
 ( 0.000000000000000000, 1.676389781212923369 ),
 .UNSPECIFIED. ) 
 CURVE ( )  GEOMETRIC_REPRESENTATION_ITEM ( )  RATIONAL_B_SPLINE_CURVE ( ( 1.000000000000000000, 0.7792039333101584697, 0.7792039333101584697, 1.000000000000000000 ) ) 
 REPRESENTATION_ITEM ( '' )  );
#2978 = PLANE ( 'NONE',  #2640 ) ;
#2979 = EDGE_CURVE ( 'NONE', #2303, #2384, #3461, .T. ) ;
#2980 = CARTESIAN_POINT ( 'NONE',  ( -7.681434555764627525, 8.561052434163915592, 42.55315238120643784 ) ) ;
#2981 = FACE_OUTER_BOUND ( 'NONE', #3482, .T. ) ;
#2982 = DIRECTION ( 'NONE',  ( -1.275531967630005245E-16, -8.673617379884035472E-16, -1.000000000000000000 ) ) ;
#2983 = EDGE_LOOP ( 'NONE', ( #2651, #2025, #3536, #1442 ) ) ;
#2984 = CARTESIAN_POINT ( 'NONE',  ( -11.50976813611584149, 14.87630281394713805, 28.49672888746014721 ) ) ;
#2985 = DIRECTION ( 'NONE',  ( 0.000000000000000000, 0.000000000000000000, -1.000000000000000000 ) ) ;
#2986 = ORIENTED_EDGE ( 'NONE', *, *, #1093, .T. ) ;
#2987 = CARTESIAN_POINT ( 'NONE',  ( 4.264640288826226033, 10.11161578259422988, -23.45545657571988940 ) ) ;
#2988 = ADVANCED_FACE ( 'NONE', ( #1689 ), #2068, .F. ) ;
#2989 = VERTEX_POINT ( 'NONE', #241 ) ;
#2990 = ORIENTED_EDGE ( 'NONE', *, *, #2696, .F. ) ;
#2991 = EDGE_CURVE ( 'NONE', #264, #592, #1388, .T. ) ;
#2992 = DIRECTION ( 'NONE',  ( -1.216773423528406629E-15, 0.000000000000000000, -1.000000000000000000 ) ) ;
#2993 = CARTESIAN_POINT ( 'NONE',  ( 22.36653467783131077, 11.00000000000000355, 34.61655931422208710 ) ) ;
#2994 = CARTESIAN_POINT ( 'NONE',  ( 23.26054866344729177, 24.89401398561596679, 33.51620384990104640 ) ) ;
#2995 = CARTESIAN_POINT ( 'NONE',  ( 9.366534677831293010, 29.00000000000000000, -44.19690671692822548 ) ) ;
#2996 = ADVANCED_FACE ( 'NONE', ( #981 ), #285, .F. ) ;
#2997 = ORIENTED_EDGE ( 'NONE', *, *, #373, .F. ) ;
#2998 = VERTEX_POINT ( 'NONE', #3945 ) ;
#2999 = CARTESIAN_POINT ( 'NONE',  ( -7.599230604281687285, 7.560764202096201814, 43.00507747612068243 ) ) ;
#3000 = LINE ( 'NONE', #163, #1868 ) ;
#3001 = ORIENTED_EDGE ( 'NONE', *, *, #4280, .T. ) ;
#3002 = CYLINDRICAL_SURFACE ( 'NONE', #4396, 8.000000000000000000 ) ;
#3003 = DIRECTION ( 'NONE',  ( 0.000000000000000000, 0.000000000000000000, 1.000000000000000000 ) ) ;
#3004 = CARTESIAN_POINT ( 'NONE',  ( -2.749179995044820135, 9.561989729123258286, -23.03375883542400615 ) ) ;
#3005 = CIRCLE ( 'NONE', #3464, 2.000000000000001776 ) ;
#3006 = CARTESIAN_POINT ( 'NONE',  ( -7.599230604281687285, 7.560764202096201814, 43.00507747612068243 ) ) ;
#3007 = ORIENTED_EDGE ( 'NONE', *, *, #268, .T. ) ;
#3008 = VECTOR ( 'NONE', #294, 1000.000000000000000 ) ;
#3009 = CARTESIAN_POINT ( 'NONE',  ( -7.839656732831768338, 11.14740559778427453, -21.18836144049421577 ) ) ;
#3010 = CARTESIAN_POINT ( 'NONE',  ( -17.63346532216870344, 29.00000000000000000, -32.92332030257301767 ) ) ;
#3011 = AXIS2_PLACEMENT_3D ( 'NONE', #4201, #2385, #612 ) ;
#3012 = VERTEX_POINT ( 'NONE', #4224 ) ;
#3013 = AXIS2_PLACEMENT_3D ( 'NONE', #121, #2244, #1232 ) ;
#3014 = CARTESIAN_POINT ( 'NONE',  ( 3.521815005586852454, 8.345760209329307955, 24.28571428571428115 ) ) ;
#3015 = ADVANCED_FACE ( 'NONE', ( #1394 ), #2111, .F. ) ;
#3016 = ORIENTED_EDGE ( 'NONE', *, *, #2102, .T. ) ;
#3017 = VERTEX_POINT ( 'NONE', #713 ) ;
#3018 = VECTOR ( 'NONE', #2482, 1000.000000000000000 ) ;
#3019 = CIRCLE ( 'NONE', #1806, 1.899999999999999023 ) ;
#3020 = CARTESIAN_POINT ( 'NONE',  ( -7.633465322168710543, -15.44928300627867834, -3.215371421328153440E-14 ) ) ;
#3021 = LINE ( 'NONE', #3477, #1508 ) ;
#3022 = DIRECTION ( 'NONE',  ( -0.9944301893505250733, 0.000000000000000000, 0.1053973363433762939 ) ) ;
#3023 = VECTOR ( 'NONE', #3709, 1000.000000000000114 ) ;
#3024 = AXIS2_PLACEMENT_3D ( 'NONE', #3458, #2770, #1661 ) ;
#3025 = EDGE_CURVE ( 'NONE', #727, #2039, #1328, .T. ) ;
#3026 = LINE ( 'NONE', #2236, #755 ) ;
#3027 = ORIENTED_EDGE ( 'NONE', *, *, #498, .T. ) ;
#3028 = CIRCLE ( 'NONE', #3559, 8.000000000000000000 ) ;
#3029 = ORIENTED_EDGE ( 'NONE', *, *, #2957, .T. ) ;
#3030 = EDGE_CURVE ( 'NONE', #1803, #2989, #1005, .T. ) ;
#3031 = LINE ( 'NONE', #3416, #4388 ) ;
#3032 = CYLINDRICAL_SURFACE ( 'NONE', #2472, 1.399999999999998579 ) ;
#3033 = VECTOR ( 'NONE', #4636, 1000.000000000000000 ) ;
#3034 = ORIENTED_EDGE ( 'NONE', *, *, #2216, .T. ) ;
#3035 = CARTESIAN_POINT ( 'NONE',  ( -1.633465322168691891, 9.045614421553155537, 24.00000000000001776 ) ) ;
#3036 = FACE_OUTER_BOUND ( 'NONE', #211, .T. ) ;
#3037 = B_SPLINE_CURVE_WITH_KNOTS ( 'NONE', 3,
 ( #61, #3578, #2860, #349, #751, #4325, #1098, #3962, #2154, #2927, #3600, #4031 ),
 .UNSPECIFIED., .F., .F.,
 ( 4, 2, 2, 2, 2, 4 ),
 ( 0.000000000000000000, 0.0003173634166987598926, 0.0006347268333975197852, 0.001269453666795043257, 0.001904180500192566728, 0.002538907333590090416 ),
 .UNSPECIFIED. ) ;
#3038 = CARTESIAN_POINT ( 'NONE',  ( -2.707607587199618138, 10.04354461013719124, -22.49795724556260268 ) ) ;
#3039 = CARTESIAN_POINT ( 'NONE',  ( 0.3665346778313049447, -6.099999999999999645, -39.99832061887032353 ) ) ;
#3040 = ORIENTED_EDGE ( 'NONE', *, *, #2009, .T. ) ;
#3041 = CARTESIAN_POINT ( 'NONE',  ( 0.1665346778312972453, 29.00000000000000000, -37.00000000000000000 ) ) ;
#3042 = EDGE_CURVE ( 'NONE', #1055, #4623, #2878, .T. ) ;
#3043 = CARTESIAN_POINT ( 'NONE',  ( 4.366534677831301003, 10.74893268438337302, -23.10529567608380219 ) ) ;
#3044 = EDGE_LOOP ( 'NONE', ( #1012, #3007, #205, #3428 ) ) ;
#3045 = DIRECTION ( 'NONE',  ( -0.000000000000000000, 1.000000000000000000, -0.000000000000000000 ) ) ;
#3046 = LINE ( 'NONE', #2301, #2857 ) ;
#3047 = ORIENTED_EDGE ( 'NONE', *, *, #2156, .T. ) ;
#3048 = VERTEX_POINT ( 'NONE', #2800 ) ;
#3049 = CARTESIAN_POINT ( 'NONE',  ( 12.13001153514424857, 13.76347685731293069, -34.17010128192067953 ) ) ;
#3050 = DIRECTION ( 'NONE',  ( 0.000000000000000000, -1.000000000000000000, 0.000000000000000000 ) ) ;
#3051 = EDGE_CURVE ( 'NONE', #3940, #311, #1032, .T. ) ;
#3052 = DIRECTION ( 'NONE',  ( 1.000000000000000000, 0.000000000000000000, -7.884785137984479828E-17 ) ) ;
#3053 = EDGE_LOOP ( 'NONE', ( #3968, #341, #2774, #506, #2390, #4433, #4356, #488 ) ) ;
#3054 = CARTESIAN_POINT ( 'NONE',  ( 9.366534677831300115, 29.00000000000000000, 19.32535618980386261 ) ) ;
#3055 = DIRECTION ( 'NONE',  ( 0.000000000000000000, 1.000000000000000000, -0.000000000000000000 ) ) ;
#3056 = VERTEX_POINT ( 'NONE', #2176 ) ;
#3057 = CARTESIAN_POINT ( 'NONE',  ( -2.200778278424934786, 9.376744635034535591, 23.83592469396517188 ) ) ;
#3058 = CARTESIAN_POINT ( 'NONE',  ( -15.63346532216869633, 29.00000000000000000, 19.32535618980384129 ) ) ;
#3059 = CARTESIAN_POINT ( 'NONE',  ( -1.745561726872391084, 8.637366140871073128, -23.99999999016755936 ) ) ;
#3060 = CARTESIAN_POINT ( 'NONE',  ( 5.366534677831304556, -15.44928300627867834, -3.352640844209796601E-14 ) ) ;
#3061 = EDGE_CURVE ( 'NONE', #3367, #2196, #327, .T. ) ;
#3062 = DIRECTION ( 'NONE',  ( 0.000000000000000000, 1.000000000000000000, -0.000000000000000000 ) ) ;
#3063 = ORIENTED_EDGE ( 'NONE', *, *, #563, .F. ) ;
#3064 = CARTESIAN_POINT ( 'NONE',  ( 20.36653467783130367, 22.00000000000001421, -32.92332030257301767 ) ) ;
#3065 = CARTESIAN_POINT ( 'NONE',  ( 3.521439474776145495, 9.064189173794236609, -23.99091891339364579 ) ) ;
#3066 = ORIENTED_EDGE ( 'NONE', *, *, #433, .F. ) ;
#3067 = ORIENTED_EDGE ( 'NONE', *, *, #1814, .T. ) ;
#3068 = FACE_OUTER_BOUND ( 'NONE', #1316, .T. ) ;
#3069 = CARTESIAN_POINT ( 'NONE',  ( -9.477299616304222241, 12.84383429413551703, 34.79337428935700416 ) ) ;
#3070 = CARTESIAN_POINT ( 'NONE',  ( 9.848776367161711676, 10.42185542502767248, -22.06092011381632290 ) ) ;
#3071 = CARTESIAN_POINT ( 'NONE',  ( -14.66475933250266017, 11.00000000000000355, 36.25476954775444227 ) ) ;
#3072 = EDGE_CURVE ( 'NONE', #1236, #2553, #1458, .T. ) ;
#3073 = ORIENTED_EDGE ( 'NONE', *, *, #3353, .F. ) ;
#3074 = MANIFOLD_SOLID_BREP ( 'Mirror7', #4637 ) ;
#3075 = ORIENTED_EDGE ( 'NONE', *, *, #3275, .F. ) ;
#3076 = CARTESIAN_POINT ( 'NONE',  ( 5.366534677831301892, 9.976187830552099456, -22.57521784752652039 ) ) ;
#3077 = CARTESIAN_POINT ( 'NONE',  ( 23.36653467783131433, 24.99999999999998579, 35.51617265383811173 ) ) ;
#3078 = EDGE_CURVE ( 'NONE', #3634, #1274, #3580, .T. ) ;
#3079 = ORIENTED_EDGE ( 'NONE', *, *, #618, .F. ) ;
#3080 = CARTESIAN_POINT ( 'NONE',  ( -17.86292087967715503, -6.099999999999997868, -35.91580386481579978 ) ) ;
#3081 = DIRECTION ( 'NONE',  ( 0.000000000000000000, -1.000000000000000000, 0.000000000000000000 ) ) ;
#3082 = CARTESIAN_POINT ( 'NONE',  ( -7.633465322168702549, 0.000000000000000000, -42.55315238120665811 ) ) ;
#3083 = CARTESIAN_POINT ( 'NONE',  ( 0.3665346778313054998, -6.099999999999999645, 34.99832061887033063 ) ) ;
#3084 = B_SPLINE_CURVE_WITH_KNOTS ( 'NONE', 3,
 ( #3232, #3973, #742, #3608, #3403, #1853, #1262, #1536, #182, #1240, #1212, #1509, #3014, #2208 ),
 .UNSPECIFIED., .F., .F.,
 ( 4, 2, 2, 2, 2, 2, 4 ),
 ( 0.000000000000000000, 0.0009173506204302136514, 0.001834701240860427303, 0.002293376551075534345, 0.002752051861290640954, 0.003210727171505747563, 0.003669402481720856340 ),
 .UNSPECIFIED. ) ;
#3085 = DIRECTION ( 'NONE',  ( -0.000000000000000000, -1.000000000000000000, 0.000000000000000000 ) ) ;
#3086 = CARTESIAN_POINT ( 'NONE',  ( 4.285518744630395283, 10.19956190013020070, -23.40808885857793342 ) ) ;
#3087 = EDGE_CURVE ( 'NONE', #3234, #2606, #68, .T. ) ;
#3088 = ORIENTED_EDGE ( 'NONE', *, *, #1252, .T. ) ;
#3089 = CARTESIAN_POINT ( 'NONE',  ( -2.633465322168700329, -6.099999999999997868, -24.00000000000000000 ) ) ;
#3090 = CARTESIAN_POINT ( 'NONE',  ( 3.522749023003253210, 8.345760216375085250, -24.28571427881102451 ) ) ;
#3091 = EDGE_LOOP ( 'NONE', ( #1861, #1089, #3404, #2393 ) ) ;
#3092 = ORIENTED_EDGE ( 'NONE', *, *, #3598, .T. ) ;
#3093 = CARTESIAN_POINT ( 'NONE',  ( 9.366534677831303668, 0.000000000000000000, 57.50000000000000000 ) ) ;
#3094 = AXIS2_PLACEMENT_3D ( 'NONE', #2751, #3081, #3572 ) ;
#3095 = CARTESIAN_POINT ( 'NONE',  ( 14.72221911934124883, 29.00000000000000000, 26.87569361452386119 ) ) ;
#3096 = DIRECTION ( 'NONE',  ( -0.000000000000000000, -1.000000000000000000, 0.000000000000000000 ) ) ;
#3097 = EDGE_CURVE ( 'NONE', #4445, #1055, #1499, .T. ) ;
#3098 = LINE ( 'NONE', #1041, #1438 ) ;
#3099 = AXIS2_PLACEMENT_3D ( 'NONE', #267, #4298, #1069 ) ;
#3100 = AXIS2_PLACEMENT_3D ( 'NONE', #3352, #3298, #125 ) ;
#3101 = ORIENTED_EDGE ( 'NONE', *, *, #1701, .T. ) ;
#3102 = VECTOR ( 'NONE', #2077, 1000.000000000000000 ) ;
#3103 = CIRCLE ( 'NONE', #4090, 1.000000000000000888 ) ;
#3104 = CARTESIAN_POINT ( 'NONE',  ( 23.00680490559897251, 24.64027022776764753, 35.55429957335717717 ) ) ;
#3105 = DIRECTION ( 'NONE',  ( -1.055918637551099976E-16, -0.000000000000000000, -1.000000000000000000 ) ) ;
#3106 = VECTOR ( 'NONE', #1672, 1000.000000000000000 ) ;
#3107 = ORIENTED_EDGE ( 'NONE', *, *, #3072, .F. ) ;
#3108 = LINE ( 'NONE', #4563, #1450 ) ;
#3109 = CARTESIAN_POINT ( 'NONE',  ( -17.63346532216869988, 29.00000000000000000, 31.68091407673361104 ) ) ;
#3110 = CARTESIAN_POINT ( 'NONE',  ( -3.633465322168700329, 29.00000000000000000, -23.00000000000000000 ) ) ;
#3111 = ADVANCED_FACE ( 'NONE', ( #396 ), #4678, .T. ) ;
#3112 = CIRCLE ( 'NONE', #2268, 4.999999999999997335 ) ;
#3113 = CARTESIAN_POINT ( 'NONE',  ( -2.366508883164750277, 9.664354788622400605, -23.68985737929342150 ) ) ;
#3114 = CARTESIAN_POINT ( 'NONE',  ( -7.633465322168702549, 0.000000000000000000, -44.00179448441493690 ) ) ;
#3115 = VERTEX_POINT ( 'NONE', #4390 ) ;
#3116 =( BOUNDED_CURVE ( )  B_SPLINE_CURVE ( 3, ( #1763, #3882, #1380, #1422 ),
 .UNSPECIFIED., .F., .T. ) 
 B_SPLINE_CURVE_WITH_KNOTS ( ( 4, 4 ),
 ( 1.676389781212922259, 2.356194490192343505 ),
 .UNSPECIFIED. ) 
 CURVE ( )  GEOMETRIC_REPRESENTATION_ITEM ( )  RATIONAL_B_SPLINE_CURVE ( ( 1.000000000000000000, 0.9618581497007770986, 0.9618581497007770986, 1.000000000000000000 ) ) 
 REPRESENTATION_ITEM ( '' )  );
#3117 = CARTESIAN_POINT ( 'NONE',  ( 0.1665346778313000764, 5.000000000000000000, -46.39999999999999858 ) ) ;
#3118 = ORIENTED_EDGE ( 'NONE', *, *, #3815, .T. ) ;
#3119 = ORIENTED_EDGE ( 'NONE', *, *, #2830, .T. ) ;
#3120 = EDGE_CURVE ( 'NONE', #2325, #3806, #1162, .T. ) ;
#3121 = DIRECTION ( 'NONE',  ( 1.000000000000000000, 0.000000000000000000, 0.000000000000000000 ) ) ;
#3122 = CARTESIAN_POINT ( 'NONE',  ( -7.645743500562741879, 8.236602223488315389, -42.72172587256173415 ) ) ;
#3123 = CARTESIAN_POINT ( 'NONE',  ( 13.23540887148762479, 14.86887419365631047, -34.57874503364428875 ) ) ;
#3124 = CARTESIAN_POINT ( 'NONE',  ( 0.1665346778312974674, 29.00000000000000000, 35.10000000000000142 ) ) ;
#3125 = ORIENTED_EDGE ( 'NONE', *, *, #4364, .T. ) ;
#3126 = ADVANCED_FACE ( 'NONE', ( #2574 ), #91, .T. ) ;
#3127 = FACE_OUTER_BOUND ( 'NONE', #3881, .T. ) ;
#3128 = DIRECTION ( 'NONE',  ( 0.000000000000000000, 0.000000000000000000, -1.000000000000000000 ) ) ;
#3129 = CARTESIAN_POINT ( 'NONE',  ( 12.13001153514424857, 13.76347685731295556, 33.58431484429377889 ) ) ;
#3130 = ORIENTED_EDGE ( 'NONE', *, *, #3147, .F. ) ;
#3131 = ORIENTED_EDGE ( 'NONE', *, *, #3061, .T. ) ;
#3132 = LINE ( 'NONE', #1367, #3701 ) ;
#3133 = CARTESIAN_POINT ( 'NONE',  ( 9.366534677831291233, 29.00000000000000000, -51.28728536187934850 ) ) ;
#3134 = CARTESIAN_POINT ( 'NONE',  ( -7.633465322168713207, 8.345760209329375456, -24.28571428571428825 ) ) ;
#3135 = PRODUCT ( 'Steering Posts', 'Steering Posts', '', ( #3971 ) ) ;
#3136 = ADVANCED_FACE ( 'NONE', ( #2909 ), #1796, .F. ) ;
#3137 = CARTESIAN_POINT ( 'NONE',  ( -4.633465322168694556, 29.00000000000000000, 42.55315238120644494 ) ) ;
#3138 = EDGE_LOOP ( 'NONE', ( #4543, #793, #1156, #2432, #2881, #3169, #3118, #929 ) ) ;
#3139 = LINE ( 'NONE', #2775, #703 ) ;
#3140 = VERTEX_POINT ( 'NONE', #4327 ) ;
#3141 = ORIENTED_EDGE ( 'NONE', *, *, #426, .T. ) ;
#3142 = CARTESIAN_POINT ( 'NONE',  ( 0.3665346778313049447, -6.099999999999999645, 39.99832061887032353 ) ) ;
#3143 =( BOUNDED_CURVE ( )  B_SPLINE_CURVE ( 3, ( #1113, #2132, #2523, #775 ),
 .UNSPECIFIED., .F., .T. ) 
 B_SPLINE_CURVE_WITH_KNOTS ( ( 4, 4 ),
 ( 3.141592653589793116, 3.292809999934007248 ),
 .UNSPECIFIED. ) 
 CURVE ( )  GEOMETRIC_REPRESENTATION_ITEM ( )  RATIONAL_B_SPLINE_CURVE ( ( 1.000000000000000000, 0.9980953504611005389, 0.9980953504611005389, 1.000000000000000000 ) ) 
 REPRESENTATION_ITEM ( '' )  );
#3144 = CARTESIAN_POINT ( 'NONE',  ( -18.37904154056058559, 21.74557621839188570, -30.88247807757829122 ) ) ;
#3145 = CARTESIAN_POINT ( 'NONE',  ( 0.3665346778313051113, -6.099999999999999645, -38.49832061887032353 ) ) ;
#3146 = CARTESIAN_POINT ( 'NONE',  ( 4.366534677831303668, -15.44928300627867834, -3.339991818864132172E-14 ) ) ;
#3147 = EDGE_CURVE ( 'NONE', #427, #2141, #2667, .T. ) ;
#3148 = ORIENTED_EDGE ( 'NONE', *, *, #3604, .T. ) ;
#3149 = LINE ( 'NONE', #2834, #694 ) ;
#3150 = EDGE_CURVE ( 'NONE', #278, #1400, #3947, .T. ) ;
#3151 = FACE_OUTER_BOUND ( 'NONE', #701, .T. ) ;
#3152 = ADVANCED_FACE ( 'NONE', ( #4077, #4458 ), #3436, .F. ) ;
#3153 = ORIENTED_EDGE ( 'NONE', *, *, #371, .F. ) ;
#3154 = ORIENTED_EDGE ( 'NONE', *, *, #1049, .F. ) ;
#3155 = PLANE ( 'NONE',  #2046 ) ;
#3156 = CARTESIAN_POINT ( 'NONE',  ( -3.633465317559552599, 9.980447371817090740, -22.57033200333070511 ) ) ;
#3157 = CARTESIAN_POINT ( 'NONE',  ( 13.13001153514424857, 29.00000000000000000, 33.58431484429377889 ) ) ;
#3158 = CARTESIAN_POINT ( 'NONE',  ( -9.147106795190229178, 12.51364147302155239, -24.15270616181015129 ) ) ;
#3159 = CARTESIAN_POINT ( 'NONE',  ( -7.633465322168708767, 7.686291501015237948, 24.91475852215811315 ) ) ;
#3160 = ORIENTED_EDGE ( 'NONE', *, *, #646, .F. ) ;
#3161 = VECTOR ( 'NONE', #1819, 1000.000000000000114 ) ;
#3162 = ORIENTED_EDGE ( 'NONE', *, *, #908, .T. ) ;
#3163 = CARTESIAN_POINT ( 'NONE',  ( -7.633465322168687450, 11.00000000000001776, -37.00000000000000711 ) ) ;
#3164 = CARTESIAN_POINT ( 'NONE',  ( -8.836204146432562467, 11.92846119029925234, -39.77483256145377766 ) ) ;
#3165 = CARTESIAN_POINT ( 'NONE',  ( -14.66475933250270103, 29.00000000000000000, -36.25476954775443517 ) ) ;
#3166 = AXIS2_PLACEMENT_3D ( 'NONE', #1472, #3196, #1061 ) ;
#3167 = EDGE_CURVE ( 'NONE', #2849, #1507, #4454, .T. ) ;
#3168 = CARTESIAN_POINT ( 'NONE',  ( -11.46732147183304740, 14.83385614966436172, -34.58245651445034241 ) ) ;
#3169 = ORIENTED_EDGE ( 'NONE', *, *, #4666, .F. ) ;
#3170 = AXIS2_PLACEMENT_3D ( 'NONE', #87, #2174, #1525 ) ;
#3171 = VECTOR ( 'NONE', #672, 1000.000000000000000 ) ;
#3172 = CARTESIAN_POINT ( 'NONE',  ( 23.36653467783131433, 29.00000000000000000, -30.61247794325459282 ) ) ;
#3173 = AXIS2_PLACEMENT_3D ( 'NONE', #513, #2724, #4511 ) ;
#3174 = CARTESIAN_POINT ( 'NONE',  ( -11.39694217948164834, -6.099999999999997868, -34.58431484429377889 ) ) ;
#3175 = ORIENTED_EDGE ( 'NONE', *, *, #3822, .T. ) ;
#3176 = ADVANCED_FACE ( 'NONE', ( #566 ), #3344, .F. ) ;
#3177 = ORIENTED_EDGE ( 'NONE', *, *, #1899, .F. ) ;
#3178 = AXIS2_PLACEMENT_3D ( 'NONE', #2522, #4381, #4407 ) ;
#3179 = VECTOR ( 'NONE', #2760, 1000.000000000000000 ) ;
#3180 = DIRECTION ( 'NONE',  ( -0.1053973363433759747, 0.000000000000000000, -0.9944301893505251844 ) ) ;
#3181 = CARTESIAN_POINT ( 'NONE',  ( -3.633465322168714540, 10.17876285550873838, -22.34285714285714519 ) ) ;
#3182 = CARTESIAN_POINT ( 'NONE',  ( 12.13001153514424857, 13.76347685731292181, -29.49672888746014721 ) ) ;
#3183 = AXIS2_PLACEMENT_3D ( 'NONE', #3497, #715, #2806 ) ;
#3184 = VECTOR ( 'NONE', #1349, 1000.000000000000000 ) ;
#3185 = LINE ( 'NONE', #2438, #3863 ) ;
#3186 = STYLED_ITEM ( 'NONE', ( #2864 ), #3074 ) ;
#3187 = EDGE_CURVE ( 'NONE', #4273, #2768, #1635, .T. ) ;
#3188 = LINE ( 'NONE', #1694, #631 ) ;
#3189 = EDGE_LOOP ( 'NONE', ( #2135, #2441 ) ) ;
#3190 = ORIENTED_EDGE ( 'NONE', *, *, #1722, .F. ) ;
#3191 = EDGE_CURVE ( 'NONE', #2539, #149, #1070, .T. ) ;
#3192 = CARTESIAN_POINT ( 'NONE',  ( 19.69707412264255453, 29.00000000000000000, 30.73712189864361477 ) ) ;
#3193 = CARTESIAN_POINT ( 'NONE',  ( 0.1665346778312972453, 5.000000000000000000, -37.00000000000000000 ) ) ;
#3194 = FACE_OUTER_BOUND ( 'NONE', #4043, .T. ) ;
#3195 = ORIENTED_EDGE ( 'NONE', *, *, #1102, .T. ) ;
#3196 = DIRECTION ( 'NONE',  ( 1.000000000000000000, -0.000000000000000000, 0.000000000000000000 ) ) ;
#3197 = ORIENTED_EDGE ( 'NONE', *, *, #2521, .F. ) ;
#3198 = EDGE_CURVE ( 'NONE', #3792, #3487, #3005, .T. ) ;
#3199 = ADVANCED_FACE ( 'NONE', ( #878 ), #3417, .T. ) ;
#3200 = FACE_BOUND ( 'NONE', #1534, .T. ) ;
#3201 = DIRECTION ( 'NONE',  ( 1.000000000000000000, -0.000000000000000000, -1.055918637551099853E-16 ) ) ;
#3202 = LINE ( 'NONE', #2036, #3388 ) ;
#3203 = EDGE_LOOP ( 'NONE', ( #4003, #2499, #940, #281 ) ) ;
#3204 = ORIENTED_EDGE ( 'NONE', *, *, #3988, .T. ) ;
#3205 = CARTESIAN_POINT ( 'NONE',  ( 0.3665346778313049447, 3.900000000000000799, -39.99832061887032353 ) ) ;
#3206 = CARTESIAN_POINT ( 'NONE',  ( 14.72221911934125060, 11.00000000000000355, 26.87569361452386119 ) ) ;
#3207 = CARTESIAN_POINT ( 'NONE',  ( 9.366540677831297401, 1.734723475976807094E-15, -30.28728536187934495 ) ) ;
#3208 = LINE ( 'NONE', #2843, #3184 ) ;
#3209 = CARTESIAN_POINT ( 'NONE',  ( 19.69707412264255453, 29.00000000000000000, 30.73712189864361477 ) ) ;
#3210 = EDGE_LOOP ( 'NONE', ( #289, #1813, #3328, #3075 ) ) ;
#3211 = DIRECTION ( 'NONE',  ( 0.000000000000000000, 0.000000000000000000, -1.000000000000000000 ) ) ;
#3212 = CARTESIAN_POINT ( 'NONE',  ( -2.633465322168700329, 29.00000000000000000, -23.00000000000000000 ) ) ;
#3213 = CYLINDRICAL_SURFACE ( 'NONE', #770, 1.000000000000000888 ) ;
#3214 = EDGE_LOOP ( 'NONE', ( #3357, #3641, #402, #3282, #3752, #4187, #922, #2661, #830 ) ) ;
#3215 = DIRECTION ( 'NONE',  ( 0.000000000000000000, 0.000000000000000000, -1.000000000000000000 ) ) ;
#3216 = VERTEX_POINT ( 'NONE', #1272 ) ;
#3217 = DIRECTION ( 'NONE',  ( 0.3305394448112560779, -0.000000000000000000, 0.9437921780900002666 ) ) ;
#3218 = CARTESIAN_POINT ( 'NONE',  ( 3.366534677831300559, 28.00000000000000000, -23.00000000000000000 ) ) ;
#3219 = CYLINDRICAL_SURFACE ( 'NONE', #1140, 1.500000000000001332 ) ;
#3220 = ORIENTED_EDGE ( 'NONE', *, *, #3087, .F. ) ;
#3221 = ORIENTED_EDGE ( 'NONE', *, *, #4653, .T. ) ;
#3222 = CARTESIAN_POINT ( 'NONE',  ( 0.3665346778313049447, -6.099999999999999645, -34.99832061887033063 ) ) ;
#3223 = DIRECTION ( 'NONE',  ( 0.000000000000000000, 0.000000000000000000, -1.000000000000000000 ) ) ;
#3224 = DIRECTION ( 'NONE',  ( 0.000000000000000000, -1.000000000000000000, 0.000000000000000000 ) ) ;
#3225 = CARTESIAN_POINT ( 'NONE',  ( -7.599230604281687285, 7.560764202096201814, 43.00507747612068243 ) ) ;
#3226 = DIRECTION ( 'NONE',  ( -1.055918637551099853E-16, -0.000000000000000000, -1.000000000000000000 ) ) ;
#3227 = ORIENTED_EDGE ( 'NONE', *, *, #3984, .F. ) ;
#3228 = PLANE ( 'NONE',  #2114 ) ;
#3229 = EDGE_CURVE ( 'NONE', #2300, #1400, #759, .T. ) ;
#3230 = CARTESIAN_POINT ( 'NONE',  ( 22.36653467783131077, 29.00000000000000000, -30.61247794325459282 ) ) ;
#3231 = VERTEX_POINT ( 'NONE', #139 ) ;
#3232 = CARTESIAN_POINT ( 'NONE',  ( 5.366534677831306333, 10.17876285550868865, 22.34285714285714519 ) ) ;
#3233 =( BOUNDED_CURVE ( )  B_SPLINE_CURVE ( 3, ( #4329, #1530, #3250, #735 ),
 .UNSPECIFIED., .F., .F. ) 
 B_SPLINE_CURVE_WITH_KNOTS ( ( 4, 4 ),
 ( 0.000000000000000000, 1.570796326794896558 ),
 .UNSPECIFIED. ) 
 CURVE ( )  GEOMETRIC_REPRESENTATION_ITEM ( )  RATIONAL_B_SPLINE_CURVE ( ( 1.000000000000000000, 0.8047378541243649375, 0.8047378541243649375, 1.000000000000000000 ) ) 
 REPRESENTATION_ITEM ( '' )  );
#3234 = VERTEX_POINT ( 'NONE', #4488 ) ;
#3235 = AXIS2_PLACEMENT_3D ( 'NONE', #636, #233, #3909 ) ;
#3236 = CARTESIAN_POINT ( 'NONE',  ( 0.3665346778313049447, -6.099999999999999645, 39.99832061887032353 ) ) ;
#3237 = DIRECTION ( 'NONE',  ( 0.000000000000000000, 0.000000000000000000, -1.000000000000000000 ) ) ;
#3238 = CARTESIAN_POINT ( 'NONE',  ( -17.86292087967715503, 21.22945555750846935, 35.91580386481579978 ) ) ;
#3239 = AXIS2_PLACEMENT_3D ( 'NONE', #2347, #2701, #3003 ) ;
#3240 = ORIENTED_EDGE ( 'NONE', *, *, #1304, .F. ) ;
#3241 = ORIENTED_EDGE ( 'NONE', *, *, #854, .T. ) ;
#3242 = ADVANCED_FACE ( 'NONE', ( #1202 ), #2614, .T. ) ;
#3243 = CARTESIAN_POINT ( 'NONE',  ( -11.39694217948164834, 29.00000000000000000, 29.49672888746014721 ) ) ;
#3244 = CIRCLE ( 'NONE', #385, 1.000000000000000888 ) ;
#3245 = DIRECTION ( 'NONE',  ( 0.000000000000000000, 1.000000000000000000, 0.000000000000000000 ) ) ;
#3246 = VECTOR ( 'NONE', #2920, 1000.000000000000000 ) ;
#3247 = CARTESIAN_POINT ( 'NONE',  ( 6.366534677831293898, 29.00000000000000000, -51.28728536187934850 ) ) ;
#3248 = AXIS2_PLACEMENT_3D ( 'NONE', #303, #1730, #4252 ) ;
#3249 = AXIS2_PLACEMENT_3D ( 'NONE', #447, #3636, #1830 ) ;
#3250 = CARTESIAN_POINT ( 'NONE',  ( -10.81115574185474415, 14.17769041968606203, -34.58431484429377889 ) ) ;
#3251 = EDGE_CURVE ( 'NONE', #4101, #4386, #159, .T. ) ;
#3252 = VECTOR ( 'NONE', #1515, 1000.000000000000000 ) ;
#3253 = AXIS2_PLACEMENT_3D ( 'NONE', #3841, #2410, #302 ) ;
#3254 = CARTESIAN_POINT ( 'NONE',  ( 5.162903720501981653, 9.381576268314237410, 23.22745456128546593 ) ) ;
#3255 = VERTEX_POINT ( 'NONE', #2697 ) ;
#3256 = VECTOR ( 'NONE', #746, 1000.000000000000000 ) ;
#3257 = PLANE ( 'NONE',  #3100 ) ;
#3258 = DIRECTION ( 'NONE',  ( 0.000000000000000000, 0.000000000000000000, 1.000000000000000000 ) ) ;
#3259 = ORIENTED_EDGE ( 'NONE', *, *, #584, .T. ) ;
#3260 = VECTOR ( 'NONE', #1100, 1000.000000000000000 ) ;
#3261 = CARTESIAN_POINT ( 'NONE',  ( 13.13001153514424857, 14.76347685731295378, 28.49672888746014721 ) ) ;
#3262 = EDGE_CURVE ( 'NONE', #815, #2664, #1298, .T. ) ;
#3263 = EDGE_LOOP ( 'NONE', ( #2274, #1398, #2296 ) ) ;
#3264 = ORIENTED_EDGE ( 'NONE', *, *, #1614, .T. ) ;
#3265 = DIRECTION ( 'NONE',  ( 0.000000000000000000, 0.000000000000000000, -1.000000000000000000 ) ) ;
#3266 = DIRECTION ( 'NONE',  ( -0.000000000000000000, -1.000000000000000000, -0.000000000000000000 ) ) ;
#3267 = CARTESIAN_POINT ( 'NONE',  ( 4.501040342129864591, 0.000000000000000000, -53.63673867775218440 ) ) ;
#3268 = ORIENTED_EDGE ( 'NONE', *, *, #1224, .F. ) ;
#3269 = EDGE_CURVE ( 'NONE', #2755, #2914, #1290, .T. ) ;
#3270 = EDGE_LOOP ( 'NONE', ( #3878, #4282, #3092, #1646 ) ) ;
#3271 = LINE ( 'NONE', #40, #165 ) ;
#3272 = CYLINDRICAL_SURFACE ( 'NONE', #171, 1.000000000000000888 ) ;
#3273 = LINE ( 'NONE', #1799, #1884 ) ;
#3274 = CARTESIAN_POINT ( 'NONE',  ( -10.82952162072847813, 14.19605629855979956, -25.83512098734840379 ) ) ;
#3275 = EDGE_CURVE ( 'NONE', #2516, #4354, #3000, .T. ) ;
#3276 = CARTESIAN_POINT ( 'NONE',  ( 12.13001153514424857, -6.099999999999997868, -28.08694877304561999 ) ) ;
#3277 = CYLINDRICAL_SURFACE ( 'NONE', #3775, 1.000000000000000888 ) ;
#3278 = ORIENTED_EDGE ( 'NONE', *, *, #3061, .F. ) ;
#3279 = DIRECTION ( 'NONE',  ( -0.000000000000000000, 1.000000000000000000, -0.000000000000000000 ) ) ;
#3280 = ADVANCED_FACE ( 'NONE', ( #514 ), #3032, .F. ) ;
#3281 = EDGE_LOOP ( 'NONE', ( #952, #2621, #54, #1062 ) ) ;
#3282 = ORIENTED_EDGE ( 'NONE', *, *, #3349, .T. ) ;
#3283 = ADVANCED_FACE ( 'NONE', ( #325 ), #1044, .F. ) ;
#3284 = PLANE ( 'NONE',  #1874 ) ;
#3285 = ADVANCED_FACE ( 'NONE', ( #3151 ), #1724, .F. ) ;
#3286 = FACE_OUTER_BOUND ( 'NONE', #622, .T. ) ;
#3287 = ORIENTED_EDGE ( 'NONE', *, *, #2873, .F. ) ;
#3288 = VERTEX_POINT ( 'NONE', #1750 ) ;
#3289 = EDGE_CURVE ( 'NONE', #4612, #861, #1343, .T. ) ;
#3290 = CARTESIAN_POINT ( 'NONE',  ( 9.411269076245663001, 8.649644710034010586, 23.99323877624333434 ) ) ;
#3291 = ADVANCED_FACE ( 'NONE', ( #4270 ), #1684, .T. ) ;
#3292 = DIRECTION ( 'NONE',  ( 0.000000000000000000, -1.000000000000000000, -0.000000000000000000 ) ) ;
#3293 = CARTESIAN_POINT ( 'NONE',  ( 13.23540887148762657, 29.00000000000000000, 34.57874503364430296 ) ) ;
#3294 = DIRECTION ( 'NONE',  ( 0.000000000000000000, 0.000000000000000000, 1.000000000000000000 ) ) ;
#3295 = CARTESIAN_POINT ( 'NONE',  ( 0.3665346778313049447, 0.000000000000000000, -39.99832061887032353 ) ) ;
#3296 = CARTESIAN_POINT ( 'NONE',  ( 3.671024149846883411, 9.136017259793408840, 23.95557631277640809 ) ) ;
#3297 = EDGE_LOOP ( 'NONE', ( #1457, #1602, #2207, #1315 ) ) ;
#3298 = DIRECTION ( 'NONE',  ( -1.000000000000000000, 0.000000000000000000, 1.216773423528406629E-15 ) ) ;
#3299 = CARTESIAN_POINT ( 'NONE',  ( 19.69707412264255808, 21.33053944481126152, -30.73712189864361477 ) ) ;
#3300 = ORIENTED_EDGE ( 'NONE', *, *, #523, .T. ) ;
#3301 = CARTESIAN_POINT ( 'NONE',  ( -9.976611072676307757, 13.34314575050760254, 38.43055517610131488 ) ) ;
#3302 = ORIENTED_EDGE ( 'NONE', *, *, #3875, .T. ) ;
#3303 = ORIENTED_EDGE ( 'NONE', *, *, #2134, .F. ) ;
#3304 = PLANE ( 'NONE',  #1731 ) ;
#3305 = EDGE_CURVE ( 'NONE', #3851, #4190, #280, .T. ) ;
#3306 = FACE_OUTER_BOUND ( 'NONE', #3690, .T. ) ;
#3307 = CARTESIAN_POINT ( 'NONE',  ( 0.3665346778313049447, 3.900000000000000799, -39.99832061887032353 ) ) ;
#3308 = ORIENTED_EDGE ( 'NONE', *, *, #1550, .T. ) ;
#3309 = VECTOR ( 'NONE', #1591, 1000.000000000000000 ) ;
#3310 = CARTESIAN_POINT ( 'NONE',  ( 9.366534677831291233, 29.00000000000000000, -57.50000000000000000 ) ) ;
#3311 = CARTESIAN_POINT ( 'NONE',  ( 12.13001153514424857, 29.00000000000000000, 29.49672888746014721 ) ) ;
#3313 = DIRECTION ( 'NONE',  ( -0.9944301893505250733, 0.000000000000000000, 0.1053973363433759608 ) ) ;
#3312 = AXIS2_PLACEMENT_3D ( 'NONE', #3376, #4403, #4500 ) ;
#3314 = AXIS2_PLACEMENT_3D ( 'NONE', #1707, #2137, #1369 ) ;
#3315 = EDGE_CURVE ( 'NONE', #4334, #2232, #4627, .T. ) ;
#3316 = AXIS2_PLACEMENT_3D ( 'NONE', #1787, #3217, #979 ) ;
#3317 = CARTESIAN_POINT ( 'NONE',  ( 13.13001153514424857, -6.099999999999997868, -33.58431484429377889 ) ) ;
#3318 = FACE_OUTER_BOUND ( 'NONE', #184, .T. ) ;
#3319 = CARTESIAN_POINT ( 'NONE',  ( 12.13001153514424857, 13.76347685731292891, -28.74049687948400233 ) ) ;
#3320 = CARTESIAN_POINT ( 'NONE',  ( 4.205126303671622878, 9.915311052127197655, 23.55931445682347913 ) ) ;
#3321 = VECTOR ( 'NONE', #192, 1000.000000000000000 ) ;
#3322 = AXIS2_PLACEMENT_3D ( 'NONE', #3666, #2217, #3809 ) ;
#3323 = ORIENTED_EDGE ( 'NONE', *, *, #2823, .F. ) ;
#3324 = CYLINDRICAL_SURFACE ( 'NONE', #2797, 8.000000000000000000 ) ;
#3325 = VECTOR ( 'NONE', #2762, 1000.000000000000114 ) ;
#3326 = AXIS2_PLACEMENT_3D ( 'NONE', #4035, #2933, #3583 ) ;
#3327 = SHAPE_DEFINITION_REPRESENTATION ( #2402, #960 ) ;
#3328 = ORIENTED_EDGE ( 'NONE', *, *, #2444, .F. ) ;
#3329 = CYLINDRICAL_SURFACE ( 'NONE', #3312, 1.899999999999999023 ) ;
#3330 = APPLICATION_CONTEXT ( 'automotive_design' ) ;
#3331 = CIRCLE ( 'NONE', #1739, 1.000000000000000888 ) ;
#3332 = EDGE_LOOP ( 'NONE', ( #2037, #3982, #4558, #3303, #4648 ) ) ;
#3333 = VERTEX_POINT ( 'NONE', #2451 ) ;
#3334 = CARTESIAN_POINT ( 'NONE',  ( 13.13001153514424857, 14.76347685731293424, -34.58431484429377889 ) ) ;
#3335 = CARTESIAN_POINT ( 'NONE',  ( -6.498959657870133633, 0.000000000000000000, -44.90260569707948690 ) ) ;
#3336 = AXIS2_PLACEMENT_3D ( 'NONE', #3247, #4033, #370 ) ;
#3337 = CARTESIAN_POINT ( 'NONE',  ( -14.66475933250265662, 18.03129401033396562, 36.25476954775444938 ) ) ;
#3338 = LINE ( 'NONE', #2235, #3635 ) ;
#3339 = CARTESIAN_POINT ( 'NONE',  ( -17.96400476697995430, 21.33053944481125441, -30.73712189864361122 ) ) ;
#3340 = ORIENTED_EDGE ( 'NONE', *, *, #993, .T. ) ;
#3341 = EDGE_CURVE ( 'NONE', #4059, #4022, #304, .T. ) ;
#3342 = DIRECTION ( 'NONE',  ( -0.6165904004353921497, 0.6165904004353903733, 0.4895227841294494953 ) ) ;
#3343 = CARTESIAN_POINT ( 'NONE',  ( 3.366534677831300559, 8.345760209329371904, -24.28571428571428825 ) ) ;
#3344 = CYLINDRICAL_SURFACE ( 'NONE', #1213, 1.000000000000000888 ) ;
#3345 = ORIENTED_EDGE ( 'NONE', *, *, #3351, .F. ) ;
#3346 = CARTESIAN_POINT ( 'NONE',  ( -3.592795763272764287, 9.778660297183126460, 22.79554885960385491 ) ) ;
#3347 = DIRECTION ( 'NONE',  ( -0.000000000000000000, -0.000000000000000000, 1.000000000000000000 ) ) ;
#3348 = DIRECTION ( 'NONE',  ( -0.000000000000000000, 0.6571428571428558074, 0.7537660547584537074 ) ) ;
#3349 = EDGE_CURVE ( 'NONE', #2384, #4562, #835, .T. ) ;
#3350 = CARTESIAN_POINT ( 'NONE',  ( 3.928841666165816537, 9.388942723655020473, 23.82959567311200288 ) ) ;
#3351 = EDGE_CURVE ( 'NONE', #3610, #375, #3202, .T. ) ;
#3352 = CARTESIAN_POINT ( 'NONE',  ( -18.63346532216870344, -6.099999999999997868, -33.82293364218904230 ) ) ;
#3353 = EDGE_CURVE ( 'NONE', #777, #1391, #1690, .T. ) ;
#3354 = CARTESIAN_POINT ( 'NONE',  ( -20.96400476697995430, 24.33053944481124020, -29.66868576516458589 ) ) ;
#3355 = ORIENTED_EDGE ( 'NONE', *, *, #4518, .F. ) ;
#3356 = LINE ( 'NONE', #866, #1004 ) ;
#3357 = ORIENTED_EDGE ( 'NONE', *, *, #1893, .F. ) ;
#3358 = ORIENTED_EDGE ( 'NONE', *, *, #3737, .T. ) ;
#3359 = CARTESIAN_POINT ( 'NONE',  ( 20.36653467783130367, 21.99999999999998579, 32.92332030257301767 ) ) ;
#3360 = DIRECTION ( 'NONE',  ( -0.000000000000000000, -1.000000000000000000, 0.000000000000000000 ) ) ;
#3361 = CARTESIAN_POINT ( 'NONE',  ( 0.1665346778312998544, 29.00000000000000000, 43.60000000000000142 ) ) ;
#3362 = CARTESIAN_POINT ( 'NONE',  ( 4.501040342129853933, 29.00000000000000000, 53.63673867775209914 ) ) ;
#3363 = ORIENTED_EDGE ( 'NONE', *, *, #3934, .F. ) ;
#3364 = DIRECTION ( 'NONE',  ( 0.000000000000000000, 0.000000000000000000, 1.000000000000000000 ) ) ;
#3365 = CARTESIAN_POINT ( 'NONE',  ( -1.633465322168694556, 8.345760209329311508, 24.28571428571429180 ) ) ;
#3366 = CARTESIAN_POINT ( 'NONE',  ( 17.36653467783130012, 29.00000000000000000, 44.19690671692822548 ) ) ;
#3367 = VERTEX_POINT ( 'NONE', #3551 ) ;
#3368 = DIRECTION ( 'NONE',  ( 0.6217866900406712194, 0.000000000000000000, 0.7831866393703779128 ) ) ;
#3369 = CYLINDRICAL_SURFACE ( 'NONE', #2400, 1.000000000000000888 ) ;
#3370 = CARTESIAN_POINT ( 'NONE',  ( -2.242444266330262614, 8.433580109651479972, -24.19940540853795241 ) ) ;
#3371 = EDGE_CURVE ( 'NONE', #4562, #1833, #3486, .T. ) ;
#3372 = CARTESIAN_POINT ( 'NONE',  ( 5.241695512454520589, 6.875160834623183170, -23.55537894961304346 ) ) ;
#3373 = ORIENTED_EDGE ( 'NONE', *, *, #2584, .T. ) ;
#3374 = EDGE_CURVE ( 'NONE', #1496, #1269, #3456, .T. ) ;
#3375 = VERTEX_POINT ( 'NONE', #4561 ) ;
#3376 = CARTESIAN_POINT ( 'NONE',  ( 0.1665346778312974674, 29.00000000000000000, 37.00000000000000000 ) ) ;
#3377 = ORIENTED_EDGE ( 'NONE', *, *, #1521, .T. ) ;
#3378 = ORIENTED_EDGE ( 'NONE', *, *, #4418, .F. ) ;
#3379 = EDGE_CURVE ( 'NONE', #2998, #4445, #2977, .T. ) ;
#3380 = EDGE_CURVE ( 'NONE', #813, #1641, #4218, .T. ) ;
#3381 = CARTESIAN_POINT ( 'NONE',  ( -1.845240084009505566, 9.083492779318694588, 23.98147394292657353 ) ) ;
#3382 = DIRECTION ( 'NONE',  ( 0.000000000000000000, -1.000000000000000000, 0.000000000000000000 ) ) ;
#3383 = DIRECTION ( 'NONE',  ( 0.000000000000000000, 0.000000000000000000, -1.000000000000000000 ) ) ;
#3384 = VERTEX_POINT ( 'NONE', #2767 ) ;
#3385 = ORIENTED_EDGE ( 'NONE', *, *, #2284, .T. ) ;
#3386 = CARTESIAN_POINT ( 'NONE',  ( 5.036517530176747748, 9.180726363317331717, -23.43989658109830643 ) ) ;
#3387 = DIRECTION ( 'NONE',  ( 0.000000000000000000, 0.000000000000000000, -1.000000000000000000 ) ) ;
#3388 = VECTOR ( 'NONE', #4601, 1000.000000000000000 ) ;
#3389 = VERTEX_POINT ( 'NONE', #2406 ) ;
#3390 = CARTESIAN_POINT ( 'NONE',  ( -1.788370119113507517, 9.064189173794170884, 23.99091891339365290 ) ) ;
#3391 = CYLINDRICAL_SURFACE ( 'NONE', #3239, 1.000000000000000888 ) ;
#3392 = CARTESIAN_POINT ( 'NONE',  ( -3.592902676019068764, 9.779033494069089727, -22.79513685568704773 ) ) ;
#3393 = VECTOR ( 'NONE', #898, 1000.000000000000000 ) ;
#3394 = LINE ( 'NONE', #1598, #2349 ) ;
#3395 = VERTEX_POINT ( 'NONE', #3865 ) ;
#3396 = CIRCLE ( 'NONE', #617, 1.000000000000000444 ) ;
#3397 = EDGE_CURVE ( 'NONE', #1066, #3389, #1389, .T. ) ;
#3398 = CARTESIAN_POINT ( 'NONE',  ( 9.366534677831301892, 7.686291501015252159, 44.19690671692822548 ) ) ;
#3399 = CARTESIAN_POINT ( 'NONE',  ( -1.633465322168700107, 8.633906151305945187, -24.00000000000000000 ) ) ;
#3400 = VECTOR ( 'NONE', #1498, 1000.000000000000000 ) ;
#3401 = VERTEX_POINT ( 'NONE', #4318 ) ;
#3402 = TOROIDAL_SURFACE ( 'NONE', #309, 35.00000000000000000, 1.000000000000000000 ) ;
#3403 = CARTESIAN_POINT ( 'NONE',  ( 5.036693145512595393, 9.180680528646345095, 23.43995922665471099 ) ) ;
#3404 = ORIENTED_EDGE ( 'NONE', *, *, #1007, .F. ) ;
#3405 = ORIENTED_EDGE ( 'NONE', *, *, #342, .F. ) ;
#3406 = VECTOR ( 'NONE', #1823, 1000.000000000000000 ) ;
#3407 = AXIS2_PLACEMENT_3D ( 'NONE', #2182, #421, #4352 ) ;
#3408 = CARTESIAN_POINT ( 'NONE',  ( 13.13001153514424857, -6.099999999999997868, 28.49672888746014721 ) ) ;
#3409 = DIRECTION ( 'NONE',  ( -1.216773423528406629E-15, -0.000000000000000000, 1.000000000000000000 ) ) ;
#3410 = AXIS2_PLACEMENT_3D ( 'NONE', #4670, #3932, #1788 ) ;
#3411 = AXIS2_PLACEMENT_3D ( 'NONE', #3650, #352, #3294 ) ;
#3412 = CARTESIAN_POINT ( 'NONE',  ( -7.633465322168708767, 12.52446554727075956, 19.32535618980384129 ) ) ;
#3413 = ORIENTED_EDGE ( 'NONE', *, *, #1945, .F. ) ;
#3414 = ORIENTED_EDGE ( 'NONE', *, *, #1667, .T. ) ;
#3415 = DIRECTION ( 'NONE',  ( 0.000000000000000000, 0.000000000000000000, 1.000000000000000000 ) ) ;
#3416 = CARTESIAN_POINT ( 'NONE',  ( 0.3665346778313054998, -6.099999999999999645, 34.99832061887033063 ) ) ;
#3417 = CYLINDRICAL_SURFACE ( 'NONE', #2543, 3.000000000000002665 ) ;
#3418 = VERTEX_POINT ( 'NONE', #2214 ) ;
#3419 = CARTESIAN_POINT ( 'NONE',  ( -2.531570933163779458, 10.11161578259363480, 23.45545657571945242 ) ) ;
#3420 = CARTESIAN_POINT ( 'NONE',  ( -11.39694217948164834, 14.76347685731294668, 28.49672888746014721 ) ) ;
#3421 = DIRECTION ( 'NONE',  ( -0.000000000000000000, -1.000000000000000000, 0.000000000000000000 ) ) ;
#3422 = CARTESIAN_POINT ( 'NONE',  ( 22.69707412264256874, 29.00000000000000000, 29.66868576516459299 ) ) ;
#3423 = DIRECTION ( 'NONE',  ( -0.000000000000000000, -1.000000000000000000, -0.000000000000000000 ) ) ;
#3424 = DIRECTION ( 'NONE',  ( -0.000000000000000000, -1.000000000000000000, -0.000000000000000000 ) ) ;
#3425 = ORIENTED_EDGE ( 'NONE', *, *, #342, .T. ) ;
#3426 = CARTESIAN_POINT ( 'NONE',  ( -21.63346532216869988, 29.00000000000000000, 29.90314746698006587 ) ) ;
#3427 = CARTESIAN_POINT ( 'NONE',  ( 3.586388773364391991, 8.654110675778259321, -23.98319667228001606 ) ) ;
#3428 = ORIENTED_EDGE ( 'NONE', *, *, #1887, .F. ) ;
#3429 = ORIENTED_EDGE ( 'NONE', *, *, #4280, .F. ) ;
#3430 = CARTESIAN_POINT ( 'NONE',  ( -2.017487683699437095, 9.192406180256414316, 23.92772111986356620 ) ) ;
#3431 = CARTESIAN_POINT ( 'NONE',  ( 9.366540677831293848, 7.686290439517446060, -24.91476163730689564 ) ) ;
#3432 = ADVANCED_FACE ( 'NONE', ( #3286 ), #4028, .F. ) ;
#3433 = DIRECTION ( 'NONE',  ( -0.000000000000000000, -1.000000000000000000, -0.000000000000000000 ) ) ;
#3434 = VERTEX_POINT ( 'NONE', #3267 ) ;
#3435 = CARTESIAN_POINT ( 'NONE',  ( -1.633465322168700107, 28.00000000000000000, -25.00000000000000000 ) ) ;
#3436 = PLANE ( 'NONE',  #2924 ) ;
#3437 = EDGE_CURVE ( 'NONE', #84, #2153, #1456, .T. ) ;
#3438 = ORIENTED_EDGE ( 'NONE', *, *, #2696, .T. ) ;
#3439 = CARTESIAN_POINT ( 'NONE',  ( -2.062178908609850314, 8.718090633766166775, 23.91860688334778118 ) ) ;
#3440 = LINE ( 'NONE', #702, #6 ) ;
#3441 = DIRECTION ( 'NONE',  ( 0.000000000000000000, 0.000000000000000000, 1.000000000000000000 ) ) ;
#3442 = DIRECTION ( 'NONE',  ( 0.9944301893505251844, 0.000000000000000000, 0.1053973363433754751 ) ) ;
#3443 = DIRECTION ( 'NONE',  ( -0.000000000000000000, -1.000000000000000000, -0.000000000000000000 ) ) ;
#3444 = LINE ( 'NONE', #2298, #3704 ) ;
#3445 = VERTEX_POINT ( 'NONE', #2903 ) ;
#3446 = CYLINDRICAL_SURFACE ( 'NONE', #2121, 1.899999999999999023 ) ;
#3447 = CARTESIAN_POINT ( 'NONE',  ( 3.795248264272355065, 8.718090633766507835, -23.91860688334778828 ) ) ;
#3448 = EDGE_LOOP ( 'NONE', ( #3729, #2353, #452, #1876, #576, #2746 ) ) ;
#3449 = DIRECTION ( 'NONE',  ( 0.000000000000000000, 0.000000000000000000, 1.000000000000000000 ) ) ;
#3450 = DIRECTION ( 'NONE',  ( -0.000000000000000000, 1.000000000000000000, -0.000000000000000000 ) ) ;
#3451 = CARTESIAN_POINT ( 'NONE',  ( -21.63346532216869988, 24.99999999999998579, -30.61247794325458571 ) ) ;
#3452 = DIRECTION ( 'NONE',  ( 0.000000000000000000, 0.000000000000000000, 1.000000000000000000 ) ) ;
#3453 = ORIENTED_EDGE ( 'NONE', *, *, #3832, .F. ) ;
#3454 = EDGE_CURVE ( 'NONE', #1236, #1761, #3143, .T. ) ;
#3455 = PLANE ( 'NONE',  #2040 ) ;
#3456 = LINE ( 'NONE', #4651, #3845 ) ;
#3457 = ORIENTED_EDGE ( 'NONE', *, *, #2038, .T. ) ;
#3458 = CARTESIAN_POINT ( 'NONE',  ( 0.1665346778313000764, 29.00000000000000000, -45.00000000000000000 ) ) ;
#3459 = CARTESIAN_POINT ( 'NONE',  ( 14.72221911934124350, 16.35568444150993628, -26.87569361452385763 ) ) ;
#3460 = DIRECTION ( 'NONE',  ( -1.000000000000000000, 0.000000000000000000, 0.000000000000000000 ) ) ;
#3461 = LINE ( 'NONE', #2456, #1237 ) ;
#3462 = EDGE_CURVE ( 'NONE', #3333, #2210, #37, .T. ) ;
#3463 = ADVANCED_FACE ( 'NONE', ( #4361, #2836 ), #1131, .T. ) ;
#3464 = AXIS2_PLACEMENT_3D ( 'NONE', #1546, #1968, #1227 ) ;
#3465 = CARTESIAN_POINT ( 'NONE',  ( -11.39694217948164834, 14.76347685731294668, 28.49672888746014721 ) ) ;
#3466 = ORIENTED_EDGE ( 'NONE', *, *, #1632, .F. ) ;
#3467 = FACE_OUTER_BOUND ( 'NONE', #865, .T. ) ;
#3468 = CARTESIAN_POINT ( 'NONE',  ( -9.976611072676307757, 13.34314575050760254, 38.43055517610131488 ) ) ;
#3469 = VECTOR ( 'NONE', #443, 1000.000000000000000 ) ;
#3470 = VERTEX_POINT ( 'NONE', #1431 ) ;
#3471 = ORIENTED_EDGE ( 'NONE', *, *, #1007, .T. ) ;
#3472 = B_SPLINE_CURVE_WITH_KNOTS ( 'NONE', 3,
 ( #4617, #315, #2811, #1020, #1425, #2467, #2057, #1403, #3164, #1059, #3503, #3923 ),
 .UNSPECIFIED., .F., .F.,
 ( 4, 2, 2, 2, 2, 4 ),
 ( 0.01797210303083255495, 0.01882609215537784514, 0.01968008127992313533, 0.02138805952901372959, 0.02309603777810432038, 0.02480401602719491463 ),
 .UNSPECIFIED. ) ;
#3473 = CYLINDRICAL_SURFACE ( 'NONE', #936, 1.000000000000000888 ) ;
#3474 = CIRCLE ( 'NONE', #1441, 2.000000000000001776 ) ;
#3475 =( BOUNDED_CURVE ( )  B_SPLINE_CURVE ( 3, ( #605, #2448, #2427, #4619 ),
 .UNSPECIFIED., .F., .F. ) 
 B_SPLINE_CURVE_WITH_KNOTS ( ( 4, 4 ),
 ( 5.049264069979347624, 6.283185307179586232 ),
 .UNSPECIFIED. ) 
 CURVE ( )  GEOMETRIC_REPRESENTATION_ITEM ( )  RATIONAL_B_SPLINE_CURVE ( ( 1.000000000000000000, 0.8770937881112429446, 0.8770937881112429446, 1.000000000000000000 ) ) 
 REPRESENTATION_ITEM ( '' )  );
#3476 = AXIS2_PLACEMENT_3D ( 'NONE', #560, #2281, #603 ) ;
#3477 = CARTESIAN_POINT ( 'NONE',  ( 0.3665346778313049447, -6.099999999999999645, -34.99832061887033063 ) ) ;
#3478 = CARTESIAN_POINT ( 'NONE',  ( -10.39694217948164834, -6.099999999999997868, 28.08694877304561999 ) ) ;
#3479 = LINE ( 'NONE', #4214, #1362 ) ;
#3480 = AXIS2_PLACEMENT_3D ( 'NONE', #160, #4075, #536 ) ;
#3481 = CIRCLE ( 'NONE', #3407, 34.00000000000000000 ) ;
#3482 = EDGE_LOOP ( 'NONE', ( #3148, #1625, #1433, #743, #4144, #2898 ) ) ;
#3483 = AXIS2_PLACEMENT_3D ( 'NONE', #974, #2381, #2429 ) ;
#3484 = VECTOR ( 'NONE', #2042, 1000.000000000000000 ) ;
#3485 = LINE ( 'NONE', #232, #2555 ) ;
#3486 = LINE ( 'NONE', #3174, #1944 ) ;
#3487 = VERTEX_POINT ( 'NONE', #57 ) ;
#3488 = AXIS2_PLACEMENT_3D ( 'NONE', #364, #1818, #3237 ) ;
#3489 = VERTEX_POINT ( 'NONE', #365 ) ;
#3490 = CARTESIAN_POINT ( 'NONE',  ( 0.1665346778313000764, 5.000000000000000000, -45.00000000000000000 ) ) ;
#3491 = CARTESIAN_POINT ( 'NONE',  ( -10.39694217948164834, 29.00000000000000000, -34.69590351907579162 ) ) ;
#3492 = DIRECTION ( 'NONE',  ( -1.216773423528406629E-15, -1.216773423528410178E-15, 1.000000000000000000 ) ) ;
#3493 = EDGE_CURVE ( 'NONE', #326, #3288, #2100, .T. ) ;
#3494 = EDGE_CURVE ( 'NONE', #4088, #4378, #3810, .T. ) ;
#3495 = CARTESIAN_POINT ( 'NONE',  ( 0.1665346778312972453, 29.00000000000000000, -37.00000000000000000 ) ) ;
#3496 = VERTEX_POINT ( 'NONE', #1094 ) ;
#3497 = CARTESIAN_POINT ( 'NONE',  ( -7.633465322168702549, 29.00000000000000000, -44.00179448441493690 ) ) ;
#3498 = VERTEX_POINT ( 'NONE', #1065 ) ;
#3499 = VERTEX_POINT ( 'NONE', #3238 ) ;
#3500 = DIRECTION ( 'NONE',  ( 0.000000000000000000, 1.000000000000000000, 0.000000000000000000 ) ) ;
#3501 = EDGE_CURVE ( 'NONE', #3499, #84, #2195, .T. ) ;
#3502 = CARTESIAN_POINT ( 'NONE',  ( 4.366534677831301003, 8.633906151305948740, -23.00000000000000000 ) ) ;
#3503 = CARTESIAN_POINT ( 'NONE',  ( -9.641544542696321329, 13.00807922052764809, -38.75122522357876420 ) ) ;
#3504 = CARTESIAN_POINT ( 'NONE',  ( 9.366534677831291233, 29.00000000000000000, -57.50000000000000000 ) ) ;
#3505 = DIRECTION ( 'NONE',  ( 0.9944301893505250733, 0.000000000000000000, -0.1053973363433762939 ) ) ;
#3506 = ORIENTED_EDGE ( 'NONE', *, *, #2067, .T. ) ;
#3507 = LINE ( 'NONE', #1683, #3780 ) ;
#3508 = DIRECTION ( 'NONE',  ( 0.000000000000000000, -1.000000000000000000, 0.000000000000000000 ) ) ;
#3509 = ORIENTED_EDGE ( 'NONE', *, *, #796, .F. ) ;
#3510 = EDGE_LOOP ( 'NONE', ( #1599, #4530, #339, #2604 ) ) ;
#3511 = DIRECTION ( 'NONE',  ( 1.264902534566421675E-16, 0.000000000000000000, 1.000000000000000000 ) ) ;
#3512 = CARTESIAN_POINT ( 'NONE',  ( 6.366534677831293898, 29.00000000000000000, -54.28728536187934850 ) ) ;
#3513 = DIRECTION ( 'NONE',  ( 0.000000000000000000, 0.000000000000000000, -1.000000000000000000 ) ) ;
#3514 = DIRECTION ( 'NONE',  ( -0.000000000000000000, -1.000000000000000000, 0.000000000000000000 ) ) ;
#3515 = EDGE_CURVE ( 'NONE', #1248, #4333, #1860, .T. ) ;
#3516 = DIRECTION ( 'NONE',  ( -0.000000000000000000, 1.000000000000000000, 0.000000000000000000 ) ) ;
#3517 = ADVANCED_FACE ( 'NONE', ( #726 ), #3219, .F. ) ;
#3518 = EDGE_LOOP ( 'NONE', ( #4078, #4122, #4484, #1060 ) ) ;
#3519 = EDGE_CURVE ( 'NONE', #3401, #356, #1838, .T. ) ;
#3520 = DIRECTION ( 'NONE',  ( 1.000000000000000000, -0.000000000000000000, -1.055918637551099853E-16 ) ) ;
#3521 = CARTESIAN_POINT ( 'NONE',  ( -10.39694217948164834, 29.00000000000000000, 34.69590351907579162 ) ) ;
#3522 = CARTESIAN_POINT ( 'NONE',  ( 11.70968042833893108, 13.34314575050763985, 38.54005246743583513 ) ) ;
#3523 = EDGE_CURVE ( 'NONE', #2287, #3395, #3761, .T. ) ;
#3524 = EDGE_LOOP ( 'NONE', ( #1203, #1704, #1179, #4398, #4230, #2145 ) ) ;
#3525 = ADVANCED_FACE ( 'NONE', ( #2922 ), #2476, .F. ) ;
#3526 = DIRECTION ( 'NONE',  ( -1.000000000000000000, 0.000000000000000000, 0.000000000000000000 ) ) ;
#3527 = DIRECTION ( 'NONE',  ( 0.000000000000000000, 0.000000000000000000, -1.000000000000000000 ) ) ;
#3528 = VERTEX_POINT ( 'NONE', #2995 ) ;
#3529 = ORIENTED_EDGE ( 'NONE', *, *, #3604, .F. ) ;
#3530 = CARTESIAN_POINT ( 'NONE',  ( 4.366534677831301003, 28.00000000000000000, -23.00000000000000000 ) ) ;
#3531 = DIRECTION ( 'NONE',  ( 0.000000000000000000, 0.000000000000000000, -1.000000000000000000 ) ) ;
#3532 = CARTESIAN_POINT ( 'NONE',  ( -2.633465322168700329, 10.93252891026719276, -23.00000000000000355 ) ) ;
#3533 = DIRECTION ( 'NONE',  ( 0.7831866393703779128, -0.000000000000000000, -0.6217866900406712194 ) ) ;
#3534 = CARTESIAN_POINT ( 'NONE',  ( 0.1665346778312974951, 29.00000000000000000, -35.10000000000000142 ) ) ;
#3535 = ADVANCED_FACE ( 'NONE', ( #2641 ), #1542, .F. ) ;
#3536 = ORIENTED_EDGE ( 'NONE', *, *, #4578, .F. ) ;
#3537 = AXIS2_PLACEMENT_3D ( 'NONE', #4125, #3741, #492 ) ;
#3538 = ORIENTED_EDGE ( 'NONE', *, *, #2680, .F. ) ;
#3539 = DIRECTION ( 'NONE',  ( -0.000000000000000000, -1.000000000000000000, 0.000000000000000000 ) ) ;
#3540 = DIRECTION ( 'NONE',  ( 0.000000000000000000, -1.000000000000000000, 0.000000000000000000 ) ) ;
#3541 = FACE_OUTER_BOUND ( 'NONE', #3281, .T. ) ;
#3542 = CARTESIAN_POINT ( 'NONE',  ( 9.366534677831312550, 29.00000000000000000, -37.00000000000000711 ) ) ;
#3543 = CIRCLE ( 'NONE', #1725, 1.899999999999999023 ) ;
#3544 = FACE_OUTER_BOUND ( 'NONE', #348, .T. ) ;
#3545 = ORIENTED_EDGE ( 'NONE', *, *, #2629, .T. ) ;
#3546 = VECTOR ( 'NONE', #4663, 1000.000000000000000 ) ;
#3547 = AXIS2_PLACEMENT_3D ( 'NONE', #2876, #2250, #2535 ) ;
#3548 = LINE ( 'NONE', #3611, #243 ) ;
#3549 = LINE ( 'NONE', #324, #1878 ) ;
#3550 = CIRCLE ( 'NONE', #1512, 1.000000000000000888 ) ;
#3551 = CARTESIAN_POINT ( 'NONE',  ( 0.1665346778313000209, 29.00000000000000000, 46.39999999999999858 ) ) ;
#3552 = ORIENTED_EDGE ( 'NONE', *, *, #3097, .T. ) ;
#3553 = VERTEX_POINT ( 'NONE', #3736 ) ;
#3554 = AXIS2_PLACEMENT_3D ( 'NONE', #1817, #2921, #1836 ) ;
#3555 = VECTOR ( 'NONE', #3342, 1000.000000000000114 ) ;
#3556 = FACE_OUTER_BOUND ( 'NONE', #3953, .T. ) ;
#3557 = DIRECTION ( 'NONE',  ( -0.000000000000000000, 1.000000000000000000, -0.000000000000000000 ) ) ;
#3558 = DIRECTION ( 'NONE',  ( 0.000000000000000000, -1.000000000000000000, 0.000000000000000000 ) ) ;
#3559 = AXIS2_PLACEMENT_3D ( 'NONE', #864, #4186, #4134 ) ;
#3560 = AXIS2_PLACEMENT_3D ( 'NONE', #1734, #644, #4658 ) ;
#3561 = DIRECTION ( 'NONE',  ( 0.000000000000000000, -1.000000000000000000, 0.000000000000000000 ) ) ;
#3562 = VECTOR ( 'NONE', #2890, 1000.000000000000000 ) ;
#3563 = FACE_OUTER_BOUND ( 'NONE', #4100, .T. ) ;
#3564 = ORIENTED_EDGE ( 'NONE', *, *, #1631, .T. ) ;
#3565 = DIRECTION ( 'NONE',  ( -1.000000000000000000, -0.000000000000000000, 0.000000000000000000 ) ) ;
#3566 = ADVANCED_FACE ( 'NONE', ( #872 ), #821, .F. ) ;
#3567 = LINE ( 'NONE', #806, #3619 ) ;
#3568 = CARTESIAN_POINT ( 'NONE',  ( 23.36653467783131433, 11.00000000000000355, -34.61655931422208710 ) ) ;
#3569 = VERTEX_POINT ( 'NONE', #4069 ) ;
#3570 = CYLINDRICAL_SURFACE ( 'NONE', #1217, 1.000000000000000888 ) ;
#3571 = ORIENTED_EDGE ( 'NONE', *, *, #85, .F. ) ;
#3572 = DIRECTION ( 'NONE',  ( 0.000000000000000000, 0.000000000000000000, -1.000000000000000000 ) ) ;
#3573 = EDGE_CURVE ( 'NONE', #4510, #1078, #3026, .T. ) ;
#3574 = DIRECTION ( 'NONE',  ( 0.000000000000000000, 0.000000000000000000, -1.000000000000000000 ) ) ;
#3575 = DIRECTION ( 'NONE',  ( 0.000000000000000000, 1.000000000000000000, 0.000000000000000000 ) ) ;
#3576 = ORIENTED_EDGE ( 'NONE', *, *, #4026, .T. ) ;
#3577 = VERTEX_POINT ( 'NONE', #4452 ) ;
#3578 = CARTESIAN_POINT ( 'NONE',  ( 3.474049229484399426, 9.045614421553073825, 24.00000000000000000 ) ) ;
#3579 = LINE ( 'NONE', #350, #3018 ) ;
#3580 = LINE ( 'NONE', #1463, #3562 ) ;
#3581 = EDGE_CURVE ( 'NONE', #2998, #813, #1221, .T. ) ;
#3582 = EDGE_CURVE ( 'NONE', #1553, #420, #3710, .T. ) ;
#3583 = DIRECTION ( 'NONE',  ( 0.000000000000000000, -0.000000000000000000, -1.000000000000000000 ) ) ;
#3584 = FACE_OUTER_BOUND ( 'NONE', #189, .T. ) ;
#3585 = ORIENTED_EDGE ( 'NONE', *, *, #2049, .F. ) ;
#3586 = DIRECTION ( 'NONE',  ( 0.000000000000000000, 0.000000000000000000, 1.000000000000000000 ) ) ;
#3587 = CARTESIAN_POINT ( 'NONE',  ( -18.63346532216869988, 22.00000000000000000, -31.68091407673361104 ) ) ;
#3588 = ORIENTED_EDGE ( 'NONE', *, *, #94, .F. ) ;
#3589 = PLANE ( 'NONE',  #3166 ) ;
#3590 = VERTEX_POINT ( 'NONE', #2668 ) ;
#3591 = DIRECTION ( 'NONE',  ( 0.000000000000000000, 0.000000000000000000, -1.000000000000000000 ) ) ;
#3592 = FACE_BOUND ( 'NONE', #4091, .T. ) ;
#3593 = LINE ( 'NONE', #2170, #2639 ) ;
#3594 = CARTESIAN_POINT ( 'NONE',  ( -20.96400476697995430, 29.00000000000000000, -29.66868576516458589 ) ) ;
#3595 =( BOUNDED_CURVE ( )  B_SPLINE_CURVE ( 3, ( #244, #4588, #3158, #2115 ),
 .UNSPECIFIED., .F., .T. ) 
 B_SPLINE_CURVE_WITH_KNOTS ( ( 4, 4 ),
 ( 5.061375388055930458, 5.497787143782138841 ),
 .UNSPECIFIED. ) 
 CURVE ( )  GEOMETRIC_REPRESENTATION_ITEM ( )  RATIONAL_B_SPLINE_CURVE ( ( 1.000000000000000000, 0.9841916060487287954, 0.9841916060487287954, 1.000000000000000000 ) ) 
 REPRESENTATION_ITEM ( '' )  );
#3596 = CARTESIAN_POINT ( 'NONE',  ( -15.63346532216869988, 7.686291501015265482, -35.51617265383810462 ) ) ;
#3597 = ORIENTED_EDGE ( 'NONE', *, *, #1116, .F. ) ;
#3598 = EDGE_CURVE ( 'NONE', #2196, #3048, #1985, .T. ) ;
#3599 = EDGE_LOOP ( 'NONE', ( #1511, #2092, #4572, #3066 ) ) ;
#3600 = CARTESIAN_POINT ( 'NONE',  ( 4.366534677831306333, 10.74895512284972376, 23.10528280722726535 ) ) ;
#3601 = LINE ( 'NONE', #3687, #847 ) ;
#3602 = CARTESIAN_POINT ( 'NONE',  ( 13.24283749177843816, 14.87630281394714160, 28.49672888746014721 ) ) ;
#3603 = CARTESIAN_POINT ( 'NONE',  ( 0.1665346778313000209, 5.000000000000000000, 46.39999999999999858 ) ) ;
#3604 = EDGE_CURVE ( 'NONE', #3528, #3972, #4120, .T. ) ;
#3605 = CARTESIAN_POINT ( 'NONE',  ( -12.98914976367865393, 16.35568444150996470, -26.87569361452386474 ) ) ;
#3606 = DIRECTION ( 'NONE',  ( 0.000000000000000000, 0.000000000000000000, -1.000000000000000000 ) ) ;
#3607 = EDGE_LOOP ( 'NONE', ( #3197, #1322, #71, #483 ) ) ;
#3608 = CARTESIAN_POINT ( 'NONE',  ( 5.158005586936859288, 9.372404737904343364, 23.23728155672619522 ) ) ;
#3609 = ORIENTED_EDGE ( 'NONE', *, *, #3269, .T. ) ;
#3610 = VERTEX_POINT ( 'NONE', #3339 ) ;
#3611 = CARTESIAN_POINT ( 'NONE',  ( 9.366534677831303668, 29.00000000000000000, 57.50000000000000000 ) ) ;
#3612 = CARTESIAN_POINT ( 'NONE',  ( -2.633465322168697220, -15.44928300627867834, -3.270257192175862306E-14 ) ) ;
#3613 = LINE ( 'NONE', #1477, #1669 ) ;
#3614 = DIRECTION ( 'NONE',  ( -0.000000000000000000, -1.000000000000000000, -0.000000000000000000 ) ) ;
#3615 = VECTOR ( 'NONE', #203, 1000.000000000000000 ) ;
#3616 = EDGE_LOOP ( 'NONE', ( #2054, #3067, #2120, #4272, #2015, #4165, #1253, #2204, #265 ) ) ;
#3617 = VERTEX_POINT ( 'NONE', #3412 ) ;
#3618 = CARTESIAN_POINT ( 'NONE',  ( -2.235306792877433502, 8.431452812470123348, 24.20150264005472707 ) ) ;
#3619 = VECTOR ( 'NONE', #4012, 1000.000000000000000 ) ;
#3620 = EDGE_CURVE ( 'NONE', #3617, #354, #1562, .T. ) ;
#3621 =( BOUNDED_SURFACE ( )  B_SPLINE_SURFACE ( 3, 2, ( 
 ( #2900, #4450, #3661 ),
 ( #4358, #386, #3643 ),
 ( #1815, #132, #2233 ),
 ( #1857, #2969, #3680 ) ),
 .UNSPECIFIED., .F., .F., .T. ) 
 B_SPLINE_SURFACE_WITH_KNOTS ( ( 4, 4 ),
 ( 3, 3 ),
 ( 0.1717777234843857193, 0.2116116965271095385 ),
 ( 0.000000000000000000, 0.1426262543146599171 ),
 .UNSPECIFIED. ) 
 GEOMETRIC_REPRESENTATION_ITEM ( )  RATIONAL_B_SPLINE_SURFACE ( (
 ( 1.000000000000000000, 0.9891432228454039022, 0.9813833686097859221),
 ( 1.000000000000000000, 0.9891433220041297991, 0.9813835386419622608),
 ( 1.000000000000000000, 0.9890395849609832091, 0.9812056558074644386),
 ( 1.000000000000000000, 0.9888276493366747744, 0.9808422397273495186) ) ) 
 REPRESENTATION_ITEM ( '' )  SURFACE ( )  );
#3622 = CARTESIAN_POINT ( 'NONE',  ( -10.39694217948164834, 13.76347685731297155, -29.49672888746014721 ) ) ;
#3623 = VECTOR ( 'NONE', #1581, 999.9999999999998863 ) ;
#3624 = EDGE_CURVE ( 'NONE', #3017, #3634, #2547, .T. ) ;
#3625 = CARTESIAN_POINT ( 'NONE',  ( 0.1665346778312998544, 29.00000000000000000, 45.00000000000000000 ) ) ;
#3626 = AXIS2_PLACEMENT_3D ( 'NONE', #1462, #369, #780 ) ;
#3627 = AXIS2_PLACEMENT_3D ( 'NONE', #2779, #1443, #2094 ) ;
#3628 = AXIS2_PLACEMENT_3D ( 'NONE', #2894, #379, #4019 ) ;
#3629 = CARTESIAN_POINT ( 'NONE',  ( -7.622031973016500928, 7.644369220790522945, 42.85544314835403412 ) ) ;
#3630 = ADVANCED_FACE ( 'NONE', ( #532 ), #3757, .T. ) ;
#3631 = AXIS2_PLACEMENT_3D ( 'NONE', #1382, #1699, #583 ) ;
#3632 = AXIS2_PLACEMENT_3D ( 'NONE', #417, #1825, #1185 ) ;
#3633 = CARTESIAN_POINT ( 'NONE',  ( 3.891388631509920870, 8.764538821392649837, 23.87158405832266794 ) ) ;
#3634 = VERTEX_POINT ( 'NONE', #155 ) ;
#3635 = VECTOR ( 'NONE', #2736, 1000.000000000000000 ) ;
#3636 = DIRECTION ( 'NONE',  ( -0.000000000000000000, -1.000000000000000000, 0.000000000000000000 ) ) ;
#3637 = ORIENTED_EDGE ( 'NONE', *, *, #3349, .F. ) ;
#3638 = AXIS2_PLACEMENT_3D ( 'NONE', #42, #782, #2596 ) ;
#3639 = CARTESIAN_POINT ( 'NONE',  ( 10.24991132242567460, 11.52423713768477498, 23.16330182647338987 ) ) ;
#3640 = VERTEX_POINT ( 'NONE', #1909 ) ;
#3641 = ORIENTED_EDGE ( 'NONE', *, *, #2444, .T. ) ;
#3642 = EDGE_CURVE ( 'NONE', #2817, #1578, #4483, .T. ) ;
#3643 = CARTESIAN_POINT ( 'NONE',  ( -7.682034358854668454, 8.566488359929357088, -42.75053733348929796 ) ) ;
#3644 = CARTESIAN_POINT ( 'NONE',  ( 9.366540677831300954, 8.673617379884035472E-16, 30.28728536187927745 ) ) ;
#3645 = CARTESIAN_POINT ( 'NONE',  ( -20.92542434272344920, 24.29195902055477418, 33.48442442624864412 ) ) ;
#3646 = ORIENTED_EDGE ( 'NONE', *, *, #3051, .T. ) ;
#3647 = ORIENTED_EDGE ( 'NONE', *, *, #2457, .T. ) ;
#3648 = CARTESIAN_POINT ( 'NONE',  ( 9.848776367161699241, 10.42185542502765472, 22.06092011381626605 ) ) ;
#3649 = LINE ( 'NONE', #1119, #773 ) ;
#3650 = CARTESIAN_POINT ( 'NONE',  ( 12.13001153514424857, -6.099999999999997868, 28.08694877304561999 ) ) ;
#3651 = CARTESIAN_POINT ( 'NONE',  ( 22.47193201417469055, 29.00000000000000000, 35.61098950357261117 ) ) ;
#3652 = CARTESIAN_POINT ( 'NONE',  ( 3.975513621992869506, 8.433580109651423129, 24.19940540853795241 ) ) ;
#3653 = ADVANCED_FACE ( 'NONE', ( #3682 ), #3925, .T. ) ;
#3654 = CARTESIAN_POINT ( 'NONE',  ( -17.86292087967715503, 29.00000000000000000, 35.91580386481579978 ) ) ;
#3655 = CARTESIAN_POINT ( 'NONE',  ( -15.03795921627705745, 18.40449389410836289, -27.59323753436905591 ) ) ;
#3656 = ORIENTED_EDGE ( 'NONE', *, *, #1356, .F. ) ;
#3657 = LINE ( 'NONE', #424, #1293 ) ;
#3658 = ORIENTED_EDGE ( 'NONE', *, *, #4568, .F. ) ;
#3659 = ORIENTED_EDGE ( 'NONE', *, *, #950, .F. ) ;
#3660 = CARTESIAN_POINT ( 'NONE',  ( 23.36653467783131433, 29.00000000000000000, 34.61655931422208710 ) ) ;
#3661 = CARTESIAN_POINT ( 'NONE',  ( -7.682034367116162166, 8.566487937631658056, -42.55315238120666521 ) ) ;
#3662 = CARTESIAN_POINT ( 'NONE',  ( 22.69707412264256874, 11.00000000000000355, 29.66868576516459299 ) ) ;
#3663 = DIRECTION ( 'NONE',  ( 0.000000000000000000, 0.000000000000000000, -1.000000000000000000 ) ) ;
#3664 = CARTESIAN_POINT ( 'NONE',  ( 20.36653467783130367, 22.00000000000001421, -32.92332030257301767 ) ) ;
#3665 = VERTEX_POINT ( 'NONE', #3362 ) ;
#3666 = CARTESIAN_POINT ( 'NONE',  ( 0.000000000000000000, 0.000000000000000000, 0.000000000000000000 ) ) ;
#3667 = CARTESIAN_POINT ( 'NONE',  ( 0.1665346778312974674, 29.00000000000000000, 37.00000000000000000 ) ) ;
#3668 = LINE ( 'NONE', #1526, #2796 ) ;
#3669 = DIRECTION ( 'NONE',  ( -0.000000000000000000, -1.000000000000000000, 0.000000000000000000 ) ) ;
#3670 = FACE_OUTER_BOUND ( 'NONE', #680, .T. ) ;
#3671 = ADVANCED_FACE ( 'NONE', ( #4143 ), #134, .F. ) ;
#3672 = CARTESIAN_POINT ( 'NONE',  ( 0.3665346778313049447, -6.099999999999999645, 39.99832061887032353 ) ) ;
#3673 = PLANE ( 'NONE',  #3697 ) ;
#3674 = CARTESIAN_POINT ( 'NONE',  ( -1.633465322168700107, 29.00000000000000000, -25.00000000000000000 ) ) ;
#3675 = ORIENTED_EDGE ( 'NONE', *, *, #541, .T. ) ;
#3676 = EDGE_CURVE ( 'NONE', #3706, #3792, #534, .T. ) ;
#3677 = CARTESIAN_POINT ( 'NONE',  ( 5.366534671945661472, 9.978417975228861536, -22.57265979285655533 ) ) ;
#3678 = VERTEX_POINT ( 'NONE', #457 ) ;
#3679 = VERTEX_POINT ( 'NONE', #2591 ) ;
#3680 = CARTESIAN_POINT ( 'NONE',  ( -7.627922288332256606, 8.441759297373508275, -43.14755494188384688 ) ) ;
#3681 = CARTESIAN_POINT ( 'NONE',  ( 0.1665346778312972453, 29.00000000000000000, -37.00000000000000000 ) ) ;
#3682 = FACE_OUTER_BOUND ( 'NONE', #2024, .T. ) ;
#3683 = ORIENTED_EDGE ( 'NONE', *, *, #4573, .T. ) ;
#3684 = EDGE_CURVE ( 'NONE', #1833, #2303, #1051, .T. ) ;
#3685 = VECTOR ( 'NONE', #3105, 1000.000000000000000 ) ;
#3686 = DIRECTION ( 'NONE',  ( 0.000000000000000000, 1.000000000000000000, 0.000000000000000000 ) ) ;
#3687 = CARTESIAN_POINT ( 'NONE',  ( -10.39694217948164834, 29.00000000000000000, 28.08694877304561999 ) ) ;
#3689 = DIRECTION ( 'NONE',  ( 0.000000000000000000, 0.000000000000000000, -1.000000000000000000 ) ) ;
#3688 = AXIS2_PLACEMENT_3D ( 'NONE', #4164, #599, #2023 ) ;
#3690 = EDGE_LOOP ( 'NONE', ( #449, #600, #2952, #1963, #1335, #1299, #943, #3125 ) ) ;
#3691 = VECTOR ( 'NONE', #3836, 1000.000000000000000 ) ;
#3692 = CIRCLE ( 'NONE', #1297, 1.000000000000000888 ) ;
#3693 = CARTESIAN_POINT ( 'NONE',  ( 0.1665346778313000764, 29.00000000000000000, -45.00000000000000000 ) ) ;
#3694 = CARTESIAN_POINT ( 'NONE',  ( 12.56259097639108013, 14.19605629855978890, 25.83512098734840379 ) ) ;
#3695 = CARTESIAN_POINT ( 'NONE',  ( -11.39694217948164834, 29.00000000000000000, 28.49672888746014721 ) ) ;
#3696 = CARTESIAN_POINT ( 'NONE',  ( 4.264719199059329391, 10.11189565910732391, 23.45530749490742295 ) ) ;
#3697 = AXIS2_PLACEMENT_3D ( 'NONE', #1487, #1505, #377 ) ;
#3698 = ORIENTED_EDGE ( 'NONE', *, *, #3581, .F. ) ;
#3699 = FACE_OUTER_BOUND ( 'NONE', #2004, .T. ) ;
#3700 = AXIS2_PLACEMENT_3D ( 'NONE', #229, #1355, #3812 ) ;
#3701 = VECTOR ( 'NONE', #3511, 1000.000000000000000 ) ;
#3702 = VERTEX_POINT ( 'NONE', #2011 ) ;
#3703 = DIRECTION ( 'NONE',  ( 0.000000000000000000, -0.7537660547584504878, -0.6571428571428594712 ) ) ;
#3704 = VECTOR ( 'NONE', #3424, 1000.000000000000000 ) ;
#3705 = ORIENTED_EDGE ( 'NONE', *, *, #3719, .F. ) ;
#3706 = VERTEX_POINT ( 'NONE', #2361 ) ;
#3707 = CARTESIAN_POINT ( 'NONE',  ( 12.13001153514424857, 13.76347685731293069, -33.58431484429377889 ) ) ;
#3708 = AXIS2_PLACEMENT_3D ( 'NONE', #2484, #1708, #269 ) ;
#3709 = DIRECTION ( 'NONE',  ( -0.6863727697048170873, -0.6863727697048151999, -0.2403847790844479970 ) ) ;
#3710 = LINE ( 'NONE', #1932, #162 ) ;
#3711 = EDGE_LOOP ( 'NONE', ( #4641, #1285, #1350, #1715 ) ) ;
#3712 = EDGE_CURVE ( 'NONE', #967, #4215, #562, .T. ) ;
#3713 = ADVANCED_FACE ( 'NONE', ( #1358 ), #1339, .F. ) ;
#3714 = DIRECTION ( 'NONE',  ( 0.7831511052909407855, -0.000000000000000000, 0.6218314452338171705 ) ) ;
#3715 = ORIENTED_EDGE ( 'NONE', *, *, #3167, .T. ) ;
#3716 = LINE ( 'NONE', #1612, #543 ) ;
#3717 = DIRECTION ( 'NONE',  ( 0.000000000000000000, 0.000000000000000000, -1.000000000000000000 ) ) ;
#3718 =( BOUNDED_CURVE ( )  B_SPLINE_CURVE ( 3, ( #4415, #20, #2158, #4370 ),
 .UNSPECIFIED., .F., .T. ) 
 B_SPLINE_CURVE_WITH_KNOTS ( ( 4, 4 ),
 ( 3.141592653589793116, 4.606795525966664862 ),
 .UNSPECIFIED. ) 
 CURVE ( )  GEOMETRIC_REPRESENTATION_ITEM ( )  RATIONAL_B_SPLINE_CURVE ( ( 1.000000000000000000, 0.8289580426858332851, 0.8289580426858332851, 1.000000000000000000 ) ) 
 REPRESENTATION_ITEM ( '' )  );
#3719 = EDGE_CURVE ( 'NONE', #4646, #3012, #3479, .T. ) ;
#3720 = ORIENTED_EDGE ( 'NONE', *, *, #1057, .F. ) ;
#3721 = CARTESIAN_POINT ( 'NONE',  ( -1.853319417701681404, 8.654110675778465378, 23.98319667228001606 ) ) ;
#3722 = CARTESIAN_POINT ( 'NONE',  ( -11.39694217948164834, -6.099999999999997868, 29.49672888746014721 ) ) ;
#3723 = CARTESIAN_POINT ( 'NONE',  ( -2.472056948008985344, 9.915311052127806946, -23.55931445682351821 ) ) ;
#3724 = CARTESIAN_POINT ( 'NONE',  ( -2.232597991923851222, 8.430700198742311358, -24.20224424003313501 ) ) ;
#3725 = EDGE_CURVE ( 'NONE', #4603, #967, #4174, .T. ) ;
#3726 = EDGE_LOOP ( 'NONE', ( #2269, #404, #1594, #128 ) ) ;
#3727 = CARTESIAN_POINT ( 'NONE',  ( -18.63346532216869988, 22.00000000000000000, -32.92332030257301767 ) ) ;
#3728 = CARTESIAN_POINT ( 'NONE',  ( 12.13001153514424857, 29.00000000000000000, -29.49672888746014721 ) ) ;
#3729 = ORIENTED_EDGE ( 'NONE', *, *, #2383, .F. ) ;
#3730 = CARTESIAN_POINT ( 'NONE',  ( 4.366534677831301003, 10.93252891026719276, -22.99999999999999645 ) ) ;
#3731 = ORIENTED_EDGE ( 'NONE', *, *, #796, .T. ) ;
#3732 = ORIENTED_EDGE ( 'NONE', *, *, #2835, .T. ) ;
#3733 = PRODUCT_DEFINITION_CONTEXT ( 'detailed design', #3818, 'design' ) ;
#3734 = DIRECTION ( 'NONE',  ( 0.000000000000000000, 0.000000000000000000, 1.000000000000000000 ) ) ;
#3735 = FACE_OUTER_BOUND ( 'NONE', #3297, .T. ) ;
#3736 = CARTESIAN_POINT ( 'NONE',  ( 0.3665346778313049447, -6.099999999999999645, -41.49832061887033063 ) ) ;
#3737 = EDGE_CURVE ( 'NONE', #264, #4162, #2078, .T. ) ;
#3738 = VERTEX_POINT ( 'NONE', #674 ) ;
#3739 = ORIENTED_EDGE ( 'NONE', *, *, #2896, .T. ) ;
#3740 = CARTESIAN_POINT ( 'NONE',  ( 3.521782805417390527, 8.345760209329375456, -24.28571428571429891 ) ) ;
#3741 = DIRECTION ( 'NONE',  ( 1.000000000000000000, 0.000000000000000000, -1.055918637551099976E-16 ) ) ;
#3742 = EDGE_CURVE ( 'NONE', #188, #4215, #3098, .T. ) ;
#3743 = ORIENTED_EDGE ( 'NONE', *, *, #676, .F. ) ;
#3744 = CARTESIAN_POINT ( 'NONE',  ( -3.633465316283327251, 9.978417975228831338, 22.57265979285653756 ) ) ;
#3745 = DIRECTION ( 'NONE',  ( 0.000000000000000000, 0.000000000000000000, -1.000000000000000000 ) ) ;
#3746 = CARTESIAN_POINT ( 'NONE',  ( -2.613183999201230012, 10.52104280253910851, -23.23279102853441103 ) ) ;
#3747 = CARTESIAN_POINT ( 'NONE',  ( 9.366534677831291233, 29.00000000000000000, -57.50000000000000000 ) ) ;
#3748 = ORIENTED_EDGE ( 'NONE', *, *, #1709, .T. ) ;
#3749 = FACE_OUTER_BOUND ( 'NONE', #2795, .T. ) ;
#3750 = VERTEX_POINT ( 'NONE', #971 ) ;
#3751 = CARTESIAN_POINT ( 'NONE',  ( 3.933847634087107359, 9.376744635035956676, -23.83592469396538149 ) ) ;
#3752 = ORIENTED_EDGE ( 'NONE', *, *, #945, .T. ) ;
#3753 = ORIENTED_EDGE ( 'NONE', *, *, #2519, .F. ) ;
#3754 = CARTESIAN_POINT ( 'NONE',  ( -9.976611072676329073, 13.34314575050765406, -38.43055517610133620 ) ) ;
#3755 = DIRECTION ( 'NONE',  ( -0.000000000000000000, -1.000000000000000000, 0.000000000000000000 ) ) ;
#3756 = ADVANCED_FACE ( 'NONE', ( #1629 ), #1681, .T. ) ;
#3757 = CYLINDRICAL_SURFACE ( 'NONE', #1950, 1.000000000000000888 ) ;
#3758 = EDGE_LOOP ( 'NONE', ( #14, #776, #2926, #601 ) ) ;
#3759 = CARTESIAN_POINT ( 'NONE',  ( 19.47193201417468345, 21.10539733634336912, 33.91775049192354885 ) ) ;
#3760 = DIRECTION ( 'NONE',  ( 1.000000000000000000, -0.000000000000000000, -1.264902534566421675E-16 ) ) ;
#3761 = CIRCLE ( 'NONE', #2853, 1.500000000000001332 ) ;
#3762 = ORIENTED_EDGE ( 'NONE', *, *, #3289, .F. ) ;
#3763 = CARTESIAN_POINT ( 'NONE',  ( -2.543266300656110701, 9.082355436280812100, 23.54510129389536743 ) ) ;
#3764 = DIRECTION ( 'NONE',  ( -7.884785137984481060E-17, 7.884785137984503247E-17, -1.000000000000000000 ) ) ;
#3765 = DIRECTION ( 'NONE',  ( 0.000000000000000000, 0.000000000000000000, -1.000000000000000000 ) ) ;
#3766 = VECTOR ( 'NONE', #30, 1000.000000000000000 ) ;
#3767 = FACE_OUTER_BOUND ( 'NONE', #1042, .T. ) ;
#3768 = ORIENTED_EDGE ( 'NONE', *, *, #2793, .T. ) ;
#3769 = CIRCLE ( 'NONE', #3929, 1.899999999999999023 ) ;
#3770 = CIRCLE ( 'NONE', #2483, 2.000000000000001776 ) ;
#3771 = CARTESIAN_POINT ( 'NONE',  ( -7.633465322168712319, 12.52446554727078798, -19.32535618980386261 ) ) ;
#3772 = DIRECTION ( 'NONE',  ( 7.884785137984478595E-17, 0.000000000000000000, 1.000000000000000000 ) ) ;
#3773 = CIRCLE ( 'NONE', #3480, 1.000000000000000888 ) ;
#3774 = ORIENTED_EDGE ( 'NONE', *, *, #4666, .T. ) ;
#3775 = AXIS2_PLACEMENT_3D ( 'NONE', #1169, #1106, #740 ) ;
#3776 = FACE_OUTER_BOUND ( 'NONE', #1341, .T. ) ;
#3777 = CARTESIAN_POINT ( 'NONE',  ( -9.349649882724003547, 12.65745099220500158, 39.08574986655044370 ) ) ;
#3778 = ORIENTED_EDGE ( 'NONE', *, *, #4638, .F. ) ;
#3779 = ORIENTED_EDGE ( 'NONE', *, *, #1852, .T. ) ;
#3780 = VECTOR ( 'NONE', #3128, 1000.000000000000000 ) ;
#3781 = AXIS2_PLACEMENT_3D ( 'NONE', #2358, #3686, #3449 ) ;
#3782 = EDGE_CURVE ( 'NONE', #3470, #4022, #1700, .T. ) ;
#3783 = CARTESIAN_POINT ( 'NONE',  ( -7.619510499892796496, 7.902543769568972643, -42.87199035392932700 ) ) ;
#3784 = LINE ( 'NONE', #113, #2414 ) ;
#3785 = VECTOR ( 'NONE', #4188, 1000.000000000000000 ) ;
#3786 = AXIS2_PLACEMENT_3D ( 'NONE', #3137, #3561, #333 ) ;
#3787 = DIRECTION ( 'NONE',  ( 0.000000000000000000, -1.000000000000000000, 0.000000000000000000 ) ) ;
#3788 = EDGE_CURVE ( 'NONE', #4308, #815, #1, .T. ) ;
#3789 = EDGE_CURVE ( 'NONE', #3231, #115, #2500, .T. ) ;
#3790 = ORIENTED_EDGE ( 'NONE', *, *, #3573, .T. ) ;
#3791 = CIRCLE ( 'NONE', #4330, 34.00000000000000000 ) ;
#3792 = VERTEX_POINT ( 'NONE', #3834 ) ;
#3793 = CARTESIAN_POINT ( 'NONE',  ( -3.508626156791912809, 6.875160834623189388, 23.55537894961305057 ) ) ;
#3794 = CARTESIAN_POINT ( 'NONE',  ( 4.366534677831306333, 29.00000000000000000, 23.00000000000000000 ) ) ;
#3795 = VERTEX_POINT ( 'NONE', #2743 ) ;
#3796 = CARTESIAN_POINT ( 'NONE',  ( 4.366534677831306333, 10.93252891026713591, 23.00000000000000000 ) ) ;
#3797 = CARTESIAN_POINT ( 'NONE',  ( -7.598816783999966518, 7.559246861063233069, 43.00778487874168121 ) ) ;
#3798 = CARTESIAN_POINT ( 'NONE',  ( -2.158319275847277119, 8.764538821392166668, -23.87158405832239438 ) ) ;
#3799 = DIRECTION ( 'NONE',  ( -0.1053973363433754751, 0.000000000000000000, 0.9944301893505251844 ) ) ;
#3800 = DIRECTION ( 'NONE',  ( -0.000000000000000000, -1.000000000000000000, -0.000000000000000000 ) ) ;
#3801 = DIRECTION ( 'NONE',  ( -0.000000000000000000, -1.000000000000000000, 0.000000000000000000 ) ) ;
#3802 = ORIENTED_EDGE ( 'NONE', *, *, #3642, .F. ) ;
#3803 = DIRECTION ( 'NONE',  ( -0.000000000000000000, -1.000000000000000000, 0.000000000000000000 ) ) ;
#3804 = CARTESIAN_POINT ( 'NONE',  ( 3.671152441215205897, 9.136020175654909536, -23.95557511859024302 ) ) ;
#3805 = EDGE_CURVE ( 'NONE', #2106, #727, #4237, .T. ) ;
#3806 = VERTEX_POINT ( 'NONE', #2379 ) ;
#3807 = EDGE_LOOP ( 'NONE', ( #1834, #301, #3264, #1971 ) ) ;
#3808 = B_SPLINE_CURVE_WITH_KNOTS ( 'NONE', 3,
 ( #3987, #4015, #1486, #786, #101, #2203, #2961, #4419, #1256, #123, #3724, #1207, #1235, #1278 ),
 .UNSPECIFIED., .F., .F.,
 ( 4, 2, 2, 2, 2, 2, 4 ),
 ( 0.000000000000000000, 0.0009173506204302119167, 0.001834701240860423833, 0.002293376551075529141, 0.002752051861290634883, 0.003210727171505740191, 0.003669402481720845932 ),
 .UNSPECIFIED. ) ;
#3809 = DIRECTION ( 'NONE',  ( 0.000000000000000000, -0.000000000000000000, -1.000000000000000000 ) ) ;
#3810 =( BOUNDED_CURVE ( )  B_SPLINE_CURVE ( 3, ( #3664, #3999, #2171, #2540 ),
 .UNSPECIFIED., .F., .T. ) 
 B_SPLINE_CURVE_WITH_KNOTS ( ( 4, 4 ),
 ( 3.141592653589793116, 4.606795525966663085 ),
 .UNSPECIFIED. ) 
 CURVE ( )  GEOMETRIC_REPRESENTATION_ITEM ( )  RATIONAL_B_SPLINE_CURVE ( ( 1.000000000000000000, 0.8289580426858336182, 0.8289580426858336182, 1.000000000000000000 ) ) 
 REPRESENTATION_ITEM ( '' )  );
#3811 = CARTESIAN_POINT ( 'NONE',  ( -11.50233951582502456, 29.00000000000000000, 34.57874503364430296 ) ) ;
#3812 = DIRECTION ( 'NONE',  ( -0.9944301893505250733, 0.000000000000000000, -0.1053973363433759608 ) ) ;
#3813 = CARTESIAN_POINT ( 'NONE',  ( 22.47193201417469055, 24.10539733634340465, -35.61098950357262538 ) ) ;
#3814 = ORIENTED_EDGE ( 'NONE', *, *, #1655, .F. ) ;
#3815 = EDGE_CURVE ( 'NONE', #2408, #2251, #3475, .T. ) ;
#3816 = CARTESIAN_POINT ( 'NONE',  ( 13.46055097995550298, 15.09401630212419221, -28.55293670937014738 ) ) ;
#3817 = CARTESIAN_POINT ( 'NONE',  ( 20.36653467783130367, 29.00000000000000000, -33.82293364218904230 ) ) ;
#3818 = APPLICATION_CONTEXT ( 'automotive_design' ) ;
#3819 = ORIENTED_EDGE ( 'NONE', *, *, #3397, .T. ) ;
#3820 = CARTESIAN_POINT ( 'NONE',  ( 4.501040342129864591, 29.00000000000000000, -53.63673867775218440 ) ) ;
#3821 = DIRECTION ( 'NONE',  ( 0.000000000000000000, 0.000000000000000000, -1.000000000000000000 ) ) ;
#3822 = EDGE_CURVE ( 'NONE', #2755, #4303, #2911, .T. ) ;
#3823 = DIRECTION ( 'NONE',  ( 0.000000000000000000, -1.000000000000000000, 0.000000000000000000 ) ) ;
#3824 = CARTESIAN_POINT ( 'NONE',  ( 9.366540677831295625, 12.52494325944073950, -19.32518724763290408 ) ) ;
#3825 = VERTEX_POINT ( 'NONE', #4338 ) ;
#3826 = FACE_OUTER_BOUND ( 'NONE', #3969, .T. ) ;
#3827 = CARTESIAN_POINT ( 'NONE',  ( 3.366534677831294786, 8.345760209329453616, -24.28571428571430602 ) ) ;
#3828 = EDGE_LOOP ( 'NONE', ( #1925, #270, #3466, #3731, #2786, #310, #2133, #3698, #515 ) ) ;
#3829 = ORIENTED_EDGE ( 'NONE', *, *, #3840, .F. ) ;
#3830 = LINE ( 'NONE', #1888, #3555 ) ;
#3831 = DIRECTION ( 'NONE',  ( 0.000000000000000000, -1.000000000000000000, -0.000000000000000000 ) ) ;
#3832 = EDGE_CURVE ( 'NONE', #188, #2099, #4269, .T. ) ;
#3833 = LINE ( 'NONE', #2097, #4625 ) ;
#3834 = CARTESIAN_POINT ( 'NONE',  ( -3.633465322168694112, 29.00000000000000000, 23.00000000000000000 ) ) ;
#3835 = ORIENTED_EDGE ( 'NONE', *, *, #4135, .F. ) ;
#3836 = DIRECTION ( 'NONE',  ( -0.000000000000000000, -1.000000000000000000, -0.000000000000000000 ) ) ;
#3837 = FACE_OUTER_BOUND ( 'NONE', #3807, .T. ) ;
#3838 = EDGE_CURVE ( 'NONE', #3140, #215, #2897, .T. ) ;
#3839 = ORIENTED_EDGE ( 'NONE', *, *, #437, .T. ) ;
#3840 = EDGE_CURVE ( 'NONE', #1529, #3795, #3955, .T. ) ;
#3841 = CARTESIAN_POINT ( 'NONE',  ( 19.36653467783130367, 29.00000000000000000, 32.92332030257301767 ) ) ;
#3842 = CARTESIAN_POINT ( 'NONE',  ( -11.72748162429290275, 29.00000000000000000, -28.55293670937014738 ) ) ;
#3843 = CARTESIAN_POINT ( 'NONE',  ( -2.633465322168714540, 10.17876285550873838, -22.34285714285714519 ) ) ;
#3844 = DIRECTION ( 'NONE',  ( -0.000000000000000000, -1.000000000000000000, -0.000000000000000000 ) ) ;
#3845 = VECTOR ( 'NONE', #2364, 1000.000000000000000 ) ;
#3846 = CARTESIAN_POINT ( 'NONE',  ( 9.692282133743564287, 10.78858667011999550, -21.63084943861692722 ) ) ;
#3847 = ORIENTED_EDGE ( 'NONE', *, *, #635, .F. ) ;
#3848 = LINE ( 'NONE', #4640, #783 ) ;
#3849 = VECTOR ( 'NONE', #632, 1000.000000000000000 ) ;
#3850 = ORIENTED_EDGE ( 'NONE', *, *, #2422, .T. ) ;
#3851 = VERTEX_POINT ( 'NONE', #405 ) ;
#3852 = CARTESIAN_POINT ( 'NONE',  ( -6.498959657870146067, 29.00000000000000000, 44.90260569707926663 ) ) ;
#3853 = VECTOR ( 'NONE', #1128, 1000.000000000000000 ) ;
#3854 = VECTOR ( 'NONE', #3050, 1000.000000000000000 ) ;
#3855 = PLANE ( 'NONE',  #1586 ) ;
#3856 = CARTESIAN_POINT ( 'NONE',  ( -18.63346532216869988, 29.00000000000000000, -30.97158360045909475 ) ) ;
#3857 = DIRECTION ( 'NONE',  ( 1.000000000000000000, 0.000000000000000000, -1.264902534566421675E-16 ) ) ;
#3858 = CIRCLE ( 'NONE', #2256, 4.999999999999997335 ) ;
#3859 = VECTOR ( 'NONE', #3443, 1000.000000000000000 ) ;
#3860 = ORIENTED_EDGE ( 'NONE', *, *, #2401, .F. ) ;
#3861 = CARTESIAN_POINT ( 'NONE',  ( 0.3665346778313049447, -6.099999999999999645, 44.99832061887032353 ) ) ;
#3862 = CIRCLE ( 'NONE', #3483, 1.000000000000000888 ) ;
#3863 = VECTOR ( 'NONE', #714, 1000.000000000000000 ) ;
#3864 = DIRECTION ( 'NONE',  ( -0.7051293066513170116, -0.7051293066513190100, -0.07473501055638555324 ) ) ;
#3865 = CARTESIAN_POINT ( 'NONE',  ( 0.3665346778313051113, -6.099999999999999645, 41.49832061887033063 ) ) ;
#3866 = ADVANCED_FACE ( 'NONE', ( #2917 ), #4376, .T. ) ;
#3867 = ORIENTED_EDGE ( 'NONE', *, *, #4340, .T. ) ;
#3868 = ADVANCED_FACE ( 'NONE', ( #3544 ), #3589, .F. ) ;
#3869 = VECTOR ( 'NONE', #3516, 1000.000000000000000 ) ;
#3870 = ORIENTED_EDGE ( 'NONE', *, *, #2580, .T. ) ;
#3871 = DIRECTION ( 'NONE',  ( -7.884785137984479828E-17, 7.884785137984455176E-17, -1.000000000000000000 ) ) ;
#3872 = DIRECTION ( 'NONE',  ( -0.000000000000000000, -1.000000000000000000, 0.000000000000000000 ) ) ;
#3873 = VECTOR ( 'NONE', #4183, 1000.000000000000000 ) ;
#3874 = CARTESIAN_POINT ( 'NONE',  ( 9.366546677831294687, 5.388322939911696530, -27.04862683668599033 ) ) ;
#3875 = EDGE_CURVE ( 'NONE', #3640, #3470, #615, .T. ) ;
#3876 = DIRECTION ( 'NONE',  ( -0.7071067811865486830, -0.7071067811865464625, 0.000000000000000000 ) ) ;
#3877 = EDGE_CURVE ( 'NONE', #527, #1046, #3963, .T. ) ;
#3878 = ORIENTED_EDGE ( 'NONE', *, *, #810, .F. ) ;
#3879 = DIRECTION ( 'NONE',  ( 0.000000000000000000, 0.000000000000000000, 1.000000000000000000 ) ) ;
#3880 = ORIENTED_EDGE ( 'NONE', *, *, #2431, .T. ) ;
#3881 = EDGE_LOOP ( 'NONE', ( #1198, #3079, #3073, #4140, #2084, #4453 ) ) ;
#3882 = CARTESIAN_POINT ( 'NONE',  ( 14.68503592472801955, 16.31850124689671233, 36.43630445780418370 ) ) ;
#3883 = DIRECTION ( 'NONE',  ( -1.000000000000000000, 0.000000000000000000, 1.264902534566421675E-16 ) ) ;
#3884 = CARTESIAN_POINT ( 'NONE',  ( 13.13001153514424857, 29.00000000000000000, -33.58431484429377889 ) ) ;
#3885 = CARTESIAN_POINT ( 'NONE',  ( 12.13001153514424857, -6.099999999999997868, 34.69590351907579162 ) ) ;
#3886 = ORIENTED_EDGE ( 'NONE', *, *, #1080, .T. ) ;
#3887 = PLANE ( 'NONE',  #548 ) ;
#3888 = CARTESIAN_POINT ( 'NONE',  ( 9.848776367161711676, 10.42185542502767248, -22.06092011381632290 ) ) ;
#3889 = EDGE_LOOP ( 'NONE', ( #3739, #4672, #903, #4200 ) ) ;
#3890 = ORIENTED_EDGE ( 'NONE', *, *, #2507, .F. ) ;
#3891 = DIRECTION ( 'NONE',  ( 0.000000000000000000, -1.000000000000000000, 0.000000000000000000 ) ) ;
#3892 = EDGE_CURVE ( 'NONE', #3255, #3375, #3543, .T. ) ;
#3893 = FACE_OUTER_BOUND ( 'NONE', #1696, .T. ) ;
#3894 = EDGE_CURVE ( 'NONE', #3499, #2039, #1448, .T. ) ;
#3895 = DIRECTION ( 'NONE',  ( 0.1053973363433762939, 0.000000000000000000, -0.9944301893505250733 ) ) ;
#3896 = DIRECTION ( 'NONE',  ( -0.000000000000000000, -1.000000000000000000, 0.000000000000000000 ) ) ;
#3897 = DIRECTION ( 'NONE',  ( -1.264902534566421675E-16, 0.000000000000000000, -1.000000000000000000 ) ) ;
#3898 = ORIENTED_EDGE ( 'NONE', *, *, #1467, .F. ) ;
#3899 = ORIENTED_EDGE ( 'NONE', *, *, #781, .T. ) ;
#3900 = CARTESIAN_POINT ( 'NONE',  ( -10.39694217948164834, 29.00000000000000000, -29.49672888746014721 ) ) ;
#3901 = EDGE_CURVE ( 'NONE', #3640, #4059, #2498, .T. ) ;
#3902 = CARTESIAN_POINT ( 'NONE',  ( -3.633465322168700329, 10.93252891026719276, -23.00000000000000355 ) ) ;
#3903 = CARTESIAN_POINT ( 'NONE',  ( -17.96400476697995430, 21.33053944481125441, -30.73712189864361122 ) ) ;
#3904 = LINE ( 'NONE', #673, #2261 ) ;
#3905 = CARTESIAN_POINT ( 'NONE',  ( -7.961998647172941368, 9.999440754623055483, 22.55629149257431365 ) ) ;
#3906 = EDGE_CURVE ( 'NONE', #2887, #4190, #4154, .T. ) ;
#3907 = EDGE_LOOP ( 'NONE', ( #2642, #1170, #3911, #2428 ) ) ;
#3908 = DIRECTION ( 'NONE',  ( 0.000000000000000000, 0.000000000000000000, -1.000000000000000000 ) ) ;
#3909 = DIRECTION ( 'NONE',  ( 0.000000000000000000, 0.000000000000000000, 1.000000000000000000 ) ) ;
#3910 = ORIENTED_EDGE ( 'NONE', *, *, #886, .F. ) ;
#3911 = ORIENTED_EDGE ( 'NONE', *, *, #1395, .F. ) ;
#3912 = DIRECTION ( 'NONE',  ( 1.000000000000000000, 0.000000000000000000, 2.602085213965210642E-15 ) ) ;
#3913 = FACE_OUTER_BOUND ( 'NONE', #4266, .T. ) ;
#3914 = CARTESIAN_POINT ( 'NONE',  ( -1.740979873821791868, 9.045614421553139550, -24.00000000000000355 ) ) ;
#3915 = EDGE_CURVE ( 'NONE', #2606, #813, #2652, .T. ) ;
#3916 = LINE ( 'NONE', #3114, #2802 ) ;
#3917 = DIRECTION ( 'NONE',  ( -0.000000000000000000, 1.000000000000000000, 0.000000000000000000 ) ) ;
#3918 = AXIS2_PLACEMENT_3D ( 'NONE', #928, #4532, #1936 ) ;
#3919 = ORIENTED_EDGE ( 'NONE', *, *, #2286, .F. ) ;
#3920 = EDGE_CURVE ( 'NONE', #4231, #2664, #2929, .T. ) ;
#3921 = CARTESIAN_POINT ( 'NONE',  ( -9.147106795190222073, 12.51364147302151686, 24.15270616181012286 ) ) ;
#3922 = CARTESIAN_POINT ( 'NONE',  ( 0.3665346778313049447, -6.099999999999999645, -39.99832061887032353 ) ) ;
#3923 = CARTESIAN_POINT ( 'NONE',  ( -9.976611072676329073, 13.34314575050765406, -38.43055517610133620 ) ) ;
#3924 = VERTEX_POINT ( 'NONE', #699 ) ;
#3925 = TOROIDAL_SURFACE ( 'NONE', #2477, 2.000000000000000000, 1.000000000000000000 ) ;
#3926 = DIRECTION ( 'NONE',  ( 0.000000000000000000, 0.000000000000000000, -1.000000000000000000 ) ) ;
#3927 = ADVANCED_FACE ( 'NONE', ( #2128 ), #3570, .F. ) ;
#3928 = ORIENTED_EDGE ( 'NONE', *, *, #3078, .T. ) ;
#3929 = AXIS2_PLACEMENT_3D ( 'NONE', #3667, #438, #3415 ) ;
#3930 = AXIS2_PLACEMENT_3D ( 'NONE', #1174, #3360, #4045 ) ;
#3931 = CARTESIAN_POINT ( 'NONE',  ( -7.633465322168693667, 7.686291501015230843, 42.55315238120643073 ) ) ;
#3932 = DIRECTION ( 'NONE',  ( -0.000000000000000000, -1.000000000000000000, 0.000000000000000000 ) ) ;
#3933 = EDGE_CURVE ( 'NONE', #2887, #1658, #2517, .T. ) ;
#3934 = EDGE_CURVE ( 'NONE', #3577, #586, #3084, .T. ) ;
#3935 = VECTOR ( 'NONE', #3201, 1000.000000000000000 ) ;
#3936 =( BOUNDED_SURFACE ( )  B_SPLINE_SURFACE ( 3, 2, ( 
 ( #613, #217, #3931 ),
 ( #1326, #2017, #1747 ),
 ( #4669, #1429, #4181 ),
 ( #4315, #1090, #3797 ) ),
 .UNSPECIFIED., .F., .F., .T. ) 
 B_SPLINE_SURFACE_WITH_KNOTS ( ( 4, 4 ),
 ( 3, 3 ),
 ( 0.6952826011054192845, 0.7269779135318784613 ),
 ( 0.8573737462567589951, 1.000000000000000000 ),
 .UNSPECIFIED. ) 
 GEOMETRIC_REPRESENTATION_ITEM ( )  RATIONAL_B_SPLINE_SURFACE ( (
 ( 0.9813833686719642957, 0.9891432228889006639, 1.000000000000000000),
 ( 0.9813835411197644465, 0.9891433234563609123, 1.000000000000000000),
 ( 0.9812051460251445256, 0.9890392876753500984, 1.000000000000000000),
 ( 0.9808422489973814828, 0.9888276547501833047, 1.000000000000000000) ) ) 
 REPRESENTATION_ITEM ( '' )  SURFACE ( )  );
#3938 = CARTESIAN_POINT ( 'NONE',  ( 0.1665346778312998544, 29.00000000000000000, 45.00000000000000000 ) ) ;
#3937 = AXIS2_PLACEMENT_3D ( 'NONE', #2227, #2603, #448 ) ;
#3939 = ORIENTED_EDGE ( 'NONE', *, *, #2656, .F. ) ;
#3940 = VERTEX_POINT ( 'NONE', #2630 ) ;
#3941 = AXIS2_PLACEMENT_3D ( 'NONE', #2282, #3755, #2970 ) ;
#3942 = AXIS2_PLACEMENT_3D ( 'NONE', #3495, #4300, #686 ) ;
#3943 = CARTESIAN_POINT ( 'NONE',  ( 9.366540677831300954, 7.686291771897312053, 24.91475772737173244 ) ) ;
#3944 = DIRECTION ( 'NONE',  ( 0.000000000000000000, 1.000000000000000000, -0.000000000000000000 ) ) ;
#3945 = CARTESIAN_POINT ( 'NONE',  ( 12.13001153514424857, 13.76347685731295556, 33.58431484429377889 ) ) ;
#3946 = CARTESIAN_POINT ( 'NONE',  ( 17.36653467783129301, 29.00000000000000000, -44.19690671692822548 ) ) ;
#3947 = CIRCLE ( 'NONE', #1360, 34.00000000000000000 ) ;
#3948 = LINE ( 'NONE', #2824, #2726 ) ;
#3949 = EDGE_LOOP ( 'NONE', ( #2421, #3302 ) ) ;
#3950 = EDGE_LOOP ( 'NONE', ( #4642, #4116, #511, #3928 ) ) ;
#3951 = DIRECTION ( 'NONE',  ( 0.000000000000000000, -1.000000000000000000, 0.000000000000000000 ) ) ;
#3952 = CARTESIAN_POINT ( 'NONE',  ( 23.36653467783131433, 29.00000000000000000, 35.51617265383811173 ) ) ;
#3953 = EDGE_LOOP ( 'NONE', ( #1686, #698 ) ) ;
#3954 = EDGE_CURVE ( 'NONE', #815, #3577, #2788, .T. ) ;
#3955 = LINE ( 'NONE', #1109, #3766 ) ;
#3956 = VERTEX_POINT ( 'NONE', #814 ) ;
#3957 = CARTESIAN_POINT ( 'NONE',  ( -3.633465322168700329, 28.00000000000000000, -24.00000000000000000 ) ) ;
#3958 = CARTESIAN_POINT ( 'NONE',  ( 6.366534677831293898, 29.00000000000000000, -54.28728536187934850 ) ) ;
#3959 = DIRECTION ( 'NONE',  ( 0.000000000000000000, 0.000000000000000000, -1.000000000000000000 ) ) ;
#3960 = VERTEX_POINT ( 'NONE', #3301 ) ;
#3961 = ORIENTED_EDGE ( 'NONE', *, *, #3877, .T. ) ;
#3962 = CARTESIAN_POINT ( 'NONE',  ( 4.237173169454361954, 10.01764279664339874, 23.50521746108748644 ) ) ;
#3963 =( BOUNDED_CURVE ( )  B_SPLINE_CURVE ( 3, ( #4647, #3639, #4310, #52 ),
 .UNSPECIFIED., .F., .F. ) 
 B_SPLINE_CURVE_WITH_KNOTS ( ( 4, 4 ),
 ( 5.061375388055927793, 5.497787143782138841 ),
 .UNSPECIFIED. ) 
 CURVE ( )  GEOMETRIC_REPRESENTATION_ITEM ( )  RATIONAL_B_SPLINE_CURVE ( ( 1.000000000000000000, 0.9841916060487286844, 0.9841916060487286844, 1.000000000000000000 ) ) 
 REPRESENTATION_ITEM ( '' )  );
#3964 = CARTESIAN_POINT ( 'NONE',  ( -10.39694217948164834, 13.76347685731294490, 33.58431484429377889 ) ) ;
#3965 = CARTESIAN_POINT ( 'NONE',  ( 9.366546677831298240, 14.47181843397838108, -16.50646036326181587 ) ) ;
#3966 = DIRECTION ( 'NONE',  ( -0.000000000000000000, -1.000000000000000000, -0.000000000000000000 ) ) ;
#3967 = CARTESIAN_POINT ( 'NONE',  ( 4.483447228339129786, 9.886915184307730087, 22.67508649483076866 ) ) ;
#3968 = ORIENTED_EDGE ( 'NONE', *, *, #2290, .F. ) ;
#3969 = EDGE_LOOP ( 'NONE', ( #1249, #1359, #1147, #2886 ) ) ;
#3970 = FACE_OUTER_BOUND ( 'NONE', #4345, .T. ) ;
#3971 = PRODUCT_CONTEXT ( 'NONE', #3330, 'mechanical' ) ;
#3972 = VERTEX_POINT ( 'NONE', #2686 ) ;
#3973 = CARTESIAN_POINT ( 'NONE',  ( 5.366534677831306333, 9.976200521110634156, 22.57520329100784195 ) ) ;
#3974 = EDGE_LOOP ( 'NONE', ( #3705, #3890, #4070, #2644 ) ) ;
#3975 = EDGE_CURVE ( 'NONE', #3972, #1133, #1513, .T. ) ;
#3976 = LINE ( 'NONE', #408, #3853 ) ;
#3977 = DIRECTION ( 'NONE',  ( 0.000000000000000000, 0.000000000000000000, 1.000000000000000000 ) ) ;
#3978 = DIRECTION ( 'NONE',  ( 0.000000000000000000, -1.000000000000000000, 0.000000000000000000 ) ) ;
#3979 = CARTESIAN_POINT ( 'NONE',  ( -20.96400476697995430, 11.00000000000000355, 29.66868576516458589 ) ) ;
#3980 = VERTEX_POINT ( 'NONE', #481 ) ;
#3981 = ADVANCED_FACE ( 'NONE', ( #4424 ), #3329, .F. ) ;
#3982 = ORIENTED_EDGE ( 'NONE', *, *, #4007, .F. ) ;
#3983 = LINE ( 'NONE', #395, #3406 ) ;
#3984 = EDGE_CURVE ( 'NONE', #115, #1564, #3356, .T. ) ;
#3985 = CYLINDRICAL_SURFACE ( 'NONE', #1018, 1.000000000000000888 ) ;
#3986 = EDGE_CURVE ( 'NONE', #3434, #4339, #2278, .T. ) ;
#3987 = CARTESIAN_POINT ( 'NONE',  ( -3.633465322168700773, 10.17876285550874016, -22.34285714285714519 ) ) ;
#3988 = EDGE_CURVE ( 'NONE', #3956, #2607, #3657, .T. ) ;
#3989 = ORIENTED_EDGE ( 'NONE', *, *, #2780, .T. ) ;
#3990 = CARTESIAN_POINT ( 'NONE',  ( -18.63346532216869988, 22.00000000000000000, -31.68091407673361104 ) ) ;
#3991 =( NAMED_UNIT ( * ) SI_UNIT ( $, .STERADIAN. ) SOLID_ANGLE_UNIT ( ) );
#3992 = EDGE_LOOP ( 'NONE', ( #1193, #4405, #915 ) ) ;
#3993 = DIRECTION ( 'NONE',  ( 0.9437921780900001556, 0.000000000000000000, 0.3305394448112560224 ) ) ;
#3994 = AXIS2_PLACEMENT_3D ( 'NONE', #1613, #3055, #824 ) ;
#3995 = ORIENTED_EDGE ( 'NONE', *, *, #2284, .F. ) ;
#3996 = ORIENTED_EDGE ( 'NONE', *, *, #3120, .T. ) ;
#3997 = DIRECTION ( 'NONE',  ( -1.000000000000000000, 0.000000000000000000, 0.000000000000000000 ) ) ;
#3998 = CARTESIAN_POINT ( 'NONE',  ( 9.366540677831300954, 7.686291771897312053, 24.91475772737173244 ) ) ;
#3999 = CARTESIAN_POINT ( 'NONE',  ( 20.36653467783129656, 22.00000000000000711, -33.46118902091272673 ) ) ;
#4000 = CIRCLE ( 'NONE', #1954, 1.000000000000000888 ) ;
#4001 = CIRCLE ( 'NONE', #4461, 1.399999999999998579 ) ;
#4002 = ORIENTED_EDGE ( 'NONE', *, *, #466, .F. ) ;
#4003 = ORIENTED_EDGE ( 'NONE', *, *, #317, .F. ) ;
#4004 = VECTOR ( 'NONE', #1989, 1000.000000000000000 ) ;
#4005 = DIRECTION ( 'NONE',  ( 0.000000000000000000, -1.000000000000000000, 0.000000000000000000 ) ) ;
#4006 = TOROIDAL_SURFACE ( 'NONE', #3930, 2.000000000000000000, 1.000000000000000000 ) ;
#4007 = EDGE_CURVE ( 'NONE', #777, #1133, #3046, .T. ) ;
#4008 = VECTOR ( 'NONE', #2266, 1000.000000000000114 ) ;
#4009 = AXIS2_PLACEMENT_3D ( 'NONE', #1976, #3423, #2683 ) ;
#4010 =( GEOMETRIC_REPRESENTATION_CONTEXT ( 3 ) GLOBAL_UNCERTAINTY_ASSIGNED_CONTEXT ( ( #669 ) ) GLOBAL_UNIT_ASSIGNED_CONTEXT ( ( #4353, #761, #3991 ) ) REPRESENTATION_CONTEXT ( 'NONE', 'WORKASPACE' ) );
#4011 = CARTESIAN_POINT ( 'NONE',  ( -7.633465322168702549, 29.00000000000000000, -44.00179448441493690 ) ) ;
#4012 = DIRECTION ( 'NONE',  ( 0.000000000000000000, 1.000000000000000000, 0.000000000000000000 ) ) ;
#4013 = AXIS2_PLACEMENT_3D ( 'NONE', #345, #3978, #3574 ) ;
#4014 = CIRCLE ( 'NONE', #1666, 1.000000000000000000 ) ;
#4015 = CARTESIAN_POINT ( 'NONE',  ( -3.633465322168700773, 9.976200521110689223, -22.57520329100784195 ) ) ;
#4016 = AXIS2_PLACEMENT_3D ( 'NONE', #2118, #4590, #4281 ) ;
#4017 = DIRECTION ( 'NONE',  ( 0.000000000000000000, 0.000000000000000000, -1.000000000000000000 ) ) ;
#4018 = ADVANCED_FACE ( 'NONE', ( #1171 ), #1993, .T. ) ;
#4019 = DIRECTION ( 'NONE',  ( 0.000000000000000000, 0.000000000000000000, 1.000000000000000000 ) ) ;
#4020 = ORIENTED_EDGE ( 'NONE', *, *, #3986, .F. ) ;
#4021 = ADVANCED_FACE ( 'NONE', ( #578, #1673 ), #4547, .T. ) ;
#4022 = VERTEX_POINT ( 'NONE', #4189 ) ;
#4023 = ORIENTED_EDGE ( 'NONE', *, *, #2782, .T. ) ;
#4024 = FACE_OUTER_BOUND ( 'NONE', #4571, .T. ) ;
#4025 = CARTESIAN_POINT ( 'NONE',  ( -9.976611072676307757, 13.34314575050760254, 38.43055517610131488 ) ) ;
#4026 = EDGE_CURVE ( 'NONE', #3924, #542, #2708, .T. ) ;
#4027 = DIRECTION ( 'NONE',  ( 0.000000000000000000, 0.000000000000000000, -1.000000000000000000 ) ) ;
#4028 = CYLINDRICAL_SURFACE ( 'NONE', #376, 8.000000000000000000 ) ;
#4029 = ORIENTED_EDGE ( 'NONE', *, *, #3198, .F. ) ;
#4030 = ORIENTED_EDGE ( 'NONE', *, *, #590, .T. ) ;
#4031 = CARTESIAN_POINT ( 'NONE',  ( 4.366534677831306333, 10.93252891026713591, 23.00000000000000000 ) ) ;
#4032 = FACE_OUTER_BOUND ( 'NONE', #2071, .T. ) ;
#4033 = DIRECTION ( 'NONE',  ( 0.000000000000000000, -1.000000000000000000, 0.000000000000000000 ) ) ;
#4034 = ADVANCED_FACE ( 'NONE', ( #2373 ), #4523, .F. ) ;
#4035 = CARTESIAN_POINT ( 'NONE',  ( 0.1665346778313000764, 5.000000000000000000, -45.00000000000000000 ) ) ;
#4036 = EDGE_CURVE ( 'NONE', #3960, #1117, #4157, .T. ) ;
#4037 = CARTESIAN_POINT ( 'NONE',  ( 12.13001153514424857, 13.76347685731293069, -29.49672888746014721 ) ) ;
#4038 = CARTESIAN_POINT ( 'NONE',  ( 20.36653467783129656, 22.00000000000001066, -31.24115966552355061 ) ) ;
#4039 = DIRECTION ( 'NONE',  ( 0.000000000000000000, 0.000000000000000000, -1.000000000000000000 ) ) ;
#4040 = ORIENTED_EDGE ( 'NONE', *, *, #3147, .T. ) ;
#4041 = CARTESIAN_POINT ( 'NONE',  ( 4.346199896889615388, 10.52065862950784769, -23.23300308889471211 ) ) ;
#4042 = ORIENTED_EDGE ( 'NONE', *, *, #3782, .T. ) ;
#4043 = EDGE_LOOP ( 'NONE', ( #4589, #1411, #1172, #2197 ) ) ;
#4044 = CARTESIAN_POINT ( 'NONE',  ( 12.54422509751734616, 14.17769041968602650, -34.58431484429377889 ) ) ;
#4045 = DIRECTION ( 'NONE',  ( 0.000000000000000000, 0.000000000000000000, -1.000000000000000000 ) ) ;
#4046 = CARTESIAN_POINT ( 'NONE',  ( 9.695067890128649779, 9.999440444886849022, -22.55629185580620444 ) ) ;
#4047 = CARTESIAN_POINT ( 'NONE',  ( 9.366534677831301892, 7.686291501015252159, 44.19690671692822548 ) ) ;
#4048 = CARTESIAN_POINT ( 'NONE',  ( -21.63346532216869988, 11.00000000000000355, 30.61247794325458571 ) ) ;
#4049 = ORIENTED_EDGE ( 'NONE', *, *, #734, .T. ) ;
#4050 = EDGE_CURVE ( 'NONE', #2468, #3389, #2248, .T. ) ;
#4051 = DIRECTION ( 'NONE',  ( 0.9944301893505251844, 0.000000000000000000, -0.1053973363433754751 ) ) ;
#4052 = DIRECTION ( 'NONE',  ( 0.000000000000000000, 0.000000000000000000, 1.000000000000000000 ) ) ;
#4053 =( NAMED_UNIT ( * ) SI_UNIT ( $, .STERADIAN. ) SOLID_ANGLE_UNIT ( ) );
#4054 = ORIENTED_EDGE ( 'NONE', *, *, #989, .F. ) ;
#4055 = CARTESIAN_POINT ( 'NONE',  ( -1.633465322168694556, 28.00000000000000000, 24.00000000000000000 ) ) ;
#4056 = DIRECTION ( 'NONE',  ( 0.000000000000000000, 0.000000000000000000, -1.000000000000000000 ) ) ;
#4057 = CARTESIAN_POINT ( 'NONE',  ( 9.366534677831291233, 29.00000000000000000, -57.50000000000000000 ) ) ;
#4058 = CARTESIAN_POINT ( 'NONE',  ( 3.445655798858993979, 9.045614432500673985, 24.00000000000000000 ) ) ;
#4059 = VERTEX_POINT ( 'NONE', #2654 ) ;
#4060 = CARTESIAN_POINT ( 'NONE',  ( 0.3665346778313049447, 3.900000000000000799, -39.99832061887032353 ) ) ;
#4061 = ORIENTED_EDGE ( 'NONE', *, *, #584, .F. ) ;
#4062 = CARTESIAN_POINT ( 'NONE',  ( 3.740267987553017370, 9.187224678520266252, -23.93031012801308677 ) ) ;
#4063 = ADVANCED_FACE ( 'NONE', ( #4107 ), #3369, .F. ) ;
#4064 = EDGE_LOOP ( 'NONE', ( #1421, #3675, #4209, #380 ) ) ;
#4065 = ORIENTED_EDGE ( 'NONE', *, *, #4184, .T. ) ;
#4066 = PLANE ( 'NONE',  #4383 ) ;
#4067 = CARTESIAN_POINT ( 'NONE',  ( 0.1665346778313000764, 29.00000000000000000, -45.00000000000000000 ) ) ;
#4068 = DIRECTION ( 'NONE',  ( 0.9437921780900001556, 0.000000000000000000, 0.3305394448112560224 ) ) ;
#4069 = CARTESIAN_POINT ( 'NONE',  ( 0.3665346778313054998, 0.000000000000000000, -44.99832061887032353 ) ) ;
#4070 = ORIENTED_EDGE ( 'NONE', *, *, #3315, .F. ) ;
#4071 = AXIS2_PLACEMENT_3D ( 'NONE', #194, #118, #4436 ) ;
#4072 = DIRECTION ( 'NONE',  ( 0.000000000000000000, 0.000000000000000000, -1.000000000000000000 ) ) ;
#4073 = ORIENTED_EDGE ( 'NONE', *, *, #705, .F. ) ;
#4074 = EDGE_CURVE ( 'NONE', #3702, #721, #905, .T. ) ;
#4075 = DIRECTION ( 'NONE',  ( -0.000000000000000000, -1.000000000000000000, 0.000000000000000000 ) ) ;
#4077 = FACE_BOUND ( 'NONE', #3828, .T. ) ;
#4076 = AXIS2_PLACEMENT_3D ( 'NONE', #3146, #3857, #1291 ) ;
#4078 = ORIENTED_EDGE ( 'NONE', *, *, #950, .T. ) ;
#4079 = VECTOR ( 'NONE', #3557, 1000.000000000000000 ) ;
#4080 = AXIS2_PLACEMENT_3D ( 'NONE', #4406, #2520, #2211 ) ;
#4081 = CARTESIAN_POINT ( 'NONE',  ( -1.789679667340667191, 8.345760216374598528, 24.28571427881144373 ) ) ;
#4082 = LINE ( 'NONE', #1549, #2628 ) ;
#4083 = CARTESIAN_POINT ( 'NONE',  ( -2.008073165340953814, 9.187957548018923504, -23.92994691289264608 ) ) ;
#4084 = CARTESIAN_POINT ( 'NONE',  ( 6.366534677831293898, 29.00000000000000000, -51.28728536187934850 ) ) ;
#4085 = AXIS2_PLACEMENT_3D ( 'NONE', #18, #2219, #3223 ) ;
#4087 = VECTOR ( 'NONE', #1168, 1000.000000000000114 ) ;
#4086 =( BOUNDED_CURVE ( )  B_SPLINE_CURVE ( 3, ( #4349, #2531, #754, #2270 ),
 .UNSPECIFIED., .F., .F. ) 
 B_SPLINE_CURVE_WITH_KNOTS ( ( 4, 4 ),
 ( 5.049264069979347624, 6.283185307179586232 ),
 .UNSPECIFIED. ) 
 CURVE ( )  GEOMETRIC_REPRESENTATION_ITEM ( )  RATIONAL_B_SPLINE_CURVE ( ( 1.000000000000000000, 0.8770937881112429446, 0.8770937881112429446, 1.000000000000000000 ) ) 
 REPRESENTATION_ITEM ( '' )  );
#4088 = VERTEX_POINT ( 'NONE', #1569 ) ;
#4089 = VECTOR ( 'NONE', #3772, 1000.000000000000000 ) ;
#4090 = AXIS2_PLACEMENT_3D ( 'NONE', #573, #3085, #4111 ) ;
#4091 = EDGE_LOOP ( 'NONE', ( #2079, #1294 ) ) ;
#4092 = AXIS2_PLACEMENT_3D ( 'NONE', #3010, #3801, #2985 ) ;
#4093 = ORIENTED_EDGE ( 'NONE', *, *, #4472, .F. ) ;
#4094 = ORIENTED_EDGE ( 'NONE', *, *, #2089, .T. ) ;
#4095 = CYLINDRICAL_SURFACE ( 'NONE', #3476, 1.500000000000001332 ) ;
#4096 = ADVANCED_FACE ( 'NONE', ( #3318 ), #3391, .T. ) ;
#4097 = AXIS2_PLACEMENT_3D ( 'NONE', #2295, #4538, #4517 ) ;
#4098 = DIRECTION ( 'NONE',  ( 0.000000000000000000, -0.000000000000000000, -1.000000000000000000 ) ) ;
#4099 = DIRECTION ( 'NONE',  ( -0.000000000000000000, -1.000000000000000000, -0.000000000000000000 ) ) ;
#4100 = EDGE_LOOP ( 'NONE', ( #2168, #1554, #1682, #1412 ) ) ;
#4101 = VERTEX_POINT ( 'NONE', #168 ) ;
#4102 = CARTESIAN_POINT ( 'NONE',  ( -11.39694217948164834, -6.099999999999997868, 28.49672888746014721 ) ) ;
#4103 = DIRECTION ( 'NONE',  ( -0.000000000000000000, -1.000000000000000000, -0.000000000000000000 ) ) ;
#4104 = ADVANCED_FACE ( 'NONE', ( #1917 ), #1896, .F. ) ;
#4105 = ORIENTED_EDGE ( 'NONE', *, *, #2964, .F. ) ;
#4106 = CYLINDRICAL_SURFACE ( 'NONE', #2489, 1.399999999999998579 ) ;
#4107 = FACE_OUTER_BOUND ( 'NONE', #4584, .T. ) ;
#4108 = DIRECTION ( 'NONE',  ( 0.000000000000000000, 0.000000000000000000, -1.000000000000000000 ) ) ;
#4109 = CARTESIAN_POINT ( 'NONE',  ( -9.976611072676329073, 13.34314575050765228, -24.98221043929624940 ) ) ;
#4110 = ORIENTED_EDGE ( 'NONE', *, *, #2020, .T. ) ;
#4111 = DIRECTION ( 'NONE',  ( 0.000000000000000000, 0.000000000000000000, -1.000000000000000000 ) ) ;
#4112 = DIRECTION ( 'NONE',  ( -0.000000000000000000, -1.000000000000000000, -0.000000000000000000 ) ) ;
#4113 = ORIENTED_EDGE ( 'NONE', *, *, #235, .F. ) ;
#4114 = CARTESIAN_POINT ( 'NONE',  ( 4.482205898832431146, 9.561756408662802187, -23.03401240086978419 ) ) ;
#4115 = ORIENTED_EDGE ( 'NONE', *, *, #3892, .T. ) ;
#4116 = ORIENTED_EDGE ( 'NONE', *, *, #3620, .T. ) ;
#4117 = FACE_OUTER_BOUND ( 'NONE', #2738, .T. ) ;
#4118 = CARTESIAN_POINT ( 'NONE',  ( 20.36653467783130012, 21.99999999999998224, 31.68091407673361104 ) ) ;
#4119 = LINE ( 'NONE', #209, #3023 ) ;
#4120 = LINE ( 'NONE', #4432, #4537 ) ;
#4121 = ADVANCED_FACE ( 'NONE', ( #1596 ), #4152, .F. ) ;
#4122 = ORIENTED_EDGE ( 'NONE', *, *, #2647, .T. ) ;
#4123 = ADVANCED_FACE ( 'NONE', ( #3036 ), #1617, .T. ) ;
#4124 = CARTESIAN_POINT ( 'NONE',  ( 5.158806606488541391, 9.373790950912999520, -23.23580418761340027 ) ) ;
#4125 = CARTESIAN_POINT ( 'NONE',  ( -7.633465322168710543, -15.44928300627867834, -3.215371421328153440E-14 ) ) ;
#4126 = ORIENTED_EDGE ( 'NONE', *, *, #2459, .F. ) ;
#4127 = CARTESIAN_POINT ( 'NONE',  ( -2.633465322168697220, 10.17876285550869220, 22.34285714285714164 ) ) ;
#4128 = DIRECTION ( 'NONE',  ( 0.000000000000000000, 1.000000000000000000, 0.000000000000000000 ) ) ;
#4129 = PLANE ( 'NONE',  #1584 ) ;
#4130 = DIRECTION ( 'NONE',  ( 0.000000000000000000, 1.000000000000000000, -0.000000000000000000 ) ) ;
#4131 = ORIENTED_EDGE ( 'NONE', *, *, #2852, .T. ) ;
#4132 = CARTESIAN_POINT ( 'NONE',  ( 0.3665346778313049447, -6.099999999999999645, 39.99832061887032353 ) ) ;
#4133 = EDGE_CURVE ( 'NONE', #4477, #1230, #4634, .T. ) ;
#4134 = DIRECTION ( 'NONE',  ( 0.000000000000000000, 0.000000000000000000, -1.000000000000000000 ) ) ;
#4135 = EDGE_CURVE ( 'NONE', #1046, #3679, #2052, .T. ) ;
#4136 = ORIENTED_EDGE ( 'NONE', *, *, #4155, .F. ) ;
#4137 = CARTESIAN_POINT ( 'NONE',  ( 3.366534677831306777, 9.045614421553072049, 24.00000000000000000 ) ) ;
#4138 = CARTESIAN_POINT ( 'NONE',  ( 10.18933804602601434, 11.82280336819469113, -40.06039484974874654 ) ) ;
#4139 = EDGE_LOOP ( 'NONE', ( #4414, #384, #2681, #4423 ) ) ;
#4140 = ORIENTED_EDGE ( 'NONE', *, *, #4268, .F. ) ;
#4141 = CARTESIAN_POINT ( 'NONE',  ( 3.366534677831306777, 29.00000000000000000, 23.00000000000000000 ) ) ;
#4142 = PLANE ( 'NONE',  #1154 ) ;
#4143 = FACE_OUTER_BOUND ( 'NONE', #3332, .T. ) ;
#4144 = ORIENTED_EDGE ( 'NONE', *, *, #1365, .T. ) ;
#4145 = ORIENTED_EDGE ( 'NONE', *, *, #4166, .T. ) ;
#4146 = CARTESIAN_POINT ( 'NONE',  ( 13.23540887148762657, 29.00000000000000000, 34.57874503364430296 ) ) ;
#4147 = DIRECTION ( 'NONE',  ( -8.047320829007369841E-16, -0.6571428571428558074, -0.7537660547584537074 ) ) ;
#4148 = CARTESIAN_POINT ( 'NONE',  ( 19.36653467783130012, -6.099999999999997868, 31.68091407673361104 ) ) ;
#4149 = AXIS2_PLACEMENT_3D ( 'NONE', #81, #434, #747 ) ;
#4150 = EDGE_LOOP ( 'NONE', ( #38, #1644, #2941, #3345 ) ) ;
#4151 = CARTESIAN_POINT ( 'NONE',  ( 20.11211089622318582, 21.74557621839186439, 30.88247807757828056 ) ) ;
#4152 = PLANE ( 'NONE',  #4229 ) ;
#4153 = CARTESIAN_POINT ( 'NONE',  ( -1.633465322168702105, 8.345760209329377233, -24.28571428571428825 ) ) ;
#4154 = CIRCLE ( 'NONE', #306, 1.000000000000000888 ) ;
#4155 = EDGE_CURVE ( 'NONE', #354, #335, #619, .T. ) ;
#4156 = CARTESIAN_POINT ( 'NONE',  ( 9.366534677831312550, 11.00000000000000355, -37.00000000000000711 ) ) ;
#4157 = B_SPLINE_CURVE_WITH_KNOTS ( 'NONE', 3,
 ( #3468, #2323, #3777, #556, #1980, #143, #1940, #1276, #882, #932, #545, #2980 ),
 .UNSPECIFIED., .F., .F.,
 ( 4, 2, 2, 2, 2, 4 ),
 ( 0.01106339676570412128, 0.01276424260200090949, 0.01446508843829769769, 0.01616593427459448590, 0.01701635719274288347, 0.01786678011089128451 ),
 .UNSPECIFIED. ) ;
#4158 = CIRCLE ( 'NONE', #688, 4.999999999999997335 ) ;
#4159 = CIRCLE ( 'NONE', #2110, 1.000000000000000888 ) ;
#4160 = CARTESIAN_POINT ( 'NONE',  ( 11.70968042833893108, 13.34314575050763985, 38.54005246743583513 ) ) ;
#4161 = CIRCLE ( 'NONE', #2113, 1.000000000000000888 ) ;
#4162 = VERTEX_POINT ( 'NONE', #4439 ) ;
#4163 = LINE ( 'NONE', #913, #4630 ) ;
#4164 = CARTESIAN_POINT ( 'NONE',  ( -11.39694217948164834, -6.099999999999997868, 29.49672888746014721 ) ) ;
#4165 = ORIENTED_EDGE ( 'NONE', *, *, #3933, .F. ) ;
#4166 = EDGE_CURVE ( 'NONE', #2232, #2453, #472, .T. ) ;
#4167 = CIRCLE ( 'NONE', #4013, 1.899999999999999023 ) ;
#4168 = AXIS2_PLACEMENT_3D ( 'NONE', #490, #1911, #3364 ) ;
#4169 = CARTESIAN_POINT ( 'NONE',  ( 19.36653467783130367, -6.099999999999997868, -32.92332030257301767 ) ) ;
#4170 = CARTESIAN_POINT ( 'NONE',  ( -2.633465322168700329, 28.00000000000000000, -23.00000000000000000 ) ) ;
#4171 = LINE ( 'NONE', #949, #3325 ) ;
#4172 = AXIS2_PLACEMENT_3D ( 'NONE', #4302, #687, #271 ) ;
#4173 = VECTOR ( 'NONE', #1052, 1000.000000000000000 ) ;
#4174 = LINE ( 'NONE', #991, #2324 ) ;
#4175 = ORIENTED_EDGE ( 'NONE', *, *, #3737, .F. ) ;
#4176 = COLOUR_RGB ( '',0.7921568627450980005, 0.8196078431372548767, 0.9333333333333333481 ) ;
#4177 = LINE ( 'NONE', #464, #1372 ) ;
#4178 = CARTESIAN_POINT ( 'NONE',  ( 9.366534677831291233, 6.938893903907228378E-15, -57.50000000000000000 ) ) ;
#4179 = ORIENTED_EDGE ( 'NONE', *, *, #3229, .T. ) ;
#4180 = CARTESIAN_POINT ( 'NONE',  ( -2.157137750759539063, 8.763889724367315281, 23.87224383760418789 ) ) ;
#4181 = CARTESIAN_POINT ( 'NONE',  ( -7.622025543071943687, 7.644345644074939550, 42.85640518632090590 ) ) ;
#4182 = CARTESIAN_POINT ( 'NONE',  ( -2.531282962907247747, 9.082164405547606734, -23.54445751237926032 ) ) ;
#4183 = DIRECTION ( 'NONE',  ( -1.000000000000000000, -0.000000000000000000, -0.000000000000000000 ) ) ;
#4184 = EDGE_CURVE ( 'NONE', #2687, #3017, #4082, .T. ) ;
#4185 = DIRECTION ( 'NONE',  ( 0.000000000000000000, 0.000000000000000000, -1.000000000000000000 ) ) ;
#4186 = DIRECTION ( 'NONE',  ( -0.000000000000000000, -1.000000000000000000, 0.000000000000000000 ) ) ;
#4187 = ORIENTED_EDGE ( 'NONE', *, *, #1614, .F. ) ;
#4188 = DIRECTION ( 'NONE',  ( 0.000000000000000000, 1.000000000000000000, 0.000000000000000000 ) ) ;
#4189 = CARTESIAN_POINT ( 'NONE',  ( 0.1665346778312974674, 5.000000000000000000, 35.10000000000000142 ) ) ;
#4190 = VERTEX_POINT ( 'NONE', #2618 ) ;
#4191 = EDGE_LOOP ( 'NONE', ( #391, #1264, #1538, #3910, #3300 ) ) ;
#4192 = CYLINDRICAL_SURFACE ( 'NONE', #4168, 1.000000000000000888 ) ;
#4193 = LINE ( 'NONE', #2332, #3623 ) ;
#4194 = CARTESIAN_POINT ( 'NONE',  ( 13.13001153514424857, 29.00000000000000000, 28.49672888746014721 ) ) ;
#4195 = CARTESIAN_POINT ( 'NONE',  ( -11.39694217948164834, 14.76347685731296444, -34.58431484429377889 ) ) ;
#4196 = ORIENTED_EDGE ( 'NONE', *, *, #3493, .F. ) ;
#4197 = CARTESIAN_POINT ( 'NONE',  ( 22.47193201417469055, 24.10539733634336201, 35.61098950357261117 ) ) ;
#4198 = ADVANCED_FACE ( 'NONE', ( #857 ), #2271, .F. ) ;
#4199 = CARTESIAN_POINT ( 'NONE',  ( 13.23540887148762657, 14.86887419365633178, 34.57874503364430296 ) ) ;
#4200 = ORIENTED_EDGE ( 'NONE', *, *, #399, .T. ) ;
#4201 = CARTESIAN_POINT ( 'NONE',  ( -17.63346532216869988, 29.00000000000000000, -31.68091407673361104 ) ) ;
#4202 = CARTESIAN_POINT ( 'NONE',  ( 0.3665346778313054998, -6.099999999999999645, -44.99832061887032353 ) ) ;
#4203 = DIRECTION ( 'NONE',  ( 0.000000000000000000, 0.000000000000000000, -1.000000000000000000 ) ) ;
#4204 = CARTESIAN_POINT ( 'NONE',  ( -2.617260376231649310, 10.56543624232110012, -23.20799123902163785 ) ) ;
#4205 = DIRECTION ( 'NONE',  ( 7.884785137984478595E-17, 0.000000000000000000, 1.000000000000000000 ) ) ;
#4206 = ORIENTED_EDGE ( 'NONE', *, *, #567, .F. ) ;
#4207 = DIRECTION ( 'NONE',  ( -0.000000000000000000, 1.000000000000000000, -0.000000000000000000 ) ) ;
#4208 = VERTEX_POINT ( 'NONE', #1452 ) ;
#4209 = ORIENTED_EDGE ( 'NONE', *, *, #3581, .T. ) ;
#4210 =( BOUNDED_CURVE ( )  B_SPLINE_CURVE ( 3, ( #415, #4347, #1863, #3622 ),
 .UNSPECIFIED., .F., .F. ) 
 B_SPLINE_CURVE_WITH_KNOTS ( ( 4, 4 ),
 ( 4.375513890790033500, 6.283185307179586232 ),
 .UNSPECIFIED. ) 
 CURVE ( )  GEOMETRIC_REPRESENTATION_ITEM ( )  RATIONAL_B_SPLINE_CURVE ( ( 1.000000000000000000, 0.7190391957001965872, 0.7190391957001965872, 1.000000000000000000 ) ) 
 REPRESENTATION_ITEM ( '' )  );
#4211 = LINE ( 'NONE', #4261, #1083 ) ;
#4212 = DIRECTION ( 'NONE',  ( 0.000000000000000000, 0.000000000000000000, -1.000000000000000000 ) ) ;
#4213 = LINE ( 'NONE', #2010, #1017 ) ;
#4214 = CARTESIAN_POINT ( 'NONE',  ( 13.13001153514424857, -6.099999999999997868, -34.58431484429377889 ) ) ;
#4215 = VERTEX_POINT ( 'NONE', #4535 ) ;
#4216 = CARTESIAN_POINT ( 'NONE',  ( 23.36653467783131433, 24.99999999999998579, 34.61655931422208710 ) ) ;
#4217 = ADVANCED_FACE ( 'NONE', ( #1407, #3200, #1302, #4649, #2882, #2130, #3592, #2854, #2474, #1111 ), #1063, .F. ) ;
#4218 = LINE ( 'NONE', #263, #4606 ) ;
#4219 = ORIENTED_EDGE ( 'NONE', *, *, #2964, .T. ) ;
#4220 = EDGE_CURVE ( 'NONE', #2664, #880, #3440, .T. ) ;
#4221 = VERTEX_POINT ( 'NONE', #4202 ) ;
#4222 = PLANE ( 'NONE',  #2415 ) ;
#4223 = LINE ( 'NONE', #1003, #4615 ) ;
#4224 = CARTESIAN_POINT ( 'NONE',  ( 13.13001153514424857, 14.76347685731293424, -34.58431484429377889 ) ) ;
#4225 = AXIS2_PLACEMENT_3D ( 'NONE', #3938, #12, #3959 ) ;
#4226 = FACE_OUTER_BOUND ( 'NONE', #3053, .T. ) ;
#4227 = ORIENTED_EDGE ( 'NONE', *, *, #328, .T. ) ;
#4228 = DIRECTION ( 'NONE',  ( -1.000000000000000000, 0.000000000000000000, -0.000000000000000000 ) ) ;
#4229 = AXIS2_PLACEMENT_3D ( 'NONE', #4492, #2312, #1972 ) ;
#4230 = ORIENTED_EDGE ( 'NONE', *, *, #126, .T. ) ;
#4231 = VERTEX_POINT ( 'NONE', #362 ) ;
#4232 = DIRECTION ( 'NONE',  ( -0.3305394448112555228, 0.000000000000000000, 0.9437921780900003776 ) ) ;
#4233 = AXIS2_PLACEMENT_3D ( 'NONE', #2993, #2169, #3734 ) ;
#4234 = PLANE ( 'NONE',  #2548 ) ;
#4235 = LINE ( 'NONE', #3568, #3171 ) ;
#4236 = DIRECTION ( 'NONE',  ( -1.734723475976805517E-15, 0.000000000000000000, -1.000000000000000000 ) ) ;
#4237 = LINE ( 'NONE', #3071, #3008 ) ;
#4238 = VECTOR ( 'NONE', #641, 1000.000000000000000 ) ;
#4240 = VECTOR ( 'NONE', #2494, 1000.000000000000000 ) ;
#4239 =( BOUNDED_CURVE ( )  B_SPLINE_CURVE ( 3, ( #3225, #3629, #805, #96 ),
 .UNSPECIFIED., .F., .T. ) 
 B_SPLINE_CURVE_WITH_KNOTS ( ( 4, 4 ),
 ( 2.990375307245558112, 3.141592653589795336 ),
 .UNSPECIFIED. ) 
 CURVE ( )  GEOMETRIC_REPRESENTATION_ITEM ( )  RATIONAL_B_SPLINE_CURVE ( ( 1.000000000000000000, 0.9980953504610999838, 0.9980953504610999838, 1.000000000000000000 ) ) 
 REPRESENTATION_ITEM ( '' )  );
#4241 = EDGE_LOOP ( 'NONE', ( #1633, #1820, #4030, #645 ) ) ;
#4242 = ADVANCED_FACE ( 'NONE', ( #344 ), #1769, .F. ) ;
#4243 = CYLINDRICAL_SURFACE ( 'NONE', #5, 8.000000000000000000 ) ;
#4244 = AXIS2_PLACEMENT_3D ( 'NONE', #724, #387, #1454 ) ;
#4245 = VECTOR ( 'NONE', #522, 1000.000000000000114 ) ;
#4246 = CARTESIAN_POINT ( 'NONE',  ( -11.39694217948164834, 29.00000000000000000, -29.49672888746014721 ) ) ;
#4247 = DIRECTION ( 'NONE',  ( 0.000000000000000000, 0.000000000000000000, -1.000000000000000000 ) ) ;
#4248 = ORIENTED_EDGE ( 'NONE', *, *, #3380, .F. ) ;
#4249 = AXIS2_PLACEMENT_3D ( 'NONE', #3089, #456, #4546 ) ;
#4250 = ORIENTED_EDGE ( 'NONE', *, *, #2873, .T. ) ;
#4251 = DIRECTION ( 'NONE',  ( 0.000000000000000000, -1.000000000000000000, 0.000000000000000000 ) ) ;
#4252 = DIRECTION ( 'NONE',  ( 0.000000000000000000, 0.000000000000000000, -1.000000000000000000 ) ) ;
#4253 = ADVANCED_FACE ( 'NONE', ( #321 ), #3936, .F. ) ;
#4254 = DIRECTION ( 'NONE',  ( -0.9944301893505250733, 0.000000000000000000, -0.1053973363433759608 ) ) ;
#4255 = ADVANCED_FACE ( 'NONE', ( #2502 ), #957, .T. ) ;
#4256 = LINE ( 'NONE', #982, #1524 ) ;
#4257 = LINE ( 'NONE', #2490, #397 ) ;
#4258 = ORIENTED_EDGE ( 'NONE', *, *, #2979, .F. ) ;
#4259 = ADVANCED_FACE ( 'NONE', ( #2367 ), #2148, .F. ) ;
#4260 = ORIENTED_EDGE ( 'NONE', *, *, #2049, .T. ) ;
#4261 = CARTESIAN_POINT ( 'NONE',  ( 9.366534677831294786, 29.00000000000000000, -19.32535618980386261 ) ) ;
#4262 = CARTESIAN_POINT ( 'NONE',  ( 11.70968042833890621, 13.34314575050758656, -38.54005246743584934 ) ) ;
#4263 = CARTESIAN_POINT ( 'NONE',  ( 22.47193201417469055, 29.00000000000000000, -35.61098950357261117 ) ) ;
#4264 = DIRECTION ( 'NONE',  ( -7.884785137984479828E-17, 7.884785137984503247E-17, -1.000000000000000000 ) ) ;
#4265 = CARTESIAN_POINT ( 'NONE',  ( -2.633465322168700329, 9.045614421553137774, -24.00000000000000000 ) ) ;
#4266 = EDGE_LOOP ( 'NONE', ( #3204, #1241, #3538, #2676, #3790, #3413 ) ) ;
#4267 = DIRECTION ( 'NONE',  ( -1.264902534566421675E-16, -0.000000000000000000, -1.000000000000000000 ) ) ;
#4268 = EDGE_CURVE ( 'NONE', #1311, #777, #4446, .T. ) ;
#4269 =( BOUNDED_CURVE ( )  B_SPLINE_CURVE ( 3, ( #2559, #1124, #2, #4290 ),
 .UNSPECIFIED., .F., .T. ) 
 B_SPLINE_CURVE_WITH_KNOTS ( ( 4, 4 ),
 ( 0.000000000000000000, 1.233921237200238386 ),
 .UNSPECIFIED. ) 
 CURVE ( )  GEOMETRIC_REPRESENTATION_ITEM ( )  RATIONAL_B_SPLINE_CURVE ( ( 1.000000000000000000, 0.8770937881112429446, 0.8770937881112429446, 1.000000000000000000 ) ) 
 REPRESENTATION_ITEM ( '' )  );
#4270 = FACE_OUTER_BOUND ( 'NONE', #151, .T. ) ;
#4271 = EDGE_CURVE ( 'NONE', #1564, #833, #3692, .T. ) ;
#4272 = ORIENTED_EDGE ( 'NONE', *, *, #2507, .T. ) ;
#4273 = VERTEX_POINT ( 'NONE', #3842 ) ;
#4274 = CARTESIAN_POINT ( 'NONE',  ( 9.366534677831293010, 3.469446951953614189E-15, -51.28728536187934850 ) ) ;
#4275 = CARTESIAN_POINT ( 'NONE',  ( -11.72748162429290275, 29.00000000000000000, 28.55293670937014738 ) ) ;
#4276 = DIRECTION ( 'NONE',  ( -0.000000000000000000, -1.000000000000000000, -0.000000000000000000 ) ) ;
#4277 = EDGE_CURVE ( 'NONE', #103, #3665, #3548, .T. ) ;
#4278 = ADVANCED_FACE ( 'NONE', ( #4024 ), #1475, .T. ) ;
#4279 = CARTESIAN_POINT ( 'NONE',  ( -7.599230604281687285, 29.00000000000000000, 43.00507747612068243 ) ) ;
#4280 = EDGE_CURVE ( 'NONE', #4549, #2597, #2405, .T. ) ;
#4281 = DIRECTION ( 'NONE',  ( 0.000000000000000000, 0.000000000000000000, -1.000000000000000000 ) ) ;
#4282 = ORIENTED_EDGE ( 'NONE', *, *, #2074, .F. ) ;
#4283 = EDGE_LOOP ( 'NONE', ( #3919, #1114 ) ) ;
#4284 = ADVANCED_FACE ( 'NONE', ( #1540 ), #4006, .T. ) ;
#4285 = FACE_OUTER_BOUND ( 'NONE', #2291, .T. ) ;
#4286 = ADVANCED_FACE ( 'NONE', ( #1152 ), #3621, .F. ) ;
#4287 = CARTESIAN_POINT ( 'NONE',  ( 12.74682512600632833, 14.38029044817501223, -28.30297220130521296 ) ) ;
#4288 = DIRECTION ( 'NONE',  ( 0.000000000000000000, 0.000000000000000000, -1.000000000000000000 ) ) ;
#4289 = ORIENTED_EDGE ( 'NONE', *, *, #1701, .F. ) ;
#4290 = CARTESIAN_POINT ( 'NONE',  ( 22.69707412264256874, 24.33053944481128283, -29.66868576516459299 ) ) ;
#4291 = VERTEX_POINT ( 'NONE', #1129 ) ;
#4292 = DIRECTION ( 'NONE',  ( 0.000000000000000000, -0.000000000000000000, -1.000000000000000000 ) ) ;
#4293 = DIRECTION ( 'NONE',  ( -0.000000000000000000, -1.000000000000000000, 0.000000000000000000 ) ) ;
#4294 = DIRECTION ( 'NONE',  ( 0.000000000000000000, 0.000000000000000000, -1.000000000000000000 ) ) ;
#4295 = EDGE_LOOP ( 'NONE', ( #1992, #667 ) ) ;
#4296 = ORIENTED_EDGE ( 'NONE', *, *, #4271, .T. ) ;
#4297 = CARTESIAN_POINT ( 'NONE',  ( -1.788713449754783191, 8.345760209329311508, 24.28571428571429536 ) ) ;
#4298 = DIRECTION ( 'NONE',  ( 0.000000000000000000, -1.000000000000000000, 0.000000000000000000 ) ) ;
#4299 = CYLINDRICAL_SURFACE ( 'NONE', #1096, 1.500000000000001332 ) ;
#4300 = DIRECTION ( 'NONE',  ( -0.000000000000000000, -1.000000000000000000, -0.000000000000000000 ) ) ;
#4301 = EDGE_CURVE ( 'NONE', #1578, #3333, #2954, .T. ) ;
#4302 = CARTESIAN_POINT ( 'NONE',  ( -1.633465322168694556, 28.00000000000000000, 23.00000000000000000 ) ) ;
#4303 = VERTEX_POINT ( 'NONE', #430 ) ;
#4304 = AXIS2_PLACEMENT_3D ( 'NONE', #2382, #3508, #1410 ) ;
#4305 = ORIENTED_EDGE ( 'NONE', *, *, #1409, .T. ) ;
#4306 = PLANE ( 'NONE',  #2117 ) ;
#4307 = DIRECTION ( 'NONE',  ( 0.000000000000000000, 0.000000000000000000, -1.000000000000000000 ) ) ;
#4308 = VERTEX_POINT ( 'NONE', #771 ) ;
#4309 = VECTOR ( 'NONE', #1650, 1000.000000000000000 ) ;
#4310 = CARTESIAN_POINT ( 'NONE',  ( 10.88017615085282586, 12.51364147302153462, 24.15270616181014773 ) ) ;
#4311 = ADVANCED_FACE ( 'NONE', ( #817 ), #3304, .T. ) ;
#4312 = ORIENTED_EDGE ( 'NONE', *, *, #2519, .T. ) ;
#4313 = CIRCLE ( 'NONE', #842, 3.000000000000002665 ) ;
#4314 = EDGE_CURVE ( 'NONE', #3216, #4291, #4001, .T. ) ;
#4315 = CARTESIAN_POINT ( 'NONE',  ( -7.627923206667591494, 8.441761413099282407, 43.14754993724139354 ) ) ;
#4316 = DIRECTION ( 'NONE',  ( -0.000000000000000000, 1.000000000000000000, -0.000000000000000000 ) ) ;
#4317 = VECTOR ( 'NONE', #2450, 1000.000000000000000 ) ;
#4318 = CARTESIAN_POINT ( 'NONE',  ( -18.63346532216869988, 29.00000000000000000, -31.68091407673361104 ) ) ;
#4319 = ORIENTED_EDGE ( 'NONE', *, *, #3374, .F. ) ;
#4320 = EDGE_CURVE ( 'NONE', #2099, #46, #409, .T. ) ;
#4321 = B_SPLINE_CURVE_WITH_KNOTS ( 'NONE', 3,
 ( #316, #2742, #1338, #2426, #1649, #990 ),
 .UNSPECIFIED., .F., .F.,
 ( 4, 2, 4 ),
 ( 0.000000000000000000, 0.001741898128152563618, 0.003483796256305126370 ),
 .UNSPECIFIED. ) ;
#4322 = ORIENTED_EDGE ( 'NONE', *, *, #1027, .T. ) ;
#4323 = VECTOR ( 'NONE', #4576, 1000.000000000000000 ) ;
#4324 = CIRCLE ( 'NONE', #2869, 8.000000000000000000 ) ;
#4325 = CARTESIAN_POINT ( 'NONE',  ( 4.011700781882222344, 9.491427876387508178, 23.77810637400617111 ) ) ;
#4326 = FACE_OUTER_BOUND ( 'NONE', #4295, .T. ) ;
#4327 = CARTESIAN_POINT ( 'NONE',  ( -10.39694217948164834, 13.76347685731297155, -29.49672888746014721 ) ) ;
#4328 = AXIS2_PLACEMENT_3D ( 'NONE', #2704, #524, #502 ) ;
#4329 = CARTESIAN_POINT ( 'NONE',  ( -10.39694217948164834, 13.76347685731297155, -33.58431484429377889 ) ) ;
#4330 = AXIS2_PLACEMENT_3D ( 'NONE', #3060, #2679, #2982 ) ;
#4331 = CARTESIAN_POINT ( 'NONE',  ( 4.137661663980060744, 8.941918726569832998, 23.69002697473334251 ) ) ;
#4332 = ADVANCED_FACE ( 'NONE', ( #1835 ), #3284, .T. ) ;
#4333 = VERTEX_POINT ( 'NONE', #55 ) ;
#4334 = VERTEX_POINT ( 'NONE', #3707 ) ;
#4335 = CARTESIAN_POINT ( 'NONE',  ( -12.98914976367864327, 29.00000000000000000, 26.87569361452386119 ) ) ;
#4336 = DIRECTION ( 'NONE',  ( 0.000000000000000000, 0.000000000000000000, -1.000000000000000000 ) ) ;
#4337 = ORIENTED_EDGE ( 'NONE', *, *, #1365, .F. ) ;
#4338 = CARTESIAN_POINT ( 'NONE',  ( 9.366540677831293848, 7.686290439517446060, -24.91476163730689564 ) ) ;
#4339 = VERTEX_POINT ( 'NONE', #3335 ) ;
#4340 = EDGE_CURVE ( 'NONE', #3665, #837, #1148, .T. ) ;
#4341 = CARTESIAN_POINT ( 'NONE',  ( 13.58381919831190210, 15.21728452048059133, -26.47699770815205156 ) ) ;
#4342 = LINE ( 'NONE', #1112, #1228 ) ;
#4343 = CARTESIAN_POINT ( 'NONE',  ( -21.63346532216869988, -6.099999999999997868, 32.92229729729717747 ) ) ;
#4344 = EDGE_LOOP ( 'NONE', ( #3814, #660, #3819, #3308 ) ) ;
#4345 = EDGE_LOOP ( 'NONE', ( #4145, #4219, #2563, #2172 ) ) ;
#4346 = CARTESIAN_POINT ( 'NONE',  ( -3.425737250825935387, 9.373790950912949782, 23.23580418761340027 ) ) ;
#4347 = CARTESIAN_POINT ( 'NONE',  ( -11.01375577034372633, 14.38029044817504243, -28.30297220130521652 ) ) ;
#4348 = DIRECTION ( 'NONE',  ( 1.264902534566421675E-16, 0.000000000000000000, 1.000000000000000000 ) ) ;
#4349 = CARTESIAN_POINT ( 'NONE',  ( 22.69707412264256874, 24.33053944481124020, 29.66868576516459299 ) ) ;
#4350 = CARTESIAN_POINT ( 'NONE',  ( 4.366534677831324984, 10.17876285550868509, 22.34285714285714519 ) ) ;
#4351 = ORIENTED_EDGE ( 'NONE', *, *, #1357, .F. ) ;
#4352 = DIRECTION ( 'NONE',  ( 1.020425574104004122E-16, 0.000000000000000000, 1.000000000000000000 ) ) ;
#4353 =( LENGTH_UNIT ( ) NAMED_UNIT ( * ) SI_UNIT ( .MILLI., .METRE. ) );
#4354 = VERTEX_POINT ( 'NONE', #4380 ) ;
#4355 = DIRECTION ( 'NONE',  ( 0.000000000000000000, -1.000000000000000000, 0.000000000000000000 ) ) ;
#4356 = ORIENTED_EDGE ( 'NONE', *, *, #489, .T. ) ;
#4357 = ORIENTED_EDGE ( 'NONE', *, *, #3815, .F. ) ;
#4358 = CARTESIAN_POINT ( 'NONE',  ( -7.633465322168704326, 7.686291501709415996, -42.70388785442663249 ) ) ;
#4359 = ADVANCED_FACE ( 'NONE', ( #2608 ), #1907, .T. ) ;
#4360 = DIRECTION ( 'NONE',  ( 0.000000000000000000, -1.000000000000000000, 0.000000000000000000 ) ) ;
#4361 = FACE_BOUND ( 'NONE', #2616, .T. ) ;
#4362 = ORIENTED_EDGE ( 'NONE', *, *, #343, .T. ) ;
#4363 = EDGE_LOOP ( 'NONE', ( #4478, #1489, #107, #140 ) ) ;
#4364 = EDGE_CURVE ( 'NONE', #1133, #3940, #423, .T. ) ;
#4365 = LINE ( 'NONE', #17, #3400 ) ;
#4366 = FACE_OUTER_BOUND ( 'NONE', #4191, .T. ) ;
#4367 = DIRECTION ( 'NONE',  ( 0.000000000000000000, 0.000000000000000000, 1.000000000000000000 ) ) ;
#4368 = EDGE_CURVE ( 'NONE', #1761, #2553, #1072, .T. ) ;
#4369 = EDGE_CURVE ( 'NONE', #2300, #3702, #4671, .T. ) ;
#4370 = CARTESIAN_POINT ( 'NONE',  ( -17.73886265851207611, 21.10539733634339399, 33.91775049192354174 ) ) ;
#4371 = CARTESIAN_POINT ( 'NONE',  ( -10.39694217948164834, 13.76347685731293602, 29.49672888746014721 ) ) ;
#4372 = CARTESIAN_POINT ( 'NONE',  ( 4.366534677831321432, 10.72839393473038783, 23.11707501134251430 ) ) ;
#4373 = CARTESIAN_POINT ( 'NONE',  ( 5.366534677831301003, 29.00000000000000000, -23.00000000000000000 ) ) ;
#4374 = LINE ( 'NONE', #3655, #83 ) ;
#4375 = ORIENTED_EDGE ( 'NONE', *, *, #643, .T. ) ;
#4376 = PLANE ( 'NONE',  #381 ) ;
#4377 = ORIENTED_EDGE ( 'NONE', *, *, #343, .F. ) ;
#4378 = VERTEX_POINT ( 'NONE', #508 ) ;
#4379 = VECTOR ( 'NONE', #3279, 1000.000000000000000 ) ;
#4380 = CARTESIAN_POINT ( 'NONE',  ( -18.63346532216870344, 29.00000000000000000, -32.92332030257301767 ) ) ;
#4381 = DIRECTION ( 'NONE',  ( 0.000000000000000000, -1.000000000000000000, 0.000000000000000000 ) ) ;
#4382 = DIRECTION ( 'NONE',  ( -0.000000000000000000, 1.000000000000000000, -0.000000000000000000 ) ) ;
#4383 = AXIS2_PLACEMENT_3D ( 'NONE', #1856, #1580, #2992 ) ;
#4384 = VECTOR ( 'NONE', #4307, 1000.000000000000000 ) ;
#4385 = EDGE_LOOP ( 'NONE', ( #4110, #876, #4583, #3414 ) ) ;
#4386 = VERTEX_POINT ( 'NONE', #4170 ) ;
#4387 = CARTESIAN_POINT ( 'NONE',  ( 23.36653467783131433, 29.00000000000000000, -34.61655931422208710 ) ) ;
#4388 = VECTOR ( 'NONE', #1250, 1000.000000000000000 ) ;
#4389 = CARTESIAN_POINT ( 'NONE',  ( -18.63346532216869988, 29.00000000000000000, 31.68091407673361104 ) ) ;
#4390 = CARTESIAN_POINT ( 'NONE',  ( 20.36653467783130012, 29.00000000000000000, 31.68091407673361104 ) ) ;
#4391 = CIRCLE ( 'NONE', #2339, 35.00000000000000000 ) ;
#4392 = VECTOR ( 'NONE', #1647, 1000.000000000000000 ) ;
#4393 = FACE_OUTER_BOUND ( 'NONE', #4064, .T. ) ;
#4394 = DIRECTION ( 'NONE',  ( 0.000000000000000000, 0.7537660547584538184, -0.6571428571428558074 ) ) ;
#4395 = AXIS2_PLACEMENT_3D ( 'NONE', #2420, #2070, #1711 ) ;
#4396 = AXIS2_PLACEMENT_3D ( 'NONE', #471, #4514, #2292 ) ;
#4397 = CARTESIAN_POINT ( 'NONE',  ( 5.043717935729153723, 9.190608365118581702, 23.42952523599825909 ) ) ;
#4398 = ORIENTED_EDGE ( 'NONE', *, *, #489, .F. ) ;
#4399 = AXIS2_PLACEMENT_3D ( 'NONE', #170, #3823, #934 ) ;
#4400 = CARTESIAN_POINT ( 'NONE',  ( 19.47193201417468345, 21.10539733634336912, 33.91775049192354885 ) ) ;
#4401 = CARTESIAN_POINT ( 'NONE',  ( -7.633465322168712319, 7.686291501015261929, -24.91475852215815578 ) ) ;
#4402 = ORIENTED_EDGE ( 'NONE', *, *, #4368, .T. ) ;
#4403 = DIRECTION ( 'NONE',  ( -0.000000000000000000, -1.000000000000000000, -0.000000000000000000 ) ) ;
#4404 = VERTEX_POINT ( 'NONE', #3811 ) ;
#4405 = ORIENTED_EDGE ( 'NONE', *, *, #3072, .T. ) ;
#4406 = CARTESIAN_POINT ( 'NONE',  ( 0.3665346778313049447, 3.900000000000000799, 39.99832061887032353 ) ) ;
#4407 = DIRECTION ( 'NONE',  ( 0.000000000000000000, 0.000000000000000000, -1.000000000000000000 ) ) ;
#4408 = LINE ( 'NONE', #4570, #1816 ) ;
#4409 = DIRECTION ( 'NONE',  ( 0.000000000000000000, 0.000000000000000000, 1.000000000000000000 ) ) ;
#4410 = ORIENTED_EDGE ( 'NONE', *, *, #3684, .F. ) ;
#4411 = LINE ( 'NONE', #581, #3179 ) ;
#4412 = DIRECTION ( 'NONE',  ( 0.000000000000000000, -1.000000000000000000, 0.000000000000000000 ) ) ;
#4413 = DIRECTION ( 'NONE',  ( 0.000000000000000000, 1.000000000000000000, 0.000000000000000000 ) ) ;
#4414 = ORIENTED_EDGE ( 'NONE', *, *, #2757, .T. ) ;
#4415 = CARTESIAN_POINT ( 'NONE',  ( -18.63346532216870344, 22.00000000000002487, 32.92332030257301767 ) ) ;
#4416 = CARTESIAN_POINT ( 'NONE',  ( 13.58381919831191453, 15.21728452048061797, 26.47699770815205156 ) ) ;
#4417 = DIRECTION ( 'NONE',  ( 1.055918637551099976E-16, 0.000000000000000000, 1.000000000000000000 ) ) ;
#4418 = EDGE_CURVE ( 'NONE', #2147, #1447, #228, .T. ) ;
#4419 = CARTESIAN_POINT ( 'NONE',  ( -2.746148247704209400, 8.671540337339642690, -23.96243046733820492 ) ) ;
#4420 = ORIENTED_EDGE ( 'NONE', *, *, #4184, .F. ) ;
#4421 = DIRECTION ( 'NONE',  ( 1.000000000000000000, 0.000000000000000000, 0.000000000000000000 ) ) ;
#4422 = PLANE ( 'NONE',  #3628 ) ;
#4423 = ORIENTED_EDGE ( 'NONE', *, *, #1990, .T. ) ;
#4424 = FACE_OUTER_BOUND ( 'NONE', #251, .T. ) ;
#4425 = ORIENTED_EDGE ( 'NONE', *, *, #1758, .T. ) ;
#4426 = EDGE_CURVE ( 'NONE', #103, #1873, #2690, .T. ) ;
#4427 = ORIENTED_EDGE ( 'NONE', *, *, #2586, .F. ) ;
#4428 = EDGE_CURVE ( 'NONE', #3115, #359, #4526, .T. ) ;
#4429 = CARTESIAN_POINT ( 'NONE',  ( 12.13001153514424857, 13.76347685731293069, -33.58431484429377889 ) ) ;
#4430 = DIRECTION ( 'NONE',  ( 0.000000000000000000, 0.000000000000000000, 1.000000000000000000 ) ) ;
#4431 = DIRECTION ( 'NONE',  ( 0.000000000000000000, 0.000000000000000000, -1.000000000000000000 ) ) ;
#4432 = CARTESIAN_POINT ( 'NONE',  ( 9.366534677831293010, 11.00000000000000355, -44.19690671692822548 ) ) ;
#4433 = ORIENTED_EDGE ( 'NONE', *, *, #4591, .T. ) ;
#4434 = CARTESIAN_POINT ( 'NONE',  ( 12.13001153514424857, 13.76347685731293069, 0.000000000000000000 ) ) ;
#4435 = CARTESIAN_POINT ( 'NONE',  ( 0.3665346778313049447, 3.900000000000000799, -39.99832061887032353 ) ) ;
#4436 = DIRECTION ( 'NONE',  ( -1.734723475976808278E-15, -0.7537660547584530413, -0.6571428571428565846 ) ) ;
#4437 = VERTEX_POINT ( 'NONE', #3095 ) ;
#4438 = CARTESIAN_POINT ( 'NONE',  ( -3.633465322168694556, 10.17876285550869042, 22.34285714285714519 ) ) ;
#4439 = CARTESIAN_POINT ( 'NONE',  ( 3.366534677831300559, 9.045614421553137774, -24.00000000000000000 ) ) ;
#4440 = DIRECTION ( 'NONE',  ( 0.000000000000000000, 0.000000000000000000, 1.000000000000000000 ) ) ;
#4441 = CARTESIAN_POINT ( 'NONE',  ( -9.976611072676329073, 13.34314575050765228, -35.51617265383810462 ) ) ;
#4442 = ORIENTED_EDGE ( 'NONE', *, *, #3187, .F. ) ;
#4443 = ADVANCED_FACE ( 'NONE', ( #917 ), #4095, .F. ) ;
#4444 = CARTESIAN_POINT ( 'NONE',  ( -11.62099736893603463, 14.98753204676733475, 28.51564328030398343 ) ) ;
#4445 = VERTEX_POINT ( 'NONE', #1928 ) ;
#4446 =( BOUNDED_CURVE ( )  B_SPLINE_CURVE ( 3, ( #3459, #4341, #570, #1662 ),
 .UNSPECIFIED., .F., .F. ) 
 B_SPLINE_CURVE_WITH_KNOTS ( ( 4, 4 ),
 ( 5.049264069979348513, 5.497787143782138841 ),
 .UNSPECIFIED. ) 
 CURVE ( )  GEOMETRIC_REPRESENTATION_ITEM ( )  RATIONAL_B_SPLINE_CURVE ( ( 1.000000000000000000, 0.9833057313855612103, 0.9833057313855612103, 1.000000000000000000 ) ) 
 REPRESENTATION_ITEM ( '' )  );
#4447 = DIRECTION ( 'NONE',  ( 0.000000000000000000, 1.000000000000000000, 0.000000000000000000 ) ) ;
#4448 = ORIENTED_EDGE ( 'NONE', *, *, #470, .T. ) ;
#4449 = EDGE_LOOP ( 'NONE', ( #3177, #4455, #3753, #4319 ) ) ;
#4450 = CARTESIAN_POINT ( 'NONE',  ( -7.633465322168704326, 8.127729733909394128, -42.55315238120667232 ) ) ;
#4451 = EDGE_CURVE ( 'NONE', #3498, #3489, #108, .T. ) ;
#4452 = CARTESIAN_POINT ( 'NONE',  ( 5.366534677831306333, 10.17876285550868865, 22.34285714285714519 ) ) ;
#4453 = ORIENTED_EDGE ( 'NONE', *, *, #3191, .F. ) ;
#4454 = CIRCLE ( 'NONE', #999, 8.000000000000000000 ) ;
#4455 = ORIENTED_EDGE ( 'NONE', *, *, #1958, .F. ) ;
#4456 = CARTESIAN_POINT ( 'NONE',  ( 11.70968042833893108, 13.34314575050763985, 35.51617265383811173 ) ) ;
#4458 = FACE_OUTER_BOUND ( 'NONE', #907, .T. ) ;
#4457 = VECTOR ( 'NONE', #2146, 1000.000000000000114 ) ;
#4459 = ORIENTED_EDGE ( 'NONE', *, *, #787, .T. ) ;
#4460 = CIRCLE ( 'NONE', #2404, 34.00000000000000000 ) ;
#4461 = AXIS2_PLACEMENT_3D ( 'NONE', #4067, #1880, #3265 ) ;
#4462 = CARTESIAN_POINT ( 'NONE',  ( -1.938083085552632534, 9.136020175654843811, 23.95557511859023592 ) ) ;
#4463 = CARTESIAN_POINT ( 'NONE',  ( -15.63346532216869988, 7.686291501015240613, -44.00179448441493690 ) ) ;
#4464 = CARTESIAN_POINT ( 'NONE',  ( -3.429834364839444483, 9.381576268314173461, -23.22745456128560804 ) ) ;
#4465 = LINE ( 'NONE', #1551, #3873 ) ;
#4466 = VECTOR ( 'NONE', #3292, 1000.000000000000000 ) ;
#4467 = VECTOR ( 'NONE', #1522, 1000.000000000000000 ) ;
#4468 = EDGE_LOOP ( 'NONE', ( #668, #633, #649, #1840 ) ) ;
#4469 = CARTESIAN_POINT ( 'NONE',  ( -9.976611072676311309, 13.34314575050760610, 3.695040157946769359E-16 ) ) ;
#4470 = CIRCLE ( 'NONE', #1593, 1.500000000000001332 ) ;
#4471 = CARTESIAN_POINT ( 'NONE',  ( 19.69707412264255453, 21.33053944481124020, 30.73712189864361477 ) ) ;
#4472 = EDGE_CURVE ( 'NONE', #46, #149, #4193, .T. ) ;
#4473 = ORIENTED_EDGE ( 'NONE', *, *, #1814, .F. ) ;
#4474 = EDGE_CURVE ( 'NONE', #985, #480, #3021, .T. ) ;
#4475 = CARTESIAN_POINT ( 'NONE',  ( 4.039101187597138320, 9.545729606976248505, -23.75070898572358047 ) ) ;
#4476 = CIRCLE ( 'NONE', #2048, 1.000000000000000888 ) ;
#4477 = VERTEX_POINT ( 'NONE', #4480 ) ;
#4478 = ORIENTED_EDGE ( 'NONE', *, *, #2626, .T. ) ;
#4479 = DIRECTION ( 'NONE',  ( 1.020425574104004122E-16, 0.000000000000000000, 1.000000000000000000 ) ) ;
#4480 = CARTESIAN_POINT ( 'NONE',  ( -10.39694217948164834, 13.76347685731294490, 29.49672888746014721 ) ) ;
#4481 = VECTOR ( 'NONE', #1639, 1000.000000000000000 ) ;
#4482 = CARTESIAN_POINT ( 'NONE',  ( 9.366540677831300954, 12.52498790603705991, 19.32517145800101943 ) ) ;
#4483 = LINE ( 'NONE', #4048, #4608 ) ;
#4484 = ORIENTED_EDGE ( 'NONE', *, *, #3933, .T. ) ;
#4485 = EDGE_CURVE ( 'NONE', #2285, #2606, #1319, .T. ) ;
#4486 = EDGE_LOOP ( 'NONE', ( #2254, #1479, #1738, #4652, #1110, #1630, #3867, #503, #3715, #3870, #4312, #1079, #944, #3839, #1961, #2392, #580, #4093, #3221, #2990, #1615, #986, #795, #1036, #4250, #1222, #407, #1406, #2125, #3996, #3160, #3576, #1685, #758, #2794, #4375, #1937, #1786, #2658 ) ) ;
#4487 = DIRECTION ( 'NONE',  ( 0.000000000000000000, -1.000000000000000000, 0.000000000000000000 ) ) ;
#4488 = CARTESIAN_POINT ( 'NONE',  ( 13.46055097995550298, 15.09401630212420464, 28.55293670937014738 ) ) ;
#4489 = EDGE_CURVE ( 'NONE', #131, #1543, #3770, .T. ) ;
#4490 = ORIENTED_EDGE ( 'NONE', *, *, #4485, .F. ) ;
#4491 = CARTESIAN_POINT ( 'NONE',  ( -1.633465322168690559, 8.637366131089294186, 24.00000000000001421 ) ) ;
#4492 = CARTESIAN_POINT ( 'NONE',  ( 9.366534677831303668, 29.00000000000000000, 57.50000000000000000 ) ) ;
#4493 = FACE_OUTER_BOUND ( 'NONE', #1807, .T. ) ;
#4494 = CARTESIAN_POINT ( 'NONE',  ( 9.366512393744702791, 12.19101811410159897, 19.80804007469244610 ) ) ;
#4495 = VERTEX_POINT ( 'NONE', #2027 ) ;
#4496 = CARTESIAN_POINT ( 'NONE',  ( -7.676803239596442729, 11.84853228606831088, -20.27707536848993897 ) ) ;
#4497 = DIRECTION ( 'NONE',  ( 1.000000000000000000, 0.000000000000000000, 1.216773423528406629E-15 ) ) ;
#4498 = ORIENTED_EDGE ( 'NONE', *, *, #2871, .T. ) ;
#4499 = DIRECTION ( 'NONE',  ( 0.000000000000000000, 0.000000000000000000, 1.000000000000000000 ) ) ;
#4500 = DIRECTION ( 'NONE',  ( 0.000000000000000000, 0.000000000000000000, -1.000000000000000000 ) ) ;
#4501 = ORIENTED_EDGE ( 'NONE', *, *, #1280, .F. ) ;
#4502 = EDGE_LOOP ( 'NONE', ( #2337, #1054, #3886, #95 ) ) ;
#4503 = DIRECTION ( 'NONE',  ( 1.000000000000000000, 0.000000000000000000, -1.055918637551099976E-16 ) ) ;
#4504 = DIRECTION ( 'NONE',  ( 0.000000000000000000, 1.000000000000000000, -0.000000000000000000 ) ) ;
#4505 = CARTESIAN_POINT ( 'NONE',  ( -10.39694217948164834, 13.76347685731294668, 34.22038030567694022 ) ) ;
#4506 = CARTESIAN_POINT ( 'NONE',  ( -1.633465322168700107, 28.00000000000000000, -23.00000000000000000 ) ) ;
#4507 = ORIENTED_EDGE ( 'NONE', *, *, #975, .T. ) ;
#4508 = ADVANCED_FACE ( 'NONE', ( #1288 ), #948, .T. ) ;
#4509 = ADVANCED_FACE ( 'NONE', ( #4645 ), #1717, .F. ) ;
#4510 = VERTEX_POINT ( 'NONE', #2096 ) ;
#4511 = DIRECTION ( 'NONE',  ( 0.000000000000000000, 0.000000000000000000, -1.000000000000000000 ) ) ;
#4512 = CARTESIAN_POINT ( 'NONE',  ( 9.366546677831301793, 15.98948788290831935, 13.39175978351211782 ) ) ;
#4513 = VERTEX_POINT ( 'NONE', #697 ) ;
#4514 = DIRECTION ( 'NONE',  ( 0.000000000000000000, -1.000000000000000000, 0.000000000000000000 ) ) ;
#4515 = CARTESIAN_POINT ( 'NONE',  ( 11.70968042833892930, 13.34314575050763985, 24.98221043929624940 ) ) ;
#4516 = CARTESIAN_POINT ( 'NONE',  ( -1.789217834474601476, 9.064537546113221822, -23.99074773934543359 ) ) ;
#4517 = DIRECTION ( 'NONE',  ( -0.9437921780900000446, 0.000000000000000000, 0.3305394448112564665 ) ) ;
#4518 = EDGE_CURVE ( 'NONE', #4215, #1023, #4235, .T. ) ;
#4519 = LINE ( 'NONE', #4469, #1811 ) ;
#4520 = CARTESIAN_POINT ( 'NONE',  ( -7.633465322168702549, 0.000000000000000000, -44.00179448441493690 ) ) ;
#4521 = ORIENTED_EDGE ( 'NONE', *, *, #193, .T. ) ;
#4522 = DIRECTION ( 'NONE',  ( -0.000000000000000000, -1.000000000000000000, 0.000000000000000000 ) ) ;
#4523 = CYLINDRICAL_SURFACE ( 'NONE', #3688, 1.000000000000000888 ) ;
#4524 = ORIENTED_EDGE ( 'NONE', *, *, #4074, .F. ) ;
#4525 = DIRECTION ( 'NONE',  ( -0.3305394448112555228, 0.000000000000000000, -0.9437921780900003776 ) ) ;
#4526 = LINE ( 'NONE', #4118, #843 ) ;
#4527 = DIRECTION ( 'NONE',  ( 1.000000000000000000, 0.000000000000000000, -0.000000000000000000 ) ) ;
#4528 = CARTESIAN_POINT ( 'NONE',  ( 23.36653467783131433, 25.00000000000002842, -35.15442803256178905 ) ) ;
#4529 = ADVANCED_FACE ( 'NONE', ( #3194 ), #3855, .T. ) ;
#4530 = ORIENTED_EDGE ( 'NONE', *, *, #2693, .T. ) ;
#4531 = LINE ( 'NONE', #4102, #1959 ) ;
#4532 = DIRECTION ( 'NONE',  ( -0.000000000000000000, -1.000000000000000000, 0.000000000000000000 ) ) ;
#4533 = EDGE_LOOP ( 'NONE', ( #4490, #1242, #4248, #272 ) ) ;
#4534 = CARTESIAN_POINT ( 'NONE',  ( -2.007198631890192875, 9.187224678520887977, 23.93031012801319335 ) ) ;
#4535 = CARTESIAN_POINT ( 'NONE',  ( 23.36653467783131433, 25.00000000000002842, -34.61655931422208710 ) ) ;
#4536 = CARTESIAN_POINT ( 'NONE',  ( -2.404592308317218485, 8.941918726570692755, -23.69002697473360897 ) ) ;
#4537 = VECTOR ( 'NONE', #1267, 1000.000000000000000 ) ;
#4538 = DIRECTION ( 'NONE',  ( -0.3305394448112564665, 0.000000000000000000, -0.9437921780900000446 ) ) ;
#4539 = AXIS2_PLACEMENT_3D ( 'NONE', #496, #197, #3765 ) ;
#4540 = AXIS2_PLACEMENT_3D ( 'NONE', #7, #2043, #3821 ) ;
#4541 = CARTESIAN_POINT ( 'NONE',  ( 9.366534677831300115, 9.836380317532782414, 42.04681790041068723 ) ) ;
#4542 = CARTESIAN_POINT ( 'NONE',  ( 3.578309439672109793, 9.083492779318754984, -23.98147394292656287 ) ) ;
#4543 = ORIENTED_EDGE ( 'NONE', *, *, #76, .F. ) ;
#4544 = AXIS2_PLACEMENT_3D ( 'NONE', #987, #3520, #3211 ) ;
#4545 = AXIS2_PLACEMENT_3D ( 'NONE', #2206, #3258, #479 ) ;
#4546 = DIRECTION ( 'NONE',  ( -1.000000000000000000, 0.000000000000000000, -0.000000000000000000 ) ) ;
#4547 = PLANE ( 'NONE',  #1870 ) ;
#4548 = ORIENTED_EDGE ( 'NONE', *, *, #2674, .T. ) ;
#4549 = VERTEX_POINT ( 'NONE', #2076 ) ;
#4550 = VECTOR ( 'NONE', #2716, 1000.000000000000000 ) ;
#4552 =( BOUNDED_CURVE ( )  B_SPLINE_CURVE ( 3, ( #2352, #175, #1620, #3727 ),
 .UNSPECIFIED., .F., .F. ) 
 B_SPLINE_CURVE_WITH_KNOTS ( ( 4, 4 ),
 ( 1.676389781212926922, 3.141592653589793116 ),
 .UNSPECIFIED. ) 
 CURVE ( )  GEOMETRIC_REPRESENTATION_ITEM ( )  RATIONAL_B_SPLINE_CURVE ( ( 1.000000000000000000, 0.8289580426858345064, 0.8289580426858345064, 1.000000000000000000 ) ) 
 REPRESENTATION_ITEM ( '' )  );
#4551 = VECTOR ( 'NONE', #3891, 1000.000000000000000 ) ;
#4553 = FACE_OUTER_BOUND ( 'NONE', #2721, .T. ) ;
#4554 = CARTESIAN_POINT ( 'NONE',  ( -2.504061392294098187, 10.01756530261638112, 23.50525689818322306 ) ) ;
#4555 = DIRECTION ( 'NONE',  ( 0.000000000000000000, 0.000000000000000000, -1.000000000000000000 ) ) ;
#4556 = AXIS2_PLACEMENT_3D ( 'NONE', #4156, #3799, #3442 ) ;
#4557 = CARTESIAN_POINT ( 'NONE',  ( -18.37904154056059269, 21.74557621839190702, 30.88247807757828767 ) ) ;
#4558 = ORIENTED_EDGE ( 'NONE', *, *, #3353, .T. ) ;
#4559 = AXIS2_PLACEMENT_3D ( 'NONE', #1348, #3895, #2412 ) ;
#4560 = CARTESIAN_POINT ( 'NONE',  ( 0.000000000000000000, 29.00000000000000000, -25.00000000000000000 ) ) ;
#4561 = CARTESIAN_POINT ( 'NONE',  ( 0.1665346778312972453, 5.000000000000000000, -38.89999999999999858 ) ) ;
#4562 = VERTEX_POINT ( 'NONE', #2828 ) ;
#4563 = CARTESIAN_POINT ( 'NONE',  ( 13.46055097995550298, 13.76347685731294312, 28.55293670937014738 ) ) ;
#4564 = DIRECTION ( 'NONE',  ( 0.000000000000000000, 0.000000000000000000, -1.000000000000000000 ) ) ;
#4565 = FACE_OUTER_BOUND ( 'NONE', #4684, .T. ) ;
#4566 = PLANE ( 'NONE',  #4559 ) ;
#4567 = CARTESIAN_POINT ( 'NONE',  ( 3.366534677831306777, 8.345760209329311508, 24.28571428571429180 ) ) ;
#4568 = EDGE_CURVE ( 'NONE', #2553, #3489, #3472, .T. ) ;
#4569 = EDGE_LOOP ( 'NONE', ( #2838, #152 ) ) ;
#4570 = CARTESIAN_POINT ( 'NONE',  ( -22.20993875283908636, 25.57647343067036871, -32.22415336062430669 ) ) ;
#4571 = EDGE_LOOP ( 'NONE', ( #691, #4126, #2895, #1894 ) ) ;
#4572 = ORIENTED_EDGE ( 'NONE', *, *, #1268, .F. ) ;
#4573 = EDGE_CURVE ( 'NONE', #356, #3610, #588, .T. ) ;
#4574 = DIRECTION ( 'NONE',  ( 0.000000000000000000, -1.000000000000000000, 0.000000000000000000 ) ) ;
#4575 = DIRECTION ( 'NONE',  ( -0.6217866900406712194, 0.000000000000000000, 0.7831866393703779128 ) ) ;
#4576 = DIRECTION ( 'NONE',  ( -0.7831511052909456705, 0.000000000000000000, 0.6218314452338110643 ) ) ;
#4577 = CARTESIAN_POINT ( 'NONE',  ( -18.63346532216869633, 22.00000000000002487, 31.24115966552355417 ) ) ;
#4578 = EDGE_CURVE ( 'NONE', #1097, #4513, #2848, .T. ) ;
#4579 = ADVANCED_FACE ( 'NONE', ( #3541 ), #3213, .F. ) ;
#4580 = ORIENTED_EDGE ( 'NONE', *, *, #1671, .F. ) ;
#4581 = FACE_OUTER_BOUND ( 'NONE', #13, .T. ) ;
#4582 = CARTESIAN_POINT ( 'NONE',  ( -11.39694217948164834, 29.00000000000000000, -33.58431484429377889 ) ) ;
#4583 = ORIENTED_EDGE ( 'NONE', *, *, #874, .T. ) ;
#4584 = EDGE_LOOP ( 'NONE', ( #977, #675, #2152, #836 ) ) ;
#4585 = CARTESIAN_POINT ( 'NONE',  ( -15.63346532216869278, 7.686291501015237948, 42.55315238120641652 ) ) ;
#4586 = CARTESIAN_POINT ( 'NONE',  ( 3.366534677831300559, -6.099999999999997868, -23.00000000000000000 ) ) ;
#4587 = FACE_OUTER_BOUND ( 'NONE', #2478, .T. ) ;
#4588 = CARTESIAN_POINT ( 'NONE',  ( -8.516841966763081473, 11.52423713768479985, -23.16330182647339697 ) ) ;
#4589 = ORIENTED_EDGE ( 'NONE', *, *, #3894, .T. ) ;
#4590 = DIRECTION ( 'NONE',  ( 0.000000000000000000, -1.000000000000000000, 0.000000000000000000 ) ) ;
#4591 = EDGE_CURVE ( 'NONE', #4598, #2327, #764, .T. ) ;
#4592 = EDGE_LOOP ( 'NONE', ( #111, #1676, #1260, #3088 ) ) ;
#4593 = ORIENTED_EDGE ( 'NONE', *, *, #3986, .T. ) ;
#4594 = CARTESIAN_POINT ( 'NONE',  ( -8.115707011499104340, 10.42185542502766360, 22.06092011381626605 ) ) ;
#4595 = FACE_OUTER_BOUND ( 'NONE', #564, .T. ) ;
#4596 = DIRECTION ( 'NONE',  ( -0.000000000000000000, -1.000000000000000000, 0.000000000000000000 ) ) ;
#4597 = CARTESIAN_POINT ( 'NONE',  ( -17.96400476697996496, 21.33053944481128283, 30.73712189864361832 ) ) ;
#4598 = VERTEX_POINT ( 'NONE', #1084 ) ;
#4599 = EDGE_CURVE ( 'NONE', #4221, #985, #2330, .T. ) ;
#4600 = CARTESIAN_POINT ( 'NONE',  ( -7.633465322168714096, 0.000000000000000000, -30.28728536187934495 ) ) ;
#4601 = DIRECTION ( 'NONE',  ( 0.000000000000000000, 1.000000000000000000, 0.000000000000000000 ) ) ;
#4602 = VERTEX_POINT ( 'NONE', #275 ) ;
#4603 = VERTEX_POINT ( 'NONE', #4263 ) ;
#4604 = LINE ( 'NONE', #4633, #537 ) ;
#4605 = PLANE ( 'NONE',  #3314 ) ;
#4607 = DIRECTION ( 'NONE',  ( -0.000000000000000000, -1.000000000000000000, 0.000000000000000000 ) ) ;
#4606 = VECTOR ( 'NONE', #976, 1000.000000000000000 ) ;
#4608 = VECTOR ( 'NONE', #1178, 1000.000000000000000 ) ;
#4609 = LINE ( 'NONE', #2773, #1159 ) ;
#4610 = LINE ( 'NONE', #1376, #1158 ) ;
#4611 = AXIS2_PLACEMENT_3D ( 'NONE', #2728, #2833, #4292 ) ;
#4612 = VERTEX_POINT ( 'NONE', #1698 ) ;
#4613 = ORIENTED_EDGE ( 'NONE', *, *, #1108, .F. ) ;
#4614 = CARTESIAN_POINT ( 'NONE',  ( 9.366534677831291233, 29.00000000000000000, -57.50000000000000000 ) ) ;
#4615 = VECTOR ( 'NONE', #3872, 1000.000000000000000 ) ;
#4616 = DIRECTION ( 'NONE',  ( 0.000000000000000000, -1.000000000000000000, -0.000000000000000000 ) ) ;
#4617 = CARTESIAN_POINT ( 'NONE',  ( -7.681434555764624861, 8.561052434163862301, -42.55315238120665811 ) ) ;
#4618 = CARTESIAN_POINT ( 'NONE',  ( 12.13001153514424857, 29.00000000000000000, -33.58431484429377889 ) ) ;
#4619 = CARTESIAN_POINT ( 'NONE',  ( -21.63346532216869988, 24.99999999999998579, -30.61247794325458571 ) ) ;
#4620 = CIRCLE ( 'NONE', #1306, 1.500000000000001332 ) ;
#4621 = AXIS2_PLACEMENT_3D ( 'NONE', #2593, #1626, #4051 ) ;
#4622 = PRODUCT_DEFINITION_FORMATION_WITH_SPECIFIED_SOURCE ( 'ANY', '', #3135, .NOT_KNOWN. ) ;
#4623 = VERTEX_POINT ( 'NONE', #988 ) ;
#4624 = ADVANCED_FACE ( 'NONE', ( #4595 ), #3402, .T. ) ;
#4625 = VECTOR ( 'NONE', #4264, 1000.000000000000000 ) ;
#4626 = AXIS2_PLACEMENT_3D ( 'NONE', #4011, #1164, #44 ) ;
#4627 = LINE ( 'NONE', #1026, #683 ) ;
#4628 = EDGE_CURVE ( 'NONE', #535, #4404, #2781, .T. ) ;
#4629 = ORIENTED_EDGE ( 'NONE', *, *, #2601, .T. ) ;
#4630 = VECTOR ( 'NONE', #1859, 1000.000000000000000 ) ;
#4631 = VERTEX_POINT ( 'NONE', #2164 ) ;
#4632 = EDGE_CURVE ( 'NONE', #2711, #3115, #2515, .T. ) ;
#4633 = CARTESIAN_POINT ( 'NONE',  ( 11.21036897196683668, 12.84383429413551703, -34.79337428935699705 ) ) ;
#4634 =( BOUNDED_CURVE ( )  B_SPLINE_CURVE ( 3, ( #1865, #2678, #827, #3420 ),
 .UNSPECIFIED., .F., .T. ) 
 B_SPLINE_CURVE_WITH_KNOTS ( ( 4, 4 ),
 ( 0.000000000000000000, 1.570796326794896558 ),
 .UNSPECIFIED. ) 
 CURVE ( )  GEOMETRIC_REPRESENTATION_ITEM ( )  RATIONAL_B_SPLINE_CURVE ( ( 1.000000000000000000, 0.8047378541243649375, 0.8047378541243649375, 1.000000000000000000 ) ) 
 REPRESENTATION_ITEM ( '' )  );
#4635 = CARTESIAN_POINT ( 'NONE',  ( -2.633465322168714540, 10.93252891026719098, -23.00000000000000355 ) ) ;
#4636 = DIRECTION ( 'NONE',  ( -0.000000000000000000, -1.000000000000000000, -0.000000000000000000 ) ) ;
#4637 = CLOSED_SHELL ( 'NONE', ( #4509, #2698, #4063, #3927, #2937, #3517, #157, #3756, #3126, #3280, #2615, #3981, #3525, #2338, #650, #4217, #910, #550, #1340, #1186, #3566, #2733, #2884, #756, #3463, #24, #4121, #59, #378, #884, #2988, #4332, #625, #1142, #794, #723, #3242, #637, #3291, #3199, #1254, #1559, #4508, #2088, #1753, #902, #4443, #4682, #3868, #4242, #3866, #4311, #4123, #153, #25, #2803, #1317, #2880, #1981, #3152, #4021, #1939, #4253, #4104, #809, #298, #1092, #3671, #1482, #1127, #1573, #3285, #3432, #4286, #2745, #2299, #1784, #2126, #49, #2112, #1914, #191, #286, #3713, #729, #290, #1115, #245, #2935, #2491, #973, #3136, #2524, #2717, #2996, #4278, #2558, #1585, #1281, #1423, #190, #4677, #2542, #4255, #3653, #4018, #2766, #4284, #1504, #206, #3111, #3283, #1330, #789, #4624, #4096, #689, #100, #63, #3630, #4359, #1416, #1999, #1645, #3535, #1329, #104, #1270, #4034, #36, #4579, #4259, #652, #3176, #32, #3015, #4198, #797, #4529 ) ) ;
#4638 = EDGE_CURVE ( 'NONE', #542, #2505, #927, .T. ) ;
#4639 = CARTESIAN_POINT ( 'NONE',  ( 20.36653467783130012, 29.00000000000000000, -31.68091407673361104 ) ) ;
#4640 = CARTESIAN_POINT ( 'NONE',  ( -21.63346532216869988, 25.00000000000002842, 35.51617265383810462 ) ) ;
#4641 = ORIENTED_EDGE ( 'NONE', *, *, #3198, .T. ) ;
#4642 = ORIENTED_EDGE ( 'NONE', *, *, #1116, .T. ) ;
#4643 = CARTESIAN_POINT ( 'NONE',  ( 14.72221911934124172, 29.00000000000000000, -26.87569361452385763 ) ) ;
#4644 = LINE ( 'NONE', #4371, #242 ) ;
#4645 = FACE_OUTER_BOUND ( 'NONE', #1191, .T. ) ;
#4646 = VERTEX_POINT ( 'NONE', #1506 ) ;
#4647 = CARTESIAN_POINT ( 'NONE',  ( 9.848776367161699241, 10.42185542502765472, 22.06092011381626605 ) ) ;
#4648 = ORIENTED_EDGE ( 'NONE', *, *, #51, .F. ) ;
#4649 = FACE_BOUND ( 'NONE', #3616, .T. ) ;
#4650 = CARTESIAN_POINT ( 'NONE',  ( -6.498959657870146067, 0.000000000000000000, 44.90260569707926663 ) ) ;
#4651 = CARTESIAN_POINT ( 'NONE',  ( 22.47193201417469055, 11.00000000000000355, 35.61098950357261117 ) ) ;
#4652 = ORIENTED_EDGE ( 'NONE', *, *, #2437, .T. ) ;
#4653 = EDGE_CURVE ( 'NONE', #46, #1839, #4159, .T. ) ;
#4654 = ORIENTED_EDGE ( 'NONE', *, *, #2401, .T. ) ;
#4655 = CARTESIAN_POINT ( 'NONE',  ( 0.1665346778312998544, 5.000000000000000000, 45.00000000000000000 ) ) ;
#4656 = DIRECTION ( 'NONE',  ( 0.000000000000000000, 1.000000000000000000, 0.000000000000000000 ) ) ;
#4657 = CARTESIAN_POINT ( 'NONE',  ( 9.366540677831293848, 7.686290439517446060, -24.91476163730689564 ) ) ;
#4658 = DIRECTION ( 'NONE',  ( 0.000000000000000000, 0.000000000000000000, -1.000000000000000000 ) ) ;
#4659 = PLANE ( 'NONE',  #552 ) ;
#4660 = ORIENTED_EDGE ( 'NONE', *, *, #1093, .F. ) ;
#4661 = ORIENTED_EDGE ( 'NONE', *, *, #3782, .F. ) ;
#4662 = CYLINDRICAL_SURFACE ( 'NONE', #172, 1.000000000000000888 ) ;
#4663 = DIRECTION ( 'NONE',  ( 0.000000000000000000, 1.000000000000000000, 0.000000000000000000 ) ) ;
#4664 = DIRECTION ( 'NONE',  ( 0.000000000000000000, 0.000000000000000000, -1.000000000000000000 ) ) ;
#4665 = VERTEX_POINT ( 'NONE', #4401 ) ;
#4666 = EDGE_CURVE ( 'NONE', #2408, #2687, #4374, .T. ) ;
#4667 = DIRECTION ( 'NONE',  ( -0.3305394448112560779, 0.000000000000000000, 0.9437921780900002666 ) ) ;
#4668 = ORIENTED_EDGE ( 'NONE', *, *, #2682, .T. ) ;
#4669 = CARTESIAN_POINT ( 'NONE',  ( -7.664118105954586646, 8.525266589758093261, 42.95038588824098724 ) ) ;
#4670 = CARTESIAN_POINT ( 'NONE',  ( 6.366534677831293898, 0.000000000000000000, -51.28728536187934850 ) ) ;
#4671 = B_SPLINE_CURVE_WITH_KNOTS ( 'NONE', 3,
 ( #582, #1244, #2665, #870, #4554, #1955, #2376, #529, #3430, #3381, #1218, #1627 ),
 .UNSPECIFIED., .F., .F.,
 ( 4, 2, 2, 2, 2, 4 ),
 ( 0.000000000000000000, 0.0006321106965266216080, 0.001264221393053243216, 0.001896332089579865149, 0.002212387437843175465, 0.002528442786106485998 ),
 .UNSPECIFIED. ) ;
#4672 = ORIENTED_EDGE ( 'NONE', *, *, #4320, .T. ) ;
#4673 = VERTEX_POINT ( 'NONE', #3674 ) ;
#4674 = CARTESIAN_POINT ( 'NONE',  ( 9.366534711069844477, 8.177114354465665258, 24.45898572464208343 ) ) ;
#4675 = EDGE_CURVE ( 'NONE', #916, #2452, #2714, .T. ) ;
#4676 = CARTESIAN_POINT ( 'NONE',  ( 22.47193201417469055, 24.10539733634336201, 35.61098950357261117 ) ) ;
#4677 = ADVANCED_FACE ( 'NONE', ( #1446 ), #3277, .F. ) ;
#4678 = CYLINDRICAL_SURFACE ( 'NONE', #2127, 1.000000000000000888 ) ;
#4679 = CARTESIAN_POINT ( 'NONE',  ( 3.366534677831306777, 9.045614421553075601, 25.00000000000000711 ) ) ;
#4680 = DIRECTION ( 'NONE',  ( 0.000000000000000000, 0.000000000000000000, 1.000000000000000000 ) ) ;
#4681 = VERTEX_POINT ( 'NONE', #3299 ) ;
#4682 = ADVANCED_FACE ( 'NONE', ( #2581 ), #4422, .T. ) ;
#4683 = VECTOR ( 'NONE', #1251, 1000.000000000000000 ) ;
#4684 = EDGE_LOOP ( 'NONE', ( #2967, #1572, #3860, #31 ) ) ;
#4685 = LINE ( 'NONE', #4614, #1660 ) ;
#4686 = ORIENTED_EDGE ( 'NONE', *, *, #3494, .T. ) ;
ENDSEC;
END-ISO-10303-21;
