ISO-10303-21;
HEADER;
FILE_DESCRIPTION (( 'STEP AP214' ),
    '1' );
FILE_NAME ('Steering-Arm-Post-Right.STEP',
    '2026-05-11T14:27:52',
    ( '' ),
    ( '' ),
    'SwSTEP 2.0',
    'SolidWorks 2026',
    '' );
FILE_SCHEMA (( 'AUTOMOTIVE_DESIGN' ));
ENDSEC;

DATA;
#1 = EDGE_CURVE ( 'NONE', #22, #1222, #622, .T. ) ;
#2 = CARTESIAN_POINT ( 'NONE',  ( -25.00000000000000000, 5.000000000000000000, 3.000000000000000000 ) ) ;
#3 = AXIS2_PLACEMENT_3D ( 'NONE', #1255, #411, #420 ) ;
#4 = FACE_OUTER_BOUND ( 'NONE', #231, .T. ) ;
#5 = CARTESIAN_POINT ( 'NONE',  ( 4.999999999999992895, -5.000000000000000000, -18.00000000000000000 ) ) ;
#6 = CARTESIAN_POINT ( 'NONE',  ( -25.00000000000000000, 5.000000000000000000, 4.000000000000006217 ) ) ;
#7 = ORIENTED_EDGE ( 'NONE', *, *, #941, .F. ) ;
#8 = ORIENTED_EDGE ( 'NONE', *, *, #218, .F. ) ;
#9 = CARTESIAN_POINT ( 'NONE',  ( -23.05000000000000426, -2.000000000000000000, -1.500000000000000666 ) ) ;
#10 = ADVANCED_FACE ( 'NONE', ( #903 ), #1240, .F. ) ;
#11 = ORIENTED_EDGE ( 'NONE', *, *, #1353, .F. ) ;
#12 = VECTOR ( 'NONE', #910, 1000.000000000000114 ) ;
#13 = DIRECTION ( 'NONE',  ( 0.000000000000000000, 0.000000000000000000, -1.000000000000000000 ) ) ;
#14 = LINE ( 'NONE', #735, #54 ) ;
#15 = ORIENTED_EDGE ( 'NONE', *, *, #136, .T. ) ;
#16 = VECTOR ( 'NONE', #643, 1000.000000000000000 ) ;
#17 = EDGE_CURVE ( 'NONE', #130, #697, #1334, .T. ) ;
#18 = VECTOR ( 'NONE', #672, 1000.000000000000114 ) ;
#19 = DIRECTION ( 'NONE',  ( 0.000000000000000000, 1.000000000000000000, 0.000000000000000000 ) ) ;
#20 = CARTESIAN_POINT ( 'NONE',  ( 27.00000000000000000, 5.000000000000000000, 2.000000000000000000 ) ) ;
#21 = DIRECTION ( 'NONE',  ( 0.000000000000000000, 0.000000000000000000, -1.000000000000000000 ) ) ;
#22 = VERTEX_POINT ( 'NONE', #686 ) ;
#23 = SURFACE_SIDE_STYLE ('',( #32 ) ) ;
#24 = AXIS2_PLACEMENT_3D ( 'NONE', #971, #28, #142 ) ;
#25 = DIRECTION ( 'NONE',  ( 0.000000000000000000, -0.000000000000000000, 1.000000000000000000 ) ) ;
#26 = CARTESIAN_POINT ( 'NONE',  ( -23.05000000000000426, -2.500000000000000000, 1.500000000000000666 ) ) ;
#27 = FACE_OUTER_BOUND ( 'NONE', #1321, .T. ) ;
#28 = DIRECTION ( 'NONE',  ( 0.000000000000000000, -1.000000000000000000, 0.000000000000000000 ) ) ;
#29 = MECHANICAL_DESIGN_GEOMETRIC_PRESENTATION_REPRESENTATION (  '', ( #290 ), #1155 ) ;
#30 = ORIENTED_EDGE ( 'NONE', *, *, #1288, .T. ) ;
#31 = ORIENTED_EDGE ( 'NONE', *, *, #389, .T. ) ;
#32 = SURFACE_STYLE_FILL_AREA ( #179 ) ;
#33 = VECTOR ( 'NONE', #304, 1000.000000000000000 ) ;
#34 = EDGE_CURVE ( 'NONE', #1317, #560, #587, .T. ) ;
#35 = DIRECTION ( 'NONE',  ( 0.000000000000000000, 0.000000000000000000, -1.000000000000000000 ) ) ;
#36 = CARTESIAN_POINT ( 'NONE',  ( 0.9999999999999870104, 5.000000000000000000, -12.00000000000000000 ) ) ;
#37 = EDGE_LOOP ( 'NONE', ( #156, #164, #224, #640 ) ) ;
#38 = VERTEX_POINT ( 'NONE', #581 ) ;
#39 =( NAMED_UNIT ( * ) SI_UNIT ( $, .STERADIAN. ) SOLID_ANGLE_UNIT ( ) );
#40 = ADVANCED_FACE ( 'NONE', ( #1230 ), #171, .T. ) ;
#41 = ORIENTED_EDGE ( 'NONE', *, *, #999, .F. ) ;
#42 = VECTOR ( 'NONE', #243, 1000.000000000000000 ) ;
#43 = CYLINDRICAL_SURFACE ( 'NONE', #257, 2.000000000000000000 ) ;
#44 = ORIENTED_EDGE ( 'NONE', *, *, #636, .F. ) ;
#45 = ORIENTED_EDGE ( 'NONE', *, *, #1314, .T. ) ;
#46 = CARTESIAN_POINT ( 'NONE',  ( 4.999999999999992895, 7.000000000000000000, -19.50000000000000000 ) ) ;
#47 = FACE_OUTER_BOUND ( 'NONE', #1259, .T. ) ;
#48 = DIRECTION ( 'NONE',  ( 0.000000000000000000, 0.000000000000000000, -1.000000000000000000 ) ) ;
#49 = ORIENTED_EDGE ( 'NONE', *, *, #1174, .T. ) ;
#50 = VECTOR ( 'NONE', #1209, 999.9999999999998863 ) ;
#51 = VERTEX_POINT ( 'NONE', #146 ) ;
#52 = ADVANCED_FACE ( 'NONE', ( #565, #992, #90, #193, #831, #293 ), #1050, .T. ) ;
#53 = FACE_OUTER_BOUND ( 'NONE', #749, .T. ) ;
#54 = VECTOR ( 'NONE', #1279, 1000.000000000000000 ) ;
#55 = CONICAL_SURFACE ( 'NONE', #786, 7.999999999999992895, 0.7853981633974479459 ) ;
#56 = CARTESIAN_POINT ( 'NONE',  ( -27.00000000000000000, 1.000000000000000888, -5.000000000000000000 ) ) ;
#57 = CARTESIAN_POINT ( 'NONE',  ( -26.00000000000000711, 5.000000000000000000, 3.000000000000000000 ) ) ;
#58 = EDGE_CURVE ( 'NONE', #560, #827, #405, .T. ) ;
#59 = ORIENTED_EDGE ( 'NONE', *, *, #931, .F. ) ;
#60 = SHAPE_DEFINITION_REPRESENTATION ( #1342, #183 ) ;
#61 = CARTESIAN_POINT ( 'NONE',  ( 27.00000000000000000, 5.000000000000000000, -5.000000000000000000 ) ) ;
#62 = EDGE_CURVE ( 'NONE', #1150, #515, #1369, .T. ) ;
#63 = ORIENTED_EDGE ( 'NONE', *, *, #631, .F. ) ;
#64 = DIRECTION ( 'NONE',  ( 0.000000000000000000, 0.000000000000000000, 1.000000000000000000 ) ) ;
#65 = CARTESIAN_POINT ( 'NONE',  ( -27.00000000000000000, 5.000000000000000000, 5.000000000000000000 ) ) ;
#66 = ADVANCED_FACE ( 'NONE', ( #528 ), #1247, .T. ) ;
#67 = VECTOR ( 'NONE', #113, 1000.000000000000000 ) ;
#68 = ORIENTED_EDGE ( 'NONE', *, *, #1099, .T. ) ;
#69 = LINE ( 'NONE', #579, #50 ) ;
#70 = ORIENTED_EDGE ( 'NONE', *, *, #1174, .F. ) ;
#71 = LINE ( 'NONE', #1340, #341 ) ;
#72 = CARTESIAN_POINT ( 'NONE',  ( 9.999999999999992895, 5.000000000000000000, -12.00000000000000000 ) ) ;
#73 = ORIENTED_EDGE ( 'NONE', *, *, #410, .F. ) ;
#74 = DIRECTION ( 'NONE',  ( 0.000000000000000000, 0.000000000000000000, 1.000000000000000000 ) ) ;
#75 = VECTOR ( 'NONE', #436, 1000.000000000000000 ) ;
#76 = DIRECTION ( 'NONE',  ( -0.7071067811865479058, -0.7071067811865472397, -0.000000000000000000 ) ) ;
#77 = CARTESIAN_POINT ( 'NONE',  ( -23.05000000000000426, -2.500000000000000000, 0.000000000000000000 ) ) ;
#78 = VECTOR ( 'NONE', #1309, 1000.000000000000000 ) ;
#79 = AXIS2_PLACEMENT_3D ( 'NONE', #291, #1236, #177 ) ;
#80 = VERTEX_POINT ( 'NONE', #310 ) ;
#81 = ORIENTED_EDGE ( 'NONE', *, *, #301, .T. ) ;
#82 = DIRECTION ( 'NONE',  ( 0.000000000000000000, 1.000000000000000000, 0.000000000000000000 ) ) ;
#83 = CARTESIAN_POINT ( 'NONE',  ( 4.999999999999997335, -2.000000000000000000, 0.000000000000000000 ) ) ;
#84 = EDGE_CURVE ( 'NONE', #1228, #719, #213, .T. ) ;
#85 = CARTESIAN_POINT ( 'NONE',  ( 4.999999999999997335, 0.000000000000000000, 0.000000000000000000 ) ) ;
#86 = DIRECTION ( 'NONE',  ( 0.000000000000000000, 0.000000000000000000, 1.000000000000000000 ) ) ;
#87 = ORIENTED_EDGE ( 'NONE', *, *, #84, .F. ) ;
#88 = VECTOR ( 'NONE', #874, 1000.000000000000000 ) ;
#89 = LINE ( 'NONE', #284, #544 ) ;
#90 = FACE_BOUND ( 'NONE', #778, .T. ) ;
#91 = DIRECTION ( 'NONE',  ( 0.000000000000000000, 0.000000000000000000, 1.000000000000000000 ) ) ;
#92 = DIRECTION ( 'NONE',  ( 0.000000000000000000, -1.000000000000000000, 0.000000000000000000 ) ) ;
#93 = ORIENTED_EDGE ( 'NONE', *, *, #410, .T. ) ;
#94 = ORIENTED_EDGE ( 'NONE', *, *, #972, .T. ) ;
#95 = DIRECTION ( 'NONE',  ( 0.000000000000000000, 1.000000000000000000, 0.000000000000000000 ) ) ;
#96 = VECTOR ( 'NONE', #1338, 1000.000000000000000 ) ;
#97 = DIRECTION ( 'NONE',  ( 0.000000000000000000, 0.000000000000000000, -1.000000000000000000 ) ) ;
#98 = VECTOR ( 'NONE', #902, 1000.000000000000000 ) ;
#99 = FACE_OUTER_BOUND ( 'NONE', #499, .T. ) ;
#100 = DIRECTION ( 'NONE',  ( -0.7071067811865469066, -0.7071067811865482389, 0.000000000000000000 ) ) ;
#101 = ADVANCED_FACE ( 'NONE', ( #203 ), #949, .F. ) ;
#102 = EDGE_CURVE ( 'NONE', #1140, #872, #731, .T. ) ;
#103 = EDGE_LOOP ( 'NONE', ( #973, #1217, #524, #452 ) ) ;
#104 = EDGE_LOOP ( 'NONE', ( #848, #7, #245, #761, #351, #607 ) ) ;
#105 = CIRCLE ( 'NONE', #140, 1.499999999999999556 ) ;
#106 = DIRECTION ( 'NONE',  ( 0.000000000000000000, 0.000000000000000000, -1.000000000000000000 ) ) ;
#107 = DIRECTION ( 'NONE',  ( 0.000000000000000000, -1.000000000000000000, 0.000000000000000000 ) ) ;
#108 = EDGE_CURVE ( 'NONE', #1141, #1130, #489, .T. ) ;
#109 = CARTESIAN_POINT ( 'NONE',  ( 27.00000000000000000, 4.000000000000006217, 3.000000000000000000 ) ) ;
#110 = CARTESIAN_POINT ( 'NONE',  ( 25.00000000000000000, 5.000000000000000000, 3.000000000000000000 ) ) ;
#111 = VERTEX_POINT ( 'NONE', #429 ) ;
#112 = ORIENTED_EDGE ( 'NONE', *, *, #914, .T. ) ;
#113 = DIRECTION ( 'NONE',  ( 0.000000000000000000, -1.000000000000000000, 0.000000000000000000 ) ) ;
#114 = CIRCLE ( 'NONE', #1146, 7.000000000000000000 ) ;
#115 = DIRECTION ( 'NONE',  ( 0.000000000000000000, 1.000000000000000000, 0.000000000000000000 ) ) ;
#116 = ORIENTED_EDGE ( 'NONE', *, *, #431, .F. ) ;
#117 = DIRECTION ( 'NONE',  ( 0.000000000000000000, 0.000000000000000000, 1.000000000000000000 ) ) ;
#118 = PLANE ( 'NONE',  #1073 ) ;
#119 = ORIENTED_EDGE ( 'NONE', *, *, #1180, .T. ) ;
#120 = EDGE_LOOP ( 'NONE', ( #537, #244, #962, #1208 ) ) ;
#121 = AXIS2_PLACEMENT_3D ( 'NONE', #1161, #1041, #97 ) ;
#122 = DIRECTION ( 'NONE',  ( 0.000000000000000000, 0.000000000000000000, 1.000000000000000000 ) ) ;
#123 = ORIENTED_EDGE ( 'NONE', *, *, #1099, .F. ) ;
#124 = AXIS2_PLACEMENT_3D ( 'NONE', #408, #840, #122 ) ;
#125 = CIRCLE ( 'NONE', #852, 1.500000000000000666 ) ;
#126 = LINE ( 'NONE', #1169, #549 ) ;
#127 = ORIENTED_EDGE ( 'NONE', *, *, #400, .F. ) ;
#128 = DIRECTION ( 'NONE',  ( 0.000000000000000000, -1.000000000000000000, 0.000000000000000000 ) ) ;
#129 = AXIS2_PLACEMENT_3D ( 'NONE', #1132, #371, #377 ) ;
#130 = VERTEX_POINT ( 'NONE', #917 ) ;
#131 = VERTEX_POINT ( 'NONE', #507 ) ;
#132 = LINE ( 'NONE', #867, #598 ) ;
#133 = VECTOR ( 'NONE', #1262, 1000.000000000000000 ) ;
#134 = DIRECTION ( 'NONE',  ( 0.000000000000000000, 0.000000000000000000, -1.000000000000000000 ) ) ;
#135 = ORIENTED_EDGE ( 'NONE', *, *, #389, .F. ) ;
#136 = EDGE_CURVE ( 'NONE', #1210, #1022, #739, .T. ) ;
#137 = ORIENTED_EDGE ( 'NONE', *, *, #676, .F. ) ;
#138 = AXIS2_PLACEMENT_3D ( 'NONE', #951, #517, #1372 ) ;
#139 = FACE_OUTER_BOUND ( 'NONE', #860, .T. ) ;
#140 = AXIS2_PLACEMENT_3D ( 'NONE', #279, #473, #64 ) ;
#141 = CARTESIAN_POINT ( 'NONE',  ( 27.00000000000000000, 4.000000000000006217, 2.000000000000000000 ) ) ;
#142 = DIRECTION ( 'NONE',  ( 0.000000000000000000, 0.000000000000000000, 1.000000000000000000 ) ) ;
#143 = ORIENTED_EDGE ( 'NONE', *, *, #340, .F. ) ;
#144 = ORIENTED_EDGE ( 'NONE', *, *, #1328, .T. ) ;
#145 = DIRECTION ( 'NONE',  ( 0.000000000000000000, -1.000000000000000000, 0.000000000000000000 ) ) ;
#146 = CARTESIAN_POINT ( 'NONE',  ( 4.999999999999992895, 7.000000000000000000, -21.00000000000000000 ) ) ;
#147 = CIRCLE ( 'NONE', #564, 3.000000000000004441 ) ;
#148 = DIRECTION ( 'NONE',  ( -1.000000000000000000, 0.000000000000000000, 0.000000000000000000 ) ) ;
#149 = CARTESIAN_POINT ( 'NONE',  ( -23.05000000000000426, 5.000000000000000000, -1.500000000000000666 ) ) ;
#150 = EDGE_CURVE ( 'NONE', #796, #547, #845, .T. ) ;
#151 = EDGE_LOOP ( 'NONE', ( #1349, #1066 ) ) ;
#152 = LINE ( 'NONE', #380, #241 ) ;
#153 = FACE_OUTER_BOUND ( 'NONE', #529, .T. ) ;
#154 = CARTESIAN_POINT ( 'NONE',  ( 16.99999999999999289, 1.000000000000000888, -5.000000000000000000 ) ) ;
#155 = AXIS2_PLACEMENT_3D ( 'NONE', #1315, #361, #1229 ) ;
#156 = ORIENTED_EDGE ( 'NONE', *, *, #330, .T. ) ;
#157 = CARTESIAN_POINT ( 'NONE',  ( 16.99999999999999289, 0.000000000000000000, -3.999999999999999112 ) ) ;
#158 = CARTESIAN_POINT ( 'NONE',  ( 9.999999999999992895, 5.000000000000000000, -24.00000000000000000 ) ) ;
#159 = AXIS2_PLACEMENT_3D ( 'NONE', #961, #1191, #21 ) ;
#160 = CARTESIAN_POINT ( 'NONE',  ( -6.938893903907228378E-15, 4.000000000000006217, -12.00000000000000000 ) ) ;
#161 = CARTESIAN_POINT ( 'NONE',  ( -23.05000000000000426, -2.500000000000000000, 0.000000000000000000 ) ) ;
#162 = PRODUCT_DEFINITION_FORMATION_WITH_SPECIFIED_SOURCE ( 'ANY', '', #617, .NOT_KNOWN. ) ;
#163 = ORIENTED_EDGE ( 'NONE', *, *, #150, .T. ) ;
#164 = ORIENTED_EDGE ( 'NONE', *, *, #237, .T. ) ;
#165 = CARTESIAN_POINT ( 'NONE',  ( 23.60555127546399135, 0.000000000000000000, -3.999999999999999112 ) ) ;
#166 = CARTESIAN_POINT ( 'NONE',  ( -27.00000000000000000, 5.000000000000000000, 3.000000000000000000 ) ) ;
#167 = FACE_OUTER_BOUND ( 'NONE', #575, .T. ) ;
#168 = CIRCLE ( 'NONE', #1120, 7.000000000000000000 ) ;
#169 = ORIENTED_EDGE ( 'NONE', *, *, #17, .F. ) ;
#170 = DIRECTION ( 'NONE',  ( 0.000000000000000000, 0.000000000000000000, -1.000000000000000000 ) ) ;
#171 = CYLINDRICAL_SURFACE ( 'NONE', #463, 3.000000000000004441 ) ;
#172 = DIRECTION ( 'NONE',  ( 0.000000000000000000, -1.000000000000000000, 0.000000000000000000 ) ) ;
#173 = DIRECTION ( 'NONE',  ( 1.000000000000000000, 0.000000000000000000, 0.000000000000000000 ) ) ;
#174 = EDGE_LOOP ( 'NONE', ( #127, #190, #990, #93 ) ) ;
#175 = EDGE_CURVE ( 'NONE', #901, #22, #1356, .T. ) ;
#176 = VECTOR ( 'NONE', #453, 1000.000000000000000 ) ;
#177 = DIRECTION ( 'NONE',  ( 0.000000000000000000, 0.000000000000000000, 1.000000000000000000 ) ) ;
#178 = FACE_OUTER_BOUND ( 'NONE', #445, .T. ) ;
#179 = FILL_AREA_STYLE ('',( #1128 ) ) ;
#180 = DIRECTION ( 'NONE',  ( 0.000000000000000000, 0.000000000000000000, 1.000000000000000000 ) ) ;
#181 = DIRECTION ( 'NONE',  ( 0.000000000000000000, -1.000000000000000000, 0.000000000000000000 ) ) ;
#182 = AXIS2_PLACEMENT_3D ( 'NONE', #681, #172, #573 ) ;
#183 = ADVANCED_BREP_SHAPE_REPRESENTATION ( 'Steering-Arm-Post-Right', ( #214, #235 ), #744 ) ;
#184 = VERTEX_POINT ( 'NONE', #722 ) ;
#185 = CARTESIAN_POINT ( 'NONE',  ( 20.00000000000000000, 5.000000000000000000, 2.000000000000000000 ) ) ;
#186 = ADVANCED_FACE ( 'NONE', ( #4 ), #715, .F. ) ;
#187 = DIRECTION ( 'NONE',  ( 0.000000000000000000, 1.000000000000000000, -0.000000000000000000 ) ) ;
#188 = DIRECTION ( 'NONE',  ( -0.000000000000000000, 1.000000000000000000, -0.000000000000000000 ) ) ;
#189 = CARTESIAN_POINT ( 'NONE',  ( -27.00000000000000000, 4.000000000000006217, -3.000000000000000000 ) ) ;
#190 = ORIENTED_EDGE ( 'NONE', *, *, #483, .F. ) ;
#191 = ORIENTED_EDGE ( 'NONE', *, *, #242, .F. ) ;
#192 = DIRECTION ( 'NONE',  ( 0.000000000000000000, 0.000000000000000000, 1.000000000000000000 ) ) ;
#193 = FACE_BOUND ( 'NONE', #727, .T. ) ;
#194 = ORIENTED_EDGE ( 'NONE', *, *, #1125, .T. ) ;
#195 = ADVANCED_FACE ( 'NONE', ( #935, #821 ), #1277, .T. ) ;
#196 = FACE_BOUND ( 'NONE', #315, .T. ) ;
#197 = FACE_OUTER_BOUND ( 'NONE', #1173, .T. ) ;
#198 = ORIENTED_EDGE ( 'NONE', *, *, #1276, .T. ) ;
#199 = ORIENTED_EDGE ( 'NONE', *, *, #654, .F. ) ;
#200 = ORIENTED_EDGE ( 'NONE', *, *, #440, .T. ) ;
#201 = PRODUCT_RELATED_PRODUCT_CATEGORY ( 'part', '', ( #617 ) ) ;
#202 = CARTESIAN_POINT ( 'NONE',  ( -6.938893903907228378E-15, 4.000000000000006217, -24.00000000000000000 ) ) ;
#203 = FACE_OUTER_BOUND ( 'NONE', #285, .T. ) ;
#204 = VECTOR ( 'NONE', #850, 1000.000000000000000 ) ;
#205 = FACE_BOUND ( 'NONE', #800, .T. ) ;
#206 = CARTESIAN_POINT ( 'NONE',  ( 4.999999999999992895, 7.000000000000000000, -19.50000000000000000 ) ) ;
#207 = EDGE_CURVE ( 'NONE', #645, #80, #781, .T. ) ;
#208 = CIRCLE ( 'NONE', #907, 1.500000000000000666 ) ;
#209 = AXIS2_PLACEMENT_3D ( 'NONE', #1284, #338, #333 ) ;
#210 = ORIENTED_EDGE ( 'NONE', *, *, #458, .F. ) ;
#211 = AXIS2_PLACEMENT_3D ( 'NONE', #1188, #658, #13 ) ;
#212 = DIRECTION ( 'NONE',  ( -0.000000000000000000, -1.000000000000000000, -0.000000000000000000 ) ) ;
#213 = LINE ( 'NONE', #9, #762 ) ;
#214 = MANIFOLD_SOLID_BREP ( 'Fillet3', #1291 ) ;
#215 = EDGE_LOOP ( 'NONE', ( #843, #306 ) ) ;
#216 = LINE ( 'NONE', #5, #273 ) ;
#217 = CARTESIAN_POINT ( 'NONE',  ( 0.000000000000000000, 5.000000000000000000, -4.000000000000006217 ) ) ;
#218 = EDGE_CURVE ( 'NONE', #873, #553, #1077, .T. ) ;
#219 = ORIENTED_EDGE ( 'NONE', *, *, #1072, .F. ) ;
#220 = EDGE_LOOP ( 'NONE', ( #366, #469, #68, #656 ) ) ;
#221 = DIRECTION ( 'NONE',  ( 0.000000000000000000, 0.000000000000000000, 1.000000000000000000 ) ) ;
#222 = AXIS2_PLACEMENT_3D ( 'NONE', #1310, #358, #259 ) ;
#223 = DIRECTION ( 'NONE',  ( 0.000000000000000000, 0.000000000000000000, 1.000000000000000000 ) ) ;
#224 = ORIENTED_EDGE ( 'NONE', *, *, #1105, .F. ) ;
#225 = ADVANCED_FACE ( 'NONE', ( #1057 ), #465, .T. ) ;
#226 = DIRECTION ( 'NONE',  ( 0.000000000000000000, 0.000000000000000000, 1.000000000000000000 ) ) ;
#227 = CARTESIAN_POINT ( 'NONE',  ( 4.999999999999992895, 7.000000000000000000, -18.00000000000000000 ) ) ;
#228 = CARTESIAN_POINT ( 'NONE',  ( -6.938893903907228378E-15, 5.000000000000000000, -24.00000000000000000 ) ) ;
#229 = AXIS2_PLACEMENT_3D ( 'NONE', #627, #115, #1026 ) ;
#230 = PRESENTATION_LAYER_ASSIGNMENT (  '', '', ( #290 ) ) ;
#231 = EDGE_LOOP ( 'NONE', ( #1023, #922, #319, #1352 ) ) ;
#232 = ORIENTED_EDGE ( 'NONE', *, *, #440, .F. ) ;
#233 = CIRCLE ( 'NONE', #691, 2.000000000000000000 ) ;
#234 = AXIS2_PLACEMENT_3D ( 'NONE', #295, #502, #920 ) ;
#235 = AXIS2_PLACEMENT_3D ( 'NONE', #578, #1112, #1004 ) ;
#236 = DIRECTION ( 'NONE',  ( -1.000000000000000000, 0.000000000000000000, 0.000000000000000000 ) ) ;
#237 = EDGE_CURVE ( 'NONE', #80, #1031, #1282, .T. ) ;
#238 = ORIENTED_EDGE ( 'NONE', *, *, #288, .T. ) ;
#239 = SURFACE_STYLE_USAGE ( .BOTH. , #23 ) ;
#240 = EDGE_CURVE ( 'NONE', #1281, #462, #126, .T. ) ;
#241 = VECTOR ( 'NONE', #1005, 1000.000000000000114 ) ;
#242 = EDGE_CURVE ( 'NONE', #703, #796, #625, .T. ) ;
#243 = DIRECTION ( 'NONE',  ( 0.000000000000000000, 0.000000000000000000, 1.000000000000000000 ) ) ;
#244 = ORIENTED_EDGE ( 'NONE', *, *, #237, .F. ) ;
#245 = ORIENTED_EDGE ( 'NONE', *, *, #396, .F. ) ;
#246 = CARTESIAN_POINT ( 'NONE',  ( 26.00000000000000711, 5.000000000000000000, 0.000000000000000000 ) ) ;
#247 = PLANE ( 'NONE',  #504 ) ;
#248 = ORIENTED_EDGE ( 'NONE', *, *, #1144, .F. ) ;
#249 = DIRECTION ( 'NONE',  ( 0.000000000000000000, 0.7071067811865475727, 0.7071067811865475727 ) ) ;
#250 = CIRCLE ( 'NONE', #1343, 2.000000000000000444 ) ;
#251 = ORIENTED_EDGE ( 'NONE', *, *, #17, .T. ) ;
#252 = CARTESIAN_POINT ( 'NONE',  ( 0.000000000000000000, 0.000000000000000000, -24.00000000000000000 ) ) ;
#253 = DIRECTION ( 'NONE',  ( 0.000000000000000000, -0.7071067811865474617, 0.7071067811865474617 ) ) ;
#254 = VERTEX_POINT ( 'NONE', #968 ) ;
#255 = EDGE_LOOP ( 'NONE', ( #169, #876, #200, #401 ) ) ;
#256 = DIRECTION ( 'NONE',  ( -0.7071067811865475727, 0.7071067811865475727, 0.000000000000000000 ) ) ;
#257 = AXIS2_PLACEMENT_3D ( 'NONE', #660, #1083, #134 ) ;
#258 = DIRECTION ( 'NONE',  ( -1.000000000000000000, 0.000000000000000000, 0.000000000000000000 ) ) ;
#259 = DIRECTION ( 'NONE',  ( 0.000000000000000000, 0.000000000000000000, 1.000000000000000000 ) ) ;
#260 = ORIENTED_EDGE ( 'NONE', *, *, #969, .T. ) ;
#261 =( LENGTH_UNIT ( ) NAMED_UNIT ( * ) SI_UNIT ( .MILLI., .METRE. ) );
#262 = FACE_OUTER_BOUND ( 'NONE', #690, .T. ) ;
#263 = ADVANCED_FACE ( 'NONE', ( #757 ), #1186, .F. ) ;
#264 = DIRECTION ( 'NONE',  ( -0.000000000000000000, 1.000000000000000000, -0.000000000000000000 ) ) ;
#265 = CARTESIAN_POINT ( 'NONE',  ( 9.999999999999992895, 5.000000000000000000, -24.00000000000000000 ) ) ;
#266 = DIRECTION ( 'NONE',  ( 0.000000000000000000, 0.000000000000000000, 1.000000000000000000 ) ) ;
#267 = VECTOR ( 'NONE', #302, 1000.000000000000000 ) ;
#268 = ORIENTED_EDGE ( 'NONE', *, *, #730, .F. ) ;
#269 = APPLICATION_PROTOCOL_DEFINITION ( 'draft international standard', 'automotive_design', 1998, #930 ) ;
#270 = CARTESIAN_POINT ( 'NONE',  ( -25.00000000000000000, 5.000000000000000000, 3.000000000000000000 ) ) ;
#271 = VECTOR ( 'NONE', #1171, 1000.000000000000000 ) ;
#272 = CARTESIAN_POINT ( 'NONE',  ( 25.00000000000000000, 5.000000000000000000, 3.000000000000000000 ) ) ;
#273 = VECTOR ( 'NONE', #846, 1000.000000000000000 ) ;
#274 = CYLINDRICAL_SURFACE ( 'NONE', #1074, 1.500000000000000666 ) ;
#275 = DIRECTION ( 'NONE',  ( -1.000000000000000000, 3.469446951953614189E-16, 0.000000000000000000 ) ) ;
#276 = ORIENTED_EDGE ( 'NONE', *, *, #557, .T. ) ;
#277 = DIRECTION ( 'NONE',  ( -1.000000000000000000, 0.000000000000000000, 0.000000000000000000 ) ) ;
#278 = ORIENTED_EDGE ( 'NONE', *, *, #919, .F. ) ;
#279 = CARTESIAN_POINT ( 'NONE',  ( -7.050000000000004263, 0.000000000000000000, 0.000000000000000000 ) ) ;
#280 = DIRECTION ( 'NONE',  ( -3.469446951953614189E-16, -1.000000000000000000, 0.000000000000000000 ) ) ;
#281 = AXIS2_PLACEMENT_3D ( 'NONE', #1202, #249, #585 ) ;
#282 = ORIENTED_EDGE ( 'NONE', *, *, #894, .F. ) ;
#283 = ORIENTED_EDGE ( 'NONE', *, *, #492, .T. ) ;
#284 = CARTESIAN_POINT ( 'NONE',  ( -27.00000000000000000, 0.000000000000000000, -5.000000000000000000 ) ) ;
#285 = EDGE_LOOP ( 'NONE', ( #519, #15, #1199, #1054 ) ) ;
#286 = LINE ( 'NONE', #605, #1183 ) ;
#287 = DIRECTION ( 'NONE',  ( 0.000000000000000000, -1.000000000000000000, 0.000000000000000000 ) ) ;
#288 = EDGE_CURVE ( 'NONE', #732, #38, #1069, .T. ) ;
#289 = ORIENTED_EDGE ( 'NONE', *, *, #1078, .T. ) ;
#290 = STYLED_ITEM ( 'NONE', ( #1175 ), #214 ) ;
#291 = CARTESIAN_POINT ( 'NONE',  ( 4.999999999999992895, 0.000000000000000000, -19.50000000000000000 ) ) ;
#292 = DIRECTION ( 'NONE',  ( 0.000000000000000000, 1.000000000000000000, 0.000000000000000000 ) ) ;
#293 = FACE_OUTER_BOUND ( 'NONE', #883, .T. ) ;
#294 = VECTOR ( 'NONE', #321, 1000.000000000000000 ) ;
#295 = CARTESIAN_POINT ( 'NONE',  ( -27.00000000000000000, 5.000000000000000000, -5.000000000000000000 ) ) ;
#296 = CARTESIAN_POINT ( 'NONE',  ( -27.00000000000000000, 5.000000000000000000, -5.000000000000000000 ) ) ;
#297 = CIRCLE ( 'NONE', #472, 8.000000000000000000 ) ;
#298 = EDGE_LOOP ( 'NONE', ( #1029, #887, #314, #1370 ) ) ;
#299 = ORIENTED_EDGE ( 'NONE', *, *, #342, .F. ) ;
#300 = CARTESIAN_POINT ( 'NONE',  ( 4.999999999999992895, 7.000000000000000000, -19.50000000000000000 ) ) ;
#301 = EDGE_CURVE ( 'NONE', #645, #1252, #545, .T. ) ;
#302 = DIRECTION ( 'NONE',  ( 1.000000000000000000, 0.000000000000000000, 0.000000000000000000 ) ) ;
#303 = EDGE_LOOP ( 'NONE', ( #1046, #379, #615, #813 ) ) ;
#304 = DIRECTION ( 'NONE',  ( -0.000000000000000000, 1.000000000000000000, -0.000000000000000000 ) ) ;
#305 = DIRECTION ( 'NONE',  ( 0.000000000000000000, -1.000000000000000000, 0.000000000000000000 ) ) ;
#306 = ORIENTED_EDGE ( 'NONE', *, *, #669, .F. ) ;
#307 = ORIENTED_EDGE ( 'NONE', *, *, #758, .T. ) ;
#308 = EDGE_LOOP ( 'NONE', ( #248, #375, #1091, #736 ) ) ;
#309 = LINE ( 'NONE', #720, #756 ) ;
#310 = CARTESIAN_POINT ( 'NONE',  ( 9.999999999999991118, 0.9999999999999991118, -12.00000000000000000 ) ) ;
#311 = ORIENTED_EDGE ( 'NONE', *, *, #924, .T. ) ;
#312 = DIRECTION ( 'NONE',  ( 0.000000000000000000, 1.000000000000000000, 0.000000000000000000 ) ) ;
#313 = LINE ( 'NONE', #415, #1251 ) ;
#314 = ORIENTED_EDGE ( 'NONE', *, *, #1059, .F. ) ;
#315 = EDGE_LOOP ( 'NONE', ( #238, #592 ) ) ;
#316 = CARTESIAN_POINT ( 'NONE',  ( -6.938893903907228378E-15, 4.000000000000006217, -12.00000000000000000 ) ) ;
#317 = AXIS2_PLACEMENT_3D ( 'NONE', #501, #925, #397 ) ;
#318 = CARTESIAN_POINT ( 'NONE',  ( 16.99999999999999289, 0.9999999999999991118, -12.00000000000000000 ) ) ;
#319 = ORIENTED_EDGE ( 'NONE', *, *, #988, .T. ) ;
#320 = LINE ( 'NONE', #1060, #33 ) ;
#321 = DIRECTION ( 'NONE',  ( -0.000000000000000000, 1.000000000000000000, -0.000000000000000000 ) ) ;
#322 = CIRCLE ( 'NONE', #124, 1.500000000000000666 ) ;
#323 = VECTOR ( 'NONE', #449, 1000.000000000000000 ) ;
#324 = VERTEX_POINT ( 'NONE', #26 ) ;
#325 = ORIENTED_EDGE ( 'NONE', *, *, #859, .F. ) ;
#326 = CARTESIAN_POINT ( 'NONE',  ( 21.94999999999999574, 0.000000000000000000, 0.000000000000000000 ) ) ;
#327 = DIRECTION ( 'NONE',  ( 0.000000000000000000, -0.000000000000000000, -1.000000000000000000 ) ) ;
#328 = EDGE_LOOP ( 'NONE', ( #996, #354, #838, #116 ) ) ;
#329 = CARTESIAN_POINT ( 'NONE',  ( -23.05000000000000426, -2.000000000000000000, 1.500000000000000666 ) ) ;
#330 = EDGE_CURVE ( 'NONE', #827, #80, #556, .T. ) ;
#331 = ORIENTED_EDGE ( 'NONE', *, *, #218, .T. ) ;
#332 = DIRECTION ( 'NONE',  ( -1.000000000000000000, -0.000000000000000000, -0.000000000000000000 ) ) ;
#333 = DIRECTION ( 'NONE',  ( 0.000000000000000000, 0.000000000000000000, 1.000000000000000000 ) ) ;
#334 = CARTESIAN_POINT ( 'NONE',  ( 4.999999999999992895, -5.000000000000000000, -21.00000000000000000 ) ) ;
#335 = ORIENTED_EDGE ( 'NONE', *, *, #62, .T. ) ;
#336 = FACE_OUTER_BOUND ( 'NONE', #120, .T. ) ;
#337 = AXIS2_PLACEMENT_3D ( 'NONE', #1243, #590, #86 ) ;
#338 = DIRECTION ( 'NONE',  ( -0.000000000000000000, 1.000000000000000000, -0.000000000000000000 ) ) ;
#339 = ORIENTED_EDGE ( 'NONE', *, *, #175, .T. ) ;
#340 = EDGE_CURVE ( 'NONE', #1189, #1252, #132, .T. ) ;
#341 = VECTOR ( 'NONE', #76, 999.9999999999998863 ) ;
#342 = EDGE_CURVE ( 'NONE', #372, #111, #539, .T. ) ;
#343 = FACE_OUTER_BOUND ( 'NONE', #1273, .T. ) ;
#344 = DIRECTION ( 'NONE',  ( 0.7071067811865474617, 0.7071067811865474617, 0.000000000000000000 ) ) ;
#345 = ADVANCED_FACE ( 'NONE', ( #336 ), #1294, .F. ) ;
#346 = EDGE_LOOP ( 'NONE', ( #1011, #1102, #1360, #199 ) ) ;
#347 = ORIENTED_EDGE ( 'NONE', *, *, #1187, .T. ) ;
#348 = DIRECTION ( 'NONE',  ( 0.000000000000000000, 0.000000000000000000, 1.000000000000000000 ) ) ;
#349 = AXIS2_PLACEMENT_3D ( 'NONE', #365, #666, #673 ) ;
#350 = LINE ( 'NONE', #559, #875 ) ;
#351 = ORIENTED_EDGE ( 'NONE', *, *, #914, .F. ) ;
#352 = ORIENTED_EDGE ( 'NONE', *, *, #586, .F. ) ;
#353 = CARTESIAN_POINT ( 'NONE',  ( -23.05000000000000426, 0.000000000000000000, 0.000000000000000000 ) ) ;
#354 = ORIENTED_EDGE ( 'NONE', *, *, #652, .T. ) ;
#355 = ADVANCED_FACE ( 'NONE', ( #548 ), #975, .T. ) ;
#356 = VECTOR ( 'NONE', #963, 1000.000000000000000 ) ;
#357 = CARTESIAN_POINT ( 'NONE',  ( 20.00000000000000000, 5.000000000000000000, -5.000000000000000000 ) ) ;
#358 = DIRECTION ( 'NONE',  ( 0.000000000000000000, 1.000000000000000000, 0.000000000000000000 ) ) ;
#359 = ORIENTED_EDGE ( 'NONE', *, *, #1328, .F. ) ;
#360 = ORIENTED_EDGE ( 'NONE', *, *, #941, .T. ) ;
#361 = DIRECTION ( 'NONE',  ( 0.000000000000000000, 1.000000000000000000, 0.000000000000000000 ) ) ;
#362 = VECTOR ( 'NONE', #398, 999.9999999999998863 ) ;
#363 = ADVANCED_FACE ( 'NONE', ( #139 ), #593, .F. ) ;
#364 = CARTESIAN_POINT ( 'NONE',  ( -6.938893903907228378E-15, 0.000000000000000000, -12.00000000000000000 ) ) ;
#365 = CARTESIAN_POINT ( 'NONE',  ( 4.999999999999997335, 5.000000000000000000, 0.000000000000000000 ) ) ;
#366 = ORIENTED_EDGE ( 'NONE', *, *, #464, .F. ) ;
#367 = DIRECTION ( 'NONE',  ( -1.000000000000000000, 0.000000000000000000, 0.000000000000000000 ) ) ;
#368 = DIRECTION ( 'NONE',  ( 0.000000000000000000, 1.000000000000000000, 0.000000000000000000 ) ) ;
#369 = AXIS2_PLACEMENT_3D ( 'NONE', #399, #1250, #1351 ) ;
#370 = FACE_OUTER_BOUND ( 'NONE', #1185, .T. ) ;
#371 = DIRECTION ( 'NONE',  ( 0.000000000000000000, 1.000000000000000000, 0.000000000000000000 ) ) ;
#372 = VERTEX_POINT ( 'NONE', #1121 ) ;
#373 = PRODUCT_CONTEXT ( 'NONE', #930, 'mechanical' ) ;
#374 = CARTESIAN_POINT ( 'NONE',  ( -26.00000000000000711, 5.000000000000000000, 0.000000000000000000 ) ) ;
#375 = ORIENTED_EDGE ( 'NONE', *, *, #1065, .T. ) ;
#376 = CARTESIAN_POINT ( 'NONE',  ( -26.00000000000000711, 5.000000000000000000, 3.000000000000000000 ) ) ;
#377 = DIRECTION ( 'NONE',  ( 0.000000000000000000, 0.000000000000000000, 1.000000000000000000 ) ) ;
#378 = AXIS2_PLACEMENT_3D ( 'NONE', #647, #748, #223 ) ;
#379 = ORIENTED_EDGE ( 'NONE', *, *, #676, .T. ) ;
#380 = CARTESIAN_POINT ( 'NONE',  ( -2.000000000000006661, 2.000000000000006661, -24.00000000000000000 ) ) ;
#381 = AXIS2_PLACEMENT_3D ( 'NONE', #77, #181, #1233 ) ;
#382 = VECTOR ( 'NONE', #441, 1000.000000000000000 ) ;
#383 = EDGE_CURVE ( 'NONE', #623, #1222, #1009, .T. ) ;
#384 = CARTESIAN_POINT ( 'NONE',  ( 4.999999999999992895, 5.000000000000000000, -19.50000000000000000 ) ) ;
#385 = EDGE_CURVE ( 'NONE', #926, #1022, #737, .T. ) ;
#386 = EDGE_LOOP ( 'NONE', ( #1045, #1298 ) ) ;
#387 = DIRECTION ( 'NONE',  ( 0.000000000000000000, 0.000000000000000000, -1.000000000000000000 ) ) ;
#388 = EDGE_LOOP ( 'NONE', ( #289, #1311 ) ) ;
#389 = EDGE_CURVE ( 'NONE', #940, #22, #69, .T. ) ;
#390 = CARTESIAN_POINT ( 'NONE',  ( 26.00000000000000711, 5.000000000000000000, 3.000000000000000000 ) ) ;
#391 = PLANE ( 'NONE',  #967 ) ;
#392 = AXIS2_PLACEMENT_3D ( 'NONE', #296, #1341, #1325 ) ;
#393 = ORIENTED_EDGE ( 'NONE', *, *, #527, .T. ) ;
#394 = ORIENTED_EDGE ( 'NONE', *, *, #1182, .F. ) ;
#395 = CARTESIAN_POINT ( 'NONE',  ( -25.00000000000000000, 0.000000000000000000, 5.000000000000000000 ) ) ;
#396 = EDGE_CURVE ( 'NONE', #459, #633, #824, .T. ) ;
#397 = DIRECTION ( 'NONE',  ( 0.000000000000000000, 0.000000000000000000, 1.000000000000000000 ) ) ;
#398 = DIRECTION ( 'NONE',  ( 0.000000000000000000, 0.7071067811865469066, 0.7071067811865482389 ) ) ;
#399 = CARTESIAN_POINT ( 'NONE',  ( -7.000000000000007105, 5.000000000000000000, -12.00000000000000000 ) ) ;
#400 = EDGE_CURVE ( 'NONE', #1268, #1220, #1329, .T. ) ;
#401 = ORIENTED_EDGE ( 'NONE', *, *, #1314, .F. ) ;
#402 = ORIENTED_EDGE ( 'NONE', *, *, #207, .F. ) ;
#403 = AXIS2_PLACEMENT_3D ( 'NONE', #881, #477, #1016 ) ;
#404 = CARTESIAN_POINT ( 'NONE',  ( 25.00000000000000000, 5.000000000000000000, 3.000000000000000000 ) ) ;
#405 = LINE ( 'NONE', #635, #133 ) ;
#406 = EDGE_LOOP ( 'NONE', ( #468, #251 ) ) ;
#407 = LINE ( 'NONE', #1371, #362 ) ;
#408 = CARTESIAN_POINT ( 'NONE',  ( 21.94999999999999574, 5.000000000000000000, 0.000000000000000000 ) ) ;
#409 = AXIS2_PLACEMENT_3D ( 'NONE', #1000, #695, #479 ) ;
#410 = EDGE_CURVE ( 'NONE', #131, #1220, #572, .T. ) ;
#411 = DIRECTION ( 'NONE',  ( -0.000000000000000000, 1.000000000000000000, -0.000000000000000000 ) ) ;
#412 = DIRECTION ( 'NONE',  ( -0.000000000000000000, 1.000000000000000000, -0.000000000000000000 ) ) ;
#413 = VERTEX_POINT ( 'NONE', #991 ) ;
#414 = DIRECTION ( 'NONE',  ( 3.469446951953614189E-16, 1.000000000000000000, -0.000000000000000000 ) ) ;
#415 = CARTESIAN_POINT ( 'NONE',  ( -27.00000000000000000, 5.000000000000000000, -3.000000000000000000 ) ) ;
#416 = ORIENTED_EDGE ( 'NONE', *, *, #817, .F. ) ;
#417 = EDGE_LOOP ( 'NONE', ( #325, #710, #119, #1126 ) ) ;
#418 = VECTOR ( 'NONE', #1246, 1000.000000000000000 ) ;
#419 = AXIS2_PLACEMENT_3D ( 'NONE', #404, #1368, #520 ) ;
#420 = DIRECTION ( 'NONE',  ( 0.000000000000000000, 0.000000000000000000, 1.000000000000000000 ) ) ;
#421 = CARTESIAN_POINT ( 'NONE',  ( -7.050000000000004263, 5.000000000000000000, 0.000000000000000000 ) ) ;
#422 = FACE_BOUND ( 'NONE', #406, .T. ) ;
#423 = DIRECTION ( 'NONE',  ( -5.204170427930421283E-15, 0.000000000000000000, 1.000000000000000000 ) ) ;
#424 = ADVANCED_FACE ( 'NONE', ( #53 ), #896, .T. ) ;
#425 = EDGE_LOOP ( 'NONE', ( #1167, #723 ) ) ;
#426 = ORIENTED_EDGE ( 'NONE', *, *, #240, .F. ) ;
#427 = CARTESIAN_POINT ( 'NONE',  ( 4.999999999999992895, 5.000000000000000000, -19.50000000000000000 ) ) ;
#428 = VECTOR ( 'NONE', #187, 1000.000000000000000 ) ;
#429 = CARTESIAN_POINT ( 'NONE',  ( -25.00000000000000000, 4.000000000000006217, -5.000000000000000000 ) ) ;
#430 = EDGE_LOOP ( 'NONE', ( #911, #1333 ) ) ;
#431 = EDGE_CURVE ( 'NONE', #1106, #1150, #1363, .T. ) ;
#432 = DIRECTION ( 'NONE',  ( -5.204170427930421283E-15, 0.000000000000000000, 1.000000000000000000 ) ) ;
#433 = AXIS2_PLACEMENT_3D ( 'NONE', #765, #644, #970 ) ;
#434 = VERTEX_POINT ( 'NONE', #889 ) ;
#435 = CARTESIAN_POINT ( 'NONE',  ( 16.99999999999999289, 4.999999999999997335, -5.000000000000000000 ) ) ;
#436 = DIRECTION ( 'NONE',  ( -1.000000000000000000, 0.000000000000000000, 0.000000000000000000 ) ) ;
#437 = ADVANCED_FACE ( 'NONE', ( #671 ), #1336, .T. ) ;
#438 = LINE ( 'NONE', #56, #1253 ) ;
#439 = EDGE_LOOP ( 'NONE', ( #1014, #642, #299, #1330 ) ) ;
#440 = EDGE_CURVE ( 'NONE', #51, #1075, #1104, .T. ) ;
#441 = DIRECTION ( 'NONE',  ( 0.000000000000000000, 0.000000000000000000, -1.000000000000000000 ) ) ;
#442 = ADVANCED_FACE ( 'NONE', ( #262 ), #1113, .T. ) ;
#443 = COLOUR_RGB ( '',0.7921568627450980005, 0.8196078431372548767, 0.9333333333333333481 ) ;
#444 = CARTESIAN_POINT ( 'NONE',  ( 0.9999999999999870104, 5.000000000000000000, 0.000000000000000000 ) ) ;
#445 = EDGE_LOOP ( 'NONE', ( #1110, #451, #782, #1055 ) ) ;
#446 = ORIENTED_EDGE ( 'NONE', *, *, #758, .F. ) ;
#447 = VECTOR ( 'NONE', #1232, 1000.000000000000000 ) ;
#448 =( LENGTH_UNIT ( ) NAMED_UNIT ( * ) SI_UNIT ( .MILLI., .METRE. ) );
#449 = DIRECTION ( 'NONE',  ( 1.000000000000000000, 0.000000000000000000, 0.000000000000000000 ) ) ;
#450 = DIRECTION ( 'NONE',  ( 0.000000000000000000, 0.000000000000000000, 1.000000000000000000 ) ) ;
#451 = ORIENTED_EDGE ( 'NONE', *, *, #1122, .F. ) ;
#452 = ORIENTED_EDGE ( 'NONE', *, *, #385, .T. ) ;
#453 = DIRECTION ( 'NONE',  ( 0.000000000000000000, 0.000000000000000000, -1.000000000000000000 ) ) ;
#454 = AXIS2_PLACEMENT_3D ( 'NONE', #427, #1168, #1206 ) ;
#455 = CARTESIAN_POINT ( 'NONE',  ( 27.00000000000000355, 4.000000000000005329, 0.7217833605748317227 ) ) ;
#456 = CARTESIAN_POINT ( 'NONE',  ( 27.00000000000000000, 0.000000000000000000, 2.000000000000000000 ) ) ;
#457 = ORIENTED_EDGE ( 'NONE', *, *, #1, .T. ) ;
#458 = EDGE_CURVE ( 'NONE', #675, #111, #1034, .T. ) ;
#459 = VERTEX_POINT ( 'NONE', #165 ) ;
#460 = APPLICATION_CONTEXT ( 'automotive_design' ) ;
#461 = DIRECTION ( 'NONE',  ( 0.000000000000000000, 0.000000000000000000, 1.000000000000000000 ) ) ;
#462 = VERTEX_POINT ( 'NONE', #1103 ) ;
#463 = AXIS2_PLACEMENT_3D ( 'NONE', #1348, #1017, #495 ) ;
#464 = EDGE_CURVE ( 'NONE', #553, #1317, #152, .T. ) ;
#465 = CONICAL_SURFACE ( 'NONE', #882, 1.000000000000004441, 0.7853981633974491672 ) ;
#466 = DIRECTION ( 'NONE',  ( -1.000000000000000000, 0.000000000000000000, 0.000000000000000000 ) ) ;
#467 = CARTESIAN_POINT ( 'NONE',  ( -7.050000000000004263, -2.000000000000000000, 1.499999999999999556 ) ) ;
#468 = ORIENTED_EDGE ( 'NONE', *, *, #1353, .T. ) ;
#469 = ORIENTED_EDGE ( 'NONE', *, *, #820, .F. ) ;
#470 = CIRCLE ( 'NONE', #1203, 2.000000000000000000 ) ;
#471 = PLANE ( 'NONE',  #700 ) ;
#472 = AXIS2_PLACEMENT_3D ( 'NONE', #892, #1020, #904 ) ;
#473 = DIRECTION ( 'NONE',  ( 0.000000000000000000, 1.000000000000000000, 0.000000000000000000 ) ) ;
#474 = PLANE ( 'NONE',  #392 ) ;
#475 = VERTEX_POINT ( 'NONE', #157 ) ;
#476 = FACE_OUTER_BOUND ( 'NONE', #255, .T. ) ;
#477 = DIRECTION ( 'NONE',  ( -0.000000000000000000, -1.000000000000000000, -0.000000000000000000 ) ) ;
#478 = CIRCLE ( 'NONE', #337, 7.999999999999992895 ) ;
#479 = DIRECTION ( 'NONE',  ( 0.000000000000000000, 0.000000000000000000, -1.000000000000000000 ) ) ;
#480 = CYLINDRICAL_SURFACE ( 'NONE', #576, 2.999999999999999112 ) ;
#481 = ADVANCED_FACE ( 'NONE', ( #570 ), #471, .F. ) ;
#482 = ORIENTED_EDGE ( 'NONE', *, *, #492, .F. ) ;
#483 = EDGE_CURVE ( 'NONE', #254, #1268, #147, .T. ) ;
#484 = CARTESIAN_POINT ( 'NONE',  ( -27.00000000000000000, 1.000000000000000888, -5.000000000000000000 ) ) ;
#485 = DIRECTION ( 'NONE',  ( 0.000000000000000000, 0.000000000000000000, 1.000000000000000000 ) ) ;
#486 = ADVANCED_FACE ( 'NONE', ( #178 ), #819, .T. ) ;
#487 = CARTESIAN_POINT ( 'NONE',  ( 4.999999999999992895, 7.000000000000000000, -22.50000000000000000 ) ) ;
#488 = CARTESIAN_POINT ( 'NONE',  ( 8.999999999999994671, 0.000000000000000000, -12.00000000000000000 ) ) ;
#489 = CIRCLE ( 'NONE', #1270, 1.499999999999999556 ) ;
#490 = ORIENTED_EDGE ( 'NONE', *, *, #150, .F. ) ;
#491 = CARTESIAN_POINT ( 'NONE',  ( -23.05000000000000426, -2.500000000000000000, 0.000000000000000000 ) ) ;
#492 = EDGE_CURVE ( 'NONE', #623, #932, #309, .T. ) ;
#493 = CIRCLE ( 'NONE', #518, 2.999999999999999112 ) ;
#494 = CIRCLE ( 'NONE', #182, 3.000000000000004441 ) ;
#495 = DIRECTION ( 'NONE',  ( 0.000000000000000000, 0.000000000000000000, 1.000000000000000000 ) ) ;
#496 = ORIENTED_EDGE ( 'NONE', *, *, #340, .T. ) ;
#497 = DIRECTION ( 'NONE',  ( 0.000000000000000000, 1.000000000000000000, 0.000000000000000000 ) ) ;
#498 = LINE ( 'NONE', #823, #1326 ) ;
#499 = EDGE_LOOP ( 'NONE', ( #44, #163, #662, #755 ) ) ;
#500 = CARTESIAN_POINT ( 'NONE',  ( -25.00000000000000000, 5.000000000000000000, -3.000000000000000000 ) ) ;
#501 = CARTESIAN_POINT ( 'NONE',  ( -23.05000000000000426, -2.500000000000000000, 0.000000000000000000 ) ) ;
#502 = DIRECTION ( 'NONE',  ( 0.000000000000000000, 0.000000000000000000, 1.000000000000000000 ) ) ;
#503 = CARTESIAN_POINT ( 'NONE',  ( 9.999999999999992895, 5.000000000000000000, -24.00000000000000000 ) ) ;
#504 = AXIS2_PLACEMENT_3D ( 'NONE', #444, #869, #48 ) ;
#505 = VERTEX_POINT ( 'NONE', #395 ) ;
#506 = FACE_OUTER_BOUND ( 'NONE', #880, .T. ) ;
#507 = CARTESIAN_POINT ( 'NONE',  ( -23.05000000000000426, 0.000000000000000000, 3.000000000000004441 ) ) ;
#508 = CYLINDRICAL_SURFACE ( 'NONE', #766, 1.500000000000000666 ) ;
#509 = CARTESIAN_POINT ( 'NONE',  ( -7.000000000000007105, 4.000000000000006217, -5.000000000000000000 ) ) ;
#510 = EDGE_CURVE ( 'NONE', #462, #767, #1010, .T. ) ;
#511 = ORIENTED_EDGE ( 'NONE', *, *, #330, .F. ) ;
#512 = AXIS2_PLACEMENT_3D ( 'NONE', #270, #678, #801 ) ;
#513 = DIRECTION ( 'NONE',  ( 0.000000000000000000, 0.000000000000000000, 1.000000000000000000 ) ) ;
#514 = DIRECTION ( 'NONE',  ( 0.000000000000000000, 1.000000000000000000, 0.000000000000000000 ) ) ;
#515 = VERTEX_POINT ( 'NONE', #316 ) ;
#516 = CYLINDRICAL_SURFACE ( 'NONE', #1049, 1.500000000000001332 ) ;
#517 = DIRECTION ( 'NONE',  ( 0.000000000000000000, 1.000000000000000000, 0.000000000000000000 ) ) ;
#518 = AXIS2_PLACEMENT_3D ( 'NONE', #206, #1067, #1285 ) ;
#519 = ORIENTED_EDGE ( 'NONE', *, *, #1223, .F. ) ;
#520 = DIRECTION ( 'NONE',  ( 0.000000000000000000, 0.000000000000000000, -1.000000000000000000 ) ) ;
#521 = DIRECTION ( 'NONE',  ( -0.000000000000000000, -1.000000000000000000, -0.000000000000000000 ) ) ;
#522 = FACE_BOUND ( 'NONE', #430, .T. ) ;
#523 = CARTESIAN_POINT ( 'NONE',  ( 20.00000000000000000, 5.000000000000000000, -5.000000000000000000 ) ) ;
#524 = ORIENTED_EDGE ( 'NONE', *, *, #721, .T. ) ;
#525 = VECTOR ( 'NONE', #844, 1000.000000000000000 ) ;
#526 = DIRECTION ( 'NONE',  ( -0.000000000000000000, -1.000000000000000000, -0.000000000000000000 ) ) ;
#527 = EDGE_CURVE ( 'NONE', #1037, #372, #1302, .T. ) ;
#528 = FACE_OUTER_BOUND ( 'NONE', #417, .T. ) ;
#529 = EDGE_LOOP ( 'NONE', ( #1137, #70, #854, #402 ) ) ;
#530 = DIRECTION ( 'NONE',  ( 0.000000000000000000, 0.7071067811865474617, 0.7071067811865474617 ) ) ;
#531 = CARTESIAN_POINT ( 'NONE',  ( -25.00000000000000000, 4.000000000000006217, 5.000000000000000000 ) ) ;
#532 = ADVANCED_FACE ( 'NONE', ( #609 ), #1193, .T. ) ;
#533 = ORIENTED_EDGE ( 'NONE', *, *, #733, .T. ) ;
#534 = CARTESIAN_POINT ( 'NONE',  ( 9.999999999999991118, 0.000000000000000000, -24.00000000000000000 ) ) ;
#535 = CARTESIAN_POINT ( 'NONE',  ( 4.999999999999992895, 7.000000000000000000, -19.50000000000000000 ) ) ;
#536 = VECTOR ( 'NONE', #1153, 1000.000000000000114 ) ;
#537 = ORIENTED_EDGE ( 'NONE', *, *, #1187, .F. ) ;
#538 = EDGE_CURVE ( 'NONE', #995, #505, #942, .T. ) ;
#539 = LINE ( 'NONE', #1195, #356 ) ;
#540 = ORIENTED_EDGE ( 'NONE', *, *, #577, .F. ) ;
#541 = CARTESIAN_POINT ( 'NONE',  ( -6.938893903907228378E-15, 5.000000000000000000, -24.00000000000000000 ) ) ;
#542 =( BOUNDED_CURVE ( )  B_SPLINE_CURVE ( 3, ( #141, #455, #558, #1076 ),
 .UNSPECIFIED., .F., .F. ) 
 B_SPLINE_CURVE_WITH_KNOTS ( ( 4, 4 ),
 ( 0.000000000000000000, 0.5410995259571445004 ),
 .UNSPECIFIED. ) 
 CURVE ( )  GEOMETRIC_REPRESENTATION_ITEM ( )  RATIONAL_B_SPLINE_CURVE ( ( 1.000000000000000000, 0.9757494077729544912, 0.9757494077729544912, 1.000000000000000000 ) ) 
 REPRESENTATION_ITEM ( '' )  );
#543 = EDGE_LOOP ( 'NONE', ( #87, #1063, #950, #550 ) ) ;
#544 = VECTOR ( 'NONE', #192, 1000.000000000000000 ) ;
#545 = LINE ( 'NONE', #435, #952 ) ;
#546 = ORIENTED_EDGE ( 'NONE', *, *, #538, .T. ) ;
#547 = VERTEX_POINT ( 'NONE', #712 ) ;
#548 = FACE_OUTER_BOUND ( 'NONE', #298, .T. ) ;
#549 = VECTOR ( 'NONE', #236, 1000.000000000000000 ) ;
#550 = ORIENTED_EDGE ( 'NONE', *, *, #730, .T. ) ;
#551 = PLANE ( 'NONE',  #651 ) ;
#552 = LINE ( 'NONE', #980, #88 ) ;
#553 = VERTEX_POINT ( 'NONE', #202 ) ;
#554 = VECTOR ( 'NONE', #1224, 1000.000000000000000 ) ;
#555 = EDGE_LOOP ( 'NONE', ( #1119, #1157 ) ) ;
#556 = LINE ( 'NONE', #855, #709 ) ;
#557 = EDGE_CURVE ( 'NONE', #1075, #51, #1062, .T. ) ;
#558 = CARTESIAN_POINT ( 'NONE',  ( 26.65838223351410363, 4.341617766485899921, -0.5099370130995503070 ) ) ;
#559 = CARTESIAN_POINT ( 'NONE',  ( -7.000000000000006217, 4.000000000000006217, -5.000000000000000000 ) ) ;
#560 = VERTEX_POINT ( 'NONE', #916 ) ;
#561 = ORIENTED_EDGE ( 'NONE', *, *, #1269, .T. ) ;
#562 = DIRECTION ( 'NONE',  ( 0.000000000000000000, 0.7071067811865475727, 0.7071067811865475727 ) ) ;
#563 = EDGE_CURVE ( 'NONE', #834, #901, #1213, .T. ) ;
#564 = AXIS2_PLACEMENT_3D ( 'NONE', #491, #780, #387 ) ;
#565 = FACE_BOUND ( 'NONE', #215, .T. ) ;
#566 = CARTESIAN_POINT ( 'NONE',  ( -7.000000000000006217, 0.000000000000000000, -5.000000000000000000 ) ) ;
#567 = CARTESIAN_POINT ( 'NONE',  ( -7.050000000000004263, 0.000000000000000000, 1.499999999999999556 ) ) ;
#568 = EDGE_CURVE ( 'NONE', #895, #1106, #1355, .T. ) ;
#569 = ORIENTED_EDGE ( 'NONE', *, *, #1019, .F. ) ;
#570 = FACE_OUTER_BOUND ( 'NONE', #624, .T. ) ;
#571 = ORIENTED_EDGE ( 'NONE', *, *, #563, .T. ) ;
#572 = CIRCLE ( 'NONE', #929, 3.000000000000004441 ) ;
#573 = DIRECTION ( 'NONE',  ( 0.000000000000000000, 0.000000000000000000, -1.000000000000000000 ) ) ;
#574 = DIRECTION ( 'NONE',  ( 0.000000000000000000, 1.000000000000000000, 0.000000000000000000 ) ) ;
#575 = EDGE_LOOP ( 'NONE', ( #808, #1070, #745, #987 ) ) ;
#576 = AXIS2_PLACEMENT_3D ( 'NONE', #708, #900, #804 ) ;
#577 = EDGE_CURVE ( 'NONE', #1037, #1345, #89, .T. ) ;
#578 = CARTESIAN_POINT ( 'NONE',  ( 0.000000000000000000, 0.000000000000000000, 0.000000000000000000 ) ) ;
#579 = CARTESIAN_POINT ( 'NONE',  ( 25.00000000000000355, 4.000000000000006217, 5.000000000000000000 ) ) ;
#580 = CIRCLE ( 'NONE', #433, 2.000000000000000444 ) ;
#581 = CARTESIAN_POINT ( 'NONE',  ( -7.050000000000004263, 0.000000000000000000, -1.499999999999999556 ) ) ;
#582 = LINE ( 'NONE', #376, #554 ) ;
#583 = DIRECTION ( 'NONE',  ( 0.000000000000000000, 0.000000000000000000, -1.000000000000000000 ) ) ;
#584 = ORIENTED_EDGE ( 'NONE', *, *, #972, .F. ) ;
#585 = DIRECTION ( 'NONE',  ( -1.000000000000000000, 0.000000000000000000, 0.000000000000000000 ) ) ;
#586 = EDGE_CURVE ( 'NONE', #1252, #827, #168, .T. ) ;
#587 = LINE ( 'NONE', #158, #96 ) ;
#588 = AXIS2_PLACEMENT_3D ( 'NONE', #729, #602, #738 ) ;
#589 = LINE ( 'NONE', #884, #1204 ) ;
#590 = DIRECTION ( 'NONE',  ( -0.000000000000000000, -1.000000000000000000, -0.000000000000000000 ) ) ;
#591 = ADVANCED_FACE ( 'NONE', ( #506 ), #812, .F. ) ;
#592 = ORIENTED_EDGE ( 'NONE', *, *, #1144, .T. ) ;
#593 = PLANE ( 'NONE',  #866 ) ;
#594 = ORIENTED_EDGE ( 'NONE', *, *, #383, .T. ) ;
#595 = ADVANCED_FACE ( 'NONE', ( #1135 ), #704, .T. ) ;
#596 = DIRECTION ( 'NONE',  ( -0.000000000000000000, 1.000000000000000000, -0.000000000000000000 ) ) ;
#597 = CARTESIAN_POINT ( 'NONE',  ( 0.9999999999999870104, 5.000000000000000000, -12.00000000000000000 ) ) ;
#598 = VECTOR ( 'NONE', #332, 1000.000000000000000 ) ;
#599 = ORIENTED_EDGE ( 'NONE', *, *, #510, .T. ) ;
#600 = EDGE_CURVE ( 'NONE', #811, #434, #1361, .T. ) ;
#601 = DIRECTION ( 'NONE',  ( -0.000000000000000000, 1.000000000000000000, -0.000000000000000000 ) ) ;
#602 = DIRECTION ( 'NONE',  ( -0.000000000000000000, -1.000000000000000000, -0.000000000000000000 ) ) ;
#603 = VECTOR ( 'NONE', #100, 999.9999999999998863 ) ;
#604 = DIRECTION ( 'NONE',  ( 0.000000000000000000, 0.000000000000000000, 1.000000000000000000 ) ) ;
#605 = CARTESIAN_POINT ( 'NONE',  ( -23.05000000000000426, -2.500000000000000000, 3.000000000000004441 ) ) ;
#606 = CARTESIAN_POINT ( 'NONE',  ( 21.94999999999999574, 5.000000000000000000, 1.500000000000000666 ) ) ;
#607 = ORIENTED_EDGE ( 'NONE', *, *, #784, .F. ) ;
#608 =( NAMED_UNIT ( * ) PLANE_ANGLE_UNIT ( ) SI_UNIT ( $, .RADIAN. ) );
#609 = FACE_OUTER_BOUND ( 'NONE', #936, .T. ) ;
#610 = CARTESIAN_POINT ( 'NONE',  ( 8.999999999999991118, 0.000000000000000000, 0.000000000000000000 ) ) ;
#611 = ADVANCED_FACE ( 'NONE', ( #835 ), #1266, .F. ) ;
#612 = ORIENTED_EDGE ( 'NONE', *, *, #1276, .F. ) ;
#613 = CARTESIAN_POINT ( 'NONE',  ( -27.00000000000000000, 4.000000000000006217, -3.000000000000000000 ) ) ;
#614 = DIRECTION ( 'NONE',  ( 0.000000000000000000, 0.000000000000000000, -1.000000000000000000 ) ) ;
#615 = ORIENTED_EDGE ( 'NONE', *, *, #568, .T. ) ;
#616 = ORIENTED_EDGE ( 'NONE', *, *, #1088, .T. ) ;
#617 = PRODUCT ( 'Steering-Arm-Post-Right', 'Steering-Arm-Post-Right', '', ( #373 ) ) ;
#618 = CARTESIAN_POINT ( 'NONE',  ( -7.050000000000004263, -2.000000000000000000, 0.000000000000000000 ) ) ;
#619 = DIRECTION ( 'NONE',  ( 0.000000000000000000, 0.000000000000000000, 1.000000000000000000 ) ) ;
#620 = DIRECTION ( 'NONE',  ( 0.000000000000000000, 1.000000000000000000, 0.000000000000000000 ) ) ;
#621 = LINE ( 'NONE', #938, #16 ) ;
#622 = CIRCLE ( 'NONE', #1018, 1.000000000000004441 ) ;
#623 = VERTEX_POINT ( 'NONE', #933 ) ;
#624 = EDGE_LOOP ( 'NONE', ( #260, #360, #30, #283 ) ) ;
#625 = CIRCLE ( 'NONE', #1312, 1.500000000000000666 ) ;
#626 = DIRECTION ( 'NONE',  ( 0.000000000000000000, -1.000000000000000000, 0.000000000000000000 ) ) ;
#627 = CARTESIAN_POINT ( 'NONE',  ( 0.000000000000000000, 5.000000000000000000, 0.000000000000000000 ) ) ;
#628 = LINE ( 'NONE', #742, #979 ) ;
#629 = LINE ( 'NONE', #534, #75 ) ;
#630 = AXIS2_PLACEMENT_3D ( 'NONE', #899, #497, #701 ) ;
#631 = EDGE_CURVE ( 'NONE', #645, #475, #1151, .T. ) ;
#632 = VERTEX_POINT ( 'NONE', #777 ) ;
#633 = VERTEX_POINT ( 'NONE', #456 ) ;
#634 = CARTESIAN_POINT ( 'NONE',  ( 16.99999999999999289, 5.000000000000000000, -12.00000000000000000 ) ) ;
#635 = CARTESIAN_POINT ( 'NONE',  ( 9.999999999999992895, 5.000000000000000000, -24.00000000000000000 ) ) ;
#636 = EDGE_CURVE ( 'NONE', #796, #703, #842, .T. ) ;
#637 = ORIENTED_EDGE ( 'NONE', *, *, #1165, .T. ) ;
#638 = DIRECTION ( 'NONE',  ( -0.000000000000000000, 1.000000000000000000, -0.000000000000000000 ) ) ;
#639 = FACE_OUTER_BOUND ( 'NONE', #966, .T. ) ;
#640 = ORIENTED_EDGE ( 'NONE', *, *, #58, .T. ) ;
#641 =( NAMED_UNIT ( * ) PLANE_ANGLE_UNIT ( ) SI_UNIT ( $, .RADIAN. ) );
#642 = ORIENTED_EDGE ( 'NONE', *, *, #458, .T. ) ;
#643 = DIRECTION ( 'NONE',  ( -0.000000000000000000, -0.000000000000000000, -1.000000000000000000 ) ) ;
#644 = DIRECTION ( 'NONE',  ( 0.000000000000000000, 1.000000000000000000, 0.000000000000000000 ) ) ;
#645 = VERTEX_POINT ( 'NONE', #154 ) ;
#646 = AXIS2_PLACEMENT_3D ( 'NONE', #246, #663, #1086 ) ;
#647 = CARTESIAN_POINT ( 'NONE',  ( -23.05000000000000426, -2.000000000000000000, 0.000000000000000000 ) ) ;
#648 = EDGE_CURVE ( 'NONE', #1022, #926, #1080, .T. ) ;
#649 = CARTESIAN_POINT ( 'NONE',  ( 22.50993701309955597, 0.6583822335141049642, -4.658382233514103632 ) ) ;
#650 = CARTESIAN_POINT ( 'NONE',  ( -27.00000000000000000, 0.000000000000000000, -3.000000000000000000 ) ) ;
#651 = AXIS2_PLACEMENT_3D ( 'NONE', #541, #965, #35 ) ;
#652 = EDGE_CURVE ( 'NONE', #895, #515, #114, .T. ) ;
#653 = ORIENTED_EDGE ( 'NONE', *, *, #1, .F. ) ;
#654 = EDGE_CURVE ( 'NONE', #995, #1095, #1096, .T. ) ;
#655 = CARTESIAN_POINT ( 'NONE',  ( 4.999999999999997335, 5.000000000000000000, -2.000000000000000444 ) ) ;
#656 = ORIENTED_EDGE ( 'NONE', *, *, #706, .F. ) ;
#657 = DIRECTION ( 'NONE',  ( -0.7071067811865472397, 0.7071067811865479058, 0.000000000000000000 ) ) ;
#658 = DIRECTION ( 'NONE',  ( 0.000000000000000000, -1.000000000000000000, 0.000000000000000000 ) ) ;
#659 = DIRECTION ( 'NONE',  ( 0.000000000000000000, 1.000000000000000000, 0.000000000000000000 ) ) ;
#660 = CARTESIAN_POINT ( 'NONE',  ( -25.00000000000000000, 5.000000000000000000, -3.000000000000000000 ) ) ;
#661 = ORIENTED_EDGE ( 'NONE', *, *, #538, .F. ) ;
#662 = ORIENTED_EDGE ( 'NONE', *, *, #906, .T. ) ;
#663 = DIRECTION ( 'NONE',  ( 0.7071067811865475727, 0.7071067811865475727, 0.000000000000000000 ) ) ;
#664 = AXIS2_PLACEMENT_3D ( 'NONE', #83, #412, #619 ) ;
#665 = CARTESIAN_POINT ( 'NONE',  ( 9.999999999999991118, 1.000000000000000000, -24.00000000000000000 ) ) ;
#666 = DIRECTION ( 'NONE',  ( 0.000000000000000000, 1.000000000000000000, 0.000000000000000000 ) ) ;
#667 = ORIENTED_EDGE ( 'NONE', *, *, #510, .F. ) ;
#668 = AXIS2_PLACEMENT_3D ( 'NONE', #535, #659, #25 ) ;
#669 = EDGE_CURVE ( 'NONE', #434, #1260, #861, .T. ) ;
#670 = ORIENTED_EDGE ( 'NONE', *, *, #924, .F. ) ;
#671 = FACE_OUTER_BOUND ( 'NONE', #680, .T. ) ;
#672 = DIRECTION ( 'NONE',  ( 0.7071067811865474617, 0.7071067811865474617, 0.000000000000000000 ) ) ;
#673 = DIRECTION ( 'NONE',  ( 0.000000000000000000, 0.000000000000000000, 1.000000000000000000 ) ) ;
#674 = ORIENTED_EDGE ( 'NONE', *, *, #890, .T. ) ;
#675 = VERTEX_POINT ( 'NONE', #1094 ) ;
#676 = EDGE_CURVE ( 'NONE', #111, #895, #350, .T. ) ;
#677 =( BOUNDED_CURVE ( )  B_SPLINE_CURVE ( 3, ( #1301, #1196, #649, #964 ),
 .UNSPECIFIED., .F., .F. ) 
 B_SPLINE_CURVE_WITH_KNOTS ( ( 4, 4 ),
 ( 3.141592653589793116, 3.682692179546938949 ),
 .UNSPECIFIED. ) 
 CURVE ( )  GEOMETRIC_REPRESENTATION_ITEM ( )  RATIONAL_B_SPLINE_CURVE ( ( 1.000000000000000000, 0.9757494077729542692, 0.9757494077729542692, 1.000000000000000000 ) ) 
 REPRESENTATION_ITEM ( '' )  );
#678 = DIRECTION ( 'NONE',  ( 0.000000000000000000, -1.000000000000000000, 0.000000000000000000 ) ) ;
#679 = AXIS2_PLACEMENT_3D ( 'NONE', #500, #292, #1127 ) ;
#680 = EDGE_LOOP ( 'NONE', ( #661, #773, #394, #416 ) ) ;
#681 = CARTESIAN_POINT ( 'NONE',  ( -23.05000000000000426, 0.000000000000000000, 0.000000000000000000 ) ) ;
#682 = LINE ( 'NONE', #467, #989 ) ;
#683 = ADVANCED_FACE ( 'NONE', ( #994 ), #247, .T. ) ;
#684 = ORIENTED_EDGE ( 'NONE', *, *, #396, .T. ) ;
#685 = DIRECTION ( 'NONE',  ( 0.000000000000000000, 0.000000000000000000, -1.000000000000000000 ) ) ;
#686 = CARTESIAN_POINT ( 'NONE',  ( 25.00000000000000355, 5.000000000000000000, 4.000000000000004441 ) ) ;
#687 = AXIS2_PLACEMENT_3D ( 'NONE', #1100, #368, #1115 ) ;
#688 = CARTESIAN_POINT ( 'NONE',  ( -7.050000000000004263, 5.000000000000000000, -1.499999999999999556 ) ) ;
#689 = DIRECTION ( 'NONE',  ( -0.000000000000000000, -1.000000000000000000, -0.000000000000000000 ) ) ;
#690 = EDGE_LOOP ( 'NONE', ( #31, #1194, #1278, #1304 ) ) ;
#691 = AXIS2_PLACEMENT_3D ( 'NONE', #1021, #92, #423 ) ;
#692 = DIRECTION ( 'NONE',  ( 0.000000000000000000, 0.000000000000000000, 1.000000000000000000 ) ) ;
#693 = DIRECTION ( 'NONE',  ( 0.000000000000000000, 1.000000000000000000, 0.000000000000000000 ) ) ;
#694 = EDGE_CURVE ( 'NONE', #1095, #834, #986, .T. ) ;
#695 = DIRECTION ( 'NONE',  ( -0.000000000000000000, -1.000000000000000000, -0.000000000000000000 ) ) ;
#696 = LINE ( 'NONE', #1219, #1108 ) ;
#697 = VERTEX_POINT ( 'NONE', #1319 ) ;
#698 = CARTESIAN_POINT ( 'NONE',  ( 27.00000000000000000, 4.000000000000006217, 3.000000000000000000 ) ) ;
#699 = PRODUCT_DEFINITION_CONTEXT ( 'detailed design', #460, 'design' ) ;
#700 = AXIS2_PLACEMENT_3D ( 'NONE', #61, #277, #74 ) ;
#701 = DIRECTION ( 'NONE',  ( 0.000000000000000000, 0.000000000000000000, 1.000000000000000000 ) ) ;
#702 = DIRECTION ( 'NONE',  ( 0.000000000000000000, 0.000000000000000000, 1.000000000000000000 ) ) ;
#703 = VERTEX_POINT ( 'NONE', #791 ) ;
#704 = CYLINDRICAL_SURFACE ( 'NONE', #1190, 7.000000000000000000 ) ;
#705 = ORIENTED_EDGE ( 'NONE', *, *, #1065, .F. ) ;
#706 = EDGE_CURVE ( 'NONE', #1317, #886, #1192, .T. ) ;
#707 = CARTESIAN_POINT ( 'NONE',  ( 21.94999999999999574, -2.000000000000000000, 0.000000000000000000 ) ) ;
#708 = CARTESIAN_POINT ( 'NONE',  ( 4.999999999999992895, 7.000000000000000000, -19.50000000000000000 ) ) ;
#709 = VECTOR ( 'NONE', #1071, 1000.000000000000000 ) ;
#710 = ORIENTED_EDGE ( 'NONE', *, *, #400, .T. ) ;
#711 = ADVANCED_FACE ( 'NONE', ( #1212 ), #43, .T. ) ;
#712 = CARTESIAN_POINT ( 'NONE',  ( 21.94999999999999574, 5.000000000000000000, -1.500000000000000666 ) ) ;
#713 = AXIS2_PLACEMENT_3D ( 'NONE', #384, #574, #266 ) ;
#714 = CONICAL_SURFACE ( 'NONE', #409, 8.000000000000000000, 0.7853981633974479459 ) ;
#715 = PLANE ( 'NONE',  #121 ) ;
#716 = FACE_OUTER_BOUND ( 'NONE', #1306, .T. ) ;
#717 = CARTESIAN_POINT ( 'NONE',  ( -26.00000000000000711, 5.000000000000000000, -3.000000000000000000 ) ) ;
#718 = EDGE_LOOP ( 'NONE', ( #805, #637, #546, #1162 ) ) ;
#719 = VERTEX_POINT ( 'NONE', #149 ) ;
#720 = CARTESIAN_POINT ( 'NONE',  ( 27.00000000000000000, 5.000000000000000000, 3.000000000000000000 ) ) ;
#721 = EDGE_CURVE ( 'NONE', #413, #926, #552, .T. ) ;
#722 = CARTESIAN_POINT ( 'NONE',  ( 27.00000000000000000, 4.000000000000006217, 2.000000000000000000 ) ) ;
#723 = ORIENTED_EDGE ( 'NONE', *, *, #906, .F. ) ;
#724 = CARTESIAN_POINT ( 'NONE',  ( 16.99999999999999645, 5.000000000000000000, -5.000000000000000000 ) ) ;
#725 = DIRECTION ( 'NONE',  ( -0.000000000000000000, 1.000000000000000000, -0.000000000000000000 ) ) ;
#726 = CIRCLE ( 'NONE', #129, 7.000000000000000888 ) ;
#727 = EDGE_LOOP ( 'NONE', ( #1064, #754 ) ) ;
#728 = ORIENTED_EDGE ( 'NONE', *, *, #84, .T. ) ;
#729 = CARTESIAN_POINT ( 'NONE',  ( -25.00000000000000000, 0.000000000000000000, -3.000000000000000000 ) ) ;
#730 = EDGE_CURVE ( 'NONE', #947, #719, #814, .T. ) ;
#731 = LINE ( 'NONE', #610, #1084 ) ;
#732 = VERTEX_POINT ( 'NONE', #567 ) ;
#733 = EDGE_CURVE ( 'NONE', #732, #1130, #682, .T. ) ;
#734 = LINE ( 'NONE', #1147, #1134 ) ;
#735 = CARTESIAN_POINT ( 'NONE',  ( 25.00000000000000355, 5.000000000000000000, 5.000000000000000000 ) ) ;
#736 = ORIENTED_EDGE ( 'NONE', *, *, #733, .F. ) ;
#737 = CIRCLE ( 'NONE', #1044, 2.000000000000000444 ) ;
#738 = DIRECTION ( 'NONE',  ( 0.000000000000000000, 0.000000000000000000, 1.000000000000000000 ) ) ;
#739 = LINE ( 'NONE', #837, #204 ) ;
#740 = CIRCLE ( 'NONE', #138, 1.499999999999999556 ) ;
#741 = CIRCLE ( 'NONE', #630, 2.999999999999999112 ) ;
#742 = CARTESIAN_POINT ( 'NONE',  ( -7.000000000000007105, 4.000000000000006217, -5.000000000000000000 ) ) ;
#743 = LINE ( 'NONE', #1061, #603 ) ;
#744 =( GEOMETRIC_REPRESENTATION_CONTEXT ( 3 ) GLOBAL_UNCERTAINTY_ASSIGNED_CONTEXT ( ( #1114 ) ) GLOBAL_UNIT_ASSIGNED_CONTEXT ( ( #261, #608, #1024 ) ) REPRESENTATION_CONTEXT ( 'NONE', 'WORKASPACE' ) );
#745 = ORIENTED_EDGE ( 'NONE', *, *, #669, .T. ) ;
#746 = ORIENTED_EDGE ( 'NONE', *, *, #58, .F. ) ;
#747 = CARTESIAN_POINT ( 'NONE',  ( -7.000000000000007105, 4.000000000000006217, -12.00000000000000000 ) ) ;
#748 = DIRECTION ( 'NONE',  ( -0.000000000000000000, 1.000000000000000000, -0.000000000000000000 ) ) ;
#749 = EDGE_LOOP ( 'NONE', ( #826, #1367, #984, #569 ) ) ;
#750 = ADVANCED_FACE ( 'NONE', ( #885 ), #474, .F. ) ;
#751 = CYLINDRICAL_SURFACE ( 'NONE', #209, 2.000000000000000444 ) ;
#752 = DIRECTION ( 'NONE',  ( 0.000000000000000000, -1.000000000000000000, 0.000000000000000000 ) ) ;
#753 = DIRECTION ( 'NONE',  ( -1.000000000000000000, -0.000000000000000000, -0.000000000000000000 ) ) ;
#754 = ORIENTED_EDGE ( 'NONE', *, *, #108, .F. ) ;
#755 = ORIENTED_EDGE ( 'NONE', *, *, #1239, .F. ) ;
#756 = VECTOR ( 'NONE', #1238, 1000.000000000000000 ) ;
#757 = FACE_OUTER_BOUND ( 'NONE', #543, .T. ) ;
#758 = EDGE_CURVE ( 'NONE', #873, #1150, #1332, .T. ) ;
#759 = CARTESIAN_POINT ( 'NONE',  ( -27.00000000000000000, 0.000000000000000000, 3.000000000000000000 ) ) ;
#760 = LINE ( 'NONE', #189, #1226 ) ;
#761 = ORIENTED_EDGE ( 'NONE', *, *, #1344, .F. ) ;
#762 = VECTOR ( 'NONE', #1136, 1000.000000000000000 ) ;
#763 = EDGE_CURVE ( 'NONE', #1170, #1260, #498, .T. ) ;
#764 = CIRCLE ( 'NONE', #1048, 1.500000000000000666 ) ;
#765 = CARTESIAN_POINT ( 'NONE',  ( 4.999999999999997335, 0.000000000000000000, 0.000000000000000000 ) ) ;
#766 = AXIS2_PLACEMENT_3D ( 'NONE', #707, #188, #91 ) ;
#767 = VERTEX_POINT ( 'NONE', #717 ) ;
#768 = CARTESIAN_POINT ( 'NONE',  ( 8.999999999999991118, 0.000000000000000000, 0.000000000000000000 ) ) ;
#769 = ORIENTED_EDGE ( 'NONE', *, *, #1239, .T. ) ;
#770 = CARTESIAN_POINT ( 'NONE',  ( 26.00000000000000711, 5.000000000000000000, -5.000000000000000000 ) ) ;
#771 = DIRECTION ( 'NONE',  ( -0.000000000000000000, 1.000000000000000000, -0.000000000000000000 ) ) ;
#772 = AXIS2_PLACEMENT_3D ( 'NONE', #2, #95, #1159 ) ;
#773 = ORIENTED_EDGE ( 'NONE', *, *, #654, .T. ) ;
#774 = DIRECTION ( 'NONE',  ( 3.469446951953614189E-16, 1.000000000000000000, -0.000000000000000000 ) ) ;
#775 = ADVANCED_FACE ( 'NONE', ( #1007 ), #799, .F. ) ;
#776 = FACE_OUTER_BOUND ( 'NONE', #386, .T. ) ;
#777 = CARTESIAN_POINT ( 'NONE',  ( 25.00000000000000355, 0.000000000000000000, 5.000000000000000000 ) ) ;
#778 = EDGE_LOOP ( 'NONE', ( #1149, #915 ) ) ;
#779 = ADVANCED_FACE ( 'NONE', ( #1225 ), #391, .F. ) ;
#780 = DIRECTION ( 'NONE',  ( 0.000000000000000000, -1.000000000000000000, 0.000000000000000000 ) ) ;
#781 = CIRCLE ( 'NONE', #974, 7.000000000000000000 ) ;
#782 = ORIENTED_EDGE ( 'NONE', *, *, #763, .T. ) ;
#783 = FACE_OUTER_BOUND ( 'NONE', #1201, .T. ) ;
#784 = EDGE_CURVE ( 'NONE', #1097, #1189, #726, .T. ) ;
#785 = EDGE_LOOP ( 'NONE', ( #849, #908, #511, #352 ) ) ;
#786 = AXIS2_PLACEMENT_3D ( 'NONE', #790, #1006, #1211 ) ;
#787 = ORIENTED_EDGE ( 'NONE', *, *, #792, .T. ) ;
#788 = DIRECTION ( 'NONE',  ( 0.000000000000000000, 1.000000000000000000, 0.000000000000000000 ) ) ;
#789 = ADVANCED_FACE ( 'NONE', ( #893 ), #1028, .F. ) ;
#790 = CARTESIAN_POINT ( 'NONE',  ( -7.000000000000007105, 5.000000000000000000, -12.00000000000000000 ) ) ;
#791 = CARTESIAN_POINT ( 'NONE',  ( 21.94999999999999574, 0.000000000000000000, 1.500000000000000666 ) ) ;
#792 = EDGE_CURVE ( 'NONE', #886, #1281, #478, .T. ) ;
#793 = ORIENTED_EDGE ( 'NONE', *, *, #1269, .F. ) ;
#794 = DIRECTION ( 'NONE',  ( 0.000000000000000000, 1.000000000000000000, 0.000000000000000000 ) ) ;
#795 = VECTOR ( 'NONE', #253, 1000.000000000000114 ) ;
#796 = VERTEX_POINT ( 'NONE', #1139 ) ;
#797 = PRODUCT_DEFINITION ( 'UNKNOWN', '', #162, #699 ) ;
#798 = LINE ( 'NONE', #265, #447 ) ;
#799 = CYLINDRICAL_SURFACE ( 'NONE', #369, 6.999999999999999112 ) ;
#800 = EDGE_LOOP ( 'NONE', ( #73, #1214 ) ) ;
#801 = DIRECTION ( 'NONE',  ( 0.000000000000000000, 0.000000000000000000, -1.000000000000000000 ) ) ;
#802 = CARTESIAN_POINT ( 'NONE',  ( -23.05000000000000426, -2.000000000000000000, 0.000000000000000000 ) ) ;
#803 = CARTESIAN_POINT ( 'NONE',  ( 20.00000000000000000, 1.000000000000000888, -5.000000000000000000 ) ) ;
#804 = DIRECTION ( 'NONE',  ( 0.000000000000000000, 0.000000000000000000, -1.000000000000000000 ) ) ;
#805 = ORIENTED_EDGE ( 'NONE', *, *, #999, .T. ) ;
#806 = DIRECTION ( 'NONE',  ( 0.000000000000000000, -1.000000000000000000, 0.000000000000000000 ) ) ;
#807 = CIRCLE ( 'NONE', #211, 1.500000000000000666 ) ;
#808 = ORIENTED_EDGE ( 'NONE', *, *, #1015, .F. ) ;
#809 = CARTESIAN_POINT ( 'NONE',  ( 26.00000000000000711, 5.000000000000000000, -1.605551275463981353 ) ) ;
#810 = DIRECTION ( 'NONE',  ( 0.000000000000000000, 0.000000000000000000, -1.000000000000000000 ) ) ;
#811 = VERTEX_POINT ( 'NONE', #816 ) ;
#812 = CYLINDRICAL_SURFACE ( 'NONE', #3, 1.499999999999999556 ) ;
#813 = ORIENTED_EDGE ( 'NONE', *, *, #1072, .T. ) ;
#814 = CIRCLE ( 'NONE', #222, 1.500000000000000666 ) ;
#815 = CARTESIAN_POINT ( 'NONE',  ( 0.9999999999999870104, 5.000000000000000000, -24.00000000000000000 ) ) ;
#816 = CARTESIAN_POINT ( 'NONE',  ( 4.999999999999992895, 7.000000000000000000, -16.50000000000000000 ) ) ;
#817 = EDGE_CURVE ( 'NONE', #505, #1345, #1176, .T. ) ;
#818 = ORIENTED_EDGE ( 'NONE', *, *, #102, .T. ) ;
#819 = CYLINDRICAL_SURFACE ( 'NONE', #1263, 2.999999999999999112 ) ;
#820 = EDGE_CURVE ( 'NONE', #515, #553, #696, .T. ) ;
#821 = FACE_BOUND ( 'NONE', #151, .T. ) ;
#822 = CARTESIAN_POINT ( 'NONE',  ( 16.99999999999999289, 4.999999999999997335, -12.00000000000000000 ) ) ;
#823 = CARTESIAN_POINT ( 'NONE',  ( 4.999999999999992895, 7.000000000000000000, -22.50000000000000000 ) ) ;
#824 = CIRCLE ( 'NONE', #403, 7.000000000000000888 ) ;
#825 = EDGE_CURVE ( 'NONE', #1260, #434, #1339, .T. ) ;
#826 = ORIENTED_EDGE ( 'NONE', *, *, #694, .T. ) ;
#827 = VERTEX_POINT ( 'NONE', #72 ) ;
#828 = AXIS2_PLACEMENT_3D ( 'NONE', #921, #1358, #702 ) ;
#829 = DIRECTION ( 'NONE',  ( 0.000000000000000000, 0.000000000000000000, 1.000000000000000000 ) ) ;
#830 = AXIS2_PLACEMENT_3D ( 'NONE', #252, #1093, #148 ) ;
#831 = FACE_BOUND ( 'NONE', #425, .T. ) ;
#832 = PLANE ( 'NONE',  #870 ) ;
#833 = CYLINDRICAL_SURFACE ( 'NONE', #1158, 2.000000000000000000 ) ;
#834 = VERTEX_POINT ( 'NONE', #57 ) ;
#835 = FACE_OUTER_BOUND ( 'NONE', #308, .T. ) ;
#836 = EDGE_CURVE ( 'NONE', #324, #1228, #208, .T. ) ;
#837 = CARTESIAN_POINT ( 'NONE',  ( 4.999999999999997335, -2.000000000000000000, -2.000000000000000444 ) ) ;
#838 = ORIENTED_EDGE ( 'NONE', *, *, #62, .F. ) ;
#839 = DIRECTION ( 'NONE',  ( -1.000000000000000000, 3.717264591378872697E-16, 0.000000000000000000 ) ) ;
#840 = DIRECTION ( 'NONE',  ( 0.000000000000000000, 1.000000000000000000, 0.000000000000000000 ) ) ;
#841 = ADVANCED_FACE ( 'NONE', ( #167 ), #480, .T. ) ;
#842 = CIRCLE ( 'NONE', #946, 1.500000000000000666 ) ;
#843 = ORIENTED_EDGE ( 'NONE', *, *, #825, .F. ) ;
#844 = DIRECTION ( 'NONE',  ( -0.000000000000000000, -1.000000000000000000, -0.000000000000000000 ) ) ;
#845 = LINE ( 'NONE', #1152, #1129 ) ;
#846 = DIRECTION ( 'NONE',  ( -0.000000000000000000, 1.000000000000000000, -0.000000000000000000 ) ) ;
#847 = LINE ( 'NONE', #523, #1275 ) ;
#848 = ORIENTED_EDGE ( 'NONE', *, *, #1025, .F. ) ;
#849 = ORIENTED_EDGE ( 'NONE', *, *, #301, .F. ) ;
#850 = DIRECTION ( 'NONE',  ( -0.000000000000000000, 1.000000000000000000, -0.000000000000000000 ) ) ;
#851 = ORIENTED_EDGE ( 'NONE', *, *, #240, .T. ) ;
#852 = AXIS2_PLACEMENT_3D ( 'NONE', #858, #1184, #985 ) ;
#853 = DIRECTION ( 'NONE',  ( 1.000000000000000000, 0.000000000000000000, 0.000000000000000000 ) ) ;
#854 = ORIENTED_EDGE ( 'NONE', *, *, #976, .F. ) ;
#855 = CARTESIAN_POINT ( 'NONE',  ( 9.999999999999991118, -1.734723475976796987E-16, -12.00000000000000000 ) ) ;
#856 = FACE_OUTER_BOUND ( 'NONE', #103, .T. ) ;
#857 = CARTESIAN_POINT ( 'NONE',  ( 27.00000000000000000, 0.000000000000000000, 3.000000000000000000 ) ) ;
#858 = CARTESIAN_POINT ( 'NONE',  ( 21.94999999999999574, 5.000000000000000000, 0.000000000000000000 ) ) ;
#859 = EDGE_CURVE ( 'NONE', #1268, #254, #1316, .T. ) ;
#860 = EDGE_LOOP ( 'NONE', ( #863, #1241, #359, #63 ) ) ;
#861 = CIRCLE ( 'NONE', #454, 2.999999999999999112 ) ;
#862 = DIRECTION ( 'NONE',  ( 0.000000000000000000, 0.000000000000000000, -1.000000000000000000 ) ) ;
#863 = ORIENTED_EDGE ( 'NONE', *, *, #1088, .F. ) ;
#864 = LINE ( 'NONE', #1068, #78 ) ;
#865 = EDGE_LOOP ( 'NONE', ( #1359, #232 ) ) ;
#866 = AXIS2_PLACEMENT_3D ( 'NONE', #484, #562, #367 ) ;
#867 = CARTESIAN_POINT ( 'NONE',  ( -27.00000000000000000, 5.000000000000000000, -5.000000000000000000 ) ) ;
#868 = EDGE_CURVE ( 'NONE', #505, #632, #1118, .T. ) ;
#869 = DIRECTION ( 'NONE',  ( -0.7071067811865475727, 0.7071067811865475727, 0.000000000000000000 ) ) ;
#870 = AXIS2_PLACEMENT_3D ( 'NONE', #1163, #620, #1042 ) ;
#871 = VERTEX_POINT ( 'NONE', #606 ) ;
#872 = VERTEX_POINT ( 'NONE', #488 ) ;
#873 = VERTEX_POINT ( 'NONE', #905 ) ;
#874 = DIRECTION ( 'NONE',  ( -0.000000000000000000, 1.000000000000000000, -0.000000000000000000 ) ) ;
#875 = VECTOR ( 'NONE', #879, 1000.000000000000000 ) ;
#876 = ORIENTED_EDGE ( 'NONE', *, *, #894, .T. ) ;
#877 = DIRECTION ( 'NONE',  ( 0.000000000000000000, 1.000000000000000000, 0.000000000000000000 ) ) ;
#878 = PLANE ( 'NONE',  #668 ) ;
#879 = DIRECTION ( 'NONE',  ( 1.000000000000000000, 0.000000000000000000, 0.000000000000000000 ) ) ;
#880 = EDGE_LOOP ( 'NONE', ( #705, #1156, #533, #1244 ) ) ;
#881 = CARTESIAN_POINT ( 'NONE',  ( 20.00000000000000000, 0.000000000000000000, 2.000000000000000000 ) ) ;
#882 = AXIS2_PLACEMENT_3D ( 'NONE', #983, #128, #862 ) ;
#883 = EDGE_LOOP ( 'NONE', ( #955, #1234, #496, #1313, #746, #1003, #1287, #787, #851, #599, #194, #571, #339, #457 ) ) ;
#884 = CARTESIAN_POINT ( 'NONE',  ( -25.00000000000000000, 4.000000000000006217, 5.000000000000000000 ) ) ;
#885 = FACE_OUTER_BOUND ( 'NONE', #303, .T. ) ;
#886 = VERTEX_POINT ( 'NONE', #597 ) ;
#887 = ORIENTED_EDGE ( 'NONE', *, *, #1025, .T. ) ;
#888 = CIRCLE ( 'NONE', #79, 1.500000000000001332 ) ;
#889 = CARTESIAN_POINT ( 'NONE',  ( 4.999999999999992895, 5.000000000000000000, -16.50000000000000000 ) ) ;
#890 = EDGE_CURVE ( 'NONE', #623, #940, #233, .T. ) ;
#891 = DIRECTION ( 'NONE',  ( 0.000000000000000000, 0.000000000000000000, 1.000000000000000000 ) ) ;
#892 = CARTESIAN_POINT ( 'NONE',  ( 16.99999999999999289, 0.000000000000000000, -12.00000000000000000 ) ) ;
#893 = FACE_OUTER_BOUND ( 'NONE', #37, .T. ) ;
#894 = EDGE_CURVE ( 'NONE', #130, #51, #1164, .T. ) ;
#895 = VERTEX_POINT ( 'NONE', #509 ) ;
#896 = PLANE ( 'NONE',  #1200 ) ;
#897 = AXIS2_PLACEMENT_3D ( 'NONE', #503, #275, #280 ) ;
#898 = EDGE_LOOP ( 'NONE', ( #144, #684, #954, #94, #1133, #1038, #540, #393, #219, #939, #446, #670, #818, #49 ) ) ;
#899 = CARTESIAN_POINT ( 'NONE',  ( 4.999999999999992895, 7.000000000000000000, -19.50000000000000000 ) ) ;
#900 = DIRECTION ( 'NONE',  ( -0.000000000000000000, -1.000000000000000000, -0.000000000000000000 ) ) ;
#901 = VERTEX_POINT ( 'NONE', #6 ) ;
#902 = DIRECTION ( 'NONE',  ( -0.000000000000000000, 1.000000000000000000, -0.000000000000000000 ) ) ;
#903 = FACE_OUTER_BOUND ( 'NONE', #1008, .T. ) ;
#904 = DIRECTION ( 'NONE',  ( 0.000000000000000000, 0.000000000000000000, 1.000000000000000000 ) ) ;
#905 = CARTESIAN_POINT ( 'NONE',  ( -6.938893903907228378E-15, 0.000000000000000000, -24.00000000000000000 ) ) ;
#906 = EDGE_CURVE ( 'NONE', #547, #871, #322, .T. ) ;
#907 = AXIS2_PLACEMENT_3D ( 'NONE', #161, #287, #583 ) ;
#908 = ORIENTED_EDGE ( 'NONE', *, *, #207, .T. ) ;
#909 = CYLINDRICAL_SURFACE ( 'NONE', #960, 1.500000000000001332 ) ;
#910 = DIRECTION ( 'NONE',  ( -0.7071067811865474617, 0.7071067811865474617, 0.000000000000000000 ) ) ;
#911 = ORIENTED_EDGE ( 'NONE', *, *, #242, .T. ) ;
#912 = FACE_OUTER_BOUND ( 'NONE', #1090, .T. ) ;
#913 = DIRECTION ( 'NONE',  ( -1.000000000000000000, 0.000000000000000000, -0.000000000000000000 ) ) ;
#914 = EDGE_CURVE ( 'NONE', #1189, #1166, #847, .T. ) ;
#915 = ORIENTED_EDGE ( 'NONE', *, *, #648, .F. ) ;
#916 = CARTESIAN_POINT ( 'NONE',  ( 9.999999999999992895, 5.000000000000000000, -24.00000000000000000 ) ) ;
#917 = CARTESIAN_POINT ( 'NONE',  ( 4.999999999999992895, 0.000000000000000000, -21.00000000000000000 ) ) ;
#918 = AXIS2_PLACEMENT_3D ( 'NONE', #300, #82, #829 ) ;
#919 = EDGE_CURVE ( 'NONE', #719, #947, #764, .T. ) ;
#920 = DIRECTION ( 'NONE',  ( 1.000000000000000000, 0.000000000000000000, -0.000000000000000000 ) ) ;
#921 = CARTESIAN_POINT ( 'NONE',  ( -25.00000000000000000, 0.000000000000000000, 3.000000000000000000 ) ) ;
#922 = ORIENTED_EDGE ( 'NONE', *, *, #1019, .T. ) ;
#923 = DIRECTION ( 'NONE',  ( 0.000000000000000000, 0.000000000000000000, -1.000000000000000000 ) ) ;
#924 = EDGE_CURVE ( 'NONE', #1140, #873, #629, .T. ) ;
#925 = DIRECTION ( 'NONE',  ( -0.000000000000000000, 1.000000000000000000, -0.000000000000000000 ) ) ;
#926 = VERTEX_POINT ( 'NONE', #959 ) ;
#927 = FACE_BOUND ( 'NONE', #388, .T. ) ;
#928 = DIRECTION ( 'NONE',  ( 0.000000000000000000, -1.000000000000000000, 0.000000000000000000 ) ) ;
#929 = AXIS2_PLACEMENT_3D ( 'NONE', #353, #806, #170 ) ;
#930 = APPLICATION_CONTEXT ( 'automotive_design' ) ;
#931 = EDGE_CURVE ( 'NONE', #324, #947, #1272, .T. ) ;
#932 = VERTEX_POINT ( 'NONE', #857 ) ;
#933 = CARTESIAN_POINT ( 'NONE',  ( 27.00000000000000000, 4.000000000000006217, 3.000000000000000000 ) ) ;
#934 = AXIS2_PLACEMENT_3D ( 'NONE', #822, #414, #839 ) ;
#935 = FACE_OUTER_BOUND ( 'NONE', #555, .T. ) ;
#936 = EDGE_LOOP ( 'NONE', ( #594, #653, #135, #1364 ) ) ;
#937 = CARTESIAN_POINT ( 'NONE',  ( -23.05000000000000426, 0.000000000000000000, -3.000000000000004441 ) ) ;
#938 = CARTESIAN_POINT ( 'NONE',  ( 27.00000000000000000, 0.000000000000000000, -5.000000000000000000 ) ) ;
#939 = ORIENTED_EDGE ( 'NONE', *, *, #431, .T. ) ;
#940 = VERTEX_POINT ( 'NONE', #945 ) ;
#941 = EDGE_CURVE ( 'NONE', #633, #184, #1366, .T. ) ;
#942 = LINE ( 'NONE', #1040, #67 ) ;
#943 = DIRECTION ( 'NONE',  ( 0.000000000000000000, 0.000000000000000000, 1.000000000000000000 ) ) ;
#944 = CARTESIAN_POINT ( 'NONE',  ( 4.999999999999992895, -5.000000000000000000, -19.50000000000000000 ) ) ;
#945 = CARTESIAN_POINT ( 'NONE',  ( 25.00000000000000355, 4.000000000000006217, 5.000000000000000000 ) ) ;
#946 = AXIS2_PLACEMENT_3D ( 'NONE', #326, #1198, #450 ) ;
#947 = VERTEX_POINT ( 'NONE', #1265 ) ;
#948 = ORIENTED_EDGE ( 'NONE', *, *, #792, .F. ) ;
#949 = CYLINDRICAL_SURFACE ( 'NONE', #664, 2.000000000000000444 ) ;
#950 = ORIENTED_EDGE ( 'NONE', *, *, #931, .T. ) ;
#951 = CARTESIAN_POINT ( 'NONE',  ( -7.050000000000004263, 5.000000000000000000, 0.000000000000000000 ) ) ;
#952 = VECTOR ( 'NONE', #774, 1000.000000000000000 ) ;
#953 = ADVANCED_FACE ( 'NONE', ( #197 ), #118, .T. ) ;
#954 = ORIENTED_EDGE ( 'NONE', *, *, #969, .F. ) ;
#955 = ORIENTED_EDGE ( 'NONE', *, *, #1059, .T. ) ;
#956 = CARTESIAN_POINT ( 'NONE',  ( 9.999999999999991118, 1.000000000000000000, -24.00000000000000000 ) ) ;
#957 = VECTOR ( 'NONE', #596, 1000.000000000000000 ) ;
#958 = ADVANCED_FACE ( 'NONE', ( #639 ), #833, .T. ) ;
#959 = CARTESIAN_POINT ( 'NONE',  ( 4.999999999999997335, 5.000000000000000000, 2.000000000000000444 ) ) ;
#960 = AXIS2_PLACEMENT_3D ( 'NONE', #1335, #601, #692 ) ;
#961 = CARTESIAN_POINT ( 'NONE',  ( -25.00000000000000000, 5.000000000000000000, -3.000000000000000000 ) ) ;
#962 = ORIENTED_EDGE ( 'NONE', *, *, #976, .T. ) ;
#963 = DIRECTION ( 'NONE',  ( -0.000000000000000000, 1.000000000000000000, -0.000000000000000000 ) ) ;
#964 = CARTESIAN_POINT ( 'NONE',  ( 23.60555127546399135, 0.000000000000000000, -3.999999999999999112 ) ) ;
#965 = DIRECTION ( 'NONE',  ( 1.000000000000000000, 0.000000000000000000, 0.000000000000000000 ) ) ;
#966 = EDGE_LOOP ( 'NONE', ( #482, #674, #41, #584 ) ) ;
#967 = AXIS2_PLACEMENT_3D ( 'NONE', #65, #1107, #913 ) ;
#968 = CARTESIAN_POINT ( 'NONE',  ( -23.05000000000000426, -2.500000000000000000, 3.000000000000004441 ) ) ;
#969 = EDGE_CURVE ( 'NONE', #932, #633, #621, .T. ) ;
#970 = DIRECTION ( 'NONE',  ( 0.000000000000000000, 0.000000000000000000, 1.000000000000000000 ) ) ;
#971 = CARTESIAN_POINT ( 'NONE',  ( -25.00000000000000000, 4.000000000000006217, 3.000000000000000000 ) ) ;
#972 = EDGE_CURVE ( 'NONE', #932, #632, #470, .T. ) ;
#973 = ORIENTED_EDGE ( 'NONE', *, *, #136, .F. ) ;
#974 = AXIS2_PLACEMENT_3D ( 'NONE', #318, #521, #943 ) ;
#975 = PLANE ( 'NONE',  #646 ) ;
#976 = EDGE_CURVE ( 'NONE', #80, #872, #743, .T. ) ;
#977 = LINE ( 'NONE', #1290, #323 ) ;
#978 = ORIENTED_EDGE ( 'NONE', *, *, #652, .F. ) ;
#979 = VECTOR ( 'NONE', #530, 1000.000000000000114 ) ;
#980 = CARTESIAN_POINT ( 'NONE',  ( 4.999999999999997335, -2.000000000000000000, 2.000000000000000444 ) ) ;
#981 = ORIENTED_EDGE ( 'NONE', *, *, #919, .T. ) ;
#982 = EDGE_CURVE ( 'NONE', #1130, #1141, #740, .T. ) ;
#983 = CARTESIAN_POINT ( 'NONE',  ( -25.00000000000000000, 5.000000000000000000, 3.000000000000000000 ) ) ;
#984 = ORIENTED_EDGE ( 'NONE', *, *, #1283, .F. ) ;
#985 = DIRECTION ( 'NONE',  ( 0.000000000000000000, 0.000000000000000000, 1.000000000000000000 ) ) ;
#986 = LINE ( 'NONE', #1297, #1237 ) ;
#987 = ORIENTED_EDGE ( 'NONE', *, *, #763, .F. ) ;
#988 = EDGE_CURVE ( 'NONE', #675, #1037, #313, .T. ) ;
#989 = VECTOR ( 'NONE', #1303, 1000.000000000000000 ) ;
#990 = ORIENTED_EDGE ( 'NONE', *, *, #1227, .T. ) ;
#991 = CARTESIAN_POINT ( 'NONE',  ( 4.999999999999997335, 0.000000000000000000, 2.000000000000000444 ) ) ;
#992 = FACE_BOUND ( 'NONE', #1274, .T. ) ;
#993 = CARTESIAN_POINT ( 'NONE',  ( 4.999999999999997335, 0.000000000000000000, -2.000000000000000444 ) ) ;
#994 = FACE_OUTER_BOUND ( 'NONE', #220, .T. ) ;
#995 = VERTEX_POINT ( 'NONE', #531 ) ;
#996 = ORIENTED_EDGE ( 'NONE', *, *, #568, .F. ) ;
#997 = CARTESIAN_POINT ( 'NONE',  ( 4.999999999999997335, 5.000000000000000000, 0.000000000000000000 ) ) ;
#998 = VECTOR ( 'NONE', #1181, 1000.000000000000000 ) ;
#999 = EDGE_CURVE ( 'NONE', #632, #940, #14, .T. ) ;
#1000 = CARTESIAN_POINT ( 'NONE',  ( 16.99999999999999289, 0.000000000000000000, -12.00000000000000000 ) ) ;
#1001 = CARTESIAN_POINT ( 'NONE',  ( -6.938893903907228378E-15, 0.000000000000000000, -24.00000000000000000 ) ) ;
#1002 = VECTOR ( 'NONE', #753, 1000.000000000000000 ) ;
#1003 = ORIENTED_EDGE ( 'NONE', *, *, #34, .F. ) ;
#1004 = DIRECTION ( 'NONE',  ( 1.000000000000000000, 0.000000000000000000, 0.000000000000000000 ) ) ;
#1005 = DIRECTION ( 'NONE',  ( 0.7071067811865474617, 0.7071067811865474617, 0.000000000000000000 ) ) ;
#1006 = DIRECTION ( 'NONE',  ( -0.000000000000000000, 1.000000000000000000, -0.000000000000000000 ) ) ;
#1007 = FACE_OUTER_BOUND ( 'NONE', #328, .T. ) ;
#1008 = EDGE_LOOP ( 'NONE', ( #1058, #728, #981, #59 ) ) ;
#1009 = LINE ( 'NONE', #698, #12 ) ;
#1010 = CIRCLE ( 'NONE', #679, 1.000000000000004441 ) ;
#1011 = ORIENTED_EDGE ( 'NONE', *, *, #1254, .T. ) ;
#1012 = DIRECTION ( 'NONE',  ( 0.000000000000000000, 0.000000000000000000, 1.000000000000000000 ) ) ;
#1013 = DIRECTION ( 'NONE',  ( -0.000000000000000000, -0.000000000000000000, 1.000000000000000000 ) ) ;
#1014 = ORIENTED_EDGE ( 'NONE', *, *, #988, .F. ) ;
#1015 = EDGE_CURVE ( 'NONE', #811, #1170, #493, .T. ) ;
#1016 = DIRECTION ( 'NONE',  ( 0.000000000000000000, 0.000000000000000000, 1.000000000000000000 ) ) ;
#1017 = DIRECTION ( 'NONE',  ( -0.000000000000000000, 1.000000000000000000, -0.000000000000000000 ) ) ;
#1018 = AXIS2_PLACEMENT_3D ( 'NONE', #272, #693, #891 ) ;
#1019 = EDGE_CURVE ( 'NONE', #1095, #675, #760, .T. ) ;
#1020 = DIRECTION ( 'NONE',  ( 0.000000000000000000, 1.000000000000000000, 0.000000000000000000 ) ) ;
#1021 = CARTESIAN_POINT ( 'NONE',  ( 25.00000000000000000, 4.000000000000006217, 3.000000000000000000 ) ) ;
#1022 = VERTEX_POINT ( 'NONE', #655 ) ;
#1023 = ORIENTED_EDGE ( 'NONE', *, *, #1182, .T. ) ;
#1024 =( NAMED_UNIT ( * ) SI_UNIT ( $, .STERADIAN. ) SOLID_ANGLE_UNIT ( ) );
#1025 = EDGE_CURVE ( 'NONE', #184, #1097, #542, .T. ) ;
#1026 = DIRECTION ( 'NONE',  ( 0.000000000000000000, -0.000000000000000000, 1.000000000000000000 ) ) ;
#1027 = FACE_OUTER_BOUND ( 'NONE', #785, .T. ) ;
#1028 = PLANE ( 'NONE',  #897 ) ;
#1029 = ORIENTED_EDGE ( 'NONE', *, *, #1288, .F. ) ;
#1030 = EDGE_CURVE ( 'NONE', #871, #547, #125, .T. ) ;
#1031 = VERTEX_POINT ( 'NONE', #665 ) ;
#1032 = CARTESIAN_POINT ( 'NONE',  ( -7.000000000000007105, 0.000000000000000000, -5.000000000000000000 ) ) ;
#1033 = DIRECTION ( 'NONE',  ( -0.000000000000000000, 1.000000000000000000, -0.000000000000000000 ) ) ;
#1034 = CIRCLE ( 'NONE', #1354, 2.000000000000000000 ) ;
#1035 = DIRECTION ( 'NONE',  ( -0.000000000000000000, 1.000000000000000000, -0.000000000000000000 ) ) ;
#1036 = CARTESIAN_POINT ( 'NONE',  ( 25.00000000000000000, 0.000000000000000000, 3.000000000000000000 ) ) ;
#1037 = VERTEX_POINT ( 'NONE', #650 ) ;
#1038 = ORIENTED_EDGE ( 'NONE', *, *, #817, .T. ) ;
#1039 = ADVANCED_FACE ( 'NONE', ( #343 ), #551, .F. ) ;
#1040 = CARTESIAN_POINT ( 'NONE',  ( -25.00000000000000000, 5.000000000000000000, 5.000000000000000000 ) ) ;
#1041 = DIRECTION ( 'NONE',  ( 1.000000000000000000, 0.000000000000000000, 0.000000000000000000 ) ) ;
#1042 = DIRECTION ( 'NONE',  ( 0.000000000000000000, -0.000000000000000000, 1.000000000000000000 ) ) ;
#1043 = DIRECTION ( 'NONE',  ( -0.000000000000000000, -1.000000000000000000, -0.000000000000000000 ) ) ;
#1044 = AXIS2_PLACEMENT_3D ( 'NONE', #997, #788, #1322 ) ;
#1045 = ORIENTED_EDGE ( 'NONE', *, *, #1122, .T. ) ;
#1046 = ORIENTED_EDGE ( 'NONE', *, *, #342, .T. ) ;
#1047 = CARTESIAN_POINT ( 'NONE',  ( 16.99999999999999289, 1.000000000000000888, -5.000000000000000000 ) ) ;
#1048 = AXIS2_PLACEMENT_3D ( 'NONE', #1258, #1148, #226 ) ;
#1049 = AXIS2_PLACEMENT_3D ( 'NONE', #944, #1035, #117 ) ;
#1050 = PLANE ( 'NONE',  #229 ) ;
#1051 = LINE ( 'NONE', #613, #536 ) ;
#1052 = DIRECTION ( 'NONE',  ( 0.000000000000000000, 0.000000000000000000, -1.000000000000000000 ) ) ;
#1053 = ADVANCED_FACE ( 'NONE', ( #776, #1197 ), #878, .T. ) ;
#1054 = ORIENTED_EDGE ( 'NONE', *, *, #721, .F. ) ;
#1055 = ORIENTED_EDGE ( 'NONE', *, *, #825, .T. ) ;
#1056 = CARTESIAN_POINT ( 'NONE',  ( 4.999999999999992895, 7.000000000000000000, -19.50000000000000000 ) ) ;
#1057 = FACE_OUTER_BOUND ( 'NONE', #346, .T. ) ;
#1058 = ORIENTED_EDGE ( 'NONE', *, *, #836, .T. ) ;
#1059 = EDGE_CURVE ( 'NONE', #1222, #1097, #1089, .T. ) ;
#1060 = CARTESIAN_POINT ( 'NONE',  ( 21.94999999999999574, -2.000000000000000000, 1.500000000000000666 ) ) ;
#1061 = CARTESIAN_POINT ( 'NONE',  ( 9.999999999999991118, 0.9999999999999991118, -12.00000000000000000 ) ) ;
#1062 = CIRCLE ( 'NONE', #918, 1.500000000000001332 ) ;
#1063 = ORIENTED_EDGE ( 'NONE', *, *, #1320, .T. ) ;
#1064 = ORIENTED_EDGE ( 'NONE', *, *, #982, .F. ) ;
#1065 = EDGE_CURVE ( 'NONE', #38, #1141, #864, .T. ) ;
#1066 = ORIENTED_EDGE ( 'NONE', *, *, #1320, .F. ) ;
#1067 = DIRECTION ( 'NONE',  ( 0.000000000000000000, 1.000000000000000000, 0.000000000000000000 ) ) ;
#1068 = CARTESIAN_POINT ( 'NONE',  ( -7.050000000000004263, -2.000000000000000000, -1.499999999999999556 ) ) ;
#1069 = CIRCLE ( 'NONE', #1337, 1.499999999999999556 ) ;
#1070 = ORIENTED_EDGE ( 'NONE', *, *, #600, .T. ) ;
#1071 = DIRECTION ( 'NONE',  ( -3.469446951953614189E-16, -1.000000000000000000, 0.000000000000000000 ) ) ;
#1072 = EDGE_CURVE ( 'NONE', #1106, #372, #1292, .T. ) ;
#1073 = AXIS2_PLACEMENT_3D ( 'NONE', #217, #1154, #853 ) ;
#1074 = AXIS2_PLACEMENT_3D ( 'NONE', #1331, #1324, #1012 ) ;
#1075 = VERTEX_POINT ( 'NONE', #227 ) ;
#1076 = CARTESIAN_POINT ( 'NONE',  ( 26.00000000000000711, 5.000000000000000000, -1.605551275463981353 ) ) ;
#1077 = LINE ( 'NONE', #228, #998 ) ;
#1078 = EDGE_CURVE ( 'NONE', #413, #1210, #580, .T. ) ;
#1079 = CARTESIAN_POINT ( 'NONE',  ( -27.00000000000000000, 0.000000000000000000, -5.000000000000000000 ) ) ;
#1080 = CIRCLE ( 'NONE', #349, 2.000000000000000444 ) ;
#1081 = ADVANCED_FACE ( 'NONE', ( #27 ), #1109, .T. ) ;
#1082 = DIRECTION ( 'NONE',  ( 0.000000000000000000, -0.000000000000000000, 1.000000000000000000 ) ) ;
#1083 = DIRECTION ( 'NONE',  ( 0.000000000000000000, -1.000000000000000000, 0.000000000000000000 ) ) ;
#1084 = VECTOR ( 'NONE', #604, 1000.000000000000000 ) ;
#1085 = ORIENTED_EDGE ( 'NONE', *, *, #820, .T. ) ;
#1086 = DIRECTION ( 'NONE',  ( 0.000000000000000000, -0.000000000000000000, 1.000000000000000000 ) ) ;
#1087 = VECTOR ( 'NONE', #725, 1000.000000000000000 ) ;
#1088 = EDGE_CURVE ( 'NONE', #1166, #645, #438, .T. ) ;
#1089 = LINE ( 'NONE', #770, #382 ) ;
#1090 = EDGE_LOOP ( 'NONE', ( #490, #191, #769, #1145 ) ) ;
#1091 = ORIENTED_EDGE ( 'NONE', *, *, #108, .T. ) ;
#1092 = CARTESIAN_POINT ( 'NONE',  ( -25.00000000000000000, 4.000000000000006217, -3.000000000000000000 ) ) ;
#1093 = DIRECTION ( 'NONE',  ( 0.000000000000000000, 0.000000000000000000, -1.000000000000000000 ) ) ;
#1094 = CARTESIAN_POINT ( 'NONE',  ( -27.00000000000000000, 4.000000000000006217, -3.000000000000000000 ) ) ;
#1095 = VERTEX_POINT ( 'NONE', #1101 ) ;
#1096 = CIRCLE ( 'NONE', #24, 2.000000000000000000 ) ;
#1097 = VERTEX_POINT ( 'NONE', #809 ) ;
#1098 = DIRECTION ( 'NONE',  ( 0.000000000000000000, 0.000000000000000000, 1.000000000000000000 ) ) ;
#1099 = EDGE_CURVE ( 'NONE', #515, #886, #1218, .T. ) ;
#1100 = CARTESIAN_POINT ( 'NONE',  ( 4.999999999999992895, 0.000000000000000000, -19.50000000000000000 ) ) ;
#1101 = CARTESIAN_POINT ( 'NONE',  ( -27.00000000000000000, 4.000000000000006217, 3.000000000000000000 ) ) ;
#1102 = ORIENTED_EDGE ( 'NONE', *, *, #563, .F. ) ;
#1103 = CARTESIAN_POINT ( 'NONE',  ( -25.00000000000000000, 5.000000000000000000, -4.000000000000004441 ) ) ;
#1104 = CIRCLE ( 'NONE', #1293, 1.500000000000001332 ) ;
#1105 = EDGE_CURVE ( 'NONE', #560, #1031, #798, .T. ) ;
#1106 = VERTEX_POINT ( 'NONE', #566 ) ;
#1107 = DIRECTION ( 'NONE',  ( 0.000000000000000000, 0.000000000000000000, -1.000000000000000000 ) ) ;
#1108 = VECTOR ( 'NONE', #810, 1000.000000000000000 ) ;
#1109 = CONICAL_SURFACE ( 'NONE', #159, 1.000000000000005995, 0.7853981633974482790 ) ;
#1110 = ORIENTED_EDGE ( 'NONE', *, *, #600, .F. ) ;
#1111 = ADVANCED_FACE ( 'NONE', ( #153 ), #714, .F. ) ;
#1112 = DIRECTION ( 'NONE',  ( 0.000000000000000000, 0.000000000000000000, 1.000000000000000000 ) ) ;
#1113 = PLANE ( 'NONE',  #281 ) ;
#1114 = UNCERTAINTY_MEASURE_WITH_UNIT (LENGTH_MEASURE( 1.000000000000000082E-05 ), #261, 'distance_accuracy_value', 'NONE');
#1115 = DIRECTION ( 'NONE',  ( 0.000000000000000000, 0.000000000000000000, 1.000000000000000000 ) ) ;
#1116 = ADVANCED_FACE ( 'NONE', ( #912 ), #274, .F. ) ;
#1117 = LINE ( 'NONE', #166, #957 ) ;
#1118 = LINE ( 'NONE', #1124, #1295 ) ;
#1119 = ORIENTED_EDGE ( 'NONE', *, *, #483, .T. ) ;
#1120 = AXIS2_PLACEMENT_3D ( 'NONE', #634, #526, #1346 ) ;
#1121 = CARTESIAN_POINT ( 'NONE',  ( -25.00000000000000000, 0.000000000000000000, -5.000000000000000000 ) ) ;
#1122 = EDGE_CURVE ( 'NONE', #1170, #811, #741, .T. ) ;
#1123 = CARTESIAN_POINT ( 'NONE',  ( -7.050000000000004263, 5.000000000000000000, 1.499999999999999556 ) ) ;
#1124 = CARTESIAN_POINT ( 'NONE',  ( -27.00000000000000000, 0.000000000000000000, 5.000000000000000000 ) ) ;
#1125 = EDGE_CURVE ( 'NONE', #767, #834, #582, .T. ) ;
#1126 = ORIENTED_EDGE ( 'NONE', *, *, #1227, .F. ) ;
#1127 = DIRECTION ( 'NONE',  ( 0.000000000000000000, 0.000000000000000000, 1.000000000000000000 ) ) ;
#1128 = FILL_AREA_STYLE_COLOUR ( '', #443 ) ;
#1129 = VECTOR ( 'NONE', #1033, 1000.000000000000000 ) ;
#1130 = VERTEX_POINT ( 'NONE', #1123 ) ;
#1131 = LINE ( 'NONE', #109, #1296 ) ;
#1132 = CARTESIAN_POINT ( 'NONE',  ( 20.00000000000000000, 5.000000000000000000, 2.000000000000000000 ) ) ;
#1133 = ORIENTED_EDGE ( 'NONE', *, *, #868, .F. ) ;
#1134 = VECTOR ( 'NONE', #1242, 1000.000000000000114 ) ;
#1135 = FACE_OUTER_BOUND ( 'NONE', #104, .T. ) ;
#1136 = DIRECTION ( 'NONE',  ( -0.000000000000000000, 1.000000000000000000, -0.000000000000000000 ) ) ;
#1137 = ORIENTED_EDGE ( 'NONE', *, *, #631, .T. ) ;
#1138 = PLANE ( 'NONE',  #234 ) ;
#1139 = CARTESIAN_POINT ( 'NONE',  ( 21.94999999999999574, 0.000000000000000000, -1.500000000000000666 ) ) ;
#1140 = VERTEX_POINT ( 'NONE', #1318 ) ;
#1141 = VERTEX_POINT ( 'NONE', #688 ) ;
#1142 = CARTESIAN_POINT ( 'NONE',  ( 4.999999999999992895, 7.000000000000000000, -16.50000000000000000 ) ) ;
#1143 = DIRECTION ( 'NONE',  ( 0.000000000000000000, 0.000000000000000000, 1.000000000000000000 ) ) ;
#1144 = EDGE_CURVE ( 'NONE', #38, #732, #105, .T. ) ;
#1145 = ORIENTED_EDGE ( 'NONE', *, *, #1030, .T. ) ;
#1146 = AXIS2_PLACEMENT_3D ( 'NONE', #747, #771, #221 ) ;
#1147 = CARTESIAN_POINT ( 'NONE',  ( -25.00000000000000000, 4.000000000000006217, 5.000000000000000000 ) ) ;
#1148 = DIRECTION ( 'NONE',  ( 0.000000000000000000, 1.000000000000000000, 0.000000000000000000 ) ) ;
#1149 = ORIENTED_EDGE ( 'NONE', *, *, #385, .F. ) ;
#1150 = VERTEX_POINT ( 'NONE', #364 ) ;
#1151 = LINE ( 'NONE', #1047, #795 ) ;
#1152 = CARTESIAN_POINT ( 'NONE',  ( 21.94999999999999574, -2.000000000000000000, -1.500000000000000666 ) ) ;
#1153 = DIRECTION ( 'NONE',  ( 0.7071067811865474617, 0.7071067811865474617, 0.000000000000000000 ) ) ;
#1154 = DIRECTION ( 'NONE',  ( 0.000000000000000000, 0.7071067811865475727, -0.7071067811865475727 ) ) ;
#1155 =( GEOMETRIC_REPRESENTATION_CONTEXT ( 3 ) GLOBAL_UNCERTAINTY_ASSIGNED_CONTEXT ( ( #1160 ) ) GLOBAL_UNIT_ASSIGNED_CONTEXT ( ( #448, #641, #39 ) ) REPRESENTATION_CONTEXT ( 'NONE', 'WORKASPACE' ) );
#1156 = ORIENTED_EDGE ( 'NONE', *, *, #288, .F. ) ;
#1157 = ORIENTED_EDGE ( 'NONE', *, *, #859, .T. ) ;
#1158 = AXIS2_PLACEMENT_3D ( 'NONE', #110, #305, #1052 ) ;
#1159 = DIRECTION ( 'NONE',  ( 0.000000000000000000, 0.000000000000000000, 1.000000000000000000 ) ) ;
#1160 = UNCERTAINTY_MEASURE_WITH_UNIT (LENGTH_MEASURE( 1.000000000000000082E-05 ), #448, 'distance_accuracy_value', 'NONE');
#1161 = CARTESIAN_POINT ( 'NONE',  ( -27.00000000000000000, 5.000000000000000000, -5.000000000000000000 ) ) ;
#1162 = ORIENTED_EDGE ( 'NONE', *, *, #868, .T. ) ;
#1163 = CARTESIAN_POINT ( 'NONE',  ( 0.000000000000000000, 0.000000000000000000, 0.000000000000000000 ) ) ;
#1164 = LINE ( 'NONE', #334, #271 ) ;
#1165 = EDGE_CURVE ( 'NONE', #940, #995, #589, .T. ) ;
#1166 = VERTEX_POINT ( 'NONE', #803 ) ;
#1167 = ORIENTED_EDGE ( 'NONE', *, *, #1030, .F. ) ;
#1168 = DIRECTION ( 'NONE',  ( 0.000000000000000000, 1.000000000000000000, 0.000000000000000000 ) ) ;
#1169 = CARTESIAN_POINT ( 'NONE',  ( -25.00000000000000000, 5.000000000000000000, -4.000000000000006217 ) ) ;
#1170 = VERTEX_POINT ( 'NONE', #487 ) ;
#1171 = DIRECTION ( 'NONE',  ( -0.000000000000000000, 1.000000000000000000, -0.000000000000000000 ) ) ;
#1172 = VECTOR ( 'NONE', #1013, 1000.000000000000000 ) ;
#1173 = EDGE_LOOP ( 'NONE', ( #561, #426, #612, #137 ) ) ;
#1174 = EDGE_CURVE ( 'NONE', #872, #475, #297, .T. ) ;
#1175 = PRESENTATION_STYLE_ASSIGNMENT (( #239 ) ) ;
#1176 = CIRCLE ( 'NONE', #828, 2.000000000000000000 ) ;
#1177 = ADVANCED_FACE ( 'NONE', ( #370 ), #55, .F. ) ;
#1178 = AXIS2_PLACEMENT_3D ( 'NONE', #1267, #107, #327 ) ;
#1179 = ORIENTED_EDGE ( 'NONE', *, *, #1105, .T. ) ;
#1180 = EDGE_CURVE ( 'NONE', #1220, #131, #494, .T. ) ;
#1181 = DIRECTION ( 'NONE',  ( -0.000000000000000000, 1.000000000000000000, -0.000000000000000000 ) ) ;
#1182 = EDGE_CURVE ( 'NONE', #1345, #1095, #1117, .T. ) ;
#1183 = VECTOR ( 'NONE', #638, 1000.000000000000000 ) ;
#1184 = DIRECTION ( 'NONE',  ( 0.000000000000000000, 1.000000000000000000, 0.000000000000000000 ) ) ;
#1185 = EDGE_LOOP ( 'NONE', ( #198, #948, #123, #978 ) ) ;
#1186 = CYLINDRICAL_SURFACE ( 'NONE', #378, 1.500000000000000666 ) ;
#1187 = EDGE_CURVE ( 'NONE', #1031, #1140, #71, .T. ) ;
#1188 = CARTESIAN_POINT ( 'NONE',  ( -23.05000000000000426, -2.500000000000000000, 0.000000000000000000 ) ) ;
#1189 = VERTEX_POINT ( 'NONE', #357 ) ;
#1190 = AXIS2_PLACEMENT_3D ( 'NONE', #185, #626, #923 ) ;
#1191 = DIRECTION ( 'NONE',  ( 0.000000000000000000, -1.000000000000000000, 0.000000000000000000 ) ) ;
#1192 = LINE ( 'NONE', #36, #42 ) ;
#1193 = CONICAL_SURFACE ( 'NONE', #419, 1.000000000000005995, 0.7853981633974482790 ) ;
#1194 = ORIENTED_EDGE ( 'NONE', *, *, #175, .F. ) ;
#1195 = CARTESIAN_POINT ( 'NONE',  ( -25.00000000000000000, 5.000000000000000000, -5.000000000000000000 ) ) ;
#1196 = CARTESIAN_POINT ( 'NONE',  ( 21.27821663942517105, 1.000000000000001998, -5.000000000000001776 ) ) ;
#1197 = FACE_BOUND ( 'NONE', #865, .T. ) ;
#1198 = DIRECTION ( 'NONE',  ( 0.000000000000000000, 1.000000000000000000, 0.000000000000000000 ) ) ;
#1199 = ORIENTED_EDGE ( 'NONE', *, *, #648, .T. ) ;
#1200 = AXIS2_PLACEMENT_3D ( 'NONE', #374, #256, #685 ) ;
#1201 = EDGE_LOOP ( 'NONE', ( #1179, #347, #311, #331, #1235, #1299 ) ) ;
#1202 = CARTESIAN_POINT ( 'NONE',  ( 0.000000000000000000, 5.000000000000000000, 4.000000000000006217 ) ) ;
#1203 = AXIS2_PLACEMENT_3D ( 'NONE', #1036, #1043, #432 ) ;
#1204 = VECTOR ( 'NONE', #258, 1000.000000000000000 ) ;
#1205 = PLANE ( 'NONE',  #830 ) ;
#1206 = DIRECTION ( 'NONE',  ( 0.000000000000000000, 0.000000000000000000, 1.000000000000000000 ) ) ;
#1207 = ADVANCED_FACE ( 'NONE', ( #783 ), #1205, .T. ) ;
#1208 = ORIENTED_EDGE ( 'NONE', *, *, #102, .F. ) ;
#1209 = DIRECTION ( 'NONE',  ( 0.000000000000000000, 0.7071067811865469066, -0.7071067811865482389 ) ) ;
#1210 = VERTEX_POINT ( 'NONE', #993 ) ;
#1211 = DIRECTION ( 'NONE',  ( 0.000000000000000000, 0.000000000000000000, 1.000000000000000000 ) ) ;
#1212 = FACE_OUTER_BOUND ( 'NONE', #439, .T. ) ;
#1213 = CIRCLE ( 'NONE', #772, 1.000000000000004441 ) ;
#1214 = ORIENTED_EDGE ( 'NONE', *, *, #1180, .F. ) ;
#1215 = ADVANCED_FACE ( 'NONE', ( #47 ), #1138, .F. ) ;
#1216 = CARTESIAN_POINT ( 'NONE',  ( -23.05000000000000426, -2.500000000000000000, -3.000000000000004441 ) ) ;
#1217 = ORIENTED_EDGE ( 'NONE', *, *, #1078, .F. ) ;
#1218 = LINE ( 'NONE', #160, #18 ) ;
#1219 = CARTESIAN_POINT ( 'NONE',  ( -6.938893903907228378E-15, 4.000000000000006217, -24.00000000000000000 ) ) ;
#1220 = VERTEX_POINT ( 'NONE', #937 ) ;
#1221 = AXIS2_PLACEMENT_3D ( 'NONE', #802, #264, #485 ) ;
#1222 = VERTEX_POINT ( 'NONE', #390 ) ;
#1223 = EDGE_CURVE ( 'NONE', #1210, #413, #250, .T. ) ;
#1224 = DIRECTION ( 'NONE',  ( 0.000000000000000000, 0.000000000000000000, 1.000000000000000000 ) ) ;
#1225 = FACE_OUTER_BOUND ( 'NONE', #718, .T. ) ;
#1226 = VECTOR ( 'NONE', #614, 1000.000000000000000 ) ;
#1227 = EDGE_CURVE ( 'NONE', #254, #131, #286, .T. ) ;
#1228 = VERTEX_POINT ( 'NONE', #1357 ) ;
#1229 = DIRECTION ( 'NONE',  ( 0.000000000000000000, 0.000000000000000000, 1.000000000000000000 ) ) ;
#1230 = FACE_OUTER_BOUND ( 'NONE', #174, .T. ) ;
#1231 = ADVANCED_FACE ( 'NONE', ( #99 ), #508, .F. ) ;
#1232 = DIRECTION ( 'NONE',  ( -3.469446951953614189E-16, -1.000000000000000000, 0.000000000000000000 ) ) ;
#1233 = DIRECTION ( 'NONE',  ( 0.000000000000000000, 0.000000000000000000, -1.000000000000000000 ) ) ;
#1234 = ORIENTED_EDGE ( 'NONE', *, *, #784, .T. ) ;
#1235 = ORIENTED_EDGE ( 'NONE', *, *, #464, .T. ) ;
#1236 = DIRECTION ( 'NONE',  ( 0.000000000000000000, 1.000000000000000000, 0.000000000000000000 ) ) ;
#1237 = VECTOR ( 'NONE', #344, 1000.000000000000114 ) ;
#1238 = DIRECTION ( 'NONE',  ( 0.000000000000000000, -1.000000000000000000, 0.000000000000000000 ) ) ;
#1239 = EDGE_CURVE ( 'NONE', #703, #871, #320, .T. ) ;
#1240 = CYLINDRICAL_SURFACE ( 'NONE', #1221, 1.500000000000000666 ) ;
#1241 = ORIENTED_EDGE ( 'NONE', *, *, #1344, .T. ) ;
#1242 = DIRECTION ( 'NONE',  ( 0.000000000000000000, 0.7071067811865474617, -0.7071067811865474617 ) ) ;
#1243 = CARTESIAN_POINT ( 'NONE',  ( -7.000000000000007105, 5.000000000000000000, -12.00000000000000000 ) ) ;
#1244 = ORIENTED_EDGE ( 'NONE', *, *, #982, .T. ) ;
#1245 = APPLICATION_PROTOCOL_DEFINITION ( 'draft international standard', 'automotive_design', 1998, #460 ) ;
#1246 = DIRECTION ( 'NONE',  ( -0.000000000000000000, -1.000000000000000000, 0.000000000000000000 ) ) ;
#1247 = CYLINDRICAL_SURFACE ( 'NONE', #317, 3.000000000000004441 ) ;
#1248 = AXIS2_PLACEMENT_3D ( 'NONE', #768, #657, #1082 ) ;
#1249 = DIRECTION ( 'NONE',  ( 0.000000000000000000, -0.000000000000000000, 1.000000000000000000 ) ) ;
#1250 = DIRECTION ( 'NONE',  ( 0.000000000000000000, -1.000000000000000000, 0.000000000000000000 ) ) ;
#1251 = VECTOR ( 'NONE', #752, 1000.000000000000000 ) ;
#1252 = VERTEX_POINT ( 'NONE', #724 ) ;
#1253 = VECTOR ( 'NONE', #466, 1000.000000000000000 ) ;
#1254 = EDGE_CURVE ( 'NONE', #995, #901, #734, .T. ) ;
#1255 = CARTESIAN_POINT ( 'NONE',  ( -7.050000000000004263, -2.000000000000000000, 0.000000000000000000 ) ) ;
#1256 = CARTESIAN_POINT ( 'NONE',  ( -6.938893903907228378E-15, 5.000000000000000000, -12.00000000000000000 ) ) ;
#1257 = CARTESIAN_POINT ( 'NONE',  ( -23.05000000000000426, -2.500000000000000000, -3.000000000000004441 ) ) ;
#1258 = CARTESIAN_POINT ( 'NONE',  ( -23.05000000000000426, 5.000000000000000000, 0.000000000000000000 ) ) ;
#1259 = EDGE_LOOP ( 'NONE', ( #143, #112, #616, #81 ) ) ;
#1260 = VERTEX_POINT ( 'NONE', #1264 ) ;
#1261 = DIRECTION ( 'NONE',  ( -0.000000000000000000, 1.000000000000000000, -0.000000000000000000 ) ) ;
#1262 = DIRECTION ( 'NONE',  ( -0.000000000000000000, -0.000000000000000000, 1.000000000000000000 ) ) ;
#1263 = AXIS2_PLACEMENT_3D ( 'NONE', #1056, #212, #106 ) ;
#1264 = CARTESIAN_POINT ( 'NONE',  ( 4.999999999999992895, 5.000000000000000000, -22.50000000000000000 ) ) ;
#1265 = CARTESIAN_POINT ( 'NONE',  ( -23.05000000000000426, 5.000000000000000000, 1.500000000000000666 ) ) ;
#1266 = CYLINDRICAL_SURFACE ( 'NONE', #1286, 1.499999999999999556 ) ;
#1267 = CARTESIAN_POINT ( 'NONE',  ( -23.05000000000000426, -2.500000000000000000, 0.000000000000000000 ) ) ;
#1268 = VERTEX_POINT ( 'NONE', #1257 ) ;
#1269 = EDGE_CURVE ( 'NONE', #111, #462, #407, .T. ) ;
#1270 = AXIS2_PLACEMENT_3D ( 'NONE', #421, #514, #1143 ) ;
#1271 = CYLINDRICAL_SURFACE ( 'NONE', #934, 6.999999999999999112 ) ;
#1272 = LINE ( 'NONE', #329, #1087 ) ;
#1273 = EDGE_LOOP ( 'NONE', ( #335, #1085, #8, #307 ) ) ;
#1274 = EDGE_LOOP ( 'NONE', ( #268, #278 ) ) ;
#1275 = VECTOR ( 'NONE', #928, 1000.000000000000000 ) ;
#1276 = EDGE_CURVE ( 'NONE', #895, #1281, #628, .T. ) ;
#1277 = PLANE ( 'NONE',  #1178 ) ;
#1278 = ORIENTED_EDGE ( 'NONE', *, *, #1254, .F. ) ;
#1279 = DIRECTION ( 'NONE',  ( -0.000000000000000000, 1.000000000000000000, -0.000000000000000000 ) ) ;
#1280 = ADVANCED_FACE ( 'NONE', ( #1027 ), #1271, .F. ) ;
#1281 = VERTEX_POINT ( 'NONE', #1350 ) ;
#1282 = LINE ( 'NONE', #956, #176 ) ;
#1283 = EDGE_CURVE ( 'NONE', #675, #767, #1051, .T. ) ;
#1284 = CARTESIAN_POINT ( 'NONE',  ( 4.999999999999997335, -2.000000000000000000, 0.000000000000000000 ) ) ;
#1285 = DIRECTION ( 'NONE',  ( 0.000000000000000000, 0.000000000000000000, 1.000000000000000000 ) ) ;
#1286 = AXIS2_PLACEMENT_3D ( 'NONE', #618, #1261, #513 ) ;
#1287 = ORIENTED_EDGE ( 'NONE', *, *, #706, .T. ) ;
#1288 = EDGE_CURVE ( 'NONE', #184, #623, #1131, .T. ) ;
#1289 = CARTESIAN_POINT ( 'NONE',  ( 21.94999999999999574, 0.000000000000000000, 0.000000000000000000 ) ) ;
#1290 = CARTESIAN_POINT ( 'NONE',  ( 0.000000000000000000, 0.000000000000000000, -3.999999999999999112 ) ) ;
#1291 = CLOSED_SHELL ( 'NONE', ( #841, #1347, #66, #10, #101, #611, #1231, #1215, #750, #481, #186, #779, #52, #1308, #1116, #591, #1323, #263, #711, #958, #437, #195, #40, #789, #1039, #1207, #1305, #1053, #486, #775, #1280, #363, #1111, #345, #355, #532, #442, #225, #424, #1081, #953, #1177, #683, #595 ) ) ;
#1292 = LINE ( 'NONE', #1079, #1002 ) ;
#1293 = AXIS2_PLACEMENT_3D ( 'NONE', #46, #794, #461 ) ;
#1294 = PLANE ( 'NONE',  #1248 ) ;
#1295 = VECTOR ( 'NONE', #173, 1000.000000000000000 ) ;
#1296 = VECTOR ( 'NONE', #1249, 1000.000000000000000 ) ;
#1297 = CARTESIAN_POINT ( 'NONE',  ( -27.00000000000000000, 4.000000000000006217, 3.000000000000000000 ) ) ;
#1298 = ORIENTED_EDGE ( 'NONE', *, *, #1015, .T. ) ;
#1299 = ORIENTED_EDGE ( 'NONE', *, *, #34, .T. ) ;
#1300 = DIRECTION ( 'NONE',  ( 0.000000000000000000, 0.000000000000000000, 1.000000000000000000 ) ) ;
#1301 = CARTESIAN_POINT ( 'NONE',  ( 20.00000000000000000, 1.000000000000000888, -5.000000000000000000 ) ) ;
#1302 = CIRCLE ( 'NONE', #588, 2.000000000000000000 ) ;
#1303 = DIRECTION ( 'NONE',  ( -0.000000000000000000, 1.000000000000000000, -0.000000000000000000 ) ) ;
#1304 = ORIENTED_EDGE ( 'NONE', *, *, #1165, .F. ) ;
#1305 = ADVANCED_FACE ( 'NONE', ( #716 ), #516, .F. ) ;
#1306 = EDGE_LOOP ( 'NONE', ( #282, #11, #45, #276 ) ) ;
#1307 = CARTESIAN_POINT ( 'NONE',  ( -7.050000000000004263, 0.000000000000000000, 0.000000000000000000 ) ) ;
#1308 = ADVANCED_FACE ( 'NONE', ( #422, #205, #927, #196, #522, #1365 ), #832, .F. ) ;
#1309 = DIRECTION ( 'NONE',  ( -0.000000000000000000, 1.000000000000000000, -0.000000000000000000 ) ) ;
#1310 = CARTESIAN_POINT ( 'NONE',  ( -23.05000000000000426, 5.000000000000000000, 0.000000000000000000 ) ) ;
#1311 = ORIENTED_EDGE ( 'NONE', *, *, #1223, .T. ) ;
#1312 = AXIS2_PLACEMENT_3D ( 'NONE', #1289, #877, #1300 ) ;
#1313 = ORIENTED_EDGE ( 'NONE', *, *, #586, .T. ) ;
#1314 = EDGE_CURVE ( 'NONE', #697, #1075, #216, .T. ) ;
#1315 = CARTESIAN_POINT ( 'NONE',  ( -7.000000000000007105, 0.000000000000000000, -12.00000000000000000 ) ) ;
#1316 = CIRCLE ( 'NONE', #381, 3.000000000000004441 ) ;
#1317 = VERTEX_POINT ( 'NONE', #815 ) ;
#1318 = CARTESIAN_POINT ( 'NONE',  ( 8.999999999999991118, 0.000000000000000000, -24.00000000000000000 ) ) ;
#1319 = CARTESIAN_POINT ( 'NONE',  ( 4.999999999999992895, 0.000000000000000000, -18.00000000000000000 ) ) ;
#1320 = EDGE_CURVE ( 'NONE', #1228, #324, #807, .T. ) ;
#1321 = EDGE_LOOP ( 'NONE', ( #1327, #667, #793, #210 ) ) ;
#1322 = DIRECTION ( 'NONE',  ( 0.000000000000000000, 0.000000000000000000, 1.000000000000000000 ) ) ;
#1323 = ADVANCED_FACE ( 'NONE', ( #856 ), #751, .F. ) ;
#1324 = DIRECTION ( 'NONE',  ( -0.000000000000000000, 1.000000000000000000, -0.000000000000000000 ) ) ;
#1325 = DIRECTION ( 'NONE',  ( 1.000000000000000000, 0.000000000000000000, -0.000000000000000000 ) ) ;
#1326 = VECTOR ( 'NONE', #689, 1000.000000000000000 ) ;
#1327 = ORIENTED_EDGE ( 'NONE', *, *, #1283, .T. ) ;
#1328 = EDGE_CURVE ( 'NONE', #475, #459, #977, .T. ) ;
#1329 = LINE ( 'NONE', #1216, #98 ) ;
#1330 = ORIENTED_EDGE ( 'NONE', *, *, #527, .F. ) ;
#1331 = CARTESIAN_POINT ( 'NONE',  ( 21.94999999999999574, -2.000000000000000000, 0.000000000000000000 ) ) ;
#1332 = LINE ( 'NONE', #1001, #1172 ) ;
#1333 = ORIENTED_EDGE ( 'NONE', *, *, #636, .T. ) ;
#1334 = CIRCLE ( 'NONE', #687, 1.500000000000001332 ) ;
#1335 = CARTESIAN_POINT ( 'NONE',  ( 4.999999999999992895, -5.000000000000000000, -19.50000000000000000 ) ) ;
#1336 = CYLINDRICAL_SURFACE ( 'NONE', #512, 2.000000000000000000 ) ;
#1337 = AXIS2_PLACEMENT_3D ( 'NONE', #1307, #19, #348 ) ;
#1338 = DIRECTION ( 'NONE',  ( 1.000000000000000000, -0.000000000000000000, -0.000000000000000000 ) ) ;
#1339 = CIRCLE ( 'NONE', #713, 2.999999999999999112 ) ;
#1340 = CARTESIAN_POINT ( 'NONE',  ( 4.499999999999992006, -4.499999999999995559, -24.00000000000000000 ) ) ;
#1341 = DIRECTION ( 'NONE',  ( 0.000000000000000000, 0.000000000000000000, 1.000000000000000000 ) ) ;
#1342 = PRODUCT_DEFINITION_SHAPE ( 'NONE', 'NONE',  #797 ) ;
#1343 = AXIS2_PLACEMENT_3D ( 'NONE', #85, #312, #180 ) ;
#1344 = EDGE_CURVE ( 'NONE', #1166, #459, #677, .T. ) ;
#1345 = VERTEX_POINT ( 'NONE', #759 ) ;
#1346 = DIRECTION ( 'NONE',  ( 0.000000000000000000, 0.000000000000000000, 1.000000000000000000 ) ) ;
#1347 = ADVANCED_FACE ( 'NONE', ( #476 ), #909, .F. ) ;
#1348 = CARTESIAN_POINT ( 'NONE',  ( -23.05000000000000426, -2.500000000000000000, 0.000000000000000000 ) ) ;
#1349 = ORIENTED_EDGE ( 'NONE', *, *, #836, .F. ) ;
#1350 = CARTESIAN_POINT ( 'NONE',  ( -7.000000000000007105, 5.000000000000000000, -4.000000000000006217 ) ) ;
#1351 = DIRECTION ( 'NONE',  ( 0.000000000000000000, 0.000000000000000000, -1.000000000000000000 ) ) ;
#1352 = ORIENTED_EDGE ( 'NONE', *, *, #577, .T. ) ;
#1353 = EDGE_CURVE ( 'NONE', #697, #130, #888, .T. ) ;
#1354 = AXIS2_PLACEMENT_3D ( 'NONE', #1092, #145, #1098 ) ;
#1355 = LINE ( 'NONE', #1032, #418 ) ;
#1356 = LINE ( 'NONE', #1362, #267 ) ;
#1357 = CARTESIAN_POINT ( 'NONE',  ( -23.05000000000000426, -2.500000000000000000, -1.500000000000000666 ) ) ;
#1358 = DIRECTION ( 'NONE',  ( -0.000000000000000000, -1.000000000000000000, -0.000000000000000000 ) ) ;
#1359 = ORIENTED_EDGE ( 'NONE', *, *, #557, .F. ) ;
#1360 = ORIENTED_EDGE ( 'NONE', *, *, #694, .F. ) ;
#1361 = LINE ( 'NONE', #1142, #525 ) ;
#1362 = CARTESIAN_POINT ( 'NONE',  ( 25.00000000000000355, 5.000000000000000000, 4.000000000000006217 ) ) ;
#1363 = CIRCLE ( 'NONE', #155, 7.000000000000000000 ) ;
#1364 = ORIENTED_EDGE ( 'NONE', *, *, #890, .F. ) ;
#1365 = FACE_OUTER_BOUND ( 'NONE', #898, .T. ) ;
#1366 = LINE ( 'NONE', #20, #294 ) ;
#1367 = ORIENTED_EDGE ( 'NONE', *, *, #1125, .F. ) ;
#1368 = DIRECTION ( 'NONE',  ( 0.000000000000000000, -1.000000000000000000, 0.000000000000000000 ) ) ;
#1369 = LINE ( 'NONE', #1256, #428 ) ;
#1370 = ORIENTED_EDGE ( 'NONE', *, *, #383, .F. ) ;
#1371 = CARTESIAN_POINT ( 'NONE',  ( -25.00000000000000000, 4.000000000000006217, -5.000000000000000000 ) ) ;
#1372 = DIRECTION ( 'NONE',  ( 0.000000000000000000, 0.000000000000000000, 1.000000000000000000 ) ) ;
ENDSEC;
END-ISO-10303-21;
