ISO-10303-21;
HEADER;
FILE_DESCRIPTION (( 'STEP AP214' ),
    '1' );
FILE_NAME ('Steering-Arm-Balancer.STEP',
    '2026-05-07T19:05:53',
    ( '' ),
    ( '' ),
    'SwSTEP 2.0',
    'SolidWorks 2026',
    '' );
FILE_SCHEMA (( 'AUTOMOTIVE_DESIGN' ));
ENDSEC;

DATA;
#1 = VERTEX_POINT ( 'NONE', #1422 ) ;
#2 = CARTESIAN_POINT ( 'NONE',  ( 41.00000000000000000, 0.000000000000000000, 0.000000000000000000 ) ) ;
#3 = EDGE_CURVE ( 'NONE', #533, #1088, #501, .T. ) ;
#4 = EDGE_CURVE ( 'NONE', #1172, #1165, #320, .T. ) ;
#5 = DIRECTION ( 'NONE',  ( 1.364389250768275340E-16, -0.000000000000000000, 1.000000000000000000 ) ) ;
#6 = CARTESIAN_POINT ( 'NONE',  ( 31.31594320203569382, 1.000000000000000000, 1.500000000000006439 ) ) ;
#7 = EDGE_CURVE ( 'NONE', #562, #886, #414, .T. ) ;
#8 = ORIENTED_EDGE ( 'NONE', *, *, #862, .F. ) ;
#9 = FACE_BOUND ( 'NONE', #912, .T. ) ;
#10 = ADVANCED_FACE ( 'NONE', ( #350 ), #1590, .T. ) ;
#11 = ORIENTED_EDGE ( 'NONE', *, *, #1822, .T. ) ;
#12 = LINE ( 'NONE', #194, #1075 ) ;
#13 = EDGE_LOOP ( 'NONE', ( #1328, #730, #1006, #607 ) ) ;
#14 = VECTOR ( 'NONE', #238, 1000.000000000000000 ) ;
#15 = TOROIDAL_SURFACE ( 'NONE', #503, 2.000000000000000000, 1.000000000000000000 ) ;
#16 = CYLINDRICAL_SURFACE ( 'NONE', #1101, 1.000000000000000000 ) ;
#17 = TOROIDAL_SURFACE ( 'NONE', #49, 2.000000000000000000, 1.000000000000000000 ) ;
#18 = ORIENTED_EDGE ( 'NONE', *, *, #927, .F. ) ;
#19 = AXIS2_PLACEMENT_3D ( 'NONE', #845, #1413, #138 ) ;
#20 = LINE ( 'NONE', #782, #715 ) ;
#21 = AXIS2_PLACEMENT_3D ( 'NONE', #211, #1192, #181 ) ;
#22 = CIRCLE ( 'NONE', #1840, 1.000000000000000000 ) ;
#23 = DIRECTION ( 'NONE',  ( 0.000000000000000000, 0.000000000000000000, -1.000000000000000000 ) ) ;
#24 = CARTESIAN_POINT ( 'NONE',  ( 33.31594320203569737, 3.000000000000000000, -1.500000000000003997 ) ) ;
#25 = CARTESIAN_POINT ( 'NONE',  ( 6.000000000000000000, 1.000000000000000000, -0.5000000000000038858 ) ) ;
#26 = ORIENTED_EDGE ( 'NONE', *, *, #69, .T. ) ;
#27 = ADVANCED_FACE ( 'NONE', ( #627 ), #1664, .T. ) ;
#28 = ORIENTED_EDGE ( 'NONE', *, *, #1351, .T. ) ;
#29 = EDGE_CURVE ( 'NONE', #732, #1703, #1017, .T. ) ;
#30 = CARTESIAN_POINT ( 'NONE',  ( -5.000000000000000000, 0.000000000000000000, -1.500000000000003997 ) ) ;
#31 = DIRECTION ( 'NONE',  ( -0.000000000000000000, 1.000000000000000000, -0.000000000000000000 ) ) ;
#32 = ORIENTED_EDGE ( 'NONE', *, *, #152, .F. ) ;
#33 = DIRECTION ( 'NONE',  ( 0.000000000000000000, 0.000000000000000000, 1.000000000000000000 ) ) ;
#34 = CARTESIAN_POINT ( 'NONE',  ( -32.17540977655791323, 1.000000000000000000, -2.500000000000003997 ) ) ;
#35 = ORIENTED_EDGE ( 'NONE', *, *, #1110, .F. ) ;
#36 = EDGE_CURVE ( 'NONE', #1656, #163, #63, .T. ) ;
#37 = ORIENTED_EDGE ( 'NONE', *, *, #381, .F. ) ;
#38 = ORIENTED_EDGE ( 'NONE', *, *, #552, .T. ) ;
#39 = CARTESIAN_POINT ( 'NONE',  ( -32.17540977655791323, 4.000000000000000000, 0.5000000000000065503 ) ) ;
#40 = PRODUCT_CONTEXT ( 'NONE', #1540, 'mechanical' ) ;
#41 = FACE_OUTER_BOUND ( 'NONE', #1268, .T. ) ;
#42 = EDGE_CURVE ( 'NONE', #1750, #269, #1321, .T. ) ;
#43 = CARTESIAN_POINT ( 'NONE',  ( 32.31594320203569026, 0.000000000000000000, -0.5000000000000038858 ) ) ;
#44 = EDGE_LOOP ( 'NONE', ( #1576, #48, #32, #123 ) ) ;
#45 = AXIS2_PLACEMENT_3D ( 'NONE', #24, #891, #1168 ) ;
#46 = CARTESIAN_POINT ( 'NONE',  ( 42.49999999999998579, 0.000000000000000000, -4.500000000000003553 ) ) ;
#47 = EDGE_CURVE ( 'NONE', #1426, #525, #55, .T. ) ;
#48 = ORIENTED_EDGE ( 'NONE', *, *, #1803, .F. ) ;
#49 = AXIS2_PLACEMENT_3D ( 'NONE', #991, #151, #542 ) ;
#50 = DIRECTION ( 'NONE',  ( 0.000000000000000000, -0.000000000000000000, 1.000000000000000000 ) ) ;
#51 = CIRCLE ( 'NONE', #19, 1.000000000000000000 ) ;
#52 = AXIS2_PLACEMENT_3D ( 'NONE', #1221, #396, #75 ) ;
#53 = CARTESIAN_POINT ( 'NONE',  ( -33.17540977655791323, 0.000000000000000000, 1.500000000000006439 ) ) ;
#54 = CIRCLE ( 'NONE', #885, 1.750000000000003553 ) ;
#55 = LINE ( 'NONE', #1754, #1601 ) ;
#56 = DIRECTION ( 'NONE',  ( -0.000000000000000000, 1.000000000000000000, -0.000000000000000000 ) ) ;
#57 = VERTEX_POINT ( 'NONE', #1061 ) ;
#58 = DIRECTION ( 'NONE',  ( 0.000000000000000000, 0.000000000000000000, -1.000000000000000000 ) ) ;
#59 = VERTEX_POINT ( 'NONE', #195 ) ;
#60 = CARTESIAN_POINT ( 'NONE',  ( 0.000000000000000000, 4.000000000000000000, -2.500000000000003997 ) ) ;
#61 = ORIENTED_EDGE ( 'NONE', *, *, #169, .T. ) ;
#62 = DIRECTION ( 'NONE',  ( 0.000000000000000000, 0.000000000000000000, -1.000000000000000000 ) ) ;
#63 = LINE ( 'NONE', #636, #1517 ) ;
#64 = CARTESIAN_POINT ( 'NONE',  ( 6.000000000000000000, 3.000000000000000000, 0.5000000000000067724 ) ) ;
#65 = EDGE_CURVE ( 'NONE', #185, #1549, #78, .T. ) ;
#66 = CYLINDRICAL_SURFACE ( 'NONE', #90, 1.000000000000000000 ) ;
#67 = CARTESIAN_POINT ( 'NONE',  ( -42.50000000000000000, 4.000000000000000000, 2.500000000000006217 ) ) ;
#68 = ORIENTED_EDGE ( 'NONE', *, *, #1177, .F. ) ;
#69 = EDGE_CURVE ( 'NONE', #1627, #59, #468, .T. ) ;
#70 = DIRECTION ( 'NONE',  ( 0.000000000000000000, 0.000000000000000000, 1.000000000000000000 ) ) ;
#71 = VERTEX_POINT ( 'NONE', #1035 ) ;
#72 = CYLINDRICAL_SURFACE ( 'NONE', #1638, 1.750000000000003553 ) ;
#73 = DIRECTION ( 'NONE',  ( 0.000000000000000000, 0.000000000000000000, -1.000000000000000000 ) ) ;
#74 = FACE_OUTER_BOUND ( 'NONE', #1174, .T. ) ;
#75 = DIRECTION ( 'NONE',  ( -1.000000000000000000, 0.000000000000000000, 0.000000000000000000 ) ) ;
#76 = CARTESIAN_POINT ( 'NONE',  ( 33.31594320203569737, 1.000000000000000000, -0.5000000000000038858 ) ) ;
#77 = VERTEX_POINT ( 'NONE', #605 ) ;
#78 = CIRCLE ( 'NONE', #1452, 2.000000000000000000 ) ;
#79 = CARTESIAN_POINT ( 'NONE',  ( -5.999999999999998224, 1.000000000000000000, -1.500000000000003997 ) ) ;
#80 = ORIENTED_EDGE ( 'NONE', *, *, #1095, .F. ) ;
#81 = CIRCLE ( 'NONE', #113, 1.000000000000000000 ) ;
#82 = CARTESIAN_POINT ( 'NONE',  ( -6.000000000000000000, 0.000000000000000000, 1.500000000000006439 ) ) ;
#83 = CIRCLE ( 'NONE', #1307, 1.750000000000003553 ) ;
#84 = DIRECTION ( 'NONE',  ( 1.000000000000000000, 0.000000000000000000, 0.000000000000000000 ) ) ;
#85 = AXIS2_PLACEMENT_3D ( 'NONE', #1183, #1731, #1574 ) ;
#86 = PLANE ( 'NONE',  #796 ) ;
#87 = FACE_OUTER_BOUND ( 'NONE', #44, .T. ) ;
#88 = CIRCLE ( 'NONE', #298, 1.000000000000000000 ) ;
#89 = DIRECTION ( 'NONE',  ( 0.000000000000000000, -1.000000000000000000, 0.000000000000000000 ) ) ;
#90 = AXIS2_PLACEMENT_3D ( 'NONE', #1102, #940, #638 ) ;
#91 = ORIENTED_EDGE ( 'NONE', *, *, #1070, .T. ) ;
#92 = ADVANCED_FACE ( 'NONE', ( #1176 ), #1448, .F. ) ;
#93 = LINE ( 'NONE', #1044, #1191 ) ;
#94 = EDGE_CURVE ( 'NONE', #525, #631, #333, .T. ) ;
#95 = ORIENTED_EDGE ( 'NONE', *, *, #1740, .F. ) ;
#96 = DIRECTION ( 'NONE',  ( 0.000000000000000000, 0.000000000000000000, 1.000000000000000000 ) ) ;
#97 = ADVANCED_FACE ( 'NONE', ( #1330 ), #1311, .T. ) ;
#98 = DIRECTION ( 'NONE',  ( 0.000000000000000000, 0.000000000000000000, -1.000000000000000000 ) ) ;
#99 = CARTESIAN_POINT ( 'NONE',  ( -42.50000000000000000, 0.000000000000000000, -2.499999999999992450 ) ) ;
#100 = DIRECTION ( 'NONE',  ( 0.000000000000000000, 1.000000000000000000, -0.000000000000000000 ) ) ;
#101 = EDGE_CURVE ( 'NONE', #1491, #1426, #1128, .T. ) ;
#102 = CYLINDRICAL_SURFACE ( 'NONE', #653, 1.000000000000000000 ) ;
#103 = ORIENTED_EDGE ( 'NONE', *, *, #1305, .T. ) ;
#104 = CARTESIAN_POINT ( 'NONE',  ( 5.000000000000000000, 1.000000000000000000, 1.500000000000006661 ) ) ;
#105 = FACE_BOUND ( 'NONE', #323, .T. ) ;
#106 = DIRECTION ( 'NONE',  ( 0.000000000000000000, 0.000000000000000000, -1.000000000000000000 ) ) ;
#107 = EDGE_CURVE ( 'NONE', #1147, #1255, #1025, .T. ) ;
#108 = DIRECTION ( 'NONE',  ( 0.000000000000000000, -1.000000000000000000, 0.000000000000000000 ) ) ;
#109 = EDGE_CURVE ( 'NONE', #518, #359, #705, .T. ) ;
#110 = ORIENTED_EDGE ( 'NONE', *, *, #1451, .F. ) ;
#111 = COLOUR_RGB ( '',0.7921568627450980005, 0.8196078431372548767, 0.9333333333333333481 ) ;
#112 = DIRECTION ( 'NONE',  ( -0.000000000000000000, 1.000000000000000000, -0.000000000000000000 ) ) ;
#113 = AXIS2_PLACEMENT_3D ( 'NONE', #1142, #1812, #688 ) ;
#114 = EDGE_LOOP ( 'NONE', ( #1516, #505, #1446, #1127, #596, #1828, #1323, #1706 ) ) ;
#115 = DIRECTION ( 'NONE',  ( 0.000000000000000000, 0.000000000000000000, -1.000000000000000000 ) ) ;
#116 = AXIS2_PLACEMENT_3D ( 'NONE', #1778, #1497, #761 ) ;
#117 = CARTESIAN_POINT ( 'NONE',  ( -5.000000000000000000, 0.000000000000000000, 2.500000000000006661 ) ) ;
#118 = DIRECTION ( 'NONE',  ( 0.000000000000000000, 0.000000000000000000, -1.000000000000000000 ) ) ;
#119 = AXIS2_PLACEMENT_3D ( 'NONE', #1388, #1212, #1522 ) ;
#120 = TOROIDAL_SURFACE ( 'NONE', #1463, 2.000000000000000000, 1.000000000000000000 ) ;
#121 = ADVANCED_FACE ( 'NONE', ( #41 ), #479, .T. ) ;
#122 = DIRECTION ( 'NONE',  ( -1.000000000000000000, 0.000000000000000000, 7.938237127427512632E-18 ) ) ;
#123 = ORIENTED_EDGE ( 'NONE', *, *, #69, .F. ) ;
#124 = ORIENTED_EDGE ( 'NONE', *, *, #1305, .F. ) ;
#125 = CARTESIAN_POINT ( 'NONE',  ( 1.924022012605417614E-17, 4.000000000000000000, -2.500000000000003553 ) ) ;
#126 = FACE_OUTER_BOUND ( 'NONE', #1816, .T. ) ;
#127 = ORIENTED_EDGE ( 'NONE', *, *, #611, .F. ) ;
#128 = DIRECTION ( 'NONE',  ( -0.000000000000000000, 0.000000000000000000, -1.000000000000000000 ) ) ;
#129 = EDGE_LOOP ( 'NONE', ( #189, #1773 ) ) ;
#130 = ADVANCED_FACE ( 'NONE', ( #1531 ), #382, .T. ) ;
#131 = VERTEX_POINT ( 'NONE', #1498 ) ;
#132 = FACE_OUTER_BOUND ( 'NONE', #801, .T. ) ;
#133 = DIRECTION ( 'NONE',  ( 0.000000000000000000, -1.000000000000000000, 0.000000000000000000 ) ) ;
#134 = CARTESIAN_POINT ( 'NONE',  ( 6.000000000000000000, 1.000000000000000000, -2.500000000000003997 ) ) ;
#135 = EDGE_CURVE ( 'NONE', #1586, #1549, #1112, .T. ) ;
#136 = DIRECTION ( 'NONE',  ( -1.000000000000000000, 0.000000000000000000, 0.000000000000000000 ) ) ;
#137 = ORIENTED_EDGE ( 'NONE', *, *, #955, .T. ) ;
#138 = DIRECTION ( 'NONE',  ( 0.000000000000000000, 0.000000000000000000, -1.000000000000000000 ) ) ;
#139 = ORIENTED_EDGE ( 'NONE', *, *, #326, .F. ) ;
#140 = CARTESIAN_POINT ( 'NONE',  ( -5.999999999999998224, 3.000000000000000000, -2.500000000000003553 ) ) ;
#141 = AXIS2_PLACEMENT_3D ( 'NONE', #910, #210, #777 ) ;
#142 = DIRECTION ( 'NONE',  ( -1.000000000000000000, 0.000000000000000000, 1.364389250768275340E-16 ) ) ;
#143 = EDGE_LOOP ( 'NONE', ( #788, #1587, #215, #61 ) ) ;
#144 = CIRCLE ( 'NONE', #1285, 2.000000000000000000 ) ;
#145 = VECTOR ( 'NONE', #1738, 1000.000000000000000 ) ;
#146 = CIRCLE ( 'NONE', #1193, 1.000000000000000000 ) ;
#147 = ORIENTED_EDGE ( 'NONE', *, *, #1591, .F. ) ;
#148 = CIRCLE ( 'NONE', #448, 1.750000000000003553 ) ;
#149 = CARTESIAN_POINT ( 'NONE',  ( 32.31594320203569026, 1.000000000000000000, -0.5000000000000038858 ) ) ;
#150 = ORIENTED_EDGE ( 'NONE', *, *, #309, .T. ) ;
#151 = DIRECTION ( 'NONE',  ( 0.000000000000000000, -1.000000000000000000, 0.000000000000000000 ) ) ;
#152 = EDGE_CURVE ( 'NONE', #59, #213, #585, .T. ) ;
#153 = EDGE_LOOP ( 'NONE', ( #308, #95, #706, #1654 ) ) ;
#154 = EDGE_CURVE ( 'NONE', #1206, #342, #1091, .T. ) ;
#155 = DIRECTION ( 'NONE',  ( 0.000000000000000000, -1.000000000000000000, 0.000000000000000000 ) ) ;
#156 = PRODUCT_RELATED_PRODUCT_CATEGORY ( 'part', '', ( #1135 ) ) ;
#157 = EDGE_LOOP ( 'NONE', ( #809, #858, #1443, #1254 ) ) ;
#158 = CARTESIAN_POINT ( 'NONE',  ( 5.000000000000000000, 3.000000000000000000, -0.5000000000000038858 ) ) ;
#159 = ORIENTED_EDGE ( 'NONE', *, *, #205, .F. ) ;
#160 = CYLINDRICAL_SURFACE ( 'NONE', #201, 1.000000000000000000 ) ;
#161 = VERTEX_POINT ( 'NONE', #1639 ) ;
#162 = CARTESIAN_POINT ( 'NONE',  ( -6.000000000000000000, 0.000000000000000000, 0.5000000000000065503 ) ) ;
#163 = VERTEX_POINT ( 'NONE', #530 ) ;
#164 = EDGE_CURVE ( 'NONE', #1820, #916, #785, .T. ) ;
#165 = CARTESIAN_POINT ( 'NONE',  ( -41.00000000000000000, 0.000000000000000000, 1.750000000000003553 ) ) ;
#166 = CARTESIAN_POINT ( 'NONE',  ( -41.00000000000000000, 0.000000000000000000, 0.000000000000000000 ) ) ;
#167 = VECTOR ( 'NONE', #1598, 1000.000000000000000 ) ;
#168 = DIRECTION ( 'NONE',  ( 0.000000000000000000, 0.000000000000000000, -1.000000000000000000 ) ) ;
#169 = EDGE_CURVE ( 'NONE', #872, #562, #1362, .T. ) ;
#170 = EDGE_LOOP ( 'NONE', ( #509, #1020, #957, #204 ) ) ;
#171 = FACE_BOUND ( 'NONE', #1214, .T. ) ;
#172 = CIRCLE ( 'NONE', #766, 2.000000000000000000 ) ;
#173 = ORIENTED_EDGE ( 'NONE', *, *, #1241, .F. ) ;
#174 = AXIS2_PLACEMENT_3D ( 'NONE', #1173, #1149, #464 ) ;
#175 = DIRECTION ( 'NONE',  ( 0.000000000000000000, 0.000000000000000000, 1.000000000000000000 ) ) ;
#176 = ORIENTED_EDGE ( 'NONE', *, *, #1233, .F. ) ;
#177 = TOROIDAL_SURFACE ( 'NONE', #1412, 2.000000000000000000, 1.000000000000000000 ) ;
#178 = FACE_OUTER_BOUND ( 'NONE', #200, .T. ) ;
#179 = DIRECTION ( 'NONE',  ( 1.000000000000000000, 0.000000000000000000, -7.938237127427512632E-18 ) ) ;
#180 = EDGE_CURVE ( 'NONE', #641, #1635, #671, .T. ) ;
#181 = DIRECTION ( 'NONE',  ( -1.000000000000000000, 0.000000000000000000, 0.000000000000000000 ) ) ;
#182 = EDGE_LOOP ( 'NONE', ( #1765, #438, #1784, #1569 ) ) ;
#183 = DIRECTION ( 'NONE',  ( 0.000000000000000000, 0.000000000000000000, 1.000000000000000000 ) ) ;
#184 = ORIENTED_EDGE ( 'NONE', *, *, #1360, .F. ) ;
#185 = VERTEX_POINT ( 'NONE', #1218 ) ;
#186 = LINE ( 'NONE', #1175, #564 ) ;
#187 = DIRECTION ( 'NONE',  ( 0.000000000000000000, 0.000000000000000000, -1.000000000000000000 ) ) ;
#188 = DIRECTION ( 'NONE',  ( 0.000000000000000000, 0.000000000000000000, -1.000000000000000000 ) ) ;
#189 = ORIENTED_EDGE ( 'NONE', *, *, #1810, .T. ) ;
#190 = CYLINDRICAL_SURFACE ( 'NONE', #849, 1.000000000000000000 ) ;
#191 = ORIENTED_EDGE ( 'NONE', *, *, #1339, .F. ) ;
#192 = CARTESIAN_POINT ( 'NONE',  ( -33.17540977655791323, 1.000000000000000000, 1.500000000000006439 ) ) ;
#193 = ORIENTED_EDGE ( 'NONE', *, *, #1657, .T. ) ;
#194 = CARTESIAN_POINT ( 'NONE',  ( 32.31594320203569026, 1.000000000000000000, -1.500000000000003997 ) ) ;
#195 = CARTESIAN_POINT ( 'NONE',  ( 31.31594320203569382, 3.000000000000000000, 1.500000000000006439 ) ) ;
#196 = CYLINDRICAL_SURFACE ( 'NONE', #394, 1.000000000000000000 ) ;
#197 = AXIS2_PLACEMENT_3D ( 'NONE', #1094, #89, #1653 ) ;
#198 = DIRECTION ( 'NONE',  ( 0.000000000000000000, 0.000000000000000000, -1.000000000000000000 ) ) ;
#199 = AXIS2_PLACEMENT_3D ( 'NONE', #1428, #290, #429 ) ;
#200 = EDGE_LOOP ( 'NONE', ( #1661, #150, #1647, #1757 ) ) ;
#201 = AXIS2_PLACEMENT_3D ( 'NONE', #1597, #613, #604 ) ;
#202 = CARTESIAN_POINT ( 'NONE',  ( 31.31594320203569382, 1.000000000000000000, 0.5000000000000065503 ) ) ;
#203 = CIRCLE ( 'NONE', #392, 1.000000000000000000 ) ;
#204 = ORIENTED_EDGE ( 'NONE', *, *, #326, .T. ) ;
#205 = EDGE_CURVE ( 'NONE', #1759, #376, #1480, .T. ) ;
#206 = ADVANCED_FACE ( 'NONE', ( #171, #9, #335, #1000, #1324 ), #608, .T. ) ;
#207 = AXIS2_PLACEMENT_3D ( 'NONE', #1709, #755, #737 ) ;
#208 = LINE ( 'NONE', #1665, #1004 ) ;
#209 = DIRECTION ( 'NONE',  ( 0.000000000000000000, -1.000000000000000000, 0.000000000000000000 ) ) ;
#210 = DIRECTION ( 'NONE',  ( 0.000000000000000000, -1.000000000000000000, 0.000000000000000000 ) ) ;
#211 = CARTESIAN_POINT ( 'NONE',  ( 4.000000000000000000, 1.000000000000000000, -0.5000000000000038858 ) ) ;
#212 = DIRECTION ( 'NONE',  ( -0.000000000000000000, 1.000000000000000000, -0.000000000000000000 ) ) ;
#213 = VERTEX_POINT ( 'NONE', #307 ) ;
#214 = DIRECTION ( 'NONE',  ( 0.000000000000000000, 0.000000000000000000, -1.000000000000000000 ) ) ;
#215 = ORIENTED_EDGE ( 'NONE', *, *, #1536, .T. ) ;
#216 = DIRECTION ( 'NONE',  ( -0.000000000000000000, 0.000000000000000000, 1.000000000000000000 ) ) ;
#217 = CARTESIAN_POINT ( 'NONE',  ( -4.000000000000000000, 3.000000000000000000, -1.500000000000003997 ) ) ;
#218 = DIRECTION ( 'NONE',  ( 0.000000000000000000, 0.000000000000000000, -1.000000000000000000 ) ) ;
#219 = LINE ( 'NONE', #1376, #1527 ) ;
#220 = ORIENTED_EDGE ( 'NONE', *, *, #677, .T. ) ;
#221 = EDGE_LOOP ( 'NONE', ( #1348, #184, #601, #80 ) ) ;
#222 = FACE_OUTER_BOUND ( 'NONE', #680, .T. ) ;
#223 = ORIENTED_EDGE ( 'NONE', *, *, #1657, .F. ) ;
#224 = CARTESIAN_POINT ( 'NONE',  ( 5.000000000000000000, 0.000000000000000000, -1.500000000000003997 ) ) ;
#225 = ADVANCED_FACE ( 'NONE', ( #1171 ), #1745, .F. ) ;
#226 = CYLINDRICAL_SURFACE ( 'NONE', #1550, 1.000000000000000000 ) ;
#227 = CARTESIAN_POINT ( 'NONE',  ( -5.000000000000000000, 1.000000000000000000, 0.5000000000000065503 ) ) ;
#228 = CARTESIAN_POINT ( 'NONE',  ( 6.000000000000000000, 4.000000000000000000, 2.500000000000006661 ) ) ;
#229 = ADVANCED_FACE ( 'NONE', ( #748 ), #472, .F. ) ;
#230 = EDGE_LOOP ( 'NONE', ( #716, #993, #18, #1495 ) ) ;
#231 = AXIS2_PLACEMENT_3D ( 'NONE', #1668, #1642, #218 ) ;
#232 = DIRECTION ( 'NONE',  ( 0.000000000000000000, 0.000000000000000000, -1.000000000000000000 ) ) ;
#233 = ORIENTED_EDGE ( 'NONE', *, *, #634, .F. ) ;
#234 = AXIS2_PLACEMENT_3D ( 'NONE', #795, #58, #659 ) ;
#235 = ADVANCED_FACE ( 'NONE', ( #757 ), #190, .F. ) ;
#236 = PLANE ( 'NONE',  #471 ) ;
#237 = AXIS2_PLACEMENT_3D ( 'NONE', #1385, #1370, #96 ) ;
#238 = DIRECTION ( 'NONE',  ( -1.000000000000000000, 0.000000000000000000, 7.938237127427512632E-18 ) ) ;
#239 = CIRCLE ( 'NONE', #1105, 1.000000000000000000 ) ;
#240 = CARTESIAN_POINT ( 'NONE',  ( -34.17540977655791323, 4.000000000000000000, -0.5000000000000041078 ) ) ;
#241 = DIRECTION ( 'NONE',  ( 0.000000000000000000, 1.000000000000000000, 0.000000000000000000 ) ) ;
#242 = AXIS2_PLACEMENT_3D ( 'NONE', #334, #1054, #188 ) ;
#243 = DIRECTION ( 'NONE',  ( 0.000000000000000000, 0.000000000000000000, -1.000000000000000000 ) ) ;
#244 = ORIENTED_EDGE ( 'NONE', *, *, #135, .F. ) ;
#245 = CARTESIAN_POINT ( 'NONE',  ( 44.49999999999999289, 4.000000000000000000, -4.500000000000003553 ) ) ;
#246 = DIRECTION ( 'NONE',  ( 0.000000000000000000, -1.000000000000000000, 0.000000000000000000 ) ) ;
#247 = CARTESIAN_POINT ( 'NONE',  ( 41.00000000000000000, 0.000000000000000000, -1.750000000000003553 ) ) ;
#248 = DIRECTION ( 'NONE',  ( 0.000000000000000000, 0.000000000000000000, -1.000000000000000000 ) ) ;
#249 = ADVANCED_FACE ( 'NONE', ( #297 ), #16, .T. ) ;
#250 = DIRECTION ( 'NONE',  ( 0.000000000000000000, 0.000000000000000000, -1.000000000000000000 ) ) ;
#251 = ORIENTED_EDGE ( 'NONE', *, *, #1049, .T. ) ;
#252 = FACE_OUTER_BOUND ( 'NONE', #230, .T. ) ;
#253 = DIRECTION ( 'NONE',  ( 1.000000000000000000, 0.000000000000000000, 0.000000000000000000 ) ) ;
#254 = LINE ( 'NONE', #835, #802 ) ;
#255 = ORIENTED_EDGE ( 'NONE', *, *, #47, .F. ) ;
#256 = EDGE_CURVE ( 'NONE', #886, #967, #1593, .T. ) ;
#257 = VECTOR ( 'NONE', #1201, 1000.000000000000000 ) ;
#258 = MECHANICAL_DESIGN_GEOMETRIC_PRESENTATION_REPRESENTATION (  '', ( #1154 ), #734 ) ;
#259 = ORIENTED_EDGE ( 'NONE', *, *, #954, .F. ) ;
#260 = VECTOR ( 'NONE', #1420, 1000.000000000000000 ) ;
#261 = DIRECTION ( 'NONE',  ( -1.000000000000000000, 0.000000000000000000, 0.000000000000000000 ) ) ;
#262 = DIRECTION ( 'NONE',  ( 0.000000000000000000, 0.000000000000000000, 1.000000000000000000 ) ) ;
#263 = CIRCLE ( 'NONE', #800, 1.000000000000000000 ) ;
#264 = EDGE_LOOP ( 'NONE', ( #455, #751, #1181, #1018 ) ) ;
#265 = CARTESIAN_POINT ( 'NONE',  ( -32.17540977655791323, 4.000000000000000000, 1.500000000000006439 ) ) ;
#266 = AXIS2_PLACEMENT_3D ( 'NONE', #697, #398, #679 ) ;
#267 = PRODUCT_DEFINITION_FORMATION_WITH_SPECIFIED_SOURCE ( 'Symmetric', '', #1135, .NOT_KNOWN. ) ;
#268 = CARTESIAN_POINT ( 'NONE',  ( 6.000000000000000000, 1.000000000000000000, -0.5000000000000038858 ) ) ;
#269 = VERTEX_POINT ( 'NONE', #1450 ) ;
#270 = EDGE_CURVE ( 'NONE', #1118, #269, #903, .T. ) ;
#271 = LINE ( 'NONE', #1419, #738 ) ;
#272 = ADVANCED_FACE ( 'NONE', ( #366 ), #1086, .T. ) ;
#273 = CARTESIAN_POINT ( 'NONE',  ( -5.999999999999998224, 1.000000000000000000, -0.5000000000000038858 ) ) ;
#274 = CARTESIAN_POINT ( 'NONE',  ( 1.984559281856883628E-17, 4.000000000000000000, 2.500000000000006661 ) ) ;
#275 = VERTEX_POINT ( 'NONE', #925 ) ;
#276 = CARTESIAN_POINT ( 'NONE',  ( -5.999999999999998224, 1.000000000000000000, -2.500000000000003997 ) ) ;
#277 = CYLINDRICAL_SURFACE ( 'NONE', #1672, 1.000000000000000000 ) ;
#278 = ORIENTED_EDGE ( 'NONE', *, *, #284, .F. ) ;
#279 = CARTESIAN_POINT ( 'NONE',  ( -4.000000000000000000, 4.000000000000000000, -0.5000000000000038858 ) ) ;
#280 = CYLINDRICAL_SURFACE ( 'NONE', #1719, 1.000000000000000000 ) ;
#281 = CARTESIAN_POINT ( 'NONE',  ( 6.000000000000000000, 0.000000000000000000, -0.5000000000000038858 ) ) ;
#282 = ORIENTED_EDGE ( 'NONE', *, *, #1803, .T. ) ;
#283 = EDGE_CURVE ( 'NONE', #163, #551, #1213, .T. ) ;
#284 = EDGE_CURVE ( 'NONE', #1594, #71, #1001, .T. ) ;
#285 = DIRECTION ( 'NONE',  ( 0.000000000000000000, 0.000000000000000000, 1.000000000000000000 ) ) ;
#286 = ORIENTED_EDGE ( 'NONE', *, *, #758, .T. ) ;
#287 = CARTESIAN_POINT ( 'NONE',  ( -34.17540977655791323, 1.000000000000000000, 0.5000000000000065503 ) ) ;
#288 = EDGE_CURVE ( 'NONE', #1, #494, #1794, .T. ) ;
#289 = VECTOR ( 'NONE', #1076, 1000.000000000000000 ) ;
#290 = DIRECTION ( 'NONE',  ( 0.000000000000000000, -1.000000000000000000, 0.000000000000000000 ) ) ;
#291 = CIRCLE ( 'NONE', #1696, 1.000000000000000888 ) ;
#292 = CARTESIAN_POINT ( 'NONE',  ( 44.49999999999999289, 4.000000000000000000, -2.500000000000003553 ) ) ;
#293 = ORIENTED_EDGE ( 'NONE', *, *, #349, .F. ) ;
#294 = VECTOR ( 'NONE', #1113, 1000.000000000000000 ) ;
#295 = VECTOR ( 'NONE', #70, 1000.000000000000000 ) ;
#296 = ADVANCED_FACE ( 'NONE', ( #1621 ), #907, .T. ) ;
#297 = FACE_OUTER_BOUND ( 'NONE', #633, .T. ) ;
#298 = AXIS2_PLACEMENT_3D ( 'NONE', #34, #1026, #1178 ) ;
#299 = MANIFOLD_SOLID_BREP ( 'Fillet3', #614 ) ;
#300 = VECTOR ( 'NONE', #1833, 1000.000000000000000 ) ;
#301 = ORIENTED_EDGE ( 'NONE', *, *, #771, .F. ) ;
#302 = DIRECTION ( 'NONE',  ( -0.000000000000000000, 1.000000000000000000, -0.000000000000000000 ) ) ;
#303 = VERTEX_POINT ( 'NONE', #1511 ) ;
#304 = CARTESIAN_POINT ( 'NONE',  ( 31.31594320203569382, 4.000000000000000000, -2.500000000000003997 ) ) ;
#305 = VERTEX_POINT ( 'NONE', #228 ) ;
#306 = EDGE_CURVE ( 'NONE', #1122, #1572, #291, .T. ) ;
#307 = CARTESIAN_POINT ( 'NONE',  ( 31.31594320203569382, 4.000000000000000000, 2.500000000000006661 ) ) ;
#308 = ORIENTED_EDGE ( 'NONE', *, *, #527, .T. ) ;
#309 = EDGE_CURVE ( 'NONE', #494, #1426, #1777, .T. ) ;
#310 = LINE ( 'NONE', #577, #1526 ) ;
#311 = VERTEX_POINT ( 'NONE', #1492 ) ;
#312 = DIRECTION ( 'NONE',  ( 0.000000000000000000, 0.000000000000000000, 1.000000000000000000 ) ) ;
#313 = DIRECTION ( 'NONE',  ( 0.000000000000000000, -1.000000000000000000, 0.000000000000000000 ) ) ;
#314 = ORIENTED_EDGE ( 'NONE', *, *, #811, .T. ) ;
#315 = EDGE_CURVE ( 'NONE', #641, #305, #678, .T. ) ;
#316 = CARTESIAN_POINT ( 'NONE',  ( -44.50000000000000711, 4.000000000000000000, -2.499999999999992450 ) ) ;
#317 = ORIENTED_EDGE ( 'NONE', *, *, #780, .F. ) ;
#318 = PLANE ( 'NONE',  #328 ) ;
#319 = CARTESIAN_POINT ( 'NONE',  ( 41.00000000000000000, 0.000000000000000000, 1.750000000000003553 ) ) ;
#320 = LINE ( 'NONE', #340, #876 ) ;
#321 = AXIS2_PLACEMENT_3D ( 'NONE', #598, #1734, #460 ) ;
#322 = CARTESIAN_POINT ( 'NONE',  ( 32.31594320203569026, 3.000000000000000000, 0.5000000000000065503 ) ) ;
#323 = EDGE_LOOP ( 'NONE', ( #781, #1600 ) ) ;
#324 = AXIS2_PLACEMENT_3D ( 'NONE', #64, #637, #665 ) ;
#325 = CIRCLE ( 'NONE', #1378, 1.000000000000000000 ) ;
#326 = EDGE_CURVE ( 'NONE', #818, #966, #387, .T. ) ;
#327 = ORIENTED_EDGE ( 'NONE', *, *, #1005, .T. ) ;
#328 = AXIS2_PLACEMENT_3D ( 'NONE', #30, #888, #440 ) ;
#329 = FACE_OUTER_BOUND ( 'NONE', #928, .T. ) ;
#330 = VECTOR ( 'NONE', #617, 1000.000000000000000 ) ;
#331 = CIRCLE ( 'NONE', #545, 1.000000000000000000 ) ;
#332 = LINE ( 'NONE', #319, #1551 ) ;
#333 = LINE ( 'NONE', #735, #467 ) ;
#334 = CARTESIAN_POINT ( 'NONE',  ( 31.31594320203569382, 3.000000000000000000, -0.5000000000000038858 ) ) ;
#335 = FACE_BOUND ( 'NONE', #129, .T. ) ;
#336 = ORIENTED_EDGE ( 'NONE', *, *, #1573, .T. ) ;
#337 = DIRECTION ( 'NONE',  ( 0.000000000000000000, 0.000000000000000000, -1.000000000000000000 ) ) ;
#338 = ORIENTED_EDGE ( 'NONE', *, *, #1281, .T. ) ;
#339 = CARTESIAN_POINT ( 'NONE',  ( -32.17540977655791323, 3.000000000000000000, 2.500000000000006661 ) ) ;
#340 = CARTESIAN_POINT ( 'NONE',  ( 5.000000000000000000, 4.000000000000000000, -0.5000000000000038858 ) ) ;
#341 = CARTESIAN_POINT ( 'NONE',  ( -6.000000000000000000, 0.000000000000000000, 0.5000000000000065503 ) ) ;
#342 = VERTEX_POINT ( 'NONE', #385 ) ;
#343 =( NAMED_UNIT ( * ) SI_UNIT ( $, .STERADIAN. ) SOLID_ANGLE_UNIT ( ) );
#344 = EDGE_CURVE ( 'NONE', #1255, #275, #1772, .T. ) ;
#345 = VERTEX_POINT ( 'NONE', #46 ) ;
#346 = DIRECTION ( 'NONE',  ( 0.000000000000000000, -1.000000000000000000, 0.000000000000000000 ) ) ;
#347 = EDGE_LOOP ( 'NONE', ( #1737, #422, #774, #779 ) ) ;
#348 = CARTESIAN_POINT ( 'NONE',  ( -32.17540977655791323, 0.000000000000000000, -1.500000000000004219 ) ) ;
#349 = EDGE_CURVE ( 'NONE', #57, #1206, #621, .T. ) ;
#350 = FACE_OUTER_BOUND ( 'NONE', #1013, .T. ) ;
#351 = CYLINDRICAL_SURFACE ( 'NONE', #141, 1.000000000000000000 ) ;
#352 = LINE ( 'NONE', #470, #1783 ) ;
#353 = PRESENTATION_LAYER_ASSIGNMENT (  '', '', ( #1154 ) ) ;
#354 = SURFACE_STYLE_USAGE ( .BOTH. , #1764 ) ;
#355 = VECTOR ( 'NONE', #397, 1000.000000000000000 ) ;
#356 = ORIENTED_EDGE ( 'NONE', *, *, #929, .F. ) ;
#357 = DIRECTION ( 'NONE',  ( 0.000000000000000000, 0.000000000000000000, -1.000000000000000000 ) ) ;
#358 = VECTOR ( 'NONE', #128, 1000.000000000000000 ) ;
#359 = VERTEX_POINT ( 'NONE', #1707 ) ;
#360 = VECTOR ( 'NONE', #871, 1000.000000000000000 ) ;
#361 = DIRECTION ( 'NONE',  ( 0.000000000000000000, 1.000000000000000000, 0.000000000000000000 ) ) ;
#362 = AXIS2_PLACEMENT_3D ( 'NONE', #559, #969, #1407 ) ;
#363 = DIRECTION ( 'NONE',  ( -1.000000000000000000, 0.000000000000000000, 0.000000000000000000 ) ) ;
#364 = CARTESIAN_POINT ( 'NONE',  ( -41.00000000000000000, 0.000000000000000000, 0.000000000000000000 ) ) ;
#365 = ORIENTED_EDGE ( 'NONE', *, *, #1184, .F. ) ;
#366 = FACE_OUTER_BOUND ( 'NONE', #860, .T. ) ;
#367 = VERTEX_POINT ( 'NONE', #1687 ) ;
#368 = DIRECTION ( 'NONE',  ( 1.000000000000000000, 0.000000000000000000, 0.000000000000000000 ) ) ;
#369 = ORIENTED_EDGE ( 'NONE', *, *, #655, .T. ) ;
#370 = EDGE_CURVE ( 'NONE', #1703, #1398, #821, .T. ) ;
#371 = LINE ( 'NONE', #348, #1036 ) ;
#372 = DIRECTION ( 'NONE',  ( -0.000000000000000000, -0.000000000000000000, -1.000000000000000000 ) ) ;
#373 = PLANE ( 'NONE',  #231 ) ;
#374 = CARTESIAN_POINT ( 'NONE',  ( 33.31594320203569737, 0.000000000000000000, -0.5000000000000038858 ) ) ;
#375 = CARTESIAN_POINT ( 'NONE',  ( -34.17540977655791323, 4.000000000000000000, 0.000000000000000000 ) ) ;
#376 = VERTEX_POINT ( 'NONE', #410 ) ;
#377 = ADVANCED_FACE ( 'NONE', ( #963 ), #1269, .T. ) ;
#378 = DIRECTION ( 'NONE',  ( 7.696088050421659362E-18, 0.000000000000000000, -1.000000000000000000 ) ) ;
#379 = ORIENTED_EDGE ( 'NONE', *, *, #1228, .F. ) ;
#380 = CARTESIAN_POINT ( 'NONE',  ( -32.17540977655791323, 0.000000000000000000, -0.5000000000000041078 ) ) ;
#381 = EDGE_CURVE ( 'NONE', #1024, #1316, #973, .T. ) ;
#382 = CYLINDRICAL_SURFACE ( 'NONE', #1303, 2.000000000000000444 ) ;
#383 = CARTESIAN_POINT ( 'NONE',  ( -42.50000000000000000, 4.000000000000000000, -4.499999999999992006 ) ) ;
#384 = DIRECTION ( 'NONE',  ( -1.000000000000000000, 0.000000000000000000, 0.000000000000000000 ) ) ;
#385 = CARTESIAN_POINT ( 'NONE',  ( -6.000000000000000000, 3.000000000000000000, 1.500000000000006439 ) ) ;
#386 = EDGE_CURVE ( 'NONE', #560, #1255, #909, .T. ) ;
#387 = CIRCLE ( 'NONE', #1431, 1.750000000000003553 ) ;
#388 = FACE_OUTER_BOUND ( 'NONE', #182, .T. ) ;
#389 = ORIENTED_EDGE ( 'NONE', *, *, #861, .T. ) ;
#390 = AXIS2_PLACEMENT_3D ( 'NONE', #1791, #1237, #1798 ) ;
#391 = CARTESIAN_POINT ( 'NONE',  ( -44.50000000000000711, 0.000000000000000000, -2.499999999999992450 ) ) ;
#392 = AXIS2_PLACEMENT_3D ( 'NONE', #1207, #1766, #214 ) ;
#393 = CARTESIAN_POINT ( 'NONE',  ( -42.50000000000000000, 4.000000000000000000, -4.499999999999992006 ) ) ;
#394 = AXIS2_PLACEMENT_3D ( 'NONE', #764, #745, #606 ) ;
#395 = CARTESIAN_POINT ( 'NONE',  ( 6.000000000000000000, 1.000000000000000000, -1.500000000000003997 ) ) ;
#396 = DIRECTION ( 'NONE',  ( -0.000000000000000000, -0.000000000000000000, -1.000000000000000000 ) ) ;
#397 = DIRECTION ( 'NONE',  ( -0.000000000000000000, -0.000000000000000000, -1.000000000000000000 ) ) ;
#398 = DIRECTION ( 'NONE',  ( -0.000000000000000000, 1.000000000000000000, -0.000000000000000000 ) ) ;
#399 = ORIENTED_EDGE ( 'NONE', *, *, #4, .F. ) ;
#400 = CARTESIAN_POINT ( 'NONE',  ( -32.17540977655791323, 0.000000000000000000, 0.5000000000000065503 ) ) ;
#401 = CARTESIAN_POINT ( 'NONE',  ( 44.49999999999999289, 4.000000000000000000, -4.500000000000003553 ) ) ;
#402 = DIRECTION ( 'NONE',  ( 0.000000000000000000, -0.000000000000000000, 1.000000000000000000 ) ) ;
#403 = FACE_OUTER_BOUND ( 'NONE', #948, .T. ) ;
#404 = VERTEX_POINT ( 'NONE', #842 ) ;
#405 = DIRECTION ( 'NONE',  ( 1.000000000000000000, 0.000000000000000000, -7.938237127427512632E-18 ) ) ;
#406 = ORIENTED_EDGE ( 'NONE', *, *, #1312, .F. ) ;
#407 = CARTESIAN_POINT ( 'NONE',  ( 4.000000000000000000, 4.000000000000000000, 0.5000000000000067724 ) ) ;
#408 = CARTESIAN_POINT ( 'NONE',  ( -42.50000000000000000, 4.000000000000000000, 4.500000000000006217 ) ) ;
#409 = ORIENTED_EDGE ( 'NONE', *, *, #807, .F. ) ;
#410 = CARTESIAN_POINT ( 'NONE',  ( -34.17540977655791323, 0.000000000000000000, 0.5000000000000065503 ) ) ;
#411 = EDGE_CURVE ( 'NONE', #131, #1249, #941, .T. ) ;
#412 = DIRECTION ( 'NONE',  ( 0.000000000000000000, 0.000000000000000000, -1.000000000000000000 ) ) ;
#413 = ORIENTED_EDGE ( 'NONE', *, *, #1228, .T. ) ;
#414 = CIRCLE ( 'NONE', #1217, 1.999999999999999556 ) ;
#415 = PLANE ( 'NONE',  #854 ) ;
#416 = AXIS2_PLACEMENT_3D ( 'NONE', #1500, #363, #1799 ) ;
#417 = EDGE_LOOP ( 'NONE', ( #1291, #1304, #26, #1505 ) ) ;
#418 = AXIS2_PLACEMENT_3D ( 'NONE', #1309, #752, #23 ) ;
#419 = LINE ( 'NONE', #982, #260 ) ;
#420 = LINE ( 'NONE', #444, #859 ) ;
#421 = CIRCLE ( 'NONE', #915, 1.000000000000000000 ) ;
#422 = ORIENTED_EDGE ( 'NONE', *, *, #955, .F. ) ;
#423 = AXIS2_PLACEMENT_3D ( 'NONE', #1397, #843, #1425 ) ;
#424 = VECTOR ( 'NONE', #1429, 1000.000000000000000 ) ;
#425 = DIRECTION ( 'NONE',  ( -0.000000000000000000, 1.000000000000000000, -0.000000000000000000 ) ) ;
#426 = ORIENTED_EDGE ( 'NONE', *, *, #649, .F. ) ;
#427 = DIRECTION ( 'NONE',  ( -0.000000000000000000, -0.000000000000000000, -1.000000000000000000 ) ) ;
#428 = ORIENTED_EDGE ( 'NONE', *, *, #726, .T. ) ;
#429 = DIRECTION ( 'NONE',  ( 0.000000000000000000, 0.000000000000000000, -1.000000000000000000 ) ) ;
#430 = APPLICATION_CONTEXT ( 'automotive_design' ) ;
#431 = ORIENTED_EDGE ( 'NONE', *, *, #270, .T. ) ;
#432 = DIRECTION ( 'NONE',  ( 1.000000000000000000, -0.000000000000000000, -1.266932875713398407E-16 ) ) ;
#433 = DIRECTION ( 'NONE',  ( -1.000000000000000000, -0.000000000000000000, -0.000000000000000000 ) ) ;
#434 = ORIENTED_EDGE ( 'NONE', *, *, #1708, .F. ) ;
#435 = DIRECTION ( 'NONE',  ( -0.000000000000000000, -0.000000000000000000, -1.000000000000000000 ) ) ;
#436 =( LENGTH_UNIT ( ) NAMED_UNIT ( * ) SI_UNIT ( .MILLI., .METRE. ) );
#437 = EDGE_CURVE ( 'NONE', #631, #57, #81, .T. ) ;
#438 = ORIENTED_EDGE ( 'NONE', *, *, #1797, .T. ) ;
#439 = ORIENTED_EDGE ( 'NONE', *, *, #1652, .F. ) ;
#440 = DIRECTION ( 'NONE',  ( -0.000000000000000000, 0.000000000000000000, -1.000000000000000000 ) ) ;
#441 = ORIENTED_EDGE ( 'NONE', *, *, #349, .T. ) ;
#442 = CARTESIAN_POINT ( 'NONE',  ( 44.49999999999999289, 4.000000000000000000, 2.499999999999995115 ) ) ;
#443 = VECTOR ( 'NONE', #432, 1000.000000000000000 ) ;
#444 = CARTESIAN_POINT ( 'NONE',  ( 6.000000000000000000, 4.000000000000000000, 1.500000000000006661 ) ) ;
#445 = ORIENTED_EDGE ( 'NONE', *, *, #1346, .T. ) ;
#446 = AXIS2_PLACEMENT_3D ( 'NONE', #477, #1460, #1741 ) ;
#447 = AXIS2_PLACEMENT_3D ( 'NONE', #1326, #610, #1166 ) ;
#448 = AXIS2_PLACEMENT_3D ( 'NONE', #364, #241, #647 ) ;
#449 = ORIENTED_EDGE ( 'NONE', *, *, #306, .T. ) ;
#450 = DIRECTION ( 'NONE',  ( 0.000000000000000000, 0.000000000000000000, -1.000000000000000000 ) ) ;
#451 = ORIENTED_EDGE ( 'NONE', *, *, #1613, .F. ) ;
#452 = FACE_OUTER_BOUND ( 'NONE', #143, .T. ) ;
#453 = APPLICATION_PROTOCOL_DEFINITION ( 'draft international standard', 'automotive_design', 1998, #1540 ) ;
#454 = ORIENTED_EDGE ( 'NONE', *, *, #527, .F. ) ;
#455 = ORIENTED_EDGE ( 'NONE', *, *, #1557, .T. ) ;
#456 = DIRECTION ( 'NONE',  ( 0.000000000000000000, 0.000000000000000000, 1.000000000000000000 ) ) ;
#457 = EDGE_LOOP ( 'NONE', ( #338, #893, #1747, #173 ) ) ;
#458 = CYLINDRICAL_SURFACE ( 'NONE', #1077, 1.750000000000003553 ) ;
#459 = CARTESIAN_POINT ( 'NONE',  ( -41.00000000000000000, 4.000000000000000000, 1.750000000000003553 ) ) ;
#460 = DIRECTION ( 'NONE',  ( 0.000000000000000000, 0.000000000000000000, -1.000000000000000000 ) ) ;
#461 = EDGE_CURVE ( 'NONE', #1594, #1118, #547, .T. ) ;
#462 = DIRECTION ( 'NONE',  ( 0.000000000000000000, 0.000000000000000000, -1.000000000000000000 ) ) ;
#463 = EDGE_LOOP ( 'NONE', ( #11, #746, #580, #454 ) ) ;
#464 = DIRECTION ( 'NONE',  ( -1.000000000000000000, 0.000000000000000000, 0.000000000000000000 ) ) ;
#465 = EDGE_LOOP ( 'NONE', ( #1059, #485, #668, #874 ) ) ;
#466 = DIRECTION ( 'NONE',  ( 0.000000000000000000, 0.000000000000000000, -1.000000000000000000 ) ) ;
#467 = VECTOR ( 'NONE', #744, 1000.000000000000000 ) ;
#468 = LINE ( 'NONE', #870, #972 ) ;
#469 = CIRCLE ( 'NONE', #1338, 2.000000000000000000 ) ;
#470 = CARTESIAN_POINT ( 'NONE',  ( 44.49999999999999289, 0.000000000000000000, -4.500000000000003553 ) ) ;
#471 = AXIS2_PLACEMENT_3D ( 'NONE', #53, #216, #803 ) ;
#472 = CYLINDRICAL_SURFACE ( 'NONE', #1029, 1.000000000000000000 ) ;
#473 = VECTOR ( 'NONE', #890, 1000.000000000000000 ) ;
#474 = ORIENTED_EDGE ( 'NONE', *, *, #499, .F. ) ;
#475 = AXIS2_PLACEMENT_3D ( 'NONE', #1368, #799, #1481 ) ;
#476 = VECTOR ( 'NONE', #1501, 1000.000000000000000 ) ;
#477 = CARTESIAN_POINT ( 'NONE',  ( -41.00000000000000000, 0.000000000000000000, 0.000000000000000000 ) ) ;
#478 = ADVANCED_FACE ( 'NONE', ( #1681 ), #563, .T. ) ;
#479 = CYLINDRICAL_SURFACE ( 'NONE', #534, 1.000000000000000000 ) ;
#480 = CYLINDRICAL_SURFACE ( 'NONE', #1490, 1.750000000000003553 ) ;
#481 = ORIENTED_EDGE ( 'NONE', *, *, #1177, .T. ) ;
#482 = FILL_AREA_STYLE ('',( #1205 ) ) ;
#483 = ORIENTED_EDGE ( 'NONE', *, *, #1536, .F. ) ;
#484 = FACE_OUTER_BOUND ( 'NONE', #463, .T. ) ;
#485 = ORIENTED_EDGE ( 'NONE', *, *, #107, .F. ) ;
#486 = FACE_OUTER_BOUND ( 'NONE', #1710, .T. ) ;
#487 = DIRECTION ( 'NONE',  ( 0.000000000000000000, 0.000000000000000000, 1.000000000000000000 ) ) ;
#488 = DIRECTION ( 'NONE',  ( 0.000000000000000000, -1.000000000000000000, 0.000000000000000000 ) ) ;
#489 = CARTESIAN_POINT ( 'NONE',  ( 31.31594320203569382, 0.000000000000000000, -0.5000000000000038858 ) ) ;
#490 = ORIENTED_EDGE ( 'NONE', *, *, #270, .F. ) ;
#491 = DIRECTION ( 'NONE',  ( 0.000000000000000000, 1.000000000000000000, 0.000000000000000000 ) ) ;
#492 = ORIENTED_EDGE ( 'NONE', *, *, #703, .F. ) ;
#493 = CARTESIAN_POINT ( 'NONE',  ( 5.000000000000000000, 3.000000000000000000, 0.5000000000000067724 ) ) ;
#494 = VERTEX_POINT ( 'NONE', #240 ) ;
#495 = CARTESIAN_POINT ( 'NONE',  ( 42.49999999999998579, 0.000000000000000000, 2.499999999999995115 ) ) ;
#496 = DIRECTION ( 'NONE',  ( 0.000000000000000000, 0.000000000000000000, 1.000000000000000000 ) ) ;
#497 = FACE_OUTER_BOUND ( 'NONE', #980, .T. ) ;
#498 = DIRECTION ( 'NONE',  ( 1.000000000000000000, 0.000000000000000000, 0.000000000000000000 ) ) ;
#499 = EDGE_CURVE ( 'NONE', #1491, #919, #1129, .T. ) ;
#500 = ORIENTED_EDGE ( 'NONE', *, *, #135, .T. ) ;
#501 = CIRCLE ( 'NONE', #733, 1.000000000000000000 ) ;
#502 = CARTESIAN_POINT ( 'NONE',  ( 6.000000000000000000, 4.000000000000000000, 0.5000000000000067724 ) ) ;
#503 = AXIS2_PLACEMENT_3D ( 'NONE', #273, #1145, #1138 ) ;
#504 = EDGE_CURVE ( 'NONE', #1627, #305, #1072, .T. ) ;
#505 = ORIENTED_EDGE ( 'NONE', *, *, #288, .T. ) ;
#506 = TOROIDAL_SURFACE ( 'NONE', #418, 2.000000000000000000, 1.000000000000000000 ) ;
#507 = CARTESIAN_POINT ( 'NONE',  ( 32.31594320203569026, 0.000000000000000000, -1.500000000000003997 ) ) ;
#508 = AXIS2_PLACEMENT_3D ( 'NONE', #1272, #670, #553 ) ;
#509 = ORIENTED_EDGE ( 'NONE', *, *, #1371, .F. ) ;
#510 = AXIS2_PLACEMENT_3D ( 'NONE', #25, #1331, #462 ) ;
#511 = DIRECTION ( 'NONE',  ( 0.000000000000000000, 0.000000000000000000, 1.000000000000000000 ) ) ;
#512 = AXIS2_PLACEMENT_3D ( 'NONE', #1275, #1146, #566 ) ;
#513 = CARTESIAN_POINT ( 'NONE',  ( 31.31594320203569382, 4.000000000000000000, 0.5000000000000065503 ) ) ;
#514 = DIRECTION ( 'NONE',  ( 1.000000000000000000, 0.000000000000000000, 0.000000000000000000 ) ) ;
#515 = SURFACE_STYLE_FILL_AREA ( #482 ) ;
#516 = ORIENTED_EDGE ( 'NONE', *, *, #1284, .T. ) ;
#517 = CARTESIAN_POINT ( 'NONE',  ( 33.31594320203569737, 3.000000000000000000, 0.5000000000000065503 ) ) ;
#518 = VERTEX_POINT ( 'NONE', #1792 ) ;
#519 = EDGE_CURVE ( 'NONE', #59, #1466, #1219, .T. ) ;
#520 = DIRECTION ( 'NONE',  ( -0.000000000000000000, -1.000000000000000000, 0.000000000000000000 ) ) ;
#521 = DIRECTION ( 'NONE',  ( 0.000000000000000000, 0.000000000000000000, -1.000000000000000000 ) ) ;
#522 = CARTESIAN_POINT ( 'NONE',  ( 33.31594320203569737, 3.000000000000000000, -0.5000000000000038858 ) ) ;
#523 = ADVANCED_FACE ( 'NONE', ( #1781 ), #226, .T. ) ;
#524 = CARTESIAN_POINT ( 'NONE',  ( -41.00000000000000000, 4.000000000000000000, 0.000000000000000000 ) ) ;
#525 = VERTEX_POINT ( 'NONE', #1375 ) ;
#526 = LINE ( 'NONE', #1662, #1162 ) ;
#527 = EDGE_CURVE ( 'NONE', #1314, #1627, #1483, .T. ) ;
#528 = VERTEX_POINT ( 'NONE', #1659 ) ;
#529 = CARTESIAN_POINT ( 'NONE',  ( -33.17540977655791323, 4.000000000000000000, -0.5000000000000041078 ) ) ;
#530 = CARTESIAN_POINT ( 'NONE',  ( -5.000000000000000000, 3.000000000000000000, 0.5000000000000065503 ) ) ;
#531 = DIRECTION ( 'NONE',  ( -0.000000000000000000, 1.000000000000000000, -0.000000000000000000 ) ) ;
#532 = DIRECTION ( 'NONE',  ( 0.000000000000000000, 0.000000000000000000, -1.000000000000000000 ) ) ;
#533 = VERTEX_POINT ( 'NONE', #395 ) ;
#534 = AXIS2_PLACEMENT_3D ( 'NONE', #217, #959, #1071 ) ;
#535 = AXIS2_PLACEMENT_3D ( 'NONE', #960, #1685, #1541 ) ;
#536 = DIRECTION ( 'NONE',  ( 0.000000000000000000, 1.000000000000000000, 0.000000000000000000 ) ) ;
#537 = ORIENTED_EDGE ( 'NONE', *, *, #837, .F. ) ;
#538 = CIRCLE ( 'NONE', #1605, 2.000000000000000444 ) ;
#539 = VECTOR ( 'NONE', #427, 1000.000000000000000 ) ;
#540 = CIRCLE ( 'NONE', #1584, 1.000000000000000000 ) ;
#541 = ADVANCED_FACE ( 'NONE', ( #1211 ), #1603, .T. ) ;
#542 = DIRECTION ( 'NONE',  ( 0.000000000000000000, 0.000000000000000000, -1.000000000000000000 ) ) ;
#543 = ADVANCED_FACE ( 'NONE', ( #1770, #1394, #105, #1092, #1507 ), #86, .F. ) ;
#544 = DIRECTION ( 'NONE',  ( 0.000000000000000000, 0.000000000000000000, -1.000000000000000000 ) ) ;
#545 = AXIS2_PLACEMENT_3D ( 'NONE', #1151, #262, #1415 ) ;
#546 = ADVANCED_FACE ( 'NONE', ( #74 ), #938, .T. ) ;
#547 = LINE ( 'NONE', #1115, #443 ) ;
#548 = ADVANCED_FACE ( 'NONE', ( #497 ), #373, .F. ) ;
#549 = EDGE_CURVE ( 'NONE', #213, #311, #469, .T. ) ;
#550 = LINE ( 'NONE', #1270, #1010 ) ;
#551 = VERTEX_POINT ( 'NONE', #952 ) ;
#552 = EDGE_CURVE ( 'NONE', #551, #1039, #616, .T. ) ;
#553 = DIRECTION ( 'NONE',  ( 0.000000000000000000, 0.000000000000000000, -1.000000000000000000 ) ) ;
#554 = ORIENTED_EDGE ( 'NONE', *, *, #726, .F. ) ;
#555 = DIRECTION ( 'NONE',  ( 0.000000000000000000, -1.000000000000000000, 0.000000000000000000 ) ) ;
#556 = DIRECTION ( 'NONE',  ( -0.000000000000000000, -0.000000000000000000, 1.000000000000000000 ) ) ;
#557 = EDGE_LOOP ( 'NONE', ( #1834, #602, #1369, #1622, #995, #500, #1534, #1087 ) ) ;
#558 = FACE_OUTER_BOUND ( 'NONE', #1472, .T. ) ;
#559 = CARTESIAN_POINT ( 'NONE',  ( 31.31594320203569382, 1.000000000000000000, 0.5000000000000065503 ) ) ;
#560 = VERTEX_POINT ( 'NONE', #1532 ) ;
#561 = CARTESIAN_POINT ( 'NONE',  ( -32.17540977655791323, 0.000000000000000000, -2.500000000000003997 ) ) ;
#562 = VERTEX_POINT ( 'NONE', #383 ) ;
#563 = TOROIDAL_SURFACE ( 'NONE', #1746, 2.000000000000000000, 1.000000000000000000 ) ;
#564 = VECTOR ( 'NONE', #1617, 1000.000000000000000 ) ;
#565 = CARTESIAN_POINT ( 'NONE',  ( -33.17540977655791323, 3.000000000000000000, 2.500000000000006661 ) ) ;
#566 = DIRECTION ( 'NONE',  ( 0.000000000000000000, 0.000000000000000000, -1.000000000000000000 ) ) ;
#567 = CIRCLE ( 'NONE', #1134, 2.000000000000000000 ) ;
#568 = VERTEX_POINT ( 'NONE', #1231 ) ;
#569 = DIRECTION ( 'NONE',  ( 0.000000000000000000, 0.000000000000000000, 1.000000000000000000 ) ) ;
#570 = FACE_OUTER_BOUND ( 'NONE', #417, .T. ) ;
#571 = ORIENTED_EDGE ( 'NONE', *, *, #862, .T. ) ;
#572 = DIRECTION ( 'NONE',  ( 0.000000000000000000, 0.000000000000000000, -1.000000000000000000 ) ) ;
#573 = DIRECTION ( 'NONE',  ( 0.000000000000000000, 0.000000000000000000, 1.000000000000000000 ) ) ;
#574 = ORIENTED_EDGE ( 'NONE', *, *, #284, .T. ) ;
#575 = ORIENTED_EDGE ( 'NONE', *, *, #288, .F. ) ;
#576 = ADVANCED_FACE ( 'NONE', ( #812 ), #351, .F. ) ;
#577 = CARTESIAN_POINT ( 'NONE',  ( -44.50000000000000711, 4.000000000000000000, 2.500000000000005773 ) ) ;
#578 = DIRECTION ( 'NONE',  ( 1.000000000000000000, 0.000000000000000000, -1.364389250768275340E-16 ) ) ;
#579 =( NAMED_UNIT ( * ) PLANE_ANGLE_UNIT ( ) SI_UNIT ( $, .RADIAN. ) );
#580 = ORIENTED_EDGE ( 'NONE', *, *, #504, .F. ) ;
#581 = CARTESIAN_POINT ( 'NONE',  ( 0.000000000000000000, 0.000000000000000000, 0.000000000000000000 ) ) ;
#582 = ORIENTED_EDGE ( 'NONE', *, *, #152, .T. ) ;
#583 = DIRECTION ( 'NONE',  ( -0.000000000000000000, 1.000000000000000000, -0.000000000000000000 ) ) ;
#584 = EDGE_LOOP ( 'NONE', ( #1717, #1159, #1620, #1479 ) ) ;
#585 = CIRCLE ( 'NONE', #762, 1.000000000000000000 ) ;
#586 = DIRECTION ( 'NONE',  ( 0.000000000000000000, 0.000000000000000000, 1.000000000000000000 ) ) ;
#587 = ORIENTED_EDGE ( 'NONE', *, *, #990, .F. ) ;
#588 = CIRCLE ( 'NONE', #508, 2.000000000000000000 ) ;
#589 = ADVANCED_FACE ( 'NONE', ( #1354 ), #280, .T. ) ;
#590 = CIRCLE ( 'NONE', #1606, 1.000000000000000888 ) ;
#591 = EDGE_CURVE ( 'NONE', #1011, #723, #1666, .T. ) ;
#592 =( GEOMETRIC_REPRESENTATION_CONTEXT ( 3 ) GLOBAL_UNCERTAINTY_ASSIGNED_CONTEXT ( ( #1045 ) ) GLOBAL_UNIT_ASSIGNED_CONTEXT ( ( #436, #579, #721 ) ) REPRESENTATION_CONTEXT ( 'NONE', 'WORKASPACE' ) );
#593 = ORIENTED_EDGE ( 'NONE', *, *, #769, .T. ) ;
#594 = CARTESIAN_POINT ( 'NONE',  ( -34.17540977655791323, 3.000000000000000000, 0.5000000000000065503 ) ) ;
#595 = ADVANCED_FACE ( 'NONE', ( #686 ), #1831, .T. ) ;
#596 = ORIENTED_EDGE ( 'NONE', *, *, #1180, .F. ) ;
#597 = CARTESIAN_POINT ( 'NONE',  ( 41.00000000000000000, 0.000000000000000000, 0.000000000000000000 ) ) ;
#598 = CARTESIAN_POINT ( 'NONE',  ( -32.17540977655791323, 3.000000000000000000, -0.5000000000000041078 ) ) ;
#599 = CYLINDRICAL_SURFACE ( 'NONE', #1107, 1.000000000000000000 ) ;
#600 = ADVANCED_FACE ( 'NONE', ( #558 ), #713, .F. ) ;
#601 = ORIENTED_EDGE ( 'NONE', *, *, #644, .F. ) ;
#602 = ORIENTED_EDGE ( 'NONE', *, *, #1097, .T. ) ;
#603 = ORIENTED_EDGE ( 'NONE', *, *, #1720, .F. ) ;
#604 = DIRECTION ( 'NONE',  ( 7.696088050421660902E-18, 0.000000000000000000, -1.000000000000000000 ) ) ;
#605 = CARTESIAN_POINT ( 'NONE',  ( 6.000000000000000000, 3.000000000000000000, -1.500000000000003997 ) ) ;
#606 = DIRECTION ( 'NONE',  ( 0.000000000000000000, 0.000000000000000000, 1.000000000000000000 ) ) ;
#607 = ORIENTED_EDGE ( 'NONE', *, *, #381, .T. ) ;
#608 = PLANE ( 'NONE',  #1829 ) ;
#609 = ORIENTED_EDGE ( 'NONE', *, *, #771, .T. ) ;
#610 = DIRECTION ( 'NONE',  ( 0.000000000000000000, -1.000000000000000000, 0.000000000000000000 ) ) ;
#611 = EDGE_CURVE ( 'NONE', #275, #741, #1636, .T. ) ;
#612 = ORIENTED_EDGE ( 'NONE', *, *, #370, .F. ) ;
#613 = DIRECTION ( 'NONE',  ( 1.000000000000000000, 0.000000000000000000, 7.696088050421659362E-18 ) ) ;
#614 = CLOSED_SHELL ( 'NONE', ( #1523, #1124, #543, #206, #548, #1401, #673, #834, #977, #92, #130, #1089, #1389, #272, #1499, #999, #971, #1200, #225, #1260, #1046, #922, #249, #1256, #1267, #1671, #576, #964, #600, #1399, #97, #1641, #669, #1386, #541, #1423, #1317, #595, #1514, #1292, #1786, #377, #121, #1830, #1111, #523, #1677, #546, #235, #589, #1440, #754, #620, #478, #1721, #900, #747, #1512, #229, #27, #296, #10 ) ) ;
#615 = CARTESIAN_POINT ( 'NONE',  ( -34.17540977655791323, 1.000000000000000000, 0.000000000000000000 ) ) ;
#616 = CIRCLE ( 'NONE', #1156, 1.000000000000000000 ) ;
#617 = DIRECTION ( 'NONE',  ( 0.000000000000000000, -1.000000000000000000, -0.000000000000000000 ) ) ;
#618 = ORIENTED_EDGE ( 'NONE', *, *, #1704, .T. ) ;
#619 = AXIS2_PLACEMENT_3D ( 'NONE', #831, #435, #968 ) ;
#620 = ADVANCED_FACE ( 'NONE', ( #132 ), #15, .T. ) ;
#621 = LINE ( 'NONE', #265, #707 ) ;
#622 = VERTEX_POINT ( 'NONE', #1713 ) ;
#623 = CIRCLE ( 'NONE', #21, 1.000000000000000000 ) ;
#624 = DIRECTION ( 'NONE',  ( 0.000000000000000000, 0.000000000000000000, -1.000000000000000000 ) ) ;
#625 = ORIENTED_EDGE ( 'NONE', *, *, #1573, .F. ) ;
#626 = PLANE ( 'NONE',  #913 ) ;
#627 = FACE_OUTER_BOUND ( 'NONE', #13, .T. ) ;
#628 = CARTESIAN_POINT ( 'NONE',  ( -33.17540977655791323, 3.000000000000000000, -0.5000000000000041078 ) ) ;
#629 = ORIENTED_EDGE ( 'NONE', *, *, #758, .F. ) ;
#630 = DIRECTION ( 'NONE',  ( 0.000000000000000000, 0.000000000000000000, 1.000000000000000000 ) ) ;
#631 = VERTEX_POINT ( 'NONE', #819 ) ;
#632 = LINE ( 'NONE', #918, #295 ) ;
#633 = EDGE_LOOP ( 'NONE', ( #1055, #1337, #1096, #1474 ) ) ;
#634 = EDGE_CURVE ( 'NONE', #919, #741, #1679, .T. ) ;
#635 = DIRECTION ( 'NONE',  ( -0.000000000000000000, 1.000000000000000000, -0.000000000000000000 ) ) ;
#636 = CARTESIAN_POINT ( 'NONE',  ( -5.000000000000000000, 4.000000000000000000, 0.5000000000000065503 ) ) ;
#637 = DIRECTION ( 'NONE',  ( -0.000000000000000000, 1.000000000000000000, -0.000000000000000000 ) ) ;
#638 = DIRECTION ( 'NONE',  ( 0.000000000000000000, 0.000000000000000000, -1.000000000000000000 ) ) ;
#639 = ORIENTED_EDGE ( 'NONE', *, *, #1458, .F. ) ;
#640 = DIRECTION ( 'NONE',  ( 0.000000000000000000, 0.000000000000000000, 1.000000000000000000 ) ) ;
#641 = VERTEX_POINT ( 'NONE', #407 ) ;
#642 = CARTESIAN_POINT ( 'NONE',  ( 6.000000000000000000, 1.000000000000000000, 0.5000000000000067724 ) ) ;
#643 = ORIENTED_EDGE ( 'NONE', *, *, #840, .F. ) ;
#644 = EDGE_CURVE ( 'NONE', #345, #1398, #538, .T. ) ;
#645 = LINE ( 'NONE', #82, #1104 ) ;
#646 = DIRECTION ( 'NONE',  ( -0.000000000000000000, 1.000000000000000000, 0.000000000000000000 ) ) ;
#647 = DIRECTION ( 'NONE',  ( 0.000000000000000000, 0.000000000000000000, 1.000000000000000000 ) ) ;
#648 = ORIENTED_EDGE ( 'NONE', *, *, #924, .F. ) ;
#649 = EDGE_CURVE ( 'NONE', #518, #1332, #1748, .T. ) ;
#650 = VECTOR ( 'NONE', #1705, 1000.000000000000000 ) ;
#651 = DIRECTION ( 'NONE',  ( 0.000000000000000000, -1.000000000000000000, 0.000000000000000000 ) ) ;
#652 = VERTEX_POINT ( 'NONE', #996 ) ;
#653 = AXIS2_PLACEMENT_3D ( 'NONE', #667, #1252, #1815 ) ;
#654 = LINE ( 'NONE', #663, #709 ) ;
#655 = EDGE_CURVE ( 'NONE', #1759, #1695, #855, .T. ) ;
#656 = CIRCLE ( 'NONE', #1227, 1.000000000000000888 ) ;
#657 = CARTESIAN_POINT ( 'NONE',  ( -4.000000000000000000, 1.000000000000000000, 0.000000000000000000 ) ) ;
#658 = DIRECTION ( 'NONE',  ( 0.000000000000000000, -1.000000000000000000, 0.000000000000000000 ) ) ;
#659 = DIRECTION ( 'NONE',  ( -1.000000000000000000, 0.000000000000000000, 0.000000000000000000 ) ) ;
#660 = ORIENTED_EDGE ( 'NONE', *, *, #1202, .T. ) ;
#661 = CARTESIAN_POINT ( 'NONE',  ( 41.00000000000000000, 4.000000000000000000, 1.750000000000003553 ) ) ;
#662 = ORIENTED_EDGE ( 'NONE', *, *, #1400, .F. ) ;
#663 = CARTESIAN_POINT ( 'NONE',  ( 6.000000000000000000, 0.000000000000000000, -1.500000000000003997 ) ) ;
#664 = EDGE_CURVE ( 'NONE', #560, #1316, #701, .T. ) ;
#665 = DIRECTION ( 'NONE',  ( 0.000000000000000000, 0.000000000000000000, -1.000000000000000000 ) ) ;
#666 = DIRECTION ( 'NONE',  ( 0.000000000000000000, -1.000000000000000000, 0.000000000000000000 ) ) ;
#667 = CARTESIAN_POINT ( 'NONE',  ( 5.000000000000000000, 3.000000000000000000, -2.500000000000003997 ) ) ;
#668 = ORIENTED_EDGE ( 'NONE', *, *, #1535, .F. ) ;
#669 = ADVANCED_FACE ( 'NONE', ( #252 ), #17, .T. ) ;
#670 = DIRECTION ( 'NONE',  ( 0.000000000000000000, -1.000000000000000000, 0.000000000000000000 ) ) ;
#671 = LINE ( 'NONE', #1245, #1832 ) ;
#672 = EDGE_CURVE ( 'NONE', #759, #77, #720, .T. ) ;
#673 = ADVANCED_FACE ( 'NONE', ( #1547 ), #839, .F. ) ;
#674 = DIRECTION ( 'NONE',  ( 1.000000000000000000, -0.000000000000000000, -0.000000000000000000 ) ) ;
#675 = LINE ( 'NONE', #1670, #476 ) ;
#676 = CARTESIAN_POINT ( 'NONE',  ( 41.00000000000000000, 4.000000000000000000, 0.000000000000000000 ) ) ;
#677 = EDGE_CURVE ( 'NONE', #1249, #131, #83, .T. ) ;
#678 = CIRCLE ( 'NONE', #1186, 2.000000000000000000 ) ;
#679 = DIRECTION ( 'NONE',  ( 0.000000000000000000, 0.000000000000000000, -1.000000000000000000 ) ) ;
#680 = EDGE_LOOP ( 'NONE', ( #1298, #1736, #699, #389 ) ) ;
#681 = CIRCLE ( 'NONE', #1432, 1.000000000000000000 ) ;
#682 = CIRCLE ( 'NONE', #1723, 1.000000000000000000 ) ;
#683 = ORIENTED_EDGE ( 'NONE', *, *, #205, .T. ) ;
#684 = EDGE_CURVE ( 'NONE', #1064, #759, #419, .T. ) ;
#685 = CIRCLE ( 'NONE', #266, 2.000000000000000000 ) ;
#686 = FACE_OUTER_BOUND ( 'NONE', #1513, .T. ) ;
#687 = CARTESIAN_POINT ( 'NONE',  ( 31.31594320203569382, 1.000000000000000000, -0.5000000000000038858 ) ) ;
#688 = DIRECTION ( 'NONE',  ( 0.000000000000000000, 0.000000000000000000, -1.000000000000000000 ) ) ;
#689 = DIRECTION ( 'NONE',  ( -1.000000000000000000, 0.000000000000000000, 1.266932875713398407E-16 ) ) ;
#690 = ORIENTED_EDGE ( 'NONE', *, *, #1404, .T. ) ;
#691 = CARTESIAN_POINT ( 'NONE',  ( -6.000000000000000000, 4.000000000000000000, 2.500000000000006661 ) ) ;
#692 = ORIENTED_EDGE ( 'NONE', *, *, #1557, .F. ) ;
#693 = CARTESIAN_POINT ( 'NONE',  ( 41.00000000000000000, 4.000000000000000000, 0.000000000000000000 ) ) ;
#694 = DIRECTION ( 'NONE',  ( 0.000000000000000000, 0.000000000000000000, -1.000000000000000000 ) ) ;
#695 = ORIENTED_EDGE ( 'NONE', *, *, #1346, .F. ) ;
#696 = CARTESIAN_POINT ( 'NONE',  ( 33.31594320203569737, 1.000000000000000000, 0.000000000000000000 ) ) ;
#697 = CARTESIAN_POINT ( 'NONE',  ( 31.31594320203569382, 4.000000000000000000, -0.5000000000000038858 ) ) ;
#698 = ORIENTED_EDGE ( 'NONE', *, *, #47, .T. ) ;
#699 = ORIENTED_EDGE ( 'NONE', *, *, #729, .T. ) ;
#700 = EDGE_CURVE ( 'NONE', #1332, #1466, #1274, .T. ) ;
#701 = LINE ( 'NONE', #1558, #826 ) ;
#702 = VERTEX_POINT ( 'NONE', #165 ) ;
#703 = EDGE_CURVE ( 'NONE', #533, #1064, #12, .T. ) ;
#704 = DIRECTION ( 'NONE',  ( -0.000000000000000000, 1.000000000000000000, -0.000000000000000000 ) ) ;
#705 = CIRCLE ( 'NONE', #1372, 2.000000000000000000 ) ;
#706 = ORIENTED_EDGE ( 'NONE', *, *, #1315, .F. ) ;
#707 = VECTOR ( 'NONE', #100, 1000.000000000000000 ) ;
#708 = LINE ( 'NONE', #1286, #1640 ) ;
#709 = VECTOR ( 'NONE', #1230, 1000.000000000000000 ) ;
#710 = EDGE_LOOP ( 'NONE', ( #38, #970, #127, #603 ) ) ;
#711 = AXIS2_PLACEMENT_3D ( 'NONE', #507, #1335, #1775 ) ;
#712 = EDGE_CURVE ( 'NONE', #303, #77, #681, .T. ) ;
#713 = CYLINDRICAL_SURFACE ( 'NONE', #199, 1.000000000000000000 ) ;
#714 = DIRECTION ( 'NONE',  ( 0.000000000000000000, 0.000000000000000000, -1.000000000000000000 ) ) ;
#715 = VECTOR ( 'NONE', #651, 1000.000000000000000 ) ;
#716 = ORIENTED_EDGE ( 'NONE', *, *, #1807, .T. ) ;
#717 = VECTOR ( 'NONE', #1074, 1000.000000000000000 ) ;
#718 = ORIENTED_EDGE ( 'NONE', *, *, #437, .F. ) ;
#719 = CARTESIAN_POINT ( 'NONE',  ( 42.49999999999998579, 4.000000000000000000, -4.500000000000003553 ) ) ;
#720 = LINE ( 'NONE', #1809, #294 ) ;
#721 =( NAMED_UNIT ( * ) SI_UNIT ( $, .STERADIAN. ) SOLID_ANGLE_UNIT ( ) );
#722 = EDGE_LOOP ( 'NONE', ( #1123, #1057, #1082, #1108 ) ) ;
#723 = VERTEX_POINT ( 'NONE', #1752 ) ;
#724 = CARTESIAN_POINT ( 'NONE',  ( 42.49999999999998579, 4.000000000000000000, 2.499999999999995115 ) ) ;
#725 = ORIENTED_EDGE ( 'NONE', *, *, #729, .F. ) ;
#726 = EDGE_CURVE ( 'NONE', #967, #71, #864, .T. ) ;
#727 = CARTESIAN_POINT ( 'NONE',  ( 42.49999999999998579, 4.000000000000000000, -4.500000000000003553 ) ) ;
#728 = ORIENTED_EDGE ( 'NONE', *, *, #154, .T. ) ;
#729 = EDGE_CURVE ( 'NONE', #275, #1491, #1444, .T. ) ;
#730 = ORIENTED_EDGE ( 'NONE', *, *, #943, .T. ) ;
#731 = CARTESIAN_POINT ( 'NONE',  ( 42.49999999999998579, 0.000000000000000000, 4.499999999999995559 ) ) ;
#732 = VERTEX_POINT ( 'NONE', #442 ) ;
#733 = AXIS2_PLACEMENT_3D ( 'NONE', #134, #763, #33 ) ;
#734 =( GEOMETRIC_REPRESENTATION_CONTEXT ( 3 ) GLOBAL_UNCERTAINTY_ASSIGNED_CONTEXT ( ( #1327 ) ) GLOBAL_UNIT_ASSIGNED_CONTEXT ( ( #914, #1502, #343 ) ) REPRESENTATION_CONTEXT ( 'NONE', 'WORKASPACE' ) );
#735 = CARTESIAN_POINT ( 'NONE',  ( -33.17540977655791323, 0.000000000000000000, 0.5000000000000065503 ) ) ;
#736 = CIRCLE ( 'NONE', #446, 1.750000000000003553 ) ;
#737 = DIRECTION ( 'NONE',  ( 1.000000000000000000, 0.000000000000000000, -7.938237127427512632E-18 ) ) ;
#738 = VECTOR ( 'NONE', #1821, 1000.000000000000000 ) ;
#739 = ORIENTED_EDGE ( 'NONE', *, *, #1712, .T. ) ;
#740 = DIRECTION ( 'NONE',  ( 0.000000000000000000, 0.000000000000000000, 1.000000000000000000 ) ) ;
#741 = VERTEX_POINT ( 'NONE', #1607 ) ;
#742 = CARTESIAN_POINT ( 'NONE',  ( 6.000000000000000000, 3.000000000000000000, -2.500000000000003997 ) ) ;
#743 = ORIENTED_EDGE ( 'NONE', *, *, #1334, .T. ) ;
#744 = DIRECTION ( 'NONE',  ( -0.000000000000000000, -1.000000000000000000, -0.000000000000000000 ) ) ;
#745 = DIRECTION ( 'NONE',  ( -1.000000000000000000, 0.000000000000000000, 0.000000000000000000 ) ) ;
#746 = ORIENTED_EDGE ( 'NONE', *, *, #315, .T. ) ;
#747 = ADVANCED_FACE ( 'NONE', ( #1319 ), #160, .T. ) ;
#748 = FACE_OUTER_BOUND ( 'NONE', #1728, .T. ) ;
#749 = ORIENTED_EDGE ( 'NONE', *, *, #1041, .F. ) ;
#750 = CYLINDRICAL_SURFACE ( 'NONE', #447, 2.000000000000000000 ) ;
#751 = ORIENTED_EDGE ( 'NONE', *, *, #684, .F. ) ;
#752 = DIRECTION ( 'NONE',  ( 0.000000000000000000, -1.000000000000000000, 0.000000000000000000 ) ) ;
#753 = CARTESIAN_POINT ( 'NONE',  ( 44.49999999999999289, 4.000000000000000000, 2.499999999999995115 ) ) ;
#754 = ADVANCED_FACE ( 'NONE', ( #178 ), #506, .T. ) ;
#755 = DIRECTION ( 'NONE',  ( 7.938237127427512632E-18, 0.000000000000000000, 1.000000000000000000 ) ) ;
#756 = ORIENTED_EDGE ( 'NONE', *, *, #1698, .T. ) ;
#757 = FACE_OUTER_BOUND ( 'NONE', #1614, .T. ) ;
#758 = EDGE_CURVE ( 'NONE', #933, #1249, #332, .T. ) ;
#759 = VERTEX_POINT ( 'NONE', #877 ) ;
#760 = FACE_OUTER_BOUND ( 'NONE', #1078, .T. ) ;
#761 = DIRECTION ( 'NONE',  ( -1.000000000000000000, 0.000000000000000000, 0.000000000000000000 ) ) ;
#762 = AXIS2_PLACEMENT_3D ( 'NONE', #1393, #1373, #1403 ) ;
#763 = DIRECTION ( 'NONE',  ( 1.000000000000000000, -0.000000000000000000, -0.000000000000000000 ) ) ;
#764 = CARTESIAN_POINT ( 'NONE',  ( 0.000000000000000000, 1.000000000000000000, 2.500000000000006661 ) ) ;
#765 = EDGE_LOOP ( 'NONE', ( #1152, #850, #1730, #582 ) ) ;
#766 = AXIS2_PLACEMENT_3D ( 'NONE', #1069, #635, #1658 ) ;
#767 = DIRECTION ( 'NONE',  ( 0.000000000000000000, 0.000000000000000000, -1.000000000000000000 ) ) ;
#768 = VECTOR ( 'NONE', #1157, 1000.000000000000000 ) ;
#769 = EDGE_CURVE ( 'NONE', #1314, #1726, #186, .T. ) ;
#770 = VERTEX_POINT ( 'NONE', #304 ) ;
#771 = EDGE_CURVE ( 'NONE', #161, #702, #736, .T. ) ;
#772 = VECTOR ( 'NONE', #433, 1000.000000000000000 ) ;
#773 = FACE_OUTER_BOUND ( 'NONE', #1318, .T. ) ;
#774 = ORIENTED_EDGE ( 'NONE', *, *, #943, .F. ) ;
#775 = DIRECTION ( 'NONE',  ( 0.000000000000000000, -1.000000000000000000, 0.000000000000000000 ) ) ;
#776 = DIRECTION ( 'NONE',  ( -0.000000000000000000, 1.000000000000000000, -0.000000000000000000 ) ) ;
#777 = DIRECTION ( 'NONE',  ( 0.000000000000000000, 0.000000000000000000, -1.000000000000000000 ) ) ;
#778 = CARTESIAN_POINT ( 'NONE',  ( 31.31594320203569382, 0.000000000000000000, 0.5000000000000065503 ) ) ;
#779 = ORIENTED_EDGE ( 'NONE', *, *, #861, .F. ) ;
#780 = EDGE_CURVE ( 'NONE', #1776, #933, #1779, .T. ) ;
#781 = ORIENTED_EDGE ( 'NONE', *, *, #677, .F. ) ;
#782 = CARTESIAN_POINT ( 'NONE',  ( -42.50000000000000000, 4.000000000000000000, 4.500000000000006217 ) ) ;
#783 = EDGE_LOOP ( 'NONE', ( #139, #662 ) ) ;
#784 = FACE_OUTER_BOUND ( 'NONE', #584, .T. ) ;
#785 = LINE ( 'NONE', #104, #14 ) ;
#786 = DIRECTION ( 'NONE',  ( 0.000000000000000000, 0.000000000000000000, 1.000000000000000000 ) ) ;
#787 = CARTESIAN_POINT ( 'NONE',  ( 31.31594320203569382, 3.000000000000000000, 0.5000000000000065503 ) ) ;
#788 = ORIENTED_EDGE ( 'NONE', *, *, #1712, .F. ) ;
#789 = DIRECTION ( 'NONE',  ( -1.000000000000000000, -0.000000000000000000, -0.000000000000000000 ) ) ;
#790 = EDGE_LOOP ( 'NONE', ( #483, #1391, #612, #1136, #1367, #574, #554, #618 ) ) ;
#791 = CYLINDRICAL_SURFACE ( 'NONE', #1524, 1.000000000000000000 ) ;
#792 = DIRECTION ( 'NONE',  ( 0.000000000000000000, 0.000000000000000000, 1.000000000000000000 ) ) ;
#793 = CARTESIAN_POINT ( 'NONE',  ( -4.000000000000000000, 3.000000000000000000, 0.5000000000000065503 ) ) ;
#794 = VECTOR ( 'NONE', #496, 1000.000000000000000 ) ;
#795 = CARTESIAN_POINT ( 'NONE',  ( -34.17540977655791323, 3.000000000000000000, -0.5000000000000041078 ) ) ;
#796 = AXIS2_PLACEMENT_3D ( 'NONE', #1364, #488, #1488 ) ;
#797 = ORIENTED_EDGE ( 'NONE', *, *, #1049, .F. ) ;
#798 = AXIS2_PLACEMENT_3D ( 'NONE', #339, #1300, #586 ) ;
#799 = DIRECTION ( 'NONE',  ( 0.000000000000000000, -1.000000000000000000, 0.000000000000000000 ) ) ;
#800 = AXIS2_PLACEMENT_3D ( 'NONE', #1226, #1197, #1758 ) ;
#801 = EDGE_LOOP ( 'NONE', ( #1052, #817, #1564, #516 ) ) ;
#802 = VECTOR ( 'NONE', #556, 1000.000000000000000 ) ;
#803 = DIRECTION ( 'NONE',  ( 1.000000000000000000, 0.000000000000000000, 0.000000000000000000 ) ) ;
#804 = AXIS2_PLACEMENT_3D ( 'NONE', #281, #133, #118 ) ;
#805 = DIRECTION ( 'NONE',  ( 0.000000000000000000, 0.000000000000000000, 1.000000000000000000 ) ) ;
#806 = CARTESIAN_POINT ( 'NONE',  ( 6.000000000000000000, 3.000000000000000000, 1.500000000000006661 ) ) ;
#807 = EDGE_CURVE ( 'NONE', #525, #1206, #325, .T. ) ;
#808 = CARTESIAN_POINT ( 'NONE',  ( 44.49999999999999289, 0.000000000000000000, -2.500000000000003553 ) ) ;
#809 = ORIENTED_EDGE ( 'NONE', *, *, #7, .F. ) ;
#810 = CARTESIAN_POINT ( 'NONE',  ( 4.000000000000000000, 0.000000000000000000, 1.500000000000006661 ) ) ;
#811 = EDGE_CURVE ( 'NONE', #1, #367, #144, .T. ) ;
#812 = FACE_OUTER_BOUND ( 'NONE', #153, .T. ) ;
#813 = LINE ( 'NONE', #247, #717 ) ;
#814 = DIRECTION ( 'NONE',  ( -1.000000000000000000, -0.000000000000000000, 0.000000000000000000 ) ) ;
#815 = PRODUCT_DEFINITION ( 'General', '', #267, #1624 ) ;
#816 = CARTESIAN_POINT ( 'NONE',  ( -44.50000000000000711, 4.000000000000000000, 2.500000000000005773 ) ) ;
#817 = ORIENTED_EDGE ( 'NONE', *, *, #1233, .T. ) ;
#818 = VERTEX_POINT ( 'NONE', #459 ) ;
#819 = CARTESIAN_POINT ( 'NONE',  ( -33.17540977655791323, 1.000000000000000000, 0.5000000000000065503 ) ) ;
#820 = DIRECTION ( 'NONE',  ( 0.000000000000000000, 0.000000000000000000, -1.000000000000000000 ) ) ;
#821 = LINE ( 'NONE', #1562, #355 ) ;
#822 = VECTOR ( 'NONE', #84, 1000.000000000000000 ) ;
#823 = AXIS2_PLACEMENT_3D ( 'NONE', #1543, #1802, #248 ) ;
#824 = DIRECTION ( 'NONE',  ( 0.000000000000000000, 0.000000000000000000, -1.000000000000000000 ) ) ;
#825 = VERTEX_POINT ( 'NONE', #727 ) ;
#826 = VECTOR ( 'NONE', #1575, 1000.000000000000000 ) ;
#827 = DIRECTION ( 'NONE',  ( -1.000000000000000000, 0.000000000000000000, 0.000000000000000000 ) ) ;
#828 = CIRCLE ( 'NONE', #882, 1.000000000000000888 ) ;
#829 = ORIENTED_EDGE ( 'NONE', *, *, #649, .T. ) ;
#830 = AXIS2_PLACEMENT_3D ( 'NONE', #1771, #1365, #544 ) ;
#831 = CARTESIAN_POINT ( 'NONE',  ( 33.31594320203569737, 1.000000000000000000, 0.5000000000000065503 ) ) ;
#832 = EDGE_CURVE ( 'NONE', #367, #1206, #1158, .T. ) ;
#833 = VERTEX_POINT ( 'NONE', #1727 ) ;
#834 = ADVANCED_FACE ( 'NONE', ( #452 ), #899, .F. ) ;
#835 = CARTESIAN_POINT ( 'NONE',  ( 32.31594320203569026, 1.000000000000000000, 1.500000000000006439 ) ) ;
#836 = ORIENTED_EDGE ( 'NONE', *, *, #1339, .T. ) ;
#837 = EDGE_CURVE ( 'NONE', #1656, #622, #1580, .T. ) ;
#838 = FACE_OUTER_BOUND ( 'NONE', #905, .T. ) ;
#839 = PLANE ( 'NONE',  #1456 ) ;
#840 = EDGE_CURVE ( 'NONE', #59, #1820, #1585, .T. ) ;
#841 = ORIENTED_EDGE ( 'NONE', *, *, #591, .T. ) ;
#842 = CARTESIAN_POINT ( 'NONE',  ( 33.31594320203569737, 4.000000000000000000, -0.5000000000000038858 ) ) ;
#843 = DIRECTION ( 'NONE',  ( 0.000000000000000000, -1.000000000000000000, -0.000000000000000000 ) ) ;
#844 = ORIENTED_EDGE ( 'NONE', *, *, #283, .F. ) ;
#845 = CARTESIAN_POINT ( 'NONE',  ( -6.000000000000000000, 3.000000000000000000, 2.500000000000006661 ) ) ;
#846 = CARTESIAN_POINT ( 'NONE',  ( 42.49999999999998579, 0.000000000000000000, -2.500000000000003553 ) ) ;
#847 = LINE ( 'NONE', #274, #424 ) ;
#848 = ORIENTED_EDGE ( 'NONE', *, *, #256, .T. ) ;
#849 = AXIS2_PLACEMENT_3D ( 'NONE', #162, #1579, #1302 ) ;
#850 = ORIENTED_EDGE ( 'NONE', *, *, #1199, .T. ) ;
#851 = AXIS2_PLACEMENT_3D ( 'NONE', #1823, #1289, #1265 ) ;
#852 = DIRECTION ( 'NONE',  ( 1.000000000000000000, 0.000000000000000000, 0.000000000000000000 ) ) ;
#853 = AXIS2_PLACEMENT_3D ( 'NONE', #495, #775, #62 ) ;
#854 = AXIS2_PLACEMENT_3D ( 'NONE', #1392, #827, #1566 ) ;
#855 = LINE ( 'NONE', #117, #1408 ) ;
#856 = CARTESIAN_POINT ( 'NONE',  ( -5.999999999999998224, 3.000000000000000000, -0.5000000000000038858 ) ) ;
#857 = TOROIDAL_SURFACE ( 'NONE', #1461, 2.000000000000000000, 1.000000000000000000 ) ;
#858 = ORIENTED_EDGE ( 'NONE', *, *, #169, .F. ) ;
#859 = VECTOR ( 'NONE', #1009, 1000.000000000000000 ) ;
#860 = EDGE_LOOP ( 'NONE', ( #1510, #797, #278, #365 ) ) ;
#861 = EDGE_CURVE ( 'NONE', #1491, #1147, #371, .T. ) ;
#862 = EDGE_CURVE ( 'NONE', #342, #1482, #645, .T. ) ;
#863 = CARTESIAN_POINT ( 'NONE',  ( -32.17540977655791323, 1.000000000000000000, -1.500000000000004219 ) ) ;
#864 = LINE ( 'NONE', #1023, #473 ) ;
#865 = ORIENTED_EDGE ( 'NONE', *, *, #1034, .F. ) ;
#866 = DIRECTION ( 'NONE',  ( 0.000000000000000000, -1.000000000000000000, 0.000000000000000000 ) ) ;
#867 = ORIENTED_EDGE ( 'NONE', *, *, #664, .T. ) ;
#868 = DIRECTION ( 'NONE',  ( 0.000000000000000000, 0.000000000000000000, -1.000000000000000000 ) ) ;
#869 = DIRECTION ( 'NONE',  ( 1.000000000000000000, 0.000000000000000000, 0.000000000000000000 ) ) ;
#870 = CARTESIAN_POINT ( 'NONE',  ( 5.000000000000000000, 3.000000000000000000, 1.500000000000006661 ) ) ;
#871 = DIRECTION ( 'NONE',  ( 0.000000000000000000, -1.000000000000000000, -0.000000000000000000 ) ) ;
#872 = VERTEX_POINT ( 'NONE', #1090 ) ;
#873 = DIRECTION ( 'NONE',  ( 0.000000000000000000, -1.000000000000000000, -0.000000000000000000 ) ) ;
#874 = ORIENTED_EDGE ( 'NONE', *, *, #664, .F. ) ;
#875 = LINE ( 'NONE', #1435, #145 ) ;
#876 = VECTOR ( 'NONE', #1476, 1000.000000000000000 ) ;
#877 = CARTESIAN_POINT ( 'NONE',  ( 31.31594320203569382, 3.000000000000000000, -1.500000000000003997 ) ) ;
#878 = AXIS2_PLACEMENT_3D ( 'NONE', #276, #814, #1396 ) ;
#879 = CARTESIAN_POINT ( 'NONE',  ( -5.000000000000000000, 1.000000000000000000, -1.500000000000003997 ) ) ;
#880 = VECTOR ( 'NONE', #1187, 1000.000000000000000 ) ;
#881 = FACE_OUTER_BOUND ( 'NONE', #457, .T. ) ;
#882 = AXIS2_PLACEMENT_3D ( 'NONE', #594, #175, #1306 ) ;
#883 = ORIENTED_EDGE ( 'NONE', *, *, #437, .T. ) ;
#884 = VECTOR ( 'NONE', #1682, 1000.000000000000000 ) ;
#885 = AXIS2_PLACEMENT_3D ( 'NONE', #1548, #1290, #573 ) ;
#886 = VERTEX_POINT ( 'NONE', #1209 ) ;
#887 = EDGE_CURVE ( 'NONE', #919, #494, #172, .T. ) ;
#888 = DIRECTION ( 'NONE',  ( 1.000000000000000000, 0.000000000000000000, -0.000000000000000000 ) ) ;
#889 = ORIENTED_EDGE ( 'NONE', *, *, #4, .T. ) ;
#890 = DIRECTION ( 'NONE',  ( 0.000000000000000000, 0.000000000000000000, 1.000000000000000000 ) ) ;
#891 = DIRECTION ( 'NONE',  ( 0.000000000000000000, 0.000000000000000000, -1.000000000000000000 ) ) ;
#892 = LINE ( 'NONE', #43, #330 ) ;
#893 = ORIENTED_EDGE ( 'NONE', *, *, #655, .F. ) ;
#894 = DIRECTION ( 'NONE',  ( 0.000000000000000000, 0.000000000000000000, -1.000000000000000000 ) ) ;
#895 = ORIENTED_EDGE ( 'NONE', *, *, #897, .F. ) ;
#896 = LINE ( 'NONE', #60, #1287 ) ;
#897 = EDGE_CURVE ( 'NONE', #702, #818, #1637, .T. ) ;
#898 = ORIENTED_EDGE ( 'NONE', *, *, #1241, .T. ) ;
#899 = PLANE ( 'NONE',  #976 ) ;
#900 = ADVANCED_FACE ( 'NONE', ( #1083 ), #791, .F. ) ;
#901 = DIRECTION ( 'NONE',  ( 0.000000000000000000, 0.000000000000000000, -1.000000000000000000 ) ) ;
#902 = ORIENTED_EDGE ( 'NONE', *, *, #1648, .T. ) ;
#903 = LINE ( 'NONE', #1356, #289 ) ;
#904 = CARTESIAN_POINT ( 'NONE',  ( -6.000000000000000000, 1.000000000000000000, 2.500000000000006661 ) ) ;
#905 = EDGE_LOOP ( 'NONE', ( #445, #889, #1767, #593 ) ) ;
#906 = DIRECTION ( 'NONE',  ( 0.000000000000000000, 0.000000000000000000, -1.000000000000000000 ) ) ;
#907 = TOROIDAL_SURFACE ( 'NONE', #1406, 2.000000000000000000, 1.000000000000000000 ) ;
#908 = CARTESIAN_POINT ( 'NONE',  ( 6.000000000000000000, 0.000000000000000000, 0.5000000000000067724 ) ) ;
#909 = CIRCLE ( 'NONE', #878, 1.000000000000000000 ) ;
#910 = CARTESIAN_POINT ( 'NONE',  ( 6.000000000000000000, 0.000000000000000000, 0.5000000000000067724 ) ) ;
#911 = CARTESIAN_POINT ( 'NONE',  ( 0.000000000000000000, 4.000000000000000000, 2.500000000000006661 ) ) ;
#912 = EDGE_LOOP ( 'NONE', ( #1301, #609 ) ) ;
#913 = AXIS2_PLACEMENT_3D ( 'NONE', #224, #1626, #1506 ) ;
#914 =( LENGTH_UNIT ( ) NAMED_UNIT ( * ) SI_UNIT ( .MILLI., .METRE. ) );
#915 = AXIS2_PLACEMENT_3D ( 'NONE', #1116, #704, #824 ) ;
#916 = VERTEX_POINT ( 'NONE', #930 ) ;
#917 = AXIS2_PLACEMENT_3D ( 'NONE', #787, #666, #1800 ) ;
#918 = CARTESIAN_POINT ( 'NONE',  ( 5.000000000000000000, 3.000000000000000000, -1.500000000000003997 ) ) ;
#919 = VERTEX_POINT ( 'NONE', #1484 ) ;
#920 = FACE_OUTER_BOUND ( 'NONE', #988, .T. ) ;
#921 = CARTESIAN_POINT ( 'NONE',  ( -33.17540977655791323, 3.000000000000000000, -2.500000000000003997 ) ) ;
#922 = ADVANCED_FACE ( 'NONE', ( #1518 ), #236, .F. ) ;
#923 = DIRECTION ( 'NONE',  ( -1.000000000000000000, -0.000000000000000000, -0.000000000000000000 ) ) ;
#924 = EDGE_CURVE ( 'NONE', #1024, #376, #1198, .T. ) ;
#925 = CARTESIAN_POINT ( 'NONE',  ( -5.999999999999998224, 3.000000000000000000, -1.500000000000003997 ) ) ;
#926 = DIRECTION ( 'NONE',  ( 1.000000000000000000, -0.000000000000000000, -0.000000000000000000 ) ) ;
#927 = EDGE_CURVE ( 'NONE', #185, #916, #1222, .T. ) ;
#928 = EDGE_LOOP ( 'NONE', ( #336, #1616, #1155, #690 ) ) ;
#929 = EDGE_CURVE ( 'NONE', #77, #533, #654, .T. ) ;
#930 = CARTESIAN_POINT ( 'NONE',  ( 6.000000000000000000, 1.000000000000000000, 1.500000000000006661 ) ) ;
#931 = DIRECTION ( 'NONE',  ( -1.000000000000000000, 0.000000000000000000, 0.000000000000000000 ) ) ;
#932 = FACE_OUTER_BOUND ( 'NONE', #765, .T. ) ;
#933 = VERTEX_POINT ( 'NONE', #1099 ) ;
#934 = CARTESIAN_POINT ( 'NONE',  ( 6.000000000000000000, 3.000000000000000000, -0.5000000000000038858 ) ) ;
#935 = EDGE_LOOP ( 'NONE', ( #301, #1416, #1453, #895 ) ) ;
#936 = DIRECTION ( 'NONE',  ( 0.000000000000000000, -1.000000000000000000, 0.000000000000000000 ) ) ;
#937 = DIRECTION ( 'NONE',  ( 0.000000000000000000, -1.000000000000000000, 0.000000000000000000 ) ) ;
#938 = CYLINDRICAL_SURFACE ( 'NONE', #1033, 1.000000000000000000 ) ;
#939 = AXIS2_PLACEMENT_3D ( 'NONE', #400, #1539, #115 ) ;
#940 = DIRECTION ( 'NONE',  ( 0.000000000000000000, -1.000000000000000000, 0.000000000000000000 ) ) ;
#941 = CIRCLE ( 'NONE', #1374, 1.750000000000003553 ) ;
#942 = DIRECTION ( 'NONE',  ( -0.000000000000000000, 1.000000000000000000, 0.000000000000000000 ) ) ;
#943 = EDGE_CURVE ( 'NONE', #1147, #833, #944, .T. ) ;
#944 = CIRCLE ( 'NONE', #390, 1.000000000000000000 ) ;
#945 = AXIS2_PLACEMENT_3D ( 'NONE', #1358, #378, #1067 ) ;
#946 = DIRECTION ( 'NONE',  ( 0.000000000000000000, 0.000000000000000000, -1.000000000000000000 ) ) ;
#947 = AXIS2_PLACEMENT_3D ( 'NONE', #1395, #253, #1680 ) ;
#948 = EDGE_LOOP ( 'NONE', ( #1117, #431, #1602, #1131 ) ) ;
#949 = EDGE_CURVE ( 'NONE', #631, #833, #208, .T. ) ;
#950 = CIRCLE ( 'NONE', #119, 2.000000000000000000 ) ;
#951 = CARTESIAN_POINT ( 'NONE',  ( -41.00000000000000000, 0.000000000000000000, 1.750000000000003553 ) ) ;
#952 = CARTESIAN_POINT ( 'NONE',  ( -5.000000000000000000, 3.000000000000000000, -0.5000000000000038858 ) ) ;
#953 = CARTESIAN_POINT ( 'NONE',  ( 31.31594320203569382, 1.000000000000000000, -0.5000000000000038858 ) ) ;
#954 = EDGE_CURVE ( 'NONE', #1703, #1118, #1667, .T. ) ;
#955 = EDGE_CURVE ( 'NONE', #833, #1426, #1768, .T. ) ;
#956 = PLANE ( 'NONE',  #1838 ) ;
#957 = ORIENTED_EDGE ( 'NONE', *, *, #897, .T. ) ;
#958 = ORIENTED_EDGE ( 'NONE', *, *, #1202, .F. ) ;
#959 = DIRECTION ( 'NONE',  ( 0.000000000000000000, 0.000000000000000000, -1.000000000000000000 ) ) ;
#960 = CARTESIAN_POINT ( 'NONE',  ( -6.000000000000000000, 4.000000000000000000, 0.5000000000000065503 ) ) ;
#961 = DIRECTION ( 'NONE',  ( -0.000000000000000000, 1.000000000000000000, -0.000000000000000000 ) ) ;
#962 = EDGE_LOOP ( 'NONE', ( #1357, #1645, #1273, #1538 ) ) ;
#963 = FACE_OUTER_BOUND ( 'NONE', #1208, .T. ) ;
#964 = ADVANCED_FACE ( 'NONE', ( #920 ), #1361, .T. ) ;
#965 = CARTESIAN_POINT ( 'NONE',  ( 44.49999999999999289, 4.000000000000000000, 4.499999999999995559 ) ) ;
#966 = VERTEX_POINT ( 'NONE', #1060 ) ;
#967 = VERTEX_POINT ( 'NONE', #391 ) ;
#968 = DIRECTION ( 'NONE',  ( 1.000000000000000000, 0.000000000000000000, 0.000000000000000000 ) ) ;
#969 = DIRECTION ( 'NONE',  ( -0.000000000000000000, 1.000000000000000000, -0.000000000000000000 ) ) ;
#970 = ORIENTED_EDGE ( 'NONE', *, *, #1180, .T. ) ;
#971 = ADVANCED_FACE ( 'NONE', ( #784 ), #626, .F. ) ;
#972 = VECTOR ( 'NONE', #179, 1000.000000000000000 ) ;
#973 = CIRCLE ( 'NONE', #823, 2.000000000000000000 ) ;
#974 = DIRECTION ( 'NONE',  ( 7.938237127427509551E-18, 0.000000000000000000, 1.000000000000000000 ) ) ;
#975 = ORIENTED_EDGE ( 'NONE', *, *, #1652, .T. ) ;
#976 = AXIS2_PLACEMENT_3D ( 'NONE', #1295, #5, #578 ) ;
#977 = ADVANCED_FACE ( 'NONE', ( #486 ), #72, .F. ) ;
#978 = DIRECTION ( 'NONE',  ( 0.000000000000000000, 0.000000000000000000, 1.000000000000000000 ) ) ;
#979 = AXIS2_PLACEMENT_3D ( 'NONE', #1528, #1282, #412 ) ;
#980 = EDGE_LOOP ( 'NONE', ( #124, #848, #428, #251 ) ) ;
#981 = AXIS2_PLACEMENT_3D ( 'NONE', #778, #1755, #1470 ) ;
#982 = CARTESIAN_POINT ( 'NONE',  ( 31.31594320203569382, 4.000000000000000000, -1.500000000000003997 ) ) ;
#983 = DIRECTION ( 'NONE',  ( -0.000000000000000000, 0.000000000000000000, 1.000000000000000000 ) ) ;
#984 = AXIS2_PLACEMENT_3D ( 'NONE', #99, #658, #1232 ) ;
#985 = ORIENTED_EDGE ( 'NONE', *, *, #94, .T. ) ;
#986 = EDGE_CURVE ( 'NONE', #528, #1572, #588, .T. ) ;
#987 = DIRECTION ( 'NONE',  ( -0.000000000000000000, 1.000000000000000000, -0.000000000000000000 ) ) ;
#988 = EDGE_LOOP ( 'NONE', ( #639, #695, #1467, #244 ) ) ;
#989 = CARTESIAN_POINT ( 'NONE',  ( 32.31594320203569026, 0.000000000000000000, 2.500000000000006217 ) ) ;
#990 = EDGE_CURVE ( 'NONE', #732, #1839, #1133, .T. ) ;
#991 = CARTESIAN_POINT ( 'NONE',  ( 6.000000000000000000, 1.000000000000000000, 0.5000000000000067724 ) ) ;
#992 = DIRECTION ( 'NONE',  ( 0.000000000000000000, -1.000000000000000000, 0.000000000000000000 ) ) ;
#993 = ORIENTED_EDGE ( 'NONE', *, *, #1315, .T. ) ;
#994 = CYLINDRICAL_SURFACE ( 'NONE', #981, 1.000000000000000000 ) ;
#995 = ORIENTED_EDGE ( 'NONE', *, *, #1797, .F. ) ;
#996 = CARTESIAN_POINT ( 'NONE',  ( -5.000000000000000000, 1.000000000000000000, -0.5000000000000038858 ) ) ;
#997 = ORIENTED_EDGE ( 'NONE', *, *, #700, .F. ) ;
#998 = EDGE_CURVE ( 'NONE', #185, #359, #1244, .T. ) ;
#999 = ADVANCED_FACE ( 'NONE', ( #838 ), #415, .F. ) ;
#1000 = FACE_OUTER_BOUND ( 'NONE', #790, .T. ) ;
#1001 = CIRCLE ( 'NONE', #197, 2.000000000000000000 ) ;
#1002 = EDGE_LOOP ( 'NONE', ( #1141, #1022, #176, #1028 ) ) ;
#1003 = CARTESIAN_POINT ( 'NONE',  ( 6.000000000000000000, 0.000000000000000000, -2.500000000000003997 ) ) ;
#1004 = VECTOR ( 'NONE', #1760, 1000.000000000000000 ) ;
#1005 = EDGE_CURVE ( 'NONE', #1011, #342, #51, .T. ) ;
#1006 = ORIENTED_EDGE ( 'NONE', *, *, #1070, .F. ) ;
#1007 = TOROIDAL_SURFACE ( 'NONE', #1487, 2.000000000000000000, 1.000000000000000000 ) ;
#1008 = CARTESIAN_POINT ( 'NONE',  ( -4.000000000000000000, 1.000000000000000000, 0.5000000000000065503 ) ) ;
#1009 = DIRECTION ( 'NONE',  ( 0.000000000000000000, 1.000000000000000000, -0.000000000000000000 ) ) ;
#1010 = VECTOR ( 'NONE', #987, 1000.000000000000000 ) ;
#1011 = VERTEX_POINT ( 'NONE', #691 ) ;
#1012 = CARTESIAN_POINT ( 'NONE',  ( -33.17540977655791323, 0.000000000000000000, -1.500000000000004219 ) ) ;
#1013 = EDGE_LOOP ( 'NONE', ( #91, #1445, #1471, #648 ) ) ;
#1014 = CARTESIAN_POINT ( 'NONE',  ( -5.999999999999998224, 4.000000000000000000, -0.5000000000000038858 ) ) ;
#1015 = ORIENTED_EDGE ( 'NONE', *, *, #1363, .F. ) ;
#1016 = DIRECTION ( 'NONE',  ( 0.000000000000000000, 0.000000000000000000, -1.000000000000000000 ) ) ;
#1017 = LINE ( 'NONE', #753, #1693 ) ;
#1018 = ORIENTED_EDGE ( 'NONE', *, *, #1560, .F. ) ;
#1019 = DIRECTION ( 'NONE',  ( 1.000000000000000000, 0.000000000000000000, 0.000000000000000000 ) ) ;
#1020 = ORIENTED_EDGE ( 'NONE', *, *, #1689, .F. ) ;
#1021 = CARTESIAN_POINT ( 'NONE',  ( 5.000000000000000000, 1.000000000000000000, -0.5000000000000038858 ) ) ;
#1022 = ORIENTED_EDGE ( 'NONE', *, *, #344, .F. ) ;
#1023 = CARTESIAN_POINT ( 'NONE',  ( -44.50000000000000711, 0.000000000000000000, -4.499999999999992006 ) ) ;
#1024 = VERTEX_POINT ( 'NONE', #1263 ) ;
#1025 = LINE ( 'NONE', #879, #167 ) ;
#1026 = DIRECTION ( 'NONE',  ( -1.000000000000000000, 0.000000000000000000, 0.000000000000000000 ) ) ;
#1027 = ORIENTED_EDGE ( 'NONE', *, *, #552, .F. ) ;
#1028 = ORIENTED_EDGE ( 'NONE', *, *, #1404, .F. ) ;
#1029 = AXIS2_PLACEMENT_3D ( 'NONE', #1153, #866, #894 ) ;
#1030 = FACE_OUTER_BOUND ( 'NONE', #1381, .T. ) ;
#1031 = ORIENTED_EDGE ( 'NONE', *, *, #1613, .T. ) ;
#1032 = DIRECTION ( 'NONE',  ( -1.000000000000000000, 0.000000000000000000, -7.696088050421659362E-18 ) ) ;
#1033 = AXIS2_PLACEMENT_3D ( 'NONE', #657, #805, #1220 ) ;
#1034 = EDGE_CURVE ( 'NONE', #1039, #723, #271, .T. ) ;
#1035 = CARTESIAN_POINT ( 'NONE',  ( -44.50000000000000711, 0.000000000000000000, 2.500000000000005773 ) ) ;
#1036 = VECTOR ( 'NONE', #1352, 1000.000000000000000 ) ;
#1037 = DIRECTION ( 'NONE',  ( -1.000000000000000000, 0.000000000000000000, 1.364389250768275340E-16 ) ) ;
#1038 = TOROIDAL_SURFACE ( 'NONE', #1223, 2.000000000000000000, 1.000000000000000000 ) ;
#1039 = VERTEX_POINT ( 'NONE', #279 ) ;
#1040 = AXIS2_PLACEMENT_3D ( 'NONE', #1313, #56, #901 ) ;
#1041 = EDGE_CURVE ( 'NONE', #404, #311, #708, .T. ) ;
#1042 = CIRCLE ( 'NONE', #984, 1.999999999999999556 ) ;
#1043 = ORIENTED_EDGE ( 'NONE', *, *, #1199, .F. ) ;
#1044 = CARTESIAN_POINT ( 'NONE',  ( -44.50000000000000711, 4.000000000000000000, -4.499999999999992006 ) ) ;
#1045 = UNCERTAINTY_MEASURE_WITH_UNIT (LENGTH_MEASURE( 1.000000000000000082E-05 ), #436, 'distance_accuracy_value', 'NONE');
#1046 = ADVANCED_FACE ( 'NONE', ( #329 ), #318, .F. ) ;
#1047 = ORIENTED_EDGE ( 'NONE', *, *, #1711, .F. ) ;
#1048 = EDGE_CURVE ( 'NONE', #631, #376, #1836, .T. ) ;
#1049 = EDGE_CURVE ( 'NONE', #71, #1359, #310, .T. ) ;
#1050 = ADVANCED_BREP_SHAPE_REPRESENTATION ( 'Steering-Arm-Balancer', ( #299, #1556 ), #592 ) ;
#1051 = DIRECTION ( 'NONE',  ( -0.000000000000000000, 1.000000000000000000, -0.000000000000000000 ) ) ;
#1052 = ORIENTED_EDGE ( 'NONE', *, *, #1571, .T. ) ;
#1053 = DIRECTION ( 'NONE',  ( 0.000000000000000000, 0.000000000000000000, -1.000000000000000000 ) ) ;
#1054 = DIRECTION ( 'NONE',  ( -0.000000000000000000, 1.000000000000000000, -0.000000000000000000 ) ) ;
#1055 = ORIENTED_EDGE ( 'NONE', *, *, #1334, .F. ) ;
#1056 = PRESENTATION_STYLE_ASSIGNMENT (( #354 ) ) ;
#1057 = ORIENTED_EDGE ( 'NONE', *, *, #700, .T. ) ;
#1058 = DIRECTION ( 'NONE',  ( 0.000000000000000000, -1.000000000000000000, 0.000000000000000000 ) ) ;
#1059 = ORIENTED_EDGE ( 'NONE', *, *, #386, .T. ) ;
#1060 = CARTESIAN_POINT ( 'NONE',  ( -41.00000000000000000, 4.000000000000000000, -1.750000000000003553 ) ) ;
#1061 = CARTESIAN_POINT ( 'NONE',  ( -32.17540977655791323, 1.000000000000000000, 1.500000000000006439 ) ) ;
#1062 = CARTESIAN_POINT ( 'NONE',  ( -4.000000000000000000, 3.000000000000000000, -0.5000000000000038858 ) ) ;
#1063 = FACE_OUTER_BOUND ( 'NONE', #935, .T. ) ;
#1064 = VERTEX_POINT ( 'NONE', #1455 ) ;
#1065 = CARTESIAN_POINT ( 'NONE',  ( -5.999999999999998224, 4.000000000000000000, -1.500000000000003997 ) ) ;
#1066 = ORIENTED_EDGE ( 'NONE', *, *, #1360, .T. ) ;
#1067 = DIRECTION ( 'NONE',  ( -1.000000000000000000, 0.000000000000000000, -7.696088050421659362E-18 ) ) ;
#1068 = ORIENTED_EDGE ( 'NONE', *, *, #1508, .F. ) ;
#1069 = CARTESIAN_POINT ( 'NONE',  ( -32.17540977655791323, 4.000000000000000000, -0.5000000000000041078 ) ) ;
#1070 = EDGE_CURVE ( 'NONE', #1024, #833, #1459, .T. ) ;
#1071 = DIRECTION ( 'NONE',  ( -1.000000000000000000, 0.000000000000000000, 0.000000000000000000 ) ) ;
#1072 = CIRCLE ( 'NONE', #1578, 1.000000000000000000 ) ;
#1073 = CARTESIAN_POINT ( 'NONE',  ( 31.31594320203569382, 3.000000000000000000, 0.5000000000000065503 ) ) ;
#1074 = DIRECTION ( 'NONE',  ( -0.000000000000000000, 1.000000000000000000, -0.000000000000000000 ) ) ;
#1075 = VECTOR ( 'NONE', #1150, 1000.000000000000000 ) ;
#1076 = DIRECTION ( 'NONE',  ( -0.000000000000000000, 1.000000000000000000, -0.000000000000000000 ) ) ;
#1077 = AXIS2_PLACEMENT_3D ( 'NONE', #2, #302, #740 ) ;
#1078 = EDGE_LOOP ( 'NONE', ( #660, #743, #1163, #1350 ) ) ;
#1079 = CIRCLE ( 'NONE', #1814, 1.000000000000000000 ) ;
#1080 = DIRECTION ( 'NONE',  ( -0.000000000000000000, 1.000000000000000000, -0.000000000000000000 ) ) ;
#1081 = AXIS2_PLACEMENT_3D ( 'NONE', #856, #1824, #694 ) ;
#1082 = ORIENTED_EDGE ( 'NONE', *, *, #1383, .T. ) ;
#1083 = FACE_OUTER_BOUND ( 'NONE', #347, .T. ) ;
#1084 = CARTESIAN_POINT ( 'NONE',  ( 6.000000000000000000, 3.000000000000000000, 2.500000000000006661 ) ) ;
#1085 = DIRECTION ( 'NONE',  ( 0.000000000000000000, 0.000000000000000000, -1.000000000000000000 ) ) ;
#1086 = CYLINDRICAL_SURFACE ( 'NONE', #1806, 2.000000000000000000 ) ;
#1087 = ORIENTED_EDGE ( 'NONE', *, *, #998, .T. ) ;
#1088 = VERTEX_POINT ( 'NONE', #1003 ) ;
#1089 = ADVANCED_FACE ( 'NONE', ( #1604 ), #750, .T. ) ;
#1090 = CARTESIAN_POINT ( 'NONE',  ( -42.50000000000000000, 0.000000000000000000, -4.499999999999992006 ) ) ;
#1091 = LINE ( 'NONE', #1678, #822 ) ;
#1092 = FACE_OUTER_BOUND ( 'NONE', #1581, .T. ) ;
#1093 = CARTESIAN_POINT ( 'NONE',  ( -42.50000000000000000, 0.000000000000000000, 4.500000000000006217 ) ) ;
#1094 = CARTESIAN_POINT ( 'NONE',  ( -42.50000000000000000, 0.000000000000000000, 2.500000000000006217 ) ) ;
#1095 = EDGE_CURVE ( 'NONE', #825, #345, #1442, .T. ) ;
#1096 = ORIENTED_EDGE ( 'NONE', *, *, #1822, .F. ) ;
#1097 = EDGE_CURVE ( 'NONE', #518, #1572, #875, .T. ) ;
#1098 = CARTESIAN_POINT ( 'NONE',  ( 32.31594320203569026, 1.000000000000000000, 0.5000000000000065503 ) ) ;
#1099 = CARTESIAN_POINT ( 'NONE',  ( 41.00000000000000000, 0.000000000000000000, 1.750000000000003553 ) ) ;
#1100 = DIRECTION ( 'NONE',  ( 0.000000000000000000, 0.000000000000000000, -1.000000000000000000 ) ) ;
#1101 = AXIS2_PLACEMENT_3D ( 'NONE', #1164, #456, #1019 ) ;
#1102 = CARTESIAN_POINT ( 'NONE',  ( -5.999999999999998224, 0.000000000000000000, -0.5000000000000038858 ) ) ;
#1103 = VECTOR ( 'NONE', #942, 1000.000000000000000 ) ;
#1104 = VECTOR ( 'NONE', #1216, 1000.000000000000000 ) ;
#1105 = AXIS2_PLACEMENT_3D ( 'NONE', #904, #789, #357 ) ;
#1106 = DIRECTION ( 'NONE',  ( 0.000000000000000000, 0.000000000000000000, 1.000000000000000000 ) ) ;
#1107 = AXIS2_PLACEMENT_3D ( 'NONE', #489, #1464, #1169 ) ;
#1108 = ORIENTED_EDGE ( 'NONE', *, *, #1560, .T. ) ;
#1109 = CIRCLE ( 'NONE', #1702, 1.000000000000000000 ) ;
#1110 = EDGE_CURVE ( 'NONE', #525, #1, #828, .T. ) ;
#1111 = ADVANCED_FACE ( 'NONE', ( #1030 ), #1751, .T. ) ;
#1112 = LINE ( 'NONE', #810, #794 ) ;
#1113 = DIRECTION ( 'NONE',  ( -1.000000000000000000, 0.000000000000000000, 0.000000000000000000 ) ) ;
#1114 = DIRECTION ( 'NONE',  ( 0.000000000000000000, -1.000000000000000000, 0.000000000000000000 ) ) ;
#1115 = CARTESIAN_POINT ( 'NONE',  ( 44.49999999999999289, 0.000000000000000000, 4.499999999999995559 ) ) ;
#1116 = CARTESIAN_POINT ( 'NONE',  ( -6.000000000000000000, 3.000000000000000000, 0.5000000000000065503 ) ) ;
#1117 = ORIENTED_EDGE ( 'NONE', *, *, #461, .T. ) ;
#1118 = VERTEX_POINT ( 'NONE', #731 ) ;
#1119 = DIRECTION ( 'NONE',  ( 0.000000000000000000, -1.000000000000000000, 0.000000000000000000 ) ) ;
#1120 = DIRECTION ( 'NONE',  ( 1.000000000000000000, 0.000000000000000000, 0.000000000000000000 ) ) ;
#1121 = LINE ( 'NONE', #1690, #360 ) ;
#1122 = VERTEX_POINT ( 'NONE', #149 ) ;
#1123 = ORIENTED_EDGE ( 'NONE', *, *, #1363, .T. ) ;
#1124 = ADVANCED_FACE ( 'NONE', ( #1294 ), #458, .F. ) ;
#1125 = DIRECTION ( 'NONE',  ( 0.000000000000000000, 1.000000000000000000, 0.000000000000000000 ) ) ;
#1126 = CARTESIAN_POINT ( 'NONE',  ( 44.49999999999999289, 4.000000000000000000, -4.500000000000003553 ) ) ;
#1127 = ORIENTED_EDGE ( 'NONE', *, *, #634, .T. ) ;
#1128 = CIRCLE ( 'NONE', #321, 1.000000000000000000 ) ;
#1129 = CIRCLE ( 'NONE', #416, 1.000000000000000000 ) ;
#1130 = CARTESIAN_POINT ( 'NONE',  ( 5.000000000000000000, 1.000000000000000000, -1.500000000000003997 ) ) ;
#1131 = ORIENTED_EDGE ( 'NONE', *, *, #1184, .T. ) ;
#1132 = VECTOR ( 'NONE', #1032, 1000.000000000000000 ) ;
#1133 = LINE ( 'NONE', #245, #539 ) ;
#1134 = AXIS2_PLACEMENT_3D ( 'NONE', #1014, #1588, #868 ) ;
#1135 = PRODUCT ( 'Steering-Arm-Balancer', 'Steering-Arm-Balancer', '', ( #40 ) ) ;
#1136 = ORIENTED_EDGE ( 'NONE', *, *, #954, .T. ) ;
#1137 = CIRCLE ( 'NONE', #242, 1.000000000000000000 ) ;
#1138 = DIRECTION ( 'NONE',  ( 0.000000000000000000, 0.000000000000000000, -1.000000000000000000 ) ) ;
#1139 = CARTESIAN_POINT ( 'NONE',  ( 41.00000000000000000, 0.000000000000000000, -1.750000000000003553 ) ) ;
#1140 = CIRCLE ( 'NONE', #362, 1.000000000000000000 ) ;
#1141 = ORIENTED_EDGE ( 'NONE', *, *, #1720, .T. ) ;
#1142 = CARTESIAN_POINT ( 'NONE',  ( -32.17540977655791323, 1.000000000000000000, 0.5000000000000065503 ) ) ;
#1143 = PLANE ( 'NONE',  #207 ) ;
#1144 = EDGE_LOOP ( 'NONE', ( #1320, #233, #474, #725 ) ) ;
#1145 = DIRECTION ( 'NONE',  ( 0.000000000000000000, -1.000000000000000000, 0.000000000000000000 ) ) ;
#1146 = DIRECTION ( 'NONE',  ( 0.000000000000000000, -1.000000000000000000, 0.000000000000000000 ) ) ;
#1147 = VERTEX_POINT ( 'NONE', #863 ) ;
#1148 = EDGE_LOOP ( 'NONE', ( #327, #1625, #1555, #110 ) ) ;
#1149 = DIRECTION ( 'NONE',  ( -0.000000000000000000, -0.000000000000000000, 1.000000000000000000 ) ) ;
#1150 = DIRECTION ( 'NONE',  ( 1.000000000000000000, -0.000000000000000000, -0.000000000000000000 ) ) ;
#1151 = CARTESIAN_POINT ( 'NONE',  ( 4.000000000000000000, 3.000000000000000000, 0.5000000000000067724 ) ) ;
#1152 = ORIENTED_EDGE ( 'NONE', *, *, #549, .T. ) ;
#1153 = CARTESIAN_POINT ( 'NONE',  ( -32.17540977655791323, 0.000000000000000000, 0.5000000000000065503 ) ) ;
#1154 = STYLED_ITEM ( 'NONE', ( #1056 ), #299 ) ;
#1155 = ORIENTED_EDGE ( 'NONE', *, *, #283, .T. ) ;
#1156 = AXIS2_PLACEMENT_3D ( 'NONE', #1062, #1629, #931 ) ;
#1157 = DIRECTION ( 'NONE',  ( 0.000000000000000000, -1.000000000000000000, 0.000000000000000000 ) ) ;
#1158 = CIRCLE ( 'NONE', #798, 1.000000000000000000 ) ;
#1159 = ORIENTED_EDGE ( 'NONE', *, *, #929, .T. ) ;
#1160 = CIRCLE ( 'NONE', #475, 2.000000000000000000 ) ;
#1161 = CARTESIAN_POINT ( 'NONE',  ( -33.17540977655791323, 3.000000000000000000, -1.500000000000004219 ) ) ;
#1162 = VECTOR ( 'NONE', #425, 1000.000000000000000 ) ;
#1163 = ORIENTED_EDGE ( 'NONE', *, *, #1496, .F. ) ;
#1164 = CARTESIAN_POINT ( 'NONE',  ( 4.000000000000000000, 3.000000000000000000, -1.500000000000003997 ) ) ;
#1165 = VERTEX_POINT ( 'NONE', #158 ) ;
#1166 = DIRECTION ( 'NONE',  ( 0.000000000000000000, 0.000000000000000000, -1.000000000000000000 ) ) ;
#1167 = DIRECTION ( 'NONE',  ( 0.000000000000000000, 0.000000000000000000, 1.000000000000000000 ) ) ;
#1168 = DIRECTION ( 'NONE',  ( -1.000000000000000000, 0.000000000000000000, 0.000000000000000000 ) ) ;
#1169 = DIRECTION ( 'NONE',  ( 0.000000000000000000, 0.000000000000000000, -1.000000000000000000 ) ) ;
#1170 = ORIENTED_EDGE ( 'NONE', *, *, #1097, .F. ) ;
#1171 = FACE_OUTER_BOUND ( 'NONE', #1262, .T. ) ;
#1172 = VERTEX_POINT ( 'NONE', #1021 ) ;
#1173 = CARTESIAN_POINT ( 'NONE',  ( -34.17540977655791323, 1.000000000000000000, -0.5000000000000041078 ) ) ;
#1174 = EDGE_LOOP ( 'NONE', ( #537, #625, #1633, #147 ) ) ;
#1175 = CARTESIAN_POINT ( 'NONE',  ( 5.000000000000000000, 0.000000000000000000, 0.5000000000000067724 ) ) ;
#1176 = FACE_OUTER_BOUND ( 'NONE', #170, .T. ) ;
#1177 = EDGE_CURVE ( 'NONE', #269, #732, #1409, .T. ) ;
#1178 = DIRECTION ( 'NONE',  ( 0.000000000000000000, 0.000000000000000000, 1.000000000000000000 ) ) ;
#1179 = DIRECTION ( 'NONE',  ( 0.000000000000000000, -0.000000000000000000, -1.000000000000000000 ) ) ;
#1180 = EDGE_CURVE ( 'NONE', #1039, #741, #567, .T. ) ;
#1181 = ORIENTED_EDGE ( 'NONE', *, *, #1669, .F. ) ;
#1182 = AXIS2_PLACEMENT_3D ( 'NONE', #1012, #1729, #183 ) ;
#1183 = CARTESIAN_POINT ( 'NONE',  ( -6.000000000000000000, 3.000000000000000000, 0.5000000000000065503 ) ) ;
#1184 = EDGE_CURVE ( 'NONE', #1750, #1594, #20, .T. ) ;
#1185 = ORIENTED_EDGE ( 'NONE', *, *, #1698, .F. ) ;
#1186 = AXIS2_PLACEMENT_3D ( 'NONE', #502, #212, #243 ) ;
#1187 = DIRECTION ( 'NONE',  ( -0.000000000000000000, 1.000000000000000000, 0.000000000000000000 ) ) ;
#1188 = AXIS2_PLACEMENT_3D ( 'NONE', #1008, #312, #869 ) ;
#1189 = DIRECTION ( 'NONE',  ( 1.000000000000000000, 0.000000000000000000, 0.000000000000000000 ) ) ;
#1190 = DIRECTION ( 'NONE',  ( -0.000000000000000000, 1.000000000000000000, 0.000000000000000000 ) ) ;
#1191 = VECTOR ( 'NONE', #1473, 1000.000000000000000 ) ;
#1192 = DIRECTION ( 'NONE',  ( 0.000000000000000000, 0.000000000000000000, -1.000000000000000000 ) ) ;
#1193 = AXIS2_PLACEMENT_3D ( 'NONE', #793, #402, #498 ) ;
#1194 = ORIENTED_EDGE ( 'NONE', *, *, #7, .T. ) ;
#1195 = TOROIDAL_SURFACE ( 'NONE', #512, 2.000000000000000000, 1.000000000000000000 ) ;
#1196 = ORIENTED_EDGE ( 'NONE', *, *, #109, .T. ) ;
#1197 = DIRECTION ( 'NONE',  ( -0.000000000000000000, 1.000000000000000000, -0.000000000000000000 ) ) ;
#1198 = LINE ( 'NONE', #1530, #1520 ) ;
#1199 = EDGE_CURVE ( 'NONE', #311, #1466, #590, .T. ) ;
#1200 = ADVANCED_FACE ( 'NONE', ( #1623 ), #1504, .F. ) ;
#1201 = DIRECTION ( 'NONE',  ( 1.000000000000000000, -0.000000000000000000, -1.266932875713398407E-16 ) ) ;
#1202 = EDGE_CURVE ( 'NONE', #303, #1635, #1749, .T. ) ;
#1203 = FACE_OUTER_BOUND ( 'NONE', #264, .T. ) ;
#1204 = EDGE_LOOP ( 'NONE', ( #1043, #749, #434, #1663 ) ) ;
#1205 = FILL_AREA_STYLE_COLOUR ( '', #111 ) ;
#1206 = VERTEX_POINT ( 'NONE', #1646 ) ;
#1207 = CARTESIAN_POINT ( 'NONE',  ( 31.31594320203569382, 1.000000000000000000, -2.500000000000003997 ) ) ;
#1208 = EDGE_LOOP ( 'NONE', ( #829, #1015, #449, #1170 ) ) ;
#1209 = CARTESIAN_POINT ( 'NONE',  ( -44.50000000000000711, 4.000000000000000000, -2.499999999999992450 ) ) ;
#1210 = CARTESIAN_POINT ( 'NONE',  ( -42.50000000000000000, 4.000000000000000000, -2.499999999999992450 ) ) ;
#1211 = FACE_OUTER_BOUND ( 'NONE', #1739, .T. ) ;
#1212 = DIRECTION ( 'NONE',  ( -0.000000000000000000, 1.000000000000000000, -0.000000000000000000 ) ) ;
#1213 = LINE ( 'NONE', #1379, #1577 ) ;
#1214 = EDGE_LOOP ( 'NONE', ( #37, #1433, #159, #369, #1503, #1441, #1243, #867 ) ) ;
#1215 = DIRECTION ( 'NONE',  ( -0.000000000000000000, 1.000000000000000000, -0.000000000000000000 ) ) ;
#1216 = DIRECTION ( 'NONE',  ( -0.000000000000000000, -1.000000000000000000, 0.000000000000000000 ) ) ;
#1217 = AXIS2_PLACEMENT_3D ( 'NONE', #1210, #776, #1628 ) ;
#1218 = CARTESIAN_POINT ( 'NONE',  ( 6.000000000000000000, 0.000000000000000000, 2.500000000000006217 ) ) ;
#1219 = CIRCLE ( 'NONE', #1279, 1.000000000000000000 ) ;
#1220 = DIRECTION ( 'NONE',  ( 1.000000000000000000, 0.000000000000000000, 0.000000000000000000 ) ) ;
#1221 = CARTESIAN_POINT ( 'NONE',  ( -4.000000000000000000, 1.000000000000000000, -0.5000000000000038858 ) ) ;
#1222 = CIRCLE ( 'NONE', #237, 1.000000000000000000 ) ;
#1223 = AXIS2_PLACEMENT_3D ( 'NONE', #934, #346, #232 ) ;
#1224 = ORIENTED_EDGE ( 'NONE', *, *, #180, .T. ) ;
#1225 = AXIS2_PLACEMENT_3D ( 'NONE', #1804, #536, #1106 ) ;
#1226 = CARTESIAN_POINT ( 'NONE',  ( -5.999999999999998224, 1.000000000000000000, -0.5000000000000038858 ) ) ;
#1227 = AXIS2_PLACEMENT_3D ( 'NONE', #522, #1660, #384 ) ;
#1228 = EDGE_CURVE ( 'NONE', #303, #770, #896, .T. ) ;
#1229 = ORIENTED_EDGE ( 'NONE', *, *, #1048, .F. ) ;
#1230 = DIRECTION ( 'NONE',  ( 0.000000000000000000, -1.000000000000000000, -0.000000000000000000 ) ) ;
#1231 = CARTESIAN_POINT ( 'NONE',  ( -4.000000000000000000, 0.000000000000000000, -0.5000000000000038858 ) ) ;
#1232 = DIRECTION ( 'NONE',  ( 0.000000000000000000, 0.000000000000000000, -1.000000000000000000 ) ) ;
#1233 = EDGE_CURVE ( 'NONE', #652, #1255, #263, .T. ) ;
#1234 = ORIENTED_EDGE ( 'NONE', *, *, #36, .F. ) ;
#1235 = DIRECTION ( 'NONE',  ( 0.000000000000000000, -1.000000000000000000, 0.000000000000000000 ) ) ;
#1236 = ORIENTED_EDGE ( 'NONE', *, *, #29, .F. ) ;
#1237 = DIRECTION ( 'NONE',  ( -0.000000000000000000, 1.000000000000000000, -0.000000000000000000 ) ) ;
#1238 = DIRECTION ( 'NONE',  ( 0.000000000000000000, -1.000000000000000000, 0.000000000000000000 ) ) ;
#1239 = CYLINDRICAL_SURFACE ( 'NONE', #830, 1.000000000000000000 ) ;
#1240 = ORIENTED_EDGE ( 'NONE', *, *, #1788, .F. ) ;
#1241 = EDGE_CURVE ( 'NONE', #1482, #57, #1515, .T. ) ;
#1242 = CARTESIAN_POINT ( 'NONE',  ( 4.000000000000000000, 3.000000000000000000, -0.5000000000000038858 ) ) ;
#1243 = ORIENTED_EDGE ( 'NONE', *, *, #1284, .F. ) ;
#1244 = LINE ( 'NONE', #989, #1251 ) ;
#1245 = CARTESIAN_POINT ( 'NONE',  ( 4.000000000000000000, 4.000000000000000000, 0.000000000000000000 ) ) ;
#1246 = CARTESIAN_POINT ( 'NONE',  ( 31.31594320203569382, 3.000000000000000000, -0.5000000000000038858 ) ) ;
#1247 = VECTOR ( 'NONE', #873, 1000.000000000000000 ) ;
#1248 = DIRECTION ( 'NONE',  ( 0.000000000000000000, 0.000000000000000000, -1.000000000000000000 ) ) ;
#1249 = VERTEX_POINT ( 'NONE', #661 ) ;
#1250 = AXIS2_PLACEMENT_3D ( 'NONE', #140, #1405, #1257 ) ;
#1251 = VECTOR ( 'NONE', #405, 1000.000000000000000 ) ;
#1252 = DIRECTION ( 'NONE',  ( -1.000000000000000000, 0.000000000000000000, 0.000000000000000000 ) ) ;
#1253 = CIRCLE ( 'NONE', #1554, 1.000000000000000000 ) ;
#1254 = ORIENTED_EDGE ( 'NONE', *, *, #256, .F. ) ;
#1255 = VERTEX_POINT ( 'NONE', #79 ) ;
#1256 = ADVANCED_FACE ( 'NONE', ( #484 ), #1308, .T. ) ;
#1257 = DIRECTION ( 'NONE',  ( 0.000000000000000000, 0.000000000000000000, -1.000000000000000000 ) ) ;
#1258 = CARTESIAN_POINT ( 'NONE',  ( 5.000000000000000000, 1.000000000000000000, 0.5000000000000067724 ) ) ;
#1259 = CARTESIAN_POINT ( 'NONE',  ( -6.000000000000000000, 1.000000000000000000, 0.5000000000000065503 ) ) ;
#1260 = ADVANCED_FACE ( 'NONE', ( #222 ), #1349, .F. ) ;
#1261 = CARTESIAN_POINT ( 'NONE',  ( 32.31594320203569026, 3.000000000000000000, -1.500000000000003997 ) ) ;
#1262 = EDGE_LOOP ( 'NONE', ( #698, #985, #1333, #137 ) ) ;
#1263 = CARTESIAN_POINT ( 'NONE',  ( -34.17540977655791323, 0.000000000000000000, -0.5000000000000041078 ) ) ;
#1264 = ORIENTED_EDGE ( 'NONE', *, *, #42, .T. ) ;
#1265 = DIRECTION ( 'NONE',  ( 0.000000000000000000, 0.000000000000000000, -1.000000000000000000 ) ) ;
#1266 = CARTESIAN_POINT ( 'NONE',  ( 5.000000000000000000, 0.000000000000000000, -2.500000000000003997 ) ) ;
#1267 = ADVANCED_FACE ( 'NONE', ( #760 ), #1038, .T. ) ;
#1268 = EDGE_LOOP ( 'NONE', ( #223, #865, #1027, #844 ) ) ;
#1269 = CYLINDRICAL_SURFACE ( 'NONE', #1280, 1.000000000000000888 ) ;
#1270 = CARTESIAN_POINT ( 'NONE',  ( -41.00000000000000000, 0.000000000000000000, -1.750000000000003553 ) ) ;
#1271 = EDGE_LOOP ( 'NONE', ( #1276, #683, #1229, #883 ) ) ;
#1272 = CARTESIAN_POINT ( 'NONE',  ( 31.31594320203569382, 0.000000000000000000, -0.5000000000000038858 ) ) ;
#1273 = ORIENTED_EDGE ( 'NONE', *, *, #1281, .F. ) ;
#1274 = LINE ( 'NONE', #1475, #880 ) ;
#1275 = CARTESIAN_POINT ( 'NONE',  ( -5.999999999999998224, 3.000000000000000000, -0.5000000000000038858 ) ) ;
#1276 = ORIENTED_EDGE ( 'NONE', *, *, #1688, .T. ) ;
#1277 = DIRECTION ( 'NONE',  ( 0.000000000000000000, 1.000000000000000000, 0.000000000000000000 ) ) ;
#1278 = AXIS2_PLACEMENT_3D ( 'NONE', #166, #1742, #1610 ) ;
#1279 = AXIS2_PLACEMENT_3D ( 'NONE', #1073, #531, #521 ) ;
#1280 = AXIS2_PLACEMENT_3D ( 'NONE', #696, #1673, #1826 ) ;
#1281 = EDGE_CURVE ( 'NONE', #1482, #1695, #239, .T. ) ;
#1282 = DIRECTION ( 'NONE',  ( -0.000000000000000000, 1.000000000000000000, -0.000000000000000000 ) ) ;
#1283 = ORIENTED_EDGE ( 'NONE', *, *, #164, .F. ) ;
#1284 = EDGE_CURVE ( 'NONE', #560, #568, #1160, .T. ) ;
#1285 = AXIS2_PLACEMENT_3D ( 'NONE', #39, #1732, #1016 ) ;
#1286 = CARTESIAN_POINT ( 'NONE',  ( 33.31594320203569737, 4.000000000000000000, 0.000000000000000000 ) ) ;
#1287 = VECTOR ( 'NONE', #926, 1000.000000000000000 ) ;
#1288 = AXIS2_PLACEMENT_3D ( 'NONE', #341, #1114, #106 ) ;
#1289 = DIRECTION ( 'NONE',  ( 1.000000000000000000, 0.000000000000000000, 0.000000000000000000 ) ) ;
#1290 = DIRECTION ( 'NONE',  ( 0.000000000000000000, 1.000000000000000000, 0.000000000000000000 ) ) ;
#1291 = ORIENTED_EDGE ( 'NONE', *, *, #164, .T. ) ;
#1292 = ADVANCED_FACE ( 'NONE', ( #773 ), #1007, .T. ) ;
#1293 = EDGE_LOOP ( 'NONE', ( #1714, #1066, #587, #1684 ) ) ;
#1294 = FACE_OUTER_BOUND ( 'NONE', #1529, .T. ) ;
#1295 = CARTESIAN_POINT ( 'NONE',  ( 44.49999999999999289, 4.000000000000000000, -4.500000000000003553 ) ) ;
#1296 = CARTESIAN_POINT ( 'NONE',  ( 0.000000000000000000, 0.000000000000000000, 0.000000000000000000 ) ) ;
#1297 = ORIENTED_EDGE ( 'NONE', *, *, #1708, .T. ) ;
#1298 = ORIENTED_EDGE ( 'NONE', *, *, #107, .T. ) ;
#1299 = EDGE_CURVE ( 'NONE', #1165, #1314, #632, .T. ) ;
#1300 = DIRECTION ( 'NONE',  ( -1.000000000000000000, 0.000000000000000000, 0.000000000000000000 ) ) ;
#1301 = ORIENTED_EDGE ( 'NONE', *, *, #1689, .T. ) ;
#1302 = DIRECTION ( 'NONE',  ( 0.000000000000000000, 0.000000000000000000, -1.000000000000000000 ) ) ;
#1303 = AXIS2_PLACEMENT_3D ( 'NONE', #1519, #937, #73 ) ;
#1304 = ORIENTED_EDGE ( 'NONE', *, *, #1740, .T. ) ;
#1305 = EDGE_CURVE ( 'NONE', #886, #1359, #93, .T. ) ;
#1306 = DIRECTION ( 'NONE',  ( 1.000000000000000000, 0.000000000000000000, 0.000000000000000000 ) ) ;
#1307 = AXIS2_PLACEMENT_3D ( 'NONE', #693, #1125, #1692 ) ;
#1308 = TOROIDAL_SURFACE ( 'NONE', #1343, 2.000000000000000000, 1.000000000000000000 ) ;
#1309 = CARTESIAN_POINT ( 'NONE',  ( -32.17540977655791323, 3.000000000000000000, -0.5000000000000041078 ) ) ;
#1310 = AXIS2_PLACEMENT_3D ( 'NONE', #1599, #1344, #1762 ) ;
#1311 = CYLINDRICAL_SURFACE ( 'NONE', #45, 1.000000000000000888 ) ;
#1312 = EDGE_CURVE ( 'NONE', #1064, #528, #203, .T. ) ;
#1313 = CARTESIAN_POINT ( 'NONE',  ( -6.000000000000000000, 1.000000000000000000, 0.5000000000000065503 ) ) ;
#1314 = VERTEX_POINT ( 'NONE', #493 ) ;
#1315 = EDGE_CURVE ( 'NONE', #1726, #916, #1434, .T. ) ;
#1316 = VERTEX_POINT ( 'NONE', #561 ) ;
#1317 = ADVANCED_FACE ( 'NONE', ( #1417 ), #277, .T. ) ;
#1318 = EDGE_LOOP ( 'NONE', ( #975, #1801, #426, #1196 ) ) ;
#1319 = FACE_OUTER_BOUND ( 'NONE', #465, .T. ) ;
#1320 = ORIENTED_EDGE ( 'NONE', *, *, #611, .T. ) ;
#1321 = LINE ( 'NONE', #1618, #257 ) ;
#1322 = CYLINDRICAL_SURFACE ( 'NONE', #1310, 1.000000000000000888 ) ;
#1323 = ORIENTED_EDGE ( 'NONE', *, *, #591, .F. ) ;
#1324 = FACE_BOUND ( 'NONE', #557, .T. ) ;
#1325 = ORIENTED_EDGE ( 'NONE', *, *, #1005, .F. ) ;
#1326 = CARTESIAN_POINT ( 'NONE',  ( 42.49999999999998579, 4.000000000000000000, 2.499999999999995115 ) ) ;
#1327 = UNCERTAINTY_MEASURE_WITH_UNIT (LENGTH_MEASURE( 1.000000000000000082E-05 ), #914, 'distance_accuracy_value', 'NONE');
#1328 = ORIENTED_EDGE ( 'NONE', *, *, #1535, .T. ) ;
#1329 = DIRECTION ( 'NONE',  ( 0.000000000000000000, 1.000000000000000000, 0.000000000000000000 ) ) ;
#1330 = FACE_OUTER_BOUND ( 'NONE', #1204, .T. ) ;
#1331 = DIRECTION ( 'NONE',  ( -0.000000000000000000, 1.000000000000000000, -0.000000000000000000 ) ) ;
#1332 = VERTEX_POINT ( 'NONE', #1098 ) ;
#1333 = ORIENTED_EDGE ( 'NONE', *, *, #949, .T. ) ;
#1334 = EDGE_CURVE ( 'NONE', #1635, #1165, #682, .T. ) ;
#1335 = DIRECTION ( 'NONE',  ( 1.000000000000000000, 0.000000000000000000, -0.000000000000000000 ) ) ;
#1336 = EDGE_CURVE ( 'NONE', #1839, #825, #1552, .T. ) ;
#1337 = ORIENTED_EDGE ( 'NONE', *, *, #180, .F. ) ;
#1338 = AXIS2_PLACEMENT_3D ( 'NONE', #513, #1650, #1387 ) ;
#1339 = EDGE_CURVE ( 'NONE', #342, #163, #421, .T. ) ;
#1340 = DIRECTION ( 'NONE',  ( -0.000000000000000000, 1.000000000000000000, -0.000000000000000000 ) ) ;
#1341 = ORIENTED_EDGE ( 'NONE', *, *, #998, .F. ) ;
#1342 = DIRECTION ( 'NONE',  ( -1.000000000000000000, 0.000000000000000000, 0.000000000000000000 ) ) ;
#1343 = AXIS2_PLACEMENT_3D ( 'NONE', #1494, #1058, #1655 ) ;
#1344 = DIRECTION ( 'NONE',  ( 0.000000000000000000, 0.000000000000000000, 1.000000000000000000 ) ) ;
#1345 = TOROIDAL_SURFACE ( 'NONE', #917, 2.000000000000000000, 1.000000000000000000 ) ;
#1346 = EDGE_CURVE ( 'NONE', #1726, #1172, #1553, .T. ) ;
#1347 = CIRCLE ( 'NONE', #804, 2.000000000000000000 ) ;
#1348 = ORIENTED_EDGE ( 'NONE', *, *, #1336, .F. ) ;
#1349 = PLANE ( 'NONE',  #945 ) ;
#1350 = ORIENTED_EDGE ( 'NONE', *, *, #712, .F. ) ;
#1351 = EDGE_CURVE ( 'NONE', #404, #770, #685, .T. ) ;
#1352 = DIRECTION ( 'NONE',  ( 0.000000000000000000, -1.000000000000000000, -0.000000000000000000 ) ) ;
#1353 = DIRECTION ( 'NONE',  ( 0.000000000000000000, 0.000000000000000000, -1.000000000000000000 ) ) ;
#1354 = FACE_OUTER_BOUND ( 'NONE', #1148, .T. ) ;
#1355 = FACE_OUTER_BOUND ( 'NONE', #1002, .T. ) ;
#1356 = CARTESIAN_POINT ( 'NONE',  ( 42.49999999999998579, 4.000000000000000000, 4.499999999999995559 ) ) ;
#1357 = ORIENTED_EDGE ( 'NONE', *, *, #837, .T. ) ;
#1358 = CARTESIAN_POINT ( 'NONE',  ( -33.17540977655791323, 0.000000000000000000, -1.500000000000004219 ) ) ;
#1359 = VERTEX_POINT ( 'NONE', #816 ) ;
#1360 = EDGE_CURVE ( 'NONE', #1398, #1839, #526, .T. ) ;
#1361 = CYLINDRICAL_SURFACE ( 'NONE', #116, 1.000000000000000000 ) ;
#1362 = LINE ( 'NONE', #393, #1744 ) ;
#1363 = EDGE_CURVE ( 'NONE', #1122, #1332, #254, .T. ) ;
#1364 = CARTESIAN_POINT ( 'NONE',  ( 0.000000000000000000, 4.000000000000000000, 0.000000000000000000 ) ) ;
#1365 = DIRECTION ( 'NONE',  ( 1.000000000000000000, 0.000000000000000000, -7.938237127427512632E-18 ) ) ;
#1366 = DIRECTION ( 'NONE',  ( -0.000000000000000000, -0.000000000000000000, -1.000000000000000000 ) ) ;
#1367 = ORIENTED_EDGE ( 'NONE', *, *, #461, .F. ) ;
#1368 = CARTESIAN_POINT ( 'NONE',  ( -5.999999999999998224, 0.000000000000000000, -0.5000000000000038858 ) ) ;
#1369 = ORIENTED_EDGE ( 'NONE', *, *, #986, .F. ) ;
#1370 = DIRECTION ( 'NONE',  ( 1.000000000000000000, -0.000000000000000000, 0.000000000000000000 ) ) ;
#1371 = EDGE_CURVE ( 'NONE', #161, #966, #550, .T. ) ;
#1372 = AXIS2_PLACEMENT_3D ( 'NONE', #1462, #1469, #187 ) ;
#1373 = DIRECTION ( 'NONE',  ( 1.000000000000000000, -0.000000000000000000, 0.000000000000000000 ) ) ;
#1374 = AXIS2_PLACEMENT_3D ( 'NONE', #676, #1277, #569 ) ;
#1375 = CARTESIAN_POINT ( 'NONE',  ( -33.17540977655791323, 3.000000000000000000, 0.5000000000000065503 ) ) ;
#1376 = CARTESIAN_POINT ( 'NONE',  ( -4.000000000000000000, 0.000000000000000000, -1.500000000000003997 ) ) ;
#1377 = ORIENTED_EDGE ( 'NONE', *, *, #1669, .T. ) ;
#1378 = AXIS2_PLACEMENT_3D ( 'NONE', #1468, #1051, #466 ) ;
#1379 = CARTESIAN_POINT ( 'NONE',  ( -5.000000000000000000, 3.000000000000000000, -1.500000000000003997 ) ) ;
#1380 = AXIS2_PLACEMENT_3D ( 'NONE', #724, #1724, #450 ) ;
#1381 = EDGE_LOOP ( 'NONE', ( #841, #193, #191, #1325 ) ) ;
#1382 = CIRCLE ( 'NONE', #1225, 1.750000000000003553 ) ;
#1383 = EDGE_CURVE ( 'NONE', #1466, #1402, #1563, .T. ) ;
#1384 = ORIENTED_EDGE ( 'NONE', *, *, #549, .F. ) ;
#1385 = CARTESIAN_POINT ( 'NONE',  ( 6.000000000000000000, 1.000000000000000000, 2.500000000000006661 ) ) ;
#1386 = ADVANCED_FACE ( 'NONE', ( #388 ), #857, .T. ) ;
#1387 = DIRECTION ( 'NONE',  ( 0.000000000000000000, 0.000000000000000000, -1.000000000000000000 ) ) ;
#1388 = CARTESIAN_POINT ( 'NONE',  ( -42.50000000000000000, 4.000000000000000000, 2.500000000000006217 ) ) ;
#1389 = ADVANCED_FACE ( 'NONE', ( #1410 ), #1827, .T. ) ;
#1390 = FACE_OUTER_BOUND ( 'NONE', #1430, .T. ) ;
#1391 = ORIENTED_EDGE ( 'NONE', *, *, #644, .T. ) ;
#1392 = CARTESIAN_POINT ( 'NONE',  ( 5.000000000000000000, 0.000000000000000000, -1.500000000000003997 ) ) ;
#1393 = CARTESIAN_POINT ( 'NONE',  ( 31.31594320203569382, 3.000000000000000000, 2.500000000000006661 ) ) ;
#1394 = FACE_BOUND ( 'NONE', #783, .T. ) ;
#1395 = CARTESIAN_POINT ( 'NONE',  ( 31.31594320203569382, 1.000000000000000000, 2.500000000000006217 ) ) ;
#1396 = DIRECTION ( 'NONE',  ( 0.000000000000000000, 0.000000000000000000, -1.000000000000000000 ) ) ;
#1397 = CARTESIAN_POINT ( 'NONE',  ( -42.50000000000000000, 4.000000000000000000, -2.499999999999992450 ) ) ;
#1398 = VERTEX_POINT ( 'NONE', #808 ) ;
#1399 = ADVANCED_FACE ( 'NONE', ( #1390 ), #102, .T. ) ;
#1400 = EDGE_CURVE ( 'NONE', #966, #818, #1382, .T. ) ;
#1401 = ADVANCED_FACE ( 'NONE', ( #403 ), #956, .F. ) ;
#1402 = VERTEX_POINT ( 'NONE', #1819 ) ;
#1403 = DIRECTION ( 'NONE',  ( 0.000000000000000000, 0.000000000000000000, -1.000000000000000000 ) ) ;
#1404 = EDGE_CURVE ( 'NONE', #551, #652, #1121, .T. ) ;
#1405 = DIRECTION ( 'NONE',  ( -1.000000000000000000, -0.000000000000000000, -0.000000000000000000 ) ) ;
#1406 = AXIS2_PLACEMENT_3D ( 'NONE', #1756, #1632, #1644 ) ;
#1407 = DIRECTION ( 'NONE',  ( 0.000000000000000000, 0.000000000000000000, -1.000000000000000000 ) ) ;
#1408 = VECTOR ( 'NONE', #1438, 1000.000000000000000 ) ;
#1409 = CIRCLE ( 'NONE', #1380, 2.000000000000000000 ) ;
#1410 = FACE_OUTER_BOUND ( 'NONE', #157, .T. ) ;
#1411 = ORIENTED_EDGE ( 'NONE', *, *, #990, .T. ) ;
#1412 = AXIS2_PLACEMENT_3D ( 'NONE', #1686, #992, #820 ) ;
#1413 = DIRECTION ( 'NONE',  ( -1.000000000000000000, 0.000000000000000000, -0.000000000000000000 ) ) ;
#1414 = DIRECTION ( 'NONE',  ( 0.000000000000000000, 0.000000000000000000, 1.000000000000000000 ) ) ;
#1415 = DIRECTION ( 'NONE',  ( 1.000000000000000000, 0.000000000000000000, 0.000000000000000000 ) ) ;
#1416 = ORIENTED_EDGE ( 'NONE', *, *, #1371, .T. ) ;
#1417 = FACE_OUTER_BOUND ( 'NONE', #1722, .T. ) ;
#1418 = ORIENTED_EDGE ( 'NONE', *, *, #1424, .F. ) ;
#1419 = CARTESIAN_POINT ( 'NONE',  ( -4.000000000000000000, 4.000000000000000000, 0.000000000000000000 ) ) ;
#1420 = DIRECTION ( 'NONE',  ( -0.000000000000000000, 1.000000000000000000, 0.000000000000000000 ) ) ;
#1421 = CARTESIAN_POINT ( 'NONE',  ( -32.17540977655791323, 0.000000000000000000, 2.500000000000006661 ) ) ;
#1422 = CARTESIAN_POINT ( 'NONE',  ( -34.17540977655791323, 4.000000000000000000, 0.5000000000000065503 ) ) ;
#1423 = ADVANCED_FACE ( 'NONE', ( #1489 ), #994, .F. ) ;
#1424 = EDGE_CURVE ( 'NONE', #1482, #1656, #1436, .T. ) ;
#1425 = DIRECTION ( 'NONE',  ( 0.000000000000000000, 0.000000000000000000, -1.000000000000000000 ) ) ;
#1426 = VERTEX_POINT ( 'NONE', #628 ) ;
#1427 = EDGE_LOOP ( 'NONE', ( #1683, #1843, #1537, #1377 ) ) ;
#1428 = CARTESIAN_POINT ( 'NONE',  ( 6.000000000000000000, 0.000000000000000000, -0.5000000000000038858 ) ) ;
#1429 = DIRECTION ( 'NONE',  ( -1.000000000000000000, -0.000000000000000000, 7.938237127427512632E-18 ) ) ;
#1430 = EDGE_LOOP ( 'NONE', ( #1790, #1825, #1185, #379 ) ) ;
#1431 = AXIS2_PLACEMENT_3D ( 'NONE', #524, #491, #630 ) ;
#1432 = AXIS2_PLACEMENT_3D ( 'NONE', #742, #1716, #1589 ) ;
#1433 = ORIENTED_EDGE ( 'NONE', *, *, #924, .T. ) ;
#1434 = CIRCLE ( 'NONE', #1582, 1.000000000000000000 ) ;
#1435 = CARTESIAN_POINT ( 'NONE',  ( 33.31594320203569737, 0.000000000000000000, -1.500000000000003997 ) ) ;
#1436 = CIRCLE ( 'NONE', #1040, 1.000000000000000000 ) ;
#1437 = PRODUCT_DEFINITION_SHAPE ( 'NONE', 'NONE',  #815 ) ;
#1438 = DIRECTION ( 'NONE',  ( 1.000000000000000000, 0.000000000000000000, -0.000000000000000000 ) ) ;
#1439 = EDGE_LOOP ( 'NONE', ( #1545, #1796, #1384, #282, #1805, #1224, #958, #413 ) ) ;
#1440 = ADVANCED_FACE ( 'NONE', ( #1630 ), #1322, .T. ) ;
#1441 = ORIENTED_EDGE ( 'NONE', *, *, #1591, .T. ) ;
#1442 = LINE ( 'NONE', #719, #768 ) ;
#1443 = ORIENTED_EDGE ( 'NONE', *, *, #1704, .F. ) ;
#1444 = LINE ( 'NONE', #1161, #1132 ) ;
#1445 = ORIENTED_EDGE ( 'NONE', *, *, #949, .F. ) ;
#1446 = ORIENTED_EDGE ( 'NONE', *, *, #887, .F. ) ;
#1447 = CARTESIAN_POINT ( 'NONE',  ( 31.31594320203569382, 0.000000000000000000, 1.500000000000006439 ) ) ;
#1448 = CYLINDRICAL_SURFACE ( 'NONE', #1278, 1.750000000000003553 ) ;
#1449 = LINE ( 'NONE', #911, #772 ) ;
#1450 = CARTESIAN_POINT ( 'NONE',  ( 42.49999999999998579, 4.000000000000000000, 4.499999999999995559 ) ) ;
#1451 = EDGE_CURVE ( 'NONE', #1011, #367, #1449, .T. ) ;
#1452 = AXIS2_PLACEMENT_3D ( 'NONE', #908, #209, #1486 ) ;
#1453 = ORIENTED_EDGE ( 'NONE', *, *, #1400, .T. ) ;
#1454 = AXIS2_PLACEMENT_3D ( 'NONE', #1246, #246, #1100 ) ;
#1455 = CARTESIAN_POINT ( 'NONE',  ( 31.31594320203569382, 1.000000000000000000, -1.500000000000003997 ) ) ;
#1456 = AXIS2_PLACEMENT_3D ( 'NONE', #401, #261, #1414 ) ;
#1457 = ORIENTED_EDGE ( 'NONE', *, *, #1336, .T. ) ;
#1458 = EDGE_CURVE ( 'NONE', #1172, #1586, #623, .T. ) ;
#1459 = CIRCLE ( 'NONE', #174, 1.000000000000000888 ) ;
#1460 = DIRECTION ( 'NONE',  ( 0.000000000000000000, 1.000000000000000000, 0.000000000000000000 ) ) ;
#1461 = AXIS2_PLACEMENT_3D ( 'NONE', #268, #108, #946 ) ;
#1462 = CARTESIAN_POINT ( 'NONE',  ( 31.31594320203569382, 0.000000000000000000, 0.5000000000000065503 ) ) ;
#1463 = AXIS2_PLACEMENT_3D ( 'NONE', #687, #555, #714 ) ;
#1464 = DIRECTION ( 'NONE',  ( 0.000000000000000000, -1.000000000000000000, 0.000000000000000000 ) ) ;
#1465 = ORIENTED_EDGE ( 'NONE', *, *, #807, .T. ) ;
#1466 = VERTEX_POINT ( 'NONE', #322 ) ;
#1467 = ORIENTED_EDGE ( 'NONE', *, *, #1807, .F. ) ;
#1468 = CARTESIAN_POINT ( 'NONE',  ( -32.17540977655791323, 3.000000000000000000, 0.5000000000000065503 ) ) ;
#1469 = DIRECTION ( 'NONE',  ( 0.000000000000000000, -1.000000000000000000, 0.000000000000000000 ) ) ;
#1470 = DIRECTION ( 'NONE',  ( 0.000000000000000000, 0.000000000000000000, -1.000000000000000000 ) ) ;
#1471 = ORIENTED_EDGE ( 'NONE', *, *, #1048, .T. ) ;
#1472 = EDGE_LOOP ( 'NONE', ( #1787, #399, #1068, #356 ) ) ;
#1473 = DIRECTION ( 'NONE',  ( 0.000000000000000000, 0.000000000000000000, 1.000000000000000000 ) ) ;
#1474 = ORIENTED_EDGE ( 'NONE', *, *, #1299, .F. ) ;
#1475 = CARTESIAN_POINT ( 'NONE',  ( 32.31594320203569026, 4.000000000000000000, 0.5000000000000065503 ) ) ;
#1476 = DIRECTION ( 'NONE',  ( 0.000000000000000000, 1.000000000000000000, 0.000000000000000000 ) ) ;
#1477 = DIRECTION ( 'NONE',  ( -0.000000000000000000, 1.000000000000000000, -0.000000000000000000 ) ) ;
#1478 = DIRECTION ( 'NONE',  ( 0.000000000000000000, -1.000000000000000000, 0.000000000000000000 ) ) ;
#1479 = ORIENTED_EDGE ( 'NONE', *, *, #684, .T. ) ;
#1480 = CIRCLE ( 'NONE', #939, 2.000000000000000000 ) ;
#1481 = DIRECTION ( 'NONE',  ( 0.000000000000000000, 0.000000000000000000, -1.000000000000000000 ) ) ;
#1482 = VERTEX_POINT ( 'NONE', #1837 ) ;
#1483 = CIRCLE ( 'NONE', #324, 1.000000000000000000 ) ;
#1484 = CARTESIAN_POINT ( 'NONE',  ( -32.17540977655791323, 4.000000000000000000, -2.500000000000003553 ) ) ;
#1485 = VECTOR ( 'NONE', #361, 1000.000000000000000 ) ;
#1486 = DIRECTION ( 'NONE',  ( 0.000000000000000000, 0.000000000000000000, -1.000000000000000000 ) ) ;
#1487 = AXIS2_PLACEMENT_3D ( 'NONE', #202, #1235, #337 ) ;
#1488 = DIRECTION ( 'NONE',  ( 0.000000000000000000, -0.000000000000000000, -1.000000000000000000 ) ) ;
#1489 = FACE_OUTER_BOUND ( 'NONE', #1631, .T. ) ;
#1490 = AXIS2_PLACEMENT_3D ( 'NONE', #1570, #1735, #285 ) ;
#1491 = VERTEX_POINT ( 'NONE', #1619 ) ;
#1492 = CARTESIAN_POINT ( 'NONE',  ( 33.31594320203569737, 4.000000000000000000, 0.5000000000000065503 ) ) ;
#1493 = ORIENTED_EDGE ( 'NONE', *, *, #519, .T. ) ;
#1494 = CARTESIAN_POINT ( 'NONE',  ( 6.000000000000000000, 3.000000000000000000, 0.5000000000000067724 ) ) ;
#1495 = ORIENTED_EDGE ( 'NONE', *, *, #65, .T. ) ;
#1496 = EDGE_CURVE ( 'NONE', #77, #1165, #1253, .T. ) ;
#1497 = DIRECTION ( 'NONE',  ( 0.000000000000000000, 0.000000000000000000, -1.000000000000000000 ) ) ;
#1498 = CARTESIAN_POINT ( 'NONE',  ( 41.00000000000000000, 4.000000000000000000, -1.750000000000003553 ) ) ;
#1499 = ADVANCED_FACE ( 'NONE', ( #570 ), #1143, .F. ) ;
#1500 = CARTESIAN_POINT ( 'NONE',  ( -32.17540977655791323, 3.000000000000000000, -2.500000000000003997 ) ) ;
#1501 = DIRECTION ( 'NONE',  ( -0.000000000000000000, -0.000000000000000000, 1.000000000000000000 ) ) ;
#1502 =( NAMED_UNIT ( * ) PLANE_ANGLE_UNIT ( ) SI_UNIT ( $, .RADIAN. ) );
#1503 = ORIENTED_EDGE ( 'NONE', *, *, #1565, .F. ) ;
#1504 = PLANE ( 'NONE',  #711 ) ;
#1505 = ORIENTED_EDGE ( 'NONE', *, *, #840, .T. ) ;
#1506 = DIRECTION ( 'NONE',  ( -1.000000000000000000, 0.000000000000000000, -0.000000000000000000 ) ) ;
#1507 = FACE_BOUND ( 'NONE', #1439, .T. ) ;
#1508 = EDGE_CURVE ( 'NONE', #533, #1172, #1674, .T. ) ;
#1509 = CARTESIAN_POINT ( 'NONE',  ( 4.000000000000000000, 0.000000000000000000, -0.5000000000000038858 ) ) ;
#1510 = ORIENTED_EDGE ( 'NONE', *, *, #1648, .F. ) ;
#1511 = CARTESIAN_POINT ( 'NONE',  ( 6.000000000000000000, 4.000000000000000000, -2.500000000000003997 ) ) ;
#1512 = ADVANCED_FACE ( 'NONE', ( #881 ), #196, .T. ) ;
#1513 = EDGE_LOOP ( 'NONE', ( #1795, #1047, #406, #492 ) ) ;
#1514 = ADVANCED_FACE ( 'NONE', ( #1203 ), #599, .F. ) ;
#1515 = LINE ( 'NONE', #192, #1780 ) ;
#1516 = ORIENTED_EDGE ( 'NONE', *, *, #811, .F. ) ;
#1517 = VECTOR ( 'NONE', #1190, 1000.000000000000000 ) ;
#1518 = FACE_OUTER_BOUND ( 'NONE', #1701, .T. ) ;
#1519 = CARTESIAN_POINT ( 'NONE',  ( 42.49999999999998579, 4.000000000000000000, -2.500000000000003553 ) ) ;
#1520 = VECTOR ( 'NONE', #511, 1000.000000000000000 ) ;
#1521 = DIRECTION ( 'NONE',  ( -1.000000000000000000, 0.000000000000000000, -7.696088050421659362E-18 ) ) ;
#1522 = DIRECTION ( 'NONE',  ( 0.000000000000000000, 0.000000000000000000, -1.000000000000000000 ) ) ;
#1523 = ADVANCED_FACE ( 'NONE', ( #1063 ), #480, .F. ) ;
#1524 = AXIS2_PLACEMENT_3D ( 'NONE', #380, #936, #906 ) ;
#1525 = DIRECTION ( 'NONE',  ( -1.000000000000000000, 0.000000000000000000, 0.000000000000000000 ) ) ;
#1526 = VECTOR ( 'NONE', #583, 1000.000000000000000 ) ;
#1527 = VECTOR ( 'NONE', #1248, 1000.000000000000000 ) ;
#1528 = CARTESIAN_POINT ( 'NONE',  ( 42.49999999999998579, 4.000000000000000000, -2.500000000000003553 ) ) ;
#1529 = EDGE_LOOP ( 'NONE', ( #317, #1031, #1676, #629 ) ) ;
#1530 = CARTESIAN_POINT ( 'NONE',  ( -34.17540977655791323, 0.000000000000000000, 1.500000000000006439 ) ) ;
#1531 = FACE_OUTER_BOUND ( 'NONE', #221, .T. ) ;
#1532 = CARTESIAN_POINT ( 'NONE',  ( -5.999999999999998224, 0.000000000000000000, -2.500000000000003997 ) ) ;
#1533 = CARTESIAN_POINT ( 'NONE',  ( 31.31594320203569382, 3.000000000000000000, -2.500000000000003997 ) ) ;
#1534 = ORIENTED_EDGE ( 'NONE', *, *, #65, .F. ) ;
#1535 = EDGE_CURVE ( 'NONE', #1316, #1147, #88, .T. ) ;
#1536 = EDGE_CURVE ( 'NONE', #345, #872, #352, .T. ) ;
#1537 = ORIENTED_EDGE ( 'NONE', *, *, #306, .F. ) ;
#1538 = ORIENTED_EDGE ( 'NONE', *, *, #1424, .T. ) ;
#1539 = DIRECTION ( 'NONE',  ( 0.000000000000000000, -1.000000000000000000, 0.000000000000000000 ) ) ;
#1540 = APPLICATION_CONTEXT ( 'automotive_design' ) ;
#1541 = DIRECTION ( 'NONE',  ( 0.000000000000000000, 0.000000000000000000, -1.000000000000000000 ) ) ;
#1542 = CARTESIAN_POINT ( 'NONE',  ( 4.000000000000000000, 4.000000000000000000, -0.5000000000000038858 ) ) ;
#1543 = CARTESIAN_POINT ( 'NONE',  ( -32.17540977655791323, 0.000000000000000000, -0.5000000000000041078 ) ) ;
#1544 = DIRECTION ( 'NONE',  ( -1.266932875713398407E-16, 0.000000000000000000, -1.000000000000000000 ) ) ;
#1545 = ORIENTED_EDGE ( 'NONE', *, *, #1351, .F. ) ;
#1546 = ORIENTED_EDGE ( 'NONE', *, *, #927, .T. ) ;
#1547 = FACE_OUTER_BOUND ( 'NONE', #1293, .T. ) ;
#1548 = CARTESIAN_POINT ( 'NONE',  ( 41.00000000000000000, 0.000000000000000000, 0.000000000000000000 ) ) ;
#1549 = VERTEX_POINT ( 'NONE', #1612 ) ;
#1550 = AXIS2_PLACEMENT_3D ( 'NONE', #921, #1521, #786 ) ;
#1551 = VECTOR ( 'NONE', #31, 1000.000000000000000 ) ;
#1552 = CIRCLE ( 'NONE', #979, 2.000000000000000444 ) ;
#1553 = LINE ( 'NONE', #1130, #358 ) ;
#1554 = AXIS2_PLACEMENT_3D ( 'NONE', #1743, #1477, #168 ) ;
#1555 = ORIENTED_EDGE ( 'NONE', *, *, #832, .F. ) ;
#1556 = AXIS2_PLACEMENT_3D ( 'NONE', #1296, #1733, #1189 ) ;
#1557 = EDGE_CURVE ( 'NONE', #1402, #759, #1137, .T. ) ;
#1558 = CARTESIAN_POINT ( 'NONE',  ( -33.17540977655791323, 0.000000000000000000, -2.500000000000003997 ) ) ;
#1559 = LINE ( 'NONE', #1266, #300 ) ;
#1560 = EDGE_CURVE ( 'NONE', #1402, #1122, #892, .T. ) ;
#1561 = ORIENTED_EDGE ( 'NONE', *, *, #1110, .T. ) ;
#1562 = CARTESIAN_POINT ( 'NONE',  ( 44.49999999999999289, 0.000000000000000000, -4.500000000000003553 ) ) ;
#1563 = LINE ( 'NONE', #1261, #884 ) ;
#1564 = ORIENTED_EDGE ( 'NONE', *, *, #386, .F. ) ;
#1565 = EDGE_CURVE ( 'NONE', #622, #1695, #1609, .T. ) ;
#1566 = DIRECTION ( 'NONE',  ( 0.000000000000000000, 0.000000000000000000, 1.000000000000000000 ) ) ;
#1567 = DIRECTION ( 'NONE',  ( 1.000000000000000000, 0.000000000000000000, 0.000000000000000000 ) ) ;
#1568 = FACE_OUTER_BOUND ( 'NONE', #1427, .T. ) ;
#1569 = ORIENTED_EDGE ( 'NONE', *, *, #1508, .T. ) ;
#1570 = CARTESIAN_POINT ( 'NONE',  ( -41.00000000000000000, 0.000000000000000000, 0.000000000000000000 ) ) ;
#1571 = EDGE_CURVE ( 'NONE', #568, #652, #1725, .T. ) ;
#1572 = VERTEX_POINT ( 'NONE', #374 ) ;
#1573 = EDGE_CURVE ( 'NONE', #652, #1656, #675, .T. ) ;
#1574 = DIRECTION ( 'NONE',  ( 0.000000000000000000, 0.000000000000000000, -1.000000000000000000 ) ) ;
#1575 = DIRECTION ( 'NONE',  ( -1.000000000000000000, 0.000000000000000000, -7.696088050421659362E-18 ) ) ;
#1576 = ORIENTED_EDGE ( 'NONE', *, *, #504, .T. ) ;
#1577 = VECTOR ( 'NONE', #767, 1000.000000000000000 ) ;
#1578 = AXIS2_PLACEMENT_3D ( 'NONE', #1084, #674, #792 ) ;
#1579 = DIRECTION ( 'NONE',  ( 0.000000000000000000, -1.000000000000000000, 0.000000000000000000 ) ) ;
#1580 = CIRCLE ( 'NONE', #1188, 1.000000000000000000 ) ;
#1581 = EDGE_LOOP ( 'NONE', ( #1411, #1457, #739, #1194, #103, #902, #1264, #481 ) ) ;
#1582 = AXIS2_PLACEMENT_3D ( 'NONE', #642, #1215, #1675 ) ;
#1583 = DIRECTION ( 'NONE',  ( -0.000000000000000000, -0.000000000000000000, 1.000000000000000000 ) ) ;
#1584 = AXIS2_PLACEMENT_3D ( 'NONE', #953, #961, #532 ) ;
#1585 = LINE ( 'NONE', #1447, #1835 ) ;
#1586 = VERTEX_POINT ( 'NONE', #1509 ) ;
#1587 = ORIENTED_EDGE ( 'NONE', *, *, #1095, .T. ) ;
#1588 = DIRECTION ( 'NONE',  ( -0.000000000000000000, 1.000000000000000000, -0.000000000000000000 ) ) ;
#1589 = DIRECTION ( 'NONE',  ( 0.000000000000000000, 0.000000000000000000, 1.000000000000000000 ) ) ;
#1590 = CYLINDRICAL_SURFACE ( 'NONE', #1634, 1.000000000000000888 ) ;
#1591 = EDGE_CURVE ( 'NONE', #622, #568, #219, .T. ) ;
#1592 = EDGE_LOOP ( 'NONE', ( #1715, #575, #35, #255 ) ) ;
#1593 = LINE ( 'NONE', #316, #1247 ) ;
#1594 = VERTEX_POINT ( 'NONE', #1093 ) ;
#1595 = DIRECTION ( 'NONE',  ( 0.000000000000000000, -0.000000000000000000, -1.000000000000000000 ) ) ;
#1596 = EDGE_LOOP ( 'NONE', ( #68, #490, #259, #1236 ) ) ;
#1597 = CARTESIAN_POINT ( 'NONE',  ( 1.924022012605417614E-17, 1.000000000000000000, -2.500000000000003553 ) ) ;
#1598 = DIRECTION ( 'NONE',  ( 1.000000000000000000, -0.000000000000000000, 7.696088050421659362E-18 ) ) ;
#1599 = CARTESIAN_POINT ( 'NONE',  ( -34.17540977655791323, 3.000000000000000000, -1.500000000000004219 ) ) ;
#1600 = ORIENTED_EDGE ( 'NONE', *, *, #411, .F. ) ;
#1601 = VECTOR ( 'NONE', #487, 1000.000000000000000 ) ;
#1602 = ORIENTED_EDGE ( 'NONE', *, *, #42, .F. ) ;
#1603 = TOROIDAL_SURFACE ( 'NONE', #1454, 2.000000000000000000, 1.000000000000000000 ) ;
#1604 = FACE_OUTER_BOUND ( 'NONE', #1596, .T. ) ;
#1605 = AXIS2_PLACEMENT_3D ( 'NONE', #846, #1119, #1841 ) ;
#1606 = AXIS2_PLACEMENT_3D ( 'NONE', #517, #50, #368 ) ;
#1607 = CARTESIAN_POINT ( 'NONE',  ( -5.999999999999998224, 4.000000000000000000, -2.500000000000003553 ) ) ;
#1608 = SHAPE_DEFINITION_REPRESENTATION ( #1437, #1050 ) ;
#1609 = CIRCLE ( 'NONE', #1288, 2.000000000000000000 ) ;
#1610 = DIRECTION ( 'NONE',  ( 0.000000000000000000, 0.000000000000000000, 1.000000000000000000 ) ) ;
#1611 = VECTOR ( 'NONE', #142, 1000.000000000000000 ) ;
#1612 = CARTESIAN_POINT ( 'NONE',  ( 4.000000000000000000, 0.000000000000000000, 0.5000000000000067724 ) ) ;
#1613 = EDGE_CURVE ( 'NONE', #1776, #131, #813, .T. ) ;
#1614 = EDGE_LOOP ( 'NONE', ( #836, #1234, #1418, #8 ) ) ;
#1615 = CARTESIAN_POINT ( 'NONE',  ( 6.000000000000000000, 4.000000000000000000, -0.5000000000000038858 ) ) ;
#1616 = ORIENTED_EDGE ( 'NONE', *, *, #36, .T. ) ;
#1617 = DIRECTION ( 'NONE',  ( -0.000000000000000000, -1.000000000000000000, -0.000000000000000000 ) ) ;
#1618 = CARTESIAN_POINT ( 'NONE',  ( 44.49999999999999289, 4.000000000000000000, 4.499999999999995559 ) ) ;
#1619 = CARTESIAN_POINT ( 'NONE',  ( -32.17540977655791323, 3.000000000000000000, -1.500000000000004219 ) ) ;
#1620 = ORIENTED_EDGE ( 'NONE', *, *, #703, .T. ) ;
#1621 = FACE_OUTER_BOUND ( 'NONE', #1271, .T. ) ;
#1622 = ORIENTED_EDGE ( 'NONE', *, *, #1711, .T. ) ;
#1623 = FACE_OUTER_BOUND ( 'NONE', #722, .T. ) ;
#1624 = PRODUCT_DEFINITION_CONTEXT ( 'detailed design', #430, 'design' ) ;
#1625 = ORIENTED_EDGE ( 'NONE', *, *, #154, .F. ) ;
#1626 = DIRECTION ( 'NONE',  ( 0.000000000000000000, 0.000000000000000000, -1.000000000000000000 ) ) ;
#1627 = VERTEX_POINT ( 'NONE', #806 ) ;
#1628 = DIRECTION ( 'NONE',  ( 0.000000000000000000, 0.000000000000000000, -1.000000000000000000 ) ) ;
#1629 = DIRECTION ( 'NONE',  ( 0.000000000000000000, 0.000000000000000000, -1.000000000000000000 ) ) ;
#1630 = FACE_OUTER_BOUND ( 'NONE', #1592, .T. ) ;
#1631 = EDGE_LOOP ( 'NONE', ( #1493, #997, #1240, #643 ) ) ;
#1632 = DIRECTION ( 'NONE',  ( 0.000000000000000000, -1.000000000000000000, 0.000000000000000000 ) ) ;
#1633 = ORIENTED_EDGE ( 'NONE', *, *, #1571, .F. ) ;
#1634 = AXIS2_PLACEMENT_3D ( 'NONE', #615, #1053, #1342 ) ;
#1635 = VERTEX_POINT ( 'NONE', #1542 ) ;
#1636 = CIRCLE ( 'NONE', #1250, 1.000000000000000000 ) ;
#1637 = LINE ( 'NONE', #951, #1808 ) ;
#1638 = AXIS2_PLACEMENT_3D ( 'NONE', #1649, #112, #978 ) ;
#1639 = CARTESIAN_POINT ( 'NONE',  ( -41.00000000000000000, 0.000000000000000000, -1.750000000000003553 ) ) ;
#1640 = VECTOR ( 'NONE', #1583, 1000.000000000000000 ) ;
#1641 = ADVANCED_FACE ( 'NONE', ( #932 ), #1345, .T. ) ;
#1642 = DIRECTION ( 'NONE',  ( 1.000000000000000000, 0.000000000000000000, 0.000000000000000000 ) ) ;
#1643 = DIRECTION ( 'NONE',  ( 0.000000000000000000, 0.000000000000000000, 1.000000000000000000 ) ) ;
#1644 = DIRECTION ( 'NONE',  ( 0.000000000000000000, 0.000000000000000000, -1.000000000000000000 ) ) ;
#1645 = ORIENTED_EDGE ( 'NONE', *, *, #1565, .T. ) ;
#1646 = CARTESIAN_POINT ( 'NONE',  ( -32.17540977655791323, 3.000000000000000000, 1.500000000000006439 ) ) ;
#1647 = ORIENTED_EDGE ( 'NONE', *, *, #101, .F. ) ;
#1648 = EDGE_CURVE ( 'NONE', #1359, #1750, #950, .T. ) ;
#1649 = CARTESIAN_POINT ( 'NONE',  ( 41.00000000000000000, 0.000000000000000000, 0.000000000000000000 ) ) ;
#1650 = DIRECTION ( 'NONE',  ( -0.000000000000000000, 1.000000000000000000, -0.000000000000000000 ) ) ;
#1651 = CARTESIAN_POINT ( 'NONE',  ( 44.49999999999999289, 0.000000000000000000, 2.499999999999995115 ) ) ;
#1652 = EDGE_CURVE ( 'NONE', #359, #1820, #1813, .T. ) ;
#1653 = DIRECTION ( 'NONE',  ( 0.000000000000000000, 0.000000000000000000, -1.000000000000000000 ) ) ;
#1654 = ORIENTED_EDGE ( 'NONE', *, *, #769, .F. ) ;
#1655 = DIRECTION ( 'NONE',  ( 0.000000000000000000, 0.000000000000000000, -1.000000000000000000 ) ) ;
#1656 = VERTEX_POINT ( 'NONE', #227 ) ;
#1657 = EDGE_CURVE ( 'NONE', #723, #163, #146, .T. ) ;
#1658 = DIRECTION ( 'NONE',  ( 0.000000000000000000, 0.000000000000000000, -1.000000000000000000 ) ) ;
#1659 = CARTESIAN_POINT ( 'NONE',  ( 31.31594320203569382, 0.000000000000000000, -2.500000000000003997 ) ) ;
#1660 = DIRECTION ( 'NONE',  ( 0.000000000000000000, 0.000000000000000000, -1.000000000000000000 ) ) ;
#1661 = ORIENTED_EDGE ( 'NONE', *, *, #887, .T. ) ;
#1662 = CARTESIAN_POINT ( 'NONE',  ( 44.49999999999999289, 4.000000000000000000, -2.500000000000003553 ) ) ;
#1663 = ORIENTED_EDGE ( 'NONE', *, *, #1383, .F. ) ;
#1664 = TOROIDAL_SURFACE ( 'NONE', #1774, 2.000000000000000000, 1.000000000000000000 ) ;
#1665 = CARTESIAN_POINT ( 'NONE',  ( -33.17540977655791323, 1.000000000000000000, -1.500000000000004219 ) ) ;
#1666 = CIRCLE ( 'NONE', #535, 2.000000000000000000 ) ;
#1667 = CIRCLE ( 'NONE', #853, 2.000000000000000000 ) ;
#1668 = CARTESIAN_POINT ( 'NONE',  ( -44.50000000000000711, 4.000000000000000000, -4.499999999999992006 ) ) ;
#1669 = EDGE_CURVE ( 'NONE', #1122, #1064, #540, .T. ) ;
#1670 = CARTESIAN_POINT ( 'NONE',  ( -5.000000000000000000, 1.000000000000000000, 1.500000000000006439 ) ) ;
#1671 = ADVANCED_FACE ( 'NONE', ( #87 ), #1239, .T. ) ;
#1672 = AXIS2_PLACEMENT_3D ( 'NONE', #1700, #122, #974 ) ;
#1673 = DIRECTION ( 'NONE',  ( 0.000000000000000000, 0.000000000000000000, 1.000000000000000000 ) ) ;
#1674 = CIRCLE ( 'NONE', #510, 1.000000000000000000 ) ;
#1675 = DIRECTION ( 'NONE',  ( 0.000000000000000000, 0.000000000000000000, -1.000000000000000000 ) ) ;
#1676 = ORIENTED_EDGE ( 'NONE', *, *, #411, .T. ) ;
#1677 = ADVANCED_FACE ( 'NONE', ( #1355 ), #66, .F. ) ;
#1678 = CARTESIAN_POINT ( 'NONE',  ( -33.17540977655791323, 3.000000000000000000, 1.500000000000006439 ) ) ;
#1679 = LINE ( 'NONE', #125, #650 ) ;
#1680 = DIRECTION ( 'NONE',  ( 0.000000000000000000, 0.000000000000000000, -1.000000000000000000 ) ) ;
#1681 = FACE_OUTER_BOUND ( 'NONE', #962, .T. ) ;
#1682 = DIRECTION ( 'NONE',  ( 0.000000000000000000, 0.000000000000000000, -1.000000000000000000 ) ) ;
#1683 = ORIENTED_EDGE ( 'NONE', *, *, #1312, .T. ) ;
#1684 = ORIENTED_EDGE ( 'NONE', *, *, #29, .T. ) ;
#1685 = DIRECTION ( 'NONE',  ( -0.000000000000000000, 1.000000000000000000, -0.000000000000000000 ) ) ;
#1686 = CARTESIAN_POINT ( 'NONE',  ( -32.17540977655791323, 3.000000000000000000, 0.5000000000000065503 ) ) ;
#1687 = CARTESIAN_POINT ( 'NONE',  ( -32.17540977655791323, 4.000000000000000000, 2.500000000000006661 ) ) ;
#1688 = EDGE_CURVE ( 'NONE', #57, #1759, #1079, .T. ) ;
#1689 = EDGE_CURVE ( 'NONE', #702, #161, #148, .T. ) ;
#1690 = CARTESIAN_POINT ( 'NONE',  ( -5.000000000000000000, 0.000000000000000000, -0.5000000000000038858 ) ) ;
#1691 = ORIENTED_EDGE ( 'NONE', *, *, #1810, .F. ) ;
#1692 = DIRECTION ( 'NONE',  ( 0.000000000000000000, 0.000000000000000000, 1.000000000000000000 ) ) ;
#1693 = VECTOR ( 'NONE', #313, 1000.000000000000000 ) ;
#1694 = FACE_OUTER_BOUND ( 'NONE', #710, .T. ) ;
#1695 = VERTEX_POINT ( 'NONE', #1782 ) ;
#1696 = AXIS2_PLACEMENT_3D ( 'NONE', #76, #640, #1525 ) ;
#1697 = AXIS2_PLACEMENT_3D ( 'NONE', #597, #1329, #1167 ) ;
#1698 = EDGE_CURVE ( 'NONE', #770, #759, #22, .T. ) ;
#1699 = AXIS2_PLACEMENT_3D ( 'NONE', #287, #1595, #852 ) ;
#1700 = CARTESIAN_POINT ( 'NONE',  ( 1.984559281856883628E-17, 1.000000000000000000, 2.500000000000006661 ) ) ;
#1701 = EDGE_LOOP ( 'NONE', ( #728, #571, #898, #441 ) ) ;
#1702 = AXIS2_PLACEMENT_3D ( 'NONE', #1842, #983, #1120 ) ;
#1703 = VERTEX_POINT ( 'NONE', #1651 ) ;
#1704 = EDGE_CURVE ( 'NONE', #967, #872, #1042, .T. ) ;
#1705 = DIRECTION ( 'NONE',  ( 1.000000000000000000, -0.000000000000000000, 7.696088050421659362E-18 ) ) ;
#1706 = ORIENTED_EDGE ( 'NONE', *, *, #1451, .T. ) ;
#1707 = CARTESIAN_POINT ( 'NONE',  ( 31.31594320203569382, 0.000000000000000000, 2.500000000000006217 ) ) ;
#1708 = EDGE_CURVE ( 'NONE', #1402, #404, #656, .T. ) ;
#1709 = CARTESIAN_POINT ( 'NONE',  ( 5.000000000000000000, 0.000000000000000000, 1.500000000000006661 ) ) ;
#1710 = EDGE_LOOP ( 'NONE', ( #451, #1691, #286, #220 ) ) ;
#1711 = EDGE_CURVE ( 'NONE', #528, #1088, #1559, .T. ) ;
#1712 = EDGE_CURVE ( 'NONE', #825, #562, #1818, .T. ) ;
#1713 = CARTESIAN_POINT ( 'NONE',  ( -4.000000000000000000, 0.000000000000000000, 0.5000000000000065503 ) ) ;
#1714 = ORIENTED_EDGE ( 'NONE', *, *, #370, .T. ) ;
#1715 = ORIENTED_EDGE ( 'NONE', *, *, #309, .F. ) ;
#1716 = DIRECTION ( 'NONE',  ( 1.000000000000000000, -0.000000000000000000, -0.000000000000000000 ) ) ;
#1717 = ORIENTED_EDGE ( 'NONE', *, *, #672, .T. ) ;
#1718 = VECTOR ( 'NONE', #1366, 1000.000000000000000 ) ;
#1719 = AXIS2_PLACEMENT_3D ( 'NONE', #565, #1567, #572 ) ;
#1720 = EDGE_CURVE ( 'NONE', #551, #275, #1785, .T. ) ;
#1721 = ADVANCED_FACE ( 'NONE', ( #126 ), #177, .T. ) ;
#1722 = EDGE_LOOP ( 'NONE', ( #1546, #1283, #439, #1341 ) ) ;
#1723 = AXIS2_PLACEMENT_3D ( 'NONE', #1242, #250, #136 ) ;
#1724 = DIRECTION ( 'NONE',  ( -0.000000000000000000, 1.000000000000000000, -0.000000000000000000 ) ) ;
#1725 = CIRCLE ( 'NONE', #52, 1.000000000000000000 ) ;
#1726 = VERTEX_POINT ( 'NONE', #1258 ) ;
#1727 = CARTESIAN_POINT ( 'NONE',  ( -33.17540977655791323, 1.000000000000000000, -0.5000000000000041078 ) ) ;
#1728 = EDGE_LOOP ( 'NONE', ( #1465, #293, #718, #1817 ) ) ;
#1729 = DIRECTION ( 'NONE',  ( -1.000000000000000000, 0.000000000000000000, 0.000000000000000000 ) ) ;
#1730 = ORIENTED_EDGE ( 'NONE', *, *, #519, .F. ) ;
#1731 = DIRECTION ( 'NONE',  ( 0.000000000000000000, -1.000000000000000000, 0.000000000000000000 ) ) ;
#1732 = DIRECTION ( 'NONE',  ( -0.000000000000000000, 1.000000000000000000, -0.000000000000000000 ) ) ;
#1733 = DIRECTION ( 'NONE',  ( 0.000000000000000000, 0.000000000000000000, 1.000000000000000000 ) ) ;
#1734 = DIRECTION ( 'NONE',  ( -0.000000000000000000, 1.000000000000000000, -0.000000000000000000 ) ) ;
#1735 = DIRECTION ( 'NONE',  ( -0.000000000000000000, 1.000000000000000000, -0.000000000000000000 ) ) ;
#1736 = ORIENTED_EDGE ( 'NONE', *, *, #344, .T. ) ;
#1737 = ORIENTED_EDGE ( 'NONE', *, *, #101, .T. ) ;
#1738 = DIRECTION ( 'NONE',  ( 0.000000000000000000, 0.000000000000000000, -1.000000000000000000 ) ) ;
#1739 = EDGE_LOOP ( 'NONE', ( #28, #756, #692, #1297 ) ) ;
#1740 = EDGE_CURVE ( 'NONE', #916, #1627, #420, .T. ) ;
#1741 = DIRECTION ( 'NONE',  ( 0.000000000000000000, 0.000000000000000000, 1.000000000000000000 ) ) ;
#1742 = DIRECTION ( 'NONE',  ( -0.000000000000000000, 1.000000000000000000, -0.000000000000000000 ) ) ;
#1743 = CARTESIAN_POINT ( 'NONE',  ( 6.000000000000000000, 3.000000000000000000, -0.5000000000000038858 ) ) ;
#1744 = VECTOR ( 'NONE', #646, 1000.000000000000000 ) ;
#1745 = PLANE ( 'NONE',  #1182 ) ;
#1746 = AXIS2_PLACEMENT_3D ( 'NONE', #1259, #1238, #98 ) ;
#1747 = ORIENTED_EDGE ( 'NONE', *, *, #1688, .F. ) ;
#1748 = CIRCLE ( 'NONE', #619, 1.000000000000000888 ) ;
#1749 = CIRCLE ( 'NONE', #1811, 2.000000000000000000 ) ;
#1750 = VERTEX_POINT ( 'NONE', #408 ) ;
#1751 = TOROIDAL_SURFACE ( 'NONE', #85, 2.000000000000000000, 1.000000000000000000 ) ;
#1752 = CARTESIAN_POINT ( 'NONE',  ( -4.000000000000000000, 4.000000000000000000, 0.5000000000000065503 ) ) ;
#1753 = APPLICATION_PROTOCOL_DEFINITION ( 'draft international standard', 'automotive_design', 1998, #430 ) ;
#1754 = CARTESIAN_POINT ( 'NONE',  ( -33.17540977655791323, 3.000000000000000000, -1.500000000000004219 ) ) ;
#1755 = DIRECTION ( 'NONE',  ( 0.000000000000000000, -1.000000000000000000, 0.000000000000000000 ) ) ;
#1756 = CARTESIAN_POINT ( 'NONE',  ( -32.17540977655791323, 1.000000000000000000, 0.5000000000000065503 ) ) ;
#1757 = ORIENTED_EDGE ( 'NONE', *, *, #499, .T. ) ;
#1758 = DIRECTION ( 'NONE',  ( 0.000000000000000000, 0.000000000000000000, -1.000000000000000000 ) ) ;
#1759 = VERTEX_POINT ( 'NONE', #1421 ) ;
#1760 = DIRECTION ( 'NONE',  ( -0.000000000000000000, 0.000000000000000000, -1.000000000000000000 ) ) ;
#1761 = CARTESIAN_POINT ( 'NONE',  ( -32.17540977655791323, 1.000000000000000000, -0.5000000000000041078 ) ) ;
#1762 = DIRECTION ( 'NONE',  ( 1.000000000000000000, 0.000000000000000000, 0.000000000000000000 ) ) ;
#1763 = ORIENTED_EDGE ( 'NONE', *, *, #832, .T. ) ;
#1764 = SURFACE_SIDE_STYLE ('',( #515 ) ) ;
#1765 = ORIENTED_EDGE ( 'NONE', *, *, #1458, .T. ) ;
#1766 = DIRECTION ( 'NONE',  ( 1.000000000000000000, 0.000000000000000000, -0.000000000000000000 ) ) ;
#1767 = ORIENTED_EDGE ( 'NONE', *, *, #1299, .T. ) ;
#1768 = LINE ( 'NONE', #529, #1485 ) ;
#1769 = DIRECTION ( 'NONE',  ( 0.000000000000000000, -1.000000000000000000, 0.000000000000000000 ) ) ;
#1770 = FACE_BOUND ( 'NONE', #114, .T. ) ;
#1771 = CARTESIAN_POINT ( 'NONE',  ( 5.000000000000000000, 3.000000000000000000, 2.500000000000006661 ) ) ;
#1772 = LINE ( 'NONE', #1065, #1103 ) ;
#1773 = ORIENTED_EDGE ( 'NONE', *, *, #780, .T. ) ;
#1774 = AXIS2_PLACEMENT_3D ( 'NONE', #1761, #1769, #1353 ) ;
#1775 = DIRECTION ( 'NONE',  ( -0.000000000000000000, 0.000000000000000000, -1.000000000000000000 ) ) ;
#1776 = VERTEX_POINT ( 'NONE', #1139 ) ;
#1777 = CIRCLE ( 'NONE', #234, 1.000000000000000888 ) ;
#1778 = CARTESIAN_POINT ( 'NONE',  ( 4.000000000000000000, 1.000000000000000000, 0.000000000000000000 ) ) ;
#1779 = CIRCLE ( 'NONE', #1697, 1.750000000000003553 ) ;
#1780 = VECTOR ( 'NONE', #1789, 1000.000000000000000 ) ;
#1781 = FACE_OUTER_BOUND ( 'NONE', #1144, .T. ) ;
#1782 = CARTESIAN_POINT ( 'NONE',  ( -6.000000000000000000, 0.000000000000000000, 2.500000000000006661 ) ) ;
#1783 = VECTOR ( 'NONE', #1037, 1000.000000000000000 ) ;
#1784 = ORIENTED_EDGE ( 'NONE', *, *, #3, .F. ) ;
#1785 = CIRCLE ( 'NONE', #1081, 1.000000000000000000 ) ;
#1786 = ADVANCED_FACE ( 'NONE', ( #1568 ), #120, .T. ) ;
#1787 = ORIENTED_EDGE ( 'NONE', *, *, #1496, .T. ) ;
#1788 = EDGE_CURVE ( 'NONE', #1820, #1332, #1140, .T. ) ;
#1789 = DIRECTION ( 'NONE',  ( -1.000000000000000000, 0.000000000000000000, -0.000000000000000000 ) ) ;
#1790 = ORIENTED_EDGE ( 'NONE', *, *, #712, .T. ) ;
#1791 = CARTESIAN_POINT ( 'NONE',  ( -32.17540977655791323, 1.000000000000000000, -0.5000000000000041078 ) ) ;
#1792 = CARTESIAN_POINT ( 'NONE',  ( 33.31594320203569737, 0.000000000000000000, 0.5000000000000065503 ) ) ;
#1793 = CARTESIAN_POINT ( 'NONE',  ( -32.17540977655791323, 1.000000000000000000, 2.500000000000006661 ) ) ;
#1794 = LINE ( 'NONE', #375, #1718 ) ;
#1795 = ORIENTED_EDGE ( 'NONE', *, *, #3, .T. ) ;
#1796 = ORIENTED_EDGE ( 'NONE', *, *, #1041, .T. ) ;
#1797 = EDGE_CURVE ( 'NONE', #1586, #1088, #1347, .T. ) ;
#1798 = DIRECTION ( 'NONE',  ( 0.000000000000000000, 0.000000000000000000, -1.000000000000000000 ) ) ;
#1799 = DIRECTION ( 'NONE',  ( 0.000000000000000000, 0.000000000000000000, 1.000000000000000000 ) ) ;
#1800 = DIRECTION ( 'NONE',  ( 0.000000000000000000, 0.000000000000000000, -1.000000000000000000 ) ) ;
#1801 = ORIENTED_EDGE ( 'NONE', *, *, #1788, .T. ) ;
#1802 = DIRECTION ( 'NONE',  ( 0.000000000000000000, -1.000000000000000000, 0.000000000000000000 ) ) ;
#1803 = EDGE_CURVE ( 'NONE', #213, #305, #847, .T. ) ;
#1804 = CARTESIAN_POINT ( 'NONE',  ( -41.00000000000000000, 4.000000000000000000, 0.000000000000000000 ) ) ;
#1805 = ORIENTED_EDGE ( 'NONE', *, *, #315, .F. ) ;
#1806 = AXIS2_PLACEMENT_3D ( 'NONE', #67, #1478, #198 ) ;
#1807 = EDGE_CURVE ( 'NONE', #1549, #1726, #1109, .T. ) ;
#1808 = VECTOR ( 'NONE', #1340, 1000.000000000000000 ) ;
#1809 = CARTESIAN_POINT ( 'NONE',  ( 5.000000000000000000, 3.000000000000000000, -1.500000000000003997 ) ) ;
#1810 = EDGE_CURVE ( 'NONE', #933, #1776, #54, .T. ) ;
#1811 = AXIS2_PLACEMENT_3D ( 'NONE', #1615, #1080, #624 ) ;
#1812 = DIRECTION ( 'NONE',  ( -0.000000000000000000, 1.000000000000000000, -0.000000000000000000 ) ) ;
#1813 = CIRCLE ( 'NONE', #947, 1.000000000000000000 ) ;
#1814 = AXIS2_PLACEMENT_3D ( 'NONE', #1793, #923, #1643 ) ;
#1815 = DIRECTION ( 'NONE',  ( 0.000000000000000000, 0.000000000000000000, 1.000000000000000000 ) ) ;
#1816 = EDGE_LOOP ( 'NONE', ( #314, #1763, #409, #1561 ) ) ;
#1817 = ORIENTED_EDGE ( 'NONE', *, *, #94, .F. ) ;
#1818 = LINE ( 'NONE', #1126, #1611 ) ;
#1819 = CARTESIAN_POINT ( 'NONE',  ( 32.31594320203569026, 3.000000000000000000, -0.5000000000000038858 ) ) ;
#1820 = VERTEX_POINT ( 'NONE', #6 ) ;
#1821 = DIRECTION ( 'NONE',  ( -0.000000000000000000, -0.000000000000000000, 1.000000000000000000 ) ) ;
#1822 = EDGE_CURVE ( 'NONE', #1314, #641, #331, .T. ) ;
#1823 = CARTESIAN_POINT ( 'NONE',  ( 0.000000000000000000, 1.000000000000000000, -2.500000000000003997 ) ) ;
#1824 = DIRECTION ( 'NONE',  ( -0.000000000000000000, 1.000000000000000000, -0.000000000000000000 ) ) ;
#1825 = ORIENTED_EDGE ( 'NONE', *, *, #672, .F. ) ;
#1826 = DIRECTION ( 'NONE',  ( 1.000000000000000000, 0.000000000000000000, 0.000000000000000000 ) ) ;
#1827 = CYLINDRICAL_SURFACE ( 'NONE', #423, 1.999999999999999556 ) ;
#1828 = ORIENTED_EDGE ( 'NONE', *, *, #1034, .T. ) ;
#1829 = AXIS2_PLACEMENT_3D ( 'NONE', #581, #155, #1179 ) ;
#1830 = ADVANCED_FACE ( 'NONE', ( #1694 ), #1195, .T. ) ;
#1831 = CYLINDRICAL_SURFACE ( 'NONE', #851, 1.000000000000000000 ) ;
#1832 = VECTOR ( 'NONE', #372, 1000.000000000000000 ) ;
#1833 = DIRECTION ( 'NONE',  ( -1.000000000000000000, 0.000000000000000000, 0.000000000000000000 ) ) ;
#1834 = ORIENTED_EDGE ( 'NONE', *, *, #109, .F. ) ;
#1835 = VECTOR ( 'NONE', #520, 1000.000000000000000 ) ;
#1836 = CIRCLE ( 'NONE', #1699, 1.000000000000000888 ) ;
#1837 = CARTESIAN_POINT ( 'NONE',  ( -6.000000000000000000, 1.000000000000000000, 1.500000000000006439 ) ) ;
#1838 = AXIS2_PLACEMENT_3D ( 'NONE', #965, #1544, #689 ) ;
#1839 = VERTEX_POINT ( 'NONE', #292 ) ;
#1840 = AXIS2_PLACEMENT_3D ( 'NONE', #1533, #514, #1085 ) ;
#1841 = DIRECTION ( 'NONE',  ( 0.000000000000000000, 0.000000000000000000, -1.000000000000000000 ) ) ;
#1842 = CARTESIAN_POINT ( 'NONE',  ( 4.000000000000000000, 1.000000000000000000, 0.5000000000000067724 ) ) ;
#1843 = ORIENTED_EDGE ( 'NONE', *, *, #986, .T. ) ;
ENDSEC;
END-ISO-10303-21;
